ticker,side,tier,fem,mode,entry,stop,t1,t2,shares,rr,last_px,high,low,volume,chg_pct,outcome,result_r,spy_regime,entry_type,n_gaps_above,gap_above_conviction,checked_at,scan_date
MSFU,LONG,CONVICTION,95.6,BULL_BOUNCE_PENDING,39.6,37.62,43.82,,50,2.13,38.779998779296875,39.38999938964844,37.69200134277344,2867600.0,-2.07,CLOSED_LOSS,-0.41,CHOP,MARKET,20,VACUUM,2026-09-29_1734,2026-09-28
ATAI,LONG,CONVICTION,95.0,BULL_BOUNCE_PENDING,7.33,6.96,7.7,,272,1.0,nan,nan,nan,nan,nan,NO_FILL,0.0,CHOP,MARKET,3,MINOR,2026-09-29_1734,2026-09-28
SPSC,SHORT,CONVICTION,95.0,BEAR_REJECTION_PENDING,82.24,104.41,78.13,,4,0.19,81.01000213623047,81.27999877929688,78.87999725341797,292500.0,-0.23,NO_FILL,0.0,CHOP,LIMIT,20,CONVICTION,2026-09-29_1734,2026-09-28
LH,SHORT,CONVICTION,95.0,BEAR_REJECTION_PENDING,311.54,322.59,290.3,280.27,9,1.92,309.57000732421875,312.57000732421875,306.8500061035156,774500.0,-0.46,CLOSED,0.18,CHOP,LIMIT,20,CONVICTION,2026-09-29_1734,2026-09-28
NFLX,SHORT,CONVICTION,94.3,BEAR_REJECTION_PENDING,71.79,75.69,68.2,,25,0.92,69.2300033569336,71.6500015258789,68.87999725341797,43366300.0,-3.13,NO_FILL,0.0,CHOP,LIMIT,20,CONVICTION,2026-09-29_1734,2026-09-28
MSFT,LONG,CONVICTION,94.3,BULL_BOUNCE_PENDING,514.85,495.2,540.59,,5,1.31,509.2200012207031,513.3300170898438,502.2200012207031,19626900.0,-1.09,CLOSED_LOSS,-0.29,CHOP,MARKET,16,CONVICTION,2026-09-29_1734,2026-09-28
AKAM,LONG,CONVICTION,93.8,BULL_BOUNCE_PENDING,113.28,104.61,128.58,,11,1.77,108.98999786376953,115.0999984741211,108.80000305175781,8243100.0,-3.79,CLOSED_LOSS,-0.49,CHOP,MARKET,20,COMPRESSION,2026-09-29_1734,2026-09-28
AVTR,LONG,CONVICTION,93.0,BULL_BOUNCE_PENDING,15.25,14.49,16.01,,131,1.0,15.289999961853027,15.40999984741211,15.069999694824219,9436700.0,0.26,CLOSED,0.05,CHOP,MARKET,19,COMPRESSION,2026-09-29_1734,2026-09-28
XMTR,LONG,CONVICTION,92.3,BULL_BOUNCE_PENDING,103.0,96.47,108.15,,15,0.79,103.13999938964844,103.87999725341797,98.22000122070312,806300.0,0.14,CLOSED,0.02,CHOP,MARKET,2,MINOR,2026-09-29_1734,2026-09-28
TEM,LONG,CONVICTION,92.2,BULL_BOUNCE_PENDING,83.0,77.04,87.15,,16,0.7,85.08000183105469,86.44000244140625,82.7699966430664,6288800.0,2.51,CLOSED,0.35,CHOP,MARKET,20,CONVICTION,2026-09-29_1734,2026-09-28
BDX,SHORT,CONVICTION,91.7,BEAR_REJECTION_PENDING,185.42,188.56,167.75,175.88,31,5.63,183.8300018310547,184.33999633789062,181.9499969482422,1878500.0,0.01,NO_FILL,0.0,CHOP,LIMIT,20,CONVICTION,2026-09-29_1734,2026-09-28
KD,SHORT,CONVICTION,91.0,BEAR_REJECTION_PENDING,11.93,23.04,11.34,,9,0.05,11.229999542236328,11.524999618530273,11.15999984741211,3964000.0,-4.02,NO_FILL,0.0,CHOP,LIMIT,18,CONVICTION,2026-09-29_1734,2026-09-28
PAYC,LONG,CONVICTION,91.0,BULL_BOUNCE_PENDING,220.46,209.44,238.14,248.13,9,1.6,220.5800018310547,223.2050018310547,215.0500030517578,497300.0,0.05,CLOSED,0.01,CHOP,MARKET,20,CONVICTION,2026-09-29_1734,2026-09-28
ETON,LONG,CONVICTION,91.0,BULL_BOUNCE_PENDING,57.68,54.8,62.87,64.55,34,1.8,59.18000030517578,59.720001220703125,56.0099983215332,390300.0,2.6,CLOSED,0.52,CHOP,MARKET,17,MINOR,2026-09-29_1734,2026-09-28
PLNT,SHORT,CONVICTION,91.0,BEAR_REJECTION_PENDING,43.66,64.28,41.47,,4,0.11,40.5,42.5,40.25,3605100.0,-5.37,NO_FILL,0.0,CHOP,LIMIT,18,CONVICTION,2026-09-29_1734,2026-09-28
ACI,SHORT,CONVICTION,91.0,BEAR_REJECTION_PENDING,11.94,14.67,11.35,,36,0.22,11.640000343322754,11.890000343322754,11.539999961853027,7658100.0,-0.6,NO_FILL,0.0,CHOP,LIMIT,20,CONVICTION,2026-09-29_1734,2026-09-28
AMD,LONG,CONVICTION,90.5,BULL_BOUNCE_PENDING,615.0,557.02,645.75,,1,0.53,607.8699951171875,629.75,596.0700073242188,22124100.0,-1.16,CLOSED_LOSS,-0.12,CHOP,MARKET,20,VACUUM,2026-09-29_1734,2026-09-28
LOPE,SHORT,CONVICTION,90.0,BEAR_REJECTION_PENDING,150.34,160.11,133.94,,10,1.68,146.39999389648438,147.69000244140625,144.44000244140625,252600.0,-0.67,NO_FILL,0.0,CHOP,LIMIT,20,COMPRESSION,2026-09-29_1734,2026-09-28
HLNE,SHORT,CONVICTION,89.8,BEAR_REJECTION_PENDING,86.57,88.04,81.53,81.99,68,3.43,84.95999908447266,86.04000091552734,84.08999633789062,418400.0,-1.45,NO_FILL,0.0,CHOP,LIMIT,20,COMPRESSION,2026-09-29_1734,2026-09-28
COIN,LONG,CONVICTION,89.7,BULL_BOUNCE_PENDING,186.3,172.59,207.29,,7,1.53,191.7899932861328,198.77999877929688,191.10000610351562,6759900.0,0.89,NO_FILL,0.0,CHOP,LIMIT,20,COMPRESSION,2026-09-29_1734,2026-09-28
HONA,SHORT,CONVICTION,89.7,BEAR_REJECTION_PENDING,161.57,164.15,154.68,154.85,38,2.67,152.32000732421875,158.0,151.85000610351562,3699400.0,-3.98,NO_FILL,0.0,CHOP,LIMIT,20,CONVICTION,2026-09-29_1734,2026-09-28
ATRO,LONG,CONVICTION,89.7,BULL_BOUNCE_PENDING,70.02,66.74,76.63,77.54,30,2.02,67.6500015258789,68.9800033569336,67.12999725341797,529600.0,-2.27,CLOSED_LOSS,-0.72,CHOP,STOP,20,CONVICTION,2026-09-29_1734,2026-09-28
UPWK,SHORT,CONVICTION,89.5,BEAR_REJECTION_PENDING,8.35,9.61,7.94,,79,0.33,8.069999694824219,8.170000076293945,7.809999942779541,3471800.0,-1.47,NO_FILL,0.0,CHOP,LIMIT,20,CONVICTION,2026-09-29_1734,2026-09-28
ABNB,SHORT,CONVICTION,89.0,BEAR_REJECTION_PENDING,159.52,162.62,134.42,152.18,32,8.1,156.0800018310547,158.6999969482422,154.11000061035156,3917600.0,-0.6,NO_FILL,0.0,CHOP,LIMIT,20,CONVICTION,2026-09-29_1734,2026-09-28
SAIA,LONG,CONVICTION,88.8,BULL_BOUNCE_PENDING,313.6,291.68,347.25,,4,1.54,330.25,332.29998779296875,322.04998779296875,392000.0,3.2,NO_FILL,0.0,CHOP,LIMIT,20,CONVICTION,2026-09-29_1734,2026-09-28
TWST,LONG,CONVICTION,88.7,BULL_BOUNCE_PENDING,186.39,174.82,195.71,,8,0.81,179.60000610351562,187.8699951171875,175.02000427246094,2196800.0,-1.13,CLOSED_LOSS,-0.59,CHOP,STOP,20,MINOR,2026-09-29_1734,2026-09-28
PSIX,LONG,CONVICTION,88.6,BULL_BOUNCE_PENDING,48.37,45.72,50.79,,37,0.91,45.540000915527344,46.599998474121094,44.970001220703125,265000.0,-2.06,STOPPED,-1.0,CHOP,STOP,11,COMPRESSION,2026-09-29_1734,2026-09-28
KRYS,SHORT,CONVICTION,88.3,BEAR_REJECTION_PENDING,348.85,355.67,314.9,312.57,14,4.98,337.0799865722656,350.0,334.010009765625,298900.0,-2.53,CLOSED,1.5,CHOP,LIMIT,20,CONVICTION,2026-09-29_1734,2026-09-28
BDC,SHORT,CONVICTION,88.3,BEAR_REJECTION_PENDING,112.64,114.7,103.6,96.93,48,4.39,109.81999969482422,112.18000030517578,106.37000274658203,397100.0,-2.34,NO_FILL,0.0,CHOP,LIMIT,20,CONVICTION,2026-09-29_1734,2026-09-28
ARES,SHORT,CONVICTION,88.2,BEAR_REJECTION_PENDING,123.37,125.34,116.48,112.35,50,3.49,118.33999633789062,120.69000244140625,117.47000122070312,2455400.0,-3.01,NO_FILL,0.0,CHOP,LIMIT,20,CONVICTION,2026-09-29_1734,2026-09-28
CMPS,LONG,CONVICTION,88.2,BULL_BOUNCE_PENDING,12.77,10.32,13.41,,40,0.26,13.229999542236328,13.489999771118164,12.819999694824219,1782100.0,1.53,NO_FILL,0.0,CHOP,LIMIT,20,MINOR,2026-09-29_1734,2026-09-28
WBD,LONG,CONVICTION,88.0,BULL_BOUNCE_PENDING,30.9,30.42,32.45,,206,3.19,30.899999618530273,30.899999618530273,30.84000015258789,43621200.0,0.1,CLOSED_LOSS,-0.0,CHOP,STOP,0,NONE,2026-09-29_1734,2026-09-28
GTLB,LONG,CONVICTION,87.5,BULL_BOUNCE_PENDING,45.98,41.1,48.28,,20,0.47,46.209999084472656,46.470001220703125,44.220001220703125,5206200.0,-1.51,CLOSED,0.05,CHOP,LIMIT,20,COMPRESSION,2026-09-29_1734,2026-09-28
BABA,SHORT,CONVICTION,87.3,BEAR_REJECTION_PENDING,111.8,116.89,97.41,97.41,19,2.83,108.76000213623047,110.12000274658203,108.76000213623047,5876200.0,-0.78,NO_FILL,0.0,CHOP,LIMIT,20,CONVICTION,2026-09-29_1734,2026-09-28
HACK,LONG,CONVICTION,87.3,BULL_BOUNCE_PENDING,115.53,110.78,123.97,,21,1.78,119.45999908447266,119.80000305175781,116.0999984741211,257300.0,1.33,NO_FILL,0.0,CHOP,LIMIT,20,COMPRESSION,2026-09-29_1734,2026-09-28
WLY,SHORT,CONVICTION,87.1,BEAR_REJECTION_PENDING,47.75,50.47,45.36,,36,0.88,47.61000061035156,48.220001220703125,47.099998474121094,518461.0,0.04,CLOSED,0.05,CHOP,LIMIT,20,COMPRESSION,2026-09-29_1734,2026-09-28
TXG,LONG,CONVICTION,87.0,BULL_BOUNCE_PENDING,86.25,80.81,90.56,,18,0.79,88.5,89.94999694824219,84.27400207519531,3368900.0,3.51,CLOSED,0.41,CHOP,STOP,12,MINOR,2026-09-29_1734,2026-09-28
QMCO,LONG,CONVICTION,86.8,BULL_BOUNCE_PENDING,33.04,30.64,34.69,,41,0.69,31.399999618530273,32.900001525878906,31.06999969482422,1616600.0,1.29,CLOSED_LOSS,-0.68,CHOP,STOP,15,CONVICTION,2026-09-29_1734,2026-09-28
BWA,SHORT,CONVICTION,86.7,BEAR_REJECTION_PENDING,63.17,66.98,55.05,54.57,26,2.13,61.06999969482422,62.119998931884766,60.41999816894531,3563700.0,-1.4,NO_FILL,0.0,CHOP,LIMIT,20,CONVICTION,2026-09-29_1734,2026-09-28
SHOP,LONG,CONVICTION,86.6,BULL_BOUNCE_PENDING,145.12,137.61,158.45,,13,1.77,144.00999450683594,144.0500030517578,136.49000549316406,8150500.0,2.02,STOPPED,-1.0,CHOP,STOP,20,CONVICTION,2026-09-29_1734,2026-09-28
WK,SHORT,CONVICTION,86.6,BEAR_REJECTION_PENDING,72.42,76.93,61.43,60.35,22,2.44,68.19000244140625,69.33000183105469,65.75,907900.0,-3.96,NO_FILL,0.0,CHOP,LIMIT,20,CONVICTION,2026-09-29_1734,2026-09-28
EDRY,LONG,CONVICTION,86.5,BULL_BOUNCE_PENDING,47.2,40.5,49.56,,14,0.35,51.81999969482422,52.29999923706055,46.29999923706055,168100.0,7.6,TARGET_HIT,1.5,CHOP,LIMIT,20,COMPRESSION,2026-09-29_1734,2026-09-28
HOOG,LONG,CONVICTION,86.4,BULL_BOUNCE_PENDING,33.91,30.99,38.47,,34,1.57,34.459999084472656,36.70000076293945,34.310001373291016,143600.0,-0.4,NO_FILL,0.0,CHOP,LIMIT,20,CONVICTION,2026-09-29_1734,2026-09-28
MP,LONG,CONVICTION,86.3,BULL_BOUNCE_PENDING,47.26,43.62,53.33,,27,1.67,46.45000076293945,47.83100128173828,46.310001373291016,5285900.0,-3.67,CLOSED_LOSS,-0.22,CHOP,LIMIT,20,COMPRESSION,2026-09-29_1734,2026-09-28
BLBD,SHORT,CONVICTION,86.3,BEAR_REJECTION_PENDING,59.28,62.15,51.77,,34,2.62,56.97999954223633,58.119998931884766,56.59000015258789,485700.0,-1.96,NO_FILL,0.0,CHOP,LIMIT,20,CONVICTION,2026-09-29_1734,2026-09-28
CELH,LONG,CONVICTION,86.2,BULL_BOUNCE_PENDING,26.99,22.63,28.34,,22,0.31,28.0,28.600000381469727,26.809999465942383,6790000.0,1.65,TARGET_HIT,1.5,CHOP,LIMIT,20,COMPRESSION,2026-09-29_1734,2026-09-28
TGT,LONG,CONVICTION,86.0,BULL_BOUNCE_PENDING,154.33,143.77,162.05,,9,0.73,158.42999267578125,160.8000030517578,156.2100067138672,3394300.0,0.6,NO_FILL,0.0,CHOP,LIMIT,20,COMPRESSION,2026-09-29_1734,2026-09-28
FSLR,SHORT,CONVICTION,85.7,BEAR_REJECTION_PENDING,183.09,193.32,161.62,,9,2.1,172.97000122070312,178.22999572753906,172.1999969482422,2268100.0,-3.64,NO_FILL,0.0,CHOP,LIMIT,20,CONVICTION,2026-09-29_1734,2026-09-28
FCX,LONG,CONVICTION,85.2,BULL_BOUNCE_PENDING,72.94,70.06,78.83,80.15,34,2.05,71.95999908447266,72.5,69.45999908447266,8876600.0,3.07,STOPPED,-1.0,CHOP,STOP,20,COMPRESSION,2026-09-29_1734,2026-09-28
USDE,LONG,CONVICTION,85.1,BULL_BOUNCE_PENDING,17.52,15.67,18.4,,54,0.47,15.5600004196167,17.06999969482422,15.510000228881836,4079800.0,-6.94,STOPPED,-1.0,CHOP,STOP,11,MINOR,2026-09-29_1734,2026-09-28
MDLN,SHORT,CONVICTION,85.0,BEAR_REJECTION_PENDING,35.67,40.73,33.89,,19,0.35,35.06999969482422,35.29999923706055,34.040000915527344,10072200.0,0.28,NO_FILL,0.0,CHOP,LIMIT,12,CONVICTION,2026-09-29_1734,2026-09-28
DK,SHORT,CONVICTION,85.0,BEAR_REJECTION_PENDING,68.45,72.62,59.4,,23,2.17,67.47000122070312,68.0999984741211,66.05000305175781,2475100.0,-1.14,NO_FILL,0.0,CHOP,LIMIT,20,CONVICTION,2026-09-29_1734,2026-09-28
STNG,SHORT,CONVICTION,84.7,BEAR_REJECTION_PENDING,83.0,86.13,73.22,71.9,31,3.13,83.19000244140625,85.0,82.33000183105469,962100.0,1.45,CLOSED_LOSS,-0.06,CHOP,LIMIT,20,COMPRESSION,2026-09-29_1734,2026-09-28
VKTX,SHORT,CONVICTION,84.6,BEAR_REJECTION_PENDING,36.0,41.86,34.2,,17,0.31,33.029998779296875,35.189998626708984,32.90999984741211,8575400.0,-6.4,NO_FILL,0.0,CHOP,LIMIT,20,CONVICTION,2026-09-29_1734,2026-09-28
CAKE,LONG,CONVICTION,84.4,BULL_BOUNCE_PENDING,102.4,98.97,111.87,113.96,29,2.76,105.16000366210938,107.1500015258789,103.69000244140625,1413200.0,0.64,NO_FILL,0.0,CHOP,LIMIT,20,COMPRESSION,2026-09-29_1734,2026-09-28
SWKS,SHORT,CONVICTION,84.3,BEAR_REJECTION_PENDING,90.4,96.07,78.76,77.31,17,2.05,87.58999633789062,89.87999725341797,85.69000244140625,3369800.0,-1.98,NO_FILL,0.0,CHOP,LIMIT,4,CONVICTION,2026-09-29_1734,2026-09-28
EXPE,SHORT,CONVICTION,84.3,BEAR_REJECTION_PENDING,270.3,278.68,229.9,248.45,11,4.82,264.2300109863281,266.6499938964844,257.2200012207031,1810600.0,-0.29,NO_FILL,0.0,CHOP,LIMIT,20,COMPRESSION,2026-09-29_1734,2026-09-28
BNTX,SHORT,CONVICTION,84.3,BEAR_REJECTION_PENDING,100.49,111.96,95.47,,8,0.44,99.08000183105469,100.20999908447266,96.63999938964844,781200.0,0.57,NO_FILL,0.0,CHOP,LIMIT,20,CONVICTION,2026-09-29_1734,2026-09-28
ROAD,LONG,CONVICTION,84.1,BULL_BOUNCE_PENDING,91.84,81.63,96.43,,9,0.45,91.47000122070312,93.08799743652344,89.24500274658203,703200.0,-2.39,CLOSED_LOSS,-0.04,CHOP,LIMIT,20,CONVICTION,2026-09-29_1734,2026-09-28
ATAT,LONG,CONVICTION,84.0,BULL_BOUNCE_PENDING,31.59,28.32,36.7,,30,1.57,32.77000045776367,33.029998779296875,32.25,787700.0,1.68,NO_FILL,0.0,CHOP,LIMIT,20,MINOR,2026-09-29_1734,2026-09-28
ESNT,SHORT,CONVICTION,83.8,BEAR_REJECTION_PENDING,63.81,65.31,58.81,58.45,66,3.32,63.439998626708984,63.849998474121094,63.150001525878906,558300.0,-0.46,CLOSED,0.25,CHOP,LIMIT,20,COMPRESSION,2026-09-29_1734,2026-09-28
ROBN,LONG,CONVICTION,83.6,BULL_BOUNCE_PENDING,35.63,31.27,37.41,,22,0.41,34.599998474121094,36.86000061035156,34.36000061035156,348800.0,-4.84,CLOSED_LOSS,-0.24,CHOP,LIMIT,20,CONVICTION,2026-09-29_1734,2026-09-28
KMT,LONG,CONVICTION,83.6,BULL_BOUNCE_CONFIRMED,31.03,28.96,34.58,,48,1.72,31.799999237060547,32.290000915527344,30.690000534057617,1496500.0,2.48,CLOSED,0.37,CHOP,LIMIT,20,COMPRESSION,2026-09-29_1734,2026-09-28
CRL,LONG,CONVICTION,83.3,BULL_BOUNCE_PENDING,295.52,285.53,310.3,,10,1.48,294.5899963378906,296.8800048828125,289.1300048828125,900000.0,0.6,CLOSED_LOSS,-0.09,CHOP,STOP,6,VACUUM,2026-09-29_1734,2026-09-28
CF,LONG,CONVICTION,83.2,BULL_BOUNCE_PENDING,114.17,109.44,126.59,126.59,21,2.63,115.51000213623047,117.69000244140625,114.68000030517578,2875900.0,-0.85,NO_FILL,0.0,CHOP,LIMIT,20,CONVICTION,2026-09-29_1734,2026-09-28
VFC,LONG,CONVICTION,83.2,BULL_BOUNCE_CONFIRMED,14.13,13.03,16.04,,91,1.74,14.420000076293945,14.670000076293945,13.850000381469727,12661700.0,2.05,CLOSED,0.26,CHOP,LIMIT,13,COMPRESSION,2026-09-29_1734,2026-09-28
ORKA,LONG,CONVICTION,83.0,BULL_BOUNCE_PENDING,82.79,71.98,86.92,,9,0.38,84.19000244140625,85.94999694824219,83.22000122070312,923300.0,-0.34,NO_FILL,0.0,CHOP,LIMIT,16,CONVICTION,2026-09-29_1734,2026-09-28
ZLAB,SHORT,CONVICTION,83.0,BEAR_REJECTION_PENDING,25.42,26.57,21.96,22.77,86,3.0,25.690000534057617,26.5,25.059999465942383,884700.0,1.14,CLOSED_LOSS,-0.23,CHOP,LIMIT,20,CONVICTION,2026-09-29_1734,2026-09-28
IMVT,LONG,CONVICTION,83.0,BULL_BOUNCE_PENDING,32.65,26.26,34.29,,15,0.26,33.4900016784668,33.77000045776367,32.650001525878906,1229300.0,0.51,NO_FILL,0.0,CHOP,LIMIT,20,COMPRESSION,2026-09-29_1734,2026-09-28
SOXS,SHORT,CONVICTION,82.6,BEAR_REJECTION_PENDING,35.54,41.7,33.76,,16,0.29,34.43000030517578,35.95000076293945,32.77000045776367,76266100.0,-1.18,TARGET_HIT,1.5,CHOP,LIMIT,7,CONVICTION,2026-09-29_1734,2026-09-28
SKHY,SHORT,CONVICTION,82.5,BEAR_REJECTION_PENDING,184.98,192.24,164.61,159.53,13,2.81,181.9199981689453,186.6999969482422,179.30999755859375,16342100.0,-0.97,CLOSED,0.42,CHOP,LIMIT,20,COMPRESSION,2026-09-29_1734,2026-09-28
ETHU,LONG,CONVICTION,82.5,BULL_BOUNCE_PENDING,28.9,25.51,30.35,,29,0.43,30.059999465942383,31.190000534057617,29.540000915527344,6048600.0,1.93,NO_FILL,0.0,CHOP,LIMIT,20,COMPRESSION,2026-09-29_1734,2026-09-28
MSGS,SHORT,CONVICTION,82.4,BEAR_REJECTION_PENDING,410.47,421.32,365.29,353.87,9,4.17,416.3399963378906,420.05999755859375,400.2749938964844,290300.0,3.41,CLOSED_LOSS,-0.54,CHOP,LIMIT,14,VACUUM,2026-09-29_1734,2026-09-28
DNTH,LONG,CONVICTION,82.3,BULL_BOUNCE_PENDING,86.78,82.66,95.95,96.2,24,2.22,87.83000183105469,89.13999938964844,87.04000091552734,652700.0,-0.81,NO_FILL,0.0,CHOP,LIMIT,20,COMPRESSION,2026-09-29_1734,2026-09-28
CORT,LONG,CONVICTION,82.0,BULL_BOUNCE_PENDING,113.78,94.37,119.47,,5,0.29,115.62999725341797,117.06999969482422,114.36000061035156,1149000.0,-0.4,NO_FILL,0.0,CHOP,LIMIT,16,VACUUM,2026-09-29_1734,2026-09-28
KVUE,LONG,CONVICTION,82.0,BULL_BOUNCE_PENDING,17.35,15.02,18.21,,43,0.37,17.8799991607666,17.899999618530273,17.649999618530273,16029400.0,1.02,NO_FILL,0.0,CHOP,LIMIT,20,COMPRESSION,2026-09-29_1734,2026-09-28
FPS,LONG,CONVICTION,82.0,BULL_BOUNCE_PENDING,37.41,34.67,41.9,,36,1.64,36.59000015258789,39.0,36.470001220703125,8018700.0,-4.14,CLOSED_LOSS,-0.3,CHOP,LIMIT,20,COMPRESSION,2026-09-29_1734,2026-09-28
RH,SHORT,CONVICTION,81.9,BEAR_REJECTION_PENDING,128.03,131.29,121.94,111.21,30,1.87,122.08000183105469,124.79000091552734,118.88999938964844,863300.0,-2.74,NO_FILL,0.0,CHOP,LIMIT,20,CONVICTION,2026-09-29_1734,2026-09-28
TTD,SHORT,CONVICTION,81.8,BEAR_REJECTION_PENDING,12.84,17.76,12.2,,20,0.13,12.34000015258789,12.579999923706055,12.180000305175781,23073500.0,-1.99,NO_FILL,0.0,CHOP,LIMIT,12,MINOR,2026-09-29_1734,2026-09-28
LEU,SHORT,CONVICTION,81.8,BEAR_REJECTION_PENDING,148.75,152.07,131.45,137.2,30,5.22,140.3699951171875,144.8000030517578,140.11000061035156,581200.0,-5.15,NO_FILL,0.0,CHOP,LIMIT,20,VACUUM,2026-09-29_1734,2026-09-28
RDDT,SHORT,CONVICTION,81.5,BEAR_REJECTION_PENDING,153.09,156.45,141.21,141.21,29,3.53,143.0800018310547,149.2899932861328,143.0800018310547,4339900.0,-4.67,NO_FILL,0.0,CHOP,LIMIT,20,VACUUM,2026-09-29_1734,2026-09-28
DAL,LONG,CONVICTION,81.0,BULL_BOUNCE_PENDING,82.2,79.22,89.0,89.0,33,2.28,84.02999877929688,84.55999755859375,82.0,7608500.0,0.18,CLOSED,0.61,CHOP,LIMIT,20,COMPRESSION,2026-09-29_1734,2026-09-28
FLNC,SHORT,CONVICTION,81.0,BEAR_REJECTION_PENDING,7.66,9.1,7.28,,69,0.27,7.5,7.755000114440918,7.420000076293945,5736000.0,-1.98,CLOSED,0.11,CHOP,LIMIT,13,CONVICTION,2026-09-29_1734,2026-09-28
QTWO,LONG,CONVICTION,81.0,BULL_BOUNCE_PENDING,55.25,54.34,59.55,61.11,108,4.68,55.099998474121094,55.93000030517578,54.5099983215332,527600.0,-1.84,CLOSED_LOSS,-0.16,CHOP,LIMIT,20,COMPRESSION,2026-09-29_1734,2026-09-28
GEN,LONG,CONVICTION,81.0,BULL_BOUNCE_PENDING,23.01,21.72,24.16,,77,0.89,20.850000381469727,21.559999465942383,20.739999771118164,18419100.0,-3.87,STOPPED,-1.0,CHOP,STOP,18,COMPRESSION,2026-09-29_1734,2026-09-28
TRMD,SHORT,CONVICTION,81.0,BEAR_REJECTION_PENDING,35.54,37.31,31.82,31.57,56,2.1,35.41999816894531,35.849998474121094,35.09000015258789,1855400.0,0.54,CLOSED,0.07,CHOP,LIMIT,20,CONVICTION,2026-09-29_1734,2026-09-28
ASX,LONG,CONVICTION,81.0,BULL_BOUNCE_PENDING,44.68,42.86,46.91,,54,1.23,43.790000915527344,44.13999938964844,42.619998931884766,6657700.0,1.37,STOPPED,-1.0,CHOP,STOP,20,MINOR,2026-09-29_1734,2026-09-28
AXTI,LONG,CONVICTION,80.8,BULL_BOUNCE_PENDING,74.21,69.68,84.9,84.5,22,2.36,73.66999816894531,78.18000030517578,71.55999755859375,7016100.0,-2.71,CLOSED_LOSS,-0.12,CHOP,LIMIT,20,CONVICTION,2026-09-29_1734,2026-09-28
CVX,SHORT,CONVICTION,80.8,BEAR_REJECTION_PENDING,207.89,210.56,179.01,198.87,37,10.82,206.3699951171875,208.25,205.3800048828125,9529800.0,-0.3,CLOSED,0.57,CHOP,LIMIT,20,CONVICTION,2026-09-29_1734,2026-09-28
TDIC,LONG,CONVICTION,80.8,BULL_BOUNCE_PENDING,2.4,2.1,2.52,,336,0.4,2.7300000190734863,2.75,2.4800000190734863,840300.0,11.43,NO_FILL,0.0,CHOP,LIMIT,8,MINOR,2026-09-29_1734,2026-09-28
IONQ,LONG,CONVICTION,80.5,BULL_BOUNCE_PENDING,46.6,43.78,48.93,,35,0.83,44.58000183105469,47.90999984741211,44.540000915527344,35027400.0,1.85,CLOSED_LOSS,-0.72,CHOP,STOP,20,COMPRESSION,2026-09-29_1734,2026-09-28
LYB,LONG,CONVICTION,80.5,BULL_BOUNCE_PENDING,57.09,56.07,61.62,61.62,98,4.46,58.27000045776367,59.68000030517578,58.15999984741211,3192400.0,0.03,NO_FILL,0.0,CHOP,LIMIT,20,COMPRESSION,2026-09-29_1734,2026-09-28
VIAV,LONG,CONVICTION,80.4,BULL_BOUNCE_PENDING,40.92,38.59,45.26,,42,1.86,40.869998931884766,41.65999984741211,38.38999938964844,6715800.0,3.26,STOPPED,-1.0,CHOP,STOP,18,CONVICTION,2026-09-29_1734,2026-09-28
MDT,LONG,CONVICTION,80.3,BULL_BOUNCE_PENDING,86.78,84.96,91.5,96.86,55,2.6,89.5,89.52999877929688,87.5199966430664,22548000.0,1.07,NO_FILL,0.0,CHOP,LIMIT,20,COMPRESSION,2026-09-29_1734,2026-09-28
PSX,SHORT,CONVICTION,80.3,BEAR_REJECTION_PENDING,260.56,273.6,232.66,218.03,7,2.14,253.5500030517578,259.1099853515625,251.63999938964844,3596100.0,-0.74,NO_FILL,0.0,CHOP,LIMIT,20,CONVICTION,2026-09-29_1734,2026-09-28
SEZL,LONG,CONVICTION,80.3,BULL_BOUNCE_PENDING,109.15,102.29,121.76,126.57,14,1.84,108.30000305175781,110.97000122070312,107.69000244140625,392500.0,-2.77,CLOSED_LOSS,-0.12,CHOP,LIMIT,20,VACUUM,2026-09-29_1734,2026-09-28
CHRD,SHORT,CONVICTION,80.3,BEAR_REJECTION_PENDING,142.57,145.21,119.93,136.5,37,8.55,135.14999389648438,138.86000061035156,134.86000061035156,662200.0,-3.31,NO_FILL,0.0,CHOP,LIMIT,20,CONVICTION,2026-09-29_1734,2026-09-28
DSGX,LONG,CONVICTION,80.3,BULL_BOUNCE_PENDING,77.04,75.66,87.0,87.0,72,7.23,78.8499984741211,79.3499984741211,75.56999969482422,798400.0,0.31,STOPPED,-1.0,CHOP,LIMIT,20,COMPRESSION,2026-09-29_1734,2026-09-28
BIAF,SHORT,CONVICTION,80.2,BEAR_REJECTION_PENDING,8.12,9.48,7.71,,73,0.3,7.409999847412109,8.0,7.269999980926514,481000.0,-6.91,NO_FILL,0.0,CHOP,LIMIT,14,CONVICTION,2026-09-29_1734,2026-09-28
OMER,LONG,CONVICTION,80.1,BULL_BOUNCE_PENDING,20.63,19.64,21.66,,101,1.04,19.43000030517578,20.3799991607666,19.3799991607666,1026400.0,-2.47,STOPPED,-1.0,CHOP,STOP,20,MINOR,2026-09-29_1734,2026-09-28
ONCO,LONG,CONVICTION,80.0,BULL_BOUNCE_PENDING,1.42,1.28,1.49,,719,0.51,1.1100000143051147,1.3600000143051147,1.0499999523162842,22569900.0,3.74,STOPPED,-1.0,CHOP,STOP,2,MINOR,2026-09-29_1734,2026-09-28
MSTR,LONG,CONVICTION,80.0,BULL_BOUNCE_PENDING,151.33,131.59,158.9,,5,0.38,157.13999938964844,161.72000122070312,155.05999755859375,16368800.0,1.76,NO_FILL,0.0,CHOP,LIMIT,20,CONVICTION,2026-09-29_1734,2026-09-28
CACI,SHORT,CONVICTION,80.0,BEAR_REJECTION_PENDING,617.2,622.55,552.54,563.21,18,12.09,616.4000244140625,620.760009765625,607.3699951171875,256900.0,-0.08,CLOSED,0.15,CHOP,LIMIT,20,CONVICTION,2026-09-29_1734,2026-09-28
EAT,SHORT,CONVICTION,80.0,BEAR_REJECTION_PENDING,211.34,223.6,191.17,176.74,8,1.65,202.4499969482422,211.49000549316406,199.6699981689453,1235000.0,-2.29,CLOSED,0.73,CHOP,LIMIT,20,CONVICTION,2026-09-29_1734,2026-09-28
BEX,LONG,CONVICTION,80.0,BULL_BOUNCE_PENDING,36.66,33.63,42.7,,33,1.99,33.02000045776367,39.4900016784668,32.119998931884766,3742800.0,-11.73,STOPPED,-1.0,CHOP,LIMIT,17,CONVICTION,2026-09-29_1734,2026-09-28
BEG,LONG,CONVICTION,80.0,BULL_BOUNCE_PENDING,50.86,46.74,57.22,,24,1.54,46.08000183105469,54.095001220703125,44.560001373291016,463300.0,-11.21,STOPPED,-1.0,CHOP,LIMIT,20,CONVICTION,2026-09-29_1734,2026-09-28
JAGX,LONG,CONVICTION,80.0,BULL_BOUNCE_PENDING,12.11,6.94,12.72,,19,0.12,6.019999980926514,7.25,5.800000190734863,1413300.0,-16.51,STOPPED,-1.0,CHOP,STOP,15,COMPRESSION,2026-09-29_1734,2026-09-28
JBL,LONG,CONVICTION,79.8,BULL_BOUNCE_PENDING,331.91,320.41,350.11,,8,1.58,318.92999267578125,323.0,309.57000732421875,1752400.0,2.87,STOPPED,-1.0,CHOP,STOP,20,CONVICTION,2026-09-29_1734,2026-09-28
NTNX,LONG,CONVICTION,79.7,BULL_BOUNCE_PENDING,66.67,65.59,68.99,70.96,92,2.15,68.69999694824219,69.33000183105469,66.25,1817500.0,0.98,TARGET_HIT,1.5,CHOP,LIMIT,20,COMPRESSION,2026-09-29_1734,2026-09-28
AMZU,LONG,CONVICTION,79.7,BULL_BOUNCE_PENDING,33.15,30.27,38.03,,34,1.69,33.25,33.64899826049805,32.83000183105469,1637000.0,-1.71,CLOSED,0.03,CHOP,LIMIT,20,COMPRESSION,2026-09-29_1734,2026-09-28
LSTR,LONG,CONVICTION,79.3,BULL_BOUNCE_PENDING,160.5,156.18,172.4,178.77,23,2.75,165.41000366210938,166.1199951171875,163.24000549316406,353600.0,1.0,NO_FILL,0.0,CHOP,LIMIT,20,COMPRESSION,2026-09-29_1734,2026-09-28
NUAI,LONG,CONVICTION,79.0,BULL_BOUNCE_PENDING,6.78,5.83,7.12,,105,0.36,6.960000038146973,7.329999923706055,6.840000152587891,7451400.0,0.58,NO_FILL,0.0,CHOP,LIMIT,20,MINOR,2026-09-29_1734,2026-09-28
PYPL,LONG,CONVICTION,79.0,BULL_BOUNCE_PENDING,55.6,54.13,61.41,,68,3.95,54.279998779296875,54.599998474121094,52.939998626708984,9902300.0,-1.31,STOPPED,-1.0,CHOP,STOP,14,MINOR,2026-09-29_1734,2026-09-28
MRK,LONG,CONVICTION,79.0,BULL_BOUNCE_PENDING,146.51,136.55,153.84,,10,0.74,148.69000244140625,149.19000244140625,146.27999877929688,7701000.0,-0.54,CLOSED,0.22,CHOP,LIMIT,14,MINOR,2026-09-29_1734,2026-09-28
HP,LONG,CONVICTION,79.0,BULL_BOUNCE_PENDING,37.8,36.91,40.44,40.44,113,2.99,37.470001220703125,39.0,37.09000015258789,1724800.0,-2.85,CLOSED_LOSS,-0.37,CHOP,LIMIT,20,COMPRESSION,2026-09-29_1734,2026-09-28
VSAT,LONG,CONVICTION,79.0,BULL_BOUNCE_CONFIRMED,73.01,63.35,76.66,,10,0.38,71.6500015258789,72.27999877929688,69.81999969482422,1317300.0,-1.86,CLOSED_LOSS,-0.14,CHOP,LIMIT,20,VACUUM,2026-09-29_1734,2026-09-28
ACAD,LONG,CONVICTION,79.0,BULL_BOUNCE_PENDING,22.23,21.17,23.34,,94,1.05,20.530000686645508,20.6299991607666,19.799999237060547,3522800.0,-0.78,STOPPED,-1.0,CHOP,STOP,20,MINOR,2026-09-29_1734,2026-09-28
AMLX,LONG,CONVICTION,79.0,BULL_BOUNCE_PENDING,29.47,21.85,30.94,,13,0.19,29.850000381469727,30.139999389648438,28.709999084472656,1020500.0,-0.73,CLOSED,0.05,CHOP,LIMIT,20,MINOR,2026-09-29_1734,2026-09-28
NVAX,SHORT,CONVICTION,79.0,BEAR_REJECTION_PENDING,10.43,12.66,9.91,,44,0.23,10.800000190734863,10.979999542236328,10.260000228881836,4455800.0,3.75,CLOSED_LOSS,-0.17,CHOP,LIMIT,20,CONVICTION,2026-09-29_1734,2026-09-28
PSI,SHORT,CONVICTION,79.0,BEAR_REJECTION_PENDING,154.31,160.22,143.2,136.27,16,1.88,148.63999938964844,149.77999877929688,144.77000427246094,222200.0,-2.5,NO_FILL,0.0,CHOP,LIMIT,9,CONVICTION,2026-09-29_1734,2026-09-28
ABM,SHORT,CONVICTION,79.0,BEAR_REJECTION_PENDING,50.32,55.18,42.68,,20,1.57,49.02000045776367,49.66999816894531,48.45000076293945,535800.0,-1.53,NO_FILL,0.0,CHOP,LIMIT,20,CONVICTION,2026-09-29_1734,2026-09-28
ELV,LONG,CONVICTION,78.9,BULL_BOUNCE_PENDING,388.17,360.77,444.35,,3,2.05,394.5899963378906,400.1700134277344,392.44000244140625,1334200.0,-0.38,NO_FILL,0.0,CHOP,LIMIT,20,COMPRESSION,2026-09-29_1734,2026-09-28
AVT,LONG,CONVICTION,78.9,BULL_BOUNCE_PENDING,104.68,100.76,109.91,,25,1.34,101.44999694824219,103.2300033569336,100.20999908447266,1031800.0,-1.98,STOPPED,-1.0,CHOP,STOP,3,MINOR,2026-09-29_1734,2026-09-28
KALU,SHORT,CONVICTION,78.8,BEAR_REJECTION_PENDING,152.43,157.99,137.68,137.03,17,2.65,151.57000732421875,154.7100067138672,148.8800048828125,178500.0,-0.28,CLOSED,0.15,CHOP,LIMIT,20,CONVICTION,2026-09-29_1734,2026-09-28
EMR,LONG,CONVICTION,78.8,BULL_BOUNCE_PENDING,156.91,155.36,161.09,162.99,64,2.7,159.38999938964844,160.1300048828125,156.57000732421875,2140500.0,0.94,CLOSED,1.5,CHOP,LIMIT,17,COMPRESSION,2026-09-29_1734,2026-09-28
NTRA,LONG,CONVICTION,78.8,BULL_BOUNCE_PENDING,409.39,405.31,429.86,,24,5.02,411.7699890136719,417.375,406.2950134277344,1644300.0,-0.3,CLOSED,0.58,CHOP,LIMIT,0,NONE,2026-09-29_1734,2026-09-28
INSP,LONG,CONVICTION,78.7,BULL_BOUNCE_PENDING,69.09,67.78,75.32,76.5,76,4.75,70.0,70.93000030517578,69.58699798583984,442300.0,-0.71,NO_FILL,0.0,CHOP,LIMIT,20,COMPRESSION,2026-09-29_1734,2026-09-28
TDW,LONG,CONVICTION,78.7,BULL_BOUNCE_PENDING,83.58,82.43,85.99,88.39,87,2.1,83.2699966430664,85.38999938964844,83.1500015258789,411800.0,-1.9,CLOSED_LOSS,-0.27,CHOP,LIMIT,20,COMPRESSION,2026-09-29_1734,2026-09-28
ALB,LONG,CONVICTION,78.7,BULL_BOUNCE_PENDING,105.46,103.17,110.0,121.0,43,1.99,107.38999938964844,108.69999694824219,104.66000366210938,2661700.0,-0.2,CLOSED,0.84,CHOP,LIMIT,20,CONVICTION,2026-09-29_1734,2026-09-28
WSM,SHORT,CONVICTION,78.7,BEAR_REJECTION_PENDING,232.06,236.27,204.82,211.38,23,6.48,231.02999877929688,232.8800048828125,226.22000122070312,864100.0,-0.38,CLOSED,0.24,CHOP,LIMIT,20,CONVICTION,2026-09-29_1734,2026-09-28
ORCL,LONG,CONVICTION,78.6,BULL_BOUNCE_PENDING,132.18,128.58,139.54,148.3,27,2.04,132.60000610351562,135.69000244140625,131.5800018310547,36060100.0,-1.69,CLOSED,0.12,CHOP,LIMIT,20,CONVICTION,2026-09-29_1734,2026-09-28
CLMT,LONG,CONVICTION,78.6,BULL_BOUNCE_PENDING,52.28,51.26,56.58,58.12,97,4.21,52.61000061035156,53.97999954223633,51.93000030517578,1340300.0,-1.39,CLOSED,0.32,CHOP,LIMIT,20,COMPRESSION,2026-09-29_1734,2026-09-28
CDNL,LONG,CONVICTION,78.6,BULL_BOUNCE_PENDING,27.46,24.77,31.96,,37,1.67,27.719999313354492,28.520000457763672,26.760000228881836,673800.0,-1.07,CLOSED,0.1,CHOP,LIMIT,20,COMPRESSION,2026-09-29_1734,2026-09-28
ENTG,SHORT,CONVICTION,78.6,BEAR_REJECTION_PENDING,153.47,162.85,137.0,130.18,10,1.76,150.6300048828125,151.22000122070312,145.3000030517578,1968400.0,-1.14,NO_FILL,0.0,CHOP,LIMIT,18,CONVICTION,2026-09-29_1734,2026-09-28
PTCT,SHORT,CONVICTION,78.5,BEAR_REJECTION_PENDING,64.13,69.65,55.65,,18,1.54,65.94999694824219,66.26000213623047,62.29999923706055,1913800.0,4.9,CLOSED_LOSS,-0.33,CHOP,LIMIT,20,CONVICTION,2026-09-29_1734,2026-09-28
AMBA,LONG,CONVICTION,78.5,BULL_BOUNCE_PENDING,75.06,70.54,82.57,,22,1.66,68.68000030517578,72.02999877929688,68.11000061035156,1213100.0,-6.02,STOPPED,-1.0,CHOP,STOP,20,CONVICTION,2026-09-29_1734,2026-09-28
XOM,SHORT,CONVICTION,78.4,BEAR_REJECTION_PENDING,165.77,170.51,154.5,140.92,21,2.38,162.52000427246094,163.5399932861328,161.0500030517578,12809500.0,-0.38,NO_FILL,0.0,CHOP,LIMIT,20,CONVICTION,2026-09-29_1734,2026-09-28
BFLY,LONG,CONVICTION,78.4,BULL_BOUNCE_PENDING,9.64,9.0,10.12,,155,0.75,9.149999618530273,9.489999771118164,8.989999771118164,3870900.0,-1.93,STOPPED,-1.0,CHOP,STOP,14,MINOR,2026-09-29_1734,2026-09-28
KEYS,SHORT,CONVICTION,78.4,BEAR_REJECTION_PENDING,359.06,372.79,330.78,318.22,7,2.06,359.739990234375,364.19000244140625,355.32501220703125,862600.0,1.29,CLOSED_LOSS,-0.05,CHOP,LIMIT,14,CONVICTION,2026-09-29_1734,2026-09-28
BBIO,LONG,CONVICTION,78.3,BULL_BOUNCE_PENDING,63.82,55.27,67.01,,11,0.37,66.61000061035156,67.33999633789062,64.36000061035156,2969300.0,2.29,NO_FILL,0.0,CHOP,LIMIT,20,CONVICTION,2026-09-29_1734,2026-09-28
VRSK,SHORT,CONVICTION,78.2,BEAR_REJECTION_PENDING,172.59,176.29,163.63,159.22,27,2.43,167.77000427246094,169.5800018310547,166.3000030517578,1152100.0,-0.85,NO_FILL,0.0,CHOP,LIMIT,20,CONVICTION,2026-09-29_1734,2026-09-28
FCFS,SHORT,CONVICTION,78.2,BEAR_REJECTION_PENDING,218.96,222.26,207.87,205.06,30,3.36,216.9499969482422,218.27000427246094,213.27000427246094,309600.0,-0.44,NO_FILL,0.0,CHOP,LIMIT,20,VACUUM,2026-09-29_1734,2026-09-28
DY,LONG,CONVICTION,78.2,BULL_BOUNCE_PENDING,265.09,254.6,293.56,293.56,9,2.71,266.7900085449219,277.19000244140625,265.1300048828125,660900.0,-1.37,NO_FILL,0.0,CHOP,LIMIT,20,CONVICTION,2026-09-29_1734,2026-09-28
DHR,SHORT,CONVICTION,78.0,BEAR_REJECTION_PENDING,227.56,235.19,212.03,197.34,13,2.04,227.3300018310547,228.3800048828125,222.10000610351562,4929800.0,1.9,CLOSED,0.03,CHOP,LIMIT,8,CONVICTION,2026-09-29_1734,2026-09-28
INLF,LONG,CONVICTION,78.0,BULL_BOUNCE_PENDING,6.88,6.38,7.22,,200,0.69,5.230000019073486,5.400000095367432,3.9000000953674316,1134200.0,9.19,STOPPED,-1.0,CHOP,STOP,13,MINOR,2026-09-29_1734,2026-09-28
PRAX,LONG,CONVICTION,77.8,BULL_BOUNCE_PENDING,275.31,268.66,318.52,306.0,15,6.5,285.6499938964844,292.17999267578125,277.9049987792969,436700.0,1.73,NO_FILL,0.0,CHOP,LIMIT,17,VACUUM,2026-09-29_1734,2026-09-28
DRI,LONG,CONVICTION,77.7,BULL_BOUNCE_PENDING,207.38,202.05,224.56,224.56,18,3.22,197.02000427246094,202.38999938964844,195.19000244140625,1487700.0,0.39,STOPPED,-1.0,CHOP,STOP,20,CONVICTION,2026-09-29_1734,2026-09-28
NLR,SHORT,CONVICTION,77.7,BEAR_REJECTION_PENDING,106.49,108.1,101.1,93.74,62,3.35,103.97000122070312,105.11000061035156,103.55000305175781,272400.0,-1.67,NO_FILL,0.0,CHOP,LIMIT,20,CONVICTION,2026-09-29_1734,2026-09-28
BRUN,LONG,CONVICTION,77.6,BULL_BOUNCE_PENDING,16.14,15.08,18.62,,94,2.35,16.239999771118164,16.829999923706055,16.0,1499700.0,-1.4,CLOSED,0.09,CHOP,LIMIT,20,COMPRESSION,2026-09-29_1734,2026-09-28
CRCL,LONG,CONVICTION,77.5,BULL_BOUNCE_PENDING,83.99,79.99,95.61,95.61,25,2.91,85.80000305175781,88.33999633789062,84.81999969482422,9837800.0,0.12,NO_FILL,0.0,CHOP,LIMIT,18,VACUUM,2026-09-29_1734,2026-09-28
BWET,LONG,CONVICTION,77.5,BULL_BOUNCE_PENDING,755.65,660.33,793.43,,1,0.4,730.0,750.0,688.47998046875,132200.0,-0.93,CLOSED_LOSS,-0.27,CHOP,STOP,17,CONVICTION,2026-09-29_1734,2026-09-28
RNG,LONG,CONVICTION,77.5,BULL_BOUNCE_PENDING,73.7,71.24,77.77,80.32,40,1.66,76.12999725341797,76.87000274658203,73.69999694824219,1418300.0,1.24,CLOSED,0.99,CHOP,LIMIT,20,MINOR,2026-09-29_1734,2026-09-28
WGS,LONG,CONVICTION,77.4,BULL_BOUNCE_PENDING,86.63,82.11,95.19,101.3,22,1.89,85.93000030517578,89.31999969482422,84.9000015258789,437000.0,-2.79,CLOSED_LOSS,-0.15,CHOP,LIMIT,20,CONVICTION,2026-09-29_1734,2026-09-28
PRIM,SHORT,CONVICTION,77.4,BEAR_REJECTION_PENDING,72.98,74.49,62.23,,66,7.12,71.12000274658203,72.77999877929688,70.51000213623047,1186600.0,-2.11,NO_FILL,0.0,CHOP,LIMIT,20,VACUUM,2026-09-29_1734,2026-09-28
OKTA,LONG,CONVICTION,77.3,BULL_BOUNCE_PENDING,205.2,195.03,215.46,,9,1.01,202.17999267578125,203.44000244140625,190.5,3650400.0,3.88,STOPPED,-1.0,CHOP,STOP,20,COMPRESSION,2026-09-29_1734,2026-09-28
CRM,SHORT,CONVICTION,77.3,BEAR_REJECTION_PENDING,237.03,239.6,230.05,209.63,38,2.72,227.27000427246094,230.57000732421875,221.17999267578125,10327500.0,-3.29,NO_FILL,0.0,CHOP,LIMIT,20,CONVICTION,2026-09-29_1734,2026-09-28
GDDY,LONG,CONVICTION,77.1,BULL_BOUNCE_PENDING,95.26,85.97,111.6,,10,1.76,93.70999908447266,96.125,93.4800033569336,2266700.0,-3.59,CLOSED_LOSS,-0.17,CHOP,LIMIT,20,MINOR,2026-09-29_1734,2026-09-28
HRMY,LONG,CONVICTION,77.1,BULL_BOUNCE_PENDING,40.63,38.76,42.66,,53,1.08,40.0099983215332,41.53499984741211,39.53499984741211,874400.0,-3.5,CLOSED_LOSS,-0.33,CHOP,LIMIT,16,COMPRESSION,2026-09-29_1734,2026-09-28
TVTX,SHORT,CONVICTION,77.1,BEAR_REJECTION_PENDING,60.18,63.17,52.44,52.44,33,2.58,61.56999969482422,61.75,58.709999084472656,1234800.0,4.36,CLOSED_LOSS,-0.46,CHOP,LIMIT,20,CONVICTION,2026-09-29_1734,2026-09-28
HPQ,SHORT,CONVICTION,77.0,BEAR_REJECTION_PENDING,31.98,34.57,26.95,,38,1.94,31.31999969482422,31.799999237060547,30.739999771118164,13325400.0,-0.1,NO_FILL,0.0,CHOP,LIMIT,20,CONVICTION,2026-09-29_1734,2026-09-28
NESR,LONG,CONVICTION,77.0,BULL_BOUNCE_PENDING,31.49,28.87,36.79,,38,2.03,29.809999465942383,32.52000045776367,29.75,2351500.0,-7.22,CLOSED_LOSS,-0.64,CHOP,LIMIT,20,COMPRESSION,2026-09-29_1734,2026-09-28
VEEV,LONG,CONVICTION,77.0,BULL_BOUNCE_PENDING,275.84,273.47,292.02,292.86,42,6.81,279.9599914550781,282.0400085449219,272.5400085449219,1371800.0,-0.07,STOPPED,-1.0,CHOP,LIMIT,8,CONVICTION,2026-09-29_1734,2026-09-28
AGCO,LONG,CONVICTION,77.0,BULL_BOUNCE_PENDING,116.62,112.82,135.44,125.93,26,4.96,117.61000061035156,119.43000030517578,116.6500015258789,754900.0,-1.17,NO_FILL,0.0,CHOP,LIMIT,20,CONVICTION,2026-09-29_1734,2026-09-28
WING,SHORT,CONVICTION,77.0,BEAR_REJECTION_PENDING,99.04,102.89,94.09,,25,1.29,101.80000305175781,102.94000244140625,97.11000061035156,1648600.0,4.84,STOPPED,-1.0,CHOP,LIMIT,20,COMPRESSION,2026-09-29_1734,2026-09-28
MNST,LONG,CONVICTION,77.0,BULL_BOUNCE_PENDING,41.66,38.16,46.99,,28,1.52,41.86000061035156,42.20000076293945,41.220001220703125,14859500.0,-1.53,CLOSED,0.06,CHOP,LIMIT,20,COMPRESSION,2026-09-29_1734,2026-09-28
RBA,SHORT,CONVICTION,77.0,BEAR_REJECTION_PENDING,83.9,86.43,79.7,,39,1.66,80.7699966430664,82.0199966430664,80.75,1064400.0,-2.09,NO_FILL,0.0,CHOP,LIMIT,20,COMPRESSION,2026-09-29_1734,2026-09-28
WST,LONG,CONVICTION,77.0,BULL_BOUNCE_PENDING,372.51,363.41,390.43,,10,1.97,375.6499938964844,378.4700012207031,366.54998779296875,562300.0,1.65,CLOSED,0.35,CHOP,STOP,20,CONVICTION,2026-09-29_1734,2026-09-28
BRVE,SHORT,CONVICTION,77.0,BEAR_REJECTION_PENDING,20.06,20.82,19.06,,131,1.32,21.06999969482422,22.049999237060547,20.010000228881836,389300.0,5.3,STOPPED,-1.0,CHOP,LIMIT,20,COMPRESSION,2026-09-29_1734,2026-09-28
CNR,SHORT,CONVICTION,76.8,BEAR_REJECTION_PENDING,90.12,91.54,82.68,80.44,70,5.26,88.4000015258789,89.61000061035156,87.62000274658203,431000.0,-0.56,NO_FILL,0.0,CHOP,LIMIT,20,COMPRESSION,2026-09-29_1734,2026-09-28
MTDR,LONG,CONVICTION,76.8,BULL_BOUNCE_PENDING,51.15,48.8,56.14,57.67,42,2.13,51.45000076293945,52.7599983215332,51.40999984741211,1617300.0,-1.42,NO_FILL,0.0,CHOP,LIMIT,20,COMPRESSION,2026-09-29_1734,2026-09-28
SM,SHORT,CONVICTION,76.8,BEAR_REJECTION_PENDING,35.22,37.15,29.63,29.47,51,2.89,33.54999923706055,34.75,33.470001220703125,3682700.0,-2.84,NO_FILL,0.0,CHOP,LIMIT,20,CONVICTION,2026-09-29_1734,2026-09-28
RBLX,SHORT,CONVICTION,76.8,BEAR_REJECTION_PENDING,44.95,46.73,38.58,38.5,56,3.57,41.86000061035156,44.59000015258789,41.86000061035156,18062000.0,-6.56,NO_FILL,0.0,CHOP,LIMIT,20,CONVICTION,2026-09-29_1734,2026-09-28
ETN,LONG,CONVICTION,76.8,BULL_BOUNCE_PENDING,447.78,432.85,470.17,,6,1.5,431.4100036621094,441.94000244140625,423.8299865722656,2367400.0,-0.6,STOPPED,-1.0,CHOP,STOP,20,CONVICTION,2026-09-29_1734,2026-09-28
GVA,SHORT,CONVICTION,76.8,BEAR_REJECTION_PENDING,116.24,119.35,108.8,99.99,32,2.39,115.7699966430664,116.48999786376953,113.5999984741211,703800.0,0.77,CLOSED,0.15,CHOP,LIMIT,20,CONVICTION,2026-09-29_1734,2026-09-28
PI,LONG,CONVICTION,76.7,BULL_BOUNCE_PENDING,177.28,174.97,192.28,203.63,43,6.49,176.8800048828125,180.33999633789062,174.77999877929688,371300.0,-0.79,STOPPED,-1.0,CHOP,LIMIT,20,CONVICTION,2026-09-29_1734,2026-09-28
ONTO,SHORT,CONVICTION,76.7,BEAR_REJECTION_PENDING,289.51,294.08,272.0,272.0,21,3.83,288.739990234375,292.3599853515625,279.6600036621094,395800.0,0.32,CLOSED,0.17,CHOP,LIMIT,15,CONVICTION,2026-09-29_1734,2026-09-28
HCA,LONG,CONVICTION,76.5,BULL_BOUNCE_PENDING,426.9,387.67,497.23,,2,1.79,432.6000061035156,443.1499938964844,431.1600036621094,1106200.0,-0.69,NO_FILL,0.0,CHOP,LIMIT,12,MINOR,2026-09-29_1734,2026-09-28
VGNT,LONG,CONVICTION,76.5,BULL_BOUNCE_PENDING,45.9,41.83,48.2,,24,0.56,45.400001525878906,46.459999084472656,45.060001373291016,690000.0,-3.07,CLOSED_LOSS,-0.12,CHOP,LIMIT,20,MINOR,2026-09-29_1734,2026-09-28
SECZ,LONG,CONVICTION,76.4,BULL_BOUNCE_PENDING,16.24,14.86,17.05,,72,0.59,16.6299991607666,17.010000228881836,15.569999694824219,4356800.0,6.26,CLOSED,0.28,CHOP,STOP,20,MINOR,2026-09-29_1734,2026-09-28
NDSN,SHORT,CONVICTION,76.3,BEAR_REJECTION_PENDING,328.77,332.49,313.18,298.65,26,4.19,331.32000732421875,332.8999938964844,322.9200134277344,370700.0,1.7,STOPPED,-1.0,CHOP,LIMIT,6,CONVICTION,2026-09-29_1734,2026-09-28
NEOG,LONG,CONVICTION,76.3,BULL_BOUNCE_PENDING,13.87,13.37,15.11,,198,2.46,13.720000267028809,13.850000381469727,13.420000076293945,7572600.0,-0.29,CLOSED_LOSS,-0.3,CHOP,STOP,6,MINOR,2026-09-29_1734,2026-09-28
EPAM,SHORT,CONVICTION,76.2,BEAR_REJECTION_PENDING,110.46,122.98,104.93,,7,0.44,107.55000305175781,109.5199966430664,104.33000183105469,1029300.0,-0.68,NO_FILL,0.0,CHOP,LIMIT,20,COMPRESSION,2026-09-29_1734,2026-09-28
DE,LONG,CONVICTION,76.2,BULL_BOUNCE_PENDING,698.98,683.32,733.93,,6,2.23,689.5900268554688,690.9400024414062,681.8599853515625,798800.0,-0.12,STOPPED,-1.0,CHOP,STOP,20,VACUUM,2026-09-29_1734,2026-09-28
COGT,LONG,CONVICTION,76.2,BULL_BOUNCE_PENDING,31.78,14.74,33.37,,5,0.09,31.860000610351562,32.20000076293945,31.229999542236328,2212900.0,-1.76,CLOSED,0.0,CHOP,LIMIT,19,COMPRESSION,2026-09-29_1734,2026-09-28
MHK,SHORT,CONVICTION,76.1,BEAR_REJECTION_PENDING,126.09,127.47,115.66,119.79,72,7.57,124.43000030517578,126.06999969482422,121.97000122070312,1207100.0,-0.58,NO_FILL,0.0,CHOP,LIMIT,20,COMPRESSION,2026-09-29_1734,2026-09-28
INTC,LONG,CONVICTION,76.0,BULL_BOUNCE_PENDING,115.91,108.06,128.55,,12,1.61,116.02999877929688,121.70999908447266,114.70999908447266,112436900.0,-1.9,CLOSED,0.02,CHOP,LIMIT,20,CONVICTION,2026-09-29_1734,2026-09-28
JHX,SHORT,CONVICTION,76.0,BEAR_REJECTION_PENDING,26.23,30.45,24.92,,23,0.31,25.389999389648438,26.149999618530273,25.139999389648438,14985800.0,-2.72,NO_FILL,0.0,CHOP,LIMIT,20,COMPRESSION,2026-09-29_1734,2026-09-28
IMAX,LONG,CONVICTION,76.0,BULL_BOUNCE_PENDING,56.74,54.89,59.58,,54,1.53,56.130001068115234,57.72999954223633,55.65999984741211,1394700.0,-0.21,CLOSED_LOSS,-0.33,CHOP,STOP,0,NONE,2026-09-29_1734,2026-09-28
DINO,SHORT,CONVICTION,76.0,BEAR_REJECTION_PENDING,110.31,116.48,97.0,93.9,16,2.16,106.19000244140625,108.04000091552734,105.0,2532600.0,-1.81,NO_FILL,0.0,CHOP,LIMIT,19,CONVICTION,2026-09-29_1734,2026-09-28
HODU,LONG,CONVICTION,76.0,BULL_BOUNCE_PENDING,13.94,12.84,16.01,,90,1.89,14.265000343322754,15.130000114440918,14.1899995803833,59500.0,0.32,NO_FILL,0.0,CHOP,LIMIT,20,COMPRESSION,2026-09-29_1734,2026-09-28
CHTR,SHORT,CONVICTION,75.8,BEAR_REJECTION_PENDING,115.65,118.0,109.87,,42,2.46,111.4000015258789,114.62000274658203,110.3499984741211,2914200.0,-1.75,NO_FILL,0.0,CHOP,LIMIT,20,COMPRESSION,2026-09-29_1734,2026-09-28
CVSA,LONG,CONVICTION,75.7,BULL_BOUNCE_PENDING,118.33,115.25,130.0,132.4,32,3.78,117.51000213623047,120.55000305175781,117.29000091552734,670100.0,-2.68,CLOSED_LOSS,-0.27,CHOP,LIMIT,20,CONVICTION,2026-09-29_1734,2026-09-28
OSK,SHORT,CONVICTION,75.6,BEAR_REJECTION_PENDING,132.78,134.44,127.3,114.17,60,3.3,132.7899932861328,133.88999938964844,130.61000061035156,563400.0,0.03,CLOSED_LOSS,-0.01,CHOP,LIMIT,20,COMPRESSION,2026-09-29_1734,2026-09-28
CRWL,LONG,CONVICTION,75.6,BULL_BOUNCE_PENDING,101.23,93.85,106.29,,13,0.69,100.29000091552734,101.49400329589844,91.33000183105469,105300.0,4.47,STOPPED,-1.0,CHOP,STOP,20,MINOR,2026-09-29_1734,2026-09-28
TNK,SHORT,CONVICTION,75.6,BEAR_REJECTION_PENDING,94.72,97.47,81.14,82.5,36,4.92,95.70999908447266,97.08999633789062,94.51000213623047,312100.0,1.74,CLOSED_LOSS,-0.36,CHOP,LIMIT,20,COMPRESSION,2026-09-29_1734,2026-09-28
PURR,LONG,CONVICTION,75.5,BULL_BOUNCE_PENDING,12.25,11.38,13.98,,115,1.99,12.079999923706055,12.670000076293945,11.930000305175781,18342900.0,-3.36,CLOSED_LOSS,-0.2,CHOP,LIMIT,11,MINOR,2026-09-29_1734,2026-09-28
BWIN,SHORT,CONVICTION,75.5,BEAR_REJECTION_PENDING,32.49,36.55,30.86,,24,0.4,31.81999969482422,31.889999389648438,31.795000076293945,3047800.0,-0.09,NO_FILL,0.0,CHOP,LIMIT,13,VACUUM,2026-09-29_1734,2026-09-28
PLGO,SHORT,CONVICTION,75.4,BEAR_REJECTION_PENDING,24.44,26.67,20.77,,44,1.64,23.920000076293945,24.190000534057617,23.84000015258789,439600.0,-0.17,NO_FILL,0.0,CHOP,LIMIT,20,COMPRESSION,2026-09-29_1734,2026-09-28
XXRP,SHORT,CONVICTION,75.4,BEAR_REJECTION_PENDING,35.07,39.16,33.32,,24,0.43,34.72999954223633,37.11000061035156,34.222999572753906,765500.0,-0.83,CLOSED,0.08,CHOP,LIMIT,14,CONVICTION,2026-09-29_1734,2026-09-28
FNGU,LONG,CONVICTION,75.4,BULL_BOUNCE_PENDING,34.96,32.82,36.71,,46,0.81,34.189998626708984,35.25,33.7599983215332,2984000.0,-4.17,CLOSED_LOSS,-0.36,CHOP,LIMIT,10,MINOR,2026-09-29_1734,2026-09-28
DGX,SHORT,CONVICTION,75.4,BEAR_REJECTION_PENDING,241.05,245.83,227.9,207.13,20,2.75,237.6199951171875,238.10000610351562,233.80999755859375,1030800.0,0.55,NO_FILL,0.0,CHOP,LIMIT,19,VACUUM,2026-09-29_1734,2026-09-28
FBIN,SHORT,CONVICTION,75.4,BEAR_REJECTION_PENDING,39.42,40.42,36.31,33.6,99,3.11,38.43000030517578,39.02000045776367,37.68000030517578,2150700.0,-2.41,NO_FILL,0.0,CHOP,LIMIT,20,COMPRESSION,2026-09-29_1734,2026-09-28
HLI,LONG,CONVICTION,75.3,BULL_BOUNCE_PENDING,126.49,121.93,145.77,136.93,21,4.23,129.5399932861328,129.58999633789062,126.91999816894531,730400.0,0.36,NO_FILL,0.0,CHOP,LIMIT,20,COMPRESSION,2026-09-29_1734,2026-09-28
HUT,LONG,CONVICTION,75.3,BULL_BOUNCE_PENDING,92.38,88.04,101.54,102.51,23,2.11,92.70999908447266,97.93000030517578,91.83000183105469,2140600.0,-1.65,CLOSED,0.08,CHOP,LIMIT,20,MINOR,2026-09-29_1734,2026-09-28
LQDA,SHORT,CONVICTION,75.3,BEAR_REJECTION_PENDING,70.79,74.81,62.82,,24,1.98,73.66999816894531,74.73999786376953,67.66000366210938,1206300.0,6.14,CLOSED_LOSS,-0.72,CHOP,LIMIT,9,CONVICTION,2026-09-29_1734,2026-09-28
SUNB,SHORT,CONVICTION,75.3,BEAR_REJECTION_PENDING,75.91,80.23,66.58,65.66,23,2.16,74.88999938964844,75.12999725341797,73.06999969482422,5532000.0,0.63,NO_FILL,0.0,CHOP,LIMIT,20,CONVICTION,2026-09-29_1734,2026-09-28
SSRM,LONG,CONVICTION,75.2,BULL_BOUNCE_PENDING,33.22,32.09,35.82,37.66,88,2.3,33.84000015258789,34.599998474121094,33.45000076293945,2093500.0,-0.18,NO_FILL,0.0,CHOP,LIMIT,20,COMPRESSION,2026-09-29_1734,2026-09-28
UXRP,SHORT,CONVICTION,75.2,BEAR_REJECTION_PENDING,16.95,19.09,16.1,,46,0.4,17.030000686645508,18.219999313354492,16.861000061035156,260900.0,1.07,CLOSED_LOSS,-0.04,CHOP,LIMIT,13,CONVICTION,2026-09-29_1734,2026-09-28
SDEV,LONG,CONVICTION,75.1,BULL_BOUNCE_PENDING,1.71,1.5,1.8,,459,0.39,1.5700000524520874,1.7899999618530273,1.4700000286102295,14831100.0,-10.29,STOPPED,-1.0,CHOP,LIMIT,1,MINOR,2026-09-29_1734,2026-09-28
VCTR,LONG,CONVICTION,75.1,BULL_BOUNCE_PENDING,109.69,105.91,115.67,120.39,26,1.58,109.5999984741211,109.83999633789062,107.50800323486328,376000.0,0.78,CLOSED_LOSS,-0.02,CHOP,STOP,20,CONVICTION,2026-09-29_1734,2026-09-28
BBNX,SHORT,CONVICTION,75.0,BEAR_REJECTION_PENDING,21.94,30.58,20.84,,11,0.13,20.520000457763672,21.69499969482422,19.93000030517578,1760500.0,-4.6,NO_FILL,0.0,CHOP,LIMIT,5,CONVICTION,2026-09-29_1734,2026-09-28
MDB,LONG,CONVICTION,75.0,BULL_BOUNCE_PENDING,433.29,413.53,454.95,,5,1.1,334.67999267578125,344.302001953125,300.0,17855100.0,-18.37,STOPPED,-1.0,CHOP,STOP,18,VACUUM,2026-09-29_1734,2026-09-28
ACVA,LONG,CONVICTION,75.0,BULL_BOUNCE_PENDING,10.25,7.32,10.76,,34,0.18,10.460000038146973,10.470000267028809,10.430000305175781,7030900.0,0.0,NO_FILL,0.0,CHOP,LIMIT,17,COMPRESSION,2026-09-29_1734,2026-09-28
LIVN,LONG,CONVICTION,75.0,BULL_BOUNCE_PENDING,75.12,71.14,81.44,85.93,25,1.59,77.20999908447266,77.66000366210938,75.46499633789062,570700.0,0.73,NO_FILL,0.0,CHOP,LIMIT,20,COMPRESSION,2026-09-29_1734,2026-09-28
QURE,LONG,CONVICTION,75.0,BULL_BOUNCE_PENDING,37.53,35.08,42.42,44.04,40,1.99,39.11000061035156,39.665000915527344,37.18000030517578,1853500.0,2.11,CLOSED,0.64,CHOP,LIMIT,20,MINOR,2026-09-29_1734,2026-09-28
CYTK,SHORT,CONVICTION,75.0,BEAR_REJECTION_PENDING,67.02,67.93,57.83,58.1,110,10.12,66.16000366210938,66.41000366210938,64.25,2551200.0,-0.27,NO_FILL,0.0,CHOP,LIMIT,20,COMPRESSION,2026-09-29_1734,2026-09-28
SNEX,SHORT,CONVICTION,75.0,BEAR_REJECTION_PENDING,66.52,75.79,63.2,,10,0.36,65.9000015258789,66.19999694824219,65.0199966430664,911600.0,1.04,NO_FILL,0.0,CHOP,LIMIT,11,CONVICTION,2026-09-29_1734,2026-09-28
ALM,LONG,CONVICTION,74.9,BULL_BOUNCE_PENDING,14.08,12.78,14.78,,76,0.54,13.210000038146973,13.614999771118164,13.020000457763672,4583000.0,-1.05,CLOSED_LOSS,-0.67,CHOP,STOP,20,COMPRESSION,2026-09-29_1734,2026-09-28
ARWR,LONG,CONVICTION,74.9,BULL_BOUNCE_PENDING,64.39,60.87,71.78,,28,2.1,65.45999908447266,66.11299896240234,63.9900016784668,1589700.0,-0.37,CLOSED,0.3,CHOP,LIMIT,20,MINOR,2026-09-29_1734,2026-09-28
NRG,SHORT,CONVICTION,74.8,BEAR_REJECTION_PENDING,102.0,103.26,99.1,99.04,79,2.29,97.0,100.12000274658203,96.86000061035156,2852400.0,-3.53,NO_FILL,0.0,CHOP,LIMIT,20,CONVICTION,2026-09-29_1734,2026-09-28
PBF,SHORT,CONVICTION,74.6,BEAR_REJECTION_PENDING,75.54,77.38,63.94,70.28,54,6.29,74.38999938964844,75.83999633789062,73.12000274658203,2464400.0,-0.01,CLOSED,0.63,CHOP,LIMIT,20,CONVICTION,2026-09-29_1734,2026-09-28
XYZ,SHORT,CONVICTION,74.6,BEAR_REJECTION_PENDING,76.67,77.92,72.09,72.09,80,3.67,73.30999755859375,75.30999755859375,73.2300033569336,5521000.0,-3.73,NO_FILL,0.0,CHOP,LIMIT,20,COMPRESSION,2026-09-29_1734,2026-09-28
SILJ,LONG,CONVICTION,74.6,BULL_BOUNCE_PENDING,27.15,25.98,31.6,30.65,85,3.82,27.600000381469727,28.229999542236328,27.3799991607666,3948700.0,-0.36,NO_FILL,0.0,CHOP,LIMIT,20,COMPRESSION,2026-09-29_1734,2026-09-28
CHKP,LONG,CONVICTION,74.6,BULL_BOUNCE_PENDING,128.62,124.1,144.93,144.93,22,3.6,129.27000427246094,130.86000061035156,127.55999755859375,937800.0,-1.51,CLOSED,0.14,CHOP,LIMIT,20,COMPRESSION,2026-09-29_1734,2026-09-28
MLYS,LONG,CONVICTION,74.6,BULL_BOUNCE,25.85,24.16,29.38,,59,2.09,25.6299991607666,25.950000762939453,24.920000076293945,1699300.0,-0.85,CLOSED_LOSS,-0.13,CHOP,LIMIT,20,COMPRESSION,2026-09-29_1734,2026-09-28
AMZN,LONG,CONVICTION,74.5,BULL_BOUNCE_PENDING,243.34,228.17,274.01,279.71,6,2.02,246.14999389648438,247.77000427246094,244.72999572753906,32596700.0,-0.87,NO_FILL,0.0,CHOP,LIMIT,20,COMPRESSION,2026-09-29_1734,2026-09-28
FIVN,LONG,CONVICTION,74.5,BULL_BOUNCE_PENDING,35.7,32.1,41.42,,27,1.59,34.65999984741211,35.3650016784668,33.790000915527344,1871800.0,-4.86,CLOSED_LOSS,-0.29,CHOP,LIMIT,17,COMPRESSION,2026-09-29_1734,2026-09-28
NE,LONG,CONVICTION,74.5,BULL_BOUNCE_PENDING,41.97,40.57,44.2,49.0,71,1.58,42.61000061035156,43.505001068115234,42.56999969482422,1074900.0,-0.51,NO_FILL,0.0,CHOP,LIMIT,20,COMPRESSION,2026-09-29_1734,2026-09-28
BLDR,SHORT,CONVICTION,74.5,BEAR_REJECTION_PENDING,59.9,61.3,57.62,,71,1.62,58.0099983215332,58.65999984741211,56.79999923706055,1916100.0,-2.18,NO_FILL,0.0,CHOP,LIMIT,20,COMPRESSION,2026-09-29_1734,2026-09-28
PCOR,LONG,CONVICTION,74.4,BULL_BOUNCE_PENDING,48.31,46.95,53.87,52.66,73,4.09,49.060001373291016,49.29999923706055,47.27000045776367,2790800.0,-0.49,CLOSED,0.55,CHOP,LIMIT,20,CONVICTION,2026-09-29_1734,2026-09-28
AG,LONG,CONVICTION,74.3,BULL_BOUNCE_PENDING,17.5,16.41,20.15,20.05,91,2.41,17.950000762939453,18.270000457763672,17.610000610351562,10087800.0,0.49,NO_FILL,0.0,CHOP,LIMIT,20,VACUUM,2026-09-29_1734,2026-09-28
TREX,SHORT,CONVICTION,74.3,BEAR_REJECTION_PENDING,44.7,45.59,39.43,40.24,112,5.94,44.439998626708984,45.130001068115234,43.52000045776367,2048000.0,-0.4,CLOSED,0.29,CHOP,LIMIT,20,COMPRESSION,2026-09-29_1734,2026-09-28
TDC,SHORT,CONVICTION,74.3,BEAR_REJECTION_PENDING,29.52,31.31,24.9,,55,2.58,28.549999237060547,28.6200008392334,27.969999313354492,1191300.0,-1.35,NO_FILL,0.0,CHOP,LIMIT,7,VACUUM,2026-09-29_1734,2026-09-28
FORM,SHORT,CONVICTION,74.2,BEAR_REJECTION_PENDING,126.56,134.72,114.0,107.8,12,1.54,130.97000122070312,131.16000366210938,124.0999984741211,1342500.0,5.55,CLOSED_LOSS,-0.54,CHOP,LIMIT,19,CONVICTION,2026-09-29_1734,2026-09-28
ILMN,SHORT,CONVICTION,74.2,BEAR_REJECTION_PENDING,268.04,271.71,241.5,248.79,27,7.24,271.8999938964844,275.69000244140625,262.8900146484375,2979300.0,1.54,STOPPED,-1.0,CHOP,LIMIT,10,VACUUM,2026-09-29_1734,2026-09-28
PGR,SHORT,CONVICTION,74.2,BEAR_REJECTION_PENDING,206.03,207.97,198.28,192.68,51,3.99,209.47000122070312,209.7899932861328,204.97000122070312,3568600.0,1.69,STOPPED,-1.0,CHOP,LIMIT,20,CONVICTION,2026-09-29_1734,2026-09-28
WIX,LONG,CONVICTION,74.0,BULL_BOUNCE_PENDING,71.54,67.43,82.61,81.35,24,2.69,69.5999984741211,72.94000244140625,69.18000030517578,1014800.0,-4.66,CLOSED_LOSS,-0.47,CHOP,LIMIT,20,COMPRESSION,2026-09-29_1734,2026-09-28
CXW,LONG,CONVICTION,74.0,BULL_BOUNCE_PENDING,31.16,28.23,36.05,,34,1.67,31.690000534057617,33.18000030517578,30.65999984741211,2477700.0,-0.35,CLOSED,0.18,CHOP,LIMIT,20,COMPRESSION,2026-09-29_1734,2026-09-28
VPG,SHORT,CONVICTION,74.0,BEAR_REJECTION_PENDING,70.67,75.37,63.5,60.0,21,1.52,70.87999725341797,71.94000244140625,68.08999633789062,291900.0,2.31,CLOSED_LOSS,-0.04,CHOP,LIMIT,13,CONVICTION,2026-09-29_1734,2026-09-28
SOLT,LONG,CONVICTION,74.0,BULL_BOUNCE_PENDING,81.68,75.98,85.76,,17,0.72,75.66000366210938,78.5999984741211,74.41999816894531,510900.0,0.21,STOPPED,-1.0,CHOP,STOP,16,CONVICTION,2026-09-29_1734,2026-09-28
MTN,LONG,CONVICTION,74.0,BULL_BOUNCE_PENDING,139.64,135.09,146.67,154.22,21,1.54,138.08999633789062,138.83999633789062,135.0,1632300.0,1.42,STOPPED,-1.0,CHOP,STOP,20,COMPRESSION,2026-09-29_1734,2026-09-28
A,LONG,CONVICTION,74.0,BULL_BOUNCE_PENDING,173.11,168.31,181.77,,20,1.8,175.2100067138672,176.02000427246094,169.5,2194100.0,1.4,CLOSED,0.44,CHOP,STOP,3,MINOR,2026-09-29_1734,2026-09-28
REPL,LONG,CONVICTION,73.9,BULL_BOUNCE_PENDING,12.22,5.47,12.84,,14,0.09,12.5600004196167,12.756999969482422,12.069999694824219,1966400.0,0.69,CLOSED,0.05,CHOP,LIMIT,20,MINOR,2026-09-29_1734,2026-09-28
ZS,SHORT,CONVICTION,73.9,BEAR_REJECTION_PENDING,197.35,214.54,171.5,,5,1.5,199.38999938964844,202.1199951171875,187.67100524902344,3810800.0,3.05,CLOSED_LOSS,-0.12,CHOP,LIMIT,17,CONVICTION,2026-09-29_1734,2026-09-28
RKLB,LONG,CONVICTION,73.8,BULL_BOUNCE_PENDING,70.8,63.38,81.99,,13,1.51,72.19000244140625,73.77999877929688,71.68000030517578,15012400.0,-0.07,NO_FILL,0.0,CHOP,LIMIT,20,COMPRESSION,2026-09-29_1734,2026-09-28
MRCY,LONG,CONVICTION,73.8,BULL_BOUNCE_PENDING,80.54,78.03,90.86,90.86,39,4.13,80.12000274658203,81.37000274658203,79.61000061035156,604400.0,-2.51,CLOSED_LOSS,-0.17,CHOP,LIMIT,20,COMPRESSION,2026-09-29_1734,2026-09-28
WMS,SHORT,CONVICTION,73.7,BEAR_REJECTION_PENDING,134.47,136.38,126.93,129.44,52,3.95,130.77999877929688,132.4499969482422,129.55999755859375,717400.0,-1.77,NO_FILL,0.0,CHOP,LIMIT,20,CONVICTION,2026-09-29_1734,2026-09-28
IRTC,SHORT,CONVICTION,73.6,BEAR_REJECTION_PENDING,112.59,120.17,106.96,,13,0.74,112.5999984741211,112.9489974975586,109.17500305175781,454700.0,2.01,CLOSED_LOSS,-0.0,CHOP,LIMIT,12,VACUUM,2026-09-29_1734,2026-09-28
MDA,LONG,CONVICTION,73.6,BULL_BOUNCE,31.35,29.99,35.63,34.84,73,3.14,31.049999237060547,31.850000381469727,30.809999465942383,1214400.0,-0.96,CLOSED_LOSS,-0.22,CHOP,LIMIT,20,COMPRESSION,2026-09-29_1734,2026-09-28
TBBB,LONG,CONVICTION,73.5,BULL_BOUNCE_PENDING,54.05,52.48,56.75,,63,1.72,53.540000915527344,53.970001220703125,52.89400100708008,740700.0,-0.84,CLOSED_LOSS,-0.32,CHOP,STOP,0,NONE,2026-09-29_1734,2026-09-28
XPO,LONG,CONVICTION,73.5,BULL_BOUNCE,173.17,167.01,188.21,188.21,16,2.44,176.66000366210938,178.82000732421875,171.38999938964844,1399000.0,2.02,CLOSED,0.57,CHOP,LIMIT,20,COMPRESSION,2026-09-29_1734,2026-09-28
BRR,LONG,CONVICTION,73.5,BULL_BOUNCE_PENDING,4.19,3.92,4.4,,365,0.76,3.9100000858306885,3.97760009765625,3.8399999141693115,952705.0,-5.33,STOPPED,-1.0,CHOP,STOP,0,NONE,2026-09-29_1734,2026-09-28
CGON,LONG,CONVICTION,73.4,BULL_BOUNCE_PENDING,65.81,62.71,73.1,76.87,32,2.36,69.61000061035156,69.94000244140625,66.01000213623047,1759600.0,3.66,NO_FILL,0.0,CHOP,LIMIT,20,COMPRESSION,2026-09-29_1734,2026-09-28
PAAS,LONG,CONVICTION,73.4,BULL_BOUNCE_PENDING,44.69,43.51,47.51,50.93,84,2.4,45.77000045776367,46.52000045776367,45.040000915527344,3645900.0,0.37,NO_FILL,0.0,CHOP,LIMIT,20,COMPRESSION,2026-09-29_1734,2026-09-28
ESAB,SHORT,CONVICTION,73.4,BEAR_REJECTION_PENDING,73.34,75.11,68.42,68.42,56,2.77,67.25,71.68000030517578,66.30000305175781,1182100.0,-6.47,NO_FILL,0.0,CHOP,LIMIT,20,COMPRESSION,2026-09-29_1734,2026-09-28
NVT,LONG,CONVICTION,73.3,BULL_BOUNCE_PENDING,161.12,157.09,169.6,171.98,24,2.1,160.5,166.18499755859375,158.5,2093300.0,-2.38,CLOSED_LOSS,-0.15,CHOP,LIMIT,17,CONVICTION,2026-09-29_1734,2026-09-28
TMDX,SHORT,CONVICTION,73.2,BEAR_REJECTION_PENDING,86.09,87.43,78.66,77.2,74,5.52,82.7300033569336,86.37999725341797,82.69999694824219,422500.0,-2.8,CLOSED,1.5,CHOP,LIMIT,20,MINOR,2026-09-29_1734,2026-09-28
W,SHORT,CONVICTION,73.2,BEAR_REJECTION_PENDING,100.78,107.89,87.6,,14,1.85,98.62999725341797,99.51000213623047,94.25,2205700.0,-0.17,NO_FILL,0.0,CHOP,LIMIT,20,VACUUM,2026-09-29_1734,2026-09-28
GEHC,LONG,CONVICTION,73.1,BULL_BOUNCE,66.31,64.77,71.3,72.88,65,3.25,66.77999877929688,67.0999984741211,65.95999908447266,4166200.0,0.71,CLOSED,0.31,CHOP,LIMIT,20,COMPRESSION,2026-09-29_1734,2026-09-28
NTAP,LONG,CONVICTION,73.1,BULL_BOUNCE_PENDING,201.59,193.9,211.67,,13,1.31,204.41000366210938,204.83999633789062,199.75,2947700.0,2.4,CLOSED,0.37,CHOP,STOP,4,VACUUM,2026-09-29_1734,2026-09-28
MORN,LONG,CONVICTION,73.0,BULL_BOUNCE_PENDING,193.37,191.27,207.8,207.8,47,6.89,191.55999755859375,194.0399932861328,191.24000549316406,212500.0,-2.26,STOPPED,-1.0,CHOP,LIMIT,20,CONVICTION,2026-09-29_1734,2026-09-28
FUL,SHORT,CONVICTION,73.0,BEAR_REJECTION_PENDING,51.06,54.16,48.51,,32,0.82,49.369998931884766,50.060001373291016,48.4900016784668,1496200.0,-1.38,NO_FILL,0.0,CHOP,LIMIT,20,COMPRESSION,2026-09-29_1734,2026-09-28
ANDG,LONG,CONVICTION,73.0,BULL_BOUNCE_PENDING,51.9,49.73,55.77,56.96,46,1.78,52.779998779296875,53.65299987792969,51.470001220703125,573700.0,-0.34,CLOSED,0.41,CHOP,LIMIT,20,MINOR,2026-09-29_1734,2026-09-28
HGTY,LONG,CONVICTION,73.0,BULL_BOUNCE_PENDING,13.32,11.66,13.98,,60,0.4,13.529999732971191,13.600000381469727,13.180000305175781,480400.0,-0.44,CLOSED,0.13,CHOP,LIMIT,15,MINOR,2026-09-29_1734,2026-09-28
AGQ,SHORT,CONVICTION,72.8,BEAR_REJECTION_PENDING,68.95,76.69,65.5,,12,0.45,68.11000061035156,70.31999969482422,67.81999969482422,4823600.0,-0.93,CLOSED,0.11,CHOP,LIMIT,15,COMPRESSION,2026-09-29_1734,2026-09-28
LNG,SHORT,CONVICTION,72.8,BEAR_REJECTION_PENDING,273.4,276.28,242.71,246.0,34,10.64,269.6499938964844,273.4200134277344,269.510009765625,1742400.0,-0.49,CLOSED,1.3,CHOP,LIMIT,20,CONVICTION,2026-09-29_1734,2026-09-28
FND,SHORT,CONVICTION,72.7,BEAR_REJECTION_PENDING,48.0,50.48,45.6,,40,0.97,46.36000061035156,47.125,45.59000015258789,2833600.0,-1.49,NO_FILL,0.0,CHOP,LIMIT,20,COMPRESSION,2026-09-29_1734,2026-09-28
MSGY,LONG,CONVICTION,72.6,BULL_BOUNCE_PENDING,5.23,4.98,5.49,,403,1.05,3.130000114440918,8.989999771118164,2.700000047683716,9295100.0,-41.05,STOPPED,-1.0,CHOP,LIMIT,2,MINOR,2026-09-29_1734,2026-09-28
FTNT,SHORT,CONVICTION,72.6,BEAR_REJECTION_PENDING,177.22,179.54,170.19,162.32,43,3.04,176.3300018310547,176.91000366210938,169.55999755859375,2830800.0,1.48,NO_FILL,0.0,CHOP,LIMIT,20,CONVICTION,2026-09-29_1734,2026-09-28
ATRC,LONG,CONVICTION,72.6,BULL_BOUNCE_PENDING,61.38,59.08,64.45,,43,1.34,58.40999984741211,58.4900016784668,56.900001525878906,1161800.0,-0.49,STOPPED,-1.0,CHOP,STOP,11,MINOR,2026-09-29_1734,2026-09-28
COPX,LONG,CONVICTION,72.5,BULL_BOUNCE_PENDING,82.41,78.96,89.66,94.2,29,2.11,85.26000213623047,85.7300033569336,83.44999694824219,1776400.0,1.39,NO_FILL,0.0,CHOP,LIMIT,20,CONVICTION,2026-09-29_1734,2026-09-28
DCOY,LONG,CONVICTION,72.5,BULL_BOUNCE_PENDING,3.41,2.67,3.58,,135,0.23,2.309999942779541,2.990000009536743,2.2300000190734863,549700.0,-23.0,STOPPED,-1.0,CHOP,STOP,15,MINOR,2026-09-29_1734,2026-09-28
GKOS,LONG,CONVICTION,72.4,BULL_BOUNCE_PENDING,151.34,129.28,158.91,,4,0.34,158.55999755859375,160.97999572753906,151.7100067138672,1400500.0,2.67,NO_FILL,0.0,CHOP,LIMIT,20,CONVICTION,2026-09-29_1734,2026-09-28
TARS,LONG,CONVICTION,72.4,BULL_BOUNCE_PENDING,74.18,71.64,86.31,81.66,39,4.78,76.80999755859375,76.81999969482422,74.66000366210938,1309600.0,1.48,NO_FILL,0.0,CHOP,LIMIT,20,COMPRESSION,2026-09-29_1734,2026-09-28
BWXT,SHORT,CONVICTION,72.3,BEAR_REJECTION_PENDING,140.58,142.52,132.23,122.06,51,4.31,134.35000610351562,137.49000549316406,133.89999389648438,1292200.0,-3.41,NO_FILL,0.0,CHOP,LIMIT,20,CONVICTION,2026-09-29_1734,2026-09-28
DBX,LONG,CONVICTION,72.2,BULL_BOUNCE_PENDING,31.66,30.34,35.02,35.02,75,2.54,31.920000076293945,31.9950008392334,31.110000610351562,5559800.0,-1.21,CLOSED,0.2,CHOP,LIMIT,20,COMPRESSION,2026-09-29_1734,2026-09-28
BOOT,LONG,CONVICTION,72.1,BULL_BOUNCE_PENDING,120.83,111.09,126.88,,10,0.62,126.16000366210938,126.91999816894531,122.01000213623047,850400.0,2.32,NO_FILL,0.0,CHOP,LIMIT,20,VACUUM,2026-09-29_1734,2026-09-28
MXL,LONG,CONVICTION,72.0,BULL_BOUNCE_PENDING,96.32,89.69,101.14,,15,0.73,90.0,93.4800033569336,86.0199966430664,3305000.0,0.56,STOPPED,-1.0,CHOP,STOP,20,VACUUM,2026-09-29_1734,2026-09-28
GPRO,LONG,CONVICTION,72.0,BULL_BOUNCE_PENDING,1.24,0.87,1.31,,268,0.17,1.3300000429153442,1.3550000190734863,1.2599999904632568,10333800.0,4.72,NO_FILL,0.0,CHOP,LIMIT,7,COMPRESSION,2026-09-29_1734,2026-09-28
APPF,SHORT,CONVICTION,72.0,BEAR_REJECTION_PENDING,206.29,208.64,184.12,184.12,42,9.45,197.91000366210938,203.27000427246094,196.8699951171875,293500.0,-3.93,NO_FILL,0.0,CHOP,LIMIT,20,COMPRESSION,2026-09-29_1734,2026-09-28
BX,SHORT,CONVICTION,72.0,BEAR_REJECTION_PENDING,118.87,120.92,112.25,113.1,48,3.23,114.55999755859375,117.3499984741211,113.87999725341797,8078400.0,-2.77,NO_FILL,0.0,CHOP,LIMIT,20,CONVICTION,2026-09-29_1734,2026-09-28
ECHO,SHORT,CONVICTION,72.0,BEAR_REJECTION_PENDING,92.06,93.82,87.51,86.69,56,2.57,89.22000122070312,91.72000122070312,88.75,2641400.0,-1.14,NO_FILL,0.0,CHOP,LIMIT,20,COMPRESSION,2026-09-29_1734,2026-09-28
RUM,LONG,CONVICTION,72.0,BULL_BOUNCE_PENDING,8.04,7.38,9.3,,153,1.94,7.929999828338623,8.210000038146973,7.880000114440918,3546100.0,-3.29,CLOSED_LOSS,-0.17,CHOP,LIMIT,20,COMPRESSION,2026-09-29_1734,2026-09-28
LMND,SHORT,CONVICTION,72.0,BEAR_REJECTION_PENDING,45.15,46.44,41.38,,77,2.92,43.90999984741211,44.479000091552734,43.38999938964844,1139400.0,-2.01,NO_FILL,0.0,CHOP,LIMIT,20,COMPRESSION,2026-09-29_1734,2026-09-28
JAZZ,SHORT,CONVICTION,72.0,BEAR_REJECTION_PENDING,239.26,241.77,231.44,203.94,39,3.11,238.27999877929688,238.8300018310547,234.6300048828125,788300.0,0.13,NO_FILL,0.0,CHOP,LIMIT,20,VACUUM,2026-09-29_1734,2026-09-28
INSM,SHORT,CONVICTION,72.0,BEAR_REJECTION_PENDING,120.19,126.04,114.18,,17,1.03,117.66999816894531,119.31999969482422,116.30999755859375,1744400.0,-0.14,NO_FILL,0.0,CHOP,LIMIT,20,VACUUM,2026-09-29_1734,2026-09-28
REGN,SHORT,CONVICTION,72.0,BEAR_REJECTION_PENDING,790.94,796.55,769.54,767.98,17,3.81,752.25,780.9500122070312,750.0,1149800.0,-4.54,NO_FILL,0.0,CHOP,LIMIT,20,VACUUM,2026-09-29_1734,2026-09-28
NXST,SHORT,CONVICTION,72.0,BEAR_REJECTION_PENDING,162.44,164.59,157.66,155.0,46,2.22,161.77999877929688,165.42999267578125,160.2100067138672,371800.0,-0.2,STOPPED,-1.0,CHOP,LIMIT,20,CONVICTION,2026-09-29_1734,2026-09-28
KTOS,LONG,CONVICTION,71.9,BULL_BOUNCE_PENDING,44.39,40.96,51.7,,29,2.13,44.06999969482422,45.220001220703125,43.90999984741211,4558300.0,-2.72,CLOSED_LOSS,-0.09,CHOP,LIMIT,20,COMPRESSION,2026-09-29_1734,2026-09-28
ETH,LONG,CONVICTION,71.9,BULL_BOUNCE_PENDING,24.75,23.26,27.26,28.97,67,1.68,25.530000686645508,25.975000381469727,25.308000564575195,1672900.0,1.07,NO_FILL,0.0,CHOP,LIMIT,20,COMPRESSION,2026-09-29_1734,2026-09-28
ARE,SHORT,CONVICTION,71.8,BEAR_REJECTION_PENDING,50.3,51.62,44.65,46.0,75,4.29,48.65999984741211,49.900001525878906,47.869998931884766,1869600.0,-2.6,NO_FILL,0.0,CHOP,LIMIT,20,COMPRESSION,2026-09-29_1734,2026-09-28
KOD,LONG,CONVICTION,71.7,BULL_BOUNCE_PENDING,33.3,31.93,37.28,36.5,72,2.89,89.91999816894531,95.7699966430664,60.4900016784668,38552000.0,164.63,NO_FILL,0.0,CHOP,LIMIT,17,COMPRESSION,2026-09-29_1734,2026-09-28
LUNR,LONG,CONVICTION,71.7,BULL_BOUNCE_PENDING,14.93,13.77,17.34,,86,2.08,15.199999809265137,15.979999542236328,15.125,7712100.0,-0.2,NO_FILL,0.0,CHOP,LIMIT,20,COMPRESSION,2026-09-29_1734,2026-09-28
RDNT,LONG,CONVICTION,71.7,BULL_BOUNCE_PENDING,69.37,67.58,73.11,73.61,55,2.09,71.80999755859375,72.83999633789062,69.62000274658203,528200.0,1.44,NO_FILL,0.0,CHOP,LIMIT,20,COMPRESSION,2026-09-29_1734,2026-09-28
SGRY,LONG,CONVICTION,71.7,BULL_BOUNCE_PENDING,14.68,13.88,15.88,,125,1.5,14.6899995803833,14.710000038146973,14.140000343322754,1103800.0,2.01,CLOSED,0.01,CHOP,STOP,20,MINOR,2026-09-29_1734,2026-09-28
U,LONG,CONVICTION,71.6,BULL_BOUNCE_PENDING,42.01,39.98,46.04,46.76,49,1.99,39.86000061035156,40.91999816894531,39.47999954223633,10280300.0,-3.39,STOPPED,-1.0,CHOP,STOP,13,MINOR,2026-09-29_1734,2026-09-28
PFE,LONG,CONVICTION,71.6,BULL_BOUNCE_PENDING,28.72,28.26,29.48,,218,1.66,28.719999313354492,28.8700008392334,28.389999389648438,24950500.0,0.03,CLOSED_LOSS,-0.0,CHOP,STOP,4,COMPRESSION,2026-09-29_1734,2026-09-28
NN,LONG,CONVICTION,71.6,BULL_BOUNCE_PENDING,14.39,13.31,15.11,,92,0.67,14.239999771118164,14.649999618530273,14.029999732971191,1834900.0,-3.0,CLOSED_LOSS,-0.14,CHOP,LIMIT,17,MINOR,2026-09-29_1734,2026-09-28
CALM,SHORT,CONVICTION,71.6,BEAR_REJECTION_PENDING,68.4,69.34,64.98,,105,3.62,67.36000061035156,68.19999694824219,66.69999694824219,991100.0,-0.18,NO_FILL,0.0,CHOP,LIMIT,20,COMPRESSION,2026-09-29_1734,2026-09-28
PODD,LONG,CONVICTION,71.6,BULL_BOUNCE_PENDING,133.52,131.3,139.07,147.39,45,2.51,133.11000061035156,135.39999389648438,130.38999938964844,1724700.0,-2.3,STOPPED,-1.0,CHOP,LIMIT,20,COMPRESSION,2026-09-29_1734,2026-09-28
WAY,LONG,CONVICTION,71.6,BULL_BOUNCE_PENDING,24.21,23.35,25.51,27.99,117,1.53,25.739999771118164,25.770000457763672,24.440000534057617,1928600.0,4.21,NO_FILL,0.0,CHOP,LIMIT,20,COMPRESSION,2026-09-29_1734,2026-09-28
AXON,LONG,CONVICTION,71.5,BULL_BOUNCE_PENDING,422.87,400.08,477.52,476.0,4,2.4,424.75,432.7099914550781,414.6000061035156,935300.0,-1.56,CLOSED,0.08,CHOP,LIMIT,20,CONVICTION,2026-09-29_1734,2026-09-28
NRGV,LONG,CONVICTION,71.5,BULL_BOUNCE_PENDING,4.29,4.03,5.02,,376,2.74,4.050000190734863,4.349999904632568,4.025000095367432,4133600.0,-7.53,STOPPED,-1.0,CHOP,LIMIT,20,COMPRESSION,2026-09-29_1734,2026-09-28
BHF,LONG,CONVICTION,71.5,BULL_BOUNCE_PENDING,52.18,43.16,54.78,,11,0.29,52.040000915527344,53.34000015258789,51.70000076293945,1280300.0,-2.25,CLOSED_LOSS,-0.02,CHOP,LIMIT,20,COMPRESSION,2026-09-29_1734,2026-09-28
TRU,SHORT,CONVICTION,71.5,BEAR_REJECTION_PENDING,70.27,71.56,67.1,65.4,77,2.47,66.19000244140625,68.23500061035156,66.0199966430664,3205500.0,-4.31,NO_FILL,0.0,CHOP,LIMIT,20,COMPRESSION,2026-09-29_1734,2026-09-28
ATEC,LONG,CONVICTION,71.5,BULL_BOUNCE_PENDING,9.72,9.35,10.63,11.06,265,2.41,10.050000190734863,10.0600004196167,9.800000190734863,1706500.0,1.31,NO_FILL,0.0,CHOP,LIMIT,20,MINOR,2026-09-29_1734,2026-09-28
KMX,LONG,CONVICTION,71.4,BULL_BOUNCE_PENDING,56.07,54.44,62.3,63.48,61,3.84,56.54999923706055,58.77000045776367,56.2400016784668,6364600.0,-1.15,NO_FILL,0.0,CHOP,LIMIT,20,COMPRESSION,2026-09-29_1734,2026-09-28
IOVA,LONG,CONVICTION,71.3,BULL_BOUNCE_PENDING,11.14,10.54,11.7,,165,0.92,10.989999771118164,11.170000076293945,10.680000305175781,12233200.0,1.2,CLOSED_LOSS,-0.25,CHOP,STOP,8,MINOR,2026-09-29_1734,2026-09-28
GENI,LONG,CONVICTION,71.3,BULL_BOUNCE_PENDING,6.58,6.14,7.35,,225,1.74,6.150000095367432,6.400000095367432,6.099999904632568,7048800.0,-4.8,STOPPED,-1.0,CHOP,STOP,20,COMPRESSION,2026-09-29_1734,2026-09-28
ELMT,LONG,CONVICTION,71.3,BULL_BOUNCE_PENDING,19.6,15.93,20.58,,27,0.27,18.639999389648438,19.68000030517578,18.3700008392334,395900.0,-6.8,CLOSED_LOSS,-0.26,CHOP,LIMIT,20,MINOR,2026-09-29_1734,2026-09-28
PARR,SHORT,CONVICTION,71.1,BEAR_REJECTION_PENDING,79.01,82.41,68.53,66.13,29,3.08,77.97000122070312,78.33999633789062,76.3499984741211,673100.0,0.66,NO_FILL,0.0,CHOP,LIMIT,20,COMPRESSION,2026-09-29_1734,2026-09-28
URBN,LONG,CONVICTION,71.1,BULL_BOUNCE_PENDING,76.22,72.52,80.03,,26,1.03,75.44000244140625,76.66000366210938,74.22000122070312,916100.0,-3.0,CLOSED_LOSS,-0.21,CHOP,LIMIT,7,MINOR,2026-09-29_1734,2026-09-28
WMB,LONG,CONVICTION,71.1,BULL_BOUNCE_PENDING,68.34,67.51,71.55,72.51,119,3.84,68.9800033569336,69.5199966430664,68.4000015258789,5586500.0,-0.17,NO_FILL,0.0,CHOP,LIMIT,20,COMPRESSION,2026-09-29_1734,2026-09-28
ADI,SHORT,CONVICTION,71.1,BEAR_REJECTION_PENDING,389.0,393.46,377.05,377.05,22,2.68,395.42999267578125,396.07000732421875,388.1300048828125,3221300.0,2.05,STOPPED,-1.0,CHOP,LIMIT,11,CONVICTION,2026-09-29_1734,2026-09-28
PRGO,LONG,CONVICTION,71.1,BULL_BOUNCE_PENDING,14.99,14.55,17.0,,224,4.5,15.100000381469727,15.430000305175781,14.899999618530273,2889400.0,-1.31,CLOSED,0.25,CHOP,LIMIT,7,CONVICTION,2026-09-29_1734,2026-09-28
MBGL,SHORT,CONVICTION,71.0,BEAR_REJECTION_PENDING,18.17,18.43,17.26,,382,3.47,17.760000228881836,17.790000915527344,17.510000228881836,3474600.0,-0.62,NO_FILL,0.0,CHOP,LIMIT,20,COMPRESSION,2026-09-29_1734,2026-09-28
WTI,LONG,CONVICTION,71.0,BULL_BOUNCE_PENDING,3.61,3.41,4.01,4.06,516,2.09,3.5799999237060547,3.7699999809265137,3.549999952316284,3830600.0,-2.72,CLOSED_LOSS,-0.15,CHOP,LIMIT,20,COMPRESSION,2026-09-29_1734,2026-09-28
CBRS,LONG,CONVICTION,71.0,BULL_BOUNCE_PENDING,199.19,195.91,206.41,211.55,30,2.21,196.74000549316406,205.2100067138672,193.61000061035156,5210500.0,-2.95,STOPPED,-1.0,CHOP,LIMIT,19,COMPRESSION,2026-09-29_1734,2026-09-28
IOND,SHORT,CONVICTION,71.0,BEAR_REJECTION_PENDING,83.67,86.84,77.54,74.95,31,1.93,81.81999969482422,82.73999786376953,79.94000244140625,369200.0,-0.26,NO_FILL,0.0,CHOP,LIMIT,20,CONVICTION,2026-09-29_1734,2026-09-28
ARM,LONG,CONVICTION,71.0,BULL_BOUNCE_PENDING,292.29,274.23,324.32,333.2,5,1.77,283.3299865722656,307.1700134277344,279.20001220703125,9104000.0,-5.01,CLOSED_LOSS,-0.5,CHOP,LIMIT,20,CONVICTION,2026-09-29_1734,2026-09-28
NAT,LONG,CONVICTION,71.0,BULL_BOUNCE_PENDING,7.59,7.19,8.29,,254,1.79,7.789999961853027,7.980000019073486,7.71999979019165,4365500.0,0.65,NO_FILL,0.0,CHOP,LIMIT,17,COMPRESSION,2026-09-29_1734,2026-09-28
FWDI,LONG,CONVICTION,71.0,BULL_BOUNCE,8.23,7.59,8.78,,156,0.86,8.050000190734863,8.470000267028809,8.039999961853027,1735200.0,-2.19,CLOSED_LOSS,-0.28,CHOP,LIMIT,13,COMPRESSION,2026-09-29_1734,2026-09-28
UHS,SHORT,CONVICTION,70.9,BEAR_REJECTION_PENDING,182.44,203.32,173.32,,4,0.44,177.47999572753906,183.4600067138672,177.3699951171875,764400.0,-0.77,CLOSED,0.24,CHOP,LIMIT,14,CONVICTION,2026-09-29_1734,2026-09-28
NOG,LONG,CONVICTION,70.8,BULL_BOUNCE_PENDING,22.79,21.49,26.66,25.96,77,3.0,23.209999084472656,23.739999771118164,23.020000457763672,3584200.0,-0.17,NO_FILL,0.0,CHOP,LIMIT,20,COMPRESSION,2026-09-29_1734,2026-09-28
VAL,LONG,CONVICTION,70.8,BULL_BOUNCE_PENDING,79.64,78.61,83.46,87.99,96,3.69,79.62000274658203,81.94000244140625,79.6050033569336,1317300.0,-1.26,CLOSED_LOSS,-0.02,CHOP,LIMIT,20,COMPRESSION,2026-09-29_1734,2026-09-28
HNGE,LONG,CONVICTION,70.7,BULL_BOUNCE_PENDING,93.53,90.31,98.21,,31,1.45,92.44999694824219,94.15499877929688,91.76000213623047,1276600.0,-3.13,CLOSED_LOSS,-0.34,CHOP,LIMIT,20,MINOR,2026-09-29_1734,2026-09-28
NEBX,SHORT,CONVICTION,70.7,BEAR_REJECTION_PENDING,26.28,28.02,22.48,,57,2.18,26.219999313354492,29.299999237060547,25.40999984741211,1520200.0,0.7,STOPPED,-1.0,CHOP,LIMIT,20,CONVICTION,2026-09-29_1734,2026-09-28
USD,LONG,CONVICTION,70.7,BULL_BOUNCE_PENDING,90.55,87.77,98.0,97.54,35,2.68,94.72000122070312,98.0,92.94000244140625,466200.0,2.51,NO_FILL,0.0,CHOP,LIMIT,20,CONVICTION,2026-09-29_1734,2026-09-28
CMRC,SHORT,CONVICTION,70.6,BEAR_REJECTION_PENDING,3.28,3.35,3.13,2.9,1475,2.21,3.1700000762939453,3.190000057220459,3.0799999237060547,448400.0,-2.61,NO_FILL,0.0,CHOP,LIMIT,20,COMPRESSION,2026-09-29_1734,2026-09-28
SOXX,LONG,CONVICTION,70.6,BULL_BOUNCE_PENDING,547.25,530.4,607.64,624.0,5,3.58,560.7899780273438,570.8699951171875,551.9500122070312,7348500.0,0.42,NO_FILL,0.0,CHOP,LIMIT,20,CONVICTION,2026-09-29_1734,2026-09-28
BSY,LONG,CONVICTION,70.5,BULL_BOUNCE_PENDING,30.81,29.92,33.32,33.32,112,2.82,31.290000915527344,31.31999969482422,30.360000610351562,2217100.0,-0.48,CLOSED,0.54,CHOP,LIMIT,20,COMPRESSION,2026-09-29_1734,2026-09-28
SEPN,SHORT,CONVICTION,70.5,BEAR_REJECTION_PENDING,38.34,39.08,35.55,35.55,134,3.75,39.7400016784668,39.779998779296875,37.029998779296875,338300.0,5.22,STOPPED,-1.0,CHOP,LIMIT,20,MINOR,2026-09-29_1734,2026-09-28
RAL,LONG,CONVICTION,70.5,BULL_BOUNCE,69.3,66.83,72.77,,40,1.4,69.95999908447266,70.07499694824219,68.61000061035156,967900.0,0.95,CLOSED,0.27,CHOP,LIMIT,19,MINOR,2026-09-29_1734,2026-09-28
IAUX,LONG,CONVICTION,70.4,BULL_BOUNCE,1.71,1.62,1.89,,1057,1.9,1.649999976158142,1.6950000524520874,1.6399999856948853,4591700.0,-3.51,CLOSED_LOSS,-0.67,CHOP,LIMIT,20,COMPRESSION,2026-09-29_1734,2026-09-28
YMM,LONG,CONVICTION,70.4,BULL_BOUNCE,8.12,7.92,8.54,9.16,498,2.09,8.199999809265137,8.25,8.109999656677246,11958100.0,0.99,CLOSED,0.4,CHOP,LIMIT,20,COMPRESSION,2026-09-29_1734,2026-09-28
HHH,SHORT,CONVICTION,70.2,BEAR_REJECTION_PENDING,69.63,74.28,61.42,,21,1.77,73.94999694824219,74.37000274658203,68.0,1887600.0,8.33,STOPPED,-1.0,CHOP,LIMIT,20,COMPRESSION,2026-09-29_1734,2026-09-28
FTAI,SHORT,CONVICTION,70.1,BEAR_REJECTION_PENDING,179.78,186.94,159.47,,13,2.83,167.10000610351562,173.375,166.4199981689453,1665900.0,-5.19,NO_FILL,0.0,CHOP,LIMIT,17,CONVICTION,2026-09-29_1734,2026-09-28
EZPW,LONG,CONVICTION,70.1,BULL_BOUNCE,30.81,29.71,34.7,34.09,91,3.55,30.829999923706055,31.440000534057617,30.469999313354492,627200.0,0.07,CLOSED,0.02,CHOP,LIMIT,20,COMPRESSION,2026-09-29_1734,2026-09-28
CRWD,LONG,CONVICTION,70.0,BULL_BOUNCE,252.68,240.52,265.31,,8,1.04,259.25,260.68499755859375,246.50999450683594,8962000.0,2.6,CLOSED,0.54,CHOP,LIMIT,20,COMPRESSION,2026-09-29_1734,2026-09-28
AMAT,SHORT,CONVICTION,70.0,BEAR_REJECTION_PENDING,470.01,488.28,416.44,404.39,5,2.93,486.760009765625,487.45001220703125,471.3800048828125,6092100.0,3.57,CLOSED_LOSS,-0.92,CHOP,LIMIT,20,CONVICTION,2026-09-29_1734,2026-09-28
INFQ,LONG,CONVICTION,70.0,BULL_BOUNCE_PENDING,13.83,13.12,16.16,,142,3.32,14.130000114440918,14.800000190734863,14.039999961853027,6327300.0,0.14,NO_FILL,0.0,CHOP,LIMIT,16,COMPRESSION,2026-09-29_1734,2026-09-28
EXPD,LONG,CONVICTION,70.0,BULL_BOUNCE_PENDING,183.71,172.79,192.9,,9,0.84,188.5800018310547,188.9600067138672,186.4499969482422,751000.0,0.6,NO_FILL,0.0,CHOP,LIMIT,19,MINOR,2026-09-29_1734,2026-09-28
TER,SHORT,CONVICTION,70.0,BEAR_REJECTION_PENDING,386.39,392.27,359.24,352.86,17,4.62,401.29998779296875,401.9700012207031,383.5,2027700.0,3.96,STOPPED,-1.0,CHOP,LIMIT,20,VACUUM,2026-09-29_1734,2026-09-28
SNPS,SHORT,CONVICTION,70.0,BEAR_REJECTION_PENDING,424.46,428.93,406.64,413.5,22,3.98,417.6099853515625,427.510009765625,417.1099853515625,1546800.0,-0.9,CLOSED,1.5,CHOP,LIMIT,20,CONVICTION,2026-09-29_1734,2026-09-28
EMBJ,LONG,CONVICTION,70.0,BULL_BOUNCE_PENDING,78.78,76.42,82.72,,42,1.67,76.52999877929688,78.1500015258789,75.91000366210938,1338600.0,-2.67,STOPPED,-1.0,CHOP,STOP,2,MINOR,2026-09-29_1734,2026-09-28
HAE,LONG,CONVICTION,69.9,BULL_BOUNCE_PENDING,103.53,101.92,106.67,107.25,62,1.95,105.79000091552734,106.22000122070312,104.44000244140625,472100.0,0.47,NO_FILL,0.0,CHOP,LIMIT,20,MINOR,2026-09-29_1734,2026-09-28
AVS,SHORT,CONVICTION,69.9,BEAR_REJECTION_PENDING,8.3,8.43,7.84,7.99,757,3.49,8.274999618530273,8.329999923706055,8.130000114440918,6403700.0,-0.18,CLOSED,0.19,CHOP,LIMIT,20,COMPRESSION,2026-09-29_1734,2026-09-28
PDFS,LONG,CONVICTION,69.7,BULL_BOUNCE_PENDING,48.54,47.64,53.37,50.92,111,5.37,49.75,50.43000030517578,48.25,525700.0,0.44,CLOSED,1.34,CHOP,LIMIT,20,CONVICTION,2026-09-29_1734,2026-09-28
CELC,SHORT,CONVICTION,69.7,BEAR_REJECTION_PENDING,82.68,86.35,70.97,72.47,27,3.19,79.63999938964844,80.0199966430664,77.08999633789062,610400.0,-1.75,NO_FILL,0.0,CHOP,LIMIT,20,VACUUM,2026-09-29_1734,2026-09-28
HOG,SHORT,CONVICTION,69.7,BEAR_REJECTION_PENDING,25.66,26.06,24.77,23.87,250,2.23,24.670000076293945,25.350000381469727,24.540000915527344,1749600.0,-3.06,NO_FILL,0.0,CHOP,LIMIT,20,COMPRESSION,2026-09-29_1734,2026-09-28
BHC,LONG,CONVICTION,69.7,BULL_BOUNCE_PENDING,5.59,5.3,6.11,6.38,347,1.82,5.769999980926514,5.849999904632568,5.599999904632568,1508700.0,1.23,NO_FILL,0.0,CHOP,LIMIT,20,COMPRESSION,2026-09-29_1734,2026-09-28
JPM,LONG,CONVICTION,69.5,BULL_BOUNCE_PENDING,339.66,336.87,354.23,354.23,35,5.21,336.5899963378906,342.0,336.29998779296875,10483700.0,-1.58,STOPPED,-1.0,CHOP,LIMIT,20,CONVICTION,2026-09-29_1734,2026-09-28
BIO,SHORT,CONVICTION,69.5,BEAR_REJECTION_PENDING,384.14,389.48,359.29,356.89,18,4.66,377.69000244140625,383.95001220703125,373.17999267578125,272600.0,-0.87,NO_FILL,0.0,CHOP,LIMIT,8,VACUUM,2026-09-29_1734,2026-09-28
CECO,LONG,CONVICTION,69.5,BULL_BOUNCE_PENDING,72.03,59.77,75.63,,8,0.29,72.26000213623047,73.98999786376953,71.62000274658203,399900.0,-1.69,CLOSED,0.02,CHOP,LIMIT,20,CONVICTION,2026-09-29_1734,2026-09-28
FUTU,LONG,CONVICTION,69.5,BULL_BOUNCE_PENDING,107.26,104.7,120.3,120.3,39,5.1,112.2699966430664,113.5199966430664,110.99500274658203,872000.0,2.58,NO_FILL,0.0,CHOP,LIMIT,20,CONVICTION,2026-09-29_1734,2026-09-28
COMP,SHORT,CONVICTION,69.4,BEAR_REJECTION_PENDING,9.5,9.72,8.94,8.94,457,2.56,9.100000381469727,9.324999809265137,9.0,17142100.0,-2.99,NO_FILL,0.0,CHOP,LIMIT,20,COMPRESSION,2026-09-29_1734,2026-09-28
ADBE,SHORT,CONVICTION,69.4,BEAR_REJECTION_PENDING,241.45,259.05,206.66,,5,1.98,231.00999450683594,231.49000549316406,224.6699981689453,5228700.0,-2.41,NO_FILL,0.0,CHOP,LIMIT,20,CONVICTION,2026-09-29_1734,2026-09-28
FRPT,LONG,CONVICTION,69.4,BULL_BOUNCE_PENDING,56.75,54.96,63.67,66.5,55,3.87,57.16999816894531,57.529998779296875,56.0,759200.0,-1.28,CLOSED,0.23,CHOP,LIMIT,20,MINOR,2026-09-29_1734,2026-09-28
MRNX,SHORT,CONVICTION,69.4,BEAR_REJECTION_PENDING,141.11,149.74,124.18,121.45,11,1.96,147.82000732421875,151.36000061035156,135.60000610351562,160500.0,5.22,STOPPED,-1.0,CHOP,LIMIT,20,CONVICTION,2026-09-29_1734,2026-09-28
EW,SHORT,CONVICTION,69.3,BEAR_REJECTION_PENDING,85.87,87.23,74.69,74.2,73,8.2,86.83000183105469,87.33000183105469,85.55999755859375,3228100.0,1.56,STOPPED,-1.0,CHOP,LIMIT,20,COMPRESSION,2026-09-29_1734,2026-09-28
AGIO,LONG,CONVICTION,69.3,BULL_BOUNCE_PENDING,31.93,30.48,37.36,35.83,69,3.75,33.41999816894531,34.119998931884766,32.349998474121094,1347700.0,2.58,NO_FILL,0.0,CHOP,LIMIT,20,COMPRESSION,2026-09-29_1734,2026-09-28
SKHZ,SHORT,CONVICTION,69.3,BEAR_REJECTION_PENDING,9.79,9.94,9.48,9.24,669,2.07,9.739999771118164,9.859999656677246,9.510000228881836,1874400.0,0.93,CLOSED,0.33,CHOP,LIMIT,20,COMPRESSION,2026-09-29_1734,2026-09-28
HPE,LONG,CONVICTION,69.2,BULL_BOUNCE_PENDING,60.41,55.81,63.43,,21,0.66,62.630001068115234,63.380001068115234,61.0,15021800.0,1.61,NO_FILL,0.0,CHOP,LIMIT,18,MINOR,2026-09-29_1734,2026-09-28
OIH,LONG,CONVICTION,69.2,BULL_BOUNCE_PENDING,390.52,386.34,396.89,418.1,23,1.52,389.7900085449219,396.5299987792969,389.4700012207031,174300.0,-0.99,CLOSED_LOSS,-0.17,CHOP,LIMIT,20,CONVICTION,2026-09-29_1734,2026-09-28
VIST,SHORT,CONVICTION,69.2,BEAR_REJECTION_PENDING,70.33,71.87,67.13,60.89,64,2.08,66.91000366210938,68.9800033569336,66.63999938964844,687500.0,-2.96,NO_FILL,0.0,CHOP,LIMIT,20,COMPRESSION,2026-09-29_1734,2026-09-28
EBAY,SHORT,CONVICTION,69.2,BEAR_REJECTION_PENDING,110.37,115.88,95.62,94.42,18,2.68,107.31999969482422,108.7300033569336,105.72000122070312,3726200.0,-0.82,NO_FILL,0.0,CHOP,LIMIT,19,VACUUM,2026-09-29_1734,2026-09-28
CTSH,SHORT,CONVICTION,69.1,BEAR_REJECTION_PENDING,58.49,62.26,52.31,,26,1.64,56.75,57.400001525878906,55.630001068115234,4846200.0,-1.03,NO_FILL,0.0,CHOP,LIMIT,20,COMPRESSION,2026-09-29_1734,2026-09-28
CONL,LONG,CONVICTION,69.1,BULL_BOUNCE_PENDING,5.88,5.18,6.17,,143,0.42,6.079999923706055,6.525000095367432,6.039999961853027,16792000.0,1.34,NO_FILL,0.0,CHOP,LIMIT,20,COMPRESSION,2026-09-29_1734,2026-09-28
SITM,SHORT,CONVICTION,69.1,BEAR_REJECTION_PENDING,678.3,697.47,629.9,580.16,5,2.52,656.6500244140625,666.3400268554688,634.8800048828125,335400.0,-1.26,NO_FILL,0.0,CHOP,LIMIT,8,CONVICTION,2026-09-29_1734,2026-09-28
XNDU,SHORT,CONVICTION,69.0,BEAR_REJECTION_PENDING,5.06,5.24,4.81,,553,1.4,4.769999980926514,4.940000057220459,4.699999809265137,6808100.0,-4.41,NO_FILL,0.0,CHOP,LIMIT,15,COMPRESSION,2026-09-29_1734,2026-09-28
DKS,SHORT,CONVICTION,69.0,BEAR_REJECTION_PENDING,137.7,140.16,125.95,132.0,40,4.78,134.16000366210938,135.52999877929688,131.89999389648438,2249100.0,-0.62,NO_FILL,0.0,CHOP,LIMIT,20,COMPRESSION,2026-09-29_1734,2026-09-28
ERO,SHORT,CONVICTION,69.0,BEAR_REJECTION_PENDING,36.29,39.19,31.45,,34,1.67,37.40999984741211,38.0,35.61000061035156,1183000.0,3.2,CLOSED_LOSS,-0.39,CHOP,LIMIT,20,VACUUM,2026-09-29_1734,2026-09-28
TTWO,LONG,CONVICTION,69.0,BULL_BOUNCE_PENDING,196.83,183.16,222.77,,7,1.9,202.35000610351562,203.5500030517578,199.4600067138672,2072900.0,0.75,NO_FILL,0.0,CHOP,LIMIT,20,MINOR,2026-09-29_1734,2026-09-28
DLO,LONG,CONVICTION,69.0,BULL_BOUNCE_PENDING,13.77,12.93,15.63,15.89,119,2.22,13.819999694824219,14.069999694824219,13.781999588012695,2611800.0,-1.64,NO_FILL,0.0,CHOP,LIMIT,20,COMPRESSION,2026-09-29_1734,2026-09-28
RMBS,LONG,CONVICTION,69.0,BULL_BOUNCE,104.5,99.23,118.46,,18,2.65,102.12000274658203,104.56999969482422,99.33999633789062,1813600.0,-2.28,CLOSED_LOSS,-0.45,CHOP,LIMIT,12,CONVICTION,2026-09-29_1734,2026-09-28
FIS,SHORT,CONVICTION,68.9,BEAR_REJECTION_PENDING,36.12,36.61,34.91,34.91,202,2.45,34.310001373291016,35.15999984741211,34.27000045776367,8891500.0,-3.11,NO_FILL,0.0,CHOP,LIMIT,20,COMPRESSION,2026-09-29_1734,2026-09-28
PWR,SHORT,CONVICTION,68.9,BEAR_REJECTION_PENDING,640.49,651.25,576.02,588.09,9,5.99,644.3599853515625,656.510009765625,635.3900146484375,845900.0,0.68,STOPPED,-1.0,CHOP,LIMIT,20,CONVICTION,2026-09-29_1734,2026-09-28
STEP,SHORT,CONVICTION,68.8,BEAR_REJECTION_PENDING,44.71,45.33,41.04,40.87,160,5.9,43.11000061035156,43.880001068115234,42.709999084472656,964400.0,-2.82,NO_FILL,0.0,CHOP,LIMIT,20,COMPRESSION,2026-09-29_1734,2026-09-28
VIRT,LONG,CONVICTION,68.8,BULL_BOUNCE_PENDING,52.33,50.38,60.75,59.32,51,4.3,51.970001220703125,53.487998962402344,51.67499923706055,1209100.0,-2.68,CLOSED_LOSS,-0.18,CHOP,LIMIT,20,COMPRESSION,2026-09-29_1734,2026-09-28
TKO,LONG,CONVICTION,68.8,BULL_BOUNCE_PENDING,179.02,161.94,208.83,,5,1.75,181.5800018310547,184.63999938964844,180.6999969482422,940300.0,-0.6,NO_FILL,0.0,CHOP,LIMIT,20,CONVICTION,2026-09-29_1734,2026-09-28
SRZN,LONG,CONVICTION,68.8,BULL_BOUNCE_PENDING,28.1,25.17,29.51,,34,0.48,29.639999389648438,30.389999389648438,29.010000228881836,409700.0,3.36,NO_FILL,0.0,CHOP,LIMIT,1,MINOR,2026-09-29_1734,2026-09-28
TECK,LONG,CONVICTION,68.7,BULL_BOUNCE_CONFIRMED,66.97,62.78,70.32,,23,0.8,65.16000366210938,65.26000213623047,64.0,3286900.0,-2.7,CLOSED_LOSS,-0.43,CHOP,LIMIT,20,COMPRESSION,2026-09-29_1734,2026-09-28
PLTD,SHORT,CONVICTION,68.7,BEAR_REJECTION_PENDING,4.83,4.94,4.67,,910,1.55,4.769999980926514,4.815000057220459,4.699999809265137,13783400.0,0.63,NO_FILL,0.0,CHOP,LIMIT,20,COMPRESSION,2026-09-29_1734,2026-09-28
APH,LONG,CONVICTION,68.7,BULL_BOUNCE_PENDING,81.2,77.94,87.93,88.61,30,2.06,84.62000274658203,85.70999908447266,82.5199966430664,13939500.0,2.12,NO_FILL,0.0,CHOP,LIMIT,15,MINOR,2026-09-29_1734,2026-09-28
EFOR,LONG,CONVICTION,68.6,BULL_BOUNCE_PENDING,32.46,31.19,34.08,,78,1.28,32.83000183105469,33.220001220703125,32.09000015258789,461400.0,-0.88,CLOSED,0.29,CHOP,LIMIT,13,MINOR,2026-09-29_1734,2026-09-28
MU,LONG,CONVICTION,68.6,BULL_BOUNCE_PENDING,1035.93,1010.72,1128.7,1139.08,3,3.68,1053.97998046875,1084.81005859375,1032.0,22227200.0,-0.29,CLOSED,0.72,CHOP,LIMIT,20,CONVICTION,2026-09-29_1734,2026-09-28
LBRT,LONG,CONVICTION,68.6,BULL_BOUNCE_PENDING,18.54,17.32,20.53,21.34,81,1.63,18.950000762939453,19.797000885009766,18.594999313354492,4189100.0,0.16,NO_FILL,0.0,CHOP,LIMIT,20,COMPRESSION,2026-09-29_1734,2026-09-28
PAA,SHORT,CONVICTION,68.6,BEAR_REJECTION_PENDING,24.85,25.11,22.01,23.67,377,10.72,24.530000686645508,24.780000686645508,24.239999771118164,2842100.0,0.45,NO_FILL,0.0,CHOP,LIMIT,20,COMPRESSION,2026-09-29_1734,2026-09-28
EEFT,SHORT,CONVICTION,68.6,BEAR_REJECTION_PENDING,66.92,68.2,64.71,,78,1.73,64.93000030517578,65.0,63.59000015258789,554700.0,-1.04,NO_FILL,0.0,CHOP,LIMIT,20,COMPRESSION,2026-09-29_1734,2026-09-28
NVDA,LONG,CONVICTION,68.5,BULL_BOUNCE,223.03,217.81,233.0,,19,1.91,228.86000061035156,233.2100067138672,228.0399932861328,142344300.0,2.61,NO_FILL,0.0,CHOP,LIMIT,20,MINOR,2026-09-29_1734,2026-09-28
SNAP,LONG,CONVICTION,68.5,BULL_BOUNCE_PENDING,5.28,4.66,5.55,,160,0.42,5.21999979019165,5.390999794006348,5.190000057220459,28220200.0,-3.15,CLOSED_LOSS,-0.1,CHOP,LIMIT,20,MINOR,2026-09-29_1734,2026-09-28
ON,LONG,CONVICTION,68.5,BULL_BOUNCE_PENDING,74.45,72.58,79.99,86.19,53,2.96,75.6500015258789,77.20999908447266,74.11000061035156,10413700.0,-0.42,CLOSED,0.64,CHOP,LIMIT,20,CONVICTION,2026-09-29_1734,2026-09-28
PATH,LONG,CONVICTION,68.5,BULL_BOUNCE_PENDING,12.25,10.77,12.86,,67,0.41,12.1899995803833,12.354999542236328,11.569999694824219,49586300.0,-2.48,CLOSED_LOSS,-0.04,CHOP,LIMIT,15,COMPRESSION,2026-09-29_1734,2026-09-28
BRKR,LONG,CONVICTION,68.5,BULL_BOUNCE_PENDING,62.9,60.78,66.9,68.87,47,1.89,63.279998779296875,64.94999694824219,62.369998931884766,2612700.0,-1.4,CLOSED,0.18,CHOP,LIMIT,3,COMPRESSION,2026-09-29_1734,2026-09-28
IMNM,LONG,CONVICTION,68.5,BULL_BOUNCE_PENDING,21.14,20.23,24.63,24.7,109,3.82,21.68000030517578,21.809999465942383,20.844999313354492,945200.0,0.5,CLOSED,0.59,CHOP,LIMIT,20,MINOR,2026-09-29_1734,2026-09-28
PLTZ,SHORT,CONVICTION,68.5,BEAR_REJECTION_PENDING,8.02,8.23,7.68,7.49,459,1.54,7.909999847412109,8.055000305175781,7.679999828338623,3671200.0,0.64,TARGET_HIT,1.5,CHOP,LIMIT,12,COMPRESSION,2026-09-29_1734,2026-09-28
VG,SHORT,CONVICTION,68.4,BEAR_REJECTION_PENDING,12.97,13.7,11.2,11.2,136,2.41,12.890000343322754,13.329999923706055,12.8100004196167,13299000.0,-0.23,CLOSED,0.11,CHOP,LIMIT,20,COMPRESSION,2026-09-29_1734,2026-09-28
OMDA,LONG,CONVICTION,68.4,BULL_BOUNCE,19.75,18.69,22.43,22.28,94,2.52,19.389999389648438,19.601999282836914,19.18000030517578,1762200.0,-1.82,CLOSED_LOSS,-0.34,CHOP,LIMIT,20,COMPRESSION,2026-09-29_1734,2026-09-28
CLS,SHORT,CONVICTION,68.4,BEAR_REJECTION_PENDING,363.34,371.26,341.45,318.37,12,2.76,356.5299987792969,372.9700012207031,349.5199890136719,2483700.0,0.09,STOPPED,-1.0,CHOP,LIMIT,20,MINOR,2026-09-29_1734,2026-09-28
ARGX,LONG,CONVICTION,68.4,BULL_BOUNCE_PENDING,947.94,941.09,1005.68,1007.07,14,8.43,972.25,977.010009765625,954.760009765625,264700.0,1.33,NO_FILL,0.0,CHOP,LIMIT,20,CONVICTION,2026-09-29_1734,2026-09-28
NVDQ,SHORT,CONVICTION,68.4,BEAR_REJECTION_PENDING,8.57,8.69,8.22,8.22,811,2.84,8.119999885559082,8.180000305175781,7.800000190734863,6562900.0,-4.25,NO_FILL,0.0,CHOP,LIMIT,20,COMPRESSION,2026-09-29_1734,2026-09-28
SOLS,LONG,CONVICTION,68.4,BULL_BOUNCE_PENDING,55.17,52.72,60.11,62.21,40,2.01,56.93000030517578,57.540000915527344,55.35499954223633,2919300.0,1.12,NO_FILL,0.0,CHOP,LIMIT,20,CONVICTION,2026-09-29_1734,2026-09-28
CPRT,SHORT,CONVICTION,68.3,BEAR_REJECTION_PENDING,27.88,28.2,27.3,26.96,316,1.84,27.219999313354492,27.549999237060547,27.110000610351562,8045100.0,-1.7,NO_FILL,0.0,CHOP,LIMIT,20,COMPRESSION,2026-09-29_1734,2026-09-28
SKUU,SHORT,CONVICTION,68.3,BEAR_REJECTION_PENDING,28.42,30.66,24.95,,44,1.55,27.649999618530273,29.149999618530273,26.760000228881836,1181500.0,-1.67,CLOSED,0.34,CHOP,LIMIT,20,COMPRESSION,2026-09-29_1734,2026-09-28
GXO,LONG,CONVICTION,68.3,BULL_BOUNCE_PENDING,44.44,42.62,51.03,49.0,54,3.61,44.77000045776367,45.65999984741211,43.63999938964844,1376500.0,-1.28,CLOSED,0.18,CHOP,LIMIT,20,MINOR,2026-09-29_1734,2026-09-28
MMED,LONG,CONVICTION,68.3,BULL_BOUNCE_PENDING,19.58,18.76,21.79,,121,2.69,20.489999771118164,20.510000228881836,19.799999237060547,3729700.0,2.55,NO_FILL,0.0,CHOP,LIMIT,14,COMPRESSION,2026-09-29_1734,2026-09-28
ELF,LONG,CONVICTION,68.2,BULL_BOUNCE_PENDING,98.25,96.96,102.89,102.89,77,3.59,101.80000305175781,102.5,97.0,1160700.0,2.69,CLOSED,1.5,CHOP,LIMIT,20,VACUUM,2026-09-29_1734,2026-09-28
DAR,LONG,CONVICTION,68.2,BULL_BOUNCE_PENDING,58.95,58.03,65.18,61.29,108,6.73,60.59000015258789,62.08000183105469,60.11000061035156,2140300.0,0.72,NO_FILL,0.0,CHOP,LIMIT,20,COMPRESSION,2026-09-29_1734,2026-09-28
SIG,LONG,CONVICTION,68.2,BULL_BOUNCE_PENDING,101.06,99.47,106.11,,63,3.19,103.30000305175781,104.0,101.52999877929688,591100.0,1.02,NO_FILL,0.0,CHOP,LIMIT,5,MINOR,2026-09-29_1734,2026-09-28
AI,LONG,CONVICTION,68.1,BULL_BOUNCE_PENDING,10.38,9.65,11.9,12.05,137,2.09,10.40999984741211,10.538999557495117,10.199999809265137,3415800.0,-1.7,CLOSED,0.04,CHOP,LIMIT,17,MINOR,2026-09-29_1734,2026-09-28
TPG,LONG,CONVICTION,68.1,BULL_BOUNCE_PENDING,43.5,40.3,49.82,50.91,31,1.97,43.4900016784668,44.34000015258789,43.2400016784668,1899900.0,-2.03,CLOSED_LOSS,-0.0,CHOP,LIMIT,20,COMPRESSION,2026-09-29_1734,2026-09-28
XME,SHORT,CONVICTION,68.1,BEAR_REJECTION_PENDING,108.69,110.13,105.3,96.06,69,2.36,105.41999816894531,106.9000015258789,105.0,1384500.0,-1.13,NO_FILL,0.0,CHOP,LIMIT,20,CONVICTION,2026-09-29_1734,2026-09-28
SANM,LONG,CONVICTION,68.1,BULL_BOUNCE_PENDING,222.43,219.11,236.54,242.94,30,4.26,220.05999755859375,226.57000732421875,216.38999938964844,431100.0,-2.1,STOPPED,-1.0,CHOP,LIMIT,20,COMPRESSION,2026-09-29_1734,2026-09-28
CRNX,LONG,CONVICTION,68.0,BULL_BOUNCE_PENDING,83.86,83.18,88.06,,146,6.14,nan,nan,nan,nan,nan,NO_FILL,0.0,CHOP,LIMIT,0,NONE,2026-09-29_1734,2026-09-28
ALC,SHORT,CONVICTION,68.0,BEAR_REJECTION_PENDING,65.74,68.48,62.45,,36,1.2,65.26000213623047,65.44499969482422,64.36000061035156,2320400.0,1.26,NO_FILL,0.0,CHOP,LIMIT,20,COMPRESSION,2026-09-29_1734,2026-09-28
SUGP,LONG,CONVICTION,68.0,BULL_BOUNCE_PENDING,0.49,0.44,0.57,,2265,1.91,0.5299999713897705,0.5339999794960022,0.4819999933242798,1370500.0,6.43,CLOSED,0.8,CHOP,LIMIT,15,MINOR,2026-09-29_1734,2026-09-28
SPHR,LONG,CONVICTION,68.0,BULL_BOUNCE_PENDING,141.0,137.12,147.12,158.16,25,1.58,138.72000122070312,141.5,138.47000122070312,405400.0,-3.59,CLOSED_LOSS,-0.59,CHOP,LIMIT,20,MINOR,2026-09-29_1734,2026-09-28
AXGN,LONG,CONVICTION,68.0,BULL_BOUNCE_PENDING,42.52,36.81,44.65,,17,0.37,43.36000061035156,43.939998626708984,42.459999084472656,885500.0,-0.07,CLOSED,0.15,CHOP,LIMIT,20,CONVICTION,2026-09-29_1734,2026-09-28
APUS,LONG,CONVICTION,68.0,BULL_BOUNCE_PENDING,6.28,5.97,6.99,7.01,320,2.28,6.389999866485596,6.5,5.559999942779541,858800.0,0.79,STOPPED,-1.0,CHOP,LIMIT,8,COMPRESSION,2026-09-29_1734,2026-09-28
GOOG,LONG,CONVICTION,67.9,BULL_BOUNCE,338.34,329.63,358.79,381.23,11,2.35,339.1600036621094,340.1099853515625,336.6000061035156,13870800.0,0.24,CLOSED,0.09,CHOP,LIMIT,20,CONVICTION,2026-09-29_1734,2026-09-28
BZ,SHORT,CONVICTION,67.9,BEAR_REJECTION_PENDING,14.28,14.48,13.86,13.69,494,2.08,14.180000305175781,14.28499984741211,13.680000305175781,7000900.0,1.29,TARGET_HIT,1.5,CHOP,LIMIT,20,COMPRESSION,2026-09-29_1734,2026-09-28
ALNY,LONG,CONVICTION,67.9,BULL_BOUNCE_PENDING,248.92,244.05,258.0,286.0,20,1.87,255.36000061035156,256.6000061035156,248.1199951171875,1147900.0,0.54,CLOSED,1.32,CHOP,LIMIT,12,CONVICTION,2026-09-29_1734,2026-09-28
BBD,SHORT,CONVICTION,67.9,BEAR_REJECTION_PENDING,3.42,3.48,3.32,3.25,1745,1.75,3.3499999046325684,3.4000000953674316,3.3399999141693115,27293300.0,-1.76,NO_FILL,0.0,CHOP,LIMIT,20,MINOR,2026-09-29_1734,2026-09-28
AGEN,LONG,CONVICTION,67.8,BULL_BOUNCE_PENDING,8.38,7.25,8.8,,88,0.37,9.430000305175781,9.710000038146973,8.470000267028809,2764000.0,10.29,NO_FILL,0.0,CHOP,LIMIT,0,NONE,2026-09-29_1734,2026-09-28
KKR,SHORT,CONVICTION,67.8,BEAR_REJECTION_PENDING,97.46,98.93,94.64,86.1,67,1.92,93.23999786376953,95.68000030517578,92.69999694824219,6004900.0,-3.58,NO_FILL,0.0,CHOP,LIMIT,20,CONVICTION,2026-09-29_1734,2026-09-28
ALSN,SHORT,CONVICTION,67.8,BEAR_REJECTION_PENDING,116.14,122.96,105.61,,14,1.54,113.66000366210938,114.9800033569336,111.91000366210938,451100.0,-0.18,NO_FILL,0.0,CHOP,LIMIT,20,CONVICTION,2026-09-29_1734,2026-09-28
CRMU,LONG,CONVICTION,67.8,BULL_BOUNCE_PENDING,2.18,1.98,2.54,,521,1.9,2.2699999809265137,2.380000114440918,2.1700000762939453,761200.0,2.25,CLOSED,0.45,CHOP,LIMIT,20,MINOR,2026-09-29_1734,2026-09-28
BMNU,SHORT,CONVICTION,67.7,BEAR_REJECTION_PENDING,21.43,22.81,18.71,,72,1.97,21.600000381469727,23.280000686645508,21.356000900268555,4232300.0,0.84,STOPPED,-1.0,CHOP,LIMIT,14,VACUUM,2026-09-29_1734,2026-09-28
SGHC,SHORT,CONVICTION,67.7,BEAR_REJECTION_PENDING,12.25,12.41,10.59,11.57,618,10.26,11.720000267028809,11.994999885559082,11.579999923706055,2463800.0,-3.54,NO_FILL,0.0,CHOP,LIMIT,20,COMPRESSION,2026-09-29_1734,2026-09-28
PAGP,LONG,CONVICTION,67.7,BULL_BOUNCE_PENDING,26.38,25.32,27.98,,94,1.51,26.600000381469727,26.860000610351562,26.329999923706055,2494200.0,-1.19,CLOSED,0.21,CHOP,LIMIT,17,COMPRESSION,2026-09-29_1734,2026-09-28
ANGX,LONG,CONVICTION,67.6,BULL_BOUNCE_PENDING,4.72,4.49,5.47,5.29,432,3.23,4.570000171661377,4.749000072479248,4.550000190734863,1428600.0,-5.19,CLOSED_LOSS,-0.65,CHOP,LIMIT,20,COMPRESSION,2026-09-29_1734,2026-09-28
KHC,LONG,CONVICTION,67.6,BULL_BOUNCE_PENDING,23.19,21.81,27.01,27.01,72,2.78,23.559999465942383,23.780000686645508,23.45199966430664,9703900.0,-0.42,NO_FILL,0.0,CHOP,LIMIT,20,COMPRESSION,2026-09-29_1734,2026-09-28
WSO,LONG,CONVICTION,67.6,BULL_BOUNCE_PENDING,312.62,310.09,319.78,343.18,39,2.84,313.2200012207031,317.05999755859375,310.1000061035156,521400.0,-1.26,CLOSED,0.24,CHOP,LIMIT,20,COMPRESSION,2026-09-29_1734,2026-09-28
GLW,SHORT,CONVICTION,67.5,BEAR_REJECTION_PENDING,151.89,160.2,130.42,129.1,12,2.58,151.58999633789062,155.66000366210938,149.25999450683594,7331100.0,0.06,CLOSED,0.04,CHOP,LIMIT,20,VACUUM,2026-09-29_1734,2026-09-28
SNDU,SHORT,CONVICTION,67.5,BEAR_REJECTION_PENDING,25.33,27.04,21.46,,58,2.26,25.139999389648438,26.530000686645508,23.440000534057617,3056300.0,0.08,CLOSED,0.11,CHOP,LIMIT,20,CONVICTION,2026-09-29_1734,2026-09-28
OSIS,LONG,CONVICTION,67.5,BULL_BOUNCE_PENDING,193.3,185.54,206.73,219.32,12,1.73,193.0399932861328,197.6199951171875,192.2899932861328,123300.0,-2.13,CLOSED_LOSS,-0.03,CHOP,LIMIT,20,CONVICTION,2026-09-29_1734,2026-09-28
TYL,LONG,CONVICTION,67.5,BULL_BOUNCE_PENDING,319.06,314.62,359.03,346.44,22,9.0,324.0199890136719,325.7900085449219,317.3699951171875,603700.0,-0.48,CLOSED,1.12,CHOP,LIMIT,20,CONVICTION,2026-09-29_1734,2026-09-28
ESTC,SHORT,CONVICTION,67.4,BEAR_REJECTION_PENDING,89.34,90.45,87.51,82.64,90,1.66,87.94000244140625,88.69999694824219,84.62000274658203,1914100.0,-1.47,NO_FILL,0.0,CHOP,LIMIT,20,COMPRESSION,2026-09-29_1734,2026-09-28
AGX,SHORT,CONVICTION,67.4,BEAR_REJECTION_PENDING,364.8,371.24,352.09,335.53,15,1.97,355.2099914550781,366.2099914550781,354.7799987792969,284500.0,-2.49,CLOSED,1.49,CHOP,LIMIT,20,CONVICTION,2026-09-29_1734,2026-09-28
SRRK,LONG,CONVICTION,67.4,BULL_BOUNCE_PENDING,47.47,42.86,49.85,,21,0.52,49.130001068115234,49.97999954223633,47.7599983215332,1569500.0,1.42,NO_FILL,0.0,CHOP,LIMIT,20,CONVICTION,2026-09-29_1734,2026-09-28
CRUS,LONG,CONVICTION,67.4,BULL_BOUNCE_PENDING,116.04,112.45,127.99,129.93,27,3.33,119.52999877929688,120.13999938964844,116.94000244140625,848500.0,0.95,NO_FILL,0.0,CHOP,LIMIT,17,COMPRESSION,2026-09-29_1734,2026-09-28
ADPT,LONG,CONVICTION,67.4,BULL_BOUNCE_PENDING,29.01,26.5,30.46,,39,0.58,28.510000228881836,29.520000457763672,28.06999969482422,2639000.0,-3.68,CLOSED_LOSS,-0.2,CHOP,LIMIT,0,NONE,2026-09-29_1734,2026-09-28
FRNM,LONG,CONVICTION,67.3,BULL_BOUNCE_PENDING,15.67,14.51,16.45,,85,0.67,16.190000534057617,16.415000915527344,15.65999984741211,255900.0,1.25,CLOSED,0.45,CHOP,LIMIT,16,COMPRESSION,2026-09-29_1734,2026-09-28
COHR,SHORT,CONVICTION,67.2,BEAR_REJECTION_PENDING,289.83,302.03,268.89,260.71,8,1.72,282.45001220703125,299.3699951171875,275.7900085449219,6885000.0,-1.9,CLOSED,0.6,CHOP,LIMIT,20,CONVICTION,2026-09-29_1734,2026-09-28
UMAC,LONG,CONVICTION,67.2,BULL_BOUNCE_PENDING,23.12,20.72,24.27,,41,0.48,23.959999084472656,24.6299991607666,23.34000015258789,1967200.0,1.57,NO_FILL,0.0,CHOP,LIMIT,20,COMPRESSION,2026-09-29_1734,2026-09-28
ARCT,SHORT,CONVICTION,67.2,BEAR_REJECTION_PENDING,13.97,14.42,12.14,12.14,226,4.15,14.460000038146973,14.779999732971191,13.550000190734863,824600.0,5.55,STOPPED,-1.0,CHOP,LIMIT,20,COMPRESSION,2026-09-29_1734,2026-09-28
QFIN,SHORT,CONVICTION,67.2,BEAR_REJECTION_PENDING,7.44,7.52,7.07,,1197,4.46,7.050000190734863,7.320000171661377,7.03000020980835,1576100.0,-3.96,NO_FILL,0.0,CHOP,LIMIT,20,COMPRESSION,2026-09-29_1734,2026-09-28
PLMR,LONG,CONVICTION,67.2,BULL_BOUNCE_PENDING,121.71,117.72,135.68,131.14,25,3.51,123.04000091552734,125.0199966430664,121.12999725341797,234200.0,-0.93,CLOSED,0.33,CHOP,LIMIT,20,COMPRESSION,2026-09-29_1734,2026-09-28
AEIS,SHORT,CONVICTION,67.1,BEAR_REJECTION_PENDING,275.28,281.08,247.26,235.43,17,4.83,277.8399963378906,286.9599914550781,271.95001220703125,446400.0,1.04,STOPPED,-1.0,CHOP,LIMIT,20,CONVICTION,2026-09-29_1734,2026-09-28
ACM,SHORT,CONVICTION,67.1,BEAR_REJECTION_PENDING,62.31,64.41,58.9,,47,1.63,59.41999816894531,61.5,58.08000183105469,2224200.0,-2.73,NO_FILL,0.0,CHOP,LIMIT,20,CONVICTION,2026-09-29_1734,2026-09-28
SABR,SHORT,CONVICTION,67.0,BEAR_REJECTION_PENDING,2.21,3.0,2.1,,125,0.14,2.0999999046325684,2.1549999713897705,2.0899999141693115,4854500.0,-3.67,NO_FILL,0.0,CHOP,LIMIT,18,COMPRESSION,2026-09-29_1734,2026-09-28
DXYZ,LONG,CONVICTION,67.0,BULL_BOUNCE_PENDING,29.64,26.46,34.52,,31,1.53,29.860000610351562,30.270000457763672,29.75,445100.0,-1.29,NO_FILL,0.0,CHOP,LIMIT,20,COMPRESSION,2026-09-29_1734,2026-09-28
BLSH,LONG,CONVICTION,67.0,BULL_BOUNCE_PENDING,36.3,35.5,39.46,39.69,125,3.96,35.9900016784668,38.20600128173828,35.900001525878906,745900.0,-2.73,CLOSED_LOSS,-0.39,CHOP,LIMIT,20,CONVICTION,2026-09-29_1734,2026-09-28
MFP,LONG,CONVICTION,67.0,BULL_BOUNCE_PENDING,41.84,38.58,43.93,,30,0.64,41.150001525878906,42.2599983215332,40.86000061035156,256100.0,-3.61,CLOSED_LOSS,-0.21,CHOP,LIMIT,20,COMPRESSION,2026-09-29_1734,2026-09-28
DAN,LONG,CONVICTION,67.0,BULL_BOUNCE_PENDING,26.6,25.45,30.55,29.56,87,3.44,27.1200008392334,27.350000381469727,26.34000015258789,1692200.0,-0.07,CLOSED,0.45,CHOP,LIMIT,20,COMPRESSION,2026-09-29_1734,2026-09-28
VCYT,SHORT,CONVICTION,67.0,BEAR_REJECTION_PENDING,46.34,55.64,44.02,,10,0.25,45.22999954223633,47.52000045776367,44.470001220703125,1696500.0,-0.44,CLOSED,0.12,CHOP,LIMIT,20,CONVICTION,2026-09-29_1734,2026-09-28
ABSI,LONG,CONVICTION,67.0,BULL_BOUNCE_PENDING,9.41,7.94,9.88,,68,0.32,9.489999771118164,9.668999671936035,9.25,3251500.0,-1.15,CLOSED,0.05,CHOP,LIMIT,20,COMPRESSION,2026-09-29_1734,2026-09-28
BIRK,LONG,CONVICTION,66.8,BULL_BOUNCE_PENDING,33.06,31.63,36.57,36.96,69,2.45,32.970001220703125,33.599998474121094,32.79999923706055,1529100.0,-2.27,CLOSED_LOSS,-0.06,CHOP,LIMIT,15,COMPRESSION,2026-09-29_1734,2026-09-28
KVYO,SHORT,CONVICTION,66.8,BEAR_REJECTION_PENDING,16.0,16.27,15.38,14.05,369,2.29,15.399999618530273,15.569999694824219,14.770000457763672,8984600.0,-2.84,NO_FILL,0.0,CHOP,LIMIT,20,COMPRESSION,2026-09-29_1734,2026-09-28
SMCL,SHORT,CONVICTION,66.8,BEAR_REJECTION_PENDING,20.96,29.73,19.91,,11,0.12,19.899999618530273,21.059999465942383,19.1299991607666,462600.0,-3.16,TARGET_HIT,1.5,CHOP,LIMIT,8,CONVICTION,2026-09-29_1734,2026-09-28
TRI,SHORT,CONVICTION,66.8,BEAR_REJECTION_PENDING,100.52,101.65,85.0,91.36,88,13.68,97.33000183105469,98.81999969482422,96.37000274658203,1137800.0,-1.68,NO_FILL,0.0,CHOP,LIMIT,20,COMPRESSION,2026-09-29_1734,2026-09-28
ALGT,LONG,CONVICTION,66.8,BULL_BOUNCE_PENDING,77.51,76.44,84.69,80.55,93,6.75,76.55000305175781,78.55000305175781,75.05000305175781,416400.0,-3.21,STOPPED,-1.0,CHOP,LIMIT,14,CONVICTION,2026-09-29_1734,2026-09-28
NEO,LONG,CONVICTION,66.8,BULL_BOUNCE_PENDING,18.92,18.06,19.87,,115,1.09,19.290000915527344,19.59000015258789,19.010000228881836,1299100.0,-0.1,NO_FILL,0.0,CHOP,LIMIT,12,MINOR,2026-09-29_1734,2026-09-28
TFC,LONG,CONVICTION,66.7,BULL_BOUNCE_PENDING,46.71,44.72,50.35,52.23,50,1.83,47.09000015258789,47.599998474121094,47.04999923706055,6435100.0,-1.2,NO_FILL,0.0,CHOP,LIMIT,20,COMPRESSION,2026-09-29_1734,2026-09-28
CSGP,SHORT,CONVICTION,66.7,BEAR_REJECTION_PENDING,28.37,29.03,26.27,26.27,150,3.16,27.020000457763672,27.75,26.850000381469727,5182600.0,-3.81,NO_FILL,0.0,CHOP,LIMIT,20,COMPRESSION,2026-09-29_1734,2026-09-28
MLI,LONG,CONVICTION,66.7,BULL_BOUNCE_PENDING,59.63,58.83,65.71,68.06,125,7.62,60.970001220703125,61.599998474121094,60.0,1434600.0,0.74,NO_FILL,0.0,CHOP,LIMIT,20,MINOR,2026-09-29_1734,2026-09-28
RL,LONG,CONVICTION,66.7,BULL_BOUNCE_PENDING,349.96,337.9,371.38,384.91,8,1.78,357.1600036621094,358.45001220703125,351.25,564200.0,0.02,NO_FILL,0.0,CHOP,LIMIT,20,CONVICTION,2026-09-29_1734,2026-09-28
ALKT,SHORT,CONVICTION,66.7,BEAR_REJECTION_PENDING,14.03,14.67,13.32,,154,1.08,13.390000343322754,13.739999771118164,13.350000381469727,1749800.0,-2.62,NO_FILL,0.0,CHOP,LIMIT,20,COMPRESSION,2026-09-29_1734,2026-09-28
BE,SHORT,CONVICTION,66.6,BEAR_REJECTION_PENDING,278.75,290.29,253.68,246.07,8,2.17,262.8699951171875,286.260009765625,259.4599914550781,15575100.0,-5.65,CLOSED,1.38,CHOP,LIMIT,20,VACUUM,2026-09-29_1734,2026-09-28
AMC,LONG,CONVICTION,66.6,BULL_BOUNCE_PENDING,2.86,2.68,3.35,,538,2.62,3.2899999618530273,3.4000000953674316,2.9000000953674316,72731000.0,12.63,NO_FILL,0.0,CHOP,LIMIT,6,MINOR,2026-09-29_1734,2026-09-28
APO,SHORT,CONVICTION,66.6,BEAR_REJECTION_PENDING,122.99,124.12,111.8,112.97,88,9.92,119.0,120.83999633789062,118.70999908447266,3092600.0,-2.21,NO_FILL,0.0,CHOP,LIMIT,20,CONVICTION,2026-09-29_1734,2026-09-28
SMMT,LONG,CONVICTION,66.6,BULL_BOUNCE_PENDING,15.34,14.53,16.98,17.97,123,2.03,15.479999542236328,15.819999694824219,15.180000305175781,6151100.0,-1.09,CLOSED,0.17,CHOP,LIMIT,20,CONVICTION,2026-09-29_1734,2026-09-28
KNX,LONG,CONVICTION,66.6,BULL_BOUNCE_PENDING,62.4,59.36,70.3,72.5,32,2.6,63.54999923706055,64.4800033569336,63.119998931884766,3517100.0,-0.19,NO_FILL,0.0,CHOP,LIMIT,20,COMPRESSION,2026-09-29_1734,2026-09-28
RVMD,LONG,CONVICTION,66.6,BULL_BOUNCE_PENDING,202.87,197.82,216.25,221.5,19,2.65,201.74000549316406,204.97999572753906,200.97999572753906,1814500.0,-2.55,CLOSED_LOSS,-0.22,CHOP,LIMIT,7,MINOR,2026-09-29_1734,2026-09-28
TTMI,LONG,CONVICTION,66.6,BULL_BOUNCE_PENDING,122.52,120.37,126.98,134.84,46,2.08,124.19000244140625,128.3000030517578,119.0199966430664,1824600.0,0.53,STOPPED,-1.0,CHOP,LIMIT,18,VACUUM,2026-09-29_1734,2026-09-28
JNJ,SHORT,CONVICTION,66.5,BEAR_REJECTION_PENDING,272.65,277.92,248.27,255.25,18,4.63,271.95001220703125,273.7799987792969,269.2699890136719,7185600.0,-0.02,CLOSED,0.13,CHOP,LIMIT,15,VACUUM,2026-09-29_1734,2026-09-28
OXY,SHORT,CONVICTION,66.5,BEAR_REJECTION_PENDING,58.07,59.13,54.09,54.09,93,3.74,56.099998474121094,57.560001373291016,56.0,12354600.0,-3.11,NO_FILL,0.0,CHOP,LIMIT,20,COMPRESSION,2026-09-29_1734,2026-09-28
APPN,LONG,CONVICTION,66.5,BULL_BOUNCE_PENDING,35.22,34.43,40.08,37.1,126,6.17,35.02000045776367,35.665000915527344,33.349998474121094,948800.0,-2.56,STOPPED,-1.0,CHOP,LIMIT,20,COMPRESSION,2026-09-29_1734,2026-09-28
RMD,SHORT,CONVICTION,66.5,BEAR_REJECTION_PENDING,226.44,231.95,197.29,197.29,18,5.29,222.10000610351562,223.0,218.25999450683594,862800.0,0.05,NO_FILL,0.0,CHOP,LIMIT,20,CONVICTION,2026-09-29_1734,2026-09-28
RPD,LONG,CONVICTION,66.5,BULL_BOUNCE_PENDING,11.27,10.29,12.83,,101,1.59,11.800000190734863,11.979999542236328,11.130000114440918,976800.0,2.61,CLOSED,0.54,CHOP,LIMIT,20,COMPRESSION,2026-09-29_1734,2026-09-28
EXEL,LONG,CONVICTION,66.5,BULL_BOUNCE_PENDING,56.84,52.79,59.68,,24,0.7,58.369998931884766,58.65999984741211,57.5099983215332,1278700.0,0.64,NO_FILL,0.0,CHOP,LIMIT,5,MINOR,2026-09-29_1734,2026-09-28
SPCX,SHORT,CONVICTION,66.4,BEAR_REJECTION_PENDING,151.47,161.22,136.05,126.54,10,1.58,145.47000122070312,150.8000030517578,145.36000061035156,83516700.0,-2.04,NO_FILL,0.0,CHOP,LIMIT,14,CONVICTION,2026-09-29_1734,2026-09-28
VSXY,SHORT,CONVICTION,66.4,BEAR_REJECTION_PENDING,84.34,88.29,74.77,75.1,25,2.42,88.29000091552734,90.41000366210938,81.5,2231700.0,6.78,STOPPED,-1.0,CHOP,LIMIT,20,COMPRESSION,2026-09-29_1734,2026-09-28
HYMC,LONG,CONVICTION,66.4,BULL_BOUNCE_PENDING,19.6,17.14,20.58,,40,0.4,19.600000381469727,20.78700065612793,19.549999237060547,2274700.0,-2.0,TARGET_HIT,1.5,CHOP,LIMIT,20,COMPRESSION,2026-09-29_1734,2026-09-28
REAX,SHORT,CONVICTION,66.4,BEAR_REJECTION_PENDING,16.76,17.86,14.89,,90,1.69,16.030000686645508,16.889999389648438,15.704999923706055,636800.0,-2.43,CLOSED,0.66,CHOP,LIMIT,20,COMPRESSION,2026-09-29_1734,2026-09-28
UFPT,SHORT,CONVICTION,66.4,BEAR_REJECTION_PENDING,296.48,299.82,280.12,256.34,29,4.9,299.2200012207031,300.1600036621094,291.30999755859375,104900.0,1.21,STOPPED,-1.0,CHOP,LIMIT,20,COMPRESSION,2026-09-29_1734,2026-09-28
REZI,SHORT,CONVICTION,66.3,BEAR_REJECTION_PENDING,18.64,18.97,17.11,16.92,294,4.5,18.219999313354492,18.479999542236328,17.959999084472656,1275200.0,-0.27,NO_FILL,0.0,CHOP,LIMIT,20,COMPRESSION,2026-09-29_1734,2026-09-28
BOIL,SHORT,CONVICTION,66.3,BEAR_REJECTION_PENDING,21.2,22.76,20.14,,63,0.68,21.25,21.790000915527344,20.520000457763672,7156500.0,1.67,CLOSED_LOSS,-0.03,CHOP,LIMIT,20,VACUUM,2026-09-29_1734,2026-09-28
GH,LONG,CONVICTION,66.2,BULL_BOUNCE_PENDING,172.48,165.95,181.1,,15,1.32,177.3300018310547,180.0500030517578,174.69000244140625,1318500.0,0.76,NO_FILL,0.0,CHOP,LIMIT,19,MINOR,2026-09-29_1734,2026-09-28
DOMO,SHORT,CONVICTION,66.2,BEAR_REJECTION_PENDING,3.66,3.72,3.5,3.11,1763,2.85,3.309999942779541,3.4519999027252197,3.2100000381469727,1097135.0,-7.8,NO_FILL,0.0,CHOP,LIMIT,20,COMPRESSION,2026-09-29_1734,2026-09-28
POST,SHORT,CONVICTION,66.2,BEAR_REJECTION_PENDING,74.74,78.25,71.01,,28,1.07,74.87000274658203,75.22000122070312,72.5199966430664,829200.0,2.17,CLOSED_LOSS,-0.04,CHOP,LIMIT,20,COMPRESSION,2026-09-29_1734,2026-09-28
CNXC,LONG,CONVICTION,66.1,BULL_BOUNCE_PENDING,26.54,25.11,29.08,30.02,69,1.77,25.450000762939453,26.799999237060547,24.610000610351562,3366200.0,-6.02,STOPPED,-1.0,CHOP,LIMIT,20,COMPRESSION,2026-09-29_1734,2026-09-28
ETHA,LONG,CONVICTION,66.1,BULL_BOUNCE_PENDING,19.58,18.39,21.79,,83,1.85,20.149999618530273,20.530000686645508,19.979999542236328,25254800.0,0.85,NO_FILL,0.0,CHOP,LIMIT,20,COMPRESSION,2026-09-29_1734,2026-09-28
XNCR,LONG,CONVICTION,66.1,BULL_BOUNCE_PENDING,23.32,21.35,26.61,,50,1.67,25.600000381469727,25.709999084472656,23.739999771118164,1532300.0,7.56,NO_FILL,0.0,CHOP,LIMIT,20,COMPRESSION,2026-09-29_1734,2026-09-28
CHEF,LONG,CONVICTION,66.1,BULL_BOUNCE,110.1,106.06,115.61,,24,1.36,111.76000213623047,111.9000015258789,107.91000366210938,446200.0,1.51,CLOSED,0.41,CHOP,LIMIT,4,MINOR,2026-09-29_1734,2026-09-28
UMC,LONG,CONVICTION,66.1,BULL_BOUNCE_PENDING,23.28,22.42,25.58,26.43,115,2.65,23.850000381469727,24.209999084472656,23.420000076293945,7090800.0,0.38,NO_FILL,0.0,CHOP,LIMIT,20,COMPRESSION,2026-09-29_1734,2026-09-28
GLND,LONG,CONVICTION,66.0,BULL_BOUNCE_PENDING,5.12,4.91,5.68,,484,2.76,4.489999771118164,5.710000038146973,4.230000019073486,27602100.0,-13.98,STOPPED,-1.0,CHOP,LIMIT,4,COMPRESSION,2026-09-29_1734,2026-09-28
ABT,SHORT,CONVICTION,66.0,BEAR_REJECTION_PENDING,101.92,104.26,95.29,95.29,42,2.83,100.9800033569336,101.76000213623047,100.26000213623047,6802500.0,-0.11,NO_FILL,0.0,CHOP,LIMIT,20,COMPRESSION,2026-09-29_1734,2026-09-28
WDAY,SHORT,CONVICTION,66.0,BEAR_REJECTION_PENDING,193.87,199.58,165.84,177.44,17,4.91,188.60000610351562,190.94000244140625,181.47000122070312,2132500.0,-0.9,NO_FILL,0.0,CHOP,LIMIT,20,MINOR,2026-09-29_1734,2026-09-28
CAI,LONG,CONVICTION,66.0,BULL_BOUNCE_PENDING,31.36,30.5,34.04,34.71,115,3.1,31.75,32.09000015258789,30.8799991607666,3938600.0,-0.78,CLOSED,0.45,CHOP,LIMIT,6,COMPRESSION,2026-09-29_1734,2026-09-28
SW,LONG,CONVICTION,66.0,BULL_BOUNCE_PENDING,45.43,44.11,48.26,49.08,75,2.13,45.06999969482422,46.20000076293945,44.92499923706055,5268900.0,-2.78,CLOSED_LOSS,-0.27,CHOP,LIMIT,20,COMPRESSION,2026-09-29_1734,2026-09-28
DOO,SHORT,CONVICTION,66.0,BEAR_REJECTION_PENDING,58.3,60.99,49.98,,37,3.09,56.66999816894531,57.29999923706055,55.709999084472656,178100.0,-0.86,NO_FILL,0.0,CHOP,LIMIT,20,COMPRESSION,2026-09-29_1734,2026-09-28
DLTR,LONG,CONVICTION,66.0,BULL_BOUNCE_PENDING,111.78,95.39,117.37,,6,0.34,116.0199966430664,116.88999938964844,112.25,2072500.0,1.72,NO_FILL,0.0,CHOP,LIMIT,20,COMPRESSION,2026-09-29_1734,2026-09-28
CDNS,SHORT,CONVICTION,66.0,BEAR_REJECTION_PENDING,325.0,328.13,305.63,298.65,31,6.18,326.70001220703125,329.3500061035156,317.8900146484375,1996000.0,0.72,STOPPED,-1.0,CHOP,LIMIT,20,CONVICTION,2026-09-29_1734,2026-09-28
QNRX,LONG,CONVICTION,66.0,BULL_BOUNCE_PENDING,6.13,5.13,6.43,,100,0.31,5.260000228881836,6.409999847412109,5.260000228881836,70300.0,-15.87,CLOSED_LOSS,-0.87,CHOP,LIMIT,15,MINOR,2026-09-29_1734,2026-09-28
BOX,LONG,CONVICTION,66.0,BULL_BOUNCE_PENDING,30.58,30.0,33.14,34.66,173,4.45,31.34000015258789,31.479999542236328,30.440000534057617,2333100.0,0.45,CLOSED,1.31,CHOP,LIMIT,20,MINOR,2026-09-29_1734,2026-09-28
MAZE,SHORT,CONVICTION,66.0,BEAR_REJECTION_PENDING,26.2,28.14,22.83,,51,1.74,26.850000381469727,27.73200035095215,24.84000015258789,1177300.0,4.52,CLOSED_LOSS,-0.34,CHOP,LIMIT,8,VACUUM,2026-09-29_1734,2026-09-28
ETHE,LONG,CONVICTION,65.9,BULL_BOUNCE_PENDING,20.8,19.59,23.58,23.8,83,2.31,21.469999313354492,21.860000610351562,21.29400062561035,2729600.0,1.18,NO_FILL,0.0,CHOP,LIMIT,20,COMPRESSION,2026-09-29_1734,2026-09-28
PGEN,LONG,CONVICTION,65.9,BULL_BOUNCE_PENDING,7.56,6.86,7.93,,144,0.54,7.809999942779541,7.860000133514404,7.5,3489000.0,1.3,CLOSED,0.36,CHOP,LIMIT,4,MINOR,2026-09-29_1734,2026-09-28
TEVA,LONG,CONVICTION,65.9,BULL_BOUNCE_PENDING,37.74,36.9,39.92,40.1,119,2.61,38.880001068115234,39.11000061035156,38.29999923706055,4305000.0,0.96,NO_FILL,0.0,CHOP,LIMIT,20,COMPRESSION,2026-09-29_1734,2026-09-28
FRSH,LONG,CONVICTION,65.8,BULL_BOUNCE_PENDING,12.35,11.83,14.29,13.81,193,3.75,12.529999732971191,12.539999961853027,11.960000038146973,2966500.0,-0.56,CLOSED,0.35,CHOP,LIMIT,20,COMPRESSION,2026-09-29_1734,2026-09-28
SEDG,SHORT,CONVICTION,65.8,BEAR_REJECTION_PENDING,32.22,33.52,30.04,,77,1.68,31.530000686645508,32.58000183105469,31.3700008392334,1311700.0,-2.08,CLOSED,0.53,CHOP,LIMIT,20,CONVICTION,2026-09-29_1734,2026-09-28
BURL,LONG,CONVICTION,65.8,BULL_BOUNCE_PENDING,251.06,240.8,270.5,293.01,9,1.9,266.3900146484375,269.5799865722656,253.97999572753906,2080800.0,3.99,NO_FILL,0.0,CHOP,LIMIT,20,COMPRESSION,2026-09-29_1734,2026-09-28
WFC,SHORT,CONVICTION,65.7,BEAR_REJECTION_PENDING,84.59,96.43,80.36,,8,0.36,80.80999755859375,82.88999938964844,80.58000183105469,13108800.0,-2.56,NO_FILL,0.0,CHOP,LIMIT,20,COMPRESSION,2026-09-29_1734,2026-09-28
HBAN,SHORT,CONVICTION,65.7,BEAR_REJECTION_PENDING,15.98,16.83,14.5,13.67,117,1.74,15.300000190734863,15.600000381469727,15.279999732971191,30524000.0,-2.36,NO_FILL,0.0,CHOP,LIMIT,20,COMPRESSION,2026-09-29_1734,2026-09-28
DGXX,LONG,CONVICTION,65.7,BULL_BOUNCE_PENDING,4.32,4.05,4.54,,368,0.8,4.21999979019165,4.610000133514404,4.190000057220459,3158800.0,-4.25,TARGET_HIT,1.5,CHOP,LIMIT,20,COMPRESSION,2026-09-29_1734,2026-09-28
THO,LONG,CONVICTION,65.7,BULL_BOUNCE_PENDING,72.12,69.59,84.54,78.88,39,4.91,71.37999725341797,72.02999877929688,70.29000091552734,918800.0,-3.0,CLOSED_LOSS,-0.29,CHOP,LIMIT,20,CONVICTION,2026-09-29_1734,2026-09-28
SBLK,SHORT,CONVICTION,65.6,BEAR_REJECTION_PENDING,29.32,29.68,27.9,24.86,279,3.97,29.299999237060547,29.68000030517578,29.239999771118164,1902900.0,0.27,STOPPED,-1.0,CHOP,LIMIT,20,COMPRESSION,2026-09-29_1734,2026-09-28
UCTT,LONG,CONVICTION,65.6,BULL_BOUNCE_PENDING,73.4,70.29,82.16,83.2,32,2.81,78.06999969482422,79.5,74.73999786376953,606700.0,4.23,NO_FILL,0.0,CHOP,LIMIT,20,CONVICTION,2026-09-29_1734,2026-09-28
WCC,LONG,CONVICTION,65.6,BULL_BOUNCE_PENDING,362.52,358.88,378.42,378.42,27,4.37,364.6700134277344,370.6300048828125,359.239990234375,692000.0,-0.75,CLOSED,0.59,CHOP,LIMIT,11,MINOR,2026-09-29_1734,2026-09-28
IR,LONG,CONVICTION,65.6,BULL_BOUNCE_PENDING,74.56,72.15,78.25,82.78,41,1.53,76.37999725341797,77.54000091552734,75.54000091552734,5599500.0,0.39,NO_FILL,0.0,CHOP,LIMIT,20,COMPRESSION,2026-09-29_1734,2026-09-28
COHX,SHORT,CONVICTION,65.5,BEAR_REJECTION_PENDING,22.55,24.04,20.23,,67,1.56,21.56999969482422,24.34000015258789,20.579999923706055,1221200.0,-4.13,STOPPED,-1.0,CHOP,LIMIT,20,COMPRESSION,2026-09-29_1734,2026-09-28
ZURA,SHORT,CONVICTION,65.5,BEAR_REJECTION_PENDING,4.23,4.39,3.79,3.75,629,2.79,,,,,,NO_DATA,0.0,CHOP,LIMIT,20,COMPRESSION,2026-09-29_1734,2026-09-28
OPCH,LONG,CONVICTION,65.5,BULL_BOUNCE_PENDING,22.61,21.69,24.56,26.24,108,2.13,22.899999618530273,23.5,22.850000381469727,1889400.0,-0.74,NO_FILL,0.0,CHOP,LIMIT,20,MINOR,2026-09-29_1734,2026-09-28
MNDY,SHORT,CONVICTION,65.4,BEAR_REJECTION_PENDING,85.55,87.05,78.97,78.97,66,4.39,79.05000305175781,81.19999694824219,76.70999908447266,1279700.0,-6.38,NO_FILL,0.0,CHOP,LIMIT,20,COMPRESSION,2026-09-29_1734,2026-09-28
RYAN,SHORT,CONVICTION,65.4,BEAR_REJECTION_PENDING,38.65,41.32,34.0,,37,1.74,38.119998931884766,38.4900016784668,37.0,1777600.0,0.61,NO_FILL,0.0,CHOP,LIMIT,20,COMPRESSION,2026-09-29_1734,2026-09-28
LII,LONG,CONVICTION,65.4,BULL_BOUNCE_PENDING,367.15,361.82,421.24,383.05,18,10.14,368.4100036621094,373.4700012207031,363.8699951171875,461700.0,-1.43,CLOSED,0.24,CHOP,LIMIT,20,COMPRESSION,2026-09-29_1734,2026-09-28
VERA,SHORT,CONVICTION,65.4,BEAR_REJECTION_PENDING,33.25,33.92,28.64,31.29,149,6.87,32.5,33.040000915527344,31.420000076293945,1464600.0,-0.76,NO_FILL,0.0,CHOP,LIMIT,19,MINOR,2026-09-29_1734,2026-09-28
KYMR,LONG,CONVICTION,65.3,BULL_BOUNCE_PENDING,109.92,108.34,124.99,121.29,63,9.55,112.0,113.59500122070312,110.51000213623047,723700.0,0.04,NO_FILL,0.0,CHOP,LIMIT,20,MINOR,2026-09-29_1734,2026-09-28
EQPT,SHORT,CONVICTION,65.2,BEAR_REJECTION_PENDING,17.69,18.2,16.16,16.16,196,3.0,18.209999084472656,18.260000228881836,16.579999923706055,2257400.0,5.02,STOPPED,-1.0,CHOP,LIMIT,19,COMPRESSION,2026-09-29_1734,2026-09-28
MPWR,LONG,CONVICTION,65.2,BULL_BOUNCE_PENDING,1313.74,1297.5,1365.44,1402.81,6,3.18,1351.199951171875,1359.760009765625,1320.800048828125,659400.0,2.75,NO_FILL,0.0,CHOP,LIMIT,20,CONVICTION,2026-09-29_1734,2026-09-28
IGV,SHORT,CONVICTION,65.2,BEAR_REJECTION_PENDING,106.27,107.25,96.75,103.57,101,9.68,105.43000030517578,106.05000305175781,103.56999969482422,8458400.0,-0.3,NO_FILL,0.0,CHOP,LIMIT,20,COMPRESSION,2026-09-29_1734,2026-09-28
DRIP,LONG,CONVICTION,65.2,BULL_BOUNCE_PENDING,34.94,33.54,38.15,38.65,71,2.3,37.2400016784668,37.279998779296875,35.7599983215332,529600.0,4.46,NO_FILL,0.0,CHOP,LIMIT,20,COMPRESSION,2026-09-29_1734,2026-09-28
TQQQ,LONG,CONVICTION,65.2,BULL_BOUNCE_PENDING,75.51,72.28,85.22,83.38,30,3.0,77.04000091552734,78.5999984741211,75.47000122070312,57997700.0,-0.01,CLOSED,0.47,CHOP,LIMIT,20,MINOR,2026-09-29_1734,2026-09-28
ACN,LONG,CONVICTION,65.1,BULL_BOUNCE_PENDING,175.49,173.29,194.75,181.24,45,8.79,174.47000122070312,177.0800018310547,172.3000030517578,5499800.0,-1.57,STOPPED,-1.0,CHOP,LIMIT,20,VACUUM,2026-09-29_1734,2026-09-28
ASH,SHORT,CONVICTION,65.1,BEAR_REJECTION_PENDING,69.29,70.53,67.0,65.89,80,1.85,68.06999969482422,69.13999938964844,67.7699966430664,554400.0,-1.43,NO_FILL,0.0,CHOP,LIMIT,20,COMPRESSION,2026-09-29_1734,2026-09-28
GMED,LONG,CONVICTION,65.1,BULL_BOUNCE_PENDING,73.5,72.51,77.79,82.07,100,4.33,74.77999877929688,75.1500015258789,73.66999816894531,1732300.0,-0.29,NO_FILL,0.0,CHOP,LIMIT,20,COMPRESSION,2026-09-29_1734,2026-09-28
EROC,LONG,CONVICTION,65.1,BULL_BOUNCE_PENDING,12.07,10.99,13.74,,92,1.53,11.880000114440918,12.65999984741211,11.75,1582800.0,-3.57,CLOSED_LOSS,-0.18,CHOP,LIMIT,15,MINOR,2026-09-29_1734,2026-09-28
METU,SHORT,CONVICTION,65.1,BEAR_REJECTION_PENDING,31.58,32.94,27.58,28.2,73,2.93,29.8700008392334,32.8849983215332,29.65999984741211,7871600.0,-5.38,CLOSED,1.26,CHOP,LIMIT,20,COMPRESSION,2026-09-29_1734,2026-09-28
BNC,SHORT,CONVICTION,65.1,BEAR_REJECTION_PENDING,5.86,6.39,5.03,,188,1.56,5.630000114440918,5.965000152587891,5.550000190734863,1002000.0,-3.6,CLOSED,0.43,CHOP,LIMIT,20,COMPRESSION,2026-09-29_1734,2026-09-28
OCUL,LONG,CONVICTION,65.0,BULL_BOUNCE_PENDING,9.46,9.12,11.09,11.08,297,4.86,7.65500020980835,9.380000114440918,7.179999828338623,15442400.0,-20.67,STOPPED,-1.0,CHOP,LIMIT,20,COMPRESSION,2026-09-29_1734,2026-09-28
COCO,LONG,CONVICTION,65.0,BULL_BOUNCE,58.59,56.01,65.2,65.2,38,2.56,57.65999984741211,58.689998626708984,56.93000030517578,758600.0,-1.59,CLOSED_LOSS,-0.36,CHOP,LIMIT,19,COMPRESSION,2026-09-29_1734,2026-09-28
QRVO,LONG,CONVICTION,65.0,BULL_BOUNCE,117.7,112.36,123.59,,18,1.1,116.30000305175781,118.40499877929688,114.44000244140625,1529700.0,-1.19,CLOSED_LOSS,-0.26,CHOP,LIMIT,5,MINOR,2026-09-29_1734,2026-09-28
MTD,SHORT,CONVICTION,65.0,BEAR_REJECTION_PENDING,1512.25,1524.91,1402.66,1432.9,7,8.66,1545.260009765625,1545.449951171875,1485.02001953125,185000.0,2.22,STOPPED,-1.0,CHOP,LIMIT,6,VACUUM,2026-09-29_1734,2026-09-28
SPOT,LONG,CONVICTION,64.9,BULL_BOUNCE_PENDING,501.09,495.52,527.43,556.0,17,4.73,497.510009765625,507.0299987792969,497.0,1254900.0,-2.64,CLOSED_LOSS,-0.64,CHOP,LIMIT,20,CONVICTION,2026-09-29_1734,2026-09-28
DRAM,LONG,CONVICTION,64.9,BULL_BOUNCE_PENDING,58.66,57.08,63.04,67.66,63,2.77,59.70000076293945,60.849998474121094,58.27000045776367,27675600.0,-0.27,CLOSED,0.66,CHOP,LIMIT,20,CONVICTION,2026-09-29_1734,2026-09-28
GOF,SHORT,CONVICTION,64.8,BEAR_REJECTION_PENDING,8.65,9.07,8.22,,240,1.04,8.489999771118164,8.5600004196167,8.449999809265137,3078600.0,-0.24,NO_FILL,0.0,CHOP,LIMIT,20,COMPRESSION,2026-09-29_1734,2026-09-28
WLTH,LONG,CONVICTION,64.7,BULL_BOUNCE_PENDING,10.04,9.45,10.55,,168,0.85,10.0,10.34000015258789,9.979999542236328,1563400.0,-2.44,CLOSED_LOSS,-0.07,CHOP,LIMIT,11,CONVICTION,2026-09-29_1734,2026-09-28
CHPY,LONG,CONVICTION,64.7,BULL_BOUNCE_PENDING,68.05,66.34,77.35,73.17,58,5.42,69.20999908447266,70.16999816894531,68.18000030517578,712300.0,-0.33,NO_FILL,0.0,CHOP,LIMIT,20,CONVICTION,2026-09-29_1734,2026-09-28
COTY,SHORT,CONVICTION,64.6,BEAR_REJECTION_PENDING,2.66,3.17,2.53,,197,0.26,2.680000066757202,2.7100000381469727,2.569999933242798,4009100.0,1.13,CLOSED_LOSS,-0.04,CHOP,LIMIT,16,COMPRESSION,2026-09-29_1734,2026-09-28
PENG,LONG,CONVICTION,64.6,BULL_BOUNCE_PENDING,53.84,52.97,59.82,58.19,114,6.84,54.97999954223633,55.63999938964844,53.40999984741211,1337400.0,0.88,CLOSED,1.31,CHOP,LIMIT,20,CONVICTION,2026-09-29_1734,2026-09-28
RXRX,LONG,CONVICTION,64.6,BULL_BOUNCE_PENDING,3.62,3.2,3.8,,238,0.43,3.700000047683716,3.8399999141693115,3.6649999618530273,13058800.0,0.27,NO_FILL,0.0,CHOP,LIMIT,20,COMPRESSION,2026-09-29_1734,2026-09-28
G,SHORT,CONVICTION,64.6,BEAR_REJECTION_PENDING,33.76,35.12,31.62,30.2,73,1.57,32.599998474121094,32.88999938964844,32.34000015258789,1357400.0,-1.51,NO_FILL,0.0,CHOP,LIMIT,20,COMPRESSION,2026-09-29_1734,2026-09-28
IQV,LONG,CONVICTION,64.6,BULL_BOUNCE,270.37,263.64,283.89,,14,2.01,270.9700012207031,272.75,265.9700012207031,1620900.0,0.22,CLOSED,0.09,CHOP,LIMIT,20,MINOR,2026-09-29_1734,2026-09-28
SQM,LONG,CONVICTION,64.6,BULL_BOUNCE_PENDING,65.97,64.97,76.01,69.08,100,10.08,65.16000366210938,66.19000244140625,64.18000030517578,915500.0,-2.59,STOPPED,-1.0,CHOP,LIMIT,20,COMPRESSION,2026-09-29_1734,2026-09-28
BKV,LONG,CONVICTION,64.6,BULL_BOUNCE_PENDING,21.51,20.05,24.78,24.81,68,2.24,21.899999618530273,22.469999313354492,21.520000457763672,1455300.0,-0.23,NO_FILL,0.0,CHOP,LIMIT,20,COMPRESSION,2026-09-29_1734,2026-09-28
MANH,SHORT,CONVICTION,64.6,BEAR_REJECTION_PENDING,208.05,210.09,198.38,195.0,49,4.75,201.8800048828125,202.0,196.8000030517578,661100.0,-2.01,NO_FILL,0.0,CHOP,LIMIT,20,CONVICTION,2026-09-29_1734,2026-09-28
CVI,LONG,CONVICTION,64.5,BULL_BOUNCE_PENDING,50.27,49.11,54.2,54.2,85,3.36,50.75,52.869998931884766,49.81999969482422,1214500.0,-1.07,CLOSED,0.41,CHOP,LIMIT,17,MINOR,2026-09-29_1734,2026-09-28
CSCO,LONG,CONVICTION,64.5,BULL_BOUNCE_PENDING,103.9,98.16,113.92,118.1,17,1.75,106.73999786376953,107.68000030517578,105.9800033569336,19356400.0,0.68,NO_FILL,0.0,CHOP,LIMIT,20,CONVICTION,2026-09-29_1734,2026-09-28
SPAX,LONG,CONVICTION,64.5,BULL_BOUNCE_PENDING,9.74,9.13,10.87,11.39,163,1.85,9.529999732971191,10.220000267028809,9.5,2879300.0,-4.12,CLOSED_LOSS,-0.34,CHOP,LIMIT,20,MINOR,2026-09-29_1734,2026-09-28
ADM,SHORT,CONVICTION,64.5,BEAR_REJECTION_PENDING,82.88,83.8,69.51,71.58,109,14.58,80.37999725341797,82.08999633789062,80.30999755859375,2883000.0,-1.7,NO_FILL,0.0,CHOP,LIMIT,20,COMPRESSION,2026-09-29_1734,2026-09-28
MGA,SHORT,CONVICTION,64.5,BEAR_REJECTION_PENDING,66.8,68.19,58.57,56.63,72,5.93,64.63999938964844,65.30000305175781,64.05000305175781,1087200.0,-2.46,NO_FILL,0.0,CHOP,LIMIT,20,COMPRESSION,2026-09-29_1734,2026-09-28
QCOM,LONG,CONVICTION,64.4,BULL_BOUNCE_PENDING,194.61,191.51,207.34,204.32,32,4.11,187.47999572753906,199.16000366210938,186.7100067138672,16680100.0,-5.34,STOPPED,-1.0,CHOP,LIMIT,11,CONVICTION,2026-09-29_1734,2026-09-28
BTE,LONG,CONVICTION,64.3,BULL_BOUNCE_PENDING,4.46,4.27,4.76,5.06,525,1.58,4.53000020980835,4.610000133514404,4.510000228881836,19495100.0,-0.44,NO_FILL,0.0,CHOP,LIMIT,20,COMPRESSION,2026-09-29_1734,2026-09-28
TSHA,SHORT,CONVICTION,64.3,BEAR_REJECTION_PENDING,4.76,4.95,4.21,4.04,527,2.92,4.989999771118164,5.054999828338623,4.559999942779541,6262500.0,6.85,STOPPED,-1.0,CHOP,LIMIT,20,COMPRESSION,2026-09-29_1734,2026-09-28
WYHG,LONG,CONVICTION,64.3,BULL_BOUNCE_PENDING,3.96,3.31,4.16,,155,0.31,3.880000114440918,4.119999885559082,3.880000114440918,36000.0,-3.96,CLOSED_LOSS,-0.12,CHOP,LIMIT,20,MINOR,2026-09-29_1734,2026-09-28
AVAH,SHORT,CONVICTION,64.3,BEAR_REJECTION_PENDING,12.72,13.29,11.36,11.36,176,2.39,12.6899995803833,12.71500015258789,12.300000190734863,2074700.0,1.76,NO_FILL,0.0,CHOP,LIMIT,20,COMPRESSION,2026-09-29_1734,2026-09-28
ECG,LONG,CONVICTION,64.3,BULL_BOUNCE_PENDING,112.42,110.94,115.97,115.97,67,2.4,116.66000366210938,119.4000015258789,114.3499984741211,315300.0,2.18,NO_FILL,0.0,CHOP,LIMIT,20,CONVICTION,2026-09-29_1734,2026-09-28
ACHC,LONG,CONVICTION,64.3,BULL_BOUNCE_PENDING,27.53,24.77,28.9,,36,0.5,27.90999984741211,28.049999237060547,27.0,1120900.0,-0.64,CLOSED,0.14,CHOP,LIMIT,17,MINOR,2026-09-29_1734,2026-09-28
PPLI,LONG,CONVICTION,64.3,BULL_BOUNCE_PENDING,38.71,36.27,43.68,45.26,40,2.04,39.63999938964844,40.18000030517578,39.0099983215332,1621200.0,0.35,NO_FILL,0.0,CHOP,LIMIT,20,COMPRESSION,2026-09-29_1734,2026-09-28
AEHR,LONG,CONVICTION,64.2,BULL_BOUNCE_PENDING,97.82,95.36,106.97,113.68,40,3.71,98.48999786376953,102.41000366210938,94.23999786376953,2106700.0,-1.33,STOPPED,-1.0,CHOP,LIMIT,20,MINOR,2026-09-29_1734,2026-09-28
APA,LONG,CONVICTION,64.1,BULL_BOUNCE_PENDING,41.96,39.9,45.12,46.6,48,1.54,42.33000183105469,43.470001220703125,42.2400016784668,8029300.0,-1.13,NO_FILL,0.0,CHOP,LIMIT,20,COMPRESSION,2026-09-29_1734,2026-09-28
CRC,SHORT,CONVICTION,64.1,BEAR_REJECTION_PENDING,53.57,54.34,49.59,46.63,129,5.17,51.84000015258789,53.18000030517578,51.67499923706055,609400.0,-2.19,NO_FILL,0.0,CHOP,LIMIT,20,COMPRESSION,2026-09-29_1734,2026-09-28
CRCG,LONG,CONVICTION,64.1,BULL_BOUNCE_PENDING,12.59,11.33,14.72,,79,1.69,12.930000305175781,13.720000267028809,12.630000114440918,1880200.0,0.62,NO_FILL,0.0,CHOP,LIMIT,20,COMPRESSION,2026-09-29_1734,2026-09-28
ARBE,SHORT,CONVICTION,64.0,BEAR_REJECTION_PENDING,0.65,0.67,0.57,0.59,3839,2.91,0.6000000238418579,0.6499999761581421,0.6000000238418579,1309400.0,-6.89,NO_FILL,0.0,CHOP,LIMIT,20,COMPRESSION,2026-09-29_1734,2026-09-28
GWRE,LONG,CONVICTION,64.0,BULL_BOUNCE_PENDING,142.65,133.19,160.52,167.0,10,1.89,145.17999267578125,145.83999633789062,139.13999938964844,1132800.0,-0.26,CLOSED,0.27,CHOP,LIMIT,20,CONVICTION,2026-09-29_1734,2026-09-28
VOYG,SHORT,CONVICTION,64.0,BEAR_REJECTION_PENDING,32.43,33.58,29.2,27.67,87,2.82,33.18000030517578,33.4900016784668,30.799999237060547,2773700.0,3.82,CLOSED_LOSS,-0.65,CHOP,LIMIT,13,CONVICTION,2026-09-29_1734,2026-09-28
NUTX,LONG,CONVICTION,64.0,BULL_BOUNCE_PENDING,213.54,206.13,224.22,,13,1.44,212.73500061035156,222.1300048828125,209.0,163500.0,-2.37,CLOSED_LOSS,-0.11,CHOP,LIMIT,6,VACUUM,2026-09-29_1734,2026-09-28
IBP,SHORT,CONVICTION,64.0,BEAR_REJECTION_PENDING,203.5,209.05,179.5,190.5,18,4.32,196.08999633789062,202.5800018310547,194.67999267578125,276200.0,-2.07,NO_FILL,0.0,CHOP,LIMIT,20,COMPRESSION,2026-09-29_1734,2026-09-28
RRR,LONG,CONVICTION,64.0,BULL_BOUNCE_PENDING,49.74,46.77,56.94,56.94,33,2.41,50.45000076293945,50.970001220703125,49.95100021362305,694200.0,-0.61,NO_FILL,0.0,CHOP,LIMIT,20,COMPRESSION,2026-09-29_1734,2026-09-28
URGN,LONG,CONVICTION,64.0,BULL_BOUNCE_PENDING,40.52,38.35,44.27,47.13,46,1.73,40.900001525878906,41.33000183105469,40.31999969482422,1165600.0,-1.09,CLOSED,0.18,CHOP,LIMIT,20,MINOR,2026-09-29_1734,2026-09-28
YUM,LONG,CONVICTION,64.0,BULL_BOUNCE,138.63,134.54,150.02,153.44,24,2.79,138.27999877929688,140.3000030517578,137.5500030517578,1840700.0,-0.25,CLOSED_LOSS,-0.09,CHOP,LIMIT,20,COMPRESSION,2026-09-29_1734,2026-09-28
TENB,LONG,CONVICTION,64.0,BULL_BOUNCE_PENDING,32.38,30.16,35.73,37.52,45,1.51,34.470001220703125,34.91999816894531,32.4900016784668,3488500.0,4.33,NO_FILL,0.0,CHOP,LIMIT,20,COMPRESSION,2026-09-29_1734,2026-09-28
DXCM,SHORT,CONVICTION,64.0,BEAR_REJECTION_PENDING,87.38,88.62,79.88,74.31,80,6.05,86.68000030517578,87.33999633789062,85.2699966430664,3411300.0,0.21,NO_FILL,0.0,CHOP,LIMIT,20,COMPRESSION,2026-09-29_1734,2026-09-28
ETSY,LONG,CONVICTION,64.0,BULL_BOUNCE_PENDING,66.93,62.56,76.08,78.05,22,2.09,68.91999816894531,69.54900360107422,66.20999908447266,2631200.0,0.91,CLOSED,0.46,CHOP,LIMIT,20,COMPRESSION,2026-09-29_1734,2026-09-28
ERY,LONG,CONVICTION,64.0,BULL_BOUNCE,9.28,8.92,10.37,10.5,276,3.01,9.289999961853027,9.380000114440918,9.069999694824219,18492400.0,0.11,CLOSED,0.03,CHOP,LIMIT,20,MINOR,2026-09-29_1734,2026-09-28
SDOW,LONG,CONVICTION,64.0,BULL_BOUNCE,25.06,24.32,26.34,28.74,135,1.73,25.219999313354492,25.31999969482422,24.790000915527344,6128400.0,0.64,CLOSED,0.22,CHOP,LIMIT,17,COMPRESSION,2026-09-29_1734,2026-09-28
RSKD,LONG,CONVICTION,64.0,BULL_BOUNCE,7.83,7.48,8.22,,288,1.13,7.699999809265137,7.960000038146973,7.639999866485596,2526800.0,-1.66,CLOSED_LOSS,-0.37,CHOP,LIMIT,3,MINOR,2026-09-29_1734,2026-09-28
OCGN,LONG,CONVICTION,63.9,BULL_BOUNCE_CONFIRMED,1.04,0.95,1.09,,1156,0.6,1.0299999713897705,1.0499999523162842,1.0,4859500.0,-0.96,CLOSED_LOSS,-0.11,CHOP,LIMIT,6,MINOR,2026-09-29_1734,2026-09-28
BEPC,SHORT,CONVICTION,63.9,BEAR_REJECTION_PENDING,29.02,29.37,27.2,26.06,288,5.26,27.969999313354492,28.5,27.6299991607666,2021800.0,-2.37,NO_FILL,0.0,CHOP,LIMIT,20,COMPRESSION,2026-09-29_1734,2026-09-28
TTAN,LONG,CONVICTION,63.9,BULL_BOUNCE,58.0,52.91,66.4,,19,1.65,59.91999816894531,60.189998626708984,55.040000915527344,2090000.0,3.31,CLOSED,0.38,CHOP,LIMIT,18,MINOR,2026-09-29_1734,2026-09-28
BBY,LONG,CONVICTION,63.9,BULL_BOUNCE,90.49,87.49,96.62,100.62,33,2.04,89.91000366210938,90.44999694824219,88.12000274658203,2687300.0,-0.64,CLOSED_LOSS,-0.19,CHOP,LIMIT,20,COMPRESSION,2026-09-29_1734,2026-09-28
QLYS,LONG,CONVICTION,63.9,BULL_BOUNCE_PENDING,169.54,164.36,182.1,182.1,19,2.42,173.8300018310547,175.6300048828125,168.05999755859375,600600.0,0.48,CLOSED,0.83,CHOP,LIMIT,20,COMPRESSION,2026-09-29_1734,2026-09-28
MWH,LONG,CONVICTION,63.9,BULL_BOUNCE_CONFIRMED,25.69,24.38,28.0,28.92,76,1.76,23.809999465942383,25.1299991607666,23.530000686645508,1336500.0,-7.32,STOPPED,-1.0,CHOP,LIMIT,20,COMPRESSION,2026-09-29_1734,2026-09-28
ASTS,LONG,CONVICTION,63.8,BULL_BOUNCE_PENDING,59.29,57.86,66.75,67.62,70,5.23,61.0,62.279998779296875,60.27000045776367,7548300.0,0.83,NO_FILL,0.0,CHOP,LIMIT,20,CONVICTION,2026-09-29_1734,2026-09-28
THC,LONG,CONVICTION,63.8,BULL_BOUNCE,259.71,251.55,277.66,281.42,12,2.2,257.92999267578125,265.6400146484375,256.8500061035156,541500.0,-0.69,CLOSED_LOSS,-0.22,CHOP,LIMIT,20,COMPRESSION,2026-09-29_1734,2026-09-28
GDX,LONG,CONVICTION,63.7,BULL_BOUNCE_PENDING,86.7,85.29,89.97,98.89,70,2.32,87.88999938964844,89.43000030517578,87.36000061035156,30488300.0,-0.25,NO_FILL,0.0,CHOP,LIMIT,20,COMPRESSION,2026-09-29_1734,2026-09-28
WGMI,LONG,CONVICTION,63.7,BULL_BOUNCE_PENDING,47.26,43.31,53.38,,25,1.55,46.2599983215332,48.21699905395508,46.16999816894531,461800.0,-4.06,CLOSED_LOSS,-0.25,CHOP,LIMIT,20,MINOR,2026-09-29_1734,2026-09-28
ASO,LONG,CONVICTION,63.7,BULL_BOUNCE_PENDING,48.16,44.92,53.6,56.37,30,1.68,48.61000061035156,49.11000061035156,47.790000915527344,1207600.0,-1.08,CLOSED,0.14,CHOP,LIMIT,20,COMPRESSION,2026-09-29_1734,2026-09-28
CNQ,LONG,CONVICTION,63.6,BULL_BOUNCE_PENDING,46.51,45.28,49.03,50.2,81,2.05,47.54999923706055,48.279998779296875,47.52000045776367,6008300.0,0.19,NO_FILL,0.0,CHOP,LIMIT,20,COMPRESSION,2026-09-29_1734,2026-09-28
TH,LONG,CONVICTION,63.6,BULL_BOUNCE_PENDING,20.17,18.71,21.18,,68,0.69,19.299999237060547,20.75,18.940000534057617,1732200.0,-6.22,CLOSED_LOSS,-0.6,CHOP,LIMIT,20,MINOR,2026-09-29_1734,2026-09-28
PANW,LONG,CONVICTION,63.5,BULL_BOUNCE,376.12,358.69,394.93,,5,1.08,392.0899963378906,394.5,367.2699890136719,6028100.0,4.25,CLOSED,0.92,CHOP,LIMIT,20,VACUUM,2026-09-29_1734,2026-09-28
MAT,SHORT,CONVICTION,63.5,BEAR_REJECTION_PENDING,13.6,14.1,12.92,,199,1.36,13.34000015258789,13.9399995803833,13.109999656677246,7382700.0,0.05,CLOSED,0.52,CHOP,LIMIT,20,COMPRESSION,2026-09-29_1734,2026-09-28
MTSI,SHORT,CONVICTION,63.5,BEAR_REJECTION_PENDING,286.43,291.26,272.58,260.32,20,2.87,278.55999755859375,287.3800048828125,274.4800109863281,1067400.0,-2.45,CLOSED,1.5,CHOP,LIMIT,20,CONVICTION,2026-09-29_1734,2026-09-28
ORIC,LONG,CONVICTION,63.4,BULL_BOUNCE_PENDING,12.9,12.68,14.32,13.71,471,6.71,13.270000457763672,13.720000267028809,12.760000228881836,1515600.0,0.84,CLOSED,1.5,CHOP,LIMIT,9,MINOR,2026-09-29_1734,2026-09-28
ZETA,LONG,CONVICTION,63.4,BULL_BOUNCE_PENDING,28.86,28.09,33.3,31.06,129,5.75,28.989999771118164,29.399999618530273,28.030000686645508,5530600.0,-1.56,STOPPED,-1.0,CHOP,LIMIT,9,CONVICTION,2026-09-29_1734,2026-09-28
TRGP,LONG,CONVICTION,63.4,BULL_BOUNCE_PENDING,272.28,265.84,288.76,288.6,15,2.56,277.42999267578125,280.8999938964844,274.57000732421875,1030200.0,-0.15,NO_FILL,0.0,CHOP,LIMIT,20,CONVICTION,2026-09-29_1734,2026-09-28
SYRE,SHORT,CONVICTION,63.3,BEAR_REJECTION_PENDING,87.4,88.62,81.57,75.53,82,4.79,85.79000091552734,87.12300109863281,84.0,1045400.0,0.12,NO_FILL,0.0,CHOP,LIMIT,20,COMPRESSION,2026-09-29_1734,2026-09-28
UNM,LONG,CONVICTION,63.3,BULL_BOUNCE_PENDING,90.25,86.79,96.44,,28,1.79,91.12000274658203,92.5,91.08000183105469,1347200.0,-1.05,NO_FILL,0.0,CHOP,LIMIT,18,MINOR,2026-09-29_1734,2026-09-28
LGHL,LONG,CONVICTION,63.2,BULL_BOUNCE_PENDING,7.0,6.1,7.35,,110,0.39,5.78000020980835,7.301000118255615,5.78000020980835,40800.0,-19.13,STOPPED,-1.0,CHOP,LIMIT,18,COMPRESSION,2026-09-29_1734,2026-09-28
PGNY,SHORT,CONVICTION,63.2,BEAR_REJECTION_PENDING,25.96,26.37,25.08,24.46,242,2.13,25.520000457763672,25.959999084472656,25.399999618530273,1080700.0,0.28,NO_FILL,0.0,CHOP,LIMIT,20,COMPRESSION,2026-09-29_1734,2026-09-28
LFTO,SHORT,CONVICTION,63.2,BEAR_REJECTION_PENDING,15.91,16.2,15.11,,346,2.76,15.65999984741211,16.049999237060547,15.40999984741211,485300.0,-0.89,CLOSED,0.86,CHOP,LIMIT,20,COMPRESSION,2026-09-29_1734,2026-09-28
GFI,SHORT,CONVICTION,63.2,BEAR_REJECTION_PENDING,34.59,40.59,32.86,,16,0.29,35.18000030517578,35.95000076293945,34.79999923706055,7082100.0,3.75,CLOSED_LOSS,-0.1,CHOP,LIMIT,20,CONVICTION,2026-09-29_1734,2026-09-28
BILL,LONG,CONVICTION,63.1,BULL_BOUNCE_PENDING,43.97,43.37,50.33,48.0,167,10.64,41.599998474121094,43.13999938964844,41.56999969482422,2376100.0,-6.94,STOPPED,-1.0,CHOP,LIMIT,20,COMPRESSION,2026-09-29_1734,2026-09-28
GPN,LONG,CONVICTION,63.1,BULL_BOUNCE_PENDING,85.76,84.88,90.64,96.95,114,5.57,84.69999694824219,85.63999938964844,83.76000213623047,1889300.0,-2.36,STOPPED,-1.0,CHOP,LIMIT,20,COMPRESSION,2026-09-29_1734,2026-09-28
BAC,LONG,CONVICTION,63.0,BULL_BOUNCE_PENDING,55.6,53.45,62.34,62.34,46,3.14,55.470001220703125,56.66999816894531,55.369998931884766,29170500.0,-2.22,CLOSED_LOSS,-0.06,CHOP,LIMIT,20,COMPRESSION,2026-09-29_1734,2026-09-28
GLOB,LONG,CONVICTION,63.0,BULL_BOUNCE_PENDING,33.81,32.44,39.31,37.72,73,4.02,33.790000915527344,34.268001556396484,33.16999816894531,750300.0,-2.06,CLOSED_LOSS,-0.01,CHOP,LIMIT,20,MINOR,2026-09-29_1734,2026-09-28
WETO,LONG,CONVICTION,63.0,BULL_BOUNCE_PENDING,1.62,1.44,1.7,,574,0.46,1.6699999570846558,1.7599999904632568,1.621999979019165,960400.0,1.21,NO_FILL,0.0,CHOP,LIMIT,6,COMPRESSION,2026-09-29_1734,2026-09-28
BHE,SHORT,CONVICTION,63.0,BEAR_REJECTION_PENDING,84.17,92.51,70.56,,11,1.63,82.79000091552734,83.30999755859375,80.97000122070312,477500.0,0.33,NO_FILL,0.0,CHOP,LIMIT,14,CONVICTION,2026-09-29_1734,2026-09-28
BCO,SHORT,CONVICTION,62.9,BEAR_REJECTION_PENDING,108.51,110.56,104.12,99.4,48,2.14,104.75,107.8499984741211,102.06999969482422,427000.0,-1.94,NO_FILL,0.0,CHOP,LIMIT,20,COMPRESSION,2026-09-29_1734,2026-09-28
CRSP,SHORT,CONVICTION,62.9,BEAR_REJECTION_PENDING,53.92,54.79,48.04,50.55,114,6.71,54.09000015258789,55.630001068115234,52.900001525878906,1269700.0,0.35,STOPPED,-1.0,CHOP,LIMIT,20,COMPRESSION,2026-09-29_1734,2026-09-28
LYFT,SHORT,CONVICTION,62.8,BEAR_REJECTION_PENDING,15.16,15.74,13.86,,173,2.25,14.880000114440918,14.90999984741211,14.444999694824219,6825400.0,0.11,NO_FILL,0.0,CHOP,LIMIT,20,COMPRESSION,2026-09-29_1734,2026-09-28
MOH,LONG,CONVICTION,62.8,BULL_BOUNCE_PENDING,187.12,183.9,217.99,209.68,31,9.57,189.63999938964844,192.0500030517578,187.16000366210938,555800.0,-0.64,NO_FILL,0.0,CHOP,LIMIT,20,CONVICTION,2026-09-29_1734,2026-09-28
POWL,LONG,CONVICTION,62.8,BULL_BOUNCE_PENDING,186.69,183.04,194.47,202.68,27,2.14,187.22999572753906,188.58999633789062,180.2899932861328,420700.0,-1.46,STOPPED,-1.0,CHOP,LIMIT,20,CONVICTION,2026-09-29_1734,2026-09-28
PAY,SHORT,CONVICTION,62.8,BEAR_REJECTION_PENDING,30.52,31.1,29.33,28.87,169,2.01,29.920000076293945,30.06999969482422,29.450000762939453,731100.0,-0.27,NO_FILL,0.0,CHOP,LIMIT,20,COMPRESSION,2026-09-29_1734,2026-09-28
QLD,LONG,CONVICTION,62.8,BULL_BOUNCE_PENDING,92.93,90.55,99.02,,41,2.55,94.87000274658203,96.12000274658203,93.5999984741211,3881500.0,0.04,NO_FILL,0.0,CHOP,LIMIT,20,COMPRESSION,2026-09-29_1734,2026-09-28
CCC,LONG,CONVICTION,62.7,BULL_BOUNCE_PENDING,6.76,6.51,7.72,,391,3.75,6.619999885559082,6.820000171661377,6.559999942779541,19605100.0,-4.06,CLOSED_LOSS,-0.56,CHOP,LIMIT,4,COMPRESSION,2026-09-29_1734,2026-09-28
INTR,LONG,CONVICTION,62.7,BULL_BOUNCE_PENDING,5.11,4.7,5.78,,248,1.67,5.039999961853027,5.099999904632568,4.96999979019165,6703800.0,-3.26,CLOSED_LOSS,-0.17,CHOP,LIMIT,20,COMPRESSION,2026-09-29_1734,2026-09-28
SPCF,LONG,CONVICTION,62.7,BULL_BOUNCE_PENDING,15.91,15.09,17.6,17.88,123,2.09,15.5600004196167,16.719999313354492,15.539999961853027,2231000.0,-4.13,CLOSED_LOSS,-0.43,CHOP,LIMIT,20,MINOR,2026-09-29_1734,2026-09-28
BNS,SHORT,CONVICTION,62.7,BEAR_REJECTION_PENDING,93.5,94.53,84.87,81.0,97,8.38,92.75,93.70999908447266,92.56999969482422,1031500.0,-0.78,CLOSED,0.73,CHOP,LIMIT,9,MINOR,2026-09-29_1734,2026-09-28
TZA,LONG,CONVICTION,62.7,BULL_BOUNCE_PENDING,45.63,44.9,51.0,52.05,137,7.39,46.349998474121094,46.97999954223633,45.4900016784668,5107400.0,0.41,CLOSED,0.99,CHOP,LIMIT,9,COMPRESSION,2026-09-29_1734,2026-09-28
AAPU,LONG,CONVICTION,62.7,BULL_BOUNCE_PENDING,45.31,44.22,47.62,48.05,91,2.13,45.720001220703125,46.952999114990234,45.61000061035156,641300.0,-1.1,NO_FILL,0.0,CHOP,LIMIT,19,COMPRESSION,2026-09-29_1734,2026-09-28
TSLA,LONG,CONVICTION,62.6,BULL_BOUNCE_PENDING,366.1,362.36,381.78,392.35,26,4.2,357.45001220703125,369.42999267578125,356.79998779296875,39452900.0,-2.93,STOPPED,-1.0,CHOP,LIMIT,20,CONVICTION,2026-09-29_1734,2026-09-28
KLIC,LONG,CONVICTION,62.6,BULL_BOUNCE_PENDING,89.47,88.37,94.53,97.0,90,4.6,91.68000030517578,91.9000015258789,88.44999694824219,681900.0,0.55,CLOSED,1.5,CHOP,LIMIT,20,CONVICTION,2026-09-29_1734,2026-09-28
CDE,SHORT,CONVICTION,62.5,BEAR_REJECTION_PENDING,18.39,19.33,16.85,16.19,106,1.64,17.8700008392334,18.700000762939453,17.8700008392334,36929200.0,-1.38,CLOSED,0.55,CHOP,LIMIT,20,COMPRESSION,2026-09-29_1734,2026-09-28
KRMN,LONG,CONVICTION,62.5,BULL_BOUNCE_PENDING,35.07,30.57,36.83,,22,0.39,33.68000030517578,35.04999923706055,33.23500061035156,3686500.0,-5.9,CLOSED_LOSS,-0.31,CHOP,LIMIT,20,COMPRESSION,2026-09-29_1734,2026-09-28
DPZ,SHORT,CONVICTION,62.5,BEAR_REJECTION_PENDING,292.13,294.88,285.0,,36,2.59,292.2699890136719,293.7699890136719,286.32000732421875,610400.0,0.09,CLOSED_LOSS,-0.05,CHOP,LIMIT,20,COMPRESSION,2026-09-29_1734,2026-09-28
WPM,LONG,CONVICTION,62.5,BULL_BOUNCE_PENDING,135.17,133.51,144.06,151.36,60,5.37,135.6199951171875,138.6199951171875,134.07000732421875,3376300.0,-0.61,CLOSED,0.27,CHOP,LIMIT,20,CONVICTION,2026-09-29_1734,2026-09-28
RING,LONG,CONVICTION,62.5,BULL_BOUNCE_PENDING,80.26,78.89,86.9,84.83,73,4.86,76.7699966430664,78.08000183105469,76.12000274658203,254400.0,-5.58,STOPPED,-1.0,CHOP,LIMIT,20,COMPRESSION,2026-09-29_1734,2026-09-28
KLAC,LONG,CONVICTION,62.4,BULL_BOUNCE,182.52,175.16,195.47,202.44,13,1.76,189.1699981689453,190.6999969482422,182.6999969482422,8704400.0,3.64,NO_FILL,0.0,CHOP,LIMIT,20,CONVICTION,2026-09-29_1734,2026-09-28
MTZ,SHORT,CONVICTION,62.4,BEAR_REJECTION_PENDING,214.5,218.61,195.52,195.52,24,4.62,204.08999633789062,213.97999572753906,203.3800048828125,1759100.0,-4.12,NO_FILL,0.0,CHOP,LIMIT,20,CONVICTION,2026-09-29_1734,2026-09-28
QNST,SHORT,CONVICTION,62.4,BEAR_REJECTION_PENDING,14.7,15.46,13.34,12.51,131,1.78,14.210000038146973,14.430000305175781,14.039999961853027,781300.0,-1.39,NO_FILL,0.0,CHOP,LIMIT,14,COMPRESSION,2026-09-29_1734,2026-09-28
PTGX,LONG,CONVICTION,62.3,BULL_BOUNCE_PENDING,140.28,138.07,144.27,147.48,45,1.8,142.44000244140625,143.68499755859375,140.24000549316406,925500.0,0.41,CLOSED,0.98,CHOP,LIMIT,20,MINOR,2026-09-29_1734,2026-09-28
WFF,LONG,CONVICTION,62.3,BULL_BOUNCE,2.33,2.09,4.79,,411,10.12,2.1700000762939453,2.5799999237060547,2.1500000953674316,379700.0,-6.87,CLOSED_LOSS,-0.67,CHOP,LIMIT,3,MINOR,2026-09-29_1734,2026-09-28
JNUG,LONG,CONVICTION,62.3,BULL_BOUNCE_PENDING,148.95,144.14,160.0,167.31,20,2.3,149.5500030517578,155.92999267578125,148.27000427246094,363400.0,-1.61,CLOSED,0.12,CHOP,LIMIT,20,VACUUM,2026-09-29_1734,2026-09-28
AAOI,LONG,CONVICTION,62.2,BULL_BOUNCE_PENDING,96.63,89.68,109.12,112.35,14,1.8,96.81999969482422,102.43000030517578,93.62000274658203,8195600.0,-1.81,CLOSED,0.03,CHOP,LIMIT,20,CONVICTION,2026-09-29_1734,2026-09-28
SPAL,LONG,CONVICTION,62.2,BULL_BOUNCE_PENDING,16.34,15.43,17.92,,110,1.74,15.949999809265137,17.1200008392334,15.90999984741211,1338700.0,-4.32,CLOSED_LOSS,-0.43,CHOP,LIMIT,20,COMPRESSION,2026-09-29_1734,2026-09-28
HOOD,LONG,CONVICTION,62.1,BULL_BOUNCE_PENDING,113.58,109.55,120.82,131.78,24,1.79,116.45999908447266,120.16999816894531,116.05999755859375,12901300.0,0.48,NO_FILL,0.0,CHOP,LIMIT,20,CONVICTION,2026-09-29_1734,2026-09-28
EWTX,LONG,CONVICTION,62.1,BULL_BOUNCE_PENDING,38.72,38.03,44.41,43.12,145,8.31,39.790000915527344,40.097999572753906,39.119998931884766,2983900.0,1.14,NO_FILL,0.0,CHOP,LIMIT,20,COMPRESSION,2026-09-29_1734,2026-09-28
LFST,LONG,CONVICTION,62.1,BULL_BOUNCE_PENDING,11.76,11.27,12.56,12.96,205,1.64,11.84000015258789,11.989999771118164,11.699999809265137,3043400.0,-1.33,CLOSED,0.16,CHOP,LIMIT,20,COMPRESSION,2026-09-29_1734,2026-09-28
IOT,SHORT,CONVICTION,62.1,BEAR_REJECTION_PENDING,38.96,41.86,34.31,,34,1.61,37.93000030517578,38.369998931884766,36.400001525878906,4501000.0,-0.71,NO_FILL,0.0,CHOP,LIMIT,14,COMPRESSION,2026-09-29_1734,2026-09-28
TMV,LONG,CONVICTION,62.1,BULL_BOUNCE_CONFIRMED,48.11,46.91,50.52,,83,2.01,48.43000030517578,49.04999923706055,47.9900016784668,1001200.0,0.67,CLOSED,0.27,CHOP,LIMIT,0,NONE,2026-09-29_1734,2026-09-28
STX,LONG,CONVICTION,62.0,BULL_BOUNCE_PENDING,894.25,880.04,929.5,994.59,7,2.48,921.510009765625,932.8699951171875,870.3800048828125,3402300.0,2.89,STOPPED,-1.0,CHOP,LIMIT,20,VACUUM,2026-09-29_1734,2026-09-28
TSEM,LONG,CONVICTION,62.0,BULL_BOUNCE_PENDING,225.01,221.34,249.78,250.73,27,6.75,226.0399932861328,228.64999389648438,218.14999389648438,1829900.0,-0.23,STOPPED,-1.0,CHOP,LIMIT,18,VACUUM,2026-09-29_1734,2026-09-28
MS,SHORT,CONVICTION,62.0,BEAR_REJECTION_PENDING,197.14,199.24,192.62,188.49,47,2.15,193.63999938964844,195.92999267578125,192.97000122070312,4357200.0,-1.56,NO_FILL,0.0,CHOP,LIMIT,20,CONVICTION,2026-09-29_1734,2026-09-28
SNOW,LONG,CONVICTION,62.0,BULL_BOUNCE_PENDING,334.93,330.96,353.63,356.59,25,4.71,328.1199951171875,333.7200012207031,316.6300048828125,4523500.0,-2.32,STOPPED,-1.0,CHOP,LIMIT,11,CONVICTION,2026-09-29_1734,2026-09-28
ARKG,LONG,CONVICTION,62.0,BULL_BOUNCE_PENDING,51.98,51.38,53.98,53.98,168,3.38,53.349998474121094,54.060001373291016,52.56999969482422,2506800.0,1.06,NO_FILL,0.0,CHOP,LIMIT,9,MINOR,2026-09-29_1734,2026-09-28
MAIN,SHORT,CONVICTION,62.0,BEAR_REJECTION_PENDING,55.06,56.13,52.48,51.89,93,2.41,55.06999969482422,55.400001525878906,54.650001525878906,469000.0,0.12,CLOSED_LOSS,-0.01,CHOP,LIMIT,20,COMPRESSION,2026-09-29_1734,2026-09-28
FOUR,SHORT,CONVICTION,62.0,BEAR_REJECTION_PENDING,39.11,39.96,37.75,,117,1.6,37.029998779296875,37.970001220703125,36.560001373291016,1813600.0,-3.94,NO_FILL,0.0,CHOP,LIMIT,20,MINOR,2026-09-29_1734,2026-09-28
SFM,SHORT,CONVICTION,62.0,BEAR_REJECTION_PENDING,62.66,63.78,59.53,,89,2.8,63.45000076293945,64.37999725341797,61.880001068115234,3057900.0,1.7,STOPPED,-1.0,CHOP,LIMIT,20,COMPRESSION,2026-09-29_1734,2026-09-28
AMDL,SHORT,CONVICTION,62.0,BEAR_REJECTION_PENDING,80.1,84.81,72.97,69.1,21,1.51,78.16999816894531,83.79000091552734,75.0009994506836,2115200.0,-2.14,CLOSED,0.41,CHOP,LIMIT,20,MINOR,2026-09-29_1734,2026-09-28
SDRL,SHORT,CONVICTION,62.0,BEAR_REJECTION_PENDING,45.97,47.04,39.51,40.91,93,6.01,45.58000183105469,46.599998474121094,45.40999984741211,609000.0,0.02,CLOSED,0.36,CHOP,LIMIT,20,COMPRESSION,2026-09-29_1734,2026-09-28
GFL,SHORT,CONVICTION,62.0,BEAR_REJECTION_PENDING,42.9,43.69,39.75,39.7,127,4.0,41.400001525878906,42.34000015258789,41.3849983215332,2673600.0,-2.06,NO_FILL,0.0,CHOP,LIMIT,20,COMPRESSION,2026-09-29_1734,2026-09-28
ATI,SHORT,CONVICTION,62.0,BEAR_REJECTION_PENDING,185.42,187.82,165.0,165.0,41,8.49,180.6699981689453,185.75,178.25999450683594,1565500.0,-2.34,CLOSED,1.5,CHOP,LIMIT,20,CONVICTION,2026-09-29_1734,2026-09-28
COUR,LONG,CONVICTION,61.9,BULL_BOUNCE_PENDING,4.98,4.92,5.34,5.56,1735,6.33,4.639999866485596,4.96999979019165,4.59499979019165,10052200.0,-7.2,STOPPED,-1.0,CHOP,LIMIT,20,COMPRESSION,2026-09-29_1734,2026-09-28
BKNG,LONG,CONVICTION,61.9,BULL_BOUNCE_PENDING,161.11,155.71,173.78,177.37,18,2.35,163.8699951171875,166.19000244140625,160.75,8637900.0,-0.32,CLOSED,0.51,CHOP,LIMIT,20,COMPRESSION,2026-09-29_1734,2026-09-28
TMO,SHORT,CONVICTION,61.9,BEAR_REJECTION_PENDING,677.53,682.15,653.89,614.94,21,5.11,678.5999755859375,682.6099853515625,664.22998046875,1904500.0,0.53,STOPPED,-1.0,CHOP,LIMIT,7,VACUUM,2026-09-29_1734,2026-09-28
ARXS,LONG,CONVICTION,61.9,BULL_BOUNCE_PENDING,49.12,43.71,51.57,,18,0.45,48.439998626708984,49.619998931884766,48.22999954223633,847100.0,-3.35,CLOSED_LOSS,-0.13,CHOP,LIMIT,14,MINOR,2026-09-29_1734,2026-09-28
AMKR,LONG,CONVICTION,61.8,BULL_BOUNCE_PENDING,50.99,50.05,52.69,57.48,106,1.81,53.18000030517578,53.810001373291016,51.61000061035156,3447200.0,2.52,NO_FILL,0.0,CHOP,LIMIT,20,COMPRESSION,2026-09-29_1734,2026-09-28
FTI,LONG,CONVICTION,61.8,BULL_BOUNCE_PENDING,70.03,69.27,71.85,75.7,132,2.42,70.62000274658203,72.05000305175781,70.51000213623047,2579300.0,-0.52,NO_FILL,0.0,CHOP,LIMIT,20,COMPRESSION,2026-09-29_1734,2026-09-28
KOLD,LONG,CONVICTION,61.8,BULL_BOUNCE_PENDING,26.12,24.51,29.85,29.85,62,2.32,26.110000610351562,27.079999923706055,25.469999313354492,4157500.0,-2.03,CLOSED_LOSS,-0.01,CHOP,LIMIT,20,CONVICTION,2026-09-29_1734,2026-09-28
CAR,SHORT,CONVICTION,61.8,BEAR_REJECTION_PENDING,110.63,113.89,102.46,102.46,30,2.5,104.93000030517578,107.5999984741211,104.58999633789062,318500.0,-3.25,NO_FILL,0.0,CHOP,LIMIT,20,COMPRESSION,2026-09-29_1734,2026-09-28
ZCSH,SHORT,CONVICTION,61.8,BEAR_REJECTION_PENDING,123.29,126.38,117.96,108.89,32,1.73,115.6500015258789,127.80000305175781,115.0,882400.0,-5.98,STOPPED,-1.0,CHOP,LIMIT,20,VACUUM,2026-09-29_1734,2026-09-28
BAX,SHORT,CONVICTION,61.7,BEAR_REJECTION_PENDING,23.84,24.98,21.95,21.23,87,1.65,23.489999771118164,23.81999969482422,23.110000610351562,6171500.0,0.51,NO_FILL,0.0,CHOP,LIMIT,20,COMPRESSION,2026-09-29_1734,2026-09-28
FIGR,LONG,CONVICTION,61.7,BULL_BOUNCE_PENDING,31.79,31.03,34.24,33.95,129,3.18,29.329999923706055,31.559999465942383,29.309999465942383,6211100.0,-9.11,STOPPED,-1.0,CHOP,LIMIT,20,COMPRESSION,2026-09-29_1734,2026-09-28
CRDO,LONG,CONVICTION,61.7,BULL_BOUNCE_PENDING,198.78,194.99,220.0,232.0,26,5.6,192.6699981689453,208.10499572753906,189.43899536132812,9095400.0,-4.7,STOPPED,-1.0,CHOP,LIMIT,20,CONVICTION,2026-09-29_1734,2026-09-28
LEGN,LONG,CONVICTION,61.7,BULL_BOUNCE_PENDING,18.64,17.56,20.41,,92,1.63,18.6200008392334,18.889999389648438,18.399999618530273,1714900.0,-2.1,CLOSED_LOSS,-0.02,CHOP,LIMIT,20,COMPRESSION,2026-09-29_1734,2026-09-28
AIAI,LONG,CONVICTION,61.7,BULL_BOUNCE_PENDING,3.53,3.29,4.04,4.14,426,2.16,3.740000009536743,3.869999885559082,3.5299999713897705,160500.0,3.89,CLOSED,0.88,CHOP,LIMIT,5,MINOR,2026-09-29_1734,2026-09-28
OR,LONG,CONVICTION,61.7,BULL_BOUNCE_PENDING,33.32,32.68,35.74,35.27,155,3.76,34.279998779296875,34.95000076293945,33.95000076293945,682400.0,1.0,NO_FILL,0.0,CHOP,LIMIT,20,MINOR,2026-09-29_1734,2026-09-28
CAMT,LONG,CONVICTION,61.7,BULL_BOUNCE_PENDING,140.39,137.9,145.12,163.12,40,1.89,142.61000061035156,145.4600067138672,139.22999572753906,288000.0,-0.45,TARGET_HIT,1.5,CHOP,LIMIT,20,CONVICTION,2026-09-29_1734,2026-09-28
ANET,LONG,CONVICTION,61.6,BULL_BOUNCE,207.09,199.58,217.45,,13,1.38,204.9199981689453,208.35000610351562,203.52000427246094,3480800.0,-1.05,CLOSED_LOSS,-0.29,CHOP,LIMIT,3,MINOR,2026-09-29_1734,2026-09-28
LBRDK,LONG,CONVICTION,61.6,BULL_BOUNCE_PENDING,35.41,33.68,39.83,41.38,57,2.55,nan,nan,nan,nan,nan,NO_FILL,0.0,CHOP,LIMIT,6,COMPRESSION,2026-09-29_1734,2026-09-28
CEG,LONG,CONVICTION,61.6,BULL_BOUNCE,261.52,252.54,276.51,290.16,11,1.67,260.42999267578125,262.6600036621094,257.3800048828125,2124900.0,-0.42,CLOSED_LOSS,-0.12,CHOP,LIMIT,20,CONVICTION,2026-09-29_1734,2026-09-28
SVRN,LONG,CONVICTION,61.6,BULL_BOUNCE_PENDING,48.02,46.44,50.6,52.0,63,1.64,52.05500030517578,61.45000076293945,47.20000076293945,273000.0,6.23,TARGET_HIT,1.5,CHOP,LIMIT,3,COMPRESSION,2026-09-29_1734,2026-09-28
NOW,SHORT,CONVICTION,61.5,BEAR_REJECTION_PENDING,137.25,138.91,130.48,121.67,60,4.07,131.4499969482422,131.88999938964844,126.75,11936000.0,-3.78,NO_FILL,0.0,CHOP,LIMIT,20,COMPRESSION,2026-09-29_1734,2026-09-28
HBM,SHORT,CONVICTION,61.5,BEAR_REJECTION_PENDING,26.22,26.87,24.6,22.75,152,2.48,26.8700008392334,27.1299991607666,25.25,6529300.0,3.75,STOPPED,-1.0,CHOP,LIMIT,20,VACUUM,2026-09-29_1734,2026-09-28
ORCX,LONG,CONVICTION,61.5,BULL_BOUNCE_PENDING,17.39,16.56,19.08,19.67,119,2.01,17.190000534057617,18.0,16.900999069213867,2449200.0,-3.15,CLOSED_LOSS,-0.24,CHOP,LIMIT,20,CONVICTION,2026-09-29_1734,2026-09-28
SCTX,LONG,CONVICTION,61.5,BULL_BOUNCE_PENDING,21.65,18.12,22.73,,28,0.31,21.770000457763672,22.0,20.5,306900.0,-1.45,CLOSED,0.03,CHOP,LIMIT,18,COMPRESSION,2026-09-29_1734,2026-09-28
CLF,LONG,CONVICTION,61.4,BULL_BOUNCE_PENDING,11.71,10.88,13.2,13.58,120,1.8,11.220000267028809,11.779999732971191,11.0,26450800.0,-6.07,CLOSED_LOSS,-0.59,CHOP,LIMIT,20,COMPRESSION,2026-09-29_1734,2026-09-28
CCJ,LONG,CONVICTION,61.4,BULL_BOUNCE_PENDING,85.26,75.35,89.52,,10,0.43,87.04000091552734,87.77999877929688,85.68000030517578,2919400.0,0.05,NO_FILL,0.0,CHOP,LIMIT,20,CONVICTION,2026-09-29_1734,2026-09-28
F,LONG,CONVICTION,61.4,BULL_BOUNCE_PENDING,12.45,11.63,13.86,14.43,122,1.74,12.380000114440918,12.670000076293945,12.289999961853027,45502000.0,-2.52,CLOSED_LOSS,-0.09,CHOP,LIMIT,20,COMPRESSION,2026-09-29_1734,2026-09-28
SHMD,LONG,CONVICTION,61.4,BULL_BOUNCE_PENDING,4.8,4.56,5.23,5.56,406,1.74,4.375,5.070000171661377,4.360000133514404,5348500.0,-10.73,STOPPED,-1.0,CHOP,LIMIT,12,COMPRESSION,2026-09-29_1734,2026-09-28
AMZE,LONG,CONVICTION,61.4,BULL_BOUNCE,0.14,0.12,0.14,,6535,0.31,0.12700000405311584,0.1340000033378601,0.12600000202655792,3544600.0,-6.07,CLOSED_LOSS,-0.65,CHOP,LIMIT,10,COMPRESSION,2026-09-29_1734,2026-09-28
XOP,LONG,CONVICTION,61.4,BULL_BOUNCE_PENDING,179.93,178.02,187.57,187.57,52,4.01,180.13999938964844,183.67999267578125,179.92999267578125,3551900.0,-1.88,CLOSED,0.11,CHOP,LIMIT,20,CONVICTION,2026-09-29_1734,2026-09-28
FIVE,SHORT,CONVICTION,61.3,BEAR_REJECTION_PENDING,222.84,228.13,203.19,194.08,18,3.71,228.0,230.52999877929688,220.00999450683594,953600.0,2.43,STOPPED,-1.0,CHOP,LIMIT,20,COMPRESSION,2026-09-29_1734,2026-09-28
GEO,SHORT,CONVICTION,61.3,BEAR_REJECTION_PENDING,31.4,32.2,27.22,28.83,124,5.22,30.219999313354492,31.65999984741211,29.600000381469727,2584300.0,-3.2,CLOSED,1.48,CHOP,LIMIT,17,COMPRESSION,2026-09-29_1734,2026-09-28
FLYE,LONG,CONVICTION,61.3,BULL_BOUNCE_PENDING,1.37,1.24,1.44,,751,0.52,1.4299999475479126,1.5,1.409999966621399,12400.0,2.14,NO_FILL,0.0,CHOP,LIMIT,20,MINOR,2026-09-29_1734,2026-09-28
FLY,LONG,CONVICTION,61.2,BULL_BOUNCE_PENDING,23.52,22.7,26.38,26.14,121,3.47,24.110000610351562,25.100000381469727,23.75,3498800.0,0.46,NO_FILL,0.0,CHOP,LIMIT,20,COMPRESSION,2026-09-29_1734,2026-09-28
TSLT,LONG,CONVICTION,61.1,BULL_BOUNCE_PENDING,13.37,12.93,15.57,,226,4.98,12.8100004196167,13.699999809265137,12.770000457763672,1764900.0,-6.09,STOPPED,-1.0,CHOP,LIMIT,14,MINOR,2026-09-29_1734,2026-09-28
ACHV,LONG,CONVICTION,61.0,BULL_BOUNCE,7.59,7.17,8.49,,240,2.16,7.75,7.840000152587891,7.349999904632568,1301100.0,2.11,CLOSED,0.38,CHOP,LIMIT,20,MINOR,2026-09-29_1734,2026-09-28
NASA,LONG,CONVICTION,61.0,BULL_BOUNCE,24.19,23.35,25.76,26.95,118,1.87,24.229999542236328,24.5,24.079999923706055,1139000.0,0.16,CLOSED,0.05,CHOP,LIMIT,20,MINOR,2026-09-29_1734,2026-09-28
BSP,LONG,CONVICTION,61.0,BULL_BOUNCE_PENDING,32.94,32.24,35.66,37.78,141,3.84,33.560001373291016,33.77000045776367,31.43000030517578,2634800.0,1.67,STOPPED,-1.0,CHOP,LIMIT,20,COMPRESSION,2026-09-29_1734,2026-09-28
MPC,LONG,CONVICTION,61.0,BULL_BOUNCE_CONFIRMED,393.79,376.5,421.68,,5,1.61,389.44000244140625,398.3299865722656,387.07000732421875,2669700.0,-1.11,CLOSED_LOSS,-0.25,CHOP,LIMIT,20,CONVICTION,2026-09-29_1734,2026-09-28
NWL,LONG,CONVICTION,61.0,BULL_BOUNCE_PENDING,5.34,5.07,5.98,6.17,363,2.32,5.440000057220459,5.519999980926514,5.300000190734863,4586400.0,-0.18,CLOSED,0.37,CHOP,LIMIT,20,COMPRESSION,2026-09-29_1734,2026-09-28
OII,LONG,CONVICTION,61.0,BULL_BOUNCE,46.26,44.43,50.41,50.41,54,2.27,45.84000015258789,47.0099983215332,45.66999816894531,538300.0,-0.91,CLOSED_LOSS,-0.23,CHOP,LIMIT,20,COMPRESSION,2026-09-29_1734,2026-09-28
BITB,LONG,CONVICTION,61.0,BULL_BOUNCE,45.56,44.23,47.59,49.36,75,1.53,45.220001220703125,45.7599983215332,44.78499984741211,674500.0,-0.75,CLOSED_LOSS,-0.26,CHOP,LIMIT,20,CONVICTION,2026-09-29_1734,2026-09-28
DJT,LONG,CONVICTION,61.0,BULL_BOUNCE,9.04,8.69,10.13,9.96,286,3.12,9.119999885559082,9.1850004196167,8.9399995803833,2937000.0,0.88,CLOSED,0.23,CHOP,LIMIT,14,MINOR,2026-09-29_1734,2026-09-28
RLAY,LONG,CONVICTION,61.0,BULL_BOUNCE_PENDING,17.12,15.75,19.95,,72,2.06,17.690000534057617,17.8799991607666,17.049999237060547,1843500.0,1.26,CLOSED,0.42,CHOP,LIMIT,20,MINOR,2026-09-29_1734,2026-09-28
ZM,LONG,CONVICTION,61.0,BULL_BOUNCE,89.81,87.0,94.73,96.15,35,1.75,87.30000305175781,87.98500061035156,85.37999725341797,2368100.0,-2.79,STOPPED,-1.0,CHOP,LIMIT,20,COMPRESSION,2026-09-29_1734,2026-09-28
WLK,SHORT,CONVICTION,61.0,BEAR_REJECTION_PENDING,69.06,70.92,60.88,60.38,53,4.4,66.83999633789062,67.75,66.30999755859375,444200.0,-1.28,NO_FILL,0.0,CHOP,LIMIT,20,CONVICTION,2026-09-29_1734,2026-09-28
FEIM,LONG,CONVICTION,61.0,BULL_BOUNCE,88.43,82.41,89.33,,16,0.15,82.48999786376953,88.68000030517578,81.58000183105469,345100.0,-6.72,STOPPED,-1.0,CHOP,LIMIT,3,MINOR,2026-09-29_1734,2026-09-28
SSMR,SHORT,CONVICTION,61.0,BEAR_REJECTION_PENDING,14.98,15.87,13.0,12.69,112,2.23,14.890000343322754,15.199999809265137,14.510000228881836,284700.0,1.36,CLOSED,0.1,CHOP,LIMIT,20,COMPRESSION,2026-09-29_1734,2026-09-28
WHLR,LONG,CONVICTION,61.0,BULL_BOUNCE_PENDING,4.52,3.62,4.74,,111,0.25,4.090000152587891,4.480000019073486,3.7799999713897705,548200.0,-11.3,CLOSED_LOSS,-0.48,CHOP,LIMIT,16,MINOR,2026-09-29_1734,2026-09-28
HAL,LONG,CONVICTION,60.9,BULL_BOUNCE_PENDING,32.43,29.68,37.89,,36,1.99,32.43000030517578,32.970001220703125,32.34000015258789,10552200.0,-2.0,CLOSED,0.0,CHOP,LIMIT,20,COMPRESSION,2026-09-29_1734,2026-09-28
DYN,LONG,CONVICTION,60.9,BULL_BOUNCE_PENDING,15.71,14.65,18.21,18.35,94,2.36,16.34000015258789,16.43000030517578,15.630000114440918,2305800.0,1.93,CLOSED,0.59,CHOP,LIMIT,20,CONVICTION,2026-09-29_1734,2026-09-28
FLEX,LONG,CONVICTION,60.9,BULL_BOUNCE_PENDING,113.67,111.78,132.5,125.3,52,9.97,113.04000091552734,114.37000274658203,110.27999877929688,2370500.0,-2.54,STOPPED,-1.0,CHOP,LIMIT,14,CONVICTION,2026-09-29_1734,2026-09-28
WMT,SHORT,CONVICTION,60.8,BEAR_REJECTION_PENDING,110.54,119.59,95.25,,11,1.69,108.7300033569336,109.41999816894531,107.2699966430664,17232400.0,0.33,NO_FILL,0.0,CHOP,LIMIT,18,CONVICTION,2026-09-29_1734,2026-09-28
RHI,SHORT,CONVICTION,60.8,BEAR_REJECTION_PENDING,37.78,38.29,34.68,32.52,195,6.07,36.7599983215332,36.900001525878906,36.150001525878906,979300.0,-0.78,NO_FILL,0.0,CHOP,LIMIT,20,COMPRESSION,2026-09-29_1734,2026-09-28
FSM,LONG,CONVICTION,60.8,BULL_BOUNCE_PENDING,10.93,10.52,12.66,12.31,243,4.23,11.210000038146973,11.399999618530273,10.930000305175781,4157500.0,0.54,NO_FILL,0.0,CHOP,LIMIT,20,COMPRESSION,2026-09-29_1734,2026-09-28
VNET,LONG,CONVICTION,60.8,BULL_BOUNCE_CONFIRMED,6.74,6.49,7.33,7.33,396,2.34,5.980000019073486,6.579999923706055,5.96999979019165,4934600.0,-11.27,STOPPED,-1.0,CHOP,LIMIT,17,COMPRESSION,2026-09-29_1734,2026-09-28
HAFN,SHORT,CONVICTION,60.8,BEAR_REJECTION_PENDING,8.92,9.15,8.35,7.74,443,2.53,9.130000114440918,9.279999732971191,9.050000190734863,2747000.0,2.47,STOPPED,-1.0,CHOP,LIMIT,20,COMPRESSION,2026-09-29_1734,2026-09-28
BKD,LONG,CONVICTION,60.7,BULL_BOUNCE_PENDING,10.89,10.5,11.55,11.82,256,1.7,11.039999961853027,11.15999984741211,10.920000076293945,3785700.0,-0.63,NO_FILL,0.0,CHOP,LIMIT,20,COMPRESSION,2026-09-29_1734,2026-09-28
RARE,LONG,CONVICTION,60.7,BULL_BOUNCE_PENDING,13.89,12.89,15.55,,99,1.66,14.40999984741211,14.470000267028809,14.109999656677246,4939900.0,1.67,NO_FILL,0.0,CHOP,LIMIT,13,CONVICTION,2026-09-29_1734,2026-09-28
PNR,SHORT,CONVICTION,60.7,BEAR_REJECTION_PENDING,54.73,55.53,52.96,52.77,126,2.24,53.029998779296875,53.63999938964844,52.709999084472656,2241800.0,-1.17,NO_FILL,0.0,CHOP,LIMIT,20,COMPRESSION,2026-09-29_1734,2026-09-28
MYSZ,SHORT,CONVICTION,60.7,BEAR_REJECTION_PENDING,1.72,1.81,1.63,,1174,1.01,1.6299999952316284,1.722000002861023,1.600000023841858,46100.0,-5.06,TARGET_HIT,1.5,CHOP,LIMIT,20,MINOR,2026-09-29_1734,2026-09-28
BL,LONG,CONVICTION,60.6,BULL_BOUNCE_PENDING,27.97,26.3,32.25,32.25,59,2.56,26.559999465942383,27.231000900268555,25.950000762939453,1434800.0,-6.94,STOPPED,-1.0,CHOP,LIMIT,20,COMPRESSION,2026-09-29_1734,2026-09-28
TGTX,LONG,CONVICTION,60.6,BULL_BOUNCE_PENDING,57.05,56.34,58.97,58.65,141,2.71,56.189998626708984,57.65999984741211,55.880001068115234,1442300.0,-2.11,STOPPED,-1.0,CHOP,LIMIT,5,MINOR,2026-09-29_1734,2026-09-28
BAH,LONG,CONVICTION,60.6,BULL_BOUNCE_PENDING,72.62,71.84,77.0,75.6,127,5.57,70.25,72.44999694824219,69.30999755859375,2062000.0,-4.06,STOPPED,-1.0,CHOP,LIMIT,20,COMPRESSION,2026-09-29_1734,2026-09-28
BTGO,LONG,CONVICTION,60.6,BULL_BOUNCE_PENDING,7.14,6.73,8.31,8.31,243,2.84,7.260000228881836,7.489999771118164,7.099999904632568,1020800.0,-0.41,CLOSED,0.29,CHOP,LIMIT,20,MINOR,2026-09-29_1734,2026-09-28
TWLO,LONG,CONVICTION,60.5,BULL_BOUNCE_PENDING,275.24,271.02,299.89,299.0,23,5.85,286.9800109863281,288.1700134277344,265.3999938964844,2730400.0,3.97,STOPPED,-1.0,CHOP,LIMIT,18,MINOR,2026-09-29_1734,2026-09-28
EME,LONG,CONVICTION,60.5,BULL_BOUNCE_PENDING,755.08,746.34,799.14,793.42,11,5.04,765.52001953125,774.5399780273438,752.25,381100.0,0.43,CLOSED,1.19,CHOP,LIMIT,20,CONVICTION,2026-09-29_1734,2026-09-28
PS,LONG,CONVICTION,60.5,BULL_BOUNCE_PENDING,54.82,52.07,57.56,,36,1.0,59.16999816894531,59.939998626708984,55.54999923706055,629700.0,5.77,NO_FILL,0.0,CHOP,LIMIT,0,NONE,2026-09-29_1734,2026-09-28
AUGO,SHORT,CONVICTION,60.4,BEAR_REJECTION_PENDING,79.99,81.4,77.0,69.92,70,2.11,77.72000122070312,80.61000061035156,77.0,1158000.0,-2.05,TARGET_HIT,1.5,CHOP,LIMIT,20,CONVICTION,2026-09-29_1734,2026-09-28
FANG,LONG,CONVICTION,60.4,BULL_BOUNCE_PENDING,184.66,182.47,189.88,189.88,45,2.39,185.22999572753906,190.57000732421875,184.5,2173500.0,-0.77,TARGET_HIT,1.5,CHOP,LIMIT,20,CONVICTION,2026-09-29_1734,2026-09-28
FIX,SHORT,CONVICTION,60.4,BEAR_REJECTION_PENDING,1648.08,1698.45,1510.0,1531.51,1,2.74,1658.300048828125,1689.280029296875,1628.0,334300.0,1.72,CLOSED_LOSS,-0.2,CHOP,LIMIT,20,CONVICTION,2026-09-29_1734,2026-09-28
BRSL,SHORT,CONVICTION,60.4,BEAR_REJECTION_PENDING,10.18,10.31,9.96,9.84,761,1.68,9.869999885559082,10.0,9.760000228881836,2264400.0,-1.3,NO_FILL,0.0,CHOP,LIMIT,20,COMPRESSION,2026-09-29_1734,2026-09-28
EFX,SHORT,CONVICTION,60.4,BEAR_REJECTION_PENDING,151.07,168.24,143.52,,5,0.44,145.77999877929688,147.41000366210938,143.74000549316406,2440800.0,-1.57,NO_FILL,0.0,CHOP,LIMIT,20,COMPRESSION,2026-09-29_1734,2026-09-28
GOLD,LONG,CONVICTION,60.4,BULL_BOUNCE_PENDING,41.95,40.44,45.89,48.5,66,2.6,42.849998474121094,43.95000076293945,42.599998474121094,400200.0,0.09,NO_FILL,0.0,CHOP,LIMIT,20,MINOR,2026-09-29_1734,2026-09-28
FIG,SHORT,CONVICTION,60.2,BEAR_REJECTION_PENDING,21.32,21.97,19.05,19.54,153,3.48,20.25,20.538000106811523,19.579999923706055,10201900.0,-3.11,NO_FILL,0.0,CHOP,LIMIT,10,COMPRESSION,2026-09-29_1734,2026-09-28
FSLY,LONG,CONVICTION,60.2,BULL_BOUNCE_PENDING,24.04,23.14,27.29,27.29,110,3.59,24.920000076293945,25.229999542236328,24.139999389648438,5126400.0,1.84,NO_FILL,0.0,CHOP,LIMIT,20,MINOR,2026-09-29_1734,2026-09-28
RAM,LONG,CONVICTION,60.2,BULL_BOUNCE_PENDING,13.25,12.44,14.8,15.22,124,1.92,13.460000038146973,13.970000267028809,12.770000457763672,9019300.0,-0.44,CLOSED,0.26,CHOP,LIMIT,20,CONVICTION,2026-09-29_1734,2026-09-28
LASE,LONG,CONVICTION,60.1,BULL_BOUNCE_PENDING,0.84,0.77,0.96,,1354,1.56,0.8679999709129333,0.8999999761581421,0.8600000143051147,809700.0,1.24,NO_FILL,0.0,CHOP,LIMIT,18,MINOR,2026-09-29_1734,2026-09-28
PLAY,SHORT,CONVICTION,60.1,BEAR_REJECTION_PENDING,6.72,6.87,6.38,,649,2.18,6.409999847412109,6.639999866485596,6.380000114440918,2278000.0,-4.19,NO_FILL,0.0,CHOP,LIMIT,20,MINOR,2026-09-29_1734,2026-09-28
ADSK,LONG,CONVICTION,60.1,BULL_BOUNCE_PENDING,208.56,204.63,216.16,222.56,25,1.93,207.19000244140625,208.2100067138672,202.08999633789062,1695000.0,-2.5,STOPPED,-1.0,CHOP,LIMIT,20,COMPRESSION,2026-09-29_1734,2026-09-28
JBHT,LONG,CONVICTION,60.1,BULL_BOUNCE_PENDING,220.95,216.95,242.88,234.52,24,5.48,226.07000732421875,229.3699951171875,223.8699951171875,958300.0,0.27,NO_FILL,0.0,CHOP,LIMIT,20,CONVICTION,2026-09-29_1734,2026-09-28
COST,LONG,CONVICTION,60.1,BULL_BOUNCE_CONFIRMED,925.87,900.48,1026.13,1039.99,3,3.95,922.9199829101562,931.0900268554688,913.0,2443800.0,-0.32,CLOSED_LOSS,-0.12,CHOP,LIMIT,20,COMPRESSION,2026-09-29_1734,2026-09-28
NBIS,SHORT,CONVICTION,60.0,BEAR_REJECTION_PENDING,232.0,239.32,215.0,200.95,13,2.32,231.8800048828125,245.35000610351562,228.3800048828125,12762100.0,0.21,STOPPED,-1.0,CHOP,LIMIT,20,VACUUM,2026-09-29_1734,2026-09-28
LITE,LONG,CONVICTION,60.0,BULL_BOUNCE_PENDING,916.75,898.16,1000.05,970.79,5,4.48,921.3200073242188,950.969970703125,881.22998046875,4461500.0,0.25,STOPPED,-1.0,CHOP,LIMIT,20,CONVICTION,2026-09-29_1734,2026-09-28
TOI,LONG,CONVICTION,60.0,BULL_BOUNCE_PENDING,5.08,4.8,5.8,5.76,350,2.52,nan,nan,nan,nan,nan,NO_FILL,0.0,CHOP,LIMIT,16,COMPRESSION,2026-09-29_1734,2026-09-28
MOS,LONG,CONVICTION,60.0,BULL_BOUNCE_PENDING,22.56,22.03,24.81,24.3,187,4.23,22.25,22.760000228881836,22.149999618530273,6946400.0,-3.34,CLOSED_LOSS,-0.58,CHOP,LIMIT,20,COMPRESSION,2026-09-29_1734,2026-09-28
LRCX,SHORT,CONVICTION,60.0,BEAR_REJECTION_PENDING,306.55,317.24,287.48,273.08,9,1.78,314.4700012207031,316.30999755859375,305.5,9178800.0,3.04,CLOSED_LOSS,-0.74,CHOP,LIMIT,20,CONVICTION,2026-09-29_1734,2026-09-28
FLR,LONG,CONVICTION,60.0,BULL_BOUNCE_PENDING,49.5,48.76,50.93,52.26,134,1.92,49.220001220703125,50.95000076293945,49.08000183105469,2462400.0,-1.99,TARGET_HIT,1.5,CHOP,LIMIT,20,CONVICTION,2026-09-29_1734,2026-09-28
LRN,LONG,CONVICTION,60.0,BULL_BOUNCE_PENDING,76.99,72.76,83.41,88.0,23,1.52,76.66000366210938,78.5,76.5,364400.0,-2.42,CLOSED_LOSS,-0.08,CHOP,LIMIT,20,COMPRESSION,2026-09-29_1734,2026-09-28
MAN,LONG,CONVICTION,60.0,BULL_BOUNCE_PENDING,56.26,54.17,60.54,63.2,47,2.04,57.02000045776367,58.11000061035156,56.5,1100600.0,-0.68,NO_FILL,0.0,CHOP,LIMIT,18,CONVICTION,2026-09-29_1734,2026-09-28
BSOL,LONG,CONVICTION,60.0,BULL_BOUNCE,16.38,15.7,17.2,,147,1.21,16.299999237060547,16.6299991607666,16.170000076293945,3719500.0,-0.49,CLOSED_LOSS,-0.12,CHOP,LIMIT,12,CONVICTION,2026-09-29_1734,2026-09-28
SCCO,SHORT,CONVICTION,60.0,BEAR_REJECTION_PENDING,206.25,210.58,198.1,195.79,23,1.88,202.6300048828125,203.5,196.0,907400.0,-0.63,NO_FILL,0.0,CHOP,LIMIT,20,VACUUM,2026-09-29_1734,2026-09-28
DASH,LONG,CONVICTION,60.0,BULL_BOUNCE_PENDING,189.65,185.57,200.37,208.94,24,2.63,178.38999938964844,191.39999389648438,178.0399932861328,6847900.0,-7.82,STOPPED,-1.0,CHOP,LIMIT,20,CONVICTION,2026-09-29_1734,2026-09-28
AMBQ,SHORT,CONVICTION,60.0,BEAR_REJECTION_PENDING,70.06,72.83,63.86,61.97,36,2.24,68.30000305175781,70.77999877929688,66.73500061035156,278000.0,-2.13,CLOSED,0.64,CHOP,LIMIT,20,COMPRESSION,2026-09-29_1734,2026-09-28
ASML,SHORT,CONVICTION,60.0,BEAR_REJECTION_PENDING,1717.41,1752.96,1645.07,1502.38,2,2.03,1771.4100341796875,1784.56005859375,1735.5,1368800.0,3.29,STOPPED,-1.0,CHOP,LIMIT,20,VACUUM,2026-09-29_1734,2026-09-28
LSCC,SHORT,CONVICTION,60.0,BEAR_REJECTION_PENDING,128.02,133.03,113.26,113.26,19,2.95,124.02999877929688,127.69999694824219,122.25,1421000.0,-3.1,NO_FILL,0.0,CHOP,LIMIT,11,CONVICTION,2026-09-29_1734,2026-09-28
IPDN,LONG,CONVICTION,60.0,BULL_BOUNCE,4.27,3.02,4.43,,80,0.13,3.890000104904175,4.300000190734863,3.740000009536743,159600.0,-8.9,CLOSED_LOSS,-0.3,CHOP,LIMIT,12,COMPRESSION,2026-09-29_1734,2026-09-28
