ticker,side,tier,fem,mode,entry,stop,t1,t2,shares,rr,spy_regime,current_price,entry_type,n_gaps_above,gap_above_conviction,scan_date,asof
ADBE,SHORT,CONVICTION,100.0,BEAR_REJECTION_PENDING,262.81,267.84,242.85,230.39,19,3.96,HOSTILE,258.29,LIMIT,20,CONVICTION,2026-09-14,2026-09-14T04:30:56.755732
PTCT,SHORT,CONVICTION,100.0,BEAR_REJECTION_PENDING,67.38,69.65,60.89,59.07,44,2.87,HOSTILE,66.06,LIMIT,20,CONVICTION,2026-09-14,2026-09-14T04:33:24.288586
AXON,SHORT,CONVICTION,100.0,BEAR_REJECTION_PENDING,486.0,493.72,410.99,423.01,12,9.71,HOSTILE,480.0,LIMIT,20,CONVICTION,2026-09-14,2026-09-14T04:34:02.748706
FSK,SHORT,CONVICTION,100.0,BEAR_REJECTION_PENDING,12.1,13.2,11.49,,91,0.55,HOSTILE,12.05,LIMIT,20,COMPRESSION,2026-09-14,2026-09-14T04:34:29.295742
HONA,SHORT,CONVICTION,100.0,BEAR_REJECTION_PENDING,158.64,161.8,153.75,,31,1.55,HOSTILE,158.0127,LIMIT,20,CONVICTION,2026-09-14,2026-09-14T04:34:41.713758
VSXY,SHORT,CONVICTION,100.0,BEAR_REJECTION_PENDING,76.62,84.43,72.79,,12,0.49,HOSTILE,75.12,LIMIT,20,CONVICTION,2026-09-14,2026-09-14T04:35:41.547060
CRL,SHORT,CONVICTION,100.0,BEAR_REJECTION_PENDING,278.54,282.16,260.72,257.0,27,4.92,HOSTILE,278.26,LIMIT,20,CONVICTION,2026-09-14,2026-09-14T04:36:16.101564
IT,SHORT,CONVICTION,100.0,BEAR_REJECTION_PENDING,183.18,187.35,155.55,157.58,23,6.63,HOSTILE,179.59,LIMIT,20,CONVICTION,2026-09-14,2026-09-14T04:36:40.036610
KKR,SHORT,CONVICTION,100.0,BEAR_REJECTION_PENDING,103.0,104.61,94.64,89.06,62,5.19,HOSTILE,101.3,LIMIT,20,CONVICTION,2026-09-14,2026-09-14T04:38:16.573375
IONS,SHORT,CONVICTION,100.0,BEAR_REJECTION_PENDING,54.21,58.38,51.5,,23,0.65,HOSTILE,54.2,LIMIT,20,CONVICTION,2026-09-14,2026-09-14T04:41:47.618917
PODD,SHORT,CONVICTION,100.0,BEAR_REJECTION_PENDING,133.26,167.17,126.6,,2,0.2,HOSTILE,131.96,LIMIT,20,CONVICTION,2026-09-14,2026-09-14T04:43:20.605322
BTC,SHORT,CONVICTION,100.0,BEAR_REJECTION_PENDING,34.52,37.27,30.04,,36,1.63,HOSTILE,34.45,LIMIT,20,CONVICTION,2026-09-14,2026-09-14T04:43:50.519426
FBTC,SHORT,CONVICTION,100.0,BEAR_REJECTION_PENDING,68.02,73.39,58.01,,18,1.87,HOSTILE,67.64,LIMIT,20,CONVICTION,2026-09-14,2026-09-14T04:44:07.827983
RVTY,SHORT,CONVICTION,100.0,BEAR_REJECTION_PENDING,125.77,127.72,116.02,114.86,51,5.01,HOSTILE,124.7,LIMIT,20,CONVICTION,2026-09-14,2026-09-14T04:45:18.913767
ESAB,SHORT,CONVICTION,100.0,BEAR_REJECTION_PENDING,70.92,73.17,67.37,,44,1.57,HOSTILE,70.69,LIMIT,20,COMPRESSION,2026-09-14,2026-09-14T04:46:38.344489
CHKP,SHORT,CONVICTION,100.0,BEAR_REJECTION_PENDING,134.27,137.74,117.68,123.25,28,4.79,HOSTILE,131.64,LIMIT,20,CONVICTION,2026-09-14,2026-09-14T04:48:41.039007
COO,SHORT,CONVICTION,100.0,BEAR_REJECTION_PENDING,54.17,63.8,51.46,,10,0.28,HOSTILE,54.0,LIMIT,7,CONVICTION,2026-09-14,2026-09-14T04:51:58.547720
ACI,SHORT,CONVICTION,100.0,BEAR_REJECTION_PENDING,12.32,14.67,11.71,,42,0.26,HOSTILE,12.08,LIMIT,20,CONVICTION,2026-09-14,2026-09-14T04:52:12.280743
MTN,SHORT,CONVICTION,100.0,BEAR_REJECTION_PENDING,140.67,142.64,134.0,121.56,50,3.39,HOSTILE,140.09,LIMIT,20,CONVICTION,2026-09-14,2026-09-14T04:52:27.414299
WK,SHORT,CONVICTION,98.7,BEAR_REJECTION_PENDING,73.3,76.93,61.43,63.0,27,3.26,HOSTILE,71.86,LIMIT,20,CONVICTION,2026-09-14,2026-09-14T04:38:55.191979
TEL,SHORT,CONVICTION,98.6,BEAR_REJECTION_PENDING,213.28,231.47,202.61,,5,0.59,HOSTILE,210.0,LIMIT,16,COMPRESSION,2026-09-14,2026-09-14T04:50:40.191973
AVL,SHORT,CONVICTION,97.5,BEAR_REJECTION_PENDING,36.09,38.53,30.73,,40,2.2,HOSTILE,35.81,LIMIT,20,COMPRESSION,2026-09-14,2026-09-14T04:50:26.709417
PCG,SHORT,CONVICTION,97.0,BEAR_REJECTION_PENDING,14.11,16.68,13.4,,38,0.27,HOSTILE,13.83,LIMIT,19,CONVICTION,2026-09-14,2026-09-14T04:27:56.861237
HCA,SHORT,CONVICTION,97.0,BEAR_REJECTION_PENDING,432.46,474.59,410.84,,2,0.51,HOSTILE,429.29,LIMIT,5,CONVICTION,2026-09-14,2026-09-14T04:29:51.420562
NAVN,SHORT,CONVICTION,97.0,BEAR_REJECTION_PENDING,21.38,26.02,20.31,,21,0.23,HOSTILE,20.96,LIMIT,15,CONVICTION,2026-09-14,2026-09-14T04:33:30.355592
GBTC,SHORT,CONVICTION,96.9,BEAR_REJECTION_PENDING,60.75,65.92,52.95,,19,1.51,HOSTILE,60.27,LIMIT,20,CONVICTION,2026-09-14,2026-09-14T04:44:13.321063
CSCO,SHORT,CONVICTION,96.7,BEAR_REJECTION_PENDING,113.22,123.36,107.56,,9,0.56,HOSTILE,111.0,LIMIT,12,CONVICTION,2026-09-14,2026-09-14T04:31:05.693746
DDOG,SHORT,CONVICTION,96.7,BEAR_REJECTION_PENDING,229.29,284.59,217.83,,1,0.21,HOSTILE,226.0,LIMIT,20,COMPRESSION,2026-09-14,2026-09-14T04:36:18.596847
SBIT,SHORT,CONVICTION,96.6,BEAR_REJECTION_PENDING,36.87,42.91,35.03,,16,0.31,HOSTILE,36.15,LIMIT,12,CONVICTION,2026-09-14,2026-09-14T04:48:49.957028
WEN,SHORT,CONVICTION,96.5,BEAR_REJECTION_PENDING,7.82,9.09,7.43,,79,0.31,HOSTILE,7.67,LIMIT,16,COMPRESSION,2026-09-14,2026-09-14T04:32:17.317845
VISN,SHORT,CONVICTION,96.5,BEAR_REJECTION_PENDING,6.54,11.67,6.21,,19,0.06,HOSTILE,6.41,LIMIT,17,CONVICTION,2026-09-14,2026-09-14T04:35:38.705402
EMR,SHORT,CONVICTION,96.4,BEAR_REJECTION_PENDING,153.77,155.96,131.36,140.1,45,10.25,HOSTILE,152.19,LIMIT,20,CONVICTION,2026-09-14,2026-09-14T04:38:02.185356
MNDY,SHORT,CONVICTION,96.1,BEAR_REJECTION_PENDING,91.8,97.82,78.97,76.98,16,2.13,HOSTILE,90.0,LIMIT,20,VACUUM,2026-09-14,2026-09-14T04:36:48.365783
FDXF,SHORT,CONVICTION,96.1,BEAR_REJECTION_PENDING,127.98,129.72,124.59,123.5,57,1.95,HOSTILE,127.95,LIMIT,20,COMPRESSION,2026-09-14,2026-09-14T04:40:31.894288
ARKB,SHORT,CONVICTION,95.8,BEAR_REJECTION_PENDING,25.8,28.04,24.51,,44,0.58,HOSTILE,25.78,LIMIT,20,CONVICTION,2026-09-14,2026-09-14T04:43:37.898413
BR,SHORT,CONVICTION,95.5,BEAR_REJECTION_PENDING,169.81,171.69,157.64,151.32,53,6.46,HOSTILE,167.74,LIMIT,20,COMPRESSION,2026-09-14,2026-09-14T04:35:59.421625
MCK,SHORT,CONVICTION,95.5,BEAR_REJECTION_PENDING,891.45,912.53,812.87,771.63,4,3.73,HOSTILE,881.51,LIMIT,20,CONVICTION,2026-09-14,2026-09-14T04:47:00.145151
TWLO,SHORT,CONVICTION,95.4,BEAR_REJECTION_PENDING,229.03,234.14,199.5,193.2,19,5.77,HOSTILE,224.55,LIMIT,20,CONVICTION,2026-09-14,2026-09-14T04:47:47.238873
BRZE,SHORT,CONVICTION,95.0,BEAR_REJECTION_PENDING,24.9,30.46,23.65,,17,0.22,HOSTILE,24.41,LIMIT,12,CONVICTION,2026-09-14,2026-09-14T04:36:00.944233
DASH,SHORT,CONVICTION,95.0,BEAR_REJECTION_PENDING,206.81,210.14,185.55,177.5,30,6.38,HOSTILE,202.75,LIMIT,20,CONVICTION,2026-09-14,2026-09-14T04:46:24.218445
JNUG,SHORT,CONVICTION,94.7,BEAR_REJECTION_PENDING,178.06,184.62,161.5,150.17,15,2.52,HOSTILE,175.84,LIMIT,20,CONVICTION,2026-09-14,2026-09-14T04:44:20.670064
TPL,SHORT,CONVICTION,93.9,BEAR_REJECTION_PENDING,376.23,380.96,348.03,315.0,21,5.97,HOSTILE,369.1,LIMIT,20,CONVICTION,2026-09-14,2026-09-14T04:38:51.760975
EFX,SHORT,CONVICTION,93.7,BEAR_REJECTION_PENDING,172.89,175.38,169.0,158.94,40,1.56,HOSTILE,169.5,LIMIT,20,CONVICTION,2026-09-14,2026-09-14T04:43:57.315971
BITB,SHORT,CONVICTION,93.5,BEAR_REJECTION_PENDING,42.23,45.93,35.92,,27,1.71,HOSTILE,42.151,LIMIT,20,CONVICTION,2026-09-14,2026-09-14T04:43:41.381417
NEBX,SHORT,CONVICTION,93.4,BEAR_REJECTION_PENDING,21.99,25.19,20.89,,31,0.34,HOSTILE,21.88,LIMIT,17,VACUUM,2026-09-14,2026-09-14T04:38:23.033384
KVYO,SHORT,CONVICTION,93.0,BEAR_REJECTION_PENDING,16.85,22.36,16.01,,18,0.15,HOSTILE,16.52,LIMIT,18,COMPRESSION,2026-09-14,2026-09-14T04:36:40.718139
NAMS,SHORT,CONVICTION,93.0,BEAR_REJECTION_PENDING,23.26,25.53,22.09,,44,0.51,HOSTILE,22.8,LIMIT,20,CONVICTION,2026-09-14,2026-09-14T04:51:33.441675
NICE,SHORT,CONVICTION,92.3,BEAR_REJECTION_PENDING,102.42,106.03,90.69,92.47,27,3.25,HOSTILE,100.41,LIMIT,20,CONVICTION,2026-09-14,2026-09-14T04:35:00.392861
CNC,SHORT,CONVICTION,92.3,BEAR_REJECTION_PENDING,67.75,72.83,58.91,,19,1.74,HOSTILE,66.42,LIMIT,11,CONVICTION,2026-09-14,2026-09-14T04:39:16.878537
SCCO,SHORT,CONVICTION,92.2,BEAR_REJECTION_PENDING,192.4,210.31,162.99,,5,1.64,HOSTILE,188.63,LIMIT,20,CONVICTION,2026-09-14,2026-09-14T04:45:21.987772
CRM,SHORT,CONVICTION,91.8,BEAR_REJECTION_PENDING,255.46,260.7,230.05,241.5,19,4.85,HOSTILE,255.19,LIMIT,20,CONVICTION,2026-09-14,2026-09-14T04:32:26.907860
DRI,SHORT,CONVICTION,91.6,BEAR_REJECTION_PENDING,211.06,213.98,205.93,200.03,34,1.75,HOSTILE,209.89,LIMIT,20,COMPRESSION,2026-09-14,2026-09-14T04:39:19.949539
TRI,SHORT,CONVICTION,91.6,BEAR_REJECTION_PENDING,101.6,105.25,85.0,91.36,27,4.55,HOSTILE,99.61,LIMIT,20,COMPRESSION,2026-09-14,2026-09-14T04:44:43.103632
FICO,SHORT,CONVICTION,91.3,BEAR_REJECTION_PENDING,1011.0,1027.42,934.99,917.9,6,4.63,HOSTILE,995.25,LIMIT,20,CONVICTION,2026-09-14,2026-09-14T04:40:34.121290
NSIT,SHORT,CONVICTION,91.0,BEAR_REJECTION_PENDING,167.47,172.85,157.36,142.2,18,1.88,HOSTILE,165.37,LIMIT,1,CONVICTION,2026-09-14,2026-09-14T04:37:03.399081
EIX,SHORT,CONVICTION,91.0,BEAR_REJECTION_PENDING,56.77,70.52,53.93,,7,0.21,HOSTILE,56.47,LIMIT,20,CONVICTION,2026-09-14,2026-09-14T04:38:01.156354
ONTO,SHORT,CONVICTION,91.0,BEAR_REJECTION_PENDING,284.85,294.8,259.01,261.0,10,2.6,HOSTILE,281.26,LIMIT,20,CONVICTION,2026-09-14,2026-09-14T04:38:28.696415
NTR,SHORT,CONVICTION,91.0,BEAR_REJECTION_PENDING,80.02,83.26,68.41,70.94,30,3.58,HOSTILE,78.45,LIMIT,20,CONVICTION,2026-09-14,2026-09-14T04:45:09.554225
WLTH,SHORT,CONVICTION,91.0,BEAR_REJECTION_PENDING,10.47,12.65,9.95,,45,0.24,HOSTILE,10.38,LIMIT,2,CONVICTION,2026-09-14,2026-09-14T04:52:08.478738
CVNA,SHORT,CONVICTION,90.7,BEAR_REJECTION_PENDING,70.54,73.78,63.44,62.12,30,2.2,HOSTILE,69.16,LIMIT,20,VACUUM,2026-09-14,2026-09-14T04:31:21.156767
THO,SHORT,CONVICTION,90.7,BEAR_REJECTION_PENDING,73.11,78.02,69.45,,20,0.74,HOSTILE,72.6,LIMIT,20,MINOR,2026-09-14,2026-09-14T04:38:48.451970
TENB,SHORT,CONVICTION,90.7,BEAR_REJECTION_PENDING,30.86,33.84,26.23,,33,1.55,HOSTILE,30.25,LIMIT,20,COMPRESSION,2026-09-14,2026-09-14T04:41:05.795331
TECK,SHORT,CONVICTION,90.5,BEAR_REJECTION_PENDING,65.9,70.69,55.69,,20,2.13,HOSTILE,64.73,LIMIT,20,CONVICTION,2026-09-14,2026-09-14T04:30:00.742578
CBRS,SHORT,CONVICTION,90.5,BEAR_REJECTION_PENDING,184.38,192.94,175.16,,11,1.08,HOSTILE,182.94,LIMIT,20,COMPRESSION,2026-09-14,2026-09-14T04:31:28.185778
WDAY,SHORT,CONVICTION,90.4,BEAR_REJECTION_PENDING,191.97,196.77,165.84,177.44,20,5.44,HOSTILE,191.5062,LIMIT,20,CONVICTION,2026-09-14,2026-09-14T04:32:41.786879
SA,SHORT,CONVICTION,90.3,BEAR_REJECTION_PENDING,31.16,32.48,28.6,27.28,75,1.94,HOSTILE,31.01,LIMIT,20,VACUUM,2026-09-14,2026-09-14T04:25:45.665821
BNTX,SHORT,CONVICTION,90.3,BEAR_REJECTION_PENDING,100.24,102.52,86.28,86.29,43,6.12,HOSTILE,99.8,LIMIT,20,CONVICTION,2026-09-14,2026-09-14T04:45:34.258787
ZBIO,SHORT,CONVICTION,90.2,BEAR_REJECTION_PENDING,31.74,34.82,26.91,,32,1.57,HOSTILE,31.12,LIMIT,20,CONVICTION,2026-09-14,2026-09-14T04:25:39.094814
XME,SHORT,CONVICTION,90.1,BEAR_REJECTION_PENDING,115.89,119.79,105.3,105.27,25,2.72,HOSTILE,113.62,LIMIT,20,CONVICTION,2026-09-14,2026-09-14T04:47:13.313185
WPM,SHORT,CONVICTION,90.0,BEAR_REJECTION_PENDING,151.36,157.54,135.36,133.26,16,2.59,HOSTILE,151.03,LIMIT,20,CONVICTION,2026-09-14,2026-09-14T04:44:46.184635
EL,SHORT,CONVICTION,89.8,BEAR_REJECTION_PENDING,97.25,99.26,93.74,90.5,49,1.74,HOSTILE,97.02,LIMIT,20,CONVICTION,2026-09-14,2026-09-14T04:43:59.650974
HNGE,SHORT,CONVICTION,89.4,BEAR_REJECTION_PENDING,89.0,91.77,76.11,80.38,36,4.66,HOSTILE,88.7,LIMIT,20,CONVICTION,2026-09-14,2026-09-14T04:34:38.260756
CYTK,SHORT,CONVICTION,89.3,BEAR_REJECTION_PENDING,73.88,78.29,63.01,,22,2.47,HOSTILE,73.77,LIMIT,20,CONVICTION,2026-09-14,2026-09-14T04:51:23.516125
WLK,SHORT,CONVICTION,89.1,BEAR_REJECTION_PENDING,72.23,75.12,60.88,60.38,34,3.92,HOSTILE,70.81,LIMIT,20,COMPRESSION,2026-09-14,2026-09-14T04:50:10.680858
SNPS,SHORT,CONVICTION,89.0,BEAR_REJECTION_PENDING,405.08,607.39,384.83,,1,0.1,HOSTILE,397.14,LIMIT,20,COMPRESSION,2026-09-14,2026-09-14T04:47:07.978169
OKE,SHORT,CONVICTION,89.0,BEAR_REJECTION_PENDING,98.55,105.05,87.32,82.21,15,1.73,HOSTILE,96.62,LIMIT,13,CONVICTION,2026-09-14,2026-09-14T04:47:37.032850
INTU,SHORT,CONVICTION,88.9,BEAR_REJECTION_PENDING,328.98,334.06,304.96,303.91,19,4.73,HOSTILE,328.75,LIMIT,20,CONVICTION,2026-09-14,2026-09-14T04:29:09.152355
TEAM,SHORT,CONVICTION,88.8,BEAR_REJECTION_PENDING,186.46,190.8,169.0,164.8,23,4.02,HOSTILE,185.85,LIMIT,20,COMPRESSION,2026-09-14,2026-09-14T04:32:40.129876
APO,SHORT,CONVICTION,88.7,BEAR_REJECTION_PENDING,130.21,132.66,123.0,120.65,40,2.94,HOSTILE,127.75,LIMIT,20,CONVICTION,2026-09-14,2026-09-14T04:35:49.850717
ACHC,SHORT,CONVICTION,88.5,BEAR_REJECTION_PENDING,28.93,40.46,27.48,,8,0.13,HOSTILE,28.36,LIMIT,20,CONVICTION,2026-09-14,2026-09-14T04:46:48.224575
IGV,SHORT,CONVICTION,88.5,BEAR_REJECTION_PENDING,103.75,105.09,96.75,98.18,74,5.22,HOSTILE,103.05,LIMIT,20,COMPRESSION,2026-09-14,2026-09-14T04:48:14.573944
NUE,SHORT,CONVICTION,88.3,BEAR_REJECTION_PENDING,264.62,270.25,252.26,237.82,17,2.19,HOSTILE,259.43,LIMIT,18,CONVICTION,2026-09-14,2026-09-14T04:49:53.506821
VCYT,SHORT,CONVICTION,87.7,BEAR_REJECTION_PENDING,41.69,42.54,39.0,39.22,117,3.15,HOSTILE,40.87,LIMIT,20,COMPRESSION,2026-09-14,2026-09-14T04:47:12.627184
TRU,SHORT,CONVICTION,87.5,BEAR_REJECTION_PENDING,79.25,80.28,70.69,72.64,97,8.35,HOSTILE,77.7,LIMIT,20,COMPRESSION,2026-09-14,2026-09-14T04:51:09.391096
EW,SHORT,CONVICTION,87.4,BEAR_REJECTION_PENDING,85.87,87.23,74.69,74.2,73,8.2,HOSTILE,84.37,LIMIT,20,COMPRESSION,2026-09-14,2026-09-14T04:29:16.414367
JHX,SHORT,CONVICTION,87.3,BEAR_REJECTION_PENDING,28.29,29.05,27.0,25.59,130,1.69,HOSTILE,28.12,LIMIT,20,COMPRESSION,2026-09-14,2026-09-14T04:26:22.681929
PGR,SHORT,CONVICTION,87.2,BEAR_REJECTION_PENDING,218.0,228.94,198.28,192.68,9,1.8,HOSTILE,217.62,LIMIT,20,CONVICTION,2026-09-14,2026-09-14T04:44:38.148629
FLEX,SHORT,CONVICTION,87.2,BEAR_REJECTION_PENDING,111.16,116.12,96.45,,20,2.97,HOSTILE,111.0,LIMIT,20,VACUUM,2026-09-14,2026-09-14T04:51:27.944131
SPHR,SHORT,CONVICTION,87.1,BEAR_REJECTION_PENDING,143.88,147.96,135.06,131.56,24,2.16,HOSTILE,143.5,LIMIT,20,MINOR,2026-09-14,2026-09-14T04:40:05.888254
CNM,SHORT,CONVICTION,87.1,BEAR_REJECTION_PENDING,41.0,41.81,38.95,,123,2.54,HOSTILE,40.62,LIMIT,20,COMPRESSION,2026-09-14,2026-09-14T04:49:36.141727
BLLN,SHORT,CONVICTION,87.0,BEAR_REJECTION_PENDING,100.27,142.78,95.25,,2,0.12,HOSTILE,98.3,LIMIT,15,COMPRESSION,2026-09-14,2026-09-14T04:35:57.939949
AVAV,SHORT,CONVICTION,86.7,BEAR_REJECTION_PENDING,142.99,146.73,135.72,,26,1.94,HOSTILE,142.23,LIMIT,20,COMPRESSION,2026-09-14,2026-09-14T04:33:58.199700
ETON,SHORT,CONVICTION,86.7,BEAR_REJECTION_PENDING,57.37,58.74,54.93,53.2,72,1.78,HOSTILE,57.1,LIMIT,20,CONVICTION,2026-09-14,2026-09-14T04:41:41.422904
ETHT,SHORT,CONVICTION,86.6,BEAR_REJECTION_PENDING,17.63,20.0,16.75,,42,0.37,HOSTILE,17.54,LIMIT,20,CONVICTION,2026-09-14,2026-09-14T04:44:04.200982
SYNA,SHORT,CONVICTION,86.6,BEAR_REJECTION_PENDING,103.05,110.26,89.29,,13,1.91,HOSTILE,101.03,LIMIT,20,CONVICTION,2026-09-14,2026-09-14T04:52:29.278302
ESTC,SHORT,CONVICTION,86.5,BEAR_REJECTION_PENDING,85.91,87.76,82.64,77.72,54,1.77,HOSTILE,84.23,LIMIT,20,CONVICTION,2026-09-14,2026-09-14T04:34:24.483737
AAP,SHORT,CONVICTION,86.5,BEAR_REJECTION_PENDING,45.35,56.46,43.09,,9,0.2,HOSTILE,44.4641,LIMIT,2,CONVICTION,2026-09-14,2026-09-14T04:40:18.618273
OR,SHORT,CONVICTION,86.5,BEAR_REJECTION_PENDING,35.84,37.34,33.53,32.24,66,1.54,HOSTILE,35.5,LIMIT,20,COMPRESSION,2026-09-14,2026-09-14T04:46:30.947468
CHRW,SHORT,CONVICTION,86.4,BEAR_REJECTION_PENDING,155.84,169.84,148.04,,7,0.56,HOSTILE,152.78,LIMIT,7,CONVICTION,2026-09-14,2026-09-14T04:40:16.621267
SQM,SHORT,CONVICTION,86.2,BEAR_REJECTION_PENDING,71.28,72.85,68.58,65.92,63,1.71,HOSTILE,69.88,LIMIT,20,COMPRESSION,2026-09-14,2026-09-14T04:45:22.981773
MLI,SHORT,CONVICTION,86.2,BEAR_REJECTION_PENDING,61.69,64.03,51.95,56.24,42,4.16,HOSTILE,60.48,LIMIT,20,MINOR,2026-09-14,2026-09-14T04:47:30.626831
SW,SHORT,CONVICTION,85.9,BEAR_REJECTION_PENDING,43.84,44.79,38.53,38.53,104,5.57,HOSTILE,43.22,LIMIT,20,COMPRESSION,2026-09-14,2026-09-14T04:38:47.872970
ARW,SHORT,CONVICTION,85.9,BEAR_REJECTION_PENDING,228.22,236.0,209.36,208.74,12,2.42,HOSTILE,228.2,LIMIT,10,VACUUM,2026-09-14,2026-09-14T04:50:50.704060
PNR,SHORT,CONVICTION,85.6,BEAR_REJECTION_PENDING,57.71,58.91,54.83,,83,2.4,HOSTILE,56.58,LIMIT,20,COMPRESSION,2026-09-14,2026-09-14T04:37:45.139335
FIVE,SHORT,CONVICTION,85.5,BEAR_REJECTION_PENDING,245.47,248.82,219.13,234.65,29,7.85,HOSTILE,244.37,LIMIT,20,VACUUM,2026-09-14,2026-09-14T04:34:24.661735
GOSS,SHORT,CONVICTION,85.3,BEAR_REJECTION_PENDING,10.71,11.63,10.17,,108,0.58,HOSTILE,10.696,LIMIT,6,MINOR,2026-09-14,2026-09-14T04:32:38.060875
SKUU,SHORT,CONVICTION,85.3,BEAR_REJECTION_PENDING,27.2,30.87,25.84,,27,0.37,HOSTILE,26.67,LIMIT,14,CONVICTION,2026-09-14,2026-09-14T04:38:39.824430
STLD,SHORT,CONVICTION,85.1,BEAR_REJECTION_PENDING,240.0,247.23,211.99,,13,3.87,HOSTILE,239.79,LIMIT,20,CONVICTION,2026-09-14,2026-09-14T04:49:59.705840
DNLI,SHORT,CONVICTION,85.0,BEAR_REJECTION_PENDING,21.51,22.39,18.86,18.86,113,3.01,HOSTILE,21.09,LIMIT,20,COMPRESSION,2026-09-14,2026-09-14T04:27:06.076520
FUL,SHORT,CONVICTION,85.0,BEAR_REJECTION_PENDING,52.63,54.16,49.29,,65,2.19,HOSTILE,51.6,LIMIT,20,COMPRESSION,2026-09-14,2026-09-14T04:41:43.268907
IBIT,SHORT,CONVICTION,85.0,BEAR_REJECTION_PENDING,44.25,47.73,37.85,,28,1.84,HOSTILE,44.03,LIMIT,19,CONVICTION,2026-09-14,2026-09-14T04:44:15.146056
BDC,SHORT,CONVICTION,85.0,BEAR_REJECTION_PENDING,126.2,129.07,117.46,111.76,34,3.05,HOSTILE,123.73,LIMIT,20,CONVICTION,2026-09-14,2026-09-14T04:49:32.027720
CRUS,SHORT,CONVICTION,85.0,BEAR_REJECTION_PENDING,119.34,130.07,113.37,,9,0.56,HOSTILE,117.0,LIMIT,20,COMPRESSION,2026-09-14,2026-09-14T04:49:38.734733
CACI,SHORT,CONVICTION,84.9,BEAR_REJECTION_PENDING,633.59,665.99,552.54,550.0,3,2.5,HOSTILE,621.17,LIMIT,20,CONVICTION,2026-09-14,2026-09-14T04:37:56.426349
SEPN,SHORT,CONVICTION,84.9,BEAR_REJECTION_PENDING,39.38,41.52,35.55,,46,1.8,HOSTILE,38.61,LIMIT,20,MINOR,2026-09-14,2026-09-14T04:38:35.911426
ALSN,SHORT,CONVICTION,84.8,BEAR_REJECTION_PENDING,129.41,131.21,120.54,120.54,55,4.92,HOSTILE,126.94,LIMIT,20,CONVICTION,2026-09-14,2026-09-14T04:44:50.535640
RYTM,SHORT,CONVICTION,84.7,BEAR_REJECTION_PENDING,105.06,107.71,97.8,93.75,37,2.74,HOSTILE,103.0,LIMIT,20,CONVICTION,2026-09-14,2026-09-14T04:40:01.383251
BEX,SHORT,CONVICTION,84.7,BEAR_REJECTION_PENDING,33.43,37.83,31.75,,22,0.38,HOSTILE,32.77,LIMIT,9,CONVICTION,2026-09-14,2026-09-14T04:46:21.542437
SKHY,SHORT,CONVICTION,84.4,BEAR_REJECTION_PENDING,178.53,191.02,159.53,,8,1.52,HOSTILE,177.4,LIMIT,20,CONVICTION,2026-09-14,2026-09-14T04:41:02.547329
CTSH,SHORT,CONVICTION,84.0,BEAR_REJECTION_PENDING,61.54,62.84,56.25,52.31,76,4.06,HOSTILE,60.41,LIMIT,20,COMPRESSION,2026-09-14,2026-09-14T04:30:37.990631
ABNB,SHORT,CONVICTION,84.0,BEAR_REJECTION_PENDING,170.5,172.73,153.34,164.7,44,7.7,HOSTILE,170.19,LIMIT,20,COMPRESSION,2026-09-14,2026-09-14T04:33:48.508689
VSH,SHORT,CONVICTION,84.0,BEAR_REJECTION_PENDING,31.57,33.42,28.2,27.15,54,1.83,HOSTILE,31.4,LIMIT,20,COMPRESSION,2026-09-14,2026-09-14T04:35:41.235534
PCTY,SHORT,CONVICTION,84.0,BEAR_REJECTION_PENDING,144.03,145.96,127.85,132.83,51,8.4,HOSTILE,142.3146,LIMIT,20,CONVICTION,2026-09-14,2026-09-14T04:39:50.744236
DYN,SHORT,CONVICTION,84.0,BEAR_REJECTION_PENDING,18.35,20.29,17.43,,51,0.47,HOSTILE,18.21,LIMIT,15,COMPRESSION,2026-09-14,2026-09-14T04:51:26.314128
DPC,SHORT,CONVICTION,83.9,BEAR_REJECTION_PENDING,43.09,46.01,38.15,,34,1.69,HOSTILE,42.25,LIMIT,20,COMPRESSION,2026-09-14,2026-09-14T04:37:58.929353
PI,SHORT,CONVICTION,83.8,BEAR_REJECTION_PENDING,177.49,200.54,168.62,,4,0.39,HOSTILE,174.01,LIMIT,7,CONVICTION,2026-09-14,2026-09-14T04:25:50.448358
IONQ,SHORT,CONVICTION,83.8,BEAR_REJECTION_PENDING,35.76,37.06,31.78,30.5,76,3.05,HOSTILE,35.74,LIMIT,20,COMPRESSION,2026-09-14,2026-09-14T04:31:13.366755
BRKR,SHORT,CONVICTION,83.7,BEAR_REJECTION_PENDING,53.54,54.7,46.01,49.1,86,6.48,HOSTILE,53.43,LIMIT,20,CONVICTION,2026-09-14,2026-09-14T04:36:00.573231
ZLAB,SHORT,CONVICTION,83.7,BEAR_REJECTION_PENDING,24.4,25.21,21.96,21.54,124,3.03,HOSTILE,24.24,LIMIT,20,COMPRESSION,2026-09-14,2026-09-14T04:38:58.435984
SUNB,SHORT,CONVICTION,83.7,BEAR_REJECTION_PENDING,73.21,80.23,69.55,,14,0.52,HOSTILE,71.77,LIMIT,20,CONVICTION,2026-09-14,2026-09-14T04:42:13.619028
Z,SHORT,CONVICTION,83.4,BEAR_REJECTION_PENDING,33.2,34.76,29.58,29.58,64,2.32,HOSTILE,32.55,LIMIT,20,COMPRESSION,2026-09-14,2026-09-14T04:38:55.469979
QCOM,SHORT,CONVICTION,83.3,BEAR_REJECTION_PENDING,175.01,183.06,156.97,154.44,12,2.24,HOSTILE,172.65,LIMIT,20,CONVICTION,2026-09-14,2026-09-14T04:30:26.502615
MSFT,SHORT,CONVICTION,83.1,BEAR_REJECTION_PENDING,492.69,497.22,476.12,476.12,22,3.65,HOSTILE,492.21,LIMIT,20,CONVICTION,2026-09-14,2026-09-14T04:29:29.712465
HRI,SHORT,CONVICTION,83.1,BEAR_REJECTION_PENDING,143.78,148.43,132.51,132.51,21,2.42,HOSTILE,140.96,LIMIT,20,VACUUM,2026-09-14,2026-09-14T04:51:02.470083
SMCI,SHORT,CONVICTION,83.0,BEAR_REJECTION_PENDING,38.34,40.19,34.99,33.85,54,1.81,HOSTILE,38.01,LIMIT,20,COMPRESSION,2026-09-14,2026-09-14T04:26:04.075914
GTM,SHORT,CONVICTION,83.0,BEAR_REJECTION_PENDING,3.91,6.07,3.71,,46,0.09,HOSTILE,3.83,LIMIT,18,COMPRESSION,2026-09-14,2026-09-14T04:31:34.013786
BZ,SHORT,CONVICTION,83.0,BEAR_REJECTION_PENDING,16.77,17.06,14.42,15.88,349,8.2,HOSTILE,16.44,LIMIT,20,COMPRESSION,2026-09-14,2026-09-14T04:36:05.031722
ATI,SHORT,CONVICTION,82.8,BEAR_REJECTION_PENDING,202.5,206.78,185.43,171.0,23,3.99,HOSTILE,198.77,LIMIT,20,CONVICTION,2026-09-14,2026-09-14T04:50:52.887064
SNK,SHORT,CONVICTION,82.6,BEAR_REJECTION_PENDING,15.41,15.83,13.2,14.42,235,5.2,HOSTILE,15.39,LIMIT,20,COMPRESSION,2026-09-14,2026-09-14T04:38:41.074433
WETO,SHORT,CONVICTION,82.6,BEAR_REJECTION_PENDING,2.43,3.61,2.31,,84,0.1,HOSTILE,2.38,LIMIT,7,COMPRESSION,2026-09-14,2026-09-14T04:42:54.426160
QTWO,SHORT,CONVICTION,82.5,BEAR_REJECTION_PENDING,61.55,62.44,55.9,55.9,112,6.34,HOSTILE,61.5,LIMIT,20,MINOR,2026-09-14,2026-09-14T04:40:57.099322
EPAM,SHORT,CONVICTION,82.5,BEAR_REJECTION_PENDING,121.13,123.11,110.16,113.85,50,5.53,HOSTILE,119.7,LIMIT,12,CONVICTION,2026-09-14,2026-09-14T04:44:00.088972
FIG,SHORT,CONVICTION,82.4,BEAR_REJECTION_PENDING,24.28,25.35,21.89,20.25,93,2.23,HOSTILE,23.8,LIMIT,20,COMPRESSION,2026-09-14,2026-09-14T04:32:15.409844
ATRO,SHORT,CONVICTION,82.4,BEAR_REJECTION_PENDING,74.97,78.39,69.39,66.85,29,1.63,HOSTILE,73.5,LIMIT,20,CONVICTION,2026-09-14,2026-09-14T04:39:01.838987
QGEN,SHORT,CONVICTION,82.4,BEAR_REJECTION_PENDING,42.5,43.26,38.33,37.2,132,5.52,HOSTILE,42.44,LIMIT,20,COMPRESSION,2026-09-14,2026-09-14T04:47:03.387156
SPCG,SHORT,CONVICTION,82.3,BEAR_REJECTION_PENDING,15.61,16.18,13.39,,175,3.89,HOSTILE,15.5,LIMIT,20,COMPRESSION,2026-09-14,2026-09-14T04:38:42.632434
CSX,SHORT,CONVICTION,82.1,BEAR_REJECTION_PENDING,48.98,49.66,47.82,45.47,147,1.71,HOSTILE,48.96,LIMIT,20,COMPRESSION,2026-09-14,2026-09-14T04:29:48.334559
PFE,SHORT,CONVICTION,82.0,BEAR_REJECTION_PENDING,28.02,28.59,25.15,24.28,173,4.96,HOSTILE,27.86,LIMIT,20,COMPRESSION,2026-09-14,2026-09-14T04:27:30.017079
ROAD,SHORT,CONVICTION,82.0,BEAR_REJECTION_PENDING,100.41,110.54,95.39,,9,0.5,HOSTILE,99.67,LIMIT,20,CONVICTION,2026-09-14,2026-09-14T04:35:19.389287
RRR,SHORT,CONVICTION,82.0,BEAR_REJECTION_PENDING,56.16,57.35,50.49,47.88,84,4.78,HOSTILE,55.9,LIMIT,20,COMPRESSION,2026-09-14,2026-09-14T04:38:34.886423
AGX,SHORT,CONVICTION,82.0,BEAR_REJECTION_PENDING,402.01,415.81,356.35,352.09,7,3.31,HOSTILE,399.62,LIMIT,20,CONVICTION,2026-09-14,2026-09-14T04:41:20.943351
PWR,SHORT,CONVICTION,82.0,BEAR_REJECTION_PENDING,635.2,653.25,569.0,588.09,5,3.67,HOSTILE,631.0,LIMIT,20,CONVICTION,2026-09-14,2026-09-14T04:42:50.389155
LII,SHORT,CONVICTION,82.0,BEAR_REJECTION_PENDING,362.96,368.3,344.81,,18,3.4,HOSTILE,362.9,LIMIT,20,CONVICTION,2026-09-14,2026-09-14T04:46:10.519402
CAMT,SHORT,CONVICTION,82.0,BEAR_REJECTION_PENDING,141.31,148.58,125.19,119.8,13,2.22,HOSTILE,140.67,LIMIT,20,CONVICTION,2026-09-14,2026-09-14T04:50:29.958427
ADI,SHORT,CONVICTION,82.0,BEAR_REJECTION_PENDING,369.04,380.89,320.0,320.0,8,4.14,HOSTILE,369.01,LIMIT,20,CONVICTION,2026-09-14,2026-09-14T04:52:13.080745
ABVX,SHORT,CONVICTION,81.9,BEAR_REJECTION_PENDING,115.77,118.59,109.61,102.71,35,2.18,HOSTILE,115.54,LIMIT,20,VACUUM,2026-09-14,2026-09-14T04:51:23.270120
BILL,SHORT,CONVICTION,81.8,BEAR_REJECTION_PENDING,48.41,49.41,46.11,44.78,100,2.31,HOSTILE,47.46,LIMIT,20,COMPRESSION,2026-09-14,2026-09-14T04:35:54.878208
MOH,SHORT,CONVICTION,81.8,BEAR_REJECTION_PENDING,208.81,213.49,189.42,196.19,21,4.15,HOSTILE,204.72,LIMIT,8,CONVICTION,2026-09-14,2026-09-14T04:39:46.584234
RDNT,SHORT,CONVICTION,81.7,BEAR_REJECTION_PENDING,76.96,79.09,64.85,68.62,46,5.68,HOSTILE,75.49,LIMIT,4,COMPRESSION,2026-09-14,2026-09-14T04:35:18.207631
IMAX,SHORT,CONVICTION,81.7,BEAR_REJECTION_PENDING,52.35,54.65,48.49,46.21,43,1.68,HOSTILE,52.09,LIMIT,18,MINOR,2026-09-14,2026-09-14T04:36:36.566709
SNDU,SHORT,CONVICTION,81.3,BEAR_REJECTION_PENDING,21.65,23.55,20.57,,52,0.57,HOSTILE,21.29,LIMIT,8,COMPRESSION,2026-09-14,2026-09-14T04:37:17.907226
GPN,SHORT,CONVICTION,81.3,BEAR_REJECTION_PENDING,90.06,91.74,85.75,82.02,59,2.56,HOSTILE,88.29,LIMIT,20,COMPRESSION,2026-09-14,2026-09-14T04:39:29.420551
TSDD,SHORT,CONVICTION,81.3,BEAR_REJECTION_PENDING,8.13,8.33,7.81,7.43,496,1.59,HOSTILE,8.03,LIMIT,20,COMPRESSION,2026-09-14,2026-09-14T04:51:10.542098
ECHO,SHORT,CONVICTION,81.2,BEAR_REJECTION_PENDING,91.9,93.61,87.51,86.69,58,2.57,HOSTILE,91.5,LIMIT,14,COMPRESSION,2026-09-14,2026-09-14T04:39:21.884543
CRWV,SHORT,CONVICTION,81.1,BEAR_REJECTION_PENDING,85.1,89.53,77.78,74.53,22,1.65,HOSTILE,83.45,LIMIT,19,CONVICTION,2026-09-14,2026-09-14T04:28:53.105337
TPG,SHORT,CONVICTION,81.1,BEAR_REJECTION_PENDING,48.64,50.75,44.23,43.0,47,2.1,HOSTILE,47.69,LIMIT,20,COMPRESSION,2026-09-14,2026-09-14T04:41:06.845333
CWK,SHORT,CONVICTION,81.1,BEAR_REJECTION_PENDING,12.99,13.24,12.62,11.52,406,1.5,HOSTILE,12.9,LIMIT,20,COMPRESSION,2026-09-14,2026-09-14T04:43:56.753437
HALO,SHORT,CONVICTION,81.0,BEAR_REJECTION_PENDING,107.67,108.85,99.96,105.01,84,6.53,HOSTILE,107.26,LIMIT,18,COMPRESSION,2026-09-14,2026-09-14T04:34:37.482752
CNR,SHORT,CONVICTION,81.0,BEAR_REJECTION_PENDING,97.79,99.01,95.13,88.46,81,2.18,HOSTILE,97.76,LIMIT,20,COMPRESSION,2026-09-14,2026-09-14T04:36:14.384899
CBRL,SHORT,CONVICTION,80.8,BEAR_REJECTION_PENDING,50.99,51.88,47.16,44.81,112,4.31,HOSTILE,50.3828,LIMIT,20,COMPRESSION,2026-09-14,2026-09-14T04:42:38.036142
MSFU,SHORT,CONVICTION,80.8,BEAR_REJECTION_PENDING,37.06,38.13,34.89,32.16,93,2.03,HOSTILE,36.79,LIMIT,20,COMPRESSION,2026-09-14,2026-09-14T04:47:31.261832
TYL,SHORT,CONVICTION,80.8,BEAR_REJECTION_PENDING,343.4,351.22,327.37,319.01,12,2.05,HOSTILE,336.67,LIMIT,20,CONVICTION,2026-09-14,2026-09-14T04:48:27.311977
CAKE,SHORT,CONVICTION,80.7,BEAR_REJECTION_PENDING,102.93,104.13,92.94,87.67,83,8.34,HOSTILE,101.52,LIMIT,20,COMPRESSION,2026-09-14,2026-09-14T04:36:05.565328
MSTU,SHORT,CONVICTION,80.7,BEAR_REJECTION_PENDING,30.93,36.6,29.38,,17,0.27,HOSTILE,30.32,LIMIT,20,VACUUM,2026-09-14,2026-09-14T04:44:29.377077
TSEM,SHORT,CONVICTION,80.6,BEAR_REJECTION_PENDING,199.94,213.01,172.18,170.21,7,2.12,HOSTILE,198.9,LIMIT,20,VACUUM,2026-09-14,2026-09-14T04:26:17.344931
MHK,SHORT,CONVICTION,80.6,BEAR_REJECTION_PENDING,128.44,130.37,115.66,123.1,51,6.62,HOSTILE,125.92,LIMIT,20,COMPRESSION,2026-09-14,2026-09-14T04:49:50.269815
PTGX,SHORT,CONVICTION,80.5,BEAR_REJECTION_PENDING,150.35,152.76,145.01,137.32,41,2.22,HOSTILE,148.18,LIMIT,19,VACUUM,2026-09-14,2026-09-14T04:42:06.621479
MNST,SHORT,CONVICTION,80.5,BEAR_REJECTION_PENDING,43.82,44.3,42.25,41.01,208,3.27,HOSTILE,43.69,LIMIT,20,COMPRESSION,2026-09-14,2026-09-14T04:43:14.047312
RBA,SHORT,CONVICTION,80.5,BEAR_REJECTION_PENDING,84.06,85.0,81.73,81.73,106,2.47,HOSTILE,83.6,LIMIT,20,COMPRESSION,2026-09-14,2026-09-14T04:43:22.072866
AVGO,SHORT,CONVICTION,80.4,BEAR_REJECTION_PENDING,352.86,363.24,315.06,326.73,9,3.64,HOSTILE,349.65,LIMIT,20,CONVICTION,2026-09-14,2026-09-14T04:31:25.327774
FFIV,SHORT,CONVICTION,80.4,BEAR_REJECTION_PENDING,419.94,426.82,375.34,375.34,14,6.48,HOSTILE,411.71,LIMIT,13,VACUUM,2026-09-14,2026-09-14T04:47:24.365813
UCTT,SHORT,CONVICTION,80.3,BEAR_REJECTION_PENDING,70.28,74.41,62.7,59.54,24,1.84,HOSTILE,69.0,LIMIT,20,CONVICTION,2026-09-14,2026-09-14T04:45:57.070817
ZTS,SHORT,CONVICTION,80.3,BEAR_REJECTION_PENDING,73.81,74.68,70.12,,114,4.23,HOSTILE,73.55,LIMIT,20,CONVICTION,2026-09-14,2026-09-14T04:46:06.531390
NFLX,SHORT,CONVICTION,80.2,BEAR_REJECTION_PENDING,79.63,83.08,72.77,70.59,28,1.99,HOSTILE,78.07,LIMIT,20,COMPRESSION,2026-09-14,2026-09-14T04:28:26.654296
GDXJ,SHORT,CONVICTION,80.2,BEAR_REJECTION_PENDING,123.07,126.1,115.9,107.43,33,2.37,HOSTILE,122.88,LIMIT,20,COMPRESSION,2026-09-14,2026-09-14T04:46:54.792133
BBWI,SHORT,CONVICTION,80.2,BEAR_REJECTION_PENDING,18.62,18.99,18.0,15.86,267,1.66,HOSTILE,18.57,LIMIT,20,COMPRESSION,2026-09-14,2026-09-14T04:47:21.042272
DOCS,SHORT,CONVICTION,80.0,BEAR_REJECTION_PENDING,25.64,25.97,24.72,24.47,303,2.79,HOSTILE,25.49,LIMIT,20,COMPRESSION,2026-09-14,2026-09-14T04:40:28.707286
BMNR,SHORT,CONVICTION,79.9,BEAR_REJECTION_PENDING,25.38,28.91,24.11,,28,0.36,HOSTILE,24.8799,LIMIT,9,CONVICTION,2026-09-14,2026-09-14T04:25:46.077822
MXL,SHORT,CONVICTION,79.9,BEAR_REJECTION_PENDING,69.46,74.87,60.22,,18,1.71,HOSTILE,69.4,LIMIT,16,CONVICTION,2026-09-14,2026-09-14T04:41:57.428924
MSTR,SHORT,CONVICTION,79.7,BEAR_REJECTION_PENDING,133.58,143.29,112.39,,10,2.18,HOSTILE,130.96,LIMIT,20,CONVICTION,2026-09-14,2026-09-14T04:28:03.890266
BITU,SHORT,CONVICTION,79.7,BEAR_REJECTION_PENDING,13.64,14.2,11.66,12.35,177,3.51,HOSTILE,13.37,LIMIT,20,COMPRESSION,2026-09-14,2026-09-14T04:43:45.352421
COKE,SHORT,CONVICTION,79.6,BEAR_REJECTION_PENDING,195.88,198.85,190.59,179.99,33,1.78,HOSTILE,192.04,LIMIT,12,CONVICTION,2026-09-14,2026-09-14T04:39:18.556538
AMR,SHORT,CONVICTION,79.6,BEAR_REJECTION_PENDING,209.89,213.48,200.75,200.99,27,2.54,HOSTILE,209.41,LIMIT,20,CONVICTION,2026-09-14,2026-09-14T04:43:33.786405
CDW,SHORT,CONVICTION,79.5,BEAR_REJECTION_PENDING,156.87,175.25,149.02,,5,0.43,HOSTILE,153.79,LIMIT,5,CONVICTION,2026-09-14,2026-09-14T04:40:24.255279
TDC,SHORT,CONVICTION,79.5,BEAR_REJECTION_PENDING,28.4,28.7,27.59,26.86,330,2.68,HOSTILE,28.1,LIMIT,20,COMPRESSION,2026-09-14,2026-09-14T04:43:26.971870
RMD,SHORT,CONVICTION,79.4,BEAR_REJECTION_PENDING,220.84,223.63,197.29,197.29,35,8.45,HOSTILE,218.27,LIMIT,20,CONVICTION,2026-09-14,2026-09-14T04:37:12.529314
SAIL,SHORT,CONVICTION,79.3,BEAR_REJECTION_PENDING,17.52,17.9,15.42,15.22,264,5.58,HOSTILE,17.43,LIMIT,20,COMPRESSION,2026-09-14,2026-09-14T04:32:56.956964
HUM,SHORT,CONVICTION,79.3,BEAR_REJECTION_PENDING,418.0,430.94,387.68,380.8,7,2.34,HOSTILE,409.8,LIMIT,4,VACUUM,2026-09-14,2026-09-14T04:34:42.036758
CALM,SHORT,CONVICTION,79.2,BEAR_REJECTION_PENDING,75.41,76.14,69.78,71.76,136,7.69,HOSTILE,74.2443,LIMIT,20,COMPRESSION,2026-09-14,2026-09-14T04:42:27.697589
CHDN,SHORT,CONVICTION,79.2,BEAR_REJECTION_PENDING,85.49,86.31,81.62,80.61,121,4.72,HOSTILE,83.86,LIMIT,20,COMPRESSION,2026-09-14,2026-09-14T04:48:39.285015
AGNC,SHORT,CONVICTION,79.0,BEAR_REJECTION_PENDING,10.33,10.95,9.08,,160,2.01,HOSTILE,10.13,LIMIT,20,COMPRESSION,2026-09-14,2026-09-14T04:29:48.139557
GME,SHORT,CONVICTION,79.0,BEAR_REJECTION_PENDING,21.42,28.69,20.35,,13,0.15,HOSTILE,21.0,LIMIT,17,CONVICTION,2026-09-14,2026-09-14T04:49:21.603163
MDGL,SHORT,CONVICTION,78.8,BEAR_REJECTION_PENDING,537.32,542.72,492.73,513.79,18,8.26,HOSTILE,534.49,LIMIT,20,CONVICTION,2026-09-14,2026-09-14T04:38:20.995381
TOST,SHORT,CONVICTION,78.7,BEAR_REJECTION_PENDING,32.27,32.61,27.45,31.11,292,14.08,HOSTILE,32.0,LIMIT,20,COMPRESSION,2026-09-14,2026-09-14T04:31:34.081785
WHR,SHORT,CONVICTION,78.7,BEAR_REJECTION_PENDING,35.64,36.15,33.86,,197,3.52,HOSTILE,35.35,LIMIT,20,COMPRESSION,2026-09-14,2026-09-14T04:38:54.399978
HACK,SHORT,CONVICTION,78.7,BEAR_REJECTION_PENDING,109.97,111.3,99.99,99.99,74,7.48,HOSTILE,109.87,LIMIT,20,COMPRESSION,2026-09-14,2026-09-14T04:48:13.788942
ETSY,SHORT,CONVICTION,78.5,BEAR_REJECTION_PENDING,74.22,77.13,62.73,62.73,34,3.94,HOSTILE,72.76,LIMIT,20,COMPRESSION,2026-09-14,2026-09-14T04:46:27.141464
BWIN,SHORT,CONVICTION,78.4,BEAR_REJECTION_PENDING,31.88,36.55,30.28,,21,0.34,HOSTILE,31.25,LIMIT,15,CONVICTION,2026-09-14,2026-09-14T04:39:08.665996
VFC,SHORT,CONVICTION,78.4,BEAR_REJECTION_PENDING,13.24,13.74,12.29,12.07,200,1.9,HOSTILE,12.98,LIMIT,20,COMPRESSION,2026-09-14,2026-09-14T04:51:12.411100
PLNT,SHORT,CONVICTION,78.3,BEAR_REJECTION_PENDING,51.0,51.75,43.78,45.58,132,9.56,HOSTILE,50.65,LIMIT,20,COMPRESSION,2026-09-14,2026-09-14T04:43:17.049317
SKHZ,SHORT,CONVICTION,78.3,BEAR_REJECTION_PENDING,10.12,10.45,9.49,9.31,301,1.9,HOSTILE,10.08,LIMIT,20,COMPRESSION,2026-09-14,2026-09-14T04:44:41.189629
AXGN,SHORT,CONVICTION,78.3,BEAR_REJECTION_PENDING,43.0,46.96,36.3,,25,1.69,HOSTILE,42.16,LIMIT,20,CONVICTION,2026-09-14,2026-09-14T04:45:31.696784
VSNT,SHORT,CONVICTION,78.3,BEAR_REJECTION_PENDING,37.93,38.8,36.25,34.28,115,1.94,HOSTILE,37.19,LIMIT,20,COMPRESSION,2026-09-14,2026-09-14T04:50:10.258856
DSGX,SHORT,CONVICTION,78.3,BEAR_REJECTION_PENDING,77.56,79.43,69.3,70.49,53,4.43,HOSTILE,76.04,LIMIT,20,COMPRESSION,2026-09-14,2026-09-14T04:52:19.044755
CSGP,SHORT,CONVICTION,78.2,BEAR_REJECTION_PENDING,31.25,31.84,29.47,29.71,169,3.03,HOSTILE,30.85,LIMIT,20,COMPRESSION,2026-09-14,2026-09-14T04:29:47.747558
OCTV,SHORT,CONVICTION,78.2,BEAR_REJECTION_PENDING,18.18,19.69,15.82,,66,1.56,HOSTILE,17.82,LIMIT,20,COMPRESSION,2026-09-14,2026-09-14T04:39:50.426236
SOLS,SHORT,CONVICTION,78.2,BEAR_REJECTION_PENDING,62.13,63.58,53.09,53.56,69,6.24,HOSTILE,60.91,LIMIT,20,VACUUM,2026-09-14,2026-09-14T04:48:35.659994
AXTI,SHORT,CONVICTION,78.1,BEAR_REJECTION_PENDING,61.58,64.87,54.85,52.96,30,2.04,HOSTILE,60.37,LIMIT,14,CONVICTION,2026-09-14,2026-09-14T04:28:41.741317
AMZN,SHORT,CONVICTION,78.0,BEAR_REJECTION_PENDING,253.88,257.98,233.35,221.25,24,5.0,HOSTILE,253.86,LIMIT,20,CONVICTION,2026-09-14,2026-09-14T04:30:55.044193
CAI,SHORT,CONVICTION,78.0,BEAR_REJECTION_PENDING,24.83,25.95,21.92,20.7,89,2.59,HOSTILE,24.34,LIMIT,20,COMPRESSION,2026-09-14,2026-09-14T04:34:03.624708
DUOL,SHORT,CONVICTION,78.0,BEAR_REJECTION_PENDING,146.58,148.79,135.25,132.14,45,5.12,HOSTILE,146.3,LIMIT,20,CONVICTION,2026-09-14,2026-09-14T04:34:19.428729
SNDQ,SHORT,CONVICTION,78.0,BEAR_REJECTION_PENDING,14.72,15.54,13.3,12.8,122,1.73,HOSTILE,14.43,LIMIT,14,COMPRESSION,2026-09-14,2026-09-14T04:35:21.967007
MSGE,SHORT,CONVICTION,78.0,BEAR_REJECTION_PENDING,79.9,83.03,68.71,72.58,31,3.57,HOSTILE,79.19,LIMIT,20,MINOR,2026-09-14,2026-09-14T04:39:47.211231
FNGU,SHORT,CONVICTION,78.0,BEAR_REJECTION_PENDING,30.97,32.24,27.19,27.19,78,2.98,HOSTILE,30.9397,LIMIT,20,COMPRESSION,2026-09-14,2026-09-14T04:50:32.704432
SAM,SHORT,CONVICTION,78.0,BEAR_REJECTION_PENDING,173.31,175.42,163.0,168.18,47,4.88,HOSTILE,172.34,LIMIT,20,CONVICTION,2026-09-14,2026-09-14T04:52:04.544733
M,SHORT,CONVICTION,78.0,BEAR_REJECTION_PENDING,22.22,22.5,20.71,19.14,348,5.25,HOSTILE,22.0,LIMIT,18,MINOR,2026-09-14,2026-09-14T04:52:25.685769
CLBT,SHORT,CONVICTION,77.8,BEAR_REJECTION_PENDING,11.43,11.63,10.12,10.9,505,6.62,HOSTILE,11.35,LIMIT,20,MINOR,2026-09-14,2026-09-14T04:40:25.381283
NVCR,SHORT,CONVICTION,77.7,BEAR_REJECTION_PENDING,15.82,16.93,13.36,,89,2.21,HOSTILE,15.51,LIMIT,20,COMPRESSION,2026-09-14,2026-09-14T04:44:34.723619
IBKR,SHORT,CONVICTION,77.7,BEAR_REJECTION_PENDING,91.76,93.08,88.0,88.0,75,2.84,HOSTILE,90.01,LIMIT,20,COMPRESSION,2026-09-14,2026-09-14T04:45:43.507798
ZCSH,SHORT,CONVICTION,77.7,BEAR_REJECTION_PENDING,91.3,94.47,78.06,79.25,31,4.18,HOSTILE,91.2,LIMIT,20,CONVICTION,2026-09-14,2026-09-14T04:50:43.269983
AGI,SHORT,CONVICTION,77.6,BEAR_REJECTION_PENDING,35.7,37.11,33.15,30.49,70,1.8,HOSTILE,35.52,LIMIT,20,CONVICTION,2026-09-14,2026-09-14T04:44:50.461643
BAM,SHORT,CONVICTION,77.5,BEAR_REJECTION_PENDING,49.82,51.46,47.15,45.94,60,1.63,HOSTILE,48.839,LIMIT,20,COMPRESSION,2026-09-14,2026-09-14T04:37:49.281339
CGON,SHORT,CONVICTION,77.5,BEAR_REJECTION_PENDING,73.23,74.46,61.99,66.94,81,9.13,HOSTILE,72.35,LIMIT,15,COMPRESSION,2026-09-14,2026-09-14T04:42:38.115145
KLAR,SHORT,CONVICTION,77.4,BEAR_REJECTION_PENDING,14.08,14.33,12.57,,391,5.9,HOSTILE,13.8,LIMIT,20,COMPRESSION,2026-09-14,2026-09-14T04:40:38.220299
ARE,SHORT,CONVICTION,77.4,BEAR_REJECTION_PENDING,52.16,52.91,44.65,48.7,134,10.08,HOSTILE,51.14,LIMIT,20,COMPRESSION,2026-09-14,2026-09-14T04:43:34.583406
TMDX,SHORT,CONVICTION,77.3,BEAR_REJECTION_PENDING,81.5,82.75,78.66,77.2,79,2.26,HOSTILE,81.048,LIMIT,20,VACUUM,2026-09-14,2026-09-14T04:37:27.366563
BRSL,SHORT,CONVICTION,77.3,BEAR_REJECTION_PENDING,11.32,11.63,10.45,10.08,326,2.85,HOSTILE,11.1,LIMIT,20,COMPRESSION,2026-09-14,2026-09-14T04:43:30.820884
CEG,SHORT,CONVICTION,77.3,BEAR_REJECTION_PENDING,280.42,286.44,255.42,253.5,16,4.16,HOSTILE,280.0,LIMIT,20,CONVICTION,2026-09-14,2026-09-14T04:49:16.611152
COIN,SHORT,CONVICTION,77.1,BEAR_REJECTION_PENDING,179.54,184.1,172.35,164.2,21,1.58,HOSTILE,176.02,LIMIT,20,MINOR,2026-09-14,2026-09-14T04:28:21.993291
SITM,SHORT,CONVICTION,77.1,BEAR_REJECTION_PENDING,617.24,638.84,571.62,549.98,4,2.11,HOSTILE,605.14,LIMIT,16,CONVICTION,2026-09-14,2026-09-14T04:42:09.334024
EDRY,SHORT,CONVICTION,77.0,BEAR_REJECTION_PENDING,66.0,67.71,57.5,58.18,58,4.98,HOSTILE,65.99,LIMIT,6,VACUUM,2026-09-14,2026-09-14T04:26:04.785906
KD,SHORT,CONVICTION,77.0,BEAR_REJECTION_PENDING,13.55,14.01,12.33,12.33,215,2.62,HOSTILE,13.28,LIMIT,12,COMPRESSION,2026-09-14,2026-09-14T04:32:42.435880
ARES,SHORT,CONVICTION,76.8,BEAR_REJECTION_PENDING,132.79,134.05,128.95,117.92,79,3.05,HOSTILE,131.74,LIMIT,20,COMPRESSION,2026-09-14,2026-09-14T04:37:48.584337
CENX,SHORT,CONVICTION,76.7,BEAR_REJECTION_PENDING,44.4,47.93,38.02,,28,1.81,HOSTILE,43.5337,LIMIT,20,VACUUM,2026-09-14,2026-09-14T04:34:07.664714
TSHA,SHORT,CONVICTION,76.6,BEAR_REJECTION_PENDING,5.12,5.37,4.74,4.46,406,1.54,HOSTILE,5.02,LIMIT,20,COMPRESSION,2026-09-14,2026-09-14T04:27:41.613151
HYMC,SHORT,CONVICTION,76.6,BEAR_REJECTION_PENDING,20.99,22.92,19.94,,51,0.54,HOSTILE,20.58,LIMIT,20,COMPRESSION,2026-09-14,2026-09-14T04:36:36.560704
HPE,SHORT,CONVICTION,76.5,BEAR_REJECTION_PENDING,59.12,62.39,53.72,49.7,30,1.65,HOSTILE,58.25,LIMIT,8,VACUUM,2026-09-14,2026-09-14T04:29:20.490912
SRPT,SHORT,CONVICTION,76.5,BEAR_REJECTION_PENDING,20.3,20.8,17.23,18.39,201,6.2,HOSTILE,20.25,LIMIT,20,COMPRESSION,2026-09-14,2026-09-14T04:38:43.532436
CGNX,SHORT,CONVICTION,76.5,BEAR_REJECTION_PENDING,64.14,65.98,56.08,55.7,54,4.38,HOSTILE,62.88,LIMIT,20,COMPRESSION,2026-09-14,2026-09-14T04:41:32.703893
RHI,SHORT,CONVICTION,76.4,BEAR_REJECTION_PENDING,38.43,42.79,36.51,,22,0.44,HOSTILE,37.68,LIMIT,20,COMPRESSION,2026-09-14,2026-09-14T04:35:18.460682
CELC,SHORT,CONVICTION,76.4,BEAR_REJECTION_PENDING,86.7,90.53,75.88,72.47,26,2.82,HOSTILE,85.0,LIMIT,20,VACUUM,2026-09-14,2026-09-14T04:39:12.598530
PLGO,SHORT,CONVICTION,76.4,BEAR_REJECTION_PENDING,25.35,26.67,22.15,22.15,75,2.42,HOSTILE,25.23,LIMIT,20,MINOR,2026-09-14,2026-09-14T04:40:56.033318
ARQT,SHORT,CONVICTION,76.3,BEAR_REJECTION_PENDING,24.05,24.51,21.45,21.9,216,5.63,HOSTILE,23.885,LIMIT,20,COMPRESSION,2026-09-14,2026-09-14T04:35:53.428987
TDS,SHORT,CONVICTION,76.3,BEAR_REJECTION_PENDING,38.06,38.64,36.27,34.12,170,3.05,HOSTILE,37.31,LIMIT,20,COMPRESSION,2026-09-14,2026-09-14T04:50:06.657849
LEGN,SHORT,CONVICTION,76.2,BEAR_REJECTION_PENDING,19.05,19.35,17.56,16.7,337,5.03,HOSTILE,18.72,LIMIT,20,COMPRESSION,2026-09-14,2026-09-14T04:43:10.077249
DOO,SHORT,CONVICTION,76.0,BEAR_REJECTION_PENDING,62.27,63.65,56.0,59.04,72,4.54,HOSTILE,61.05,LIMIT,20,COMPRESSION,2026-09-14,2026-09-14T04:43:07.030234
WLY,SHORT,CONVICTION,76.0,BEAR_REJECTION_PENDING,51.22,56.0,44.03,,20,1.51,HOSTILE,50.22,LIMIT,14,MINOR,2026-09-14,2026-09-14T04:50:43.173980
SPOT,SHORT,CONVICTION,75.9,BEAR_REJECTION_PENDING,535.46,540.88,525.75,501.67,18,1.79,HOSTILE,525.91,LIMIT,20,CONVICTION,2026-09-14,2026-09-14T04:37:21.756527
STRL,SHORT,CONVICTION,75.9,BEAR_REJECTION_PENDING,489.55,514.56,437.1,413.58,3,2.1,HOSTILE,486.34,LIMIT,19,CONVICTION,2026-09-14,2026-09-14T04:42:12.670027
TEX,SHORT,CONVICTION,75.9,BEAR_REJECTION_PENDING,61.31,62.21,52.38,59.24,111,9.93,HOSTILE,60.16,LIMIT,20,COMPRESSION,2026-09-14,2026-09-14T04:50:07.192849
RYAN,SHORT,CONVICTION,75.8,BEAR_REJECTION_PENDING,38.88,41.07,34.59,32.66,45,1.96,HOSTILE,38.12,LIMIT,20,COMPRESSION,2026-09-14,2026-09-14T04:39:59.861246
REAX,SHORT,CONVICTION,75.8,BEAR_REJECTION_PENDING,20.48,21.28,18.3,18.53,125,2.74,HOSTILE,20.08,LIMIT,20,COMPRESSION,2026-09-14,2026-09-14T04:47:03.867157
MBGL,SHORT,CONVICTION,75.7,BEAR_REJECTION_PENDING,20.56,21.01,19.58,,223,2.2,HOSTILE,20.16,LIMIT,20,COMPRESSION,2026-09-14,2026-09-14T04:26:23.006929
WBD,SHORT,CONVICTION,75.7,BEAR_REJECTION_PENDING,28.57,29.86,26.39,25.45,77,1.69,HOSTILE,28.01,LIMIT,17,COMPRESSION,2026-09-14,2026-09-14T04:29:17.617907
CDNL,SHORT,CONVICTION,75.6,BEAR_REJECTION_PENDING,36.0,36.76,33.56,33.0,131,3.21,HOSTILE,35.4,LIMIT,20,COMPRESSION,2026-09-14,2026-09-14T04:41:32.123894
SMWB,SHORT,CONVICTION,75.5,BEAR_REJECTION_PENDING,8.14,8.44,7.69,7.4,335,1.51,HOSTILE,7.98,LIMIT,20,COMPRESSION,2026-09-14,2026-09-14T04:25:37.481282
IRE,SHORT,CONVICTION,75.4,BEAR_REJECTION_PENDING,10.09,10.82,9.59,,136,0.69,HOSTILE,10.05,LIMIT,20,COMPRESSION,2026-09-14,2026-09-14T04:34:43.187759
GMED,SHORT,CONVICTION,75.4,BEAR_REJECTION_PENDING,74.52,75.42,70.79,,111,4.16,HOSTILE,73.9,LIMIT,20,COMPRESSION,2026-09-14,2026-09-14T04:36:33.244971
LFTO,SHORT,CONVICTION,75.4,BEAR_REJECTION_PENDING,18.6,18.86,17.95,17.95,390,2.54,HOSTILE,18.35,LIMIT,17,COMPRESSION,2026-09-14,2026-09-14T04:41:50.667926
BDX,SHORT,CONVICTION,75.3,BEAR_REJECTION_PENDING,181.66,183.39,167.75,175.88,57,8.03,HOSTILE,179.94,LIMIT,20,CONVICTION,2026-09-14,2026-09-14T04:39:02.310987
MIRM,SHORT,CONVICTION,75.0,BEAR_REJECTION_PENDING,100.18,102.15,94.95,95.26,50,2.67,HOSTILE,98.22,LIMIT,20,COMPRESSION,2026-09-14,2026-09-14T04:34:52.607317
DXCM,SHORT,CONVICTION,75.0,BEAR_REJECTION_PENDING,84.08,85.82,79.88,72.0,57,2.41,HOSTILE,82.43,LIMIT,20,CONVICTION,2026-09-14,2026-09-14T04:45:39.375794
ESNT,SHORT,CONVICTION,74.9,BEAR_REJECTION_PENDING,68.76,69.53,66.21,58.81,130,3.33,HOSTILE,68.18,LIMIT,20,COMPRESSION,2026-09-14,2026-09-14T04:34:24.241734
ACM,SHORT,CONVICTION,74.9,BEAR_REJECTION_PENDING,64.8,66.37,62.12,,63,1.7,HOSTILE,63.53,LIMIT,20,CONVICTION,2026-09-14,2026-09-14T04:43:31.839874
ALH,SHORT,CONVICTION,74.8,BEAR_REJECTION_PENDING,22.0,22.34,19.72,19.85,293,6.68,HOSTILE,21.61,LIMIT,20,COMPRESSION,2026-09-14,2026-09-14T04:43:30.778873
AMZU,SHORT,CONVICTION,74.7,BEAR_REJECTION_PENDING,35.77,36.75,31.48,32.96,101,4.35,HOSTILE,35.7584,LIMIT,20,COMPRESSION,2026-09-14,2026-09-14T04:48:36.289996
METU,SHORT,CONVICTION,74.6,BEAR_REJECTION_PENDING,24.46,25.18,22.05,21.96,138,3.35,HOSTILE,24.45,LIMIT,20,CONVICTION,2026-09-14,2026-09-14T04:40:44.040304
BAX,SHORT,CONVICTION,74.5,BEAR_REJECTION_PENDING,24.13,24.98,22.68,21.95,117,1.71,HOSTILE,23.6603,LIMIT,20,COMPRESSION,2026-09-14,2026-09-14T04:27:51.439164
BIRK,SHORT,CONVICTION,74.4,BEAR_REJECTION_PENDING,32.32,32.78,31.25,31.25,215,2.31,HOSTILE,31.88,LIMIT,20,COMPRESSION,2026-09-14,2026-09-14T04:35:56.922885
SFM,SHORT,CONVICTION,74.4,BEAR_REJECTION_PENDING,74.46,76.78,70.74,,43,1.61,HOSTILE,73.0,LIMIT,20,COMPRESSION,2026-09-14,2026-09-14T04:40:02.348251
WRBY,SHORT,CONVICTION,74.4,BEAR_REJECTION_PENDING,25.09,26.38,22.03,,77,2.38,HOSTILE,24.6,LIMIT,20,CONVICTION,2026-09-14,2026-09-14T04:44:47.149636
CGEM,SHORT,CONVICTION,74.3,BEAR_REJECTION_PENDING,20.89,21.66,18.76,18.72,130,2.77,HOSTILE,20.8,LIMIT,20,COMPRESSION,2026-09-14,2026-09-14T04:25:33.034276
BABA,SHORT,CONVICTION,74.3,BEAR_REJECTION_PENDING,108.46,109.63,97.41,97.41,85,9.48,HOSTILE,107.95,LIMIT,20,COMPRESSION,2026-09-14,2026-09-14T04:44:52.402643
MAN,SHORT,CONVICTION,74.2,BEAR_REJECTION_PENDING,57.59,62.29,50.23,,21,1.57,HOSTILE,56.46,LIMIT,20,CONVICTION,2026-09-14,2026-09-14T04:43:11.916241
VELO,SHORT,CONVICTION,74.1,BEAR_REJECTION_PENDING,10.6,10.96,9.99,9.55,272,1.66,HOSTILE,10.39,LIMIT,16,COMPRESSION,2026-09-14,2026-09-14T04:33:02.455511
KGS,SHORT,CONVICTION,74.1,BEAR_REJECTION_PENDING,65.13,67.33,61.39,56.92,45,1.69,HOSTILE,63.85,LIMIT,20,VACUUM,2026-09-14,2026-09-14T04:34:46.422306
GPK,SHORT,CONVICTION,74.1,BEAR_REJECTION_PENDING,9.73,9.96,9.13,9.1,435,2.62,HOSTILE,9.54,LIMIT,20,COMPRESSION,2026-09-14,2026-09-14T04:42:28.143588
GDX,SHORT,CONVICTION,74.1,BEAR_REJECTION_PENDING,95.89,97.43,90.94,89.31,64,3.2,HOSTILE,95.37,LIMIT,20,COMPRESSION,2026-09-14,2026-09-14T04:45:00.798654
TZA,SHORT,CONVICTION,74.1,BEAR_REJECTION_PENDING,44.21,47.94,38.41,,26,1.55,HOSTILE,43.34,LIMIT,7,COMPRESSION,2026-09-14,2026-09-14T04:48:52.186034
MRNA,SHORT,CONVICTION,74.0,BEAR_REJECTION_PENDING,143.07,146.67,137.1,133.52,27,1.66,HOSTILE,142.59,LIMIT,13,MINOR,2026-09-14,2026-09-14T04:26:09.100915
FCX,SHORT,CONVICTION,74.0,BEAR_REJECTION_PENDING,70.12,71.5,66.19,61.75,72,2.86,HOSTILE,69.1,LIMIT,20,CONVICTION,2026-09-14,2026-09-14T04:28:55.143956
NEM,SHORT,CONVICTION,74.0,BEAR_REJECTION_PENDING,125.11,127.31,119.39,115.0,45,2.6,HOSTILE,124.4,LIMIT,20,COMPRESSION,2026-09-14,2026-09-14T04:29:05.452348
ACN,SHORT,CONVICTION,74.0,BEAR_REJECTION_PENDING,192.0,193.95,186.72,170.37,51,2.7,HOSTILE,190.0,LIMIT,16,CONVICTION,2026-09-14,2026-09-14T04:29:26.183920
BSP,SHORT,CONVICTION,74.0,BEAR_REJECTION_PENDING,39.9,40.66,35.59,34.97,131,5.67,HOSTILE,39.5,LIMIT,20,MINOR,2026-09-14,2026-09-14T04:36:02.047289
APPF,SHORT,CONVICTION,74.0,BEAR_REJECTION_PENDING,212.65,216.75,184.12,184.12,24,6.95,HOSTILE,208.48,LIMIT,20,CONVICTION,2026-09-14,2026-09-14T04:37:48.391338
EXPE,SHORT,CONVICTION,74.0,BEAR_REJECTION_PENDING,286.31,300.12,265.01,248.45,7,1.54,HOSTILE,280.7,LIMIT,20,CONVICTION,2026-09-14,2026-09-14T04:38:02.443438
IBP,SHORT,CONVICTION,74.0,BEAR_REJECTION_PENDING,204.45,207.33,179.5,190.5,34,8.66,HOSTILE,204.3,LIMIT,20,CONVICTION,2026-09-14,2026-09-14T04:38:13.790371
QURE,SHORT,CONVICTION,74.0,BEAR_REJECTION_PENDING,44.61,46.13,41.69,38.0,65,1.92,HOSTILE,44.25,LIMIT,20,MINOR,2026-09-14,2026-09-14T04:40:58.589323
BOIL,SHORT,CONVICTION,74.0,BEAR_REJECTION_PENDING,20.56,22.77,19.54,,45,0.47,HOSTILE,20.16,LIMIT,12,COMPRESSION,2026-09-14,2026-09-14T04:43:03.382172
G,SHORT,CONVICTION,74.0,BEAR_REJECTION_PENDING,35.42,36.49,31.62,30.2,93,3.58,HOSTILE,35.14,LIMIT,20,COMPRESSION,2026-09-14,2026-09-14T04:44:11.228518
GPI,SHORT,CONVICTION,74.0,BEAR_REJECTION_PENDING,284.58,292.63,270.68,263.95,12,1.73,HOSTILE,279.0,LIMIT,20,VACUUM,2026-09-14,2026-09-14T04:44:14.280055
RH,SHORT,CONVICTION,74.0,BEAR_REJECTION_PENDING,133.86,136.1,122.5,121.94,44,5.06,HOSTILE,133.674,LIMIT,20,CONVICTION,2026-09-14,2026-09-14T04:46:06.938390
CDNS,SHORT,CONVICTION,74.0,BEAR_REJECTION_PENDING,290.07,293.73,265.42,280.6,27,6.74,HOSTILE,288.84,LIMIT,20,CONVICTION,2026-09-14,2026-09-14T04:46:51.360588
VCTR,SHORT,CONVICTION,74.0,BEAR_REJECTION_PENDING,111.69,113.01,99.35,99.35,75,9.33,HOSTILE,110.3,LIMIT,20,CONVICTION,2026-09-14,2026-09-14T04:47:49.640882
CIBR,SHORT,CONVICTION,74.0,BEAR_REJECTION_PENDING,98.43,100.09,94.59,86.56,60,2.32,HOSTILE,96.5,LIMIT,20,MINOR,2026-09-14,2026-09-14T04:48:10.607938
CCUP,SHORT,CONVICTION,74.0,BEAR_REJECTION_PENDING,27.25,28.53,23.6,23.7,78,2.86,HOSTILE,26.95,LIMIT,20,MINOR,2026-09-14,2026-09-14T04:50:20.334411
SMCL,SHORT,CONVICTION,73.9,BEAR_REJECTION_PENDING,17.12,18.98,16.26,,53,0.46,HOSTILE,17.0988,LIMIT,20,COMPRESSION,2026-09-14,2026-09-14T04:40:04.626252
APPN,SHORT,CONVICTION,73.8,BEAR_REJECTION_PENDING,35.97,37.75,31.6,30.21,56,2.45,HOSTILE,35.26,LIMIT,20,COMPRESSION,2026-09-14,2026-09-14T04:25:34.580278
RING,SHORT,CONVICTION,73.8,BEAR_REJECTION_PENDING,84.03,85.73,79.28,77.0,58,2.8,HOSTILE,83.88,LIMIT,20,COMPRESSION,2026-09-14,2026-09-14T04:45:15.713233
AGCO,SHORT,CONVICTION,73.7,BEAR_REJECTION_PENDING,123.77,127.14,118.19,107.64,29,1.65,HOSTILE,121.34,LIMIT,20,CONVICTION,2026-09-14,2026-09-14T04:41:20.510355
HP,SHORT,CONVICTION,73.6,BEAR_REJECTION_PENDING,44.54,46.27,38.15,38.15,57,3.69,HOSTILE,44.04,LIMIT,20,MINOR,2026-09-14,2026-09-14T04:36:35.316636
BULL,SHORT,CONVICTION,73.4,BEAR_REJECTION_PENDING,9.17,9.33,8.01,8.74,636,7.38,HOSTILE,9.1594,LIMIT,16,MINOR,2026-09-14,2026-09-14T04:27:49.638161
OKLO,SHORT,CONVICTION,73.4,BEAR_REJECTION_PENDING,35.55,36.48,29.73,,107,6.25,HOSTILE,34.9,LIMIT,20,CONVICTION,2026-09-14,2026-09-14T04:31:10.031753
DT,SHORT,CONVICTION,73.4,BEAR_REJECTION_PENDING,51.5,52.16,49.49,44.84,152,3.08,HOSTILE,51.39,LIMIT,20,COMPRESSION,2026-09-14,2026-09-14T04:36:23.653711
JBHT,SHORT,CONVICTION,73.4,BEAR_REJECTION_PENDING,273.63,276.15,261.56,239.48,39,4.78,HOSTILE,270.45,LIMIT,20,COMPRESSION,2026-09-14,2026-09-14T04:39:36.834561
CONL,SHORT,CONVICTION,73.3,BEAR_REJECTION_PENDING,5.47,5.96,4.63,,203,1.69,HOSTILE,5.36,LIMIT,14,COMPRESSION,2026-09-14,2026-09-14T04:34:11.476718
LQDA,SHORT,CONVICTION,73.3,BEAR_REJECTION_PENDING,68.15,74.81,64.74,,15,0.51,HOSTILE,66.81,LIMIT,20,CONVICTION,2026-09-14,2026-09-14T04:41:52.528919
WAY,SHORT,CONVICTION,73.2,BEAR_REJECTION_PENDING,23.99,24.47,20.0,22.04,207,8.27,HOSTILE,23.52,LIMIT,20,COMPRESSION,2026-09-14,2026-09-14T04:48:54.579039
IPDN,SHORT,CONVICTION,73.0,BEAR_REJECTION_PENDING,3.65,4.23,3.47,,170,0.31,HOSTILE,3.615,LIMIT,3,COMPRESSION,2026-09-14,2026-09-14T04:24:50.625160
WMT,SHORT,CONVICTION,73.0,BEAR_REJECTION_PENDING,110.01,119.59,95.25,,10,1.54,HOSTILE,107.85,LIMIT,20,CONVICTION,2026-09-14,2026-09-14T04:27:24.064545
ERAS,SHORT,CONVICTION,73.0,BEAR_REJECTION_PENDING,15.88,16.27,13.94,14.07,255,4.96,HOSTILE,15.79,LIMIT,20,COMPRESSION,2026-09-14,2026-09-14T04:29:59.096577
CLOU,SHORT,CONVICTION,73.0,BEAR_REJECTION_PENDING,27.38,27.93,25.49,25.49,182,3.44,HOSTILE,27.2,LIMIT,20,COMPRESSION,2026-09-14,2026-09-14T04:36:13.726366
MSTY,SHORT,CONVICTION,73.0,BEAR_REJECTION_PENDING,15.0,15.52,13.67,13.69,193,2.57,HOSTILE,14.73,LIMIT,20,MINOR,2026-09-14,2026-09-14T04:44:30.451615
GEHC,SHORT,CONVICTION,72.9,BEAR_REJECTION_PENDING,64.3,65.17,60.21,62.2,114,4.68,HOSTILE,64.05,LIMIT,20,COMPRESSION,2026-09-14,2026-09-14T04:29:36.940543
DRAM,SHORT,CONVICTION,72.8,BEAR_REJECTION_PENDING,55.81,59.25,48.02,,29,2.26,HOSTILE,55.68,LIMIT,20,CONVICTION,2026-09-14,2026-09-14T04:40:30.943286
CELU,SHORT,CONVICTION,72.7,BEAR_REJECTION_PENDING,1.45,1.56,1.38,,910,0.66,HOSTILE,1.4238,LIMIT,20,MINOR,2026-09-14,2026-09-14T04:48:09.957942
GLBE,SHORT,CONVICTION,72.7,BEAR_REJECTION_PENDING,37.89,38.56,35.19,32.2,148,4.02,HOSTILE,37.18,LIMIT,20,COMPRESSION,2026-09-14,2026-09-14T04:49:43.201743
SIMO,SHORT,CONVICTION,72.6,BEAR_REJECTION_PENDING,270.0,285.42,239.23,229.0,6,2.0,HOSTILE,268.25,LIMIT,18,CONVICTION,2026-09-14,2026-09-14T04:40:03.095250
KMT,SHORT,CONVICTION,72.6,BEAR_REJECTION_PENDING,30.49,32.33,27.3,25.71,54,1.73,HOSTILE,29.89,LIMIT,20,COMPRESSION,2026-09-14,2026-09-14T04:51:03.546094
NOG,SHORT,CONVICTION,72.5,BEAR_REJECTION_PENDING,27.16,28.09,24.65,24.65,107,2.7,HOSTILE,27.11,LIMIT,16,COMPRESSION,2026-09-14,2026-09-14T04:37:01.522953
SSPC,SHORT,CONVICTION,72.5,BEAR_REJECTION_PENDING,9.38,9.64,8.91,,387,1.82,HOSTILE,9.37,LIMIT,11,COMPRESSION,2026-09-14,2026-09-14T04:38:45.201967
HCC,SHORT,CONVICTION,72.4,BEAR_REJECTION_PENDING,99.73,101.88,86.56,86.56,46,6.11,HOSTILE,97.77,LIMIT,20,VACUUM,2026-09-14,2026-09-14T04:36:33.576035
EMBC,SHORT,CONVICTION,72.3,BEAR_REJECTION_PENDING,5.05,5.15,4.44,4.44,1046,6.38,HOSTILE,5.03,LIMIT,20,CONVICTION,2026-09-14,2026-09-14T04:25:15.907790
QNST,SHORT,CONVICTION,72.3,BEAR_REJECTION_PENDING,18.4,18.82,15.75,,236,6.26,HOSTILE,18.38,LIMIT,20,COMPRESSION,2026-09-14,2026-09-14T04:35:13.587136
NTNX,SHORT,CONVICTION,72.3,BEAR_REJECTION_PENDING,67.48,68.4,60.09,64.95,108,8.03,HOSTILE,66.75,LIMIT,20,COMPRESSION,2026-09-14,2026-09-14T04:40:49.499312
PRIM,SHORT,CONVICTION,72.3,BEAR_REJECTION_PENDING,76.79,83.47,72.95,,14,0.57,HOSTILE,75.28,LIMIT,14,VACUUM,2026-09-14,2026-09-14T04:42:04.959934
BMY,SHORT,CONVICTION,72.2,BEAR_REJECTION_PENDING,65.37,66.58,62.4,60.76,82,2.46,HOSTILE,64.09,LIMIT,20,COMPRESSION,2026-09-14,2026-09-14T04:29:37.081540
BOOT,SHORT,CONVICTION,72.2,BEAR_REJECTION_PENDING,148.11,153.36,129.65,129.65,19,3.52,HOSTILE,145.21,LIMIT,20,CONVICTION,2026-09-14,2026-09-14T04:43:49.796427
BILI,SHORT,CONVICTION,72.1,BEAR_REJECTION_PENDING,15.55,15.97,14.77,,238,1.85,HOSTILE,15.5491,LIMIT,20,COMPRESSION,2026-09-14,2026-09-14T04:48:08.284929
COHU,SHORT,CONVICTION,72.0,BEAR_REJECTION_PENDING,54.45,57.79,47.15,46.29,29,2.19,HOSTILE,53.74,LIMIT,20,CONVICTION,2026-09-14,2026-09-14T04:25:21.646261
WTS,SHORT,CONVICTION,72.0,BEAR_REJECTION_PENDING,356.82,360.61,347.47,337.82,26,2.46,HOSTILE,356.02,LIMIT,20,COMPRESSION,2026-09-14,2026-09-14T04:35:42.425725
CF,SHORT,CONVICTION,72.0,BEAR_REJECTION_PENDING,135.51,139.07,127.87,121.59,28,2.15,HOSTILE,134.5,LIMIT,18,MINOR,2026-09-14,2026-09-14T04:36:08.430484
DOCN,SHORT,CONVICTION,72.0,BEAR_REJECTION_PENDING,119.21,123.32,110.88,106.91,24,2.03,HOSTILE,119.14,LIMIT,20,MINOR,2026-09-14,2026-09-14T04:36:22.958114
TARS,SHORT,CONVICTION,72.0,BEAR_REJECTION_PENDING,79.17,80.9,74.63,74.49,57,2.62,HOSTILE,79.1,LIMIT,20,COMPRESSION,2026-09-14,2026-09-14T04:37:25.802448
UHS,SHORT,CONVICTION,72.0,BEAR_REJECTION_PENDING,178.0,180.9,157.0,166.45,34,7.24,HOSTILE,175.5,LIMIT,9,CONVICTION,2026-09-14,2026-09-14T04:40:11.857262
ORCU,SHORT,CONVICTION,72.0,BEAR_REJECTION_PENDING,7.62,7.88,6.49,6.49,382,4.32,HOSTILE,7.47,LIMIT,20,COMPRESSION,2026-09-14,2026-09-14T04:40:50.508316
HUT,SHORT,CONVICTION,72.0,BEAR_REJECTION_PENDING,93.65,99.04,80.87,79.81,18,2.37,HOSTILE,93.49,LIMIT,20,CONVICTION,2026-09-14,2026-09-14T04:41:45.442911
SEDG,SHORT,CONVICTION,72.0,BEAR_REJECTION_PENDING,33.71,35.05,30.04,29.51,74,2.75,HOSTILE,33.5,LIMIT,18,COMPRESSION,2026-09-14,2026-09-14T04:44:38.898625
FNV,SHORT,CONVICTION,72.0,BEAR_REJECTION_PENDING,267.82,278.28,242.8,238.53,9,2.39,HOSTILE,266.75,LIMIT,3,VACUUM,2026-09-14,2026-09-14T04:44:58.013650
SIL,SHORT,CONVICTION,72.0,BEAR_REJECTION_PENDING,94.87,96.35,90.1,88.22,67,3.22,HOSTILE,94.5,LIMIT,20,VACUUM,2026-09-14,2026-09-14T04:47:07.504168
BOX,SHORT,CONVICTION,72.0,BEAR_REJECTION_PENDING,34.32,35.01,32.08,32.12,145,3.27,HOSTILE,34.07,LIMIT,20,COMPRESSION,2026-09-14,2026-09-14T04:48:59.860115
EWY,SHORT,CONVICTION,72.0,BEAR_REJECTION_PENDING,181.2,190.11,167.13,159.67,11,1.58,HOSTILE,180.99,LIMIT,20,CONVICTION,2026-09-14,2026-09-14T04:50:59.457076
NXPI,SHORT,CONVICTION,72.0,BEAR_REJECTION_PENDING,230.29,238.18,196.41,204.27,12,4.29,HOSTILE,230.0,LIMIT,20,CONVICTION,2026-09-14,2026-09-14T04:52:02.777728
JBL,SHORT,CONVICTION,72.0,BEAR_REJECTION_PENDING,316.15,322.07,270.76,266.56,16,7.66,HOSTILE,310.1,LIMIT,14,CONVICTION,2026-09-14,2026-09-14T04:52:22.575763
DKS,SHORT,CONVICTION,71.7,BEAR_REJECTION_PENDING,137.89,141.42,127.75,127.75,28,2.87,HOSTILE,135.1851,LIMIT,20,COMPRESSION,2026-09-14,2026-09-14T04:34:18.894727
NASA,SHORT,CONVICTION,71.7,BEAR_REJECTION_PENDING,23.22,24.76,20.58,,64,1.7,HOSTILE,22.76,LIMIT,20,COMPRESSION,2026-09-14,2026-09-14T04:34:56.799854
EXEL,SHORT,CONVICTION,71.7,BEAR_REJECTION_PENDING,56.76,57.72,53.46,51.25,104,3.45,HOSTILE,56.12,LIMIT,19,COMPRESSION,2026-09-14,2026-09-14T04:46:51.525586
BHF,SHORT,CONVICTION,71.7,BEAR_REJECTION_PENDING,51.11,55.52,48.56,,22,0.58,HOSTILE,50.11,LIMIT,20,COMPRESSION,2026-09-14,2026-09-14T04:48:06.792926
SPAX,SHORT,CONVICTION,71.6,BEAR_REJECTION_PENDING,10.01,10.37,8.68,8.6,276,3.69,HOSTILE,9.97,LIMIT,20,COMPRESSION,2026-09-14,2026-09-14T04:35:25.188326
GNRC,SHORT,CONVICTION,71.6,BEAR_REJECTION_PENDING,182.45,187.83,173.33,,18,1.69,HOSTILE,182.37,LIMIT,20,CONVICTION,2026-09-14,2026-09-14T04:38:11.507368
XENE,SHORT,CONVICTION,71.6,BEAR_REJECTION_PENDING,58.95,60.05,55.23,52.14,91,3.39,HOSTILE,58.75,LIMIT,20,COMPRESSION,2026-09-14,2026-09-14T04:43:28.107871
UXRP,SHORT,CONVICTION,71.6,BEAR_REJECTION_PENDING,15.7,16.24,14.45,14.45,183,2.3,HOSTILE,15.61,LIMIT,20,MINOR,2026-09-14,2026-09-14T04:46:17.349423
WHD,SHORT,CONVICTION,71.5,BEAR_REJECTION_PENDING,70.93,72.0,62.5,59.51,93,7.9,HOSTILE,69.54,LIMIT,18,COMPRESSION,2026-09-14,2026-09-14T04:37:34.328152
SPSC,SHORT,CONVICTION,71.4,BEAR_REJECTION_PENDING,85.42,88.14,71.7,72.34,36,5.06,HOSTILE,83.75,LIMIT,3,COMPRESSION,2026-09-14,2026-09-14T04:40:07.773261
T,SHORT,CONVICTION,71.3,BEAR_REJECTION_PENDING,26.52,26.97,25.77,24.9,217,1.62,HOSTILE,26.22,LIMIT,9,COMPRESSION,2026-09-14,2026-09-14T04:27:36.111144
GAP,SHORT,CONVICTION,71.3,BEAR_REJECTION_PENDING,21.93,22.53,20.59,19.19,167,2.25,HOSTILE,21.5,LIMIT,20,COMPRESSION,2026-09-14,2026-09-14T04:36:31.413786
BRUN,SHORT,CONVICTION,71.3,BEAR_REJECTION_PENDING,16.19,16.71,15.38,,191,1.55,HOSTILE,15.88,LIMIT,20,COMPRESSION,2026-09-14,2026-09-14T04:39:07.584994
WMS,SHORT,CONVICTION,71.3,BEAR_REJECTION_PENDING,130.22,132.44,125.1,,45,2.31,HOSTILE,127.88,LIMIT,20,CONVICTION,2026-09-14,2026-09-14T04:41:15.336345
UNG,SHORT,CONVICTION,71.3,BEAR_REJECTION_PENDING,10.6,10.88,10.12,9.7,351,1.71,HOSTILE,10.44,LIMIT,20,COMPRESSION,2026-09-14,2026-09-14T04:47:10.341176
COTY,SHORT,CONVICTION,71.2,BEAR_REJECTION_PENDING,2.72,2.77,2.42,2.52,1858,5.58,HOSTILE,2.7,LIMIT,20,MINOR,2026-09-14,2026-09-14T04:27:08.633534
SPCX,SHORT,CONVICTION,71.1,BEAR_REJECTION_PENDING,148.5,150.91,136.94,136.05,41,4.8,HOSTILE,147.9932,LIMIT,18,CONVICTION,2026-09-14,2026-09-14T04:25:40.204813
OOMA,SHORT,CONVICTION,71.1,BEAR_REJECTION_PENDING,23.21,23.65,22.5,22.06,228,1.62,HOSTILE,23.0,LIMIT,12,COMPRESSION,2026-09-14,2026-09-14T04:25:45.711820
ALNY,SHORT,CONVICTION,71.1,BEAR_REJECTION_PENDING,255.0,259.97,242.4,241.4,20,2.54,HOSTILE,250.0,LIMIT,16,CONVICTION,2026-09-14,2026-09-14T04:45:30.299781
AMIX,SHORT,CONVICTION,71.1,BEAR_REJECTION_PENDING,4.43,4.7,4.21,,369,0.82,HOSTILE,4.34,LIMIT,20,MINOR,2026-09-14,2026-09-14T04:46:42.702032
DIS,SHORT,CONVICTION,71.0,BEAR_REJECTION_PENDING,107.78,108.64,97.62,102.09,116,11.81,HOSTILE,106.72,LIMIT,20,COMPRESSION,2026-09-14,2026-09-14T04:28:59.447341
CNK,SHORT,CONVICTION,71.0,CHANNEL_GAP_BREAKDOWN_SHORT,35.08,35.13,31.39,33.99,2034,75.08,HOSTILE,35.08,LIMIT,20,COMPRESSION,2026-09-14,2026-09-14T04:46:23.795444
BLTE,SHORT,CONVICTION,71.0,BEAR_REJECTION_PENDING,173.12,175.74,150.63,161.25,38,8.58,HOSTILE,172.98,LIMIT,20,CONVICTION,2026-09-14,2026-09-14T04:50:57.700073
ALKT,SHORT,CONVICTION,70.9,BEAR_REJECTION_PENDING,21.03,21.3,19.98,20.07,376,3.95,HOSTILE,21.0012,LIMIT,10,COMPRESSION,2026-09-14,2026-09-14T04:52:14.011758
ASTX,SHORT,CONVICTION,70.8,BEAR_REJECTION_PENDING,9.63,10.19,8.68,,177,1.7,HOSTILE,9.44,LIMIT,20,COMPRESSION,2026-09-14,2026-09-14T04:33:57.254700
OLLI,SHORT,CONVICTION,70.8,BEAR_REJECTION_PENDING,75.11,77.12,67.08,66.41,49,4.01,HOSTILE,73.64,LIMIT,20,COMPRESSION,2026-09-14,2026-09-14T04:35:09.954871
GDDY,SHORT,CONVICTION,70.8,BEAR_REJECTION_PENDING,100.0,101.16,96.93,94.83,85,2.64,HOSTILE,99.48,LIMIT,20,COMPRESSION,2026-09-14,2026-09-14T04:39:28.019548
ARCT,SHORT,CONVICTION,70.7,BEAR_REJECTION_PENDING,15.02,15.93,12.96,,109,2.27,HOSTILE,14.73,LIMIT,20,COMPRESSION,2026-09-14,2026-09-14T04:25:23.436263
BSY,SHORT,CONVICTION,70.7,BEAR_REJECTION_PENDING,31.71,33.88,30.13,,46,0.73,HOSTILE,31.09,LIMIT,20,COMPRESSION,2026-09-14,2026-09-14T04:37:55.119348
BABX,SHORT,CONVICTION,70.7,BEAR_REJECTION_PENDING,16.52,17.01,14.28,14.28,202,4.53,HOSTILE,16.5,LIMIT,20,COMPRESSION,2026-09-14,2026-09-14T04:44:53.599646
XNCR,SHORT,CONVICTION,70.6,BEAR_REJECTION_PENDING,25.12,25.6,21.75,22.13,206,6.95,HOSTILE,24.78,LIMIT,20,COMPRESSION,2026-09-14,2026-09-14T04:25:17.111730
SDRL,SHORT,CONVICTION,70.6,BEAR_REJECTION_PENDING,48.86,56.67,46.42,,12,0.31,HOSTILE,47.9,LIMIT,17,MINOR,2026-09-14,2026-09-14T04:48:23.359965
NIQ,SHORT,CONVICTION,70.5,BEAR_REJECTION_PENDING,17.84,18.2,17.11,16.82,277,2.02,HOSTILE,17.8,LIMIT,20,COMPRESSION,2026-09-14,2026-09-14T04:38:24.739404
ISRG,SHORT,CONVICTION,70.4,BEAR_REJECTION_PENDING,374.03,377.35,363.56,344.0,30,3.15,HOSTILE,369.5,LIMIT,20,CONVICTION,2026-09-14,2026-09-14T04:29:42.733552
RELY,SHORT,CONVICTION,70.4,BEAR_REJECTION_PENDING,22.54,24.2,19.34,,60,1.93,HOSTILE,22.1,LIMIT,20,COMPRESSION,2026-09-14,2026-09-14T04:39:57.201243
IMNM,SHORT,CONVICTION,70.4,BEAR_REJECTION_PENDING,25.16,26.25,23.36,21.6,91,1.66,HOSTILE,24.67,LIMIT,20,COMPRESSION,2026-09-14,2026-09-14T04:44:19.256060
ZURA,SHORT,CONVICTION,70.4,BEAR_REJECTION_PENDING,5.43,5.59,5.11,,633,2.06,HOSTILE,5.4228,LIMIT,20,MINOR,2026-09-14,2026-09-14T04:46:37.982489
MIR,SHORT,CONVICTION,70.4,BEAR_REJECTION_PENDING,16.19,16.7,15.26,14.27,193,1.8,HOSTILE,15.87,LIMIT,20,COMPRESSION,2026-09-14,2026-09-14T04:49:05.113127
GWRE,SHORT,CONVICTION,70.3,BEAR_REJECTION_PENDING,145.35,148.67,124.29,126.02,30,6.33,HOSTILE,144.25,LIMIT,20,CONVICTION,2026-09-14,2026-09-14T04:34:37.272757
NTLA,SHORT,CONVICTION,70.3,BEAR_REJECTION_PENDING,11.93,12.27,11.01,10.43,293,2.7,HOSTILE,11.79,LIMIT,20,COMPRESSION,2026-09-14,2026-09-14T04:44:33.067619
MGNI,SHORT,CONVICTION,70.3,BEAR_REJECTION_PENDING,23.91,24.26,23.0,22.05,285,2.6,HOSTILE,23.77,LIMIT,19,COMPRESSION,2026-09-14,2026-09-14T04:49:50.084814
ASH,SHORT,CONVICTION,70.2,BEAR_REJECTION_PENDING,72.42,74.22,67.0,65.89,55,3.01,HOSTILE,71.0,LIMIT,20,COMPRESSION,2026-09-14,2026-09-14T04:33:54.902698
BCO,SHORT,CONVICTION,70.2,BEAR_REJECTION_PENDING,113.56,114.84,110.54,109.21,78,2.36,HOSTILE,112.49,LIMIT,13,COMPRESSION,2026-09-14,2026-09-14T04:37:51.486343
HLI,SHORT,CONVICTION,70.2,BEAR_REJECTION_PENDING,139.34,143.06,129.78,127.73,26,2.57,HOSTILE,136.61,LIMIT,20,CONVICTION,2026-09-14,2026-09-14T04:40:35.306293
MGA,SHORT,CONVICTION,70.2,BEAR_REJECTION_PENDING,66.8,68.19,58.57,56.63,72,5.93,HOSTILE,66.18,LIMIT,20,COMPRESSION,2026-09-14,2026-09-14T04:49:50.054813
COLD,SHORT,CONVICTION,70.2,BEAR_REJECTION_PENDING,14.83,15.18,14.3,13.1,290,1.54,HOSTILE,14.54,LIMIT,20,COMPRESSION,2026-09-14,2026-09-14T04:51:58.263720
SDOT,SHORT,CONVICTION,70.1,BEAR_REJECTION_PENDING,12.39,13.38,11.77,,100,0.63,HOSTILE,12.15,LIMIT,20,MINOR,2026-09-14,2026-09-14T04:45:53.012816
FIVN,SHORT,CONVICTION,70.0,BEAR_REJECTION_PENDING,31.62,33.62,28.27,,50,1.68,HOSTILE,31.0,LIMIT,20,COMPRESSION,2026-09-14,2026-09-14T04:25:19.717730
KO,SHORT,CONVICTION,70.0,BEAR_REJECTION_PENDING,89.41,90.53,83.08,76.71,88,5.62,HOSTILE,89.38,LIMIT,5,COMPRESSION,2026-09-14,2026-09-14T04:27:35.236145
MAIN,SHORT,CONVICTION,70.0,BEAR_REJECTION_PENDING,57.57,59.62,52.48,51.89,48,2.49,HOSTILE,56.44,LIMIT,20,COMPRESSION,2026-09-14,2026-09-14T04:34:49.526308
TFX,SHORT,CONVICTION,69.9,BEAR_REJECTION_PENDING,131.87,133.14,120.26,127.75,78,9.16,HOSTILE,130.99,LIMIT,20,CONVICTION,2026-09-14,2026-09-14T04:45:53.604813
JAN,SHORT,CONVICTION,69.9,BEAR_REJECTION_PENDING,31.43,32.21,27.52,29.48,128,5.01,HOSTILE,30.92,LIMIT,10,MINOR,2026-09-14,2026-09-14T04:49:22.447166
KDP,SHORT,CONVICTION,69.8,BEAR_REJECTION_PENDING,32.04,32.67,31.03,30.06,158,1.6,HOSTILE,31.41,LIMIT,20,CONVICTION,2026-09-14,2026-09-14T04:27:42.844153
DLTR,SHORT,CONVICTION,69.8,BEAR_REJECTION_PENDING,119.6,121.25,115.24,111.01,60,2.65,HOSTILE,118.01,LIMIT,20,COMPRESSION,2026-09-14,2026-09-14T04:46:26.528454
STUB,SHORT,CONVICTION,69.7,BEAR_REJECTION_PENDING,6.12,6.21,5.89,5.89,1167,2.63,HOSTILE,6.03,LIMIT,20,COMPRESSION,2026-09-14,2026-09-14T04:32:13.043842
MDLN,SHORT,CONVICTION,69.6,BEAR_REJECTION_PENDING,32.73,33.16,31.09,,229,3.76,HOSTILE,32.2148,LIMIT,20,COMPRESSION,2026-09-14,2026-09-14T04:32:34.360869
OSS,SHORT,CONVICTION,69.6,BEAR_REJECTION_PENDING,8.88,9.21,7.6,7.63,305,3.91,HOSTILE,8.75,LIMIT,20,COMPRESSION,2026-09-14,2026-09-14T04:32:50.342424
HTZ,SHORT,CONVICTION,69.5,BEAR_REJECTION_PENDING,2.07,2.2,1.82,,759,1.9,HOSTILE,2.0296,LIMIT,20,MINOR,2026-09-14,2026-09-14T04:28:28.636298
DAR,SHORT,CONVICTION,69.5,BEAR_REJECTION_PENDING,65.83,66.7,56.62,56.62,114,10.56,HOSTILE,65.03,LIMIT,20,MINOR,2026-09-14,2026-09-14T04:48:42.286010
OI,SHORT,CONVICTION,69.4,BEAR_REJECTION_PENDING,6.61,6.87,6.28,,389,1.29,HOSTILE,6.48,LIMIT,20,COMPRESSION,2026-09-14,2026-09-14T04:30:17.208600
CRC,SHORT,CONVICTION,69.4,BEAR_REJECTION_PENDING,57.0,58.9,53.16,49.59,52,2.02,HOSTILE,56.75,LIMIT,14,MINOR,2026-09-14,2026-09-14T04:36:14.526899
LYB,SHORT,CONVICTION,69.4,BEAR_REJECTION_PENDING,63.74,64.62,57.68,59.14,113,6.87,HOSTILE,63.69,LIMIT,20,MINOR,2026-09-14,2026-09-14T04:36:46.349618
NVDU,SHORT,CONVICTION,69.4,BEAR_REJECTION_PENDING,128.71,131.53,113.95,115.0,35,5.23,HOSTILE,128.01,LIMIT,20,CONVICTION,2026-09-14,2026-09-14T04:39:50.348236
HDB,SHORT,CONVICTION,69.4,BEAR_REJECTION_PENDING,23.52,23.77,22.4,21.84,402,4.51,HOSTILE,23.46,LIMIT,20,CONVICTION,2026-09-14,2026-09-14T04:52:22.141760
DIOD,SHORT,CONVICTION,69.3,BEAR_REJECTION_PENDING,96.91,104.52,83.08,,13,1.82,HOSTILE,95.01,LIMIT,20,COMPRESSION,2026-09-14,2026-09-14T04:34:17.611727
EFOR,SHORT,CONVICTION,69.2,BEAR_REJECTION_PENDING,32.01,33.1,29.11,29.11,91,2.65,HOSTILE,31.93,LIMIT,7,MINOR,2026-09-14,2026-09-14T04:25:44.638830
TFC,SHORT,CONVICTION,69.1,BEAR_REJECTION_PENDING,50.83,51.69,43.11,45.36,116,9.01,HOSTILE,50.5,LIMIT,20,MINOR,2026-09-14,2026-09-14T04:28:00.988263
CRCL,SHORT,CONVICTION,69.0,BEAR_REJECTION_PENDING,93.16,102.29,79.25,,10,1.52,HOSTILE,91.33,LIMIT,19,CONVICTION,2026-09-14,2026-09-14T04:25:54.874365
PYPL,SHORT,CONVICTION,69.0,BEAR_REJECTION_PENDING,54.36,55.23,46.9,46.9,114,8.53,HOSTILE,53.84,LIMIT,20,COMPRESSION,2026-09-14,2026-09-14T04:29:22.586916
BXSL,SHORT,CONVICTION,69.0,BEAR_REJECTION_PENDING,24.86,25.25,23.16,23.58,259,4.41,HOSTILE,24.47,LIMIT,20,COMPRESSION,2026-09-14,2026-09-14T04:34:03.439708
AMRX,SHORT,CONVICTION,69.0,BEAR_REJECTION_PENDING,17.03,17.26,15.47,14.72,426,6.65,HOSTILE,17.01,LIMIT,20,COMPRESSION,2026-09-14,2026-09-14T04:38:58.748983
BLSH,SHORT,CONVICTION,69.0,BEAR_REJECTION_PENDING,35.8,36.39,32.91,33.89,169,4.91,HOSTILE,35.27,LIMIT,13,CONVICTION,2026-09-14,2026-09-14T04:40:24.172279
WING,SHORT,CONVICTION,68.9,BEAR_REJECTION_PENDING,119.44,122.43,113.75,112.63,33,1.9,HOSTILE,117.1,LIMIT,20,MINOR,2026-09-14,2026-09-14T04:42:18.048037
NVTS,SHORT,CONVICTION,68.8,BEAR_REJECTION_PENDING,11.06,11.66,9.54,9.43,167,2.55,HOSTILE,10.9551,LIMIT,20,COMPRESSION,2026-09-14,2026-09-14T04:31:25.415774
OVV,SHORT,CONVICTION,68.8,BEAR_REJECTION_PENDING,65.5,66.24,56.6,63.02,135,12.03,HOSTILE,64.55,LIMIT,13,COMPRESSION,2026-09-14,2026-09-14T04:37:11.021311
BHC,SHORT,CONVICTION,68.8,BEAR_REJECTION_PENDING,6.02,6.2,5.46,5.56,558,3.12,HOSTILE,5.9,LIMIT,20,COMPRESSION,2026-09-14,2026-09-14T04:49:32.344719
MRX,SHORT,CONVICTION,68.6,BEAR_REJECTION_PENDING,74.46,76.1,62.6,64.82,61,7.24,HOSTILE,73.0,LIMIT,20,MINOR,2026-09-14,2026-09-14T04:39:46.624230
MEDP,SHORT,CONVICTION,68.5,BEAR_REJECTION_PENDING,589.87,593.87,517.87,512.04,25,18.01,HOSTILE,589.5,LIMIT,20,CONVICTION,2026-09-14,2026-09-14T04:42:46.916152
AMLX,SHORT,CONVICTION,68.5,BEAR_REJECTION_PENDING,32.25,34.27,29.0,27.15,49,1.61,HOSTILE,31.62,LIMIT,20,COMPRESSION,2026-09-14,2026-09-14T04:43:02.563172
HODU,SHORT,CONVICTION,68.5,BEAR_REJECTION_PENDING,13.51,13.97,12.43,11.75,217,2.35,HOSTILE,13.2909,LIMIT,20,MINOR,2026-09-14,2026-09-14T04:50:14.426864
SITE,SHORT,CONVICTION,68.5,BEAR_REJECTION_PENDING,93.88,94.7,89.18,,121,5.71,HOSTILE,92.82,LIMIT,20,CONVICTION,2026-09-14,2026-09-14T04:51:09.295096
CEVA,SHORT,CONVICTION,68.4,BEAR_REJECTION_PENDING,28.11,29.16,25.5,24.84,95,2.5,HOSTILE,27.82,LIMIT,20,COMPRESSION,2026-09-14,2026-09-14T04:34:08.254714
TSLQ,SHORT,CONVICTION,68.4,BEAR_REJECTION_PENDING,19.36,19.82,18.6,17.12,216,1.65,HOSTILE,19.09,LIMIT,20,COMPRESSION,2026-09-14,2026-09-14T04:40:10.375259
HRMY,SHORT,CONVICTION,68.4,BEAR_REJECTION_PENDING,42.01,42.39,35.79,39.66,263,16.37,HOSTILE,41.52,LIMIT,8,COMPRESSION,2026-09-14,2026-09-14T04:49:46.498282
SMU,SHORT,CONVICTION,68.4,BEAR_REJECTION_PENDING,4.79,5.1,4.55,,319,0.76,HOSTILE,4.73,LIMIT,20,MINOR,2026-09-14,2026-09-14T04:51:18.420111
MMED,SHORT,CONVICTION,68.3,BEAR_REJECTION_PENDING,22.95,23.67,20.4,19.51,139,3.55,HOSTILE,22.5,LIMIT,10,MINOR,2026-09-14,2026-09-14T04:25:12.736188
CVSA,SHORT,CONVICTION,68.3,BEAR_REJECTION_PENDING,125.28,127.14,116.81,115.66,53,4.53,HOSTILE,125.09,LIMIT,20,CONVICTION,2026-09-14,2026-09-14T04:34:16.251724
HMY,SHORT,CONVICTION,68.3,BEAR_REJECTION_PENDING,19.99,20.68,18.08,17.5,145,2.78,HOSTILE,19.97,LIMIT,20,COMPRESSION,2026-09-14,2026-09-14T04:45:03.112657
FSLY,SHORT,CONVICTION,68.2,BEAR_REJECTION_PENDING,23.71,25.07,21.5,,73,1.63,HOSTILE,23.25,LIMIT,11,COMPRESSION,2026-09-14,2026-09-14T04:36:27.491441
LASR,SHORT,CONVICTION,68.2,BEAR_REJECTION_PENDING,38.74,39.39,36.28,35.5,152,3.76,HOSTILE,38.68,LIMIT,20,MINOR,2026-09-14,2026-09-14T04:39:41.678158
HAE,SHORT,CONVICTION,68.1,BEAR_REJECTION_PENDING,103.04,104.21,98.54,90.7,85,3.85,HOSTILE,102.94,LIMIT,20,COMPRESSION,2026-09-14,2026-09-14T04:39:30.754553
ROBN,SHORT,CONVICTION,68.1,BEAR_REJECTION_PENDING,32.31,33.46,29.55,28.81,86,2.39,HOSTILE,32.22,LIMIT,20,COMPRESSION,2026-09-14,2026-09-14T04:45:51.990815
ACHV,SHORT,CONVICTION,68.0,BEAR_REJECTION_PENDING,7.06,7.18,6.66,6.47,835,3.34,HOSTILE,7.0,LIMIT,20,COMPRESSION,2026-09-14,2026-09-14T04:24:59.357170
ANF,SHORT,CONVICTION,68.0,BEAR_REJECTION_PENDING,150.25,152.99,131.37,132.0,36,6.89,HOSTILE,148.7806,LIMIT,20,MINOR,2026-09-14,2026-09-14T04:25:08.277182
VIRT,SHORT,CONVICTION,68.0,BEAR_REJECTION_PENDING,63.24,64.75,52.98,52.98,66,6.79,HOSTILE,62.0,LIMIT,20,COMPRESSION,2026-09-14,2026-09-14T04:25:36.588280
TSAT,SHORT,CONVICTION,68.0,BEAR_REJECTION_PENDING,50.74,52.34,48.23,44.0,62,1.58,HOSTILE,49.75,LIMIT,7,COMPRESSION,2026-09-14,2026-09-14T04:26:06.151908
DX,SHORT,CONVICTION,68.0,BEAR_REJECTION_PENDING,12.78,13.01,12.14,11.56,427,2.74,HOSTILE,12.53,LIMIT,20,COMPRESSION,2026-09-14,2026-09-14T04:26:43.012490
LCID,SHORT,CONVICTION,68.0,BEAR_REJECTION_PENDING,4.2,4.3,3.99,,969,2.04,HOSTILE,4.18,LIMIT,20,COMPRESSION,2026-09-14,2026-09-14T04:26:53.395503
RR,SHORT,CONVICTION,68.0,BEAR_REJECTION_PENDING,1.63,1.67,1.54,1.46,2431,2.19,HOSTILE,1.62,LIMIT,20,MINOR,2026-09-14,2026-09-14T04:26:59.115511
OPEN,SHORT,CONVICTION,68.0,BEAR_REJECTION_PENDING,2.76,2.8,2.62,,2316,3.2,HOSTILE,2.74,LIMIT,20,COMPRESSION,2026-09-14,2026-09-14T04:27:17.421535
BYND,SHORT,CONVICTION,68.0,BEAR_REJECTION_PENDING,10.15,10.36,9.64,,466,2.37,HOSTILE,10.14,LIMIT,20,MINOR,2026-09-14,2026-09-14T04:27:22.402542
AAPL,SHORT,CONVICTION,68.0,BEAR_REJECTION_PENDING,331.46,334.21,311.47,316.67,36,7.28,HOSTILE,331.11,LIMIT,13,CONVICTION,2026-09-14,2026-09-14T04:29:31.619532
DBRG,SHORT,CONVICTION,68.0,BEAR_REJECTION_PENDING,15.91,15.99,15.28,15.26,1182,7.51,HOSTILE,15.9,LIMIT,12,COMPRESSION,2026-09-14,2026-09-14T04:29:40.701546
SOUN,SHORT,CONVICTION,68.0,BEAR_REJECTION_PENDING,6.21,6.3,5.64,,1143,6.52,HOSTILE,6.2,LIMIT,20,COMPRESSION,2026-09-14,2026-09-14T04:30:32.743627
VBIO,SHORT,CONVICTION,68.0,BEAR_REJECTION_PENDING,2.28,2.46,2.17,,566,0.65,HOSTILE,2.25,LIMIT,20,MINOR,2026-09-14,2026-09-14T04:30:51.321187
WYFI,SHORT,CONVICTION,68.0,BEAR_REJECTION_PENDING,18.27,19.28,16.67,15.57,99,1.6,HOSTILE,18.25,LIMIT,18,COMPRESSION,2026-09-14,2026-09-14T04:31:21.110768
TREX,SHORT,CONVICTION,68.0,BEAR_REJECTION_PENDING,45.2,46.02,39.43,40.24,122,7.05,HOSTILE,44.95,LIMIT,20,COMPRESSION,2026-09-14,2026-09-14T04:32:03.473827
DVLT,SHORT,CONVICTION,68.0,BEAR_REJECTION_PENDING,0.19,0.2,0.18,,13774,1.34,HOSTILE,0.1937,LIMIT,12,MINOR,2026-09-14,2026-09-14T04:32:08.814835
MAT,SHORT,CONVICTION,68.0,BEAR_REJECTION_PENDING,14.15,14.36,13.47,13.47,472,3.22,HOSTILE,14.0,LIMIT,20,COMPRESSION,2026-09-14,2026-09-14T04:32:17.851846
RARE,SHORT,CONVICTION,68.0,BEAR_REJECTION_PENDING,14.25,14.78,13.54,,187,1.34,HOSTILE,14.24,LIMIT,20,COMPRESSION,2026-09-14,2026-09-14T04:33:07.630502
ALHC,SHORT,CONVICTION,68.0,BEAR_REJECTION_PENDING,12.8,13.06,12.1,11.32,377,2.64,HOSTILE,12.59,LIMIT,20,COMPRESSION,2026-09-14,2026-09-14T04:33:51.037696
KRMN,SHORT,CONVICTION,68.0,BEAR_REJECTION_PENDING,35.43,36.2,31.65,31.65,129,4.88,HOSTILE,35.38,LIMIT,20,COMPRESSION,2026-09-14,2026-09-14T04:34:46.469303
NBIZ,SHORT,CONVICTION,68.0,BEAR_REJECTION_PENDING,6.82,7.07,6.05,6.05,398,3.07,HOSTILE,6.8,LIMIT,20,COMPRESSION,2026-09-14,2026-09-14T04:34:57.187856
VOYG,SHORT,CONVICTION,68.0,BEAR_REJECTION_PENDING,33.38,34.82,29.2,28.45,69,2.9,HOSTILE,33.0,LIMIT,20,COMPRESSION,2026-09-14,2026-09-14T04:35:39.630464
STKH,SHORT,CONVICTION,68.0,BEAR_REJECTION_PENDING,2.38,2.47,2.04,2.04,1020,3.43,HOSTILE,2.33,LIMIT,20,MINOR,2026-09-14,2026-09-14T04:37:23.304120
CHTR,SHORT,CONVICTION,68.0,BEAR_REJECTION_PENDING,147.75,150.08,142.03,133.58,42,2.45,HOSTILE,146.34,LIMIT,14,COMPRESSION,2026-09-14,2026-09-14T04:37:57.880351
RPD,SHORT,CONVICTION,68.0,BEAR_REJECTION_PENDING,10.51,10.75,9.98,9.74,414,2.2,HOSTILE,10.41,LIMIT,20,COMPRESSION,2026-09-14,2026-09-14T04:38:34.297423
CLS,SHORT,CONVICTION,68.0,BEAR_REJECTION_PENDING,327.01,332.17,318.37,299.71,19,1.67,HOSTILE,327.0,LIMIT,11,VACUUM,2026-09-14,2026-09-14T04:39:14.233532
BL,SHORT,CONVICTION,68.0,BEAR_REJECTION_PENDING,28.9,29.34,26.88,27.87,224,4.54,HOSTILE,28.85,LIMIT,20,COMPRESSION,2026-09-14,2026-09-14T04:40:21.958274
RNG,SHORT,CONVICTION,68.0,BEAR_REJECTION_PENDING,70.51,72.75,65.54,60.59,44,2.22,HOSTILE,69.13,LIMIT,20,VACUUM,2026-09-14,2026-09-14T04:41:00.987326
XYZ,SHORT,CONVICTION,68.0,BEAR_REJECTION_PENDING,80.2,81.05,72.09,72.09,117,9.55,HOSTILE,78.77,LIMIT,20,COMPRESSION,2026-09-14,2026-09-14T04:41:18.583354
YSS,SHORT,CONVICTION,68.0,BEAR_REJECTION_PENDING,7.89,8.07,7.57,,555,1.78,HOSTILE,7.79,LIMIT,20,COMPRESSION,2026-09-14,2026-09-14T04:41:19.382349
CRS,SHORT,CONVICTION,68.0,BEAR_REJECTION_PENDING,447.94,452.99,380.69,413.02,19,13.31,HOSTILE,439.16,LIMIT,20,CONVICTION,2026-09-14,2026-09-14T04:41:37.419899
INOD,SHORT,CONVICTION,68.0,BEAR_REJECTION_PENDING,52.74,53.75,44.4,,99,8.28,HOSTILE,52.15,LIMIT,20,COMPRESSION,2026-09-14,2026-09-14T04:41:46.506914
NRG,SHORT,CONVICTION,68.0,BEAR_REJECTION_PENDING,112.25,113.56,102.04,,76,7.76,HOSTILE,112.16,LIMIT,20,CONVICTION,2026-09-14,2026-09-14T04:41:59.723927
NUVB,SHORT,CONVICTION,68.0,BEAR_REJECTION_PENDING,6.06,6.15,5.87,5.16,1062,2.02,HOSTILE,6.0,LIMIT,20,COMPRESSION,2026-09-14,2026-09-14T04:42:00.980929
POWL,SHORT,CONVICTION,68.0,BEAR_REJECTION_PENDING,176.4,178.59,155.28,169.62,45,9.66,HOSTILE,176.01,LIMIT,20,CONVICTION,2026-09-14,2026-09-14T04:42:03.868935
CORD,SHORT,CONVICTION,68.0,BEAR_REJECTION_PENDING,3.28,3.4,3.09,2.88,864,1.64,HOSTILE,3.261,LIMIT,20,COMPRESSION,2026-09-14,2026-09-14T04:43:07.022238
SYRE,SHORT,CONVICTION,68.0,BEAR_REJECTION_PENDING,90.79,92.51,81.57,81.57,58,5.36,HOSTILE,90.15,LIMIT,20,CONVICTION,2026-09-14,2026-09-14T04:43:26.174867
TKO,SHORT,CONVICTION,68.0,BEAR_REJECTION_PENDING,190.53,192.13,164.21,178.32,62,16.41,HOSTILE,190.31,LIMIT,20,CONVICTION,2026-09-14,2026-09-14T04:44:43.037631
GOF,SHORT,CONVICTION,68.0,BEAR_REJECTION_PENDING,9.32,9.42,9.12,,1002,2.01,HOSTILE,9.19,LIMIT,20,COMPRESSION,2026-09-14,2026-09-14T04:45:43.259801
KRYS,SHORT,CONVICTION,68.0,BEAR_REJECTION_PENDING,348.86,352.28,339.61,339.61,29,2.7,HOSTILE,347.0,LIMIT,20,CONVICTION,2026-09-14,2026-09-14T04:46:56.969137
LNG,SHORT,CONVICTION,68.0,BEAR_REJECTION_PENDING,283.5,286.41,273.43,242.71,34,3.45,HOSTILE,281.99,LIMIT,20,MINOR,2026-09-14,2026-09-14T04:47:30.058828
AAPU,SHORT,CONVICTION,68.0,BEAR_REJECTION_PENDING,44.19,44.78,43.22,40.5,168,1.63,HOSTILE,43.86,LIMIT,20,CONVICTION,2026-09-14,2026-09-14T04:49:13.214144
STNE,SHORT,CONVICTION,68.0,BEAR_REJECTION_PENDING,10.26,10.55,8.62,8.64,343,5.63,HOSTILE,10.06,LIMIT,18,MINOR,2026-09-14,2026-09-14T04:50:00.644838
SYM,SHORT,CONVICTION,68.0,BEAR_REJECTION_PENDING,41.47,42.51,37.66,37.66,96,3.66,HOSTILE,41.37,LIMIT,20,MINOR,2026-09-14,2026-09-14T04:50:04.309843
CRCA,SHORT,CONVICTION,68.0,BEAR_REJECTION_PENDING,22.8,23.89,20.07,20.09,92,2.52,HOSTILE,22.72,LIMIT,16,MINOR,2026-09-14,2026-09-14T04:50:17.971402
CRCG,SHORT,CONVICTION,68.0,BEAR_REJECTION_PENDING,15.7,16.45,13.54,13.54,132,2.86,HOSTILE,15.39,LIMIT,17,MINOR,2026-09-14,2026-09-14T04:50:20.322408
PSI,SHORT,CONVICTION,68.0,BEAR_REJECTION_PENDING,136.45,142.05,120.16,118.5,17,2.91,HOSTILE,133.77,LIMIT,20,CONVICTION,2026-09-14,2026-09-14T04:51:05.854090
AKAN,SHORT,CONVICTION,68.0,BEAR_REJECTION_PENDING,3.15,3.3,2.99,,652,1.03,HOSTILE,3.09,LIMIT,9,MINOR,2026-09-14,2026-09-14T04:51:16.186108
ERY,SHORT,CONVICTION,68.0,BEAR_REJECTION_PENDING,8.45,8.66,8.03,,469,1.98,HOSTILE,8.38,LIMIT,20,COMPRESSION,2026-09-14,2026-09-14T04:52:00.501725
SHOE,SHORT,CONVICTION,68.0,BEAR_REJECTION_PENDING,12.9,13.17,12.0,12.16,367,3.31,HOSTILE,12.71,LIMIT,20,COMPRESSION,2026-09-14,2026-09-14T04:52:05.448732
BITX,SHORT,CONVICTION,67.9,BEAR_REJECTION_PENDING,17.57,19.55,16.7,,50,0.45,HOSTILE,17.23,LIMIT,18,COMPRESSION,2026-09-14,2026-09-14T04:43:45.533422
ZM,SHORT,CONVICTION,67.9,BEAR_REJECTION_PENDING,98.94,101.34,90.11,91.88,41,3.67,HOSTILE,97.0,LIMIT,20,CONVICTION,2026-09-14,2026-09-14T04:48:28.069976
NKTR,SHORT,CONVICTION,67.9,BEAR_REJECTION_PENDING,71.49,73.69,62.3,60.27,45,4.19,HOSTILE,70.09,LIMIT,20,CONVICTION,2026-09-14,2026-09-14T04:50:38.290970
CART,SHORT,CONVICTION,67.7,BEAR_REJECTION_PENDING,49.7,51.17,44.87,46.22,68,3.29,HOSTILE,48.73,LIMIT,19,COMPRESSION,2026-09-14,2026-09-14T04:46:23.405441
CVLT,SHORT,CONVICTION,67.6,BEAR_REJECTION_PENDING,132.67,136.51,126.14,119.7,26,1.7,HOSTILE,130.07,LIMIT,20,COMPRESSION,2026-09-14,2026-09-14T04:36:18.348846
NDSN,SHORT,CONVICTION,67.5,BEAR_REJECTION_PENDING,316.06,318.38,298.65,296.74,43,7.49,HOSTILE,314.47,LIMIT,20,CONVICTION,2026-09-14,2026-09-14T04:45:08.576223
WSHP,SHORT,CONVICTION,67.5,BEAR_REJECTION_PENDING,5.35,5.53,5.08,4.85,556,1.5,HOSTILE,5.25,LIMIT,9,MINOR,2026-09-14,2026-09-14T04:47:52.001887
BKV,SHORT,CONVICTION,67.5,BEAR_REJECTION_PENDING,24.69,25.12,22.97,23.7,234,4.05,HOSTILE,24.21,LIMIT,13,CONVICTION,2026-09-14,2026-09-14T04:51:57.396718
CELH,SHORT,CONVICTION,67.4,BEAR_REJECTION_PENDING,27.74,29.71,24.09,,50,1.86,HOSTILE,27.2,LIMIT,20,COMPRESSION,2026-09-14,2026-09-14T04:34:05.809712
LEU,SHORT,CONVICTION,67.4,BEAR_REJECTION_PENDING,156.07,166.23,131.45,,9,2.42,HOSTILE,153.01,LIMIT,20,COMPRESSION,2026-09-14,2026-09-14T04:34:49.086312
LRN,SHORT,CONVICTION,67.4,BEAR_REJECTION_PENDING,83.1,85.1,73.63,71.96,49,4.73,HOSTILE,81.47,LIMIT,20,CONVICTION,2026-09-14,2026-09-14T04:40:41.470303
MLYS,SHORT,CONVICTION,67.4,BEAR_REJECTION_PENDING,28.76,30.65,24.94,23.98,52,2.02,HOSTILE,28.2,LIMIT,20,COMPRESSION,2026-09-14,2026-09-14T04:49:51.485820
WFC,SHORT,CONVICTION,67.3,BEAR_REJECTION_PENDING,92.12,96.43,76.91,79.97,23,3.53,HOSTILE,90.31,LIMIT,5,COMPRESSION,2026-09-14,2026-09-14T04:27:54.123241
PGY,SHORT,CONVICTION,67.3,BEAR_REJECTION_PENDING,20.42,21.71,17.64,17.45,77,2.16,HOSTILE,20.02,LIMIT,20,COMPRESSION,2026-09-14,2026-09-14T04:33:09.298513
NVD,SHORT,CONVICTION,67.3,BEAR_REJECTION_PENDING,4.28,4.72,3.6,,226,1.55,HOSTILE,4.1985,LIMIT,9,COMPRESSION,2026-09-14,2026-09-14T04:37:05.320141
RAM,SHORT,CONVICTION,67.3,BEAR_REJECTION_PENDING,12.13,13.43,11.52,,76,0.47,HOSTILE,11.89,LIMIT,19,COMPRESSION,2026-09-14,2026-09-14T04:40:58.764323
SSRM,SHORT,CONVICTION,67.2,BEAR_REJECTION_PENDING,35.74,36.78,32.31,31.98,95,3.29,HOSTILE,35.69,LIMIT,20,COMPRESSION,2026-09-14,2026-09-14T04:35:28.288519
INGM,SHORT,CONVICTION,67.1,BEAR_REJECTION_PENDING,28.04,28.52,24.82,26.62,207,6.68,HOSTILE,27.546,LIMIT,14,COMPRESSION,2026-09-14,2026-09-14T04:33:10.225507
FIGR,SHORT,CONVICTION,67.1,BEAR_REJECTION_PENDING,35.09,35.91,32.16,32.16,122,3.58,HOSTILE,35.0,LIMIT,20,MINOR,2026-09-14,2026-09-14T04:39:26.323548
MAIR,SHORT,CONVICTION,67.1,BEAR_REJECTION_PENDING,25.42,26.01,24.15,,169,2.16,HOSTILE,25.27,LIMIT,20,COMPRESSION,2026-09-14,2026-09-14T04:46:39.191492
TOI,SHORT,CONVICTION,67.0,BEAR_REJECTION_PENDING,5.27,5.38,5.09,4.57,879,1.58,HOSTILE,5.185,LIMIT,16,COMPRESSION,2026-09-14,2026-09-14T04:26:30.911475
PANW,SHORT,CONVICTION,67.0,BEAR_REJECTION_PENDING,346.0,363.9,309.83,295.15,5,2.02,HOSTILE,343.36,LIMIT,20,CONVICTION,2026-09-14,2026-09-14T04:29:40.648545
WU,SHORT,CONVICTION,67.0,BEAR_REJECTION_PENDING,7.08,7.73,6.73,,155,0.55,HOSTILE,6.9623,LIMIT,20,COMPRESSION,2026-09-14,2026-09-14T04:41:16.912346
EQH,SHORT,CONVICTION,67.0,BEAR_REJECTION_PENDING,53.87,54.5,46.08,47.0,158,12.34,HOSTILE,53.34,LIMIT,8,COMPRESSION,2026-09-14,2026-09-14T04:49:40.243738
Q,SHORT,CONVICTION,66.8,BEAR_REJECTION_PENDING,126.74,129.52,122.02,113.79,35,1.7,HOSTILE,126.4,LIMIT,20,CONVICTION,2026-09-14,2026-09-14T04:45:12.728230
ADBT,SHORT,CONVICTION,66.8,BEAR_REJECTION_PENDING,0.22,0.23,0.21,,7785,0.85,HOSTILE,0.2148,LIMIT,5,MINOR,2026-09-14,2026-09-14T04:50:45.913514
RAL,SHORT,CONVICTION,66.8,BEAR_REJECTION_PENDING,68.59,72.33,60.0,58.88,26,2.3,HOSTILE,67.25,LIMIT,20,COMPRESSION,2026-09-14,2026-09-14T04:51:49.755706
XOS,SHORT,CONVICTION,66.7,BEAR_REJECTION_PENDING,2.75,2.95,2.62,,513,0.71,HOSTILE,2.7,LIMIT,20,MINOR,2026-09-14,2026-09-14T04:45:24.891778
VERA,SHORT,CONVICTION,66.6,BEAR_REJECTION_PENDING,34.53,35.17,31.29,31.71,155,5.02,HOSTILE,34.5,LIMIT,20,COMPRESSION,2026-09-14,2026-09-14T04:46:34.988480
TAL,SHORT,CONVICTION,66.6,BEAR_REJECTION_PENDING,12.07,12.36,10.4,10.5,339,5.65,HOSTILE,11.83,LIMIT,6,MINOR,2026-09-14,2026-09-14T04:49:27.439176
LYTE,SHORT,CONVICTION,66.6,BEAR_REJECTION_PENDING,24.4,25.33,23.18,,107,1.32,HOSTILE,24.05,LIMIT,20,COMPRESSION,2026-09-14,2026-09-14T04:51:31.846672
PCLA,SHORT,CONVICTION,66.6,BEAR_REJECTION_PENDING,7.84,8.21,7.15,,267,1.84,HOSTILE,7.83,LIMIT,9,MINOR,2026-09-14,2026-09-14T04:51:54.520714
PURR,SHORT,CONVICTION,66.5,BEAR_REJECTION_PENDING,11.73,12.24,10.52,9.95,195,2.37,HOSTILE,11.5,LIMIT,14,COMPRESSION,2026-09-14,2026-09-14T04:27:45.252156
LGCL,SHORT,CONVICTION,66.5,BEAR_REJECTION_PENDING,2.99,3.41,2.84,,237,0.36,HOSTILE,2.93,LIMIT,20,MINOR,2026-09-14,2026-09-14T04:46:09.747400
VIST,SHORT,CONVICTION,66.5,BEAR_REJECTION_PENDING,77.24,78.39,75.0,71.95,86,1.95,HOSTILE,77.2,LIMIT,16,MINOR,2026-09-14,2026-09-14T04:50:09.501854
ASST,SHORT,CONVICTION,66.4,BEAR_REJECTION_PENDING,28.19,29.75,25.62,24.45,64,1.65,HOSTILE,27.64,LIMIT,12,COMPRESSION,2026-09-14,2026-09-14T04:33:22.002583
KHC,SHORT,CONVICTION,66.3,BEAR_REJECTION_PENDING,25.0,25.55,23.74,23.66,181,2.27,HOSTILE,24.69,LIMIT,20,COMPRESSION,2026-09-14,2026-09-14T04:28:00.964263
FA,SHORT,CONVICTION,66.3,BEAR_REJECTION_PENDING,21.35,21.69,20.13,20.13,295,3.61,HOSTILE,21.22,LIMIT,10,COMPRESSION,2026-09-14,2026-09-14T04:40:31.031286
ACAD,SHORT,CONVICTION,66.2,BEAR_REJECTION_PENDING,27.83,28.16,25.96,25.32,302,5.66,HOSTILE,27.7502,LIMIT,20,COMPRESSION,2026-09-14,2026-09-14T04:42:59.600170
MCHP,SHORT,CONVICTION,66.1,BEAR_REJECTION_PENDING,72.0,74.32,65.97,65.97,43,2.6,HOSTILE,71.74,LIMIT,20,CONVICTION,2026-09-14,2026-09-14T04:29:08.563356
CPRT,SHORT,CONVICTION,66.0,BEAR_REJECTION_PENDING,30.69,32.76,27.3,,48,1.64,HOSTILE,30.09,LIMIT,20,MINOR,2026-09-14,2026-09-14T04:29:25.892930
MELI,SHORT,CONVICTION,66.0,BEAR_REJECTION_PENDING,1893.5,1918.11,1685.96,1757.9,4,8.43,HOSTILE,1893.0,LIMIT,20,CONVICTION,2026-09-14,2026-09-14T04:38:21.864382
POST,SHORT,CONVICTION,66.0,BEAR_REJECTION_PENDING,81.79,82.77,78.7,78.94,102,3.16,HOSTILE,80.19,LIMIT,20,COMPRESSION,2026-09-14,2026-09-14T04:39:53.343239
USDE,SHORT,CONVICTION,66.0,BEAR_REJECTION_PENDING,7.31,7.85,6.16,,185,2.13,HOSTILE,7.165,LIMIT,12,MINOR,2026-09-14,2026-09-14T04:46:03.133376
BNS,SHORT,CONVICTION,66.0,BEAR_REJECTION_PENDING,94.75,96.13,84.87,81.0,72,7.15,HOSTILE,93.45,LIMIT,20,MINOR,2026-09-14,2026-09-14T04:46:51.084587
PPC,SHORT,CONVICTION,65.9,BEAR_REJECTION_PENDING,30.84,31.85,26.95,26.94,99,3.88,HOSTILE,30.24,LIMIT,20,COMPRESSION,2026-09-14,2026-09-14T04:42:49.129154
RKLX,SHORT,CONVICTION,65.8,BEAR_REJECTION_PENDING,13.95,14.52,12.47,,175,2.61,HOSTILE,13.68,LIMIT,18,COMPRESSION,2026-09-14,2026-09-14T04:35:18.969748
MP,SHORT,CONVICTION,65.8,BEAR_REJECTION_PENDING,51.02,54.57,45.23,42.81,28,1.63,HOSTILE,50.02,LIMIT,20,COMPRESSION,2026-09-14,2026-09-14T04:41:55.764924
ICLR,SHORT,CONVICTION,65.8,BEAR_REJECTION_PENDING,172.25,174.1,147.79,160.0,53,13.19,HOSTILE,169.31,LIMIT,20,CONVICTION,2026-09-14,2026-09-14T04:42:45.755150
CSTL,SHORT,CONVICTION,65.7,BEAR_REJECTION_PENDING,32.57,33.07,28.0,29.03,198,9.06,HOSTILE,32.33,LIMIT,13,COMPRESSION,2026-09-14,2026-09-14T04:25:53.556363
NCRA,SHORT,CONVICTION,65.6,BEAR_REJECTION_PENDING,2.32,2.42,2.17,1.99,1012,1.52,HOSTILE,2.31,LIMIT,10,COMPRESSION,2026-09-14,2026-09-14T04:33:43.843152
RGEN,SHORT,CONVICTION,65.6,BEAR_REJECTION_PENDING,165.48,167.47,142.06,150.0,50,11.79,HOSTILE,165.2,LIMIT,20,CONVICTION,2026-09-14,2026-09-14T04:45:14.353231
KNX,SHORT,CONVICTION,65.5,BEAR_REJECTION_PENDING,69.33,71.14,60.4,60.68,55,4.92,HOSTILE,67.97,LIMIT,19,COMPRESSION,2026-09-14,2026-09-14T04:39:38.797623
OXY,SHORT,CONVICTION,65.4,BEAR_REJECTION_PENDING,62.88,63.31,61.06,56.62,232,4.25,HOSTILE,62.75,LIMIT,2,COMPRESSION,2026-09-14,2026-09-14T04:28:42.108320
CCO,SHORT,CONVICTION,65.4,BEAR_REJECTION_PENDING,2.41,2.43,2.36,2.04,4524,2.26,HOSTILE,2.38,LIMIT,1,COMPRESSION,2026-09-14,2026-09-14T04:31:41.438794
VAC,SHORT,CONVICTION,65.4,BEAR_REJECTION_PENDING,105.0,106.3,98.73,96.04,77,4.83,HOSTILE,103.59,LIMIT,20,CONVICTION,2026-09-14,2026-09-14T04:51:12.068102
ARGX,SHORT,CONVICTION,65.3,BEAR_REJECTION_PENDING,986.09,994.39,927.33,927.33,12,7.07,HOSTILE,984.39,LIMIT,20,CONVICTION,2026-09-14,2026-09-14T04:42:36.977142
VNET,SHORT,CONVICTION,65.3,BEAR_REJECTION_PENDING,6.39,6.51,5.61,6.01,816,6.37,HOSTILE,6.33,LIMIT,20,COMPRESSION,2026-09-14,2026-09-14T04:47:13.108184
OLB,SHORT,CONVICTION,65.3,BEAR_REJECTION_PENDING,0.27,0.28,0.25,,7374,0.98,HOSTILE,0.2647,LIMIT,14,COMPRESSION,2026-09-14,2026-09-14T04:51:40.534689
MOS,SHORT,CONVICTION,65.2,BEAR_REJECTION_PENDING,25.73,26.34,22.46,21.64,164,5.4,HOSTILE,25.23,LIMIT,5,COMPRESSION,2026-09-14,2026-09-14T04:27:52.419700
AMN,SHORT,CONVICTION,65.2,BEAR_REJECTION_PENDING,33.23,33.97,28.12,30.8,135,6.93,HOSTILE,32.58,LIMIT,20,COMPRESSION,2026-09-14,2026-09-14T04:33:51.544695
BTSG,SHORT,CONVICTION,65.2,BEAR_REJECTION_PENDING,59.9,62.3,55.0,53.29,41,2.05,HOSTILE,58.73,LIMIT,20,MINOR,2026-09-14,2026-09-14T04:41:29.663889
FORM,SHORT,CONVICTION,65.1,BEAR_REJECTION_PENDING,107.06,115.06,93.76,,12,1.66,HOSTILE,106.12,LIMIT,20,CONVICTION,2026-09-14,2026-09-14T04:38:05.381361
MIAX,SHORT,CONVICTION,65.1,BEAR_REJECTION_PENDING,41.71,44.95,36.45,,30,1.62,HOSTILE,40.89,LIMIT,20,COMPRESSION,2026-09-14,2026-09-14T04:39:46.340229
NUTX,SHORT,CONVICTION,65.0,BEAR_REJECTION_PENDING,201.72,204.68,175.04,173.81,33,8.99,HOSTILE,200.24,LIMIT,1,MINOR,2026-09-14,2026-09-14T04:26:09.075915
GPUS,SHORT,CONVICTION,65.0,BEAR_REJECTION_PENDING,0.19,0.2,0.18,,7358,0.69,HOSTILE,0.1835,LIMIT,11,MINOR,2026-09-14,2026-09-14T04:26:48.875498
TNON,SHORT,CONVICTION,64.9,BEAR_REJECTION_PENDING,5.23,5.58,4.5,,283,2.07,HOSTILE,5.13,LIMIT,18,COMPRESSION,2026-09-14,2026-09-14T04:24:31.915074
NCLH,SHORT,CONVICTION,64.9,BEAR_REJECTION_PENDING,15.01,15.47,14.26,,220,1.66,HOSTILE,14.72,LIMIT,20,COMPRESSION,2026-09-14,2026-09-14T04:30:06.186584
CHAI,SHORT,CONVICTION,64.9,BEAR_REJECTION_PENDING,0.26,0.28,0.25,,4817,0.63,HOSTILE,0.2572,LIMIT,10,MINOR,2026-09-14,2026-09-14T04:33:13.773515
MUR,SHORT,CONVICTION,64.9,BEAR_REJECTION_PENDING,38.5,39.02,37.38,34.2,190,2.14,HOSTILE,38.48,LIMIT,16,COMPRESSION,2026-09-14,2026-09-14T04:36:55.858438
YUM,SHORT,CONVICTION,64.9,BEAR_REJECTION_PENDING,143.87,147.77,128.85,128.85,25,3.86,HOSTILE,141.05,LIMIT,20,COMPRESSION,2026-09-14,2026-09-14T04:40:15.497266
LOPE,SHORT,CONVICTION,64.9,BEAR_REJECTION_PENDING,154.22,156.39,147.79,133.94,46,2.97,HOSTILE,151.2,LIMIT,20,COMPRESSION,2026-09-14,2026-09-14T04:47:00.097150
CMG,SHORT,CONVICTION,64.8,BEAR_REJECTION_PENDING,36.23,36.7,32.45,33.66,211,8.0,HOSTILE,36.16,LIMIT,20,COMPRESSION,2026-09-14,2026-09-14T04:30:56.266732
BIO,SHORT,CONVICTION,64.8,BEAR_REJECTION_PENDING,373.23,376.26,359.29,356.89,32,4.6,HOSTILE,369.32,LIMIT,17,MINOR,2026-09-14,2026-09-14T04:34:02.816706
AGIO,SHORT,CONVICTION,64.8,BEAR_REJECTION_PENDING,34.16,34.72,31.04,28.8,177,5.54,HOSTILE,33.49,LIMIT,20,CONVICTION,2026-09-14,2026-09-14T04:38:58.639985
MFP,SHORT,CONVICTION,64.8,BEAR_REJECTION_PENDING,42.4,45.18,35.6,35.6,35,2.44,HOSTILE,41.57,LIMIT,20,COMPRESSION,2026-09-14,2026-09-14T04:41:53.659921
RCEL,SHORT,CONVICTION,64.7,BEAR_REJECTION_PENDING,10.0,10.21,8.4,8.68,474,7.58,HOSTILE,9.87,LIMIT,20,MINOR,2026-09-14,2026-09-14T04:35:14.779351
SGRY,SHORT,CONVICTION,64.7,BEAR_REJECTION_PENDING,14.58,15.27,12.24,12.47,145,3.41,HOSTILE,14.37,LIMIT,9,COMPRESSION,2026-09-14,2026-09-14T04:49:26.212173
MWH,SHORT,CONVICTION,64.7,BEAR_REJECTION_PENDING,26.52,28.48,25.19,,50,0.68,HOSTILE,26.0,LIMIT,20,COMPRESSION,2026-09-14,2026-09-14T04:52:27.607300
PINS,SHORT,CONVICTION,64.6,BEAR_REJECTION_PENDING,19.44,20.24,18.47,,125,1.22,HOSTILE,19.06,LIMIT,20,COMPRESSION,2026-09-14,2026-09-14T04:42:01.749930
KSS,SHORT,CONVICTION,64.5,BEAR_REJECTION_PENDING,17.23,17.61,14.74,15.51,264,6.59,HOSTILE,17.2,LIMIT,20,MINOR,2026-09-14,2026-09-14T04:34:48.369306
HUBG,SHORT,CONVICTION,64.5,BEAR_REJECTION_PENDING,36.88,38.69,33.13,,55,2.07,HOSTILE,36.16,LIMIT,20,COMPRESSION,2026-09-14,2026-09-14T04:39:32.247565
DOCU,SHORT,CONVICTION,64.4,BEAR_REJECTION_PENDING,66.95,67.86,56.43,61.15,110,11.63,HOSTILE,65.64,LIMIT,20,CONVICTION,2026-09-14,2026-09-14T04:34:19.228728
TTAN,SHORT,CONVICTION,64.4,BEAR_REJECTION_PENDING,56.15,57.97,53.34,,55,1.55,HOSTILE,55.05,LIMIT,20,COMPRESSION,2026-09-14,2026-09-14T04:40:10.765260
NXT,SHORT,CONVICTION,64.4,BEAR_REJECTION_PENDING,81.9,83.3,77.89,74.14,71,2.85,HOSTILE,81.35,LIMIT,20,COMPRESSION,2026-09-14,2026-09-14T04:42:25.978046
BSOL,SHORT,CONVICTION,64.4,BEAR_REJECTION_PENDING,14.3,15.02,13.18,12.44,138,1.55,HOSTILE,14.02,LIMIT,15,MINOR,2026-09-14,2026-09-14T04:43:50.458430
ALGT,SHORT,CONVICTION,64.4,BEAR_REJECTION_PENDING,79.84,83.01,68.54,70.2,31,3.55,HOSTILE,78.27,LIMIT,20,CONVICTION,2026-09-14,2026-09-14T04:45:28.689780
CPRI,SHORT,CONVICTION,64.4,BEAR_REJECTION_PENDING,14.15,14.47,13.1,13.1,308,3.23,HOSTILE,13.87,LIMIT,20,COMPRESSION,2026-09-14,2026-09-14T04:50:30.446427
SMR,SHORT,CONVICTION,64.3,BEAR_REJECTION_PENDING,8.45,8.72,7.73,7.59,365,2.63,HOSTILE,8.405,LIMIT,20,COMPRESSION,2026-09-14,2026-09-14T04:24:46.612157
CRE,SHORT,CONVICTION,64.3,BEAR_REJECTION_PENDING,2.88,3.15,2.48,,372,1.51,HOSTILE,2.84,LIMIT,9,MINOR,2026-09-14,2026-09-14T04:32:47.319887
OMDA,SHORT,CONVICTION,64.3,BEAR_REJECTION_PENDING,20.05,21.13,17.81,17.3,93,2.09,HOSTILE,19.66,LIMIT,20,COMPRESSION,2026-09-14,2026-09-14T04:35:10.084872
FANG,SHORT,CONVICTION,64.2,BEAR_REJECTION_PENDING,204.97,206.61,185.93,190.8,60,11.58,HOSTILE,204.8491,LIMIT,13,COMPRESSION,2026-09-14,2026-09-14T04:36:25.241790
PGNY,SHORT,CONVICTION,64.1,BEAR_REJECTION_PENDING,27.71,27.99,26.0,25.71,358,6.12,HOSTILE,27.35,LIMIT,9,COMPRESSION,2026-09-14,2026-09-14T04:35:12.865007
OII,SHORT,CONVICTION,64.1,BEAR_REJECTION_PENDING,51.71,52.75,48.52,47.22,95,3.04,HOSTILE,51.0,LIMIT,20,COMPRESSION,2026-09-14,2026-09-14T04:42:47.879155
NLR,SHORT,CONVICTION,64.1,BEAR_REJECTION_PENDING,115.78,121.47,101.1,,17,2.58,HOSTILE,113.51,LIMIT,20,CONVICTION,2026-09-14,2026-09-14T04:47:00.440147
NGNE,SHORT,CONVICTION,64.0,BEAR_REJECTION_PENDING,36.21,37.83,33.64,,61,1.59,HOSTILE,35.5,LIMIT,20,MINOR,2026-09-14,2026-09-14T04:26:02.086908
FFAI,SHORT,CONVICTION,64.0,BEAR_REJECTION_PENDING,1.74,1.87,1.65,,789,0.69,HOSTILE,1.7074,LIMIT,19,MINOR,2026-09-14,2026-09-14T04:26:54.351505
APTV,SHORT,CONVICTION,64.0,BEAR_REJECTION_PENDING,46.41,48.22,44.09,,55,1.28,HOSTILE,45.5,LIMIT,20,COMPRESSION,2026-09-14,2026-09-14T04:33:53.705695
TTWO,SHORT,CONVICTION,64.0,BEAR_REJECTION_PENDING,220.19,222.62,207.66,198.0,41,5.15,HOSTILE,218.98,LIMIT,20,CONVICTION,2026-09-14,2026-09-14T04:35:35.488069
FOUR,SHORT,CONVICTION,64.0,BEAR_REJECTION_PENDING,44.98,46.43,39.25,39.25,69,3.96,HOSTILE,44.1,LIMIT,20,CONVICTION,2026-09-14,2026-09-14T04:36:27.488438
DPZ,SHORT,CONVICTION,64.0,BEAR_REJECTION_PENDING,317.83,329.12,297.67,285.0,8,1.79,HOSTILE,311.6,LIMIT,20,CONVICTION,2026-09-14,2026-09-14T04:38:00.324355
SEZL,SHORT,CONVICTION,64.0,BEAR_REJECTION_PENDING,119.25,120.86,105.51,105.51,62,8.52,HOSTILE,118.92,LIMIT,20,COMPRESSION,2026-09-14,2026-09-14T04:38:38.403429
TLN,SHORT,CONVICTION,64.0,BEAR_REJECTION_PENDING,314.52,321.27,291.24,292.5,14,3.45,HOSTILE,312.74,LIMIT,20,CONVICTION,2026-09-14,2026-09-14T04:38:49.311971
PRAX,SHORT,CONVICTION,64.0,BEAR_REJECTION_PENDING,338.0,342.55,292.56,315.0,21,10.0,HOSTILE,333.0,LIMIT,20,COMPRESSION,2026-09-14,2026-09-14T04:39:54.853239
FISV,SHORT,CONVICTION,64.0,BEAR_REJECTION_PENDING,52.47,53.94,49.41,48.55,67,2.07,HOSTILE,51.44,LIMIT,20,COMPRESSION,2026-09-14,2026-09-14T04:40:34.312290
MRNX,SHORT,CONVICTION,64.0,BEAR_REJECTION_PENDING,81.72,86.12,74.73,70.0,22,1.59,HOSTILE,80.12,LIMIT,14,MINOR,2026-09-14,2026-09-14T04:44:24.592068
NCTY,SHORT,CONVICTION,64.0,BEAR_REJECTION_PENDING,4.16,4.47,3.95,,328,0.68,HOSTILE,4.08,LIMIT,13,COMPRESSION,2026-09-14,2026-09-14T04:46:18.393427
FLO,SHORT,CONVICTION,64.0,BEAR_REJECTION_PENDING,6.22,6.4,5.91,,556,1.73,HOSTILE,6.1,LIMIT,20,COMPRESSION,2026-09-14,2026-09-14T04:46:27.682458
BHVN,SHORT,CONVICTION,64.0,BEAR_REJECTION_PENDING,13.19,13.85,11.5,11.5,150,2.55,HOSTILE,12.93,LIMIT,16,CONVICTION,2026-09-14,2026-09-14T04:47:21.722805
CYPH,SHORT,CONVICTION,64.0,BEAR_REJECTION_PENDING,2.26,2.38,1.96,1.96,857,2.58,HOSTILE,2.245,LIMIT,6,COMPRESSION,2026-09-14,2026-09-14T04:48:01.560911
MUD,SHORT,CONVICTION,64.0,BEAR_REJECTION_PENDING,10.78,11.1,9.92,9.99,317,2.73,HOSTILE,10.6897,LIMIT,17,COMPRESSION,2026-09-14,2026-09-14T04:48:16.950952
FGL,SHORT,CONVICTION,64.0,BEAR_REJECTION_PENDING,5.53,7.16,5.25,,61,0.17,HOSTILE,5.42,LIMIT,11,MINOR,2026-09-14,2026-09-14T04:48:31.083984
ANDG,SHORT,CONVICTION,63.8,BEAR_REJECTION_PENDING,54.72,56.6,50.53,50.46,53,2.24,HOSTILE,53.65,LIMIT,20,COMPRESSION,2026-09-14,2026-09-14T04:44:52.112644
PBR,SHORT,CONVICTION,63.8,BEAR_REJECTION_PENDING,21.77,22.12,20.66,19.18,285,3.17,HOSTILE,21.42,LIMIT,6,MINOR,2026-09-14,2026-09-14T04:49:22.797166
MRVL,SHORT,CONVICTION,63.7,BEAR_REJECTION_PENDING,223.68,237.0,201.69,193.0,7,1.65,HOSTILE,220.59,LIMIT,20,CONVICTION,2026-09-14,2026-09-14T04:25:58.262371
BSX,SHORT,CONVICTION,63.7,BEAR_REJECTION_PENDING,44.13,45.18,41.92,,94,2.09,HOSTILE,43.3,LIMIT,20,COMPRESSION,2026-09-14,2026-09-14T04:32:37.428874
SPCF,SHORT,CONVICTION,63.7,BEAR_REJECTION_PENDING,16.43,16.97,14.32,14.15,183,3.88,HOSTILE,16.3432,LIMIT,20,COMPRESSION,2026-09-14,2026-09-14T04:35:25.860398
ET,SHORT,CONVICTION,63.6,BEAR_REJECTION_PENDING,21.61,21.84,19.79,18.77,437,7.96,HOSTILE,21.57,LIMIT,5,MINOR,2026-09-14,2026-09-14T04:27:53.297231
PCOR,SHORT,CONVICTION,63.6,BEAR_REJECTION_PENDING,53.21,54.4,47.0,46.84,83,5.22,HOSTILE,53.2,LIMIT,20,COMPRESSION,2026-09-14,2026-09-14T04:40:54.720317
NVDQ,SHORT,CONVICTION,63.6,BEAR_REJECTION_PENDING,9.64,10.72,9.16,,92,0.44,HOSTILE,9.45,LIMIT,11,COMPRESSION,2026-09-14,2026-09-14T04:46:30.457465
CNH,SHORT,CONVICTION,63.5,BEAR_REJECTION_PENDING,13.66,13.84,12.11,11.83,570,8.88,HOSTILE,13.6,LIMIT,20,MINOR,2026-09-14,2026-09-14T04:27:18.863538
HAL,SHORT,CONVICTION,63.5,BEAR_REJECTION_PENDING,36.93,37.89,32.0,32.31,104,5.15,HOSTILE,36.21,LIMIT,20,COMPRESSION,2026-09-14,2026-09-14T04:28:57.816337
WYHG,SHORT,CONVICTION,63.5,BEAR_REJECTION_PENDING,4.5,4.68,4.0,4.0,566,2.84,HOSTILE,4.45,LIMIT,20,COMPRESSION,2026-09-14,2026-09-14T04:37:36.558748
WVVIP,SHORT,CONVICTION,63.5,BEAR_REJECTION_PENDING,2.92,3.32,2.77,,251,0.37,HOSTILE,2.9,LIMIT,20,MINOR,2026-09-14,2026-09-14T04:46:41.952029
GLL,SHORT,CONVICTION,63.5,BEAR_REJECTION_PENDING,23.5,24.16,22.25,21.81,151,1.89,HOSTILE,23.19,LIMIT,20,CONVICTION,2026-09-14,2026-09-14T04:48:46.329022
KEY,SHORT,CONVICTION,63.3,BEAR_REJECTION_PENDING,22.02,22.29,20.57,21.09,369,5.35,HOSTILE,21.84,LIMIT,18,MINOR,2026-09-14,2026-09-14T04:28:47.042324
ALC,SHORT,CONVICTION,63.3,BEAR_REJECTION_PENDING,67.35,68.49,64.93,63.79,87,2.12,HOSTILE,66.03,LIMIT,20,COMPRESSION,2026-09-14,2026-09-14T04:32:27.787861
REZI,SHORT,CONVICTION,63.3,BEAR_REJECTION_PENDING,19.48,19.74,19.03,17.11,387,1.74,HOSTILE,19.11,LIMIT,15,COMPRESSION,2026-09-14,2026-09-14T04:37:45.450334
RKT,SHORT,CONVICTION,63.2,BEAR_REJECTION_PENDING,13.43,13.88,11.82,12.4,224,3.62,HOSTILE,13.17,LIMIT,20,COMPRESSION,2026-09-14,2026-09-14T04:30:55.556195
JLHL,SHORT,CONVICTION,63.2,BEAR_REJECTION_PENDING,6.12,6.27,5.85,5.75,662,1.81,HOSTILE,6.1145,LIMIT,20,MINOR,2026-09-14,2026-09-14T04:32:10.859836
IPST,SHORT,CONVICTION,63.1,BEAR_REJECTION_PENDING,3.49,3.8,3.32,,318,0.56,HOSTILE,3.4215,LIMIT,20,MINOR,2026-09-14,2026-09-14T04:43:09.428240
GFI,SHORT,CONVICTION,63.1,BEAR_REJECTION_PENDING,43.56,44.95,41.14,39.85,71,1.74,HOSTILE,43.54,LIMIT,20,CONVICTION,2026-09-14,2026-09-14T04:45:02.521659
INTR,SHORT,CONVICTION,63.0,BEAR_REJECTION_PENDING,5.78,5.86,5.45,5.25,1256,4.15,HOSTILE,5.75,LIMIT,17,COMPRESSION,2026-09-14,2026-09-14T04:30:50.692187
SOAR,SHORT,CONVICTION,63.0,BEAR_REJECTION_PENDING,0.24,0.37,0.23,,816,0.1,HOSTILE,0.2395,LIMIT,1,COMPRESSION,2026-09-14,2026-09-14T04:33:42.874150
AG,SHORT,CONVICTION,62.9,BEAR_REJECTION_PENDING,19.22,19.68,18.4,17.53,218,1.79,HOSTILE,19.19,LIMIT,20,COMPRESSION,2026-09-14,2026-09-14T04:30:13.001594
STLA,SHORT,CONVICTION,62.9,BEAR_REJECTION_PENDING,5.31,5.41,5.13,,1029,1.85,HOSTILE,5.29,LIMIT,20,COMPRESSION,2026-09-14,2026-09-14T04:31:19.668764
CRGY,SHORT,CONVICTION,62.9,BEAR_REJECTION_PENDING,15.04,15.26,14.25,14.19,463,3.66,HOSTILE,14.95,LIMIT,3,COMPRESSION,2026-09-14,2026-09-14T04:34:11.538718
MORN,SHORT,CONVICTION,62.9,BEAR_REJECTION_PENDING,191.86,193.99,176.13,184.98,47,7.4,HOSTILE,191.02,LIMIT,20,CONVICTION,2026-09-14,2026-09-14T04:40:45.033305
JEM,SHORT,CONVICTION,62.9,BEAR_REJECTION_PENDING,4.0,4.24,3.56,,412,1.83,HOSTILE,3.92,LIMIT,20,MINOR,2026-09-14,2026-09-14T04:46:46.559577
BX,SHORT,CONVICTION,62.8,BEAR_REJECTION_PENDING,129.94,131.21,125.2,112.25,78,3.72,HOSTILE,128.78,LIMIT,20,COMPRESSION,2026-09-14,2026-09-14T04:37:56.205349
FMC,SHORT,CONVICTION,62.8,BEAR_REJECTION_PENDING,11.62,12.35,10.29,,136,1.81,HOSTILE,11.39,LIMIT,20,MINOR,2026-09-14,2026-09-14T04:49:42.802743
TTD,SHORT,CONVICTION,62.7,BEAR_REJECTION_PENDING,14.53,14.7,13.97,14.02,571,3.17,HOSTILE,14.4,LIMIT,9,MINOR,2026-09-14,2026-09-14T04:30:36.623634
YMM,SHORT,CONVICTION,62.7,BEAR_REJECTION_PENDING,8.26,8.36,8.02,7.26,984,2.36,HOSTILE,8.15,LIMIT,20,COMPRESSION,2026-09-14,2026-09-14T04:44:47.209636
CG,SHORT,CONVICTION,62.6,BEAR_REJECTION_PENDING,43.35,44.33,39.94,38.98,101,3.48,HOSTILE,42.5,LIMIT,20,COMPRESSION,2026-09-14,2026-09-14T04:40:24.965279
COGT,SHORT,CONVICTION,62.6,BEAR_REJECTION_PENDING,34.16,34.78,32.76,32.46,160,2.25,HOSTILE,33.7,LIMIT,20,COMPRESSION,2026-09-14,2026-09-14T04:51:23.420126
INTC,SHORT,CONVICTION,62.5,BEAR_REJECTION_PENDING,97.85,103.4,84.97,85.34,18,2.32,HOSTILE,96.85,LIMIT,20,CONVICTION,2026-09-14,2026-09-14T04:24:43.535623
EOSE,SHORT,CONVICTION,62.5,BEAR_REJECTION_PENDING,3.8,3.94,3.42,,716,2.76,HOSTILE,3.76,LIMIT,20,COMPRESSION,2026-09-14,2026-09-14T04:26:33.084477
DOMO,SHORT,CONVICTION,62.5,BEAR_REJECTION_PENDING,3.87,3.92,3.72,3.44,2120,3.18,HOSTILE,3.83,LIMIT,11,COMPRESSION,2026-09-14,2026-09-14T04:33:46.834688
CLBK,SHORT,CONVICTION,62.5,BEAR_REJECTION_PENDING,11.66,11.76,10.91,11.01,1015,7.61,HOSTILE,11.53,LIMIT,4,MINOR,2026-09-14,2026-09-14T04:39:12.852531
TH,SHORT,CONVICTION,62.4,BEAR_REJECTION_PENDING,19.64,20.3,18.59,17.35,150,1.58,HOSTILE,19.25,LIMIT,14,MINOR,2026-09-14,2026-09-14T04:24:57.802171
BAND,SHORT,CONVICTION,62.4,BEAR_REJECTION_PENDING,57.46,60.34,52.55,50.13,34,1.7,HOSTILE,56.33,LIMIT,14,COMPRESSION,2026-09-14,2026-09-14T04:33:33.173597
DOW,SHORT,CONVICTION,62.3,BEAR_REJECTION_PENDING,29.42,29.79,27.55,27.32,271,5.08,HOSTILE,29.0572,LIMIT,20,CONVICTION,2026-09-14,2026-09-14T04:28:33.705306
XP,SHORT,CONVICTION,62.3,BEAR_REJECTION_PENDING,19.72,20.05,18.18,18.95,303,4.67,HOSTILE,19.6,LIMIT,17,COMPRESSION,2026-09-14,2026-09-14T04:31:46.958804
FRPT,SHORT,CONVICTION,62.3,BEAR_REJECTION_PENDING,64.91,67.3,60.0,58.43,41,2.06,HOSTILE,63.64,LIMIT,20,COMPRESSION,2026-09-14,2026-09-14T04:38:05.808362
DAIC,SHORT,CONVICTION,62.3,BEAR_REJECTION_PENDING,2.43,2.81,2.31,,260,0.32,HOSTILE,2.42,LIMIT,18,MINOR,2026-09-14,2026-09-14T04:46:42.070032
BAOS,SHORT,CONVICTION,62.3,BEAR_REJECTION_PENDING,0.29,0.31,0.28,,6706,0.98,HOSTILE,0.2897,LIMIT,20,COMPRESSION,2026-09-14,2026-09-14T04:50:45.273511
GPRK,SHORT,CONVICTION,62.3,BEAR_REJECTION_PENDING,11.48,12.03,10.26,9.67,182,2.23,HOSTILE,11.256,LIMIT,20,COMPRESSION,2026-09-14,2026-09-14T04:51:29.603133
SNYR,SHORT,CONVICTION,62.2,BEAR_REJECTION_PENDING,0.09,0.1,0.09,,10400,0.49,HOSTILE,0.0935,LIMIT,9,COMPRESSION,2026-09-14,2026-09-14T04:24:47.903155
UNM,SHORT,CONVICTION,62.2,BEAR_REJECTION_PENDING,95.0,96.33,81.14,81.72,75,10.43,HOSTILE,94.42,LIMIT,20,MINOR,2026-09-14,2026-09-14T04:50:42.156978
DFTX,SHORT,CONVICTION,62.1,BEAR_REJECTION_PENDING,40.04,41.18,36.67,35.22,86,2.93,HOSTILE,39.25,LIMIT,20,COMPRESSION,2026-09-14,2026-09-14T04:42:41.495145
LPX,SHORT,CONVICTION,62.1,BEAR_REJECTION_PENDING,68.54,70.86,65.12,,43,1.48,HOSTILE,67.2,LIMIT,20,COMPRESSION,2026-09-14,2026-09-14T04:44:23.731068
HNST,SHORT,CONVICTION,62.0,BEAR_REJECTION_PENDING,5.5,5.61,5.25,4.88,917,2.27,HOSTILE,5.39,LIMIT,20,COMPRESSION,2026-09-14,2026-09-14T04:24:31.920068
SURG,SHORT,CONVICTION,62.0,BEAR_REJECTION_PENDING,0.16,0.17,0.15,,16240,1.32,HOSTILE,0.159,LIMIT,6,COMPRESSION,2026-09-14,2026-09-14T04:24:39.184076
LBGJ,SHORT,CONVICTION,62.0,BEAR_REJECTION_PENDING,2.25,2.36,2.0,,888,2.2,HOSTILE,2.24,LIMIT,3,COMPRESSION,2026-09-14,2026-09-14T04:24:39.897079
SXTC,SHORT,CONVICTION,62.0,BEAR_REJECTION_PENDING,2.51,2.63,2.24,2.1,850,2.32,HOSTILE,2.4639,LIMIT,4,MINOR,2026-09-14,2026-09-14T04:24:41.993621
AIM,SHORT,CONVICTION,62.0,BEAR_REJECTION_PENDING,0.21,0.22,0.2,,13175,1.4,HOSTILE,0.2104,LIMIT,20,COMPRESSION,2026-09-14,2026-09-14T04:24:48.039157
YYGH,SHORT,CONVICTION,62.0,BEAR_REJECTION_PENDING,1.53,1.6,1.45,,1382,1.06,HOSTILE,1.52,LIMIT,3,MINOR,2026-09-14,2026-09-14T04:26:14.994920
SPCE,SHORT,CONVICTION,62.0,BEAR_REJECTION_PENDING,2.91,2.95,2.47,2.53,2237,9.84,HOSTILE,2.9017,LIMIT,20,COMPRESSION,2026-09-14,2026-09-14T04:26:19.103925
FRMI,SHORT,CONVICTION,62.0,BEAR_REJECTION_PENDING,5.39,5.53,4.8,5.03,727,4.29,HOSTILE,5.38,LIMIT,18,COMPRESSION,2026-09-14,2026-09-14T04:26:25.913933
QXO,SHORT,CONVICTION,62.0,BEAR_REJECTION_PENDING,12.23,12.38,11.62,,673,4.12,HOSTILE,12.22,LIMIT,20,COMPRESSION,2026-09-14,2026-09-14T04:26:33.644479
SUNE,SHORT,CONVICTION,62.0,BEAR_REJECTION_PENDING,3.01,3.2,2.86,,542,0.82,HOSTILE,3.0006,LIMIT,8,MINOR,2026-09-14,2026-09-14T04:26:37.275484
SGLY,SHORT,CONVICTION,62.0,BEAR_REJECTION_PENDING,1.53,1.62,1.34,,1108,2.11,HOSTILE,1.51,LIMIT,15,MINOR,2026-09-14,2026-09-14T04:26:46.850497
OFAL,SHORT,CONVICTION,62.0,BEAR_REJECTION_PENDING,0.59,0.62,0.56,,2598,0.76,HOSTILE,0.5805,LIMIT,20,COMPRESSION,2026-09-14,2026-09-14T04:26:53.017505
ARBE,SHORT,CONVICTION,62.0,BEAR_REJECTION_PENDING,0.78,0.8,0.74,0.67,5564,2.0,HOSTILE,0.7751,LIMIT,8,MINOR,2026-09-14,2026-09-14T04:26:58.290510
ORBS,SHORT,CONVICTION,62.0,BEAR_REJECTION_PENDING,0.95,0.98,0.84,0.86,3211,3.52,HOSTILE,0.9502,LIMIT,11,MINOR,2026-09-14,2026-09-14T04:26:58.823511
MVST,SHORT,CONVICTION,62.0,BEAR_REJECTION_PENDING,0.59,0.61,0.56,,4965,1.47,HOSTILE,0.59,LIMIT,20,MINOR,2026-09-14,2026-09-14T04:27:03.994523
VMAR,SHORT,CONVICTION,62.0,BEAR_REJECTION_PENDING,7.19,7.64,6.46,,223,1.63,HOSTILE,7.05,LIMIT,4,MINOR,2026-09-14,2026-09-14T04:27:09.607526
ACHR,SHORT,CONVICTION,62.0,BEAR_REJECTION_PENDING,5.56,5.64,5.36,4.94,1305,2.63,HOSTILE,5.49,LIMIT,20,COMPRESSION,2026-09-14,2026-09-14T04:27:42.694152
FIS,SHORT,CONVICTION,62.0,BEAR_REJECTION_PENDING,38.4,38.85,36.48,,220,4.24,HOSTILE,38.31,LIMIT,20,COMPRESSION,2026-09-14,2026-09-14T04:28:50.494331
INIO,SHORT,CONVICTION,62.0,BEAR_REJECTION_PENDING,20.8,21.2,20.08,19.8,249,1.79,HOSTILE,20.46,LIMIT,20,COMPRESSION,2026-09-14,2026-09-14T04:29:26.336924
COMP,SHORT,CONVICTION,62.0,BEAR_REJECTION_PENDING,10.64,10.8,8.94,10.0,610,10.38,HOSTILE,10.51,LIMIT,20,COMPRESSION,2026-09-14,2026-09-14T04:29:55.978573
FRSH,SHORT,CONVICTION,62.0,BEAR_REJECTION_PENDING,12.45,12.71,11.75,11.77,395,2.78,HOSTILE,12.21,LIMIT,20,COMPRESSION,2026-09-14,2026-09-14T04:30:03.507581
GERN,SHORT,CONVICTION,62.0,BEAR_REJECTION_PENDING,1.39,1.43,1.32,1.25,2506,1.68,HOSTILE,1.36,LIMIT,16,MINOR,2026-09-14,2026-09-14T04:30:09.166589
FCEL,SHORT,CONVICTION,62.0,BEAR_REJECTION_PENDING,15.42,15.88,14.44,14.25,218,2.16,HOSTILE,15.32,LIMIT,20,COMPRESSION,2026-09-14,2026-09-14T04:31:03.053745
LUNR,SHORT,CONVICTION,62.0,BEAR_REJECTION_PENDING,13.93,14.18,11.84,13.15,394,8.24,HOSTILE,13.91,LIMIT,20,MINOR,2026-09-14,2026-09-14T04:31:16.031759
AMC,SHORT,CONVICTION,62.0,BEAR_REJECTION_PENDING,2.45,2.5,2.31,2.2,1952,2.73,HOSTILE,2.44,LIMIT,20,MINOR,2026-09-14,2026-09-14T04:31:52.479809
LAC,SHORT,CONVICTION,62.0,BEAR_REJECTION_PENDING,2.9,2.95,2.8,2.74,1828,1.83,HOSTILE,2.88,LIMIT,20,COMPRESSION,2026-09-14,2026-09-14T04:31:56.485816
HIVE,SHORT,CONVICTION,62.0,BEAR_REJECTION_PENDING,2.98,3.04,2.75,2.67,1723,4.05,HOSTILE,2.95,LIMIT,19,COMPRESSION,2026-09-14,2026-09-14T04:31:58.296818
LGHL,SHORT,CONVICTION,62.0,BEAR_REJECTION_PENDING,8.71,9.19,7.76,,208,1.97,HOSTILE,8.65,LIMIT,8,MINOR,2026-09-14,2026-09-14T04:32:01.737824
SES,SHORT,CONVICTION,62.0,BEAR_REJECTION_PENDING,0.53,0.54,0.51,,10752,2.35,HOSTILE,0.53,LIMIT,14,MINOR,2026-09-14,2026-09-14T04:32:07.285831
BJDX,SHORT,CONVICTION,62.0,BEAR_REJECTION_PENDING,0.87,0.9,0.83,,3223,1.4,HOSTILE,0.856,LIMIT,12,MINOR,2026-09-14,2026-09-14T04:32:11.149837
DFNS,SHORT,CONVICTION,62.0,BEAR_REJECTION_PENDING,9.87,10.59,8.73,,139,1.6,HOSTILE,9.68,LIMIT,5,MINOR,2026-09-14,2026-09-14T04:32:20.808851
OBAI,SHORT,CONVICTION,62.0,BEAR_REJECTION_PENDING,0.33,0.35,0.31,,5979,0.99,HOSTILE,0.3288,LIMIT,3,COMPRESSION,2026-09-14,2026-09-14T04:32:45.893885
SUGP,SHORT,CONVICTION,62.0,BEAR_REJECTION_PENDING,0.65,0.68,0.62,,3013,0.98,HOSTILE,0.6455,LIMIT,20,MINOR,2026-09-14,2026-09-14T04:32:45.449886
CAST,SHORT,CONVICTION,62.0,BEAR_REJECTION_PENDING,1.38,1.43,1.16,1.16,2201,4.92,HOSTILE,1.3603,LIMIT,13,MINOR,2026-09-14,2026-09-14T04:32:56.543961
ULCC,SHORT,CONVICTION,62.0,BEAR_REJECTION_PENDING,5.73,5.81,5.14,5.14,1251,7.38,HOSTILE,5.62,LIMIT,20,MINOR,2026-09-14,2026-09-14T04:33:00.445492
WOLF,SHORT,CONVICTION,62.0,BEAR_REJECTION_PENDING,24.52,25.12,22.05,22.71,165,4.08,HOSTILE,24.5,LIMIT,20,VACUUM,2026-09-14,2026-09-14T04:33:15.279513
SERV,SHORT,CONVICTION,62.0,BEAR_REJECTION_PENDING,4.46,4.55,4.24,,1102,2.46,HOSTILE,4.4,LIMIT,20,MINOR,2026-09-14,2026-09-14T04:33:32.480598
MNTS,SHORT,CONVICTION,62.0,BEAR_REJECTION_PENDING,4.02,4.08,3.65,3.65,1583,5.86,HOSTILE,3.98,LIMIT,19,MINOR,2026-09-14,2026-09-14T04:33:33.577598
SMTK,SHORT,CONVICTION,62.0,BEAR_REJECTION_PENDING,2.25,2.42,2.14,,599,0.67,HOSTILE,2.24,LIMIT,20,COMPRESSION,2026-09-14,2026-09-14T04:33:38.842145
MRLN,SHORT,CONVICTION,62.0,BEAR_REJECTION_PENDING,3.0,3.08,2.78,2.78,1265,2.78,HOSTILE,2.98,LIMIT,20,COMPRESSION,2026-09-14,2026-09-14T04:33:38.875146
NUWE,SHORT,CONVICTION,62.0,BEAR_REJECTION_PENDING,0.78,0.8,0.71,0.71,3835,2.45,HOSTILE,0.7725,LIMIT,9,COMPRESSION,2026-09-14,2026-09-14T04:33:38.815146
AEVA,SHORT,CONVICTION,62.0,BEAR_REJECTION_PENDING,14.96,15.52,14.12,12.71,179,1.51,HOSTILE,14.72,LIMIT,20,COMPRESSION,2026-09-14,2026-09-14T04:33:43.655151
BIAF,SHORT,CONVICTION,62.0,BEAR_REJECTION_PENDING,8.11,8.94,7.7,,120,0.49,HOSTILE,7.99,LIMIT,20,MINOR,2026-09-14,2026-09-14T04:33:46.569701
AGL,SHORT,CONVICTION,62.0,BEAR_REJECTION_PENDING,89.97,91.52,83.86,85.94,64,3.96,HOSTILE,89.77,LIMIT,15,VACUUM,2026-09-14,2026-09-14T04:33:50.370691
FRVO,SHORT,CONVICTION,62.0,BEAR_REJECTION_PENDING,15.66,16.18,14.88,,193,1.51,HOSTILE,15.5298,LIMIT,20,COMPRESSION,2026-09-14,2026-09-14T04:34:28.860741
OKLL,SHORT,CONVICTION,62.0,BEAR_REJECTION_PENDING,8.89,9.4,8.45,,195,0.87,HOSTILE,8.82,LIMIT,19,MINOR,2026-09-14,2026-09-14T04:35:08.631878
UPWK,SHORT,CONVICTION,62.0,BEAR_REJECTION_PENDING,8.76,8.86,8.49,8.52,990,2.67,HOSTILE,8.73,LIMIT,20,CONVICTION,2026-09-14,2026-09-14T04:38:52.155975
BOXL,SHORT,CONVICTION,62.0,BEAR_REJECTION_PENDING,5.71,5.87,4.88,,608,5.02,HOSTILE,5.69,LIMIT,20,MINOR,2026-09-14,2026-09-14T04:39:04.172991
ELV,SHORT,CONVICTION,62.0,BEAR_REJECTION_PENDING,421.25,424.51,407.38,365.2,30,4.27,HOSTILE,413.9,LIMIT,12,CONVICTION,2026-09-14,2026-09-14T04:39:23.286543
CURI,SHORT,CONVICTION,62.0,BEAR_REJECTION_PENDING,2.58,2.65,2.36,2.4,1366,3.01,HOSTILE,2.53,LIMIT,20,COMPRESSION,2026-09-14,2026-09-14T04:40:27.250282
LABD,SHORT,CONVICTION,62.0,BEAR_REJECTION_PENDING,7.37,7.51,6.84,6.68,737,3.91,HOSTILE,7.23,LIMIT,20,COMPRESSION,2026-09-14,2026-09-14T04:40:39.583317
TSLG,SHORT,CONVICTION,62.0,BEAR_REJECTION_PENDING,4.66,4.83,4.26,4.0,581,2.33,HOSTILE,4.64,LIMIT,20,COMPRESSION,2026-09-14,2026-09-14T04:41:07.896335
VCX,SHORT,CONVICTION,62.0,BEAR_REJECTION_PENDING,32.3,33.14,30.68,,118,1.92,HOSTILE,32.0,LIMIT,20,CONVICTION,2026-09-14,2026-09-14T04:41:08.976338
GENI,SHORT,CONVICTION,62.0,BEAR_REJECTION_PENDING,6.9,7.02,6.37,6.48,818,4.34,HOSTILE,6.82,LIMIT,20,COMPRESSION,2026-09-14,2026-09-14T04:41:43.870907
FAMI,SHORT,CONVICTION,62.0,BEAR_REJECTION_PENDING,0.12,0.13,0.11,,7077,0.42,HOSTILE,0.1175,LIMIT,12,MINOR,2026-09-14,2026-09-14T04:42:59.028167
CDTG,SHORT,CONVICTION,62.0,BEAR_REJECTION_PENDING,1.39,1.47,1.32,,1274,0.89,HOSTILE,1.3848,LIMIT,4,MINOR,2026-09-14,2026-09-14T04:43:03.576705
MANE,SHORT,CONVICTION,62.0,BEAR_REJECTION_PENDING,101.21,102.69,93.59,90.09,67,5.14,HOSTILE,100.01,LIMIT,20,CONVICTION,2026-09-14,2026-09-14T04:43:12.729243
PFSA,SHORT,CONVICTION,62.0,BEAR_REJECTION_PENDING,2.48,2.68,2.35,,496,0.62,HOSTILE,2.43,LIMIT,20,MINOR,2026-09-14,2026-09-14T04:43:17.040317
BITO,SHORT,CONVICTION,62.0,CHANNEL_TOP_REJECT,10.44,10.62,10.41,9.71,564,0.17,HOSTILE,10.4409,LIMIT,20,COMPRESSION,2026-09-14,2026-09-14T04:43:44.489419
COCO,SHORT,CONVICTION,62.0,BEAR_REJECTION_PENDING,53.1,53.88,47.36,45.43,127,7.33,HOSTILE,52.15,LIMIT,20,COMPRESSION,2026-09-14,2026-09-14T04:43:53.091432
CNXC,SHORT,CONVICTION,62.0,BEAR_REJECTION_PENDING,28.3,28.93,25.54,26.06,159,4.4,HOSTILE,28.29,LIMIT,20,COMPRESSION,2026-09-14,2026-09-14T04:43:52.997431
DLO,SHORT,CONVICTION,62.0,BEAR_REJECTION_PENDING,15.33,15.6,14.56,13.61,374,2.89,HOSTILE,15.03,LIMIT,20,COMPRESSION,2026-09-14,2026-09-14T04:43:57.108971
AIAI,SHORT,CONVICTION,62.0,BEAR_REJECTION_PENDING,3.48,3.68,3.13,,497,1.74,HOSTILE,3.42,LIMIT,20,COMPRESSION,2026-09-14,2026-09-14T04:45:28.498780
LULU,SHORT,CONVICTION,62.0,BEAR_REJECTION_PENDING,98.31,100.05,93.39,,57,2.82,HOSTILE,98.2,LIMIT,20,COMPRESSION,2026-09-14,2026-09-14T04:45:48.648805
MDA,SHORT,CONVICTION,62.0,BEAR_REJECTION_PENDING,28.58,29.14,26.57,27.21,176,3.55,HOSTILE,28.48,LIMIT,20,COMPRESSION,2026-09-14,2026-09-14T04:46:10.325412
BTCT,SHORT,CONVICTION,62.0,BEAR_REJECTION_PENDING,1.46,1.58,1.23,,801,1.84,HOSTILE,1.4332,LIMIT,4,MINOR,2026-09-14,2026-09-14T04:46:11.742408
XPON,SHORT,CONVICTION,62.0,BEAR_REJECTION_PENDING,5.06,5.6,4.81,,184,0.47,HOSTILE,5.04,LIMIT,20,MINOR,2026-09-14,2026-09-14T04:46:13.750412
XRPT,SHORT,CONVICTION,62.0,BEAR_REJECTION_PENDING,34.93,36.13,33.08,31.65,83,1.54,HOSTILE,34.54,LIMIT,20,MINOR,2026-09-14,2026-09-14T04:46:14.520418
PSNYW,SHORT,CONVICTION,62.0,BEAR_REJECTION_PENDING,4.07,4.4,3.87,,307,0.63,HOSTILE,4.06,LIMIT,15,MINOR,2026-09-14,2026-09-14T04:46:42.415032
QFIN,SHORT,CONVICTION,62.0,BEAR_REJECTION_PENDING,8.55,8.73,8.12,,541,2.31,HOSTILE,8.5,LIMIT,20,COMPRESSION,2026-09-14,2026-09-14T04:47:01.997154
WSM,SHORT,CONVICTION,62.0,BEAR_REJECTION_PENDING,229.53,232.01,196.0,204.82,40,13.54,HOSTILE,226.23,LIMIT,20,CONVICTION,2026-09-14,2026-09-14T04:47:53.541891
CYCU,SHORT,CONVICTION,62.0,BEAR_REJECTION_PENDING,3.42,3.58,3.13,3.04,624,1.81,HOSTILE,3.3797,LIMIT,16,MINOR,2026-09-14,2026-09-14T04:47:54.020892
NCPL,SHORT,CONVICTION,62.0,BEAR_REJECTION_PENDING,0.43,0.5,0.41,,1471,0.32,HOSTILE,0.4337,LIMIT,6,MINOR,2026-09-14,2026-09-14T04:47:55.171894
MIMI,SHORT,CONVICTION,62.0,BEAR_REJECTION_PENDING,0.96,1.06,0.92,,1017,0.49,HOSTILE,0.9642,LIMIT,8,MINOR,2026-09-14,2026-09-14T04:47:57.139900
PPCB,SHORT,CONVICTION,62.0,BEAR_REJECTION_PENDING,0.9,1.01,0.86,,882,0.4,HOSTILE,0.9,LIMIT,20,MINOR,2026-09-14,2026-09-14T04:47:56.923901
NMTC,SHORT,CONVICTION,62.0,BEAR_REJECTION_PENDING,1.56,1.64,1.48,,1287,1.0,HOSTILE,1.56,LIMIT,20,COMPRESSION,2026-09-14,2026-09-14T04:48:00.938910
BUG,SHORT,CONVICTION,62.0,CHANNEL_TOP_REJECT,41.45,42.38,41.37,38.72,107,0.09,HOSTILE,41.45,LIMIT,14,MINOR,2026-09-14,2026-09-14T04:48:09.006931
SOLT,SHORT,CONVICTION,62.0,BEAR_REJECTION_PENDING,58.14,60.11,52.77,52.77,50,2.73,HOSTILE,57.0,LIMIT,17,COMPRESSION,2026-09-14,2026-09-14T04:48:24.221969
QNRX,SHORT,CONVICTION,62.0,BEAR_REJECTION_PENDING,6.8,7.06,6.12,5.9,383,2.61,HOSTILE,6.79,LIMIT,20,MINOR,2026-09-14,2026-09-14T04:48:33.103991
AEMD,SHORT,CONVICTION,62.0,BEAR_REJECTION_PENDING,1.54,1.63,1.46,,1104,0.85,HOSTILE,1.52,LIMIT,20,MINOR,2026-09-14,2026-09-14T04:48:32.146987
BBW,SHORT,CONVICTION,62.0,BEAR_REJECTION_PENDING,28.06,28.9,26.66,,119,1.67,HOSTILE,27.5139,LIMIT,20,COMPRESSION,2026-09-14,2026-09-14T04:48:36.395002
AUUD,SHORT,CONVICTION,62.0,BEAR_REJECTION_PENDING,0.94,0.96,0.87,0.87,4680,2.93,HOSTILE,0.9326,LIMIT,13,MINOR,2026-09-14,2026-09-14T04:49:07.898133
SSM,SHORT,CONVICTION,62.0,BEAR_REJECTION_PENDING,2.14,2.35,2.03,,475,0.51,HOSTILE,2.13,LIMIT,20,COMPRESSION,2026-09-14,2026-09-14T04:49:12.983146
RDAC,SHORT,CONVICTION,62.0,BEAR_REJECTION_PENDING,5.17,5.45,4.91,,358,0.93,HOSTILE,5.07,LIMIT,4,MINOR,2026-09-14,2026-09-14T04:49:25.605172
EEFT,SHORT,CONVICTION,62.0,BEAR_REJECTION_PENDING,72.74,73.51,71.37,68.29,130,1.79,HOSTILE,72.18,LIMIT,20,CONVICTION,2026-09-14,2026-09-14T04:49:40.096737
PLTZ,SHORT,CONVICTION,62.0,BEAR_REJECTION_PENDING,10.07,10.31,9.37,9.37,416,2.92,HOSTILE,10.02,LIMIT,10,MINOR,2026-09-14,2026-09-14T04:49:53.942822
HOOG,SHORT,CONVICTION,62.0,BEAR_REJECTION_PENDING,32.68,33.8,30.7,29.28,88,1.76,HOSTILE,32.65,LIMIT,20,MINOR,2026-09-14,2026-09-14T04:50:14.614864
ICE,SHORT,CONVICTION,62.0,BEAR_REJECTION_PENDING,157.78,159.54,146.75,136.0,56,6.25,HOSTILE,157.4,LIMIT,20,CONVICTION,2026-09-14,2026-09-14T04:50:35.038967
GCDT,SHORT,CONVICTION,62.0,BEAR_REJECTION_PENDING,0.43,0.47,0.36,,2485,1.59,HOSTILE,0.427,LIMIT,13,MINOR,2026-09-14,2026-09-14T04:51:37.233684
AMBA,SHORT,CONVICTION,62.0,BEAR_REJECTION_PENDING,65.18,66.37,60.55,58.35,84,3.9,HOSTILE,65.0,LIMIT,20,CONVICTION,2026-09-14,2026-09-14T04:51:44.167694
YMAT,SHORT,CONVICTION,62.0,BEAR_REJECTION_PENDING,1.94,2.03,1.75,,1089,2.07,HOSTILE,1.93,LIMIT,8,MINOR,2026-09-14,2026-09-14T04:51:51.392707
MC,SHORT,CONVICTION,61.9,BEAR_REJECTION_PENDING,64.92,65.71,60.25,62.21,127,5.93,HOSTILE,64.03,LIMIT,20,COMPRESSION,2026-09-14,2026-09-14T04:40:42.264306
ECG,SHORT,CONVICTION,61.9,SHORT_UPPER_DIRTY,119.42,128.44,117.32,,11,0.23,HOSTILE,119.42,LIMIT,20,COMPRESSION,2026-09-14,2026-09-14T04:41:39.763902
ALMS,SHORT,CONVICTION,61.8,BEAR_REJECTION_PENDING,9.44,10.48,8.96,,95,0.45,HOSTILE,9.25,LIMIT,20,CONVICTION,2026-09-14,2026-09-14T04:50:25.621418
LIVN,SHORT,CONVICTION,61.7,BEAR_REJECTION_PENDING,79.23,81.4,67.38,72.44,46,5.46,HOSTILE,77.68,LIMIT,20,COMPRESSION,2026-09-14,2026-09-14T04:39:42.886697
EYE,SHORT,CONVICTION,61.7,BEAR_REJECTION_PENDING,17.64,18.76,14.95,,88,2.38,HOSTILE,17.29,LIMIT,18,COMPRESSION,2026-09-14,2026-09-14T04:46:53.182591
NB,SHORT,CONVICTION,61.6,BEAR_REJECTION_PENDING,3.85,3.95,3.38,3.55,979,4.56,HOSTILE,3.77,LIMIT,20,MINOR,2026-09-14,2026-09-14T04:31:06.624747
MSGS,SHORT,CONVICTION,61.6,BEAR_REJECTION_PENDING,392.24,394.88,365.29,353.87,37,10.18,HOSTILE,392.07,LIMIT,20,VACUUM,2026-09-14,2026-09-14T04:39:49.132232
DDD,SHORT,CONVICTION,61.5,BEAR_REJECTION_PENDING,3.37,3.66,2.84,,342,1.8,HOSTILE,3.3,LIMIT,17,COMPRESSION,2026-09-14,2026-09-14T04:25:13.240190
LABU,SHORT,CONVICTION,61.5,BEAR_REJECTION_PENDING,263.0,269.29,234.01,238.07,15,4.61,HOSTILE,261.43,LIMIT,20,CONVICTION,2026-09-14,2026-09-14T04:36:41.617749
PAAS,SHORT,CONVICTION,61.5,BEAR_REJECTION_PENDING,49.7,50.59,47.29,44.91,112,2.72,HOSTILE,49.33,LIMIT,20,CONVICTION,2026-09-14,2026-09-14T04:45:11.808228
CRWL,SHORT,CONVICTION,61.4,BEAR_REJECTION_PENDING,72.22,74.78,65.97,65.38,38,2.43,HOSTILE,71.96,LIMIT,12,COMPRESSION,2026-09-14,2026-09-14T04:47:59.608907
ALTO,SHORT,CONVICTION,61.3,BEAR_REJECTION_PENDING,3.97,4.08,3.55,,870,3.64,HOSTILE,3.89,LIMIT,20,COMPRESSION,2026-09-14,2026-09-14T04:33:42.879150
CAPR,SHORT,CONVICTION,61.3,BEAR_REJECTION_PENDING,8.75,9.47,8.31,,139,0.61,HOSTILE,8.58,LIMIT,17,COMPRESSION,2026-09-14,2026-09-14T04:42:31.823143
GOLD,SHORT,CONVICTION,61.3,BEAR_REJECTION_PENDING,48.5,49.33,46.15,41.22,120,2.84,HOSTILE,47.99,LIMIT,20,VACUUM,2026-09-14,2026-09-14T04:51:00.950079
NMAX,SHORT,CONVICTION,61.2,BEAR_REJECTION_PENDING,11.74,12.73,9.89,,100,1.86,HOSTILE,11.51,LIMIT,19,MINOR,2026-09-14,2026-09-14T04:25:21.287261
DXYZ,SHORT,CONVICTION,61.2,BEAR_REJECTION_PENDING,31.31,32.35,26.59,27.3,96,4.56,HOSTILE,30.7,LIMIT,20,VACUUM,2026-09-14,2026-09-14T04:33:28.744593
ACMR,SHORT,CONVICTION,61.2,BEAR_REJECTION_PENDING,69.48,76.52,66.01,,14,0.49,HOSTILE,68.12,LIMIT,19,CONVICTION,2026-09-14,2026-09-14T04:42:32.905134
ZSL,SHORT,CONVICTION,61.2,BEAR_REJECTION_PENDING,25.52,27.51,21.85,,50,1.85,HOSTILE,25.3,LIMIT,18,CONVICTION,2026-09-14,2026-09-14T04:43:29.607872
IBTA,SHORT,CONVICTION,61.1,BEAR_REJECTION_PENDING,42.17,43.32,35.57,38.85,87,5.74,HOSTILE,41.34,LIMIT,4,COMPRESSION,2026-09-14,2026-09-14T04:25:53.535365
LTH,SHORT,CONVICTION,61.0,BEAR_REJECTION_PENDING,42.33,44.0,38.0,38.5,59,2.59,HOSTILE,41.5,LIMIT,20,COMPRESSION,2026-09-14,2026-09-14T04:38:18.380377
EAT,SHORT,CONVICTION,61.0,BEAR_REJECTION_PENDING,213.2,215.76,208.49,198.24,39,1.84,HOSTILE,212.49,LIMIT,20,CONVICTION,2026-09-14,2026-09-14T04:39:21.779543
NVDA,SHORT,CONVICTION,60.9,BEAR_REJECTION_PENDING,213.71,219.35,198.44,182.08,17,2.71,HOSTILE,213.0,LIMIT,20,VACUUM,2026-09-14,2026-09-14T04:31:48.583818
VIVK,SHORT,CONVICTION,60.8,BEAR_REJECTION_PENDING,0.8,0.85,0.69,,1843,2.0,HOSTILE,0.7882,LIMIT,12,MINOR,2026-09-14,2026-09-14T04:27:14.605531
CIFR,SHORT,CONVICTION,60.8,BEAR_REJECTION_PENDING,16.17,16.96,14.73,14.24,126,1.82,HOSTILE,15.9,LIMIT,16,COMPRESSION,2026-09-14,2026-09-14T04:29:58.464572
VEEV,SHORT,CONVICTION,60.8,BEAR_REJECTION_PENDING,266.21,269.71,230.52,228.36,28,10.21,HOSTILE,265.17,LIMIT,20,CONVICTION,2026-09-14,2026-09-14T04:40:14.621265
BMRN,SHORT,CONVICTION,60.7,BEAR_REJECTION_PENDING,65.9,66.63,60.43,63.81,136,7.48,HOSTILE,65.8,LIMIT,20,COMPRESSION,2026-09-14,2026-09-14T04:35:58.243949
RRX,SHORT,CONVICTION,60.6,BEAR_REJECTION_PENDING,162.33,164.55,147.27,147.27,45,6.79,HOSTILE,162.29,LIMIT,20,CONVICTION,2026-09-14,2026-09-14T04:48:32.052988
SKYQ,SHORT,CONVICTION,60.5,BEAR_REJECTION_PENDING,3.43,3.85,3.26,,236,0.41,HOSTILE,3.36,LIMIT,3,MINOR,2026-09-14,2026-09-14T04:32:42.542881
VSAT,SHORT,CONVICTION,60.5,BEAR_REJECTION_PENDING,74.8,76.71,67.39,67.39,52,3.87,HOSTILE,73.33,LIMIT,20,VACUUM,2026-09-14,2026-09-14T04:37:31.448419
AVS,SHORT,CONVICTION,60.4,BEAR_REJECTION_PENDING,8.48,8.92,7.63,7.27,224,1.9,HOSTILE,8.31,LIMIT,15,MINOR,2026-09-14,2026-09-14T04:41:29.463889
RVMD,SHORT,CONVICTION,60.4,BEAR_REJECTION_PENDING,207.09,209.6,200.82,194.05,39,2.5,HOSTILE,203.77,LIMIT,20,MINOR,2026-09-14,2026-09-14T04:42:51.166157
SMCX,SHORT,CONVICTION,60.3,BEAR_REJECTION_PENDING,12.44,13.57,11.82,,89,0.55,HOSTILE,12.2,LIMIT,16,COMPRESSION,2026-09-14,2026-09-14T04:35:21.218945
STIM,SHORT,CONVICTION,60.2,BEAR_REJECTION_PENDING,3.04,3.12,2.73,2.73,1324,4.04,HOSTILE,3.03,LIMIT,13,COMPRESSION,2026-09-14,2026-09-14T04:38:47.419970
SLS,SHORT,CONVICTION,60.0,BEAR_REJECTION_PENDING,11.63,12.05,11.05,,234,1.36,HOSTILE,11.4,LIMIT,9,MINOR,2026-09-14,2026-09-14T04:29:52.698565
CIEN,SHORT,CONVICTION,60.0,BEAR_REJECTION_PENDING,333.0,339.58,321.3,285.01,15,1.78,HOSTILE,332.0,LIMIT,20,VACUUM,2026-09-14,2026-09-14T04:39:12.850530
IOND,SHORT,CONVICTION,60.0,BEAR_REJECTION_PENDING,83.76,85.09,80.0,77.54,75,2.83,HOSTILE,83.63,LIMIT,10,COMPRESSION,2026-09-14,2026-09-14T04:39:35.261561
VRNS,SHORT,CONVICTION,60.0,BEAR_REJECTION_PENDING,46.44,48.87,40.8,40.8,41,2.32,HOSTILE,45.53,LIMIT,6,MINOR,2026-09-14,2026-09-14T04:41:11.253340
FIX,SHORT,CONVICTION,60.0,BEAR_REJECTION_PENDING,1648.08,1698.45,1385.33,1510.0,1,5.22,HOSTILE,1616.42,LIMIT,20,VACUUM,2026-09-14,2026-09-14T04:42:45.553150
SE,SHORT,CONVICTION,60.0,BEAR_REJECTION_PENDING,106.22,108.64,92.05,96.89,41,5.85,HOSTILE,105.2317,LIMIT,20,COMPRESSION,2026-09-14,2026-09-14T04:47:04.457160
MTSI,SHORT,CONVICTION,60.0,BEAR_REJECTION_PENDING,265.3,284.31,225.46,,5,2.1,HOSTILE,260.1,LIMIT,20,CONVICTION,2026-09-14,2026-09-14T04:50:35.467964
