ticker,side,tier,fem,mode,entry,stop,t1,t2,shares,rr,spy_regime,current_price,entry_type,n_gaps_above,gap_above_conviction,scan_date,asof
NKE,SHORT,CONVICTION,100.0,BEAR_REJECTION_PENDING,39.5,40.95,37.53,,69,1.36,HOSTILE,38.73,LIMIT,20,COMPRESSION,2026-09-01,2026-09-01T04:29:32.798861
DKS,SHORT,CONVICTION,100.0,BEAR_REJECTION_PENDING,138.1,180.23,131.2,,2,0.16,HOSTILE,135.3925,LIMIT,20,CONVICTION,2026-09-01,2026-09-01T04:35:39.423276
HONA,SHORT,CONVICTION,100.0,BEAR_REJECTION_PENDING,161.0,163.18,156.72,,45,1.96,HOSTILE,158.84,LIMIT,20,CONVICTION,2026-09-01,2026-09-01T04:36:03.305386
DPC,SHORT,CONVICTION,100.0,BEAR_REJECTION_PENDING,42.99,44.3,39.94,39.94,76,2.33,HOSTILE,42.7,LIMIT,20,CONVICTION,2026-09-01,2026-09-01T04:39:50.177620
RRR,SHORT,CONVICTION,100.0,BEAR_REJECTION_PENDING,56.33,59.81,50.49,47.88,28,1.68,HOSTILE,56.16,LIMIT,20,COMPRESSION,2026-09-01,2026-09-01T04:40:39.456298
SKUU,SHORT,CONVICTION,100.0,BEAR_REJECTION_PENDING,23.06,26.14,21.91,,32,0.37,HOSTILE,22.82,LIMIT,20,CONVICTION,2026-09-01,2026-09-01T04:40:48.036842
ELV,SHORT,CONVICTION,100.0,BEAR_REJECTION_PENDING,392.78,428.92,373.14,,2,0.54,HOSTILE,392.54,LIMIT,20,COMPRESSION,2026-09-01,2026-09-01T04:41:40.669997
FICO,SHORT,CONVICTION,100.0,BEAR_REJECTION_PENDING,1150.0,1355.23,1092.5,,1,0.28,HOSTILE,1149.86,LIMIT,17,CONVICTION,2026-09-01,2026-09-01T04:43:25.802899
VCX,SHORT,CONVICTION,100.0,BEAR_REJECTION_PENDING,35.72,40.04,33.93,,23,0.41,HOSTILE,35.02,LIMIT,20,CONVICTION,2026-09-01,2026-09-01T04:44:14.405116
SUNB,SHORT,CONVICTION,100.0,BEAR_REJECTION_PENDING,70.07,72.64,65.66,,38,1.72,HOSTILE,69.85,LIMIT,20,COMPRESSION,2026-09-01,2026-09-01T04:45:28.168404
ACM,SHORT,CONVICTION,100.0,BEAR_REJECTION_PENDING,68.25,73.67,64.84,,18,0.63,HOSTILE,67.87,LIMIT,20,CONVICTION,2026-09-01,2026-09-01T04:46:54.616261
BITB,SHORT,CONVICTION,100.0,BEAR_REJECTION_PENDING,42.39,45.74,37.35,,29,1.51,HOSTILE,42.32,LIMIT,20,CONVICTION,2026-09-01,2026-09-01T04:47:19.534509
BTC,SHORT,CONVICTION,100.0,BEAR_REJECTION_PENDING,34.52,37.27,29.68,,36,1.76,HOSTILE,34.48,LIMIT,20,CONVICTION,2026-09-01,2026-09-01T04:47:33.847074
BNTX,SHORT,CONVICTION,100.0,BEAR_REJECTION_PENDING,102.34,111.96,86.28,,10,1.67,HOSTILE,100.5746,LIMIT,20,COMPRESSION,2026-09-01,2026-09-01T04:49:50.693605
DLTR,SHORT,CONVICTION,100.0,BEAR_REJECTION_PENDING,127.0,132.84,115.24,111.01,17,2.01,HOSTILE,126.59,LIMIT,20,CONVICTION,2026-09-01,2026-09-01T04:50:46.506266
SQM,SHORT,CONVICTION,99.7,BEAR_REJECTION_PENDING,80.1,82.74,72.35,71.1,37,2.93,HOSTILE,79.25,LIMIT,20,CONVICTION,2026-09-01,2026-09-01T04:49:37.864341
PYPL,SHORT,CONVICTION,98.5,BEAR_REJECTION_PENDING,53.24,61.79,50.58,,11,0.31,HOSTILE,52.55,LIMIT,20,COMPRESSION,2026-09-01,2026-09-01T04:29:33.266861
EIX,SHORT,CONVICTION,97.0,BEAR_REJECTION_PENDING,55.64,70.52,52.86,,6,0.19,HOSTILE,54.55,LIMIT,20,CONVICTION,2026-09-01,2026-09-01T04:39:52.081623
ARKB,SHORT,CONVICTION,97.0,BEAR_REJECTION_PENDING,25.89,27.94,22.71,,48,1.55,HOSTILE,25.83,LIMIT,20,CONVICTION,2026-09-01,2026-09-01T04:47:03.993816
MTDR,SHORT,CONVICTION,96.5,BEAR_REJECTION_PENDING,59.17,63.17,49.86,49.86,24,2.33,HOSTILE,58.01,LIMIT,6,CONVICTION,2026-09-01,2026-09-01T04:38:31.253755
SWKS,SHORT,CONVICTION,96.1,BEAR_REJECTION_PENDING,67.02,68.54,62.11,62.12,65,3.23,HOSTILE,66.9633,LIMIT,20,COMPRESSION,2026-09-01,2026-09-01T04:20:46.852687
HCA,SHORT,CONVICTION,95.5,BEAR_REJECTION_PENDING,415.4,419.91,383.63,396.22,22,7.05,HOSTILE,414.45,LIMIT,20,CONVICTION,2026-09-01,2026-09-01T04:30:21.696759
TYL,SHORT,CONVICTION,95.5,BEAR_REJECTION_PENDING,372.22,376.32,353.2,356.83,24,4.64,HOSTILE,371.5,LIMIT,20,CONVICTION,2026-09-01,2026-09-01T04:53:32.241095
RYTM,SHORT,CONVICTION,95.2,BEAR_REJECTION_PENDING,106.13,107.71,97.8,93.75,63,5.29,HOSTILE,106.12,LIMIT,20,CONVICTION,2026-09-01,2026-09-01T04:42:25.301192
WWD,SHORT,CONVICTION,95.0,BEAR_REJECTION_PENDING,340.63,343.63,312.28,312.28,33,9.46,HOSTILE,339.82,LIMIT,20,CONVICTION,2026-09-01,2026-09-01T04:45:38.284508
BBW,SHORT,CONVICTION,95.0,BEAR_REJECTION_PENDING,30.74,38.55,29.21,,12,0.2,HOSTILE,30.14,LIMIT,20,CONVICTION,2026-09-01,2026-09-01T04:53:42.473115
ICLR,SHORT,CONVICTION,94.8,BEAR_REJECTION_PENDING,165.75,182.91,157.46,,5,0.48,HOSTILE,164.99,LIMIT,20,COMPRESSION,2026-09-01,2026-09-01T04:23:14.831391
INTU,SHORT,CONVICTION,93.3,BEAR_REJECTION_PENDING,364.35,369.12,324.35,349.5,20,8.38,HOSTILE,359.89,LIMIT,17,COMPRESSION,2026-09-01,2026-09-01T04:29:12.551219
ALNT,SHORT,CONVICTION,92.8,BEAR_REJECTION_PENDING,94.28,96.32,80.19,80.19,49,6.91,HOSTILE,94.02,LIMIT,20,CONVICTION,2026-09-01,2026-09-01T04:24:56.972686
GBTC,SHORT,CONVICTION,92.1,BEAR_REJECTION_PENDING,60.75,65.92,51.5,,19,1.79,HOSTILE,60.34,LIMIT,20,CONVICTION,2026-09-01,2026-09-01T04:48:10.215026
TREX,SHORT,CONVICTION,91.5,BEAR_REJECTION_PENDING,46.58,48.51,39.43,40.24,51,3.71,HOSTILE,45.67,LIMIT,20,CONVICTION,2026-09-01,2026-09-01T04:33:05.319171
SNDU,SHORT,CONVICTION,91.3,BEAR_REJECTION_PENDING,21.26,23.35,17.86,,47,1.63,HOSTILE,20.95,LIMIT,20,VACUUM,2026-09-01,2026-09-01T04:38:59.960941
SRPT,SHORT,CONVICTION,91.0,BEAR_REJECTION_PENDING,21.26,36.36,20.19,,6,0.07,HOSTILE,20.84,LIMIT,20,CONVICTION,2026-09-01,2026-09-01T04:40:54.042851
IBIT,SHORT,CONVICTION,91.0,BEAR_REJECTION_PENDING,44.25,47.73,38.76,,28,1.58,HOSTILE,44.12,LIMIT,20,CONVICTION,2026-09-01,2026-09-01T04:48:13.655035
PRAX,SHORT,CONVICTION,90.8,BEAR_REJECTION_PENDING,356.41,368.32,315.0,307.59,8,3.48,HOSTILE,350.0,LIMIT,20,VACUUM,2026-09-01,2026-09-01T04:42:20.283128
SIMO,SHORT,CONVICTION,90.8,BEAR_REJECTION_PENDING,250.0,259.65,230.59,225.1,10,2.01,HOSTILE,246.63,LIMIT,20,CONVICTION,2026-09-01,2026-09-01T04:42:28.807729
GSHD,SHORT,CONVICTION,90.7,BEAR_REJECTION_PENDING,69.0,71.07,62.57,58.91,48,3.1,HOSTILE,68.65,LIMIT,20,COMPRESSION,2026-09-01,2026-09-01T04:24:38.209596
MEDP,SHORT,CONVICTION,89.8,BEAR_REJECTION_PENDING,594.32,603.65,517.87,512.04,10,8.19,HOSTILE,593.99,LIMIT,20,CONVICTION,2026-09-01,2026-09-01T04:46:03.582640
AGCO,SHORT,CONVICTION,89.7,BEAR_REJECTION_PENDING,118.76,121.44,107.64,112.56,37,4.14,HOSTILE,118.31,LIMIT,15,CONVICTION,2026-09-01,2026-09-01T04:44:24.028149
VRSK,SHORT,CONVICTION,89.7,BEAR_REJECTION_PENDING,197.66,201.35,187.79,174.76,27,2.67,HOSTILE,193.78,LIMIT,20,CONVICTION,2026-09-01,2026-09-01T04:46:19.115673
CRL,SHORT,CONVICTION,89.3,BEAR_REJECTION_PENDING,291.66,297.89,260.72,257.0,16,4.96,HOSTILE,289.34,LIMIT,20,CONVICTION,2026-09-01,2026-09-01T04:37:51.082690
CVLT,SHORT,CONVICTION,89.2,BEAR_REJECTION_PENDING,137.54,139.46,126.14,119.7,52,5.93,HOSTILE,137.52,LIMIT,20,CONVICTION,2026-09-01,2026-09-01T04:37:51.378690
THC,SHORT,CONVICTION,89.0,BEAR_REJECTION_PENDING,270.36,275.56,257.43,238.48,19,2.49,HOSTILE,265.91,LIMIT,20,COMPRESSION,2026-09-01,2026-09-01T04:42:33.616267
KOLD,SHORT,CONVICTION,89.0,BEAR_REJECTION_PENDING,29.26,30.92,24.85,25.03,60,2.65,HOSTILE,28.85,LIMIT,20,CONVICTION,2026-09-01,2026-09-01T04:48:28.767653
AMKR,SHORT,CONVICTION,88.8,BEAR_REJECTION_PENDING,48.02,50.51,40.5,41.69,40,3.02,HOSTILE,47.08,LIMIT,20,CONVICTION,2026-09-01,2026-09-01T04:25:42.894840
VISN,SHORT,CONVICTION,88.6,BEAR_REJECTION_PENDING,6.45,11.67,6.12,,19,0.06,HOSTILE,6.32,LIMIT,20,CONVICTION,2026-09-01,2026-09-01T04:37:05.255619
ESAB,SHORT,CONVICTION,88.6,BEAR_REJECTION_PENDING,75.75,76.81,71.96,,94,3.57,HOSTILE,75.38,LIMIT,20,COMPRESSION,2026-09-01,2026-09-01T04:50:58.660289
LLY,SHORT,CONVICTION,88.0,BEAR_REJECTION_PENDING,1157.5,1168.6,1108.6,1049.81,9,4.41,HOSTILE,1157.4,LIMIT,20,CONVICTION,2026-09-01,2026-09-01T04:38:24.081743
FRPT,SHORT,CONVICTION,88.0,BEAR_REJECTION_PENDING,70.04,71.17,60.0,66.6,88,8.85,HOSTILE,69.84,LIMIT,20,COMPRESSION,2026-09-01,2026-09-01T04:39:57.772632
FUL,SHORT,CONVICTION,88.0,BEAR_REJECTION_PENDING,56.05,57.28,51.17,51.17,80,3.95,HOSTILE,54.95,LIMIT,20,COMPRESSION,2026-09-01,2026-09-01T04:44:46.816748
NRG,SHORT,CONVICTION,87.8,BEAR_REJECTION_PENDING,110.3,111.69,102.04,,72,5.96,HOSTILE,110.12,LIMIT,20,COMPRESSION,2026-09-01,2026-09-01T04:45:12.145358
PNR,SHORT,CONVICTION,87.5,BEAR_REJECTION_PENDING,61.14,61.98,59.88,,119,1.5,HOSTILE,60.52,LIMIT,20,COMPRESSION,2026-09-01,2026-09-01T04:39:34.076595
WFRD,SHORT,CONVICTION,87.2,BEAR_REJECTION_PENDING,99.42,104.25,85.71,83.29,20,2.84,HOSTILE,97.47,LIMIT,20,CONVICTION,2026-09-01,2026-09-01T04:39:19.564578
ZLAB,SHORT,CONVICTION,87.1,BEAR_REJECTION_PENDING,25.5,26.21,21.96,22.77,140,4.98,HOSTILE,25.46,LIMIT,20,COMPRESSION,2026-09-01,2026-09-01T04:41:13.291414
LULU,SHORT,CONVICTION,87.1,BEAR_REJECTION_PENDING,120.26,121.61,117.59,116.64,73,1.97,HOSTILE,120.0,LIMIT,20,COMPRESSION,2026-09-01,2026-09-01T04:50:09.905644
NSIT,SHORT,CONVICTION,87.0,BEAR_REJECTION_PENDING,160.16,172.85,136.41,,7,1.87,HOSTILE,157.02,LIMIT,7,COMPRESSION,2026-09-01,2026-09-01T04:38:43.000799
BLSH,SHORT,CONVICTION,87.0,BEAR_REJECTION_PENDING,33.82,35.08,29.75,30.97,79,3.22,HOSTILE,33.7,LIMIT,17,CONVICTION,2026-09-01,2026-09-01T04:42:49.030293
NTR,SHORT,CONVICTION,87.0,BEAR_REJECTION_PENDING,77.37,83.26,68.41,,16,1.52,HOSTILE,75.85,LIMIT,3,CONVICTION,2026-09-01,2026-09-01T04:49:23.764787
NSP,SHORT,CONVICTION,86.8,BEAR_REJECTION_PENDING,54.42,59.88,45.64,,18,1.61,HOSTILE,53.35,LIMIT,7,CONVICTION,2026-09-01,2026-09-01T04:24:47.927139
BTU,SHORT,CONVICTION,86.8,BEAR_REJECTION_PENDING,30.43,32.12,27.8,25.64,59,1.56,HOSTILE,29.9439,LIMIT,13,CONVICTION,2026-09-01,2026-09-01T04:37:37.389669
ESTC,SHORT,CONVICTION,86.7,BEAR_REJECTION_PENDING,98.0,100.41,90.0,85.5,41,3.32,HOSTILE,97.51,LIMIT,8,CONVICTION,2026-09-01,2026-09-01T04:21:49.924915
CSCO,SHORT,CONVICTION,86.7,BEAR_REJECTION_PENDING,112.76,123.36,107.12,,9,0.53,HOSTILE,110.55,LIMIT,20,CONVICTION,2026-09-01,2026-09-01T04:31:56.732511
AR,SHORT,CONVICTION,86.6,BEAR_REJECTION_PENDING,39.17,40.86,34.27,34.51,59,2.89,HOSTILE,38.8,LIMIT,11,CONVICTION,2026-09-01,2026-09-01T04:37:19.519640
APPF,SHORT,CONVICTION,86.6,BEAR_REJECTION_PENDING,238.89,249.2,218.0,211.09,9,2.03,HOSTILE,234.21,LIMIT,11,CONVICTION,2026-09-01,2026-09-01T04:39:34.344595
WMS,SHORT,CONVICTION,86.5,BEAR_REJECTION_PENDING,135.7,137.67,125.1,131.21,50,5.37,HOSTILE,134.95,LIMIT,20,CONVICTION,2026-09-01,2026-09-01T04:44:18.833129
ORKA,SHORT,CONVICTION,86.4,BEAR_REJECTION_PENDING,94.47,97.02,81.0,81.0,39,5.28,HOSTILE,92.62,LIMIT,20,VACUUM,2026-09-01,2026-09-01T04:22:33.374264
MDT,SHORT,CONVICTION,86.3,BEAR_REJECTION_PENDING,92.28,93.36,86.81,83.51,91,5.02,HOSTILE,91.89,LIMIT,20,CONVICTION,2026-09-01,2026-09-01T04:28:25.293512
EMR,SHORT,CONVICTION,86.2,BEAR_REJECTION_PENDING,153.77,155.96,148.6,131.36,45,2.37,HOSTILE,152.44,LIMIT,20,CONVICTION,2026-09-01,2026-09-01T04:39:52.470623
AMR,SHORT,CONVICTION,86.2,BEAR_REJECTION_PENDING,239.6,243.19,229.68,229.68,27,2.76,HOSTILE,237.68,LIMIT,3,CONVICTION,2026-09-01,2026-09-01T04:46:55.527263
ILMN,SHORT,CONVICTION,86.2,BEAR_REJECTION_PENDING,213.74,216.67,191.01,193.51,34,7.76,HOSTILE,213.63,LIMIT,20,CONVICTION,2026-09-01,2026-09-01T04:48:18.199572
IRTC,SHORT,CONVICTION,86.1,BEAR_REJECTION_PENDING,119.24,121.26,110.81,113.83,49,4.17,HOSTILE,118.95,LIMIT,20,CONVICTION,2026-09-01,2026-09-01T04:41:57.483559
SEI,SHORT,CONVICTION,86.1,BEAR_REJECTION_PENDING,51.77,53.24,49.34,43.95,68,1.65,HOSTILE,50.7523,LIMIT,20,COMPRESSION,2026-09-01,2026-09-01T04:45:21.014383
DOO,SHORT,CONVICTION,86.1,BEAR_REJECTION_PENDING,61.8,70.41,58.71,,11,0.36,HOSTILE,61.79,LIMIT,19,COMPRESSION,2026-09-01,2026-09-01T04:46:29.377747
HLNE,SHORT,CONVICTION,86.0,BEAR_REJECTION_PENDING,111.0,113.56,101.97,99.07,38,3.51,HOSTILE,108.82,LIMIT,7,CONVICTION,2026-09-01,2026-09-01T04:40:06.945183
NDSN,SHORT,CONVICTION,86.0,BEAR_REJECTION_PENDING,322.68,326.21,298.65,296.74,28,6.8,HOSTILE,321.72,LIMIT,20,CONVICTION,2026-09-01,2026-09-01T04:49:22.916635
PAYC,SHORT,CONVICTION,85.9,BEAR_REJECTION_PENDING,243.88,252.1,212.89,215.72,12,3.77,HOSTILE,239.1,LIMIT,11,CONVICTION,2026-09-01,2026-09-01T04:43:52.980491
DASH,SHORT,CONVICTION,85.9,BEAR_REJECTION_PENDING,236.76,243.26,200.45,204.21,15,5.59,HOSTILE,232.12,LIMIT,6,CONVICTION,2026-09-01,2026-09-01T04:50:43.148260
MAN,SHORT,CONVICTION,85.8,BEAR_REJECTION_PENDING,63.2,64.69,56.67,59.42,67,4.38,HOSTILE,62.96,LIMIT,10,CONVICTION,2026-09-01,2026-09-01T04:46:33.260116
OSIS,SHORT,CONVICTION,85.5,BEAR_REJECTION_PENDING,210.27,212.99,204.2,188.5,36,2.23,HOSTILE,207.91,LIMIT,20,COMPRESSION,2026-09-01,2026-09-01T04:50:10.455645
HACK,SHORT,CONVICTION,85.3,BEAR_REJECTION_PENDING,117.62,120.15,99.99,99.99,39,6.96,HOSTILE,117.2,LIMIT,20,CONVICTION,2026-09-01,2026-09-01T04:53:21.118077
CHTR,SHORT,CONVICTION,85.2,BEAR_REJECTION_PENDING,151.0,153.2,133.58,143.78,45,7.91,HOSTILE,150.15,LIMIT,20,VACUUM,2026-09-01,2026-09-01T04:39:47.854618
TTAN,SHORT,CONVICTION,85.1,BEAR_REJECTION_PENDING,98.48,100.37,85.8,91.57,52,6.71,HOSTILE,97.9,LIMIT,19,CONVICTION,2026-09-01,2026-09-01T04:22:18.977628
KLAR,SHORT,CONVICTION,85.0,BEAR_REJECTION_PENDING,14.84,19.61,14.1,,20,0.16,HOSTILE,14.55,LIMIT,15,CONVICTION,2026-09-01,2026-09-01T04:43:37.702447
SKHY,SHORT,CONVICTION,85.0,BEAR_REJECTION_PENDING,165.48,172.24,150.7,139.22,14,2.19,HOSTILE,162.24,LIMIT,20,VACUUM,2026-09-01,2026-09-01T04:44:07.145543
TFX,SHORT,CONVICTION,85.0,BEAR_REJECTION_PENDING,144.89,177.27,137.65,,3,0.22,HOSTILE,142.05,LIMIT,1,CONVICTION,2026-09-01,2026-09-01T04:50:14.881656
RMD,SHORT,CONVICTION,84.9,BEAR_REJECTION_PENDING,244.9,248.35,236.64,233.5,29,2.4,HOSTILE,240.1,LIMIT,20,CONVICTION,2026-09-01,2026-09-01T04:38:54.772875
VRSN,SHORT,CONVICTION,84.8,BEAR_REJECTION_PENDING,290.01,293.39,281.99,278.21,29,2.37,HOSTILE,288.2772,LIMIT,20,CONVICTION,2026-09-01,2026-09-01T04:50:55.785283
CDW,SHORT,CONVICTION,84.7,BEAR_REJECTION_PENDING,153.0,155.6,148.36,139.69,38,1.78,HOSTILE,152.838,LIMIT,2,CONVICTION,2026-09-01,2026-09-01T04:42:51.854297
GDXD,SHORT,CONVICTION,84.5,BEAR_REJECTION_PENDING,18.97,24.49,18.02,,18,0.17,HOSTILE,18.6,LIMIT,13,CONVICTION,2026-09-01,2026-09-01T04:53:50.289127
NTAP,SHORT,CONVICTION,84.3,BEAR_REJECTION_PENDING,185.29,187.32,179.06,170.22,49,3.07,HOSTILE,184.9,LIMIT,20,CONVICTION,2026-09-01,2026-09-01T04:52:28.838800
BX,SHORT,CONVICTION,84.0,BEAR_REJECTION_PENDING,143.08,145.22,128.1,125.2,46,6.99,HOSTILE,142.68,LIMIT,20,COMPRESSION,2026-09-01,2026-09-01T04:39:45.180612
WING,SHORT,CONVICTION,84.0,BEAR_REJECTION_PENDING,108.03,110.15,102.63,,47,2.55,HOSTILE,107.8,LIMIT,20,COMPRESSION,2026-09-01,2026-09-01T04:45:38.276506
HWM,SHORT,CONVICTION,84.0,BEAR_REJECTION_PENDING,247.25,249.94,242.69,234.02,37,1.7,HOSTILE,246.25,LIMIT,20,CONVICTION,2026-09-01,2026-09-01T04:54:17.326712
CDNS,SHORT,CONVICTION,83.7,BEAR_REJECTION_PENDING,338.78,342.09,312.6,318.43,30,7.9,HOSTILE,338.51,LIMIT,20,CONVICTION,2026-09-01,2026-09-01T04:51:16.391381
NVDA,SHORT,CONVICTION,83.2,BEAR_REJECTION_PENDING,222.11,226.26,211.3,198.44,24,2.61,HOSTILE,218.34,LIMIT,20,VACUUM,2026-09-01,2026-09-01T04:32:49.849143
PLNT,SHORT,CONVICTION,83.1,BEAR_REJECTION_PENDING,52.42,53.6,50.42,49.15,84,1.7,HOSTILE,51.6,LIMIT,20,COMPRESSION,2026-09-01,2026-09-01T04:46:41.223922
HPQ,SHORT,CONVICTION,82.7,BEAR_REJECTION_PENDING,30.64,33.3,25.98,,37,1.76,HOSTILE,30.04,LIMIT,12,CONVICTION,2026-09-01,2026-09-01T04:30:41.714218
YSS,SHORT,CONVICTION,82.7,BEAR_REJECTION_PENDING,9.18,9.48,8.72,,328,1.51,HOSTILE,9.0,LIMIT,17,COMPRESSION,2026-09-01,2026-09-01T04:44:24.006147
WK,SHORT,CONVICTION,82.5,BEAR_REJECTION_PENDING,81.6,86.15,68.57,70.0,21,2.86,HOSTILE,80.0,LIMIT,13,CONVICTION,2026-09-01,2026-09-01T04:41:08.986406
ECHO,SHORT,CONVICTION,82.5,BEAR_REJECTION_PENDING,88.04,88.88,85.73,85.73,119,2.76,HOSTILE,86.58,LIMIT,20,COMPRESSION,2026-09-01,2026-09-01T04:41:37.939994
RAM,SHORT,CONVICTION,82.5,BEAR_REJECTION_PENDING,12.2,13.22,10.53,,98,1.64,HOSTILE,12.16,LIMIT,20,COMPRESSION,2026-09-01,2026-09-01T04:43:59.869520
PTGX,SHORT,CONVICTION,82.5,BEAR_REJECTION_PENDING,145.24,150.25,137.32,125.89,19,1.58,HOSTILE,142.39,LIMIT,20,VACUUM,2026-09-01,2026-09-01T04:45:20.116383
TKO,SHORT,CONVICTION,82.5,BEAR_REJECTION_PENDING,184.19,185.75,178.32,164.21,64,3.76,HOSTILE,182.61,LIMIT,20,COMPRESSION,2026-09-01,2026-09-01T04:48:54.789653
OLED,SHORT,CONVICTION,82.4,BEAR_REJECTION_PENDING,84.83,86.42,80.42,80.9,62,2.78,HOSTILE,83.17,LIMIT,20,COMPRESSION,2026-09-01,2026-09-01T04:40:21.085734
RBA,SHORT,CONVICTION,82.4,BEAR_REJECTION_PENDING,85.41,86.49,80.99,82.61,92,4.09,HOSTILE,84.58,LIMIT,20,COMPRESSION,2026-09-01,2026-09-01T04:46:43.479925
INIO,SHORT,CONVICTION,82.3,BEAR_REJECTION_PENDING,20.5,21.19,19.48,,146,1.5,HOSTILE,20.1,LIMIT,20,COMPRESSION,2026-09-01,2026-09-01T04:29:39.739888
EROC,SHORT,CONVICTION,82.2,BEAR_REJECTION_PENDING,12.14,12.64,10.73,10.65,198,2.79,HOSTILE,11.9,LIMIT,20,COMPRESSION,2026-09-01,2026-09-01T04:41:42.005999
QFIN,SHORT,CONVICTION,82.2,BEAR_REJECTION_PENDING,8.7,8.88,8.26,,554,2.41,HOSTILE,8.69,LIMIT,20,COMPRESSION,2026-09-01,2026-09-01T04:51:33.991475
ADM,SHORT,CONVICTION,82.1,BEAR_REJECTION_PENDING,82.92,86.35,69.51,71.58,29,3.9,HOSTILE,81.29,LIMIT,20,COMPRESSION,2026-09-01,2026-09-01T04:37:11.381628
CELH,SHORT,CONVICTION,82.0,BEAR_REJECTION_PENDING,32.12,33.14,29.98,27.93,98,2.1,HOSTILE,31.495,LIMIT,20,COMPRESSION,2026-09-01,2026-09-01T04:35:28.615724
MELI,SHORT,CONVICTION,82.0,BEAR_REJECTION_PENDING,1934.23,1954.26,1685.96,1757.9,4,12.39,HOSTILE,1932.0,LIMIT,20,CONVICTION,2026-09-01,2026-09-01T04:40:14.661724
SNPS,SHORT,CONVICTION,82.0,BEAR_REJECTION_PENDING,435.56,441.61,384.29,419.66,16,8.48,HOSTILE,435.5,LIMIT,20,CONVICTION,2026-09-01,2026-09-01T04:51:43.958020
ESNT,SHORT,CONVICTION,81.9,BEAR_REJECTION_PENDING,68.15,69.24,66.21,58.81,91,1.77,HOSTILE,67.56,LIMIT,20,COMPRESSION,2026-09-01,2026-09-01T04:35:45.320283
VOYG,SHORT,CONVICTION,81.9,BEAR_REJECTION_PENDING,33.95,34.65,31.5,31.65,142,3.48,HOSTILE,33.63,LIMIT,20,COMPRESSION,2026-09-01,2026-09-01T04:37:05.345617
UCO,SHORT,CONVICTION,81.9,BEAR_REJECTION_PENDING,46.09,48.4,39.27,39.27,43,2.95,HOSTILE,45.92,LIMIT,10,CONVICTION,2026-09-01,2026-09-01T04:39:16.104566
LB,SHORT,CONVICTION,81.8,BEAR_REJECTION_PENDING,88.5,91.45,76.24,78.7,33,4.15,HOSTILE,87.58,LIMIT,20,VACUUM,2026-09-01,2026-09-01T04:24:04.386013
DKNG,SHORT,CONVICTION,81.8,BEAR_REJECTION_PENDING,24.63,25.39,22.89,22.94,132,2.31,HOSTILE,24.15,LIMIT,20,COMPRESSION,2026-09-01,2026-09-01T04:28:25.052512
CAI,SHORT,CONVICTION,81.7,BEAR_REJECTION_PENDING,26.15,26.58,24.82,25.09,231,3.08,HOSTILE,25.8211,LIMIT,20,COMPRESSION,2026-09-01,2026-09-01T04:35:25.826719
QNST,SHORT,CONVICTION,81.7,BEAR_REJECTION_PENDING,19.94,20.2,19.17,18.95,383,2.96,HOSTILE,19.79,LIMIT,20,COMPRESSION,2026-09-01,2026-09-01T04:36:34.945039
SKHZ,SHORT,CONVICTION,81.7,BEAR_REJECTION_PENDING,11.48,11.71,10.98,10.65,428,2.14,HOSTILE,11.26,LIMIT,20,COMPRESSION,2026-09-01,2026-09-01T04:48:51.450907
KKR,SHORT,CONVICTION,81.6,BEAR_REJECTION_PENDING,111.6,114.58,94.64,104.01,33,5.69,HOSTILE,109.41,LIMIT,20,CONVICTION,2026-09-01,2026-09-01T04:40:08.451184
GPN,SHORT,CONVICTION,81.6,BEAR_REJECTION_PENDING,91.28,92.28,85.75,82.02,100,5.53,HOSTILE,91.05,LIMIT,20,COMPRESSION,2026-09-01,2026-09-01T04:41:48.511012
FNV,SHORT,CONVICTION,81.6,BEAR_REJECTION_PENDING,260.0,263.96,242.8,226.55,25,4.35,HOSTILE,257.23,LIMIT,20,COMPRESSION,2026-09-01,2026-09-01T04:49:10.864576
BDX,SHORT,CONVICTION,81.4,BEAR_REJECTION_PENDING,188.4,190.55,167.75,175.88,46,9.61,HOSTILE,188.11,LIMIT,20,VACUUM,2026-09-01,2026-09-01T04:41:17.726962
STRL,SHORT,CONVICTION,81.4,BEAR_REJECTION_PENDING,471.06,479.76,437.1,413.58,11,3.9,HOSTILE,467.0,LIMIT,20,CONVICTION,2026-09-01,2026-09-01T04:45:27.899405
REZI,SHORT,CONVICTION,81.3,BEAR_REJECTION_PENDING,19.49,19.9,17.11,16.92,243,5.8,HOSTILE,19.36,LIMIT,20,COMPRESSION,2026-09-01,2026-09-01T04:39:34.280594
IQV,SHORT,CONVICTION,81.3,BEAR_REJECTION_PENDING,261.85,265.2,235.0,241.04,29,8.0,HOSTILE,261.19,LIMIT,6,VACUUM,2026-09-01,2026-09-01T04:49:18.422781
UHS,SHORT,CONVICTION,80.9,BEAR_REJECTION_PENDING,171.09,172.52,157.0,166.45,70,9.86,HOSTILE,170.2,LIMIT,20,COMPRESSION,2026-09-01,2026-09-01T04:42:38.084274
ETHU,SHORT,CONVICTION,80.9,BEAR_REJECTION_PENDING,26.55,29.67,25.22,,32,0.43,HOSTILE,26.0305,LIMIT,20,CONVICTION,2026-09-01,2026-09-01T04:47:57.463470
ALSN,SHORT,CONVICTION,80.9,BEAR_REJECTION_PENDING,128.22,141.67,121.81,,7,0.48,HOSTILE,125.71,LIMIT,20,COMPRESSION,2026-09-01,2026-09-01T04:49:03.526899
DX,SHORT,CONVICTION,80.8,BEAR_REJECTION_PENDING,13.15,13.32,12.14,12.62,601,6.08,HOSTILE,12.9,LIMIT,20,COMPRESSION,2026-09-01,2026-09-01T04:26:07.219952
RH,SHORT,CONVICTION,80.8,BEAR_REJECTION_PENDING,149.15,151.57,141.84,133.86,41,3.03,HOSTILE,149.0,LIMIT,20,COMPRESSION,2026-09-01,2026-09-01T04:50:24.669672
IREN,SHORT,CONVICTION,80.7,BEAR_REJECTION_PENDING,37.16,40.73,35.3,,27,0.52,HOSTILE,36.43,LIMIT,20,CONVICTION,2026-09-01,2026-09-01T04:23:11.897393
APO,SHORT,CONVICTION,80.5,BEAR_REJECTION_PENDING,139.33,141.46,126.8,123.0,46,5.88,HOSTILE,136.6,LIMIT,20,CONVICTION,2026-09-01,2026-09-01T04:37:16.516635
MDGL,SHORT,CONVICTION,80.3,BEAR_REJECTION_PENDING,539.38,546.41,492.73,516.1,14,6.64,HOSTILE,534.27,LIMIT,12,CONVICTION,2026-09-01,2026-09-01T04:40:14.041724
ZS,SHORT,CONVICTION,80.1,BEAR_REJECTION_PENDING,192.57,200.92,179.12,162.41,11,1.61,HOSTILE,188.79,LIMIT,6,COMPRESSION,2026-09-01,2026-09-01T04:39:26.678583
TDC,SHORT,CONVICTION,80.0,BEAR_REJECTION_PENDING,29.21,29.55,27.59,26.86,296,4.81,HOSTILE,29.0,LIMIT,9,CONVICTION,2026-09-01,2026-09-01T04:46:47.621053
UPST,SHORT,CONVICTION,79.9,BEAR_REJECTION_PENDING,28.68,29.23,25.93,25.93,183,5.04,HOSTILE,28.44,LIMIT,20,COMPRESSION,2026-09-01,2026-09-01T04:34:22.310962
BSY,SHORT,CONVICTION,79.8,BEAR_REJECTION_PENDING,36.93,37.86,34.21,31.97,107,2.92,HOSTILE,36.75,LIMIT,20,COMPRESSION,2026-09-01,2026-09-01T04:39:43.624610
MSFT,SHORT,CONVICTION,79.5,BEAR_REJECTION_PENDING,503.8,509.54,476.12,476.12,17,4.82,HOSTILE,503.65,LIMIT,20,COMPRESSION,2026-09-01,2026-09-01T04:29:44.016414
BMNR,SHORT,CONVICTION,79.4,BEAR_REJECTION_PENDING,25.1,25.76,23.6,23.6,151,2.28,HOSTILE,24.79,LIMIT,20,CONVICTION,2026-09-01,2026-09-01T04:21:20.714805
CEVA,SHORT,CONVICTION,79.0,BEAR_REJECTION_PENDING,27.38,28.13,23.05,25.5,133,5.77,HOSTILE,27.04,LIMIT,20,COMPRESSION,2026-09-01,2026-09-01T04:35:29.715726
SION,SHORT,CONVICTION,79.0,BEAR_REJECTION_PENDING,6.03,47.09,5.73,,2,0.01,HOSTILE,5.91,LIMIT,20,CONVICTION,2026-09-01,2026-09-01T04:40:46.677841
BRUN,SHORT,CONVICTION,79.0,BEAR_REJECTION_PENDING,17.77,19.61,16.88,,54,0.48,HOSTILE,17.42,LIMIT,20,COMPRESSION,2026-09-01,2026-09-01T04:41:20.602969
JMKE,SHORT,CONVICTION,79.0,BEAR_REJECTION_PENDING,22.07,22.66,20.97,,170,1.88,HOSTILE,21.64,LIMIT,20,COMPRESSION,2026-09-01,2026-09-01T04:41:59.755562
POST,SHORT,CONVICTION,79.0,BEAR_REJECTION_PENDING,85.03,90.68,80.78,,17,0.75,HOSTILE,83.36,LIMIT,20,CONVICTION,2026-09-01,2026-09-01T04:42:19.967131
AEIS,SHORT,CONVICTION,79.0,BEAR_REJECTION_PENDING,280.12,287.26,247.26,235.43,14,4.6,HOSTILE,276.86,LIMIT,20,CONVICTION,2026-09-01,2026-09-01T04:45:51.118270
CX,SHORT,CONVICTION,79.0,BEAR_REJECTION_PENDING,10.81,10.92,10.4,9.58,874,3.59,HOSTILE,10.745,LIMIT,20,COMPRESSION,2026-09-01,2026-09-01T04:49:54.306618
SNXX,SHORT,CONVICTION,78.7,BEAR_REJECTION_PENDING,13.66,15.0,11.51,,74,1.6,HOSTILE,13.48,LIMIT,18,MINOR,2026-09-01,2026-09-01T04:39:01.703944
CWK,SHORT,CONVICTION,78.7,BEAR_REJECTION_PENDING,13.75,14.19,12.89,12.62,226,1.95,HOSTILE,13.48,LIMIT,20,COMPRESSION,2026-09-01,2026-09-01T04:47:41.872679
FFIV,SHORT,CONVICTION,78.5,BEAR_REJECTION_PENDING,408.22,413.8,395.86,375.34,17,2.22,HOSTILE,405.07,LIMIT,20,VACUUM,2026-09-01,2026-09-01T04:52:15.147719
GDDY,SHORT,CONVICTION,78.4,BEAR_REJECTION_PENDING,98.47,100.1,92.25,84.1,61,3.82,HOSTILE,97.88,LIMIT,20,COMPRESSION,2026-09-01,2026-09-01T04:41:48.352009
PWR,SHORT,CONVICTION,78.3,BEAR_REJECTION_PENDING,605.34,615.6,566.0,574.02,9,3.83,HOSTILE,604.0,LIMIT,20,CONVICTION,2026-09-01,2026-09-01T04:46:07.129084
PI,SHORT,CONVICTION,78.0,BEAR_REJECTION_PENDING,177.81,200.54,168.92,,4,0.39,HOSTILE,174.32,LIMIT,2,CONVICTION,2026-09-01,2026-09-01T04:23:50.835449
TSEM,SHORT,CONVICTION,78.0,BEAR_REJECTION_PENDING,208.13,213.06,177.03,187.0,20,6.31,HOSTILE,205.6325,LIMIT,20,CONVICTION,2026-09-01,2026-09-01T04:25:34.938815
ASH,SHORT,CONVICTION,78.0,BEAR_REJECTION_PENDING,74.37,75.96,67.0,65.89,62,4.63,HOSTILE,72.91,LIMIT,20,CONVICTION,2026-09-01,2026-09-01T04:35:14.965702
TLN,SHORT,CONVICTION,78.0,BEAR_REJECTION_PENDING,296.61,301.16,281.78,,22,3.26,HOSTILE,296.0,LIMIT,20,COMPRESSION,2026-09-01,2026-09-01T04:41:00.946862
BABA,SHORT,CONVICTION,78.0,BEAR_REJECTION_PENDING,112.9,114.75,97.41,107.6,54,8.37,HOSTILE,112.46,LIMIT,20,COMPRESSION,2026-09-01,2026-09-01T04:49:05.013108
LOPE,SHORT,CONVICTION,78.0,BEAR_REJECTION_PENDING,149.88,151.63,133.94,145.1,56,9.09,HOSTILE,148.13,LIMIT,20,COMPRESSION,2026-09-01,2026-09-01T04:51:29.491466
FUN,SHORT,CONVICTION,77.9,BEAR_REJECTION_PENDING,15.49,16.3,13.94,,123,1.92,HOSTILE,15.1892,LIMIT,20,COMPRESSION,2026-09-01,2026-09-01T04:35:50.879835
HRI,SHORT,CONVICTION,77.8,BEAR_REJECTION_PENDING,154.37,156.39,151.26,143.5,49,1.54,HOSTILE,152.34,LIMIT,20,CONVICTION,2026-09-01,2026-09-01T04:24:36.409593
MBLY,SHORT,CONVICTION,77.8,BEAR_REJECTION_PENDING,8.72,9.08,7.78,7.3,282,2.66,HOSTILE,8.55,LIMIT,20,COMPRESSION,2026-09-01,2026-09-01T04:25:55.820935
BWET,SHORT,CONVICTION,77.8,BEAR_REJECTION_PENDING,419.95,430.4,398.95,,9,2.01,HOSTILE,418.795,LIMIT,20,VACUUM,2026-09-01,2026-09-01T04:37:38.936670
HURN,SHORT,CONVICTION,77.7,BEAR_REJECTION_PENDING,161.04,163.4,151.37,152.28,42,4.09,HOSTILE,159.89,LIMIT,11,CONVICTION,2026-09-01,2026-09-01T04:25:05.087701
PG,SHORT,CONVICTION,77.6,BEAR_REJECTION_PENDING,145.79,147.7,141.55,140.44,52,2.21,HOSTILE,145.51,LIMIT,20,CONVICTION,2026-09-01,2026-09-01T04:54:23.319721
MC,SHORT,CONVICTION,77.5,BEAR_REJECTION_PENDING,69.43,73.2,60.25,59.95,26,2.43,HOSTILE,68.07,LIMIT,18,COMPRESSION,2026-09-01,2026-09-01T04:43:42.664455
BRKR,SHORT,CONVICTION,77.4,BEAR_REJECTION_PENDING,59.01,59.86,52.02,51.88,117,8.24,HOSTILE,58.8887,LIMIT,9,COMPRESSION,2026-09-01,2026-09-01T04:37:34.657664
HUBS,SHORT,CONVICTION,77.4,BEAR_REJECTION_PENDING,264.18,288.27,225.56,,4,1.6,HOSTILE,259.0,LIMIT,9,CONVICTION,2026-09-01,2026-09-01T04:38:15.793730
PBF,SHORT,CONVICTION,77.4,BEAR_REJECTION_PENDING,74.61,76.57,63.94,70.21,51,5.46,HOSTILE,73.15,LIMIT,20,VACUUM,2026-09-01,2026-09-01T04:40:28.771281
DRAM,SHORT,CONVICTION,77.4,BEAR_REJECTION_PENDING,56.73,60.12,50.89,48.02,29,1.73,HOSTILE,55.85,LIMIT,20,CONVICTION,2026-09-01,2026-09-01T04:43:13.998885
PLGO,SHORT,CONVICTION,77.0,BEAR_REJECTION_PENDING,24.68,25.16,20.77,22.15,212,8.31,HOSTILE,24.2,LIMIT,20,COMPRESSION,2026-09-01,2026-09-01T04:43:56.959507
CALM,SHORT,CONVICTION,77.0,BEAR_REJECTION_PENDING,79.77,80.61,69.78,71.76,118,11.88,HOSTILE,78.92,LIMIT,20,COMPRESSION,2026-09-01,2026-09-01T04:45:45.842074
FBTC,SHORT,CONVICTION,77.0,BEAR_REJECTION_PENDING,68.02,73.39,58.43,,18,1.79,HOSTILE,67.795,LIMIT,20,CONVICTION,2026-09-01,2026-09-01T04:47:58.934475
ANET,SHORT,CONVICTION,76.8,BEAR_REJECTION_PENDING,199.6,201.95,195.5,190.94,42,1.75,HOSTILE,195.69,LIMIT,20,VACUUM,2026-09-01,2026-09-01T04:32:53.322149
FCEL,SHORT,CONVICTION,76.6,BEAR_REJECTION_PENDING,17.64,19.64,16.75,,49,0.44,HOSTILE,17.29,LIMIT,20,COMPRESSION,2026-09-01,2026-09-01T04:31:52.319971
PAY,SHORT,CONVICTION,76.5,BEAR_REJECTION_PENDING,35.68,36.23,34.3,34.3,183,2.53,HOSTILE,35.07,LIMIT,20,COMPRESSION,2026-09-01,2026-09-01T04:21:07.253264
BIO,SHORT,CONVICTION,76.5,BEAR_REJECTION_PENDING,386.32,390.47,359.29,356.89,24,6.52,HOSTILE,386.12,LIMIT,11,VACUUM,2026-09-01,2026-09-01T04:35:24.811725
CBRL,SHORT,CONVICTION,76.5,BEAR_REJECTION_PENDING,55.34,56.08,54.09,52.73,135,1.7,HOSTILE,55.0,LIMIT,20,COMPRESSION,2026-09-01,2026-09-01T04:45:56.774925
GOF,SHORT,CONVICTION,76.5,BEAR_REJECTION_PENDING,9.52,9.66,9.15,9.15,724,2.68,HOSTILE,9.355,LIMIT,20,COMPRESSION,2026-09-01,2026-09-01T04:50:03.206643
DDS,SHORT,CONVICTION,76.4,BEAR_REJECTION_PENDING,628.41,637.3,538.72,604.25,11,10.09,HOSTILE,625.97,LIMIT,20,CONVICTION,2026-09-01,2026-09-01T04:37:54.290696
FTAI,SHORT,CONVICTION,76.4,BEAR_REJECTION_PENDING,192.0,195.95,176.68,170.75,25,3.87,HOSTILE,190.9,LIMIT,20,CONVICTION,2026-09-01,2026-09-01T04:40:00.885172
SNK,SHORT,CONVICTION,76.1,BEAR_REJECTION_PENDING,17.38,19.22,14.58,,54,1.53,HOSTILE,17.04,LIMIT,20,COMPRESSION,2026-09-01,2026-09-01T04:40:50.996847
AVS,SHORT,CONVICTION,76.1,BEAR_REJECTION_PENDING,8.07,8.23,7.63,7.27,621,2.73,HOSTILE,7.94,LIMIT,20,COMPRESSION,2026-09-01,2026-09-01T04:44:34.035706
ARX,SHORT,CONVICTION,76.0,BEAR_REJECTION_PENDING,19.81,20.18,17.57,16.78,269,6.05,HOSTILE,19.73,LIMIT,9,MINOR,2026-09-01,2026-09-01T04:21:46.572374
SEPN,SHORT,CONVICTION,76.0,BEAR_REJECTION_PENDING,38.71,39.34,35.55,36.67,157,4.99,HOSTILE,38.15,LIMIT,20,COMPRESSION,2026-09-01,2026-09-01T04:24:13.004025
NRGV,SHORT,CONVICTION,76.0,BEAR_REJECTION_PENDING,3.47,3.59,3.03,2.97,843,3.73,HOSTILE,3.4038,LIMIT,20,COMPRESSION,2026-09-01,2026-09-01T04:36:25.540024
MNST,SHORT,CONVICTION,76.0,BEAR_REJECTION_PENDING,46.51,47.09,42.25,43.7,171,7.3,HOSTILE,46.06,LIMIT,20,COMPRESSION,2026-09-01,2026-09-01T04:46:36.501124
GGAL,SHORT,CONVICTION,76.0,BEAR_REJECTION_PENDING,44.68,47.11,40.76,,41,1.61,HOSTILE,43.8,LIMIT,20,MINOR,2026-09-01,2026-09-01T04:50:49.512271
EVH,SHORT,CONVICTION,75.7,BEAR_REJECTION_PENDING,4.51,4.62,4.22,4.1,884,2.57,HOSTILE,4.495,LIMIT,20,COMPRESSION,2026-09-01,2026-09-01T04:21:55.515453
FIS,SHORT,CONVICTION,75.7,BEAR_REJECTION_PENDING,41.07,41.65,39.03,39.24,173,3.53,HOSTILE,40.6615,LIMIT,20,COMPRESSION,2026-09-01,2026-09-01T04:28:34.585601
CLPT,SHORT,CONVICTION,75.6,BEAR_REJECTION_PENDING,15.65,16.02,14.27,14.0,268,3.69,HOSTILE,15.34,LIMIT,20,CONVICTION,2026-09-01,2026-09-01T04:23:33.178420
FET,SHORT,CONVICTION,75.5,BEAR_REJECTION_PENDING,83.61,86.43,75.3,75.6,35,2.95,HOSTILE,81.97,LIMIT,15,MINOR,2026-09-01,2026-09-01T04:25:09.626707
RARE,SHORT,CONVICTION,75.5,BEAR_REJECTION_PENDING,25.45,25.81,24.08,24.46,275,3.77,HOSTILE,25.2,LIMIT,20,COMPRESSION,2026-09-01,2026-09-01T04:34:26.236968
FLUT,SHORT,CONVICTION,75.5,BEAR_REJECTION_PENDING,101.18,105.51,93.75,,23,1.72,HOSTILE,99.2,LIMIT,20,COMPRESSION,2026-09-01,2026-09-01T04:39:56.890633
JHX,SHORT,CONVICTION,75.4,BEAR_REJECTION_PENDING,29.75,30.08,27.86,27.0,303,5.73,HOSTILE,29.71,LIMIT,20,COMPRESSION,2026-09-01,2026-09-01T04:25:41.349827
BLDR,SHORT,CONVICTION,75.4,BEAR_REJECTION_PENDING,66.98,68.06,63.63,,92,3.1,HOSTILE,66.69,LIMIT,20,COMPRESSION,2026-09-01,2026-09-01T04:39:30.027589
ELAN,SHORT,CONVICTION,75.4,BEAR_REJECTION_PENDING,23.97,24.23,22.75,20.49,383,4.68,HOSTILE,23.92,LIMIT,20,COMPRESSION,2026-09-01,2026-09-01T04:44:46.384746
LFTO,SHORT,CONVICTION,75.4,BEAR_REJECTION_PENDING,18.75,19.22,17.81,,215,2.02,HOSTILE,18.63,LIMIT,20,COMPRESSION,2026-09-01,2026-09-01T04:44:58.165786
URGN,SHORT,CONVICTION,75.3,BEAR_REJECTION_PENDING,43.17,43.84,39.29,39.26,149,5.81,HOSTILE,43.09,LIMIT,20,COMPRESSION,2026-09-01,2026-09-01T04:21:59.224068
SPCE,SHORT,CONVICTION,75.3,BEAR_REJECTION_PENDING,3.01,3.1,2.6,2.64,1157,4.73,HOSTILE,2.95,LIMIT,15,COMPRESSION,2026-09-01,2026-09-01T04:25:35.855820
ULCC,SHORT,CONVICTION,75.3,BEAR_REJECTION_PENDING,5.79,5.87,5.14,5.14,1262,8.21,HOSTILE,5.7,LIMIT,20,COMPRESSION,2026-09-01,2026-09-01T04:34:15.270423
TNON,SHORT,CONVICTION,75.3,BEAR_REJECTION_PENDING,4.58,5.14,4.35,,177,0.41,HOSTILE,4.55,LIMIT,20,COMPRESSION,2026-09-01,2026-09-01T04:46:47.783053
TZA,SHORT,CONVICTION,75.3,BEAR_REJECTION_PENDING,41.22,42.64,38.41,37.31,70,1.98,HOSTILE,41.21,LIMIT,12,COMPRESSION,2026-09-01,2026-09-01T04:54:00.273145
SGLY,SHORT,CONVICTION,75.2,BEAR_REJECTION_PENDING,1.44,1.71,1.37,,366,0.26,HOSTILE,1.43,LIMIT,3,COMPRESSION,2026-09-01,2026-09-01T04:21:13.630793
Z,SHORT,CONVICTION,75.2,BEAR_REJECTION_PENDING,35.27,35.84,33.72,33.73,175,2.73,HOSTILE,34.8,LIMIT,20,COMPRESSION,2026-09-01,2026-09-01T04:41:09.673407
CG,SHORT,CONVICTION,75.2,BEAR_REJECTION_PENDING,48.81,49.34,46.63,43.15,190,4.15,HOSTILE,48.4014,LIMIT,20,COMPRESSION,2026-09-01,2026-09-01T04:42:52.290297
GO,SHORT,CONVICTION,75.0,BEAR_REJECTION_PENDING,12.22,14.24,11.61,,49,0.3,HOSTILE,11.9803,LIMIT,15,COMPRESSION,2026-09-01,2026-09-01T04:22:03.971078
MAT,SHORT,CONVICTION,74.9,BEAR_REJECTION_PENDING,15.5,15.78,13.47,13.47,359,7.29,HOSTILE,15.27,LIMIT,15,COMPRESSION,2026-09-01,2026-09-01T04:33:26.120208
SGHC,SHORT,CONVICTION,74.9,BEAR_REJECTION_PENDING,13.73,13.89,13.33,13.33,648,2.63,HOSTILE,13.51,LIMIT,20,COMPRESSION,2026-09-01,2026-09-01T04:50:51.521274
KNX,SHORT,CONVICTION,74.8,BEAR_REJECTION_PENDING,69.88,73.18,60.4,60.68,30,2.87,HOSTILE,68.51,LIMIT,20,COMPRESSION,2026-09-01,2026-09-01T04:42:01.782101
MANE,SHORT,CONVICTION,74.8,BEAR_REJECTION_PENDING,101.35,103.11,93.59,90.09,56,4.42,HOSTILE,100.9107,LIMIT,20,CONVICTION,2026-09-01,2026-09-01T04:46:36.362123
IONQ,SHORT,CONVICTION,74.7,BEAR_REJECTION_PENDING,39.41,45.08,37.44,,17,0.35,HOSTILE,38.64,LIMIT,20,CONVICTION,2026-09-01,2026-09-01T04:32:03.994058
ACVA,SHORT,CONVICTION,74.6,BEAR_REJECTION_PENDING,7.09,7.22,6.05,6.17,759,7.9,HOSTILE,7.03,LIMIT,20,COMPRESSION,2026-09-01,2026-09-01T04:21:47.623376
THO,SHORT,CONVICTION,74.6,BEAR_REJECTION_PENDING,76.59,77.41,72.91,69.51,122,4.51,HOSTILE,76.0,LIMIT,20,COMPRESSION,2026-09-01,2026-09-01T04:40:59.794861
EOSE,SHORT,CONVICTION,74.5,BEAR_REJECTION_PENDING,3.22,3.3,2.97,2.73,1231,3.08,HOSTILE,3.21,LIMIT,20,COMPRESSION,2026-09-01,2026-09-01T04:25:55.458935
JOBY,SHORT,CONVICTION,74.5,BEAR_REJECTION_PENDING,6.9,7.01,6.16,5.89,870,6.44,HOSTILE,6.8205,LIMIT,20,COMPRESSION,2026-09-01,2026-09-01T04:26:10.669080
RITR,SHORT,CONVICTION,74.4,BEAR_REJECTION_PENDING,0.09,0.1,0.09,,13360,0.6,HOSTILE,0.0898,LIMIT,13,COMPRESSION,2026-09-01,2026-09-01T04:21:16.223798
FSK,SHORT,CONVICTION,74.4,BEAR_REJECTION_PENDING,12.66,12.81,11.64,12.2,642,6.55,HOSTILE,12.41,LIMIT,20,COMPRESSION,2026-09-01,2026-09-01T04:35:50.732832
PGR,SHORT,CONVICTION,74.3,BEAR_REJECTION_PENDING,218.19,219.73,198.28,192.68,64,12.9,HOSTILE,218.08,LIMIT,20,COMPRESSION,2026-09-01,2026-09-01T04:48:49.346239
GDX,SHORT,CONVICTION,74.3,BEAR_REJECTION_PENDING,96.49,98.48,90.94,89.31,50,2.79,HOSTILE,95.78,LIMIT,20,COMPRESSION,2026-09-01,2026-09-01T04:49:14.705380
STUB,SHORT,CONVICTION,74.2,BEAR_REJECTION_PENDING,6.55,6.69,6.16,6.2,739,2.88,HOSTILE,6.4581,LIMIT,20,COMPRESSION,2026-09-01,2026-09-01T04:33:16.214191
NVEC,SHORT,CONVICTION,74.1,BEAR_REJECTION_PENDING,99.49,101.4,94.52,,52,2.6,HOSTILE,99.39,LIMIT,20,COMPRESSION,2026-09-01,2026-09-01T04:25:04.090698
WRBY,SHORT,CONVICTION,74.1,BEAR_REJECTION_PENDING,24.99,26.38,22.03,,71,2.13,HOSTILE,24.5,LIMIT,20,COMPRESSION,2026-09-01,2026-09-01T04:48:58.345470
SYRE,SHORT,CONVICTION,74.0,BEAR_REJECTION_PENDING,90.05,92.06,81.57,81.57,49,4.22,HOSTILE,89.33,LIMIT,20,CONVICTION,2026-09-01,2026-09-01T04:22:39.003272
IESC,SHORT,CONVICTION,74.0,BEAR_REJECTION_PENDING,303.47,309.82,267.22,282.7,15,5.71,HOSTILE,303.0,LIMIT,20,CONVICTION,2026-09-01,2026-09-01T04:25:13.971713
KTOS,SHORT,CONVICTION,74.0,BEAR_REJECTION_PENDING,51.51,52.58,49.44,45.56,93,1.95,HOSTILE,51.18,LIMIT,20,COMPRESSION,2026-09-01,2026-09-01T04:26:42.431047
CBRS,SHORT,CONVICTION,74.0,BEAR_REJECTION_PENDING,181.06,186.86,172.01,,17,1.56,HOSTILE,180.75,LIMIT,20,CONVICTION,2026-09-01,2026-09-01T04:32:22.493092
IDCC,SHORT,CONVICTION,74.0,BEAR_REJECTION_PENDING,335.25,338.37,306.16,324.88,32,9.31,HOSTILE,335.03,LIMIT,20,COMPRESSION,2026-09-01,2026-09-01T04:36:06.959929
WTS,SHORT,CONVICTION,74.0,BEAR_REJECTION_PENDING,366.83,369.9,347.47,337.82,32,6.31,HOSTILE,365.75,LIMIT,20,COMPRESSION,2026-09-01,2026-09-01T04:37:08.676622
SHAZ,SHORT,CONVICTION,74.0,BEAR_REJECTION_PENDING,53.68,55.68,47.2,47.29,50,3.24,HOSTILE,53.62,LIMIT,20,COMPRESSION,2026-09-01,2026-09-01T04:38:55.853877
SOXS,SHORT,CONVICTION,74.0,BEAR_REJECTION_PENDING,50.93,52.13,46.6,43.93,83,3.59,HOSTILE,50.71,LIMIT,13,MINOR,2026-09-01,2026-09-01T04:39:05.574477
FGL,SHORT,CONVICTION,74.0,BEAR_REJECTION_PENDING,14.5,17.25,13.77,,36,0.26,HOSTILE,14.3,LIMIT,9,COMPRESSION,2026-09-01,2026-09-01T04:53:36.241103
BOIL,SHORT,CONVICTION,73.9,BEAR_REJECTION_PENDING,20.72,22.77,19.68,,48,0.5,HOSTILE,20.31,LIMIT,20,COMPRESSION,2026-09-01,2026-09-01T04:46:24.194051
FLO,SHORT,CONVICTION,73.8,BEAR_REJECTION_PENDING,7.05,7.14,6.8,6.8,1128,2.82,HOSTILE,6.96,LIMIT,20,MINOR,2026-09-01,2026-09-01T04:50:47.198268
SNYR,SHORT,CONVICTION,73.7,BEAR_REJECTION_PENDING,0.11,0.11,0.09,,12077,1.85,HOSTILE,0.1034,LIMIT,13,MINOR,2026-09-01,2026-09-01T04:21:28.086817
PRAA,SHORT,CONVICTION,73.5,BEAR_REJECTION_PENDING,19.2,20.11,17.57,16.15,109,1.78,HOSTILE,18.82,LIMIT,20,COMPRESSION,2026-09-01,2026-09-01T04:24:26.072046
OLLI,SHORT,CONVICTION,73.5,BEAR_REJECTION_PENDING,76.93,81.57,67.08,66.41,21,2.12,HOSTILE,75.42,LIMIT,9,MINOR,2026-09-01,2026-09-01T04:36:29.864031
BZ,SHORT,CONVICTION,73.3,BEAR_REJECTION_PENDING,17.42,17.69,16.77,16.23,373,2.43,HOSTILE,17.3,LIMIT,20,COMPRESSION,2026-09-01,2026-09-01T04:37:39.809673
INTC,SHORT,CONVICTION,73.1,BEAR_REJECTION_PENDING,90.26,104.01,85.75,,7,0.33,HOSTILE,88.49,LIMIT,20,COMPRESSION,2026-09-01,2026-09-01T04:21:28.540817
TEAM,SHORT,CONVICTION,73.1,BEAR_REJECTION_PENDING,196.86,226.0,187.02,,3,0.34,HOSTILE,193.0,LIMIT,11,VACUUM,2026-09-01,2026-09-01T04:33:52.384793
SABR,SHORT,CONVICTION,73.0,BEAR_REJECTION_PENDING,2.21,3.0,2.1,,125,0.14,HOSTILE,2.17,LIMIT,9,COMPRESSION,2026-09-01,2026-09-01T04:21:50.898915
WMT,SHORT,CONVICTION,73.0,BEAR_REJECTION_PENDING,106.38,114.87,101.06,,11,0.63,HOSTILE,104.99,LIMIT,20,CONVICTION,2026-09-01,2026-09-01T04:26:53.960843
VRNS,SHORT,CONVICTION,72.9,BEAR_REJECTION_PENDING,43.92,44.48,42.6,42.6,177,2.34,HOSTILE,43.75,LIMIT,20,COMPRESSION,2026-09-01,2026-09-01T04:22:56.122361
TLRY,SHORT,CONVICTION,72.8,BEAR_REJECTION_PENDING,4.57,4.64,4.22,4.33,1467,5.14,HOSTILE,4.56,LIMIT,20,COMPRESSION,2026-09-01,2026-09-01T04:33:40.682771
ACHC,SHORT,CONVICTION,72.7,BEAR_REJECTION_PENDING,28.11,28.76,25.04,25.37,154,4.75,HOSTILE,27.56,LIMIT,20,MINOR,2026-09-01,2026-09-01T04:51:10.207370
FDMT,SHORT,CONVICTION,72.6,BEAR_REJECTION_PENDING,14.39,14.86,12.2,12.2,214,4.7,HOSTILE,14.11,LIMIT,20,COMPRESSION,2026-09-01,2026-09-01T04:22:07.532080
ATAT,SHORT,CONVICTION,72.6,BEAR_REJECTION_PENDING,35.68,37.18,32.39,31.58,66,2.19,HOSTILE,34.98,LIMIT,20,MINOR,2026-09-01,2026-09-01T04:47:16.044975
BILI,SHORT,CONVICTION,72.6,BEAR_REJECTION_PENDING,16.39,17.15,15.57,,132,1.09,HOSTILE,16.07,LIMIT,20,COMPRESSION,2026-09-01,2026-09-01T04:53:14.230999
DIOD,SHORT,CONVICTION,72.5,BEAR_REJECTION_PENDING,92.22,94.51,86.88,80.5,43,2.33,HOSTILE,90.8,LIMIT,20,CONVICTION,2026-09-01,2026-09-01T04:35:39.215273
SMWB,SHORT,CONVICTION,72.4,BEAR_REJECTION_PENDING,9.71,10.44,8.26,,136,1.98,HOSTILE,9.55,LIMIT,1,COMPRESSION,2026-09-01,2026-09-01T04:23:07.892381
ARES,SHORT,CONVICTION,72.4,BEAR_REJECTION_PENDING,145.35,147.27,128.95,128.09,51,8.52,HOSTILE,142.5,LIMIT,20,CONVICTION,2026-09-01,2026-09-01T04:39:37.892601
CDTG,SHORT,CONVICTION,72.4,BEAR_REJECTION_PENDING,1.02,1.44,0.97,,238,0.12,HOSTILE,1.0003,LIMIT,13,COMPRESSION,2026-09-01,2026-09-01T04:46:25.300122
EWTX,SHORT,CONVICTION,72.2,BEAR_REJECTION_PENDING,42.24,42.97,37.51,35.78,136,6.45,HOSTILE,41.77,LIMIT,20,COMPRESSION,2026-09-01,2026-09-01T04:34:37.685516
VSXY,SHORT,CONVICTION,72.2,BEAR_REJECTION_PENDING,86.89,88.29,83.12,78.54,71,2.69,HOSTILE,85.43,LIMIT,20,COMPRESSION,2026-09-01,2026-09-01T04:37:06.024619
RLAY,SHORT,CONVICTION,72.0,BEAR_REJECTION_PENDING,18.54,18.86,16.14,17.58,308,7.41,HOSTILE,18.38,LIMIT,20,COMPRESSION,2026-09-01,2026-09-01T04:21:03.149254
STX,SHORT,CONVICTION,72.0,BEAR_REJECTION_PENDING,824.84,841.3,720.81,786.03,6,6.32,HOSTILE,822.0,LIMIT,20,CONVICTION,2026-09-01,2026-09-01T04:25:28.269816
TWST,SHORT,CONVICTION,72.0,BEAR_REJECTION_PENDING,140.43,143.98,128.0,122.5,28,3.51,HOSTILE,140.1132,LIMIT,20,MINOR,2026-09-01,2026-09-01T04:36:58.870076
BBIO,SHORT,CONVICTION,72.0,BEAR_REJECTION_PENDING,78.12,85.01,66.0,,14,1.76,HOSTILE,76.59,LIMIT,19,MINOR,2026-09-01,2026-09-01T04:46:22.771865
AU,SHORT,CONVICTION,72.0,BEAR_REJECTION_PENDING,108.08,111.03,98.77,96.22,33,3.15,HOSTILE,107.76,LIMIT,20,CONVICTION,2026-09-01,2026-09-01T04:47:16.604975
CORD,SHORT,CONVICTION,71.9,BEAR_REJECTION_PENDING,3.69,4.21,3.51,,192,0.36,HOSTILE,3.62,LIMIT,10,COMPRESSION,2026-09-01,2026-09-01T04:46:26.222725
DSGN,SHORT,CONVICTION,71.8,BEAR_REJECTION_PENDING,15.12,15.33,14.02,13.97,484,5.33,HOSTILE,15.07,LIMIT,13,COMPRESSION,2026-09-01,2026-09-01T04:23:13.830389
SPSC,SHORT,CONVICTION,71.8,BEAR_REJECTION_PENDING,86.92,88.26,81.87,79.6,74,3.77,HOSTILE,85.4,LIMIT,5,COMPRESSION,2026-09-01,2026-09-01T04:42:31.741265
MRNX,SHORT,CONVICTION,71.8,BEAR_REJECTION_PENDING,78.35,85.36,74.43,,14,0.56,HOSTILE,77.99,LIMIT,20,CONVICTION,2026-09-01,2026-09-01T04:48:30.813196
LUMN,SHORT,CONVICTION,71.7,BEAR_REJECTION_PENDING,6.32,6.61,5.82,,346,1.76,HOSTILE,6.2,LIMIT,20,COMPRESSION,2026-09-01,2026-09-01T04:26:29.169856
MDLN,SHORT,CONVICTION,71.7,BEAR_REJECTION_PENDING,36.11,36.85,33.69,32.93,135,3.28,HOSTILE,35.59,LIMIT,10,COMPRESSION,2026-09-01,2026-09-01T04:33:42.108774
BEAM,SHORT,CONVICTION,71.7,BEAR_REJECTION_PENDING,29.53,30.29,25.55,25.44,130,5.21,HOSTILE,29.5,LIMIT,20,COMPRESSION,2026-09-01,2026-09-01T04:49:48.519601
WIX,SHORT,CONVICTION,71.6,BEAR_REJECTION_PENDING,90.0,91.45,75.48,83.8,69,10.03,HOSTILE,88.5,LIMIT,5,COMPRESSION,2026-09-01,2026-09-01T04:22:24.654708
LAC,SHORT,CONVICTION,71.6,BEAR_REJECTION_PENDING,3.14,3.4,2.74,,394,1.59,HOSTILE,3.0815,LIMIT,18,COMPRESSION,2026-09-01,2026-09-01T04:32:59.218160
ETSY,SHORT,CONVICTION,71.6,BEAR_REJECTION_PENDING,82.96,84.01,70.99,80.46,95,11.38,HOSTILE,81.33,LIMIT,20,COMPRESSION,2026-09-01,2026-09-01T04:50:46.860266
SNDK,SHORT,CONVICTION,71.5,BEAR_REJECTION_PENDING,1528.0,1601.17,1344.29,1299.0,1,2.51,HOSTILE,1524.93,LIMIT,20,CONVICTION,2026-09-01,2026-09-01T04:44:08.191093
LQDA,SHORT,CONVICTION,71.5,BEAR_REJECTION_PENDING,67.77,69.09,64.97,62.82,75,2.12,HOSTILE,67.6,LIMIT,20,COMPRESSION,2026-09-01,2026-09-01T04:45:01.392806
PWCM,SHORT,CONVICTION,71.4,BEAR_REJECTION_PENDING,1.15,1.22,1.09,,1530,0.88,HOSTILE,1.1443,LIMIT,20,COMPRESSION,2026-09-01,2026-09-01T04:21:19.311802
TTMI,SHORT,CONVICTION,71.4,BEAR_REJECTION_PENDING,118.5,121.11,112.3,108.5,38,2.37,HOSTILE,118.31,LIMIT,20,COMPRESSION,2026-09-01,2026-09-01T04:52:45.719885
MSTZ,SHORT,CONVICTION,71.3,BEAR_REJECTION_PENDING,5.2,5.58,4.57,,266,1.68,HOSTILE,5.11,LIMIT,15,COMPRESSION,2026-09-01,2026-09-01T04:38:30.761754
GOOGL,SHORT,CONVICTION,71.2,BEAR_REJECTION_PENDING,344.23,359.54,317.32,295.87,6,1.76,HOSTILE,337.48,LIMIT,20,CONVICTION,2026-09-01,2026-09-01T04:29:51.309957
CNQ,SHORT,CONVICTION,71.2,BEAR_REJECTION_PENDING,50.76,51.44,48.3,48.3,147,3.64,HOSTILE,50.68,LIMIT,15,COMPRESSION,2026-09-01,2026-09-01T04:31:16.348830
GENI,SHORT,CONVICTION,71.2,BEAR_REJECTION_PENDING,7.61,8.09,6.8,6.37,208,1.69,HOSTILE,7.46,LIMIT,20,COMPRESSION,2026-09-01,2026-09-01T04:44:50.327759
S,SHORT,CONVICTION,71.1,BEAR_REJECTION_PENDING,22.5,23.23,19.28,19.28,137,4.44,HOSTILE,22.1,LIMIT,16,COMPRESSION,2026-09-01,2026-09-01T04:27:36.659276
VELO,SHORT,CONVICTION,71.1,BEAR_REJECTION_PENDING,12.11,12.78,10.27,10.39,148,2.73,HOSTILE,11.87,LIMIT,20,COMPRESSION,2026-09-01,2026-09-01T04:34:18.769956
KVUE,SHORT,CONVICTION,71.0,BEAR_REJECTION_PENDING,19.05,19.27,16.88,18.46,463,10.05,HOSTILE,18.88,LIMIT,20,COMPRESSION,2026-09-01,2026-09-01T04:28:04.181433
RHI,SHORT,CONVICTION,70.9,BEAR_REJECTION_PENDING,46.25,47.56,42.88,41.84,76,2.57,HOSTILE,45.34,LIMIT,9,COMPRESSION,2026-09-01,2026-09-01T04:22:11.752088
PRIM,SHORT,CONVICTION,70.8,BEAR_REJECTION_PENDING,72.8,73.74,62.23,69.81,105,11.19,HOSTILE,72.11,LIMIT,20,COMPRESSION,2026-09-01,2026-09-01T04:45:17.223371
QNRX,SHORT,CONVICTION,70.8,BEAR_REJECTION_PENDING,5.76,6.03,4.95,4.95,377,3.07,HOSTILE,5.6987,LIMIT,20,MINOR,2026-09-01,2026-09-01T04:53:39.206107
SRRK,SHORT,CONVICTION,70.7,BEAR_REJECTION_PENDING,58.75,59.56,56.13,50.21,124,3.25,HOSTILE,57.65,LIMIT,20,MINOR,2026-09-01,2026-09-01T04:22:31.045259
ADSK,SHORT,CONVICTION,70.7,BEAR_REJECTION_PENDING,259.54,262.61,239.6,231.49,32,6.49,HOSTILE,259.0126,LIMIT,17,COMPRESSION,2026-09-01,2026-09-01T04:37:12.248632
XENE,SHORT,CONVICTION,70.7,BEAR_REJECTION_PENDING,61.31,62.24,55.23,52.14,107,6.54,HOSTILE,60.22,LIMIT,20,MINOR,2026-09-01,2026-09-01T04:46:51.353129
BUG,SHORT,CONVICTION,70.7,BEAR_REJECTION_PENDING,43.8,44.35,38.72,42.09,179,9.14,HOSTILE,43.37,LIMIT,19,COMPRESSION,2026-09-01,2026-09-01T04:53:16.838537
BWIN,SHORT,CONVICTION,70.6,BEAR_REJECTION_PENDING,31.07,31.46,28.31,28.31,258,7.14,HOSTILE,30.85,LIMIT,20,COMPRESSION,2026-09-01,2026-09-01T04:22:49.929353
AXGN,SHORT,CONVICTION,70.6,BEAR_REJECTION_PENDING,50.97,51.73,47.16,46.81,132,5.03,HOSTILE,50.76,LIMIT,20,COMPRESSION,2026-09-01,2026-09-01T04:22:52.842357
NU,SHORT,CONVICTION,70.6,BEAR_REJECTION_PENDING,14.83,16.6,14.09,,56,0.42,HOSTILE,14.54,LIMIT,20,COMPRESSION,2026-09-01,2026-09-01T04:27:09.237784
DIS,SHORT,CONVICTION,70.6,BEAR_REJECTION_PENDING,107.56,108.54,97.62,102.09,102,10.14,HOSTILE,107.4,LIMIT,20,COMPRESSION,2026-09-01,2026-09-01T04:28:54.954178
NCLH,SHORT,CONVICTION,70.5,BEAR_REJECTION_PENDING,16.34,16.73,15.52,,254,2.08,HOSTILE,16.02,LIMIT,20,COMPRESSION,2026-09-01,2026-09-01T04:30:35.999207
ARQT,SHORT,CONVICTION,70.5,BEAR_REJECTION_PENDING,24.42,24.99,21.45,21.9,173,5.16,HOSTILE,23.94,LIMIT,20,COMPRESSION,2026-09-01,2026-09-01T04:37:21.191642
OII,SHORT,CONVICTION,70.5,BEAR_REJECTION_PENDING,52.49,53.16,48.52,47.22,148,5.89,HOSTILE,51.76,LIMIT,20,COMPRESSION,2026-09-01,2026-09-01T04:46:05.001815
KO,SHORT,CONVICTION,70.4,BEAR_REJECTION_PENDING,89.41,90.53,83.08,76.71,88,5.62,HOSTILE,88.89,LIMIT,20,COMPRESSION,2026-09-01,2026-09-01T04:27:02.547175
ASPN,SHORT,CONVICTION,70.3,BEAR_REJECTION_PENDING,5.1,5.23,4.78,4.34,785,2.51,HOSTILE,5.0,LIMIT,20,COMPRESSION,2026-09-01,2026-09-01T04:23:09.866388
EAT,SHORT,CONVICTION,70.3,BEAR_REJECTION_PENDING,229.72,233.23,215.75,215.75,28,3.98,HOSTILE,228.5,LIMIT,20,COMPRESSION,2026-09-01,2026-09-01T04:41:36.257997
HAE,SHORT,CONVICTION,70.3,BEAR_REJECTION_PENDING,104.59,105.66,102.5,98.54,93,1.95,HOSTILE,103.07,LIMIT,20,COMPRESSION,2026-09-01,2026-09-01T04:41:51.946016
NUVB,SHORT,CONVICTION,70.3,BEAR_REJECTION_PENDING,6.58,6.72,5.87,5.87,697,4.95,HOSTILE,6.57,LIMIT,20,MINOR,2026-09-01,2026-09-01T04:45:12.438358
ONDS,SHORT,CONVICTION,70.2,BEAR_REJECTION_PENDING,7.69,8.75,7.31,,94,0.36,HOSTILE,7.54,LIMIT,20,COMPRESSION,2026-09-01,2026-09-01T04:29:23.039303
TMHC,SHORT,CONVICTION,70.2,BEAR_REJECTION_PENDING,73.47,74.24,71.53,71.55,129,2.52,HOSTILE,72.45,LIMIT,2,MINOR,2026-09-01,2026-09-01T04:34:20.237957
CVSA,SHORT,CONVICTION,70.2,BEAR_REJECTION_PENDING,133.99,135.44,116.81,115.66,68,11.83,HOSTILE,132.06,LIMIT,20,MINOR,2026-09-01,2026-09-01T04:35:37.784740
KGS,SHORT,CONVICTION,70.2,BEAR_REJECTION_PENDING,59.95,67.33,56.95,,13,0.41,HOSTILE,58.77,LIMIT,20,COMPRESSION,2026-09-01,2026-09-01T04:36:10.698469
SSPC,SHORT,CONVICTION,70.2,BEAR_REJECTION_PENDING,10.6,11.7,8.91,,90,1.53,HOSTILE,10.39,LIMIT,20,COMPRESSION,2026-09-01,2026-09-01T04:40:54.936852
KYMR,SHORT,CONVICTION,70.2,BEAR_REJECTION_PENDING,119.4,120.97,110.22,108.79,63,5.86,HOSTILE,118.15,LIMIT,20,MINOR,2026-09-01,2026-09-01T04:42:04.141103
ETHE,SHORT,CONVICTION,70.1,BEAR_REJECTION_PENDING,20.13,22.97,19.13,,35,0.35,HOSTILE,19.74,LIMIT,20,COMPRESSION,2026-09-01,2026-09-01T04:47:51.288456
VOR,SHORT,CONVICTION,70.0,BEAR_REJECTION_PENDING,22.14,22.59,19.42,19.91,221,6.01,HOSTILE,22.08,LIMIT,20,COMPRESSION,2026-09-01,2026-09-01T04:22:48.546819
DVN,SHORT,CONVICTION,70.0,BEAR_REJECTION_PENDING,48.89,49.35,46.17,47.3,219,5.96,HOSTILE,48.86,LIMIT,20,COMPRESSION,2026-09-01,2026-09-01T04:28:32.812597
LRCX,SHORT,CONVICTION,70.0,BEAR_REJECTION_PENDING,299.12,303.62,283.38,270.02,22,3.5,HOSTILE,298.36,LIMIT,20,CONVICTION,2026-09-01,2026-09-01T04:31:25.470847
MAIN,SHORT,CONVICTION,70.0,BEAR_REJECTION_PENDING,60.06,64.12,52.48,50.34,24,1.87,HOSTILE,58.88,LIMIT,20,COMPRESSION,2026-09-01,2026-09-01T04:36:14.113471
SFM,SHORT,CONVICTION,70.0,BEAR_REJECTION_PENDING,83.68,87.83,75.27,73.66,24,2.03,HOSTILE,82.04,LIMIT,20,CONVICTION,2026-09-01,2026-09-01T04:42:27.486727
MDA,SHORT,CONVICTION,70.0,BEAR_REJECTION_PENDING,29.13,31.07,27.67,,51,0.75,HOSTILE,28.56,LIMIT,20,COMPRESSION,2026-09-01,2026-09-01T04:50:29.021680
COMP,SHORT,CONVICTION,69.9,BEAR_REJECTION_PENDING,10.76,11.81,10.22,,95,0.51,HOSTILE,10.5501,LIMIT,20,COMPRESSION,2026-09-01,2026-09-01T04:30:25.403564
HALO,SHORT,CONVICTION,69.9,BEAR_REJECTION_PENDING,107.37,108.84,99.96,103.0,67,5.04,HOSTILE,106.49,LIMIT,15,COMPRESSION,2026-09-01,2026-09-01T04:36:02.592392
BLLN,SHORT,CONVICTION,69.9,BEAR_REJECTION_PENDING,92.3,93.71,86.6,86.11,70,4.05,HOSTILE,90.7,LIMIT,20,COMPRESSION,2026-09-01,2026-09-01T04:37:27.884653
FETH,SHORT,CONVICTION,69.9,BEAR_REJECTION_PENDING,25.11,28.06,23.86,,33,0.43,HOSTILE,24.62,LIMIT,20,COMPRESSION,2026-09-01,2026-09-01T04:48:06.476019
FUTU,SHORT,CONVICTION,69.9,BEAR_REJECTION_PENDING,123.67,125.3,112.73,106.5,61,6.7,HOSTILE,121.3,LIMIT,20,COMPRESSION,2026-09-01,2026-09-01T04:50:02.922631
MSTR,SHORT,CONVICTION,69.7,BEAR_REJECTION_PENDING,132.44,139.88,119.25,112.39,13,1.77,HOSTILE,129.84,LIMIT,20,CONVICTION,2026-09-01,2026-09-01T04:20:54.689233
BIRK,SHORT,CONVICTION,69.6,BEAR_REJECTION_PENDING,35.16,35.83,33.55,,149,2.41,HOSTILE,34.52,LIMIT,20,COMPRESSION,2026-09-01,2026-09-01T04:37:27.184652
BRSL,SHORT,CONVICTION,69.6,BEAR_REJECTION_PENDING,11.47,11.63,10.45,11.11,633,6.46,HOSTILE,11.275,LIMIT,20,COMPRESSION,2026-09-01,2026-09-01T04:46:52.246716
WTI,SHORT,CONVICTION,69.5,BEAR_REJECTION_PENDING,3.85,3.94,3.53,3.53,1116,3.57,HOSTILE,3.79,LIMIT,17,COMPRESSION,2026-09-01,2026-09-01T04:32:16.598084
CNXC,SHORT,CONVICTION,69.5,BEAR_REJECTION_PENDING,30.7,35.34,29.17,,21,0.33,HOSTILE,30.1,LIMIT,5,VACUUM,2026-09-01,2026-09-01T04:47:35.101078
FCFS,SHORT,CONVICTION,69.5,BEAR_REJECTION_PENDING,214.51,217.32,207.87,205.06,35,2.36,HOSTILE,214.47,LIMIT,20,COMPRESSION,2026-09-01,2026-09-01T04:50:01.390627
NCTY,SHORT,CONVICTION,69.5,BEAR_REJECTION_PENDING,4.37,4.84,4.15,,210,0.46,HOSTILE,4.28,LIMIT,20,COMPRESSION,2026-09-01,2026-09-01T04:50:35.556696
SWMR,SHORT,CONVICTION,69.4,BEAR_REJECTION_PENDING,34.53,36.4,29.8,,53,2.52,HOSTILE,33.85,LIMIT,20,MINOR,2026-09-01,2026-09-01T04:24:31.503055
DUOL,SHORT,CONVICTION,69.4,BEAR_REJECTION_PENDING,155.8,158.02,143.2,135.25,45,5.69,HOSTILE,155.09,LIMIT,8,CONVICTION,2026-09-01,2026-09-01T04:35:41.283279
IMAX,SHORT,CONVICTION,69.4,BEAR_REJECTION_PENDING,52.35,53.02,48.49,49.3,148,5.73,HOSTILE,51.44,LIMIT,17,MINOR,2026-09-01,2026-09-01T04:38:18.316734
RAPP,SHORT,CONVICTION,69.3,BEAR_REJECTION_PENDING,49.0,50.03,45.6,42.99,97,3.3,HOSTILE,48.67,LIMIT,20,MINOR,2026-09-01,2026-09-01T04:24:59.509691
AGL,SHORT,CONVICTION,69.3,BEAR_REJECTION_PENDING,90.51,92.24,87.89,83.86,57,1.51,HOSTILE,89.43,LIMIT,20,COMPRESSION,2026-09-01,2026-09-01T04:35:07.958161
NICE,SHORT,CONVICTION,69.3,BEAR_REJECTION_PENDING,108.5,109.73,104.98,97.76,81,2.87,HOSTILE,107.84,LIMIT,20,MINOR,2026-09-01,2026-09-01T04:36:24.161023
VSAT,SHORT,CONVICTION,69.3,BEAR_REJECTION_PENDING,68.8,75.29,58.45,,15,1.6,HOSTILE,67.45,LIMIT,20,COMPRESSION,2026-09-01,2026-09-01T04:39:19.063574
DFSC,SHORT,CONVICTION,69.3,BEAR_REJECTION_PENDING,1.71,1.85,1.44,,697,1.88,HOSTILE,1.69,LIMIT,20,MINOR,2026-09-01,2026-09-01T04:44:41.780733
AMZU,SHORT,CONVICTION,69.3,BEAR_REJECTION_PENDING,37.73,38.25,35.18,33.56,193,4.93,HOSTILE,37.15,LIMIT,20,COMPRESSION,2026-09-01,2026-09-01T04:53:41.437111
ELPW,SHORT,CONVICTION,69.2,BEAR_REJECTION_PENDING,3.7,3.86,3.52,,637,1.18,HOSTILE,3.6297,LIMIT,20,MINOR,2026-09-01,2026-09-01T04:26:21.050749
HPE,SHORT,CONVICTION,69.2,BEAR_REJECTION_PENDING,53.27,54.68,46.29,47.6,71,4.96,HOSTILE,52.23,LIMIT,20,MINOR,2026-09-01,2026-09-01T04:29:28.629851
LNG,SHORT,CONVICTION,69.2,BEAR_REJECTION_PENDING,293.8,296.99,286.68,278.21,31,2.23,HOSTILE,293.55,LIMIT,4,MINOR,2026-09-01,2026-09-01T04:52:23.975737
PGNY,SHORT,CONVICTION,69.1,BEAR_REJECTION_PENDING,26.1,26.54,25.08,24.46,227,2.32,HOSTILE,25.59,LIMIT,20,COMPRESSION,2026-09-01,2026-09-01T04:36:34.454038
GLOB,SHORT,CONVICTION,69.1,BEAR_REJECTION_PENDING,41.48,42.49,39.52,37.61,98,1.94,HOSTILE,40.72,LIMIT,20,COMPRESSION,2026-09-01,2026-09-01T04:38:10.730722
GWRE,SHORT,CONVICTION,69.0,BEAR_REJECTION_PENDING,204.95,207.28,195.0,175.0,42,4.27,HOSTILE,202.824,LIMIT,20,CONVICTION,2026-09-01,2026-09-01T04:23:00.614373
ZSL,SHORT,CONVICTION,69.0,BEAR_REJECTION_PENDING,24.91,27.51,20.81,,38,1.58,HOSTILE,24.42,LIMIT,20,CONVICTION,2026-09-01,2026-09-01T04:46:51.599658
TRGP,SHORT,CONVICTION,69.0,BEAR_REJECTION_PENDING,294.48,297.19,276.85,276.85,36,6.5,HOSTILE,293.65,LIMIT,17,CONVICTION,2026-09-01,2026-09-01T04:52:43.028353
BBY,SHORT,CONVICTION,69.0,BEAR_REJECTION_PENDING,81.26,82.3,69.7,72.44,96,11.15,HOSTILE,80.0001,LIMIT,20,COMPRESSION,2026-09-01,2026-09-01T04:53:12.869997
BXC,SHORT,CONVICTION,68.9,BEAR_REJECTION_PENDING,80.71,81.83,74.19,74.19,89,5.84,HOSTILE,79.65,LIMIT,20,COMPRESSION,2026-09-01,2026-09-01T04:25:14.602715
MUZ,SHORT,CONVICTION,68.9,BEAR_REJECTION_PENDING,9.68,10.42,8.31,,134,1.85,HOSTILE,9.49,LIMIT,20,CONVICTION,2026-09-01,2026-09-01T04:36:17.465010
BILL,SHORT,CONVICTION,68.8,BEAR_REJECTION_PENDING,50.9,53.97,46.11,42.52,32,1.56,HOSTILE,49.9,LIMIT,14,COMPRESSION,2026-09-01,2026-09-01T04:37:22.076645
BXSL,SHORT,CONVICTION,68.7,BEAR_REJECTION_PENDING,25.51,27.26,22.89,,57,1.5,HOSTILE,25.01,LIMIT,20,COMPRESSION,2026-09-01,2026-09-01T04:35:25.273719
ELF,SHORT,CONVICTION,68.6,BEAR_REJECTION_PENDING,111.14,127.62,105.58,,6,0.34,HOSTILE,108.96,LIMIT,8,VACUUM,2026-09-01,2026-09-01T04:20:46.851686
TTWO,SHORT,CONVICTION,68.5,BEAR_REJECTION_PENDING,220.8,223.47,213.01,207.66,37,2.92,HOSTILE,220.76,LIMIT,20,CONVICTION,2026-09-01,2026-09-01T04:36:57.043073
BBWI,SHORT,CONVICTION,68.5,BEAR_REJECTION_PENDING,19.75,21.1,17.02,,73,2.01,HOSTILE,19.36,LIMIT,20,COMPRESSION,2026-09-01,2026-09-01T04:52:10.565654
NEBX,SHORT,CONVICTION,68.4,BEAR_REJECTION_PENDING,21.3,22.86,20.23,,63,0.68,HOSTILE,21.07,LIMIT,20,COMPRESSION,2026-09-01,2026-09-01T04:40:18.330731
CURI,SHORT,CONVICTION,68.4,BEAR_REJECTION_PENDING,2.67,2.77,2.36,2.4,973,3.02,HOSTILE,2.65,LIMIT,16,COMPRESSION,2026-09-01,2026-09-01T04:42:55.982304
RING,SHORT,CONVICTION,68.4,BEAR_REJECTION_PENDING,87.28,88.31,79.28,81.79,97,7.8,HOSTILE,86.27,LIMIT,20,COMPRESSION,2026-09-01,2026-09-01T04:49:32.382534
CRWL,SHORT,CONVICTION,68.4,BEAR_REJECTION_PENDING,82.53,85.1,77.62,70.0,38,1.91,HOSTILE,80.91,LIMIT,20,MINOR,2026-09-01,2026-09-01T04:53:06.223447
POET,SHORT,CONVICTION,68.2,BEAR_REJECTION_PENDING,7.47,7.67,6.53,6.84,504,4.74,HOSTILE,7.45,LIMIT,20,COMPRESSION,2026-09-01,2026-09-01T04:27:23.129157
RKLB,SHORT,CONVICTION,68.2,BEAR_REJECTION_PENDING,63.92,65.11,56.2,60.51,83,6.48,HOSTILE,63.2,LIMIT,20,COMPRESSION,2026-09-01,2026-09-01T04:31:32.716937
PCTY,SHORT,CONVICTION,68.2,BEAR_REJECTION_PENDING,161.89,163.46,142.63,156.76,63,12.24,HOSTILE,159.71,LIMIT,11,CONVICTION,2026-09-01,2026-09-01T04:42:16.209121
DAN,SHORT,CONVICTION,68.2,BEAR_REJECTION_PENDING,30.58,31.88,25.94,25.94,76,3.57,HOSTILE,29.98,LIMIT,20,CONVICTION,2026-09-01,2026-09-01T04:45:59.814845
KRYS,SHORT,CONVICTION,68.2,BEAR_REJECTION_PENDING,360.21,363.45,339.61,343.81,30,6.35,HOSTILE,359.36,LIMIT,10,CONVICTION,2026-09-01,2026-09-01T04:51:28.505464
NE,SHORT,CONVICTION,68.1,BEAR_REJECTION_PENDING,47.53,48.54,44.54,41.49,98,2.96,HOSTILE,46.91,LIMIT,9,CONVICTION,2026-09-01,2026-09-01T04:38:38.135791
GPK,SHORT,CONVICTION,68.1,BEAR_REJECTION_PENDING,11.42,12.29,9.92,,115,1.73,HOSTILE,11.2,LIMIT,20,COMPRESSION,2026-09-01,2026-09-01T04:45:47.925900
TSHA,SHORT,CONVICTION,68.0,BEAR_REJECTION_PENDING,5.77,5.89,5.47,5.08,838,2.51,HOSTILE,5.7,LIMIT,20,MINOR,2026-09-01,2026-09-01T04:21:46.941375
P,SHORT,CONVICTION,68.0,BEAR_REJECTION_PENDING,92.55,94.45,88.01,82.0,52,2.38,HOSTILE,92.52,LIMIT,20,CONVICTION,2026-09-01,2026-09-01T04:21:50.355915
SMJF,SHORT,CONVICTION,68.0,BEAR_REJECTION_PENDING,1.06,1.41,1.01,,284,0.15,HOSTILE,1.05,LIMIT,20,COMPRESSION,2026-09-01,2026-09-01T04:22:24.515708
MGTX,SHORT,CONVICTION,68.0,BEAR_REJECTION_PENDING,14.09,15.24,12.06,,86,1.76,HOSTILE,13.81,LIMIT,6,COMPRESSION,2026-09-01,2026-09-01T04:22:45.040819
GRAL,SHORT,CONVICTION,68.0,BEAR_REJECTION_PENDING,80.96,83.1,73.56,75.12,46,3.45,HOSTILE,79.37,LIMIT,8,VACUUM,2026-09-01,2026-09-01T04:22:44.382812
BOBS,SHORT,CONVICTION,68.0,BEAR_REJECTION_PENDING,16.97,17.22,16.29,15.4,393,2.68,HOSTILE,16.83,LIMIT,20,COMPRESSION,2026-09-01,2026-09-01T04:23:37.209426
LGIH,SHORT,CONVICTION,68.0,BEAR_REJECTION_PENDING,56.33,57.53,50.05,50.57,83,5.25,HOSTILE,55.94,LIMIT,20,COMPRESSION,2026-09-01,2026-09-01T04:24:15.002028
DRUG,SHORT,CONVICTION,68.0,BEAR_REJECTION_PENDING,71.49,72.62,67.83,61.31,88,3.25,HOSTILE,71.45,LIMIT,20,MINOR,2026-09-01,2026-09-01T04:25:14.386714
DELL,SHORT,CONVICTION,68.0,BEAR_REJECTION_PENDING,455.2,462.52,442.89,418.0,13,1.68,HOSTILE,455.15,LIMIT,20,VACUUM,2026-09-01,2026-09-01T04:25:20.699257
GPUS,SHORT,CONVICTION,68.0,BEAR_REJECTION_PENDING,0.29,0.3,0.27,,7047,1.67,HOSTILE,0.285,LIMIT,9,COMPRESSION,2026-09-01,2026-09-01T04:26:11.970621
BTBT,SHORT,CONVICTION,68.0,BEAR_REJECTION_PENDING,1.44,1.49,1.33,1.27,2156,2.39,HOSTILE,1.43,LIMIT,15,COMPRESSION,2026-09-01,2026-09-01T04:26:17.191554
ALP,SHORT,CONVICTION,68.0,BEAR_REJECTION_PENDING,0.17,0.17,0.15,0.16,20202,3.76,HOSTILE,0.1689,LIMIT,20,COMPRESSION,2026-09-01,2026-09-01T04:26:20.786749
ACHR,SHORT,CONVICTION,68.0,BEAR_REJECTION_PENDING,5.75,5.87,5.36,4.94,815,3.18,HOSTILE,5.74,LIMIT,20,COMPRESSION,2026-09-01,2026-09-01T04:27:07.348583
SMR,SHORT,CONVICTION,68.0,BEAR_REJECTION_PENDING,9.17,9.37,8.32,8.47,499,4.22,HOSTILE,9.14,LIMIT,19,COMPRESSION,2026-09-01,2026-09-01T04:27:22.833155
JNJ,SHORT,CONVICTION,68.0,BEAR_REJECTION_PENDING,266.97,269.43,248.27,255.25,40,7.6,HOSTILE,266.19,LIMIT,20,COMPRESSION,2026-09-01,2026-09-01T04:27:41.516857
TSCO,SHORT,CONVICTION,68.0,BEAR_REJECTION_PENDING,35.19,35.98,33.4,31.45,126,2.28,HOSTILE,34.5,LIMIT,20,COMPRESSION,2026-09-01,2026-09-01T04:27:44.166526
NOW,SHORT,CONVICTION,68.0,BEAR_REJECTION_PENDING,146.2,148.16,138.48,130.48,51,3.95,HOSTILE,146.0,LIMIT,20,COMPRESSION,2026-09-01,2026-09-01T04:27:56.506746
CRWV,SHORT,CONVICTION,68.0,BEAR_REJECTION_PENDING,84.04,86.22,78.91,74.53,45,2.35,HOSTILE,83.73,LIMIT,20,CONVICTION,2026-09-01,2026-09-01T04:28:39.595613
CRWD,SHORT,CONVICTION,68.0,BEAR_REJECTION_PENDING,228.56,232.3,221.84,208.25,26,1.79,HOSTILE,227.0,LIMIT,7,MINOR,2026-09-01,2026-09-01T04:29:03.885199
APP,SHORT,CONVICTION,68.0,BEAR_REJECTION_PENDING,309.15,312.95,278.64,291.99,26,8.02,HOSTILE,309.11,LIMIT,20,CONVICTION,2026-09-01,2026-09-01T04:30:22.885426
AMD,SHORT,CONVICTION,68.0,BEAR_REJECTION_PENDING,466.38,472.11,428.04,409.49,17,6.69,HOSTILE,465.77,LIMIT,20,VACUUM,2026-09-01,2026-09-01T04:31:12.915823
CTSH,SHORT,CONVICTION,68.0,BEAR_REJECTION_PENDING,65.04,66.93,56.25,60.52,52,4.64,HOSTILE,64.47,LIMIT,4,COMPRESSION,2026-09-01,2026-09-01T04:31:26.677381
ADBE,SHORT,CONVICTION,68.0,BEAR_REJECTION_PENDING,291.37,294.45,258.25,279.16,32,10.74,HOSTILE,291.2304,LIMIT,20,CONVICTION,2026-09-01,2026-09-01T04:31:46.479960
OKLO,SHORT,CONVICTION,68.0,BEAR_REJECTION_PENDING,40.07,40.96,34.55,37.26,112,6.23,HOSTILE,39.76,LIMIT,20,COMPRESSION,2026-09-01,2026-09-01T04:32:00.939052
VEEE,SHORT,CONVICTION,68.0,BEAR_REJECTION_PENDING,10.46,11.13,8.97,8.9,150,2.23,HOSTILE,10.36,LIMIT,20,MINOR,2026-09-01,2026-09-01T04:33:22.672204
GOSS,SHORT,CONVICTION,68.0,BEAR_REJECTION_PENDING,0.17,0.18,0.15,0.15,16666,3.38,HOSTILE,0.1695,LIMIT,20,MINOR,2026-09-01,2026-09-01T04:33:49.057786
SUGP,SHORT,CONVICTION,68.0,BEAR_REJECTION_PENDING,0.73,0.87,0.69,,703,0.26,HOSTILE,0.7208,LIMIT,20,COMPRESSION,2026-09-01,2026-09-01T04:33:59.491869
SHMD,SHORT,CONVICTION,68.0,BEAR_REJECTION_PENDING,3.1,3.25,2.94,,671,1.04,HOSTILE,3.051,LIMIT,18,MINOR,2026-09-01,2026-09-01T04:34:10.847415
AEVA,SHORT,CONVICTION,68.0,BEAR_REJECTION_PENDING,15.56,16.07,13.55,14.12,195,3.92,HOSTILE,15.55,LIMIT,20,COMPRESSION,2026-09-01,2026-09-01T04:35:00.444084
AXON,SHORT,CONVICTION,68.0,BEAR_REJECTION_PENDING,568.06,576.91,547.78,517.0,11,2.29,HOSTILE,567.39,LIMIT,20,CONVICTION,2026-09-01,2026-09-01T04:35:24.491718
LEU,SHORT,CONVICTION,68.0,BEAR_REJECTION_PENDING,170.5,174.33,159.0,156.18,26,3.0,HOSTILE,170.0,LIMIT,20,CONVICTION,2026-09-01,2026-09-01T04:36:12.837468
OC,SHORT,CONVICTION,68.0,BEAR_REJECTION_PENDING,140.9,142.5,129.68,125.54,62,7.02,HOSTILE,138.1376,LIMIT,20,CONVICTION,2026-09-01,2026-09-01T04:36:26.855030
RKLX,SHORT,CONVICTION,68.0,BEAR_REJECTION_PENDING,14.8,15.47,14.06,,148,1.1,HOSTILE,14.7134,LIMIT,20,COMPRESSION,2026-09-01,2026-09-01T04:36:41.519049
BMRN,SHORT,CONVICTION,68.0,BEAR_REJECTION_PENDING,64.79,65.56,60.43,59.24,130,5.69,HOSTILE,64.7063,LIMIT,20,COMPRESSION,2026-09-01,2026-09-01T04:37:30.578658
FTI,SHORT,CONVICTION,68.0,BEAR_REJECTION_PENDING,79.27,81.01,67.0,70.43,57,7.04,HOSTILE,78.56,LIMIT,10,MINOR,2026-09-01,2026-09-01T04:38:08.979721
GMED,SHORT,CONVICTION,68.0,BEAR_REJECTION_PENDING,81.56,82.46,80.0,76.49,111,1.74,HOSTILE,81.37,LIMIT,20,COMPRESSION,2026-09-01,2026-09-01T04:38:13.611741
LYB,SHORT,CONVICTION,68.0,BEAR_REJECTION_PENDING,66.34,67.64,57.68,59.14,77,6.69,HOSTILE,65.06,LIMIT,20,COMPRESSION,2026-09-01,2026-09-01T04:38:25.290745
LABU,SHORT,CONVICTION,68.0,BEAR_REJECTION_PENDING,296.29,303.78,255.0,258.22,13,5.51,HOSTILE,295.02,LIMIT,20,VACUUM,2026-09-01,2026-09-01T04:38:23.006741
MPC,SHORT,CONVICTION,68.0,BEAR_REJECTION_PENDING,376.85,379.9,362.79,363.74,32,4.61,HOSTILE,375.5,LIMIT,6,VACUUM,2026-09-01,2026-09-01T04:38:30.154755
BAM,SHORT,CONVICTION,68.0,BEAR_REJECTION_PENDING,51.56,52.56,48.85,48.85,99,2.71,HOSTILE,51.5,LIMIT,20,COMPRESSION,2026-09-01,2026-09-01T04:39:38.407601
BCO,SHORT,CONVICTION,68.0,BEAR_REJECTION_PENDING,109.31,110.58,105.14,105.14,78,3.28,HOSTILE,108.93,LIMIT,20,COMPRESSION,2026-09-01,2026-09-01T04:39:39.212607
CACI,SHORT,CONVICTION,68.0,BEAR_REJECTION_PENDING,623.53,628.99,552.54,563.21,18,13.01,HOSTILE,623.01,LIMIT,20,CONVICTION,2026-09-01,2026-09-01T04:39:47.259616
PSX,SHORT,CONVICTION,68.0,BEAR_REJECTION_PENDING,247.41,249.82,232.66,241.22,41,6.12,HOSTILE,246.98,LIMIT,7,VACUUM,2026-09-01,2026-09-01T04:40:33.831289
SEZL,SHORT,CONVICTION,68.0,BEAR_REJECTION_PENDING,114.5,116.44,105.51,99.82,51,4.64,HOSTILE,114.25,LIMIT,20,CONVICTION,2026-09-01,2026-09-01T04:40:41.427301
COKE,SHORT,CONVICTION,68.0,BEAR_REJECTION_PENDING,196.14,198.74,190.52,186.16,38,2.16,HOSTILE,195.6,LIMIT,14,CONVICTION,2026-09-01,2026-09-01T04:41:33.523986
EQPT,SHORT,CONVICTION,68.0,BEAR_REJECTION_PENDING,17.76,18.12,16.16,16.16,277,4.44,HOSTILE,17.61,LIMIT,20,COMPRESSION,2026-09-01,2026-09-01T04:41:41.929002
FIGR,SHORT,CONVICTION,68.0,BEAR_REJECTION_PENDING,36.0,36.85,32.16,32.16,117,4.52,HOSTILE,35.99,LIMIT,20,MINOR,2026-09-01,2026-09-01T04:41:45.018006
MOH,SHORT,CONVICTION,68.0,BEAR_REJECTION_PENDING,199.63,201.97,189.42,182.1,42,4.37,HOSTILE,198.77,LIMIT,20,CONVICTION,2026-09-01,2026-09-01T04:42:11.510113
MSGS,SHORT,CONVICTION,68.0,BEAR_REJECTION_PENDING,386.54,390.43,365.29,353.87,25,5.46,HOSTILE,384.73,LIMIT,20,COMPRESSION,2026-09-01,2026-09-01T04:42:14.849119
VEEV,SHORT,CONVICTION,68.0,BEAR_REJECTION_PENDING,286.5,290.14,275.36,264.65,27,3.06,HOSTILE,283.51,LIMIT,20,CONVICTION,2026-09-01,2026-09-01T04:42:38.118274
TPG,SHORT,CONVICTION,68.0,BEAR_REJECTION_PENDING,54.99,56.27,49.69,47.0,78,4.14,HOSTILE,54.12,LIMIT,13,COMPRESSION,2026-09-01,2026-09-01T04:44:11.475105
GLWG,SHORT,CONVICTION,68.0,BEAR_REJECTION_PENDING,12.93,13.39,12.12,,217,1.76,HOSTILE,12.68,LIMIT,20,COMPRESSION,2026-09-01,2026-09-01T04:44:50.374761
POWL,SHORT,CONVICTION,68.0,BEAR_REJECTION_PENDING,178.34,181.0,155.28,172.18,37,8.68,HOSTILE,178.01,LIMIT,20,CONVICTION,2026-09-01,2026-09-01T04:45:16.715370
ARGX,SHORT,CONVICTION,68.0,BEAR_REJECTION_PENDING,1035.26,1046.5,927.33,988.49,8,9.6,HOSTILE,1031.66,LIMIT,20,CONVICTION,2026-09-01,2026-09-01T04:45:55.561326
EYPT,SHORT,CONVICTION,68.0,BEAR_REJECTION_PENDING,4.53,4.93,4.3,,250,0.57,HOSTILE,4.49,LIMIT,20,COMPRESSION,2026-09-01,2026-09-01T04:46:00.986979
LEGN,SHORT,CONVICTION,68.0,BEAR_REJECTION_PENDING,21.03,21.83,19.13,19.2,124,2.37,HOSTILE,20.74,LIMIT,20,COMPRESSION,2026-09-01,2026-09-01T04:46:32.601519
VPG,SHORT,CONVICTION,68.0,BEAR_REJECTION_PENDING,62.11,63.52,53.43,55.61,70,6.14,HOSTILE,62.0,LIMIT,20,CONVICTION,2026-09-01,2026-09-01T04:50:23.561671
XRPT,SHORT,CONVICTION,68.0,BEAR_REJECTION_PENDING,34.95,36.1,32.61,29.94,87,2.04,HOSTILE,34.37,LIMIT,20,COMPRESSION,2026-09-01,2026-09-01T04:50:32.760689
OLN,SHORT,CONVICTION,68.0,BEAR_REJECTION_PENDING,17.65,17.86,17.21,17.16,478,2.08,HOSTILE,17.4,LIMIT,20,MINOR,2026-09-01,2026-09-01T04:50:59.182290
INBX,SHORT,CONVICTION,68.0,BEAR_REJECTION_PENDING,129.23,133.14,114.75,113.06,25,3.7,HOSTILE,126.7,LIMIT,6,COMPRESSION,2026-09-01,2026-09-01T04:51:23.215454
REAX,SHORT,CONVICTION,68.0,BEAR_REJECTION_PENDING,19.18,20.0,16.69,17.3,120,3.01,HOSTILE,19.15,LIMIT,20,COMPRESSION,2026-09-01,2026-09-01T04:51:35.659478
TRUG,SHORT,CONVICTION,68.0,BEAR_REJECTION_PENDING,0.47,0.54,0.45,,1505,0.35,HOSTILE,0.462,LIMIT,3,MINOR,2026-09-01,2026-09-01T04:52:02.168641
MYRG,SHORT,CONVICTION,68.0,BEAR_REJECTION_PENDING,291.89,296.19,275.6,267.98,23,3.79,HOSTILE,291.42,LIMIT,20,CONVICTION,2026-09-01,2026-09-01T04:52:28.527799
WSM,SHORT,CONVICTION,68.0,BEAR_REJECTION_PENDING,229.27,231.83,196.0,204.82,39,12.98,HOSTILE,228.25,LIMIT,20,CONVICTION,2026-09-01,2026-09-01T04:52:56.631431
MIMI,SHORT,CONVICTION,68.0,BEAR_REJECTION_PENDING,0.82,0.92,0.78,,963,0.39,HOSTILE,0.8097,LIMIT,9,MINOR,2026-09-01,2026-09-01T04:53:01.316440
NMTC,SHORT,CONVICTION,68.0,BEAR_REJECTION_PENDING,1.63,1.74,1.55,,904,0.74,HOSTILE,1.6,LIMIT,20,COMPRESSION,2026-09-01,2026-09-01T04:53:06.333448
SOLT,SHORT,CONVICTION,68.0,BEAR_REJECTION_PENDING,58.5,59.82,52.77,52.77,75,4.33,HOSTILE,58.27,LIMIT,20,COMPRESSION,2026-09-01,2026-09-01T04:53:29.103097
MIR,SHORT,CONVICTION,68.0,BEAR_REJECTION_PENDING,15.11,15.35,14.27,14.39,425,3.57,HOSTILE,15.07,LIMIT,20,MINOR,2026-09-01,2026-09-01T04:54:12.487705
RUN,SHORT,CONVICTION,67.8,BEAR_REJECTION_PENDING,8.73,8.87,7.88,8.2,723,6.17,HOSTILE,8.56,LIMIT,20,COMPRESSION,2026-09-01,2026-09-01T04:30:19.775002
MUR,SHORT,CONVICTION,67.7,BEAR_REJECTION_PENDING,36.91,37.6,34.2,34.79,145,3.94,HOSTILE,36.42,LIMIT,20,COMPRESSION,2026-09-01,2026-09-01T04:38:34.441786
WYFI,SHORT,CONVICTION,67.6,BEAR_REJECTION_PENDING,19.04,19.86,16.67,16.59,121,2.88,HOSTILE,18.8,LIMIT,12,COMPRESSION,2026-09-01,2026-09-01T04:32:13.164077
ANRO,SHORT,CONVICTION,67.5,BEAR_REJECTION_PENDING,35.76,36.48,32.15,32.15,138,5.0,HOSTILE,35.38,LIMIT,17,MINOR,2026-09-01,2026-09-01T04:21:13.466795
NGNE,SHORT,CONVICTION,67.5,BEAR_REJECTION_PENDING,36.96,37.74,35.16,34.4,129,2.33,HOSTILE,36.24,LIMIT,20,MINOR,2026-09-01,2026-09-01T04:24:14.416029
QGEN,SHORT,CONVICTION,67.5,BEAR_REJECTION_PENDING,43.62,44.11,38.33,37.2,206,10.91,HOSTILE,43.48,LIMIT,20,COMPRESSION,2026-09-01,2026-09-01T04:51:34.917477
PTCT,SHORT,CONVICTION,67.4,BEAR_REJECTION_PENDING,69.98,70.71,60.89,63.19,136,12.42,HOSTILE,69.54,LIMIT,20,COMPRESSION,2026-09-01,2026-09-01T04:34:43.178526
IMVT,SHORT,CONVICTION,67.4,BEAR_REJECTION_PENDING,41.25,42.08,36.43,36.43,120,5.81,HOSTILE,41.0,LIMIT,20,MINOR,2026-09-01,2026-09-01T04:41:55.014555
WHR,SHORT,CONVICTION,67.3,BEAR_REJECTION_PENDING,41.66,43.06,38.49,38.49,71,2.25,HOSTILE,40.84,LIMIT,20,MINOR,2026-09-01,2026-09-01T04:41:08.041406
YMM,SHORT,CONVICTION,67.3,BEAR_REJECTION_PENDING,8.76,9.37,7.4,,164,2.24,HOSTILE,8.5881,LIMIT,20,COMPRESSION,2026-09-01,2026-09-01T04:48:59.757543
HELE,SHORT,CONVICTION,67.2,BEAR_REJECTION_PENDING,30.6,32.82,27.0,25.5,44,1.62,HOSTILE,30.0,LIMIT,8,COMPRESSION,2026-09-01,2026-09-01T04:24:52.828680
WMG,SHORT,CONVICTION,67.2,BEAR_REJECTION_PENDING,28.77,29.51,26.56,24.5,136,3.02,HOSTILE,28.21,LIMIT,19,COMPRESSION,2026-09-01,2026-09-01T04:46:15.863288
APMD,SHORT,CONVICTION,67.0,BEAR_REJECTION_PENDING,26.52,27.58,22.6,23.48,94,3.69,HOSTILE,26.4,LIMIT,20,COMPRESSION,2026-09-01,2026-09-01T04:25:10.997711
TOI,SHORT,CONVICTION,67.0,BEAR_REJECTION_PENDING,5.27,5.38,5.09,4.57,879,1.58,HOSTILE,5.185,LIMIT,16,COMPRESSION,2026-09-01,2026-09-01T04:25:52.750930
RRX,SHORT,CONVICTION,67.0,BEAR_REJECTION_PENDING,161.62,164.39,147.27,155.06,36,5.17,HOSTILE,158.45,LIMIT,20,CONVICTION,2026-09-01,2026-09-01T04:53:37.839104
RCEL,SHORT,CONVICTION,66.9,BEAR_REJECTION_PENDING,9.87,10.18,8.4,8.68,315,4.62,HOSTILE,9.6741,LIMIT,20,CONVICTION,2026-09-01,2026-09-01T04:36:37.068042
BTSG,SHORT,CONVICTION,66.9,BEAR_REJECTION_PENDING,58.76,59.46,55.0,53.29,141,5.33,HOSTILE,58.39,LIMIT,20,MINOR,2026-09-01,2026-09-01T04:44:35.321711
DXCM,SHORT,CONVICTION,66.9,BEAR_REJECTION_PENDING,92.3,93.44,84.75,79.88,87,6.59,HOSTILE,91.8465,LIMIT,6,MINOR,2026-09-01,2026-09-01T04:49:58.780621
CNK,SHORT,CONVICTION,66.9,BEAR_REJECTION_PENDING,36.37,37.59,31.39,32.46,82,4.11,HOSTILE,35.66,LIMIT,20,COMPRESSION,2026-09-01,2026-09-01T04:50:43.085258
LTH,SHORT,CONVICTION,66.8,BEAR_REJECTION_PENDING,42.86,43.73,41.1,39.86,115,2.03,HOSTILE,42.02,LIMIT,20,COMPRESSION,2026-09-01,2026-09-01T04:40:13.082735
FDXF,SHORT,CONVICTION,66.8,BEAR_REJECTION_PENDING,137.0,138.69,131.5,130.04,59,3.25,HOSTILE,134.5,LIMIT,20,COMPRESSION,2026-09-01,2026-09-01T04:43:24.708898
PLTD,SHORT,CONVICTION,66.8,BEAR_REJECTION_PENDING,5.06,5.18,4.88,,858,1.57,HOSTILE,4.96,LIMIT,20,COMPRESSION,2026-09-01,2026-09-01T04:45:15.406367
CXW,SHORT,CONVICTION,66.7,BEAR_REJECTION_PENDING,33.51,33.98,28.23,29.43,213,11.26,HOSTILE,33.21,LIMIT,20,COMPRESSION,2026-09-01,2026-09-01T04:22:41.930278
SW,SHORT,CONVICTION,66.7,BEAR_REJECTION_PENDING,47.35,48.53,44.72,42.88,84,2.23,HOSTILE,46.9,LIMIT,20,COMPRESSION,2026-09-01,2026-09-01T04:40:58.691859
TRI,SHORT,CONVICTION,66.7,BEAR_REJECTION_PENDING,109.47,113.84,100.26,91.36,22,2.11,HOSTILE,107.32,LIMIT,6,COMPRESSION,2026-09-01,2026-09-01T04:48:55.418726
FANG,SHORT,CONVICTION,66.6,BEAR_REJECTION_PENDING,205.0,206.63,185.93,190.8,61,11.71,HOSTILE,202.24,LIMIT,20,COMPRESSION,2026-09-01,2026-09-01T04:38:00.601708
XOS,SHORT,CONVICTION,66.6,BEAR_REJECTION_PENDING,3.17,3.38,3.01,,482,0.77,HOSTILE,3.15,LIMIT,20,MINOR,2026-09-01,2026-09-01T04:49:41.830304
SPAL,SHORT,CONVICTION,66.5,BEAR_REJECTION_PENDING,15.65,16.11,14.46,14.4,218,2.61,HOSTILE,15.6,LIMIT,20,MINOR,2026-09-01,2026-09-01T04:36:47.878058
MRNY,SHORT,CONVICTION,66.5,BEAR_REJECTION_PENDING,33.43,34.82,27.87,29.54,71,3.97,HOSTILE,32.77,LIMIT,20,CONVICTION,2026-09-01,2026-09-01T04:48:33.582849
CNH,SHORT,CONVICTION,66.4,BEAR_REJECTION_PENDING,12.12,12.36,11.04,10.93,405,4.36,HOSTILE,11.94,LIMIT,3,COMPRESSION,2026-09-01,2026-09-01T04:26:50.149085
TPL,SHORT,CONVICTION,66.4,BEAR_REJECTION_PENDING,378.65,383.35,348.03,348.5,21,6.51,HOSTILE,376.0,LIMIT,20,CONVICTION,2026-09-01,2026-09-01T04:41:04.071868
AMRX,SHORT,CONVICTION,66.4,BEAR_REJECTION_PENDING,17.81,18.0,15.47,15.32,527,12.35,HOSTILE,17.47,LIMIT,15,COMPRESSION,2026-09-01,2026-09-01T04:41:14.959416
ASAN,SHORT,CONVICTION,66.3,BEAR_REJECTION_PENDING,10.56,11.17,9.0,9.02,164,2.56,HOSTILE,10.35,LIMIT,4,COMPRESSION,2026-09-01,2026-09-01T04:33:50.396788
DBX,SHORT,CONVICTION,66.3,BEAR_REJECTION_PENDING,35.54,36.21,33.05,30.95,149,3.71,HOSTILE,35.3155,LIMIT,12,COMPRESSION,2026-09-01,2026-09-01T04:42:56.050303
ARCT,SHORT,CONVICTION,66.3,BEAR_REJECTION_PENDING,14.88,15.42,12.96,13.1,184,3.54,HOSTILE,14.59,LIMIT,20,COMPRESSION,2026-09-01,2026-09-01T04:46:58.569802
TNET,SHORT,CONVICTION,66.2,BEAR_REJECTION_PENDING,71.7,74.73,62.45,62.45,32,3.05,HOSTILE,70.29,LIMIT,12,COMPRESSION,2026-09-01,2026-09-01T04:24:46.865138
WERN,SHORT,CONVICTION,66.0,BEAR_REJECTION_PENDING,39.96,40.63,34.85,37.87,149,7.65,HOSTILE,39.18,LIMIT,18,COMPRESSION,2026-09-01,2026-09-01T04:52:51.983896
CHDN,SHORT,CONVICTION,66.0,BEAR_REJECTION_PENDING,89.31,90.35,85.79,84.78,96,3.39,HOSTILE,87.8,LIMIT,20,COMPRESSION,2026-09-01,2026-09-01T04:53:43.384113
STEP,SHORT,CONVICTION,65.9,BEAR_REJECTION_PENDING,53.06,56.48,44.57,44.57,29,2.48,HOSTILE,52.02,LIMIT,5,MINOR,2026-09-01,2026-09-01T04:40:56.769856
KSPI,SHORT,CONVICTION,65.9,BEAR_REJECTION_PENDING,105.59,106.56,99.18,91.45,103,6.63,HOSTILE,104.9,LIMIT,20,COMPRESSION,2026-09-01,2026-09-01T04:42:01.848101
TGT,SHORT,CONVICTION,65.9,BEAR_REJECTION_PENDING,162.83,164.45,147.52,147.52,61,9.45,HOSTILE,160.88,LIMIT,20,COMPRESSION,2026-09-01,2026-09-01T04:48:52.994513
RKT,SHORT,CONVICTION,65.8,BEAR_REJECTION_PENDING,13.46,13.84,11.82,12.4,266,4.39,HOSTILE,13.2,LIMIT,20,COMPRESSION,2026-09-01,2026-09-01T04:31:45.714959
OSCR,SHORT,CONVICTION,65.8,BEAR_REJECTION_PENDING,30.3,30.84,28.0,28.42,185,4.26,HOSTILE,30.0,LIMIT,20,COMPRESSION,2026-09-01,2026-09-01T04:36:33.428040
ALB,SHORT,CONVICTION,65.8,BEAR_REJECTION_PENDING,136.3,142.22,125.42,116.47,16,1.84,HOSTILE,134.97,LIMIT,20,CONVICTION,2026-09-01,2026-09-01T04:44:28.195161
BNS,SHORT,CONVICTION,65.8,BEAR_REJECTION_PENDING,93.49,94.92,84.87,81.0,69,6.03,HOSTILE,91.66,LIMIT,20,MINOR,2026-09-01,2026-09-01T04:51:11.790373
T,SHORT,CONVICTION,65.7,BEAR_REJECTION_PENDING,26.45,26.97,25.46,25.2,192,1.91,HOSTILE,25.9358,LIMIT,20,COMPRESSION,2026-09-01,2026-09-01T04:27:04.116376
CONL,SHORT,CONVICTION,65.7,BEAR_REJECTION_PENDING,6.11,6.35,5.38,5.31,423,3.09,HOSTILE,5.99,LIMIT,20,COMPRESSION,2026-09-01,2026-09-01T04:35:33.527733
ARE,SHORT,CONVICTION,65.7,BEAR_REJECTION_PENDING,52.5,57.93,44.16,,18,1.54,HOSTILE,51.47,LIMIT,18,MINOR,2026-09-01,2026-09-01T04:47:03.992817
FRSH,SHORT,CONVICTION,65.6,BEAR_REJECTION_PENDING,14.2,14.56,13.23,12.48,275,2.67,HOSTILE,13.9206,LIMIT,8,COMPRESSION,2026-09-01,2026-09-01T04:30:35.495205
BRZE,SHORT,CONVICTION,65.6,BEAR_REJECTION_PENDING,34.75,35.56,31.89,31.9,124,3.55,HOSTILE,34.07,LIMIT,8,COMPRESSION,2026-09-01,2026-09-01T04:37:35.109664
BOOT,SHORT,CONVICTION,65.6,BEAR_REJECTION_PENDING,153.04,155.11,129.65,129.65,48,11.29,HOSTILE,150.63,LIMIT,20,COMPRESSION,2026-09-01,2026-09-01T04:47:30.095064
CHYM,SHORT,CONVICTION,65.5,BEAR_REJECTION_PENDING,33.11,33.47,29.14,28.3,280,11.15,HOSTILE,32.99,LIMIT,4,COMPRESSION,2026-09-01,2026-09-01T04:37:44.619680
PCOR,SHORT,CONVICTION,65.4,BEAR_REJECTION_PENDING,63.4,64.17,61.79,59.04,129,2.09,HOSTILE,62.72,LIMIT,20,CONVICTION,2026-09-01,2026-09-01T04:43:54.358495
KD,SHORT,CONVICTION,65.3,BEAR_REJECTION_PENDING,13.74,14.01,12.33,12.33,369,5.21,HOSTILE,13.47,LIMIT,7,COMPRESSION,2026-09-01,2026-09-01T04:33:53.883794
OCTV,SHORT,CONVICTION,65.3,BEAR_REJECTION_PENDING,19.53,20.1,16.72,16.72,175,4.93,HOSTILE,19.39,LIMIT,20,COMPRESSION,2026-09-01,2026-09-01T04:42:15.500120
MAZE,SHORT,CONVICTION,65.1,BEAR_REJECTION_PENDING,26.63,27.16,25.69,25.1,188,1.77,HOSTILE,26.56,LIMIT,20,COMPRESSION,2026-09-01,2026-09-01T04:24:18.579033
SPCF,SHORT,CONVICTION,65.1,BEAR_REJECTION_PENDING,15.88,18.37,15.09,,40,0.32,HOSTILE,15.57,LIMIT,20,MINOR,2026-09-01,2026-09-01T04:36:50.905064
EZPW,SHORT,CONVICTION,65.1,BEAR_REJECTION_PENDING,32.7,33.21,29.52,29.14,196,6.24,HOSTILE,32.32,LIMIT,20,COMPRESSION,2026-09-01,2026-09-01T04:49:59.146624
MITK,SHORT,CONVICTION,65.0,BEAR_REJECTION_PENDING,18.67,18.94,17.63,16.12,364,3.79,HOSTILE,18.62,LIMIT,20,COMPRESSION,2026-09-01,2026-09-01T04:23:09.558384
FTNT,SHORT,CONVICTION,65.0,BEAR_REJECTION_PENDING,172.58,174.55,166.59,160.24,50,3.03,HOSTILE,171.4941,LIMIT,9,MINOR,2026-09-01,2026-09-01T04:27:28.152706
ARR,SHORT,CONVICTION,65.0,BEAR_REJECTION_PENDING,16.43,16.78,14.6,15.01,278,5.09,HOSTILE,16.22,LIMIT,20,COMPRESSION,2026-09-01,2026-09-01T04:28:16.921491
HAL,SHORT,CONVICTION,65.0,BEAR_REJECTION_PENDING,37.82,38.37,36.85,32.0,181,1.75,HOSTILE,37.0769,LIMIT,20,COMPRESSION,2026-09-01,2026-09-01T04:28:51.505169
IOT,SHORT,CONVICTION,65.0,BEAR_REJECTION_PENDING,40.85,41.43,37.86,35.65,171,5.13,HOSTILE,40.62,LIMIT,20,COMPRESSION,2026-09-01,2026-09-01T04:52:16.454722
AMZN,SHORT,CONVICTION,64.9,BEAR_REJECTION_PENDING,258.82,260.63,233.35,221.25,55,14.1,HOSTILE,258.5,LIMIT,20,COMPRESSION,2026-09-01,2026-09-01T04:31:45.712959
BIAF,SHORT,CONVICTION,64.9,BEAR_REJECTION_PENDING,4.55,4.81,4.32,,385,0.88,HOSTILE,4.5,LIMIT,20,COMPRESSION,2026-09-01,2026-09-01T04:35:03.508622
PMI,SHORT,CONVICTION,64.8,BEAR_REJECTION_PENDING,8.42,8.88,7.12,7.12,217,2.84,HOSTILE,8.2589,LIMIT,2,MINOR,2026-09-01,2026-09-01T04:26:03.240948
KDP,SHORT,CONVICTION,64.8,BEAR_REJECTION_PENDING,32.0,32.34,31.03,31.14,293,2.85,HOSTILE,31.97,LIMIT,20,CONVICTION,2026-09-01,2026-09-01T04:27:09.125251
RDNT,SHORT,CONVICTION,64.8,BEAR_REJECTION_PENDING,75.9,76.85,73.03,64.85,105,3.01,HOSTILE,75.82,LIMIT,14,COMPRESSION,2026-09-01,2026-09-01T04:36:40.130053
BITO,SHORT,CONVICTION,64.8,BEAR_REJECTION_PENDING,10.52,10.85,9.71,9.72,299,2.43,HOSTILE,10.49,LIMIT,20,COMPRESSION,2026-09-01,2026-09-01T04:47:22.393516
SEDG,SHORT,CONVICTION,64.8,BEAR_REJECTION_PENDING,32.48,33.68,30.04,29.51,83,2.03,HOSTILE,31.84,LIMIT,20,MINOR,2026-09-01,2026-09-01T04:48:50.380834
CAR,SHORT,CONVICTION,64.8,BEAR_REJECTION_PENDING,149.91,151.54,137.0,137.11,61,7.91,HOSTILE,147.33,LIMIT,7,VACUUM,2026-09-01,2026-09-01T04:54:11.757705
NIQ,SHORT,CONVICTION,64.7,BEAR_REJECTION_PENDING,19.06,19.3,17.11,16.82,423,8.26,HOSTILE,19.0,LIMIT,5,COMPRESSION,2026-09-01,2026-09-01T04:22:12.764089
AMN,SHORT,CONVICTION,64.6,BEAR_REJECTION_PENDING,34.32,34.79,32.9,32.1,211,3.0,HOSTILE,34.3,LIMIT,20,COMPRESSION,2026-09-01,2026-09-01T04:23:22.697405
FHB,SHORT,CONVICTION,64.6,BEAR_REJECTION_PENDING,26.06,26.33,24.36,24.5,369,6.27,HOSTILE,25.82,LIMIT,20,COMPRESSION,2026-09-01,2026-09-01T04:33:29.697752
VLN,SHORT,CONVICTION,64.5,BEAR_REJECTION_PENDING,1.78,1.82,1.59,1.66,2637,5.14,HOSTILE,1.765,LIMIT,19,COMPRESSION,2026-09-01,2026-09-01T04:34:15.556423
NCNO,SHORT,CONVICTION,64.5,BEAR_REJECTION_PENDING,22.66,23.1,20.81,19.21,224,4.16,HOSTILE,22.58,LIMIT,20,COMPRESSION,2026-09-01,2026-09-01T04:43:46.049464
MSFU,SHORT,CONVICTION,64.5,BEAR_REJECTION_PENDING,39.0,39.44,34.89,34.89,228,9.39,HOSTILE,38.42,LIMIT,20,VACUUM,2026-09-01,2026-09-01T04:52:27.074798
MIRM,SHORT,CONVICTION,64.4,BEAR_REJECTION_PENDING,98.35,99.56,94.95,86.0,82,2.82,HOSTILE,98.05,LIMIT,20,COMPRESSION,2026-09-01,2026-09-01T04:36:15.723006
CRC,SHORT,CONVICTION,64.4,BEAR_REJECTION_PENDING,54.08,56.87,49.59,46.63,35,1.61,HOSTILE,53.02,LIMIT,20,CONVICTION,2026-09-01,2026-09-01T04:37:49.921689
VSH,SHORT,CONVICTION,64.3,BEAR_REJECTION_PENDING,30.93,31.79,26.34,28.2,116,5.35,HOSTILE,30.5493,LIMIT,19,COMPRESSION,2026-09-01,2026-09-01T04:37:05.489618
ZTS,SHORT,CONVICTION,64.3,BEAR_REJECTION_PENDING,77.31,78.07,74.63,73.75,132,3.55,HOSTILE,77.1,LIMIT,20,MINOR,2026-09-01,2026-09-01T04:50:24.402672
NTNX,SHORT,CONVICTION,64.2,BEAR_REJECTION_PENDING,68.76,69.54,60.09,64.95,127,11.05,HOSTILE,68.57,LIMIT,8,COMPRESSION,2026-09-01,2026-09-01T04:43:48.861475
GXO,SHORT,CONVICTION,64.2,BEAR_REJECTION_PENDING,48.45,52.44,41.51,,25,1.74,HOSTILE,47.5,LIMIT,20,CONVICTION,2026-09-01,2026-09-01T04:49:43.978456
JACK,SHORT,CONVICTION,64.1,BEAR_REJECTION_PENDING,16.59,16.95,15.33,15.33,273,3.45,HOSTILE,16.51,LIMIT,20,COMPRESSION,2026-09-01,2026-09-01T04:23:17.553395
SILC,SHORT,CONVICTION,64.1,BEAR_REJECTION_PENDING,44.27,46.86,38.82,,38,2.1,HOSTILE,43.4,LIMIT,20,CONVICTION,2026-09-01,2026-09-01T04:24:55.869685
GIS,SHORT,CONVICTION,64.1,BEAR_REJECTION_PENDING,42.06,42.49,40.2,36.42,231,4.31,HOSTILE,41.5,LIMIT,13,COMPRESSION,2026-09-01,2026-09-01T04:27:13.579582
FTH,SHORT,CONVICTION,64.0,BEAR_REJECTION_PENDING,33.02,34.02,29.95,30.57,100,3.07,HOSTILE,32.85,LIMIT,6,COMPRESSION,2026-09-01,2026-09-01T04:24:48.275140
ISRG,SHORT,CONVICTION,64.0,BEAR_REJECTION_PENDING,381.37,386.91,361.75,361.75,18,3.54,HOSTILE,377.25,LIMIT,20,CONVICTION,2026-09-01,2026-09-01T04:30:09.158138
CSGP,SHORT,CONVICTION,64.0,BEAR_REJECTION_PENDING,32.77,33.91,29.47,29.47,87,2.89,HOSTILE,32.13,LIMIT,17,COMPRESSION,2026-09-01,2026-09-01T04:30:16.082735
PLAY,SHORT,CONVICTION,64.0,BEAR_REJECTION_PENDING,9.18,9.54,8.72,,274,1.26,HOSTILE,9.0,LIMIT,20,COMPRESSION,2026-09-01,2026-09-01T04:34:37.669516
MNTS,SHORT,CONVICTION,64.0,BEAR_REJECTION_PENDING,4.25,4.33,3.65,3.65,1240,7.44,HOSTILE,4.202,LIMIT,20,COMPRESSION,2026-09-01,2026-09-01T04:34:51.074538
ALTO,SHORT,CONVICTION,64.0,BEAR_REJECTION_PENDING,3.93,4.15,3.55,3.33,447,1.69,HOSTILE,3.8504,LIMIT,20,MINOR,2026-09-01,2026-09-01T04:34:58.882084
APTV,SHORT,CONVICTION,64.0,BEAR_REJECTION_PENDING,46.06,47.1,43.76,,96,2.21,HOSTILE,45.16,LIMIT,20,COMPRESSION,2026-09-01,2026-09-01T04:35:12.930703
FIVE,SHORT,CONVICTION,64.0,BEAR_REJECTION_PENDING,247.05,249.82,219.13,234.65,36,10.07,HOSTILE,246.8,LIMIT,20,CONVICTION,2026-09-01,2026-09-01T04:35:45.345282
GKOS,SHORT,CONVICTION,64.0,BEAR_REJECTION_PENDING,180.48,182.33,168.66,172.94,54,6.4,HOSTILE,179.56,LIMIT,20,MINOR,2026-09-01,2026-09-01T04:35:54.707839
TDW,SHORT,CONVICTION,64.0,BEAR_REJECTION_PENDING,93.78,94.86,84.31,84.31,92,8.75,HOSTILE,93.1,LIMIT,20,COMPRESSION,2026-09-01,2026-09-01T04:39:12.192027
NVDU,SHORT,CONVICTION,64.0,BEAR_REJECTION_PENDING,136.5,138.98,118.98,127.01,40,7.07,HOSTILE,136.24,LIMIT,20,CONVICTION,2026-09-01,2026-09-01T04:42:14.978120
AGX,SHORT,CONVICTION,64.0,BEAR_REJECTION_PENDING,442.52,453.59,383.0,377.98,9,5.38,HOSTILE,433.8435,LIMIT,20,CONVICTION,2026-09-01,2026-09-01T04:44:27.901161
CRS,SHORT,CONVICTION,64.0,BEAR_REJECTION_PENDING,482.06,487.66,444.34,444.34,17,6.74,HOSTILE,477.0,LIMIT,20,CONVICTION,2026-09-01,2026-09-01T04:44:41.762732
MFP,SHORT,CONVICTION,64.0,BEAR_REJECTION_PENDING,47.75,48.65,42.0,42.0,111,6.41,HOSTILE,46.88,LIMIT,20,MINOR,2026-09-01,2026-09-01T04:45:02.139326
GPI,SHORT,CONVICTION,64.0,BEAR_REJECTION_PENDING,270.08,272.71,263.95,252.83,38,2.34,HOSTILE,269.43,LIMIT,20,COMPRESSION,2026-09-01,2026-09-01T04:48:10.955028
IBKR,SHORT,CONVICTION,64.0,BEAR_REJECTION_PENDING,97.0,98.11,92.22,88.0,90,4.31,HOSTILE,96.05,LIMIT,20,MINOR,2026-09-01,2026-09-01T04:50:03.630631
KALU,SHORT,CONVICTION,63.9,BEAR_REJECTION_PENDING,158.6,161.13,137.68,144.25,39,8.27,HOSTILE,158.05,LIMIT,20,COMPRESSION,2026-09-01,2026-09-01T04:36:08.400462
XMTR,SHORT,CONVICTION,63.9,BEAR_REJECTION_PENDING,93.62,95.01,89.4,88.08,72,3.04,HOSTILE,92.69,LIMIT,20,COMPRESSION,2026-09-01,2026-09-01T04:37:09.487623
OMER,SHORT,CONVICTION,63.9,BEAR_REJECTION_PENDING,19.26,19.66,16.65,16.61,250,6.54,HOSTILE,18.88,LIMIT,7,MINOR,2026-09-01,2026-09-01T04:48:45.702910
VNET,SHORT,CONVICTION,63.9,BEAR_REJECTION_PENDING,6.24,6.75,5.28,,195,1.88,HOSTILE,6.12,LIMIT,20,COMPRESSION,2026-09-01,2026-09-01T04:51:53.058623
OXY,SHORT,CONVICTION,63.8,BEAR_REJECTION_PENDING,61.0,61.61,56.62,54.09,164,7.22,HOSTILE,60.94,LIMIT,10,COMPRESSION,2026-09-01,2026-09-01T04:28:22.436505
RIO,SHORT,CONVICTION,63.8,BEAR_REJECTION_PENDING,102.61,103.69,90.0,91.33,92,11.72,HOSTILE,102.17,LIMIT,20,CONVICTION,2026-09-01,2026-09-01T04:49:33.641739
ZBIO,SHORT,CONVICTION,63.7,BEAR_REJECTION_PENDING,32.81,33.42,30.96,27.48,162,3.01,HOSTILE,32.32,LIMIT,8,MINOR,2026-09-01,2026-09-01T04:21:54.456920
GDYN,SHORT,CONVICTION,63.6,BEAR_REJECTION_PENDING,8.14,8.33,7.2,6.96,521,4.9,HOSTILE,7.98,LIMIT,4,COMPRESSION,2026-09-01,2026-09-01T04:21:03.083249
VIA,SHORT,CONVICTION,63.6,BEAR_REJECTION_PENDING,28.09,28.5,27.05,26.58,244,2.55,HOSTILE,27.54,LIMIT,15,COMPRESSION,2026-09-01,2026-09-01T04:23:22.122403
CRSP,SHORT,CONVICTION,63.6,BEAR_REJECTION_PENDING,57.2,58.06,55.0,50.55,115,2.54,HOSTILE,57.038,LIMIT,20,COMPRESSION,2026-09-01,2026-09-01T04:47:39.462147
VG,SHORT,CONVICTION,63.5,BEAR_REJECTION_PENDING,14.91,15.24,13.75,14.1,306,3.56,HOSTILE,14.81,LIMIT,7,COMPRESSION,2026-09-01,2026-09-01T04:32:38.336123
BHVN,SHORT,CONVICTION,63.5,BEAR_REJECTION_PENDING,15.88,16.24,14.03,13.64,277,5.13,HOSTILE,15.79,LIMIT,20,COMPRESSION,2026-09-01,2026-09-01T04:52:11.321186
ACN,SHORT,CONVICTION,63.3,BEAR_REJECTION_PENDING,189.76,191.86,170.37,184.1,47,9.25,HOSTILE,188.64,LIMIT,16,CONVICTION,2026-09-01,2026-09-01T04:29:36.642870
AGIO,SHORT,CONVICTION,63.3,BEAR_REJECTION_PENDING,33.94,34.32,31.04,28.8,262,7.62,HOSTILE,33.68,LIMIT,20,COMPRESSION,2026-09-01,2026-09-01T04:41:14.350415
WTTR,SHORT,CONVICTION,63.2,BEAR_REJECTION_PENDING,19.66,19.92,16.9,16.9,385,10.65,HOSTILE,19.5,LIMIT,20,MINOR,2026-09-01,2026-09-01T04:22:45.541814
NCRA,SHORT,CONVICTION,63.2,BEAR_REJECTION_PENDING,2.54,2.63,2.39,,1141,1.71,HOSTILE,2.53,LIMIT,10,MINOR,2026-09-01,2026-09-01T04:35:01.884619
CNC,SHORT,CONVICTION,63.2,BEAR_REJECTION_PENDING,65.41,66.33,56.45,55.2,108,9.74,HOSTILE,64.3309,LIMIT,20,VACUUM,2026-09-01,2026-09-01T04:41:31.075983
ALOY,SHORT,CONVICTION,63.1,BEAR_REJECTION_PENDING,10.58,11.57,8.96,,100,1.62,HOSTILE,10.3685,LIMIT,20,COMPRESSION,2026-09-01,2026-09-01T04:44:29.625168
NVDQ,SHORT,CONVICTION,63.1,BEAR_REJECTION_PENDING,9.08,9.26,8.67,8.28,568,2.33,HOSTILE,9.04,LIMIT,16,COMPRESSION,2026-09-01,2026-09-01T04:50:50.286273
TSLT,SHORT,CONVICTION,63.1,BEAR_REJECTION_PENDING,13.73,14.02,11.95,12.44,349,6.22,HOSTILE,13.63,LIMIT,20,MINOR,2026-09-01,2026-09-01T04:54:13.590706
REPL,SHORT,CONVICTION,63.0,BEAR_REJECTION_PENDING,15.5,15.79,14.57,13.41,349,3.25,HOSTILE,15.2,LIMIT,20,MINOR,2026-09-01,2026-09-01T04:38:54.694875
ZBAO,SHORT,CONVICTION,62.9,BEAR_REJECTION_PENDING,0.17,0.18,0.14,,16260,4.15,HOSTILE,0.1697,LIMIT,20,COMPRESSION,2026-09-01,2026-09-01T04:21:32.728823
DYN,SHORT,CONVICTION,62.9,BEAR_REJECTION_PENDING,25.82,26.22,24.44,23.92,249,3.45,HOSTILE,25.43,LIMIT,13,MINOR,2026-09-01,2026-09-01T04:22:08.375083
XP,SHORT,CONVICTION,62.9,BEAR_REJECTION_PENDING,18.55,18.76,18.18,16.24,480,1.78,HOSTILE,18.23,LIMIT,17,COMPRESSION,2026-09-01,2026-09-01T04:32:48.085141
PAVS,SHORT,CONVICTION,62.9,BEAR_REJECTION_PENDING,5.01,5.17,4.75,,628,1.62,HOSTILE,4.91,LIMIT,20,MINOR,2026-09-01,2026-09-01T04:34:19.138956
ACRS,SHORT,CONVICTION,62.7,BEAR_REJECTION_PENDING,6.1,6.19,5.63,5.33,1164,5.47,HOSTILE,6.06,LIMIT,18,MINOR,2026-09-01,2026-09-01T04:22:04.786078
AVGX,SHORT,CONVICTION,62.7,BEAR_REJECTION_PENDING,41.82,42.94,36.26,38.81,88,4.95,HOSTILE,41.55,LIMIT,20,COMPRESSION,2026-09-01,2026-09-01T04:53:09.872991
JLHL,SHORT,CONVICTION,62.5,BEAR_REJECTION_PENDING,6.01,6.2,5.71,,523,1.57,HOSTILE,6.0,LIMIT,20,MINOR,2026-09-01,2026-09-01T04:33:11.073181
CDNL,SHORT,CONVICTION,62.5,BEAR_REJECTION_PENDING,37.06,38.06,33.56,33.0,100,3.51,HOSTILE,36.3345,LIMIT,20,COMPRESSION,2026-09-01,2026-09-01T04:44:35.619712
WSO,SHORT,CONVICTION,62.5,BEAR_REJECTION_PENDING,313.26,321.24,297.63,,12,1.96,HOSTILE,309.82,LIMIT,20,CONVICTION,2026-09-01,2026-09-01T04:52:57.132432
INTA,SHORT,CONVICTION,62.4,BEAR_REJECTION_PENDING,44.24,45.67,40.8,36.9,69,2.4,HOSTILE,43.37,LIMIT,6,COMPRESSION,2026-09-01,2026-09-01T04:23:06.513378
DE,SHORT,CONVICTION,62.4,BEAR_REJECTION_PENDING,658.77,664.97,648.0,611.12,16,1.74,HOSTILE,652.65,LIMIT,1,MINOR,2026-09-01,2026-09-01T04:49:57.532619
CRSR,SHORT,CONVICTION,62.3,BEAR_REJECTION_PENDING,12.44,13.05,10.78,10.89,163,2.72,HOSTILE,12.2,LIMIT,20,COMPRESSION,2026-09-01,2026-09-01T04:22:13.702090
IRWD,SHORT,CONVICTION,62.3,BEAR_REJECTION_PENDING,4.26,4.43,3.93,3.81,581,1.92,HOSTILE,4.26,LIMIT,20,COMPRESSION,2026-09-01,2026-09-01T04:22:20.808169
RIGL,SHORT,CONVICTION,62.3,BEAR_REJECTION_PENDING,46.18,46.75,42.9,44.02,174,5.72,HOSTILE,46.0,LIMIT,17,MINOR,2026-09-01,2026-09-01T04:23:34.090422
XNCR,SHORT,CONVICTION,62.2,BEAR_REJECTION_PENDING,27.8,29.18,24.61,24.61,72,2.29,HOSTILE,27.25,LIMIT,20,COMPRESSION,2026-09-01,2026-09-01T04:22:00.028072
IBRX,SHORT,CONVICTION,62.2,BEAR_REJECTION_PENDING,7.95,8.09,7.4,6.96,713,3.92,HOSTILE,7.94,LIMIT,11,MINOR,2026-09-01,2026-09-01T04:31:05.679807
SXTC,SHORT,CONVICTION,62.2,BEAR_REJECTION_PENDING,2.48,2.68,2.36,,500,0.62,HOSTILE,2.46,LIMIT,20,MINOR,2026-09-01,2026-09-01T04:46:45.813459
LPX,SHORT,CONVICTION,62.2,BEAR_REJECTION_PENDING,70.53,71.62,67.26,,92,3.03,HOSTILE,70.51,LIMIT,20,CONVICTION,2026-09-01,2026-09-01T04:48:29.133657
MRX,SHORT,CONVICTION,62.1,BEAR_REJECTION_PENDING,72.77,73.92,62.6,65.0,87,8.86,HOSTILE,72.48,LIMIT,14,COMPRESSION,2026-09-01,2026-09-01T04:23:51.417450
IPST,SHORT,CONVICTION,62.1,BEAR_REJECTION_PENDING,4.1,5.26,3.89,,85,0.18,HOSTILE,4.09,LIMIT,9,MINOR,2026-09-01,2026-09-01T04:46:31.427934
CAST,SHORT,CONVICTION,62.0,BEAR_REJECTION_PENDING,1.28,1.38,1.22,,981,0.63,HOSTILE,1.28,LIMIT,20,COMPRESSION,2026-09-01,2026-09-01T04:20:56.735239
BEEM,SHORT,CONVICTION,62.0,BEAR_REJECTION_PENDING,1.47,1.51,1.36,1.35,2253,2.45,HOSTILE,1.44,LIMIT,20,COMPRESSION,2026-09-01,2026-09-01T04:21:17.492800
MARA,SHORT,CONVICTION,62.0,BEAR_REJECTION_PENDING,10.62,10.9,9.3,9.59,354,4.68,HOSTILE,10.59,LIMIT,20,MINOR,2026-09-01,2026-09-01T04:21:21.733806
BTCS,SHORT,CONVICTION,62.0,BEAR_REJECTION_PENDING,1.37,1.41,1.31,1.26,2757,1.65,HOSTILE,1.36,LIMIT,20,MINOR,2026-09-01,2026-09-01T04:21:22.318808
SMTK,SHORT,CONVICTION,62.0,BEAR_REJECTION_PENDING,3.05,3.35,2.9,,331,0.51,HOSTILE,3.0,LIMIT,20,COMPRESSION,2026-09-01,2026-09-01T04:21:22.546808
BTTC,SHORT,CONVICTION,62.0,BEAR_REJECTION_PENDING,0.4,0.42,0.38,,4852,0.97,HOSTILE,0.4004,LIMIT,20,COMPRESSION,2026-09-01,2026-09-01T04:21:32.463825
LGHL,SHORT,CONVICTION,62.0,BEAR_REJECTION_PENDING,0.5,0.54,0.48,,2574,0.64,HOSTILE,0.4932,LIMIT,20,COMPRESSION,2026-09-01,2026-09-01T04:21:33.919826
LGCL,SHORT,CONVICTION,62.0,BEAR_REJECTION_PENDING,4.28,11.57,4.06,,13,0.03,HOSTILE,4.2375,LIMIT,8,COMPRESSION,2026-09-01,2026-09-01T04:21:40.502839
SURG,SHORT,CONVICTION,62.0,BEAR_REJECTION_PENDING,0.17,0.18,0.16,,7541,0.63,HOSTILE,0.1665,LIMIT,20,MINOR,2026-09-01,2026-09-01T04:21:41.521837
STOK,SHORT,CONVICTION,62.0,BEAR_REJECTION_PENDING,31.3,31.77,28.3,27.44,214,6.44,HOSTILE,31.2,LIMIT,20,COMPRESSION,2026-09-01,2026-09-01T04:22:21.059169
DOMO,SHORT,CONVICTION,62.0,BEAR_REJECTION_PENDING,3.85,3.89,3.44,3.57,2311,9.48,HOSTILE,3.78,LIMIT,20,MINOR,2026-09-01,2026-09-01T04:23:01.052369
SBET,SHORT,CONVICTION,62.0,BEAR_REJECTION_PENDING,8.53,8.68,8.24,8.06,660,1.92,HOSTILE,8.45,LIMIT,20,COMPRESSION,2026-09-01,2026-09-01T04:23:20.044400
DMRA,SHORT,CONVICTION,62.0,BEAR_REJECTION_PENDING,28.36,28.86,26.1,24.84,201,4.56,HOSTILE,28.25,LIMIT,20,COMPRESSION,2026-09-01,2026-09-01T04:23:41.655435
GHRS,SHORT,CONVICTION,62.0,BEAR_REJECTION_PENDING,27.31,27.69,23.81,24.68,262,9.2,HOSTILE,27.02,LIMIT,20,COMPRESSION,2026-09-01,2026-09-01T04:24:24.493045
YYGH,SHORT,CONVICTION,62.0,BEAR_REJECTION_PENDING,1.49,1.56,1.33,,1364,2.17,HOSTILE,1.46,LIMIT,3,MINOR,2026-09-01,2026-09-01T04:25:29.562806
RXT,SHORT,CONVICTION,62.0,BEAR_REJECTION_PENDING,3.07,3.16,2.92,,1077,1.65,HOSTILE,3.0601,LIMIT,20,COMPRESSION,2026-09-01,2026-09-01T04:25:37.412819
QTEX,SHORT,CONVICTION,62.0,BEAR_REJECTION_PENDING,0.84,0.87,0.8,,3261,1.37,HOSTILE,0.8421,LIMIT,20,MINOR,2026-09-01,2026-09-01T04:25:51.528928
UUUU,SHORT,CONVICTION,62.0,BEAR_REJECTION_PENDING,14.7,14.98,13.87,13.44,357,2.97,HOSTILE,14.6,LIMIT,20,COMPRESSION,2026-09-01,2026-09-01T04:26:02.226946
OFAL,SHORT,CONVICTION,62.0,BEAR_REJECTION_PENDING,0.74,0.87,0.7,,752,0.28,HOSTILE,0.7231,LIMIT,20,MINOR,2026-09-01,2026-09-01T04:26:15.863947
FFAI,SHORT,CONVICTION,62.0,CHANNEL_TOP_REJECT,2.29,2.34,2.27,2.22,2178,0.43,HOSTILE,2.2899,LIMIT,15,MINOR,2026-09-01,2026-09-01T04:26:17.562555
MVST,SHORT,CONVICTION,62.0,BEAR_REJECTION_PENDING,0.72,0.74,0.67,0.62,5537,2.73,HOSTILE,0.7065,LIMIT,20,COMPRESSION,2026-09-01,2026-09-01T04:26:28.794857
SOC,SHORT,CONVICTION,62.0,BEAR_REJECTION_PENDING,4.87,5.0,4.45,4.4,777,3.26,HOSTILE,4.83,LIMIT,20,COMPRESSION,2026-09-01,2026-09-01T04:26:34.583327
VIVK,SHORT,CONVICTION,62.0,BEAR_REJECTION_PENDING,0.79,0.83,0.75,,2939,1.17,HOSTILE,0.7886,LIMIT,20,MINOR,2026-09-01,2026-09-01T04:26:44.124197
XE,SHORT,CONVICTION,62.0,BEAR_REJECTION_PENDING,18.34,18.93,15.6,16.7,170,4.67,HOSTILE,18.315,LIMIT,20,COMPRESSION,2026-09-01,2026-09-01T04:27:10.973909
BAX,SHORT,CONVICTION,62.0,BEAR_REJECTION_PENDING,26.02,26.39,22.68,23.85,275,9.19,HOSTILE,26.02,LIMIT,20,COMPRESSION,2026-09-01,2026-09-01T04:27:15.545242
AVTR,SHORT,CONVICTION,62.0,BEAR_REJECTION_PENDING,14.63,14.79,14.38,12.57,627,1.57,HOSTILE,14.55,LIMIT,8,COMPRESSION,2026-09-01,2026-09-01T04:27:39.895718
COIN,SHORT,CONVICTION,62.0,BEAR_REJECTION_PENDING,184.0,187.38,172.35,168.43,29,3.45,HOSTILE,183.68,LIMIT,20,CONVICTION,2026-09-01,2026-09-01T04:27:53.676472
LYFT,SHORT,CONVICTION,62.0,BEAR_REJECTION_PENDING,16.86,17.06,16.02,16.02,489,4.11,HOSTILE,16.83,LIMIT,20,COMPRESSION,2026-09-01,2026-09-01T04:28:13.139482
CPOP,SHORT,CONVICTION,62.0,BEAR_REJECTION_PENDING,0.32,0.33,0.3,,10683,1.7,HOSTILE,0.3176,LIMIT,20,MINOR,2026-09-01,2026-09-01T04:28:19.063496
KEY,SHORT,CONVICTION,62.0,BEAR_REJECTION_PENDING,21.41,21.81,20.57,19.71,250,2.11,HOSTILE,21.4,LIMIT,20,COMPRESSION,2026-09-01,2026-09-01T04:28:28.349519
CPNG,SHORT,CONVICTION,62.0,BEAR_REJECTION_PENDING,16.08,16.26,15.74,15.35,552,1.88,HOSTILE,16.02,LIMIT,20,CONVICTION,2026-09-01,2026-09-01T04:29:45.591417
PSKY,SHORT,CONVICTION,62.0,BEAR_REJECTION_PENDING,10.92,11.05,9.99,10.6,740,6.89,HOSTILE,10.9,LIMIT,20,COMPRESSION,2026-09-01,2026-09-01T04:30:34.848205
OI,SHORT,CONVICTION,62.0,BEAR_REJECTION_PENDING,7.39,7.59,6.82,6.38,505,2.88,HOSTILE,7.35,LIMIT,10,CONVICTION,2026-09-01,2026-09-01T04:31:00.901797
FNB,SHORT,CONVICTION,62.0,BEAR_REJECTION_PENDING,18.27,18.36,17.71,16.18,1037,5.76,HOSTILE,18.23,LIMIT,20,COMPRESSION,2026-09-01,2026-09-01T04:31:23.419845
TTD,SHORT,CONVICTION,62.0,BEAR_REJECTION_PENDING,13.68,13.85,13.34,12.97,590,2.01,HOSTILE,13.6212,LIMIT,12,CONVICTION,2026-09-01,2026-09-01T04:31:25.140847
UAMY,SHORT,CONVICTION,62.0,BEAR_REJECTION_PENDING,4.87,5.03,4.53,,640,2.18,HOSTILE,4.816,LIMIT,20,COMPRESSION,2026-09-01,2026-09-01T04:31:29.163926
QS,SHORT,CONVICTION,62.0,BEAR_REJECTION_PENDING,5.55,5.64,5.38,,1102,1.87,HOSTILE,5.53,LIMIT,20,COMPRESSION,2026-09-01,2026-09-01T04:32:44.846134
UWMC,SHORT,CONVICTION,62.0,BEAR_REJECTION_PENDING,1.49,1.58,1.27,1.29,1138,2.5,HOSTILE,1.47,LIMIT,16,MINOR,2026-09-01,2026-09-01T04:32:47.137139
HIVE,SHORT,CONVICTION,62.0,BEAR_REJECTION_PENDING,2.75,2.83,2.47,2.43,1261,3.53,HOSTILE,2.7397,LIMIT,20,COMPRESSION,2026-09-01,2026-09-01T04:33:00.810163
MVIS,SHORT,CONVICTION,62.0,BEAR_REJECTION_PENDING,1.8,1.93,1.71,,739,0.66,HOSTILE,1.76,LIMIT,20,MINOR,2026-09-01,2026-09-01T04:33:02.631167
BJDX,SHORT,CONVICTION,62.0,BEAR_REJECTION_PENDING,0.85,0.88,0.81,,3930,1.67,HOSTILE,0.8499,LIMIT,20,MINOR,2026-09-01,2026-09-01T04:33:15.916190
FIG,SHORT,CONVICTION,62.0,BEAR_REJECTION_PENDING,27.35,27.88,25.25,23.89,189,3.98,HOSTILE,27.2,LIMIT,20,CONVICTION,2026-09-01,2026-09-01T04:33:20.851199
AEON,SHORT,CONVICTION,62.0,BEAR_REJECTION_PENDING,0.28,0.29,0.25,0.26,8748,2.56,HOSTILE,0.28,LIMIT,20,MINOR,2026-09-01,2026-09-01T04:33:21.651200
DFNS,SHORT,CONVICTION,62.0,BEAR_REJECTION_PENDING,11.12,12.31,10.56,,83,0.47,HOSTILE,11.01,LIMIT,20,COMPRESSION,2026-09-01,2026-09-01T04:33:30.032752
HAO,SHORT,CONVICTION,62.0,BEAR_REJECTION_PENDING,3.08,3.26,2.93,,567,0.87,HOSTILE,3.04,LIMIT,20,COMPRESSION,2026-09-01,2026-09-01T04:33:42.008775
INHD,SHORT,CONVICTION,62.0,BEAR_REJECTION_PENDING,5.33,5.84,5.06,,196,0.52,HOSTILE,5.28,LIMIT,20,MINOR,2026-09-01,2026-09-01T04:33:57.581866
OBAI,SHORT,CONVICTION,62.0,BEAR_REJECTION_PENDING,0.34,0.35,0.32,,5777,0.97,HOSTILE,0.3364,LIMIT,20,COMPRESSION,2026-09-01,2026-09-01T04:33:59.592870
CRE,SHORT,CONVICTION,62.0,BEAR_REJECTION_PENDING,3.1,3.38,2.65,,357,1.6,HOSTILE,3.09,LIMIT,20,MINOR,2026-09-01,2026-09-01T04:34:01.309873
WNW,SHORT,CONVICTION,62.0,BEAR_REJECTION_PENDING,2.6,2.68,2.48,2.4,1306,1.55,HOSTILE,2.5476,LIMIT,9,MINOR,2026-09-01,2026-09-01T04:34:01.723873
LASE,SHORT,CONVICTION,62.0,BEAR_REJECTION_PENDING,1.47,1.51,1.4,1.32,2696,1.86,HOSTILE,1.44,LIMIT,17,MINOR,2026-09-01,2026-09-01T04:34:05.619880
OSS,SHORT,CONVICTION,62.0,BEAR_REJECTION_PENDING,10.57,10.84,10.14,9.54,365,1.57,HOSTILE,10.5196,LIMIT,20,COMPRESSION,2026-09-01,2026-09-01T04:34:04.501877
DGXX,SHORT,CONVICTION,62.0,BEAR_REJECTION_PENDING,3.61,3.7,3.47,3.24,1116,1.56,HOSTILE,3.5945,LIMIT,20,COMPRESSION,2026-09-01,2026-09-01T04:34:20.369960
ZENA,SHORT,CONVICTION,62.0,BEAR_REJECTION_PENDING,1.76,1.81,1.59,,1882,3.2,HOSTILE,1.75,LIMIT,20,COMPRESSION,2026-09-01,2026-09-01T04:34:30.638504
BTQ,SHORT,CONVICTION,62.0,BEAR_REJECTION_PENDING,3.15,3.24,3.01,,1160,1.62,HOSTILE,3.13,LIMIT,20,COMPRESSION,2026-09-01,2026-09-01T04:34:31.794505
SERV,SHORT,CONVICTION,62.0,BEAR_REJECTION_PENDING,4.86,4.96,4.53,4.37,997,3.34,HOSTILE,4.85,LIMIT,20,COMPRESSION,2026-09-01,2026-09-01T04:34:47.879534
NUWE,SHORT,CONVICTION,62.0,BEAR_REJECTION_PENDING,0.8,0.85,0.72,,2438,2.04,HOSTILE,0.789,LIMIT,20,COMPRESSION,2026-09-01,2026-09-01T04:34:54.524078
MRLN,SHORT,CONVICTION,62.0,BEAR_REJECTION_PENDING,3.04,3.14,2.89,,965,1.47,HOSTILE,3.01,LIMIT,20,COMPRESSION,2026-09-01,2026-09-01T04:34:56.745081
COHX,SHORT,CONVICTION,62.0,BEAR_REJECTION_PENDING,21.82,23.17,19.17,,74,1.97,HOSTILE,21.55,LIMIT,20,CONVICTION,2026-09-01,2026-09-01T04:35:30.134727
FRVO,SHORT,CONVICTION,62.0,BEAR_REJECTION_PENDING,15.26,15.81,14.5,,181,1.39,HOSTILE,15.26,LIMIT,20,MINOR,2026-09-01,2026-09-01T04:35:48.896288
NASA,SHORT,CONVICTION,62.0,BEAR_REJECTION_PENDING,23.23,23.5,22.72,21.76,367,1.86,HOSTILE,23.18,LIMIT,20,COMPRESSION,2026-09-01,2026-09-01T04:36:18.194014
NBIZ,SHORT,CONVICTION,62.0,BEAR_REJECTION_PENDING,7.72,8.2,6.53,6.53,206,2.46,HOSTILE,7.67,LIMIT,5,MINOR,2026-09-01,2026-09-01T04:36:19.623015
OKLL,SHORT,CONVICTION,62.0,BEAR_REJECTION_PENDING,2.42,2.53,2.3,,859,1.04,HOSTILE,2.37,LIMIT,18,COMPRESSION,2026-09-01,2026-09-01T04:36:29.386030
SMCX,SHORT,CONVICTION,62.0,BEAR_REJECTION_PENDING,11.73,12.24,10.89,10.35,196,1.65,HOSTILE,11.6387,LIMIT,20,COMPRESSION,2026-09-01,2026-09-01T04:36:44.582060
AKAM,SHORT,CONVICTION,62.0,BEAR_REJECTION_PENDING,110.81,112.21,104.29,104.29,71,4.67,HOSTILE,110.7313,LIMIT,20,COMPRESSION,2026-09-01,2026-09-01T04:37:14.721632
BCRX,SHORT,CONVICTION,62.0,BEAR_REJECTION_PENDING,9.71,9.87,8.76,8.76,628,5.97,HOSTILE,9.62,LIMIT,20,COMPRESSION,2026-09-01,2026-09-01T04:39:40.379604
BETA,SHORT,CONVICTION,62.0,CHANNEL_TOP_REJECT,20.28,20.84,20.16,18.97,179,0.21,HOSTILE,20.28,LIMIT,20,MINOR,2026-09-01,2026-09-01T04:39:43.545610
DPZ,SHORT,CONVICTION,62.0,BEAR_REJECTION_PENDING,348.9,352.87,332.97,312.32,25,4.02,HOSTILE,342.06,LIMIT,20,COMPRESSION,2026-09-01,2026-09-01T04:39:51.375626
GNRC,SHORT,CONVICTION,62.0,BEAR_REJECTION_PENDING,184.71,187.35,175.88,,37,3.35,HOSTILE,184.0,LIMIT,20,CONVICTION,2026-09-01,2026-09-01T04:40:05.240179
PLAG,SHORT,CONVICTION,62.0,BEAR_REJECTION_PENDING,0.69,0.82,0.66,,764,0.26,HOSTILE,0.679,LIMIT,20,COMPRESSION,2026-09-01,2026-09-01T04:40:31.808285
SPCG,SHORT,CONVICTION,62.0,BEAR_REJECTION_PENDING,17.88,18.45,15.69,16.56,173,3.81,HOSTILE,17.65,LIMIT,20,COMPRESSION,2026-09-01,2026-09-01T04:40:53.282850
KTB,SHORT,CONVICTION,62.0,BEAR_REJECTION_PENDING,75.81,76.82,71.77,73.04,99,4.01,HOSTILE,75.1,LIMIT,20,COMPRESSION,2026-09-01,2026-09-01T04:42:01.899099
LSTR,SHORT,CONVICTION,62.0,BEAR_REJECTION_PENDING,181.27,183.35,176.76,156.76,48,2.17,HOSTILE,180.63,LIMIT,20,COMPRESSION,2026-09-01,2026-09-01T04:42:08.097109
QNT,SHORT,CONVICTION,62.0,BEAR_REJECTION_PENDING,50.06,51.53,47.28,,68,1.9,HOSTILE,49.73,LIMIT,20,CONVICTION,2026-09-01,2026-09-01T04:42:21.622130
SMCL,SHORT,CONVICTION,62.0,BEAR_REJECTION_PENDING,16.78,17.48,15.18,14.59,143,2.29,HOSTILE,16.77,LIMIT,20,COMPRESSION,2026-09-01,2026-09-01T04:42:31.339264
TSLQ,SHORT,CONVICTION,62.0,BEAR_REJECTION_PENDING,19.2,19.71,18.31,17.24,196,1.75,HOSTILE,19.02,LIMIT,17,MINOR,2026-09-01,2026-09-01T04:42:35.675270
AAP,SHORT,CONVICTION,62.0,BEAR_REJECTION_PENDING,43.15,44.46,40.99,,76,1.64,HOSTILE,42.3,LIMIT,20,COMPRESSION,2026-09-01,2026-09-01T04:42:45.399286
HOG,SHORT,CONVICTION,62.0,BEAR_REJECTION_PENDING,27.66,28.18,26.11,24.77,193,3.0,HOSTILE,27.12,LIMIT,20,COMPRESSION,2026-09-01,2026-09-01T04:43:31.945910
NNE,SHORT,CONVICTION,62.0,BEAR_REJECTION_PENDING,18.15,18.54,16.6,16.6,254,3.95,HOSTILE,17.8,LIMIT,20,COMPRESSION,2026-09-01,2026-09-01T04:43:47.239468
ORCU,SHORT,CONVICTION,62.0,BEAR_REJECTION_PENDING,7.96,8.17,7.58,7.04,465,1.75,HOSTILE,7.8,LIMIT,20,COMPRESSION,2026-09-01,2026-09-01T04:43:49.245476
ACMR,SHORT,CONVICTION,62.0,BEAR_REJECTION_PENDING,74.0,75.45,67.91,68.82,68,4.2,HOSTILE,73.82,LIMIT,20,CONVICTION,2026-09-01,2026-09-01T04:45:50.508657
PPC,SHORT,CONVICTION,62.0,BEAR_REJECTION_PENDING,31.33,31.94,30.4,26.95,163,1.52,HOSTILE,31.32,LIMIT,20,COMPRESSION,2026-09-01,2026-09-01T04:46:05.513343
WETO,SHORT,CONVICTION,62.0,BEAR_REJECTION_PENDING,7.66,10.74,7.28,,32,0.12,HOSTILE,7.51,LIMIT,8,MINOR,2026-09-01,2026-09-01T04:46:10.612885
PFSA,SHORT,CONVICTION,62.0,BEAR_REJECTION_PENDING,3.0,4.27,2.85,,79,0.12,HOSTILE,2.96,LIMIT,5,COMPRESSION,2026-09-01,2026-09-01T04:46:39.650380
BMNU,SHORT,CONVICTION,62.0,BEAR_REJECTION_PENDING,19.74,20.38,18.2,18.2,156,2.4,HOSTILE,19.63,LIMIT,20,COMPRESSION,2026-09-01,2026-09-01T04:47:30.008064
BSOL,SHORT,CONVICTION,62.0,BEAR_REJECTION_PENDING,14.08,14.25,13.18,13.18,574,5.17,HOSTILE,13.98,LIMIT,20,MINOR,2026-09-01,2026-09-01T04:47:31.702069
DLO,SHORT,CONVICTION,62.0,BEAR_REJECTION_PENDING,15.07,15.28,14.56,13.61,485,2.48,HOSTILE,14.84,LIMIT,20,COMPRESSION,2026-09-01,2026-09-01T04:47:42.165208
ETHT,SHORT,CONVICTION,62.0,BEAR_REJECTION_PENDING,16.81,17.12,16.02,14.78,317,2.51,HOSTILE,16.74,LIMIT,20,CONVICTION,2026-09-01,2026-09-01T04:47:52.692461
G,SHORT,CONVICTION,62.0,BEAR_REJECTION_PENDING,38.11,38.88,34.3,34.74,128,4.9,HOSTILE,37.3592,LIMIT,20,COMPRESSION,2026-09-01,2026-09-01T04:48:07.232020
MSTU,SHORT,CONVICTION,62.0,BEAR_REJECTION_PENDING,31.58,32.82,28.46,27.3,80,2.51,HOSTILE,30.9575,LIMIT,20,MINOR,2026-09-01,2026-09-01T04:48:37.902859
MSTY,SHORT,CONVICTION,62.0,BEAR_REJECTION_PENDING,15.18,15.43,14.65,14.4,405,2.16,HOSTILE,15.0026,LIMIT,20,MINOR,2026-09-01,2026-09-01T04:48:37.905860
AIAI,SHORT,CONVICTION,62.0,BEAR_REJECTION_PENDING,3.75,4.09,3.56,,293,0.55,HOSTILE,3.72,LIMIT,20,COMPRESSION,2026-09-01,2026-09-01T04:49:45.228989
NVAX,SHORT,CONVICTION,62.0,BEAR_REJECTION_PENDING,9.39,9.55,9.07,8.43,644,2.06,HOSTILE,9.33,LIMIT,20,COMPRESSION,2026-09-01,2026-09-01T04:50:10.158644
ROBN,SHORT,CONVICTION,62.0,BEAR_REJECTION_PENDING,31.27,32.28,29.55,26.78,99,1.71,HOSTILE,31.16,LIMIT,20,COMPRESSION,2026-09-01,2026-09-01T04:50:10.716646
SDOT,SHORT,CONVICTION,62.0,BEAR_REJECTION_PENDING,14.25,15.54,13.54,,77,0.55,HOSTILE,14.22,LIMIT,20,MINOR,2026-09-01,2026-09-01T04:50:13.266650
UEC,SHORT,CONVICTION,62.0,BEAR_REJECTION_PENDING,11.99,12.21,11.54,10.27,458,2.06,HOSTILE,11.95,LIMIT,20,COMPRESSION,2026-09-01,2026-09-01T04:50:17.859659
XPON,SHORT,CONVICTION,62.0,BEAR_REJECTION_PENDING,6.85,7.36,6.51,,197,0.67,HOSTILE,6.81,LIMIT,20,COMPRESSION,2026-09-01,2026-09-01T04:50:29.247680
DXST,SHORT,CONVICTION,62.0,BEAR_REJECTION_PENDING,2.56,2.66,2.33,2.23,968,2.23,HOSTILE,2.5308,LIMIT,20,COMPRESSION,2026-09-01,2026-09-01T04:50:30.796683
XXRP,SHORT,CONVICTION,62.0,BEAR_REJECTION_PENDING,32.21,33.28,30.5,28.6,93,1.6,HOSTILE,31.94,LIMIT,20,COMPRESSION,2026-09-01,2026-09-01T04:50:33.819689
UXRP,SHORT,CONVICTION,62.0,BEAR_REJECTION_PENDING,15.81,16.35,14.45,14.45,186,2.54,HOSTILE,15.5,LIMIT,20,COMPRESSION,2026-09-01,2026-09-01T04:50:34.291690
MAIR,SHORT,CONVICTION,62.0,BEAR_REJECTION_PENDING,26.6,27.17,24.82,,176,3.15,HOSTILE,26.4,LIMIT,20,MINOR,2026-09-01,2026-09-01T04:51:00.127291
DAIC,SHORT,CONVICTION,62.0,BEAR_REJECTION_PENDING,3.22,3.53,3.06,,326,0.53,HOSTILE,3.2,LIMIT,20,MINOR,2026-09-01,2026-09-01T04:51:03.122827
JEM,SHORT,CONVICTION,62.0,BEAR_REJECTION_PENDING,4.31,4.59,3.89,3.63,360,1.53,HOSTILE,4.23,LIMIT,20,MINOR,2026-09-01,2026-09-01T04:51:08.824374
EYE,SHORT,CONVICTION,62.0,BEAR_REJECTION_PENDING,17.65,18.76,14.95,,89,2.41,HOSTILE,17.3,LIMIT,20,COMPRESSION,2026-09-01,2026-09-01T04:51:18.210384
VCYT,SHORT,CONVICTION,62.0,BEAR_REJECTION_PENDING,43.3,43.87,39.0,39.22,175,7.55,HOSTILE,43.19,LIMIT,20,CONVICTION,2026-09-01,2026-09-01T04:51:51.978621
WSHP,SHORT,CONVICTION,62.0,BEAR_REJECTION_PENDING,5.06,5.25,4.6,4.6,536,2.47,HOSTILE,5.02,LIMIT,20,MINOR,2026-09-01,2026-09-01T04:52:54.703428
CRMG,SHORT,CONVICTION,62.0,BEAR_REJECTION_PENDING,10.06,10.28,9.32,9.54,464,3.44,HOSTILE,9.98,LIMIT,20,MINOR,2026-09-01,2026-09-01T04:53:05.295446
AEMD,SHORT,CONVICTION,62.0,BEAR_REJECTION_PENDING,1.92,2.02,1.82,,1043,1.0,HOSTILE,1.91,LIMIT,20,MINOR,2026-09-01,2026-09-01T04:53:38.372106
CBLL,SHORT,CONVICTION,61.9,BEAR_REJECTION_PENDING,24.46,25.03,23.0,21.35,174,2.55,HOSTILE,23.98,LIMIT,13,COMPRESSION,2026-09-01,2026-09-01T04:22:57.319363
STLA,SHORT,CONVICTION,61.9,BEAR_REJECTION_PENDING,5.54,5.71,5.23,5.13,588,1.82,HOSTILE,5.43,LIMIT,20,COMPRESSION,2026-09-01,2026-09-01T04:32:12.404075
VUZI,SHORT,CONVICTION,61.9,BEAR_REJECTION_PENDING,2.67,2.81,2.35,,694,2.22,HOSTILE,2.6565,LIMIT,13,COMPRESSION,2026-09-01,2026-09-01T04:34:13.368419
CORT,SHORT,CONVICTION,61.9,BEAR_REJECTION_PENDING,115.62,118.59,110.84,108.25,33,1.61,HOSTILE,113.35,LIMIT,20,COMPRESSION,2026-09-01,2026-09-01T04:44:40.868731
SNDQ,SHORT,CONVICTION,61.8,BEAR_REJECTION_PENDING,16.23,17.75,15.42,,65,0.53,HOSTILE,15.9116,LIMIT,13,COMPRESSION,2026-09-01,2026-09-01T04:36:46.347056
JAZZ,SHORT,CONVICTION,61.8,BEAR_REJECTION_PENDING,251.34,253.65,231.44,227.88,43,8.63,HOSTILE,250.6,LIMIT,20,MINOR,2026-09-01,2026-09-01T04:54:12.217702
TRAX,SHORT,CONVICTION,61.7,BEAR_REJECTION_PENDING,42.25,43.1,37.14,37.14,118,6.04,HOSTILE,41.84,LIMIT,20,MINOR,2026-09-01,2026-09-01T04:23:01.072372
TME,SHORT,CONVICTION,61.7,BEAR_REJECTION_PENDING,8.53,8.83,8.1,,326,1.39,HOSTILE,8.36,LIMIT,20,COMPRESSION,2026-09-01,2026-09-01T04:39:15.627567
RVTY,SHORT,CONVICTION,61.7,BEAR_REJECTION_PENDING,129.15,130.76,116.02,114.86,62,8.15,HOSTILE,128.67,LIMIT,3,MINOR,2026-09-01,2026-09-01T04:49:33.649739
TECL,SHORT,CONVICTION,61.7,BEAR_REJECTION_PENDING,203.28,206.46,186.51,188.88,31,5.27,HOSTILE,203.0,LIMIT,20,CONVICTION,2026-09-01,2026-09-01T04:52:40.024348
NUTX,SHORT,CONVICTION,61.6,BEAR_REJECTION_PENDING,189.51,192.38,162.64,175.04,34,9.38,HOSTILE,188.76,LIMIT,20,MINOR,2026-09-01,2026-09-01T04:25:16.525721
KHC,SHORT,CONVICTION,61.6,BEAR_REJECTION_PENDING,26.2,27.37,23.74,22.25,86,2.12,HOSTILE,25.69,LIMIT,14,COMPRESSION,2026-09-01,2026-09-01T04:27:29.152303
CCO,SHORT,CONVICTION,61.6,BEAR_REJECTION_PENDING,2.38,2.4,2.04,2.29,5908,20.09,HOSTILE,2.365,LIMIT,8,COMPRESSION,2026-09-01,2026-09-01T04:32:42.807139
IOND,SHORT,CONVICTION,61.6,BEAR_REJECTION_PENDING,71.67,72.76,66.29,66.52,92,4.96,HOSTILE,71.54,LIMIT,7,COMPRESSION,2026-09-01,2026-09-01T04:41:57.433559
SGML,SHORT,CONVICTION,61.5,BEAR_REJECTION_PENDING,12.53,12.77,11.19,11.57,421,5.64,HOSTILE,12.46,LIMIT,20,COMPRESSION,2026-09-01,2026-09-01T04:45:21.727387
CSTL,SHORT,CONVICTION,61.4,BEAR_REJECTION_PENDING,33.03,33.67,29.03,30.99,158,6.33,HOSTILE,33.03,LIMIT,20,MINOR,2026-09-01,2026-09-01T04:23:45.282440
AMTM,SHORT,CONVICTION,61.3,BEAR_REJECTION_PENDING,20.24,20.7,19.23,,215,2.19,HOSTILE,20.01,LIMIT,20,COMPRESSION,2026-09-01,2026-09-01T04:49:47.113603
CGON,SHORT,CONVICTION,61.2,BEAR_REJECTION_PENDING,76.42,77.32,71.29,71.47,110,5.67,HOSTILE,75.16,LIMIT,20,VACUUM,2026-09-01,2026-09-01T04:22:56.777363
WFC,SHORT,CONVICTION,61.1,BEAR_REJECTION_PENDING,88.38,96.43,74.89,,12,1.68,HOSTILE,86.65,LIMIT,15,COMPRESSION,2026-09-01,2026-09-01T04:27:20.895413
BAND,SHORT,CONVICTION,61.1,BEAR_REJECTION_PENDING,49.4,52.49,44.08,41.28,32,1.72,HOSTILE,48.43,LIMIT,18,COMPRESSION,2026-09-01,2026-09-01T04:34:49.877537
BSP,SHORT,CONVICTION,61.1,BEAR_REJECTION_PENDING,42.65,44.18,35.59,36.84,65,4.61,HOSTILE,41.81,LIMIT,20,COMPRESSION,2026-09-01,2026-09-01T04:37:37.040668
AGNC,SHORT,CONVICTION,61.0,BEAR_REJECTION_PENDING,10.74,10.95,10.2,9.79,466,2.52,HOSTILE,10.7,LIMIT,20,COMPRESSION,2026-09-01,2026-09-01T04:30:18.100865
NN,SHORT,CONVICTION,61.0,BEAR_REJECTION_PENDING,16.2,17.64,13.98,,69,1.54,HOSTILE,15.88,LIMIT,15,COMPRESSION,2026-09-01,2026-09-01T04:34:47.545534
OWL,SHORT,CONVICTION,60.9,BEAR_REJECTION_PENDING,12.4,12.65,10.45,11.69,410,8.02,HOSTILE,12.16,LIMIT,20,COMPRESSION,2026-09-01,2026-09-01T04:31:55.673508
BOX,SHORT,CONVICTION,60.8,BEAR_REJECTION_PENDING,35.67,36.02,32.08,33.39,289,10.41,HOSTILE,35.4851,LIMIT,14,COMPRESSION,2026-09-01,2026-09-01T04:54:08.510158
RXRX,SHORT,CONVICTION,60.7,BEAR_REJECTION_PENDING,3.4,3.46,3.27,2.91,1693,2.12,HOSTILE,3.36,LIMIT,16,MINOR,2026-09-01,2026-09-01T04:32:29.078106
PSNL,SHORT,CONVICTION,60.7,BEAR_REJECTION_PENDING,17.28,17.89,15.91,15.22,163,2.24,HOSTILE,16.94,LIMIT,20,COMPRESSION,2026-09-01,2026-09-01T04:49:27.619681
TARS,SHORT,CONVICTION,60.6,BEAR_REJECTION_PENDING,75.72,81.17,67.0,,18,1.6,HOSTILE,74.24,LIMIT,7,COMPRESSION,2026-09-01,2026-09-01T04:39:11.931027
CLBT,SHORT,CONVICTION,60.6,BEAR_REJECTION_PENDING,12.24,14.0,11.63,,56,0.35,HOSTILE,12.0,LIMIT,13,MINOR,2026-09-01,2026-09-01T04:42:52.517297
SPCX,SHORT,CONVICTION,60.5,BEAR_REJECTION_PENDING,145.82,152.28,136.05,126.54,15,1.51,HOSTILE,142.96,LIMIT,18,COMPRESSION,2026-09-01,2026-09-01T04:21:29.544818
ATAI,SHORT,CONVICTION,60.5,BEAR_REJECTION_PENDING,7.38,7.43,7.07,7.25,2129,6.71,HOSTILE,7.33,LIMIT,9,MINOR,2026-09-01,2026-09-01T04:31:41.632951
ALMR,SHORT,CONVICTION,60.4,BEAR_REJECTION_PENDING,31.3,33.46,26.36,26.36,46,2.3,HOSTILE,30.69,LIMIT,20,COMPRESSION,2026-09-01,2026-09-01T04:23:30.030417
NOV,SHORT,CONVICTION,60.4,BEAR_REJECTION_PENDING,21.3,22.02,19.13,19.13,138,3.02,HOSTILE,21.16,LIMIT,8,MINOR,2026-09-01,2026-09-01T04:38:41.984797
KMX,SHORT,CONVICTION,60.4,BEAR_REJECTION_PENDING,62.58,64.16,54.38,55.38,63,5.18,HOSTILE,61.35,LIMIT,20,COMPRESSION,2026-09-01,2026-09-01T04:49:22.495632
OPEN,SHORT,CONVICTION,60.3,BEAR_REJECTION_PENDING,3.23,3.33,3.07,,1050,1.74,HOSTILE,3.17,LIMIT,20,MINOR,2026-09-01,2026-09-01T04:26:46.837014
NFLX,SHORT,CONVICTION,60.2,BEAR_REJECTION_PENDING,82.7,86.45,72.77,70.59,26,2.65,HOSTILE,81.08,LIMIT,15,COMPRESSION,2026-09-01,2026-09-01T04:27:58.509021
PODD,SHORT,CONVICTION,60.2,BEAR_REJECTION_PENDING,151.17,152.82,148.66,131.21,60,1.52,HOSTILE,149.05,LIMIT,20,CONVICTION,2026-09-01,2026-09-01T04:46:43.052925
RIG,SHORT,CONVICTION,60.0,BEAR_REJECTION_PENDING,5.97,6.51,5.0,,183,1.78,HOSTILE,5.8512,LIMIT,20,COMPRESSION,2026-09-01,2026-09-01T04:31:31.281931
ECG,SHORT,CONVICTION,60.0,BEAR_REJECTION_PENDING,115.52,117.45,97.94,97.94,51,9.12,HOSTILE,115.13,LIMIT,20,COMPRESSION,2026-09-01,2026-09-01T04:44:46.173748
SITM,SHORT,CONVICTION,60.0,BEAR_REJECTION_PENDING,560.0,572.07,497.43,505.42,8,5.18,HOSTILE,554.19,LIMIT,20,CONVICTION,2026-09-01,2026-09-01T04:45:23.771393
FIX,SHORT,CONVICTION,60.0,BEAR_REJECTION_PENDING,1548.66,1574.33,1385.33,1483.0,3,6.36,HOSTILE,1545.0,LIMIT,20,CONVICTION,2026-09-01,2026-09-01T04:46:03.389639
