ticker,side,tier,fem,mode,entry,stop,t1,t2,shares,rr,spy_regime,current_price,entry_type,n_gaps_above,gap_above_conviction,scan_date,asof
ZS,LONG,CONVICTION,100.0,BULL_BOUNCE_PENDING,168.18,159.77,188.97,,11,2.47,FAVORABLE,168.1842,MARKET,20,CONVICTION,2026-09-08,2026-09-08T04:41:36.962152
SOXS,LONG,CONVICTION,99.8,BULL_BOUNCE_PENDING,45.46,43.19,49.56,52.22,43,1.8,FAVORABLE,45.46,MARKET,20,CONVICTION,2026-09-08,2026-09-08T04:41:16.575586
MSFU,LONG,CONVICTION,99.6,BULL_BOUNCE_PENDING,37.49,35.62,42.19,,53,2.51,FAVORABLE,37.49,MARKET,20,VACUUM,2026-09-08,2026-09-08T04:52:18.692089
LCID,LONG,CONVICTION,98.0,BULL_BOUNCE_PENDING,4.61,4.38,4.98,,433,1.6,FAVORABLE,4.6101,MARKET,14,COMPRESSION,2026-09-08,2026-09-08T04:30:27.211228
ZM,LONG,CONVICTION,97.1,BULL_BOUNCE_PENDING,100.49,95.38,108.34,,19,1.54,FAVORABLE,100.49,MARKET,20,CONVICTION,2026-09-08,2026-09-08T04:53:17.849160
ARKG,LONG,CONVICTION,96.8,BULL_BOUNCE_PENDING,46.85,43.25,49.19,,27,0.65,FAVORABLE,46.85,MARKET,20,COMPRESSION,2026-09-08,2026-09-08T04:37:41.929762
BLSH,LONG,CONVICTION,96.8,BULL_BOUNCE_PENDING,35.27,32.48,39.46,,35,1.5,FAVORABLE,35.27,MARKET,16,CONVICTION,2026-09-08,2026-09-08T04:44:22.022105
FISV,LONG,CONVICTION,96.7,BULL_BOUNCE_PENDING,52.8,48.8,59.55,,25,1.69,FAVORABLE,52.8014,MARKET,18,COMPRESSION,2026-09-08,2026-09-08T04:44:34.874208
AMIX,LONG,CONVICTION,96.7,BULL_BOUNCE_PENDING,4.56,4.33,5.2,5.2,438,2.81,FAVORABLE,4.56,MARKET,20,COMPRESSION,2026-09-08,2026-09-08T04:51:27.436612
ETON,LONG,CONVICTION,96.0,BULL_BOUNCE_PENDING,58.44,55.52,63.37,65.32,34,1.69,FAVORABLE,58.44,MARKET,20,COMPRESSION,2026-09-08,2026-09-08T04:45:45.637546
HODU,LONG,CONVICTION,96.0,BULL_BOUNCE_PENDING,15.47,14.7,16.66,,129,1.54,FAVORABLE,15.47,MARKET,19,MINOR,2026-09-08,2026-09-08T04:55:01.060049
MANE,LONG,CONVICTION,95.9,BULL_BOUNCE_PENDING,98.51,91.08,111.28,,13,1.72,FAVORABLE,98.51,MARKET,20,CONVICTION,2026-09-08,2026-09-08T04:47:24.951764
MDB,LONG,CONVICTION,95.0,BULL_BOUNCE_PENDING,366.06,335.34,413.24,,3,1.54,FAVORABLE,366.06,MARKET,20,CONVICTION,2026-09-08,2026-09-08T04:38:41.618074
CRCG,LONG,CONVICTION,94.9,BULL_BOUNCE_PENDING,18.37,17.45,20.91,,108,2.77,FAVORABLE,18.37,MARKET,14,CONVICTION,2026-09-08,2026-09-08T04:55:07.439623
CDNA,LONG,CONVICTION,94.7,BULL_BOUNCE_PENDING,50.5,47.97,53.03,,39,1.0,FAVORABLE,50.5,MARKET,2,MINOR,2026-09-08,2026-09-08T04:50:10.113310
NOW,LONG,CONVICTION,94.4,BULL_BOUNCE_PENDING,138.74,125.17,145.68,,7,0.51,FAVORABLE,138.74,MARKET,20,COMPRESSION,2026-09-08,2026-09-08T04:31:56.452639
ZCSH,LONG,CONVICTION,93.9,BULL_BOUNCE_PENDING,90.5,83.35,95.03,,13,0.63,FAVORABLE,90.5,MARKET,2,MINOR,2026-09-08,2026-09-08T04:55:33.711297
IMVT,LONG,CONVICTION,93.7,BULL_BOUNCE_PENDING,39.25,37.29,43.27,44.8,50,2.05,FAVORABLE,39.25,MARKET,20,COMPRESSION,2026-09-08,2026-09-08T04:43:30.580485
EYE,LONG,CONVICTION,93.0,BULL_BOUNCE_PENDING,16.5,15.67,18.44,18.6,121,2.36,FAVORABLE,16.4961,MARKET,11,MINOR,2026-09-08,2026-09-08T04:51:38.184793
HACK,LONG,CONVICTION,93.0,BULL_BOUNCE_PENDING,110.47,104.95,121.72,,18,2.04,FAVORABLE,110.47,MARKET,20,VACUUM,2026-09-08,2026-09-08T04:53:03.385468
ANF,LONG,CONVICTION,92.9,BULL_BOUNCE_PENDING,150.01,141.58,157.51,,11,0.89,FAVORABLE,150.01,MARKET,0,NONE,2026-09-08,2026-09-08T04:39:40.121711
NESR,LONG,CONVICTION,92.0,BULL_BOUNCE_PENDING,34.75,33.01,36.49,,57,1.0,FAVORABLE,34.75,MARKET,16,MINOR,2026-09-08,2026-09-08T04:40:51.077454
MGNI,LONG,CONVICTION,92.0,BULL_BOUNCE_PENDING,25.15,23.89,26.41,,79,1.0,FAVORABLE,25.15,MARKET,1,MINOR,2026-09-08,2026-09-08T04:54:37.853919
MSTR,LONG,CONVICTION,91.8,BULL_BOUNCE_PENDING,138.83,131.89,149.78,,14,1.58,FAVORABLE,138.83,MARKET,18,CONVICTION,2026-09-08,2026-09-08T04:29:24.565034
IOND,LONG,CONVICTION,90.5,BULL_BOUNCE_PENDING,76.17,68.66,79.98,,13,0.51,FAVORABLE,76.17,MARKET,0,NONE,2026-09-08,2026-09-08T04:43:31.108487
DOO,LONG,CONVICTION,90.3,BULL_BOUNCE_PENDING,67.32,62.89,70.69,,22,0.76,FAVORABLE,67.32,MARKET,4,MINOR,2026-09-08,2026-09-08T04:47:18.258754
CRCL,LONG,CONVICTION,90.2,BULL_BOUNCE_PENDING,99.46,94.49,108.72,111.77,20,1.86,FAVORABLE,99.46,MARKET,17,CONVICTION,2026-09-08,2026-09-08T04:29:35.971051
FRPT,LONG,CONVICTION,89.7,BULL_BOUNCE_PENDING,68.84,62.07,79.68,,14,1.6,FAVORABLE,70.24,LIMIT,20,MINOR,2026-09-08,2026-09-08T04:42:06.318736
RVMD,LONG,CONVICTION,88.9,BULL_BOUNCE_PENDING,211.96,199.48,222.56,,8,0.85,FAVORABLE,210.5,STOP,15,MINOR,2026-09-08,2026-09-08T04:46:55.838717
LULU,SHORT,CONVICTION,88.6,BEAR_REJECTION_PENDING,100.61,121.76,95.58,,4,0.24,FAVORABLE,100.15,LIMIT,20,CONVICTION,2026-09-08,2026-09-08T04:50:25.923921
ACMR,SHORT,CONVICTION,88.5,BEAR_REJECTION_PENDING,77.25,79.81,71.25,67.91,39,2.35,FAVORABLE,76.0,LIMIT,20,CONVICTION,2026-09-08,2026-09-08T04:46:33.852154
GPRO,LONG,CONVICTION,88.3,BULL_BOUNCE_PENDING,1.76,1.64,1.85,,795,0.7,FAVORABLE,1.8,LIMIT,6,MINOR,2026-09-08,2026-09-08T04:29:12.303943
CGON,LONG,CONVICTION,88.1,BULL_BOUNCE_PENDING,73.18,70.15,79.5,80.68,33,2.09,FAVORABLE,74.67,LIMIT,15,VACUUM,2026-09-08,2026-09-08T04:46:40.659693
SYM,SHORT,CONVICTION,88.1,BEAR_REJECTION_PENDING,43.43,46.75,37.66,,30,1.74,FAVORABLE,42.58,LIMIT,20,CONVICTION,2026-09-08,2026-09-08T04:54:52.335493
DOCU,LONG,CONVICTION,87.8,BULL_BOUNCE_PENDING,70.47,66.55,76.78,,25,1.61,FAVORABLE,68.06,STOP,7,COMPRESSION,2026-09-08,2026-09-08T04:38:09.413949
PANW,LONG,CONVICTION,87.7,BULL_BOUNCE_PENDING,324.18,300.88,363.0,,4,1.67,FAVORABLE,330.8,LIMIT,20,CONVICTION,2026-09-08,2026-09-08T04:33:09.357896
SUNB,LONG,CONVICTION,87.7,BULL_BOUNCE_PENDING,65.84,63.76,70.93,73.66,48,2.45,FAVORABLE,67.18,LIMIT,20,CONVICTION,2026-09-08,2026-09-08T04:46:19.041131
HPE,LONG,CONVICTION,87.3,BULL_BOUNCE_PENDING,50.39,44.87,52.91,,18,0.46,FAVORABLE,51.42,LIMIT,20,VACUUM,2026-09-08,2026-09-08T04:32:48.654795
ADSK,LONG,CONVICTION,87.1,BULL_BOUNCE_PENDING,232.37,215.75,243.99,,6,0.7,FAVORABLE,216.67,STOP,20,CONVICTION,2026-09-08,2026-09-08T04:39:36.109706
CBOE,LONG,CONVICTION,87.1,BULL_BOUNCE_PENDING,292.41,278.29,328.54,328.54,7,2.56,FAVORABLE,298.38,LIMIT,20,CONVICTION,2026-09-08,2026-09-08T04:43:04.811907
EFX,LONG,CONVICTION,87.0,BULL_BOUNCE_PENDING,179.45,168.71,203.69,203.94,9,2.26,FAVORABLE,178.0,STOP,20,CONVICTION,2026-09-08,2026-09-08T04:48:26.277540
TYRA,LONG,CONVICTION,86.7,BULL_BOUNCE_PENDING,28.08,26.72,32.4,32.4,73,3.18,FAVORABLE,28.65,LIMIT,5,CONVICTION,2026-09-08,2026-09-08T04:28:57.478921
PMI,LONG,CONVICTION,86.6,BULL_BOUNCE_PENDING,4.54,3.44,4.76,,91,0.21,FAVORABLE,4.63,LIMIT,9,MINOR,2026-09-08,2026-09-08T04:30:15.231208
AVNT,LONG,CONVICTION,86.6,BULL_BOUNCE_PENDING,42.53,37.73,44.66,,20,0.44,FAVORABLE,43.4,LIMIT,20,COMPRESSION,2026-09-08,2026-09-08T04:37:49.188311
TXG,LONG,CONVICTION,86.6,BULL_BOUNCE_PENDING,61.14,56.6,64.2,,22,0.67,FAVORABLE,62.39,LIMIT,20,MINOR,2026-09-08,2026-09-08T04:39:21.529679
VAL,LONG,CONVICTION,86.5,BULL_BOUNCE_PENDING,88.69,83.63,98.64,,19,1.96,FAVORABLE,87.0,STOP,20,CONVICTION,2026-09-08,2026-09-08T04:41:27.791139
SRRK,LONG,CONVICTION,86.5,BULL_BOUNCE_PENDING,54.22,47.83,56.93,,15,0.42,FAVORABLE,55.33,LIMIT,20,MINOR,2026-09-08,2026-09-08T04:47:36.474783
TSDD,LONG,CONVICTION,86.4,BULL_BOUNCE_PENDING,8.39,7.84,9.53,,182,2.07,FAVORABLE,8.3598,STOP,20,COMPRESSION,2026-09-08,2026-09-08T04:55:58.830506
TSLA,LONG,CONVICTION,86.2,BULL_BOUNCE_PENDING,346.03,333.28,381.78,392.35,7,2.8,FAVORABLE,353.09,LIMIT,20,CONVICTION,2026-09-08,2026-09-08T04:32:36.127776
AXTI,LONG,CONVICTION,86.0,BULL_BOUNCE_PENDING,62.56,51.87,65.69,,9,0.29,FAVORABLE,61.71,STOP,20,CONVICTION,2026-09-08,2026-09-08T04:32:11.879209
ATAI,LONG,CONVICTION,86.0,BULL_BOUNCE_PENDING,7.42,7.3,7.79,,826,3.06,FAVORABLE,7.28,STOP,7,MINOR,2026-09-08,2026-09-08T04:34:22.568687
ROBN,LONG,CONVICTION,86.0,BULL_BOUNCE_PENDING,36.82,30.6,38.66,,16,0.3,FAVORABLE,37.57,LIMIT,20,VACUUM,2026-09-08,2026-09-08T04:50:29.319939
DUST,LONG,CONVICTION,86.0,BULL_BOUNCE_CONFIRMED,33.0,30.57,37.51,,41,1.85,FAVORABLE,33.0,LIMIT,20,CONVICTION,2026-09-08,2026-09-08T04:53:32.052202
CRWV,LONG,CONVICTION,85.8,BULL_BOUNCE_PENDING,88.1,83.63,101.4,98.73,22,2.98,FAVORABLE,89.9,LIMIT,16,CONVICTION,2026-09-08,2026-09-08T04:32:24.553225
BABA,LONG,CONVICTION,85.8,BULL_BOUNCE_PENDING,109.75,97.6,115.24,,8,0.45,FAVORABLE,111.99,LIMIT,20,COMPRESSION,2026-09-08,2026-09-08T04:49:24.797699
RIOT,LONG,CONVICTION,85.7,BULL_BOUNCE_PENDING,20.98,17.15,22.03,,26,0.27,FAVORABLE,21.41,LIMIT,16,COMPRESSION,2026-09-08,2026-09-08T04:34:42.603949
REZI,LONG,CONVICTION,85.7,BULL_BOUNCE_PENDING,19.48,17.38,20.46,,47,0.46,FAVORABLE,19.88,LIMIT,13,CONVICTION,2026-09-08,2026-09-08T04:41:42.140695
IONS,LONG,CONVICTION,85.7,BULL_BOUNCE_PENDING,50.37,42.61,52.89,,12,0.32,FAVORABLE,51.4,LIMIT,20,COMPRESSION,2026-09-08,2026-09-08T04:45:53.214571
CVI,LONG,CONVICTION,85.7,BULL_BOUNCE_PENDING,44.69,41.55,46.92,,31,0.71,FAVORABLE,43.95,STOP,0,NONE,2026-09-08,2026-09-08T04:50:10.554312
DXCM,LONG,CONVICTION,85.7,BULL_BOUNCE_PENDING,85.25,83.03,90.0,92.3,45,2.14,FAVORABLE,86.99,LIMIT,20,COMPRESSION,2026-09-08,2026-09-08T04:50:14.985331
RMD,LONG,CONVICTION,85.5,BULL_BOUNCE_PENDING,223.78,218.62,250.08,254.3,19,5.1,FAVORABLE,228.35,LIMIT,20,CONVICTION,2026-09-08,2026-09-08T04:41:08.128569
CRS,LONG,CONVICTION,85.5,BULL_BOUNCE_PENDING,465.82,431.95,531.96,545.01,2,1.95,FAVORABLE,475.33,LIMIT,20,CONVICTION,2026-09-08,2026-09-08T04:45:38.072534
PBF,LONG,CONVICTION,85.3,BULL_BOUNCE_PENDING,75.28,72.05,79.04,,30,1.16,FAVORABLE,75.3,STOP,10,COMPRESSION,2026-09-08,2026-09-08T04:42:26.933773
WIX,LONG,CONVICTION,85.2,BULL_BOUNCE_PENDING,74.61,73.09,80.0,83.62,65,3.54,FAVORABLE,76.0,LIMIT,20,CONVICTION,2026-09-08,2026-09-08T04:41:33.107147
KTB,LONG,CONVICTION,85.2,BULL_BOUNCE_PENDING,72.12,69.72,76.1,83.53,41,1.66,FAVORABLE,73.59,LIMIT,20,COMPRESSION,2026-09-08,2026-09-08T04:43:36.906496
ORA,LONG,CONVICTION,85.0,BULL_BOUNCE_CONFIRMED,106.65,100.56,118.48,121.56,16,1.94,FAVORABLE,106.65,LIMIT,20,COMPRESSION,2026-09-08,2026-09-08T04:40:59.867018
CDTG,LONG,CONVICTION,85.0,BULL_BOUNCE_PENDING,1.28,1.01,1.35,,367,0.24,FAVORABLE,1.31,LIMIT,2,MINOR,2026-09-08,2026-09-08T04:47:12.494750
CRSP,LONG,CONVICTION,84.9,BULL_BOUNCE_PENDING,54.57,52.93,63.02,60.7,61,5.18,FAVORABLE,55.68,LIMIT,20,CONVICTION,2026-09-08,2026-09-08T04:48:22.033533
SDRL,LONG,CONVICTION,84.9,BULL_BOUNCE_PENDING,50.01,47.54,54.76,,40,1.92,FAVORABLE,49.08,STOP,20,COMPRESSION,2026-09-08,2026-09-08T04:53:12.654717
ASTS,LONG,CONVICTION,84.8,BULL_BOUNCE_PENDING,61.2,56.71,70.62,,22,2.1,FAVORABLE,62.45,LIMIT,20,CONVICTION,2026-09-08,2026-09-08T04:32:24.700225
GMED,LONG,CONVICTION,84.6,BULL_BOUNCE_PENDING,76.59,75.04,82.07,83.99,64,3.55,FAVORABLE,78.15,LIMIT,20,COMPRESSION,2026-09-08,2026-09-08T04:40:23.648788
PLGO,LONG,CONVICTION,84.6,BULL_BOUNCE,25.32,24.82,26.59,,199,2.53,FAVORABLE,25.32,LIMIT,20,MINOR,2026-09-08,2026-09-08T04:44:55.589379
NBIS,SHORT,CONVICTION,84.5,BEAR_REJECTION_PENDING,228.48,249.67,193.23,,4,1.66,FAVORABLE,224.0,LIMIT,20,CONVICTION,2026-09-08,2026-09-08T04:35:08.706322
AAP,SHORT,CONVICTION,84.5,BEAR_REJECTION_PENDING,44.93,56.46,42.68,,8,0.19,FAVORABLE,44.05,LIMIT,2,CONVICTION,2026-09-08,2026-09-08T04:44:16.054098
NTNX,LONG,CONVICTION,84.5,BULL_BOUNCE_PENDING,67.47,66.52,69.6,70.96,105,2.25,FAVORABLE,68.1,LIMIT,11,COMPRESSION,2026-09-08,2026-09-08T04:44:48.907829
FICO,LONG,CONVICTION,84.4,BULL_BOUNCE_PENDING,916.66,899.86,986.0,1030.47,5,4.13,FAVORABLE,934.8668,LIMIT,20,COMPRESSION,2026-09-08,2026-09-08T04:44:34.186203
MLI,LONG,CONVICTION,84.4,BULL_BOUNCE_PENDING,62.47,60.09,68.06,69.0,42,2.35,FAVORABLE,63.74,LIMIT,20,MINOR,2026-09-08,2026-09-08T04:52:17.558019
SCCO,LONG,CONVICTION,84.3,BULL_BOUNCE_PENDING,196.0,187.39,215.4,215.85,11,2.25,FAVORABLE,200.0,LIMIT,20,VACUUM,2026-09-08,2026-09-08T04:49:56.838293
DASH,LONG,CONVICTION,84.3,BULL_BOUNCE_PENDING,204.04,200.9,221.5,229.3,31,5.57,FAVORABLE,208.2,LIMIT,20,COMPRESSION,2026-09-08,2026-09-08T04:51:02.841085
SPSC,LONG,CONVICTION,84.2,BULL_BOUNCE_PENDING,81.34,80.08,86.92,87.82,79,4.42,FAVORABLE,83.0,LIMIT,14,CONVICTION,2026-09-08,2026-09-08T04:44:03.660538
GDX,LONG,CONVICTION,84.2,BULL_BOUNCE_PENDING,100.2,94.68,105.21,,18,0.91,FAVORABLE,98.01,STOP,20,COMPRESSION,2026-09-08,2026-09-08T04:49:35.951253
ASAN,LONG,CONVICTION,84.1,BULL_BOUNCE_PENDING,9.02,8.21,9.47,,123,0.56,FAVORABLE,8.62,STOP,20,CONVICTION,2026-09-08,2026-09-08T04:36:22.017537
NOV,LONG,CONVICTION,84.1,BULL_BOUNCE,21.39,20.7,22.46,,144,1.55,FAVORABLE,21.39,LIMIT,13,MINOR,2026-09-08,2026-09-08T04:40:54.446460
ISRG,LONG,CONVICTION,84.0,BULL_BOUNCE_PENDING,357.54,351.56,369.0,396.1,16,1.92,FAVORABLE,363.58,LIMIT,20,CONVICTION,2026-09-08,2026-09-08T04:33:10.592901
HONA,SHORT,CONVICTION,84.0,BEAR_REJECTION_PENDING,161.01,163.18,155.0,154.01,46,2.77,FAVORABLE,160.616,LIMIT,20,CONVICTION,2026-09-08,2026-09-08T04:38:33.192059
VOYG,LONG,CONVICTION,84.0,BULL_BOUNCE_PENDING,34.52,31.43,36.25,,32,0.56,FAVORABLE,33.63,STOP,20,COMPRESSION,2026-09-08,2026-09-08T04:39:27.171690
DDOG,LONG,CONVICTION,84.0,BULL_BOUNCE_PENDING,207.39,143.0,217.76,,1,0.16,FAVORABLE,211.62,LIMIT,20,COMPRESSION,2026-09-08,2026-09-08T04:40:07.989760
DT,LONG,CONVICTION,84.0,BULL_BOUNCE_PENDING,50.12,45.48,52.62,,21,0.54,FAVORABLE,51.14,LIMIT,20,COMPRESSION,2026-09-08,2026-09-08T04:40:11.882766
HAE,LONG,CONVICTION,84.0,BULL_BOUNCE_PENDING,100.86,89.82,105.9,,9,0.46,FAVORABLE,102.92,LIMIT,20,COMPRESSION,2026-09-08,2026-09-08T04:43:27.059490
BBY,LONG,CONVICTION,84.0,BULL_BOUNCE_PENDING,90.91,86.08,100.62,,20,2.01,FAVORABLE,90.4,STOP,5,COMPRESSION,2026-09-08,2026-09-08T04:52:55.862892
PI,LONG,CONVICTION,83.9,BULL_BOUNCE_PENDING,171.03,168.47,192.28,,38,8.29,FAVORABLE,172.57,LIMIT,12,CONVICTION,2026-09-08,2026-09-08T04:38:58.389637
CALM,SHORT,CONVICTION,83.9,BEAR_REJECTION_PENDING,75.0,76.41,69.78,71.76,71,3.71,FAVORABLE,74.63,LIMIT,20,COMPRESSION,2026-09-08,2026-09-08T04:46:28.599145
FLR,LONG,CONVICTION,83.7,BULL_BOUNCE_PENDING,57.94,54.94,60.84,,33,0.97,FAVORABLE,56.2,STOP,10,MINOR,2026-09-08,2026-09-08T04:38:17.490498
FBTC,LONG,CONVICTION,83.7,BULL_BOUNCE_PENDING,69.58,66.95,76.34,76.41,38,2.57,FAVORABLE,68.37,STOP,20,CONVICTION,2026-09-08,2026-09-08T04:48:38.037559
BEAM,LONG,CONVICTION,83.7,BULL_BOUNCE_PENDING,30.0,26.44,31.5,,28,0.42,FAVORABLE,30.61,LIMIT,20,COMPRESSION,2026-09-08,2026-09-08T04:50:07.467306
NLR,LONG,CONVICTION,83.6,BULL_BOUNCE_PENDING,120.48,116.44,131.43,130.28,24,2.71,FAVORABLE,121.0,STOP,20,CONVICTION,2026-09-08,2026-09-08T04:51:46.964990
INTU,LONG,CONVICTION,83.5,BULL_BOUNCE_PENDING,321.51,314.49,356.05,341.36,14,4.92,FAVORABLE,328.0755,LIMIT,20,CONVICTION,2026-09-08,2026-09-08T04:32:41.333784
HCA,LONG,CONVICTION,83.4,BULL_BOUNCE_PENDING,395.19,387.67,415.4,432.46,13,2.69,FAVORABLE,403.25,LIMIT,18,CONVICTION,2026-09-08,2026-09-08T04:33:20.363926
MIR,LONG,CONVICTION,83.3,BULL_BOUNCE_PENDING,17.09,16.09,17.94,,99,0.85,FAVORABLE,16.91,STOP,11,MINOR,2026-09-08,2026-09-08T04:53:53.537266
TKO,SHORT,CONVICTION,83.2,BEAR_REJECTION_PENDING,188.11,190.37,183.15,164.21,44,2.2,FAVORABLE,186.01,LIMIT,20,CONVICTION,2026-09-08,2026-09-08T04:49:13.040679
IESC,LONG,CONVICTION,83.1,BULL_BOUNCE_PENDING,327.54,313.51,353.85,,7,1.88,FAVORABLE,322.57,STOP,20,CONVICTION,2026-09-08,2026-09-08T04:42:13.948751
BHVN,LONG,CONVICTION,83.1,BULL_BOUNCE_PENDING,14.83,12.03,15.57,,35,0.26,FAVORABLE,15.13,LIMIT,20,COMPRESSION,2026-09-08,2026-09-08T04:52:08.356812
B,LONG,CONVICTION,83.0,BULL_BOUNCE_PENDING,43.41,41.88,47.3,47.88,65,2.53,FAVORABLE,44.3,LIMIT,20,COMPRESSION,2026-09-08,2026-09-08T04:30:12.240204
NU,LONG,CONVICTION,83.0,BULL_BOUNCE_PENDING,14.95,13.86,15.7,,91,0.69,FAVORABLE,15.2527,LIMIT,17,COMPRESSION,2026-09-08,2026-09-08T04:31:15.029370
WEN,LONG,CONVICTION,83.0,BULL_BOUNCE_PENDING,7.79,6.22,8.18,,63,0.25,FAVORABLE,7.95,LIMIT,15,COMPRESSION,2026-09-08,2026-09-08T04:35:56.465902
MRK,LONG,CONVICTION,83.0,BULL_BOUNCE_PENDING,152.37,145.05,159.99,,13,1.04,FAVORABLE,149.23,STOP,20,CONVICTION,2026-09-08,2026-09-08T04:36:08.463509
DKS,SHORT,CONVICTION,83.0,BEAR_REJECTION_PENDING,141.95,180.23,134.85,,2,0.19,FAVORABLE,139.1641,LIMIT,20,CONVICTION,2026-09-08,2026-09-08T04:38:08.710948
BWET,LONG,CONVICTION,83.0,BULL_BOUNCE_CONFIRMED,510.0,474.62,535.5,,2,0.72,FAVORABLE,510.0,LIMIT,2,VACUUM,2026-09-08,2026-09-08T04:39:55.366739
EXPE,LONG,CONVICTION,83.0,BULL_BOUNCE_PENDING,296.38,292.89,302.21,313.25,28,1.67,FAVORABLE,298.63,LIMIT,20,COMPRESSION,2026-09-08,2026-09-08T04:42:01.901729
SFM,SHORT,CONVICTION,83.0,BEAR_REJECTION_PENDING,81.49,105.07,77.42,,4,0.17,FAVORABLE,81.4,LIMIT,20,COMPRESSION,2026-09-08,2026-09-08T04:43:58.279530
ACM,SHORT,CONVICTION,83.0,BEAR_REJECTION_PENDING,67.91,73.67,64.52,,17,0.59,FAVORABLE,66.58,LIMIT,20,CONVICTION,2026-09-08,2026-09-08T04:47:44.718330
IGV,LONG,CONVICTION,83.0,BULL_BOUNCE_PENDING,102.05,98.92,108.1,113.4,32,1.94,FAVORABLE,104.13,LIMIT,20,COMPRESSION,2026-09-08,2026-09-08T04:53:04.875145
BROS,LONG,CONVICTION,83.0,BULL_BOUNCE_PENDING,45.08,34.77,47.33,,9,0.22,FAVORABLE,46.0,LIMIT,20,COMPRESSION,2026-09-08,2026-09-08T04:54:20.929874
SLDE,LONG,CONVICTION,83.0,CHANNEL_GAP_BREAKOUT_LONG,24.65,23.42,25.88,,81,1.0,FAVORABLE,24.65,LIMIT,1,MINOR,2026-09-08,2026-09-08T04:54:46.541477
SIG,LONG,CONVICTION,82.9,BULL_BOUNCE_PENDING,83.59,79.98,89.33,92.23,27,1.59,FAVORABLE,85.3,LIMIT,20,CONVICTION,2026-09-08,2026-09-08T04:55:55.339500
ROAD,SHORT,CONVICTION,82.8,BEAR_REJECTION_PENDING,104.65,106.73,98.93,95.75,48,2.75,FAVORABLE,102.6,LIMIT,20,CONVICTION,2026-09-08,2026-09-08T04:39:05.117649
TSLT,SHORT,CONVICTION,82.8,BEAR_REJECTION_PENDING,12.67,15.43,12.04,,36,0.23,FAVORABLE,12.6102,LIMIT,20,CONVICTION,2026-09-08,2026-09-08T04:53:53.921267
NEM,LONG,CONVICTION,82.7,BULL_BOUNCE_PENDING,128.99,122.02,135.44,,14,0.92,FAVORABLE,126.0,STOP,20,COMPRESSION,2026-09-08,2026-09-08T04:32:36.499777
AAPL,LONG,CONVICTION,82.7,BULL_BOUNCE_PENDING,329.26,318.11,345.72,,8,1.48,FAVORABLE,318.49,STOP,20,CONVICTION,2026-09-08,2026-09-08T04:33:00.476346
PATH,LONG,CONVICTION,82.7,BULL_BOUNCE_PENDING,16.73,15.29,17.57,,69,0.58,FAVORABLE,15.13,STOP,18,CONVICTION,2026-09-08,2026-09-08T04:35:26.890578
MPC,LONG,CONVICTION,82.7,BULL_BOUNCE_PENDING,391.39,375.69,410.96,,6,1.25,FAVORABLE,390.99,STOP,1,MINOR,2026-09-08,2026-09-08T04:40:43.830366
TECK,LONG,CONVICTION,82.6,BULL_BOUNCE_PENDING,69.45,66.36,72.92,,32,1.12,FAVORABLE,69.0,STOP,13,MINOR,2026-09-08,2026-09-08T04:33:28.625478
TAL,LONG,CONVICTION,82.6,BULL_BOUNCE_PENDING,12.5,11.9,13.97,,166,2.45,FAVORABLE,12.45,STOP,4,MINOR,2026-09-08,2026-09-08T04:54:15.796859
SHAZ,SHORT,CONVICTION,82.5,BEAR_REJECTION_PENDING,56.24,59.51,50.55,,30,1.74,FAVORABLE,56.0,LIMIT,20,COMPRESSION,2026-09-08,2026-09-08T04:41:10.483574
EYPT,SHORT,CONVICTION,82.5,BEAR_REJECTION_PENDING,4.87,13.6,4.63,,11,0.03,FAVORABLE,4.81,LIMIT,17,CONVICTION,2026-09-08,2026-09-08T04:46:48.736706
KYMR,LONG,CONVICTION,82.4,BULL_BOUNCE_PENDING,115.04,108.42,124.99,,15,1.5,FAVORABLE,117.39,LIMIT,20,MINOR,2026-09-08,2026-09-08T04:43:37.223498
PAAS,LONG,CONVICTION,82.4,BULL_BOUNCE_PENDING,49.64,47.15,58.12,55.5,40,3.42,FAVORABLE,50.65,LIMIT,20,COMPRESSION,2026-09-08,2026-09-08T04:49:46.391270
PCOR,LONG,CONVICTION,82.3,BULL_BOUNCE_PENDING,57.13,55.37,66.31,61.75,56,5.19,FAVORABLE,58.3,LIMIT,20,CONVICTION,2026-09-08,2026-09-08T04:44:54.567377
BLTE,LONG,CONVICTION,82.3,BULL_BOUNCE_PENDING,189.74,183.7,199.22,,16,1.57,FAVORABLE,193.61,LIMIT,0,NONE,2026-09-08,2026-09-08T04:55:46.275407
ISPC,LONG,CONVICTION,82.2,BULL_BOUNCE_PENDING,1.99,1.9,2.21,2.2,1090,2.4,FAVORABLE,2.03,LIMIT,4,COMPRESSION,2026-09-08,2026-09-08T04:29:09.103939
FNV,SHORT,CONVICTION,82.2,BEAR_REJECTION_PENDING,266.01,277.56,242.8,226.55,8,2.01,FAVORABLE,264.68,LIMIT,4,COMPRESSION,2026-09-08,2026-09-08T04:49:30.378244
BNTX,LONG,CONVICTION,82.2,BULL_BOUNCE_PENDING,100.61,91.28,115.01,,10,1.54,FAVORABLE,102.66,LIMIT,20,COMPRESSION,2026-09-08,2026-09-08T04:50:09.393310
NCPL,LONG,CONVICTION,82.2,BULL_BOUNCE_PENDING,0.76,0.5,0.8,,382,0.15,FAVORABLE,0.5661,STOP,17,MINOR,2026-09-08,2026-09-08T04:52:44.555323
CMPS,LONG,CONVICTION,82.1,BULL_BOUNCE_PENDING,12.86,10.32,13.5,,39,0.25,FAVORABLE,13.12,LIMIT,20,MINOR,2026-09-08,2026-09-08T04:43:11.503918
GDXJ,LONG,CONVICTION,82.1,BULL_BOUNCE_PENDING,130.24,122.84,144.18,,13,1.88,FAVORABLE,127.43,STOP,20,CONVICTION,2026-09-08,2026-09-08T04:51:38.843799
BSY,LONG,CONVICTION,82.0,BULL_BOUNCE_PENDING,32.97,31.38,37.1,37.1,63,2.61,FAVORABLE,33.64,LIMIT,20,COMPRESSION,2026-09-08,2026-09-08T04:41:51.919712
UBER,LONG,CONVICTION,81.9,BULL_BOUNCE_PENDING,76.94,73.06,83.06,,25,1.58,FAVORABLE,75.39,STOP,20,COMPRESSION,2026-09-08,2026-09-08T04:36:12.188518
MHK,LONG,CONVICTION,81.9,BULL_BOUNCE_PENDING,134.58,128.84,151.96,,17,3.03,FAVORABLE,133.63,STOP,14,CONVICTION,2026-09-08,2026-09-08T04:54:38.277921
AEG,LONG,CONVICTION,81.8,BULL_BOUNCE,9.19,9.02,9.45,9.58,597,1.55,FAVORABLE,9.19,LIMIT,20,COMPRESSION,2026-09-08,2026-09-08T04:31:03.364820
NCNO,LONG,CONVICTION,81.8,BULL_BOUNCE_PENDING,23.53,22.05,27.0,,67,2.34,FAVORABLE,23.5958,STOP,4,MINOR,2026-09-08,2026-09-08T04:44:45.790292
PSI,LONG,CONVICTION,81.8,BULL_BOUNCE_PENDING,136.3,129.01,154.31,154.57,13,2.47,FAVORABLE,134.6399,STOP,20,CONVICTION,2026-09-08,2026-09-08T04:55:53.253493
STM,LONG,CONVICTION,81.7,BULL_BOUNCE_CONFIRMED,52.9,51.02,59.7,59.7,53,3.62,FAVORABLE,52.9,LIMIT,18,CONVICTION,2026-09-08,2026-09-08T04:35:31.937046
REAX,LONG,CONVICTION,81.7,BULL_BOUNCE_PENDING,18.39,17.03,20.5,,73,1.54,FAVORABLE,18.77,LIMIT,20,COMPRESSION,2026-09-08,2026-09-08T04:51:50.129766
TEL,LONG,CONVICTION,81.5,BULL_BOUNCE_PENDING,204.48,179.57,214.7,,4,0.41,FAVORABLE,208.65,LIMIT,16,COMPRESSION,2026-09-08,2026-09-08T04:55:30.046288
WLY,LONG,CONVICTION,81.5,BULL_BOUNCE_PENDING,47.23,44.81,54.2,54.59,41,2.89,FAVORABLE,48.19,LIMIT,20,MINOR,2026-09-08,2026-09-08T04:55:33.445296
STLD,LONG,CONVICTION,81.2,BULL_BOUNCE_PENDING,246.92,232.92,272.33,,7,1.81,FAVORABLE,242.06,STOP,20,CONVICTION,2026-09-08,2026-09-08T04:54:47.877482
URNM,LONG,CONVICTION,81.1,BULL_BOUNCE_PENDING,57.42,54.68,62.84,,36,1.97,FAVORABLE,56.43,STOP,20,COMPRESSION,2026-09-08,2026-09-08T04:50:37.178974
EAT,LONG,CONVICTION,81.0,BULL_BOUNCE_PENDING,226.98,224.07,236.22,234.4,34,3.18,FAVORABLE,230.22,LIMIT,20,CONVICTION,2026-09-08,2026-09-08T04:43:15.571461
DIOD,LONG,CONVICTION,80.9,BULL_BOUNCE_CONFIRMED,91.79,84.77,103.01,,14,1.6,FAVORABLE,91.79,LIMIT,20,CONVICTION,2026-09-08,2026-09-08T04:38:06.194946
NUE,LONG,CONVICTION,80.9,BULL_BOUNCE_PENDING,264.86,250.66,278.1,,7,0.93,FAVORABLE,261.07,STOP,20,CONVICTION,2026-09-08,2026-09-08T04:54:41.268463
FTNT,LONG,CONVICTION,80.8,BULL_BOUNCE_PENDING,153.13,141.9,172.58,,8,1.73,FAVORABLE,156.26,LIMIT,20,COMPRESSION,2026-09-08,2026-09-08T04:31:31.937998
PARR,LONG,CONVICTION,80.8,BULL_BOUNCE_PENDING,80.09,78.46,82.92,84.8,61,1.74,FAVORABLE,81.72,LIMIT,10,CONVICTION,2026-09-08,2026-09-08T04:41:05.765027
TRU,LONG,CONVICTION,80.7,BULL_BOUNCE_PENDING,78.28,75.35,89.25,91.53,34,3.74,FAVORABLE,79.88,LIMIT,20,COMPRESSION,2026-09-08,2026-09-08T04:55:58.154503
POST,LONG,CONVICTION,80.6,BULL_BOUNCE_PENDING,85.26,81.53,95.7,95.48,26,2.8,FAVORABLE,84.64,STOP,20,CONVICTION,2026-09-08,2026-09-08T04:43:50.720521
AMC,LONG,CONVICTION,80.5,BULL_BOUNCE_PENDING,2.8,2.55,2.94,,407,0.57,FAVORABLE,2.63,STOP,16,MINOR,2026-09-08,2026-09-08T04:35:30.061445
SEPN,LONG,CONVICTION,80.5,BULL_BOUNCE_PENDING,36.02,34.77,38.71,39.76,80,2.16,FAVORABLE,36.75,LIMIT,20,COMPRESSION,2026-09-08,2026-09-08T04:42:32.055313
BKNG,LONG,CONVICTION,80.3,BULL_BOUNCE_PENDING,188.13,185.86,203.98,193.99,43,6.96,FAVORABLE,191.58,LIMIT,20,CONVICTION,2026-09-08,2026-09-08T04:33:51.310073
DKNG,LONG,CONVICTION,80.2,BULL_BOUNCE_PENDING,23.44,22.06,26.0,27.48,72,1.85,FAVORABLE,23.92,LIMIT,20,COMPRESSION,2026-09-08,2026-09-08T04:32:15.847210
NSIT,LONG,CONVICTION,80.2,BULL_BOUNCE_PENDING,161.92,154.87,170.02,,14,1.15,FAVORABLE,160.98,STOP,1,CONVICTION,2026-09-08,2026-09-08T04:40:56.093013
PCTY,SHORT,CONVICTION,80.2,BEAR_REJECTION_PENDING,152.37,155.2,142.63,132.83,35,3.44,FAVORABLE,152.25,LIMIT,20,CONVICTION,2026-09-08,2026-09-08T04:43:49.206515
WMB,LONG,CONVICTION,80.2,BULL_BOUNCE_PENDING,72.67,70.88,77.61,77.71,56,2.77,FAVORABLE,74.15,LIMIT,19,COMPRESSION,2026-09-08,2026-09-08T04:52:38.542876
SGI,LONG,CONVICTION,80.2,BULL_BOUNCE,69.87,67.46,75.2,79.0,41,2.21,FAVORABLE,69.87,LIMIT,16,MINOR,2026-09-08,2026-09-08T04:54:45.089477
BDX,SHORT,CONVICTION,80.1,BEAR_REJECTION_PENDING,185.42,188.56,167.75,175.88,31,5.63,FAVORABLE,184.74,LIMIT,20,CONVICTION,2026-09-08,2026-09-08T04:42:58.394897
BBIO,LONG,CONVICTION,80.0,BULL_BOUNCE_PENDING,73.34,71.63,76.2,83.51,58,1.67,FAVORABLE,74.84,LIMIT,20,COMPRESSION,2026-09-08,2026-09-08T04:47:09.785740
META,LONG,CONVICTION,79.9,BULL_BOUNCE,608.65,589.95,647.7,669.15,5,2.09,FAVORABLE,608.65,LIMIT,20,CONVICTION,2026-09-08,2026-09-08T04:35:43.897411
DOMO,LONG,CONVICTION,79.9,BULL_BOUNCE_PENDING,4.01,3.78,4.21,,441,0.89,FAVORABLE,3.85,STOP,14,MINOR,2026-09-08,2026-09-08T04:37:33.855747
DVN,LONG,CONVICTION,79.8,BULL_BOUNCE,48.87,47.72,50.99,52.69,86,1.84,FAVORABLE,48.87,LIMIT,4,MINOR,2026-09-08,2026-09-08T04:32:19.093216
TEM,LONG,CONVICTION,79.8,BULL_BOUNCE_PENDING,62.83,57.9,70.83,,20,1.63,FAVORABLE,64.11,LIMIT,12,MINOR,2026-09-08,2026-09-08T04:39:17.145673
SA,LONG,CONVICTION,79.7,BULL_BOUNCE_PENDING,32.23,29.12,33.84,,32,0.52,FAVORABLE,31.83,STOP,20,MINOR,2026-09-08,2026-09-08T04:29:34.927051
JNJ,LONG,CONVICTION,79.7,BULL_BOUNCE_PENDING,272.97,269.83,286.61,,31,4.36,FAVORABLE,276.5324,LIMIT,9,VACUUM,2026-09-08,2026-09-08T04:31:42.573544
TMDX,LONG,CONVICTION,79.7,BULL_BOUNCE_PENDING,88.18,83.03,100.69,,19,2.43,FAVORABLE,89.98,LIMIT,17,VACUUM,2026-09-08,2026-09-08T04:41:23.088129
AXGN,LONG,CONVICTION,79.7,BULL_BOUNCE_PENDING,47.28,41.78,49.65,,18,0.43,FAVORABLE,48.25,LIMIT,20,COMPRESSION,2026-09-08,2026-09-08T04:50:06.577306
NFLX,LONG,CONVICTION,79.6,BULL_BOUNCE_PENDING,76.28,73.98,85.72,82.17,43,4.1,FAVORABLE,77.84,LIMIT,20,COMPRESSION,2026-09-08,2026-09-08T04:31:58.349641
SMMT,LONG,CONVICTION,79.6,BULL_BOUNCE_PENDING,17.65,16.17,18.53,,67,0.6,FAVORABLE,17.46,STOP,2,COMPRESSION,2026-09-08,2026-09-08T04:41:11.359574
ECG,LONG,CONVICTION,79.6,BULL_BOUNCE_PENDING,115.62,113.88,124.98,120.41,57,5.36,FAVORABLE,117.24,LIMIT,20,COMPRESSION,2026-09-08,2026-09-08T04:45:42.238540
VSNT,LONG,CONVICTION,79.6,BULL_BOUNCE_PENDING,37.98,35.61,42.42,,42,1.88,FAVORABLE,38.75,LIMIT,20,COMPRESSION,2026-09-08,2026-09-08T04:54:57.506506
NAVN,LONG,CONVICTION,79.5,BULL_BOUNCE_PENDING,26.76,23.08,28.1,,27,0.36,FAVORABLE,27.31,LIMIT,20,COMPRESSION,2026-09-08,2026-09-08T04:37:12.584709
AUGO,LONG,CONVICTION,79.4,BULL_BOUNCE_PENDING,83.21,80.49,95.94,89.56,36,4.67,FAVORABLE,84.91,LIMIT,20,CONVICTION,2026-09-08,2026-09-08T04:37:45.834772
KTOS,LONG,CONVICTION,79.2,BULL_BOUNCE_PENDING,46.73,40.84,49.06,,16,0.4,FAVORABLE,47.68,LIMIT,20,COMPRESSION,2026-09-08,2026-09-08T04:30:48.676265
CIFR,LONG,CONVICTION,79.2,BULL_BOUNCE_PENDING,17.23,13.94,18.09,,30,0.26,FAVORABLE,17.58,LIMIT,11,MINOR,2026-09-08,2026-09-08T04:33:27.995944
MCHP,LONG,CONVICTION,79.1,BULL_BOUNCE,73.88,71.46,78.19,83.85,41,1.78,FAVORABLE,73.88,LIMIT,20,CONVICTION,2026-09-08,2026-09-08T04:32:40.422784
DAR,LONG,CONVICTION,79.1,BULL_BOUNCE_PENDING,63.12,57.87,66.28,,19,0.6,FAVORABLE,64.4125,LIMIT,20,MINOR,2026-09-08,2026-09-08T04:53:29.691196
PCG,SHORT,CONVICTION,79.0,BEAR_REJECTION_PENDING,14.3,16.68,13.59,,41,0.3,FAVORABLE,14.19,LIMIT,20,CONVICTION,2026-09-08,2026-09-08T04:31:28.645992
PENG,LONG,CONVICTION,79.0,BULL_BOUNCE_PENDING,50.96,48.35,58.19,58.3,38,2.77,FAVORABLE,52.0,LIMIT,19,COMPRESSION,2026-09-08,2026-09-08T04:32:29.709237
HALO,LONG,CONVICTION,79.0,BULL_BOUNCE_PENDING,111.26,107.43,116.82,,26,1.45,FAVORABLE,109.79,STOP,9,MINOR,2026-09-08,2026-09-08T04:38:29.326053
BILL,LONG,CONVICTION,79.0,BULL_BOUNCE_PENDING,48.18,45.37,53.52,54.56,35,1.91,FAVORABLE,49.16,LIMIT,20,COMPRESSION,2026-09-08,2026-09-08T04:39:47.160726
EIX,SHORT,CONVICTION,79.0,BEAR_REJECTION_PENDING,56.77,70.52,53.93,,7,0.21,FAVORABLE,56.66,LIMIT,20,CONVICTION,2026-09-08,2026-09-08T04:42:00.844727
PSN,LONG,CONVICTION,79.0,BULL_BOUNCE_PENDING,46.63,44.48,50.01,52.21,46,1.57,FAVORABLE,47.58,LIMIT,20,COMPRESSION,2026-09-08,2026-09-08T04:50:01.186299
BDC,SHORT,CONVICTION,79.0,BEAR_REJECTION_PENDING,124.64,129.07,111.76,109.0,22,2.91,FAVORABLE,122.2,LIMIT,20,CONVICTION,2026-09-08,2026-09-08T04:54:19.166868
GOLD,LONG,CONVICTION,79.0,BULL_BOUNCE_PENDING,44.77,41.69,51.07,,32,2.05,FAVORABLE,45.68,LIMIT,10,VACUUM,2026-09-08,2026-09-08T04:55:48.590482
WSM,SHORT,CONVICTION,78.7,BEAR_REJECTION_PENDING,231.97,236.27,196.0,204.82,23,8.37,FAVORABLE,227.42,LIMIT,20,CONVICTION,2026-09-08,2026-09-08T04:52:41.750569
GLL,LONG,CONVICTION,78.7,BULL_BOUNCE_CONFIRMED,22.3,21.39,24.61,24.84,110,2.55,FAVORABLE,22.3,LIMIT,20,CONVICTION,2026-09-08,2026-09-08T04:53:36.147215
CRUS,LONG,CONVICTION,78.7,BULL_BOUNCE_PENDING,112.4,103.99,127.99,,11,1.85,FAVORABLE,114.69,LIMIT,20,COMPRESSION,2026-09-08,2026-09-08T04:54:25.831888
BTE,LONG,CONVICTION,78.6,BULL_BOUNCE_CONFIRMED,4.98,4.78,5.29,,490,1.52,FAVORABLE,4.98,LIMIT,8,MINOR,2026-09-08,2026-09-08T04:30:24.265222
GWRE,LONG,CONVICTION,78.6,BULL_BOUNCE_PENDING,169.06,155.21,177.51,,7,0.61,FAVORABLE,161.7,STOP,16,CONVICTION,2026-09-08,2026-09-08T04:38:28.977051
SNK,LONG,CONVICTION,78.6,BULL_BOUNCE_PENDING,15.16,14.07,17.56,17.71,91,2.2,FAVORABLE,15.47,LIMIT,20,MINOR,2026-09-08,2026-09-08T04:42:36.694321
SSPC,LONG,CONVICTION,78.6,BULL_BOUNCE_PENDING,9.21,8.54,10.64,,148,2.13,FAVORABLE,9.4,LIMIT,20,MINOR,2026-09-08,2026-09-08T04:42:39.546866
VISN,SHORT,CONVICTION,78.5,BEAR_REJECTION_PENDING,6.6,11.67,6.27,,19,0.07,FAVORABLE,6.47,LIMIT,14,CONVICTION,2026-09-08,2026-09-08T04:39:26.769689
BLLN,LONG,CONVICTION,78.5,BULL_BOUNCE_PENDING,100.82,93.61,105.86,,13,0.7,FAVORABLE,99.2,STOP,5,CONVICTION,2026-09-08,2026-09-08T04:39:49.572729
TSLQ,LONG,CONVICTION,78.5,BULL_BOUNCE_PENDING,19.44,18.32,22.62,22.11,88,2.82,FAVORABLE,19.84,LIMIT,20,MINOR,2026-09-08,2026-09-08T04:44:05.741544
AIR,SHORT,CONVICTION,78.5,BEAR_REJECTION_PENDING,127.35,129.94,118.0,113.0,38,3.61,FAVORABLE,126.54,LIMIT,20,CONVICTION,2026-09-08,2026-09-08T04:46:38.687691
HSAI,LONG,CONVICTION,78.5,BULL_BOUNCE_PENDING,18.92,17.28,19.87,,60,0.58,FAVORABLE,18.53,STOP,16,MINOR,2026-09-08,2026-09-08T04:47:18.790755
EMR,SHORT,CONVICTION,78.3,BEAR_REJECTION_PENDING,153.77,155.96,150.21,131.36,45,1.63,FAVORABLE,152.82,LIMIT,20,CONVICTION,2026-09-08,2026-09-08T04:42:00.943729
EL,SHORT,CONVICTION,78.3,BEAR_REJECTION_PENDING,106.08,110.02,93.74,95.47,25,3.13,FAVORABLE,104.0,LIMIT,19,CONVICTION,2026-09-08,2026-09-08T04:48:27.043542
ZIM,LONG,CONVICTION,78.1,BULL_BOUNCE_PENDING,29.55,28.47,31.02,,92,1.37,FAVORABLE,30.15,LIMIT,4,MINOR,2026-09-08,2026-09-08T04:46:27.727142
MAN,LONG,CONVICTION,78.1,BULL_BOUNCE_PENDING,60.74,58.75,66.71,65.66,50,3.0,FAVORABLE,61.98,LIMIT,14,CONVICTION,2026-09-08,2026-09-08T04:47:24.558766
DTM,LONG,CONVICTION,78.1,BULL_BOUNCE_PENDING,127.68,126.11,144.09,144.09,63,10.43,FAVORABLE,129.63,LIMIT,20,CONVICTION,2026-09-08,2026-09-08T04:52:09.021814
FIS,LONG,CONVICTION,78.0,BULL_BOUNCE_CONFIRMED,41.89,40.2,45.1,46.24,59,1.9,FAVORABLE,41.89,LIMIT,20,MINOR,2026-09-08,2026-09-08T04:32:22.022222
SNPS,LONG,CONVICTION,78.0,BULL_BOUNCE_CONFIRMED,401.92,374.12,459.98,,3,2.09,FAVORABLE,401.9213,LIMIT,20,CONVICTION,2026-09-08,2026-09-08T04:51:54.782723
SOLT,LONG,CONVICTION,78.0,BULL_BOUNCE_CONFIRMED,59.12,54.85,67.66,,23,2.0,FAVORABLE,59.1183,LIMIT,20,COMPRESSION,2026-09-08,2026-09-08T04:53:12.957718
FIG,LONG,CONVICTION,77.9,BULL_BOUNCE_PENDING,23.41,21.0,27.2,,41,1.57,FAVORABLE,23.89,LIMIT,20,COMPRESSION,2026-09-08,2026-09-08T04:35:54.798067
ZTS,LONG,CONVICTION,77.9,BULL_BOUNCE,75.3,73.02,83.78,,43,3.71,FAVORABLE,75.3,LIMIT,20,COMPRESSION,2026-09-08,2026-09-08T04:50:42.310999
ON,LONG,CONVICTION,77.7,BULL_BOUNCE_CONFIRMED,75.1,73.28,79.99,86.19,54,2.69,FAVORABLE,75.1,LIMIT,20,COMPRESSION,2026-09-08,2026-09-08T04:34:30.619744
LUNR,LONG,CONVICTION,77.7,BULL_BOUNCE_PENDING,14.51,13.03,17.0,,67,1.68,FAVORABLE,14.81,LIMIT,20,COMPRESSION,2026-09-08,2026-09-08T04:34:50.571797
GPN,SHORT,CONVICTION,77.7,BEAR_REJECTION_PENDING,94.39,97.71,85.75,82.02,30,2.61,FAVORABLE,92.54,LIMIT,13,COMPRESSION,2026-09-08,2026-09-08T04:43:24.802477
KGS,LONG,CONVICTION,77.5,BULL_BOUNCE_PENDING,61.34,54.63,64.41,,14,0.46,FAVORABLE,62.59,LIMIT,17,VACUUM,2026-09-08,2026-09-08T04:38:36.469069
XENE,LONG,CONVICTION,77.5,BULL_BOUNCE_PENDING,57.96,56.5,61.31,63.13,68,2.29,FAVORABLE,59.14,LIMIT,20,COMPRESSION,2026-09-08,2026-09-08T04:47:41.440325
COHX,LONG,CONVICTION,77.4,BULL_BOUNCE_PENDING,22.98,20.54,24.13,,40,0.47,FAVORABLE,22.36,STOP,16,COMPRESSION,2026-09-08,2026-09-08T04:37:58.688396
TOST,LONG,CONVICTION,77.2,BULL_BOUNCE_PENDING,33.19,32.11,37.5,35.9,92,3.97,FAVORABLE,33.87,LIMIT,20,MINOR,2026-09-08,2026-09-08T04:35:14.742727
CRL,SHORT,CONVICTION,77.2,BEAR_REJECTION_PENDING,291.66,297.89,260.72,257.0,16,4.96,FAVORABLE,288.5,LIMIT,20,CONVICTION,2026-09-08,2026-09-08T04:40:06.576760
BABX,LONG,CONVICTION,77.2,BULL_BOUNCE_PENDING,17.45,14.35,18.33,,32,0.28,FAVORABLE,17.81,LIMIT,20,COMPRESSION,2026-09-08,2026-09-08T04:49:26.575703
PYPL,LONG,CONVICTION,77.0,BULL_BOUNCE_PENDING,56.2,53.05,61.41,,31,1.65,FAVORABLE,54.57,STOP,20,MINOR,2026-09-08,2026-09-08T04:32:51.270332
BIAF,LONG,CONVICTION,77.0,BULL_BOUNCE_PENDING,20.37,17.04,21.39,,30,0.31,FAVORABLE,11.55,STOP,5,MINOR,2026-09-08,2026-09-08T04:37:31.005744
STIM,LONG,CONVICTION,77.0,BULL_BOUNCE_PENDING,2.97,2.71,3.12,,378,0.56,FAVORABLE,2.8818,STOP,20,COMPRESSION,2026-09-08,2026-09-08T04:42:43.178872
RYTM,LONG,CONVICTION,77.0,BULL_BOUNCE_PENDING,100.69,94.53,115.4,117.66,16,2.39,FAVORABLE,102.74,LIMIT,20,CONVICTION,2026-09-08,2026-09-08T04:43:58.187532
WETO,LONG,CONVICTION,77.0,BULL_BOUNCE_PENDING,4.15,2.55,4.36,,62,0.13,FAVORABLE,2.6295,STOP,5,MINOR,2026-09-08,2026-09-08T04:47:00.404726
OSK,LONG,CONVICTION,77.0,BULL_BOUNCE_PENDING,159.16,152.13,167.12,,14,1.13,FAVORABLE,157.08,STOP,8,CONVICTION,2026-09-08,2026-09-08T04:49:45.977270
CRMG,LONG,CONVICTION,77.0,BULL_BOUNCE_PENDING,10.54,9.41,11.07,,88,0.47,FAVORABLE,9.95,STOP,20,MINOR,2026-09-08,2026-09-08T04:52:48.913140
PD,LONG,CONVICTION,77.0,BULL_BOUNCE_PENDING,13.31,12.57,15.36,15.44,133,2.74,FAVORABLE,13.5858,LIMIT,13,COMPRESSION,2026-09-08,2026-09-08T04:53:39.189224
BFH,LONG,CONVICTION,77.0,BULL_BOUNCE_CONFIRMED,110.87,105.95,116.41,,20,1.13,FAVORABLE,110.87,LIMIT,10,VACUUM,2026-09-08,2026-09-08T04:55:45.339404
JHX,LONG,CONVICTION,76.7,BULL_BOUNCE_PENDING,30.46,29.19,33.43,33.33,78,2.33,FAVORABLE,30.41,STOP,13,MINOR,2026-09-08,2026-09-08T04:29:58.724183
LYFT,LONG,CONVICTION,76.7,BULL_BOUNCE_PENDING,16.35,15.74,18.09,19.16,165,2.88,FAVORABLE,16.6786,LIMIT,20,COMPRESSION,2026-09-08,2026-09-08T04:32:05.820196
BETA,LONG,CONVICTION,76.7,BULL_BOUNCE_PENDING,21.86,20.58,24.49,25.54,78,2.05,FAVORABLE,22.31,LIMIT,19,COMPRESSION,2026-09-08,2026-09-08T04:41:51.470713
HIMS,LONG,CONVICTION,76.6,BULL_BOUNCE,27.66,25.55,31.36,,47,1.75,FAVORABLE,27.6615,LIMIT,20,COMPRESSION,2026-09-08,2026-09-08T04:35:11.442053
AUR,LONG,CONVICTION,76.5,BULL_BOUNCE_PENDING,6.39,5.82,6.71,,175,0.56,FAVORABLE,6.29,STOP,18,COMPRESSION,2026-09-08,2026-09-08T04:34:08.337227
CBRS,LONG,CONVICTION,76.5,BULL_BOUNCE,209.7,195.03,239.65,,6,2.04,FAVORABLE,209.7,LIMIT,9,CONVICTION,2026-09-08,2026-09-08T04:35:04.764699
FUTU,LONG,CONVICTION,76.5,BULL_BOUNCE_PENDING,118.26,115.5,134.38,130.01,36,5.85,FAVORABLE,120.67,LIMIT,20,COMPRESSION,2026-09-08,2026-09-08T04:50:19.528360
MSFT,LONG,CONVICTION,76.4,BULL_BOUNCE_PENDING,486.59,482.57,530.48,503.8,24,10.93,FAVORABLE,496.52,LIMIT,20,CONVICTION,2026-09-08,2026-09-08T04:32:57.332342
BSX,LONG,CONVICTION,76.4,BULL_BOUNCE_PENDING,46.65,43.84,53.13,53.29,35,2.31,FAVORABLE,47.6,LIMIT,20,COMPRESSION,2026-09-08,2026-09-08T04:36:19.555530
CVLT,SHORT,CONVICTION,76.4,BEAR_REJECTION_PENDING,137.01,140.3,126.14,119.7,30,3.31,FAVORABLE,136.405,LIMIT,20,VACUUM,2026-09-08,2026-09-08T04:40:07.713760
ICLR,SHORT,CONVICTION,76.4,BEAR_REJECTION_PENDING,165.75,182.91,157.46,,5,0.48,FAVORABLE,164.85,LIMIT,20,COMPRESSION,2026-09-08,2026-09-08T04:46:50.051710
AIAI,LONG,CONVICTION,76.4,BULL_BOUNCE_PENDING,4.25,3.68,4.46,,175,0.37,FAVORABLE,4.1282,STOP,14,COMPRESSION,2026-09-08,2026-09-08T04:50:03.402310
NKTR,LONG,CONVICTION,76.4,BULL_BOUNCE_PENDING,75.71,72.14,85.0,,27,2.6,FAVORABLE,74.75,STOP,19,CONVICTION,2026-09-08,2026-09-08T04:55:26.791743
BULL,LONG,CONVICTION,76.3,BULL_BOUNCE_PENDING,9.93,9.04,10.43,,112,0.56,FAVORABLE,9.6073,STOP,20,MINOR,2026-09-08,2026-09-08T04:31:19.442446
RXRX,LONG,CONVICTION,76.3,BULL_BOUNCE_PENDING,3.52,3.34,4.12,,566,3.41,FAVORABLE,3.59,LIMIT,11,COMPRESSION,2026-09-08,2026-09-08T04:35:07.554247
UHS,SHORT,CONVICTION,76.3,BEAR_REJECTION_PENDING,170.14,172.37,157.0,159.45,44,5.9,FAVORABLE,169.65,LIMIT,20,COMPRESSION,2026-09-08,2026-09-08T04:44:08.702086
ARM,LONG,CONVICTION,76.3,BULL_BOUNCE_CONFIRMED,255.0,240.88,281.06,,7,1.85,FAVORABLE,255.0,LIMIT,18,CONVICTION,2026-09-08,2026-09-08T04:44:18.278099
LECO,SHORT,CONVICTION,76.3,BEAR_REJECTION_PENDING,277.89,282.64,263.06,263.06,21,3.12,FAVORABLE,276.44,LIMIT,20,CONVICTION,2026-09-08,2026-09-08T04:52:17.010919
AMZU,LONG,CONVICTION,76.3,BULL_BOUNCE_PENDING,35.83,31.48,37.62,,22,0.41,FAVORABLE,36.56,LIMIT,20,COMPRESSION,2026-09-08,2026-09-08T04:53:23.489176
OII,LONG,CONVICTION,76.2,BULL_BOUNCE_PENDING,50.16,47.74,53.91,,41,1.55,FAVORABLE,51.183,LIMIT,20,COMPRESSION,2026-09-08,2026-09-08T04:46:53.623715
REGN,LONG,CONVICTION,76.2,BULL_BOUNCE_PENDING,825.03,818.93,840.05,875.0,16,2.46,FAVORABLE,827.72,LIMIT,20,VACUUM,2026-09-08,2026-09-08T04:54:42.275472
DINO,LONG,CONVICTION,76.1,BULL_BOUNCE,106.5,102.7,111.83,,26,1.4,FAVORABLE,106.5,LIMIT,2,MINOR,2026-09-08,2026-09-08T04:44:28.061114
MOS,LONG,CONVICTION,76.0,BULL_BOUNCE_PENDING,25.33,24.56,27.17,,128,2.36,FAVORABLE,25.85,LIMIT,4,MINOR,2026-09-08,2026-09-08T04:31:21.621453
OVV,LONG,CONVICTION,76.0,BULL_BOUNCE_PENDING,63.46,62.0,66.64,,68,2.16,FAVORABLE,64.76,LIMIT,10,MINOR,2026-09-08,2026-09-08T04:41:03.116025
FORM,LONG,CONVICTION,76.0,BULL_BOUNCE_CONFIRMED,104.85,87.79,110.09,,5,0.31,FAVORABLE,104.85,LIMIT,20,CONVICTION,2026-09-08,2026-09-08T04:42:05.567743
RDW,LONG,CONVICTION,75.9,BULL_BOUNCE_PENDING,10.3,9.58,11.75,,139,2.02,FAVORABLE,10.51,LIMIT,20,COMPRESSION,2026-09-08,2026-09-08T04:31:36.963535
DPZ,SHORT,CONVICTION,75.9,BEAR_REJECTION_PENDING,343.91,348.77,332.97,312.32,20,2.25,FAVORABLE,341.2,LIMIT,20,CONVICTION,2026-09-08,2026-09-08T04:41:58.923724
BLBD,LONG,CONVICTION,75.8,BULL_BOUNCE,63.25,60.88,70.07,68.71,42,2.87,FAVORABLE,63.25,LIMIT,12,COMPRESSION,2026-09-08,2026-09-08T04:54:01.431292
BEN,LONG,CONVICTION,75.8,BULL_BOUNCE_PENDING,35.14,34.03,36.9,,90,1.58,FAVORABLE,34.72,STOP,4,MINOR,2026-09-08,2026-09-08T04:55:44.091400
MP,LONG,CONVICTION,75.7,BULL_BOUNCE_PENDING,52.97,50.85,58.99,59.72,47,2.84,FAVORABLE,54.0559,LIMIT,20,MINOR,2026-09-08,2026-09-08T04:45:59.556569
QNT,LONG,CONVICTION,75.6,BULL_BOUNCE_CONFIRMED,50.0,47.76,55.0,56.74,44,2.23,FAVORABLE,50.0,LIMIT,20,CONVICTION,2026-09-08,2026-09-08T04:43:53.680525
SBET,LONG,CONVICTION,75.5,BULL_BOUNCE_PENDING,8.71,8.06,9.15,,153,0.67,FAVORABLE,8.63,STOP,16,COMPRESSION,2026-09-08,2026-09-08T04:31:09.382361
MGA,LONG,CONVICTION,75.5,BULL_BOUNCE_PENDING,67.81,65.45,72.0,,42,1.78,FAVORABLE,69.19,LIMIT,20,MINOR,2026-09-08,2026-09-08T04:54:37.106917
MRX,LONG,CONVICTION,75.4,BULL_BOUNCE_PENDING,78.46,73.51,82.38,,20,0.79,FAVORABLE,78.0,STOP,0,NONE,2026-09-08,2026-09-08T04:43:45.245509
GFI,LONG,CONVICTION,75.4,BULL_BOUNCE_PENDING,48.43,45.4,50.85,,33,0.8,FAVORABLE,47.3,STOP,12,CONVICTION,2026-09-08,2026-09-08T04:49:37.330256
USAR,LONG,CONVICTION,75.3,BULL_BOUNCE_PENDING,17.11,15.76,19.83,,73,2.01,FAVORABLE,17.46,LIMIT,17,COMPRESSION,2026-09-08,2026-09-08T04:33:40.000045
CGNX,LONG,CONVICTION,75.3,BULL_BOUNCE_PENDING,61.01,56.96,68.88,70.26,24,1.94,FAVORABLE,62.26,LIMIT,20,COMPRESSION,2026-09-08,2026-09-08T04:45:37.003532
BTC,SHORT,CONVICTION,75.3,BEAR_REJECTION_PENDING,34.87,37.41,29.5,,39,2.12,FAVORABLE,34.62,LIMIT,20,COMPRESSION,2026-09-08,2026-09-08T04:48:14.761990
JPM,LONG,CONVICTION,75.2,BULL_BOUNCE_PENDING,363.22,354.63,381.38,,11,2.11,FAVORABLE,355.61,STOP,18,MINOR,2026-09-08,2026-09-08T04:31:36.846536
CPRT,LONG,CONVICTION,75.0,BULL_BOUNCE,33.52,32.36,37.39,37.57,85,3.32,FAVORABLE,33.52,LIMIT,8,COMPRESSION,2026-09-08,2026-09-08T04:32:52.689336
CVNA,LONG,CONVICTION,75.0,BULL_BOUNCE_PENDING,75.18,69.95,85.04,,19,1.89,FAVORABLE,74.2,STOP,17,MINOR,2026-09-08,2026-09-08T04:34:57.131285
RBRK,SHORT,CONVICTION,75.0,BEAR_REJECTION_PENDING,95.17,102.5,79.87,,13,2.09,FAVORABLE,93.3,LIMIT,19,COMPRESSION,2026-09-08,2026-09-08T04:41:05.836028
MDGL,LONG,CONVICTION,75.0,BULL_BOUNCE,541.08,523.48,592.21,598.0,5,2.9,FAVORABLE,541.08,LIMIT,7,CONVICTION,2026-09-08,2026-09-08T04:42:18.823757
KSPI,SHORT,CONVICTION,75.0,BEAR_REJECTION_PENDING,111.06,119.61,96.02,,11,1.76,FAVORABLE,108.8792,LIMIT,3,CONVICTION,2026-09-08,2026-09-08T04:43:36.444495
AKAN,LONG,CONVICTION,75.0,BULL_BOUNCE_PENDING,4.44,3.58,4.66,,115,0.26,FAVORABLE,3.38,STOP,8,COMPRESSION,2026-09-08,2026-09-08T04:56:04.632520
OXY,LONG,CONVICTION,74.9,BULL_BOUNCE_CONFIRMED,61.34,58.96,67.24,,42,2.48,FAVORABLE,61.34,LIMIT,11,COMPRESSION,2026-09-08,2026-09-08T04:32:12.863206
RIVN,LONG,CONVICTION,74.9,BULL_BOUNCE_PENDING,15.38,14.7,16.51,17.5,148,1.68,FAVORABLE,15.69,LIMIT,18,COMPRESSION,2026-09-08,2026-09-08T04:34:18.461415
YPF,LONG,CONVICTION,74.9,BULL_BOUNCE_PENDING,51.57,50.02,54.0,57.32,64,1.57,FAVORABLE,52.62,LIMIT,10,CONVICTION,2026-09-08,2026-09-08T04:47:05.089733
AMKR,SHORT,CONVICTION,74.8,BEAR_REJECTION_PENDING,48.79,50.51,46.18,41.69,58,1.52,FAVORABLE,48.4759,LIMIT,17,CONVICTION,2026-09-08,2026-09-08T04:29:59.583185
EW,LONG,CONVICTION,74.8,BULL_BOUNCE,89.9,88.03,94.43,94.43,53,2.43,FAVORABLE,89.9,LIMIT,20,COMPRESSION,2026-09-08,2026-09-08T04:32:45.694791
BMNR,LONG,CONVICTION,74.5,BULL_BOUNCE_PENDING,24.42,23.32,27.75,,90,3.02,FAVORABLE,24.92,LIMIT,9,CONVICTION,2026-09-08,2026-09-08T04:29:24.649032
MUR,LONG,CONVICTION,74.5,BULL_BOUNCE,37.1,35.74,39.59,41.66,73,1.83,FAVORABLE,37.1,LIMIT,20,CONVICTION,2026-09-08,2026-09-08T04:40:47.867373
CORT,LONG,CONVICTION,74.5,BULL_BOUNCE_PENDING,109.52,107.66,113.64,119.25,53,2.21,FAVORABLE,111.62,LIMIT,20,COMPRESSION,2026-09-08,2026-09-08T04:45:37.585533
PGR,LONG,CONVICTION,74.5,BULL_BOUNCE_PENDING,223.08,216.25,237.93,248.01,14,2.17,FAVORABLE,218.95,STOP,20,CONVICTION,2026-09-08,2026-09-08T04:49:08.728673
AQST,LONG,CONVICTION,74.4,BULL_BOUNCE,5.39,5.13,5.66,,385,1.04,FAVORABLE,5.39,LIMIT,1,MINOR,2026-09-08,2026-09-08T04:29:20.311027
NRG,SHORT,CONVICTION,74.4,BEAR_REJECTION_PENDING,119.96,121.6,111.84,110.5,60,4.94,FAVORABLE,119.55,LIMIT,13,COMPRESSION,2026-09-08,2026-09-08T04:46:04.932108
DLO,LONG,CONVICTION,74.4,BULL_BOUNCE_PENDING,15.67,14.91,16.45,,131,1.03,FAVORABLE,15.4005,STOP,18,COMPRESSION,2026-09-08,2026-09-08T04:48:24.605536
BR,LONG,CONVICTION,74.3,BULL_BOUNCE_PENDING,171.25,169.35,175.91,193.12,52,2.45,FAVORABLE,172.88,LIMIT,20,CONVICTION,2026-09-08,2026-09-08T04:39:51.060732
VG,LONG,CONVICTION,74.2,BULL_BOUNCE_CONFIRMED,14.76,14.11,16.02,16.39,153,1.94,FAVORABLE,14.76,LIMIT,12,COMPRESSION,2026-09-08,2026-09-08T04:35:16.121333
BSP,LONG,CONVICTION,74.2,BULL_BOUNCE_PENDING,39.2,37.3,43.11,45.51,52,2.06,FAVORABLE,40.0,LIMIT,20,COMPRESSION,2026-09-08,2026-09-08T04:39:53.566735
VSAT,LONG,CONVICTION,74.2,BULL_BOUNCE_PENDING,76.37,70.88,85.96,,18,1.75,FAVORABLE,75.32,STOP,20,VACUUM,2026-09-08,2026-09-08T04:41:27.985138
MELI,LONG,CONVICTION,74.2,BULL_BOUNCE_PENDING,2001.99,1941.88,2200.0,2216.95,1,3.29,FAVORABLE,1975.0,STOP,20,CONVICTION,2026-09-08,2026-09-08T04:42:18.993758
AA,LONG,CONVICTION,74.2,BULL_BOUNCE_PENDING,49.05,47.24,55.72,55.55,55,3.69,FAVORABLE,50.05,LIMIT,20,MINOR,2026-09-08,2026-09-08T04:46:32.974150
GBTC,SHORT,CONVICTION,74.2,BEAR_REJECTION_PENDING,60.75,65.92,51.86,,19,1.72,FAVORABLE,60.72,LIMIT,20,CONVICTION,2026-09-08,2026-09-08T04:48:44.240098
KMI,LONG,CONVICTION,74.2,BULL_BOUNCE_PENDING,30.87,28.99,33.72,,53,1.52,FAVORABLE,31.5,LIMIT,20,COMPRESSION,2026-09-08,2026-09-08T04:52:14.226152
UGI,LONG,CONVICTION,74.1,BULL_BOUNCE,37.94,36.87,39.95,,93,1.89,FAVORABLE,37.94,LIMIT,20,MINOR,2026-09-08,2026-09-08T04:42:48.049881
DAN,LONG,CONVICTION,74.1,BULL_BOUNCE_PENDING,32.33,30.91,34.7,,70,1.66,FAVORABLE,32.04,STOP,11,CONVICTION,2026-09-08,2026-09-08T04:46:44.208700
CRWD,LONG,CONVICTION,74.0,BULL_BOUNCE_PENDING,206.88,188.23,217.22,,5,0.55,FAVORABLE,211.1,LIMIT,13,MINOR,2026-09-08,2026-09-08T04:29:46.351630
CNQ,LONG,CONVICTION,74.0,BULL_BOUNCE,51.2,49.99,53.76,,82,2.12,FAVORABLE,51.2,LIMIT,17,MINOR,2026-09-08,2026-09-08T04:33:59.637093
SPCF,LONG,CONVICTION,74.0,BULL_BOUNCE_PENDING,17.18,15.3,18.04,,53,0.46,FAVORABLE,16.63,STOP,20,COMPRESSION,2026-09-08,2026-09-08T04:39:11.827662
BAM,LONG,CONVICTION,74.0,BULL_BOUNCE,50.6,48.89,54.03,55.53,58,2.0,FAVORABLE,50.6,LIMIT,20,COMPRESSION,2026-09-08,2026-09-08T04:41:47.564705
AVS,LONG,CONVICTION,74.0,BULL_BOUNCE,8.12,7.88,8.73,9.0,411,2.51,FAVORABLE,8.12,LIMIT,20,COMPRESSION,2026-09-08,2026-09-08T04:45:31.171522
MSTY,LONG,CONVICTION,74.0,BULL_BOUNCE_PENDING,16.25,14.81,17.06,,69,0.57,FAVORABLE,15.81,STOP,20,MINOR,2026-09-08,2026-09-08T04:49:00.265124
NTR,LONG,CONVICTION,74.0,BULL_BOUNCE,79.31,76.95,84.77,,42,2.31,FAVORABLE,79.31,LIMIT,19,COMPRESSION,2026-09-08,2026-09-08T04:49:43.957268
CRWL,LONG,CONVICTION,74.0,BULL_BOUNCE_PENDING,68.67,58.38,72.1,,9,0.33,FAVORABLE,70.07,LIMIT,20,COMPRESSION,2026-09-08,2026-09-08T04:52:49.682740
ARKK,LONG,CONVICTION,74.0,BULL_BOUNCE_PENDING,83.89,82.97,86.14,86.22,109,2.45,FAVORABLE,85.26,LIMIT,20,VACUUM,2026-09-08,2026-09-08T04:55:14.920173
HLI,LONG,CONVICTION,73.9,BULL_BOUNCE_PENDING,134.37,132.54,145.77,150.37,54,6.25,FAVORABLE,137.11,LIMIT,20,CONVICTION,2026-09-08,2026-09-08T04:44:36.442217
SYRE,SHORT,CONVICTION,73.9,BEAR_REJECTION_PENDING,89.15,90.81,81.57,81.57,60,4.56,FAVORABLE,88.98,LIMIT,20,CONVICTION,2026-09-08,2026-09-08T04:47:37.110784
GDXD,SHORT,CONVICTION,73.7,BEAR_REJECTION_PENDING,17.33,19.09,14.6,,56,1.55,FAVORABLE,16.99,LIMIT,20,CONVICTION,2026-09-08,2026-09-08T04:53:32.796208
TRI,LONG,CONVICTION,73.6,BULL_BOUNCE_PENDING,103.57,100.99,118.79,112.35,38,5.91,FAVORABLE,105.68,LIMIT,20,COMPRESSION,2026-09-08,2026-09-08T04:49:13.603680
AMZN,LONG,CONVICTION,73.5,BULL_BOUNCE_PENDING,255.59,253.71,274.01,269.76,53,9.77,FAVORABLE,256.66,LIMIT,20,COMPRESSION,2026-09-08,2026-09-08T04:34:26.412380
SNAP,LONG,CONVICTION,73.4,BULL_BOUNCE_PENDING,5.33,4.64,5.6,,143,0.38,FAVORABLE,5.44,LIMIT,20,MINOR,2026-09-08,2026-09-08T04:31:03.121821
CHTR,LONG,CONVICTION,73.4,BULL_BOUNCE_PENDING,148.87,144.6,156.23,,23,1.72,FAVORABLE,151.91,LIMIT,6,MINOR,2026-09-08,2026-09-08T04:41:56.030723
NMAX,LONG,CONVICTION,73.4,BULL_BOUNCE_PENDING,10.54,9.44,12.32,,91,1.63,FAVORABLE,10.75,LIMIT,16,MINOR,2026-09-08,2026-09-08T04:46:04.162106
FLYE,LONG,CONVICTION,73.3,BULL_BOUNCE_PENDING,2.64,2.17,2.77,,212,0.28,FAVORABLE,1.8,STOP,15,MINOR,2026-09-08,2026-09-08T04:53:57.218277
SSM,LONG,CONVICTION,73.3,BULL_BOUNCE_PENDING,3.73,2.82,3.92,,109,0.2,FAVORABLE,3.0829,STOP,14,MINOR,2026-09-08,2026-09-08T04:53:59.904285
APO,SHORT,CONVICTION,73.2,BEAR_REJECTION_PENDING,133.91,138.69,123.0,120.65,20,2.28,FAVORABLE,133.67,LIMIT,20,CONVICTION,2026-09-08,2026-09-08T04:39:42.249718
CHYM,LONG,CONVICTION,73.2,BULL_BOUNCE_PENDING,33.82,31.82,35.51,,50,0.85,FAVORABLE,33.06,STOP,0,NONE,2026-09-08,2026-09-08T04:40:00.050747
VCYT,LONG,CONVICTION,73.1,BULL_BOUNCE_PENDING,40.82,38.29,46.87,47.38,39,2.39,FAVORABLE,41.6555,LIMIT,20,COMPRESSION,2026-09-08,2026-09-08T04:51:58.643600
BAOS,LONG,CONVICTION,73.0,BULL_BOUNCE_PENDING,0.38,0.29,0.4,,1066,0.2,FAVORABLE,0.2975,STOP,8,COMPRESSION,2026-09-08,2026-09-08T04:29:19.253493
OFAL,LONG,CONVICTION,73.0,BULL_BOUNCE_PENDING,0.98,0.75,1.03,,438,0.21,FAVORABLE,0.6538,STOP,14,COMPRESSION,2026-09-08,2026-09-08T04:30:26.173227
KHC,LONG,CONVICTION,73.0,BULL_BOUNCE_PENDING,24.33,23.35,27.01,28.05,101,2.73,FAVORABLE,24.83,LIMIT,20,COMPRESSION,2026-09-08,2026-09-08T04:31:32.676998
AAOI,SHORT,CONVICTION,73.0,BEAR_REJECTION_PENDING,109.02,125.44,103.57,,6,0.33,FAVORABLE,106.88,LIMIT,20,CONVICTION,2026-09-08,2026-09-08T04:32:25.197225
CRNX,LONG,CONVICTION,73.0,BULL_BOUNCE_PENDING,85.1,84.9,89.36,,499,21.23,FAVORABLE,84.97,STOP,0,NONE,2026-09-08,2026-09-08T04:32:31.297236
MDLN,SHORT,CONVICTION,73.0,BEAR_REJECTION_PENDING,37.3,40.73,35.43,,29,0.54,FAVORABLE,36.79,LIMIT,7,CONVICTION,2026-09-08,2026-09-08T04:36:15.775524
CVSA,SHORT,CONVICTION,73.0,BEAR_REJECTION_PENDING,130.0,134.33,116.81,115.66,23,3.05,FAVORABLE,128.09,LIMIT,20,CONVICTION,2026-09-08,2026-09-08T04:38:05.812944
MTDR,SHORT,CONVICTION,73.0,BEAR_REJECTION_PENDING,60.34,64.49,53.96,,24,1.54,FAVORABLE,59.65,LIMIT,6,CONVICTION,2026-09-08,2026-09-08T04:40:44.737369
TSLG,LONG,CONVICTION,73.0,BULL_BOUNCE_PENDING,4.42,4.12,4.93,5.16,333,1.7,FAVORABLE,4.5102,LIMIT,20,COMPRESSION,2026-09-08,2026-09-08T04:45:11.269491
NVAX,SHORT,CONVICTION,73.0,BEAR_REJECTION_PENDING,10.4,12.66,9.88,,44,0.23,FAVORABLE,10.2,LIMIT,6,CONVICTION,2026-09-08,2026-09-08T04:50:26.034924
IOT,LONG,CONVICTION,73.0,BULL_BOUNCE_PENDING,45.17,41.74,47.43,,29,0.66,FAVORABLE,39.83,STOP,20,MINOR,2026-09-08,2026-09-08T04:52:12.554955
AS,LONG,CONVICTION,73.0,BULL_BOUNCE_PENDING,28.67,26.86,32.45,33.54,55,2.09,FAVORABLE,29.2503,LIMIT,20,COMPRESSION,2026-09-08,2026-09-08T04:55:41.938394
PR,LONG,CONVICTION,72.9,BULL_BOUNCE_CONFIRMED,23.8,23.26,24.99,,186,2.22,FAVORABLE,23.8,LIMIT,6,MINOR,2026-09-08,2026-09-08T04:35:07.495247
HCC,LONG,CONVICTION,72.8,BULL_BOUNCE_PENDING,102.47,101.02,109.57,109.57,69,4.9,FAVORABLE,104.45,LIMIT,20,MINOR,2026-09-08,2026-09-08T04:40:24.224788
LBRDK,LONG,CONVICTION,72.8,BULL_BOUNCE_PENDING,35.41,33.68,39.83,41.38,57,2.55,FAVORABLE,36.13,LIMIT,7,COMPRESSION,2026-09-08,2026-09-08T04:42:16.782757
DG,LONG,CONVICTION,72.8,BULL_BOUNCE_PENDING,133.76,127.51,144.75,149.72,16,1.76,FAVORABLE,133.4,STOP,9,CONVICTION,2026-09-08,2026-09-08T04:54:08.509311
SPCG,LONG,CONVICTION,72.7,BULL_BOUNCE_PENDING,15.78,14.9,17.88,18.05,114,2.4,FAVORABLE,16.1,LIMIT,15,COMPRESSION,2026-09-08,2026-09-08T04:42:38.669324
STEP,LONG,CONVICTION,72.7,BULL_BOUNCE_CONFIRMED,51.01,49.2,55.44,56.2,55,2.45,FAVORABLE,51.01,LIMIT,5,MINOR,2026-09-08,2026-09-08T04:42:41.033868
XOM,SHORT,CONVICTION,72.6,BEAR_REJECTION_PENDING,165.65,170.51,154.5,140.92,20,2.29,FAVORABLE,162.4,LIMIT,17,CONVICTION,2026-09-08,2026-09-08T04:32:02.906648
KD,LONG,CONVICTION,72.6,BULL_BOUNCE_PENDING,13.07,11.99,13.73,,92,0.6,FAVORABLE,13.34,LIMIT,13,COMPRESSION,2026-09-08,2026-09-08T04:36:23.873539
WTS,SHORT,CONVICTION,72.6,BEAR_REJECTION_PENDING,362.52,366.86,347.47,337.82,23,3.47,FAVORABLE,362.21,LIMIT,20,CONVICTION,2026-09-08,2026-09-08T04:39:32.177698
QNRX,LONG,CONVICTION,72.6,BULL_BOUNCE_PENDING,7.69,6.71,8.07,,101,0.39,FAVORABLE,7.11,STOP,13,MINOR,2026-09-08,2026-09-08T04:53:22.897177
CNM,LONG,CONVICTION,72.6,BULL_BOUNCE_PENDING,43.43,41.07,48.54,49.22,42,2.16,FAVORABLE,44.32,LIMIT,20,COMPRESSION,2026-09-08,2026-09-08T04:54:22.736879
SITE,LONG,CONVICTION,72.6,BULL_BOUNCE_PENDING,98.57,95.91,111.92,108.66,37,5.02,FAVORABLE,100.58,LIMIT,20,COMPRESSION,2026-09-08,2026-09-08T04:55:57.888504
TSCO,LONG,CONVICTION,72.5,BULL_BOUNCE_PENDING,35.5,34.04,37.76,39.27,68,1.54,FAVORABLE,35.0951,STOP,17,COMPRESSION,2026-09-08,2026-09-08T04:31:45.998626
AR,LONG,CONVICTION,72.5,BULL_BOUNCE,39.16,38.18,41.7,42.0,102,2.6,FAVORABLE,39.157,LIMIT,15,CONVICTION,2026-09-08,2026-09-08T04:39:45.862723
FTI,LONG,CONVICTION,72.5,BULL_BOUNCE_PENDING,79.98,76.63,83.98,,29,1.19,FAVORABLE,79.85,STOP,15,MINOR,2026-09-08,2026-09-08T04:40:18.976782
METU,LONG,CONVICTION,72.5,BULL_BOUNCE_PENDING,22.93,21.07,24.08,,53,0.62,FAVORABLE,22.29,STOP,20,COMPRESSION,2026-09-08,2026-09-08T04:44:43.070759
WMS,LONG,CONVICTION,72.5,BULL_BOUNCE_PENDING,133.65,131.98,140.52,138.19,59,4.11,FAVORABLE,135.76,LIMIT,20,COMPRESSION,2026-09-08,2026-09-08T04:45:20.045505
KOS,LONG,CONVICTION,72.4,BULL_BOUNCE_PENDING,2.81,2.51,2.95,,334,0.47,FAVORABLE,2.87,LIMIT,11,MINOR,2026-09-08,2026-09-08T04:30:44.493257
NN,LONG,CONVICTION,72.4,BULL_BOUNCE_PENDING,14.86,13.64,17.25,,81,1.96,FAVORABLE,15.16,LIMIT,15,COMPRESSION,2026-09-08,2026-09-08T04:37:10.854704
MTCH,LONG,CONVICTION,72.3,BULL_BOUNCE_PENDING,42.43,40.58,44.55,,54,1.15,FAVORABLE,42.0,STOP,3,COMPRESSION,2026-09-08,2026-09-08T04:47:28.728771
CHKP,LONG,CONVICTION,72.3,BULL_BOUNCE_PENDING,134.82,133.22,144.93,140.54,62,6.3,FAVORABLE,137.05,LIMIT,12,COMPRESSION,2026-09-08,2026-09-08T04:53:28.813195
GGLL,LONG,CONVICTION,72.3,BULL_BOUNCE_PENDING,94.86,92.34,109.94,106.88,39,5.98,FAVORABLE,96.8,LIMIT,20,MINOR,2026-09-08,2026-09-08T04:53:33.133206
MNDY,SHORT,CONVICTION,72.2,BEAR_REJECTION_PENDING,92.56,97.82,78.97,78.97,19,2.59,FAVORABLE,90.75,LIMIT,20,VACUUM,2026-09-08,2026-09-08T04:40:42.176365
DFSC,LONG,CONVICTION,72.2,BULL_BOUNCE_PENDING,1.47,1.36,1.69,,873,1.92,FAVORABLE,1.5,LIMIT,20,MINOR,2026-09-08,2026-09-08T04:45:42.046540
LEA,LONG,CONVICTION,72.2,BULL_BOUNCE_PENDING,131.99,128.95,140.4,141.14,32,2.77,FAVORABLE,134.68,LIMIT,12,CONVICTION,2026-09-08,2026-09-08T04:54:34.305910
CLF,LONG,CONVICTION,72.1,BULL_BOUNCE_PENDING,12.21,11.38,13.55,14.22,121,1.63,FAVORABLE,12.4577,LIMIT,17,COMPRESSION,2026-09-08,2026-09-08T04:31:41.571547
SANM,LONG,CONVICTION,72.1,BULL_BOUNCE,195.06,185.66,216.54,217.34,10,2.28,FAVORABLE,195.06,LIMIT,20,CONVICTION,2026-09-08,2026-09-08T04:52:28.239487
JAZZ,LONG,CONVICTION,72.1,BULL_BOUNCE_PENDING,241.87,238.45,248.9,256.38,29,2.06,FAVORABLE,246.81,LIMIT,20,VACUUM,2026-09-08,2026-09-08T04:53:52.198263
UMAC,LONG,CONVICTION,72.0,BULL_BOUNCE_PENDING,25.55,22.1,26.83,,29,0.37,FAVORABLE,23.3,STOP,20,COMPRESSION,2026-09-08,2026-09-08T04:36:49.524124
CG,LONG,CONVICTION,72.0,BULL_BOUNCE_PENDING,46.33,45.79,48.81,48.81,186,4.64,FAVORABLE,46.97,LIMIT,20,COMPRESSION,2026-09-08,2026-09-08T04:44:23.298108
AGQ,LONG,CONVICTION,71.9,BULL_BOUNCE_PENDING,79.3,77.51,82.27,88.45,55,1.65,FAVORABLE,80.92,LIMIT,20,COMPRESSION,2026-09-08,2026-09-08T04:39:36.715707
GLOB,LONG,CONVICTION,71.9,BULL_BOUNCE_PENDING,38.35,36.92,41.48,42.1,69,2.19,FAVORABLE,39.13,LIMIT,20,COMPRESSION,2026-09-08,2026-09-08T04:40:21.473785
GLXY,LONG,CONVICTION,71.8,BULL_BOUNCE_PENDING,25.44,23.79,29.13,,60,2.23,FAVORABLE,25.96,LIMIT,15,COMPRESSION,2026-09-08,2026-09-08T04:30:51.410268
GKOS,SHORT,CONVICTION,71.8,BEAR_REJECTION_PENDING,177.8,181.25,168.66,168.52,28,2.65,FAVORABLE,177.47,LIMIT,20,CONVICTION,2026-09-08,2026-09-08T04:38:24.719512
SPOT,LONG,CONVICTION,71.8,BULL_BOUNCE_PENDING,539.02,532.96,556.49,568.15,16,2.88,FAVORABLE,542.5,LIMIT,17,CONVICTION,2026-09-08,2026-09-08T04:41:16.665585
CHRW,SHORT,CONVICTION,71.8,BEAR_REJECTION_PENDING,147.92,149.74,143.86,126.24,54,2.22,FAVORABLE,147.64,LIMIT,20,CONVICTION,2026-09-08,2026-09-08T04:44:14.667093
AGX,LONG,CONVICTION,71.8,BULL_BOUNCE_PENDING,411.08,402.72,452.3,467.53,11,4.93,FAVORABLE,414.0,LIMIT,18,CONVICTION,2026-09-08,2026-09-08T04:45:24.955512
GT,LONG,CONVICTION,71.8,BULL_BOUNCE_PENDING,6.12,5.74,6.43,,260,0.8,FAVORABLE,6.25,LIMIT,1,MINOR,2026-09-08,2026-09-08T04:54:30.860901
COIN,SHORT,CONVICTION,71.7,BEAR_REJECTION_PENDING,181.74,185.72,172.35,167.6,25,2.36,FAVORABLE,181.0,LIMIT,20,VACUUM,2026-09-08,2026-09-08T04:31:53.616633
CECO,LONG,CONVICTION,71.6,BULL_BOUNCE_PENDING,72.62,70.28,80.3,83.38,42,3.28,FAVORABLE,74.1,LIMIT,20,MINOR,2026-09-08,2026-09-08T04:41:41.911697
MSGS,SHORT,CONVICTION,71.6,BEAR_REJECTION_PENDING,397.0,400.44,365.29,353.87,29,9.21,FAVORABLE,391.16,LIMIT,20,CONVICTION,2026-09-08,2026-09-08T04:43:46.837512
RDNT,LONG,CONVICTION,71.5,BULL_BOUNCE_PENDING,72.71,71.97,82.25,82.25,135,12.92,FAVORABLE,73.71,LIMIT,13,COMPRESSION,2026-09-08,2026-09-08T04:39:01.877645
BAH,LONG,CONVICTION,71.5,BULL_BOUNCE_PENDING,71.34,69.37,75.05,76.78,50,1.88,FAVORABLE,72.8,LIMIT,20,COMPRESSION,2026-09-08,2026-09-08T04:47:54.900958
ANDG,LONG,CONVICTION,71.5,BULL_BOUNCE_PENDING,57.51,55.44,60.39,,48,1.39,FAVORABLE,56.315,STOP,12,VACUUM,2026-09-08,2026-09-08T04:49:24.052698
PSNYW,LONG,CONVICTION,71.5,BULL_BOUNCE_PENDING,4.72,4.16,4.96,,176,0.42,FAVORABLE,4.82,LIMIT,15,MINOR,2026-09-08,2026-09-08T04:51:27.050610
SIL,SHORT,CONVICTION,71.5,BEAR_REJECTION_PENDING,99.29,101.87,90.1,92.2,38,3.57,FAVORABLE,97.98,LIMIT,20,VACUUM,2026-09-08,2026-09-08T04:51:52.336045
CELU,LONG,CONVICTION,71.5,BULL_BOUNCE_PENDING,1.54,1.41,1.8,,761,1.99,FAVORABLE,1.57,LIMIT,20,MINOR,2026-09-08,2026-09-08T04:52:59.591715
DVA,SHORT,CONVICTION,71.4,BEAR_REJECTION_PENDING,186.01,189.63,169.28,176.43,27,4.62,FAVORABLE,183.99,LIMIT,14,CONVICTION,2026-09-08,2026-09-08T04:52:09.291814
FSLY,LONG,CONVICTION,71.3,BULL_BOUNCE_PENDING,19.87,16.73,20.87,,31,0.32,FAVORABLE,20.28,LIMIT,20,COMPRESSION,2026-09-08,2026-09-08T04:40:16.329775
NVDU,LONG,CONVICTION,71.3,BULL_BOUNCE_PENDING,155.89,148.25,167.8,,13,1.56,FAVORABLE,150.18,STOP,20,VACUUM,2026-09-08,2026-09-08T04:43:48.635517
FNGR,LONG,CONVICTION,71.3,BULL_BOUNCE_PENDING,0.19,0.15,0.2,,2360,0.22,FAVORABLE,0.194,LIMIT,5,MINOR,2026-09-08,2026-09-08T04:54:59.701043
HRI,LONG,CONVICTION,71.3,BULL_BOUNCE_PENDING,138.1,129.74,154.37,157.65,11,1.95,FAVORABLE,140.92,LIMIT,20,CONVICTION,2026-09-08,2026-09-08T04:55:49.887488
APA,LONG,CONVICTION,71.2,BULL_BOUNCE_PENDING,42.2,39.95,44.31,,44,0.94,FAVORABLE,43.06,LIMIT,20,MINOR,2026-09-08,2026-09-08T04:37:39.449758
ACAD,LONG,CONVICTION,71.2,BULL_BOUNCE_PENDING,27.55,27.01,29.05,29.22,185,2.78,FAVORABLE,28.02,LIMIT,20,COMPRESSION,2026-09-08,2026-09-08T04:47:07.394737
AMD,LONG,CONVICTION,71.1,BULL_BOUNCE_CONFIRMED,483.5,452.82,545.09,554.0,3,2.01,FAVORABLE,483.5,LIMIT,17,VACUUM,2026-09-08,2026-09-08T04:33:56.974087
LEU,SHORT,CONVICTION,71.1,BEAR_REJECTION_PENDING,174.28,177.94,159.0,156.18,27,4.17,FAVORABLE,173.9,LIMIT,20,CONVICTION,2026-09-08,2026-09-08T04:38:39.277071
TEAM,LONG,CONVICTION,71.0,BULL_BOUNCE,186.0,176.42,193.43,,10,0.78,FAVORABLE,186.0,LIMIT,20,COMPRESSION,2026-09-08,2026-09-08T04:29:48.679631
BKD,LONG,CONVICTION,71.0,BULL_BOUNCE,11.77,11.4,12.47,13.11,266,1.87,FAVORABLE,11.77,LIMIT,20,COMPRESSION,2026-09-08,2026-09-08T04:31:53.043632
SOUN,LONG,CONVICTION,71.0,BULL_BOUNCE,6.69,6.37,7.34,7.65,309,2.02,FAVORABLE,6.6904,LIMIT,19,COMPRESSION,2026-09-08,2026-09-08T04:34:04.479429
ADBE,LONG,CONVICTION,71.0,BULL_BOUNCE_PENDING,276.19,260.47,290.0,,6,0.88,FAVORABLE,263.0,STOP,20,CONVICTION,2026-09-08,2026-09-08T04:34:28.616607
TLRY,LONG,CONVICTION,71.0,BULL_BOUNCE,4.5,4.28,4.88,,445,1.67,FAVORABLE,4.5,LIMIT,20,COMPRESSION,2026-09-08,2026-09-08T04:36:15.196522
CRGY,LONG,CONVICTION,71.0,BULL_BOUNCE,13.79,13.33,15.04,,218,2.73,FAVORABLE,13.79,LIMIT,16,COMPRESSION,2026-09-08,2026-09-08T04:38:00.032398
EXE,LONG,CONVICTION,71.0,BULL_BOUNCE,98.56,96.31,102.72,108.34,44,1.85,FAVORABLE,98.56,LIMIT,17,CONVICTION,2026-09-08,2026-09-08T04:40:13.255770
SVM,LONG,CONVICTION,71.0,BULL_BOUNCE_PENDING,12.94,11.91,13.59,,97,0.63,FAVORABLE,12.49,STOP,20,COMPRESSION,2026-09-08,2026-09-08T04:41:22.172129
UCO,LONG,CONVICTION,71.0,BULL_BOUNCE_PENDING,48.22,47.13,50.91,51.12,91,2.48,FAVORABLE,49.2,LIMIT,4,CONVICTION,2026-09-08,2026-09-08T04:41:27.547138
TPL,LONG,CONVICTION,71.0,BULL_BOUNCE,364.21,350.65,389.06,415.96,7,1.83,FAVORABLE,364.21,LIMIT,20,CONVICTION,2026-09-08,2026-09-08T04:42:46.968882
HTFL,LONG,CONVICTION,71.0,BULL_BOUNCE_PENDING,47.59,46.34,49.53,,80,1.56,FAVORABLE,48.56,LIMIT,17,MINOR,2026-09-08,2026-09-08T04:45:49.536553
Q,LONG,CONVICTION,71.0,BULL_BOUNCE_PENDING,119.23,117.54,126.74,125.68,58,4.43,FAVORABLE,121.5,LIMIT,20,CONVICTION,2026-09-08,2026-09-08T04:49:49.033278
BBW,SHORT,CONVICTION,71.0,BEAR_REJECTION_PENDING,30.02,38.55,28.52,,11,0.18,FAVORABLE,29.43,LIMIT,9,CONVICTION,2026-09-08,2026-09-08T04:53:25.935185
CHDN,LONG,CONVICTION,71.0,BULL_BOUNCE,87.07,84.25,95.56,95.56,35,3.01,FAVORABLE,87.07,LIMIT,20,COMPRESSION,2026-09-08,2026-09-08T04:53:26.732186
SIMO,LONG,CONVICTION,70.9,BULL_BOUNCE_PENDING,249.9,236.95,274.11,283.0,7,1.87,FAVORABLE,255.0,LIMIT,14,VACUUM,2026-09-08,2026-09-08T04:43:58.564531
MLYS,LONG,CONVICTION,70.9,BULL_BOUNCE_PENDING,28.38,26.46,32.71,,52,2.25,FAVORABLE,28.5,STOP,12,MINOR,2026-09-08,2026-09-08T04:54:38.749924
PTCT,LONG,CONVICTION,70.8,BULL_BOUNCE,69.3,67.17,73.05,75.64,46,1.76,FAVORABLE,69.3,LIMIT,20,COMPRESSION,2026-09-08,2026-09-08T04:37:07.181160
NUTX,LONG,CONVICTION,70.8,BULL_BOUNCE_PENDING,200.2,188.3,210.21,,8,0.84,FAVORABLE,193.24,STOP,2,VACUUM,2026-09-08,2026-09-08T04:40:57.276018
SPHR,LONG,CONVICTION,70.8,BULL_BOUNCE_PENDING,141.19,139.13,146.45,146.45,48,2.55,FAVORABLE,144.0,LIMIT,20,MINOR,2026-09-08,2026-09-08T04:44:01.550537
MPWR,LONG,CONVICTION,70.8,BULL_BOUNCE_PENDING,1218.76,1204.62,1298.38,1306.03,7,5.64,FAVORABLE,1236.31,LIMIT,20,CONVICTION,2026-09-08,2026-09-08T04:46:00.472570
ENTG,LONG,CONVICTION,70.8,BULL_BOUNCE_PENDING,137.19,124.57,160.01,,7,1.81,FAVORABLE,139.99,LIMIT,20,COMPRESSION,2026-09-08,2026-09-08T04:55:47.202941
STRL,SHORT,CONVICTION,70.6,BEAR_REJECTION_PENDING,498.21,508.9,476.38,437.1,9,2.04,FAVORABLE,488.4382,LIMIT,20,CONVICTION,2026-09-08,2026-09-08T04:46:17.112126
LB,LONG,CONVICTION,70.6,BULL_BOUNCE_PENDING,84.79,82.09,88.93,,37,1.53,FAVORABLE,86.52,LIMIT,13,VACUUM,2026-09-08,2026-09-08T04:49:42.739266
DLTR,LONG,CONVICTION,70.6,BULL_BOUNCE_PENDING,133.19,128.86,139.87,,23,1.54,FAVORABLE,131.42,STOP,20,COMPRESSION,2026-09-08,2026-09-08T04:51:07.595103
YUM,LONG,CONVICTION,70.5,BULL_BOUNCE_PENDING,147.7,138.68,162.0,169.48,11,1.59,FAVORABLE,150.71,LIMIT,20,COMPRESSION,2026-09-08,2026-09-08T04:44:13.160091
YMM,LONG,CONVICTION,70.5,BULL_BOUNCE_PENDING,8.78,8.36,9.53,9.86,240,1.8,FAVORABLE,8.79,STOP,20,MINOR,2026-09-08,2026-09-08T04:49:20.949695
HL,LONG,CONVICTION,70.4,BULL_BOUNCE_PENDING,19.92,18.99,22.47,22.62,107,2.73,FAVORABLE,20.33,LIMIT,20,COMPRESSION,2026-09-08,2026-09-08T04:31:59.595644
TNDM,LONG,CONVICTION,70.4,BULL_BOUNCE_PENDING,19.55,17.62,22.57,,51,1.56,FAVORABLE,19.95,LIMIT,20,COMPRESSION,2026-09-08,2026-09-08T04:39:17.575671
RGEN,LONG,CONVICTION,70.4,BULL_BOUNCE_PENDING,164.25,155.71,186.71,183.77,11,2.63,FAVORABLE,167.6,LIMIT,20,CONVICTION,2026-09-08,2026-09-08T04:49:50.539279
WHD,LONG,CONVICTION,70.3,BULL_BOUNCE_PENDING,69.42,62.56,72.89,,14,0.51,FAVORABLE,70.84,LIMIT,19,COMPRESSION,2026-09-08,2026-09-08T04:41:31.735145
TENB,LONG,CONVICTION,70.3,BULL_BOUNCE_PENDING,33.5,31.55,36.7,38.14,51,1.64,FAVORABLE,34.18,LIMIT,20,COMPRESSION,2026-09-08,2026-09-08T04:45:07.965486
ETHT,LONG,CONVICTION,70.3,BULL_BOUNCE_CONFIRMED,17.02,15.86,18.92,,86,1.64,FAVORABLE,17.02,LIMIT,12,CONVICTION,2026-09-08,2026-09-08T04:48:31.850553
IMAX,SHORT,CONVICTION,70.2,BEAR_REJECTION_PENDING,52.35,54.65,48.49,46.21,43,1.68,FAVORABLE,51.64,LIMIT,17,MINOR,2026-09-08,2026-09-08T04:40:29.547799
COCO,LONG,CONVICTION,70.2,BULL_BOUNCE_PENDING,54.03,51.37,61.7,61.7,37,2.89,FAVORABLE,55.13,LIMIT,20,COMPRESSION,2026-09-08,2026-09-08T04:48:19.423530
XPEV,LONG,CONVICTION,70.2,BULL_BOUNCE_PENDING,10.63,9.51,12.43,,89,1.6,FAVORABLE,10.85,LIMIT,20,COMPRESSION,2026-09-08,2026-09-08T04:52:01.991647
NAT,LONG,CONVICTION,70.2,BULL_BOUNCE_CONFIRMED,7.39,7.19,7.76,,509,1.88,FAVORABLE,7.39,LIMIT,0,NONE,2026-09-08,2026-09-08T04:53:08.440962
KNX,LONG,CONVICTION,70.1,BULL_BOUNCE_PENDING,70.55,63.88,80.9,,14,1.55,FAVORABLE,71.99,LIMIT,13,COMPRESSION,2026-09-08,2026-09-08T04:43:35.937494
OKTA,LONG,CONVICTION,70.0,BULL_BOUNCE_PENDING,167.12,164.17,173.51,,33,2.17,FAVORABLE,170.01,LIMIT,11,MINOR,2026-09-08,2026-09-08T04:31:48.860626
IRE,LONG,CONVICTION,70.0,BULL_BOUNCE,11.15,9.6,11.25,,64,0.06,FAVORABLE,11.15,LIMIT,11,MINOR,2026-09-08,2026-09-08T04:38:33.883062
WFRD,LONG,CONVICTION,70.0,BULL_BOUNCE_PENDING,94.73,93.32,102.69,107.63,70,5.64,FAVORABLE,95.88,LIMIT,20,CONVICTION,2026-09-08,2026-09-08T04:41:30.844144
XHLD,LONG,CONVICTION,70.0,BULL_BOUNCE_PENDING,9.05,7.92,9.5,,89,0.4,FAVORABLE,9.2301,LIMIT,0,NONE,2026-09-08,2026-09-08T04:41:34.427150
NTAP,SHORT,CONVICTION,70.0,BEAR_REJECTION_PENDING,188.6,193.5,174.29,161.95,20,2.92,FAVORABLE,184.8986,LIMIT,17,CONVICTION,2026-09-08,2026-09-08T04:52:21.651906
STNG,LONG,CONVICTION,70.0,BULL_BOUNCE_CONFIRMED,82.3,78.54,86.42,,26,1.09,FAVORABLE,82.3,LIMIT,3,COMPRESSION,2026-09-08,2026-09-08T04:54:49.995487
CHPT,LONG,CONVICTION,70.0,BULL_BOUNCE_CONFIRMED,10.11,9.79,10.62,,316,1.6,FAVORABLE,10.11,LIMIT,3,MINOR,2026-09-08,2026-09-08T04:55:00.998049
ICE,SHORT,CONVICTION,70.0,BEAR_REJECTION_PENDING,162.14,165.41,146.75,151.82,30,4.7,FAVORABLE,161.26,LIMIT,19,COMPRESSION,2026-09-08,2026-09-08T04:55:25.055199
ONDS,LONG,CONVICTION,69.9,BULL_BOUNCE_PENDING,7.37,6.41,7.74,,103,0.38,FAVORABLE,7.52,LIMIT,19,COMPRESSION,2026-09-08,2026-09-08T04:32:46.517793
CAKE,LONG,CONVICTION,69.9,BULL_BOUNCE,107.75,103.88,113.96,,25,1.6,FAVORABLE,107.75,LIMIT,20,COMPRESSION,2026-09-08,2026-09-08T04:39:56.408743
BITB,LONG,CONVICTION,69.9,BULL_BOUNCE_PENDING,42.26,41.74,47.59,45.51,194,10.36,FAVORABLE,42.61,LIMIT,20,CONVICTION,2026-09-08,2026-09-08T04:47:57.673963
PGY,LONG,CONVICTION,69.8,BULL_BOUNCE_PENDING,22.52,21.89,23.68,24.0,158,1.84,FAVORABLE,22.98,LIMIT,9,COMPRESSION,2026-09-08,2026-09-08T04:36:54.454133
AGI,LONG,CONVICTION,69.8,BULL_BOUNCE_PENDING,35.92,35.01,39.67,38.85,109,4.12,FAVORABLE,36.65,LIMIT,20,COMPRESSION,2026-09-08,2026-09-08T04:49:22.552697
GRAL,LONG,CONVICTION,69.7,BULL_BOUNCE_PENDING,78.9,75.89,83.85,,33,1.65,FAVORABLE,80.51,LIMIT,10,VACUUM,2026-09-08,2026-09-08T04:38:25.072511
PEGA,LONG,CONVICTION,69.7,BULL_BOUNCE_PENDING,36.61,35.67,42.23,39.09,106,5.97,FAVORABLE,37.36,LIMIT,7,COMPRESSION,2026-09-08,2026-09-08T04:44:55.102378
SILJ,LONG,CONVICTION,69.7,BULL_BOUNCE_PENDING,30.75,29.96,34.02,35.58,126,4.12,FAVORABLE,31.38,LIMIT,20,COMPRESSION,2026-09-08,2026-09-08T04:51:52.459046
GAP,LONG,CONVICTION,69.6,BULL_BOUNCE_PENDING,21.81,20.12,25.2,,59,2.0,FAVORABLE,22.26,LIMIT,20,COMPRESSION,2026-09-08,2026-09-08T04:40:20.275781
FRVO,LONG,CONVICTION,69.5,BULL_BOUNCE_PENDING,17.81,16.78,20.29,20.29,97,2.43,FAVORABLE,18.17,LIMIT,20,MINOR,2026-09-08,2026-09-08T04:38:19.273504
PNR,SHORT,CONVICTION,69.5,BEAR_REJECTION_PENDING,61.14,61.98,59.49,,119,1.96,FAVORABLE,60.21,LIMIT,20,COMPRESSION,2026-09-08,2026-09-08T04:41:41.925696
LIVN,LONG,CONVICTION,69.5,BULL_BOUNCE_PENDING,80.28,71.14,84.3,,10,0.44,FAVORABLE,81.92,LIMIT,14,MINOR,2026-09-08,2026-09-08T04:43:39.983500
EPAM,LONG,CONVICTION,69.5,BULL_BOUNCE_PENDING,115.17,113.73,118.57,125.01,69,2.34,FAVORABLE,117.04,LIMIT,20,MINOR,2026-09-08,2026-09-08T04:48:27.678549
FIVE,SHORT,CONVICTION,69.4,BEAR_REJECTION_PENDING,258.06,266.43,219.13,224.16,11,4.65,FAVORABLE,253.0,LIMIT,18,VACUUM,2026-09-08,2026-09-08T04:38:14.791494
KKR,LONG,CONVICTION,69.4,BULL_BOUNCE_PENDING,106.8,105.83,121.24,112.9,103,14.92,FAVORABLE,107.99,LIMIT,20,COMPRESSION,2026-09-08,2026-09-08T04:42:15.085754
BMY,LONG,CONVICTION,69.3,BULL_BOUNCE_PENDING,65.49,64.31,68.55,68.55,84,2.58,FAVORABLE,66.83,LIMIT,20,MINOR,2026-09-08,2026-09-08T04:33:07.430892
KGC,LONG,CONVICTION,69.3,BULL_BOUNCE_PENDING,29.94,29.49,31.16,34.97,222,2.72,FAVORABLE,30.55,LIMIT,20,COMPRESSION,2026-09-08,2026-09-08T04:33:47.734065
RYAN,LONG,CONVICTION,69.3,BULL_BOUNCE_PENDING,41.07,37.63,47.45,,29,1.85,FAVORABLE,41.91,LIMIT,20,COMPRESSION,2026-09-08,2026-09-08T04:43:55.330525
AEIS,LONG,CONVICTION,69.3,BULL_BOUNCE_PENDING,276.38,271.68,285.8,300.02,21,2.0,FAVORABLE,280.9,LIMIT,20,CONVICTION,2026-09-08,2026-09-08T04:46:33.888156
CTRI,LONG,CONVICTION,69.2,BULL_BOUNCE_PENDING,20.13,19.56,21.32,21.66,176,2.1,FAVORABLE,20.54,LIMIT,20,COMPRESSION,2026-09-08,2026-09-08T04:38:04.450416
IBIT,LONG,CONVICTION,69.2,BULL_BOUNCE_PENDING,44.11,43.57,49.69,47.49,185,10.34,FAVORABLE,44.44,LIMIT,20,CONVICTION,2026-09-08,2026-09-08T04:48:45.358101
ACHC,LONG,CONVICTION,69.2,BULL_BOUNCE_PENDING,27.57,26.63,29.25,30.15,106,1.79,FAVORABLE,28.13,LIMIT,16,MINOR,2026-09-08,2026-09-08T04:51:31.662612
XME,SHORT,CONVICTION,69.2,BEAR_REJECTION_PENDING,121.02,128.18,105.3,101.3,13,2.2,FAVORABLE,118.65,LIMIT,20,CONVICTION,2026-09-08,2026-09-08T04:51:59.965507
NOG,LONG,CONVICTION,69.1,BULL_BOUNCE_PENDING,25.3,24.88,27.16,28.06,240,4.48,FAVORABLE,25.72,LIMIT,20,COMPRESSION,2026-09-08,2026-09-08T04:40:52.651458
STKH,LONG,CONVICTION,69.1,BULL_BOUNCE_PENDING,2.31,1.91,2.43,,249,0.29,FAVORABLE,2.3601,LIMIT,20,MINOR,2026-09-08,2026-09-08T04:41:18.143587
CRMD,SHORT,CONVICTION,69.0,BEAR_REJECTION_PENDING,8.6,11.23,8.17,,38,0.16,FAVORABLE,8.43,LIMIT,7,CONVICTION,2026-09-08,2026-09-08T04:29:03.802939
TOI,LONG,CONVICTION,69.0,BULL_BOUNCE,5.18,4.81,5.8,,263,1.62,FAVORABLE,5.185,LIMIT,16,COMPRESSION,2026-09-08,2026-09-08T04:30:07.239196
WNW,LONG,CONVICTION,69.0,BULL_BOUNCE,2.36,2.13,2.42,,444,0.27,FAVORABLE,2.3595,LIMIT,20,MINOR,2026-09-08,2026-09-08T04:36:29.626084
MNTS,LONG,CONVICTION,69.0,BULL_BOUNCE,4.11,3.88,4.5,4.66,434,1.7,FAVORABLE,4.11,LIMIT,17,MINOR,2026-09-08,2026-09-08T04:37:14.705712
APPN,LONG,CONVICTION,69.0,BULL_BOUNCE_PENDING,37.53,35.45,41.83,43.49,48,2.07,FAVORABLE,38.3,LIMIT,20,COMPRESSION,2026-09-08,2026-09-08T04:37:39.488757
SRPT,SHORT,CONVICTION,69.0,BEAR_REJECTION_PENDING,20.39,36.36,19.37,,6,0.06,FAVORABLE,19.9899,LIMIT,20,CONVICTION,2026-09-08,2026-09-08T04:42:39.425868
COHU,SHORT,CONVICTION,69.0,BEAR_REJECTION_PENDING,52.57,54.64,47.15,47.6,48,2.62,FAVORABLE,52.4379,LIMIT,20,CONVICTION,2026-09-08,2026-09-08T04:44:25.493110
MORN,LONG,CONVICTION,69.0,BULL_BOUNCE_PENDING,206.94,204.87,211.22,225.07,48,2.06,FAVORABLE,209.53,LIMIT,20,MINOR,2026-09-08,2026-09-08T04:44:44.710291
SWVL,LONG,CONVICTION,69.0,BULL_BOUNCE_PENDING,5.02,4.2,5.27,,122,0.31,FAVORABLE,5.12,LIMIT,13,MINOR,2026-09-08,2026-09-08T04:51:29.415389
WSO,LONG,CONVICTION,69.0,BULL_BOUNCE_PENDING,308.83,300.17,343.18,331.02,11,3.97,FAVORABLE,315.13,LIMIT,20,CONVICTION,2026-09-08,2026-09-08T04:52:42.162172
VIST,LONG,CONVICTION,69.0,BULL_BOUNCE_PENDING,75.45,72.42,79.22,,33,1.25,FAVORABLE,76.99,LIMIT,5,COMPRESSION,2026-09-08,2026-09-08T04:54:54.687499
GEHC,SHORT,CONVICTION,68.9,BEAR_REJECTION_PENDING,68.99,70.07,60.21,61.44,92,8.14,FAVORABLE,68.32,LIMIT,20,COMPRESSION,2026-09-08,2026-09-08T04:33:06.169890
AAON,LONG,CONVICTION,68.9,BULL_BOUNCE_PENDING,77.42,71.24,86.77,,16,1.51,FAVORABLE,79.0,LIMIT,20,CONVICTION,2026-09-08,2026-09-08T04:52:04.533048
GEV,LONG,CONVICTION,68.8,BULL_BOUNCE,942.9,902.8,1046.89,1047.11,2,2.59,FAVORABLE,942.9,LIMIT,20,CONVICTION,2026-09-08,2026-09-08T04:52:11.798953
CSCO,SHORT,CONVICTION,68.7,BEAR_REJECTION_PENDING,111.18,123.36,92.7,,8,1.52,FAVORABLE,109.0,LIMIT,20,CONVICTION,2026-09-08,2026-09-08T04:34:38.164271
WPM,LONG,CONVICTION,68.7,BULL_BOUNCE_PENDING,152.53,150.42,157.47,167.94,47,2.34,FAVORABLE,153.82,LIMIT,20,COMPRESSION,2026-09-08,2026-09-08T04:49:16.150695
XOP,LONG,CONVICTION,68.6,BULL_BOUNCE_PENDING,191.02,189.46,194.55,194.55,64,2.26,FAVORABLE,193.0,LIMIT,7,MINOR,2026-09-08,2026-09-08T04:41:35.650153
IBP,LONG,CONVICTION,68.6,BULL_BOUNCE_PENDING,236.61,234.0,259.5,265.0,38,8.77,FAVORABLE,238.31,LIMIT,6,CONVICTION,2026-09-08,2026-09-08T04:42:12.582752
DOCS,SHORT,CONVICTION,68.6,BEAR_REJECTION_PENDING,26.31,27.54,24.99,,81,1.07,FAVORABLE,26.1,LIMIT,11,CONVICTION,2026-09-08,2026-09-08T04:44:29.763119
ALOY,LONG,CONVICTION,68.6,BULL_BOUNCE_PENDING,9.8,8.69,10.29,,90,0.44,FAVORABLE,10.0,LIMIT,20,COMPRESSION,2026-09-08,2026-09-08T04:45:28.742518
CVX,LONG,CONVICTION,68.5,BULL_BOUNCE,211.79,208.14,222.38,,27,2.9,FAVORABLE,211.79,LIMIT,13,MINOR,2026-09-08,2026-09-08T04:32:44.925792
BTG,LONG,CONVICTION,68.5,BULL_BOUNCE_PENDING,5.43,5.17,5.84,,384,1.58,FAVORABLE,5.54,LIMIT,12,COMPRESSION,2026-09-08,2026-09-08T04:34:50.256262
REPL,LONG,CONVICTION,68.5,BULL_BOUNCE_PENDING,14.8,14.29,15.95,16.06,198,2.29,FAVORABLE,15.0975,LIMIT,14,MINOR,2026-09-08,2026-09-08T04:41:06.926031
ATRO,SHORT,CONVICTION,68.5,BEAR_REJECTION_PENDING,76.63,78.39,72.86,69.39,56,2.14,FAVORABLE,76.43,LIMIT,20,CONVICTION,2026-09-08,2026-09-08T04:42:58.175896
TEX,SHORT,CONVICTION,68.5,BEAR_REJECTION_PENDING,63.67,65.48,59.24,56.45,55,2.45,FAVORABLE,63.23,LIMIT,20,COMPRESSION,2026-09-08,2026-09-08T04:54:54.316497
AG,LONG,CONVICTION,68.4,BULL_BOUNCE_PENDING,20.33,19.76,21.36,23.8,177,1.83,FAVORABLE,20.74,LIMIT,20,CONVICTION,2026-09-08,2026-09-08T04:33:40.505049
DXYZ,SHORT,CONVICTION,68.4,BEAR_REJECTION_PENDING,33.17,34.91,28.9,28.14,57,2.45,FAVORABLE,32.85,LIMIT,6,VACUUM,2026-09-08,2026-09-08T04:37:07.716697
BX,LONG,CONVICTION,68.4,BULL_BOUNCE_PENDING,134.63,133.48,141.55,139.02,86,6.0,FAVORABLE,135.57,LIMIT,20,COMPRESSION,2026-09-08,2026-09-08T04:41:53.534716
CBRL,LONG,CONVICTION,68.4,BULL_BOUNCE_PENDING,53.6,52.05,57.72,57.38,64,2.66,FAVORABLE,54.69,LIMIT,20,COMPRESSION,2026-09-08,2026-09-08T04:46:40.257695
OUST,SHORT,CONVICTION,68.3,BEAR_REJECTION_PENDING,37.37,38.61,35.12,33.8,80,1.8,FAVORABLE,37.1,LIMIT,12,CONVICTION,2026-09-08,2026-09-08T04:36:55.267134
CAI,LONG,CONVICTION,68.3,BULL_BOUNCE_PENDING,24.52,22.18,28.22,,42,1.58,FAVORABLE,25.02,LIMIT,20,COMPRESSION,2026-09-08,2026-09-08T04:37:54.331388
AEHG,LONG,CONVICTION,68.3,BULL_BOUNCE_PENDING,7.13,6.52,8.16,,162,1.67,FAVORABLE,7.28,LIMIT,20,COMPRESSION,2026-09-08,2026-09-08T04:55:37.704853
QGEN,SHORT,CONVICTION,68.2,BEAR_REJECTION_PENDING,42.15,43.63,38.33,37.2,67,2.57,FAVORABLE,42.11,LIMIT,20,COMPRESSION,2026-09-08,2026-09-08T04:51:48.087614
GTM,LONG,CONVICTION,68.1,BULL_BOUNCE_PENDING,4.05,3.77,4.25,,354,0.72,FAVORABLE,4.13,LIMIT,9,MINOR,2026-09-08,2026-09-08T04:35:13.349120
VMAR,LONG,CONVICTION,68.0,BULL_BOUNCE_CONFIRMED,8.84,8.04,9.28,,124,0.55,FAVORABLE,8.84,LIMIT,9,COMPRESSION,2026-09-08,2026-09-08T04:30:42.630252
GIS,LONG,CONVICTION,68.0,BULL_BOUNCE_PENDING,37.51,34.17,43.1,,29,1.67,FAVORABLE,38.28,LIMIT,20,COMPRESSION,2026-09-08,2026-09-08T04:31:17.761907
CCC,LONG,CONVICTION,68.0,BULL_BOUNCE,7.55,7.21,8.63,8.63,294,3.18,FAVORABLE,7.55,LIMIT,8,COMPRESSION,2026-09-08,2026-09-08T04:34:15.555662
ASH,LONG,CONVICTION,68.0,BULL_BOUNCE_PENDING,71.47,67.67,80.7,,26,2.43,FAVORABLE,72.93,LIMIT,20,CONVICTION,2026-09-08,2026-09-08T04:37:44.862768
AVAV,LONG,CONVICTION,68.0,BULL_BOUNCE,145.0,137.45,159.61,165.46,13,1.94,FAVORABLE,145.0,LIMIT,20,CONVICTION,2026-09-08,2026-09-08T04:37:48.646316
MXL,LONG,CONVICTION,68.0,BULL_BOUNCE_PENDING,61.49,58.34,68.61,70.36,31,2.26,FAVORABLE,62.75,LIMIT,18,CONVICTION,2026-09-08,2026-09-08T04:46:01.380571
RDAC,LONG,CONVICTION,68.0,BULL_BOUNCE_PENDING,5.98,5.17,6.28,,124,0.37,FAVORABLE,6.1,LIMIT,20,MINOR,2026-09-08,2026-09-08T04:54:13.322329
ATI,LONG,CONVICTION,68.0,BULL_BOUNCE_PENDING,205.8,201.26,227.75,226.21,22,4.83,FAVORABLE,210.0,LIMIT,20,VACUUM,2026-09-08,2026-09-08T04:55:43.612398
SSRM,SHORT,CONVICTION,67.9,BEAR_REJECTION_PENDING,37.66,39.08,32.31,33.76,70,3.76,FAVORABLE,37.17,LIMIT,20,CONVICTION,2026-09-08,2026-09-08T04:39:14.712668
PRIM,SHORT,CONVICTION,67.9,BEAR_REJECTION_PENDING,75.92,77.57,72.19,69.81,60,2.26,FAVORABLE,74.43,LIMIT,19,CONVICTION,2026-09-08,2026-09-08T04:46:10.641115
OCUL,LONG,CONVICTION,67.9,BULL_BOUNCE_PENDING,10.24,9.14,10.75,,90,0.47,FAVORABLE,10.45,LIMIT,20,MINOR,2026-09-08,2026-09-08T04:47:28.874772
ORKA,SHORT,CONVICTION,67.8,BEAR_REJECTION_PENDING,94.35,97.02,81.0,81.0,37,4.99,FAVORABLE,92.5,LIMIT,20,VACUUM,2026-09-08,2026-09-08T04:41:00.894019
CACI,LONG,CONVICTION,67.8,BULL_BOUNCE_PENDING,614.63,609.45,644.03,644.03,19,5.66,FAVORABLE,623.61,LIMIT,20,CONVICTION,2026-09-08,2026-09-08T04:41:53.601717
URGN,LONG,CONVICTION,67.7,BULL_BOUNCE_PENDING,43.7,43.12,46.52,49.71,171,4.83,FAVORABLE,44.1,LIMIT,20,COMPRESSION,2026-09-08,2026-09-08T04:44:09.736088
PL,LONG,CONVICTION,67.6,BULL_BOUNCE_PENDING,17.74,17.38,20.56,20.42,275,7.78,FAVORABLE,18.0,LIMIT,7,MINOR,2026-09-08,2026-09-08T04:34:44.565178
DPC,LONG,CONVICTION,67.6,BULL_BOUNCE_PENDING,43.98,40.78,50.15,,31,1.93,FAVORABLE,44.88,LIMIT,20,CONVICTION,2026-09-08,2026-09-08T04:41:57.786724
PTGX,LONG,CONVICTION,67.6,BULL_BOUNCE_PENDING,142.81,136.8,153.51,158.8,16,1.78,FAVORABLE,145.72,LIMIT,20,MINOR,2026-09-08,2026-09-08T04:46:12.294119
BAC,LONG,CONVICTION,67.5,BULL_BOUNCE_PENDING,60.9,53.45,63.94,,13,0.41,FAVORABLE,62.14,LIMIT,20,MINOR,2026-09-08,2026-09-08T04:31:35.587534
ESNT,LONG,CONVICTION,67.4,BULL_BOUNCE_PENDING,68.31,67.75,69.44,69.63,180,2.04,FAVORABLE,69.18,LIMIT,17,COMPRESSION,2026-09-08,2026-09-08T04:38:14.104492
PAYC,SHORT,CONVICTION,67.4,BEAR_REJECTION_PENDING,236.3,241.2,212.89,215.72,20,4.78,FAVORABLE,231.67,LIMIT,20,CONVICTION,2026-09-08,2026-09-08T04:44:54.081377
QTWO,SHORT,CONVICTION,67.4,BEAR_REJECTION_PENDING,63.36,64.4,61.54,55.9,96,1.75,FAVORABLE,62.13,LIMIT,20,MINOR,2026-09-08,2026-09-08T04:44:58.454926
INTC,SHORT,CONVICTION,67.3,BEAR_REJECTION_PENDING,99.22,104.01,90.0,84.97,20,1.93,FAVORABLE,98.09,LIMIT,14,CONVICTION,2026-09-08,2026-09-08T04:29:11.597942
ORC,LONG,CONVICTION,67.3,BULL_BOUNCE_PENDING,6.4,6.1,6.95,7.1,333,1.84,FAVORABLE,6.53,LIMIT,20,COMPRESSION,2026-09-08,2026-09-08T04:30:24.168224
PLUG,LONG,CONVICTION,67.3,BULL_BOUNCE_PENDING,2.11,1.8,2.21,,326,0.34,FAVORABLE,2.15,LIMIT,11,COMPRESSION,2026-09-08,2026-09-08T04:30:34.895243
XNDU,LONG,CONVICTION,67.3,BULL_BOUNCE_PENDING,9.57,8.92,10.81,,151,1.87,FAVORABLE,9.77,LIMIT,20,MINOR,2026-09-08,2026-09-08T04:37:17.170714
DOCN,LONG,CONVICTION,67.3,BULL_BOUNCE_PENDING,110.14,107.92,115.45,124.96,45,2.39,FAVORABLE,112.24,LIMIT,17,COMPRESSION,2026-09-08,2026-09-08T04:40:11.735770
BIO,SHORT,CONVICTION,67.2,BEAR_REJECTION_PENDING,386.11,389.84,359.29,356.89,26,7.19,FAVORABLE,386.05,LIMIT,13,VACUUM,2026-09-08,2026-09-08T04:37:50.893313
BMRN,LONG,CONVICTION,67.2,BULL_BOUNCE_PENDING,65.02,61.69,70.61,,30,1.68,FAVORABLE,66.35,LIMIT,20,COMPRESSION,2026-09-08,2026-09-08T04:39:49.578729
ONTO,LONG,CONVICTION,67.2,BULL_BOUNCE_PENDING,262.57,254.47,284.85,289.51,12,2.75,FAVORABLE,267.93,LIMIT,20,CONVICTION,2026-09-08,2026-09-08T04:42:26.631776
AGCO,SHORT,CONVICTION,67.2,BEAR_REJECTION_PENDING,133.6,136.12,118.19,123.13,39,6.12,FAVORABLE,133.4,LIMIT,5,CONVICTION,2026-09-08,2026-09-08T04:45:24.400512
BUG,LONG,CONVICTION,67.2,BULL_BOUNCE_PENDING,39.79,38.1,43.8,43.65,59,2.38,FAVORABLE,40.6,LIMIT,20,COMPRESSION,2026-09-08,2026-09-08T04:52:59.354713
DDS,LONG,CONVICTION,67.1,BULL_BOUNCE_PENDING,652.48,645.68,701.78,704.48,14,7.25,FAVORABLE,656.0,LIMIT,5,CONVICTION,2026-09-08,2026-09-08T04:40:08.159761
AVGX,LONG,CONVICTION,67.1,BULL_BOUNCE_PENDING,39.74,38.95,43.39,45.27,127,4.64,FAVORABLE,40.07,LIMIT,20,CONVICTION,2026-09-08,2026-09-08T04:52:53.317107
CE,LONG,CONVICTION,67.1,BULL_BOUNCE_PENDING,43.48,38.56,50.91,,20,1.51,FAVORABLE,44.3672,LIMIT,20,COMPRESSION,2026-09-08,2026-09-08T04:54:22.417878
QBTS,LONG,CONVICTION,67.0,BULL_BOUNCE_PENDING,16.29,14.58,18.95,,58,1.56,FAVORABLE,16.62,LIMIT,20,COMPRESSION,2026-09-08,2026-09-08T04:34:03.911428
BATL,LONG,CONVICTION,67.0,BULL_BOUNCE,1.32,1.26,1.47,1.47,1751,2.63,FAVORABLE,1.32,LIMIT,9,COMPRESSION,2026-09-08,2026-09-08T04:35:33.048586
NET,LONG,CONVICTION,67.0,BULL_BOUNCE_PENDING,274.88,270.27,311.79,299.94,21,8.02,FAVORABLE,279.5,LIMIT,20,CONVICTION,2026-09-08,2026-09-08T04:40:51.962455
FTAI,LONG,CONVICTION,67.0,BULL_BOUNCE_PENDING,192.35,182.66,207.61,220.07,10,1.57,FAVORABLE,196.28,LIMIT,20,CONVICTION,2026-09-08,2026-09-08T04:42:08.202739
WK,LONG,CONVICTION,67.0,BULL_BOUNCE_PENDING,75.65,74.71,84.62,79.18,106,9.58,FAVORABLE,76.55,LIMIT,20,CONVICTION,2026-09-08,2026-09-08T04:42:51.054884
OR,LONG,CONVICTION,67.0,BULL_BOUNCE_PENDING,36.56,35.57,39.09,39.27,100,2.53,FAVORABLE,37.3101,LIMIT,20,COMPRESSION,2026-09-08,2026-09-08T04:51:13.053730
SHLS,LONG,CONVICTION,67.0,BULL_BOUNCE_PENDING,6.98,6.53,8.13,8.0,222,2.56,FAVORABLE,7.12,LIMIT,20,COMPRESSION,2026-09-08,2026-09-08T04:52:29.309098
UNM,LONG,CONVICTION,67.0,BULL_BOUNCE_PENDING,94.82,93.52,99.57,,76,3.63,FAVORABLE,95.85,LIMIT,9,MINOR,2026-09-08,2026-09-08T04:55:31.619292
AOUT,LONG,CONVICTION,67.0,BULL_BOUNCE_PENDING,14.43,14.18,15.16,,401,2.89,FAVORABLE,14.56,LIMIT,5,MINOR,2026-09-08,2026-09-08T04:55:35.890843
DNTH,SHORT,CONVICTION,66.9,BEAR_REJECTION_PENDING,110.08,111.66,95.76,101.96,63,9.09,FAVORABLE,108.1,LIMIT,15,CONVICTION,2026-09-08,2026-09-08T04:40:10.911766
XPO,LONG,CONVICTION,66.9,BULL_BOUNCE_PENDING,189.24,185.47,209.71,203.45,26,5.43,FAVORABLE,193.1,LIMIT,20,MINOR,2026-09-08,2026-09-08T04:56:04.419522
HUBS,LONG,CONVICTION,66.8,BULL_BOUNCE_PENDING,248.25,244.48,283.64,261.49,26,9.4,FAVORABLE,250.5,LIMIT,10,CONVICTION,2026-09-08,2026-09-08T04:40:26.467792
CELC,LONG,CONVICTION,66.8,BULL_BOUNCE_PENDING,93.79,91.52,106.7,102.01,44,5.7,FAVORABLE,95.7,LIMIT,20,COMPRESSION,2026-09-08,2026-09-08T04:43:07.403910
GLWG,LONG,CONVICTION,66.8,BULL_BOUNCE_PENDING,13.58,12.27,15.6,,75,1.53,FAVORABLE,13.86,LIMIT,11,CONVICTION,2026-09-08,2026-09-08T04:45:46.676548
PURR,LONG,CONVICTION,66.6,BULL_BOUNCE_PENDING,11.66,11.05,12.65,13.55,163,1.62,FAVORABLE,11.9,LIMIT,13,MINOR,2026-09-08,2026-09-08T04:29:38.981056
GIL,SHORT,CONVICTION,66.6,BEAR_REJECTION_PENDING,54.48,57.51,51.75,,32,0.9,FAVORABLE,53.41,LIMIT,20,COMPRESSION,2026-09-08,2026-09-08T04:55:23.482195
CDW,SHORT,CONVICTION,66.5,BEAR_REJECTION_PENDING,153.0,155.6,148.36,139.69,38,1.78,FAVORABLE,152.38,LIMIT,13,CONVICTION,2026-09-08,2026-09-08T04:44:22.637107
FA,LONG,CONVICTION,66.5,BULL_BOUNCE_PENDING,20.95,20.01,23.77,23.45,106,3.0,FAVORABLE,21.38,LIMIT,16,COMPRESSION,2026-09-08,2026-09-08T04:44:31.444124
TDS,LONG,CONVICTION,66.5,BULL_BOUNCE_PENDING,37.07,35.69,39.15,41.05,72,1.5,FAVORABLE,37.83,LIMIT,20,COMPRESSION,2026-09-08,2026-09-08T04:54:54.235497
MRVL,SHORT,CONVICTION,66.4,BEAR_REJECTION_PENDING,225.25,242.66,193.0,,5,1.85,FAVORABLE,222.56,LIMIT,9,CONVICTION,2026-09-08,2026-09-08T04:35:44.078478
NICE,LONG,CONVICTION,66.4,BULL_BOUNCE_PENDING,102.5,100.98,106.1,107.83,66,2.38,FAVORABLE,104.04,LIMIT,20,CONVICTION,2026-09-08,2026-09-08T04:38:49.663622
GENB,LONG,CONVICTION,66.4,BULL_BOUNCE_PENDING,16.05,15.13,17.73,,108,1.82,FAVORABLE,16.38,LIMIT,18,COMPRESSION,2026-09-08,2026-09-08T04:51:39.678800
DIS,LONG,CONVICTION,66.3,BULL_BOUNCE_PENDING,103.55,102.77,107.78,106.49,129,5.49,FAVORABLE,104.5,LIMIT,20,COMPRESSION,2026-09-08,2026-09-08T04:32:30.968235
FANG,SHORT,CONVICTION,66.3,BEAR_REJECTION_PENDING,201.58,203.95,185.93,190.8,42,6.59,FAVORABLE,201.41,LIMIT,20,CONVICTION,2026-09-08,2026-09-08T04:40:14.345772
ATAT,LONG,CONVICTION,66.3,BULL_BOUNCE_PENDING,34.3,31.78,38.53,40.13,39,1.68,FAVORABLE,35.0,LIMIT,20,MINOR,2026-09-08,2026-09-08T04:47:54.485957
NEE,LONG,CONVICTION,66.2,BULL_BOUNCE_PENDING,81.56,79.09,91.11,87.82,40,3.88,FAVORABLE,83.22,LIMIT,20,CONVICTION,2026-09-08,2026-09-08T04:32:35.279777
FPS,LONG,CONVICTION,66.2,BUY_LOWER_DIRTY,31.01,30.35,31.7,,150,1.04,FAVORABLE,31.01,LIMIT,20,COMPRESSION,2026-09-08,2026-09-08T04:36:01.009178
VUZI,LONG,CONVICTION,66.2,BULL_BOUNCE_PENDING,2.42,2.29,2.79,2.76,770,2.81,FAVORABLE,2.47,LIMIT,20,COMPRESSION,2026-09-08,2026-09-08T04:36:42.873109
BCO,LONG,CONVICTION,66.2,BULL_BOUNCE_PENDING,106.69,105.64,110.8,113.56,95,3.92,FAVORABLE,108.87,LIMIT,20,COMPRESSION,2026-09-08,2026-09-08T04:41:48.286706
CLBK,LONG,CONVICTION,66.2,BULL_BOUNCE_PENDING,11.47,10.76,12.04,,140,0.81,FAVORABLE,11.7,LIMIT,5,MINOR,2026-09-08,2026-09-08T04:43:09.209917
KMX,LONG,CONVICTION,66.2,BULL_BOUNCE_PENDING,61.85,61.12,63.48,66.08,137,2.25,FAVORABLE,63.11,LIMIT,20,MINOR,2026-09-08,2026-09-08T04:49:42.216268
RDDT,LONG,CONVICTION,66.1,BULL_BOUNCE_PENDING,150.43,138.33,173.75,,8,1.93,FAVORABLE,153.5,LIMIT,20,MINOR,2026-09-08,2026-09-08T04:39:00.820641
CHWY,LONG,CONVICTION,66.1,BULL_BOUNCE_PENDING,23.19,22.51,25.71,26.77,148,3.74,FAVORABLE,23.6599,LIMIT,15,COMPRESSION,2026-09-08,2026-09-08T04:47:14.016747
NTLA,LONG,CONVICTION,66.1,BULL_BOUNCE_PENDING,12.59,11.73,14.21,14.57,115,1.88,FAVORABLE,12.85,LIMIT,20,CONVICTION,2026-09-08,2026-09-08T04:49:02.822130
ITUB,LONG,CONVICTION,66.1,BULL_BOUNCE_PENDING,8.01,7.64,9.0,9.31,273,2.72,FAVORABLE,8.17,LIMIT,20,MINOR,2026-09-08,2026-09-08T04:54:33.763909
BTBT,LONG,CONVICTION,66.0,BULL_BOUNCE,1.64,1.44,2.12,,495,2.38,FAVORABLE,1.64,LIMIT,0,NONE,2026-09-08,2026-09-08T04:30:27.497228
GOOGL,SHORT,CONVICTION,66.0,BEAR_REJECTION_PENDING,337.39,340.41,325.04,317.32,33,4.09,FAVORABLE,336.71,LIMIT,20,CONVICTION,2026-09-08,2026-09-08T04:33:01.688348
XP,LONG,CONVICTION,66.0,BULL_BOUNCE_PENDING,19.41,18.59,20.97,22.14,121,1.89,FAVORABLE,19.81,LIMIT,17,COMPRESSION,2026-09-08,2026-09-08T04:35:25.418440
BW,LONG,CONVICTION,66.0,BULL_BOUNCE_CONFIRMED,7.2,6.92,8.15,8.15,357,3.41,FAVORABLE,7.1957,LIMIT,20,COMPRESSION,2026-09-08,2026-09-08T04:43:03.159906
KOLD,LONG,CONVICTION,66.0,BULL_BOUNCE_PENDING,27.43,26.25,29.85,31.5,84,2.05,FAVORABLE,27.99,LIMIT,20,CONVICTION,2026-09-08,2026-09-08T04:48:53.416115
MYRG,SHORT,CONVICTION,66.0,BEAR_REJECTION_PENDING,289.11,293.35,275.6,267.98,23,3.19,FAVORABLE,287.0,LIMIT,20,CONVICTION,2026-09-08,2026-09-08T04:52:20.620773
SGRY,LONG,CONVICTION,66.0,BULL_BOUNCE_PENDING,13.97,12.19,14.67,,55,0.39,FAVORABLE,14.26,LIMIT,13,COMPRESSION,2026-09-08,2026-09-08T04:54:13.654324
CTSH,LONG,CONVICTION,65.9,BULL_BOUNCE_PENDING,60.31,59.45,62.09,63.95,116,2.08,FAVORABLE,61.54,LIMIT,17,COMPRESSION,2026-09-08,2026-09-08T04:34:10.829037
BAND,LONG,CONVICTION,65.9,BULL_BOUNCE_PENDING,42.79,37.7,44.93,,19,0.42,FAVORABLE,43.66,LIMIT,20,COMPRESSION,2026-09-08,2026-09-08T04:37:14.410714
MRVI,LONG,CONVICTION,65.9,BULL_BOUNCE_PENDING,7.22,6.56,8.35,,149,1.69,FAVORABLE,7.37,LIMIT,20,COMPRESSION,2026-09-08,2026-09-08T04:48:58.582122
NXTC,LONG,CONVICTION,65.8,BULL_BOUNCE,7.93,7.19,8.1,,135,0.22,FAVORABLE,7.935,LIMIT,3,COMPRESSION,2026-09-08,2026-09-08T04:30:40.844250
MARA,LONG,CONVICTION,65.8,BULL_BOUNCE_PENDING,10.87,10.24,12.49,12.48,158,2.57,FAVORABLE,11.09,LIMIT,20,MINOR,2026-09-08,2026-09-08T04:34:42.180948
HUM,LONG,CONVICTION,65.8,BULL_BOUNCE_PENDING,395.27,391.63,404.04,424.54,27,2.41,FAVORABLE,401.54,LIMIT,20,VACUUM,2026-09-08,2026-09-08T04:38:33.841060
CF,LONG,CONVICTION,65.7,BULL_BOUNCE_PENDING,134.5,132.77,137.44,139.08,57,1.71,FAVORABLE,135.51,LIMIT,20,MINOR,2026-09-08,2026-09-08T04:39:57.399742
SEZL,LONG,CONVICTION,65.7,BULL_BOUNCE_PENDING,117.6,113.84,132.36,137.16,26,3.92,FAVORABLE,120.0,LIMIT,20,VACUUM,2026-09-08,2026-09-08T04:42:35.030324
MMED,LONG,CONVICTION,65.7,BULL_BOUNCE_PENDING,22.6,22.26,23.29,23.48,296,2.03,FAVORABLE,23.0,LIMIT,10,COMPRESSION,2026-09-08,2026-09-08T04:54:10.381316
VIRT,LONG,CONVICTION,65.6,BULL_BOUNCE_PENDING,63.09,62.03,64.88,68.14,94,1.69,FAVORABLE,64.38,LIMIT,20,MINOR,2026-09-08,2026-09-08T04:46:23.532135
FFIV,LONG,CONVICTION,65.6,BULL_BOUNCE_PENDING,385.14,378.16,400.59,408.22,14,2.21,FAVORABLE,393.0,LIMIT,20,VACUUM,2026-09-08,2026-09-08T04:52:10.588416
BHC,LONG,CONVICTION,65.6,BULL_BOUNCE_PENDING,6.51,6.42,6.71,7.39,1052,2.05,FAVORABLE,6.5855,LIMIT,20,COMPRESSION,2026-09-08,2026-09-08T04:54:19.308874
CRBG,LONG,CONVICTION,65.6,BULL_BOUNCE_PENDING,33.78,33.37,34.52,34.77,244,1.81,FAVORABLE,34.47,LIMIT,4,MINOR,2026-09-08,2026-09-08T04:54:22.861879
TWST,SHORT,CONVICTION,65.5,BEAR_REJECTION_PENDING,125.66,128.78,118.01,118.01,31,2.45,FAVORABLE,125.6,LIMIT,20,CONVICTION,2026-09-08,2026-09-08T04:39:21.187679
FOUR,LONG,CONVICTION,65.5,BULL_BOUNCE_PENDING,45.27,41.4,51.11,,25,1.51,FAVORABLE,46.1988,LIMIT,20,CONVICTION,2026-09-08,2026-09-08T04:40:16.082777
NWL,LONG,CONVICTION,65.5,BULL_BOUNCE_PENDING,5.88,5.57,6.17,,324,0.95,FAVORABLE,6.0,LIMIT,1,MINOR,2026-09-08,2026-09-08T04:42:23.357765
VCTR,LONG,CONVICTION,65.5,BULL_BOUNCE_PENDING,110.97,109.78,113.5,115.3,84,2.13,FAVORABLE,113.01,LIMIT,20,MINOR,2026-09-08,2026-09-08T04:52:38.151873
POET,LONG,CONVICTION,65.4,BULL_BOUNCE_PENDING,7.75,7.26,8.78,,204,2.1,FAVORABLE,7.91,LIMIT,14,COMPRESSION,2026-09-08,2026-09-08T04:31:26.593992
KSS,LONG,CONVICTION,65.3,BULL_BOUNCE_PENDING,19.1,17.63,21.79,,68,1.83,FAVORABLE,19.488,LIMIT,3,MINOR,2026-09-08,2026-09-08T04:38:38.488069
TSLL,LONG,CONVICTION,65.3,BULL_BOUNCE_PENDING,8.92,8.29,10.2,10.41,158,2.04,FAVORABLE,9.0997,LIMIT,20,COMPRESSION,2026-09-08,2026-09-08T04:39:20.816678
PFE,LONG,CONVICTION,65.2,BULL_BOUNCE_PENDING,27.74,27.11,29.48,,158,2.76,FAVORABLE,28.31,LIMIT,20,COMPRESSION,2026-09-08,2026-09-08T04:31:04.141820
LAC,LONG,CONVICTION,65.2,BULL_BOUNCE_PENDING,2.95,2.84,3.13,3.21,914,1.72,FAVORABLE,3.0076,LIMIT,16,COMPRESSION,2026-09-08,2026-09-08T04:35:35.594791
OSS,LONG,CONVICTION,65.2,BULL_BOUNCE_PENDING,9.79,9.33,11.03,11.13,217,2.69,FAVORABLE,9.99,LIMIT,20,COMPRESSION,2026-09-08,2026-09-08T04:36:31.448087
LSTR,LONG,CONVICTION,65.2,BULL_BOUNCE_PENDING,175.79,173.81,200.0,200.28,50,12.21,FAVORABLE,177.92,LIMIT,20,COMPRESSION,2026-09-08,2026-09-08T04:43:41.174503
T,LONG,CONVICTION,65.1,BULL_BOUNCE_PENDING,25.38,25.16,28.27,26.1,472,13.67,FAVORABLE,25.57,LIMIT,18,COMPRESSION,2026-09-08,2026-09-08T04:31:06.896356
LITE,LONG,CONVICTION,65.0,BULL_BOUNCE_PENDING,878.0,859.34,941.71,932.3,5,3.41,FAVORABLE,880.2,LIMIT,16,VACUUM,2026-09-08,2026-09-08T04:29:43.677625
CCO,LONG,CONVICTION,65.0,BULL_BOUNCE_PENDING,2.33,2.18,2.45,,652,0.76,FAVORABLE,2.38,LIMIT,2,COMPRESSION,2026-09-08,2026-09-08T04:35:20.271691
WDAY,LONG,CONVICTION,65.0,BULL_BOUNCE_PENDING,191.6,188.98,207.11,203.13,38,5.92,FAVORABLE,193.71,LIMIT,20,MINOR,2026-09-08,2026-09-08T04:36:22.275537
ELF,LONG,CONVICTION,65.0,BULL_BOUNCE_PENDING,107.12,105.32,125.29,,55,10.08,FAVORABLE,109.31,LIMIT,3,VACUUM,2026-09-08,2026-09-08T04:36:36.587097
ALTO,LONG,CONVICTION,65.0,BULL_BOUNCE,4.03,3.84,4.37,4.53,527,1.77,FAVORABLE,4.03,LIMIT,20,MINOR,2026-09-08,2026-09-08T04:37:26.446733
ESTC,LONG,CONVICTION,65.0,BULL_BOUNCE,92.37,86.63,103.78,,17,1.99,FAVORABLE,92.37,LIMIT,20,CONVICTION,2026-09-08,2026-09-08T04:38:14.426492
GTLB,LONG,CONVICTION,65.0,BULL_BOUNCE_PENDING,48.33,41.51,50.75,,14,0.35,FAVORABLE,49.32,LIMIT,15,CONVICTION,2026-09-08,2026-09-08T04:38:26.655050
ARES,LONG,CONVICTION,65.0,BULL_BOUNCE_PENDING,137.31,127.33,154.59,160.65,10,1.73,FAVORABLE,140.11,LIMIT,20,CONVICTION,2026-09-08,2026-09-08T04:41:46.064704
PRAX,LONG,CONVICTION,65.0,BULL_BOUNCE,352.0,334.3,379.45,,5,1.55,FAVORABLE,352.0,LIMIT,19,VACUUM,2026-09-08,2026-09-08T04:43:51.653520
VEEV,LONG,CONVICTION,65.0,BULL_BOUNCE_PENDING,273.57,270.04,279.56,292.02,28,1.69,FAVORABLE,275.2,LIMIT,20,CONVICTION,2026-09-08,2026-09-08T04:44:11.625093
FDXF,SHORT,CONVICTION,65.0,BEAR_REJECTION_PENDING,131.79,134.41,126.01,124.77,38,2.21,FAVORABLE,129.2082,LIMIT,20,COMPRESSION,2026-09-08,2026-09-08T04:44:33.329202
STX,LONG,CONVICTION,65.0,BULL_BOUNCE_PENDING,849.53,834.7,929.5,933.2,6,5.39,FAVORABLE,851.9352,LIMIT,19,VACUUM,2026-09-08,2026-09-08T04:45:05.481939
ARE,LONG,CONVICTION,65.0,BULL_BOUNCE_PENDING,51.6,49.64,56.94,60.23,51,2.73,FAVORABLE,52.65,LIMIT,20,MINOR,2026-09-08,2026-09-08T04:47:50.536419
BITO,SHORT,CONVICTION,65.0,BEAR_REJECTION_PENDING,10.77,11.66,9.01,,112,1.99,FAVORABLE,10.56,LIMIT,20,COMPRESSION,2026-09-08,2026-09-08T04:48:00.509967
CWK,SHORT,CONVICTION,65.0,BEAR_REJECTION_PENDING,13.93,14.19,12.89,12.62,388,4.05,FAVORABLE,13.66,LIMIT,20,COMPRESSION,2026-09-08,2026-09-08T04:48:24.390538
RING,LONG,CONVICTION,65.0,BULL_BOUNCE_PENDING,85.72,82.19,92.84,,28,2.01,FAVORABLE,87.47,LIMIT,20,CONVICTION,2026-09-08,2026-09-08T04:49:52.339281
TFX,SHORT,CONVICTION,65.0,BEAR_REJECTION_PENDING,138.7,140.66,120.26,127.75,51,9.41,FAVORABLE,138.36,LIMIT,19,CONVICTION,2026-09-08,2026-09-08T04:50:30.707947
LOPE,LONG,CONVICTION,65.0,BULL_BOUNCE_PENDING,149.62,146.38,165.17,159.17,30,4.81,FAVORABLE,152.67,LIMIT,17,COMPRESSION,2026-09-08,2026-09-08T04:51:43.896248
BILI,LONG,CONVICTION,65.0,CHANNEL_BREAKOUT,15.75,15.22,16.66,17.39,187,1.71,FAVORABLE,15.75,LIMIT,20,COMPRESSION,2026-09-08,2026-09-08T04:52:58.745710
CRCA,LONG,CONVICTION,65.0,BULL_BOUNCE_PENDING,26.76,25.27,28.1,,67,0.9,FAVORABLE,27.31,LIMIT,20,CONVICTION,2026-09-08,2026-09-08T04:55:05.571620
TARS,LONG,CONVICTION,64.9,BULL_BOUNCE_PENDING,90.12,89.11,94.63,,98,4.46,FAVORABLE,90.9,LIMIT,6,MINOR,2026-09-08,2026-09-08T04:41:22.182128
PAY,SHORT,CONVICTION,64.9,SHORT_UPPER_DIRTY,36.19,36.88,35.35,,144,1.21,FAVORABLE,36.19,LIMIT,20,COMPRESSION,2026-09-08,2026-09-08T04:50:28.211934
EXEL,LONG,CONVICTION,64.9,BULL_BOUNCE_PENDING,57.62,56.61,59.4,,98,1.74,FAVORABLE,58.8,LIMIT,16,MINOR,2026-09-08,2026-09-08T04:51:35.091411
IONQ,SHORT,CONVICTION,64.8,BEAR_REJECTION_PENDING,41.36,45.08,34.98,,26,1.71,FAVORABLE,40.5464,LIMIT,20,CONVICTION,2026-09-08,2026-09-08T04:34:48.833666
OSCR,LONG,CONVICTION,64.8,BULL_BOUNCE_PENDING,30.97,29.99,32.71,,102,1.78,FAVORABLE,31.6,LIMIT,20,MINOR,2026-09-08,2026-09-08T04:38:56.770635
RCEL,LONG,CONVICTION,64.8,BULL_BOUNCE_PENDING,11.01,10.61,11.56,,253,1.39,FAVORABLE,11.23,LIMIT,0,NONE,2026-09-08,2026-09-08T04:39:00.659642
MRNX,LONG,CONVICTION,64.8,BULL_BOUNCE_PENDING,81.79,73.26,95.0,,11,1.55,FAVORABLE,83.46,LIMIT,16,MINOR,2026-09-08,2026-09-08T04:48:53.971117
TGT,LONG,CONVICTION,64.8,BUY_LOWER_DIRTY,163.73,162.19,167.0,,64,2.13,FAVORABLE,163.7254,LIMIT,20,MINOR,2026-09-08,2026-09-08T04:49:12.701679
LABX,SHORT,CONVICTION,64.8,BEAR_REJECTION_PENDING,11.74,13.51,11.15,,56,0.33,FAVORABLE,11.51,LIMIT,20,CONVICTION,2026-09-08,2026-09-08T04:55:36.493849
BTU,SHORT,CONVICTION,64.7,BEAR_REJECTION_PENDING,29.43,32.12,24.86,,37,1.7,FAVORABLE,28.85,LIMIT,13,CONVICTION,2026-09-08,2026-09-08T04:28:57.462920
MGTX,LONG,CONVICTION,64.7,BULL_BOUNCE_PENDING,13.36,13.0,14.01,14.85,279,1.83,FAVORABLE,13.63,LIMIT,12,COMPRESSION,2026-09-08,2026-09-08T04:29:30.896043
S,LONG,CONVICTION,64.7,BULL_BOUNCE_PENDING,19.33,18.82,20.56,22.5,198,2.45,FAVORABLE,19.72,LIMIT,18,COMPRESSION,2026-09-08,2026-09-08T04:31:37.508537
HPQ,LONG,CONVICTION,64.7,BULL_BOUNCE_PENDING,31.7,31.05,33.69,33.97,153,3.05,FAVORABLE,32.35,LIMIT,10,COMPRESSION,2026-09-08,2026-09-08T04:33:38.682042
VBIO,SHORT,CONVICTION,64.6,BEAR_REJECTION_PENDING,2.8,3.02,2.66,,461,0.65,FAVORABLE,2.77,LIMIT,20,COMPRESSION,2026-09-08,2026-09-08T04:34:24.849842
EWTX,SHORT,CONVICTION,64.6,SHORT_UPPER_DIRTY,44.0,44.71,43.06,,140,1.32,FAVORABLE,44.0,LIMIT,20,COMPRESSION,2026-09-08,2026-09-08T04:37:03.458150
ABNB,LONG,CONVICTION,64.6,BULL_BOUNCE,181.94,177.08,190.75,,20,1.81,FAVORABLE,181.94,LIMIT,20,COMPRESSION,2026-09-08,2026-09-08T04:37:34.310761
MTZ,LONG,CONVICTION,64.6,BULL_BOUNCE,236.0,223.67,264.99,264.99,8,2.35,FAVORABLE,236.0,LIMIT,20,CONVICTION,2026-09-08,2026-09-08T04:38:43.713612
VPG,LONG,CONVICTION,64.6,BULL_BOUNCE_PENDING,61.26,59.56,65.0,70.03,58,2.19,FAVORABLE,62.51,LIMIT,18,CONVICTION,2026-09-08,2026-09-08T04:50:41.086990
RXT,LONG,CONVICTION,64.5,BULL_BOUNCE_PENDING,3.14,2.96,3.52,3.58,570,2.19,FAVORABLE,3.2,LIMIT,9,MINOR,2026-09-08,2026-09-08T04:29:55.303178
XRAY,LONG,CONVICTION,64.5,BULL_BOUNCE_PENDING,11.15,11.03,12.08,12.08,797,7.4,FAVORABLE,11.35,LIMIT,16,COMPRESSION,2026-09-08,2026-09-08T04:54:59.037510
DX,LONG,CONVICTION,64.4,BULL_BOUNCE_PENDING,12.64,12.4,14.03,14.55,409,5.68,FAVORABLE,12.9,LIMIT,20,COMPRESSION,2026-09-08,2026-09-08T04:30:17.888212
RL,LONG,CONVICTION,64.4,BULL_BOUNCE_PENDING,344.47,337.9,371.38,384.91,15,4.1,FAVORABLE,351.5,LIMIT,20,CONVICTION,2026-09-08,2026-09-08T04:55:54.196495
MIAX,LONG,CONVICTION,64.3,BULL_BOUNCE_PENDING,41.54,40.41,44.12,44.18,88,2.27,FAVORABLE,42.39,LIMIT,20,COMPRESSION,2026-09-08,2026-09-08T04:43:43.543506
ORCU,LONG,CONVICTION,64.3,BULL_BOUNCE_PENDING,9.31,9.05,10.29,9.88,391,3.82,FAVORABLE,9.5,LIMIT,20,COMPRESSION,2026-09-08,2026-09-08T04:44:48.943828
NG,LONG,CONVICTION,64.3,BULL_BOUNCE_PENDING,7.99,7.83,8.67,8.67,634,4.32,FAVORABLE,8.07,LIMIT,20,COMPRESSION,2026-09-08,2026-09-08T04:49:01.476127
EXK,LONG,CONVICTION,64.2,BULL_BOUNCE_PENDING,10.78,10.19,12.21,,169,2.41,FAVORABLE,11.0,LIMIT,20,COMPRESSION,2026-09-08,2026-09-08T04:30:07.296196
MAIN,LONG,CONVICTION,64.2,BULL_BOUNCE_PENDING,56.55,55.47,63.5,65.35,93,6.47,FAVORABLE,57.7,LIMIT,20,COMPRESSION,2026-09-08,2026-09-08T04:38:39.563070
RPD,LONG,CONVICTION,64.2,BULL_BOUNCE_PENDING,10.67,10.28,11.86,11.57,256,3.05,FAVORABLE,10.89,LIMIT,20,COMPRESSION,2026-09-08,2026-09-08T04:42:31.297312
VFC,SHORT,CONVICTION,64.2,BEAR_REJECTION_PENDING,13.51,13.74,12.07,12.29,437,6.31,FAVORABLE,13.42,LIMIT,20,COMPRESSION,2026-09-08,2026-09-08T04:56:01.232512
SMCI,LONG,CONVICTION,64.1,BULL_BOUNCE_PENDING,38.71,37.38,45.0,43.0,74,4.72,FAVORABLE,39.5,LIMIT,9,COMPRESSION,2026-09-08,2026-09-08T04:29:36.771052
BZ,LONG,CONVICTION,64.1,BULL_BOUNCE_PENDING,16.39,16.15,17.7,17.42,411,5.39,FAVORABLE,16.5,LIMIT,20,COMPRESSION,2026-09-08,2026-09-08T04:39:55.927739
WVVIP,LONG,CONVICTION,64.1,BULL_BOUNCE_PENDING,2.84,2.36,2.98,,208,0.3,FAVORABLE,2.8972,LIMIT,20,MINOR,2026-09-08,2026-09-08T04:51:26.241003
RITR,LONG,CONVICTION,64.0,BULL_BOUNCE_PENDING,0.09,0.08,0.09,,10210,0.44,FAVORABLE,0.0873,LIMIT,8,MINOR,2026-09-08,2026-09-08T04:29:11.107941
FAST,LONG,CONVICTION,64.0,BULL_BOUNCE_PENDING,48.59,47.69,50.13,50.83,111,1.72,FAVORABLE,49.28,LIMIT,20,COMPRESSION,2026-09-08,2026-09-08T04:30:21.059217
HAO,LONG,CONVICTION,64.0,BULL_BOUNCE_PENDING,3.14,2.95,3.66,,552,2.89,FAVORABLE,3.2,LIMIT,7,MINOR,2026-09-08,2026-09-08T04:36:15.706523
PGNY,LONG,CONVICTION,64.0,BULL_BOUNCE,25.94,25.22,27.85,28.1,138,2.64,FAVORABLE,25.94,LIMIT,20,COMPRESSION,2026-09-08,2026-09-08T04:38:57.686636
WGS,LONG,CONVICTION,64.0,BULL_BOUNCE_PENDING,82.62,81.33,85.99,91.67,77,2.6,FAVORABLE,84.0,LIMIT,17,COMPRESSION,2026-09-08,2026-09-08T04:39:30.204694
OIH,SHORT,CONVICTION,64.0,BEAR_REJECTION_PENDING,427.53,431.96,392.76,392.76,22,7.85,FAVORABLE,424.09,LIMIT,20,CONVICTION,2026-09-08,2026-09-08T04:40:58.210014
SNDU,SHORT,CONVICTION,64.0,BEAR_REJECTION_PENDING,27.38,30.42,26.01,,32,0.45,FAVORABLE,26.98,LIMIT,10,VACUUM,2026-09-08,2026-09-08T04:41:11.834576
WHR,LONG,CONVICTION,64.0,BULL_BOUNCE_CONFIRMED,40.06,37.92,45.25,,46,2.43,FAVORABLE,40.06,LIMIT,20,MINOR,2026-09-08,2026-09-08T04:42:50.719884
EXPD,LONG,CONVICTION,64.0,BULL_BOUNCE_PENDING,187.37,186.17,189.43,190.81,83,1.73,FAVORABLE,188.8,LIMIT,20,COMPRESSION,2026-09-08,2026-09-08T04:43:19.993468
GDDY,LONG,CONVICTION,64.0,BULL_BOUNCE_PENDING,98.99,96.17,112.85,106.79,35,4.92,FAVORABLE,101.006,LIMIT,20,COMPRESSION,2026-09-08,2026-09-08T04:43:24.315476
IRTC,LONG,CONVICTION,64.0,BULL_BOUNCE_PENDING,120.61,117.66,125.16,133.79,33,1.55,FAVORABLE,123.07,LIMIT,12,MINOR,2026-09-08,2026-09-08T04:43:32.891490
TPG,LONG,CONVICTION,64.0,BULL_BOUNCE_PENDING,51.95,51.31,58.54,57.48,156,10.33,FAVORABLE,52.65,LIMIT,16,COMPRESSION,2026-09-08,2026-09-08T04:45:11.122491
ALNY,SHORT,CONVICTION,64.0,BEAR_REJECTION_PENDING,260.02,265.32,242.4,246.48,18,3.32,FAVORABLE,259.0,LIMIT,11,VACUUM,2026-09-08,2026-09-08T04:50:04.309301
DE,LONG,CONVICTION,64.0,BULL_BOUNCE_PENDING,693.83,686.83,728.52,,14,4.96,FAVORABLE,698.2714,LIMIT,7,VACUUM,2026-09-08,2026-09-08T04:50:14.701331
LNG,LONG,CONVICTION,64.0,BULL_BOUNCE_PENDING,283.57,281.41,292.43,298.95,46,4.08,FAVORABLE,284.5,LIMIT,20,MINOR,2026-09-08,2026-09-08T04:52:17.292478
PPBT,LONG,CONVICTION,64.0,BULL_BOUNCE_PENDING,1.56,1.42,1.78,,718,1.59,FAVORABLE,1.59,LIMIT,20,COMPRESSION,2026-09-08,2026-09-08T04:54:16.401861
AAPU,LONG,CONVICTION,63.9,BULL_BOUNCE_PENDING,40.61,40.05,45.83,42.56,178,9.31,FAVORABLE,40.93,LIMIT,20,CONVICTION,2026-09-08,2026-09-08T04:54:00.728287
CRC,LONG,CONVICTION,63.8,BULL_BOUNCE_PENDING,53.14,52.57,56.67,56.25,175,6.2,FAVORABLE,54.22,LIMIT,20,CONVICTION,2026-09-08,2026-09-08T04:40:04.980757
USDE,LONG,CONVICTION,63.8,BULL_BOUNCE_PENDING,7.55,6.88,8.57,,149,1.53,FAVORABLE,7.7,LIMIT,20,COMPRESSION,2026-09-08,2026-09-08T04:50:39.450983
PLSE,LONG,CONVICTION,63.8,BULL_BOUNCE_PENDING,52.2,47.35,54.81,,20,0.54,FAVORABLE,53.27,LIMIT,10,COMPRESSION,2026-09-08,2026-09-08T04:54:12.741321
KVUE,LONG,CONVICTION,63.7,BULL_BOUNCE_PENDING,18.33,17.81,20.66,20.51,193,4.53,FAVORABLE,18.7,LIMIT,20,COMPRESSION,2026-09-08,2026-09-08T04:32:01.687645
SAIL,LONG,CONVICTION,63.7,BULL_BOUNCE_PENDING,18.39,18.06,19.14,20.65,301,2.25,FAVORABLE,18.62,LIMIT,20,MINOR,2026-09-08,2026-09-08T04:36:42.174110
KVYO,LONG,CONVICTION,63.7,BULL_BOUNCE_PENDING,18.35,17.7,19.46,20.38,154,1.71,FAVORABLE,18.7243,LIMIT,20,COMPRESSION,2026-09-08,2026-09-08T04:40:35.490352
ALSN,SHORT,CONVICTION,63.7,BEAR_REJECTION_PENDING,131.36,140.7,113.77,,10,1.88,FAVORABLE,131.24,LIMIT,12,VACUUM,2026-09-08,2026-09-08T04:49:23.409696
TYL,SHORT,CONVICTION,63.7,BEAR_REJECTION_PENDING,365.22,369.49,353.2,327.37,23,2.81,FAVORABLE,364.03,LIMIT,20,CONVICTION,2026-09-08,2026-09-08T04:53:16.979622
KMT,LONG,CONVICTION,63.7,BULL_BOUNCE_PENDING,30.4,29.22,32.45,34.58,84,1.74,FAVORABLE,31.02,LIMIT,20,COMPRESSION,2026-09-08,2026-09-08T04:55:52.162489
HNRG,LONG,CONVICTION,63.6,BULL_BOUNCE_PENDING,16.27,15.76,17.19,18.38,197,1.82,FAVORABLE,16.6,LIMIT,15,COMPRESSION,2026-09-08,2026-09-08T04:29:05.868936
ZLAB,LONG,CONVICTION,63.6,BULL_BOUNCE_PENDING,25.48,24.6,28.28,28.1,113,3.19,FAVORABLE,26.0,LIMIT,20,COMPRESSION,2026-09-08,2026-09-08T04:42:54.155891
LQDA,SHORT,CONVICTION,63.6,BEAR_REJECTION_PENDING,69.89,74.81,66.4,,20,0.71,FAVORABLE,68.52,LIMIT,20,CONVICTION,2026-09-08,2026-09-08T04:45:56.709563
ARKB,LONG,CONVICTION,63.6,BULL_BOUNCE_PENDING,25.82,25.5,29.1,27.8,309,10.13,FAVORABLE,26.04,LIMIT,20,COMPRESSION,2026-09-08,2026-09-08T04:47:51.567418
GEN,LONG,CONVICTION,63.6,BULL_BOUNCE_PENDING,30.04,29.46,31.06,31.53,173,1.78,FAVORABLE,30.65,LIMIT,7,COMPRESSION,2026-09-08,2026-09-08T04:49:36.991254
QFIN,LONG,CONVICTION,63.6,BULL_BOUNCE_PENDING,8.84,8.42,9.76,,238,2.19,FAVORABLE,9.0209,LIMIT,16,COMPRESSION,2026-09-08,2026-09-08T04:51:47.008991
MUSA,LONG,CONVICTION,63.5,BULL_BOUNCE_PENDING,507.88,502.48,539.97,526.13,18,5.95,FAVORABLE,511.5,LIMIT,20,CONVICTION,2026-09-08,2026-09-08T04:40:48.901375
EQX,LONG,CONVICTION,63.4,BULL_BOUNCE_PENDING,12.43,12.25,12.97,13.75,539,2.89,FAVORABLE,12.62,LIMIT,20,COMPRESSION,2026-09-08,2026-09-08T04:31:43.034546
VZ,LONG,CONVICTION,63.4,BULL_BOUNCE_PENDING,48.85,48.0,50.55,,117,1.99,FAVORABLE,49.85,LIMIT,8,COMPRESSION,2026-09-08,2026-09-08T04:31:49.470630
COKE,SHORT,CONVICTION,63.4,BEAR_REJECTION_PENDING,189.92,193.24,182.0,165.35,30,2.38,FAVORABLE,189.33,LIMIT,20,CONVICTION,2026-09-08,2026-09-08T04:43:14.282459
RBA,LONG,CONVICTION,63.4,BULL_BOUNCE_PENDING,81.87,80.02,85.41,94.3,54,1.91,FAVORABLE,83.54,LIMIT,20,COMPRESSION,2026-09-08,2026-09-08T04:47:33.622778
AYA,LONG,CONVICTION,63.4,BULL_BOUNCE_PENDING,28.25,27.14,29.67,,89,1.27,FAVORABLE,28.83,LIMIT,6,COMPRESSION,2026-09-08,2026-09-08T04:52:55.660891
EQH,LONG,CONVICTION,63.4,BULL_BOUNCE_PENDING,51.9,51.26,53.87,55.55,156,3.08,FAVORABLE,52.96,LIMIT,9,COMPRESSION,2026-09-08,2026-09-08T04:54:26.915891
BTTC,SHORT,CONVICTION,63.3,BEAR_REJECTION_PENDING,0.42,0.44,0.4,,4808,1.01,FAVORABLE,0.419,LIMIT,20,COMPRESSION,2026-09-08,2026-09-08T04:37:21.553726
BRSL,SHORT,CONVICTION,63.3,BEAR_REJECTION_PENDING,11.47,11.63,10.45,10.86,633,6.46,FAVORABLE,11.3,LIMIT,20,COMPRESSION,2026-09-08,2026-09-08T04:47:44.652333
CNXC,LONG,CONVICTION,63.3,BULL_BOUNCE_PENDING,31.52,30.9,32.48,34.28,161,1.55,FAVORABLE,32.16,LIMIT,9,COMPRESSION,2026-09-08,2026-09-08T04:48:16.041991
RIO,SHORT,CONVICTION,63.3,BEAR_REJECTION_PENDING,104.38,106.27,90.0,91.33,52,7.61,FAVORABLE,103.53,LIMIT,20,CONVICTION,2026-09-08,2026-09-08T04:49:52.746285
TE,LONG,CONVICTION,63.2,BULL_BOUNCE_PENDING,4.49,4.21,4.95,5.2,357,1.65,FAVORABLE,4.58,LIMIT,13,COMPRESSION,2026-09-08,2026-09-08T04:30:54.267805
AVTR,LONG,CONVICTION,63.2,BULL_BOUNCE_PENDING,14.71,14.58,16.0,15.13,723,9.29,FAVORABLE,14.97,LIMIT,17,COMPRESSION,2026-09-08,2026-09-08T04:31:41.963553
AI,LONG,CONVICTION,63.2,BULL_BOUNCE_PENDING,10.19,9.65,11.9,,185,3.16,FAVORABLE,10.4,LIMIT,5,COMPRESSION,2026-09-08,2026-09-08T04:33:49.022070
WU,LONG,CONVICTION,63.2,BULL_BOUNCE_PENDING,7.09,6.52,8.22,,176,2.0,FAVORABLE,7.23,LIMIT,20,COMPRESSION,2026-09-08,2026-09-08T04:45:20.121506
GLBE,LONG,CONVICTION,63.2,BULL_BOUNCE_PENDING,37.48,36.03,40.52,40.86,68,2.08,FAVORABLE,38.25,LIMIT,20,COMPRESSION,2026-09-08,2026-09-08T04:54:30.186900
GRAF,LONG,CONVICTION,63.1,BULL_BOUNCE_PENDING,10.74,10.65,11.05,11.05,1069,3.37,FAVORABLE,10.82,LIMIT,3,MINOR,2026-09-08,2026-09-08T04:36:47.192117
RSKD,LONG,CONVICTION,63.0,BULL_BOUNCE_PENDING,6.36,5.96,6.68,,249,0.79,FAVORABLE,6.49,LIMIT,20,MINOR,2026-09-08,2026-09-08T04:28:57.464921
BAX,LONG,CONVICTION,63.0,BULL_BOUNCE_PENDING,25.35,24.35,27.2,27.69,99,1.84,FAVORABLE,25.87,LIMIT,20,COMPRESSION,2026-09-08,2026-09-08T04:31:19.594448
CSX,LONG,CONVICTION,63.0,BULL_BOUNCE_PENDING,47.61,45.23,51.82,,42,1.77,FAVORABLE,48.58,LIMIT,20,COMPRESSION,2026-09-08,2026-09-08T04:33:18.580921
AGEN,LONG,CONVICTION,63.0,BULL_BOUNCE_PENDING,7.94,7.31,8.33,,158,0.63,FAVORABLE,8.1,LIMIT,2,MINOR,2026-09-08,2026-09-08T04:34:20.891552
AMPG,LONG,CONVICTION,63.0,BULL_BOUNCE,3.36,3.16,3.67,3.86,501,1.56,FAVORABLE,3.36,LIMIT,18,MINOR,2026-09-08,2026-09-08T04:36:33.493093
HNGE,LONG,CONVICTION,63.0,BULL_BOUNCE_PENDING,90.55,86.67,95.08,,25,1.17,FAVORABLE,92.4,LIMIT,5,VACUUM,2026-09-08,2026-09-08T04:38:29.412052
ABCL,LONG,CONVICTION,63.0,BULL_BOUNCE,11.34,10.57,11.45,,129,0.14,FAVORABLE,11.34,LIMIT,20,MINOR,2026-09-08,2026-09-08T04:39:33.977701
CLMT,LONG,CONVICTION,63.0,BULL_BOUNCE_PENDING,52.75,51.97,55.39,,128,3.39,FAVORABLE,53.5,LIMIT,1,MINOR,2026-09-08,2026-09-08T04:40:01.499749
LYB,LONG,CONVICTION,63.0,BULL_BOUNCE_PENDING,62.43,59.12,69.69,72.57,30,2.2,FAVORABLE,63.7,LIMIT,20,COMPRESSION,2026-09-08,2026-09-08T04:40:39.475357
TDW,LONG,CONVICTION,63.0,BULL_BOUNCE_PENDING,92.37,88.69,99.82,,27,2.02,FAVORABLE,94.26,LIMIT,20,MINOR,2026-09-08,2026-09-08T04:41:22.966129
AEHR,LONG,CONVICTION,63.0,BULL_BOUNCE_PENDING,88.01,85.25,95.76,98.62,36,2.81,FAVORABLE,88.4,LIMIT,20,CONVICTION,2026-09-08,2026-09-08T04:41:42.477695
APPF,LONG,CONVICTION,63.0,BULL_BOUNCE_PENDING,210.7,198.82,245.81,245.81,8,2.96,FAVORABLE,215.0,LIMIT,20,CONVICTION,2026-09-08,2026-09-08T04:41:45.801704
SW,SHORT,CONVICTION,63.0,BEAR_REJECTION_PENDING,46.62,47.13,44.72,42.88,194,3.69,FAVORABLE,45.83,LIMIT,20,COMPRESSION,2026-09-08,2026-09-08T04:42:43.541872
Z,LONG,CONVICTION,63.0,BULL_BOUNCE_PENDING,33.91,32.88,37.41,39.11,97,3.41,FAVORABLE,34.6,LIMIT,20,COMPRESSION,2026-09-08,2026-09-08T04:42:52.405893
INSW,LONG,CONVICTION,63.0,BULL_BOUNCE_PENDING,105.23,101.29,110.49,,25,1.33,FAVORABLE,107.38,LIMIT,0,NONE,2026-09-08,2026-09-08T04:43:30.615485
MOD,LONG,CONVICTION,63.0,BULL_BOUNCE_PENDING,189.33,186.1,194.42,202.18,30,1.57,FAVORABLE,191.88,LIMIT,20,CONVICTION,2026-09-08,2026-09-08T04:45:59.250568
GPK,LONG,CONVICTION,63.0,BULL_BOUNCE_PENDING,10.18,9.15,11.77,,96,1.53,FAVORABLE,10.39,LIMIT,20,COMPRESSION,2026-09-08,2026-09-08T04:46:29.215145
FIX,LONG,CONVICTION,63.0,BULL_BOUNCE_PENDING,1589.18,1566.17,1630.0,1653.37,4,1.77,FAVORABLE,1612.01,LIMIT,20,CONVICTION,2026-09-08,2026-09-08T04:46:49.348708
JNUG,LONG,CONVICTION,63.0,BULL_BOUNCE_PENDING,188.91,180.02,214.03,214.03,11,2.82,FAVORABLE,192.77,LIMIT,20,COMPRESSION,2026-09-08,2026-09-08T04:48:52.901112
XNCR,LONG,CONVICTION,63.0,BULL_BOUNCE_PENDING,26.17,24.96,28.71,29.11,82,2.11,FAVORABLE,26.7,LIMIT,20,COMPRESSION,2026-09-08,2026-09-08T04:49:18.156688
IMMX,LONG,CONVICTION,63.0,BULL_BOUNCE_PENDING,13.18,12.49,14.54,14.95,144,1.96,FAVORABLE,13.45,LIMIT,20,MINOR,2026-09-08,2026-09-08T04:51:39.833800
PAA,LONG,CONVICTION,63.0,BULL_BOUNCE_PENDING,24.64,24.0,25.87,,156,1.92,FAVORABLE,25.1417,LIMIT,20,COMPRESSION,2026-09-08,2026-09-08T04:52:23.919797
ATRC,LONG,CONVICTION,63.0,BULL_BOUNCE_PENDING,51.32,49.04,53.89,,43,1.13,FAVORABLE,52.37,LIMIT,0,NONE,2026-09-08,2026-09-08T04:54:16.797863
EEFT,LONG,CONVICTION,63.0,BULL_BOUNCE_PENDING,72.33,69.04,78.5,83.18,30,1.87,FAVORABLE,73.81,LIMIT,18,CONVICTION,2026-09-08,2026-09-08T04:54:26.194887
BB,LONG,CONVICTION,62.9,BULL_BOUNCE_PENDING,7.57,6.6,7.94,,103,0.39,FAVORABLE,7.72,LIMIT,20,MINOR,2026-09-08,2026-09-08T04:34:48.141063
CRSR,LONG,CONVICTION,62.9,BULL_BOUNCE_PENDING,12.32,11.99,13.83,13.55,302,4.58,FAVORABLE,12.57,LIMIT,16,COMPRESSION,2026-09-08,2026-09-08T04:38:02.852403
SPCX,SHORT,CONVICTION,62.8,BEAR_REJECTION_PENDING,151.86,161.22,136.94,127.09,10,1.59,FAVORABLE,148.88,LIMIT,12,CONVICTION,2026-09-08,2026-09-08T04:29:23.025030
CRML,LONG,CONVICTION,62.8,BULL_BOUNCE_PENDING,7.13,6.75,7.99,,262,2.26,FAVORABLE,7.2749,LIMIT,11,MINOR,2026-09-08,2026-09-08T04:34:55.316675
FHB,LONG,CONVICTION,62.8,BULL_BOUNCE_PENDING,25.51,24.24,29.29,29.14,78,2.97,FAVORABLE,26.03,LIMIT,20,COMPRESSION,2026-09-08,2026-09-08T04:36:01.298180
FLY,SHORT,CONVICTION,62.8,BEAR_REJECTION_PENDING,21.98,22.35,20.7,19.21,266,3.39,FAVORABLE,21.6,LIMIT,20,COMPRESSION,2026-09-08,2026-09-08T04:37:17.208716
CEVA,LONG,CONVICTION,62.8,BULL_BOUNCE_CONFIRMED,27.11,24.88,28.47,,44,0.61,FAVORABLE,27.11,LIMIT,20,COMPRESSION,2026-09-08,2026-09-08T04:37:56.982393
LLY,LONG,CONVICTION,62.8,BULL_BOUNCE_PENDING,1118.93,1107.7,1168.47,1150.61,8,4.41,FAVORABLE,1141.7687,LIMIT,20,CONVICTION,2026-09-08,2026-09-08T04:40:37.500358
ETHU,SHORT,CONVICTION,62.8,BEAR_REJECTION_PENDING,26.6,29.67,25.27,,32,0.43,FAVORABLE,26.42,LIMIT,8,CONVICTION,2026-09-08,2026-09-08T04:48:37.111557
GFL,LONG,CONVICTION,62.8,BULL_BOUNCE_PENDING,42.86,42.34,49.66,49.51,193,13.14,FAVORABLE,43.73,LIMIT,4,COMPRESSION,2026-09-08,2026-09-08T04:53:33.096209
FIGR,LONG,CONVICTION,62.7,BULL_BOUNCE_PENDING,35.24,34.45,40.67,37.83,126,6.88,FAVORABLE,35.61,LIMIT,20,COMPRESSION,2026-09-08,2026-09-08T04:43:20.826472
TMC,LONG,CONVICTION,62.7,BULL_BOUNCE_PENDING,4.34,3.93,5.07,,242,1.76,FAVORABLE,4.43,LIMIT,20,MINOR,2026-09-08,2026-09-08T04:50:32.292951
QLYS,LONG,CONVICTION,62.7,BULL_BOUNCE_PENDING,168.22,154.72,190.43,,7,1.65,FAVORABLE,171.65,LIMIT,20,COMPRESSION,2026-09-08,2026-09-08T04:53:11.266714
F,LONG,CONVICTION,62.6,BULL_BOUNCE_PENDING,14.26,14.07,16.57,14.78,513,11.85,FAVORABLE,14.555,LIMIT,5,MINOR,2026-09-08,2026-09-08T04:33:15.339912
CENX,LONG,CONVICTION,62.6,BULL_BOUNCE_PENDING,45.84,42.64,51.26,,31,1.69,FAVORABLE,46.78,LIMIT,20,MINOR,2026-09-08,2026-09-08T04:37:55.907390
NEOV,LONG,CONVICTION,62.6,BULL_BOUNCE_PENDING,3.76,3.34,3.95,,237,0.45,FAVORABLE,3.84,LIMIT,9,MINOR,2026-09-08,2026-09-08T04:53:47.020247
TNGX,LONG,CONVICTION,62.5,BULL_BOUNCE_PENDING,22.87,20.19,24.02,,37,0.43,FAVORABLE,23.34,LIMIT,20,COMPRESSION,2026-09-08,2026-09-08T04:51:18.525692
CAR,LONG,CONVICTION,62.5,BULL_BOUNCE_PENDING,136.28,134.7,154.85,151.25,63,11.72,FAVORABLE,138.55,LIMIT,20,VACUUM,2026-09-08,2026-09-08T04:53:52.042263
ALMS,LONG,CONVICTION,62.4,BULL_BOUNCE_PENDING,10.98,9.37,11.52,,62,0.34,FAVORABLE,11.2,LIMIT,5,MINOR,2026-09-08,2026-09-08T04:55:13.236169
EOSE,LONG,CONVICTION,62.3,BULL_BOUNCE_PENDING,3.78,3.12,3.97,,150,0.29,FAVORABLE,3.86,LIMIT,13,COMPRESSION,2026-09-08,2026-09-08T04:30:09.787201
FNB,LONG,CONVICTION,62.3,BULL_BOUNCE_PENDING,18.33,18.19,18.96,19.28,707,4.46,FAVORABLE,18.68,LIMIT,10,MINOR,2026-09-08,2026-09-08T04:34:07.063100
DRI,SHORT,CONVICTION,62.3,BEAR_REJECTION_PENDING,216.95,219.13,205.93,200.03,45,5.05,FAVORABLE,216.88,LIMIT,20,VACUUM,2026-09-08,2026-09-08T04:43:15.333465
MNST,SHORT,CONVICTION,62.3,BEAR_REJECTION_PENDING,43.82,44.3,42.25,41.01,208,3.27,FAVORABLE,43.53,LIMIT,20,COMPRESSION,2026-09-08,2026-09-08T04:47:27.162768
IAUX,LONG,CONVICTION,62.2,BULL_BOUNCE,1.78,1.57,2.48,,467,3.27,FAVORABLE,1.78,LIMIT,14,COMPRESSION,2026-09-08,2026-09-08T04:30:07.013196
DUOL,LONG,CONVICTION,62.2,BULL_BOUNCE_PENDING,149.96,146.45,170.05,170.05,28,5.72,FAVORABLE,153.02,LIMIT,20,CONVICTION,2026-09-08,2026-09-08T04:38:09.549949
LPTH,LONG,CONVICTION,62.2,BULL_BOUNCE_CONFIRMED,9.8,9.09,11.1,,141,1.84,FAVORABLE,9.8,LIMIT,20,COMPRESSION,2026-09-08,2026-09-08T04:45:55.693572
WWD,SHORT,CONVICTION,62.2,BEAR_REJECTION_PENDING,353.14,361.43,312.28,312.28,12,4.93,FAVORABLE,346.22,LIMIT,20,CONVICTION,2026-09-08,2026-09-08T04:46:24.620137
PWR,LONG,CONVICTION,62.1,BULL_BOUNCE_PENDING,622.23,615.17,637.34,672.32,14,2.14,FAVORABLE,625.0,LIMIT,20,CONVICTION,2026-09-08,2026-09-08T04:46:55.705718
FLUT,SHORT,CONVICTION,62.0,BEAR_REJECTION_PENDING,100.99,102.85,95.76,95.76,53,2.81,FAVORABLE,100.6,LIMIT,20,COMPRESSION,2026-09-08,2026-09-08T04:42:04.963733
PLNT,LONG,CONVICTION,62.0,BULL_BOUNCE_PENDING,49.46,44.66,51.93,,20,0.51,FAVORABLE,50.47,LIMIT,20,COMPRESSION,2026-09-08,2026-09-08T04:47:32.458786
AXON,LONG,CONVICTION,61.9,BUY_LOWER_DIRTY,516.31,512.74,535.35,,28,5.34,FAVORABLE,516.3084,LIMIT,20,CONVICTION,2026-09-08,2026-09-08T04:37:50.658313
ZSTK,LONG,CONVICTION,61.9,BULL_BOUNCE_PENDING,4.21,3.62,4.42,,167,0.35,FAVORABLE,4.3,LIMIT,20,MINOR,2026-09-08,2026-09-08T04:49:21.564693
SBSW,LONG,CONVICTION,61.9,BULL_BOUNCE_PENDING,12.74,12.5,13.9,14.5,411,4.78,FAVORABLE,12.98,LIMIT,7,MINOR,2026-09-08,2026-09-08T04:49:54.167284
VERA,LONG,CONVICTION,61.9,BULL_BOUNCE_PENDING,35.28,34.08,41.26,38.5,83,4.98,FAVORABLE,36.0,LIMIT,12,COMPRESSION,2026-09-08,2026-09-08T04:51:18.873235
PTEN,LONG,CONVICTION,61.7,BULL_BOUNCE_PENDING,12.53,12.37,13.1,12.93,618,3.54,FAVORABLE,12.65,LIMIT,20,MINOR,2026-09-08,2026-09-08T04:33:35.575501
JBLU,LONG,CONVICTION,61.7,BULL_BOUNCE_PENDING,4.52,4.46,4.72,4.72,1744,3.53,FAVORABLE,4.58,LIMIT,20,COMPRESSION,2026-09-08,2026-09-08T04:34:17.663413
AKAM,SHORT,CONVICTION,61.7,SHORT_UPPER_DIRTY,104.7,107.38,103.62,,37,0.4,FAVORABLE,104.7,LIMIT,20,COMPRESSION,2026-09-08,2026-09-08T04:39:39.273721
BEPC,SHORT,CONVICTION,61.7,SHORT_UPPER_DIRTY,31.75,32.27,31.48,,192,0.52,FAVORABLE,31.75,LIMIT,20,COMPRESSION,2026-09-08,2026-09-08T04:41:49.970708
FMC,LONG,CONVICTION,61.7,BULL_BOUNCE_PENDING,12.74,11.75,14.7,,101,1.98,FAVORABLE,13.0,LIMIT,13,COMPRESSION,2026-09-08,2026-09-08T04:54:29.309900
CLSK,LONG,CONVICTION,61.6,BULL_BOUNCE_PENDING,12.24,11.09,12.85,,86,0.53,FAVORABLE,12.49,LIMIT,12,COMPRESSION,2026-09-08,2026-09-08T04:30:59.994816
TMHC,LONG,CONVICTION,61.6,BULL_BOUNCE_PENDING,72.28,71.77,73.47,,195,2.33,FAVORABLE,72.45,LIMIT,2,MINOR,2026-09-08,2026-09-08T04:36:47.884120
RDGT,LONG,CONVICTION,61.6,BULL_BOUNCE_CONFIRMED,0.93,0.86,0.97,,1418,0.66,FAVORABLE,0.9262,LIMIT,12,MINOR,2026-09-08,2026-09-08T04:37:28.880738
AAOZ,SHORT,CONVICTION,61.6,SHORT_UPPER_DIRTY,13.29,13.8,12.93,,196,0.71,FAVORABLE,13.29,LIMIT,20,COMPRESSION,2026-09-08,2026-09-08T04:37:33.876747
AREC,LONG,CONVICTION,61.5,BULL_BOUNCE_PENDING,2.35,2.29,2.67,2.63,1550,4.93,FAVORABLE,2.4,LIMIT,20,COMPRESSION,2026-09-08,2026-09-08T04:29:57.861182
MVST,LONG,CONVICTION,61.5,BULL_BOUNCE_PENDING,0.68,0.59,0.72,,1048,0.36,FAVORABLE,0.6968,LIMIT,20,COMPRESSION,2026-09-08,2026-09-08T04:30:37.727245
OLLI,LONG,CONVICTION,61.5,BULL_BOUNCE_PENDING,75.03,73.06,80.59,80.59,50,2.82,FAVORABLE,76.565,LIMIT,7,MINOR,2026-09-08,2026-09-08T04:38:54.378639
SKHY,LONG,CONVICTION,61.5,BULL_BOUNCE_PENDING,178.5,176.09,187.43,,41,3.7,FAVORABLE,180.54,LIMIT,0,NONE,2026-09-08,2026-09-08T04:45:03.843935
HAL,LONG,CONVICTION,61.4,BULL_BOUNCE_PENDING,36.64,36.0,38.75,41.39,155,3.28,FAVORABLE,37.39,LIMIT,20,COMPRESSION,2026-09-08,2026-09-08T04:32:29.336234
CMG,LONG,CONVICTION,61.4,BULL_BOUNCE_PENDING,35.89,35.11,37.41,37.83,129,1.97,FAVORABLE,36.62,LIMIT,20,MINOR,2026-09-08,2026-09-08T04:34:28.056603
WYHG,LONG,CONVICTION,61.4,BULL_BOUNCE_PENDING,5.76,5.34,6.53,,234,1.8,FAVORABLE,5.88,LIMIT,1,COMPRESSION,2026-09-08,2026-09-08T04:41:34.154149
SGHC,LONG,CONVICTION,61.4,BULL_BOUNCE_PENDING,13.88,13.72,15.55,14.88,629,10.51,FAVORABLE,14.05,LIMIT,8,COMPRESSION,2026-09-08,2026-09-08T04:51:15.337945
NVDA,SHORT,CONVICTION,61.3,BEAR_REJECTION_PENDING,233.0,237.61,218.87,211.3,21,3.06,FAVORABLE,230.73,LIMIT,9,VACUUM,2026-09-08,2026-09-08T04:29:16.919485
IAG,LONG,CONVICTION,61.3,BULL_BOUNCE_PENDING,19.9,19.52,20.55,22.52,258,1.67,FAVORABLE,20.31,LIMIT,20,COMPRESSION,2026-09-08,2026-09-08T04:32:09.066200
BBAI,LONG,CONVICTION,61.3,BULL_BOUNCE_PENDING,2.85,2.56,3.33,,339,1.62,FAVORABLE,2.91,LIMIT,20,COMPRESSION,2026-09-08,2026-09-08T04:35:08.018248
RHI,LONG,CONVICTION,61.3,BULL_BOUNCE_PENDING,41.7,41.23,44.88,46.6,216,6.9,FAVORABLE,42.32,LIMIT,20,COMPRESSION,2026-09-08,2026-09-08T04:39:02.095655
RF,LONG,CONVICTION,61.2,BULL_BOUNCE_PENDING,30.02,29.61,30.68,31.78,247,1.65,FAVORABLE,30.42,LIMIT,20,MINOR,2026-09-08,2026-09-08T04:32:09.217200
CDE,LONG,CONVICTION,61.2,BULL_BOUNCE_PENDING,20.52,20.09,21.7,22.72,230,2.72,FAVORABLE,20.94,LIMIT,20,COMPRESSION,2026-09-08,2026-09-08T04:33:02.694350
AAL,LONG,CONVICTION,61.2,BULL_BOUNCE_PENDING,12.68,11.78,14.77,14.77,111,2.33,FAVORABLE,12.94,LIMIT,20,COMPRESSION,2026-09-08,2026-09-08T04:36:00.791177
INDI,LONG,CONVICTION,61.2,BULL_BOUNCE_PENDING,3.5,3.37,4.05,3.85,795,4.43,FAVORABLE,3.57,LIMIT,20,COMPRESSION,2026-09-08,2026-09-08T04:44:38.497210
CNK,SHORT,CONVICTION,61.2,BEAR_REJECTION_PENDING,35.06,36.36,31.39,31.39,77,2.84,FAVORABLE,35.04,LIMIT,20,COMPRESSION,2026-09-08,2026-09-08T04:51:02.543082
CVE,LONG,CONVICTION,61.1,BULL_BOUNCE_PENDING,32.55,32.21,33.2,,299,1.95,FAVORABLE,32.92,LIMIT,7,MINOR,2026-09-08,2026-09-08T04:31:53.703635
NCRA,LONG,CONVICTION,61.1,BULL_BOUNCE,1.85,1.53,1.98,,316,0.41,FAVORABLE,1.85,LIMIT,7,MINOR,2026-09-08,2026-09-08T04:37:29.777743
RBC,LONG,CONVICTION,61.1,BULL_BOUNCE,488.54,473.76,517.01,552.55,6,1.93,FAVORABLE,488.54,LIMIT,20,CONVICTION,2026-09-08,2026-09-08T04:52:26.540884
REI,LONG,CONVICTION,61.0,CHANNEL_RECLAIM_LONG,1.49,1.44,1.56,,1834,1.37,FAVORABLE,1.49,LIMIT,0,NONE,2026-09-08,2026-09-08T04:30:30.648233
VIVK,LONG,CONVICTION,61.0,CHANNEL_RECLAIM_LONG,0.87,0.79,0.92,,1212,0.53,FAVORABLE,0.8745,LIMIT,9,MINOR,2026-09-08,2026-09-08T04:30:49.444263
SHMD,LONG,CONVICTION,61.0,CHANNEL_RECLAIM_LONG,3.15,2.93,3.62,,460,2.16,FAVORABLE,3.15,LIMIT,13,MINOR,2026-09-08,2026-09-08T04:36:33.785091
CELH,SHORT,CONVICTION,61.0,BEAR_REJECTION_PENDING,31.2,31.7,29.98,29.37,200,2.44,FAVORABLE,30.7445,LIMIT,20,COMPRESSION,2026-09-08,2026-09-08T04:37:54.610389
ARQT,LONG,CONVICTION,61.0,BULL_BOUNCE_PENDING,23.62,22.21,27.52,27.14,70,2.76,FAVORABLE,24.1,LIMIT,20,COMPRESSION,2026-09-08,2026-09-08T04:39:46.135723
BRUN,SHORT,CONVICTION,61.0,BEAR_REJECTION_PENDING,18.19,19.61,15.96,,70,1.57,FAVORABLE,17.83,LIMIT,17,COMPRESSION,2026-09-08,2026-09-08T04:43:02.499903
MOH,SHORT,CONVICTION,61.0,BEAR_REJECTION_PENDING,201.07,203.92,189.42,182.1,35,4.08,FAVORABLE,199.2,LIMIT,20,VACUUM,2026-09-08,2026-09-08T04:43:44.999511
SMCIP,LONG,CONVICTION,61.0,BULL_BOUNCE_PENDING,66.35,65.47,67.98,69.82,112,1.83,FAVORABLE,66.68,LIMIT,20,VACUUM,2026-09-08,2026-09-08T04:44:00.055537
KLAR,SHORT,CONVICTION,61.0,BEAR_REJECTION_PENDING,14.65,19.61,13.91,,20,0.15,FAVORABLE,14.36,LIMIT,3,CONVICTION,2026-09-08,2026-09-08T04:44:39.860213
ORCX,LONG,CONVICTION,61.0,BULL_BOUNCE_PENDING,25.96,25.32,28.65,28.65,156,4.22,FAVORABLE,26.49,LIMIT,9,CONVICTION,2026-09-08,2026-09-08T04:44:49.332831
SBLK,LONG,CONVICTION,61.0,CHANNEL_RECLAIM_LONG,32.07,30.69,33.67,,72,1.16,FAVORABLE,32.07,LIMIT,6,MINOR,2026-09-08,2026-09-08T04:46:58.487725
UXRP,LONG,CONVICTION,61.0,BULL_BOUNCE_CONFIRMED,16.29,15.01,18.29,,78,1.57,FAVORABLE,16.29,LIMIT,20,COMPRESSION,2026-09-08,2026-09-08T04:50:54.282049
PPCB,LONG,CONVICTION,61.0,BULL_BOUNCE,0.98,0.6,1.04,,262,0.16,FAVORABLE,0.9804,LIMIT,20,MINOR,2026-09-08,2026-09-08T04:52:45.211855
TZA,LONG,CONVICTION,61.0,BULL_BOUNCE_PENDING,40.35,39.85,45.6,45.5,197,10.37,FAVORABLE,40.67,LIMIT,20,COMPRESSION,2026-09-08,2026-09-08T04:53:40.795229
FSM,LONG,CONVICTION,60.9,BULL_BOUNCE_PENDING,11.91,11.69,12.31,12.66,446,1.77,FAVORABLE,12.1,LIMIT,19,MINOR,2026-09-08,2026-09-08T04:40:16.883775
CURI,LONG,CONVICTION,60.9,BULL_BOUNCE_PENDING,2.7,2.64,2.81,3.07,1914,2.2,FAVORABLE,2.73,LIMIT,20,COMPRESSION,2026-09-08,2026-09-08T04:44:26.217111
AEM,LONG,CONVICTION,60.9,BULL_BOUNCE_PENDING,201.52,198.74,222.81,229.12,35,7.66,FAVORABLE,202.03,LIMIT,20,CONVICTION,2026-09-08,2026-09-08T04:47:45.385331
ZETA,LONG,CONVICTION,60.8,BULL_BOUNCE,30.85,29.4,33.3,,68,1.69,FAVORABLE,30.85,LIMIT,17,CONVICTION,2026-09-08,2026-09-08T04:29:40.781058
WBD,LONG,CONVICTION,60.8,BULL_BOUNCE_PENDING,27.51,26.93,28.75,29.46,174,2.16,FAVORABLE,28.07,LIMIT,17,COMPRESSION,2026-09-08,2026-09-08T04:32:47.146793
XMTR,LONG,CONVICTION,60.8,BUY_LOWER_DIRTY,92.53,91.39,95.4,,87,2.52,FAVORABLE,92.53,LIMIT,20,MINOR,2026-09-08,2026-09-08T04:39:32.925700
EWY,LONG,CONVICTION,60.8,BULL_BOUNCE_PENDING,184.01,176.43,195.96,203.0,13,1.58,FAVORABLE,187.77,LIMIT,19,CONVICTION,2026-09-08,2026-09-08T04:55:47.446942
G,LONG,CONVICTION,60.7,BULL_BOUNCE_PENDING,36.57,36.13,42.04,40.55,224,12.27,FAVORABLE,37.32,LIMIT,20,CONVICTION,2026-09-08,2026-09-08T04:48:40.821093
MRNY,LONG,CONVICTION,60.7,BULL_BOUNCE_PENDING,32.62,31.14,36.45,36.39,67,2.58,FAVORABLE,33.08,LIMIT,20,VACUUM,2026-09-08,2026-09-08T04:48:56.556119
TECL,LONG,CONVICTION,60.7,BULL_BOUNCE_PENDING,203.12,199.9,211.27,211.57,31,2.53,FAVORABLE,205.78,LIMIT,20,CONVICTION,2026-09-08,2026-09-08T04:52:30.055635
CEG,SHORT,CONVICTION,60.7,BEAR_REJECTION_PENDING,306.0,337.63,255.42,,3,1.6,FAVORABLE,300.0,LIMIT,4,CONVICTION,2026-09-08,2026-09-08T04:54:03.245298
NKE,SHORT,CONVICTION,60.6,BEAR_REJECTION_PENDING,38.36,39.26,36.44,,111,2.14,FAVORABLE,38.24,LIMIT,20,COMPRESSION,2026-09-08,2026-09-08T04:32:50.138798
WYFI,SHORT,CONVICTION,60.6,BEAR_REJECTION_PENDING,19.93,20.82,17.62,16.67,112,2.59,FAVORABLE,19.54,LIMIT,6,COMPRESSION,2026-09-08,2026-09-08T04:34:56.615285
QMCO,LONG,CONVICTION,60.6,BULL_BOUNCE_PENDING,24.38,23.78,25.6,,165,2.01,FAVORABLE,24.72,LIMIT,4,MINOR,2026-09-08,2026-09-08T04:36:37.427099
LTH,LONG,CONVICTION,60.6,BULL_BOUNCE_PENDING,42.37,41.64,44.35,44.3,137,2.74,FAVORABLE,43.23,LIMIT,20,COMPRESSION,2026-09-08,2026-09-08T04:42:17.970758
IMNM,SHORT,CONVICTION,60.6,SHORT_UPPER_DIRTY,26.76,27.3,26.41,,186,0.65,FAVORABLE,26.76,LIMIT,20,COMPRESSION,2026-09-08,2026-09-08T04:48:49.616106
IQV,LONG,CONVICTION,60.6,BULL_BOUNCE_PENDING,262.41,258.06,269.62,,22,1.66,FAVORABLE,267.77,LIMIT,6,MINOR,2026-09-08,2026-09-08T04:49:40.443260
INGM,SHORT,CONVICTION,60.5,BEAR_REJECTION_PENDING,29.42,30.55,24.82,24.82,88,4.05,FAVORABLE,28.84,LIMIT,13,COMPRESSION,2026-09-08,2026-09-08T04:36:54.864134
GME,SHORT,CONVICTION,60.5,BEAR_REJECTION_PENDING,19.57,21.39,18.6,,55,0.54,FAVORABLE,19.19,LIMIT,20,COMPRESSION,2026-09-08,2026-09-08T04:54:09.274312
C,LONG,CONVICTION,60.4,BULL_BOUNCE_PENDING,134.78,133.67,144.63,138.54,90,8.88,FAVORABLE,136.3,LIMIT,20,COMPRESSION,2026-09-08,2026-09-08T04:32:09.747200
MRAM,SHORT,CONVICTION,60.4,BEAR_REJECTION_PENDING,16.55,17.2,15.1,14.27,154,2.25,FAVORABLE,16.51,LIMIT,19,COMPRESSION,2026-09-08,2026-09-08T04:37:01.248147
CIBR,LONG,CONVICTION,60.4,BULL_BOUNCE_PENDING,91.14,89.51,95.71,95.54,61,2.8,FAVORABLE,93.0,LIMIT,20,COMPRESSION,2026-09-08,2026-09-08T04:52:59.775715
STNE,LONG,CONVICTION,60.4,BULL_BOUNCE_PENDING,9.91,9.57,11.16,10.84,292,3.66,FAVORABLE,10.11,LIMIT,11,COMPRESSION,2026-09-08,2026-09-08T04:54:49.045484
SNXX,SHORT,CONVICTION,60.3,BEAR_REJECTION_PENDING,17.54,19.49,16.66,,51,0.45,FAVORABLE,17.42,LIMIT,6,VACUUM,2026-09-08,2026-09-08T04:41:16.380584
GEO,LONG,CONVICTION,60.3,BULL_BOUNCE_PENDING,31.07,30.27,33.38,,125,2.91,FAVORABLE,31.7,LIMIT,10,COMPRESSION,2026-09-08,2026-09-08T04:42:09.880743
CSGP,SHORT,CONVICTION,60.2,BEAR_REJECTION_PENDING,31.25,31.84,29.47,29.47,169,3.03,FAVORABLE,30.91,LIMIT,20,COMPRESSION,2026-09-08,2026-09-08T04:33:16.207913
MAT,SHORT,CONVICTION,60.2,BEAR_REJECTION_PENDING,14.62,14.78,13.47,13.89,611,7.03,FAVORABLE,14.39,LIMIT,20,COMPRESSION,2026-09-08,2026-09-08T04:35:58.794040
VST,LONG,CONVICTION,60.1,BULL_BOUNCE_PENDING,150.58,149.04,153.92,170.2,64,2.16,FAVORABLE,151.66,LIMIT,12,CONVICTION,2026-09-08,2026-09-08T04:32:20.270219
TREX,SHORT,CONVICTION,60.1,BEAR_REJECTION_PENDING,46.54,48.53,39.43,40.24,50,3.58,FAVORABLE,45.63,LIMIT,20,CONVICTION,2026-09-08,2026-09-08T04:35:41.965807
SOAR,LONG,CONVICTION,60.1,BULL_BOUNCE_PENDING,0.24,0.22,0.25,,8012,0.94,FAVORABLE,0.2376,LIMIT,2,COMPRESSION,2026-09-08,2026-09-08T04:37:25.233730
HLNE,LONG,CONVICTION,60.1,BULL_BOUNCE_PENDING,101.14,99.02,111.77,106.29,47,5.03,FAVORABLE,103.2,LIMIT,20,CONVICTION,2026-09-08,2026-09-08T04:42:12.289746
FRMI,LONG,CONVICTION,60.0,BULL_BOUNCE_PENDING,5.03,4.68,5.84,,288,2.34,FAVORABLE,5.13,LIMIT,20,COMPRESSION,2026-09-08,2026-09-08T04:30:02.528188
SLS,LONG,CONVICTION,60.0,BULL_BOUNCE_PENDING,13.6,12.77,14.91,15.64,120,1.57,FAVORABLE,13.88,LIMIT,20,MINOR,2026-09-08,2026-09-08T04:33:22.883932
KEEL,LONG,CONVICTION,60.0,BULL_BOUNCE_PENDING,3.38,3.03,3.55,,288,0.49,FAVORABLE,3.45,LIMIT,8,COMPRESSION,2026-09-08,2026-09-08T04:34:33.641483
CHAI,LONG,CONVICTION,60.0,BULL_BOUNCE_CONFIRMED,0.28,0.25,0.31,,4158,1.52,FAVORABLE,0.277,LIMIT,19,MINOR,2026-09-08,2026-09-08T04:36:59.141141
PLAG,LONG,CONVICTION,60.0,BULL_BOUNCE_PENDING,0.62,0.6,0.72,0.69,4060,3.89,FAVORABLE,0.6284,LIMIT,20,COMPRESSION,2026-09-08,2026-09-08T04:42:27.817774
RBLX,LONG,CONVICTION,60.0,BULL_BOUNCE_PENDING,42.11,40.78,48.2,,75,4.59,FAVORABLE,42.97,LIMIT,3,MINOR,2026-09-08,2026-09-08T04:44:59.772930
ARCT,LONG,CONVICTION,60.0,BULL_BOUNCE_PENDING,15.57,14.85,16.77,,137,1.65,FAVORABLE,15.89,LIMIT,3,MINOR,2026-09-08,2026-09-08T04:47:48.096415
AEO,LONG,CONVICTION,60.0,BULL_BOUNCE_PENDING,17.03,16.25,18.6,18.87,128,2.02,FAVORABLE,17.3747,LIMIT,20,MINOR,2026-09-08,2026-09-08T04:50:58.730066
VRT,SHORT,CONVICTION,60.0,BEAR_REJECTION_PENDING,280.42,284.29,258.24,265.49,25,5.73,FAVORABLE,280.3,LIMIT,20,CONVICTION,2026-09-08,2026-09-08T04:55:32.275294
