ticker,side,tier,fem,mode,entry,stop,t1,t2,shares,rr,spy_regime,current_price,entry_type,n_gaps_above,gap_above_conviction,scan_date,asof
SMCI,LONG,CONVICTION,100.0,BULL_BOUNCE_PENDING,40.8,38.76,45.0,46.9,49,2.06,FAVORABLE,40.8,MARKET,11,COMPRESSION,2026-09-18,2026-09-18T04:29:50.440739
TEM,LONG,CONVICTION,100.0,BULL_BOUNCE_PENDING,79.67,75.69,83.66,,25,1.0,FAVORABLE,79.672,MARKET,8,CONVICTION,2026-09-18,2026-09-18T04:30:29.979761
ATAI,LONG,CONVICTION,100.0,BULL_BOUNCE_PENDING,7.33,6.96,7.7,,272,1.0,FAVORABLE,7.33,MARKET,4,MINOR,2026-09-18,2026-09-18T04:37:54.038859
ARKG,LONG,CONVICTION,100.0,BULL_BOUNCE_PENDING,51.86,47.8,54.45,,24,0.64,FAVORABLE,51.86,MARKET,2,MINOR,2026-09-18,2026-09-18T04:41:46.316248
DT,LONG,CONVICTION,100.0,BULL_BOUNCE_PENDING,54.96,50.97,61.38,,25,1.61,FAVORABLE,54.96,MARKET,20,MINOR,2026-09-18,2026-09-18T04:45:05.719177
GPN,LONG,CONVICTION,100.0,BULL_BOUNCE_PENDING,85.4,80.52,96.95,,20,2.36,FAVORABLE,85.4,MARKET,20,COMPRESSION,2026-09-18,2026-09-18T04:49:42.711102
QTWO,LONG,CONVICTION,100.0,BULL_BOUNCE_PENDING,57.95,54.34,64.46,66.41,27,1.8,FAVORABLE,57.95,MARKET,20,COMPRESSION,2026-09-18,2026-09-18T04:52:18.978140
QURE,LONG,CONVICTION,100.0,BULL_BOUNCE_PENDING,45.0,42.75,48.5,50.74,44,1.56,FAVORABLE,45.0,MARKET,20,MINOR,2026-09-18,2026-09-18T04:52:20.713144
SRRK,LONG,CONVICTION,100.0,BULL_BOUNCE_PENDING,49.2,46.74,56.51,56.51,40,2.97,FAVORABLE,49.2,MARKET,20,CONVICTION,2026-09-18,2026-09-18T04:55:48.280848
DAIC,LONG,CONVICTION,100.0,BULL_BOUNCE_PENDING,4.63,4.4,5.18,5.18,431,2.38,FAVORABLE,4.63,MARKET,14,MINOR,2026-09-18,2026-09-18T05:00:45.588565
CRMG,LONG,CONVICTION,100.0,BULL_BOUNCE_PENDING,8.91,8.46,10.06,10.19,224,2.57,FAVORABLE,8.91,MARKET,20,COMPRESSION,2026-09-18,2026-09-18T05:03:16.303012
MGNI,LONG,CONVICTION,100.0,BULL_BOUNCE_PENDING,25.71,23.66,27.0,,48,0.63,FAVORABLE,25.71,MARKET,9,MINOR,2026-09-18,2026-09-18T05:06:16.065158
NTNX,LONG,CONVICTION,99.6,BULL_BOUNCE_PENDING,69.42,65.59,72.89,,26,0.91,FAVORABLE,69.4176,MARKET,1,VACUUM,2026-09-18,2026-09-18T04:52:08.332586
CRM,LONG,CONVICTION,99.0,BULL_BOUNCE_PENDING,242.98,230.83,279.0,,8,2.96,FAVORABLE,242.98,MARKET,20,CONVICTION,2026-09-18,2026-09-18T04:39:52.385348
INSP,LONG,CONVICTION,98.6,BULL_BOUNCE_PENDING,72.74,67.78,76.38,,20,0.73,FAVORABLE,72.74,MARKET,10,MINOR,2026-09-18,2026-09-18T04:29:45.124313
DASH,LONG,CONVICTION,98.6,BULL_BOUNCE_PENDING,194.49,182.7,221.5,222.15,8,2.29,FAVORABLE,194.49,MARKET,20,CONVICTION,2026-09-18,2026-09-18T05:00:16.761929
CRSP,LONG,CONVICTION,98.3,BULL_BOUNCE_PENDING,57.0,51.95,59.85,,19,0.56,FAVORABLE,57.0,MARKET,20,COMPRESSION,2026-09-18,2026-09-18T04:57:07.778825
DK,LONG,CONVICTION,98.0,BULL_BOUNCE_PENDING,81.52,75.63,85.6,,16,0.69,FAVORABLE,81.5195,MARKET,0,NONE,2026-09-18,2026-09-18T04:28:52.494441
AAOZ,LONG,CONVICTION,98.0,BULL_BOUNCE_PENDING,14.3,13.59,15.68,15.98,139,1.93,FAVORABLE,14.3,MARKET,20,MINOR,2026-09-18,2026-09-18T04:41:35.262227
NUWE,LONG,CONVICTION,97.7,BULL_BOUNCE_PENDING,0.95,0.9,1.06,1.08,2105,2.32,FAVORABLE,0.95,MARKET,10,MINOR,2026-09-18,2026-09-18T04:41:18.076194
TDW,LONG,CONVICTION,97.7,BULL_BOUNCE_PENDING,88.9,82.38,99.82,,15,1.67,FAVORABLE,88.9,MARKET,20,MINOR,2026-09-18,2026-09-18T04:46:48.381669
ADBE,LONG,CONVICTION,97.5,BULL_BOUNCE_PENDING,251.35,236.56,274.47,285.0,6,1.56,FAVORABLE,251.3469,MARKET,20,CONVICTION,2026-09-18,2026-09-18T04:37:59.504869
NFLX,LONG,CONVICTION,97.4,BULL_BOUNCE_PENDING,75.53,71.35,85.72,85.85,23,2.44,FAVORABLE,75.53,MARKET,20,COMPRESSION,2026-09-18,2026-09-18T04:33:36.913275
ZIM,LONG,CONVICTION,97.0,BULL_BOUNCE_CONFIRMED,30.37,28.48,31.89,,52,0.8,FAVORABLE,30.37,LIMIT,1,MINOR,2026-09-18,2026-09-18T04:54:39.427668
MEDS,LONG,CONVICTION,97.0,BULL_BOUNCE_PENDING,4.07,3.87,4.67,4.64,491,2.95,FAVORABLE,4.07,MARKET,13,MINOR,2026-09-18,2026-09-18T05:10:39.701614
FRO,LONG,CONVICTION,96.0,BULL_BOUNCE_PENDING,50.62,48.96,53.67,55.0,60,1.84,FAVORABLE,50.62,MARKET,20,COMPRESSION,2026-09-18,2026-09-18T04:49:41.497436
OSK,LONG,CONVICTION,95.7,BULL_BOUNCE_PENDING,144.89,134.37,164.95,,9,1.91,FAVORABLE,144.89,MARKET,20,VACUUM,2026-09-18,2026-09-18T04:58:43.932548
ROAD,LONG,CONVICTION,95.5,BULL_BOUNCE_PENDING,94.62,89.91,103.67,107.5,21,1.92,FAVORABLE,94.62,MARKET,20,CONVICTION,2026-09-18,2026-09-18T04:43:48.424346
MHK,LONG,CONVICTION,95.4,BULL_BOUNCE_PENDING,128.39,118.96,134.81,,10,0.68,FAVORABLE,128.39,MARKET,20,CONVICTION,2026-09-18,2026-09-18T05:06:20.228244
AMR,LONG,CONVICTION,95.3,BULL_BOUNCE_PENDING,184.45,168.21,193.67,,6,0.57,FAVORABLE,184.45,MARKET,20,CONVICTION,2026-09-18,2026-09-18T04:56:04.528928
SDST,LONG,CONVICTION,95.2,BULL_BOUNCE_PENDING,0.22,0.21,0.23,,9111,1.0,FAVORABLE,0.2195,MARKET,8,MINOR,2026-09-18,2026-09-18T04:28:40.173810
HCC,LONG,CONVICTION,95.1,BULL_BOUNCE_PENDING,92.0,83.88,96.6,,12,0.57,FAVORABLE,92.0,MARKET,20,CONVICTION,2026-09-18,2026-09-18T04:45:25.267809
SEI,LONG,CONVICTION,94.9,BULL_BOUNCE_PENDING,69.92,64.28,78.81,,17,1.58,FAVORABLE,69.92,MARKET,19,CONVICTION,2026-09-18,2026-09-18T04:54:12.966103
STRL,LONG,CONVICTION,94.8,BULL_BOUNCE_CONFIRMED,507.98,483.57,575.38,580.02,4,2.76,FAVORABLE,507.9819,LIMIT,18,CONVICTION,2026-09-18,2026-09-18T04:28:12.375950
VLO,LONG,CONVICTION,94.8,BULL_BOUNCE_PENDING,410.0,388.47,430.5,,4,0.95,FAVORABLE,410.0,MARKET,8,MINOR,2026-09-18,2026-09-18T04:52:52.331792
GFL,LONG,CONVICTION,94.8,BULL_BOUNCE_PENDING,43.24,41.88,49.66,49.51,73,4.72,FAVORABLE,43.24,MARKET,19,COMPRESSION,2026-09-18,2026-09-18T05:04:40.726900
XME,LONG,CONVICTION,94.7,BULL_BOUNCE_PENDING,111.32,102.59,126.49,,11,1.74,FAVORABLE,111.32,MARKET,20,CONVICTION,2026-09-18,2026-09-18T05:01:40.187187
SN,LONG,CONVICTION,94.7,BULL_BOUNCE_PENDING,166.0,151.69,190.07,,6,1.68,FAVORABLE,166.0019,MARKET,20,VACUUM,2026-09-18,2026-09-18T05:10:14.201423
OVV,LONG,CONVICTION,94.6,BULL_BOUNCE_PENDING,63.0,59.06,66.15,,25,0.8,FAVORABLE,63.0,MARKET,18,VACUUM,2026-09-18,2026-09-18T04:46:12.657072
HP,LONG,CONVICTION,94.0,BULL_BOUNCE_PENDING,41.46,39.39,44.63,46.72,48,1.53,FAVORABLE,41.46,MARKET,20,COMPRESSION,2026-09-18,2026-09-18T04:45:26.850809
EWTX,LONG,CONVICTION,93.7,BULL_BOUNCE_PENDING,47.07,45.21,49.42,,53,1.27,FAVORABLE,47.07,MARKET,12,MINOR,2026-09-18,2026-09-18T04:40:56.853564
KVUE,LONG,CONVICTION,93.0,BULL_BOUNCE_PENDING,17.91,17.01,20.51,19.94,111,2.9,FAVORABLE,17.91,MARKET,20,COMPRESSION,2026-09-18,2026-09-18T04:33:45.920293
CAKE,LONG,CONVICTION,93.0,BULL_BOUNCE_PENDING,97.33,88.56,111.87,,11,1.66,FAVORABLE,97.3315,MARKET,20,COMPRESSION,2026-09-18,2026-09-18T04:44:46.359075
ACVA,LONG,CONVICTION,93.0,BULL_BOUNCE_PENDING,10.46,9.94,11.29,,191,1.6,FAVORABLE,10.4601,MARKET,3,VACUUM,2026-09-18,2026-09-18T04:49:00.032700
HLNE,LONG,CONVICTION,92.1,BULL_BOUNCE_PENDING,88.3,82.71,97.02,100.96,17,1.56,FAVORABLE,88.3,MARKET,20,COMPRESSION,2026-09-18,2026-09-18T04:48:05.619480
ARES,LONG,CONVICTION,91.9,BULL_BOUNCE_PENDING,125.32,116.08,139.38,,10,1.52,FAVORABLE,125.32,MARKET,20,CONVICTION,2026-09-18,2026-09-18T04:47:32.003280
WDAY,LONG,CONVICTION,91.7,BULL_BOUNCE_PENDING,199.28,185.46,209.24,,7,0.72,FAVORABLE,199.28,MARKET,15,MINOR,2026-09-18,2026-09-18T04:40:08.579915
UHS,LONG,CONVICTION,91.7,BULL_BOUNCE_PENDING,180.75,173.96,203.23,200.04,14,3.31,FAVORABLE,180.75,MARKET,20,CONVICTION,2026-09-18,2026-09-18T04:51:00.686603
SGML,LONG,CONVICTION,91.5,BULL_BOUNCE_PENDING,9.24,8.78,9.96,10.31,216,1.56,FAVORABLE,9.24,MARKET,20,MINOR,2026-09-18,2026-09-18T04:54:14.014100
VITL,LONG,CONVICTION,91.3,BULL_BOUNCE_PENDING,11.55,10.97,13.28,13.17,173,3.0,FAVORABLE,11.55,MARKET,7,COMPRESSION,2026-09-18,2026-09-18T04:27:55.327471
AVNT,LONG,CONVICTION,91.0,BULL_BOUNCE_PENDING,40.58,37.84,46.61,,36,2.2,FAVORABLE,40.58,MARKET,20,COMPRESSION,2026-09-18,2026-09-18T04:41:51.215257
ATAT,LONG,CONVICTION,91.0,BULL_BOUNCE_PENDING,32.11,30.5,36.13,36.0,62,2.5,FAVORABLE,32.11,MARKET,20,MINOR,2026-09-18,2026-09-18T04:56:13.874996
PODD,LONG,CONVICTION,90.2,BULL_BOUNCE_PENDING,141.55,131.24,162.6,,9,2.04,FAVORABLE,141.55,MARKET,20,COMPRESSION,2026-09-18,2026-09-18T04:55:44.995844
CLMT,LONG,CONVICTION,90.1,BULL_BOUNCE_CONFIRMED,59.4,55.97,62.37,,29,0.87,FAVORABLE,59.4,LIMIT,0,NONE,2026-09-18,2026-09-18T04:44:52.801088
AIR,LONG,CONVICTION,89.4,BULL_BOUNCE_PENDING,108.78,101.49,122.5,127.01,13,1.88,FAVORABLE,111.0,LIMIT,20,CONVICTION,2026-09-18,2026-09-18T04:54:50.989672
TVTX,LONG,CONVICTION,89.4,BULL_BOUNCE_PENDING,64.0,63.16,66.71,66.23,120,3.26,FAVORABLE,64.95,LIMIT,15,MINOR,2026-09-18,2026-09-18T05:08:55.810869
WETO,LONG,CONVICTION,89.2,BULL_BOUNCE_PENDING,2.21,1.84,2.32,,270,0.3,FAVORABLE,1.8604,STOP,6,MINOR,2026-09-18,2026-09-18T04:55:15.603763
PCLA,LONG,CONVICTION,89.2,BULL_BOUNCE_PENDING,6.84,3.99,7.18,,35,0.12,FAVORABLE,6.98,LIMIT,20,MINOR,2026-09-18,2026-09-18T05:09:24.151264
CRWV,SHORT,CONVICTION,89.0,BEAR_REJECTION_PENDING,82.65,89.43,71.68,,14,1.62,FAVORABLE,81.55,LIMIT,17,CONVICTION,2026-09-18,2026-09-18T04:34:13.804881
MRK,LONG,CONVICTION,89.0,BULL_BOUNCE_PENDING,147.8,143.33,156.18,,22,1.87,FAVORABLE,147.25,STOP,20,CONVICTION,2026-09-18,2026-09-18T04:39:50.117343
FA,SHORT,CONVICTION,89.0,BEAR_REJECTION_PENDING,21.17,23.71,20.11,,39,0.42,FAVORABLE,21.06,LIMIT,20,CONVICTION,2026-09-18,2026-09-18T04:51:39.298474
BITB,SHORT,CONVICTION,89.0,BEAR_REJECTION_PENDING,42.39,45.74,36.43,,29,1.78,FAVORABLE,42.38,LIMIT,20,CONVICTION,2026-09-18,2026-09-18T04:56:18.105528
EL,LONG,CONVICTION,89.0,BULL_BOUNCE_PENDING,92.16,83.86,106.75,,12,1.76,FAVORABLE,94.04,LIMIT,20,COMPRESSION,2026-09-18,2026-09-18T04:57:12.898830
FBTC,SHORT,CONVICTION,89.0,BEAR_REJECTION_PENDING,68.02,73.39,57.94,,18,1.88,FAVORABLE,67.91,LIMIT,20,CONVICTION,2026-09-18,2026-09-18T04:57:25.883376
ESAB,SHORT,CONVICTION,89.0,BEAR_REJECTION_PENDING,68.34,71.04,64.92,,36,1.26,FAVORABLE,67.0,LIMIT,20,CONVICTION,2026-09-18,2026-09-18T05:00:40.647028
DYN,SHORT,CONVICTION,89.0,BEAR_REJECTION_PENDING,18.21,24.4,17.3,,16,0.15,FAVORABLE,18.04,LIMIT,20,CONVICTION,2026-09-18,2026-09-18T05:08:45.032009
PSN,SHORT,CONVICTION,88.8,BEAR_REJECTION_PENDING,46.99,60.56,44.64,,7,0.17,FAVORABLE,46.16,LIMIT,20,COMPRESSION,2026-09-18,2026-09-18T04:59:06.098129
EMR,SHORT,CONVICTION,88.7,BEAR_REJECTION_PENDING,148.38,152.95,131.36,,21,3.72,FAVORABLE,147.4,LIMIT,20,CONVICTION,2026-09-18,2026-09-18T04:47:53.909906
NRG,SHORT,CONVICTION,88.6,BEAR_REJECTION_PENDING,110.0,114.03,102.04,,24,1.98,FAVORABLE,108.1379,LIMIT,20,CONVICTION,2026-09-18,2026-09-18T04:54:04.354080
TTMI,SHORT,CONVICTION,88.6,BEAR_REJECTION_PENDING,117.61,127.07,111.73,,10,0.62,FAVORABLE,116.6,LIMIT,20,CONVICTION,2026-09-18,2026-09-18T05:02:52.713972
HUBS,LONG,CONVICTION,88.5,BULL_BOUNCE_PENDING,243.14,223.66,255.3,,5,0.62,FAVORABLE,230.0,STOP,20,CONVICTION,2026-09-18,2026-09-18T04:45:29.192814
TARS,LONG,CONVICTION,88.5,BULL_BOUNCE_PENDING,77.45,73.2,86.31,90.8,23,2.08,FAVORABLE,79.03,LIMIT,20,COMPRESSION,2026-09-18,2026-09-18T04:46:48.193670
WTS,SHORT,CONVICTION,88.4,BEAR_REJECTION_PENDING,351.15,357.8,337.82,315.27,15,2.0,FAVORABLE,350.49,LIMIT,20,CONVICTION,2026-09-18,2026-09-18T04:44:22.250030
FANG,LONG,CONVICTION,88.4,BULL_BOUNCE_PENDING,193.0,187.1,205.87,210.02,16,2.18,FAVORABLE,196.94,LIMIT,20,CONVICTION,2026-09-18,2026-09-18T04:45:06.971180
DSGX,LONG,CONVICTION,88.4,BULL_BOUNCE_PENDING,79.99,75.66,87.0,,23,1.62,FAVORABLE,79.63,STOP,20,COMPRESSION,2026-09-18,2026-09-18T05:09:47.916374
HTFL,LONG,CONVICTION,88.2,BULL_BOUNCE_PENDING,48.9,48.09,50.33,,122,1.76,FAVORABLE,49.9,LIMIT,11,MINOR,2026-09-18,2026-09-18T04:53:43.819043
NESR,LONG,CONVICTION,88.0,BULL_BOUNCE_PENDING,33.02,31.02,36.79,,49,1.88,FAVORABLE,32.75,STOP,20,COMPRESSION,2026-09-18,2026-09-18T04:45:55.837509
VRME,LONG,CONVICTION,88.0,BULL_BOUNCE_CONFIRMED,0.79,0.72,0.83,,1404,0.55,FAVORABLE,0.7896,LIMIT,14,MINOR,2026-09-18,2026-09-18T05:11:21.090809
BE,LONG,CONVICTION,87.6,BULL_BOUNCE_CONFIRMED,287.02,268.67,327.39,,5,2.2,FAVORABLE,287.02,LIMIT,11,VACUUM,2026-09-18,2026-09-18T04:30:18.027875
MIRM,LONG,CONVICTION,87.5,BULL_BOUNCE_PENDING,100.6,95.13,109.47,113.09,18,1.62,FAVORABLE,98.82,STOP,20,COMPRESSION,2026-09-18,2026-09-18T04:43:07.895137
TECL,LONG,CONVICTION,87.5,BULL_BOUNCE_CONFIRMED,210.51,203.45,226.6,226.6,14,2.28,FAVORABLE,210.51,LIMIT,20,CONVICTION,2026-09-18,2026-09-18T05:02:43.621426
SPHR,LONG,CONVICTION,87.1,BULL_BOUNCE_PENDING,151.51,142.74,159.09,,11,0.86,FAVORABLE,140.0,STOP,20,VACUUM,2026-09-18,2026-09-18T04:50:44.882418
JHX,LONG,CONVICTION,87.0,BULL_BOUNCE_PENDING,27.6,25.94,28.98,,60,0.83,FAVORABLE,26.4164,STOP,20,COMPRESSION,2026-09-18,2026-09-18T04:30:55.773096
GTLB,LONG,CONVICTION,87.0,BULL_BOUNCE_PENDING,50.52,46.6,57.56,,25,1.8,FAVORABLE,50.2,STOP,9,CONVICTION,2026-09-18,2026-09-18T04:42:48.506564
ALNY,SHORT,CONVICTION,87.0,BEAR_REJECTION_PENDING,246.99,251.24,214.97,,23,7.53,FAVORABLE,245.51,LIMIT,20,CONVICTION,2026-09-18,2026-09-18T04:59:10.978131
BDX,LONG,CONVICTION,86.9,BULL_BOUNCE_PENDING,184.52,177.91,195.14,205.41,15,1.61,FAVORABLE,181.38,STOP,20,CONVICTION,2026-09-18,2026-09-18T04:49:04.849047
DBX,LONG,CONVICTION,86.7,BULL_BOUNCE_PENDING,38.05,36.29,39.95,,56,1.08,FAVORABLE,37.61,STOP,14,MINOR,2026-09-18,2026-09-18T04:51:33.628463
VRSK,LONG,CONVICTION,86.7,BULL_BOUNCE_PENDING,183.09,173.32,197.86,,10,1.51,FAVORABLE,176.48,STOP,20,CONVICTION,2026-09-18,2026-09-18T04:55:21.459297
ZM,LONG,CONVICTION,86.6,BULL_BOUNCE_PENDING,90.67,87.55,103.5,102.8,32,4.11,FAVORABLE,92.52,LIMIT,20,COMPRESSION,2026-09-18,2026-09-18T05:04:18.420799
IREN,LONG,CONVICTION,86.5,BULL_BOUNCE_CONFIRMED,44.16,41.21,50.69,,33,2.22,FAVORABLE,44.16,LIMIT,18,MINOR,2026-09-18,2026-09-18T04:36:48.598605
RMD,LONG,CONVICTION,86.5,BULL_BOUNCE_PENDING,229.8,221.88,250.08,254.3,12,2.56,FAVORABLE,228.42,STOP,20,CONVICTION,2026-09-18,2026-09-18T04:46:23.973102
ACMR,LONG,CONVICTION,86.2,BULL_BOUNCE_PENDING,68.5,65.34,77.25,79.27,31,2.77,FAVORABLE,69.9,LIMIT,20,CONVICTION,2026-09-18,2026-09-18T04:54:46.288670
AVT,LONG,CONVICTION,86.2,BULL_BOUNCE_PENDING,91.26,87.94,98.52,99.0,30,2.19,FAVORABLE,93.12,LIMIT,20,MINOR,2026-09-18,2026-09-18T05:09:47.048372
ZD,LONG,CONVICTION,86.0,BULL_BOUNCE_PENDING,60.54,58.2,63.57,,42,1.29,FAVORABLE,59.13,STOP,12,MINOR,2026-09-18,2026-09-18T05:10:37.542608
MANH,LONG,CONVICTION,85.9,BULL_BOUNCE_PENDING,212.75,203.07,223.39,,10,1.1,FAVORABLE,210.82,STOP,20,CONVICTION,2026-09-18,2026-09-18T05:10:56.995707
SHOP,LONG,CONVICTION,85.7,BULL_BOUNCE_PENDING,127.69,125.85,141.71,141.71,54,7.6,FAVORABLE,128.91,LIMIT,20,CONVICTION,2026-09-18,2026-09-18T04:39:19.430694
PAYC,LONG,CONVICTION,85.7,BULL_BOUNCE_PENDING,231.18,219.28,257.89,,8,2.24,FAVORABLE,226.06,STOP,20,CONVICTION,2026-09-18,2026-09-18T04:52:11.430125
CAMT,LONG,CONVICTION,85.7,BULL_BOUNCE_PENDING,141.4,137.9,163.12,153.41,28,6.2,FAVORABLE,144.25,LIMIT,20,CONVICTION,2026-09-18,2026-09-18T05:07:20.268732
PEGA,LONG,CONVICTION,85.4,BULL_BOUNCE_PENDING,35.37,33.66,38.09,40.31,58,1.59,FAVORABLE,36.09,LIMIT,20,COMPRESSION,2026-09-18,2026-09-18T04:52:16.407135
RBC,LONG,CONVICTION,85.4,BULL_BOUNCE_CONFIRMED,507.05,484.89,552.55,557.62,4,2.05,FAVORABLE,507.0487,LIMIT,20,CONVICTION,2026-09-18,2026-09-18T05:02:37.285883
FIG,LONG,CONVICTION,85.3,BULL_BOUNCE_PENDING,23.65,21.52,24.83,,46,0.55,FAVORABLE,23.34,STOP,20,COMPRESSION,2026-09-18,2026-09-18T04:39:35.610725
MSFT,LONG,CONVICTION,85.2,BULL_BOUNCE_PENDING,495.39,490.56,530.48,513.63,20,7.27,FAVORABLE,497.79,LIMIT,20,CONVICTION,2026-09-18,2026-09-18T04:34:52.260025
AUGO,LONG,CONVICTION,85.1,BULL_BOUNCE_PENDING,93.58,86.76,98.26,,14,0.69,FAVORABLE,88.83,STOP,13,CONVICTION,2026-09-18,2026-09-18T04:29:25.005474
SECZ,LONG,CONVICTION,85.1,BULL_BOUNCE_PENDING,9.55,8.96,10.68,10.97,169,1.92,FAVORABLE,9.74,LIMIT,7,COMPRESSION,2026-09-18,2026-09-18T05:11:14.355797
CRWD,LONG,CONVICTION,85.0,BULL_BOUNCE_PENDING,240.71,208.8,252.74,,3,0.38,FAVORABLE,245.62,LIMIT,15,MINOR,2026-09-18,2026-09-18T04:30:39.398157
WTI,LONG,CONVICTION,85.0,BULL_BOUNCE_CONFIRMED,3.93,3.62,4.12,,327,0.64,FAVORABLE,3.9269,LIMIT,20,MINOR,2026-09-18,2026-09-18T04:38:33.877937
TXG,LONG,CONVICTION,85.0,BULL_BOUNCE_CONFIRMED,78.63,75.69,82.56,,34,1.34,FAVORABLE,78.63,LIMIT,1,MINOR,2026-09-18,2026-09-18T04:44:10.749932
BX,SHORT,CONVICTION,85.0,BEAR_REJECTION_PENDING,126.81,129.15,112.25,120.98,42,6.22,FAVORABLE,125.54,LIMIT,20,CONVICTION,2026-09-18,2026-09-18T04:47:47.961995
ARKB,SHORT,CONVICTION,85.0,BEAR_REJECTION_PENDING,25.89,27.94,22.4,,48,1.7,FAVORABLE,25.87,LIMIT,20,CONVICTION,2026-09-18,2026-09-18T04:56:10.171993
OMER,LONG,CONVICTION,84.9,BULL_BOUNCE_PENDING,18.59,17.38,19.52,,82,0.77,FAVORABLE,18.3,STOP,20,MINOR,2026-09-18,2026-09-18T04:28:48.727185
TOST,LONG,CONVICTION,84.9,BULL_BOUNCE_PENDING,30.14,28.89,33.64,34.34,80,2.82,FAVORABLE,30.7536,LIMIT,20,COMPRESSION,2026-09-18,2026-09-18T04:38:50.659038
ICLR,LONG,CONVICTION,84.8,BULL_BOUNCE_PENDING,177.68,168.34,186.56,,10,0.95,FAVORABLE,169.68,STOP,20,CONVICTION,2026-09-18,2026-09-18T04:55:03.593759
TEX,SHORT,CONVICTION,84.8,BEAR_REJECTION_PENDING,59.04,61.12,52.38,50.0,47,3.19,FAVORABLE,57.88,LIMIT,20,CONVICTION,2026-09-18,2026-09-18T05:06:42.015709
BBNX,LONG,CONVICTION,84.7,BULL_BOUNCE_PENDING,22.68,20.26,23.81,,41,0.47,FAVORABLE,21.0,STOP,18,CONVICTION,2026-09-18,2026-09-18T04:28:47.050119
WST,LONG,CONVICTION,84.7,BULL_BOUNCE_PENDING,364.65,361.29,390.43,390.43,29,7.67,FAVORABLE,366.6,LIMIT,13,VACUUM,2026-09-18,2026-09-18T05:09:40.857370
OC,SHORT,CONVICTION,84.6,BEAR_REJECTION_PENDING,126.89,132.56,109.99,109.99,17,2.98,FAVORABLE,124.4,LIMIT,20,CONVICTION,2026-09-18,2026-09-18T04:43:34.187249
VOYG,LONG,CONVICTION,84.6,BULL_BOUNCE_PENDING,37.9,35.0,39.8,,34,0.65,FAVORABLE,36.3,STOP,20,COMPRESSION,2026-09-18,2026-09-18T04:44:15.639940
WMG,SHORT,CONVICTION,84.6,BEAR_REJECTION_PENDING,27.89,29.25,24.5,24.12,73,2.5,FAVORABLE,27.88,LIMIT,20,COMPRESSION,2026-09-18,2026-09-18T04:55:18.914297
BITU,LONG,CONVICTION,84.6,BULL_BOUNCE_PENDING,13.15,11.85,15.39,,76,1.72,FAVORABLE,13.42,LIMIT,20,COMPRESSION,2026-09-18,2026-09-18T04:56:26.102593
IGV,LONG,CONVICTION,84.5,BULL_BOUNCE_PENDING,106.62,102.56,113.4,116.14,24,1.67,FAVORABLE,106.0741,STOP,20,COMPRESSION,2026-09-18,2026-09-18T05:04:03.286707
ZETA,LONG,CONVICTION,84.4,BULL_BOUNCE_PENDING,31.53,29.41,33.11,,47,0.74,FAVORABLE,30.471,STOP,17,CONVICTION,2026-09-18,2026-09-18T04:39:16.858691
CGNX,SHORT,CONVICTION,84.4,BEAR_REJECTION_PENDING,61.1,62.8,56.08,55.7,58,2.96,FAVORABLE,60.54,LIMIT,20,CONVICTION,2026-09-18,2026-09-18T04:53:21.327999
ENTG,LONG,CONVICTION,84.4,BULL_BOUNCE_PENDING,132.92,131.01,145.21,153.47,52,6.44,FAVORABLE,134.67,LIMIT,20,COMPRESSION,2026-09-18,2026-09-18T05:08:03.798895
CNR,SHORT,CONVICTION,84.3,BEAR_REJECTION_PENDING,94.85,96.97,88.46,82.68,47,3.01,FAVORABLE,92.99,LIMIT,20,COMPRESSION,2026-09-18,2026-09-18T04:44:56.756095
VIST,LONG,CONVICTION,84.2,BULL_BOUNCE_PENDING,72.52,71.51,74.32,75.38,99,1.79,FAVORABLE,73.2,LIMIT,20,COMPRESSION,2026-09-18,2026-09-18T05:06:44.679242
SYM,LONG,CONVICTION,84.1,BULL_BOUNCE_PENDING,45.6,43.06,47.88,,39,0.9,FAVORABLE,44.89,STOP,14,CONVICTION,2026-09-18,2026-09-18T05:06:38.892628
CEVA,LONG,CONVICTION,84.0,BULL_BOUNCE_CONFIRMED,30.5,27.88,34.89,,38,1.68,FAVORABLE,30.5,LIMIT,14,CONVICTION,2026-09-18,2026-09-18T04:42:08.017348
AGCO,LONG,CONVICTION,84.0,BULL_BOUNCE_PENDING,122.56,114.56,135.44,,12,1.61,FAVORABLE,121.57,STOP,20,CONVICTION,2026-09-18,2026-09-18T04:53:08.348975
ELMT,LONG,CONVICTION,84.0,BULL_BOUNCE_PENDING,23.7,20.72,24.89,,33,0.4,FAVORABLE,22.01,STOP,20,MINOR,2026-09-18,2026-09-18T05:10:05.117405
ATRO,LONG,CONVICTION,83.8,BULL_BOUNCE_PENDING,69.0,63.97,72.45,,19,0.69,FAVORABLE,64.87,STOP,20,CONVICTION,2026-09-18,2026-09-18T04:49:04.805047
FLR,LONG,CONVICTION,83.7,BULL_BOUNCE_PENDING,55.84,52.79,58.63,,32,0.92,FAVORABLE,54.94,STOP,7,COMPRESSION,2026-09-18,2026-09-18T04:42:40.234551
XOP,LONG,CONVICTION,83.7,BULL_BOUNCE,191.0,186.2,198.79,,20,1.62,FAVORABLE,191.0,LIMIT,20,MINOR,2026-09-18,2026-09-18T04:47:08.530707
IQV,LONG,CONVICTION,83.7,BULL_BOUNCE,269.44,262.65,282.91,,14,1.98,FAVORABLE,269.44,LIMIT,20,MINOR,2026-09-18,2026-09-18T04:58:36.501538
BDC,LONG,CONVICTION,83.7,BULL_BOUNCE_PENDING,109.7,102.63,126.81,126.81,14,2.42,FAVORABLE,111.94,LIMIT,20,CONVICTION,2026-09-18,2026-09-18T05:05:45.213101
TJGC,LONG,CONVICTION,83.6,BULL_BOUNCE_PENDING,11.21,10.36,11.77,,117,0.66,FAVORABLE,10.81,STOP,8,MINOR,2026-09-18,2026-09-18T04:28:42.192522
DOCU,LONG,CONVICTION,83.6,BULL_BOUNCE_PENDING,71.43,66.97,75.0,,22,0.8,FAVORABLE,70.3,STOP,20,CONVICTION,2026-09-18,2026-09-18T04:42:27.774448
TKO,LONG,CONVICTION,83.6,BULL_BOUNCE_PENDING,185.51,178.7,208.83,209.84,14,3.42,FAVORABLE,189.3,LIMIT,20,CONVICTION,2026-09-18,2026-09-18T04:58:09.177439
PS,LONG,CONVICTION,83.5,BULL_BOUNCE_PENDING,42.9,40.41,45.05,,40,0.86,FAVORABLE,43.78,LIMIT,1,CONVICTION,2026-09-18,2026-09-18T04:29:18.888085
NOW,LONG,CONVICTION,83.5,BULL_BOUNCE_PENDING,137.59,135.59,153.07,155.5,49,7.74,FAVORABLE,138.5,LIMIT,20,COMPRESSION,2026-09-18,2026-09-18T04:33:31.025264
OXY,LONG,CONVICTION,83.5,BULL_BOUNCE_PENDING,57.39,55.63,62.55,62.22,56,2.94,FAVORABLE,58.56,LIMIT,20,COMPRESSION,2026-09-18,2026-09-18T04:34:00.993322
NICE,LONG,CONVICTION,83.4,BULL_BOUNCE_PENDING,103.15,97.69,108.31,,18,0.94,FAVORABLE,105.26,LIMIT,20,CONVICTION,2026-09-18,2026-09-18T04:43:31.712244
VZ,LONG,CONVICTION,83.3,BULL_BOUNCE_PENDING,50.03,48.54,52.53,,66,1.67,FAVORABLE,48.32,STOP,20,MINOR,2026-09-18,2026-09-18T04:33:24.358713
ETHE,LONG,CONVICTION,83.3,BULL_BOUNCE_CONFIRMED,20.1,19.23,22.27,,115,2.5,FAVORABLE,20.1,LIMIT,20,COMPRESSION,2026-09-18,2026-09-18T04:57:17.507838
VG,LONG,CONVICTION,83.2,BULL_BOUNCE_PENDING,13.99,13.19,16.02,16.39,124,2.53,FAVORABLE,14.28,LIMIT,20,COMPRESSION,2026-09-18,2026-09-18T04:38:51.749040
NVCR,LONG,CONVICTION,83.2,BULL_BOUNCE,16.65,15.82,18.19,,120,1.86,FAVORABLE,16.65,LIMIT,20,MINOR,2026-09-18,2026-09-18T04:58:00.402419
CVX,LONG,CONVICTION,83.1,BULL_BOUNCE_PENDING,207.57,205.11,215.3,215.09,40,3.14,FAVORABLE,209.36,LIMIT,20,MINOR,2026-09-18,2026-09-18T04:34:38.931460
KOLD,SHORT,CONVICTION,83.0,BEAR_REJECTION_PENDING,29.85,45.47,28.36,,6,0.1,FAVORABLE,29.6,LIMIT,20,CONVICTION,2026-09-18,2026-09-18T04:57:46.419401
WSM,SHORT,CONVICTION,83.0,CHANNEL_GAP_BREAKDOWN_SHORT,218.92,221.32,196.0,204.82,41,9.55,FAVORABLE,218.92,LIMIT,20,CONVICTION,2026-09-18,2026-09-18T05:03:08.446999
PRIM,LONG,CONVICTION,82.8,BULL_BOUNCE,76.59,73.48,84.95,86.66,32,2.69,FAVORABLE,76.59,LIMIT,20,CONVICTION,2026-09-18,2026-09-18T04:54:09.150090
LECO,LONG,CONVICTION,82.8,BULL_BOUNCE_PENDING,261.5,252.41,277.89,283.83,11,1.8,FAVORABLE,257.0,STOP,20,CONVICTION,2026-09-18,2026-09-18T05:02:16.950847
ASO,LONG,CONVICTION,82.8,BULL_BOUNCE_PENDING,48.56,44.92,54.75,,27,1.7,FAVORABLE,49.55,LIMIT,20,COMPRESSION,2026-09-18,2026-09-18T05:09:12.553618
LTH,LONG,CONVICTION,82.7,BULL_BOUNCE_PENDING,40.05,38.68,44.35,44.3,72,3.12,FAVORABLE,40.87,LIMIT,20,COMPRESSION,2026-09-18,2026-09-18T04:48:12.900903
PATH,LONG,CONVICTION,82.6,BULL_BOUNCE_PENDING,14.05,12.7,14.75,,73,0.52,FAVORABLE,13.8437,STOP,20,COMPRESSION,2026-09-18,2026-09-18T04:39:03.336601
GWRE,SHORT,CONVICTION,82.6,BEAR_REJECTION_PENDING,145.0,148.2,124.29,126.02,31,6.47,FAVORABLE,144.98,LIMIT,20,CONVICTION,2026-09-18,2026-09-18T04:42:49.195566
LIVN,LONG,CONVICTION,82.6,BULL_BOUNCE_PENDING,76.23,71.14,85.93,,19,1.9,FAVORABLE,77.79,LIMIT,20,MINOR,2026-09-18,2026-09-18T04:50:04.929343
FSLR,SHORT,CONVICTION,82.4,BEAR_REJECTION_PENDING,203.71,207.48,187.0,192.67,26,4.43,FAVORABLE,201.0,LIMIT,20,CONVICTION,2026-09-18,2026-09-18T05:08:49.398337
MELI,LONG,CONVICTION,82.3,BULL_BOUNCE_PENDING,1853.84,1815.72,1945.0,1945.0,2,2.39,FAVORABLE,1831.41,STOP,20,CONVICTION,2026-09-18,2026-09-18T04:48:13.613971
OSIS,LONG,CONVICTION,82.3,BULL_BOUNCE,200.35,193.99,210.27,219.32,15,1.56,FAVORABLE,200.35,LIMIT,20,CONVICTION,2026-09-18,2026-09-18T04:59:37.171168
ALKT,LONG,CONVICTION,82.3,BULL_BOUNCE_PENDING,18.38,16.71,21.03,,59,1.58,FAVORABLE,18.76,LIMIT,20,COMPRESSION,2026-09-18,2026-09-18T05:09:44.392368
NE,LONG,CONVICTION,82.2,BULL_BOUNCE_PENDING,42.85,40.57,49.0,49.25,43,2.7,FAVORABLE,43.72,LIMIT,20,COMPRESSION,2026-09-18,2026-09-18T04:45:54.345508
ETHA,LONG,CONVICTION,82.2,BULL_BOUNCE_CONFIRMED,18.87,17.46,21.34,,71,1.75,FAVORABLE,18.87,LIMIT,20,COMPRESSION,2026-09-18,2026-09-18T04:57:16.988835
ADBT,LONG,CONVICTION,82.0,BULL_BOUNCE_PENDING,0.18,0.14,0.19,,2644,0.24,FAVORABLE,0.156,STOP,1,MINOR,2026-09-18,2026-09-18T04:28:33.673485
PYPL,LONG,CONVICTION,82.0,BULL_BOUNCE_PENDING,51.9,45.96,54.5,,16,0.44,FAVORABLE,52.96,LIMIT,20,CONVICTION,2026-09-18,2026-09-18T04:34:45.440016
ECHO,LONG,CONVICTION,82.0,DOUBLE_REJECTION_LONG,94.3,92.02,98.28,102.15,43,1.75,FAVORABLE,94.3,LIMIT,9,MINOR,2026-09-18,2026-09-18T04:49:27.478256
PGR,LONG,CONVICTION,82.0,BULL_BOUNCE_PENDING,218.2,212.63,237.93,248.01,17,3.54,FAVORABLE,216.29,STOP,20,CONVICTION,2026-09-18,2026-09-18T04:58:02.824420
NTLA,LONG,CONVICTION,81.9,BULL_BOUNCE_PENDING,12.88,11.97,13.52,,109,0.7,FAVORABLE,12.44,STOP,20,CONVICTION,2026-09-18,2026-09-18T04:57:58.418414
TGT,LONG,CONVICTION,81.9,BULL_BOUNCE_PENDING,160.16,154.54,169.97,,17,1.74,FAVORABLE,159.7,STOP,20,COMPRESSION,2026-09-18,2026-09-18T04:58:06.688425
JBL,LONG,CONVICTION,81.9,BULL_BOUNCE,299.5,288.2,320.17,327.74,8,1.83,FAVORABLE,299.5,LIMIT,20,CONVICTION,2026-09-18,2026-09-18T05:09:51.768382
SGMT,LONG,CONVICTION,81.8,BULL_BOUNCE_PENDING,11.15,10.76,11.71,,253,1.41,FAVORABLE,11.3825,LIMIT,0,NONE,2026-09-18,2026-09-18T04:29:27.837791
SANM,LONG,CONVICTION,81.8,BULL_BOUNCE,196.56,186.43,224.7,225.88,9,2.78,FAVORABLE,196.56,LIMIT,20,COMPRESSION,2026-09-18,2026-09-18T05:02:41.197422
WLTH,LONG,CONVICTION,81.8,CHANNEL_GAP_BREAKOUT_LONG,10.1,9.8,10.82,10.82,330,2.38,FAVORABLE,10.1,LIMIT,18,COMPRESSION,2026-09-18,2026-09-18T05:09:38.327356
SMCX,LONG,CONVICTION,81.6,BULL_BOUNCE_PENDING,13.87,11.63,14.56,,44,0.31,FAVORABLE,13.6,STOP,20,MINOR,2026-09-18,2026-09-18T04:43:49.904350
FETH,LONG,CONVICTION,81.4,BULL_BOUNCE_CONFIRMED,24.84,23.04,26.08,,55,0.69,FAVORABLE,24.84,LIMIT,20,COMPRESSION,2026-09-18,2026-09-18T04:57:26.525377
GLW,LONG,CONVICTION,81.3,BULL_BOUNCE_CONFIRMED,152.38,142.78,168.0,,10,1.63,FAVORABLE,152.38,LIMIT,20,VACUUM,2026-09-18,2026-09-18T04:34:31.976455
AXGN,LONG,CONVICTION,81.3,BULL_BOUNCE_PENDING,46.94,43.27,49.29,,27,0.64,FAVORABLE,45.285,STOP,20,CONVICTION,2026-09-18,2026-09-18T04:59:12.373133
NOG,LONG,CONVICTION,81.2,BULL_BOUNCE,24.96,24.06,27.16,28.06,111,2.44,FAVORABLE,24.96,LIMIT,20,COMPRESSION,2026-09-18,2026-09-18T04:45:58.595514
USDE,LONG,CONVICTION,81.0,CHANNEL_GAP_BREAKOUT_LONG,9.11,8.72,9.57,,254,1.16,FAVORABLE,9.11,LIMIT,1,MINOR,2026-09-18,2026-09-18T04:28:02.412157
ABNB,LONG,CONVICTION,81.0,BULL_BOUNCE_PENDING,162.68,151.38,181.63,188.22,8,1.68,FAVORABLE,166.0,LIMIT,20,COMPRESSION,2026-09-18,2026-09-18T04:41:35.932229
FSK,SHORT,CONVICTION,81.0,BEAR_REJECTION_PENDING,11.97,13.2,10.12,,81,1.52,FAVORABLE,11.74,LIMIT,20,COMPRESSION,2026-09-18,2026-09-18T04:42:42.936552
HAE,LONG,CONVICTION,81.0,BULL_BOUNCE_PENDING,109.94,105.8,115.44,,24,1.33,FAVORABLE,107.6,STOP,20,MINOR,2026-09-18,2026-09-18T04:49:45.851776
ANDG,LONG,CONVICTION,81.0,DOUBLE_REJECTION_LONG,54.8,53.35,57.12,,69,1.6,FAVORABLE,54.8,LIMIT,20,MINOR,2026-09-18,2026-09-18T04:58:20.779979
DLTR,LONG,CONVICTION,81.0,BULL_BOUNCE_PENDING,112.11,95.39,117.72,,5,0.34,FAVORABLE,114.4,LIMIT,20,COMPRESSION,2026-09-18,2026-09-18T05:00:19.668935
UCO,LONG,CONVICTION,80.9,BULL_BOUNCE_PENDING,52.91,50.08,55.56,,35,0.94,FAVORABLE,52.21,STOP,20,MINOR,2026-09-18,2026-09-18T04:46:53.541678
UNG,LONG,CONVICTION,80.9,BULL_BOUNCE,10.29,10.0,11.58,11.29,348,4.5,FAVORABLE,10.29,LIMIT,20,COMPRESSION,2026-09-18,2026-09-18T05:01:31.522173
FTI,LONG,CONVICTION,80.7,BULL_BOUNCE_PENDING,71.67,69.27,75.7,80.22,41,1.68,FAVORABLE,73.134,LIMIT,20,COMPRESSION,2026-09-18,2026-09-18T04:45:12.101721
DRI,LONG,CONVICTION,80.7,BULL_BOUNCE_PENDING,204.75,202.56,224.56,213.25,45,9.03,FAVORABLE,206.74,LIMIT,20,VACUUM,2026-09-18,2026-09-18T04:49:25.694579
FNGU,LONG,CONVICTION,80.7,BULL_BOUNCE_PENDING,33.21,31.61,34.87,,62,1.04,FAVORABLE,33.36,STOP,10,COMPRESSION,2026-09-18,2026-09-18T05:07:29.389883
ZCSH,LONG,CONVICTION,80.7,BULL_BOUNCE_PENDING,117.42,114.58,123.3,,35,2.07,FAVORABLE,118.68,LIMIT,1,MINOR,2026-09-18,2026-09-18T05:07:45.693581
OPCH,LONG,CONVICTION,80.7,BULL_BOUNCE_PENDING,24.58,23.62,26.97,27.66,103,2.49,FAVORABLE,24.5,STOP,15,COMPRESSION,2026-09-18,2026-09-18T05:10:59.955241
MUR,LONG,CONVICTION,80.6,BULL_BOUNCE,37.69,36.29,39.97,41.66,71,1.63,FAVORABLE,37.69,LIMIT,20,CONVICTION,2026-09-18,2026-09-18T04:45:50.393969
HACK,LONG,CONVICTION,80.6,CHANNEL_GAP_BREAKOUT_LONG,120.98,114.93,127.03,,16,1.0,FAVORABLE,120.9764,LIMIT,20,MINOR,2026-09-18,2026-09-18T05:04:03.079701
ON,LONG,CONVICTION,80.5,BULL_BOUNCE_PENDING,68.11,63.47,76.0,79.2,21,1.7,FAVORABLE,69.5,LIMIT,20,CONVICTION,2026-09-18,2026-09-18T04:37:59.641870
HAL,LONG,CONVICTION,80.4,BULL_BOUNCE_PENDING,33.14,29.68,38.75,,28,1.62,FAVORABLE,33.8198,LIMIT,20,COMPRESSION,2026-09-18,2026-09-18T04:34:19.343424
AAPL,LONG,CONVICTION,80.2,BULL_BOUNCE_PENDING,333.53,330.61,339.73,,34,2.12,FAVORABLE,336.3642,LIMIT,10,COMPRESSION,2026-09-18,2026-09-18T04:34:56.702033
MRNA,LONG,CONVICTION,80.1,BULL_BOUNCE_PENDING,159.9,156.81,167.89,,32,2.59,FAVORABLE,162.04,LIMIT,1,MINOR,2026-09-18,2026-09-18T04:30:21.581745
UMC,LONG,CONVICTION,80.1,BULL_BOUNCE_PENDING,24.57,23.05,27.09,,65,1.66,FAVORABLE,24.35,STOP,20,CONVICTION,2026-09-18,2026-09-18T05:09:17.678056
ADPT,LONG,CONVICTION,80.1,BULL_BOUNCE_PENDING,28.75,27.53,30.19,,82,1.18,FAVORABLE,28.61,STOP,1,MINOR,2026-09-18,2026-09-18T05:10:21.866508
CVNA,LONG,CONVICTION,80.0,BULL_BOUNCE_PENDING,64.91,62.07,71.91,74.5,35,2.47,FAVORABLE,66.23,LIMIT,20,VACUUM,2026-09-18,2026-09-18T04:38:29.595928
RCEL,LONG,CONVICTION,80.0,BULL_BOUNCE_PENDING,11.26,10.4,11.82,,116,0.66,FAVORABLE,11.16,STOP,6,MINOR,2026-09-18,2026-09-18T04:43:42.458265
IT,LONG,CONVICTION,80.0,BULL_BOUNCE_PENDING,185.0,182.44,212.6,200.87,38,10.76,FAVORABLE,187.91,LIMIT,20,COMPRESSION,2026-09-18,2026-09-18T04:45:32.412350
CHEF,LONG,CONVICTION,80.0,BULL_BOUNCE_CONFIRMED,110.3,105.92,117.42,,22,1.62,FAVORABLE,110.3,LIMIT,15,MINOR,2026-09-18,2026-09-18T05:04:33.957886
INFQ,LONG,CONVICTION,79.9,BULL_BOUNCE_PENDING,14.14,12.86,14.85,,78,0.55,FAVORABLE,13.99,STOP,2,MINOR,2026-09-18,2026-09-18T04:39:02.388597
DAPP,LONG,CONVICTION,79.9,BULL_BOUNCE_PENDING,19.57,18.74,21.37,21.64,119,2.16,FAVORABLE,19.97,LIMIT,17,COMPRESSION,2026-09-18,2026-09-18T05:07:28.489881
BFH,LONG,CONVICTION,79.9,BULL_BOUNCE_PENDING,109.91,104.33,115.41,,17,0.98,FAVORABLE,108.21,STOP,20,VACUUM,2026-09-18,2026-09-18T05:08:03.042364
GBTC,SHORT,CONVICTION,79.8,BEAR_REJECTION_PENDING,60.75,65.92,52.9,,19,1.52,FAVORABLE,60.35,LIMIT,20,CONVICTION,2026-09-18,2026-09-18T04:57:38.769392
BR,LONG,CONVICTION,79.7,BULL_BOUNCE_PENDING,161.02,156.55,169.81,175.91,22,1.97,FAVORABLE,164.31,LIMIT,20,COMPRESSION,2026-09-18,2026-09-18T04:44:40.494065
TMDX,LONG,CONVICTION,79.7,BULL_BOUNCE_PENDING,89.5,84.54,99.0,,20,1.91,FAVORABLE,86.36,STOP,20,VACUUM,2026-09-18,2026-09-18T04:46:53.270679
OR,LONG,CONVICTION,79.7,BULL_BOUNCE_PENDING,37.16,35.14,42.05,42.05,49,2.42,FAVORABLE,37.0,STOP,20,COMPRESSION,2026-09-18,2026-09-18T05:00:25.176939
MUD,LONG,CONVICTION,79.7,BULL_BOUNCE_PENDING,10.39,9.71,11.48,,147,1.6,FAVORABLE,10.0,STOP,20,COMPRESSION,2026-09-18,2026-09-18T05:04:07.459708
WULF,LONG,CONVICTION,79.6,BULL_BOUNCE_CONFIRMED,16.78,15.31,19.03,,68,1.53,FAVORABLE,16.7829,LIMIT,15,COMPRESSION,2026-09-18,2026-09-18T04:38:02.737876
SKHY,LONG,CONVICTION,79.4,BULL_BOUNCE_CONFIRMED,186.6,179.44,198.53,,13,1.67,FAVORABLE,186.6,LIMIT,20,VACUUM,2026-09-18,2026-09-18T04:52:26.475683
BOOT,LONG,CONVICTION,79.4,BULL_BOUNCE_PENDING,120.37,111.04,134.8,,10,1.55,FAVORABLE,122.83,LIMIT,20,VACUUM,2026-09-18,2026-09-18T04:56:35.319662
NN,LONG,CONVICTION,79.3,BULL_BOUNCE_PENDING,14.21,13.69,15.11,15.49,192,1.73,FAVORABLE,14.5,LIMIT,20,COMPRESSION,2026-09-18,2026-09-18T04:41:07.138173
XMTR,LONG,CONVICTION,79.3,BULL_BOUNCE_PENDING,100.03,93.6,105.03,,15,0.78,FAVORABLE,96.32,STOP,20,COMPRESSION,2026-09-18,2026-09-18T04:44:22.289031
TPG,SHORT,CONVICTION,79.3,BEAR_REJECTION_PENDING,47.0,48.63,44.23,43.0,61,1.7,FAVORABLE,46.22,LIMIT,20,COMPRESSION,2026-09-18,2026-09-18T04:52:35.905702
COHR,LONG,CONVICTION,79.2,BULL_BOUNCE_CONFIRMED,303.08,288.48,340.0,340.0,6,2.53,FAVORABLE,303.08,LIMIT,11,CONVICTION,2026-09-18,2026-09-18T04:39:23.718703
VSXY,LONG,CONVICTION,79.2,BULL_BOUNCE_PENDING,75.95,73.3,86.89,,37,4.13,FAVORABLE,77.5,LIMIT,4,COMPRESSION,2026-09-18,2026-09-18T04:44:17.317946
CALM,LONG,CONVICTION,79.2,BULL_BOUNCE_PENDING,75.13,72.13,79.77,82.03,33,1.55,FAVORABLE,74.09,STOP,20,COMPRESSION,2026-09-18,2026-09-18T04:54:40.501670
SGRY,LONG,CONVICTION,79.2,BULL_BOUNCE_PENDING,13.08,12.18,15.05,,110,2.18,FAVORABLE,13.35,LIMIT,20,COMPRESSION,2026-09-18,2026-09-18T05:05:35.997178
W,LONG,CONVICTION,79.2,BULL_BOUNCE_PENDING,107.53,100.54,112.91,,14,0.77,FAVORABLE,102.7,STOP,20,MINOR,2026-09-18,2026-09-18T05:10:17.115499
GTM,SHORT,CONVICTION,79.0,BEAR_REJECTION_PENDING,4.06,6.07,3.86,,49,0.1,FAVORABLE,3.99,LIMIT,20,CONVICTION,2026-09-18,2026-09-18T04:38:47.917032
COCO,LONG,CONVICTION,79.0,BULL_BOUNCE_PENDING,58.21,54.61,61.12,,27,0.81,FAVORABLE,56.63,STOP,20,COMPRESSION,2026-09-18,2026-09-18T04:56:59.517816
BTC,SHORT,CONVICTION,79.0,BEAR_REJECTION_PENDING,34.52,37.27,30.25,,36,1.55,FAVORABLE,34.48,LIMIT,20,CONVICTION,2026-09-18,2026-09-18T04:56:48.699808
PLMR,LONG,CONVICTION,79.0,BULL_BOUNCE_PENDING,142.71,136.76,149.85,,16,1.2,FAVORABLE,137.36,STOP,20,COMPRESSION,2026-09-18,2026-09-18T05:11:04.370250
RARE,LONG,CONVICTION,78.9,BULL_BOUNCE_PENDING,14.59,13.0,15.32,,63,0.46,FAVORABLE,14.7031,STOP,20,COMPRESSION,2026-09-18,2026-09-18T04:40:41.239977
CRDO,LONG,CONVICTION,78.9,BULL_BOUNCE_CONFIRMED,171.0,160.68,188.63,,9,1.71,FAVORABLE,171.0,LIMIT,9,CONVICTION,2026-09-18,2026-09-18T04:54:56.204212
ISRG,SHORT,CONVICTION,78.8,BEAR_REJECTION_PENDING,390.47,409.16,344.0,340.0,5,2.49,FAVORABLE,382.81,LIMIT,18,CONVICTION,2026-09-18,2026-09-18T04:35:10.018059
EIX,SHORT,CONVICTION,78.7,BEAR_REJECTION_PENDING,55.71,70.52,52.92,,6,0.19,FAVORABLE,55.634,LIMIT,20,CONVICTION,2026-09-18,2026-09-18T04:47:53.727372
WK,SHORT,CONVICTION,78.7,BEAR_REJECTION_PENDING,74.66,76.93,68.57,63.0,44,2.69,FAVORABLE,73.2,LIMIT,20,CONVICTION,2026-09-18,2026-09-18T04:48:54.824246
BSY,LONG,CONVICTION,78.6,BULL_BOUNCE_PENDING,31.47,29.97,35.24,36.02,66,2.51,FAVORABLE,31.41,STOP,20,COMPRESSION,2026-09-18,2026-09-18T04:47:47.337998
CART,SHORT,CONVICTION,78.6,BEAR_REJECTION_PENDING,46.46,49.48,41.55,,33,1.63,FAVORABLE,45.5466,LIMIT,20,COMPRESSION,2026-09-18,2026-09-18T05:00:15.158925
DAR,LONG,CONVICTION,78.5,BULL_BOUNCE_PENDING,65.28,64.09,67.56,69.25,83,1.91,FAVORABLE,66.5,LIMIT,16,MINOR,2026-09-18,2026-09-18T05:04:36.683893
ANET,LONG,CONVICTION,78.4,BULL_BOUNCE_CONFIRMED,202.78,192.03,212.92,,9,0.94,FAVORABLE,202.78,LIMIT,15,MINOR,2026-09-18,2026-09-18T04:39:05.525132
FIGR,LONG,CONVICTION,78.4,BULL_BOUNCE_PENDING,33.04,31.01,38.4,37.98,49,2.64,FAVORABLE,33.71,LIMIT,20,CONVICTION,2026-09-18,2026-09-18T04:49:38.672759
SCNI,LONG,CONVICTION,78.4,BULL_BOUNCE_PENDING,1.56,1.39,1.82,,598,1.57,FAVORABLE,1.59,LIMIT,6,MINOR,2026-09-18,2026-09-18T05:10:04.195405
ALC,LONG,CONVICTION,78.3,BULL_BOUNCE_PENDING,64.28,63.32,69.64,71.89,103,5.56,FAVORABLE,64.96,LIMIT,20,COMPRESSION,2026-09-18,2026-09-18T04:39:52.829349
BRKR,LONG,CONVICTION,78.3,BULL_BOUNCE_PENDING,61.79,60.37,66.9,69.46,70,3.59,FAVORABLE,63.05,LIMIT,6,COMPRESSION,2026-09-18,2026-09-18T04:44:41.574067
ODD,LONG,CONVICTION,78.3,BULL_BOUNCE_PENDING,19.53,18.05,20.51,,67,0.66,FAVORABLE,19.0514,STOP,0,NONE,2026-09-18,2026-09-18T05:09:08.436331
CAI,LONG,CONVICTION,78.2,BULL_BOUNCE_PENDING,31.39,29.19,34.71,,45,1.51,FAVORABLE,31.0,STOP,2,COMPRESSION,2026-09-18,2026-09-18T04:42:00.322800
KKR,LONG,CONVICTION,78.2,BULL_BOUNCE_PENDING,95.86,93.23,100.48,106.55,38,1.76,FAVORABLE,97.8151,LIMIT,20,COMPRESSION,2026-09-18,2026-09-18T04:48:08.260016
OKLO,SHORT,CONVICTION,78.1,BEAR_REJECTION_PENDING,40.91,42.78,36.98,34.55,53,2.1,FAVORABLE,40.11,LIMIT,20,CONVICTION,2026-09-18,2026-09-18T04:38:14.795899
LUNR,LONG,CONVICTION,78.1,BULL_BOUNCE_PENDING,15.2,14.0,17.06,,83,1.55,FAVORABLE,14.9307,STOP,13,COMPRESSION,2026-09-18,2026-09-18T04:38:22.573915
SNDQ,LONG,CONVICTION,78.1,BULL_BOUNCE_PENDING,14.23,11.62,14.94,,38,0.27,FAVORABLE,12.71,STOP,20,COMPRESSION,2026-09-18,2026-09-18T04:43:50.884352
CRNX,LONG,CONVICTION,78.0,BULL_BOUNCE_PENDING,85.1,84.9,89.36,,499,21.23,FAVORABLE,84.97,STOP,0,NONE,2026-09-18,2026-09-18T04:34:21.080425
RIG,LONG,CONVICTION,78.0,BULL_BOUNCE_PENDING,5.56,5.23,6.29,6.48,301,2.21,FAVORABLE,5.67,LIMIT,20,COMPRESSION,2026-09-18,2026-09-18T04:37:42.693304
TER,LONG,CONVICTION,78.0,BULL_BOUNCE_CONFIRMED,358.36,339.44,408.46,405.19,5,2.65,FAVORABLE,358.36,LIMIT,20,MINOR,2026-09-18,2026-09-18T04:55:12.507762
CORD,LONG,CONVICTION,78.0,BULL_BOUNCE_PENDING,3.68,3.08,3.86,,167,0.31,FAVORABLE,3.41,STOP,20,COMPRESSION,2026-09-18,2026-09-18T04:55:29.654303
AEMD,LONG,CONVICTION,78.0,BULL_BOUNCE_PENDING,9.51,8.27,9.99,,80,0.38,FAVORABLE,6.11,STOP,13,MINOR,2026-09-18,2026-09-18T05:04:24.809339
DIOD,LONG,CONVICTION,77.9,BULL_BOUNCE_PENDING,90.22,88.93,103.01,94.11,77,9.93,FAVORABLE,91.6,LIMIT,20,COMPRESSION,2026-09-18,2026-09-18T04:42:25.981445
VPG,SHORT,CONVICTION,77.9,BEAR_REJECTION_PENDING,62.22,64.06,53.43,55.61,54,4.78,FAVORABLE,61.0,LIMIT,20,CONVICTION,2026-09-18,2026-09-18T04:59:53.669731
NKTR,LONG,CONVICTION,77.9,BULL_BOUNCE_PENDING,67.66,66.77,72.01,72.5,112,4.88,FAVORABLE,68.5,LIMIT,20,VACUUM,2026-09-18,2026-09-18T05:07:36.386787
GDDY,SHORT,CONVICTION,77.8,BEAR_REJECTION_PENDING,100.42,102.89,94.83,84.1,40,2.26,FAVORABLE,98.45,LIMIT,20,COMPRESSION,2026-09-18,2026-09-18T04:49:42.171503
RAL,LONG,CONVICTION,77.7,BULL_BOUNCE_PENDING,66.24,65.25,71.24,71.24,101,5.06,FAVORABLE,67.35,LIMIT,20,COMPRESSION,2026-09-18,2026-09-18T05:09:15.869967
CRCL,SHORT,CONVICTION,77.6,BEAR_REJECTION_PENDING,89.05,95.43,75.0,,15,2.2,FAVORABLE,87.3,LIMIT,20,VACUUM,2026-09-18,2026-09-18T04:29:43.043583
VELO,LONG,CONVICTION,77.4,BULL_BOUNCE_CONFIRMED,11.1,10.06,12.68,,96,1.52,FAVORABLE,11.1,LIMIT,20,COMPRESSION,2026-09-18,2026-09-18T04:40:34.417964
AKAM,LONG,CONVICTION,77.4,BULL_BOUNCE_PENDING,106.82,105.31,112.19,121.49,66,3.56,FAVORABLE,109.0,LIMIT,20,COMPRESSION,2026-09-18,2026-09-18T04:44:32.650055
SPSC,SHORT,CONVICTION,77.4,BEAR_REJECTION_PENDING,81.95,83.45,71.7,72.34,66,6.84,FAVORABLE,80.34,LIMIT,20,CONVICTION,2026-09-18,2026-09-18T04:50:48.994962
NAT,LONG,CONVICTION,77.4,BULL_BOUNCE_PENDING,8.28,7.87,8.69,,241,1.0,FAVORABLE,8.15,STOP,6,MINOR,2026-09-18,2026-09-18T05:04:09.141712
IRD,LONG,CONVICTION,77.3,BULL_BOUNCE_PENDING,5.17,4.9,5.8,5.94,364,2.28,FAVORABLE,5.28,LIMIT,20,COMPRESSION,2026-09-18,2026-09-18T05:09:05.682194
NBIS,LONG,CONVICTION,77.2,BULL_BOUNCE_CONFIRMED,219.61,192.26,230.59,,3,0.4,FAVORABLE,219.61,LIMIT,20,CONVICTION,2026-09-18,2026-09-18T04:38:44.052025
GKOS,LONG,CONVICTION,77.2,BULL_BOUNCE_PENDING,158.17,153.56,175.55,176.5,21,3.77,FAVORABLE,161.4,LIMIT,20,CONVICTION,2026-09-18,2026-09-18T04:42:46.935562
SCCO,LONG,CONVICTION,77.2,BULL_BOUNCE_PENDING,198.13,191.34,215.4,214.02,14,2.54,FAVORABLE,197.55,STOP,20,VACUUM,2026-09-18,2026-09-18T04:58:57.751122
LH,LONG,CONVICTION,77.2,BULL_BOUNCE_PENDING,316.76,314.3,332.7,328.0,40,6.48,FAVORABLE,323.0,LIMIT,20,CONVICTION,2026-09-18,2026-09-18T05:10:30.187593
FEIM,LONG,CONVICTION,77.0,BULL_BOUNCE_PENDING,82.14,62.79,86.25,,5,0.21,FAVORABLE,83.82,LIMIT,20,MINOR,2026-09-18,2026-09-18T04:30:02.063190
HUBG,SHORT,CONVICTION,77.0,BEAR_REJECTION_PENDING,33.38,36.22,31.71,,35,0.59,FAVORABLE,32.79,LIMIT,20,CONVICTION,2026-09-18,2026-09-18T04:49:50.119586
POWL,LONG,CONVICTION,76.9,BULL_BOUNCE_PENDING,174.74,172.14,194.47,192.43,38,7.56,FAVORABLE,178.31,LIMIT,20,CONVICTION,2026-09-18,2026-09-18T04:54:09.023090
CGON,LONG,CONVICTION,76.9,BULL_BOUNCE_PENDING,76.58,72.17,80.41,,22,0.87,FAVORABLE,74.55,STOP,11,VACUUM,2026-09-18,2026-09-18T04:54:52.528210
META,LONG,CONVICTION,76.8,BULL_BOUNCE_PENDING,683.46,677.17,727.5,,15,6.99,FAVORABLE,685.557,LIMIT,4,CONVICTION,2026-09-18,2026-09-18T04:39:21.955700
INBX,SHORT,CONVICTION,76.8,BEAR_REJECTION_PENDING,109.44,112.05,103.73,92.74,38,2.19,FAVORABLE,107.6735,LIMIT,20,COMPRESSION,2026-09-18,2026-09-18T05:01:04.036595
FFIV,LONG,CONVICTION,76.8,BULL_BOUNCE_PENDING,433.77,429.55,455.46,,23,5.13,FAVORABLE,434.62,LIMIT,6,MINOR,2026-09-18,2026-09-18T05:02:03.981292
CRCA,SHORT,CONVICTION,76.8,BEAR_REJECTION_PENDING,20.9,22.2,18.44,17.9,76,1.89,FAVORABLE,20.6,LIMIT,19,COMPRESSION,2026-09-18,2026-09-18T05:06:59.593056
QNST,LONG,CONVICTION,76.7,BULL_BOUNCE_PENDING,17.14,15.39,19.94,,57,1.6,FAVORABLE,17.49,LIMIT,20,COMPRESSION,2026-09-18,2026-09-18T04:43:42.356269
IBP,SHORT,CONVICTION,76.7,BEAR_REJECTION_PENDING,200.0,205.3,179.5,177.3,18,3.87,FAVORABLE,199.05,LIMIT,20,CONVICTION,2026-09-18,2026-09-18T04:48:07.016014
UCTT,LONG,CONVICTION,76.7,BULL_BOUNCE_PENDING,68.14,66.77,74.64,73.11,73,4.75,FAVORABLE,69.53,LIMIT,20,CONVICTION,2026-09-18,2026-09-18T04:59:46.052185
HPE,LONG,CONVICTION,76.6,BULL_BOUNCE_PENDING,60.52,55.73,63.54,,20,0.63,FAVORABLE,61.75,LIMIT,8,MINOR,2026-09-18,2026-09-18T04:30:34.318558
ASH,LONG,CONVICTION,76.6,BULL_BOUNCE_PENDING,68.4,66.15,72.87,78.22,44,1.98,FAVORABLE,69.8,LIMIT,20,COMPRESSION,2026-09-18,2026-09-18T04:41:46.801248
CLBK,LONG,CONVICTION,76.6,BULL_BOUNCE_PENDING,11.66,11.32,12.24,,293,1.71,FAVORABLE,11.27,STOP,7,COMPRESSION,2026-09-18,2026-09-18T04:49:16.227251
RDW,LONG,CONVICTION,76.5,BULL_BOUNCE_PENDING,11.74,10.79,13.17,,105,1.51,FAVORABLE,11.66,STOP,18,COMPRESSION,2026-09-18,2026-09-18T04:33:09.925689
ELV,LONG,CONVICTION,76.4,BULL_BOUNCE_PENDING,405.97,401.51,444.35,422.06,22,8.6,FAVORABLE,414.26,LIMIT,20,CONVICTION,2026-09-18,2026-09-18T04:49:30.841665
LBRT,LONG,CONVICTION,76.4,BULL_BOUNCE_PENDING,18.71,17.34,20.85,21.85,72,1.56,FAVORABLE,19.09,LIMIT,20,COMPRESSION,2026-09-18,2026-09-18T04:53:51.035055
PAA,LONG,CONVICTION,76.3,BULL_BOUNCE_PENDING,24.84,23.33,26.09,,66,0.82,FAVORABLE,25.35,LIMIT,20,MINOR,2026-09-18,2026-09-18T05:02:32.170872
DOCN,LONG,CONVICTION,76.2,BULL_BOUNCE_PENDING,130.33,123.14,142.18,,13,1.65,FAVORABLE,132.99,LIMIT,8,MINOR,2026-09-18,2026-09-18T04:27:55.324471
AGRO,LONG,CONVICTION,76.2,BULL_BOUNCE_PENDING,12.13,11.37,13.42,,131,1.69,FAVORABLE,11.95,STOP,20,COMPRESSION,2026-09-18,2026-09-18T04:28:14.613691
NEBX,SHORT,CONVICTION,76.1,BEAR_REJECTION_PENDING,24.4,29.01,23.18,,21,0.26,FAVORABLE,23.9197,LIMIT,5,CONVICTION,2026-09-18,2026-09-18T04:48:16.822710
DFTX,LONG,CONVICTION,76.1,BULL_BOUNCE_PENDING,38.27,37.62,43.18,40.25,155,7.65,FAVORABLE,38.7984,LIMIT,20,MINOR,2026-09-18,2026-09-18T04:54:56.938213
SSM,LONG,CONVICTION,76.0,BULL_BOUNCE_PENDING,2.9,2.65,3.4,,395,1.97,FAVORABLE,2.96,LIMIT,7,MINOR,2026-09-18,2026-09-18T04:28:19.180628
TWST,LONG,CONVICTION,76.0,BULL_BOUNCE_PENDING,156.61,153.62,161.22,,33,1.54,FAVORABLE,157.27,LIMIT,5,MINOR,2026-09-18,2026-09-18T04:44:07.725382
SMMT,LONG,CONVICTION,76.0,BULL_BOUNCE,17.73,16.73,17.98,,100,0.25,FAVORABLE,17.73,LIMIT,20,MINOR,2026-09-18,2026-09-18T04:46:29.034105
CHTR,SHORT,CONVICTION,76.0,BEAR_REJECTION_PENDING,135.72,137.9,125.49,124.03,45,4.69,FAVORABLE,133.5,LIMIT,20,COMPRESSION,2026-09-18,2026-09-18T04:47:48.666534
JBHT,SHORT,CONVICTION,76.0,CHANNEL_GAP_BREAKDOWN_SHORT,236.84,239.79,205.28,207.27,33,10.69,FAVORABLE,236.8408,LIMIT,20,CONVICTION,2026-09-18,2026-09-18T04:49:55.937860
PCTY,LONG,CONVICTION,76.0,BULL_BOUNCE_PENDING,148.85,141.85,162.35,165.12,14,1.93,FAVORABLE,146.15,STOP,20,CONVICTION,2026-09-18,2026-09-18T04:50:16.046364
RBA,LONG,CONVICTION,76.0,BULL_BOUNCE,84.08,81.87,94.3,93.8,45,4.62,FAVORABLE,84.08,LIMIT,20,COMPRESSION,2026-09-18,2026-09-18T04:55:45.293845
MIR,LONG,CONVICTION,75.9,BULL_BOUNCE_PENDING,16.33,15.23,17.99,,90,1.51,FAVORABLE,16.49,STOP,8,COMPRESSION,2026-09-18,2026-09-18T05:05:06.292024
UVIX,SHORT,CONVICTION,75.9,BEAR_REJECTION_PENDING,37.39,39.25,35.52,,53,1.01,FAVORABLE,37.28,LIMIT,20,CONVICTION,2026-09-18,2026-09-18T05:08:56.173405
MRCY,LONG,CONVICTION,75.9,BULL_BOUNCE_PENDING,83.79,80.38,90.86,97.11,29,2.07,FAVORABLE,85.5,LIMIT,20,COMPRESSION,2026-09-18,2026-09-18T05:10:09.690416
SOC,LONG,CONVICTION,75.8,BULL_BOUNCE_PENDING,4.24,3.93,4.86,,323,2.01,FAVORABLE,4.325,LIMIT,20,COMPRESSION,2026-09-18,2026-09-18T04:32:03.349305
AVL,SHORT,CONVICTION,75.8,BEAR_REJECTION_PENDING,36.09,38.53,30.73,,40,2.2,FAVORABLE,35.91,LIMIT,20,CONVICTION,2026-09-18,2026-09-18T05:07:16.649192
AXTI,LONG,CONVICTION,75.7,BULL_BOUNCE_CONFIRMED,69.6,63.98,73.08,,17,0.62,FAVORABLE,69.6,LIMIT,8,MINOR,2026-09-18,2026-09-18T04:34:00.573326
ESTC,LONG,CONVICTION,75.7,BULL_BOUNCE_PENDING,87.23,83.5,95.76,98.0,26,2.28,FAVORABLE,89.01,LIMIT,20,CONVICTION,2026-09-18,2026-09-18T04:42:36.202540
FICO,LONG,CONVICTION,75.7,BULL_BOUNCE,964.1,911.08,1101.66,1101.66,1,2.59,FAVORABLE,964.1,LIMIT,20,VACUUM,2026-09-18,2026-09-18T04:51:44.321483
VRNS,LONG,CONVICTION,75.7,BULL_BOUNCE_PENDING,46.85,44.84,49.2,,49,1.16,FAVORABLE,47.81,LIMIT,3,MINOR,2026-09-18,2026-09-18T04:52:52.375795
SMTC,LONG,CONVICTION,75.7,BULL_BOUNCE_PENDING,180.12,176.65,189.13,,28,2.59,FAVORABLE,181.79,LIMIT,0,NONE,2026-09-18,2026-09-18T04:54:21.661115
MMED,LONG,CONVICTION,75.7,BULL_BOUNCE_PENDING,21.75,19.97,22.83,,56,0.61,FAVORABLE,22.19,LIMIT,7,MINOR,2026-09-18,2026-09-18T05:05:28.986617
LIFE,LONG,CONVICTION,75.6,BULL_BOUNCE_PENDING,39.79,35.75,41.78,,24,0.49,FAVORABLE,36.45,STOP,20,COMPRESSION,2026-09-18,2026-09-18T04:28:46.131117
AUR,LONG,CONVICTION,75.6,BULL_BOUNCE_PENDING,6.62,6.15,6.95,,211,0.7,FAVORABLE,6.49,STOP,6,COMPRESSION,2026-09-18,2026-09-18T04:37:30.238752
SPAX,LONG,CONVICTION,75.5,BULL_BOUNCE_CONFIRMED,11.03,10.26,12.25,,129,1.58,FAVORABLE,11.03,LIMIT,17,COMPRESSION,2026-09-18,2026-09-18T04:43:56.010366
WAY,LONG,CONVICTION,75.5,BULL_BOUNCE_PENDING,27.03,25.34,29.98,,59,1.74,FAVORABLE,26.3,STOP,20,COMPRESSION,2026-09-18,2026-09-18T05:04:54.084922
FLEX,SHORT,CONVICTION,75.5,BEAR_REJECTION_PENDING,111.02,113.14,96.45,105.52,47,6.88,FAVORABLE,111.0,LIMIT,20,VACUUM,2026-09-18,2026-09-18T05:08:49.014804
ATEC,LONG,CONVICTION,75.5,BULL_BOUNCE_PENDING,10.23,9.35,11.61,,113,1.56,FAVORABLE,10.44,LIMIT,20,MINOR,2026-09-18,2026-09-18T05:09:44.917367
ORCL,SHORT,CONVICTION,75.4,BEAR_REJECTION_PENDING,154.47,175.95,146.75,,4,0.36,FAVORABLE,151.44,LIMIT,20,CONVICTION,2026-09-18,2026-09-18T04:32:53.555657
BAND,LONG,CONVICTION,75.4,BULL_BOUNCE_CONFIRMED,50.51,48.36,57.54,56.59,46,3.27,FAVORABLE,50.51,LIMIT,20,COMPRESSION,2026-09-18,2026-09-18T04:41:11.090180
SPCH,LONG,CONVICTION,75.4,BULL_BOUNCE_CONFIRMED,10.87,10.11,12.02,,131,1.51,FAVORABLE,10.87,LIMIT,11,COMPRESSION,2026-09-18,2026-09-18T04:43:56.661361
DGX,LONG,CONVICTION,75.4,BULL_BOUNCE_PENDING,242.5,236.49,254.63,,16,2.02,FAVORABLE,247.45,LIMIT,15,MINOR,2026-09-18,2026-09-18T05:10:22.072509
SOXS,LONG,CONVICTION,75.3,BULL_BOUNCE_PENDING,42.64,38.46,49.77,,23,1.7,FAVORABLE,43.51,LIMIT,20,COMPRESSION,2026-09-18,2026-09-18T04:46:37.832120
FIX,LONG,CONVICTION,75.3,BULL_BOUNCE,1574.94,1506.36,1749.5,1750.87,1,2.55,FAVORABLE,1574.9371,LIMIT,20,VACUUM,2026-09-18,2026-09-18T04:55:01.959737
MLI,LONG,CONVICTION,75.3,BULL_BOUNCE_PENDING,58.8,57.22,65.71,68.06,63,4.38,FAVORABLE,60.0,LIMIT,20,COMPRESSION,2026-09-18,2026-09-18T05:02:21.995855
GIS,LONG,CONVICTION,75.2,BULL_BOUNCE_PENDING,35.98,34.18,39.0,42.06,55,1.68,FAVORABLE,36.7128,LIMIT,20,COMPRESSION,2026-09-18,2026-09-18T04:32:48.246108
WYFI,LONG,CONVICTION,75.2,BULL_BOUNCE_CONFIRMED,18.18,17.17,20.21,20.66,99,2.01,FAVORABLE,18.18,LIMIT,20,MINOR,2026-09-18,2026-09-18T04:38:29.511927
DTM,LONG,CONVICTION,75.2,BULL_BOUNCE_PENDING,123.13,121.7,144.09,144.09,69,14.67,FAVORABLE,125.64,LIMIT,20,CONVICTION,2026-09-18,2026-09-18T05:02:02.317291
TRGP,LONG,CONVICTION,75.2,BULL_BOUNCE_PENDING,279.37,274.41,289.6,292.23,20,2.06,FAVORABLE,285.07,LIMIT,20,MINOR,2026-09-18,2026-09-18T05:02:50.807969
TTWO,LONG,CONVICTION,75.1,BULL_BOUNCE_PENDING,206.38,204.07,233.56,233.56,43,11.75,FAVORABLE,209.5,LIMIT,20,CONVICTION,2026-09-18,2026-09-18T04:44:05.809378
LITE,LONG,CONVICTION,75.0,BULL_BOUNCE_CONFIRMED,918.8,838.49,964.74,,1,0.57,FAVORABLE,918.8,LIMIT,20,CONVICTION,2026-09-18,2026-09-18T04:30:35.213088
FFAI,LONG,CONVICTION,75.0,BULL_BOUNCE_CONFIRMED,1.8,1.69,2.05,,921,2.3,FAVORABLE,1.8,LIMIT,7,MINOR,2026-09-18,2026-09-18T04:31:45.367613
PCG,SHORT,CONVICTION,75.0,BEAR_REJECTION_PENDING,13.84,16.68,13.15,,35,0.24,FAVORABLE,13.57,LIMIT,20,CONVICTION,2026-09-18,2026-09-18T04:33:01.183669
HUMA,LONG,CONVICTION,75.0,BULL_BOUNCE,0.58,0.54,0.65,0.66,2890,2.14,FAVORABLE,0.576,LIMIT,20,COMPRESSION,2026-09-18,2026-09-18T04:38:56.885588
GOSS,LONG,CONVICTION,75.0,BULL_BOUNCE_PENDING,12.46,10.91,13.08,,64,0.4,FAVORABLE,11.98,STOP,7,MINOR,2026-09-18,2026-09-18T04:40:03.761370
KGS,SHORT,CONVICTION,75.0,BEAR_REJECTION_PENDING,59.45,63.63,51.98,,23,1.79,FAVORABLE,58.28,LIMIT,20,CONVICTION,2026-09-18,2026-09-18T04:42:59.694115
SWKS,LONG,CONVICTION,75.0,BULL_BOUNCE_PENDING,89.8,84.99,97.59,,20,1.62,FAVORABLE,91.63,LIMIT,2,COMPRESSION,2026-09-18,2026-09-18T04:44:02.758373
RPD,LONG,CONVICTION,75.0,BULL_BOUNCE_PENDING,12.88,11.55,13.52,,75,0.48,FAVORABLE,12.27,STOP,20,COMPRESSION,2026-09-18,2026-09-18T04:48:29.521442
CORT,LONG,CONVICTION,75.0,BULL_BOUNCE_PENDING,113.09,111.66,119.25,122.57,70,4.32,FAVORABLE,114.86,LIMIT,20,MINOR,2026-09-18,2026-09-18T04:53:23.238002
MPWR,LONG,CONVICTION,75.0,BULL_BOUNCE_CONFIRMED,1180.99,1139.07,1298.38,1306.03,2,2.8,FAVORABLE,1180.99,LIMIT,20,CONVICTION,2026-09-18,2026-09-18T04:53:58.147081
EEFT,LONG,CONVICTION,75.0,BULL_BOUNCE_PENDING,66.64,62.5,77.05,,24,2.51,FAVORABLE,68.0,LIMIT,20,COMPRESSION,2026-09-18,2026-09-18T05:05:58.035535
SHOE,LONG,CONVICTION,75.0,BULL_BOUNCE_PENDING,13.42,12.22,14.09,,83,0.56,FAVORABLE,13.24,STOP,20,COMPRESSION,2026-09-18,2026-09-18T05:09:34.049284
CORZ,LONG,CONVICTION,74.9,BULL_BOUNCE,17.4,16.36,19.5,19.88,95,2.01,FAVORABLE,17.4,LIMIT,20,COMPRESSION,2026-09-18,2026-09-18T04:39:47.900338
AKAN,LONG,CONVICTION,74.8,BULL_BOUNCE_PENDING,3.25,2.71,3.41,,183,0.3,FAVORABLE,2.9102,STOP,20,COMPRESSION,2026-09-18,2026-09-18T04:28:21.817293
PCOR,LONG,CONVICTION,74.8,BULL_BOUNCE_PENDING,50.71,46.08,59.5,,21,1.9,FAVORABLE,51.75,LIMIT,20,COMPRESSION,2026-09-18,2026-09-18T04:52:15.219134
ETON,LONG,CONVICTION,74.8,BULL_BOUNCE_PENDING,56.7,55.88,62.87,64.55,121,7.53,FAVORABLE,57.1,LIMIT,20,MINOR,2026-09-18,2026-09-18T04:53:37.625029
MGA,SHORT,CONVICTION,74.8,BEAR_REJECTION_PENDING,64.83,66.46,58.57,56.63,61,3.84,FAVORABLE,64.82,LIMIT,20,CONVICTION,2026-09-18,2026-09-18T05:06:16.032159
NEM,LONG,CONVICTION,74.7,BULL_BOUNCE_PENDING,123.84,121.69,128.58,132.04,46,2.2,FAVORABLE,126.37,LIMIT,20,COMPRESSION,2026-09-18,2026-09-18T04:34:28.648439
CPRT,LONG,CONVICTION,74.7,BULL_BOUNCE_PENDING,29.04,27.79,32.36,33.17,80,2.66,FAVORABLE,29.63,LIMIT,20,MINOR,2026-09-18,2026-09-18T04:34:45.984014
DOO,LONG,CONVICTION,74.7,BULL_BOUNCE_PENDING,57.66,55.04,62.82,66.95,38,1.96,FAVORABLE,58.84,LIMIT,20,COMPRESSION,2026-09-18,2026-09-18T04:55:31.747304
ALSN,SHORT,CONVICTION,74.7,BEAR_REJECTION_PENDING,122.16,127.57,109.87,106.58,18,2.27,FAVORABLE,119.76,LIMIT,20,CONVICTION,2026-09-18,2026-09-18T04:58:19.729978
RRX,LONG,CONVICTION,74.7,BULL_BOUNCE_PENDING,146.69,144.87,156.05,156.05,54,5.15,FAVORABLE,149.0,LIMIT,20,CONVICTION,2026-09-18,2026-09-18T05:04:22.085335
TMUS,SHORT,CONVICTION,74.7,BEAR_REJECTION_PENDING,169.83,191.89,161.34,,4,0.38,FAVORABLE,166.5,LIMIT,20,CONVICTION,2026-09-18,2026-09-18T05:11:25.829819
ECG,LONG,CONVICTION,74.6,BULL_BOUNCE_CONFIRMED,115.0,104.47,120.75,,9,0.55,FAVORABLE,115.0,LIMIT,20,COMPRESSION,2026-09-18,2026-09-18T04:53:35.672029
AEHL,LONG,CONVICTION,74.5,BULL_BOUNCE_PENDING,16.81,12.8,17.65,,24,0.21,FAVORABLE,11.9242,STOP,15,MINOR,2026-09-18,2026-09-18T05:04:54.619923
WHD,LONG,CONVICTION,74.4,BULL_BOUNCE_PENDING,65.91,62.56,71.28,,29,1.6,FAVORABLE,67.26,LIMIT,20,COMPRESSION,2026-09-18,2026-09-18T04:47:00.482692
GENI,LONG,CONVICTION,74.4,BULL_BOUNCE_PENDING,6.36,6.07,6.99,7.35,343,2.17,FAVORABLE,6.49,LIMIT,20,COMPRESSION,2026-09-18,2026-09-18T04:53:42.312037
BBIO,LONG,CONVICTION,74.4,BULL_BOUNCE_PENDING,65.97,64.93,73.6,72.26,96,7.34,FAVORABLE,67.32,LIMIT,20,CONVICTION,2026-09-18,2026-09-18T04:55:25.398301
IBKR,SHORT,CONVICTION,74.4,BEAR_REJECTION_PENDING,90.0,91.83,76.0,78.44,54,7.66,FAVORABLE,89.32,LIMIT,20,CONVICTION,2026-09-18,2026-09-18T04:59:29.605157
STM,LONG,CONVICTION,74.3,BULL_BOUNCE_CONFIRMED,49.73,44.64,52.22,,19,0.49,FAVORABLE,49.73,LIMIT,20,COMPRESSION,2026-09-18,2026-09-18T04:39:08.469137
DPZ,LONG,CONVICTION,74.3,BULL_BOUNCE_PENDING,295.17,291.2,333.0,310.82,25,9.54,FAVORABLE,297.9999,LIMIT,20,CONVICTION,2026-09-18,2026-09-18T04:47:53.493372
XYZ,LONG,CONVICTION,74.3,BULL_BOUNCE_PENDING,74.98,71.87,81.59,83.81,32,2.13,FAVORABLE,76.51,LIMIT,20,COMPRESSION,2026-09-18,2026-09-18T04:53:01.794809
DVA,LONG,CONVICTION,74.3,BULL_BOUNCE_PENDING,195.95,187.69,205.75,,12,1.19,FAVORABLE,183.31,STOP,20,CONVICTION,2026-09-18,2026-09-18T05:02:02.388307
FROG,LONG,CONVICTION,74.2,BULL_BOUNCE,93.75,88.2,104.52,,18,1.94,FAVORABLE,93.75,LIMIT,20,MINOR,2026-09-18,2026-09-18T04:29:20.727680
SILC,SHORT,CONVICTION,74.2,BEAR_REJECTION_PENDING,47.04,48.89,43.95,40.57,53,1.67,FAVORABLE,47.0,LIMIT,9,CONVICTION,2026-09-18,2026-09-18T04:30:11.573864
HALO,LONG,CONVICTION,74.2,BULL_BOUNCE_PENDING,107.49,105.97,110.4,,65,1.92,FAVORABLE,109.68,LIMIT,17,MINOR,2026-09-18,2026-09-18T04:42:51.058101
GMED,LONG,CONVICTION,74.2,BULL_BOUNCE_PENDING,73.41,72.51,77.79,82.07,111,4.88,FAVORABLE,74.16,LIMIT,20,COMPRESSION,2026-09-18,2026-09-18T04:45:23.688804
BABA,LONG,CONVICTION,74.2,BULL_BOUNCE_CONFIRMED,111.65,97.6,117.23,,7,0.4,FAVORABLE,111.65,LIMIT,20,COMPRESSION,2026-09-18,2026-09-18T04:58:21.238990
ABM,LONG,CONVICTION,74.1,BULL_BOUNCE_PENDING,48.31,46.24,56.04,,48,3.72,FAVORABLE,49.3,LIMIT,20,CONVICTION,2026-09-18,2026-09-18T05:08:36.459898
TSAT,LONG,CONVICTION,74.0,BULL_BOUNCE_PENDING,52.61,49.45,57.35,,31,1.5,FAVORABLE,51.645,STOP,20,CONVICTION,2026-09-18,2026-09-18T04:30:23.836750
MBLY,LONG,CONVICTION,74.0,BULL_BOUNCE,8.11,7.79,8.93,8.99,312,2.56,FAVORABLE,8.11,LIMIT,20,COMPRESSION,2026-09-18,2026-09-18T04:31:15.039790
SNAP,LONG,CONVICTION,74.0,BULL_BOUNCE,5.67,5.38,5.87,,345,0.69,FAVORABLE,5.67,LIMIT,20,MINOR,2026-09-18,2026-09-18T04:32:29.963073
KO,LONG,CONVICTION,74.0,BULL_BOUNCE,87.78,86.56,89.8,,81,1.65,FAVORABLE,87.78,LIMIT,20,COMPRESSION,2026-09-18,2026-09-18T04:32:34.496085
GOOGL,LONG,CONVICTION,74.0,BULL_BOUNCE_CONFIRMED,353.58,336.81,385.24,,5,1.89,FAVORABLE,353.58,LIMIT,20,CONVICTION,2026-09-18,2026-09-18T04:34:57.784036
BMY,LONG,CONVICTION,74.0,BULL_BOUNCE_PENDING,64.41,62.43,67.4,,50,1.51,FAVORABLE,62.9,STOP,20,COMPRESSION,2026-09-18,2026-09-18T04:35:06.047052
FRSH,LONG,CONVICTION,74.0,BULL_BOUNCE_PENDING,12.85,12.14,14.29,,141,2.04,FAVORABLE,12.51,STOP,20,COMPRESSION,2026-09-18,2026-09-18T04:36:11.421392
BIAF,LONG,CONVICTION,74.0,BULL_BOUNCE_PENDING,8.58,7.56,9.01,,97,0.42,FAVORABLE,8.76,LIMIT,2,MINOR,2026-09-18,2026-09-18T04:41:29.057215
NBIZ,LONG,CONVICTION,74.0,BULL_BOUNCE_PENDING,6.81,5.48,7.15,,75,0.26,FAVORABLE,6.18,STOP,20,COMPRESSION,2026-09-18,2026-09-18T04:43:25.245233
RKLX,LONG,CONVICTION,74.0,BULL_BOUNCE,17.09,15.69,19.44,,71,1.67,FAVORABLE,17.09,LIMIT,20,COMPRESSION,2026-09-18,2026-09-18T04:43:48.152345
CNC,LONG,CONVICTION,74.0,BULL_BOUNCE,67.1,64.62,73.6,,40,2.62,FAVORABLE,67.1,LIMIT,15,CONVICTION,2026-09-18,2026-09-18T04:49:20.723160
PRAX,LONG,CONVICTION,74.0,BULL_BOUNCE_PENDING,318.32,307.55,342.25,356.41,9,2.22,FAVORABLE,312.5,STOP,20,COMPRESSION,2026-09-18,2026-09-18T04:50:20.492372
EPAM,LONG,CONVICTION,74.0,BULL_BOUNCE_PENDING,114.76,112.6,120.9,125.01,46,2.84,FAVORABLE,117.1,LIMIT,20,CONVICTION,2026-09-18,2026-09-18T04:57:14.310831
EGO,SHORT,CONVICTION,74.0,BEAR_REJECTION_PENDING,42.84,44.8,38.0,37.92,50,2.47,FAVORABLE,42.64,LIMIT,20,CONVICTION,2026-09-18,2026-09-18T04:58:26.191986
HRMY,LONG,CONVICTION,74.0,BULL_BOUNCE_CONFIRMED,43.5,41.56,45.68,,51,1.12,FAVORABLE,43.5,LIMIT,0,NONE,2026-09-18,2026-09-18T05:06:08.968144
UNM,LONG,CONVICTION,74.0,BULL_BOUNCE,95.62,93.43,100.4,,45,2.18,FAVORABLE,95.62,LIMIT,5,MINOR,2026-09-18,2026-09-18T05:07:41.772575
YMAT,LONG,CONVICTION,74.0,DOUBLE_REJECTION_LONG,1.41,1.38,1.6,1.48,3731,7.09,FAVORABLE,1.41,LIMIT,20,MINOR,2026-09-18,2026-09-18T05:09:20.366256
TEN,LONG,CONVICTION,74.0,BULL_BOUNCE_PENDING,53.89,51.42,56.58,,40,1.09,FAVORABLE,52.85,STOP,20,MINOR,2026-09-18,2026-09-18T05:10:01.737414
DCO,LONG,CONVICTION,74.0,BULL_BOUNCE_CONFIRMED,166.57,122.39,174.9,,2,0.19,FAVORABLE,166.57,LIMIT,20,COMPRESSION,2026-09-18,2026-09-18T05:10:52.093700
NTRA,LONG,CONVICTION,73.9,BULL_BOUNCE_PENDING,361.84,358.36,379.93,,28,5.2,FAVORABLE,366.95,LIMIT,0,NONE,2026-09-18,2026-09-18T05:10:10.730418
AEHR,LONG,CONVICTION,73.8,BULL_BOUNCE_PENDING,91.8,89.44,106.97,,42,6.44,FAVORABLE,93.1233,LIMIT,14,MINOR,2026-09-18,2026-09-18T04:47:16.756723
BETA,LONG,CONVICTION,73.8,BULL_BOUNCE_PENDING,21.99,20.46,24.49,,65,1.63,FAVORABLE,21.7,STOP,15,COMPRESSION,2026-09-18,2026-09-18T04:47:43.353890
INSW,LONG,CONVICTION,73.8,BULL_BOUNCE_PENDING,113.24,107.72,118.9,,18,1.03,FAVORABLE,110.53,STOP,20,MINOR,2026-09-18,2026-09-18T04:49:52.395786
BOX,LONG,CONVICTION,73.8,BULL_BOUNCE_PENDING,34.38,33.92,37.38,35.62,219,6.6,FAVORABLE,34.77,LIMIT,15,COMPRESSION,2026-09-18,2026-09-18T05:05:01.931488
PSX,LONG,CONVICTION,73.7,BULL_BOUNCE_PENDING,269.02,262.6,282.47,,15,2.1,FAVORABLE,274.51,LIMIT,8,MINOR,2026-09-18,2026-09-18T04:48:25.121076
SQM,SHORT,CONVICTION,73.6,BEAR_REJECTION_PENDING,73.24,75.84,68.58,65.92,38,1.79,FAVORABLE,71.8,LIMIT,20,COMPRESSION,2026-09-18,2026-09-18T04:58:58.742113
UPWK,LONG,CONVICTION,73.5,BULL_BOUNCE_PENDING,8.35,7.79,9.56,,180,2.18,FAVORABLE,8.52,LIMIT,20,CONVICTION,2026-09-18,2026-09-18T04:48:50.996375
RIO,SHORT,CONVICTION,73.5,BEAR_REJECTION_PENDING,99.83,104.26,90.0,88.82,22,2.22,FAVORABLE,98.36,LIMIT,20,VACUUM,2026-09-18,2026-09-18T04:58:53.567107
SPCF,LONG,CONVICTION,73.4,BULL_BOUNCE_PENDING,18.31,16.88,19.23,,69,0.64,FAVORABLE,18.07,STOP,17,COMPRESSION,2026-09-18,2026-09-18T04:43:56.592362
CHPT,LONG,CONVICTION,73.4,BULL_BOUNCE_PENDING,10.09,8.92,10.59,,85,0.43,FAVORABLE,9.93,STOP,9,MINOR,2026-09-18,2026-09-18T05:06:51.916040
IOVA,LONG,CONVICTION,73.3,BULL_BOUNCE_PENDING,10.99,10.25,11.54,,134,0.74,FAVORABLE,10.06,STOP,12,CONVICTION,2026-09-18,2026-09-18T04:32:24.563063
SMCIP,LONG,CONVICTION,73.3,BULL_BOUNCE_PENDING,67.1,66.11,69.82,,101,2.75,FAVORABLE,67.59,LIMIT,20,VACUUM,2026-09-18,2026-09-18T04:50:40.982411
STX,LONG,CONVICTION,73.3,BULL_BOUNCE_PENDING,807.1,794.24,862.33,929.5,7,4.3,FAVORABLE,814.0,LIMIT,20,VACUUM,2026-09-18,2026-09-18T04:52:30.271690
IOT,LONG,CONVICTION,73.3,BULL_BOUNCE_PENDING,41.1,38.31,43.16,,35,0.74,FAVORABLE,39.74,STOP,20,COMPRESSION,2026-09-18,2026-09-18T05:02:08.643301
QRVO,LONG,CONVICTION,73.3,BULL_BOUNCE_PENDING,119.85,111.93,125.84,,12,0.76,FAVORABLE,119.51,STOP,5,MINOR,2026-09-18,2026-09-18T05:06:25.654784
SERV,LONG,CONVICTION,73.2,BULL_BOUNCE,4.34,4.11,4.84,4.88,440,2.2,FAVORABLE,4.34,LIMIT,20,COMPRESSION,2026-09-18,2026-09-18T04:41:10.977180
URBN,SHORT,CONVICTION,73.2,BEAR_REJECTION_PENDING,77.36,78.97,74.22,71.53,61,1.94,FAVORABLE,75.84,LIMIT,20,CONVICTION,2026-09-18,2026-09-18T05:02:57.576979
VCTR,LONG,CONVICTION,73.2,BULL_BOUNCE_PENDING,102.14,98.95,112.38,111.69,31,3.22,FAVORABLE,104.22,LIMIT,20,CONVICTION,2026-09-18,2026-09-18T05:03:00.789985
TEL,SHORT,CONVICTION,73.1,BEAR_REJECTION_PENDING,206.9,209.54,177.56,187.11,37,11.1,FAVORABLE,206.6,LIMIT,20,CONVICTION,2026-09-18,2026-09-18T05:07:41.530574
IAUX,LONG,CONVICTION,73.0,BULL_BOUNCE_PENDING,1.77,1.68,2.01,,1130,2.71,FAVORABLE,1.76,STOP,11,COMPRESSION,2026-09-18,2026-09-18T04:31:08.612837
HCA,SHORT,CONVICTION,73.0,BEAR_REJECTION_PENDING,432.46,474.59,410.84,,2,0.51,FAVORABLE,428.2479,LIMIT,11,CONVICTION,2026-09-18,2026-09-18T04:35:49.301821
NTR,SHORT,CONVICTION,73.0,BEAR_REJECTION_PENDING,80.55,83.26,68.41,73.5,36,4.47,FAVORABLE,78.97,LIMIT,20,CONVICTION,2026-09-18,2026-09-18T04:58:41.642548
GPRK,LONG,CONVICTION,73.0,BULL_BOUNCE_PENDING,10.89,9.87,12.64,,98,1.72,FAVORABLE,11.11,LIMIT,20,COMPRESSION,2026-09-18,2026-09-18T05:08:49.573399
NAMS,SHORT,CONVICTION,73.0,BEAR_REJECTION_PENDING,22.44,25.53,21.32,,32,0.36,FAVORABLE,22.0,LIMIT,20,CONVICTION,2026-09-18,2026-09-18T05:08:54.412271
AMC,LONG,CONVICTION,72.9,BULL_BOUNCE_PENDING,2.79,2.55,2.93,,416,0.58,FAVORABLE,2.71,STOP,13,MINOR,2026-09-18,2026-09-18T04:39:07.341135
KSPI,LONG,CONVICTION,72.9,BULL_BOUNCE_PENDING,96.04,94.73,99.85,106.83,76,2.92,FAVORABLE,98.0,LIMIT,20,COMPRESSION,2026-09-18,2026-09-18T04:50:00.030733
OIH,LONG,CONVICTION,72.8,BULL_BOUNCE_PENDING,392.61,388.48,418.1,418.1,24,6.17,FAVORABLE,400.62,LIMIT,20,CONVICTION,2026-09-18,2026-09-18T04:46:06.528061
LBRDK,LONG,CONVICTION,72.8,BULL_BOUNCE_PENDING,35.41,33.68,39.83,41.38,57,2.55,FAVORABLE,36.13,LIMIT,5,COMPRESSION,2026-09-18,2026-09-18T04:48:11.364302
AAPU,LONG,CONVICTION,72.8,BULL_BOUNCE_PENDING,46.04,44.22,48.34,,54,1.26,FAVORABLE,45.48,STOP,9,CONVICTION,2026-09-18,2026-09-18T05:05:15.379931
AG,SHORT,CONVICTION,72.7,BEAR_REJECTION_PENDING,20.15,21.29,18.4,17.53,88,1.54,FAVORABLE,20.03,LIMIT,20,CONVICTION,2026-09-18,2026-09-18T04:36:23.820944
DOCS,LONG,CONVICTION,72.7,BULL_BOUNCE_PENDING,26.01,25.51,27.18,27.16,202,2.37,FAVORABLE,26.48,LIMIT,3,MINOR,2026-09-18,2026-09-18T04:51:37.973470
PLGO,SHORT,CONVICTION,72.7,BEAR_REJECTION_PENDING,24.54,26.67,20.77,,46,1.77,FAVORABLE,24.06,LIMIT,20,COMPRESSION,2026-09-18,2026-09-18T04:52:17.315139
FUTU,SHORT,CONVICTION,72.7,BEAR_REJECTION_PENDING,114.75,117.32,101.87,97.29,38,5.0,FAVORABLE,112.5,LIMIT,20,CONVICTION,2026-09-18,2026-09-18T04:59:28.346155
LQDA,LONG,CONVICTION,72.6,BULL_BOUNCE_PENDING,67.02,64.49,73.26,73.55,39,2.46,FAVORABLE,68.39,LIMIT,20,CONVICTION,2026-09-18,2026-09-18T04:53:53.936062
ARCT,LONG,CONVICTION,72.6,BULL_BOUNCE_PENDING,17.98,15.81,18.88,,46,0.41,FAVORABLE,17.1,STOP,5,MINOR,2026-09-18,2026-09-18T04:56:06.494462
MSTU,SHORT,CONVICTION,72.6,BEAR_REJECTION_PENDING,33.68,36.6,28.29,,34,1.84,FAVORABLE,33.02,LIMIT,20,VACUUM,2026-09-18,2026-09-18T04:57:53.544408
GLXY,SHORT,CONVICTION,72.5,BEAR_REJECTION_PENDING,23.06,24.52,19.34,19.34,68,2.54,FAVORABLE,22.7,LIMIT,20,CONVICTION,2026-09-18,2026-09-18T04:32:17.970052
APP,LONG,CONVICTION,72.5,BULL_BOUNCE_PENDING,315.01,310.45,329.6,338.45,21,3.19,FAVORABLE,320.0,LIMIT,14,CONVICTION,2026-09-18,2026-09-18T04:35:51.929826
CDW,LONG,CONVICTION,72.5,BULL_BOUNCE_PENDING,146.22,141.87,153.0,157.23,22,1.56,FAVORABLE,149.2,LIMIT,20,CONVICTION,2026-09-18,2026-09-18T04:51:26.421652
SYRE,SHORT,CONVICTION,72.5,BEAR_REJECTION_PENDING,93.61,107.9,88.92,,6,0.33,FAVORABLE,92.68,LIMIT,20,CONVICTION,2026-09-18,2026-09-18T04:55:49.787848
BNTX,SHORT,CONVICTION,72.5,BEAR_REJECTION_PENDING,101.0,102.62,97.5,86.28,61,2.16,FAVORABLE,99.94,LIMIT,20,CONVICTION,2026-09-18,2026-09-18T04:59:17.562141
IPST,LONG,CONVICTION,72.4,BULL_BOUNCE_CONFIRMED,2.91,2.72,3.32,,516,2.14,FAVORABLE,2.91,LIMIT,16,MINOR,2026-09-18,2026-09-18T04:55:33.149304
SBET,LONG,CONVICTION,72.3,BULL_BOUNCE_CONFIRMED,8.54,8.0,9.51,,185,1.8,FAVORABLE,8.54,LIMIT,20,COMPRESSION,2026-09-18,2026-09-18T04:32:36.114085
RVMD,LONG,CONVICTION,72.3,BULL_BOUNCE_PENDING,193.75,191.45,203.5,204.84,43,4.22,FAVORABLE,196.6299,LIMIT,20,COMPRESSION,2026-09-18,2026-09-18T04:55:09.183761
SLDE,LONG,CONVICTION,72.3,BULL_BOUNCE_PENDING,26.02,24.85,27.32,,85,1.11,FAVORABLE,24.88,STOP,20,MINOR,2026-09-18,2026-09-18T05:06:32.158825
BEN,LONG,CONVICTION,72.3,BULL_BOUNCE_PENDING,32.22,31.17,34.48,35.14,95,2.17,FAVORABLE,32.8741,LIMIT,20,COMPRESSION,2026-09-18,2026-09-18T05:07:59.354237
JPM,LONG,CONVICTION,72.2,BULL_BOUNCE,349.2,342.21,362.93,,14,1.96,FAVORABLE,349.2,LIMIT,20,CONVICTION,2026-09-18,2026-09-18T04:33:09.921686
JNJ,SHORT,CONVICTION,72.2,BEAR_REJECTION_PENDING,271.28,276.51,248.27,255.25,19,4.4,FAVORABLE,270.36,LIMIT,20,CONVICTION,2026-09-18,2026-09-18T04:33:15.888697
SSRM,LONG,CONVICTION,72.2,BULL_BOUNCE_CONFIRMED,36.79,33.83,38.63,,33,0.62,FAVORABLE,36.79,LIMIT,20,COMPRESSION,2026-09-18,2026-09-18T04:43:59.118366
AOSL,LONG,CONVICTION,72.1,BULL_BOUNCE_PENDING,24.33,23.03,27.0,27.39,77,2.06,FAVORABLE,24.8272,LIMIT,20,COMPRESSION,2026-09-18,2026-09-18T04:28:13.507551
ABT,LONG,CONVICTION,72.1,BULL_BOUNCE_PENDING,103.1,100.42,111.54,112.75,37,3.14,FAVORABLE,102.05,STOP,20,COMPRESSION,2026-09-18,2026-09-18T04:32:46.769106
BIO,LONG,CONVICTION,72.1,BULL_BOUNCE_PENDING,380.62,377.13,395.3,,28,4.22,FAVORABLE,382.41,LIMIT,11,MINOR,2026-09-18,2026-09-18T04:41:57.731797
TZA,LONG,CONVICTION,72.1,BULL_BOUNCE_PENDING,43.26,42.72,45.5,50.6,183,4.11,FAVORABLE,44.0923,LIMIT,20,VACUUM,2026-09-18,2026-09-18T05:04:49.864915
GIPR,LONG,CONVICTION,72.0,BULL_BOUNCE,0.61,0.41,2.35,,511,8.9,FAVORABLE,0.6093,LIMIT,1,MINOR,2026-09-18,2026-09-18T04:28:20.481760
GRAL,LONG,CONVICTION,72.0,BULL_BOUNCE_PENDING,78.27,75.59,82.19,,37,1.46,FAVORABLE,79.87,LIMIT,14,MINOR,2026-09-18,2026-09-18T04:29:18.980087
SENS,LONG,CONVICTION,72.0,BULL_BOUNCE_PENDING,9.67,9.01,10.15,,152,0.74,FAVORABLE,9.3,STOP,15,COMPRESSION,2026-09-18,2026-09-18T04:29:30.685584
TSEM,LONG,CONVICTION,72.0,BULL_BOUNCE_PENDING,222.01,218.6,249.78,250.73,29,8.14,FAVORABLE,224.0,LIMIT,20,CONVICTION,2026-09-18,2026-09-18T04:30:46.822235
RYTM,LONG,CONVICTION,72.0,BULL_BOUNCE_PENDING,97.75,96.45,106.01,101.66,77,6.36,FAVORABLE,99.02,LIMIT,20,CONVICTION,2026-09-18,2026-09-18T04:50:30.898394
VIAV,SHORT,CONVICTION,72.0,BEAR_REJECTION_PENDING,36.05,38.4,30.78,30.58,42,2.25,FAVORABLE,35.8,LIMIT,20,CONVICTION,2026-09-18,2026-09-18T04:51:07.627617
NVAX,LONG,CONVICTION,72.0,BULL_BOUNCE_PENDING,9.8,9.44,10.43,10.68,280,1.77,FAVORABLE,10.0,LIMIT,9,CONVICTION,2026-09-18,2026-09-18T04:59:36.348166
PBR,LONG,CONVICTION,72.0,BULL_BOUNCE_PENDING,20.39,20.02,21.77,21.87,269,3.72,FAVORABLE,20.68,LIMIT,20,COMPRESSION,2026-09-18,2026-09-18T05:05:29.716705
SDGR,LONG,CONVICTION,72.0,BULL_BOUNCE_PENDING,28.78,28.28,29.72,,201,1.89,FAVORABLE,29.09,LIMIT,8,MINOR,2026-09-18,2026-09-18T05:10:33.294599
YCBD,LONG,CONVICTION,72.0,BULL_BOUNCE_PENDING,0.54,0.52,0.57,,4687,1.26,FAVORABLE,0.5499,LIMIT,10,MINOR,2026-09-18,2026-09-18T05:11:21.791811
SLXN,LONG,CONVICTION,71.9,BULL_BOUNCE_PENDING,0.4,0.38,0.45,0.44,5770,3.38,FAVORABLE,0.4036,LIMIT,4,COMPRESSION,2026-09-18,2026-09-18T04:28:22.176831
SIDU,LONG,CONVICTION,71.9,BULL_BOUNCE_CONFIRMED,2.07,1.91,2.31,,626,1.5,FAVORABLE,2.07,LIMIT,11,MINOR,2026-09-18,2026-09-18T04:38:56.532585
NEO,LONG,CONVICTION,71.9,BULL_BOUNCE_PENDING,19.54,18.89,20.52,,153,1.5,FAVORABLE,19.943,LIMIT,0,NONE,2026-09-18,2026-09-18T05:04:09.688717
DX,LONG,CONVICTION,71.8,BULL_BOUNCE_PENDING,12.07,11.44,14.03,13.91,158,3.1,FAVORABLE,12.32,LIMIT,20,COMPRESSION,2026-09-18,2026-09-18T04:31:27.982399
OWL,LONG,CONVICTION,71.8,BULL_BOUNCE_PENDING,9.81,9.44,10.44,10.65,271,1.71,FAVORABLE,10.01,LIMIT,20,COMPRESSION,2026-09-18,2026-09-18T04:38:07.790887
MRVL,LONG,CONVICTION,71.7,BULL_BOUNCE_PENDING,241.87,237.79,269.5,279.04,24,6.78,FAVORABLE,244.28,LIMIT,10,CONVICTION,2026-09-18,2026-09-18T04:29:59.314346
CTRI,LONG,CONVICTION,71.7,BULL_BOUNCE_PENDING,19.71,18.78,21.32,21.86,107,1.73,FAVORABLE,19.13,STOP,20,COMPRESSION,2026-09-18,2026-09-18T04:42:15.480890
THC,LONG,CONVICTION,71.7,BULL_BOUNCE,261.9,253.27,277.66,281.42,11,1.83,FAVORABLE,261.9,LIMIT,20,COMPRESSION,2026-09-18,2026-09-18T04:50:50.971502
ARM,LONG,CONVICTION,71.7,BULL_BOUNCE_CONFIRMED,272.27,245.64,312.71,,3,1.52,FAVORABLE,272.27,LIMIT,12,CONVICTION,2026-09-18,2026-09-18T04:51:20.122640
DY,LONG,CONVICTION,71.6,BULL_BOUNCE,285.49,272.38,326.91,324.73,7,3.16,FAVORABLE,285.49,LIMIT,20,CONVICTION,2026-09-18,2026-09-18T05:05:56.827947
SAIA,LONG,CONVICTION,71.6,BULL_BOUNCE,341.79,328.01,382.92,382.19,7,2.98,FAVORABLE,341.79,LIMIT,20,CONVICTION,2026-09-18,2026-09-18T05:07:37.359790
YPF,LONG,CONVICTION,71.5,BULL_BOUNCE_PENDING,53.42,52.36,57.01,57.01,94,3.38,FAVORABLE,54.51,LIMIT,20,MINOR,2026-09-18,2026-09-18T04:55:20.695300
GENB,LONG,CONVICTION,71.5,BULL_BOUNCE_PENDING,16.68,15.66,17.51,,98,0.82,FAVORABLE,17.02,LIMIT,9,MINOR,2026-09-18,2026-09-18T05:01:02.577592
BILL,LONG,CONVICTION,71.4,BULL_BOUNCE_PENDING,49.83,47.09,54.01,,36,1.52,FAVORABLE,47.57,STOP,20,COMPRESSION,2026-09-18,2026-09-18T04:44:36.982063
IESC,LONG,CONVICTION,71.4,BULL_BOUNCE_PENDING,315.0,309.32,362.5,342.66,17,8.35,FAVORABLE,317.16,LIMIT,20,CONVICTION,2026-09-18,2026-09-18T04:48:07.884016
APA,LONG,CONVICTION,71.3,BULL_BOUNCE_PENDING,45.09,44.51,46.6,46.61,169,2.56,FAVORABLE,45.5,LIMIT,17,MINOR,2026-09-18,2026-09-18T04:41:43.024242
SPCG,LONG,CONVICTION,71.3,BULL_BOUNCE_PENDING,13.91,12.9,15.47,,99,1.56,FAVORABLE,14.19,LIMIT,20,COMPRESSION,2026-09-18,2026-09-18T04:48:38.138120
IRTC,LONG,CONVICTION,71.3,BULL_BOUNCE_PENDING,110.0,108.54,118.08,121.44,68,5.52,FAVORABLE,112.25,LIMIT,19,CONVICTION,2026-09-18,2026-09-18T04:49:54.451855
XOM,LONG,CONVICTION,71.2,BULL_BOUNCE_PENDING,160.28,159.11,165.77,163.27,85,4.72,FAVORABLE,162.36,LIMIT,20,CONVICTION,2026-09-18,2026-09-18T04:33:48.479298
AAOI,LONG,CONVICTION,71.1,BULL_BOUNCE_PENDING,99.4,97.44,109.12,109.12,51,4.99,FAVORABLE,100.68,LIMIT,12,CONVICTION,2026-09-18,2026-09-18T04:34:14.561881
AEON,LONG,CONVICTION,71.1,BULL_BOUNCE,0.25,0.21,0.28,,2347,0.67,FAVORABLE,0.2515,LIMIT,19,COMPRESSION,2026-09-18,2026-09-18T04:39:37.576262
NTAP,LONG,CONVICTION,71.0,BULL_BOUNCE,197.0,187.75,206.85,,10,1.06,FAVORABLE,197.0,LIMIT,12,VACUUM,2026-09-18,2026-09-18T04:28:02.282620
RDDT,SHORT,CONVICTION,71.0,BEAR_REJECTION_PENDING,154.71,158.39,141.21,141.21,27,3.67,FAVORABLE,154.29,LIMIT,20,CONVICTION,2026-09-18,2026-09-18T04:43:43.371800
SNDU,SHORT,CONVICTION,71.0,BEAR_REJECTION_PENDING,24.12,27.45,22.92,,30,0.36,FAVORABLE,23.65,LIMIT,11,CONVICTION,2026-09-18,2026-09-18T04:46:35.760115
GNRC,LONG,CONVICTION,71.0,CHANNEL_BREAKOUT,209.8,206.75,229.38,233.94,32,6.42,FAVORABLE,209.8,LIMIT,16,CONVICTION,2026-09-18,2026-09-18T04:48:03.002091
NBIG,LONG,CONVICTION,71.0,CHANNEL_BREAKOUT,16.08,15.61,18.4,18.48,213,4.96,FAVORABLE,16.08,LIMIT,9,CONVICTION,2026-09-18,2026-09-18T04:48:16.653168
HOG,LONG,CONVICTION,71.0,BULL_BOUNCE_PENDING,25.97,25.18,27.97,28.38,127,2.54,FAVORABLE,26.5,LIMIT,20,MINOR,2026-09-18,2026-09-18T04:51:48.145491
PAAS,SHORT,CONVICTION,71.0,BEAR_REJECTION_PENDING,50.93,52.32,47.29,44.91,71,2.62,FAVORABLE,50.72,LIMIT,20,CONVICTION,2026-09-18,2026-09-18T04:58:43.983549
AMTM,LONG,CONVICTION,71.0,BULL_BOUNCE,20.17,19.62,22.0,21.94,182,3.34,FAVORABLE,20.1675,LIMIT,20,MINOR,2026-09-18,2026-09-18T04:59:12.369139
DXST,LONG,CONVICTION,71.0,BULL_BOUNCE_PENDING,2.58,2.43,2.9,,683,2.19,FAVORABLE,2.53,STOP,20,COMPRESSION,2026-09-18,2026-09-18T05:00:04.150291
LOPE,LONG,CONVICTION,71.0,BULL_BOUNCE_PENDING,149.36,146.62,165.17,159.17,36,5.77,FAVORABLE,152.41,LIMIT,20,COMPRESSION,2026-09-18,2026-09-18T05:01:12.431609
SILJ,SHORT,CONVICTION,71.0,BEAR_REJECTION_PENDING,31.28,33.09,27.39,26.96,55,2.15,FAVORABLE,30.67,LIMIT,20,COMPRESSION,2026-09-18,2026-09-18T05:01:25.648164
AROC,SHORT,CONVICTION,71.0,CHANNEL_GAP_BREAKDOWN_SHORT,30.65,31.57,28.11,27.49,108,2.76,FAVORABLE,30.65,LIMIT,20,COMPRESSION,2026-09-18,2026-09-18T05:01:54.981278
IPGP,SHORT,CONVICTION,71.0,BEAR_REJECTION_PENDING,76.17,79.61,69.12,66.19,29,2.05,FAVORABLE,76.12,LIMIT,20,CONVICTION,2026-09-18,2026-09-18T05:02:10.736835
PAGP,LONG,CONVICTION,71.0,BULL_BOUNCE,27.73,27.23,29.11,,200,2.77,FAVORABLE,27.725,LIMIT,12,COMPRESSION,2026-09-18,2026-09-18T05:02:33.053874
ZBIO,LONG,CONVICTION,70.9,BULL_BOUNCE_PENDING,33.51,31.19,35.19,,43,0.72,FAVORABLE,31.97,STOP,20,MINOR,2026-09-18,2026-09-18T04:29:45.597390
BAX,LONG,CONVICTION,70.8,BULL_BOUNCE_PENDING,22.57,22.33,25.59,25.91,418,12.65,FAVORABLE,23.02,LIMIT,20,COMPRESSION,2026-09-18,2026-09-18T04:32:50.448112
TREX,SHORT,CONVICTION,70.8,BEAR_REJECTION_PENDING,44.15,45.17,39.43,40.24,97,4.61,FAVORABLE,43.41,LIMIT,20,COMPRESSION,2026-09-18,2026-09-18T04:39:19.497695
FIVE,LONG,CONVICTION,70.8,BULL_BOUNCE_PENDING,232.06,224.5,243.88,258.27,13,1.56,FAVORABLE,236.8,LIMIT,20,COMPRESSION,2026-09-18,2026-09-18T04:42:39.040545
RBLX,LONG,CONVICTION,70.8,BULL_BOUNCE_PENDING,46.78,45.27,50.11,52.41,66,2.22,FAVORABLE,47.73,LIMIT,20,COMPRESSION,2026-09-18,2026-09-18T04:52:21.828145
PTGX,LONG,CONVICTION,70.8,BULL_BOUNCE_PENDING,140.83,137.4,147.48,150.35,29,1.94,FAVORABLE,143.7,LIMIT,20,MINOR,2026-09-18,2026-09-18T04:54:10.603102
HMY,SHORT,CONVICTION,70.8,BEAR_REJECTION_PENDING,20.59,22.5,17.5,,52,1.62,FAVORABLE,20.19,LIMIT,20,CONVICTION,2026-09-18,2026-09-18T04:58:34.093537
CELC,LONG,CONVICTION,70.7,BULL_BOUNCE_PENDING,84.21,82.17,88.37,92.0,49,2.04,FAVORABLE,85.9244,LIMIT,20,VACUUM,2026-09-18,2026-09-18T04:49:15.226179
KNX,SHORT,CONVICTION,70.7,BEAR_REJECTION_PENDING,67.27,68.31,60.4,60.68,96,6.61,FAVORABLE,66.67,LIMIT,20,COMPRESSION,2026-09-18,2026-09-18T04:49:58.954144
TH,LONG,CONVICTION,70.7,BULL_BOUNCE_PENDING,20.19,18.71,21.2,,67,0.68,FAVORABLE,20.6,LIMIT,4,MINOR,2026-09-18,2026-09-18T05:11:15.184802
AAP,SHORT,CONVICTION,70.6,BEAR_REJECTION_PENDING,42.87,56.46,40.73,,7,0.16,FAVORABLE,42.03,LIMIT,20,CONVICTION,2026-09-18,2026-09-18T04:51:18.861638
XOS,LONG,CONVICTION,70.6,BULL_BOUNCE,2.61,2.43,2.96,,565,1.98,FAVORABLE,2.61,LIMIT,20,MINOR,2026-09-18,2026-09-18T04:59:03.005125
IMMX,LONG,CONVICTION,70.6,BULL_BOUNCE_PENDING,12.76,11.91,14.54,,117,2.09,FAVORABLE,12.8,STOP,15,MINOR,2026-09-18,2026-09-18T05:01:03.188592
YUM,LONG,CONVICTION,70.5,BULL_BOUNCE_PENDING,133.02,127.34,150.02,153.44,17,2.99,FAVORABLE,135.7339,LIMIT,20,COMPRESSION,2026-09-18,2026-09-18T04:51:10.236623
EFX,LONG,CONVICTION,70.5,BULL_BOUNCE_PENDING,158.62,156.49,166.56,177.05,46,3.72,FAVORABLE,161.44,LIMIT,20,COMPRESSION,2026-09-18,2026-09-18T04:57:12.401830
BEG,LONG,CONVICTION,70.5,BULL_BOUNCE_PENDING,54.9,52.4,59.82,63.06,40,1.97,FAVORABLE,56.02,LIMIT,12,CONVICTION,2026-09-18,2026-09-18T05:08:31.564166
DELL,LONG,CONVICTION,70.4,BULL_BOUNCE_PENDING,593.35,582.31,623.01,,9,2.69,FAVORABLE,597.6173,LIMIT,2,MINOR,2026-09-18,2026-09-18T04:30:29.908761
NVDA,LONG,CONVICTION,70.3,BULL_BOUNCE_PENDING,220.32,218.14,225.28,233.0,45,2.27,FAVORABLE,221.6,LIMIT,20,MINOR,2026-09-18,2026-09-18T04:28:27.556758
QLYS,LONG,CONVICTION,70.3,BULL_BOUNCE_PENDING,175.42,169.31,190.43,190.43,16,2.46,FAVORABLE,179.0,LIMIT,20,MINOR,2026-09-18,2026-09-18T04:29:39.235226
DAVE,LONG,CONVICTION,70.3,BULL_BOUNCE_PENDING,374.88,346.97,393.62,,3,0.67,FAVORABLE,356.49,STOP,20,VACUUM,2026-09-18,2026-09-18T04:30:14.630869
RKT,LONG,CONVICTION,70.3,BULL_BOUNCE_PENDING,12.4,11.56,14.29,14.47,118,2.25,FAVORABLE,12.65,LIMIT,20,COMPRESSION,2026-09-18,2026-09-18T04:37:57.565865
TFX,SHORT,CONVICTION,70.3,BEAR_REJECTION_PENDING,126.95,128.64,120.26,121.54,59,3.96,FAVORABLE,125.59,LIMIT,20,CONVICTION,2026-09-18,2026-09-18T04:59:42.038176
EXEL,LONG,CONVICTION,70.3,BULL_BOUNCE_PENDING,57.32,56.63,58.76,59.27,143,2.07,FAVORABLE,58.49,LIMIT,9,MINOR,2026-09-18,2026-09-18T05:00:56.086583
QMCO,LONG,CONVICTION,70.2,BULL_BOUNCE_PENDING,26.42,23.71,27.74,,36,0.49,FAVORABLE,24.7143,STOP,20,MINOR,2026-09-18,2026-09-18T04:29:25.557059
CSTL,LONG,CONVICTION,70.2,BULL_BOUNCE_PENDING,36.89,35.32,41.14,,63,2.71,FAVORABLE,36.78,STOP,4,COMPRESSION,2026-09-18,2026-09-18T04:29:54.207408
POET,LONG,CONVICTION,70.2,BULL_BOUNCE_CONFIRMED,7.63,7.39,8.2,8.35,421,2.38,FAVORABLE,7.63,LIMIT,20,MINOR,2026-09-18,2026-09-18T04:32:59.220666
HBAN,LONG,CONVICTION,70.2,BULL_BOUNCE_PENDING,15.53,15.07,16.8,17.41,217,2.75,FAVORABLE,15.8509,LIMIT,20,COMPRESSION,2026-09-18,2026-09-18T04:37:37.450294
BCO,LONG,CONVICTION,70.2,BULL_BOUNCE_PENDING,104.43,102.74,113.56,113.72,59,5.42,FAVORABLE,106.56,LIMIT,20,COMPRESSION,2026-09-18,2026-09-18T04:47:42.729397
ARW,SHORT,CONVICTION,70.2,BEAR_REJECTION_PENDING,219.32,229.34,186.0,189.99,9,3.33,FAVORABLE,215.02,LIMIT,20,CONVICTION,2026-09-18,2026-09-18T05:07:54.838633
NCI,LONG,CONVICTION,70.1,BULL_BOUNCE_PENDING,13.42,12.39,14.09,,96,0.65,FAVORABLE,13.21,STOP,6,MINOR,2026-09-18,2026-09-18T04:29:50.364737
LLY,LONG,CONVICTION,70.1,BULL_BOUNCE_PENDING,1144.05,1132.13,1168.47,1182.25,8,2.05,FAVORABLE,1150.66,LIMIT,20,CONVICTION,2026-09-18,2026-09-18T04:45:39.935364
DRIP,SHORT,CONVICTION,70.1,BEAR_REJECTION_PENDING,33.98,35.14,32.05,31.23,85,1.65,FAVORABLE,33.3114,LIMIT,20,COMPRESSION,2026-09-18,2026-09-18T05:10:08.501414
GH,LONG,CONVICTION,70.0,BULL_BOUNCE_PENDING,183.69,174.12,192.87,,10,0.96,FAVORABLE,183.5,STOP,0,NONE,2026-09-18,2026-09-18T04:28:58.446452
TOI,LONG,CONVICTION,70.0,BULL_BOUNCE_PENDING,5.16,4.84,5.8,5.93,308,1.97,FAVORABLE,5.185,STOP,16,COMPRESSION,2026-09-18,2026-09-18T04:31:09.699839
WMT,LONG,CONVICTION,70.0,BULL_BOUNCE_PENDING,104.57,101.07,117.47,119.58,28,3.69,FAVORABLE,106.7,LIMIT,20,CONVICTION,2026-09-18,2026-09-18T04:32:25.295067
RCAT,LONG,CONVICTION,70.0,BULL_BOUNCE_PENDING,7.42,6.81,7.79,,162,0.6,FAVORABLE,7.14,STOP,20,COMPRESSION,2026-09-18,2026-09-18T04:33:02.412671
INTU,LONG,CONVICTION,70.0,BULL_BOUNCE_PENDING,312.8,308.75,356.05,322.21,24,10.67,FAVORABLE,314.0,LIMIT,20,CONVICTION,2026-09-18,2026-09-18T04:34:33.776454
CDE,LONG,CONVICTION,70.0,BULL_BOUNCE_CONFIRMED,20.46,19.92,21.7,22.72,184,2.29,FAVORABLE,20.46,LIMIT,18,COMPRESSION,2026-09-18,2026-09-18T04:34:59.737039
GEHC,LONG,CONVICTION,70.0,BULL_BOUNCE_PENDING,63.75,60.77,71.3,72.88,33,2.53,FAVORABLE,65.051,LIMIT,20,COMPRESSION,2026-09-18,2026-09-18T04:35:02.853045
VLN,LONG,CONVICTION,70.0,BULL_BOUNCE_CONFIRMED,1.64,1.54,1.83,,1023,1.94,FAVORABLE,1.64,LIMIT,20,COMPRESSION,2026-09-18,2026-09-18T04:40:30.551956
LABU,LONG,CONVICTION,70.0,BULL_BOUNCE_CONFIRMED,274.0,265.54,287.83,293.07,11,1.63,FAVORABLE,274.0,LIMIT,20,CONVICTION,2026-09-18,2026-09-18T04:45:34.908356
ZS,LONG,CONVICTION,70.0,BULL_BOUNCE_PENDING,197.81,194.82,209.51,221.4,33,3.9,FAVORABLE,198.48,LIMIT,5,COMPRESSION,2026-09-18,2026-09-18T04:47:08.551709
CIEN,LONG,CONVICTION,70.0,BULL_BOUNCE_CONFIRMED,353.3,339.79,386.26,396.78,7,2.44,FAVORABLE,353.3,LIMIT,20,CONVICTION,2026-09-18,2026-09-18T04:49:15.237184
VEEV,LONG,CONVICTION,70.0,BULL_BOUNCE_PENDING,262.97,260.34,271.62,271.62,37,3.28,FAVORABLE,263.75,LIMIT,20,CONVICTION,2026-09-18,2026-09-18T04:51:06.813616
MXL,LONG,CONVICTION,70.0,BULL_BOUNCE_CONFIRMED,76.6,74.13,81.8,86.8,40,2.1,FAVORABLE,76.6,LIMIT,9,CONVICTION,2026-09-18,2026-09-18T04:53:59.835077
SITM,LONG,CONVICTION,70.0,BULL_BOUNCE_CONFIRMED,605.01,585.05,684.03,693.85,5,3.96,FAVORABLE,605.01,LIMIT,20,CONVICTION,2026-09-18,2026-09-18T04:54:20.403110
XNCR,LONG,CONVICTION,70.0,BULL_BOUNCE_PENDING,24.1,23.63,25.12,26.61,213,2.18,FAVORABLE,24.59,LIMIT,20,COMPRESSION,2026-09-18,2026-09-18T04:58:14.633972
RGEN,LONG,CONVICTION,70.0,BULL_BOUNCE_PENDING,175.91,173.8,186.71,180.7,47,5.12,FAVORABLE,178.0,LIMIT,9,MINOR,2026-09-18,2026-09-18T04:58:50.834106
RVTY,LONG,CONVICTION,70.0,BULL_BOUNCE_PENDING,149.67,144.39,157.15,,18,1.42,FAVORABLE,146.73,STOP,17,MINOR,2026-09-18,2026-09-18T04:58:53.716106
REGN,SHORT,CONVICTION,70.0,BEAR_REJECTION_PENDING,790.09,797.05,769.54,767.98,14,2.95,FAVORABLE,789.45,LIMIT,20,CONVICTION,2026-09-18,2026-09-18T05:06:26.870785
MTSI,LONG,CONVICTION,70.0,BULL_BOUNCE_CONFIRMED,268.6,256.59,297.31,307.42,8,2.39,FAVORABLE,268.6,LIMIT,20,VACUUM,2026-09-18,2026-09-18T05:07:34.154109
LYTE,LONG,CONVICTION,70.0,BULL_BOUNCE_CONFIRMED,25.88,25.02,27.31,,116,1.67,FAVORABLE,25.88,LIMIT,18,COMPRESSION,2026-09-18,2026-09-18T05:08:52.244608
REZI,LONG,CONVICTION,69.9,BULL_BOUNCE_PENDING,18.15,16.81,21.11,,74,2.22,FAVORABLE,18.52,LIMIT,20,COMPRESSION,2026-09-18,2026-09-18T04:47:16.578725
ATI,LONG,CONVICTION,69.9,BULL_BOUNCE_PENDING,177.92,175.39,193.06,207.57,39,5.98,FAVORABLE,181.4417,LIMIT,20,CONVICTION,2026-09-18,2026-09-18T05:07:58.460238
APO,LONG,CONVICTION,69.8,BULL_BOUNCE_PENDING,125.81,123.91,132.05,143.88,52,3.27,FAVORABLE,128.38,LIMIT,20,COMPRESSION,2026-09-18,2026-09-18T04:44:34.275052
MRNX,LONG,CONVICTION,69.8,BULL_BOUNCE_PENDING,101.48,98.04,106.56,,29,1.47,FAVORABLE,102.25,LIMIT,0,NONE,2026-09-18,2026-09-18T04:57:48.102403
BG,LONG,CONVICTION,69.8,BULL_BOUNCE_PENDING,116.92,106.7,122.77,,9,0.57,FAVORABLE,119.31,LIMIT,20,COMPRESSION,2026-09-18,2026-09-18T05:11:09.279258
DLXY,LONG,CONVICTION,69.7,BULL_BOUNCE_PENDING,1.11,0.98,1.17,,742,0.41,FAVORABLE,1.1298,LIMIT,3,MINOR,2026-09-18,2026-09-18T04:27:55.318471
NX,LONG,CONVICTION,69.6,BULL_BOUNCE_PENDING,20.13,18.9,22.12,22.97,81,1.61,FAVORABLE,20.54,LIMIT,20,COMPRESSION,2026-09-18,2026-09-18T04:29:49.611733
GLOB,LONG,CONVICTION,69.6,BULL_BOUNCE_PENDING,36.98,32.45,38.82,,22,0.41,FAVORABLE,37.73,LIMIT,20,MINOR,2026-09-18,2026-09-18T04:45:21.512802
PSNL,LONG,CONVICTION,69.5,BULL_BOUNCE_PENDING,16.18,15.93,17.5,17.5,399,5.28,FAVORABLE,16.49,LIMIT,20,MINOR,2026-09-18,2026-09-18T04:58:48.066554
CE,LONG,CONVICTION,69.5,BULL_BOUNCE_PENDING,45.87,44.24,50.91,50.91,61,3.08,FAVORABLE,46.81,LIMIT,20,COMPRESSION,2026-09-18,2026-09-18T05:05:51.619114
PFE,LONG,CONVICTION,69.4,BULL_BOUNCE_PENDING,27.08,26.74,28.02,28.58,292,2.74,FAVORABLE,27.63,LIMIT,20,COMPRESSION,2026-09-18,2026-09-18T04:32:33.900085
STEP,LONG,CONVICTION,69.3,BULL_BOUNCE_PENDING,46.16,44.52,48.72,50.01,61,1.56,FAVORABLE,47.1,LIMIT,20,COMPRESSION,2026-09-18,2026-09-18T04:48:43.285796
TLRY,LONG,CONVICTION,69.2,BULL_BOUNCE_PENDING,3.86,3.59,4.49,4.51,362,2.28,FAVORABLE,3.9415,LIMIT,20,COMPRESSION,2026-09-18,2026-09-18T04:39:58.154358
BCRX,LONG,CONVICTION,69.2,BULL_BOUNCE_PENDING,8.5,8.37,9.12,9.12,780,4.88,FAVORABLE,8.67,LIMIT,20,COMPRESSION,2026-09-18,2026-09-18T04:47:43.047891
AU,LONG,CONVICTION,69.2,BULL_BOUNCE_PENDING,100.66,99.41,108.45,103.88,80,6.26,FAVORABLE,102.71,LIMIT,20,COMPRESSION,2026-09-18,2026-09-18T04:56:14.468526
CTSH,SHORT,CONVICTION,69.1,BEAR_REJECTION_PENDING,62.3,63.19,56.25,58.41,111,6.76,FAVORABLE,61.95,LIMIT,20,COMPRESSION,2026-09-18,2026-09-18T04:37:34.936780
NIQ,LONG,CONVICTION,69.1,BULL_BOUNCE_PENDING,17.59,17.13,18.44,19.15,218,1.85,FAVORABLE,17.95,LIMIT,20,COMPRESSION,2026-09-18,2026-09-18T04:48:16.823711
SNK,LONG,CONVICTION,69.1,BULL_BOUNCE_PENDING,13.39,12.75,14.55,14.84,156,1.82,FAVORABLE,13.66,LIMIT,20,COMPRESSION,2026-09-18,2026-09-18T04:48:36.556042
ARBE,LONG,CONVICTION,69.0,BULL_BOUNCE,0.67,0.6,0.77,,1510,1.51,FAVORABLE,0.6705,LIMIT,20,MINOR,2026-09-18,2026-09-18T04:31:49.206398
NRGV,LONG,CONVICTION,69.0,BULL_BOUNCE_CONFIRMED,4.33,3.95,4.55,,263,0.57,FAVORABLE,4.33,LIMIT,8,COMPRESSION,2026-09-18,2026-09-18T04:43:33.742248
VSEC,LONG,CONVICTION,69.0,BULL_BOUNCE_PENDING,174.24,171.31,188.64,188.64,34,4.91,FAVORABLE,175.48,LIMIT,20,CONVICTION,2026-09-18,2026-09-18T04:48:53.943713
ENS,LONG,CONVICTION,69.0,BULL_BOUNCE_PENDING,172.17,167.78,187.6,193.0,22,3.52,FAVORABLE,175.68,LIMIT,20,CONVICTION,2026-09-18,2026-09-18T04:53:37.287031
LGN,LONG,CONVICTION,69.0,BULL_BOUNCE_PENDING,52.33,49.08,59.21,59.65,30,2.12,FAVORABLE,53.4,LIMIT,20,COMPRESSION,2026-09-18,2026-09-18T04:53:52.434058
MTCH,LONG,CONVICTION,69.0,BULL_BOUNCE_PENDING,42.89,42.18,44.23,,139,1.86,FAVORABLE,43.77,LIMIT,6,MINOR,2026-09-18,2026-09-18T04:55:40.183842
JAZZ,LONG,CONVICTION,69.0,BULL_BOUNCE,244.0,237.69,258.0,262.27,15,2.22,FAVORABLE,244.0,LIMIT,20,VACUUM,2026-09-18,2026-09-18T05:05:05.236492
GME,SHORT,CONVICTION,69.0,BEAR_REJECTION_PENDING,23.24,28.69,22.07,,18,0.21,FAVORABLE,22.78,LIMIT,14,COMPRESSION,2026-09-18,2026-09-18T05:05:25.309855
BKV,LONG,CONVICTION,69.0,BULL_BOUNCE,22.79,21.62,25.26,,85,2.1,FAVORABLE,22.79,LIMIT,20,CONVICTION,2026-09-18,2026-09-18T05:09:24.681264
VOGX,LONG,CONVICTION,68.9,BULL_BOUNCE_PENDING,33.51,32.64,35.73,,115,2.56,FAVORABLE,34.105,LIMIT,7,COMPRESSION,2026-09-18,2026-09-18T04:30:12.954869
BYND,LONG,CONVICTION,68.9,BULL_BOUNCE_PENDING,11.43,10.84,12.35,13.16,170,1.58,FAVORABLE,11.6605,LIMIT,20,MINOR,2026-09-18,2026-09-18T04:32:24.169063
PSIX,LONG,CONVICTION,68.9,BULL_BOUNCE_PENDING,44.4,43.37,47.15,46.71,97,2.69,FAVORABLE,45.3041,LIMIT,3,COMPRESSION,2026-09-18,2026-09-18T05:11:13.946796
NVDU,LONG,CONVICTION,68.8,BULL_BOUNCE_PENDING,136.6,134.19,143.21,143.34,41,2.74,FAVORABLE,138.03,LIMIT,20,COMPRESSION,2026-09-18,2026-09-18T04:50:14.253359
CDNA,LONG,CONVICTION,68.8,BULL_BOUNCE_PENDING,53.77,53.09,56.46,,146,3.93,FAVORABLE,54.5,LIMIT,11,MINOR,2026-09-18,2026-09-18T04:59:17.883148
BHVN,LONG,CONVICTION,68.8,BULL_BOUNCE_PENDING,12.79,11.84,14.91,,105,2.24,FAVORABLE,13.05,LIMIT,20,COMPRESSION,2026-09-18,2026-09-18T05:01:58.379283
EXK,LONG,CONVICTION,68.7,BULL_BOUNCE_PENDING,10.2,9.77,11.31,11.32,231,2.57,FAVORABLE,10.41,LIMIT,20,COMPRESSION,2026-09-18,2026-09-18T04:31:10.968844
OLLI,LONG,CONVICTION,68.7,BULL_BOUNCE_PENDING,74.68,73.17,80.59,80.59,66,3.93,FAVORABLE,76.2,LIMIT,9,MINOR,2026-09-18,2026-09-18T04:43:36.177251
FRPT,LONG,CONVICTION,68.7,BULL_BOUNCE_PENDING,60.34,59.02,70.24,63.67,75,7.51,FAVORABLE,61.57,LIMIT,20,COMPRESSION,2026-09-18,2026-09-18T04:47:58.070663
COHU,SHORT,CONVICTION,68.7,BEAR_REJECTION_PENDING,56.67,62.21,47.35,,18,1.68,FAVORABLE,55.56,LIMIT,20,CONVICTION,2026-09-18,2026-09-18T04:51:31.097661
BOIL,SHORT,CONVICTION,68.7,BEAR_REJECTION_PENDING,19.93,22.77,18.93,,35,0.35,FAVORABLE,19.54,LIMIT,20,COMPRESSION,2026-09-18,2026-09-18T04:55:25.738300
BHF,LONG,CONVICTION,68.7,BULL_BOUNCE_PENDING,48.41,43.16,56.33,,19,1.51,FAVORABLE,49.4,LIMIT,20,COMPRESSION,2026-09-18,2026-09-18T05:03:53.084683
HOOG,LONG,CONVICTION,68.7,BULL_BOUNCE_PENDING,32.59,30.68,37.06,37.06,52,2.34,FAVORABLE,33.25,LIMIT,20,MINOR,2026-09-18,2026-09-18T05:06:53.541044
QTEX,LONG,CONVICTION,68.6,BULL_BOUNCE_CONFIRMED,0.88,0.82,0.93,,1510,0.67,FAVORABLE,0.8839,LIMIT,9,MINOR,2026-09-18,2026-09-18T04:31:09.682839
SMCL,LONG,CONVICTION,68.6,BULL_BOUNCE_PENDING,18.63,17.21,21.36,,70,1.92,FAVORABLE,19.01,LIMIT,20,MINOR,2026-09-18,2026-09-18T04:50:41.954413
CECO,LONG,CONVICTION,68.5,BULL_BOUNCE_PENDING,70.12,68.87,74.34,80.3,79,3.36,FAVORABLE,71.14,LIMIT,20,CONVICTION,2026-09-18,2026-09-18T04:47:10.974711
FDMT,LONG,CONVICTION,68.5,BULL_BOUNCE_PENDING,14.36,13.76,15.44,15.76,166,1.81,FAVORABLE,14.65,LIMIT,8,MINOR,2026-09-18,2026-09-18T04:55:00.489213
SIL,LONG,CONVICTION,68.5,BULL_BOUNCE_PENDING,96.42,95.19,105.8,108.09,80,7.58,FAVORABLE,97.15,LIMIT,20,CONVICTION,2026-09-18,2026-09-18T05:01:24.743163
MTDR,LONG,CONVICTION,68.4,BULL_BOUNCE_PENDING,56.92,56.26,60.34,61.58,150,5.16,FAVORABLE,57.67,LIMIT,20,CONVICTION,2026-09-18,2026-09-18T04:45:47.930965
INTC,SHORT,CONVICTION,68.3,BEAR_REJECTION_PENDING,114.37,122.81,101.05,,11,1.58,FAVORABLE,112.1297,LIMIT,9,CONVICTION,2026-09-18,2026-09-18T04:28:26.861154
AMLX,LONG,CONVICTION,68.3,BULL_BOUNCE_PENDING,33.26,32.67,35.44,36.98,170,3.71,FAVORABLE,33.94,LIMIT,19,MINOR,2026-09-18,2026-09-18T04:29:15.990084
MS,LONG,CONVICTION,68.3,BULL_BOUNCE_PENDING,199.51,190.15,218.54,227.2,10,2.03,FAVORABLE,203.58,LIMIT,20,CONVICTION,2026-09-18,2026-09-18T04:33:48.656302
UMAC,LONG,CONVICTION,68.3,BULL_BOUNCE_PENDING,23.63,22.47,26.6,27.15,86,2.56,FAVORABLE,24.11,LIMIT,20,COMPRESSION,2026-09-18,2026-09-18T04:40:36.986969
AGIO,LONG,CONVICTION,68.3,BULL_BOUNCE_PENDING,33.19,32.79,35.83,37.36,250,6.62,FAVORABLE,33.61,LIMIT,20,COMPRESSION,2026-09-18,2026-09-18T04:49:00.869239
CDNS,SHORT,CONVICTION,68.3,BEAR_REJECTION_PENDING,286.62,291.18,265.42,272.92,21,4.65,FAVORABLE,281.0,LIMIT,20,CONVICTION,2026-09-18,2026-09-18T05:00:55.896581
AENT,LONG,CONVICTION,68.3,BULL_BOUNCE_PENDING,4.66,4.02,4.89,,157,0.37,FAVORABLE,4.75,LIMIT,20,MINOR,2026-09-18,2026-09-18T05:09:41.409362
QCOM,SHORT,CONVICTION,68.2,BEAR_REJECTION_PENDING,193.93,205.92,164.79,163.65,8,2.43,FAVORABLE,190.13,LIMIT,11,CONVICTION,2026-09-18,2026-09-18T04:36:55.534617
BMRN,LONG,CONVICTION,68.2,BULL_BOUNCE_PENDING,64.91,64.41,70.61,70.69,200,11.44,FAVORABLE,65.28,LIMIT,20,COMPRESSION,2026-09-18,2026-09-18T04:44:38.692065
OKE,LONG,CONVICTION,68.2,BULL_BOUNCE_PENDING,91.36,88.79,102.95,102.95,39,4.53,FAVORABLE,93.22,LIMIT,20,CONVICTION,2026-09-18,2026-09-18T05:02:29.314868
VAC,SHORT,CONVICTION,68.2,BEAR_REJECTION_PENDING,105.51,107.15,98.73,96.04,60,4.13,FAVORABLE,104.99,LIMIT,20,CONVICTION,2026-09-18,2026-09-18T05:08:23.093000
VSAT,SHORT,CONVICTION,68.1,BEAR_REJECTION_PENDING,73.02,74.68,67.39,67.39,60,3.39,FAVORABLE,72.75,LIMIT,20,CONVICTION,2026-09-18,2026-09-18T04:46:59.330690
SKUU,LONG,CONVICTION,68.1,BULL_BOUNCE_PENDING,28.82,27.97,31.87,30.75,117,3.59,FAVORABLE,29.3,LIMIT,20,VACUUM,2026-09-18,2026-09-18T04:48:34.923386
NCNO,LONG,CONVICTION,68.1,BULL_BOUNCE_PENDING,20.97,20.46,22.96,23.26,196,3.91,FAVORABLE,21.4,LIMIT,20,COMPRESSION,2026-09-18,2026-09-18T04:52:03.817579
WPM,SHORT,CONVICTION,68.1,BEAR_REJECTION_PENDING,152.2,154.89,135.36,139.57,37,6.26,FAVORABLE,152.19,LIMIT,20,CONVICTION,2026-09-18,2026-09-18T04:58:12.598972
CLSK,LONG,CONVICTION,68.0,BULL_BOUNCE,13.57,12.66,15.12,,110,1.71,FAVORABLE,13.57,LIMIT,13,MINOR,2026-09-18,2026-09-18T04:32:28.692071
HL,LONG,CONVICTION,68.0,BULL_BOUNCE_CONFIRMED,19.48,18.91,20.68,21.28,176,2.12,FAVORABLE,19.48,LIMIT,20,COMPRESSION,2026-09-18,2026-09-18T04:33:40.416283
IBM,LONG,CONVICTION,68.0,BULL_BOUNCE,237.83,231.03,248.37,262.2,14,1.55,FAVORABLE,237.83,LIMIT,20,CONVICTION,2026-09-18,2026-09-18T04:35:12.773063
IBRX,LONG,CONVICTION,68.0,BULL_BOUNCE_PENDING,8.33,7.77,9.64,,177,2.33,FAVORABLE,8.5,LIMIT,16,COMPRESSION,2026-09-18,2026-09-18T04:36:39.059057
AGEN,LONG,CONVICTION,68.0,BULL_BOUNCE_PENDING,7.08,6.69,7.74,,257,1.71,FAVORABLE,7.22,LIMIT,12,MINOR,2026-09-18,2026-09-18T04:37:50.654320
PL,LONG,CONVICTION,68.0,BULL_BOUNCE_PENDING,16.87,15.92,17.71,,105,0.89,FAVORABLE,17.21,LIMIT,20,COMPRESSION,2026-09-18,2026-09-18T04:38:16.520902
DDS,LONG,CONVICTION,68.0,BULL_BOUNCE_PENDING,634.27,627.81,644.38,701.78,15,1.57,FAVORABLE,635.5,LIMIT,20,CONVICTION,2026-09-18,2026-09-18T04:45:01.662635
RBRK,LONG,CONVICTION,68.0,BULL_BOUNCE_PENDING,105.11,96.3,110.36,,11,0.6,FAVORABLE,107.25,LIMIT,11,MINOR,2026-09-18,2026-09-18T04:46:15.951079
URGN,LONG,CONVICTION,68.0,BULL_BOUNCE_PENDING,43.07,41.56,49.71,48.81,66,4.4,FAVORABLE,43.95,LIMIT,20,COMPRESSION,2026-09-18,2026-09-18T04:51:01.598605
WMS,LONG,CONVICTION,68.0,BULL_BOUNCE_PENDING,123.16,116.66,134.47,140.52,15,1.74,FAVORABLE,125.67,LIMIT,20,CONVICTION,2026-09-18,2026-09-18T04:52:57.846803
AEIS,LONG,CONVICTION,68.0,BULL_BOUNCE_PENDING,251.3,247.12,267.15,267.15,23,3.8,FAVORABLE,254.43,LIMIT,20,CONVICTION,2026-09-18,2026-09-18T04:54:46.337669
MRVI,LONG,CONVICTION,68.0,BULL_BOUNCE_PENDING,7.13,6.79,8.12,8.35,286,2.83,FAVORABLE,7.28,LIMIT,20,COMPRESSION,2026-09-18,2026-09-18T04:57:53.404409
VSNT,LONG,CONVICTION,68.0,BULL_BOUNCE_PENDING,36.13,35.61,38.38,38.38,190,4.28,FAVORABLE,36.5,LIMIT,20,COMPRESSION,2026-09-18,2026-09-18T05:06:44.905243
BAOS,LONG,CONVICTION,68.0,BULL_BOUNCE_CONFIRMED,0.28,0.27,0.3,,6872,0.97,FAVORABLE,0.2833,LIMIT,1,MINOR,2026-09-18,2026-09-18T05:07:45.948581
JBS,LONG,CONVICTION,68.0,BULL_BOUNCE_PENDING,12.0,11.89,13.58,12.43,871,13.73,FAVORABLE,12.09,LIMIT,20,COMPRESSION,2026-09-18,2026-09-18T05:09:03.996982
BNC,LONG,CONVICTION,67.9,BULL_BOUNCE_PENDING,5.96,5.37,6.26,,170,0.51,FAVORABLE,6.08,LIMIT,3,COMPRESSION,2026-09-18,2026-09-18T04:28:05.300899
UPC,LONG,CONVICTION,67.9,BULL_BOUNCE_PENDING,4.51,3.92,4.73,,169,0.38,FAVORABLE,4.6,LIMIT,6,COMPRESSION,2026-09-18,2026-09-18T04:41:06.249171
HONA,LONG,CONVICTION,67.9,BULL_BOUNCE_PENDING,161.21,157.55,170.01,178.86,27,2.4,FAVORABLE,164.5,LIMIT,11,MINOR,2026-09-18,2026-09-18T04:42:53.949106
BWIN,SHORT,CONVICTION,67.9,BEAR_REJECTION_PENDING,32.6,36.55,30.97,,25,0.41,FAVORABLE,31.96,LIMIT,16,CONVICTION,2026-09-18,2026-09-18T04:49:10.338964
BTSG,LONG,CONVICTION,67.9,BULL_BOUNCE_PENDING,55.51,52.44,61.33,62.58,32,1.9,FAVORABLE,56.64,LIMIT,20,COMPRESSION,2026-09-18,2026-09-18T04:53:17.058990
CMCSA,LONG,CONVICTION,67.8,BULL_BOUNCE_PENDING,22.49,22.13,26.31,24.61,279,10.69,FAVORABLE,22.95,LIMIT,20,COMPRESSION,2026-09-18,2026-09-18T04:32:09.402849
EW,LONG,CONVICTION,67.8,BULL_BOUNCE_PENDING,86.4,83.95,94.43,94.43,40,3.28,FAVORABLE,88.16,LIMIT,20,COMPRESSION,2026-09-18,2026-09-18T04:34:39.301462
OCUL,LONG,CONVICTION,67.8,BULL_BOUNCE_PENDING,10.04,9.87,11.09,11.08,571,5.99,FAVORABLE,10.19,LIMIT,20,COMPRESSION,2026-09-18,2026-09-18T04:55:43.443843
ICE,SHORT,CONVICTION,67.7,BEAR_REJECTION_PENDING,155.79,157.41,146.75,136.0,61,5.57,FAVORABLE,153.01,LIMIT,20,CONVICTION,2026-09-18,2026-09-18T05:07:31.265886
RING,LONG,CONVICTION,67.6,BULL_BOUNCE_PENDING,84.65,83.67,86.9,92.84,103,2.32,FAVORABLE,85.22,LIMIT,20,COMPRESSION,2026-09-18,2026-09-18T04:58:51.731104
COTY,LONG,CONVICTION,67.5,BULL_BOUNCE_PENDING,2.44,2.36,2.66,2.7,1245,2.76,FAVORABLE,2.4882,LIMIT,20,COMPRESSION,2026-09-18,2026-09-18T04:32:04.986842
LEU,SHORT,CONVICTION,67.4,BEAR_REJECTION_PENDING,152.01,155.28,131.45,141.68,30,6.28,FAVORABLE,150.8,LIMIT,20,COMPRESSION,2026-09-18,2026-09-18T04:43:03.613123
AVGX,SHORT,CONVICTION,67.4,BEAR_REJECTION_PENDING,38.48,40.55,35.3,32.59,48,1.54,FAVORABLE,37.73,LIMIT,20,COMPRESSION,2026-09-18,2026-09-18T05:03:29.737641
DIS,LONG,CONVICTION,67.3,BULL_BOUNCE_PENDING,103.39,101.48,108.78,121.03,52,2.82,FAVORABLE,105.5,LIMIT,20,COMPRESSION,2026-09-18,2026-09-18T04:34:20.342422
SNOW,SHORT,CONVICTION,67.3,BEAR_REJECTION_PENDING,344.96,359.18,296.44,305.25,7,3.41,FAVORABLE,338.2,LIMIT,20,CONVICTION,2026-09-18,2026-09-18T04:38:34.324936
KVYO,LONG,CONVICTION,67.3,BULL_BOUNCE_PENDING,15.55,15.01,16.57,17.33,185,1.89,FAVORABLE,15.87,LIMIT,20,COMPRESSION,2026-09-18,2026-09-18T04:45:34.758357
LASR,LONG,CONVICTION,67.3,BULL_BOUNCE_PENDING,37.83,35.54,44.36,43.73,43,2.86,FAVORABLE,38.6,LIMIT,20,COMPRESSION,2026-09-18,2026-09-18T04:50:03.456344
VIRT,LONG,CONVICTION,67.3,BULL_BOUNCE_PENDING,56.11,54.65,60.75,63.88,68,3.17,FAVORABLE,57.26,LIMIT,20,COMPRESSION,2026-09-18,2026-09-18T04:54:35.220669
LAES,LONG,CONVICTION,67.1,BULL_BOUNCE_PENDING,2.27,2.13,2.54,,695,1.82,FAVORABLE,2.3195,LIMIT,9,MINOR,2026-09-18,2026-09-18T04:32:12.042039
WIX,LONG,CONVICTION,67.0,BULL_BOUNCE,80.32,75.23,90.04,,19,1.91,FAVORABLE,80.32,LIMIT,20,COMPRESSION,2026-09-18,2026-09-18T04:28:08.249753
BMNR,LONG,CONVICTION,67.0,BULL_BOUNCE_CONFIRMED,24.7,22.8,27.75,,52,1.6,FAVORABLE,24.7,LIMIT,20,CONVICTION,2026-09-18,2026-09-18T04:28:25.745622
SBEV,LONG,CONVICTION,67.0,BULL_BOUNCE_PENDING,0.41,0.38,0.43,,2887,0.59,FAVORABLE,0.4201,LIMIT,4,MINOR,2026-09-18,2026-09-18T04:40:01.740365
BRZE,LONG,CONVICTION,67.0,BULL_BOUNCE_PENDING,24.46,23.94,26.18,27.31,191,3.29,FAVORABLE,24.8988,LIMIT,20,CONVICTION,2026-09-18,2026-09-18T04:44:42.085067
NOV,LONG,CONVICTION,67.0,BULL_BOUNCE_PENDING,20.32,19.3,21.33,,98,1.0,FAVORABLE,20.7317,LIMIT,12,COMPRESSION,2026-09-18,2026-09-18T04:46:00.619517
REPL,LONG,CONVICTION,67.0,BULL_BOUNCE_CONFIRMED,12.99,5.47,13.64,,13,0.09,FAVORABLE,12.99,LIMIT,20,COMPRESSION,2026-09-18,2026-09-18T04:46:17.783081
SM,LONG,CONVICTION,67.0,BULL_BOUNCE_PENDING,36.32,34.76,39.42,40.25,64,1.99,FAVORABLE,37.06,LIMIT,20,COMPRESSION,2026-09-18,2026-09-18T04:46:28.307109
EXPE,LONG,CONVICTION,67.0,BULL_BOUNCE_PENDING,281.25,277.52,296.5,296.5,26,4.09,FAVORABLE,284.55,LIMIT,20,CONVICTION,2026-09-18,2026-09-18T04:47:54.741442
GDX,LONG,CONVICTION,67.0,BULL_BOUNCE_PENDING,96.64,95.45,98.89,104.2,84,1.9,FAVORABLE,97.43,LIMIT,20,COMPRESSION,2026-09-18,2026-09-18T04:58:32.009533
NUE,LONG,CONVICTION,67.0,BULL_BOUNCE_PENDING,256.1,253.83,267.4,261.64,44,5.0,FAVORABLE,257.0,LIMIT,20,CONVICTION,2026-09-18,2026-09-18T05:06:23.309248
STLD,LONG,CONVICTION,67.0,BULL_BOUNCE_PENDING,229.73,225.4,253.41,241.09,23,5.46,FAVORABLE,234.4203,LIMIT,20,CONVICTION,2026-09-18,2026-09-18T05:06:32.545362
CLYM,LONG,CONVICTION,67.0,BULL_BOUNCE,14.06,12.9,16.03,,85,1.69,FAVORABLE,14.06,LIMIT,20,MINOR,2026-09-18,2026-09-18T05:07:22.539736
LABX,LONG,CONVICTION,67.0,BULL_BOUNCE_CONFIRMED,10.58,9.85,12.09,,136,2.05,FAVORABLE,10.583,LIMIT,20,CONVICTION,2026-09-18,2026-09-18T05:07:50.936842
BMGL,LONG,CONVICTION,67.0,BULL_BOUNCE_PENDING,4.46,3.95,4.68,,196,0.44,FAVORABLE,4.55,LIMIT,14,MINOR,2026-09-18,2026-09-18T05:10:02.813402
KIDZ,LONG,CONVICTION,67.0,BULL_BOUNCE_PENDING,2.93,2.75,3.29,3.36,541,1.95,FAVORABLE,2.99,LIMIT,20,MINOR,2026-09-18,2026-09-18T05:11:20.199808
SPCX,SHORT,CONVICTION,66.9,BEAR_REJECTION_PENDING,158.92,161.22,150.0,150.0,43,3.87,FAVORABLE,156.2,LIMIT,16,CONVICTION,2026-09-18,2026-09-18T04:39:08.707138
TDC,LONG,CONVICTION,66.9,BULL_BOUNCE_PENDING,28.68,27.7,30.88,33.31,101,2.23,FAVORABLE,29.27,LIMIT,15,VACUUM,2026-09-18,2026-09-18T04:55:52.184850
CDNL,SHORT,CONVICTION,66.8,BEAR_REJECTION_PENDING,32.38,35.83,30.77,,29,0.47,FAVORABLE,31.75,LIMIT,20,CONVICTION,2026-09-18,2026-09-18T04:53:18.592997
VRSN,SHORT,CONVICTION,66.8,BEAR_REJECTION_PENDING,305.3,308.39,299.37,289.86,32,1.92,FAVORABLE,302.05,LIMIT,8,CONVICTION,2026-09-18,2026-09-18T05:00:35.193019
TEAM,LONG,CONVICTION,66.7,BULL_BOUNCE_PENDING,191.41,188.63,220.88,200.05,35,10.59,FAVORABLE,192.25,LIMIT,20,VACUUM,2026-09-18,2026-09-18T04:40:08.478915
COHX,LONG,CONVICTION,66.7,BULL_BOUNCE_PENDING,24.69,23.72,26.94,,103,2.34,FAVORABLE,25.19,LIMIT,5,MINOR,2026-09-18,2026-09-18T04:42:08.753349
INOD,LONG,CONVICTION,66.7,BULL_BOUNCE_PENDING,56.19,55.13,62.82,62.82,94,6.24,FAVORABLE,56.99,LIMIT,20,CONVICTION,2026-09-18,2026-09-18T04:53:46.358049
CBRL,LONG,CONVICTION,66.7,BUY_LOWER_DIRTY,44.05,43.0,48.12,,95,3.89,FAVORABLE,44.05,LIMIT,20,COMPRESSION,2026-09-18,2026-09-18T04:54:52.498211
SE,LONG,CONVICTION,66.7,BULL_BOUNCE_PENDING,100.36,99.1,104.54,111.29,79,3.31,FAVORABLE,101.74,LIMIT,20,CONVICTION,2026-09-18,2026-09-18T05:01:20.301155
TSDD,LONG,CONVICTION,66.7,BULL_BOUNCE_PENDING,7.42,7.07,8.13,8.41,290,2.06,FAVORABLE,7.57,LIMIT,20,COMPRESSION,2026-09-18,2026-09-18T05:08:19.908200
FND,SHORT,CONVICTION,66.7,BEAR_REJECTION_PENDING,48.36,50.48,45.94,,47,1.14,FAVORABLE,47.41,LIMIT,20,COMPRESSION,2026-09-18,2026-09-18T05:09:00.735290
MBGL,LONG,CONVICTION,66.6,BULL_BOUNCE_PENDING,19.66,19.48,20.59,20.59,546,5.06,FAVORABLE,20.05,LIMIT,19,MINOR,2026-09-18,2026-09-18T04:30:56.382098
JNUG,LONG,CONVICTION,66.6,BULL_BOUNCE_PENDING,180.68,176.02,192.83,195.05,21,2.6,FAVORABLE,183.6,LIMIT,20,CONVICTION,2026-09-18,2026-09-18T04:57:43.737398
BROS,SHORT,CONVICTION,66.6,BEAR_REJECTION_PENDING,41.32,44.12,34.5,,35,2.44,FAVORABLE,40.51,LIMIT,20,COMPRESSION,2026-09-18,2026-09-18T05:05:51.326113
IPI,LONG,CONVICTION,66.5,BULL_BOUNCE_PENDING,38.95,37.51,44.72,44.72,69,3.99,FAVORABLE,39.75,LIMIT,14,COMPRESSION,2026-09-18,2026-09-18T04:30:16.896873
RIVN,LONG,CONVICTION,66.5,BULL_BOUNCE,15.53,14.87,17.5,,151,2.98,FAVORABLE,15.53,LIMIT,19,MINOR,2026-09-18,2026-09-18T04:37:48.610316
BLDR,SHORT,CONVICTION,66.5,BEAR_REJECTION_PENDING,58.91,60.67,55.96,,56,1.67,FAVORABLE,57.75,LIMIT,20,COMPRESSION,2026-09-18,2026-09-18T04:47:10.721711
MSFU,LONG,CONVICTION,66.5,BULL_BOUNCE_PENDING,37.39,36.93,42.19,41.16,216,10.39,FAVORABLE,37.56,LIMIT,13,VACUUM,2026-09-18,2026-09-18T05:02:22.000854
GIL,LONG,CONVICTION,66.5,BULL_BOUNCE_PENDING,45.32,40.46,53.18,,20,1.62,FAVORABLE,46.25,LIMIT,20,COMPRESSION,2026-09-18,2026-09-18T05:07:30.266884
NXPI,SHORT,CONVICTION,66.5,BEAR_REJECTION_PENDING,232.55,238.18,204.27,208.65,17,5.02,FAVORABLE,231.39,LIMIT,20,CONVICTION,2026-09-18,2026-09-18T05:09:32.708280
ECO,LONG,CONVICTION,66.5,BULL_BOUNCE_PENDING,82.5,81.47,84.74,85.57,97,2.19,FAVORABLE,84.18,LIMIT,20,COMPRESSION,2026-09-18,2026-09-18T05:09:48.460375
WDCX,LONG,CONVICTION,66.2,BULL_BOUNCE_CONFIRMED,15.65,14.4,17.75,,79,1.68,FAVORABLE,15.65,LIMIT,17,MINOR,2026-09-18,2026-09-18T04:52:57.099806
PANW,LONG,CONVICTION,66.1,BULL_BOUNCE,373.83,353.95,380.44,,5,0.33,FAVORABLE,373.83,LIMIT,20,VACUUM,2026-09-18,2026-09-18T04:30:39.831157
OUST,LONG,CONVICTION,66.1,BULL_BOUNCE_CONFIRMED,35.91,33.82,40.3,,47,2.1,FAVORABLE,35.9117,LIMIT,13,CONVICTION,2026-09-18,2026-09-18T04:40:43.548981
STIM,LONG,CONVICTION,66.0,BULL_BOUNCE_PENDING,2.9,2.7,3.22,,521,1.69,FAVORABLE,2.9556,LIMIT,11,COMPRESSION,2026-09-18,2026-09-18T04:29:25.656587
PI,LONG,CONVICTION,66.0,BULL_BOUNCE,179.73,170.45,203.63,,10,2.58,FAVORABLE,179.73,LIMIT,18,CONVICTION,2026-09-18,2026-09-18T04:29:58.018742
FRMI,LONG,CONVICTION,66.0,BULL_BOUNCE_CONFIRMED,5.02,4.78,5.39,,409,1.52,FAVORABLE,5.02,LIMIT,10,COMPRESSION,2026-09-18,2026-09-18T04:31:02.443827
DKNG,LONG,CONVICTION,66.0,BULL_BOUNCE,22.56,21.4,24.83,25.7,86,1.96,FAVORABLE,22.56,LIMIT,20,COMPRESSION,2026-09-18,2026-09-18T04:34:01.281322
CCC,LONG,CONVICTION,66.0,BULL_BOUNCE_PENDING,6.51,6.14,6.83,,269,0.88,FAVORABLE,6.64,LIMIT,3,COMPRESSION,2026-09-18,2026-09-18T04:37:42.678304
NAVN,LONG,CONVICTION,66.0,BULL_BOUNCE_PENDING,21.71,20.74,22.79,,103,1.12,FAVORABLE,22.15,LIMIT,20,COMPRESSION,2026-09-18,2026-09-18T04:41:09.520178
CRGY,LONG,CONVICTION,66.0,BULL_BOUNCE_PENDING,14.09,13.85,15.9,14.64,426,7.74,FAVORABLE,14.3,LIMIT,14,COMPRESSION,2026-09-18,2026-09-18T04:42:09.546879
TNDM,LONG,CONVICTION,66.0,BULL_BOUNCE_PENDING,17.22,15.88,19.51,,74,1.72,FAVORABLE,17.57,LIMIT,20,COMPRESSION,2026-09-18,2026-09-18T04:44:03.469374
MUSA,SHORT,CONVICTION,66.0,BEAR_REJECTION_PENDING,522.02,526.97,474.28,469.5,20,9.64,FAVORABLE,519.0,LIMIT,20,CONVICTION,2026-09-18,2026-09-18T04:45:53.746505
BAM,SHORT,CONVICTION,66.0,BEAR_REJECTION_PENDING,46.33,48.04,43.3,,58,1.77,FAVORABLE,45.42,LIMIT,20,COMPRESSION,2026-09-18,2026-09-18T04:47:32.311281
OLED,LONG,CONVICTION,66.0,BULL_BOUNCE_CONFIRMED,78.32,75.66,85.46,88.14,37,2.68,FAVORABLE,78.32,LIMIT,20,COMPRESSION,2026-09-18,2026-09-18T04:48:21.232385
DHT,LONG,CONVICTION,66.0,BULL_BOUNCE_PENDING,22.25,21.86,23.2,23.44,261,2.49,FAVORABLE,22.7,LIMIT,20,MINOR,2026-09-18,2026-09-18T04:49:25.366503
XENE,LONG,CONVICTION,66.0,BULL_BOUNCE_PENDING,41.65,41.17,42.57,46.0,207,1.91,FAVORABLE,42.0,LIMIT,14,CONVICTION,2026-09-18,2026-09-18T04:55:56.043384
PGEN,LONG,CONVICTION,66.0,BULL_BOUNCE_PENDING,7.85,7.76,8.25,,1103,4.33,FAVORABLE,7.9292,LIMIT,2,MINOR,2026-09-18,2026-09-18T04:58:45.012551
CHDN,LONG,CONVICTION,66.0,BUY_LOWER_DIRTY,85.0,83.33,87.76,,59,1.65,FAVORABLE,84.9997,LIMIT,20,COMPRESSION,2026-09-18,2026-09-18T05:04:32.043353
CANG,LONG,CONVICTION,66.0,BULL_BOUNCE_CONFIRMED,2.22,2.07,2.33,,673,0.75,FAVORABLE,2.22,LIMIT,10,COMPRESSION,2026-09-18,2026-09-18T05:10:19.211503
FPS,LONG,CONVICTION,65.9,BULL_BOUNCE_PENDING,38.8,38.08,44.56,41.9,138,7.97,FAVORABLE,39.31,LIMIT,17,CONVICTION,2026-09-18,2026-09-18T04:39:42.765329
DKS,SHORT,CONVICTION,65.9,BEAR_REJECTION_PENDING,126.59,131.53,120.26,,20,1.28,FAVORABLE,124.1039,LIMIT,20,CONVICTION,2026-09-18,2026-09-18T04:42:27.047447
TAL,LONG,CONVICTION,65.8,BULL_BOUNCE_PENDING,11.57,11.44,12.55,11.96,816,8.04,FAVORABLE,11.7,LIMIT,14,MINOR,2026-09-18,2026-09-18T05:05:40.496938
BEEM,LONG,CONVICTION,65.7,BULL_BOUNCE_PENDING,1.32,1.27,1.53,1.51,1740,3.6,FAVORABLE,1.35,LIMIT,20,MINOR,2026-09-18,2026-09-18T04:40:23.956948
AVAH,LONG,CONVICTION,65.7,BULL_BOUNCE_PENDING,13.68,11.72,14.37,,51,0.35,FAVORABLE,13.9604,LIMIT,20,MINOR,2026-09-18,2026-09-18T04:51:20.650642
YOU,LONG,CONVICTION,65.7,BULL_BOUNCE_PENDING,39.21,34.66,41.17,,21,0.43,FAVORABLE,40.01,LIMIT,20,COMPRESSION,2026-09-18,2026-09-18T05:00:37.911022
COMP,LONG,CONVICTION,65.6,BULL_BOUNCE_PENDING,10.27,9.8,11.63,11.68,211,2.88,FAVORABLE,10.48,LIMIT,20,COMPRESSION,2026-09-18,2026-09-18T04:35:54.729832
NWL,LONG,CONVICTION,65.6,BULL_BOUNCE_PENDING,5.5,5.22,5.98,6.17,364,1.76,FAVORABLE,5.61,LIMIT,20,COMPRESSION,2026-09-18,2026-09-18T04:48:19.470318
QGEN,LONG,CONVICTION,65.6,BULL_BOUNCE_PENDING,43.98,42.69,49.47,47.65,77,4.23,FAVORABLE,44.88,LIMIT,16,COMPRESSION,2026-09-18,2026-09-18T05:01:17.843150
CNM,LONG,CONVICTION,65.6,BULL_BOUNCE_PENDING,42.04,40.85,45.86,48.54,83,3.19,FAVORABLE,42.9,LIMIT,20,COMPRESSION,2026-09-18,2026-09-18T05:05:51.684114
FMX,LONG,CONVICTION,65.6,BULL_BOUNCE,120.4,117.82,127.22,131.07,38,2.65,FAVORABLE,120.4,LIMIT,20,CONVICTION,2026-09-18,2026-09-18T05:10:09.340419
BB,LONG,CONVICTION,65.5,BULL_BOUNCE_PENDING,7.94,7.71,8.41,8.6,442,2.09,FAVORABLE,8.1,LIMIT,7,MINOR,2026-09-18,2026-09-18T04:38:16.855903
FNGR,LONG,CONVICTION,65.5,BULL_BOUNCE,0.14,0.07,0.15,,1459,0.1,FAVORABLE,0.1429,LIMIT,8,MINOR,2026-09-18,2026-09-18T05:06:50.569038
NCPL,LONG,CONVICTION,65.4,BULL_BOUNCE_PENDING,0.52,0.47,0.55,,1829,0.48,FAVORABLE,0.5303,LIMIT,11,MINOR,2026-09-18,2026-09-18T05:03:10.528003
MLYS,LONG,CONVICTION,65.4,BULL_BOUNCE_PENDING,27.34,25.11,31.56,,44,1.89,FAVORABLE,27.9,LIMIT,20,COMPRESSION,2026-09-18,2026-09-18T05:06:21.195245
CMG,LONG,CONVICTION,65.1,BULL_BOUNCE_PENDING,32.99,31.85,37.41,38.43,87,3.89,FAVORABLE,33.66,LIMIT,20,MINOR,2026-09-18,2026-09-18T04:37:58.452868
CYPH,LONG,CONVICTION,65.1,BULL_BOUNCE_PENDING,3.17,3.01,3.33,,626,0.99,FAVORABLE,3.2366,LIMIT,2,MINOR,2026-09-18,2026-09-18T05:03:21.111096
CROX,SHORT,CONVICTION,65.1,BEAR_REJECTION_PENDING,124.02,126.64,118.69,110.84,38,2.03,FAVORABLE,124.0,LIMIT,20,COMPRESSION,2026-09-18,2026-09-18T05:10:44.672150
HNST,LONG,CONVICTION,65.0,BULL_BOUNCE,5.38,5.13,5.98,5.98,404,2.42,FAVORABLE,5.38,LIMIT,20,COMPRESSION,2026-09-18,2026-09-18T04:28:52.675442
LYFT,LONG,CONVICTION,65.0,BULL_BOUNCE,15.57,14.89,16.6,17.35,147,1.52,FAVORABLE,15.57,LIMIT,20,COMPRESSION,2026-09-18,2026-09-18T04:33:52.464305
FLNC,LONG,CONVICTION,65.0,CHANNEL_BREAKOUT,7.87,7.66,9.05,,482,5.69,FAVORABLE,7.87,LIMIT,4,MINOR,2026-09-18,2026-09-18T04:36:34.249518
INTR,SHORT,CONVICTION,65.0,BEAR_REJECTION_PENDING,5.49,5.74,4.81,4.83,402,2.74,FAVORABLE,5.47,LIMIT,20,COMPRESSION,2026-09-18,2026-09-18T04:37:54.415860
TPET,LONG,CONVICTION,65.0,BULL_BOUNCE,1.85,1.64,1.88,,474,0.14,FAVORABLE,1.85,LIMIT,12,COMPRESSION,2026-09-18,2026-09-18T04:39:32.354719
DOMO,LONG,CONVICTION,65.0,BULL_BOUNCE,3.86,3.71,4.19,,708,2.36,FAVORABLE,3.8562,LIMIT,20,MINOR,2026-09-18,2026-09-18T04:41:33.810224
AMRX,LONG,CONVICTION,65.0,BULL_BOUNCE_PENDING,18.18,17.99,19.8,20.5,525,8.51,FAVORABLE,18.4,LIMIT,10,MINOR,2026-09-18,2026-09-18T04:49:01.128240
EXPD,LONG,CONVICTION,65.0,BULL_BOUNCE_PENDING,185.3,183.33,193.0,193.0,50,3.91,FAVORABLE,189.08,LIMIT,20,MINOR,2026-09-18,2026-09-18T04:49:38.256759
TGTX,LONG,CONVICTION,65.0,BULL_BOUNCE,56.28,53.93,59.09,,42,1.2,FAVORABLE,56.28,LIMIT,12,MINOR,2026-09-18,2026-09-18T04:54:30.662132
OII,LONG,CONVICTION,65.0,BULL_BOUNCE,46.2,44.25,50.41,52.49,51,2.16,FAVORABLE,46.2,LIMIT,20,COMPRESSION,2026-09-18,2026-09-18T04:55:06.727757
MAN,LONG,CONVICTION,65.0,BULL_BOUNCE,57.67,55.31,63.2,64.4,42,2.34,FAVORABLE,57.67,LIMIT,20,CONVICTION,2026-09-18,2026-09-18T04:55:38.367840
SXTC,LONG,CONVICTION,65.0,BULL_BOUNCE,2.4,2.01,2.52,,254,0.31,FAVORABLE,2.4,LIMIT,18,MINOR,2026-09-18,2026-09-18T04:55:49.201849
IBIT,SHORT,CONVICTION,65.0,BEAR_REJECTION_PENDING,44.25,47.73,37.85,,28,1.84,FAVORABLE,44.24,LIMIT,20,CONVICTION,2026-09-18,2026-09-18T04:57:39.691393
SDOT,LONG,CONVICTION,65.0,BULL_BOUNCE_CONFIRMED,12.5,11.72,14.33,14.33,128,2.35,FAVORABLE,12.5,LIMIT,20,MINOR,2026-09-18,2026-09-18T04:59:41.940175
UXRP,LONG,CONVICTION,65.0,BULL_BOUNCE_PENDING,13.87,12.83,16.08,,96,2.14,FAVORABLE,14.15,LIMIT,14,MINOR,2026-09-18,2026-09-18T05:00:09.082295
ETSY,LONG,CONVICTION,65.0,BULL_BOUNCE,72.34,69.23,81.69,80.21,32,3.01,FAVORABLE,72.34,LIMIT,20,COMPRESSION,2026-09-18,2026-09-18T05:00:20.703932
SDRL,LONG,CONVICTION,65.0,BULL_BOUNCE_PENDING,47.15,44.54,51.52,54.76,38,1.67,FAVORABLE,48.11,LIMIT,20,COMPRESSION,2026-09-18,2026-09-18T05:04:10.624714
LUXE,LONG,CONVICTION,65.0,BULL_BOUNCE_PENDING,9.42,9.27,9.89,10.26,682,3.23,FAVORABLE,9.4647,LIMIT,2,COMPRESSION,2026-09-18,2026-09-18T05:10:43.664153
ETHU,LONG,CONVICTION,64.9,BULL_BOUNCE_PENDING,26.19,25.31,28.64,28.35,114,2.81,FAVORABLE,26.72,LIMIT,20,MINOR,2026-09-18,2026-09-18T04:57:25.506376
QXO,SHORT,CONVICTION,64.8,BEAR_REJECTION_PENDING,12.01,12.37,11.32,,276,1.89,FAVORABLE,11.84,LIMIT,20,COMPRESSION,2026-09-18,2026-09-18T04:31:15.302789
DNTH,LONG,CONVICTION,64.8,BULL_BOUNCE_PENDING,102.1,100.57,107.85,115.81,65,3.75,FAVORABLE,102.34,LIMIT,20,MINOR,2026-09-18,2026-09-18T04:45:04.500640
SFM,SHORT,CONVICTION,64.8,BEAR_REJECTION_PENDING,71.3,73.83,67.73,,39,1.41,FAVORABLE,69.9,LIMIT,20,COMPRESSION,2026-09-18,2026-09-18T04:50:34.419398
GOF,SHORT,CONVICTION,64.8,BEAR_REJECTION_PENDING,8.65,9.07,8.22,,240,1.04,FAVORABLE,8.63,LIMIT,20,COMPRESSION,2026-09-18,2026-09-18T04:59:28.399155
ATRC,LONG,CONVICTION,64.8,BULL_BOUNCE_PENDING,57.94,57.17,59.26,,129,1.71,FAVORABLE,59.12,LIMIT,2,MINOR,2026-09-18,2026-09-18T05:05:42.218748
NXE,SHORT,CONVICTION,64.7,BEAR_REJECTION_PENDING,9.55,9.9,8.62,8.22,286,2.66,FAVORABLE,9.5461,LIMIT,20,COMPRESSION,2026-09-18,2026-09-18T04:31:03.182828
ADM,LONG,CONVICTION,64.7,BULL_BOUNCE_PENDING,87.05,86.22,91.4,,121,5.29,FAVORABLE,88.11,LIMIT,0,NONE,2026-09-18,2026-09-18T04:44:27.122039
CRC,SHORT,CONVICTION,64.7,BEAR_REJECTION_PENDING,55.51,58.9,49.59,46.63,29,1.74,FAVORABLE,54.42,LIMIT,20,CONVICTION,2026-09-18,2026-09-18T04:44:57.122098
IMAX,SHORT,CONVICTION,64.7,BEAR_REJECTION_PENDING,52.35,54.65,48.49,46.21,43,1.68,FAVORABLE,51.88,LIMIT,20,MINOR,2026-09-18,2026-09-18T04:45:30.043346
KMX,LONG,CONVICTION,64.7,BULL_BOUNCE_PENDING,57.85,57.15,62.3,63.48,143,6.38,FAVORABLE,58.82,LIMIT,20,COMPRESSION,2026-09-18,2026-09-18T04:58:39.048542
M,SHORT,CONVICTION,64.7,BEAR_REJECTION_PENDING,21.77,22.19,20.71,19.14,237,2.52,FAVORABLE,21.68,LIMIT,20,COMPRESSION,2026-09-18,2026-09-18T05:09:53.004390
MWH,LONG,CONVICTION,64.7,BULL_BOUNCE_PENDING,25.62,24.3,28.0,28.92,75,1.81,FAVORABLE,26.14,LIMIT,20,COMPRESSION,2026-09-18,2026-09-18T05:09:57.372391
FAZ,LONG,CONVICTION,64.7,BULL_BOUNCE_PENDING,34.34,32.65,39.23,40.01,59,2.89,FAVORABLE,35.04,LIMIT,20,COMPRESSION,2026-09-18,2026-09-18T05:10:56.769707
PGY,LONG,CONVICTION,64.6,BULL_BOUNCE_PENDING,20.23,19.51,23.68,21.86,140,4.85,FAVORABLE,20.64,LIMIT,20,COMPRESSION,2026-09-18,2026-09-18T04:40:42.443979
EYE,LONG,CONVICTION,64.6,BULL_BOUNCE_PENDING,16.53,15.74,19.11,18.44,125,3.24,FAVORABLE,16.87,LIMIT,20,COMPRESSION,2026-09-18,2026-09-18T05:01:00.124590
EQH,LONG,CONVICTION,64.6,BULL_BOUNCE_PENDING,52.97,52.34,55.55,55.55,157,4.08,FAVORABLE,54.04,LIMIT,20,COMPRESSION,2026-09-18,2026-09-18T05:06:00.197599
CRCD,LONG,CONVICTION,64.6,BULL_BOUNCE_PENDING,1.98,1.81,2.29,,574,1.8,FAVORABLE,2.02,LIMIT,20,COMPRESSION,2026-09-18,2026-09-18T05:10:21.400508
MSTR,LONG,CONVICTION,64.5,BULL_BOUNCE_PENDING,134.06,131.07,148.47,142.69,33,4.82,FAVORABLE,136.8,LIMIT,18,CONVICTION,2026-09-18,2026-09-18T04:33:08.754683
SOFI,SHORT,CONVICTION,64.5,BEAR_REJECTION_PENDING,17.0,17.41,15.95,15.55,249,2.63,FAVORABLE,16.84,LIMIT,20,COMPRESSION,2026-09-18,2026-09-18T04:33:30.845263
ALTO,LONG,CONVICTION,64.5,BULL_BOUNCE_PENDING,3.94,3.82,4.37,4.34,818,3.48,FAVORABLE,4.02,LIMIT,14,MINOR,2026-09-18,2026-09-18T04:41:24.231206
BBY,SHORT,CONVICTION,64.5,BEAR_REJECTION_PENDING,96.24,97.93,89.04,82.86,59,4.26,FAVORABLE,94.35,LIMIT,17,COMPRESSION,2026-09-18,2026-09-18T05:03:38.653657
KBR,SHORT,CONVICTION,64.5,BEAR_REJECTION_PENDING,36.69,38.07,32.18,,72,3.27,FAVORABLE,36.45,LIMIT,20,COMPRESSION,2026-09-18,2026-09-18T05:10:28.762072
GMAB,LONG,CONVICTION,64.5,BULL_BOUNCE_PENDING,34.25,33.98,34.8,,362,1.98,FAVORABLE,34.68,LIMIT,5,MINOR,2026-09-18,2026-09-18T05:10:27.096058
VMAR,LONG,CONVICTION,64.4,BULL_BOUNCE_PENDING,7.4,6.84,8.39,,179,1.79,FAVORABLE,7.55,LIMIT,20,MINOR,2026-09-18,2026-09-18T04:32:05.340841
CLF,LONG,CONVICTION,64.4,BULL_BOUNCE_PENDING,12.51,12.09,13.2,13.58,235,1.61,FAVORABLE,12.77,LIMIT,15,COMPRESSION,2026-09-18,2026-09-18T04:33:14.329695
POWI,LONG,CONVICTION,64.4,BULL_BOUNCE,49.15,46.63,54.66,55.0,39,2.19,FAVORABLE,49.15,LIMIT,20,CONVICTION,2026-09-18,2026-09-18T05:09:57.648393
TGB,LONG,CONVICTION,64.3,BULL_BOUNCE_PENDING,8.2,7.98,9.15,9.15,449,4.25,FAVORABLE,8.37,LIMIT,20,COMPRESSION,2026-09-18,2026-09-18T04:30:48.213352
ESNT,LONG,CONVICTION,64.3,BULL_BOUNCE_PENDING,66.15,63.27,69.46,,34,1.15,FAVORABLE,67.5,LIMIT,20,COMPRESSION,2026-09-18,2026-09-18T04:42:35.721539
RRR,LONG,CONVICTION,64.3,BULL_BOUNCE_PENDING,51.73,49.88,56.94,56.94,53,2.81,FAVORABLE,52.79,LIMIT,20,COMPRESSION,2026-09-18,2026-09-18T04:48:29.657973
IOND,LONG,CONVICTION,64.3,BULL_BOUNCE_PENDING,82.32,79.01,86.44,,30,1.24,FAVORABLE,84.0,LIMIT,8,COMPRESSION,2026-09-18,2026-09-18T04:49:54.444856
WU,SHORT,CONVICTION,64.2,BEAR_REJECTION_PENDING,6.65,6.88,6.32,,426,1.42,FAVORABLE,6.56,LIMIT,20,COMPRESSION,2026-09-18,2026-09-18T04:53:01.176811
GEV,LONG,CONVICTION,64.2,BULL_BOUNCE_PENDING,925.68,913.87,977.0,1002.27,8,4.34,FAVORABLE,936.0,LIMIT,20,CONVICTION,2026-09-18,2026-09-18T05:02:07.267298
BWXT,LONG,CONVICTION,64.1,BULL_BOUNCE,146.5,141.35,154.5,168.11,19,1.55,FAVORABLE,146.5,LIMIT,20,CONVICTION,2026-09-18,2026-09-18T05:05:16.949534
ACI,LONG,CONVICTION,64.1,BULL_BOUNCE_PENDING,12.33,12.02,12.8,,332,1.58,FAVORABLE,12.5769,LIMIT,11,MINOR,2026-09-18,2026-09-18T05:09:43.277365
DCX,LONG,CONVICTION,64.0,BULL_BOUNCE_PENDING,0.4,0.36,0.42,,2285,0.46,FAVORABLE,0.4095,LIMIT,4,MINOR,2026-09-18,2026-09-18T04:28:38.582208
BFLY,LONG,CONVICTION,64.0,BULL_BOUNCE,8.02,7.49,8.12,,187,0.19,FAVORABLE,8.02,LIMIT,14,COMPRESSION,2026-09-18,2026-09-18T04:39:03.568599
ASAN,LONG,CONVICTION,64.0,BULL_BOUNCE_PENDING,10.03,9.84,10.66,11.0,537,3.38,FAVORABLE,10.08,LIMIT,3,COMPRESSION,2026-09-18,2026-09-18T04:40:05.010373
ARQT,LONG,CONVICTION,64.0,BULL_BOUNCE_PENDING,25.48,23.36,29.13,,47,1.73,FAVORABLE,26.0,LIMIT,20,MINOR,2026-09-18,2026-09-18T04:44:36.933063
CHYM,LONG,CONVICTION,64.0,BULL_BOUNCE_PENDING,30.19,28.41,33.36,35.43,56,1.78,FAVORABLE,30.81,LIMIT,20,COMPRESSION,2026-09-18,2026-09-18T04:44:51.135084
LYB,LONG,CONVICTION,64.0,BULL_BOUNCE_PENDING,62.96,58.61,69.69,73.57,22,1.54,FAVORABLE,64.25,LIMIT,20,COMPRESSION,2026-09-18,2026-09-18T04:45:41.790368
ROIV,LONG,CONVICTION,64.0,BULL_BOUNCE_PENDING,39.17,34.9,41.13,,23,0.46,FAVORABLE,39.97,LIMIT,20,MINOR,2026-09-18,2026-09-18T04:55:47.891847
BMNU,LONG,CONVICTION,64.0,BULL_BOUNCE_PENDING,18.28,17.12,20.43,21.14,86,1.87,FAVORABLE,18.65,LIMIT,20,COMPRESSION,2026-09-18,2026-09-18T04:56:32.747665
VCYT,LONG,CONVICTION,64.0,BULL_BOUNCE_PENDING,39.76,38.14,44.21,43.8,61,2.75,FAVORABLE,40.57,LIMIT,20,COMPRESSION,2026-09-18,2026-09-18T05:01:38.637185
AEHG,LONG,CONVICTION,64.0,BULL_BOUNCE_PENDING,7.72,7.25,9.02,8.82,210,2.73,FAVORABLE,7.88,LIMIT,20,CONVICTION,2026-09-18,2026-09-18T05:07:51.210844
PSI,LONG,CONVICTION,64.0,BULL_BOUNCE_PENDING,132.85,130.68,154.31,150.0,46,9.9,FAVORABLE,135.0376,LIMIT,20,CONVICTION,2026-09-18,2026-09-18T05:08:12.288382
TMO,LONG,CONVICTION,64.0,BULL_BOUNCE_PENDING,659.18,654.55,692.14,,21,7.11,FAVORABLE,659.9,LIMIT,5,MINOR,2026-09-18,2026-09-18T05:10:35.342604
AVTR,LONG,CONVICTION,63.8,BULL_BOUNCE_PENDING,15.72,15.53,18.09,,518,12.25,FAVORABLE,15.85,LIMIT,7,COMPRESSION,2026-09-18,2026-09-18T04:33:15.264698
ERAS,LONG,CONVICTION,63.8,BULL_BOUNCE_PENDING,15.27,14.78,17.87,17.58,203,5.31,FAVORABLE,15.5785,LIMIT,20,COMPRESSION,2026-09-18,2026-09-18T04:36:01.734851
VAL,LONG,CONVICTION,63.8,BULL_BOUNCE_PENDING,82.86,81.63,87.99,93.02,81,4.17,FAVORABLE,83.3,LIMIT,20,VACUUM,2026-09-18,2026-09-18T04:46:55.838683
IMVT,LONG,CONVICTION,63.8,BULL_BOUNCE_CONFIRMED,37.65,35.16,43.27,43.27,40,2.26,FAVORABLE,37.65,LIMIT,20,COMPRESSION,2026-09-18,2026-09-18T04:49:50.858126
URNM,LONG,CONVICTION,63.8,BULL_BOUNCE_PENDING,51.14,50.53,54.37,55.36,163,5.26,FAVORABLE,51.42,LIMIT,20,COMPRESSION,2026-09-18,2026-09-18T04:59:50.215728
TYL,LONG,CONVICTION,63.8,BULL_BOUNCE_PENDING,334.74,328.37,359.03,359.03,15,3.81,FAVORABLE,341.57,LIMIT,20,CONVICTION,2026-09-18,2026-09-18T05:04:16.066800
AMDL,LONG,CONVICTION,63.7,BULL_BOUNCE_PENDING,64.52,63.13,66.77,69.55,72,1.62,FAVORABLE,65.41,LIMIT,8,VACUUM,2026-09-18,2026-09-18T04:53:14.643989
PPC,LONG,CONVICTION,63.7,BULL_BOUNCE_PENDING,28.97,28.35,31.37,33.52,160,3.87,FAVORABLE,29.56,LIMIT,20,COMPRESSION,2026-09-18,2026-09-18T04:55:07.423762
JEM,LONG,CONVICTION,63.7,BULL_BOUNCE,3.86,3.57,4.3,,343,1.51,FAVORABLE,3.86,LIMIT,20,MINOR,2026-09-18,2026-09-18T05:00:50.878573
RDIB,LONG,CONVICTION,63.7,BULL_BOUNCE_PENDING,15.58,13.71,16.36,,53,0.42,FAVORABLE,15.9,LIMIT,20,MINOR,2026-09-18,2026-09-18T05:01:51.295739
QNRX,LONG,CONVICTION,63.7,BULL_BOUNCE_PENDING,6.89,6.41,7.23,,207,0.72,FAVORABLE,7.03,LIMIT,6,MINOR,2026-09-18,2026-09-18T05:04:25.430342
TRU,SHORT,CONVICTION,63.7,BEAR_REJECTION_PENDING,74.18,77.71,67.1,65.4,28,2.0,FAVORABLE,72.7224,LIMIT,20,MINOR,2026-09-18,2026-09-18T05:08:19.218199
AEM,SHORT,CONVICTION,63.6,BEAR_REJECTION_PENDING,204.55,211.05,188.0,177.46,15,2.55,FAVORABLE,204.12,LIMIT,20,COMPRESSION,2026-09-18,2026-09-18T04:56:01.981390
BITX,LONG,CONVICTION,63.6,BULL_BOUNCE_PENDING,16.98,16.51,18.58,18.58,211,3.38,FAVORABLE,17.33,LIMIT,20,COMPRESSION,2026-09-18,2026-09-18T04:56:27.359125
ACHC,LONG,CONVICTION,63.6,BULL_BOUNCE_PENDING,28.39,28.01,32.5,30.15,260,10.7,FAVORABLE,28.81,LIMIT,8,CONVICTION,2026-09-18,2026-09-18T05:00:52.072575
T,LONG,CONVICTION,63.5,BULL_BOUNCE_PENDING,24.82,24.63,28.27,27.35,503,17.31,FAVORABLE,25.32,LIMIT,20,COMPRESSION,2026-09-18,2026-09-18T04:32:35.123084
BAC,LONG,CONVICTION,63.5,BULL_BOUNCE_PENDING,57.03,53.43,62.99,,27,1.66,FAVORABLE,58.19,LIMIT,20,COMPRESSION,2026-09-18,2026-09-18T04:33:07.987686
ARR,SHORT,CONVICTION,63.5,BEAR_REJECTION_PENDING,15.23,15.58,14.6,14.35,286,1.8,FAVORABLE,14.93,LIMIT,20,COMPRESSION,2026-09-18,2026-09-18T04:33:55.395312
CSX,SHORT,CONVICTION,63.5,BEAR_REJECTION_PENDING,48.64,49.19,45.47,46.26,180,5.72,FAVORABLE,48.03,LIMIT,20,COMPRESSION,2026-09-18,2026-09-18T04:35:46.200814
SOUN,LONG,CONVICTION,63.5,BULL_BOUNCE_PENDING,5.96,5.34,6.25,,163,0.49,FAVORABLE,6.0779,LIMIT,20,COMPRESSION,2026-09-18,2026-09-18T04:37:23.244739
SEPN,LONG,CONVICTION,63.5,BULL_BOUNCE_PENDING,39.27,38.72,41.08,43.15,184,3.34,FAVORABLE,39.5,LIMIT,20,MINOR,2026-09-18,2026-09-18T04:48:30.550163
VKTX,LONG,CONVICTION,63.5,BULL_BOUNCE,29.41,27.95,31.7,33.36,68,1.57,FAVORABLE,29.41,LIMIT,20,COMPRESSION,2026-09-18,2026-09-18T04:58:12.526022
DJT,LONG,CONVICTION,63.5,BULL_BOUNCE_PENDING,8.63,8.5,9.49,9.11,757,6.48,FAVORABLE,8.71,LIMIT,20,MINOR,2026-09-18,2026-09-18T04:59:23.406150
RL,LONG,CONVICTION,63.5,BULL_BOUNCE_PENDING,329.43,326.39,335.72,371.38,32,2.07,FAVORABLE,334.0,LIMIT,20,CONVICTION,2026-09-18,2026-09-18T05:08:14.288450
TLN,LONG,CONVICTION,63.4,BULL_BOUNCE,294.97,282.4,314.52,327.19,7,1.56,FAVORABLE,294.968,LIMIT,20,CONVICTION,2026-09-18,2026-09-18T04:48:49.052836
SUNB,SHORT,CONVICTION,63.4,BEAR_REJECTION_PENDING,75.35,80.23,66.58,,20,1.8,FAVORABLE,73.87,LIMIT,20,CONVICTION,2026-09-18,2026-09-18T04:54:29.989129
STNE,SHORT,CONVICTION,63.4,BEAR_REJECTION_PENDING,9.95,10.15,8.62,8.64,486,6.45,FAVORABLE,9.75,LIMIT,20,COMPRESSION,2026-09-18,2026-09-18T05:06:36.039906
BLSM,LONG,CONVICTION,63.3,BULL_BOUNCE_PENDING,26.41,25.84,27.8,27.8,176,2.45,FAVORABLE,26.74,LIMIT,10,MINOR,2026-09-18,2026-09-18T04:30:04.875867
BRNX,LONG,CONVICTION,63.3,BULL_BOUNCE_PENDING,2.35,2.04,2.47,,325,0.38,FAVORABLE,2.4,LIMIT,20,COMPRESSION,2026-09-18,2026-09-18T05:01:52.106741
HOOD,SHORT,CONVICTION,63.2,SHORT_UPPER_DIRTY,112.54,114.81,109.08,,44,1.52,FAVORABLE,112.54,LIMIT,20,VACUUM,2026-09-18,2026-09-18T04:29:49.392732
LUMN,LONG,CONVICTION,63.1,BULL_BOUNCE_PENDING,6.4,6.28,6.77,7.13,824,3.01,FAVORABLE,6.4999,LIMIT,12,COMPRESSION,2026-09-18,2026-09-18T04:31:59.142180
ANF,LONG,CONVICTION,63.0,BULL_BOUNCE,138.7,132.65,148.51,154.02,16,1.62,FAVORABLE,138.7,LIMIT,20,CONVICTION,2026-09-18,2026-09-18T04:29:32.971811
COIN,SHORT,CONVICTION,63.0,BEAR_REJECTION_PENDING,180.7,184.41,172.35,169.69,26,2.25,FAVORABLE,178.88,LIMIT,20,VACUUM,2026-09-18,2026-09-18T04:33:27.970720
MDLN,LONG,CONVICTION,63.0,BULL_BOUNCE_PENDING,32.17,31.76,33.77,37.3,242,3.86,FAVORABLE,32.45,LIMIT,20,COMPRESSION,2026-09-18,2026-09-18T04:39:58.410360
ZENA,LONG,CONVICTION,63.0,BULL_BOUNCE_CONFIRMED,1.54,1.45,1.76,1.75,1145,2.52,FAVORABLE,1.54,LIMIT,11,MINOR,2026-09-18,2026-09-18T04:40:46.957988
ALOY,LONG,CONVICTION,63.0,BULL_BOUNCE_PENDING,8.31,7.96,9.25,9.22,287,2.7,FAVORABLE,8.48,LIMIT,20,COMPRESSION,2026-09-18,2026-09-18T04:53:12.042980
AVS,LONG,CONVICTION,63.0,BULL_BOUNCE,8.3,8.07,8.73,9.0,430,1.85,FAVORABLE,8.3,LIMIT,20,COMPRESSION,2026-09-18,2026-09-18T04:53:15.955991
MFP,LONG,CONVICTION,63.0,BULL_BOUNCE_PENDING,44.09,41.04,51.47,51.27,32,2.42,FAVORABLE,44.99,LIMIT,20,COMPRESSION,2026-09-18,2026-09-18T04:53:54.797066
BGC,LONG,CONVICTION,63.0,BULL_BOUNCE_PENDING,11.75,10.83,12.34,,108,0.64,FAVORABLE,11.99,LIMIT,3,MINOR,2026-09-18,2026-09-18T04:59:17.047139
WVVIP,LONG,CONVICTION,63.0,BULL_BOUNCE_CONFIRMED,3.06,2.66,3.21,,247,0.38,FAVORABLE,3.06,LIMIT,6,MINOR,2026-09-18,2026-09-18T05:00:44.567563
LNG,LONG,CONVICTION,63.0,BULL_BOUNCE_PENDING,263.13,254.37,280.68,288.64,11,2.0,FAVORABLE,268.5,LIMIT,20,CONVICTION,2026-09-18,2026-09-18T05:02:21.881855
DG,LONG,CONVICTION,63.0,BULL_BOUNCE_PENDING,123.67,122.42,135.95,134.16,80,9.84,FAVORABLE,124.95,LIMIT,20,CONVICTION,2026-09-18,2026-09-18T05:05:23.879319
NU,SHORT,CONVICTION,62.9,BEAR_REJECTION_PENDING,14.01,14.26,12.78,12.34,398,4.9,FAVORABLE,13.97,LIMIT,20,COMPRESSION,2026-09-18,2026-09-18T04:32:43.957100
F,LONG,CONVICTION,62.9,BULL_BOUNCE_PENDING,13.57,13.44,13.86,14.18,761,2.17,FAVORABLE,13.68,LIMIT,20,COMPRESSION,2026-09-18,2026-09-18T04:35:21.657234
UGI,LONG,CONVICTION,62.9,BULL_BOUNCE_PENDING,37.94,37.62,39.95,38.85,313,6.3,FAVORABLE,38.16,LIMIT,18,MINOR,2026-09-18,2026-09-18T04:48:50.416388
CNXC,LONG,CONVICTION,62.9,BULL_BOUNCE_PENDING,28.08,27.46,31.77,32.48,161,5.96,FAVORABLE,28.4,LIMIT,20,COMPRESSION,2026-09-18,2026-09-18T04:56:49.380806
MU,SHORT,CONVICTION,62.8,BEAR_REJECTION_PENDING,996.0,1008.87,954.57,911.29,7,3.22,FAVORABLE,991.53,LIMIT,18,CONVICTION,2026-09-18,2026-09-18T04:35:16.321607
SKHZ,LONG,CONVICTION,62.8,BULL_BOUNCE_PENDING,9.36,9.07,10.08,10.06,347,2.51,FAVORABLE,9.55,LIMIT,20,COMPRESSION,2026-09-18,2026-09-18T04:58:05.010423
PLTZ,SHORT,CONVICTION,62.8,BEAR_REJECTION_PENDING,9.07,9.29,8.41,,452,2.96,FAVORABLE,9.06,LIMIT,20,COMPRESSION,2026-09-18,2026-09-18T05:06:23.361249
AGNC,LONG,CONVICTION,62.7,BULL_BOUNCE_PENDING,9.76,8.41,10.25,,73,0.36,FAVORABLE,9.96,LIMIT,20,COMPRESSION,2026-09-18,2026-09-18T04:35:45.752823
AGL,LONG,CONVICTION,62.7,BULL_BOUNCE_PENDING,88.78,87.18,95.0,100.59,62,3.89,FAVORABLE,89.17,LIMIT,20,MINOR,2026-09-18,2026-09-18T04:41:38.304233
BL,SHORT,CONVICTION,62.7,BEAR_REJECTION_PENDING,28.7,29.29,26.88,25.95,170,3.11,FAVORABLE,28.69,LIMIT,20,COMPRESSION,2026-09-18,2026-09-18T04:51:23.923648
TSHA,LONG,CONVICTION,62.6,BULL_BOUNCE_PENDING,5.14,5.04,5.57,5.7,1088,4.73,FAVORABLE,5.24,LIMIT,20,COMPRESSION,2026-09-18,2026-09-18T04:32:40.747096
HTZ,LONG,CONVICTION,62.6,BULL_BOUNCE_PENDING,1.83,1.55,1.92,,358,0.33,FAVORABLE,1.8685,LIMIT,20,COMPRESSION,2026-09-18,2026-09-18T04:33:38.609279
VNET,SHORT,CONVICTION,62.6,BEAR_REJECTION_PENDING,6.2,6.36,5.61,5.28,618,3.65,FAVORABLE,6.17,LIMIT,20,COMPRESSION,2026-09-18,2026-09-18T05:01:39.131186
V,LONG,CONVICTION,62.5,BULL_BOUNCE_PENDING,369.31,367.15,375.07,381.14,46,2.68,FAVORABLE,370.0,LIMIT,20,VACUUM,2026-09-18,2026-09-18T05:11:24.712816
ILMN,LONG,CONVICTION,62.4,BULL_BOUNCE_PENDING,238.53,234.93,245.0,,27,1.79,FAVORABLE,243.401,LIMIT,8,MINOR,2026-09-18,2026-09-18T04:28:41.712459
RYAN,SHORT,CONVICTION,62.4,BEAR_REJECTION_PENDING,40.41,41.32,36.43,35.98,109,4.37,FAVORABLE,40.12,LIMIT,20,COMPRESSION,2026-09-18,2026-09-18T04:50:28.439386
ACN,LONG,CONVICTION,62.3,BULL_BOUNCE_PENDING,187.53,185.71,208.6,215.0,55,11.6,FAVORABLE,190.29,LIMIT,20,COMPRESSION,2026-09-18,2026-09-18T04:34:49.138019
ARCB,LONG,CONVICTION,62.3,BULL_BOUNCE_PENDING,126.37,123.28,132.64,143.0,32,2.03,FAVORABLE,128.95,LIMIT,20,CONVICTION,2026-09-18,2026-09-18T04:49:03.614369
EDRY,LONG,CONVICTION,62.2,BULL_BOUNCE_PENDING,69.67,68.07,73.15,,62,2.18,FAVORABLE,70.42,LIMIT,0,NONE,2026-09-18,2026-09-18T04:30:12.676865
GAP,LONG,CONVICTION,62.1,BULL_BOUNCE_PENDING,20.48,19.48,22.4,22.98,99,1.92,FAVORABLE,20.9,LIMIT,20,COMPRESSION,2026-09-18,2026-09-18T04:45:14.399256
BLSH,LONG,CONVICTION,62.1,BULL_BOUNCE_PENDING,35.17,34.42,39.46,41.03,133,5.7,FAVORABLE,35.69,LIMIT,13,CONVICTION,2026-09-18,2026-09-18T04:51:26.146652
BABX,LONG,CONVICTION,62.1,BULL_BOUNCE_PENDING,17.25,16.72,19.43,20.16,187,4.1,FAVORABLE,17.6,LIMIT,20,COMPRESSION,2026-09-18,2026-09-18T04:58:23.661984
NTSK,LONG,CONVICTION,62.0,BULL_BOUNCE_PENDING,16.77,14.74,17.61,,49,0.41,FAVORABLE,17.1128,LIMIT,18,COMPRESSION,2026-09-18,2026-09-18T04:33:25.730715
PENG,LONG,CONVICTION,62.0,BULL_BOUNCE_CONFIRMED,53.26,51.74,59.82,58.19,65,4.32,FAVORABLE,53.26,LIMIT,12,CONVICTION,2026-09-18,2026-09-18T04:34:20.291423
KR,LONG,CONVICTION,62.0,BULL_BOUNCE_PENDING,59.45,58.2,64.06,66.2,80,3.69,FAVORABLE,60.66,LIMIT,20,COMPRESSION,2026-09-18,2026-09-18T04:37:04.141633
UWMC,LONG,CONVICTION,62.0,BULL_BOUNCE_CONFIRMED,1.25,1.2,1.35,1.39,2181,2.19,FAVORABLE,1.2498,LIMIT,20,COMPRESSION,2026-09-18,2026-09-18T04:38:58.255599
MVIS,LONG,CONVICTION,62.0,BULL_BOUNCE,1.66,1.53,1.88,,741,1.63,FAVORABLE,1.66,LIMIT,20,MINOR,2026-09-18,2026-09-18T04:39:14.755150
SKYQ,LONG,CONVICTION,62.0,BULL_BOUNCE_PENDING,2.77,2.52,3.18,,393,1.61,FAVORABLE,2.8263,LIMIT,20,MINOR,2026-09-18,2026-09-18T04:40:10.578919
OMDA,LONG,CONVICTION,62.0,BULL_BOUNCE_PENDING,19.56,19.05,22.43,22.89,193,5.57,FAVORABLE,19.96,LIMIT,20,COMPRESSION,2026-09-18,2026-09-18T04:43:38.418256
NSIT,LONG,CONVICTION,62.0,BULL_BOUNCE_PENDING,153.36,151.54,167.47,164.37,54,7.75,FAVORABLE,154.65,LIMIT,20,CONVICTION,2026-09-18,2026-09-18T04:46:03.380523
XHLD,LONG,CONVICTION,62.0,BULL_BOUNCE_PENDING,9.38,8.88,10.6,,200,2.45,FAVORABLE,9.48,LIMIT,6,MINOR,2026-09-18,2026-09-18T04:47:06.482703
MDGL,LONG,CONVICTION,62.0,BULL_BOUNCE_PENDING,531.05,526.03,592.21,598.0,19,12.18,FAVORABLE,534.4,LIMIT,20,CONVICTION,2026-09-18,2026-09-18T04:48:13.454973
PLNT,LONG,CONVICTION,62.0,BULL_BOUNCE_CONFIRMED,50.9,49.66,55.5,53.77,80,3.71,FAVORABLE,50.9,LIMIT,20,COMPRESSION,2026-09-18,2026-09-18T04:55:43.720844
ROBN,SHORT,CONVICTION,62.0,BEAR_REJECTION_PENDING,33.68,34.88,31.75,30.8,83,1.61,FAVORABLE,33.21,LIMIT,20,COMPRESSION,2026-09-18,2026-09-18T04:59:40.437177
SWVL,LONG,CONVICTION,62.0,BULL_BOUNCE_PENDING,4.61,3.98,4.84,,160,0.37,FAVORABLE,4.7,LIMIT,8,MINOR,2026-09-18,2026-09-18T05:00:48.407569
QFIN,SHORT,CONVICTION,62.0,BEAR_REJECTION_PENDING,8.37,8.49,8.05,8.07,817,2.62,FAVORABLE,8.31,LIMIT,20,COMPRESSION,2026-09-18,2026-09-18T05:01:17.243150
BHC,LONG,CONVICTION,62.0,BULL_BOUNCE_CONFIRMED,5.79,5.57,6.38,6.58,458,2.71,FAVORABLE,5.79,LIMIT,10,COMPRESSION,2026-09-18,2026-09-18T05:05:45.754101
VEEA,LONG,CONVICTION,62.0,BULL_BOUNCE_PENDING,4.87,4.56,5.34,,323,1.54,FAVORABLE,4.95,LIMIT,15,MINOR,2026-09-18,2026-09-18T05:10:15.932958
EBAY,SHORT,CONVICTION,62.0,BEAR_REJECTION_PENDING,113.86,115.88,107.86,105.8,49,2.97,FAVORABLE,113.42,LIMIT,4,VACUUM,2026-09-18,2026-09-18T05:11:10.152260
CRBG,LONG,CONVICTION,61.9,BULL_BOUNCE_PENDING,34.18,33.24,35.89,,106,1.82,FAVORABLE,34.88,LIMIT,8,MINOR,2026-09-18,2026-09-18T05:05:51.969645
QNC,LONG,CONVICTION,61.9,BULL_BOUNCE_CONFIRMED,1.75,1.64,1.92,,923,1.57,FAVORABLE,1.75,LIMIT,3,MINOR,2026-09-18,2026-09-18T05:10:05.710422
VSME,LONG,CONVICTION,61.8,BULL_BOUNCE_PENDING,0.88,0.74,0.93,,705,0.31,FAVORABLE,0.8999,LIMIT,20,MINOR,2026-09-18,2026-09-18T04:41:29.128216
TSLT,LONG,CONVICTION,61.8,BULL_BOUNCE_PENDING,13.44,12.93,14.68,14.87,195,2.44,FAVORABLE,13.71,LIMIT,20,MINOR,2026-09-18,2026-09-18T05:05:07.787027
KEY,LONG,CONVICTION,61.7,BULL_BOUNCE_PENDING,20.47,19.47,22.02,23.08,99,1.55,FAVORABLE,20.89,LIMIT,20,MINOR,2026-09-18,2026-09-18T04:34:06.157331
PTCT,SHORT,CONVICTION,61.7,BEAR_REJECTION_PENDING,68.81,69.65,60.89,59.07,119,9.47,FAVORABLE,68.0,LIMIT,20,COMPRESSION,2026-09-18,2026-09-18T04:41:01.623633
SOLT,LONG,CONVICTION,61.7,BUY_LOWER_DIRTY,62.12,60.97,65.07,,87,2.57,FAVORABLE,62.1213,LIMIT,5,CONVICTION,2026-09-18,2026-09-18T05:04:15.099254
FSLY,LONG,CONVICTION,61.6,BULL_BOUNCE_PENDING,24.05,23.28,27.4,27.4,129,4.33,FAVORABLE,24.542,LIMIT,13,MINOR,2026-09-18,2026-09-18T04:45:10.773204
WFRD,LONG,CONVICTION,61.6,BULL_BOUNCE_PENDING,80.36,78.37,87.66,87.66,50,3.65,FAVORABLE,82.0043,LIMIT,20,CONVICTION,2026-09-18,2026-09-18T04:46:59.411690
SIMO,LONG,CONVICTION,61.6,BULL_BOUNCE_PENDING,253.78,248.53,267.96,269.3,19,2.7,FAVORABLE,255.0,LIMIT,20,CONVICTION,2026-09-18,2026-09-18T04:50:37.766405
TMHC,LONG,CONVICTION,61.5,BULL_BOUNCE_PENDING,72.28,71.77,73.47,,195,2.33,FAVORABLE,72.45,LIMIT,2,COMPRESSION,2026-09-18,2026-09-18T04:40:35.216966
NCRA,LONG,CONVICTION,61.5,BULL_BOUNCE_PENDING,1.9,1.67,2.0,,425,0.4,FAVORABLE,1.94,LIMIT,10,MINOR,2026-09-18,2026-09-18T04:41:28.391215
RHI,SHORT,CONVICTION,61.5,BEAR_REJECTION_PENDING,37.78,38.29,34.68,32.52,195,6.07,FAVORABLE,37.25,LIMIT,20,COMPRESSION,2026-09-18,2026-09-18T04:43:46.877806
SLB,LONG,CONVICTION,61.4,BULL_BOUNCE_PENDING,50.83,50.18,55.94,55.94,155,7.94,FAVORABLE,51.62,LIMIT,20,COMPRESSION,2026-09-18,2026-09-18T04:31:56.729527
BTU,LONG,CONVICTION,61.4,BULL_BOUNCE_PENDING,26.74,26.36,27.73,28.87,264,2.62,FAVORABLE,26.93,LIMIT,20,COMPRESSION,2026-09-18,2026-09-18T04:44:44.539073
KLAR,SHORT,CONVICTION,61.4,BEAR_REJECTION_PENDING,14.26,14.48,13.83,12.57,449,1.93,FAVORABLE,13.98,LIMIT,20,COMPRESSION,2026-09-18,2026-09-18T04:51:51.720026
WGS,LONG,CONVICTION,61.3,BULL_BOUNCE_PENDING,100.94,99.01,104.93,,51,2.07,FAVORABLE,103.0,LIMIT,9,CONVICTION,2026-09-18,2026-09-18T04:44:20.040492
LABD,LONG,CONVICTION,61.3,BULL_BOUNCE_PENDING,6.88,6.64,7.35,7.92,420,1.98,FAVORABLE,7.02,LIMIT,20,COMPRESSION,2026-09-18,2026-09-18T04:51:52.303027
VCX,SHORT,CONVICTION,61.3,BEAR_REJECTION_PENDING,32.4,33.1,31.17,30.38,142,1.75,FAVORABLE,31.76,LIMIT,20,COMPRESSION,2026-09-18,2026-09-18T04:52:52.033793
WLK,LONG,CONVICTION,61.3,BULL_BOUNCE_PENDING,69.16,67.43,78.67,78.67,57,5.51,FAVORABLE,70.57,LIMIT,20,COMPRESSION,2026-09-18,2026-09-18T05:06:48.519371
TYRA,LONG,CONVICTION,61.3,BULL_BOUNCE_PENDING,24.13,22.75,26.99,,72,2.08,FAVORABLE,24.62,LIMIT,20,COMPRESSION,2026-09-18,2026-09-18T05:08:20.312737
AA,LONG,CONVICTION,61.2,BULL_BOUNCE_PENDING,46.83,46.26,49.08,52.95,178,4.02,FAVORABLE,47.2,LIMIT,20,CONVICTION,2026-09-18,2026-09-18T04:54:44.585673
TRI,SHORT,CONVICTION,61.2,BEAR_REJECTION_PENDING,100.52,101.74,85.0,91.36,81,12.68,FAVORABLE,99.48,LIMIT,20,COMPRESSION,2026-09-18,2026-09-18T04:58:09.274428
EWY,LONG,CONVICTION,61.2,BULL_BOUNCE_PENDING,177.58,172.42,195.96,189.7,19,3.57,FAVORABLE,181.2,LIMIT,20,CONVICTION,2026-09-18,2026-09-18T05:08:04.179960
AVGO,SHORT,CONVICTION,61.1,BEAR_REJECTION_PENDING,352.86,363.39,315.06,326.73,9,3.59,FAVORABLE,350.99,LIMIT,20,CONVICTION,2026-09-18,2026-09-18T04:38:34.960937
KYMR,LONG,CONVICTION,61.1,BULL_BOUNCE_PENDING,116.16,114.64,124.99,124.38,65,5.83,FAVORABLE,118.48,LIMIT,20,MINOR,2026-09-18,2026-09-18T04:50:01.036336
WWD,LONG,CONVICTION,61.1,BULL_BOUNCE_PENDING,318.5,315.4,326.59,326.59,32,2.6,FAVORABLE,319.56,LIMIT,20,CONVICTION,2026-09-18,2026-09-18T04:54:35.870668
GGLL,LONG,CONVICTION,61.1,BULL_BOUNCE_PENDING,105.01,101.36,112.38,122.16,27,2.02,FAVORABLE,107.15,LIMIT,14,CONVICTION,2026-09-18,2026-09-18T05:04:41.500901
GRAB,SHORT,CONVICTION,61.0,BEAR_REJECTION_PENDING,2.9,3.07,2.75,,593,0.86,FAVORABLE,2.84,LIMIT,20,COMPRESSION,2026-09-18,2026-09-18T04:32:23.854067
PSKY,LONG,CONVICTION,61.0,BULL_BOUNCE_PENDING,10.45,10.32,11.49,11.99,746,7.76,FAVORABLE,10.5103,LIMIT,20,COMPRESSION,2026-09-18,2026-09-18T04:36:10.218390
AVAV,LONG,CONVICTION,61.0,CHANNEL_RECLAIM_LONG,164.05,159.58,172.74,175.53,22,1.94,FAVORABLE,164.05,LIMIT,20,CONVICTION,2026-09-18,2026-09-18T04:41:50.231255
HNGE,LONG,CONVICTION,61.0,BULL_BOUNCE_PENDING,94.44,93.13,96.6,97.5,76,1.64,FAVORABLE,95.0,LIMIT,20,MINOR,2026-09-18,2026-09-18T04:42:53.240102
MTZ,LONG,CONVICTION,61.0,BULL_BOUNCE_PENDING,208.87,205.41,229.14,229.14,28,5.86,FAVORABLE,210.48,LIMIT,20,CONVICTION,2026-09-18,2026-09-18T04:43:13.997677
DPC,SHORT,CONVICTION,61.0,BEAR_REJECTION_PENDING,41.21,42.51,38.15,,76,2.35,FAVORABLE,40.4,LIMIT,20,COMPRESSION,2026-09-18,2026-09-18T04:47:51.464220
FNV,LONG,CONVICTION,61.0,BULL_BOUNCE_PENDING,262.71,258.11,275.84,,21,2.86,FAVORABLE,266.6,LIMIT,8,VACUUM,2026-09-18,2026-09-18T04:58:28.722529
PSNYW,LONG,CONVICTION,61.0,BULL_BOUNCE_PENDING,4.22,3.91,4.43,,320,0.68,FAVORABLE,4.31,LIMIT,14,MINOR,2026-09-18,2026-09-18T05:00:45.998565
SNX,LONG,CONVICTION,61.0,BULL_BOUNCE_PENDING,263.51,261.13,284.49,283.2,41,8.8,FAVORABLE,264.41,LIMIT,13,COMPRESSION,2026-09-18,2026-09-18T05:07:37.555791
KMT,LONG,CONVICTION,61.0,BULL_BOUNCE_PENDING,29.24,28.24,31.1,32.45,99,1.85,FAVORABLE,29.84,LIMIT,20,COMPRESSION,2026-09-18,2026-09-18T05:08:10.490786
EOSU,LONG,CONVICTION,61.0,CHANNEL_RECLAIM_LONG,8.08,7.18,8.48,,110,0.45,FAVORABLE,8.08,LIMIT,20,MINOR,2026-09-18,2026-09-18T05:08:28.227952
AMBQ,LONG,CONVICTION,61.0,CHANNEL_RECLAIM_LONG,61.13,54.32,64.19,,14,0.45,FAVORABLE,61.13,LIMIT,20,CONVICTION,2026-09-18,2026-09-18T05:09:10.522478
NYT,SHORT,CONVICTION,61.0,BEAR_REJECTION_PENDING,70.22,75.96,66.71,,17,0.61,FAVORABLE,69.95,LIMIT,20,CONVICTION,2026-09-18,2026-09-18T05:10:13.656422
NAMI,LONG,CONVICTION,61.0,BULL_BOUNCE,2.07,1.71,2.24,,279,0.48,FAVORABLE,2.07,LIMIT,14,MINOR,2026-09-18,2026-09-18T05:10:31.962597
BLLN,SHORT,CONVICTION,60.9,BEAR_REJECTION_PENDING,111.0,116.68,101.74,98.0,17,1.63,FAVORABLE,110.67,LIMIT,2,VACUUM,2026-09-18,2026-09-18T04:29:45.466849
ADSK,LONG,CONVICTION,60.9,BULL_BOUNCE_PENDING,216.6,213.5,222.56,232.08,32,1.92,FAVORABLE,218.6,LIMIT,20,CONVICTION,2026-09-18,2026-09-18T04:44:27.687043
RNG,LONG,CONVICTION,60.9,BULL_BOUNCE_PENDING,73.11,71.95,75.57,76.5,86,2.13,FAVORABLE,74.6,LIMIT,17,MINOR,2026-09-18,2026-09-18T04:52:23.814149
VERA,LONG,CONVICTION,60.9,BULL_BOUNCE_PENDING,33.61,31.55,38.5,38.66,48,2.37,FAVORABLE,34.3,LIMIT,20,COMPRESSION,2026-09-18,2026-09-18T05:00:33.681486
DHR,LONG,CONVICTION,60.9,BULL_BOUNCE_PENDING,212.2,210.54,229.0,235.02,60,10.12,FAVORABLE,215.1796,LIMIT,18,CONVICTION,2026-09-18,2026-09-18T05:10:23.865052
SLS,LONG,CONVICTION,60.8,BULL_BOUNCE_PENDING,11.29,10.96,12.31,13.18,300,3.07,FAVORABLE,11.52,LIMIT,18,COMPRESSION,2026-09-18,2026-09-18T04:35:52.365828
IMNM,LONG,CONVICTION,60.8,BULL_BOUNCE_PENDING,23.59,23.25,24.65,26.15,298,3.16,FAVORABLE,23.93,LIMIT,20,COMPRESSION,2026-09-18,2026-09-18T04:57:40.615394
PAY,LONG,CONVICTION,60.8,BULL_BOUNCE_PENDING,36.0,35.56,38.73,39.34,231,6.33,FAVORABLE,36.5,LIMIT,20,COMPRESSION,2026-09-18,2026-09-18T04:59:37.960170
VRT,SHORT,CONVICTION,60.8,SHORT_UPPER_DIRTY,245.01,258.17,242.25,,7,0.21,FAVORABLE,245.01,LIMIT,20,CONVICTION,2026-09-18,2026-09-18T05:07:41.947574
TECK,LONG,CONVICTION,60.7,BULL_BOUNCE_PENDING,65.08,63.65,71.02,70.3,69,4.15,FAVORABLE,66.41,LIMIT,20,COMPRESSION,2026-09-18,2026-09-18T04:36:02.079850
AR,LONG,CONVICTION,60.7,BULL_BOUNCE_PENDING,35.46,35.11,39.17,38.36,289,10.73,FAVORABLE,35.69,LIMIT,20,CONVICTION,2026-09-18,2026-09-18T04:44:34.348052
CG,SHORT,CONVICTION,60.7,BEAR_REJECTION_PENDING,40.97,42.55,36.59,35.48,63,2.78,FAVORABLE,40.17,LIMIT,20,COMPRESSION,2026-09-18,2026-09-18T04:51:29.334658
CPRI,LONG,CONVICTION,60.7,BULL_BOUNCE_PENDING,14.65,13.97,15.7,16.42,147,1.54,FAVORABLE,14.95,LIMIT,18,COMPRESSION,2026-09-18,2026-09-18T05:07:25.132815
SSPC,SHORT,CONVICTION,60.6,BEAR_REJECTION_PENDING,8.5,9.0,8.07,,196,0.84,FAVORABLE,8.33,LIMIT,20,COMPRESSION,2026-09-18,2026-09-18T04:48:43.040266
MTN,LONG,CONVICTION,60.6,BULL_BOUNCE_PENDING,135.35,133.93,146.67,149.14,70,7.93,FAVORABLE,137.76,LIMIT,20,COMPRESSION,2026-09-18,2026-09-18T05:09:57.127395
B,LONG,CONVICTION,60.5,BULL_BOUNCE_PENDING,43.56,43.12,44.66,45.64,225,2.48,FAVORABLE,44.3,LIMIT,20,COMPRESSION,2026-09-18,2026-09-18T04:31:19.622797
NUAI,LONG,CONVICTION,60.5,BULL_BOUNCE_PENDING,6.0,5.85,6.61,6.66,650,3.96,FAVORABLE,6.1,LIMIT,20,MINOR,2026-09-18,2026-09-18T04:31:29.403403
LRCX,SHORT,CONVICTION,60.5,SHORT_UPPER_DIRTY,273.0,275.11,269.18,,47,1.81,FAVORABLE,273.0,LIMIT,20,CONVICTION,2026-09-18,2026-09-18T04:37:34.213759
VISN,SHORT,CONVICTION,60.5,BEAR_REJECTION_PENDING,6.68,6.88,6.2,6.2,523,2.54,FAVORABLE,6.57,LIMIT,20,CONVICTION,2026-09-18,2026-09-18T04:44:12.937936
KOPN,LONG,CONVICTION,60.5,BULL_BOUNCE_PENDING,4.63,4.4,5.04,5.3,422,1.71,FAVORABLE,4.729,LIMIT,13,COMPRESSION,2026-09-18,2026-09-18T04:48:10.967301
MDA,LONG,CONVICTION,60.5,BULL_BOUNCE_PENDING,29.89,29.18,32.31,34.84,141,3.42,FAVORABLE,30.5,LIMIT,20,COMPRESSION,2026-09-18,2026-09-18T04:59:59.616739
CELH,LONG,CONVICTION,60.4,BULL_BOUNCE_PENDING,28.03,26.93,30.6,32.3,91,2.35,FAVORABLE,28.6,LIMIT,20,COMPRESSION,2026-09-18,2026-09-18T04:42:02.203805
OOMA,LONG,CONVICTION,60.3,BULL_BOUNCE_PENDING,21.9,20.62,24.02,,77,1.65,FAVORABLE,22.35,LIMIT,20,COMPRESSION,2026-09-18,2026-09-18T04:29:40.734838
RGTI,LONG,CONVICTION,60.3,BULL_BOUNCE_PENDING,16.09,15.85,17.5,17.71,405,5.68,FAVORABLE,16.28,LIMIT,12,COMPRESSION,2026-09-18,2026-09-18T04:36:19.959937
CCUP,SHORT,CONVICTION,60.3,BEAR_REJECTION_PENDING,24.17,25.51,22.0,20.7,74,1.61,FAVORABLE,23.9,LIMIT,20,COMPRESSION,2026-09-18,2026-09-18T05:07:04.377728
XE,SHORT,CONVICTION,60.2,BEAR_REJECTION_PENDING,16.78,17.42,14.74,15.12,156,3.2,FAVORABLE,16.45,LIMIT,20,COMPRESSION,2026-09-18,2026-09-18T04:32:44.193102
FHB,LONG,CONVICTION,60.2,BULL_BOUNCE_PENDING,25.29,24.24,29.29,28.28,94,3.79,FAVORABLE,25.81,LIMIT,20,COMPRESSION,2026-09-18,2026-09-18T04:39:43.741331
CNK,LONG,CONVICTION,60.2,BULL_BOUNCE_PENDING,33.95,33.63,34.68,35.0,313,2.29,FAVORABLE,34.52,LIMIT,20,COMPRESSION,2026-09-18,2026-09-18T05:00:16.751927
MYSZ,LONG,CONVICTION,60.2,BULL_BOUNCE_PENDING,1.79,1.68,1.97,2.05,887,1.56,FAVORABLE,1.8304,LIMIT,12,COMPRESSION,2026-09-18,2026-09-18T05:10:18.170502
XPON,LONG,CONVICTION,60.1,BULL_BOUNCE_PENDING,4.89,4.52,5.46,5.72,271,1.55,FAVORABLE,4.9884,LIMIT,15,MINOR,2026-09-18,2026-09-18T05:00:02.361741
NVDQ,LONG,CONVICTION,60.1,BULL_BOUNCE_PENDING,8.52,8.32,8.9,8.97,503,1.94,FAVORABLE,8.6938,LIMIT,20,CONVICTION,2026-09-18,2026-09-18T05:00:24.901939
SIG,LONG,CONVICTION,60.1,BULL_BOUNCE_PENDING,100.22,98.76,102.81,,68,1.77,FAVORABLE,101.61,LIMIT,14,MINOR,2026-09-18,2026-09-18T05:08:14.866001
FAST,LONG,CONVICTION,60.0,BULL_BOUNCE_PENDING,48.24,46.05,51.67,,45,1.57,FAVORABLE,49.22,LIMIT,17,MINOR,2026-09-18,2026-09-18T04:31:33.757411
KLAC,LONG,CONVICTION,60.0,BULL_BOUNCE_PENDING,169.17,166.87,177.18,187.56,43,3.49,FAVORABLE,170.99,LIMIT,20,CONVICTION,2026-09-18,2026-09-18T04:36:10.237389
PLTR,LONG,CONVICTION,60.0,BULL_BOUNCE_PENDING,175.62,173.53,186.85,192.07,47,5.36,FAVORABLE,176.05,LIMIT,18,CONVICTION,2026-09-18,2026-09-18T04:37:15.517725
RXRX,LONG,CONVICTION,60.0,BULL_BOUNCE_PENDING,3.53,3.47,3.91,3.9,1679,6.37,FAVORABLE,3.55,LIMIT,11,COMPRESSION,2026-09-18,2026-09-18T04:38:42.341951
BJDX,LONG,CONVICTION,60.0,BULL_BOUNCE_CONFIRMED,0.84,0.8,0.95,0.95,2569,2.83,FAVORABLE,0.84,LIMIT,12,COMPRESSION,2026-09-18,2026-09-18T04:39:30.537717
ABCL,LONG,CONVICTION,60.0,BULL_BOUNCE_PENDING,12.8,12.6,13.12,,480,1.51,FAVORABLE,12.95,LIMIT,4,MINOR,2026-09-18,2026-09-18T04:44:26.572038
LFST,LONG,CONVICTION,60.0,BULL_BOUNCE_PENDING,12.32,12.17,12.96,13.31,688,4.41,FAVORABLE,12.55,LIMIT,17,MINOR,2026-09-18,2026-09-18T04:45:36.804363
NET,LONG,CONVICTION,60.0,BULL_BOUNCE_PENDING,334.75,329.77,351.49,,20,3.36,FAVORABLE,336.99,LIMIT,0,NONE,2026-09-18,2026-09-18T04:45:56.619511
ALMR,LONG,CONVICTION,60.0,BULL_BOUNCE_PENDING,31.02,30.43,32.7,33.0,169,2.85,FAVORABLE,31.44,LIMIT,13,COMPRESSION,2026-09-18,2026-09-18T04:47:18.731728
APPF,LONG,CONVICTION,60.0,BULL_BOUNCE_PENDING,218.47,215.94,245.81,232.4,39,10.83,FAVORABLE,219.735,LIMIT,20,CONVICTION,2026-09-18,2026-09-18T04:47:27.276274
ONTO,LONG,CONVICTION,60.0,BULL_BOUNCE_PENDING,247.48,242.95,256.41,284.85,22,1.97,FAVORABLE,250.03,LIMIT,20,CONVICTION,2026-09-18,2026-09-18T04:48:23.501015
EQPT,LONG,CONVICTION,60.0,BULL_BOUNCE_PENDING,17.99,17.34,20.33,20.43,153,3.6,FAVORABLE,18.36,LIMIT,17,COMPRESSION,2026-09-18,2026-09-18T04:49:36.825088
POST,SHORT,CONVICTION,60.0,BEAR_REJECTION_PENDING,79.42,82.77,75.45,,29,1.18,FAVORABLE,77.86,LIMIT,20,COMPRESSION,2026-09-18,2026-09-18T04:50:17.728366
TBBB,LONG,CONVICTION,60.0,BULL_BOUNCE_PENDING,50.66,50.16,51.75,,201,2.2,FAVORABLE,50.95,LIMIT,10,MINOR,2026-09-18,2026-09-18T04:52:30.594691
NXT,LONG,CONVICTION,60.0,BULL_BOUNCE_PENDING,80.4,79.12,91.0,85.79,78,8.3,FAVORABLE,82.036,LIMIT,20,COMPRESSION,2026-09-18,2026-09-18T04:54:40.204667
DXCM,LONG,CONVICTION,60.0,BULL_BOUNCE_PENDING,87.0,86.26,90.0,88.78,135,4.08,FAVORABLE,88.05,LIMIT,20,COMPRESSION,2026-09-18,2026-09-18T04:59:23.432147
SOLS,SHORT,CONVICTION,60.0,BEAR_REJECTION_PENDING,59.53,61.95,53.09,53.56,41,2.66,FAVORABLE,59.45,LIMIT,20,CONVICTION,2026-09-18,2026-09-18T05:04:27.061343
SAM,LONG,CONVICTION,60.0,BULL_BOUNCE_PENDING,171.45,169.64,181.5,181.5,55,5.56,FAVORABLE,172.0,LIMIT,20,CONVICTION,2026-09-18,2026-09-18T05:09:32.976279
