ticker,side,tier,fem,mode,entry,stop,t1,t2,shares,rr,spy_regime,current_price,entry_type,n_gaps_above,gap_above_conviction,scan_date,asof
BIAF,LONG,CONVICTION,95.8,BULL_BOUNCE_PENDING,7.4,7.03,8.39,8.4,270,2.68,CHOP,7.4,MARKET,20,MINOR,2026-09-29,2026-09-29T04:40:34.272331
ATAI,LONG,CONVICTION,95.0,BULL_BOUNCE_PENDING,7.33,6.96,7.7,,272,1.0,CHOP,7.33,MARKET,3,MINOR,2026-09-29,2026-09-29T04:36:45.654614
SPSC,SHORT,CONVICTION,95.0,BEAR_REJECTION_PENDING,82.24,104.41,78.13,,4,0.19,CHOP,81.9601,LIMIT,20,CONVICTION,2026-09-29,2026-09-29T04:48:17.556087
PODD,SHORT,CONVICTION,95.0,BEAR_REJECTION_PENDING,133.26,167.17,126.6,,2,0.2,CHOP,133.25,LIMIT,20,CONVICTION,2026-09-29,2026-09-29T04:52:50.763665
LH,SHORT,CONVICTION,95.0,BEAR_REJECTION_PENDING,311.54,322.59,290.3,280.27,9,1.92,CHOP,310.5,LIMIT,20,CONVICTION,2026-09-29,2026-09-29T05:06:36.081719
ATI,SHORT,CONVICTION,93.1,BEAR_REJECTION_PENDING,182.77,186.41,165.0,156.53,27,4.89,CHOP,180.67,LIMIT,20,CONVICTION,2026-09-29,2026-09-29T05:04:09.272747
APP,SHORT,CONVICTION,92.2,BEAR_REJECTION_PENDING,314.74,330.37,278.64,279.49,6,2.31,CHOP,308.57,LIMIT,20,CONVICTION,2026-09-29,2026-09-29T04:35:47.332357
CAPR,LONG,CONVICTION,92.2,BULL_BOUNCE_PENDING,8.35,7.93,9.21,9.34,239,2.06,CHOP,8.3506,MARKET,20,MINOR,2026-09-29,2026-09-29T04:51:36.306447
CVNA,LONG,CONVICTION,92.0,BULL_BOUNCE_PENDING,60.5,57.47,65.4,69.34,33,1.62,CHOP,60.5,MARKET,20,CONVICTION,2026-09-29,2026-09-29T04:37:15.962806
AVTR,LONG,CONVICTION,91.0,BULL_BOUNCE_PENDING,15.24,14.48,16.0,,131,1.0,CHOP,15.24,MARKET,17,COMPRESSION,2026-09-29,2026-09-29T04:33:29.779637
CDE,SHORT,CONVICTION,91.0,BEAR_REJECTION_PENDING,18.17,19.32,16.19,15.35,87,1.73,CHOP,18.04,LIMIT,20,CONVICTION,2026-09-29,2026-09-29T04:35:29.235941
ABNB,SHORT,CONVICTION,91.0,BEAR_REJECTION_PENDING,156.08,158.26,134.42,148.83,45,9.95,CHOP,156.0254,LIMIT,20,CONVICTION,2026-09-29,2026-09-29T04:40:39.450018
RBLX,SHORT,CONVICTION,91.0,BEAR_REJECTION_PENDING,42.94,46.67,36.85,,26,1.63,CHOP,42.0952,LIMIT,20,CONVICTION,2026-09-29,2026-09-29T04:49:41.700980
TRU,SHORT,CONVICTION,90.7,BEAR_REJECTION_PENDING,67.03,69.52,63.68,,40,1.35,CHOP,65.72,LIMIT,20,CONVICTION,2026-09-29,2026-09-29T05:04:32.349838
ETHD,SHORT,CONVICTION,90.7,BEAR_REJECTION_PENDING,24.51,25.81,23.28,,77,0.94,CHOP,24.28,LIMIT,20,CONVICTION,2026-09-29,2026-09-29T05:06:31.493711
GDDY,SHORT,CONVICTION,90.6,BEAR_REJECTION_PENDING,95.94,97.63,84.1,85.11,59,7.03,CHOP,94.06,LIMIT,20,CONVICTION,2026-09-29,2026-09-29T04:47:25.525076
ZIM,LONG,CONVICTION,90.6,BULL_BOUNCE_PENDING,28.47,27.05,30.96,,70,1.75,CHOP,28.47,MARKET,8,MINOR,2026-09-29,2026-09-29T04:51:31.327866
NFLX,SHORT,CONVICTION,90.4,BEAR_REJECTION_PENDING,70.41,75.69,66.89,,18,0.67,CHOP,69.03,LIMIT,20,CONVICTION,2026-09-29,2026-09-29T04:34:09.904551
KKR,SHORT,CONVICTION,90.4,BEAR_REJECTION_PENDING,95.28,97.15,86.1,89.56,53,4.89,CHOP,93.41,LIMIT,20,CONVICTION,2026-09-29,2026-09-29T04:46:10.504569
GPN,LONG,CONVICTION,90.4,BULL_BOUNCE_PENDING,84.7,80.52,96.95,95.15,23,2.93,CHOP,84.7,MARKET,20,COMPRESSION,2026-09-29,2026-09-29T04:47:26.709614
TRI,LONG,CONVICTION,90.2,BULL_BOUNCE_PENDING,97.33,89.7,110.48,,13,1.72,CHOP,97.33,MARKET,20,COMPRESSION,2026-09-29,2026-09-29T04:54:56.199246
TYL,SHORT,CONVICTION,90.2,BEAR_REJECTION_PENDING,324.02,327.48,309.53,303.24,28,4.19,CHOP,324.0,LIMIT,20,CONVICTION,2026-09-29,2026-09-29T04:59:54.708301
EFX,SHORT,CONVICTION,90.1,BEAR_REJECTION_PENDING,146.68,148.85,139.35,,46,3.38,CHOP,145.0,LIMIT,20,CONVICTION,2026-09-29,2026-09-29T04:53:51.166206
ARES,SHORT,CONVICTION,89.6,BEAR_REJECTION_PENDING,119.58,122.62,112.35,112.7,32,2.38,CHOP,117.24,LIMIT,20,CONVICTION,2026-09-29,2026-09-29T04:45:36.933835
MHK,SHORT,CONVICTION,89.6,BEAR_REJECTION_PENDING,124.65,126.72,115.66,119.79,48,4.34,CHOP,124.43,LIMIT,20,COMPRESSION,2026-09-29,2026-09-29T05:01:40.638754
IOND,LONG,CONVICTION,89.2,BULL_BOUNCE_PENDING,79.65,75.41,86.83,,23,1.69,CHOP,81.28,LIMIT,20,COMPRESSION,2026-09-29,2026-09-29T04:47:35.856483
KALU,SHORT,CONVICTION,88.8,BEAR_REJECTION_PENDING,152.43,157.99,137.68,137.03,17,2.65,CHOP,151.57,LIMIT,20,CONVICTION,2026-09-29,2026-09-29T04:41:48.517196
MEDS,LONG,CONVICTION,88.8,BULL_BOUNCE_PENDING,4.65,3.41,4.88,,80,0.19,CHOP,3.72,STOP,20,MINOR,2026-09-29,2026-09-29T05:06:44.137730
PSIX,LONG,CONVICTION,88.6,BULL_BOUNCE_PENDING,45.08,39.93,47.33,,19,0.44,CHOP,46.0,LIMIT,19,MINOR,2026-09-29,2026-09-29T04:30:31.862356
XME,SHORT,CONVICTION,88.6,BEAR_REJECTION_PENDING,105.97,108.87,96.06,93.47,34,3.42,CHOP,105.41,LIMIT,20,CONVICTION,2026-09-29,2026-09-29T04:58:33.704567
CMPS,LONG,CONVICTION,88.4,BULL_BOUNCE_PENDING,13.03,10.32,13.69,,36,0.24,CHOP,13.3,LIMIT,20,COMPRESSION,2026-09-29,2026-09-29T04:47:08.519853
MDT,LONG,CONVICTION,88.3,BULL_BOUNCE_PENDING,89.62,87.67,96.86,96.41,51,3.71,CHOP,88.68,STOP,20,COMPRESSION,2026-09-29,2026-09-29T04:34:31.653417
MNDY,SHORT,CONVICTION,88.1,BEAR_REJECTION_PENDING,81.13,84.08,69.78,73.5,33,3.85,CHOP,79.5369,LIMIT,20,CONVICTION,2026-09-29,2026-09-29T04:44:27.848422
WBD,LONG,CONVICTION,88.0,BULL_BOUNCE_PENDING,30.93,30.46,32.48,,213,3.3,CHOP,30.84,STOP,6,MINOR,2026-09-29,2026-09-29T04:35:13.607305
MORN,LONG,CONVICTION,88.0,BULL_BOUNCE_PENDING,187.73,181.52,207.8,207.8,16,3.23,CHOP,191.56,LIMIT,20,CONVICTION,2026-09-29,2026-09-29T04:49:23.217613
DKS,SHORT,CONVICTION,87.9,BEAR_REJECTION_PENDING,134.16,137.11,125.95,125.05,33,2.78,CHOP,133.25,LIMIT,20,CONVICTION,2026-09-29,2026-09-29T04:41:16.621484
METU,LONG,CONVICTION,87.8,BULL_BOUNCE_PENDING,32.92,30.37,34.57,,39,0.64,CHOP,30.1,STOP,20,COMPRESSION,2026-09-29,2026-09-29T04:49:23.121612
WLY,SHORT,CONVICTION,87.7,BEAR_REJECTION_PENDING,47.75,50.47,45.36,,36,0.88,CHOP,47.61,LIMIT,20,COMPRESSION,2026-09-29,2026-09-29T05:03:38.705095
ODD,LONG,CONVICTION,87.6,BULL_BOUNCE_PENDING,17.25,13.46,18.11,,26,0.23,CHOP,17.6,LIMIT,20,COMPRESSION,2026-09-29,2026-09-29T04:30:02.561499
HACK,LONG,CONVICTION,87.3,BULL_BOUNCE_PENDING,116.72,110.75,122.55,,16,0.98,CHOP,119.1,LIMIT,20,MINOR,2026-09-29,2026-09-29T04:59:40.061140
LEU,SHORT,CONVICTION,87.2,BEAR_REJECTION_PENDING,143.69,147.81,131.45,134.04,24,2.97,CHOP,141.0981,LIMIT,20,CONVICTION,2026-09-29,2026-09-29T04:41:53.732941
ECO,LONG,CONVICTION,86.8,BULL_BOUNCE_PENDING,80.75,77.02,87.09,,26,1.7,CHOP,78.53,STOP,20,CONVICTION,2026-09-29,2026-09-29T05:05:52.353108
PTCT,SHORT,CONVICTION,86.5,BEAR_REJECTION_PENDING,66.33,69.65,60.89,57.1,30,1.64,CHOP,65.03,LIMIT,20,CONVICTION,2026-09-29,2026-09-29T04:40:11.155995
AFRM,SHORT,CONVICTION,86.5,BEAR_REJECTION_PENDING,68.98,71.88,60.28,58.4,34,3.01,CHOP,67.63,LIMIT,20,CONVICTION,2026-09-29,2026-09-29T04:48:36.094842
CELH,LONG,CONVICTION,86.3,BULL_BOUNCE_PENDING,27.51,22.63,28.88,,20,0.28,CHOP,28.07,LIMIT,20,COMPRESSION,2026-09-29,2026-09-29T04:41:03.175289
ELV,LONG,CONVICTION,86.2,BULL_BOUNCE_PENDING,383.19,360.77,444.35,,4,2.73,CHOP,391.01,LIMIT,20,COMPRESSION,2026-09-29,2026-09-29T04:47:19.488876
MSFU,LONG,CONVICTION,85.8,BULL_BOUNCE_PENDING,39.43,37.75,42.19,43.82,59,1.65,CHOP,38.53,STOP,20,CONVICTION,2026-09-29,2026-09-29T04:58:59.569190
GTLB,LONG,CONVICTION,85.7,BULL_BOUNCE_PENDING,45.42,41.1,47.69,,23,0.53,CHOP,46.35,LIMIT,20,COMPRESSION,2026-09-29,2026-09-29T04:41:38.011394
BAH,LONG,CONVICTION,85.3,BULL_BOUNCE_PENDING,69.27,63.68,78.81,,17,1.71,CHOP,70.68,LIMIT,20,COMPRESSION,2026-09-29,2026-09-29T04:53:18.516905
CELC,LONG,CONVICTION,85.2,BULL_BOUNCE_PENDING,78.05,74.09,88.37,89.0,25,2.61,CHOP,79.64,LIMIT,20,VACUUM,2026-09-29,2026-09-29T04:47:03.481302
TPG,SHORT,CONVICTION,85.1,BEAR_REJECTION_PENDING,43.56,45.18,39.35,39.82,61,2.59,CHOP,43.49,LIMIT,20,COMPRESSION,2026-09-29,2026-09-29T04:49:50.868531
VOYG,SHORT,CONVICTION,85.0,BEAR_REJECTION_PENDING,33.23,37.72,31.57,,22,0.37,CHOP,33.2,LIMIT,20,CONVICTION,2026-09-29,2026-09-29T04:42:54.078389
FNV,SHORT,CONVICTION,85.0,BEAR_REJECTION_PENDING,247.5,259.16,226.55,218.63,8,1.8,CHOP,246.92,LIMIT,20,CONVICTION,2026-09-29,2026-09-29T04:55:13.070112
LYTE,SHORT,CONVICTION,85.0,BEAR_REJECTION_PENDING,24.2,25.57,22.99,,73,0.89,CHOP,24.13,LIMIT,20,CONVICTION,2026-09-29,2026-09-29T05:04:57.751406
NAMS,SHORT,CONVICTION,85.0,BEAR_REJECTION_PENDING,24.02,25.53,20.21,,66,2.53,CHOP,23.58,LIMIT,20,CONVICTION,2026-09-29,2026-09-29T05:05:01.003409
SNDU,SHORT,CONVICTION,84.8,BEAR_REJECTION_PENDING,25.71,27.26,23.09,,64,1.7,CHOP,25.69,LIMIT,20,CONVICTION,2026-09-29,2026-09-29T04:44:57.251399
NEBX,SHORT,CONVICTION,84.8,BEAR_REJECTION_PENDING,27.59,32.53,26.21,,20,0.28,CHOP,27.05,LIMIT,20,CONVICTION,2026-09-29,2026-09-29T04:46:16.125274
INSP,LONG,CONVICTION,84.8,BULL_BOUNCE_PENDING,68.21,51.96,71.62,,6,0.21,CHOP,69.6,LIMIT,20,COMPRESSION,2026-09-29,2026-09-29T05:05:16.298525
HHH,LONG,CONVICTION,84.8,BULL_BOUNCE_PENDING,74.44,71.89,80.37,80.37,39,2.33,CHOP,73.7,STOP,15,CONVICTION,2026-09-29,2026-09-29T05:07:55.839144
MNST,SHORT,CONVICTION,84.7,BEAR_REJECTION_PENDING,42.07,43.33,36.6,37.0,79,4.35,CHOP,41.5821,LIMIT,20,CONVICTION,2026-09-29,2026-09-29T04:52:43.139636
WPM,SHORT,CONVICTION,84.5,BEAR_REJECTION_PENDING,137.35,144.12,121.5,118.8,14,2.34,CHOP,137.19,LIMIT,20,CONVICTION,2026-09-29,2026-09-29T04:54:59.556256
CAKE,LONG,CONVICTION,84.4,BULL_BOUNCE_PENDING,105.11,98.97,115.5,,16,1.69,CHOP,107.26,LIMIT,14,COMPRESSION,2026-09-29,2026-09-29T04:43:28.214239
CHKP,SHORT,CONVICTION,84.3,BEAR_REJECTION_PENDING,130.0,131.9,117.68,123.25,52,6.5,CHOP,129.27,LIMIT,20,CONVICTION,2026-09-29,2026-09-29T05:00:12.626605
HOOG,SHORT,CONVICTION,84.3,BEAR_REJECTION_PENDING,35.4,36.62,33.4,31.93,81,1.64,CHOP,35.28,LIMIT,20,CONVICTION,2026-09-29,2026-09-29T05:02:21.585077
EXPE,SHORT,CONVICTION,84.1,BEAR_REJECTION_PENDING,270.29,278.31,229.9,248.45,12,5.03,CHOP,264.99,LIMIT,20,COMPRESSION,2026-09-29,2026-09-29T04:45:53.696859
POWL,SHORT,CONVICTION,83.8,BEAR_REJECTION_PENDING,188.01,190.4,175.23,171.37,41,5.36,CHOP,187.0,LIMIT,20,CONVICTION,2026-09-29,2026-09-29T04:51:05.742015
DNTH,SHORT,CONVICTION,83.6,BEAR_REJECTION_PENDING,88.02,89.75,85.16,77.86,57,1.66,CHOP,87.83,LIMIT,20,COMPRESSION,2026-09-29,2026-09-29T04:43:50.127860
CCUP,SHORT,CONVICTION,83.4,BEAR_REJECTION_PENDING,23.48,24.69,20.26,20.7,82,2.64,CHOP,23.4,LIMIT,20,CONVICTION,2026-09-29,2026-09-29T05:02:30.590977
SRRK,SHORT,CONVICTION,83.2,BEAR_REJECTION_PENDING,50.44,52.11,47.67,45.73,59,1.66,CHOP,49.45,LIMIT,20,CONVICTION,2026-09-29,2026-09-29T04:52:53.526675
FUTU,SHORT,CONVICTION,83.2,BEAR_REJECTION_PENDING,112.85,114.89,101.87,97.29,48,5.38,CHOP,112.16,LIMIT,20,CONVICTION,2026-09-29,2026-09-29T04:56:03.976981
REGN,LONG,CONVICTION,83.1,BULL_BOUNCE_PENDING,781.73,762.32,814.36,840.05,5,1.68,CHOP,752.25,STOP,20,CONVICTION,2026-09-29,2026-09-29T05:01:47.906954
CORT,LONG,CONVICTION,83.0,BULL_BOUNCE_PENDING,113.32,94.37,118.98,,5,0.3,CHOP,115.63,LIMIT,20,MINOR,2026-09-29,2026-09-29T04:29:50.952483
KVUE,LONG,CONVICTION,83.0,BULL_BOUNCE_PENDING,17.47,15.02,18.35,,40,0.36,CHOP,17.83,LIMIT,20,COMPRESSION,2026-09-29,2026-09-29T04:34:14.675627
ACI,SHORT,CONVICTION,83.0,BEAR_REJECTION_PENDING,11.89,14.67,11.29,,35,0.21,CHOP,11.6526,LIMIT,20,CONVICTION,2026-09-29,2026-09-29T05:05:45.588098
ALSN,SHORT,CONVICTION,82.8,BEAR_REJECTION_PENDING,112.58,114.63,94.99,106.58,48,8.58,CHOP,111.39,LIMIT,20,COMPRESSION,2026-09-29,2026-09-29T04:55:06.522871
DFTX,LONG,CONVICTION,82.7,BULL_BOUNCE_PENDING,37.5,24.68,39.38,,7,0.15,CHOP,38.2704,LIMIT,20,MINOR,2026-09-29,2026-09-29T04:51:53.636001
SLXN,LONG,CONVICTION,82.6,BULL_BOUNCE_PENDING,0.42,0.39,0.44,,2948,0.62,CHOP,0.431,LIMIT,1,MINOR,2026-09-29,2026-09-29T04:28:37.137940
CF,LONG,CONVICTION,82.6,BULL_BOUNCE_PENDING,113.2,109.44,126.59,122.01,26,3.56,CHOP,115.51,LIMIT,20,CONVICTION,2026-09-29,2026-09-29T04:43:32.419832
VERA,LONG,CONVICTION,82.5,BULL_BOUNCE_PENDING,31.85,29.84,35.35,,49,1.74,CHOP,32.5,LIMIT,20,MINOR,2026-09-29,2026-09-29T04:57:25.343637
NEOG,LONG,CONVICTION,82.4,BULL_BOUNCE_PENDING,13.86,13.37,15.11,,202,2.53,CHOP,13.71,STOP,15,COMPRESSION,2026-09-29,2026-09-29T05:08:07.358273
BDX,SHORT,CONVICTION,82.0,BEAR_REJECTION_PENDING,185.42,188.56,167.75,175.88,31,5.63,CHOP,183.83,LIMIT,20,CONVICTION,2026-09-29,2026-09-29T04:46:56.596292
DSGX,LONG,CONVICTION,81.3,BULL_BOUNCE_PENDING,77.22,71.05,87.0,,16,1.58,CHOP,78.8,LIMIT,20,COMPRESSION,2026-09-29,2026-09-29T05:05:51.529105
NUAI,LONG,CONVICTION,81.0,BULL_BOUNCE_PENDING,6.85,5.83,7.19,,98,0.34,CHOP,6.99,LIMIT,20,MINOR,2026-09-29,2026-09-29T04:31:39.484619
DAL,LONG,CONVICTION,81.0,BULL_BOUNCE_PENDING,82.11,79.22,89.0,89.0,34,2.38,CHOP,83.79,LIMIT,20,COMPRESSION,2026-09-29,2026-09-29T04:35:52.098372
FLNC,SHORT,CONVICTION,81.0,BEAR_REJECTION_PENDING,7.66,9.1,7.28,,69,0.27,CHOP,7.57,LIMIT,14,CONVICTION,2026-09-29,2026-09-29T04:36:08.473431
AR,LONG,CONVICTION,81.0,BULL_BOUNCE_PENDING,33.62,32.19,39.17,38.36,69,3.86,CHOP,34.31,LIMIT,20,COMPRESSION,2026-09-29,2026-09-29T04:43:10.445662
OR,SHORT,CONVICTION,81.0,BEAR_REJECTION_PENDING,34.28,35.96,29.49,29.28,59,2.85,CHOP,34.17,LIMIT,20,CONVICTION,2026-09-29,2026-09-29T04:57:17.622021
AYA,SHORT,CONVICTION,81.0,BEAR_REJECTION_PENDING,26.8,28.61,23.5,,55,1.82,CHOP,26.5,LIMIT,20,CONVICTION,2026-09-29,2026-09-29T04:59:34.911204
SRAD,SHORT,CONVICTION,81.0,BEAR_REJECTION_PENDING,12.72,14.61,12.08,,52,0.34,CHOP,12.47,LIMIT,20,CONVICTION,2026-09-29,2026-09-29T05:08:42.810499
SANG,LONG,CONVICTION,81.0,BULL_BOUNCE_PENDING,4.7,3.96,4.94,,134,0.32,CHOP,4.7993,LIMIT,14,MINOR,2026-09-29,2026-09-29T05:10:15.830529
AMKR,LONG,CONVICTION,80.8,BULL_BOUNCE_PENDING,52.73,50.05,57.48,59.91,37,1.77,CHOP,53.81,LIMIT,11,CONVICTION,2026-09-29,2026-09-29T04:31:16.308285
META,LONG,CONVICTION,80.7,BULL_BOUNCE_PENDING,702.61,665.24,768.85,,2,1.77,CHOP,716.951,LIMIT,20,CONVICTION,2026-09-29,2026-09-29T04:38:07.718337
SEDG,LONG,CONVICTION,80.7,BULL_BOUNCE_PENDING,31.16,28.7,35.98,,40,1.96,CHOP,31.8,LIMIT,20,COMPRESSION,2026-09-29,2026-09-29T04:54:47.104225
LYB,LONG,CONVICTION,80.6,BULL_BOUNCE_PENDING,57.19,56.07,61.62,61.62,88,3.94,CHOP,58.36,LIMIT,20,COMPRESSION,2026-09-29,2026-09-29T04:44:25.210885
ABT,LONG,CONVICTION,80.4,BULL_BOUNCE_PENDING,99.75,98.34,102.27,111.54,70,1.77,CHOP,100.9,LIMIT,20,COMPRESSION,2026-09-29,2026-09-29T04:32:46.428318
AGCO,SHORT,CONVICTION,80.4,BEAR_REJECTION_PENDING,118.07,122.46,107.64,107.64,22,2.38,CHOP,117.61,LIMIT,20,COMPRESSION,2026-09-29,2026-09-29T04:50:04.387167
COGT,LONG,CONVICTION,80.3,BULL_BOUNCE_PENDING,31.31,14.74,32.88,,6,0.09,CHOP,31.95,LIMIT,20,COMPRESSION,2026-09-29,2026-09-29T05:04:51.369395
CRL,LONG,CONVICTION,80.2,BULL_BOUNCE_PENDING,288.7,272.04,303.13,,6,0.87,CHOP,294.59,LIMIT,10,MINOR,2026-09-29,2026-09-29T04:43:43.591851
DASH,LONG,CONVICTION,80.2,BULL_BOUNCE_PENDING,191.59,184.25,205.01,,13,1.83,CHOP,178.36,STOP,20,CONVICTION,2026-09-29,2026-09-29T04:57:00.471204
BWXT,SHORT,CONVICTION,80.0,BEAR_REJECTION_PENDING,137.0,139.16,132.23,122.06,46,2.21,CHOP,135.94,LIMIT,20,CONVICTION,2026-09-29,2026-09-29T05:00:59.681706
NVDU,LONG,CONVICTION,79.9,BULL_BOUNCE_CONFIRMED,148.61,139.28,167.8,,10,2.06,CHOP,148.61,LIMIT,15,VACUUM,2026-09-29,2026-09-29T04:47:57.167097
UCO,LONG,CONVICTION,79.7,BULL_BOUNCE_PENDING,53.97,52.04,56.67,,51,1.4,CHOP,53.18,STOP,13,MINOR,2026-09-29,2026-09-29T04:45:09.783857
AMZU,LONG,CONVICTION,79.5,BULL_BOUNCE_PENDING,32.68,30.27,38.03,,41,2.21,CHOP,33.35,LIMIT,20,COMPRESSION,2026-09-29,2026-09-29T05:00:06.943451
FTNT,SHORT,CONVICTION,79.3,BEAR_REJECTION_PENDING,177.3,179.54,162.32,162.32,44,6.69,CHOP,176.9241,LIMIT,20,CONVICTION,2026-09-29,2026-09-29T04:33:13.405067
LQDA,SHORT,CONVICTION,79.3,BEAR_REJECTION_PENDING,73.55,75.36,67.18,64.97,55,3.51,CHOP,73.5,LIMIT,6,CONVICTION,2026-09-29,2026-09-29T04:50:43.353984
KNRX,LONG,CONVICTION,79.0,BULL_BOUNCE_PENDING,0.72,0.63,0.76,,1075,0.39,CHOP,0.7347,LIMIT,14,MINOR,2026-09-29,2026-09-29T04:29:20.935853
JNJ,SHORT,CONVICTION,79.0,BEAR_REJECTION_PENDING,275.23,278.71,248.27,255.25,28,7.75,CHOP,272.95,LIMIT,9,VACUUM,2026-09-29,2026-09-29T04:33:30.224699
HL,SHORT,CONVICTION,79.0,BEAR_REJECTION_PENDING,17.15,18.28,15.0,14.58,88,1.9,CHOP,17.12,LIMIT,20,CONVICTION,2026-09-29,2026-09-29T04:34:12.100021
STM,SHORT,CONVICTION,79.0,BEAR_REJECTION_PENDING,54.4,65.08,51.68,,9,0.25,CHOP,53.42,LIMIT,9,CONVICTION,2026-09-29,2026-09-29T04:37:48.211758
MRK,LONG,CONVICTION,79.0,BULL_BOUNCE_PENDING,146.0,136.55,153.3,,10,0.77,CHOP,148.9835,LIMIT,20,VACUUM,2026-09-29,2026-09-29T04:38:55.291172
AUGO,SHORT,CONVICTION,79.0,BEAR_REJECTION_PENDING,78.88,83.99,69.92,,19,1.75,CHOP,77.94,LIMIT,20,CONVICTION,2026-09-29,2026-09-29T04:40:54.962740
RDNT,SHORT,CONVICTION,79.0,BEAR_REJECTION_PENDING,72.91,75.53,64.85,62.26,38,3.08,CHOP,71.81,LIMIT,20,COMPRESSION,2026-09-29,2026-09-29T04:42:21.964365
VICR,LONG,CONVICTION,79.0,BULL_BOUNCE_CONFIRMED,288.41,279.13,318.17,311.88,10,3.21,CHOP,288.41,LIMIT,16,VACUUM,2026-09-29,2026-09-29T04:51:26.778335
ACAD,LONG,CONVICTION,79.0,BULL_BOUNCE_PENDING,20.65,19.6,23.05,23.18,94,2.28,CHOP,20.2511,STOP,20,COMPRESSION,2026-09-29,2026-09-29T04:52:22.044989
EL,LONG,CONVICTION,79.0,BULL_BOUNCE_PENDING,93.45,83.86,109.58,,10,1.68,CHOP,95.357,LIMIT,20,CONVICTION,2026-09-29,2026-09-29T04:53:53.079212
ETHU,SHORT,CONVICTION,79.0,BEAR_REJECTION_PENDING,31.1,42.58,29.55,,8,0.14,CHOP,30.87,LIMIT,20,CONVICTION,2026-09-29,2026-09-29T04:54:02.856242
HMY,SHORT,CONVICTION,79.0,BEAR_REJECTION_PENDING,17.86,19.06,15.99,,82,1.55,CHOP,17.81,LIMIT,20,CONVICTION,2026-09-29,2026-09-29T04:55:17.898735
ADI,SHORT,CONVICTION,79.0,BEAR_REJECTION_PENDING,402.9,420.02,377.05,345.81,5,1.51,CHOP,395.0,LIMIT,5,CONVICTION,2026-09-29,2026-09-29T05:05:46.778099
ASX,LONG,CONVICTION,79.0,BULL_BOUNCE_PENDING,42.88,41.42,45.2,,68,1.58,CHOP,43.76,LIMIT,16,MINOR,2026-09-29,2026-09-29T05:07:18.431501
KLIC,LONG,CONVICTION,79.0,BULL_BOUNCE_CONFIRMED,92.59,87.56,104.99,105.0,19,2.47,CHOP,92.59,LIMIT,20,CONVICTION,2026-09-29,2026-09-29T05:08:33.976486
NXT,LONG,CONVICTION,78.9,BULL_BOUNCE_PENDING,77.56,72.39,91.0,89.22,19,2.6,CHOP,79.14,LIMIT,20,COMPRESSION,2026-09-29,2026-09-29T04:51:32.076296
MTDR,LONG,CONVICTION,78.8,BULL_BOUNCE_PENDING,50.43,48.81,56.14,56.14,61,3.53,CHOP,51.46,LIMIT,20,COMPRESSION,2026-09-29,2026-09-29T04:44:33.024283
ALB,LONG,CONVICTION,78.8,BULL_BOUNCE_PENDING,105.34,103.19,110.0,121.0,46,2.17,CHOP,107.49,LIMIT,20,CONVICTION,2026-09-29,2026-09-29T04:50:06.104311
LMND,LONG,CONVICTION,78.8,BULL_BOUNCE_PENDING,42.88,37.31,45.02,,17,0.39,CHOP,43.7511,LIMIT,20,COMPRESSION,2026-09-29,2026-09-29T04:56:09.571385
BWA,SHORT,CONVICTION,78.8,BEAR_REJECTION_PENDING,62.29,66.98,55.05,,21,1.54,CHOP,61.07,LIMIT,20,CONVICTION,2026-09-29,2026-09-29T05:09:53.922421
PLGO,SHORT,CONVICTION,78.7,BEAR_REJECTION_PENDING,24.4,26.67,20.77,,43,1.6,CHOP,23.92,LIMIT,20,COMPRESSION,2026-09-29,2026-09-29T04:49:37.959973
WSM,SHORT,CONVICTION,78.7,BEAR_REJECTION_PENDING,232.06,236.27,204.82,211.38,23,6.48,CHOP,231.03,LIMIT,20,CONVICTION,2026-09-29,2026-09-29T04:59:23.601331
DIOD,LONG,CONVICTION,78.6,BULL_BOUNCE_CONFIRMED,96.37,85.32,101.19,,9,0.44,CHOP,96.37,LIMIT,20,COMPRESSION,2026-09-29,2026-09-29T04:41:14.632965
INSW,SHORT,CONVICTION,78.6,BEAR_REJECTION_PENDING,109.1,111.71,101.66,93.56,38,2.86,CHOP,108.1488,LIMIT,13,CONVICTION,2026-09-29,2026-09-29T04:47:32.123479
BHF,LONG,CONVICTION,78.6,BULL_BOUNCE_PENDING,51.0,43.16,53.55,,12,0.33,CHOP,52.04,LIMIT,20,COMPRESSION,2026-09-29,2026-09-29T04:59:37.223877
DY,LONG,CONVICTION,78.6,BULL_BOUNCE_PENDING,261.9,254.71,293.56,293.56,13,4.4,CHOP,267.25,LIMIT,20,CONVICTION,2026-09-29,2026-09-29T05:01:25.262210
BMNR,LONG,CONVICTION,78.5,BULL_BOUNCE_PENDING,27.1,25.86,28.45,,80,1.1,CHOP,27.65,LIMIT,7,CONVICTION,2026-09-29,2026-09-29T04:28:47.369482
HPE,LONG,CONVICTION,78.5,BULL_BOUNCE_PENDING,63.44,60.46,66.61,,33,1.06,CHOP,63.1,STOP,2,MINOR,2026-09-29,2026-09-29T04:35:15.293735
SKHY,SHORT,CONVICTION,78.5,BEAR_REJECTION_PENDING,185.8,189.25,164.61,159.53,28,6.14,CHOP,184.42,LIMIT,20,CONVICTION,2026-09-29,2026-09-29T04:49:45.828984
BBIO,LONG,CONVICTION,78.5,BULL_BOUNCE_PENDING,65.37,55.27,68.63,,9,0.32,CHOP,66.7,LIMIT,20,CONVICTION,2026-09-29,2026-09-29T04:52:26.920738
KLAC,SHORT,CONVICTION,78.4,BEAR_REJECTION_PENDING,195.32,206.79,166.62,164.6,8,2.5,CHOP,191.49,LIMIT,11,CONVICTION,2026-09-29,2026-09-29T04:35:57.225389
HLI,LONG,CONVICTION,78.4,BULL_BOUNCE_PENDING,126.99,121.93,145.77,145.69,19,3.71,CHOP,129.58,LIMIT,20,COMPRESSION,2026-09-29,2026-09-29T04:49:14.829720
BL,SHORT,CONVICTION,78.3,BEAR_REJECTION_PENDING,26.89,28.13,25.02,,80,1.51,CHOP,26.56,LIMIT,20,CONVICTION,2026-09-29,2026-09-29T04:48:40.738847
SGI,SHORT,CONVICTION,78.3,BEAR_REJECTION_PENDING,62.77,64.24,59.63,,68,2.14,CHOP,62.28,LIMIT,20,CONVICTION,2026-09-29,2026-09-29T05:01:52.205625
PG,LONG,CONVICTION,78.3,BULL_BOUNCE_PENDING,149.63,147.31,156.94,155.23,43,3.15,CHOP,148.48,STOP,20,CONVICTION,2026-09-29,2026-09-29T05:10:24.987850
CHRD,LONG,CONVICTION,78.2,BULL_BOUNCE_PENDING,132.74,130.69,143.29,143.29,48,5.15,CHOP,135.15,LIMIT,20,CONVICTION,2026-09-29,2026-09-29T04:51:49.730993
AMZN,SHORT,CONVICTION,78.1,BEAR_REJECTION_PENDING,246.62,250.92,233.35,209.79,23,3.09,CHOP,246.51,LIMIT,20,CONVICTION,2026-09-29,2026-09-29T04:36:48.648623
SSRM,LONG,CONVICTION,78.1,BULL_BOUNCE_PENDING,33.81,32.09,37.66,38.5,58,2.24,CHOP,34.5,LIMIT,20,COMPRESSION,2026-09-29,2026-09-29T04:42:38.860363
MPC,SHORT,CONVICTION,78.1,BEAR_REJECTION_PENDING,391.68,404.39,362.79,354.74,7,2.27,CHOP,389.55,LIMIT,20,CONVICTION,2026-09-29,2026-09-29T04:44:30.279479
ZS,SHORT,CONVICTION,78.1,BEAR_REJECTION_PENDING,204.04,214.54,172.8,172.8,9,2.98,CHOP,200.0431,LIMIT,12,CONVICTION,2026-09-29,2026-09-29T04:45:28.809291
PSI,SHORT,CONVICTION,78.1,BEAR_REJECTION_PENDING,149.9,153.88,143.2,136.27,25,1.69,CHOP,148.6372,LIMIT,16,CONVICTION,2026-09-29,2026-09-29T05:04:23.825296
CRCL,SHORT,CONVICTION,78.0,BEAR_REJECTION_PENDING,87.0,89.44,73.77,80.47,40,5.4,CHOP,86.61,LIMIT,20,CONVICTION,2026-09-29,2026-09-29T04:30:37.199426
JBL,LONG,CONVICTION,78.0,BULL_BOUNCE_CONFIRMED,320.27,298.07,359.78,,4,1.78,CHOP,320.2675,LIMIT,14,CONVICTION,2026-09-29,2026-09-29T05:05:56.512114
ASST,LONG,CONVICTION,77.8,BULL_BOUNCE_PENDING,29.14,28.14,31.64,31.64,99,2.48,CHOP,29.739,LIMIT,9,MINOR,2026-09-29,2026-09-29T04:30:47.674441
ELF,LONG,CONVICTION,77.8,BULL_BOUNCE_PENDING,99.96,95.85,108.25,,24,2.02,CHOP,102.0,LIMIT,20,VACUUM,2026-09-29,2026-09-29T04:39:34.882526
COHU,LONG,CONVICTION,77.8,BULL_BOUNCE_PENDING,67.07,63.38,73.0,,27,1.61,CHOP,66.3,STOP,13,COMPRESSION,2026-09-29,2026-09-29T04:48:52.083863
MIMI,LONG,CONVICTION,77.8,BULL_BOUNCE_PENDING,1.07,0.98,1.12,,1111,0.59,CHOP,0.8641,STOP,15,MINOR,2026-09-29,2026-09-29T04:59:26.687341
SUNE,LONG,CONVICTION,77.7,BULL_BOUNCE_PENDING,2.43,1.33,2.55,,91,0.11,CHOP,2.4794,LIMIT,20,MINOR,2026-09-29,2026-09-29T04:31:31.191004
WFC,LONG,CONVICTION,77.7,BULL_BOUNCE_PENDING,79.42,78.49,82.69,82.75,106,3.48,CHOP,80.92,LIMIT,20,COMPRESSION,2026-09-29,2026-09-29T04:32:58.619927
ATRO,LONG,CONVICTION,77.7,BULL_BOUNCE_PENDING,66.3,65.25,71.94,76.63,95,5.39,CHOP,67.65,LIMIT,20,CONVICTION,2026-09-29,2026-09-29T04:46:56.384293
VLO,LONG,CONVICTION,77.7,BULL_BOUNCE_PENDING,388.14,382.91,409.59,404.34,19,4.1,CHOP,389.211,LIMIT,20,CONVICTION,2026-09-29,2026-09-29T04:49:53.436534
LII,SHORT,CONVICTION,77.7,BEAR_REJECTION_PENDING,370.25,375.64,359.94,,18,1.91,CHOP,368.41,LIMIT,20,COMPRESSION,2026-09-29,2026-09-29T04:56:36.871091
LSCC,SHORT,CONVICTION,77.7,BEAR_REJECTION_PENDING,125.0,133.25,110.58,,12,1.75,CHOP,124.03,LIMIT,20,CONVICTION,2026-09-29,2026-09-29T05:08:01.573684
SEPN,SHORT,CONVICTION,77.5,BEAR_REJECTION_PENDING,40.07,41.52,35.55,35.55,69,3.12,CHOP,39.74,LIMIT,20,MINOR,2026-09-29,2026-09-29T04:46:27.056943
MLYS,LONG,CONVICTION,77.5,BULL_BOUNCE_CONFIRMED,25.8,22.39,27.09,,29,0.38,CHOP,25.8,LIMIT,20,MINOR,2026-09-29,2026-09-29T05:01:41.388754
NAMI,LONG,CONVICTION,77.5,BULL_BOUNCE_PENDING,2.84,2.39,2.98,,223,0.32,CHOP,2.07,STOP,20,MINOR,2026-09-29,2026-09-29T05:06:36.832722
TEM,LONG,CONVICTION,77.4,BULL_BOUNCE_PENDING,86.53,81.83,90.86,,21,0.92,CHOP,85.29,STOP,2,MINOR,2026-09-29,2026-09-29T04:30:53.521450
CVX,LONG,CONVICTION,77.4,BULL_BOUNCE_PENDING,208.46,203.74,215.9,,21,1.58,CHOP,205.59,STOP,20,CONVICTION,2026-09-29,2026-09-29T04:35:08.879326
HLNE,LONG,CONVICTION,77.2,BULL_BOUNCE_PENDING,83.26,79.7,95.26,95.95,28,3.37,CHOP,84.96,LIMIT,20,COMPRESSION,2026-09-29,2026-09-29T04:46:05.812954
TQQQ,LONG,CONVICTION,77.2,BULL_BOUNCE_PENDING,75.67,72.28,85.22,,29,2.82,CHOP,77.21,LIMIT,20,MINOR,2026-09-29,2026-09-29T05:08:10.107339
VCTR,LONG,CONVICTION,77.1,BULL_BOUNCE_PENDING,109.95,106.19,115.67,120.39,26,1.52,CHOP,109.6,STOP,19,CONVICTION,2026-09-29,2026-09-29T04:59:19.652771
INTC,LONG,CONVICTION,77.0,BULL_BOUNCE_PENDING,114.29,108.06,127.0,128.55,16,2.04,CHOP,116.62,LIMIT,20,CONVICTION,2026-09-29,2026-09-29T04:29:01.201566
HPQ,SHORT,CONVICTION,77.0,BEAR_REJECTION_PENDING,31.95,34.57,26.95,,38,1.9,CHOP,31.32,LIMIT,20,CONVICTION,2026-09-29,2026-09-29T04:36:03.675407
ADSK,LONG,CONVICTION,77.0,BULL_BOUNCE_PENDING,200.9,195.28,216.16,222.56,17,2.71,CHOP,205.0,LIMIT,20,CONVICTION,2026-09-29,2026-09-29T04:43:01.261402
ACVA,LONG,CONVICTION,77.0,BULL_BOUNCE_PENDING,10.48,10.15,11.29,,304,2.49,CHOP,10.47,STOP,16,CONVICTION,2026-09-29,2026-09-29T04:46:52.844228
IMVT,LONG,CONVICTION,77.0,BULL_BOUNCE_PENDING,32.82,26.26,34.46,,15,0.25,CHOP,33.49,LIMIT,20,COMPRESSION,2026-09-29,2026-09-29T04:47:32.096478
MOH,SHORT,CONVICTION,77.0,BEAR_REJECTION_PENDING,191.0,194.98,164.76,180.59,25,6.59,CHOP,189.5,LIMIT,20,VACUUM,2026-09-29,2026-09-29T04:47:50.631098
PCTY,LONG,CONVICTION,77.0,BULL_BOUNCE_PENDING,140.26,137.21,150.95,152.37,32,3.5,CHOP,143.04,LIMIT,20,CONVICTION,2026-09-29,2026-09-29T04:47:57.587097
PEGA,LONG,CONVICTION,77.0,BULL_BOUNCE_PENDING,32.57,30.4,36.07,38.09,46,1.62,CHOP,33.23,LIMIT,20,COMPRESSION,2026-09-29,2026-09-29T04:49:35.019968
MTCH,SHORT,CONVICTION,77.0,BEAR_REJECTION_PENDING,39.99,40.75,36.82,33.86,131,4.16,CHOP,39.4,LIMIT,20,COMPRESSION,2026-09-29,2026-09-29T04:52:47.350651
MGNI,LONG,CONVICTION,77.0,BULL_BOUNCE_PENDING,23.04,20.89,24.19,,46,0.54,CHOP,23.51,LIMIT,20,COMPRESSION,2026-09-29,2026-09-29T05:01:37.932748
HGTY,LONG,CONVICTION,77.0,BULL_BOUNCE_PENDING,13.25,11.66,13.91,,62,0.42,CHOP,13.52,LIMIT,20,COMPRESSION,2026-09-29,2026-09-29T05:05:29.373547
TARS,LONG,CONVICTION,76.9,BULL_BOUNCE_PENDING,76.9,74.15,86.31,86.31,36,3.42,CHOP,76.81,STOP,20,COMPRESSION,2026-09-29,2026-09-29T04:45:03.925008
EMR,LONG,CONVICTION,76.9,BULL_BOUNCE_PENDING,156.91,155.36,161.09,162.99,64,2.7,CHOP,159.39,LIMIT,9,COMPRESSION,2026-09-29,2026-09-29T04:45:53.475861
NOG,LONG,CONVICTION,76.8,BULL_BOUNCE_PENDING,23.76,22.86,25.96,25.96,111,2.46,CHOP,22.87,STOP,20,COMPRESSION,2026-09-29,2026-09-29T04:44:41.147844
MOD,LONG,CONVICTION,76.8,BULL_BOUNCE_PENDING,171.66,146.17,180.24,,3,0.34,CHOP,175.1584,LIMIT,20,CONVICTION,2026-09-29,2026-09-29T04:50:45.762987
MEDP,SHORT,CONVICTION,76.8,BEAR_REJECTION_PENDING,616.16,621.97,595.99,595.41,17,3.47,CHOP,615.94,LIMIT,16,VACUUM,2026-09-29,2026-09-29T04:52:02.952075
GKOS,SHORT,CONVICTION,76.7,BEAR_REJECTION_PENDING,159.86,163.12,143.63,143.27,30,4.97,CHOP,158.56,LIMIT,20,CONVICTION,2026-09-29,2026-09-29T04:41:34.428077
DOO,SHORT,CONVICTION,76.7,BEAR_REJECTION_PENDING,56.67,57.46,49.98,53.26,127,8.51,CHOP,56.48,LIMIT,20,COMPRESSION,2026-09-29,2026-09-29T04:52:36.010608
UXRP,SHORT,CONVICTION,76.7,BEAR_REJECTION_PENDING,16.95,19.09,16.1,,46,0.4,CHOP,16.94,LIMIT,20,CONVICTION,2026-09-29,2026-09-29T04:56:41.176099
KO,LONG,CONVICTION,76.6,BULL_BOUNCE_PENDING,85.14,81.84,91.06,,30,1.79,CHOP,86.88,LIMIT,20,COMPRESSION,2026-09-29,2026-09-29T04:32:28.520216
HCA,LONG,CONVICTION,76.6,BULL_BOUNCE_PENDING,423.95,387.67,479.11,,2,1.52,CHOP,432.6,LIMIT,20,MINOR,2026-09-29,2026-09-29T04:35:45.548351
TTMI,LONG,CONVICTION,76.6,BULL_BOUNCE_PENDING,121.57,117.38,134.84,136.63,23,3.16,CHOP,124.055,LIMIT,20,CONVICTION,2026-09-29,2026-09-29T04:59:14.079621
FIVN,LONG,CONVICTION,76.5,BULL_BOUNCE_PENDING,34.1,32.1,38.58,38.69,49,2.23,CHOP,34.8,LIMIT,20,COMPRESSION,2026-09-29,2026-09-29T04:29:42.113941
INSM,SHORT,CONVICTION,76.5,BEAR_REJECTION_PENDING,122.0,126.04,115.9,,24,1.51,CHOP,119.9159,LIMIT,20,VACUUM,2026-09-29,2026-09-29T05:01:34.269751
ENTG,LONG,CONVICTION,76.5,BULL_BOUNCE_PENDING,145.28,141.47,153.47,160.01,26,2.15,CHOP,148.2466,LIMIT,18,CONVICTION,2026-09-29,2026-09-29T05:04:15.007756
BRR,LONG,CONVICTION,76.5,BULL_BOUNCE_PENDING,4.19,3.92,4.4,,365,0.76,CHOP,4.13,STOP,0,NONE,2026-09-29,2026-09-29T05:07:18.599501
ORCL,LONG,CONVICTION,76.4,BULL_BOUNCE_PENDING,130.89,128.72,139.54,148.3,46,3.98,CHOP,133.03,LIMIT,20,CONVICTION,2026-09-29,2026-09-29T04:32:56.405398
TRGP,SHORT,CONVICTION,76.4,BEAR_REJECTION_PENDING,280.84,284.57,241.35,269.59,26,10.6,CHOP,277.43,LIMIT,20,CONVICTION,2026-09-29,2026-09-29T04:59:11.321342
FBIN,SHORT,CONVICTION,76.4,BEAR_REJECTION_PENDING,38.82,39.58,36.31,33.6,132,3.32,CHOP,38.43,LIMIT,20,COMPRESSION,2026-09-29,2026-09-29T05:10:02.321460
DOCU,SHORT,CONVICTION,76.3,BEAR_REJECTION_PENDING,66.98,67.84,61.15,57.98,116,6.8,CHOP,66.9,LIMIT,20,COMPRESSION,2026-09-29,2026-09-29T04:41:20.826144
CXW,LONG,CONVICTION,76.3,BULL_BOUNCE_PENDING,33.21,31.38,36.05,,54,1.56,CHOP,31.76,STOP,20,COMPRESSION,2026-09-29,2026-09-29T04:50:24.137669
IBIT,SHORT,CONVICTION,76.3,BEAR_REJECTION_PENDING,48.37,50.95,43.67,40.73,38,1.82,CHOP,47.42,LIMIT,20,CONVICTION,2026-09-29,2026-09-29T04:54:22.661947
RL,SHORT,CONVICTION,76.3,BEAR_REJECTION_PENDING,358.28,364.13,337.99,337.99,17,3.47,CHOP,357.0,LIMIT,20,CONVICTION,2026-09-29,2026-09-29T05:04:26.555830
KTOS,LONG,CONVICTION,76.1,BULL_BOUNCE_PENDING,43.43,40.97,50.19,,40,2.74,CHOP,44.32,LIMIT,20,COMPRESSION,2026-09-29,2026-09-29T04:32:08.802140
AGQ,SHORT,CONVICTION,76.1,BEAR_REJECTION_PENDING,68.95,76.69,65.5,,12,0.45,CHOP,67.66,LIMIT,20,CONVICTION,2026-09-29,2026-09-29T04:43:01.375402
MCK,SHORT,CONVICTION,76.1,BEAR_REJECTION_PENDING,858.0,868.21,812.87,771.63,9,4.42,CHOP,856.29,LIMIT,20,CONVICTION,2026-09-29,2026-09-29T04:58:13.254636
EEFT,SHORT,CONVICTION,76.1,BEAR_REJECTION_PENDING,65.0,65.94,61.75,,106,3.46,CHOP,64.93,LIMIT,20,COMPRESSION,2026-09-29,2026-09-29T05:01:26.152643
AAPL,LONG,CONVICTION,76.0,BULL_BOUNCE_PENDING,333.53,330.61,341.07,341.79,34,2.58,CHOP,337.1651,LIMIT,18,MINOR,2026-09-29,2026-09-29T04:35:26.340973
FIG,SHORT,CONVICTION,76.0,BEAR_REJECTION_PENDING,20.3,20.95,19.05,18.65,152,1.91,CHOP,20.22,LIMIT,20,COMPRESSION,2026-09-29,2026-09-29T04:38:22.890798
NICE,SHORT,CONVICTION,76.0,BEAR_REJECTION_PENDING,111.54,113.3,105.04,102.3,56,3.69,CHOP,110.35,LIMIT,20,COMPRESSION,2026-09-29,2026-09-29T04:42:06.896875
DPZ,SHORT,CONVICTION,76.0,BEAR_REJECTION_PENDING,293.57,297.47,285.0,,25,2.2,CHOP,292.27,LIMIT,20,COMPRESSION,2026-09-29,2026-09-29T04:45:52.070857
SUNB,SHORT,CONVICTION,76.0,BEAR_REJECTION_PENDING,76.73,80.23,66.58,66.41,28,2.91,CHOP,75.23,LIMIT,20,CONVICTION,2026-09-29,2026-09-29T04:51:23.369505
FFIV,SHORT,CONVICTION,76.0,BEAR_REJECTION_PENDING,440.98,445.5,375.34,412.12,22,14.51,CHOP,439.5,LIMIT,20,CONVICTION,2026-09-29,2026-09-29T04:58:49.519436
AVT,LONG,CONVICTION,76.0,BULL_BOUNCE_PENDING,103.33,99.32,108.5,,24,1.29,CHOP,101.45,STOP,20,MINOR,2026-09-29,2026-09-29T05:05:51.259104
BRUN,LONG,CONVICTION,75.7,BULL_BOUNCE_PENDING,16.15,15.08,18.62,,93,2.32,CHOP,16.48,LIMIT,20,COMPRESSION,2026-09-29,2026-09-29T04:46:59.670297
NOW,LONG,CONVICTION,75.6,BULL_BOUNCE_PENDING,128.86,125.17,137.25,150.05,27,2.27,CHOP,131.49,LIMIT,20,MINOR,2026-09-29,2026-09-29T04:34:06.097017
TFX,SHORT,CONVICTION,75.6,BEAR_REJECTION_PENDING,127.74,130.31,117.62,114.54,38,3.95,CHOP,127.19,LIMIT,20,CONVICTION,2026-09-29,2026-09-29T04:56:20.614098
NVTS,LONG,CONVICTION,75.5,BULL_BOUNCE_PENDING,12.19,11.52,13.74,13.82,149,2.31,CHOP,13.2875,STOP,6,MINOR,2026-09-29,2026-09-29T04:28:43.739949
MSTU,LONG,CONVICTION,75.5,BULL_BOUNCE_PENDING,41.99,40.4,48.85,47.7,62,4.32,CHOP,42.85,LIMIT,20,CONVICTION,2026-09-29,2026-09-29T04:54:36.898653
AVS,LONG,CONVICTION,75.4,BULL_BOUNCE_PENDING,8.34,8.12,8.73,9.0,454,1.77,CHOP,8.24,STOP,20,COMPRESSION,2026-09-29,2026-09-29T04:50:14.541867
VRSN,LONG,CONVICTION,75.4,BULL_BOUNCE_PENDING,277.55,275.32,284.02,284.02,44,2.9,CHOP,282.07,LIMIT,20,CONVICTION,2026-09-29,2026-09-29T04:57:27.009639
BWIN,SHORT,CONVICTION,75.3,BEAR_REJECTION_PENDING,32.46,36.55,30.83,,24,0.4,CHOP,31.82,LIMIT,16,VACUUM,2026-09-29,2026-09-29T04:47:00.565298
FFAI,LONG,CONVICTION,75.2,BULL_BOUNCE_PENDING,1.8,1.58,1.89,,447,0.4,CHOP,1.66,STOP,5,COMPRESSION,2026-09-29,2026-09-29T04:28:39.589943
OSK,SHORT,CONVICTION,75.2,BEAR_REJECTION_PENDING,134.63,136.17,127.3,114.17,65,4.77,CHOP,132.79,LIMIT,20,COMPRESSION,2026-09-29,2026-09-29T04:55:27.144568
CYTK,SHORT,CONVICTION,75.1,BEAR_REJECTION_PENDING,67.02,67.93,57.83,58.1,110,10.12,CHOP,66.16,LIMIT,20,COMPRESSION,2026-09-29,2026-09-29T05:04:51.420394
WMT,LONG,CONVICTION,75.0,BULL_BOUNCE_PENDING,105.88,101.07,117.47,119.58,20,2.41,CHOP,108.04,LIMIT,20,CONVICTION,2026-09-29,2026-09-29T04:32:21.393618
MDLN,SHORT,CONVICTION,75.0,BEAR_REJECTION_PENDING,35.63,40.73,33.85,,19,0.35,CHOP,34.9286,LIMIT,10,CONVICTION,2026-09-29,2026-09-29T04:39:03.048190
APO,SHORT,CONVICTION,75.0,BEAR_REJECTION_PENDING,120.84,122.3,111.8,112.97,68,6.2,CHOP,119.0,LIMIT,20,COMPRESSION,2026-09-29,2026-09-29T04:43:08.702059
PSN,SHORT,CONVICTION,75.0,BEAR_REJECTION_PENDING,42.43,43.29,40.68,37.2,117,2.05,CHOP,41.6,LIMIT,20,COMPRESSION,2026-09-29,2026-09-29T04:55:45.148739
AEHG,SHORT,CONVICTION,75.0,BEAR_REJECTION_PENDING,8.98,10.31,8.53,,74,0.34,CHOP,8.8,LIMIT,20,CONVICTION,2026-09-29,2026-09-29T05:03:49.786115
SE,LONG,CONVICTION,74.9,BULL_BOUNCE_PENDING,97.0,95.31,104.54,102.05,59,4.46,CHOP,98.98,LIMIT,20,CONVICTION,2026-09-29,2026-09-29T04:58:19.569838
QMCO,LONG,CONVICTION,74.8,BULL_BOUNCE_PENDING,32.93,30.5,34.58,,41,0.68,CHOP,31.0,STOP,18,CONVICTION,2026-09-29,2026-09-29T04:39:37.435058
PRIM,SHORT,CONVICTION,74.8,BEAR_REJECTION_PENDING,72.13,73.01,62.23,,113,11.21,CHOP,71.12,LIMIT,20,COMPRESSION,2026-09-29,2026-09-29T04:51:06.615017
TDC,SHORT,CONVICTION,74.8,BEAR_REJECTION_PENDING,29.12,31.31,24.9,,45,1.93,CHOP,28.55,LIMIT,20,MINOR,2026-09-29,2026-09-29T04:52:57.571690
SAIA,LONG,CONVICTION,74.8,BULL_BOUNCE_PENDING,323.89,317.04,347.25,354.25,14,3.41,CHOP,330.5,LIMIT,20,CONVICTION,2026-09-29,2026-09-29T05:03:30.432551
NBIG,SHORT,CONVICTION,74.7,BEAR_REJECTION_PENDING,18.56,21.85,17.64,,30,0.28,CHOP,18.2,LIMIT,14,CONVICTION,2026-09-29,2026-09-29T04:46:16.061273
SKUU,SHORT,CONVICTION,74.6,BEAR_REJECTION_PENDING,28.73,29.96,25.85,25.85,81,2.34,CHOP,28.37,LIMIT,20,CONVICTION,2026-09-29,2026-09-29T04:46:29.841045
SILJ,LONG,CONVICTION,74.6,BULL_BOUNCE_PENDING,27.29,25.98,31.6,30.65,76,3.28,CHOP,27.85,LIMIT,20,COMPRESSION,2026-09-29,2026-09-29T04:58:24.952447
IGV,LONG,CONVICTION,74.6,BULL_BOUNCE_PENDING,103.0,101.39,105.43,108.1,62,1.51,CHOP,105.1,LIMIT,20,COMPRESSION,2026-09-29,2026-09-29T04:59:44.629386
GOLD,SHORT,CONVICTION,74.6,BEAR_REJECTION_PENDING,43.11,44.17,38.51,40.56,94,4.34,CHOP,43.0,LIMIT,20,MINOR,2026-09-29,2026-09-29T05:04:17.010759
SYNA,SHORT,CONVICTION,74.6,BEAR_REJECTION_PENDING,103.02,110.26,89.29,,13,1.9,CHOP,101.0,LIMIT,20,CONVICTION,2026-09-29,2026-09-29T05:06:04.065123
IMAX,LONG,CONVICTION,74.5,BULL_BOUNCE_PENDING,57.79,55.96,60.68,,54,1.58,CHOP,56.34,STOP,20,MINOR,2026-09-29,2026-09-29T04:44:10.772074
MP,LONG,CONVICTION,74.3,BULL_BOUNCE_PENDING,45.57,43.62,53.33,50.27,51,3.98,CHOP,46.5,LIMIT,20,COMPRESSION,2026-09-29,2026-09-29T04:50:46.939989
CGON,LONG,CONVICTION,74.3,BULL_BOUNCE_PENDING,70.01,66.5,76.87,79.5,28,1.96,CHOP,69.61,STOP,20,COMPRESSION,2026-09-29,2026-09-29T04:51:47.892462
PGR,SHORT,CONVICTION,74.3,BEAR_REJECTION_PENDING,211.5,213.3,205.9,198.28,55,3.11,CHOP,209.23,LIMIT,20,CONVICTION,2026-09-29,2026-09-29T04:54:46.994220
AVGO,SHORT,CONVICTION,74.2,BEAR_REJECTION_PENDING,358.62,365.11,315.06,326.73,15,6.71,CHOP,351.59,LIMIT,20,CONVICTION,2026-09-29,2026-09-29T04:37:20.547763
ESNT,SHORT,CONVICTION,74.0,BEAR_REJECTION_PENDING,63.81,65.31,58.81,58.45,66,3.32,CHOP,63.44,LIMIT,20,COMPRESSION,2026-09-29,2026-09-29T04:41:24.942558
HALO,LONG,CONVICTION,74.0,BULL_BOUNCE_PENDING,110.89,107.68,116.43,,31,1.73,CHOP,113.15,LIMIT,17,COMPRESSION,2026-09-29,2026-09-29T04:41:42.465265
REPL,LONG,CONVICTION,74.0,BULL_BOUNCE_PENDING,12.22,5.47,12.83,,14,0.09,CHOP,12.47,LIMIT,20,MINOR,2026-09-29,2026-09-29T04:44:51.290390
SIMO,LONG,CONVICTION,74.0,BULL_BOUNCE_CONFIRMED,278.4,260.57,310.0,,5,1.77,CHOP,278.4,LIMIT,15,MINOR,2026-09-29,2026-09-29T04:48:11.109765
DBX,SHORT,CONVICTION,74.0,BEAR_REJECTION_PENDING,32.56,34.39,29.6,27.66,54,1.61,CHOP,31.92,LIMIT,20,COMPRESSION,2026-09-29,2026-09-29T04:48:56.255868
RAM,SHORT,CONVICTION,74.0,BEAR_REJECTION_PENDING,14.3,15.59,12.03,,77,1.77,CHOP,14.02,LIMIT,15,CONVICTION,2026-09-29,2026-09-29T04:49:41.487978
RKLB,LONG,CONVICTION,73.9,BULL_BOUNCE_PENDING,71.08,63.38,74.63,,12,0.46,CHOP,72.53,LIMIT,20,MINOR,2026-09-29,2026-09-29T04:36:39.858068
ORKA,SHORT,CONVICTION,73.9,BEAR_REJECTION_PENDING,85.87,90.37,72.34,74.99,22,3.01,CHOP,84.19,LIMIT,20,CONVICTION,2026-09-29,2026-09-29T04:44:46.982848
SQM,LONG,CONVICTION,73.9,BULL_BOUNCE_PENDING,63.89,62.59,67.93,69.08,76,3.11,CHOP,65.19,LIMIT,20,COMPRESSION,2026-09-29,2026-09-29T04:55:42.071735
GEN,LONG,CONVICTION,73.8,BULL_BOUNCE_PENDING,21.58,20.3,23.91,,78,1.83,CHOP,20.85,STOP,20,COMPRESSION,2026-09-29,2026-09-29T04:55:16.472692
INTR,LONG,CONVICTION,73.5,BULL_BOUNCE_PENDING,5.11,4.89,5.49,5.78,459,1.75,CHOP,5.12,STOP,20,COMPRESSION,2026-09-29,2026-09-29T04:36:46.123615
FTAI,LONG,CONVICTION,73.5,BULL_BOUNCE_PENDING,164.15,155.88,182.72,187.73,12,2.24,CHOP,167.5,LIMIT,20,CONVICTION,2026-09-29,2026-09-29T04:45:58.413868
BABX,SHORT,CONVICTION,73.5,BEAR_REJECTION_PENDING,16.84,19.35,16.0,,39,0.34,CHOP,16.51,LIMIT,20,COMPRESSION,2026-09-29,2026-09-29T04:55:09.968402
PAAS,LONG,CONVICTION,73.5,BULL_BOUNCE_PENDING,44.92,43.51,50.93,50.04,70,4.25,CHOP,45.84,LIMIT,20,CONVICTION,2026-09-29,2026-09-29T04:55:27.405237
W,SHORT,CONVICTION,73.5,BEAR_REJECTION_PENDING,100.6,107.89,87.6,,13,1.79,CHOP,98.63,LIMIT,20,VACUUM,2026-09-29,2026-09-29T05:06:21.769166
HOOD,SHORT,CONVICTION,73.3,BEAR_REJECTION_PENDING,118.03,120.0,113.34,112.2,50,2.38,CHOP,117.61,LIMIT,20,CONVICTION,2026-09-29,2026-09-29T04:30:39.777430
JAZZ,SHORT,CONVICTION,73.3,BEAR_REJECTION_PENDING,239.26,241.77,231.44,203.94,39,3.11,CHOP,238.0,LIMIT,20,VACUUM,2026-09-29,2026-09-29T05:00:49.850522
TECK,LONG,CONVICTION,73.2,BULL_BOUNCE_PENDING,63.79,59.9,71.02,,25,1.86,CHOP,65.09,LIMIT,20,COMPRESSION,2026-09-29,2026-09-29T04:35:53.151377
BILL,SHORT,CONVICTION,73.2,BEAR_REJECTION_PENDING,42.6,43.87,36.05,37.0,78,5.14,CHOP,41.76,LIMIT,20,CONVICTION,2026-09-29,2026-09-29T04:43:14.238928
ARE,SHORT,CONVICTION,73.2,BEAR_REJECTION_PENDING,48.92,49.77,44.65,41.76,117,5.04,CHOP,48.66,LIMIT,20,COMPRESSION,2026-09-29,2026-09-29T04:53:11.592506
URNM,LONG,CONVICTION,73.2,BULL_BOUNCE_PENDING,47.09,44.87,51.96,54.37,45,2.2,CHOP,48.05,LIMIT,20,COMPRESSION,2026-09-29,2026-09-29T04:56:24.551128
TWST,SHORT,CONVICTION,73.1,BEAR_REJECTION_PENDING,181.82,185.33,168.4,158.04,28,3.82,CHOP,180.35,LIMIT,20,CONVICTION,2026-09-29,2026-09-29T04:42:45.930376
CECO,LONG,CONVICTION,73.1,BULL_BOUNCE_PENDING,70.81,59.77,74.36,,9,0.32,CHOP,72.26,LIMIT,20,CONVICTION,2026-09-29,2026-09-29T04:45:32.993828
SOAR,LONG,CONVICTION,73.0,BULL_BOUNCE_PENDING,0.47,0.43,0.49,,2597,0.61,CHOP,0.305,STOP,9,MINOR,2026-09-29,2026-09-29T04:29:09.683646
ERO,LONG,CONVICTION,73.0,BULL_BOUNCE_PENDING,38.04,36.1,39.94,,51,0.98,CHOP,37.5,STOP,20,MINOR,2026-09-29,2026-09-29T04:41:22.281336
NAT,LONG,CONVICTION,73.0,BULL_BOUNCE_PENDING,7.99,7.67,8.39,,316,1.27,CHOP,7.7333,STOP,20,COMPRESSION,2026-09-29,2026-09-29T04:59:46.135718
NVMI,LONG,CONVICTION,73.0,BULL_BOUNCE_CONFIRMED,377.29,365.08,403.38,413.23,8,2.14,CHOP,377.29,LIMIT,20,CONVICTION,2026-09-29,2026-09-29T05:04:23.616296
NVT,SHORT,CONVICTION,73.0,BEAR_REJECTION_PENDING,163.2,174.95,144.8,,8,1.57,CHOP,160.0,LIMIT,20,CONVICTION,2026-09-29,2026-09-29T05:07:39.643120
KSS,LONG,CONVICTION,72.9,BULL_BOUNCE_CONFIRMED,18.09,16.94,18.99,,86,0.78,CHOP,18.09,LIMIT,20,MINOR,2026-09-29,2026-09-29T04:41:52.479408
AKAM,LONG,CONVICTION,72.9,BULL_BOUNCE,108.5,101.6,121.5,124.66,14,1.88,CHOP,108.5,LIMIT,20,CONVICTION,2026-09-29,2026-09-29T04:43:04.854935
LIVN,LONG,CONVICTION,72.8,BULL_BOUNCE_PENDING,75.71,71.14,85.93,86.34,21,2.23,CHOP,77.26,LIMIT,20,COMPRESSION,2026-09-29,2026-09-29T04:47:45.160027
UHS,LONG,CONVICTION,72.8,BULL_BOUNCE_PENDING,175.49,173.61,203.23,200.04,53,14.75,CHOP,177.48,LIMIT,20,CONVICTION,2026-09-29,2026-09-29T04:48:24.408338
S,LONG,CONVICTION,72.7,BULL_BOUNCE_PENDING,22.15,19.65,23.26,,40,0.44,CHOP,22.6,LIMIT,14,COMPRESSION,2026-09-29,2026-09-29T04:33:23.919452
ZSL,LONG,CONVICTION,72.7,BULL_BOUNCE_PENDING,27.29,25.71,30.92,31.32,63,2.29,CHOP,27.42,STOP,20,VACUUM,2026-09-29,2026-09-29T04:53:02.368708
ALGT,SHORT,CONVICTION,72.7,BEAR_REJECTION_PENDING,77.14,79.49,68.54,70.2,42,3.67,CHOP,76.55,LIMIT,20,CONVICTION,2026-09-29,2026-09-29T04:55:48.306753
GLL,LONG,CONVICTION,72.7,BULL_BOUNCE_PENDING,25.47,24.62,27.59,28.32,117,2.49,CHOP,25.11,STOP,20,COMPRESSION,2026-09-29,2026-09-29T05:00:23.887484
FND,SHORT,CONVICTION,72.7,BEAR_REJECTION_PENDING,47.29,50.48,44.92,,31,0.74,CHOP,46.36,LIMIT,20,COMPRESSION,2026-09-29,2026-09-29T05:05:06.784617
MDB,LONG,CONVICTION,72.5,BULL_BOUNCE_PENDING,338.23,330.25,364.27,367.6,12,3.26,CHOP,339.82,LIMIT,15,VACUUM,2026-09-29,2026-09-29T04:41:55.879143
PCOR,LONG,CONVICTION,72.5,BULL_BOUNCE_PENDING,48.09,46.95,49.87,52.66,88,1.57,CHOP,49.06,LIMIT,20,COMPRESSION,2026-09-29,2026-09-29T04:49:34.742969
NRG,SHORT,CONVICTION,72.5,BEAR_REJECTION_PENDING,99.3,100.5,97.17,,83,1.77,CHOP,97.35,LIMIT,20,COMPRESSION,2026-09-29,2026-09-29T04:50:52.242004
FOUR,SHORT,CONVICTION,72.4,BEAR_REJECTION_PENDING,37.75,39.9,35.86,,46,0.88,CHOP,37.09,LIMIT,20,COMPRESSION,2026-09-29,2026-09-29T04:43:55.383868
VECO,LONG,CONVICTION,72.3,BULL_BOUNCE_PENDING,49.7,47.56,56.36,55.5,46,3.11,CHOP,49.07,STOP,11,CONVICTION,2026-09-29,2026-09-29T04:28:24.045862
QCOM,SHORT,CONVICTION,72.3,BEAR_REJECTION_PENDING,193.18,203.51,164.79,168.74,9,2.75,CHOP,189.39,LIMIT,19,CONVICTION,2026-09-29,2026-09-29T04:36:21.177338
WMS,SHORT,CONVICTION,72.3,BEAR_REJECTION_PENDING,131.57,133.8,126.93,125.1,44,2.08,CHOP,130.78,LIMIT,20,CONVICTION,2026-09-29,2026-09-29T04:49:58.372541
CALM,SHORT,CONVICTION,72.3,BEAR_REJECTION_PENDING,68.4,69.34,66.87,,105,1.62,CHOP,67.355,LIMIT,20,COMPRESSION,2026-09-29,2026-09-29T04:51:33.438443
WCC,LONG,CONVICTION,72.3,BULL_BOUNCE,362.5,350.55,380.62,,8,1.52,CHOP,362.5,LIMIT,17,VACUUM,2026-09-29,2026-09-29T05:04:38.656377
TVTX,LONG,CONVICTION,72.3,BULL_BOUNCE_PENDING,60.36,57.99,64.89,66.71,42,1.91,CHOP,61.59,LIMIT,20,MINOR,2026-09-29,2026-09-29T05:05:02.714941
CRC,SHORT,CONVICTION,72.2,BEAR_REJECTION_PENDING,52.79,54.34,49.59,44.33,64,2.05,CHOP,51.75,LIMIT,20,COMPRESSION,2026-09-29,2026-09-29T04:43:41.199845
CEG,SHORT,CONVICTION,72.1,BEAR_REJECTION_PENDING,261.11,264.59,248.2,232.2,28,3.71,CHOP,260.55,LIMIT,20,CONVICTION,2026-09-29,2026-09-29T05:01:00.826766
MS,SHORT,CONVICTION,72.0,BEAR_REJECTION_PENDING,195.48,197.52,188.49,182.87,48,3.42,CHOP,193.72,LIMIT,20,COMPRESSION,2026-09-29,2026-09-29T04:34:17.144631
ALC,SHORT,CONVICTION,72.0,BEAR_REJECTION_PENDING,66.46,68.48,62.13,61.69,49,2.15,CHOP,65.16,LIMIT,20,COMPRESSION,2026-09-29,2026-09-29T04:38:56.552176
MTN,LONG,CONVICTION,72.0,DOUBLE_REJECTION_LONG,135.55,134.84,138.82,146.67,141,4.62,CHOP,135.55,LIMIT,18,COMPRESSION,2026-09-29,2026-09-29T05:06:00.387147
PSX,SHORT,CONVICTION,71.8,BEAR_REJECTION_PENDING,257.2,260.95,248.12,246.58,26,2.42,CHOP,253.478,LIMIT,20,CONVICTION,2026-09-29,2026-09-29T04:46:23.473874
IOVA,LONG,CONVICTION,71.7,BULL_BOUNCE_PENDING,11.18,10.57,11.74,,164,0.92,CHOP,11.04,STOP,1,MINOR,2026-09-29,2026-09-29T04:32:20.540373
FIX,LONG,CONVICTION,71.6,BULL_BOUNCE,1650.0,1578.81,1895.09,1844.86,1,3.44,CHOP,1650.0,LIMIT,20,COMPRESSION,2026-09-29,2026-09-29T04:51:57.604534
PWR,SHORT,CONVICTION,71.6,BEAR_REJECTION_PENDING,645.21,651.7,576.02,588.09,15,10.66,CHOP,644.36,LIMIT,20,CONVICTION,2026-09-29,2026-09-29T04:52:05.859607
TSDD,LONG,CONVICTION,71.6,BULL_BOUNCE_PENDING,8.03,7.58,9.16,9.05,221,2.5,CHOP,7.98,STOP,20,COMPRESSION,2026-09-29,2026-09-29T05:04:32.451838
MANE,SHORT,CONVICTION,71.5,BEAR_REJECTION_PENDING,115.0,116.79,107.44,99.31,55,4.22,CHOP,114.81,LIMIT,20,CONVICTION,2026-09-29,2026-09-29T04:30:09.624981
DK,LONG,CONVICTION,71.5,BULL_BOUNCE_PENDING,66.12,63.17,77.21,77.21,33,3.76,CHOP,67.47,LIMIT,20,CONVICTION,2026-09-29,2026-09-29T04:45:48.954853
U,LONG,CONVICTION,71.4,BULL_BOUNCE_PENDING,39.05,33.03,41.0,,16,0.32,CHOP,39.8446,LIMIT,20,COMPRESSION,2026-09-29,2026-09-29T04:31:36.089611
PFE,LONG,CONVICTION,71.4,BULL_BOUNCE_PENDING,28.9,28.46,30.34,,227,3.29,CHOP,28.76,STOP,2,COMPRESSION,2026-09-29,2026-09-29T04:32:26.757735
ADPT,LONG,CONVICTION,71.4,BULL_BOUNCE_PENDING,29.55,28.25,31.03,,76,1.13,CHOP,28.52,STOP,20,COMPRESSION,2026-09-29,2026-09-29T05:06:26.938174
ELMT,LONG,CONVICTION,71.2,BULL_BOUNCE_PENDING,18.28,15.91,19.19,,42,0.39,CHOP,18.65,LIMIT,20,COMPRESSION,2026-09-29,2026-09-29T05:06:08.163041
EXPD,LONG,CONVICTION,71.1,BULL_BOUNCE_PENDING,189.15,185.19,198.61,,25,2.39,CHOP,188.58,STOP,19,MINOR,2026-09-29,2026-09-29T04:47:21.551878
WMB,LONG,CONVICTION,71.1,BULL_BOUNCE_PENDING,68.34,67.51,71.55,72.51,119,3.84,CHOP,68.98,LIMIT,20,COMPRESSION,2026-09-29,2026-09-29T04:59:23.301199
DDD,LONG,CONVICTION,71.0,BULL_BOUNCE_PENDING,3.46,2.82,3.63,,155,0.27,CHOP,3.53,LIMIT,20,COMPRESSION,2026-09-29,2026-09-29T04:28:18.699855
INFQ,LONG,CONVICTION,71.0,BULL_BOUNCE_PENDING,14.81,13.92,16.16,,112,1.52,CHOP,14.24,STOP,6,COMPRESSION,2026-09-29,2026-09-29T04:37:41.922743
ECHO,SHORT,CONVICTION,71.0,BEAR_REJECTION_PENDING,89.8,90.65,87.51,86.69,117,2.69,CHOP,89.056,LIMIT,20,COMPRESSION,2026-09-29,2026-09-29T04:47:15.564335
JMKE,SHORT,CONVICTION,71.0,BEAR_REJECTION_PENDING,16.85,17.21,16.01,,281,2.37,CHOP,16.8012,LIMIT,20,COMPRESSION,2026-09-29,2026-09-29T04:47:37.857486
LBRT,LONG,CONVICTION,71.0,BULL_BOUNCE_PENDING,19.82,18.82,21.34,,99,1.52,CHOP,18.9,STOP,20,COMPRESSION,2026-09-29,2026-09-29T04:50:39.638447
MFP,LONG,CONVICTION,71.0,BULL_BOUNCE_PENDING,40.33,38.6,46.66,44.45,57,3.66,CHOP,41.15,LIMIT,20,COMPRESSION,2026-09-29,2026-09-29T04:50:43.880984
NG,SHORT,CONVICTION,71.0,BEAR_REJECTION_PENDING,6.72,7.17,5.95,,224,1.73,CHOP,6.6954,LIMIT,20,COMPRESSION,2026-09-29,2026-09-29T04:54:39.902663
ANDG,LONG,CONVICTION,71.0,BULL_BOUNCE_PENDING,51.74,49.74,55.77,56.96,49,2.01,CHOP,52.8,LIMIT,20,MINOR,2026-09-29,2026-09-29T04:55:07.223470
ARXS,SHORT,CONVICTION,71.0,BEAR_REJECTION_PENDING,49.32,50.37,42.99,44.78,95,6.03,CHOP,48.44,LIMIT,20,COMPRESSION,2026-09-29,2026-09-29T05:07:15.590496
IBRX,LONG,CONVICTION,70.9,BULL_BOUNCE,8.52,7.93,9.64,,169,1.9,CHOP,8.52,LIMIT,19,COMPRESSION,2026-09-29,2026-09-29T04:36:12.026777
CHTR,SHORT,CONVICTION,70.9,BEAR_REJECTION_PENDING,113.83,117.94,108.14,,24,1.39,CHOP,111.6,LIMIT,20,COMPRESSION,2026-09-29,2026-09-29T04:45:48.540854
ALM,LONG,CONVICTION,70.9,BULL_BOUNCE_PENDING,13.08,12.14,15.28,,106,2.34,CHOP,13.35,LIMIT,20,COMPRESSION,2026-09-29,2026-09-29T04:50:07.881721
CDNS,SHORT,CONVICTION,70.9,BEAR_REJECTION_PENDING,324.8,330.43,305.63,298.65,17,3.4,CHOP,323.0,LIMIT,20,CONVICTION,2026-09-29,2026-09-29T04:57:59.740824
BLSH,SHORT,CONVICTION,70.8,BEAR_REJECTION_PENDING,36.93,37.77,34.49,34.67,119,2.91,CHOP,36.4,LIMIT,20,COMPRESSION,2026-09-29,2026-09-29T04:48:43.539852
QTWO,SHORT,CONVICTION,70.8,BEAR_REJECTION_PENDING,55.31,56.41,49.37,48.88,90,5.4,CHOP,55.1,LIMIT,20,COMPRESSION,2026-09-29,2026-09-29T04:49:39.538978
PSNL,LONG,CONVICTION,70.8,BULL_BOUNCE_PENDING,16.12,15.68,17.5,17.5,227,3.14,CHOP,16.45,LIMIT,20,MINOR,2026-09-29,2026-09-29T04:55:30.723455
ARW,LONG,CONVICTION,70.8,BULL_BOUNCE_PENDING,233.3,226.19,244.97,,14,1.64,CHOP,230.46,STOP,15,MINOR,2026-09-29,2026-09-29T05:04:06.733205
NOVT,LONG,CONVICTION,70.8,BULL_BOUNCE_PENDING,140.37,138.22,148.55,149.94,46,3.8,CHOP,142.08,LIMIT,20,CONVICTION,2026-09-29,2026-09-29T05:08:39.511495
CLOU,LONG,CONVICTION,70.7,BULL_BOUNCE,27.53,26.55,29.02,,101,1.51,CHOP,27.53,LIMIT,20,COMPRESSION,2026-09-29,2026-09-29T04:43:40.847845
EXE,SHORT,CONVICTION,70.7,BEAR_REJECTION_PENDING,87.0,87.93,82.65,,107,4.69,CHOP,85.3,LIMIT,20,COMPRESSION,2026-09-29,2026-09-29T04:43:54.908868
RUM,LONG,CONVICTION,70.7,BULL_BOUNCE_PENDING,7.77,7.38,8.82,9.03,258,2.71,CHOP,7.93,LIMIT,20,COMPRESSION,2026-09-29,2026-09-29T04:48:06.570171
BNTX,SHORT,CONVICTION,70.7,BEAR_REJECTION_PENDING,97.99,101.57,86.28,86.29,27,3.28,CHOP,97.81,LIMIT,20,CONVICTION,2026-09-29,2026-09-29T04:55:54.822831
MDA,LONG,CONVICTION,70.7,BULL_BOUNCE,31.04,29.67,35.63,34.84,73,3.36,CHOP,31.04,LIMIT,20,COMPRESSION,2026-09-29,2026-09-29T04:56:35.993086
ALKT,SHORT,CONVICTION,70.7,BEAR_REJECTION_PENDING,13.6,13.94,12.92,,295,2.01,CHOP,13.39,LIMIT,20,COMPRESSION,2026-09-29,2026-09-29T05:05:47.198098
MBGL,SHORT,CONVICTION,70.6,BEAR_REJECTION_PENDING,18.12,18.43,17.56,,315,1.75,CHOP,17.76,LIMIT,20,COMPRESSION,2026-09-29,2026-09-29T04:31:13.486165
IBM,SHORT,CONVICTION,70.6,BEAR_REJECTION_PENDING,222.5,226.64,216.28,209.28,24,1.5,CHOP,221.48,LIMIT,20,CONVICTION,2026-09-29,2026-09-29T04:35:36.447324
RIG,LONG,CONVICTION,70.6,BULL_BOUNCE_PENDING,5.19,4.84,5.88,6.02,283,1.94,CHOP,5.3,LIMIT,20,COMPRESSION,2026-09-29,2026-09-29T04:36:38.939062
INTU,SHORT,CONVICTION,70.5,BEAR_REJECTION_PENDING,270.15,277.17,257.75,,14,1.77,CHOP,270.0,LIMIT,20,CONVICTION,2026-09-29,2026-09-29T04:35:05.595059
MTZ,SHORT,CONVICTION,70.5,BEAR_REJECTION_PENDING,208.28,218.61,197.87,,9,1.01,CHOP,204.2,LIMIT,20,CONVICTION,2026-09-29,2026-09-29T04:41:58.991886
CNR,SHORT,CONVICTION,70.5,BEAR_REJECTION_PENDING,89.05,90.23,82.68,80.44,84,5.39,CHOP,88.4,LIMIT,20,COMPRESSION,2026-09-29,2026-09-29T04:43:41.133846
SHAZ,SHORT,CONVICTION,70.5,BEAR_REJECTION_PENDING,54.0,55.4,51.18,49.99,71,2.01,CHOP,53.53,LIMIT,20,COMPRESSION,2026-09-29,2026-09-29T04:44:55.162396
SNXX,SHORT,CONVICTION,70.5,BEAR_REJECTION_PENDING,16.68,17.65,15.0,,103,1.74,CHOP,16.66,LIMIT,20,COMPRESSION,2026-09-29,2026-09-29T04:44:57.270400
WK,LONG,CONVICTION,70.5,BULL_BOUNCE_PENDING,66.83,61.65,75.3,,19,1.64,CHOP,68.19,LIMIT,20,CONVICTION,2026-09-29,2026-09-29T04:46:49.388221
CLS,SHORT,CONVICTION,70.5,BEAR_REJECTION_PENDING,363.93,369.73,341.45,318.37,17,3.87,CHOP,360.0,LIMIT,18,CONVICTION,2026-09-29,2026-09-29T04:47:07.708788
FISV,SHORT,CONVICTION,70.5,BEAR_REJECTION_PENDING,46.02,46.71,43.72,,144,3.32,CHOP,45.5775,LIMIT,20,COMPRESSION,2026-09-29,2026-09-29T04:49:13.258445
ATRC,LONG,CONVICTION,70.5,BULL_BOUNCE_PENDING,57.24,54.06,60.1,,31,0.9,CHOP,58.41,LIMIT,11,MINOR,2026-09-29,2026-09-29T05:01:15.215065
CRCG,SHORT,CONVICTION,70.5,BEAR_REJECTION_PENDING,13.2,13.98,11.77,,128,1.83,CHOP,13.05,LIMIT,20,COMPRESSION,2026-09-29,2026-09-29T05:02:29.042369
HDB,SHORT,CONVICTION,70.5,BEAR_REJECTION_PENDING,22.44,23.13,21.32,,145,1.64,CHOP,22.42,LIMIT,20,COMPRESSION,2026-09-29,2026-09-29T05:05:55.618112
POWI,LONG,CONVICTION,70.5,BULL_BOUNCE,51.84,49.45,56.16,58.56,41,1.81,CHOP,51.84,LIMIT,20,COMPRESSION,2026-09-29,2026-09-29T05:06:00.958119
GH,LONG,CONVICTION,70.4,BULL_BOUNCE_PENDING,180.23,172.41,189.24,,12,1.15,CHOP,177.33,STOP,20,MINOR,2026-09-29,2026-09-29T04:29:50.938482
SMR,SHORT,CONVICTION,70.4,BEAR_REJECTION_PENDING,8.15,8.46,7.59,,320,1.79,CHOP,7.99,LIMIT,20,COMPRESSION,2026-09-29,2026-09-29T04:33:02.590933
RKT,SHORT,CONVICTION,70.4,BEAR_REJECTION_PENDING,11.85,12.23,11.26,,262,1.56,CHOP,11.68,LIMIT,20,COMPRESSION,2026-09-29,2026-09-29T04:36:48.947625
CG,SHORT,CONVICTION,70.4,BEAR_REJECTION_PENDING,39.68,40.23,36.59,35.48,181,5.62,CHOP,39.51,LIMIT,20,COMPRESSION,2026-09-29,2026-09-29T04:48:46.562858
FDXF,SHORT,CONVICTION,70.4,BEAR_REJECTION_PENDING,112.79,114.22,107.15,,69,3.93,CHOP,112.3,LIMIT,20,COMPRESSION,2026-09-29,2026-09-29T04:49:11.713218
AMTM,SHORT,CONVICTION,70.4,BEAR_REJECTION_PENDING,18.97,19.29,18.02,,318,3.02,CHOP,18.6,LIMIT,20,COMPRESSION,2026-09-29,2026-09-29T04:55:50.918754
OXY,SHORT,CONVICTION,70.3,BEAR_REJECTION_PENDING,56.15,57.88,52.9,49.76,57,1.88,CHOP,55.89,LIMIT,20,COMPRESSION,2026-09-29,2026-09-29T04:34:29.889353
PYPL,LONG,CONVICTION,70.3,BULL_BOUNCE_PENDING,54.65,53.17,57.06,61.41,67,1.63,CHOP,54.18,STOP,20,MINOR,2026-09-29,2026-09-29T04:35:18.871225
PAYC,LONG,CONVICTION,70.3,BULL_BOUNCE_PENDING,218.05,215.99,238.14,248.13,48,9.74,CHOP,220.58,LIMIT,20,CONVICTION,2026-09-29,2026-09-29T04:49:29.914367
LFTO,SHORT,CONVICTION,70.3,BEAR_REJECTION_PENDING,15.8,16.08,15.01,,352,2.78,CHOP,15.66,LIMIT,20,COMPRESSION,2026-09-29,2026-09-29T04:50:41.030980
XENE,LONG,CONVICTION,70.3,BULL_BOUNCE_PENDING,35.57,33.94,40.31,40.15,61,2.9,CHOP,36.3,LIMIT,20,COMPRESSION,2026-09-29,2026-09-29T04:53:02.090707
CRSP,LONG,CONVICTION,70.3,BULL_BOUNCE_PENDING,53.2,51.95,60.65,58.09,79,5.93,CHOP,54.29,LIMIT,20,VACUUM,2026-09-29,2026-09-29T04:53:48.615195
DLO,SHORT,CONVICTION,70.3,BEAR_REJECTION_PENDING,13.91,14.15,12.88,13.26,415,4.28,CHOP,13.83,LIMIT,20,COMPRESSION,2026-09-29,2026-09-29T04:53:50.212201
CAMT,LONG,CONVICTION,70.3,BULL_BOUNCE_CONFIRMED,144.75,139.35,163.12,160.38,18,3.4,CHOP,144.75,LIMIT,20,CONVICTION,2026-09-29,2026-09-29T05:02:41.223330
CSGP,SHORT,CONVICTION,70.2,BEAR_REJECTION_PENDING,27.54,28.23,26.27,,144,1.84,CHOP,27.0,LIMIT,20,COMPRESSION,2026-09-29,2026-09-29T04:35:41.437339
MC,SHORT,CONVICTION,70.2,BEAR_REJECTION_PENDING,58.31,59.03,54.28,52.97,138,5.57,CHOP,58.1,LIMIT,20,COMPRESSION,2026-09-29,2026-09-29T04:49:21.667007
NCNO,SHORT,CONVICTION,70.2,BEAR_REJECTION_PENDING,18.97,19.51,15.88,17.07,186,5.78,CHOP,18.6,LIMIT,20,COMPRESSION,2026-09-29,2026-09-29T04:49:23.966286
YMM,LONG,CONVICTION,70.2,BULL_BOUNCE_PENDING,8.13,7.79,9.16,9.27,290,2.98,CHOP,8.3,LIMIT,20,COMPRESSION,2026-09-29,2026-09-29T04:55:04.301334
MYRG,LONG,CONVICTION,70.2,BULL_BOUNCE,285.93,274.96,307.6,321.61,9,1.98,CHOP,285.93,LIMIT,20,CONVICTION,2026-09-29,2026-09-29T04:59:00.372261
CMRC,SHORT,CONVICTION,70.2,BEAR_REJECTION_PENDING,3.19,3.27,2.9,2.76,1230,3.57,CHOP,3.17,LIMIT,20,COMPRESSION,2026-09-29,2026-09-29T05:05:21.250533
SENS,LONG,CONVICTION,70.1,BULL_BOUNCE_PENDING,9.63,8.98,10.11,,152,0.73,CHOP,9.8299,LIMIT,20,COMPRESSION,2026-09-29,2026-09-29T04:30:13.187362
FIS,SHORT,CONVICTION,70.1,BEAR_REJECTION_PENDING,35.04,35.59,33.29,,181,3.18,CHOP,34.35,LIMIT,20,COMPRESSION,2026-09-29,2026-09-29T04:34:42.791965
VCX,SHORT,CONVICTION,70.1,BEAR_REJECTION_PENDING,29.55,30.33,28.3,,128,1.6,CHOP,29.4586,LIMIT,20,COMPRESSION,2026-09-29,2026-09-29T04:49:53.122533
GFL,SHORT,CONVICTION,70.1,BEAR_REJECTION_PENDING,42.27,42.74,39.75,39.7,211,5.33,CHOP,41.6,LIMIT,20,COMPRESSION,2026-09-29,2026-09-29T05:00:18.608301
CRCD,SHORT,CONVICTION,70.1,BEAR_REJECTION_PENDING,2.08,2.21,1.78,1.78,763,2.29,CHOP,2.06,LIMIT,20,COMPRESSION,2026-09-29,2026-09-29T05:06:26.917173
SNAP,SHORT,CONVICTION,70.0,BEAR_REJECTION_PENDING,5.29,5.45,4.78,4.78,636,3.25,CHOP,5.23,LIMIT,20,COMPRESSION,2026-09-29,2026-09-29T04:32:24.452880
GTM,LONG,CONVICTION,70.0,BULL_BOUNCE_PENDING,3.52,3.28,4.06,,426,2.31,CHOP,3.59,LIMIT,20,COMPRESSION,2026-09-29,2026-09-29T04:37:30.085466
BX,LONG,CONVICTION,70.0,BULL_BOUNCE_PENDING,117.47,113.54,126.81,129.94,25,2.38,CHOP,114.6,STOP,20,CONVICTION,2026-09-29,2026-09-29T04:45:46.307853
ETHT,LONG,CONVICTION,69.9,BULL_BOUNCE_CONFIRMED,19.85,18.57,22.49,,77,2.06,CHOP,19.85,LIMIT,20,CONVICTION,2026-09-29,2026-09-29T04:53:59.070237
MGA,SHORT,CONVICTION,69.9,BEAR_REJECTION_PENDING,64.75,66.54,58.57,56.63,55,3.44,CHOP,64.64,LIMIT,20,CONVICTION,2026-09-29,2026-09-29T05:01:37.638218
IMCC,LONG,CONVICTION,69.8,BULL_BOUNCE_PENDING,2.41,1.82,2.54,,167,0.2,CHOP,2.464,LIMIT,20,MINOR,2026-09-29,2026-09-29T04:40:25.521346
VIAV,SHORT,CONVICTION,69.8,BEAR_REJECTION_PENDING,42.32,44.87,37.88,36.25,39,1.74,CHOP,41.49,LIMIT,9,CONVICTION,2026-09-29,2026-09-29T04:48:28.803595
URA,LONG,CONVICTION,69.8,BULL_BOUNCE,40.2,38.75,42.82,45.59,68,1.8,CHOP,40.2,LIMIT,20,COMPRESSION,2026-09-29,2026-09-29T04:56:24.377529
DLTR,SHORT,CONVICTION,69.8,BEAR_REJECTION_PENDING,117.01,119.77,111.01,107.34,36,2.18,CHOP,116.22,LIMIT,20,COMPRESSION,2026-09-29,2026-09-29T04:57:02.565218
BHC,LONG,CONVICTION,69.8,BULL_BOUNCE_PENDING,5.66,5.3,6.38,6.58,273,1.96,CHOP,5.78,LIMIT,14,COMPRESSION,2026-09-29,2026-09-29T05:01:19.462458
AMPL,LONG,CONVICTION,69.7,BULL_BOUNCE_PENDING,13.03,12.49,13.87,,183,1.54,CHOP,13.3,LIMIT,15,MINOR,2026-09-29,2026-09-29T04:29:56.183491
TFC,LONG,CONVICTION,69.7,BULL_BOUNCE_PENDING,46.15,44.72,50.35,50.83,69,2.93,CHOP,47.09,LIMIT,20,COMPRESSION,2026-09-29,2026-09-29T04:33:15.483741
DRI,LONG,CONVICTION,69.7,BULL_BOUNCE_PENDING,193.08,181.04,224.56,224.56,8,2.62,CHOP,197.02,LIMIT,20,CONVICTION,2026-09-29,2026-09-29T04:47:15.526335
EROC,LONG,CONVICTION,69.7,BULL_BOUNCE_PENDING,11.66,11.0,12.81,,151,1.75,CHOP,11.9,LIMIT,20,COMPRESSION,2026-09-29,2026-09-29T04:47:20.834878
INDI,SHORT,CONVICTION,69.7,BEAR_REJECTION_PENDING,2.98,3.04,2.61,2.56,1752,6.46,CHOP,2.92,LIMIT,20,COMPRESSION,2026-09-29,2026-09-29T04:49:17.908379
NTNX,LONG,CONVICTION,69.7,BULL_BOUNCE_PENDING,67.33,65.59,70.96,,57,2.09,CHOP,68.7,LIMIT,20,COMPRESSION,2026-09-29,2026-09-29T04:49:27.633463
STUB,SHORT,CONVICTION,69.6,BEAR_REJECTION_PENDING,5.4,5.48,5.13,,1229,3.32,CHOP,5.29,LIMIT,20,COMPRESSION,2026-09-29,2026-09-29T04:38:19.899667
ANF,SHORT,CONVICTION,69.6,BEAR_REJECTION_PENDING,134.81,136.46,131.37,124.74,60,2.09,CHOP,134.18,LIMIT,20,COMPRESSION,2026-09-29,2026-09-29T04:43:08.355060
TDW,LONG,CONVICTION,69.6,BULL_BOUNCE_PENDING,81.6,77.42,88.39,91.99,23,1.62,CHOP,83.27,LIMIT,20,COMPRESSION,2026-09-29,2026-09-29T04:45:06.727360
TBBB,LONG,CONVICTION,69.6,BULL_BOUNCE_PENDING,52.92,51.41,55.57,,66,1.76,CHOP,54.0,LIMIT,0,NONE,2026-09-29,2026-09-29T04:49:48.120526
POOL,SHORT,CONVICTION,69.6,BEAR_REJECTION_PENDING,164.37,165.84,161.21,160.97,68,2.15,CHOP,163.31,LIMIT,20,COMPRESSION,2026-09-29,2026-09-29T04:56:33.310080
FNGU,LONG,CONVICTION,69.6,BULL_BOUNCE,34.39,32.97,36.11,,70,1.21,CHOP,34.39,LIMIT,20,COMPRESSION,2026-09-29,2026-09-29T05:03:18.670533
YSS,SHORT,CONVICTION,69.5,BEAR_REJECTION_PENDING,9.31,9.62,8.69,7.86,324,2.01,CHOP,9.17,LIMIT,20,COMPRESSION,2026-09-29,2026-09-29T04:50:01.850084
G,SHORT,CONVICTION,69.5,BEAR_REJECTION_PENDING,32.8,33.27,31.62,30.2,214,2.53,CHOP,32.6,LIMIT,20,COMPRESSION,2026-09-29,2026-09-29T04:54:17.207112
QFIN,SHORT,CONVICTION,69.5,BEAR_REJECTION_PENDING,7.23,7.34,6.87,,938,3.39,CHOP,7.1101,LIMIT,20,COMPRESSION,2026-09-29,2026-09-29T04:58:15.313702
VZ,LONG,CONVICTION,69.4,BULL_BOUNCE_PENDING,45.58,41.91,51.25,,27,1.54,CHOP,46.51,LIMIT,20,COMPRESSION,2026-09-29,2026-09-29T04:33:51.022351
TPL,LONG,CONVICTION,69.4,BULL_BOUNCE,338.15,323.48,365.58,377.56,6,1.87,CHOP,338.15,LIMIT,20,CONVICTION,2026-09-29,2026-09-29T04:46:42.060211
WING,SHORT,CONVICTION,69.4,BEAR_REJECTION_PENDING,101.62,104.02,96.59,,41,2.1,CHOP,101.51,LIMIT,20,COMPRESSION,2026-09-29,2026-09-29T04:51:28.064874
ALNY,LONG,CONVICTION,69.4,BULL_BOUNCE_PENDING,250.25,244.26,286.0,288.3,16,5.96,CHOP,255.36,LIMIT,18,CONVICTION,2026-09-29,2026-09-29T04:55:49.014750
SIG,LONG,CONVICTION,69.4,BULL_BOUNCE_PENDING,101.23,99.53,103.81,,58,1.52,CHOP,103.3,LIMIT,6,MINOR,2026-09-29,2026-09-29T05:04:28.305835
STEP,LONG,CONVICTION,69.3,BULL_BOUNCE_PENDING,42.25,40.19,48.72,47.03,48,3.15,CHOP,43.11,LIMIT,20,COMPRESSION,2026-09-29,2026-09-29T04:46:36.150665
FSLR,SHORT,CONVICTION,69.3,BEAR_REJECTION_PENDING,176.99,180.36,161.62,167.34,29,4.56,CHOP,173.52,LIMIT,20,CONVICTION,2026-09-29,2026-09-29T05:04:57.373404
SU,LONG,CONVICTION,69.3,BULL_BOUNCE_PENDING,67.45,66.61,70.92,69.74,118,4.11,CHOP,68.77,LIMIT,20,MINOR,2026-09-29,2026-09-29T05:06:41.691726
DAR,LONG,CONVICTION,69.2,BULL_BOUNCE_PENDING,59.38,58.03,65.18,65.18,74,4.3,CHOP,60.59,LIMIT,20,COMPRESSION,2026-09-29,2026-09-29T05:00:12.998199
MAZE,LONG,CONVICTION,69.2,BULL_BOUNCE_PENDING,26.31,24.33,29.7,,50,1.71,CHOP,26.85,LIMIT,20,MINOR,2026-09-29,2026-09-29T05:08:18.042879
IONQ,LONG,CONVICTION,69.1,BULL_BOUNCE,45.06,42.35,51.11,51.73,36,2.23,CHOP,45.06,LIMIT,20,COMPRESSION,2026-09-29,2026-09-29T04:30:24.357934
DKNG,SHORT,CONVICTION,69.1,BEAR_REJECTION_PENDING,21.49,21.96,20.75,,211,1.56,CHOP,21.07,LIMIT,20,COMPRESSION,2026-09-29,2026-09-29T04:34:31.272416
PGNY,SHORT,CONVICTION,69.1,BEAR_REJECTION_PENDING,26.03,26.37,25.08,24.46,293,2.79,CHOP,25.52,LIMIT,20,COMPRESSION,2026-09-29,2026-09-29T04:42:16.271911
TKO,LONG,CONVICTION,69.1,BULL_BOUNCE_PENDING,177.95,162.2,203.73,,6,1.64,CHOP,181.58,LIMIT,20,CONVICTION,2026-09-29,2026-09-29T04:54:54.000240
SOLS,LONG,CONVICTION,69.1,BULL_BOUNCE_PENDING,55.78,52.72,62.21,64.45,32,2.1,CHOP,56.92,LIMIT,20,CONVICTION,2026-09-29,2026-09-29T05:00:02.979068
ICE,SHORT,CONVICTION,69.1,BEAR_REJECTION_PENDING,153.68,155.08,146.75,136.0,71,4.94,CHOP,152.84,LIMIT,20,COMPRESSION,2026-09-29,2026-09-29T05:03:24.316542
ALTO,LONG,CONVICTION,69.0,BULL_BOUNCE_PENDING,3.6,2.65,3.78,,104,0.19,CHOP,3.675,LIMIT,20,COMPRESSION,2026-09-29,2026-09-29T04:40:29.826740
AAOZ,LONG,CONVICTION,69.0,BULL_BOUNCE_PENDING,14.36,13.43,15.98,,107,1.75,CHOP,14.65,LIMIT,20,MINOR,2026-09-29,2026-09-29T04:40:38.968487
APPN,SHORT,CONVICTION,69.0,BEAR_REJECTION_PENDING,35.11,35.7,31.6,30.21,170,5.98,CHOP,35.02,LIMIT,20,COMPRESSION,2026-09-29,2026-09-29T04:40:45.768893
OII,LONG,CONVICTION,69.0,BULL_BOUNCE_PENDING,46.16,45.1,50.41,50.41,94,4.01,CHOP,47.104,LIMIT,20,COMPRESSION,2026-09-29,2026-09-29T04:52:04.266605
RING,LONG,CONVICTION,69.0,BULL_BOUNCE_PENDING,75.66,72.02,86.9,84.83,27,3.09,CHOP,77.2,LIMIT,20,COMPRESSION,2026-09-29,2026-09-29T04:55:36.901718
NN,LONG,CONVICTION,68.9,BULL_BOUNCE_PENDING,13.96,13.31,15.17,15.71,155,1.89,CHOP,14.24,LIMIT,20,COMPRESSION,2026-09-29,2026-09-29T04:40:16.315836
OLLI,LONG,CONVICTION,68.9,BULL_BOUNCE_PENDING,84.13,79.31,96.93,96.93,20,2.65,CHOP,85.85,LIMIT,10,COMPRESSION,2026-09-29,2026-09-29T04:42:11.603992
NYT,LONG,CONVICTION,68.9,BULL_BOUNCE_PENDING,62.97,56.62,72.94,,15,1.57,CHOP,64.26,LIMIT,20,COMPRESSION,2026-09-29,2026-09-29T05:06:18.776163
FCN,SHORT,CONVICTION,68.9,BEAR_REJECTION_PENDING,132.8,134.05,130.77,,80,1.63,CHOP,132.28,LIMIT,20,COMPRESSION,2026-09-29,2026-09-29T05:10:03.101465
COTY,LONG,CONVICTION,68.8,BULL_BOUNCE_PENDING,2.63,2.5,2.92,2.92,775,2.28,CHOP,2.68,LIMIT,20,MINOR,2026-09-29,2026-09-29T04:32:05.483078
OMDA,LONG,CONVICTION,68.8,BULL_BOUNCE_PENDING,19.0,17.41,21.73,,62,1.71,CHOP,19.39,LIMIT,20,COMPRESSION,2026-09-29,2026-09-29T04:42:12.839158
PAA,SHORT,CONVICTION,68.8,BEAR_REJECTION_PENDING,24.85,25.11,22.01,23.67,377,10.72,CHOP,24.59,LIMIT,20,COMPRESSION,2026-09-29,2026-09-29T04:59:05.354680
ALMR,LONG,CONVICTION,68.7,BULL_BOUNCE_PENDING,31.91,28.93,33.5,,33,0.53,CHOP,32.56,LIMIT,20,COMPRESSION,2026-09-29,2026-09-29T04:30:31.981891
KD,SHORT,CONVICTION,68.7,BEAR_REJECTION_PENDING,11.4,11.66,10.83,,387,2.21,CHOP,11.24,LIMIT,20,COMPRESSION,2026-09-29,2026-09-29T04:39:16.021163
PNR,SHORT,CONVICTION,68.7,BEAR_REJECTION_PENDING,53.3,53.93,50.63,,159,4.24,CHOP,53.03,LIMIT,20,COMPRESSION,2026-09-29,2026-09-29T04:45:33.336829
TSLQ,SHORT,CONVICTION,68.7,BEAR_REJECTION_PENDING,19.35,19.81,18.1,18.1,217,2.72,CHOP,18.97,LIMIT,20,COMPRESSION,2026-09-29,2026-09-29T04:48:22.703748
TSLG,LONG,CONVICTION,68.7,BULL_BOUNCE_PENDING,4.51,4.15,5.16,,281,1.83,CHOP,4.6,LIMIT,20,COMPRESSION,2026-09-29,2026-09-29T04:49:51.182534
PLTZ,SHORT,CONVICTION,68.7,BEAR_REJECTION_PENDING,8.06,8.23,7.57,7.57,588,2.88,CHOP,7.95,LIMIT,14,COMPRESSION,2026-09-29,2026-09-29T05:01:45.436762
BZ,SHORT,CONVICTION,68.5,BEAR_REJECTION_PENDING,14.32,14.48,13.69,13.48,617,3.89,CHOP,14.18,LIMIT,20,COMPRESSION,2026-09-29,2026-09-29T04:43:27.445707
HAE,LONG,CONVICTION,68.5,BULL_BOUNCE_PENDING,103.67,101.92,106.67,109.25,56,1.71,CHOP,105.79,LIMIT,20,COMPRESSION,2026-09-29,2026-09-29T04:47:30.301264
SCCO,SHORT,CONVICTION,68.5,BEAR_REJECTION_PENDING,203.61,207.17,198.1,180.21,28,1.55,CHOP,202.67,LIMIT,20,VACUUM,2026-09-29,2026-09-29T04:55:42.009733
CSX,SHORT,CONVICTION,68.4,BEAR_REJECTION_PENDING,47.63,48.14,40.2,45.47,196,14.58,CHOP,46.76,LIMIT,20,COMPRESSION,2026-09-29,2026-09-29T04:35:43.532347
IRTC,SHORT,CONVICTION,68.4,BEAR_REJECTION_PENDING,115.26,120.17,106.05,102.64,20,1.88,CHOP,113.0,LIMIT,7,CONVICTION,2026-09-29,2026-09-29T04:47:36.842484
Z,SHORT,CONVICTION,68.3,BEAR_REJECTION_PENDING,28.02,28.63,26.62,,164,2.31,CHOP,27.47,LIMIT,20,COMPRESSION,2026-09-29,2026-09-29T04:46:49.464222
ZURA,LONG,CONVICTION,68.3,BULL_BOUNCE_PENDING,4.02,3.68,4.55,,293,1.56,CHOP,4.1,LIMIT,20,COMPRESSION,2026-09-29,2026-09-29T04:57:36.854189
HYMC,SHORT,CONVICTION,68.2,BEAR_REJECTION_PENDING,20.14,21.59,19.14,,69,0.7,CHOP,19.75,LIMIT,20,CONVICTION,2026-09-29,2026-09-29T04:44:09.880541
MLI,LONG,CONVICTION,68.2,BULL_BOUNCE_PENDING,59.75,58.83,65.71,68.06,108,6.47,CHOP,60.97,LIMIT,20,MINOR,2026-09-29,2026-09-29T04:58:57.226570
OC,SHORT,CONVICTION,68.1,BEAR_REJECTION_PENDING,122.03,124.53,109.99,109.99,40,4.82,CHOP,122.0,LIMIT,20,CONVICTION,2026-09-29,2026-09-29T04:42:09.396726
BMRN,SHORT,CONVICTION,68.1,BEAR_REJECTION_PENDING,59.8,60.56,55.51,53.5,131,5.64,CHOP,59.78,LIMIT,20,COMPRESSION,2026-09-29,2026-09-29T04:43:19.706527
EGG,LONG,CONVICTION,68.0,BULL_BOUNCE_PENDING,3.65,3.12,3.83,,191,0.35,CHOP,3.72,LIMIT,1,MINOR,2026-09-29,2026-09-29T04:29:20.358852
CRNX,LONG,CONVICTION,68.0,BULL_BOUNCE_PENDING,83.86,83.18,88.06,,146,6.14,CHOP,84.97,LIMIT,0,NONE,2026-09-29,2026-09-29T04:34:57.017984
URG,LONG,CONVICTION,68.0,BULL_BOUNCE_PENDING,1.11,1.02,1.26,,1211,1.85,CHOP,1.13,LIMIT,13,COMPRESSION,2026-09-29,2026-09-29T04:37:10.960833
URGN,LONG,CONVICTION,68.0,BULL_BOUNCE_PENDING,40.08,38.38,42.72,44.27,58,1.55,CHOP,40.9,LIMIT,20,MINOR,2026-09-29,2026-09-29T04:48:24.998469
AMDL,SHORT,CONVICTION,68.0,BEAR_REJECTION_PENDING,80.1,84.81,72.97,69.1,21,1.51,CHOP,79.34,LIMIT,20,VACUUM,2026-09-29,2026-09-29T04:50:11.672276
CART,SHORT,CONVICTION,68.0,BEAR_REJECTION_PENDING,44.21,47.51,37.56,,30,2.01,CHOP,43.34,LIMIT,20,CONVICTION,2026-09-29,2026-09-29T04:56:54.710656
AXTI,SHORT,CONVICTION,67.9,BEAR_REJECTION_PENDING,75.83,79.15,69.72,67.75,30,1.84,CHOP,75.5,LIMIT,20,COMPRESSION,2026-09-29,2026-09-29T04:30:40.397432
COMP,SHORT,CONVICTION,67.9,BEAR_REJECTION_PENDING,9.29,9.44,8.94,8.94,649,2.27,CHOP,9.28,LIMIT,20,COMPRESSION,2026-09-29,2026-09-29T04:35:48.802361
XP,LONG,CONVICTION,67.9,BULL_BOUNCE_PENDING,19.72,18.6,22.14,22.88,89,2.17,CHOP,20.12,LIMIT,20,COMPRESSION,2026-09-29,2026-09-29T04:37:39.722738
PDFS,LONG,CONVICTION,67.8,BULL_BOUNCE_PENDING,48.51,47.64,53.37,50.92,115,5.59,CHOP,49.5,LIMIT,20,CONVICTION,2026-09-29,2026-09-29T04:30:16.853853
ACHR,LONG,CONVICTION,67.8,BULL_BOUNCE_PENDING,5.14,4.8,5.72,5.88,302,1.79,CHOP,5.24,LIMIT,20,MINOR,2026-09-29,2026-09-29T04:32:39.183671
ACM,SHORT,CONVICTION,67.8,BEAR_REJECTION_PENDING,60.61,64.41,57.58,,26,0.8,CHOP,59.42,LIMIT,20,CONVICTION,2026-09-29,2026-09-29T04:53:06.140780
URBN,SHORT,CONVICTION,67.8,BEAR_REJECTION_PENDING,76.01,78.16,71.53,68.6,46,2.08,CHOP,75.44,LIMIT,20,CONVICTION,2026-09-29,2026-09-29T04:59:15.371161
CHPY,LONG,CONVICTION,67.7,BULL_BOUNCE_PENDING,67.94,66.34,77.35,73.17,62,5.85,CHOP,69.33,LIMIT,20,CONVICTION,2026-09-29,2026-09-29T05:08:27.208419
NVDA,SHORT,CONVICTION,67.6,BEAR_REJECTION_PENDING,233.0,237.61,222.94,218.38,21,2.18,CHOP,231.0962,LIMIT,5,VACUUM,2026-09-29,2026-09-29T04:28:53.259021
AEG,LONG,CONVICTION,67.6,BULL_BOUNCE,8.85,8.71,9.07,9.39,701,1.54,CHOP,8.85,LIMIT,20,MINOR,2026-09-29,2026-09-29T04:32:25.258762
ONDS,LONG,CONVICTION,67.6,BULL_BOUNCE_PENDING,7.59,7.34,8.53,8.89,388,3.61,CHOP,7.75,LIMIT,8,COMPRESSION,2026-09-29,2026-09-29T04:35:13.028018
PTEN,LONG,CONVICTION,67.6,BULL_BOUNCE_PENDING,10.68,9.85,11.93,,120,1.5,CHOP,10.9,LIMIT,20,COMPRESSION,2026-09-29,2026-09-29T04:36:01.215405
CVSA,LONG,CONVICTION,67.6,BULL_BOUNCE_PENDING,116.33,115.26,120.55,120.55,93,3.97,CHOP,118.0,LIMIT,20,COMPRESSION,2026-09-29,2026-09-29T04:41:14.505963
LECO,LONG,CONVICTION,67.5,BULL_BOUNCE_PENDING,269.09,266.45,277.89,275.09,37,3.33,CHOP,271.18,LIMIT,20,CONVICTION,2026-09-29,2026-09-29T04:58:56.484041
NUTX,LONG,CONVICTION,67.4,BULL_BOUNCE,212.74,201.04,221.6,,8,0.76,CHOP,212.735,LIMIT,20,VACUUM,2026-09-29,2026-09-29T04:30:43.329434
DAN,LONG,CONVICTION,67.4,BULL_BOUNCE_PENDING,26.58,25.45,30.55,29.56,88,3.52,CHOP,27.12,LIMIT,20,COMPRESSION,2026-09-29,2026-09-29T04:51:52.803998
UNM,LONG,CONVICTION,67.4,BULL_BOUNCE_PENDING,89.3,86.81,94.25,96.44,40,1.99,CHOP,91.12,LIMIT,20,COMPRESSION,2026-09-29,2026-09-29T05:03:37.369093
KHC,LONG,CONVICTION,67.3,BULL_BOUNCE_PENDING,23.06,21.81,25.0,27.01,80,1.55,CHOP,23.53,LIMIT,20,COMPRESSION,2026-09-29,2026-09-29T04:33:14.759607
ULCC,LONG,CONVICTION,67.3,BULL_BOUNCE_CONFIRMED,6.11,5.79,6.59,,313,1.5,CHOP,6.11,LIMIT,20,COMPRESSION,2026-09-29,2026-09-29T04:39:45.523947
JNUG,SHORT,CONVICTION,67.3,BEAR_REJECTION_PENDING,150.72,154.94,140.2,128.1,23,2.49,CHOP,150.5,LIMIT,20,CONVICTION,2026-09-29,2026-09-29T04:54:27.663741
RDAC,LONG,CONVICTION,67.3,BULL_BOUNCE_PENDING,5.24,4.1,5.51,,87,0.23,CHOP,5.35,LIMIT,17,MINOR,2026-09-29,2026-09-29T05:01:11.043780
BAC,LONG,CONVICTION,67.2,BULL_BOUNCE_PENDING,54.63,53.44,56.41,62.34,84,1.51,CHOP,55.74,LIMIT,20,COMPRESSION,2026-09-29,2026-09-29T04:33:20.144326
TSLA,LONG,CONVICTION,67.2,BULL_BOUNCE_PENDING,355.75,351.73,368.06,368.06,24,3.06,CHOP,358.48,LIMIT,20,CONVICTION,2026-09-29,2026-09-29T04:35:00.667990
AI,LONG,CONVICTION,67.2,BULL_BOUNCE_PENDING,10.18,9.65,11.9,,188,3.24,CHOP,10.39,LIMIT,20,COMPRESSION,2026-09-29,2026-09-29T04:36:13.980141
AIR,LONG,CONVICTION,67.2,BULL_BOUNCE_PENDING,118.01,116.44,122.5,131.16,63,2.87,CHOP,119.94,LIMIT,20,CONVICTION,2026-09-29,2026-09-29T04:51:43.702456
PRCH,LONG,CONVICTION,67.1,BULL_BOUNCE_PENDING,16.49,15.86,17.7,17.94,157,1.9,CHOP,16.83,LIMIT,11,MINOR,2026-09-29,2026-09-29T04:29:49.798481
TSHA,SHORT,CONVICTION,67.1,BEAR_REJECTION_PENDING,4.98,5.11,4.21,4.47,797,6.14,CHOP,4.93,LIMIT,20,COMPRESSION,2026-09-29,2026-09-29T04:32:37.207671
FIVE,LONG,CONVICTION,67.1,BULL_BOUNCE_PENDING,225.79,222.9,243.88,248.94,34,6.26,CHOP,228.05,LIMIT,20,COMPRESSION,2026-09-29,2026-09-29T04:41:27.566792
ZLAB,SHORT,CONVICTION,67.1,BEAR_REJECTION_PENDING,26.0,26.53,21.96,22.77,187,7.59,CHOP,25.6,LIMIT,20,COMPRESSION,2026-09-29,2026-09-29T04:46:52.598227
ABVX,LONG,CONVICTION,67.1,BULL_BOUNCE_PENDING,95.06,90.17,102.74,107.74,20,1.57,CHOP,97.0,LIMIT,20,COMPRESSION,2026-09-29,2026-09-29T05:04:50.643396
T,LONG,CONVICTION,67.0,BULL_BOUNCE_PENDING,24.31,22.94,28.27,27.4,73,2.89,CHOP,24.81,LIMIT,20,COMPRESSION,2026-09-29,2026-09-29T04:32:29.377904
TTWO,LONG,CONVICTION,67.0,BULL_BOUNCE_PENDING,198.11,183.16,222.77,,6,1.65,CHOP,202.15,LIMIT,20,MINOR,2026-09-29,2026-09-29T04:42:45.182374
SPHR,LONG,CONVICTION,67.0,BULL_BOUNCE_PENDING,135.95,128.72,147.12,158.16,13,1.55,CHOP,138.72,LIMIT,20,CONVICTION,2026-09-29,2026-09-29T04:48:17.043088
YOU,LONG,CONVICTION,67.0,BULL_BOUNCE_PENDING,39.66,33.3,41.64,,15,0.31,CHOP,40.47,LIMIT,20,COMPRESSION,2026-09-29,2026-09-29T04:57:27.719643
VCYT,SHORT,CONVICTION,67.0,BEAR_REJECTION_PENDING,46.36,55.64,44.04,,10,0.25,CHOP,45.45,LIMIT,20,CONVICTION,2026-09-29,2026-09-29T04:58:30.849724
NEO,LONG,CONVICTION,67.0,BULL_BOUNCE_PENDING,19.01,18.06,19.96,,104,1.0,CHOP,19.4,LIMIT,15,MINOR,2026-09-29,2026-09-29T04:59:49.960298
PBR,LONG,CONVICTION,67.0,BULL_BOUNCE_PENDING,20.39,20.02,21.77,21.87,269,3.72,CHOP,20.69,LIMIT,20,MINOR,2026-09-29,2026-09-29T05:01:10.628561
REZI,SHORT,CONVICTION,66.9,BEAR_REJECTION_PENDING,18.58,18.97,17.11,16.92,256,3.78,CHOP,18.22,LIMIT,20,COMPRESSION,2026-09-29,2026-09-29T04:45:34.599832
COUR,SHORT,CONVICTION,66.8,BEAR_REJECTION_PENDING,4.83,5.07,4.59,,434,1.05,CHOP,4.74,LIMIT,20,COMPRESSION,2026-09-29,2026-09-29T04:32:31.425363
SPCX,SHORT,CONVICTION,66.8,BEAR_REJECTION_PENDING,149.63,161.22,126.54,,8,1.99,CHOP,146.7,LIMIT,14,COMPRESSION,2026-09-29,2026-09-29T04:37:49.069760
FIGR,SHORT,CONVICTION,66.8,BEAR_REJECTION_PENDING,30.29,32.06,27.59,25.5,56,1.53,CHOP,29.7,LIMIT,20,COMPRESSION,2026-09-29,2026-09-29T04:47:22.756880
GLWG,LONG,CONVICTION,66.8,BULL_BOUNCE_CONFIRMED,13.06,12.34,14.48,,138,1.97,CHOP,13.06,LIMIT,20,COMPRESSION,2026-09-29,2026-09-29T04:50:31.292536
CROX,LONG,CONVICTION,66.8,BULL_BOUNCE_PENDING,119.91,114.82,131.08,135.85,19,2.19,CHOP,122.36,LIMIT,20,COMPRESSION,2026-09-29,2026-09-29T05:06:52.206741
ABSI,LONG,CONVICTION,66.8,BULL_BOUNCE_PENDING,9.31,7.94,9.78,,73,0.34,CHOP,9.5,LIMIT,20,COMPRESSION,2026-09-29,2026-09-29T05:07:04.256762
MMED,LONG,CONVICTION,66.7,BULL_BOUNCE_PENDING,20.11,18.76,23.32,,73,2.38,CHOP,20.52,LIMIT,8,COMPRESSION,2026-09-29,2026-09-29T05:01:08.236887
JHX,SHORT,CONVICTION,66.6,BEAR_REJECTION_PENDING,25.75,26.29,22.02,24.3,187,7.02,CHOP,25.39,LIMIT,20,COMPRESSION,2026-09-29,2026-09-29T04:31:13.411165
KNX,LONG,CONVICTION,66.6,BULL_BOUNCE_PENDING,62.28,59.37,70.3,72.5,34,2.76,CHOP,63.55,LIMIT,20,COMPRESSION,2026-09-29,2026-09-29T04:47:40.057491
CDNL,LONG,CONVICTION,66.6,BULL_BOUNCE_PENDING,27.17,24.77,30.8,,41,1.51,CHOP,27.72,LIMIT,20,COMPRESSION,2026-09-29,2026-09-29T04:50:19.610471
BABA,LONG,CONVICTION,66.6,BULL_BOUNCE_PENDING,106.27,97.6,121.64,,11,1.77,CHOP,108.44,LIMIT,20,COMPRESSION,2026-09-29,2026-09-29T04:55:07.366471
GVA,LONG,CONVICTION,66.6,BULL_BOUNCE_PENDING,113.39,107.37,123.73,127.0,16,1.72,CHOP,115.7,LIMIT,20,CONVICTION,2026-09-29,2026-09-29T05:10:05.699852
V,SHORT,CONVICTION,66.6,BEAR_REJECTION_PENDING,371.66,376.37,359.35,338.27,21,2.61,CHOP,367.36,LIMIT,20,VACUUM,2026-09-29,2026-09-29T05:10:21.358224
BR,SHORT,CONVICTION,66.5,BEAR_REJECTION_PENDING,166.18,167.93,157.64,151.32,57,4.89,CHOP,162.92,LIMIT,20,COMPRESSION,2026-09-29,2026-09-29T04:43:20.539528
AGIO,LONG,CONVICTION,66.5,BULL_BOUNCE_PENDING,32.75,30.48,37.36,,43,2.03,CHOP,33.42,LIMIT,20,COMPRESSION,2026-09-29,2026-09-29T04:46:53.570228
FRO,LONG,CONVICTION,66.5,BULL_BOUNCE_PENDING,47.04,45.89,49.83,49.83,86,2.42,CHOP,48.0,LIMIT,20,COMPRESSION,2026-09-29,2026-09-29T04:47:23.528012
MIAX,LONG,CONVICTION,66.5,BULL_BOUNCE_PENDING,33.37,30.96,37.5,38.86,41,1.72,CHOP,34.05,LIMIT,20,COMPRESSION,2026-09-29,2026-09-29T04:47:49.025032
CVI,LONG,CONVICTION,66.5,BULL_BOUNCE_PENDING,49.98,49.08,54.2,52.27,111,4.69,CHOP,51.0,LIMIT,9,MINOR,2026-09-29,2026-09-29T04:55:55.341834
TEAM,LONG,CONVICTION,66.4,BULL_BOUNCE_PENDING,175.44,167.07,192.01,200.05,11,1.98,CHOP,179.02,LIMIT,20,CONVICTION,2026-09-29,2026-09-29T04:39:15.468162
SEZL,LONG,CONVICTION,66.4,BULL_BOUNCE_PENDING,106.13,102.29,121.76,120.0,25,4.06,CHOP,108.3,LIMIT,20,COMPRESSION,2026-09-29,2026-09-29T04:46:27.152471
BTE,LONG,CONVICTION,66.3,BULL_BOUNCE_PENDING,4.44,4.27,4.76,5.06,585,1.88,CHOP,4.53,LIMIT,20,COMPRESSION,2026-09-29,2026-09-29T04:31:45.519166
KRMN,LONG,CONVICTION,66.3,BULL_BOUNCE_PENDING,32.93,30.57,36.5,38.39,42,1.51,CHOP,33.6019,LIMIT,20,COMPRESSION,2026-09-29,2026-09-29T04:41:50.225266
RMD,SHORT,CONVICTION,66.3,BEAR_REJECTION_PENDING,226.54,231.95,197.29,197.29,18,5.41,CHOP,222.1,LIMIT,20,CONVICTION,2026-09-29,2026-09-29T04:44:53.914394
POST,SHORT,CONVICTION,66.3,BEAR_REJECTION_PENDING,76.37,78.25,73.05,,53,1.76,CHOP,74.87,LIMIT,20,COMPRESSION,2026-09-29,2026-09-29T04:48:01.027103
RBA,SHORT,CONVICTION,66.3,BEAR_REJECTION_PENDING,81.87,82.9,80.12,,96,1.69,CHOP,80.77,LIMIT,20,COMPRESSION,2026-09-29,2026-09-29T04:52:52.384670
TJGC,LONG,CONVICTION,66.2,BULL_BOUNCE_PENDING,27.44,25.44,28.81,,49,0.69,CHOP,28.0,LIMIT,5,MINOR,2026-09-29,2026-09-29T04:30:35.076423
PATH,LONG,CONVICTION,66.2,BULL_BOUNCE_PENDING,11.96,10.78,13.95,,85,1.7,CHOP,12.2,LIMIT,20,COMPRESSION,2026-09-29,2026-09-29T04:37:43.011746
APA,LONG,CONVICTION,66.2,BULL_BOUNCE_PENDING,41.54,39.91,44.13,46.6,61,1.59,CHOP,42.39,LIMIT,20,COMPRESSION,2026-09-29,2026-09-29T04:40:45.233892
ABM,LONG,CONVICTION,66.2,BULL_BOUNCE_PENDING,48.04,44.38,56.04,,27,2.18,CHOP,49.02,LIMIT,20,COMPRESSION,2026-09-29,2026-09-29T05:04:48.523390
CLRO,LONG,CONVICTION,66.2,BULL_BOUNCE_PENDING,4.5,4.34,5.08,5.15,627,3.63,CHOP,4.56,LIMIT,20,COMPRESSION,2026-09-29,2026-09-29T05:10:08.685156
GLW,SHORT,CONVICTION,66.1,BEAR_REJECTION_PENDING,154.26,157.15,147.8,130.42,34,2.23,CHOP,153.0,LIMIT,20,CONVICTION,2026-09-29,2026-09-29T04:35:04.997059
MRVL,SHORT,CONVICTION,66.1,BEAR_REJECTION_PENDING,256.14,261.37,240.07,242.06,19,3.07,CHOP,254.62,LIMIT,20,CONVICTION,2026-09-29,2026-09-29T04:38:08.140338
DHT,LONG,CONVICTION,66.1,BULL_BOUNCE_PENDING,21.39,19.88,22.46,,66,0.71,CHOP,21.83,LIMIT,20,COMPRESSION,2026-09-29,2026-09-29T04:47:14.450137
MSTY,SHORT,CONVICTION,66.1,BEAR_REJECTION_PENDING,16.84,17.32,15.04,14.4,210,3.78,CHOP,16.56,LIMIT,20,COMPRESSION,2026-09-29,2026-09-29T04:54:37.759658
EMBC,LONG,CONVICTION,66.0,BULL_BOUNCE_PENDING,5.75,5.57,6.04,,558,1.61,CHOP,5.8706,LIMIT,8,MINOR,2026-09-29,2026-09-29T04:30:06.021042
WGS,LONG,CONVICTION,66.0,BULL_BOUNCE_PENDING,84.21,82.09,95.19,91.67,47,5.19,CHOP,85.93,LIMIT,20,CONVICTION,2026-09-29,2026-09-29T04:30:22.593540
DOMO,SHORT,CONVICTION,66.0,BEAR_REJECTION_PENDING,3.66,3.72,3.5,3.11,1763,2.85,CHOP,3.59,LIMIT,20,COMPRESSION,2026-09-29,2026-09-29T04:40:35.968398
ESTC,SHORT,CONVICTION,66.0,BEAR_REJECTION_PENDING,87.97,89.7,82.64,77.72,57,3.08,CHOP,87.93,LIMIT,20,COMPRESSION,2026-09-29,2026-09-29T04:41:26.413602
HUM,LONG,CONVICTION,66.0,BULL_BOUNCE_PENDING,384.26,378.42,424.54,429.06,17,6.9,CHOP,389.63,LIMIT,20,MINOR,2026-09-29,2026-09-29T04:41:44.864404
BWET,SHORT,CONVICTION,66.0,BEAR_REJECTION_PENDING,732.48,762.03,644.5,644.5,3,2.98,CHOP,730.0,LIMIT,17,CONVICTION,2026-09-29,2026-09-29T04:43:26.805179
MDGL,LONG,CONVICTION,66.0,BULL_BOUNCE_PENDING,513.78,508.55,592.21,539.25,19,15.01,CHOP,517.04,LIMIT,20,CONVICTION,2026-09-29,2026-09-29T04:46:13.548597
HOG,SHORT,CONVICTION,66.0,BEAR_REJECTION_PENDING,25.16,26.06,21.27,22.09,111,4.34,CHOP,24.67,LIMIT,20,COMPRESSION,2026-09-29,2026-09-29T04:49:16.609931
ARGX,SHORT,CONVICTION,66.0,BEAR_REJECTION_PENDING,975.58,983.86,927.33,927.33,12,5.82,CHOP,972.28,LIMIT,20,CONVICTION,2026-09-29,2026-09-29T04:51:44.736457
OUST,SHORT,CONVICTION,65.9,BEAR_REJECTION_PENDING,42.78,48.37,40.64,,17,0.38,CHOP,41.94,LIMIT,20,CONVICTION,2026-09-29,2026-09-29T04:39:58.431516
ENS,LONG,CONVICTION,65.9,BULL_BOUNCE_CONFIRMED,177.98,171.67,187.6,198.46,15,1.52,CHOP,177.98,LIMIT,20,CONVICTION,2026-09-29,2026-09-29T04:50:27.381131
GFS,LONG,CONVICTION,65.8,BULL_BOUNCE_PENDING,47.04,43.69,52.71,55.06,29,1.69,CHOP,48.0,LIMIT,20,COMPRESSION,2026-09-29,2026-09-29T04:41:33.091076
KGS,LONG,CONVICTION,65.8,BULL_BOUNCE_PENDING,50.64,46.9,56.42,,26,1.55,CHOP,51.67,LIMIT,20,COMPRESSION,2026-09-29,2026-09-29T04:41:49.542734
QLD,LONG,CONVICTION,65.8,BULL_BOUNCE_PENDING,93.11,90.55,99.02,,38,2.3,CHOP,95.01,LIMIT,20,COMPRESSION,2026-09-29,2026-09-29T05:08:09.062339
LUNR,LONG,CONVICTION,65.7,BULL_BOUNCE_PENDING,14.97,13.77,17.34,,83,1.96,CHOP,15.28,LIMIT,20,COMPRESSION,2026-09-29,2026-09-29T04:37:09.967705
FUN,SHORT,CONVICTION,65.7,BEAR_REJECTION_PENDING,11.9,12.38,11.31,,209,1.24,CHOP,11.67,LIMIT,20,COMPRESSION,2026-09-29,2026-09-29T04:41:32.717076
PLNT,SHORT,CONVICTION,65.7,BEAR_REJECTION_PENDING,41.51,43.04,39.44,,65,1.36,CHOP,40.7,LIMIT,20,COMPRESSION,2026-09-29,2026-09-29T04:52:48.923659
BLBD,SHORT,CONVICTION,65.7,BEAR_REJECTION_PENDING,57.66,59.71,51.77,49.2,48,2.88,CHOP,57.33,LIMIT,20,CONVICTION,2026-09-29,2026-09-29T05:00:59.363702
HRMY,LONG,CONVICTION,65.7,BULL_BOUNCE_PENDING,39.3,38.76,41.87,42.57,181,4.67,CHOP,40.01,LIMIT,20,COMPRESSION,2026-09-29,2026-09-29T05:01:34.150684
GENI,LONG,CONVICTION,65.6,BULL_BOUNCE,6.18,5.74,6.99,,226,1.84,CHOP,6.18,LIMIT,20,COMPRESSION,2026-09-29,2026-09-29T04:50:29.863697
SITM,SHORT,CONVICTION,65.6,BEAR_REJECTION_PENDING,669.66,697.47,580.16,559.6,3,3.22,CHOP,656.53,LIMIT,7,CONVICTION,2026-09-29,2026-09-29T04:51:18.965244
LULU,SHORT,CONVICTION,65.6,BEAR_REJECTION_PENDING,100.58,101.81,96.54,95.66,81,3.29,CHOP,100.57,LIMIT,14,CONVICTION,2026-09-29,2026-09-29T04:56:14.028978
CNQ,LONG,CONVICTION,65.5,BULL_BOUNCE_PENDING,46.55,45.28,49.03,50.2,78,1.96,CHOP,47.5,LIMIT,20,COMPRESSION,2026-09-29,2026-09-29T04:36:24.931566
IR,LONG,CONVICTION,65.5,BULL_BOUNCE_PENDING,74.85,72.15,82.78,82.78,36,2.93,CHOP,76.38,LIMIT,20,COMPRESSION,2026-09-29,2026-09-29T05:09:04.123607
USDE,LONG,CONVICTION,65.4,BULL_BOUNCE_CONFIRMED,15.9,14.15,16.7,,56,0.45,CHOP,15.9046,LIMIT,7,MINOR,2026-09-29,2026-09-29T04:30:28.885507
RYAN,SHORT,CONVICTION,65.4,BEAR_REJECTION_PENDING,38.88,41.32,34.0,32.66,41,2.0,CHOP,38.12,LIMIT,20,COMPRESSION,2026-09-29,2026-09-29T04:48:07.210172
TECL,SHORT,CONVICTION,65.4,BEAR_REJECTION_PENDING,228.94,236.38,209.18,204.18,13,2.66,CHOP,228.85,LIMIT,20,VACUUM,2026-09-29,2026-09-29T04:59:09.819288
UMAC,LONG,CONVICTION,65.3,BULL_BOUNCE_PENDING,23.52,20.74,24.7,,35,0.42,CHOP,24.0,LIMIT,14,COMPRESSION,2026-09-29,2026-09-29T04:39:50.668187
COHX,LONG,CONVICTION,65.3,BULL_BOUNCE_CONFIRMED,22.0,20.28,25.15,,58,1.83,CHOP,22.0,LIMIT,20,COMPRESSION,2026-09-29,2026-09-29T04:41:07.109781
TZA,LONG,CONVICTION,65.3,BULL_BOUNCE_PENDING,45.84,45.21,51.0,52.05,158,8.15,CHOP,46.51,LIMIT,16,COMPRESSION,2026-09-29,2026-09-29T05:00:30.788732
ZETA,LONG,CONVICTION,65.2,BULL_BOUNCE_PENDING,28.32,24.05,29.74,,23,0.33,CHOP,28.9,LIMIT,20,COMPRESSION,2026-09-29,2026-09-29T04:38:01.497790
BTTC,LONG,CONVICTION,65.2,BULL_BOUNCE_PENDING,0.43,0.38,0.45,,2142,0.46,CHOP,0.4383,LIMIT,20,COMPRESSION,2026-09-29,2026-09-29T04:40:27.333890
IDCC,SHORT,CONVICTION,65.2,BEAR_REJECTION_PENDING,329.71,332.79,306.16,303.33,32,7.64,CHOP,327.5,LIMIT,20,VACUUM,2026-09-29,2026-09-29T04:41:46.430552
NLR,LONG,CONVICTION,65.2,BULL_BOUNCE_PENDING,101.79,99.16,110.11,110.11,38,3.16,CHOP,103.87,LIMIT,20,COMPRESSION,2026-09-29,2026-09-29T04:58:13.272168
IRDM,SHORT,CONVICTION,65.2,BEAR_REJECTION_PENDING,49.03,50.09,46.8,44.67,94,2.11,CHOP,48.385,LIMIT,20,COMPRESSION,2026-09-29,2026-09-29T05:07:59.810148
FDMT,LONG,CONVICTION,65.1,BULL_BOUNCE_PENDING,14.26,12.95,14.97,,76,0.54,CHOP,14.55,LIMIT,20,MINOR,2026-09-29,2026-09-29T04:51:56.215532
CANG,LONG,CONVICTION,65.1,BULL_BOUNCE,2.24,1.93,2.27,,322,0.1,CHOP,2.24,LIMIT,20,MINOR,2026-09-29,2026-09-29T05:06:24.633170
APUS,LONG,CONVICTION,65.1,BULL_BOUNCE_PENDING,5.79,5.08,6.08,,140,0.41,CHOP,5.91,LIMIT,10,COMPRESSION,2026-09-29,2026-09-29T05:09:14.884221
IAUX,SHORT,CONVICTION,65.0,BEAR_REJECTION_PENDING,1.68,1.75,1.56,1.5,1455,1.75,CHOP,1.67,LIMIT,20,COMPRESSION,2026-09-29,2026-09-29T04:31:21.680178
SLB,LONG,CONVICTION,65.0,BULL_BOUNCE,51.49,49.75,55.94,55.94,57,2.56,CHOP,51.49,LIMIT,20,COMPRESSION,2026-09-29,2026-09-29T04:31:57.762250
OKLO,SHORT,CONVICTION,65.0,BEAR_REJECTION_PENDING,38.13,42.78,36.22,,21,0.41,CHOP,37.38,LIMIT,20,VACUUM,2026-09-29,2026-09-29T04:37:04.389207
TSLL,LONG,CONVICTION,65.0,BULL_BOUNCE_PENDING,9.03,8.35,10.2,,148,1.75,CHOP,9.2095,LIMIT,20,COMPRESSION,2026-09-29,2026-09-29T04:42:43.407371
BRZE,LONG,CONVICTION,65.0,BULL_BOUNCE,23.2,21.6,26.18,,62,1.86,CHOP,23.2,LIMIT,20,COMPRESSION,2026-09-29,2026-09-29T04:43:21.939531
LPTH,LONG,CONVICTION,65.0,BULL_BOUNCE,9.83,9.22,11.1,,162,2.07,CHOP,9.8299,LIMIT,20,COMPRESSION,2026-09-29,2026-09-29T04:50:42.010982
STRL,LONG,CONVICTION,65.0,BULL_BOUNCE,495.5,470.19,555.32,,3,2.36,CHOP,495.5,LIMIT,20,CONVICTION,2026-09-29,2026-09-29T04:51:21.114776
EPAM,SHORT,CONVICTION,65.0,BEAR_REJECTION_PENDING,107.55,108.99,95.26,99.52,69,8.53,CHOP,107.4,LIMIT,20,COMPRESSION,2026-09-29,2026-09-29T04:53:54.676219
AROC,LONG,CONVICTION,65.0,BULL_BOUNCE,30.55,29.54,32.27,33.33,98,1.7,CHOP,30.55,LIMIT,20,COMPRESSION,2026-09-29,2026-09-29T04:58:43.715712
VRT,LONG,CONVICTION,65.0,BULL_BOUNCE,245.8,232.68,281.31,282.13,7,2.71,CHOP,245.8,LIMIT,20,CONVICTION,2026-09-29,2026-09-29T05:03:37.587093
BKV,LONG,CONVICTION,65.0,BULL_BOUNCE_PENDING,21.46,20.06,24.78,24.81,71,2.37,CHOP,21.9,LIMIT,20,COMPRESSION,2026-09-29,2026-09-29T05:05:24.725538
VGNT,LONG,CONVICTION,65.0,BULL_BOUNCE,45.4,43.68,50.0,50.38,58,2.68,CHOP,45.4,LIMIT,20,MINOR,2026-09-29,2026-09-29T05:07:11.648281
SSMR,SHORT,CONVICTION,65.0,BEAR_REJECTION_PENDING,14.89,15.43,14.06,13.0,186,1.55,CHOP,14.885,LIMIT,20,COMPRESSION,2026-09-29,2026-09-29T05:07:46.397129
HP,SHORT,CONVICTION,64.9,BEAR_REJECTION_PENDING,38.97,40.02,35.52,35.76,95,3.31,CHOP,38.21,LIMIT,20,COMPRESSION,2026-09-29,2026-09-29T04:44:07.177949
NE,LONG,CONVICTION,64.9,BULL_BOUNCE_PENDING,41.8,40.57,44.2,49.0,81,1.95,CHOP,42.65,LIMIT,20,COMPRESSION,2026-09-29,2026-09-29T04:44:37.601835
IMNM,LONG,CONVICTION,64.9,BULL_BOUNCE_PENDING,21.27,20.23,24.63,24.7,96,3.26,CHOP,21.7,LIMIT,20,MINOR,2026-09-29,2026-09-29T04:54:25.303252
JPM,LONG,CONVICTION,64.8,BULL_BOUNCE_PENDING,330.06,321.93,354.23,354.23,12,2.97,CHOP,336.8,LIMIT,20,CONVICTION,2026-09-29,2026-09-29T04:33:21.739858
RF,SHORT,CONVICTION,64.8,BEAR_REJECTION_PENDING,27.27,27.97,25.68,24.49,143,2.27,CHOP,27.255,LIMIT,20,COMPRESSION,2026-09-29,2026-09-29T04:34:24.681012
BEPC,SHORT,CONVICTION,64.8,BEAR_REJECTION_PENDING,28.23,28.61,27.2,26.06,261,2.69,CHOP,27.97,LIMIT,20,COMPRESSION,2026-09-29,2026-09-29T04:45:44.377845
GOF,SHORT,CONVICTION,64.8,BEAR_REJECTION_PENDING,8.65,9.07,8.22,,240,1.04,CHOP,8.49,LIMIT,20,COMPRESSION,2026-09-29,2026-09-29T04:56:04.155982
XOM,LONG,CONVICTION,64.7,BULL_BOUNCE_PENDING,161.12,159.8,165.77,165.13,75,3.53,CHOP,162.12,LIMIT,20,CONVICTION,2026-09-29,2026-09-29T04:34:16.382636
ASH,SHORT,CONVICTION,64.7,BEAR_REJECTION_PENDING,69.29,70.53,67.0,65.89,80,1.85,CHOP,68.95,LIMIT,20,COMPRESSION,2026-09-29,2026-09-29T04:40:53.213621
TEL,LONG,CONVICTION,64.7,BULL_BOUNCE_PENDING,210.42,205.87,221.04,235.57,21,2.33,CHOP,214.71,LIMIT,20,CONVICTION,2026-09-29,2026-09-29T05:03:35.617559
BLTE,LONG,CONVICTION,64.7,BULL_BOUNCE,165.93,159.42,180.27,185.11,15,2.2,CHOP,165.93,LIMIT,20,COMPRESSION,2026-09-29,2026-09-29T05:04:12.898752
WYHG,LONG,CONVICTION,64.6,BULL_BOUNCE_PENDING,3.89,3.31,4.09,,173,0.34,CHOP,3.97,LIMIT,20,MINOR,2026-09-29,2026-09-29T04:45:23.113786
FUL,SHORT,CONVICTION,64.6,BEAR_REJECTION_PENDING,50.36,54.16,47.84,,26,0.66,CHOP,49.37,LIMIT,20,COMPRESSION,2026-09-29,2026-09-29T04:50:29.829695
XNCR,LONG,CONVICTION,64.6,BULL_BOUNCE_PENDING,25.09,23.51,28.71,28.97,63,2.3,CHOP,25.6,LIMIT,18,COMPRESSION,2026-09-29,2026-09-29T04:55:02.338270
HODU,SHORT,CONVICTION,64.6,BEAR_REJECTION_PENDING,14.67,15.09,13.72,13.3,240,2.28,CHOP,14.54,LIMIT,20,COMPRESSION,2026-09-29,2026-09-29T05:02:21.255077
YETI,LONG,CONVICTION,64.6,BULL_BOUNCE_PENDING,42.46,40.35,46.0,47.28,47,1.67,CHOP,43.33,LIMIT,20,COMPRESSION,2026-09-29,2026-09-29T05:10:15.483160
SOFI,SHORT,CONVICTION,64.5,BEAR_REJECTION_PENDING,16.29,16.66,14.0,,267,6.13,CHOP,15.97,LIMIT,20,COMPRESSION,2026-09-29,2026-09-29T04:34:05.124955
CTSH,LONG,CONVICTION,64.5,BULL_BOUNCE_PENDING,55.8,55.07,62.3,59.75,137,8.93,CHOP,56.58,LIMIT,20,COMPRESSION,2026-09-29,2026-09-29T04:36:33.888049
WYFI,LONG,CONVICTION,64.5,BULL_BOUNCE,18.86,17.59,20.93,,79,1.64,CHOP,18.86,LIMIT,20,COMPRESSION,2026-09-29,2026-09-29T04:37:15.033812
ORCU,LONG,CONVICTION,64.5,BULL_BOUNCE_PENDING,6.06,5.26,6.36,,125,0.38,CHOP,6.1798,LIMIT,19,COMPRESSION,2026-09-29,2026-09-29T04:49:27.776527
FETH,LONG,CONVICTION,64.5,BULL_BOUNCE_PENDING,26.55,26.15,28.77,30.59,249,5.53,CHOP,26.97,LIMIT,20,COMPRESSION,2026-09-29,2026-09-29T04:54:08.195821
BROS,SHORT,CONVICTION,64.5,BEAR_REJECTION_PENDING,38.76,44.12,36.82,,18,0.36,CHOP,38.0,LIMIT,20,COMPRESSION,2026-09-29,2026-09-29T05:01:20.697974
AVAH,SHORT,CONVICTION,64.4,BEAR_REJECTION_PENDING,12.94,13.29,11.91,11.36,292,3.02,CHOP,12.69,LIMIT,20,COMPRESSION,2026-09-29,2026-09-29T04:48:36.847842
RXRX,LONG,CONVICTION,64.3,BULL_BOUNCE_PENDING,3.64,3.2,3.82,,228,0.41,CHOP,3.71,LIMIT,19,COMPRESSION,2026-09-29,2026-09-29T04:37:26.213423
CRS,LONG,CONVICTION,64.3,BULL_BOUNCE_PENDING,379.74,375.2,390.99,431.33,22,2.48,CHOP,385.3,LIMIT,20,CONVICTION,2026-09-29,2026-09-29T04:50:24.035664
NXPI,SHORT,CONVICTION,64.3,BEAR_REJECTION_PENDING,240.97,244.48,229.14,204.27,28,3.38,CHOP,236.25,LIMIT,20,CONVICTION,2026-09-29,2026-09-29T05:05:31.862547
QUBT,LONG,CONVICTION,64.2,BULL_BOUNCE,8.64,8.24,9.39,,248,1.88,CHOP,8.64,LIMIT,20,COMPRESSION,2026-09-29,2026-09-29T04:31:41.511619
POET,SHORT,CONVICTION,64.2,BEAR_REJECTION_PENDING,7.58,7.81,6.68,6.53,446,4.04,CHOP,7.57,LIMIT,20,COMPRESSION,2026-09-29,2026-09-29T04:33:02.776934
ETH,LONG,CONVICTION,64.2,BULL_BOUNCE_PENDING,25.45,25.05,27.26,28.97,252,4.57,CHOP,25.88,LIMIT,20,COMPRESSION,2026-09-29,2026-09-29T04:53:54.851219
GXO,SHORT,CONVICTION,64.2,BEAR_REJECTION_PENDING,45.5,46.0,43.47,42.5,200,4.07,CHOP,44.77,LIMIT,20,MINOR,2026-09-29,2026-09-29T04:55:47.577748
UMC,LONG,CONVICTION,64.2,BULL_BOUNCE_PENDING,23.32,22.42,25.58,26.43,110,2.49,CHOP,23.8,LIMIT,20,COMPRESSION,2026-09-29,2026-09-29T05:05:20.668532
QS,SHORT,CONVICTION,64.1,BEAR_REJECTION_PENDING,4.65,4.93,4.42,,352,0.82,CHOP,4.56,LIMIT,20,COMPRESSION,2026-09-29,2026-09-29T04:37:36.930732
CONL,LONG,CONVICTION,64.1,BULL_BOUNCE_PENDING,6.09,5.0,6.39,,92,0.28,CHOP,6.21,LIMIT,20,COMPRESSION,2026-09-29,2026-09-29T04:41:08.462370
FLUT,SHORT,CONVICTION,64.1,BEAR_REJECTION_PENDING,79.7,84.11,75.72,,22,0.9,CHOP,78.14,LIMIT,20,COMPRESSION,2026-09-29,2026-09-29T04:45:56.400866
CBRL,SHORT,CONVICTION,64.1,BEAR_REJECTION_PENDING,54.8,56.15,52.25,47.52,74,1.9,CHOP,53.73,LIMIT,20,COMPRESSION,2026-09-29,2026-09-29T04:51:47.072472
BOX,LONG,CONVICTION,64.1,BULL_BOUNCE_PENDING,30.71,30.0,33.14,34.66,140,3.4,CHOP,31.34,LIMIT,20,MINOR,2026-09-29,2026-09-29T05:00:47.363920
KOD,LONG,CONVICTION,64.0,BULL_BOUNCE,87.02,80.71,95.3,,15,1.31,CHOP,87.02,LIMIT,11,MINOR,2026-09-29,2026-09-29T04:30:48.806443
IAG,LONG,CONVICTION,64.0,BULL_BOUNCE_CONFIRMED,19.14,18.21,21.52,21.52,106,2.54,CHOP,19.1442,LIMIT,20,MINOR,2026-09-29,2026-09-29T04:34:24.262478
GEHC,LONG,CONVICTION,64.0,BULL_BOUNCE,66.22,64.75,71.3,72.88,68,3.46,CHOP,66.22,LIMIT,20,COMPRESSION,2026-09-29,2026-09-29T04:35:31.145507
MU,LONG,CONVICTION,64.0,BULL_BOUNCE_CONFIRMED,1072.9,1010.72,1126.55,,1,0.86,CHOP,1072.9,LIMIT,14,CONVICTION,2026-09-29,2026-09-29T04:35:37.000324
LASE,LONG,CONVICTION,64.0,DOUBLE_REJECTION_LONG,0.87,0.86,0.94,0.96,12135,9.34,CHOP,0.8678,LIMIT,7,MINOR,2026-09-29,2026-09-29T04:39:24.353708
UPST,LONG,CONVICTION,64.0,DOUBLE_REJECTION_LONG,23.09,22.82,25.78,24.79,374,10.07,CHOP,23.09,LIMIT,20,COMPRESSION,2026-09-29,2026-09-29T04:39:49.895655
PARR,LONG,CONVICTION,64.0,BULL_BOUNCE_PENDING,76.29,71.82,83.45,87.03,22,1.6,CHOP,77.85,LIMIT,20,COMPRESSION,2026-09-29,2026-09-29T04:44:50.314388
XHLD,LONG,CONVICTION,64.0,BULL_BOUNCE_PENDING,0.79,0.63,0.83,,634,0.25,CHOP,0.8021,LIMIT,3,MINOR,2026-09-29,2026-09-29T04:45:24.416930
RRR,LONG,CONVICTION,64.0,BULL_BOUNCE_PENDING,49.49,46.77,56.94,56.94,36,2.73,CHOP,50.5,LIMIT,20,COMPRESSION,2026-09-29,2026-09-29T04:46:26.048100
SW,LONG,CONVICTION,64.0,BULL_BOUNCE,45.07,43.66,47.35,48.26,71,1.62,CHOP,45.07,LIMIT,20,COMPRESSION,2026-09-29,2026-09-29T04:46:38.725669
MXL,LONG,CONVICTION,64.0,BULL_BOUNCE_CONFIRMED,91.0,84.88,100.84,,16,1.61,CHOP,91.0,LIMIT,20,MINOR,2026-09-29,2026-09-29T04:50:47.892990
EYE,SHORT,CONVICTION,64.0,BEAR_REJECTION_PENDING,16.38,16.62,14.95,,419,6.0,CHOP,16.12,LIMIT,20,COMPRESSION,2026-09-29,2026-09-29T04:58:04.164144
SDRL,LONG,CONVICTION,64.0,BULL_BOUNCE,45.58,43.81,51.52,49.91,56,3.35,CHOP,45.58,LIMIT,20,COMPRESSION,2026-09-29,2026-09-29T04:59:50.374299
WAY,LONG,CONVICTION,64.0,BULL_BOUNCE_PENDING,25.23,24.27,29.39,27.99,104,4.36,CHOP,25.74,LIMIT,20,COMPRESSION,2026-09-29,2026-09-29T05:00:37.378238
QRVO,LONG,CONVICTION,64.0,BULL_BOUNCE,117.11,111.64,122.97,,18,1.07,CHOP,117.11,LIMIT,7,COMPRESSION,2026-09-29,2026-09-29T05:01:47.178893
SNX,LONG,CONVICTION,64.0,BULL_BOUNCE,256.75,244.21,279.44,288.26,7,1.81,CHOP,256.75,LIMIT,20,CONVICTION,2026-09-29,2026-09-29T05:03:31.251552
SVRN,LONG,CONVICTION,64.0,BULL_BOUNCE,54.54,48.51,59.46,,16,0.82,CHOP,54.54,LIMIT,6,MINOR,2026-09-29,2026-09-29T05:09:14.980221
KYMR,LONG,CONVICTION,63.9,BULL_BOUNCE,112.0,106.96,124.99,124.99,19,2.58,CHOP,112.0,LIMIT,20,MINOR,2026-09-29,2026-09-29T04:47:42.120023
SYRE,SHORT,CONVICTION,63.9,BEAR_REJECTION_PENDING,86.7,88.61,81.57,75.53,52,2.68,CHOP,85.0,LIMIT,20,COMPRESSION,2026-09-29,2026-09-29T04:52:57.059688
EWY,SHORT,CONVICTION,63.9,BEAR_REJECTION_PENDING,188.9,193.16,174.87,167.13,23,3.29,CHOP,185.35,LIMIT,20,CONVICTION,2026-09-29,2026-09-29T05:04:16.250757
SHAK,LONG,CONVICTION,63.9,BULL_BOUNCE_PENDING,56.4,54.63,63.32,62.87,56,3.92,CHOP,57.55,LIMIT,20,COMPRESSION,2026-09-29,2026-09-29T05:10:13.111653
GLXY,SHORT,CONVICTION,63.8,BEAR_REJECTION_PENDING,23.96,24.47,22.2,21.9,198,3.49,CHOP,23.56,LIMIT,20,COMPRESSION,2026-09-29,2026-09-29T04:32:13.469743
BTDR,SHORT,CONVICTION,63.8,BEAR_REJECTION_PENDING,11.37,11.62,10.23,9.69,395,4.51,CHOP,11.34,LIMIT,20,COMPRESSION,2026-09-29,2026-09-29T04:35:48.727360
RARE,SHORT,CONVICTION,63.8,BEAR_REJECTION_PENDING,14.41,14.66,13.22,13.45,398,4.74,CHOP,14.3706,LIMIT,20,COMPRESSION,2026-09-29,2026-09-29T04:39:52.400191
PBF,LONG,CONVICTION,63.8,BULL_BOUNCE_PENDING,74.04,72.59,80.31,80.53,68,4.32,CHOP,74.49,LIMIT,16,CONVICTION,2026-09-29,2026-09-29T04:46:22.252673
BBY,LONG,CONVICTION,63.8,BULL_BOUNCE,90.25,87.26,96.62,100.62,33,2.13,CHOP,90.25,LIMIT,20,COMPRESSION,2026-09-29,2026-09-29T04:59:35.164352
ASO,LONG,CONVICTION,63.8,BULL_BOUNCE_PENDING,47.64,44.92,53.6,54.75,36,2.2,CHOP,48.61,LIMIT,20,COMPRESSION,2026-09-29,2026-09-29T05:05:13.769522
SOC,SHORT,CONVICTION,63.7,BEAR_REJECTION_PENDING,3.73,3.99,3.55,,389,0.73,CHOP,3.66,LIMIT,20,CONVICTION,2026-09-29,2026-09-29T04:32:04.161258
ADBE,LONG,CONVICTION,63.7,BULL_BOUNCE_PENDING,225.83,223.2,231.01,262.81,37,1.96,CHOP,229.67,LIMIT,20,CONVICTION,2026-09-29,2026-09-29T04:36:50.779628
ZENA,SHORT,CONVICTION,63.7,BEAR_REJECTION_PENDING,1.4,1.43,1.33,,3690,2.58,CHOP,1.39,LIMIT,20,COMPRESSION,2026-09-29,2026-09-29T04:40:00.486763
OLED,SHORT,CONVICTION,63.7,BEAR_REJECTION_PENDING,76.98,77.95,74.37,73.77,102,2.68,CHOP,75.47,LIMIT,20,COMPRESSION,2026-09-29,2026-09-29T04:46:19.734003
SMCIP,LONG,CONVICTION,63.7,BULL_BOUNCE_PENDING,68.51,64.88,71.94,,27,0.94,CHOP,69.91,LIMIT,20,MINOR,2026-09-29,2026-09-29T04:48:12.104308
PMI,SHORT,CONVICTION,63.6,BEAR_REJECTION_PENDING,4.62,5.11,4.39,,206,0.48,CHOP,4.6,LIMIT,20,COMPRESSION,2026-09-29,2026-09-29T04:31:34.828610
CCJ,LONG,CONVICTION,63.6,BULL_BOUNCE_PENDING,85.55,75.37,89.83,,9,0.42,CHOP,87.3,LIMIT,20,CONVICTION,2026-09-29,2026-09-29T04:34:59.325988
RDDT,SHORT,CONVICTION,63.6,BEAR_REJECTION_PENDING,148.17,151.09,126.06,141.21,34,7.56,CHOP,145.26,LIMIT,20,COMPRESSION,2026-09-29,2026-09-29T04:42:20.502971
DBGI,SHORT,CONVICTION,63.6,BEAR_REJECTION_PENDING,4.96,5.32,4.22,,278,2.06,CHOP,4.9,LIMIT,13,COMPRESSION,2026-09-29,2026-09-29T05:05:28.624544
RNG,LONG,CONVICTION,63.5,BULL_BOUNCE_PENDING,72.27,71.25,76.13,77.77,98,3.82,CHOP,73.57,LIMIT,20,MINOR,2026-09-29,2026-09-29T04:49:44.273980
LEN,LONG,CONVICTION,63.5,BULL_BOUNCE_PENDING,80.36,77.69,85.05,89.13,37,1.76,CHOP,82.0,LIMIT,20,CONVICTION,2026-09-29,2026-09-29T05:10:26.710860
BLDR,SHORT,CONVICTION,63.4,BEAR_REJECTION_PENDING,58.06,58.83,56.9,,129,1.5,CHOP,57.444,LIMIT,20,COMPRESSION,2026-09-29,2026-09-29T04:45:29.521823
YUM,LONG,CONVICTION,63.4,BULL_BOUNCE_PENDING,134.5,127.33,150.02,153.44,13,2.16,CHOP,137.25,LIMIT,20,COMPRESSION,2026-09-29,2026-09-29T04:48:29.856652
GFI,LONG,CONVICTION,63.4,BULL_BOUNCE_PENDING,35.77,35.12,40.41,41.28,153,7.1,CHOP,36.29,LIMIT,20,COMPRESSION,2026-09-29,2026-09-29T04:55:17.583664
TGB,LONG,CONVICTION,63.3,BULL_BOUNCE,8.8,8.33,9.53,,210,1.53,CHOP,8.8,LIMIT,20,COMPRESSION,2026-09-29,2026-09-29T04:31:07.367565
CHYM,LONG,CONVICTION,63.3,BULL_BOUNCE_PENDING,25.91,23.71,29.75,,45,1.74,CHOP,26.44,LIMIT,20,COMPRESSION,2026-09-29,2026-09-29T04:43:32.676832
CHPT,SHORT,CONVICTION,63.2,BEAR_REJECTION_PENDING,8.78,8.99,8.39,8.04,472,1.84,CHOP,8.7,LIMIT,20,COMPRESSION,2026-09-29,2026-09-29T04:29:55.937490
SCTX,LONG,CONVICTION,63.2,BULL_BOUNCE_PENDING,21.33,18.17,22.4,,31,0.34,CHOP,21.77,LIMIT,18,COMPRESSION,2026-09-29,2026-09-29T05:07:46.315130
VITL,SHORT,CONVICTION,63.2,BEAR_REJECTION_PENDING,9.84,10.03,9.28,8.35,535,3.0,CHOP,9.6699,LIMIT,20,COMPRESSION,2026-09-29,2026-09-29T05:07:47.019131
SPCE,SHORT,CONVICTION,63.1,BEAR_REJECTION_PENDING,3.14,3.21,2.9,2.99,1516,3.64,CHOP,3.13,LIMIT,20,COMPRESSION,2026-09-29,2026-09-29T04:31:09.158406
GMED,LONG,CONVICTION,63.1,BULL_BOUNCE_PENDING,73.41,72.51,77.79,82.07,111,4.88,CHOP,74.78,LIMIT,20,COMPRESSION,2026-09-29,2026-09-29T04:44:05.760946
VAL,LONG,CONVICTION,63.0,BULL_BOUNCE_PENDING,78.3,74.9,83.46,87.99,29,1.52,CHOP,79.9,LIMIT,20,COMPRESSION,2026-09-29,2026-09-29T04:45:12.868953
BTC,SHORT,CONVICTION,63.0,BEAR_REJECTION_PENDING,37.78,39.78,34.08,31.81,50,1.85,CHOP,37.04,LIMIT,20,COMPRESSION,2026-09-29,2026-09-29T04:53:38.330106
LOPE,LONG,CONVICTION,63.0,BULL_BOUNCE_PENDING,143.47,132.29,165.17,,8,1.94,CHOP,146.4,LIMIT,20,COMPRESSION,2026-09-29,2026-09-29T04:58:12.265441
CRUS,SHORT,CONVICTION,63.0,BEAR_REJECTION_PENDING,121.81,130.07,104.07,,12,2.15,CHOP,119.42,LIMIT,20,CONVICTION,2026-09-29,2026-09-29T05:01:25.133600
FTFT,LONG,CONVICTION,63.0,BULL_BOUNCE_PENDING,3.64,2.53,3.82,,90,0.16,CHOP,3.7143,LIMIT,15,COMPRESSION,2026-09-29,2026-09-29T05:05:15.620526
ARWR,LONG,CONVICTION,63.0,BULL_BOUNCE_PENDING,64.15,60.87,69.96,71.78,30,1.77,CHOP,65.46,LIMIT,20,MINOR,2026-09-29,2026-09-29T05:08:20.996412
BHE,SHORT,CONVICTION,63.0,BEAR_REJECTION_PENDING,84.45,92.51,71.98,,12,1.55,CHOP,82.79,LIMIT,16,CONVICTION,2026-09-29,2026-09-29T05:08:23.220416
BTGO,LONG,CONVICTION,62.9,BULL_BOUNCE_PENDING,7.25,6.74,8.31,,195,2.06,CHOP,7.4,LIMIT,20,MINOR,2026-09-29,2026-09-29T05:07:27.081106
CYAB,LONG,CONVICTION,62.8,BULL_BOUNCE_PENDING,0.24,0.2,0.25,,2412,0.29,CHOP,0.2413,LIMIT,3,COMPRESSION,2026-09-29,2026-09-29T04:28:42.313948
CRBG,LONG,CONVICTION,62.8,BULL_BOUNCE_PENDING,33.22,32.01,34.88,,82,1.37,CHOP,33.9,LIMIT,20,COMPRESSION,2026-09-29,2026-09-29T05:01:22.768282
ZD,SHORT,CONVICTION,62.8,BEAR_REJECTION_PENDING,56.8,59.43,50.95,48.89,38,2.23,CHOP,55.69,LIMIT,20,COMPRESSION,2026-09-29,2026-09-29T05:06:44.044732
PGEN,LONG,CONVICTION,62.7,BULL_BOUNCE_PENDING,7.64,6.86,8.03,,127,0.49,CHOP,7.8,LIMIT,3,MINOR,2026-09-29,2026-09-29T04:29:26.452860
ETSY,SHORT,CONVICTION,62.7,BEAR_REJECTION_PENDING,70.3,72.39,62.73,62.73,47,3.62,CHOP,68.92,LIMIT,20,COMPRESSION,2026-09-29,2026-09-29T04:57:06.966218
TSLT,LONG,CONVICTION,62.7,BULL_BOUNCE_PENDING,12.61,11.64,13.24,,102,0.65,CHOP,12.87,LIMIT,20,COMPRESSION,2026-09-29,2026-09-29T05:00:51.645587
AAPU,LONG,CONVICTION,62.7,BULL_BOUNCE_PENDING,44.76,44.22,47.62,46.2,184,5.27,CHOP,45.36,LIMIT,20,COMPRESSION,2026-09-29,2026-09-29T05:00:59.268702
MSS,SHORT,CONVICTION,62.7,BEAR_REJECTION_PENDING,1.67,1.75,1.51,1.45,1280,2.05,CHOP,1.6619,LIMIT,19,MINOR,2026-09-29,2026-09-29T05:08:48.223509
LYFT,SHORT,CONVICTION,62.6,BEAR_REJECTION_PENDING,15.28,15.74,14.43,13.86,218,1.85,CHOP,14.98,LIMIT,20,COMPRESSION,2026-09-29,2026-09-29T04:34:20.005346
VST,SHORT,CONVICTION,62.5,BEAR_REJECTION_PENDING,139.57,141.11,120.0,134.39,64,12.69,CHOP,139.09,LIMIT,20,CONVICTION,2026-09-29,2026-09-29T04:34:40.458961
NEM,SHORT,CONVICTION,62.5,BEAR_REJECTION_PENDING,116.94,122.01,103.78,103.0,19,2.6,CHOP,116.29,LIMIT,20,CONVICTION,2026-09-29,2026-09-29T04:35:01.910991
SWKS,SHORT,CONVICTION,62.5,BEAR_REJECTION_PENDING,89.4,91.14,75.0,75.0,57,8.28,CHOP,88.1,LIMIT,11,CONVICTION,2026-09-29,2026-09-29T04:42:40.697367
MRNY,SHORT,CONVICTION,62.5,BEAR_REJECTION_PENDING,41.4,46.13,39.33,,21,0.44,CHOP,40.59,LIMIT,20,VACUUM,2026-09-29,2026-09-29T04:54:33.926645
CVS,LONG,CONVICTION,62.5,BULL_BOUNCE_PENDING,86.2,81.65,99.12,98.33,21,2.84,CHOP,87.96,LIMIT,20,COMPRESSION,2026-09-29,2026-09-29T05:10:00.473451
BDC,LONG,CONVICTION,62.3,BULL_BOUNCE_PENDING,108.0,106.47,111.81,117.25,65,2.48,CHOP,109.82,LIMIT,20,COMPRESSION,2026-09-29,2026-09-29T05:01:18.431056
BKNG,LONG,CONVICTION,62.2,BULL_BOUNCE_PENDING,160.08,155.89,167.27,173.78,23,1.71,CHOP,163.35,LIMIT,20,COMPRESSION,2026-09-29,2026-09-29T04:36:17.136845
SRPT,SHORT,CONVICTION,62.2,BEAR_REJECTION_PENDING,18.84,19.23,17.23,17.1,260,4.2,CHOP,18.63,LIMIT,20,CONVICTION,2026-09-29,2026-09-29T04:46:34.013663
WHR,SHORT,CONVICTION,62.2,BEAR_REJECTION_PENDING,31.53,31.97,30.77,,228,1.73,CHOP,31.5,LIMIT,20,COMPRESSION,2026-09-29,2026-09-29T04:46:48.859222
ATEC,SHORT,CONVICTION,62.2,BEAR_REJECTION_PENDING,10.2,10.38,9.55,9.55,550,3.58,CHOP,10.05,LIMIT,20,MINOR,2026-09-29,2026-09-29T05:05:48.230100
COIN,LONG,CONVICTION,62.1,BULL_BOUNCE_PENDING,193.35,189.86,222.75,207.29,28,8.4,CHOP,194.18,LIMIT,14,COMPRESSION,2026-09-29,2026-09-29T04:33:59.718418
HTZ,SHORT,CONVICTION,62.1,BEAR_REJECTION_PENDING,1.72,1.76,1.53,,2962,5.6,CHOP,1.6901,LIMIT,20,COMPRESSION,2026-09-29,2026-09-29T04:34:11.034613
KOPN,SHORT,CONVICTION,62.1,BEAR_REJECTION_PENDING,4.91,4.99,4.65,4.43,1218,3.17,CHOP,4.89,LIMIT,20,COMPRESSION,2026-09-29,2026-09-29T04:46:10.639251
FNGR,LONG,CONVICTION,62.1,BULL_BOUNCE_PENDING,0.14,0.13,0.15,,14965,1.51,CHOP,0.1384,LIMIT,20,MINOR,2026-09-29,2026-09-29T05:02:19.821075
MSGY,LONG,CONVICTION,62.0,BULL_BOUNCE_PENDING,3.22,2.84,3.38,,262,0.42,CHOP,3.27,LIMIT,15,MINOR,2026-09-29,2026-09-29T04:28:06.086644
RBRK,LONG,CONVICTION,62.0,BULL_BOUNCE_PENDING,110.74,104.35,116.28,,15,0.87,CHOP,113.0,LIMIT,5,MINOR,2026-09-29,2026-09-29T04:28:06.077644
SABR,LONG,CONVICTION,62.0,BULL_BOUNCE_PENDING,2.06,1.96,2.21,2.31,1037,1.58,CHOP,2.1,LIMIT,20,COMPRESSION,2026-09-29,2026-09-29T04:29:24.521857
DOCN,SHORT,CONVICTION,62.0,BEAR_REJECTION_PENDING,136.86,139.76,131.5,130.34,34,1.85,CHOP,136.29,LIMIT,19,MINOR,2026-09-29,2026-09-29T04:29:42.675943
PAYS,LONG,CONVICTION,62.0,BULL_BOUNCE_PENDING,12.11,11.14,13.91,,103,1.86,CHOP,12.3583,LIMIT,20,MINOR,2026-09-29,2026-09-29T04:30:12.879833
MAIN,SHORT,CONVICTION,62.0,BEAR_REJECTION_PENDING,55.06,56.13,52.48,51.89,93,2.41,CHOP,55.0,LIMIT,20,COMPRESSION,2026-09-29,2026-09-29T04:41:53.950475
ADM,SHORT,CONVICTION,62.0,BEAR_REJECTION_PENDING,80.4,82.56,69.51,71.58,46,5.03,CHOP,80.07,LIMIT,20,COMPRESSION,2026-09-29,2026-09-29T04:43:00.761401
TMDX,LONG,CONVICTION,62.0,BULL_BOUNCE_PENDING,81.39,78.24,88.23,91.0,31,2.18,CHOP,83.05,LIMIT,20,MINOR,2026-09-29,2026-09-29T04:45:07.298974
DINO,SHORT,CONVICTION,62.0,BEAR_REJECTION_PENDING,108.0,109.54,102.98,101.61,64,3.25,CHOP,107.6807,LIMIT,20,CONVICTION,2026-09-29,2026-09-29T04:48:58.164871
FICO,SHORT,CONVICTION,62.0,BEAR_REJECTION_PENDING,770.43,781.54,731.91,,8,3.47,CHOP,769.47,LIMIT,20,CONVICTION,2026-09-29,2026-09-29T04:49:12.932831
INOD,LONG,CONVICTION,62.0,BULL_BOUNCE_PENDING,65.35,60.16,68.61,,19,0.63,CHOP,66.68,LIMIT,17,COMPRESSION,2026-09-29,2026-09-29T04:50:33.744440
ZTS,SHORT,CONVICTION,62.0,BEAR_REJECTION_PENDING,72.93,74.37,70.32,,69,1.81,CHOP,71.5,LIMIT,20,CONVICTION,2026-09-29,2026-09-29T04:56:30.726881
KRYS,SHORT,CONVICTION,62.0,BEAR_REJECTION_PENDING,341.4,344.61,314.9,312.57,31,8.28,CHOP,340.0,LIMIT,20,CONVICTION,2026-09-29,2026-09-29T04:58:09.854907
SLDE,SHORT,CONVICTION,62.0,BEAR_REJECTION_PENDING,23.05,24.32,20.35,20.18,78,2.12,CHOP,22.86,LIMIT,20,COMPRESSION,2026-09-29,2026-09-29T05:01:53.409626
VIST,SHORT,CONVICTION,62.0,BEAR_REJECTION_PENDING,66.96,67.91,60.89,58.89,105,6.4,CHOP,66.91,LIMIT,20,COMPRESSION,2026-09-29,2026-09-29T05:02:12.625392
SAM,SHORT,CONVICTION,62.0,BEAR_REJECTION_PENDING,165.47,167.29,162.24,160.88,54,1.77,CHOP,165.36,LIMIT,20,COMPRESSION,2026-09-29,2026-09-29T05:05:32.491550
NXST,SHORT,CONVICTION,62.0,BEAR_REJECTION_PENDING,161.84,163.89,157.66,155.0,48,2.04,CHOP,161.78,LIMIT,20,CONVICTION,2026-09-29,2026-09-29T05:08:07.498806
DCOY,SHORT,CONVICTION,62.0,BEAR_REJECTION_PENDING,2.25,2.49,2.14,,426,0.48,CHOP,2.24,LIMIT,9,MINOR,2026-09-29,2026-09-29T05:08:13.027343
QNST,SHORT,CONVICTION,61.9,BEAR_REJECTION_PENDING,14.51,15.45,12.51,,106,2.14,CHOP,14.23,LIMIT,20,COMPRESSION,2026-09-29,2026-09-29T04:42:17.786306
CHEF,LONG,CONVICTION,61.9,BULL_BOUNCE_PENDING,109.52,108.1,112.81,113.84,70,2.33,CHOP,111.75,LIMIT,2,MINOR,2026-09-29,2026-09-29T05:00:11.316662
GGLL,LONG,CONVICTION,61.9,BULL_BOUNCE_PENDING,96.54,93.5,103.22,112.38,32,2.2,CHOP,98.51,LIMIT,20,COMPRESSION,2026-09-29,2026-09-29T05:00:18.938301
BAX,SHORT,CONVICTION,61.8,BEAR_REJECTION_PENDING,23.87,24.98,21.95,21.23,89,1.72,CHOP,23.4,LIMIT,20,COMPRESSION,2026-09-29,2026-09-29T04:32:52.932391
COO,LONG,CONVICTION,61.8,BULL_BOUNCE_CONFIRMED,56.57,54.28,63.48,63.48,43,3.01,CHOP,56.57,LIMIT,7,COMPRESSION,2026-09-29,2026-09-29T05:05:27.454542
ERAS,LONG,CONVICTION,61.7,BULL_BOUNCE_PENDING,13.64,12.73,15.03,,109,1.51,CHOP,13.922,LIMIT,20,MINOR,2026-09-29,2026-09-29T04:35:53.110375
LEGN,LONG,CONVICTION,61.7,BULL_BOUNCE_PENDING,18.27,17.57,19.7,20.22,144,2.07,CHOP,18.64,LIMIT,20,COMPRESSION,2026-09-29,2026-09-29T04:52:40.225625
STLA,SHORT,CONVICTION,61.6,BEAR_REJECTION_PENDING,4.69,4.85,4.46,,617,1.45,CHOP,4.6002,LIMIT,20,COMPRESSION,2026-09-29,2026-09-29T04:37:14.794275
NCRA,LONG,CONVICTION,61.6,BULL_BOUNCE_PENDING,1.64,1.38,1.72,,396,0.32,CHOP,1.67,LIMIT,20,MINOR,2026-09-29,2026-09-29T04:40:32.134577
MIRM,LONG,CONVICTION,61.6,BULL_BOUNCE_PENDING,86.19,80.56,98.76,99.35,17,2.23,CHOP,87.95,LIMIT,20,CONVICTION,2026-09-29,2026-09-29T04:41:56.690676
LBRDK,LONG,CONVICTION,61.6,BULL_BOUNCE_PENDING,35.41,33.68,39.83,41.38,57,2.55,CHOP,36.13,LIMIT,6,COMPRESSION,2026-09-29,2026-09-29T04:46:11.462925
VVV,LONG,CONVICTION,61.6,BULL_BOUNCE_PENDING,28.13,26.7,31.72,31.72,69,2.51,CHOP,28.7,LIMIT,20,COMPRESSION,2026-09-29,2026-09-29T05:08:44.922503
QNC,SHORT,CONVICTION,61.5,BEAR_REJECTION_PENDING,2.2,2.25,1.98,1.91,1965,4.39,CHOP,2.18,LIMIT,19,COMPRESSION,2026-09-29,2026-09-29T05:06:08.942783
CIFU,LONG,CONVICTION,61.5,BULL_BOUNCE,9.86,8.13,10.03,,57,0.1,CHOP,9.86,LIMIT,20,COMPRESSION,2026-09-29,2026-09-29T05:06:49.442738
SDOW,LONG,CONVICTION,61.5,BULL_BOUNCE_PENDING,24.95,24.59,26.34,25.95,278,3.88,CHOP,25.25,LIMIT,20,COMPRESSION,2026-09-29,2026-09-29T05:07:03.143764
MPT,SHORT,CONVICTION,61.5,BEAR_REJECTION_PENDING,3.55,3.59,3.42,3.44,2165,2.73,CHOP,3.52,LIMIT,20,COMPRESSION,2026-09-29,2026-09-29T05:08:01.634682
EWTX,LONG,CONVICTION,61.4,BULL_BOUNCE_PENDING,39.19,38.07,44.41,43.12,89,4.65,CHOP,39.99,LIMIT,20,COMPRESSION,2026-09-29,2026-09-29T04:40:06.117761
DFDV,LONG,CONVICTION,61.4,BULL_BOUNCE_PENDING,5.37,4.99,6.28,6.3,264,2.41,CHOP,5.48,LIMIT,20,COMPRESSION,2026-09-29,2026-09-29T05:07:28.723106
RDW,LONG,CONVICTION,61.3,BULL_BOUNCE,11.3,10.56,12.94,,135,2.22,CHOP,11.3,LIMIT,13,COMPRESSION,2026-09-29,2026-09-29T04:33:22.399857
TSCO,LONG,CONVICTION,61.3,BULL_BOUNCE_PENDING,31.38,30.62,33.79,36.12,130,3.16,CHOP,32.02,LIMIT,20,COMPRESSION,2026-09-29,2026-09-29T04:33:38.283332
F,LONG,CONVICTION,61.3,BULL_BOUNCE_PENDING,12.12,11.63,13.86,13.54,203,3.54,CHOP,12.37,LIMIT,20,COMPRESSION,2026-09-29,2026-09-29T04:35:38.164328
TGT,SHORT,CONVICTION,61.3,BEAR_REJECTION_PENDING,161.77,163.55,147.52,147.52,56,8.0,CHOP,158.6,LIMIT,20,COMPRESSION,2026-09-29,2026-09-29T04:54:53.331243
COPX,SHORT,CONVICTION,61.3,BEAR_REJECTION_PENDING,87.19,88.91,82.69,78.83,58,2.61,CHOP,85.48,LIMIT,20,CONVICTION,2026-09-29,2026-09-29T04:55:10.740995
BOIL,LONG,CONVICTION,61.2,BULL_BOUNCE_PENDING,20.35,19.13,23.59,23.81,81,2.65,CHOP,20.77,LIMIT,20,CONVICTION,2026-09-29,2026-09-29T04:52:28.635346
CIBR,LONG,CONVICTION,61.2,BULL_BOUNCE,102.0,99.28,107.1,,36,1.88,CHOP,102.0,LIMIT,20,MINOR,2026-09-29,2026-09-29T04:59:39.939056
COHR,LONG,CONVICTION,61.1,BULL_BOUNCE_CONFIRMED,285.0,269.81,310.39,324.61,6,1.67,CHOP,285.0,LIMIT,20,CONVICTION,2026-09-29,2026-09-29T04:38:09.369400
WDCX,SHORT,CONVICTION,61.1,BEAR_REJECTION_PENDING,17.88,18.85,15.29,15.0,102,2.66,CHOP,17.53,LIMIT,20,COMPRESSION,2026-09-29,2026-09-29T04:49:57.070539
YPF,LONG,CONVICTION,61.1,BULL_BOUNCE_PENDING,50.59,49.99,54.52,53.0,166,6.56,CHOP,51.25,LIMIT,20,COMPRESSION,2026-09-29,2026-09-29T04:52:18.136925
FCX,LONG,CONVICTION,61.0,BULL_BOUNCE,71.88,69.21,78.83,79.99,37,2.6,CHOP,71.88,LIMIT,20,COMPRESSION,2026-09-29,2026-09-29T04:34:48.863973
MARA,LONG,CONVICTION,61.0,BULL_BOUNCE,12.25,11.41,13.69,,119,1.72,CHOP,12.25,LIMIT,18,COMPRESSION,2026-09-29,2026-09-29T04:37:03.476203
WTI,LONG,CONVICTION,61.0,BULL_BOUNCE_PENDING,3.51,3.41,3.74,3.75,1046,2.42,CHOP,3.58,LIMIT,20,COMPRESSION,2026-09-29,2026-09-29T04:37:17.993148
BIO,LONG,CONVICTION,61.0,BULL_BOUNCE,377.69,368.27,396.57,,10,2.01,CHOP,377.69,LIMIT,20,VACUUM,2026-09-29,2026-09-29T04:41:01.008987
NRGV,LONG,CONVICTION,61.0,BULL_BOUNCE,4.05,3.74,4.65,,321,1.93,CHOP,4.05,LIMIT,20,COMPRESSION,2026-09-29,2026-09-29T04:42:09.286663
OKLL,LONG,CONVICTION,61.0,BULL_BOUNCE,9.73,8.46,10.15,,78,0.33,CHOP,9.73,LIMIT,20,COMPRESSION,2026-09-29,2026-09-29T04:42:10.239085
DDOG,LONG,CONVICTION,61.0,BULL_BOUNCE,269.94,257.69,288.93,,8,1.55,CHOP,269.94,LIMIT,15,VACUUM,2026-09-29,2026-09-29T04:43:47.599856
OCTV,SHORT,CONVICTION,61.0,BEAR_REJECTION_PENDING,18.5,18.83,16.72,16.72,299,5.33,CHOP,18.42,LIMIT,20,COMPRESSION,2026-09-29,2026-09-29T04:47:57.437097
THC,LONG,CONVICTION,61.0,BULL_BOUNCE_CONFIRMED,262.96,253.58,277.66,,10,1.57,CHOP,262.96,LIMIT,20,COMPRESSION,2026-09-29,2026-09-29T04:48:19.245162
SBLK,SHORT,CONVICTION,61.0,BEAR_REJECTION_PENDING,30.01,30.35,28.94,27.9,293,3.14,CHOP,29.44,LIMIT,20,COMPRESSION,2026-09-29,2026-09-29T04:52:09.327140
HSAI,SHORT,CONVICTION,61.0,CHANNEL_GAP_BREAKDOWN_SHORT,15.6,15.73,15.09,13.93,754,3.85,CHOP,15.6,LIMIT,20,COMPRESSION,2026-09-29,2026-09-29T04:52:38.820619
EGO,LONG,CONVICTION,61.0,BULL_BOUNCE_PENDING,39.23,38.38,42.13,42.49,117,3.4,CHOP,39.99,LIMIT,20,COMPRESSION,2026-09-29,2026-09-29T04:55:10.976994
NTR,LONG,CONVICTION,61.0,BULL_BOUNCE_PENDING,71.0,70.15,76.59,73.48,117,6.56,CHOP,72.2,LIMIT,20,COMPRESSION,2026-09-29,2026-09-29T04:55:24.824565
DXCM,LONG,CONVICTION,61.0,BULL_BOUNCE,86.68,84.47,92.3,,45,2.54,CHOP,86.68,LIMIT,20,COMPRESSION,2026-09-29,2026-09-29T04:55:59.829844
FCFS,LONG,CONVICTION,61.0,BULL_BOUNCE,216.95,210.76,235.01,235.01,16,2.92,CHOP,216.95,LIMIT,20,VACUUM,2026-09-29,2026-09-29T04:56:03.817448
RLAY,LONG,CONVICTION,61.0,BULL_BOUNCE_PENDING,17.37,15.75,19.95,,61,1.6,CHOP,17.72,LIMIT,20,MINOR,2026-09-29,2026-09-29T04:57:17.801022
LABX,LONG,CONVICTION,61.0,BULL_BOUNCE,15.03,13.35,15.61,,59,0.35,CHOP,15.03,LIMIT,20,COMPRESSION,2026-09-29,2026-09-29T05:03:46.690106
FLEX,SHORT,CONVICTION,61.0,BEAR_REJECTION_PENDING,115.52,126.15,96.45,,9,1.79,CHOP,113.25,LIMIT,20,VACUUM,2026-09-29,2026-09-29T05:04:57.358405
KBR,SHORT,CONVICTION,61.0,BEAR_REJECTION_PENDING,35.33,36.18,30.11,,117,6.14,CHOP,34.84,LIMIT,20,COMPRESSION,2026-09-29,2026-09-29T05:06:33.959715
TMV,LONG,CONVICTION,61.0,BULL_BOUNCE,48.4,47.02,50.82,,72,1.75,CHOP,48.4,LIMIT,16,MINOR,2026-09-29,2026-09-29T05:09:05.090608
OPEN,SHORT,CONVICTION,60.9,BEAR_REJECTION_PENDING,2.48,2.59,2.35,,939,1.16,CHOP,2.43,LIMIT,17,COMPRESSION,2026-09-29,2026-09-29T04:32:13.804739
AREC,LONG,CONVICTION,60.8,BULL_BOUNCE_PENDING,1.79,1.68,2.0,,855,1.77,CHOP,1.83,LIMIT,20,COMPRESSION,2026-09-29,2026-09-29T04:31:12.511082
ROAD,SHORT,CONVICTION,60.8,BEAR_REJECTION_PENDING,92.0,94.18,80.41,87.03,45,5.32,CHOP,91.47,LIMIT,20,CONVICTION,2026-09-29,2026-09-29T04:42:25.668175
GDXJ,SHORT,CONVICTION,60.8,BEAR_REJECTION_PENDING,114.72,121.72,100.74,97.54,14,2.0,CHOP,114.5,LIMIT,20,CONVICTION,2026-09-29,2026-09-29T04:58:04.627144
TNK,LONG,CONVICTION,60.8,BULL_BOUNCE_PENDING,94.53,93.45,100.1,100.1,92,5.17,CHOP,95.71,LIMIT,20,COMPRESSION,2026-09-29,2026-09-29T04:59:54.620772
RIOT,SHORT,CONVICTION,60.7,BEAR_REJECTION_PENDING,22.3,23.11,18.7,19.28,122,4.39,CHOP,21.86,LIMIT,20,COMPRESSION,2026-09-29,2026-09-29T04:37:04.303205
AVNT,LONG,CONVICTION,60.7,BULL_BOUNCE_PENDING,40.37,37.73,44.59,46.61,37,1.6,CHOP,41.19,LIMIT,20,COMPRESSION,2026-09-29,2026-09-29T04:40:58.058934
FSM,LONG,CONVICTION,60.7,BULL_BOUNCE_PENDING,10.93,10.52,12.31,12.66,243,3.37,CHOP,11.1502,LIMIT,20,COMPRESSION,2026-09-29,2026-09-29T04:44:00.284406
GEO,SHORT,CONVICTION,60.7,BEAR_REJECTION_PENDING,30.82,31.41,27.22,28.83,170,6.13,CHOP,30.22,LIMIT,20,COMPRESSION,2026-09-29,2026-09-29T04:46:03.891413
GME,LONG,CONVICTION,60.7,BULL_BOUNCE_PENDING,23.47,22.67,26.36,26.5,124,3.59,CHOP,23.95,LIMIT,16,COMPRESSION,2026-09-29,2026-09-29T05:01:07.970887
TDIC,LONG,CONVICTION,60.7,BULL_BOUNCE_PENDING,2.49,2.09,2.61,,251,0.31,CHOP,2.54,LIMIT,13,MINOR,2026-09-29,2026-09-29T05:10:07.589397
EW,SHORT,CONVICTION,60.6,BEAR_REJECTION_PENDING,88.57,90.35,74.69,74.2,56,7.78,CHOP,86.83,LIMIT,20,COMPRESSION,2026-09-29,2026-09-29T04:35:11.463725
RHI,SHORT,CONVICTION,60.6,BEAR_REJECTION_PENDING,37.5,38.29,34.68,32.52,125,3.54,CHOP,36.76,LIMIT,20,COMPRESSION,2026-09-29,2026-09-29T04:42:22.180890
CBOE,LONG,CONVICTION,60.6,BULL_BOUNCE_PENDING,250.53,247.82,257.75,271.38,36,2.67,CHOP,252.0,LIMIT,20,COMPRESSION,2026-09-29,2026-09-29T04:47:01.133301
RPD,LONG,CONVICTION,60.5,BULL_BOUNCE_PENDING,11.54,10.99,12.83,12.81,183,2.38,CHOP,11.7715,LIMIT,20,COMPRESSION,2026-09-29,2026-09-29T04:29:55.997490
BKD,LONG,CONVICTION,60.5,BULL_BOUNCE_PENDING,11.04,10.5,12.07,12.54,182,1.88,CHOP,11.27,LIMIT,20,COMPRESSION,2026-09-29,2026-09-29T04:33:57.580415
XOP,SHORT,CONVICTION,60.5,BEAR_REJECTION_PENDING,181.5,184.97,161.65,169.6,28,5.72,CHOP,179.25,LIMIT,20,CONVICTION,2026-09-29,2026-09-29T04:45:28.645291
QGEN,LONG,CONVICTION,60.5,BULL_BOUNCE_PENDING,43.75,43.11,49.47,45.91,155,8.91,CHOP,44.56,LIMIT,20,COMPRESSION,2026-09-29,2026-09-29T04:58:17.008771
DVN,LONG,CONVICTION,60.4,BULL_BOUNCE_PENDING,46.01,45.54,47.8,47.84,210,3.77,CHOP,46.87,LIMIT,20,COMPRESSION,2026-09-29,2026-09-29T04:34:40.452961
TSAT,SHORT,CONVICTION,60.3,BEAR_REJECTION_PENDING,47.62,48.51,44.91,44.0,112,3.05,CHOP,47.39,LIMIT,20,COMPRESSION,2026-09-29,2026-09-29T04:30:47.374443
STX,SHORT,CONVICTION,60.3,BEAR_REJECTION_PENDING,949.61,968.09,894.27,814.69,5,2.99,CHOP,930.99,LIMIT,7,CONVICTION,2026-09-29,2026-09-29T04:31:03.139463
GLOB,SHORT,CONVICTION,60.3,BEAR_REJECTION_PENDING,34.13,34.67,32.26,32.26,184,3.45,CHOP,33.8,LIMIT,20,MINOR,2026-09-29,2026-09-29T04:44:04.634945
HUT,SHORT,CONVICTION,60.3,BEAR_REJECTION_PENDING,95.93,98.26,90.99,80.87,42,2.12,CHOP,94.05,LIMIT,20,COMPRESSION,2026-09-29,2026-09-29T04:50:33.056439
VIRT,SHORT,CONVICTION,60.3,BEAR_REJECTION_PENDING,53.01,53.67,46.63,51.1,152,9.7,CHOP,51.97,LIMIT,20,COMPRESSION,2026-09-29,2026-09-29T04:51:27.535337
BGC,LONG,CONVICTION,60.3,BULL_BOUNCE_PENDING,11.53,10.83,12.11,,141,0.81,CHOP,11.77,LIMIT,6,MINOR,2026-09-29,2026-09-29T04:55:52.600758
MOS,LONG,CONVICTION,60.2,BULL_BOUNCE_PENDING,21.85,21.12,24.81,24.3,136,4.03,CHOP,22.3,LIMIT,20,COMPRESSION,2026-09-29,2026-09-29T04:32:55.182394
BMY,SHORT,CONVICTION,60.2,BEAR_REJECTION_PENDING,65.18,66.58,57.9,61.75,71,5.19,CHOP,63.9,LIMIT,20,COMPRESSION,2026-09-29,2026-09-29T04:35:33.525314
AEVA,SHORT,CONVICTION,60.2,BEAR_REJECTION_PENDING,14.69,15.43,12.48,12.71,135,2.99,CHOP,14.4,LIMIT,20,COMPRESSION,2026-09-29,2026-09-29T04:40:30.679133
JBHT,LONG,CONVICTION,60.2,BULL_BOUNCE_PENDING,221.48,216.95,242.88,234.52,22,4.72,CHOP,226.0,LIMIT,20,CONVICTION,2026-09-29,2026-09-29T04:47:37.769486
LRN,LONG,CONVICTION,60.2,BULL_BOUNCE_PENDING,75.13,72.77,83.41,80.7,42,3.52,CHOP,76.66,LIMIT,20,COMPRESSION,2026-09-29,2026-09-29T04:49:19.830585
BEN,LONG,CONVICTION,60.2,BULL_BOUNCE_PENDING,32.03,31.17,34.48,33.98,117,2.88,CHOP,32.68,LIMIT,20,COMPRESSION,2026-09-29,2026-09-29T05:04:11.800751
SN,SHORT,CONVICTION,60.2,BEAR_REJECTION_PENDING,185.63,192.2,167.71,170.69,15,2.73,CHOP,181.99,LIMIT,18,VACUUM,2026-09-29,2026-09-29T05:06:20.105163
RIVN,LONG,CONVICTION,60.1,BULL_BOUNCE_PENDING,14.52,14.09,15.26,15.7,229,1.69,CHOP,14.82,LIMIT,20,MINOR,2026-09-29,2026-09-29T04:36:41.816071
ARQT,LONG,CONVICTION,60.1,BULL_BOUNCE_PENDING,27.05,25.97,30.85,29.75,93,3.54,CHOP,27.6,LIMIT,9,COMPRESSION,2026-09-29,2026-09-29T04:43:13.989400
RH,SHORT,CONVICTION,60.1,BEAR_REJECTION_PENDING,122.75,124.84,111.21,,47,5.53,CHOP,122.5,LIMIT,20,CONVICTION,2026-09-29,2026-09-29T04:56:33.208551
ILMN,LONG,CONVICTION,60.0,BULL_BOUNCE_PENDING,272.45,268.71,286.07,,26,3.64,CHOP,273.1461,LIMIT,2,MINOR,2026-09-29,2026-09-29T04:29:31.036407
CEVA,LONG,CONVICTION,60.0,BULL_BOUNCE,34.69,33.01,39.25,,59,2.72,CHOP,34.69,LIMIT,20,COMPRESSION,2026-09-29,2026-09-29T04:30:06.543695
PLSE,LONG,CONVICTION,60.0,BULL_BOUNCE_PENDING,52.9,49.1,55.55,,26,0.7,CHOP,53.98,LIMIT,7,MINOR,2026-09-29,2026-09-29T04:30:25.310059
TSEM,SHORT,CONVICTION,60.0,BEAR_REJECTION_PENDING,229.2,234.54,215.02,201.05,18,2.65,CHOP,229.0,LIMIT,18,CONVICTION,2026-09-29,2026-09-29T04:31:07.173564
TOI,LONG,CONVICTION,60.0,BULL_BOUNCE_PENDING,5.08,4.8,5.8,5.76,350,2.52,CHOP,5.185,LIMIT,16,COMPRESSION,2026-09-29,2026-09-29T04:31:21.764176
AMD,LONG,CONVICTION,60.0,BULL_BOUNCE_PENDING,611.8,603.94,624.89,639.17,12,1.67,CHOP,612.62,LIMIT,20,VACUUM,2026-09-29,2026-09-29T04:36:20.621008
NB,LONG,CONVICTION,60.0,BULL_BOUNCE_CONFIRMED,3.55,3.36,4.0,4.01,535,2.41,CHOP,3.55,LIMIT,20,MINOR,2026-09-29,2026-09-29T04:37:01.360656
HUMA,LONG,CONVICTION,60.0,BULL_BOUNCE_CONFIRMED,0.56,0.53,0.63,,3269,1.97,CHOP,0.5649,LIMIT,11,MINOR,2026-09-29,2026-09-29T04:37:36.407729
MUSA,SHORT,CONVICTION,60.0,BEAR_REJECTION_PENDING,520.95,525.41,474.28,469.5,22,10.46,CHOP,520.12,LIMIT,20,CONVICTION,2026-09-29,2026-09-29T04:44:37.583834
DAVE,LONG,CONVICTION,60.0,BULL_BOUNCE_PENDING,319.99,313.99,370.7,348.71,16,8.46,CHOP,325.0,LIMIT,20,CONVICTION,2026-09-29,2026-09-29T04:45:29.085292
IBP,SHORT,CONVICTION,60.0,BEAR_REJECTION_PENDING,200.01,209.05,179.5,167.96,11,2.27,CHOP,196.09,LIMIT,20,VACUUM,2026-09-29,2026-09-29T04:46:07.905858
RVMD,SHORT,CONVICTION,60.0,BEAR_REJECTION_PENDING,204.0,208.05,184.8,187.88,24,4.75,CHOP,201.6,LIMIT,20,MINOR,2026-09-29,2026-09-29T04:52:07.455612
OCUL,LONG,CONVICTION,60.0,BULL_BOUNCE_PENDING,7.68,7.48,8.09,8.51,488,1.98,CHOP,7.7,LIMIT,20,MINOR,2026-09-29,2026-09-29T04:52:47.750653
XXRP,LONG,CONVICTION,60.0,BULL_BOUNCE_CONFIRMED,35.66,33.62,40.6,40.68,48,2.42,CHOP,35.66,LIMIT,20,CONVICTION,2026-09-29,2026-09-29T04:56:41.103099
DAIC,LONG,CONVICTION,60.0,DOUBLE_REJECTION_LONG,3.19,3.15,3.33,3.28,2612,3.66,CHOP,3.19,LIMIT,20,MINOR,2026-09-29,2026-09-29T04:57:51.105806
NTAP,LONG,CONVICTION,60.0,BULL_BOUNCE_PENDING,205.02,202.77,215.28,,44,4.56,CHOP,205.8121,LIMIT,0,NONE,2026-09-29,2026-09-29T04:59:00.567262
EQH,SHORT,CONVICTION,60.0,BEAR_REJECTION_PENDING,53.36,54.11,46.08,47.0,132,9.66,CHOP,52.31,LIMIT,20,COMPRESSION,2026-09-29,2026-09-29T05:01:26.641251
NKTR,SHORT,CONVICTION,60.0,BEAR_REJECTION_PENDING,61.0,62.11,59.0,52.95,90,1.8,CHOP,60.68,LIMIT,20,MINOR,2026-09-29,2026-09-29T05:03:29.982550
COLD,SHORT,CONVICTION,60.0,BEAR_REJECTION_PENDING,14.85,15.35,13.1,13.05,201,3.54,CHOP,14.56,LIMIT,20,MINOR,2026-09-29,2026-09-29T05:05:25.740539
TIGO,SHORT,CONVICTION,60.0,BEAR_REJECTION_PENDING,91.58,96.38,83.81,80.29,20,1.62,CHOP,89.78,LIMIT,20,COMPRESSION,2026-09-29,2026-09-29T05:05:36.222553
EMBJ,SHORT,CONVICTION,60.0,BEAR_REJECTION_PENDING,76.64,79.39,70.0,67.15,36,2.41,CHOP,76.53,LIMIT,20,MINOR,2026-09-29,2026-09-29T05:10:01.888459
