ticker,side,tier,fem,mode,entry,stop,t1,t2,shares,rr,spy_regime,current_price,entry_type,n_gaps_above,gap_above_conviction,scan_date,asof
GRML,LONG,CONVICTION,100.0,BULL_BOUNCE_PENDING,15.94,14.36,16.74,,63,0.5,FAVORABLE,15.94,MARKET,2,MINOR,2026-09-23,2026-09-23T04:29:47.614189
P,LONG,CONVICTION,100.0,BULL_BOUNCE_PENDING,110.11,103.14,115.61,,14,0.79,FAVORABLE,110.1073,MARKET,20,VACUUM,2026-09-23,2026-09-23T04:31:29.889166
OMER,LONG,CONVICTION,100.0,BULL_BOUNCE_PENDING,21.09,20.03,22.14,,94,1.0,FAVORABLE,21.0866,MARKET,3,MINOR,2026-09-23,2026-09-23T04:31:34.040174
BMNR,LONG,CONVICTION,100.0,BULL_BOUNCE_PENDING,28.75,27.31,30.19,,69,1.0,FAVORABLE,28.75,MARKET,1,CONVICTION,2026-09-23,2026-09-23T04:32:30.373115
SMCI,LONG,CONVICTION,100.0,BULL_BOUNCE_PENDING,42.3,38.89,44.41,,29,0.62,FAVORABLE,42.3,MARKET,5,COMPRESSION,2026-09-23,2026-09-23T04:32:54.561157
AXTI,LONG,CONVICTION,100.0,BULL_BOUNCE_PENDING,77.6,73.72,84.9,89.21,25,1.88,FAVORABLE,77.6,MARKET,16,VACUUM,2026-09-23,2026-09-23T04:33:16.740382
NUAI,LONG,CONVICTION,100.0,BULL_BOUNCE_PENDING,6.92,6.57,7.47,,289,1.59,FAVORABLE,6.92,MARKET,20,MINOR,2026-09-23,2026-09-23T04:34:13.450580
AVTR,LONG,CONVICTION,100.0,BULL_BOUNCE_PENDING,14.94,14.19,15.69,,133,1.0,FAVORABLE,14.94,MARKET,20,COMPRESSION,2026-09-23,2026-09-23T04:36:01.780622
WBD,LONG,CONVICTION,100.0,BULL_BOUNCE_PENDING,30.78,27.81,32.32,,33,0.52,FAVORABLE,30.78,MARKET,15,COMPRESSION,2026-09-23,2026-09-23T04:38:01.334034
ATAI,LONG,CONVICTION,100.0,BULL_BOUNCE_PENDING,7.33,6.96,7.7,,272,1.0,FAVORABLE,7.33,MARKET,4,MINOR,2026-09-23,2026-09-23T04:40:47.135546
VEEE,LONG,CONVICTION,100.0,BULL_BOUNCE_PENDING,13.47,12.79,14.53,15.09,148,1.58,FAVORABLE,13.4673,MARKET,16,MINOR,2026-09-23,2026-09-23T04:42:36.030521
WDAY,LONG,CONVICTION,100.0,BULL_BOUNCE_PENDING,188.23,174.27,209.83,,7,1.55,FAVORABLE,188.23,MARKET,20,MINOR,2026-09-23,2026-09-23T04:43:02.296598
EWTX,LONG,CONVICTION,100.0,BULL_BOUNCE_PENDING,44.5,42.27,47.94,,44,1.55,FAVORABLE,44.5,MARKET,20,MINOR,2026-09-23,2026-09-23T04:43:54.390546
ABNB,LONG,CONVICTION,100.0,BULL_BOUNCE_PENDING,162.07,150.76,181.63,,8,1.73,FAVORABLE,162.07,MARKET,20,COMPRESSION,2026-09-23,2026-09-23T04:44:54.845466
TEM,LONG,CONVICTION,100.0,BULL_BOUNCE_PENDING,77.35,69.62,81.22,,12,0.5,FAVORABLE,77.35,MARKET,16,COMPRESSION,2026-09-23,2026-09-23T04:47:22.411055
XMTR,LONG,CONVICTION,100.0,BULL_BOUNCE_PENDING,105.0,99.03,110.25,,16,0.88,FAVORABLE,105.0,MARKET,0,NONE,2026-09-23,2026-09-23T04:47:38.966226
HP,LONG,CONVICTION,100.0,BULL_BOUNCE_PENDING,39.79,36.91,44.48,,34,1.63,FAVORABLE,39.79,MARKET,20,COMPRESSION,2026-09-23,2026-09-23T04:48:32.321548
ARES,LONG,CONVICTION,100.0,BULL_BOUNCE_PENDING,124.76,116.02,139.38,,11,1.67,FAVORABLE,124.76,MARKET,20,CONVICTION,2026-09-23,2026-09-23T04:50:05.961217
HLNE,LONG,CONVICTION,100.0,BULL_BOUNCE_PENDING,87.6,82.74,95.26,,20,1.58,FAVORABLE,87.6,MARKET,20,COMPRESSION,2026-09-23,2026-09-23T04:50:40.394553
GPN,LONG,CONVICTION,100.0,BULL_BOUNCE_PENDING,84.78,80.52,96.95,95.15,23,2.85,FAVORABLE,84.78,MARKET,20,COMPRESSION,2026-09-23,2026-09-23T04:52:45.719107
NTNX,LONG,CONVICTION,100.0,BULL_BOUNCE_PENDING,69.25,65.59,72.71,,27,0.95,FAVORABLE,69.25,MARKET,8,VACUUM,2026-09-23,2026-09-23T04:54:20.113126
PCOR,LONG,CONVICTION,100.0,BULL_BOUNCE_PENDING,50.82,46.95,57.4,,25,1.7,FAVORABLE,50.82,MARKET,20,COMPRESSION,2026-09-23,2026-09-23T04:54:27.568419
TRI,LONG,CONVICTION,100.0,BULL_BOUNCE_PENDING,95.66,89.46,105.68,,16,1.62,FAVORABLE,95.66,MARKET,20,COMPRESSION,2026-09-23,2026-09-23T05:00:04.311250
VKTX,LONG,CONVICTION,100.0,BULL_BOUNCE_PENDING,40.21,38.2,45.13,,49,2.45,FAVORABLE,40.2079,MARKET,20,CONVICTION,2026-09-23,2026-09-23T05:00:07.764266
TTMI,LONG,CONVICTION,100.0,BULL_BOUNCE_PENDING,127.2,117.38,142.3,,10,1.54,FAVORABLE,127.2,MARKET,20,CONVICTION,2026-09-23,2026-09-23T05:04:43.061242
ANF,LONG,CONVICTION,99.0,BULL_BOUNCE_PENDING,136.2,129.39,146.96,154.02,14,1.58,FAVORABLE,136.2,MARKET,20,CONVICTION,2026-09-23,2026-09-23T04:32:12.505973
USDE,LONG,CONVICTION,99.0,BULL_BOUNCE_PENDING,14.13,13.42,14.84,,141,1.0,FAVORABLE,14.13,MARKET,3,MINOR,2026-09-23,2026-09-23T04:32:59.902167
NESR,LONG,CONVICTION,99.0,BULL_BOUNCE_PENDING,33.4,31.73,36.79,,59,2.03,FAVORABLE,33.4,MARKET,18,MINOR,2026-09-23,2026-09-23T04:48:56.662128
SHOP,LONG,CONVICTION,98.5,BULL_BOUNCE_PENDING,148.19,137.23,165.16,,9,1.55,FAVORABLE,148.19,MARKET,16,CONVICTION,2026-09-23,2026-09-23T04:42:19.461025
GDS,LONG,CONVICTION,97.7,BULL_BOUNCE_CONFIRMED,34.18,31.14,35.89,,32,0.56,FAVORABLE,34.1792,LIMIT,12,CONVICTION,2026-09-23,2026-09-23T04:50:38.612551
IPDN,LONG,CONVICTION,97.6,BULL_BOUNCE_PENDING,8.17,7.76,8.58,,244,1.0,FAVORABLE,8.1733,MARKET,0,NONE,2026-09-23,2026-09-23T04:29:47.619189
AEHR,LONG,CONVICTION,97.5,BULL_BOUNCE_PENDING,100.0,92.74,113.68,,13,1.88,FAVORABLE,100.0,MARKET,12,MINOR,2026-09-23,2026-09-23T04:50:03.262149
SEI,LONG,CONVICTION,96.8,BULL_BOUNCE_PENDING,65.72,61.08,69.01,,21,0.71,FAVORABLE,65.72,MARKET,20,CONVICTION,2026-09-23,2026-09-23T04:56:27.126664
OSK,LONG,CONVICTION,96.7,BULL_BOUNCE_PENDING,138.04,134.37,150.0,153.06,27,3.26,FAVORABLE,138.04,MARKET,20,CONVICTION,2026-09-23,2026-09-23T05:00:44.388443
CNR,LONG,CONVICTION,96.0,BULL_BOUNCE_PENDING,93.93,89.23,102.33,106.5,21,1.79,FAVORABLE,93.93,MARKET,20,COMPRESSION,2026-09-23,2026-09-23T04:48:11.695157
METU,LONG,CONVICTION,95.8,BULL_BOUNCE_PENDING,32.2,30.59,36.69,,62,2.79,FAVORABLE,32.2,MARKET,20,CONVICTION,2026-09-23,2026-09-23T04:54:14.309357
SRRK,LONG,CONVICTION,95.8,BULL_BOUNCE_PENDING,50.98,48.43,57.26,57.26,39,2.46,FAVORABLE,50.98,MARKET,20,MINOR,2026-09-23,2026-09-23T04:58:02.966799
MSFU,LONG,CONVICTION,95.7,BULL_BOUNCE_PENDING,37.61,35.73,42.19,,53,2.44,FAVORABLE,37.61,MARKET,13,VACUUM,2026-09-23,2026-09-23T05:04:23.045878
CRCL,LONG,CONVICTION,95.6,BULL_BOUNCE_PENDING,94.36,89.64,101.88,,21,1.59,FAVORABLE,94.36,MARKET,12,CONVICTION,2026-09-23,2026-09-23T04:32:58.212164
AUGO,LONG,CONVICTION,95.6,BULL_BOUNCE_PENDING,92.0,87.41,104.24,103.64,21,2.67,FAVORABLE,92.0,MARKET,20,CONVICTION,2026-09-23,2026-09-23T04:45:10.387119
VAC,LONG,CONVICTION,95.5,BULL_BOUNCE_PENDING,99.15,94.28,109.5,112.5,20,2.13,FAVORABLE,99.15,MARKET,20,COMPRESSION,2026-09-23,2026-09-23T05:09:19.450425
PLMR,LONG,CONVICTION,95.5,BULL_BOUNCE_PENDING,131.54,123.3,148.09,,12,2.01,FAVORABLE,131.54,MARKET,20,COMPRESSION,2026-09-23,2026-09-23T05:12:13.050410
FIVN,LONG,CONVICTION,95.2,BULL_BOUNCE_PENDING,38.65,35.63,40.58,,33,0.64,FAVORABLE,38.65,MARKET,4,COMPRESSION,2026-09-23,2026-09-23T04:45:57.031507
PODD,LONG,CONVICTION,94.9,BULL_BOUNCE_PENDING,138.97,131.3,151.5,,13,1.63,FAVORABLE,138.97,MARKET,20,COMPRESSION,2026-09-23,2026-09-23T04:58:00.143787
BFH,LONG,CONVICTION,94.7,BULL_BOUNCE_PENDING,102.69,98.76,113.0,113.11,25,2.62,FAVORABLE,102.69,MARKET,20,MINOR,2026-09-23,2026-09-23T05:08:55.143615
CXW,LONG,CONVICTION,94.1,BULL_BOUNCE_PENDING,31.45,29.88,35.01,35.01,63,2.26,FAVORABLE,31.45,MARKET,20,COMPRESSION,2026-09-23,2026-09-23T04:55:30.547060
KVUE,LONG,CONVICTION,93.0,BULL_BOUNCE_PENDING,17.8,16.91,19.94,19.93,112,2.4,FAVORABLE,17.8,MARKET,20,COMPRESSION,2026-09-23,2026-09-23T04:36:30.308992
AR,LONG,CONVICTION,93.0,BULL_BOUNCE_PENDING,34.47,32.19,39.17,,43,2.06,FAVORABLE,34.47,MARKET,20,COMPRESSION,2026-09-23,2026-09-23T04:47:47.501243
XRPT,LONG,CONVICTION,93.0,BULL_BOUNCE_CONFIRMED,43.82,41.58,49.8,49.09,44,2.67,FAVORABLE,43.82,LIMIT,20,CONVICTION,2026-09-23,2026-09-23T05:02:05.734824
AMKR,LONG,CONVICTION,92.8,BULL_BOUNCE_PENDING,54.43,50.05,61.3,,22,1.57,FAVORABLE,54.43,MARKET,18,CONVICTION,2026-09-23,2026-09-23T04:33:51.307668
PGR,LONG,CONVICTION,92.7,BULL_BOUNCE_PENDING,206.77,201.98,214.06,221.72,20,1.52,FAVORABLE,206.77,MARKET,20,CONVICTION,2026-09-23,2026-09-23T04:59:57.389223
PURR,LONG,CONVICTION,92.6,BULL_BOUNCE_PENDING,13.95,12.77,14.65,,84,0.59,FAVORABLE,13.95,MARKET,4,MINOR,2026-09-23,2026-09-23T04:35:29.249482
DIOD,LONG,CONVICTION,92.3,BULL_BOUNCE_PENDING,95.94,91.91,103.01,109.07,24,1.75,FAVORABLE,95.94,MARKET,20,COMPRESSION,2026-09-23,2026-09-23T04:30:30.083075
ALGT,LONG,CONVICTION,92.3,BULL_BOUNCE_CONFIRMED,83.29,78.32,93.22,94.56,20,2.0,FAVORABLE,83.29,LIMIT,20,CONVICTION,2026-09-23,2026-09-23T05:01:14.107598
OR,LONG,CONVICTION,92.1,BULL_BOUNCE_PENDING,37.7,35.1,43.01,,38,2.04,FAVORABLE,37.7,MARKET,16,COMPRESSION,2026-09-23,2026-09-23T05:02:31.740955
BWET,LONG,CONVICTION,92.0,BULL_BOUNCE_PENDING,664.02,613.13,750.0,,1,1.69,FAVORABLE,664.02,MARKET,20,CONVICTION,2026-09-23,2026-09-23T04:47:59.919269
KLIC,LONG,CONVICTION,91.9,BULL_BOUNCE_CONFIRMED,89.79,82.72,102.5,,14,1.8,FAVORABLE,89.79,LIMIT,20,CONVICTION,2026-09-23,2026-09-23T05:13:16.273913
CHPY,LONG,CONVICTION,91.7,BULL_BOUNCE_PENDING,70.5,66.34,77.35,80.33,24,1.65,FAVORABLE,70.5,MARKET,20,CONVICTION,2026-09-23,2026-09-23T05:13:11.958910
CELC,LONG,CONVICTION,91.3,BULL_BOUNCE_PENDING,84.1,79.89,92.0,95.0,23,1.88,FAVORABLE,84.1,MARKET,20,VACUUM,2026-09-23,2026-09-23T04:52:22.302633
INTC,LONG,CONVICTION,91.0,BULL_BOUNCE_PENDING,124.0,117.8,140.21,140.14,16,2.61,FAVORABLE,124.0,MARKET,6,CONVICTION,2026-09-23,2026-09-23T04:31:07.574739
ZEO,LONG,CONVICTION,91.0,BULL_BOUNCE_PENDING,0.4,0.38,0.42,,4968,1.0,FAVORABLE,0.4025,MARKET,12,COMPRESSION,2026-09-23,2026-09-23T04:31:27.698165
RIOT,LONG,CONVICTION,91.0,BULL_BOUNCE_PENDING,24.91,23.63,26.86,,78,1.53,FAVORABLE,24.91,MARKET,17,COMPRESSION,2026-09-23,2026-09-23T04:41:12.965913
QTWO,LONG,CONVICTION,91.0,BULL_BOUNCE_PENDING,56.9,54.34,61.11,63.36,39,1.64,FAVORABLE,56.9,MARKET,20,COMPRESSION,2026-09-23,2026-09-23T04:54:33.555645
ILMN,LONG,CONVICTION,91.0,BULL_BOUNCE_PENDING,247.46,237.31,259.83,,9,1.22,FAVORABLE,247.46,MARKET,0,NONE,2026-09-23,2026-09-23T04:59:23.373197
ASX,LONG,CONVICTION,91.0,BULL_BOUNCE_PENDING,44.05,41.42,46.25,,38,0.84,FAVORABLE,44.05,MARKET,13,VACUUM,2026-09-23,2026-09-23T05:12:24.291279
LMND,LONG,CONVICTION,90.8,BULL_BOUNCE_PENDING,47.6,45.22,54.45,53.35,42,2.88,FAVORABLE,47.6005,MARKET,20,COMPRESSION,2026-09-23,2026-09-23T05:01:32.513184
UCTT,LONG,CONVICTION,90.8,BULL_BOUNCE_CONFIRMED,76.5,70.29,80.33,,16,0.62,FAVORABLE,76.5,LIMIT,7,CONVICTION,2026-09-23,2026-09-23T05:01:46.842756
MXL,LONG,CONVICTION,90.7,BULL_BOUNCE_PENDING,86.8,80.61,91.14,,16,0.7,FAVORABLE,86.8,MARKET,16,MINOR,2026-09-23,2026-09-23T04:55:58.258446
AGQ,LONG,CONVICTION,90.5,BULL_BOUNCE_PENDING,79.14,76.72,88.45,87.57,41,3.86,FAVORABLE,79.14,MARKET,20,COMPRESSION,2026-09-23,2026-09-23T04:47:43.597234
CVLT,LONG,CONVICTION,90.5,BULL_BOUNCE_PENDING,146.13,143.59,162.07,152.63,39,6.27,FAVORABLE,146.13,MARKET,6,CONVICTION,2026-09-23,2026-09-23T04:48:15.407856
MELI,LONG,CONVICTION,90.5,BULL_BOUNCE_PENDING,1826.64,1805.82,1945.0,1876.14,4,5.68,FAVORABLE,1826.64,MARKET,20,CONVICTION,2026-09-23,2026-09-23T04:50:57.764121
BITB,LONG,CONVICTION,90.5,BULL_BOUNCE_PENDING,46.55,43.88,51.8,52.76,37,1.97,FAVORABLE,46.55,MARKET,20,CONVICTION,2026-09-23,2026-09-23T04:58:25.272737
DSGX,LONG,CONVICTION,90.5,BULL_BOUNCE_PENDING,78.86,75.66,87.0,87.0,31,2.54,FAVORABLE,78.86,MARKET,20,COMPRESSION,2026-09-23,2026-09-23T05:10:58.366817
FNGU,LONG,CONVICTION,90.4,BULL_BOUNCE_PENDING,36.38,32.82,38.2,,28,0.51,FAVORABLE,36.38,MARKET,0,NONE,2026-09-23,2026-09-23T05:08:23.062016
SN,LONG,CONVICTION,90.4,BULL_BOUNCE_PENDING,169.01,164.71,190.07,179.31,23,4.9,FAVORABLE,169.01,MARKET,20,VACUUM,2026-09-23,2026-09-23T05:11:31.913870
INBX,LONG,CONVICTION,89.9,BULL_BOUNCE_PENDING,117.26,108.8,123.12,,11,0.69,FAVORABLE,110.8,STOP,20,CONVICTION,2026-09-23,2026-09-23T04:33:01.223169
ORCL,LONG,CONVICTION,89.8,BULL_BOUNCE_PENDING,153.75,146.87,170.23,170.0,14,2.4,FAVORABLE,149.3,STOP,20,CONVICTION,2026-09-23,2026-09-23T04:35:40.968030
SNDU,LONG,CONVICTION,89.8,BULL_BOUNCE_PENDING,29.79,27.42,31.28,,42,0.63,FAVORABLE,30.4,LIMIT,12,MINOR,2026-09-23,2026-09-23T04:49:21.535588
MPC,LONG,CONVICTION,89.7,BULL_BOUNCE_PENDING,405.1,381.73,425.36,,4,0.87,FAVORABLE,389.11,STOP,20,CONVICTION,2026-09-23,2026-09-23T04:48:48.306580
JBL,LONG,CONVICTION,89.7,BULL_BOUNCE_PENDING,303.21,299.91,320.17,318.0,30,5.14,FAVORABLE,309.0,LIMIT,16,VACUUM,2026-09-23,2026-09-23T05:11:10.788106
TTAN,LONG,CONVICTION,89.6,BULL_BOUNCE_CONFIRMED,61.45,54.76,64.52,,14,0.46,FAVORABLE,61.45,LIMIT,4,CONVICTION,2026-09-23,2026-09-23T04:53:34.614152
LYB,LONG,CONVICTION,89.5,BULL_BOUNCE_PENDING,58.48,57.54,61.62,61.62,105,3.32,FAVORABLE,59.46,LIMIT,20,COMPRESSION,2026-09-23,2026-09-23T04:48:45.350578
GTLB,LONG,CONVICTION,89.2,BULL_BOUNCE_PENDING,50.72,47.09,53.26,,27,0.7,FAVORABLE,48.7,STOP,15,CONVICTION,2026-09-23,2026-09-23T04:46:09.887740
ETHU,LONG,CONVICTION,89.2,BULL_BOUNCE_PENDING,32.42,29.09,34.04,,30,0.49,FAVORABLE,31.6503,STOP,20,MINOR,2026-09-23,2026-09-23T04:59:06.959680
SCHW,LONG,CONVICTION,89.2,BULL_BOUNCE_PENDING,106.62,102.88,113.52,,26,1.85,FAVORABLE,100.79,STOP,20,COMPRESSION,2026-09-23,2026-09-23T05:13:33.000616
WHLR,LONG,CONVICTION,89.1,BULL_BOUNCE_PENDING,6.72,6.28,7.06,,226,0.76,FAVORABLE,6.86,LIMIT,1,COMPRESSION,2026-09-23,2026-09-23T04:30:59.551660
INSP,LONG,CONVICTION,89.0,BULL_BOUNCE_PENDING,70.56,67.78,75.32,77.75,35,1.71,FAVORABLE,72.0,LIMIT,20,COMPRESSION,2026-09-23,2026-09-23T04:32:17.871547
MRK,LONG,CONVICTION,89.0,BULL_BOUNCE_PENDING,153.72,149.03,161.41,,21,1.64,FAVORABLE,150.95,STOP,20,MINOR,2026-09-23,2026-09-23T04:42:46.595552
KD,SHORT,CONVICTION,89.0,BEAR_REJECTION_PENDING,12.24,23.04,11.63,,9,0.06,FAVORABLE,12.13,LIMIT,20,CONVICTION,2026-09-23,2026-09-23T04:43:04.335606
CHYM,LONG,CONVICTION,89.0,BULL_BOUNCE_PENDING,28.03,25.79,31.53,,44,1.57,FAVORABLE,28.6,LIMIT,20,MINOR,2026-09-23,2026-09-23T04:48:06.604153
PCTY,LONG,CONVICTION,89.0,BULL_BOUNCE_PENDING,142.8,137.21,152.37,162.35,17,1.71,FAVORABLE,145.71,LIMIT,20,CONVICTION,2026-09-23,2026-09-23T04:53:11.739865
MORN,LONG,CONVICTION,89.0,BULL_BOUNCE_PENDING,193.37,191.15,207.8,207.8,45,6.53,FAVORABLE,195.23,LIMIT,20,CONVICTION,2026-09-23,2026-09-23T04:54:14.419902
IBIT,LONG,CONVICTION,89.0,BULL_BOUNCE_PENDING,49.17,46.85,55.32,,43,2.65,FAVORABLE,48.62,STOP,18,CONVICTION,2026-09-23,2026-09-23T04:59:20.032593
VRSN,LONG,CONVICTION,89.0,BULL_BOUNCE_PENDING,310.31,299.04,325.83,,8,1.38,FAVORABLE,299.42,STOP,20,MINOR,2026-09-23,2026-09-23T05:02:49.364740
FWDI,LONG,CONVICTION,89.0,BULL_BOUNCE_PENDING,8.77,7.8,9.21,,103,0.45,FAVORABLE,8.65,STOP,5,MINOR,2026-09-23,2026-09-23T05:12:36.003301
ESI,LONG,CONVICTION,89.0,BULL_BOUNCE_CONFIRMED,35.17,32.58,39.52,,38,1.68,FAVORABLE,35.17,LIMIT,16,COMPRESSION,2026-09-23,2026-09-23T05:13:12.749985
SLXN,LONG,CONVICTION,88.8,BULL_BOUNCE_PENDING,0.5,0.39,0.53,,883,0.22,FAVORABLE,0.3524,STOP,6,MINOR,2026-09-23,2026-09-23T04:31:22.316153
CF,LONG,CONVICTION,88.8,BULL_BOUNCE_PENDING,118.98,117.26,126.59,126.59,58,4.42,FAVORABLE,120.7,LIMIT,20,CONVICTION,2026-09-23,2026-09-23T04:48:05.886086
HAE,LONG,CONVICTION,88.8,BULL_BOUNCE_PENDING,110.25,106.23,115.76,,24,1.37,FAVORABLE,108.52,STOP,20,MINOR,2026-09-23,2026-09-23T04:52:48.868113
EL,LONG,CONVICTION,88.8,BULL_BOUNCE_PENDING,100.96,96.29,109.58,,21,1.85,FAVORABLE,100.25,STOP,13,CONVICTION,2026-09-23,2026-09-23T04:58:47.327940
SDRL,LONG,CONVICTION,88.8,BULL_BOUNCE_PENDING,45.98,45.13,47.46,51.52,118,1.76,FAVORABLE,46.8,LIMIT,20,COMPRESSION,2026-09-23,2026-09-23T05:05:47.189832
OLLI,LONG,CONVICTION,88.7,BULL_BOUNCE_PENDING,83.04,79.31,92.53,92.05,26,2.55,FAVORABLE,82.4,STOP,5,VACUUM,2026-09-23,2026-09-23T04:46:53.241571
EMR,LONG,CONVICTION,88.7,BULL_BOUNCE_PENDING,152.46,150.96,161.09,162.99,66,5.76,FAVORABLE,154.6,LIMIT,20,COMPRESSION,2026-09-23,2026-09-23T04:50:26.889289
FTAI,LONG,CONVICTION,88.7,BULL_BOUNCE_PENDING,185.95,176.41,207.61,211.46,10,2.27,FAVORABLE,189.74,LIMIT,20,CONVICTION,2026-09-23,2026-09-23T04:50:34.146542
TLN,SHORT,CONVICTION,88.7,BEAR_REJECTION_PENDING,299.32,314.3,284.35,,6,1.0,FAVORABLE,293.45,LIMIT,20,CONVICTION,2026-09-23,2026-09-23T04:51:58.182578
TPG,LONG,CONVICTION,88.7,BULL_BOUNCE_PENDING,44.77,43.39,47.52,52.15,72,2.01,FAVORABLE,45.68,LIMIT,20,COMPRESSION,2026-09-23,2026-09-23T04:54:50.048205
APPN,LONG,CONVICTION,88.6,BULL_BOUNCE_PENDING,36.16,34.43,40.08,41.83,57,2.26,FAVORABLE,36.9,LIMIT,20,COMPRESSION,2026-09-23,2026-09-23T04:32:23.666572
PCG,SHORT,CONVICTION,88.6,BEAR_REJECTION_PENDING,13.22,16.68,12.55,,28,0.19,FAVORABLE,12.9561,LIMIT,20,CONVICTION,2026-09-23,2026-09-23T04:35:47.986576
MTSI,LONG,CONVICTION,88.6,BULL_BOUNCE_PENDING,277.77,273.6,311.55,297.31,23,8.1,FAVORABLE,280.24,LIMIT,19,CONVICTION,2026-09-23,2026-09-23T05:08:26.964024
BRR,LONG,CONVICTION,88.6,BULL_BOUNCE_PENDING,4.19,3.78,4.4,,243,0.51,FAVORABLE,4.13,STOP,0,NONE,2026-09-23,2026-09-23T05:12:27.615285
VSXY,LONG,CONVICTION,88.5,BULL_BOUNCE_PENDING,85.79,81.22,93.33,96.39,21,1.65,FAVORABLE,84.1471,STOP,20,COMPRESSION,2026-09-23,2026-09-23T04:47:36.563221
CAKE,LONG,CONVICTION,88.5,BULL_BOUNCE_PENDING,104.71,99.46,113.96,,19,1.76,FAVORABLE,103.29,STOP,20,COMPRESSION,2026-09-23,2026-09-23T04:48:01.608273
GBTC,LONG,CONVICTION,88.5,BULL_BOUNCE_PENDING,67.12,64.0,74.61,75.49,32,2.4,FAVORABLE,66.41,STOP,20,CONVICTION,2026-09-23,2026-09-23T04:59:17.808807
TARS,LONG,CONVICTION,88.4,BULL_BOUNCE_PENDING,75.54,73.21,86.31,81.66,42,4.63,FAVORABLE,77.08,LIMIT,20,COMPRESSION,2026-09-23,2026-09-23T04:49:33.125021
DFTX,LONG,CONVICTION,88.4,BULL_BOUNCE_PENDING,40.43,37.52,42.45,,34,0.69,FAVORABLE,40.0001,STOP,19,MINOR,2026-09-23,2026-09-23T04:57:03.823678
BABA,LONG,CONVICTION,88.4,BULL_BOUNCE_PENDING,120.52,116.6,129.26,,25,2.23,FAVORABLE,112.54,STOP,20,CONVICTION,2026-09-23,2026-09-23T05:00:18.653830
ALKT,LONG,CONVICTION,88.3,BULL_BOUNCE_PENDING,17.73,16.71,19.56,20.06,97,1.79,FAVORABLE,18.09,LIMIT,20,COMPRESSION,2026-09-23,2026-09-23T05:10:52.011270
TMO,LONG,CONVICTION,88.3,BULL_BOUNCE_PENDING,663.53,648.19,696.71,,6,2.16,FAVORABLE,657.0,STOP,17,VACUUM,2026-09-23,2026-09-23T05:11:53.467937
JNUG,SHORT,CONVICTION,88.2,BEAR_REJECTION_PENDING,182.97,196.77,161.5,,7,1.56,FAVORABLE,181.83,LIMIT,20,CONVICTION,2026-09-23,2026-09-23T04:59:26.837805
IDCC,LONG,CONVICTION,88.0,BULL_BOUNCE_CONFIRMED,335.0,321.43,373.21,370.0,7,2.82,FAVORABLE,335.0,LIMIT,20,CONVICTION,2026-09-23,2026-09-23T04:46:21.370764
HRMY,LONG,CONVICTION,88.0,BULL_BOUNCE_PENDING,40.33,38.76,42.72,,63,1.52,FAVORABLE,41.15,LIMIT,20,COMPRESSION,2026-09-23,2026-09-23T05:07:32.502267
HGTY,LONG,CONVICTION,88.0,BULL_BOUNCE_PENDING,13.28,11.66,13.94,,61,0.41,FAVORABLE,13.55,LIMIT,20,MINOR,2026-09-23,2026-09-23T05:10:34.449036
NVTS,LONG,CONVICTION,87.9,BULL_BOUNCE_PENDING,12.53,11.5,13.16,,97,0.61,FAVORABLE,12.44,STOP,13,COMPRESSION,2026-09-23,2026-09-23T04:41:34.843229
PYPL,LONG,CONVICTION,87.8,BULL_BOUNCE_PENDING,55.18,52.68,59.06,,39,1.55,FAVORABLE,53.04,STOP,20,CONVICTION,2026-09-23,2026-09-23T04:38:06.781060
RNG,LONG,CONVICTION,87.8,BULL_BOUNCE_PENDING,80.01,74.61,84.01,,18,0.74,FAVORABLE,79.71,STOP,20,VACUUM,2026-09-23,2026-09-23T04:54:39.281650
QLD,LONG,CONVICTION,87.8,BULL_BOUNCE_PENDING,95.8,90.55,100.58,,19,0.91,FAVORABLE,97.75,LIMIT,12,COMPRESSION,2026-09-23,2026-09-23T05:12:58.436006
BE,LONG,CONVICTION,87.7,BULL_BOUNCE_CONFIRMED,281.75,267.16,295.84,,6,0.97,FAVORABLE,281.7477,LIMIT,16,VACUUM,2026-09-23,2026-09-23T04:33:14.504545
GOOGL,LONG,CONVICTION,87.7,BULL_BOUNCE_CONFIRMED,352.42,330.94,385.24,,4,1.53,FAVORABLE,352.42,LIMIT,20,CONVICTION,2026-09-23,2026-09-23T04:38:19.082714
DRI,LONG,CONVICTION,87.6,BULL_BOUNCE_PENDING,212.22,210.25,224.56,218.0,50,6.27,FAVORABLE,213.54,LIMIT,20,VACUUM,2026-09-23,2026-09-23T04:52:36.967091
ZIM,LONG,CONVICTION,87.5,BULL_BOUNCE_PENDING,30.99,29.78,32.54,,82,1.28,FAVORABLE,30.65,STOP,0,NONE,2026-09-23,2026-09-23T04:56:46.522986
KOLD,LONG,CONVICTION,87.5,BULL_BOUNCE_PENDING,29.44,27.24,30.91,,45,0.67,FAVORABLE,26.22,STOP,20,CONVICTION,2026-09-23,2026-09-23T04:59:26.954805
LH,LONG,CONVICTION,87.5,BULL_BOUNCE_PENDING,306.74,300.64,332.7,328.0,16,4.25,FAVORABLE,313.0,LIMIT,20,CONVICTION,2026-09-23,2026-09-23T05:11:45.481923
ELF,LONG,CONVICTION,87.4,BULL_BOUNCE_PENDING,102.64,97.3,107.77,,18,0.96,FAVORABLE,102.338,STOP,20,VACUUM,2026-09-23,2026-09-23T04:30:14.134509
BITX,LONG,CONVICTION,87.4,BULL_BOUNCE_PENDING,21.27,19.42,22.33,,54,0.58,FAVORABLE,20.82,STOP,18,CONVICTION,2026-09-23,2026-09-23T04:58:29.538971
PI,LONG,CONVICTION,87.1,BULL_BOUNCE_PENDING,186.85,178.83,203.63,,12,2.09,FAVORABLE,181.75,STOP,15,CONVICTION,2026-09-23,2026-09-23T04:32:36.353128
DRAM,LONG,CONVICTION,87.1,BULL_BOUNCE_PENDING,61.64,59.31,70.78,67.66,42,3.92,FAVORABLE,62.9,LIMIT,20,CONVICTION,2026-09-23,2026-09-23T04:53:58.757266
WDCX,LONG,CONVICTION,87.1,BULL_BOUNCE_PENDING,17.56,16.41,20.24,20.35,86,2.32,FAVORABLE,17.92,LIMIT,20,COMPRESSION,2026-09-23,2026-09-23T04:55:02.624228
KO,LONG,CONVICTION,87.0,BULL_BOUNCE_PENDING,89.06,87.22,93.51,,54,2.43,FAVORABLE,88.7,STOP,13,COMPRESSION,2026-09-23,2026-09-23T04:35:17.440872
SPCX,LONG,CONVICTION,87.0,BULL_BOUNCE_PENDING,155.09,144.49,176.04,,9,1.98,FAVORABLE,154.48,STOP,17,CONVICTION,2026-09-23,2026-09-23T04:42:08.390648
CHRD,LONG,CONVICTION,86.9,BULL_BOUNCE_PENDING,135.75,134.32,143.29,143.29,70,5.29,FAVORABLE,136.61,LIMIT,20,CONVICTION,2026-09-23,2026-09-23T04:57:02.537603
UNG,LONG,CONVICTION,86.9,BULL_BOUNCE_CONFIRMED,10.91,10.12,12.44,,126,1.93,FAVORABLE,10.91,LIMIT,20,COMPRESSION,2026-09-23,2026-09-23T05:03:43.710755
SLDE,LONG,CONVICTION,86.9,BULL_BOUNCE_PENDING,23.39,22.23,26.75,26.56,85,2.88,FAVORABLE,23.87,LIMIT,20,COMPRESSION,2026-09-23,2026-09-23T05:07:46.445296
ORBS,LONG,CONVICTION,86.8,BULL_BOUNCE_PENDING,1.14,1.03,1.33,,980,1.89,FAVORABLE,1.16,LIMIT,8,MINOR,2026-09-23,2026-09-23T04:34:31.216208
MTDR,LONG,CONVICTION,86.8,BULL_BOUNCE_PENDING,50.97,48.81,56.14,56.14,46,2.4,FAVORABLE,52.01,LIMIT,20,COMPRESSION,2026-09-23,2026-09-23T04:48:50.314585
SUNE,LONG,CONVICTION,86.7,BULL_BOUNCE_PENDING,2.36,1.33,2.48,,97,0.11,FAVORABLE,2.4123,LIMIT,10,MINOR,2026-09-23,2026-09-23T04:34:06.643314
CLBK,LONG,CONVICTION,86.7,BULL_BOUNCE_PENDING,11.69,11.35,12.27,,291,1.7,FAVORABLE,11.38,STOP,20,COMPRESSION,2026-09-23,2026-09-23T04:52:24.924510
BDX,SHORT,CONVICTION,86.6,BEAR_REJECTION_PENDING,185.42,188.56,167.75,175.88,31,5.63,FAVORABLE,183.0,LIMIT,20,CONVICTION,2026-09-23,2026-09-23T04:52:12.595052
NVT,LONG,CONVICTION,86.5,BULL_BOUNCE_PENDING,159.8,157.09,169.6,171.98,36,3.62,FAVORABLE,163.06,LIMIT,20,CONVICTION,2026-09-23,2026-09-23T05:12:39.716847
CVX,LONG,CONVICTION,86.4,BULL_BOUNCE_PENDING,198.69,196.71,207.89,207.89,50,4.64,FAVORABLE,202.75,LIMIT,20,CONVICTION,2026-09-23,2026-09-23T04:37:56.867491
OKLO,LONG,CONVICTION,86.4,BULL_BOUNCE_PENDING,39.99,37.81,46.66,46.62,45,3.05,FAVORABLE,40.81,LIMIT,20,CONVICTION,2026-09-23,2026-09-23T04:41:13.359916
CAR,LONG,CONVICTION,86.2,BULL_BOUNCE_PENDING,106.08,100.36,117.21,121.01,17,1.94,FAVORABLE,108.25,LIMIT,20,COMPRESSION,2026-09-23,2026-09-23T05:06:47.571667
BNTX,LONG,CONVICTION,86.1,BULL_BOUNCE_PENDING,102.33,97.32,111.69,115.01,19,1.87,FAVORABLE,101.38,STOP,20,CONVICTION,2026-09-23,2026-09-23T05:01:18.888612
EMBC,LONG,CONVICTION,86.0,CHANNEL_GAP_BREAKOUT_LONG,5.6,5.43,5.88,,595,1.67,FAVORABLE,5.6,LIMIT,7,MINOR,2026-09-23,2026-09-23T04:32:42.484135
ZETA,LONG,CONVICTION,86.0,BULL_BOUNCE_PENDING,29.67,28.08,33.3,,62,2.28,FAVORABLE,30.2778,LIMIT,18,CONVICTION,2026-09-23,2026-09-23T04:42:16.241033
CVSA,LONG,CONVICTION,86.0,BULL_BOUNCE_PENDING,120.54,115.19,130.0,139.14,18,1.77,FAVORABLE,123.0,LIMIT,20,CONVICTION,2026-09-23,2026-09-23T04:45:37.286815
GPK,LONG,CONVICTION,86.0,BULL_BOUNCE_CONFIRMED,9.83,9.2,11.06,,159,1.96,FAVORABLE,9.83,LIMIT,20,COMPRESSION,2026-09-23,2026-09-23T04:56:49.624001
ARKB,LONG,CONVICTION,86.0,BULL_BOUNCE_PENDING,28.79,27.45,31.67,32.07,74,2.15,FAVORABLE,28.57,STOP,20,COMPRESSION,2026-09-23,2026-09-23T04:58:20.691581
SDOT,LONG,CONVICTION,86.0,BULL_BOUNCE_PENDING,11.38,7.29,11.95,,24,0.14,FAVORABLE,11.61,LIMIT,20,MINOR,2026-09-23,2026-09-23T05:01:43.015743
MSOS,LONG,CONVICTION,86.0,BULL_BOUNCE_PENDING,5.35,5.0,5.62,,289,0.77,FAVORABLE,5.34,STOP,2,COMPRESSION,2026-09-23,2026-09-23T05:13:17.269915
AEON,LONG,CONVICTION,85.9,BULL_BOUNCE_CONFIRMED,0.27,0.25,0.28,,5422,0.72,FAVORABLE,0.2655,LIMIT,13,COMPRESSION,2026-09-23,2026-09-23T04:42:34.410516
AGL,LONG,CONVICTION,85.7,BULL_BOUNCE_PENDING,85.1,79.78,95.0,97.28,18,1.86,FAVORABLE,86.84,LIMIT,20,MINOR,2026-09-23,2026-09-23T04:44:55.985470
FCX,LONG,CONVICTION,85.6,BULL_BOUNCE_PENDING,74.97,71.18,78.72,,26,0.99,FAVORABLE,73.52,STOP,20,COMPRESSION,2026-09-23,2026-09-23T04:37:34.917920
ADPT,LONG,CONVICTION,85.6,BULL_BOUNCE_PENDING,28.39,26.56,29.81,,54,0.78,FAVORABLE,28.06,STOP,18,MINOR,2026-09-23,2026-09-23T05:11:38.128883
DELL,LONG,CONVICTION,85.5,BULL_BOUNCE_PENDING,548.57,537.56,569.8,577.78,9,1.93,FAVORABLE,554.8,LIMIT,20,CONVICTION,2026-09-23,2026-09-23T04:33:20.324614
SQM,LONG,CONVICTION,85.5,BULL_BOUNCE_PENDING,71.21,68.11,76.01,80.1,32,1.55,FAVORABLE,70.0,STOP,20,COMPRESSION,2026-09-23,2026-09-23T05:01:01.577028
GLWG,LONG,CONVICTION,85.4,BULL_BOUNCE_PENDING,14.57,12.96,15.3,,62,0.45,FAVORABLE,14.51,STOP,17,CONVICTION,2026-09-23,2026-09-23T04:55:40.196879
BITU,LONG,CONVICTION,85.3,BULL_BOUNCE_PENDING,16.45,15.03,17.27,,70,0.58,FAVORABLE,16.08,STOP,20,CONVICTION,2026-09-23,2026-09-23T04:58:28.656364
NICE,LONG,CONVICTION,85.1,BULL_BOUNCE_PENDING,114.9,113.45,125.63,129.5,69,7.41,FAVORABLE,116.77,LIMIT,8,CONVICTION,2026-09-23,2026-09-23T04:46:48.119676
ACVA,LONG,CONVICTION,85.0,BULL_BOUNCE_PENDING,10.49,9.84,11.01,,153,0.81,FAVORABLE,10.46,STOP,18,CONVICTION,2026-09-23,2026-09-23T04:52:08.058576
RAM,LONG,CONVICTION,85.0,BULL_BOUNCE_PENDING,15.46,13.82,16.23,,61,0.47,FAVORABLE,15.01,STOP,14,COMPRESSION,2026-09-23,2026-09-23T04:54:35.405642
PLNT,SHORT,CONVICTION,85.0,BEAR_REJECTION_PENDING,43.68,64.28,41.49,,4,0.11,FAVORABLE,42.82,LIMIT,20,CONVICTION,2026-09-23,2026-09-23T04:57:58.331780
DLO,LONG,CONVICTION,85.0,BULL_BOUNCE_PENDING,13.92,12.93,15.63,,101,1.73,FAVORABLE,14.2028,LIMIT,20,COMPRESSION,2026-09-23,2026-09-23T04:58:44.377929
WPM,LONG,CONVICTION,85.0,BULL_BOUNCE_PENDING,151.5,149.79,154.5,161.25,58,1.74,FAVORABLE,154.2,LIMIT,20,MINOR,2026-09-23,2026-09-23T05:00:09.297801
FUTU,LONG,CONVICTION,85.0,BULL_BOUNCE_PENDING,117.16,112.3,130.01,130.81,20,2.64,FAVORABLE,114.3,STOP,20,CONVICTION,2026-09-23,2026-09-23T05:01:29.516647
BDC,SHORT,CONVICTION,85.0,BEAR_REJECTION_PENDING,115.0,122.87,96.93,,12,2.3,FAVORABLE,112.75,LIMIT,20,CONVICTION,2026-09-23,2026-09-23T05:07:15.679162
CSCO,LONG,CONVICTION,84.9,BULL_BOUNCE_PENDING,104.27,98.14,113.92,118.1,16,1.58,FAVORABLE,106.4,LIMIT,20,CONVICTION,2026-09-23,2026-09-23T04:41:06.931680
GRAB,LONG,CONVICTION,84.8,BULL_BOUNCE_PENDING,3.21,2.99,3.6,,462,1.8,FAVORABLE,3.2095,STOP,20,COMPRESSION,2026-09-23,2026-09-23T04:31:05.822199
QMCO,LONG,CONVICTION,84.8,BULL_BOUNCE_PENDING,26.52,23.91,27.85,,38,0.51,FAVORABLE,25.45,STOP,20,MINOR,2026-09-23,2026-09-23T04:43:19.425687
LPX,LONG,CONVICTION,84.8,BULL_BOUNCE_CONFIRMED,68.02,64.72,75.03,77.89,30,2.13,FAVORABLE,68.02,LIMIT,20,COMPRESSION,2026-09-23,2026-09-23T04:59:30.875879
TGT,LONG,CONVICTION,84.8,BULL_BOUNCE_PENDING,156.02,153.91,162.02,162.0,47,2.85,FAVORABLE,159.2,LIMIT,20,COMPRESSION,2026-09-23,2026-09-23T05:00:02.245240
WMG,SHORT,CONVICTION,84.7,BEAR_REJECTION_PENDING,27.89,29.25,25.38,24.5,73,1.86,FAVORABLE,27.39,LIMIT,20,COMPRESSION,2026-09-23,2026-09-23T04:57:34.977059
SIDU,LONG,CONVICTION,84.6,BULL_BOUNCE_CONFIRMED,2.15,1.96,2.26,,526,0.57,FAVORABLE,2.15,LIMIT,5,MINOR,2026-09-23,2026-09-23T04:41:55.604298
CART,SHORT,CONVICTION,84.6,BEAR_REJECTION_PENDING,46.41,49.48,41.55,,32,1.59,FAVORABLE,45.5,LIMIT,20,COMPRESSION,2026-09-23,2026-09-23T05:02:15.453851
CDNL,LONG,CONVICTION,84.5,BULL_BOUNCE_PENDING,29.5,24.77,30.97,,21,0.31,FAVORABLE,30.1,LIMIT,20,CONVICTION,2026-09-23,2026-09-23T04:55:22.652310
VSAT,LONG,CONVICTION,84.4,BULL_BOUNCE_PENDING,78.05,72.65,81.95,,18,0.72,FAVORABLE,75.25,STOP,20,VACUUM,2026-09-23,2026-09-23T04:32:07.376324
MAN,LONG,CONVICTION,84.4,BULL_BOUNCE_PENDING,57.33,54.17,63.2,66.71,31,1.86,FAVORABLE,58.5,LIMIT,18,CONVICTION,2026-09-23,2026-09-23T04:57:54.004761
BLBD,SHORT,CONVICTION,84.3,BEAR_REJECTION_PENDING,60.36,62.15,55.77,51.77,56,2.57,FAVORABLE,59.18,LIMIT,20,CONVICTION,2026-09-23,2026-09-23T05:06:58.904530
TTD,SHORT,CONVICTION,84.0,BEAR_REJECTION_PENDING,13.47,17.76,12.8,,23,0.16,FAVORABLE,13.21,LIMIT,20,CONVICTION,2026-09-23,2026-09-23T04:40:20.262445
UPWK,SHORT,CONVICTION,84.0,BEAR_REJECTION_PENDING,8.36,9.61,7.94,,80,0.33,FAVORABLE,8.3009,LIMIT,20,CONVICTION,2026-09-23,2026-09-23T04:51:59.789581
DASH,LONG,CONVICTION,84.0,BULL_BOUNCE_PENDING,188.37,182.77,200.37,208.94,17,2.14,FAVORABLE,192.21,LIMIT,3,CONVICTION,2026-09-23,2026-09-23T05:02:17.678857
QURE,LONG,CONVICTION,83.9,BULL_BOUNCE_PENDING,45.85,42.77,50.74,,32,1.59,FAVORABLE,46.0,STOP,12,MINOR,2026-09-23,2026-09-23T04:54:34.818642
EWY,LONG,CONVICTION,83.8,BULL_BOUNCE_PENDING,193.19,183.59,208.67,,10,1.61,FAVORABLE,188.18,STOP,20,CONVICTION,2026-09-23,2026-09-23T05:08:58.489621
RBC,LONG,CONVICTION,83.7,BULL_BOUNCE,499.88,487.06,552.55,552.55,7,4.11,FAVORABLE,499.88,LIMIT,20,CONVICTION,2026-09-23,2026-09-23T05:04:32.329738
VIST,LONG,CONVICTION,83.7,BULL_BOUNCE_PENDING,68.6,65.7,73.31,75.38,34,1.62,FAVORABLE,70.0,LIMIT,20,COMPRESSION,2026-09-23,2026-09-23T05:07:54.500312
FORM,LONG,CONVICTION,83.5,BULL_BOUNCE_PENDING,126.66,124.63,130.0,136.6,49,1.65,FAVORABLE,127.7865,LIMIT,20,CONVICTION,2026-09-23,2026-09-23T04:32:33.108120
HPE,LONG,CONVICTION,83.5,BULL_BOUNCE_PENDING,63.06,56.73,66.21,,15,0.5,FAVORABLE,61.3,STOP,6,MINOR,2026-09-23,2026-09-23T04:38:02.432035
VZ,LONG,CONVICTION,83.4,BULL_BOUNCE_PENDING,47.84,46.23,50.72,51.59,61,1.78,FAVORABLE,46.5994,STOP,20,COMPRESSION,2026-09-23,2026-09-23T04:36:15.304965
MHK,SHORT,CONVICTION,83.4,BEAR_REJECTION_PENDING,123.65,126.72,115.66,115.08,32,2.61,FAVORABLE,121.229,LIMIT,20,COMPRESSION,2026-09-23,2026-09-23T05:07:38.369280
BNC,LONG,CONVICTION,83.2,BULL_BOUNCE_PENDING,6.42,5.37,6.74,,95,0.31,FAVORABLE,6.3,STOP,20,COMPRESSION,2026-09-23,2026-09-23T05:09:28.024444
NEM,LONG,CONVICTION,83.1,BULL_BOUNCE_PENDING,128.22,121.85,134.63,,15,1.01,FAVORABLE,125.0,STOP,20,MINOR,2026-09-23,2026-09-23T04:37:48.698486
ABSI,LONG,CONVICTION,83.0,BULL_BOUNCE_PENDING,11.27,10.29,11.83,,101,0.57,FAVORABLE,10.51,STOP,20,MINOR,2026-09-23,2026-09-23T05:12:13.998557
ONDS,LONG,CONVICTION,82.8,BULL_BOUNCE_PENDING,7.59,7.34,8.53,8.89,412,3.88,FAVORABLE,7.74,LIMIT,12,COMPRESSION,2026-09-23,2026-09-23T04:37:59.977030
NVAX,LONG,CONVICTION,82.7,BULL_BOUNCE_PENDING,11.1,10.17,11.65,,107,0.6,FAVORABLE,10.8021,STOP,14,MINOR,2026-09-23,2026-09-23T05:01:36.935201
SGRY,LONG,CONVICTION,82.7,BULL_BOUNCE_PENDING,15.53,14.77,17.75,17.75,131,2.91,FAVORABLE,15.85,LIMIT,7,CONVICTION,2026-09-23,2026-09-23T05:07:11.264617
MANH,LONG,CONVICTION,82.6,BULL_BOUNCE_PENDING,204.22,200.81,222.84,218.63,29,5.46,FAVORABLE,207.09,LIMIT,20,CONVICTION,2026-09-23,2026-09-23T05:12:08.189855
WCC,LONG,CONVICTION,82.4,BULL_BOUNCE,360.0,347.61,378.0,,8,1.45,FAVORABLE,360.0,LIMIT,20,VACUUM,2026-09-23,2026-09-23T05:09:24.855437
MKSI,LONG,CONVICTION,82.4,BULL_BOUNCE_PENDING,256.27,250.82,271.5,282.57,18,2.79,FAVORABLE,261.5,LIMIT,20,CONVICTION,2026-09-23,2026-09-23T05:12:38.622306
DXYZ,LONG,CONVICTION,82.2,BULL_BOUNCE_PENDING,29.71,26.46,31.2,,30,0.46,FAVORABLE,30.3197,LIMIT,20,COMPRESSION,2026-09-23,2026-09-23T04:44:16.952236
BURL,LONG,CONVICTION,82.2,BULL_BOUNCE_PENDING,251.45,240.8,270.5,293.01,9,1.79,FAVORABLE,256.58,LIMIT,20,COMPRESSION,2026-09-23,2026-09-23T05:12:46.384383
BEN,LONG,CONVICTION,82.1,BULL_BOUNCE_PENDING,33.82,32.57,35.51,,79,1.35,FAVORABLE,32.82,STOP,20,COMPRESSION,2026-09-23,2026-09-23T05:08:54.982615
ASTS,LONG,CONVICTION,82.0,BULL_BOUNCE_PENDING,62.88,57.79,70.62,,19,1.52,FAVORABLE,64.16,LIMIT,20,CONVICTION,2026-09-23,2026-09-23T04:37:30.652912
GRAL,LONG,CONVICTION,82.0,BULL_BOUNCE_PENDING,109.12,107.29,112.15,,54,1.65,FAVORABLE,109.9138,LIMIT,11,MINOR,2026-09-23,2026-09-23T04:46:08.666737
WTS,LONG,CONVICTION,82.0,BULL_BOUNCE_PENDING,353.31,350.81,383.68,383.04,39,12.11,FAVORABLE,354.29,LIMIT,20,COMPRESSION,2026-09-23,2026-09-23T04:47:38.181223
BMRN,LONG,CONVICTION,82.0,BULL_BOUNCE_PENDING,62.52,59.72,70.61,70.69,35,2.88,FAVORABLE,63.8,LIMIT,20,COMPRESSION,2026-09-23,2026-09-23T04:47:52.880255
AA,LONG,CONVICTION,82.0,BULL_BOUNCE_PENDING,43.95,41.44,49.08,51.4,39,2.04,FAVORABLE,44.85,LIMIT,20,CONVICTION,2026-09-23,2026-09-23T04:56:52.333015
CELU,LONG,CONVICTION,82.0,BULL_BOUNCE_PENDING,1.15,0.88,1.2,,369,0.21,FAVORABLE,1.17,LIMIT,19,MINOR,2026-09-23,2026-09-23T05:05:32.336674
GFS,LONG,CONVICTION,81.8,BULL_BOUNCE,47.95,46.0,51.24,52.71,51,1.69,FAVORABLE,47.95,LIMIT,20,COMPRESSION,2026-09-23,2026-09-23T04:46:05.438668
RBA,SHORT,CONVICTION,81.8,BEAR_REJECTION_PENDING,83.9,86.43,79.7,,39,1.66,FAVORABLE,83.36,LIMIT,20,COMPRESSION,2026-09-23,2026-09-23T04:58:00.763790
CMPS,LONG,CONVICTION,81.7,BULL_BOUNCE_PENDING,15.37,14.02,16.14,,74,0.57,FAVORABLE,14.75,STOP,20,MINOR,2026-09-23,2026-09-23T04:52:27.596607
ALNY,LONG,CONVICTION,81.7,BULL_BOUNCE_PENDING,255.77,243.1,286.0,288.3,7,2.39,FAVORABLE,252.11,STOP,19,CONVICTION,2026-09-23,2026-09-23T05:01:14.206599
TVTX,LONG,CONVICTION,81.7,BULL_BOUNCE_PENDING,62.51,58.51,65.64,,25,0.78,FAVORABLE,60.28,STOP,20,CONVICTION,2026-09-23,2026-09-23T05:09:56.104559
LTH,LONG,CONVICTION,81.6,BULL_BOUNCE_PENDING,40.82,38.71,42.86,,47,0.97,FAVORABLE,38.0816,STOP,20,COMPRESSION,2026-09-23,2026-09-23T04:50:54.888111
WAY,LONG,CONVICTION,81.6,BULL_BOUNCE_PENDING,24.57,23.35,27.99,28.07,81,2.78,FAVORABLE,25.0761,LIMIT,20,MINOR,2026-09-23,2026-09-23T05:06:35.516457
RDNT,LONG,CONVICTION,81.5,BULL_BOUNCE_PENDING,73.19,72.31,82.25,82.25,113,10.26,FAVORABLE,73.92,LIMIT,20,COMPRESSION,2026-09-23,2026-09-23T04:47:01.493385
BR,LONG,CONVICTION,81.5,BULL_BOUNCE_PENDING,159.76,156.55,166.64,169.81,31,2.15,FAVORABLE,163.02,LIMIT,20,COMPRESSION,2026-09-23,2026-09-23T04:47:54.629258
MMED,LONG,CONVICTION,81.4,BULL_BOUNCE_PENDING,20.78,20.02,23.32,,131,3.35,FAVORABLE,21.2,LIMIT,2,COMPRESSION,2026-09-23,2026-09-23T04:31:54.992813
SLS,LONG,CONVICTION,81.4,BULL_BOUNCE_PENDING,11.91,11.26,13.18,13.85,154,1.96,FAVORABLE,12.15,LIMIT,16,MINOR,2026-09-23,2026-09-23T04:38:53.523664
CAPR,LONG,CONVICTION,81.4,BULL_BOUNCE_PENDING,9.49,8.54,9.96,,104,0.5,FAVORABLE,9.45,STOP,19,COMPRESSION,2026-09-23,2026-09-23T04:56:51.761011
VITL,LONG,CONVICTION,81.4,BULL_BOUNCE_PENDING,12.47,11.63,13.09,,118,0.74,FAVORABLE,11.47,STOP,20,MINOR,2026-09-23,2026-09-23T05:12:45.202381
TQQQ,LONG,CONVICTION,81.4,BULL_BOUNCE_PENDING,78.99,72.28,82.94,,14,0.59,FAVORABLE,80.6,LIMIT,11,VACUUM,2026-09-23,2026-09-23T05:13:00.482013
BLZE,LONG,CONVICTION,81.4,BULL_BOUNCE_PENDING,14.0,13.43,15.04,16.21,174,1.81,FAVORABLE,14.29,LIMIT,16,MINOR,2026-09-23,2026-09-23T05:13:10.648225
DX,LONG,CONVICTION,81.3,BULL_BOUNCE_PENDING,11.88,11.44,12.77,13.15,229,2.05,FAVORABLE,12.12,LIMIT,20,COMPRESSION,2026-09-23,2026-09-23T04:34:12.475578
RKLX,LONG,CONVICTION,81.3,BULL_BOUNCE_CONFIRMED,19.12,17.33,20.08,,55,0.53,FAVORABLE,19.12,LIMIT,13,COMPRESSION,2026-09-23,2026-09-23T04:47:04.839594
SECZ,LONG,CONVICTION,81.3,BULL_BOUNCE,13.15,12.07,14.71,,92,1.44,FAVORABLE,13.15,LIMIT,20,MINOR,2026-09-23,2026-09-23T05:12:20.555272
INTR,LONG,CONVICTION,81.2,BULL_BOUNCE_CONFIRMED,5.54,5.17,6.1,,273,1.53,FAVORABLE,5.54,LIMIT,20,COMPRESSION,2026-09-23,2026-09-23T04:40:48.210083
PHVS,LONG,CONVICTION,81.1,BULL_BOUNCE_PENDING,33.91,31.9,37.06,38.54,49,1.56,FAVORABLE,34.6062,LIMIT,20,COMPRESSION,2026-09-23,2026-09-23T04:32:47.603144
LIVN,LONG,CONVICTION,81.1,BULL_BOUNCE_PENDING,76.92,71.14,85.93,,17,1.56,FAVORABLE,78.49,LIMIT,20,MINOR,2026-09-23,2026-09-23T04:53:01.497224
HCA,LONG,CONVICTION,81.0,BULL_BOUNCE_PENDING,430.33,422.65,479.11,484.67,13,6.36,FAVORABLE,439.11,LIMIT,15,MINOR,2026-09-23,2026-09-23T04:38:51.798660
WTI,LONG,CONVICTION,81.0,BULL_BOUNCE_PENDING,3.58,3.41,3.92,4.01,593,2.01,FAVORABLE,3.6543,LIMIT,20,COMPRESSION,2026-09-23,2026-09-23T04:41:28.956209
DBX,LONG,CONVICTION,81.0,BULL_BOUNCE_PENDING,36.6,34.53,38.43,,48,0.88,FAVORABLE,33.9,STOP,20,MINOR,2026-09-23,2026-09-23T04:53:55.843261
VIR,LONG,CONVICTION,80.9,BULL_BOUNCE_PENDING,11.73,10.96,12.32,,130,0.77,FAVORABLE,11.4,STOP,6,COMPRESSION,2026-09-23,2026-09-23T04:32:03.136907
ARCT,LONG,CONVICTION,80.9,BULL_BOUNCE_PENDING,14.36,13.49,16.37,16.37,114,2.31,FAVORABLE,14.65,LIMIT,20,MINOR,2026-09-23,2026-09-23T04:58:16.646449
NOG,LONG,CONVICTION,80.8,BULL_BOUNCE_PENDING,22.47,21.49,24.67,25.01,102,2.24,FAVORABLE,22.93,LIMIT,20,COMPRESSION,2026-09-23,2026-09-23T04:48:58.055664
ADSK,LONG,CONVICTION,80.7,BULL_BOUNCE_PENDING,213.55,210.63,218.85,222.56,34,1.81,FAVORABLE,217.9109,LIMIT,20,COMPRESSION,2026-09-23,2026-09-23T04:47:42.090231
DOO,LONG,CONVICTION,80.7,BULL_BOUNCE_PENDING,56.73,55.01,60.74,60.74,58,2.33,FAVORABLE,57.89,LIMIT,20,COMPRESSION,2026-09-23,2026-09-23T04:57:51.061752
RAL,LONG,CONVICTION,80.7,BULL_BOUNCE,69.0,66.58,72.99,74.49,41,1.65,FAVORABLE,69.0,LIMIT,20,COMPRESSION,2026-09-23,2026-09-23T05:10:16.410935
SBET,LONG,CONVICTION,80.6,BULL_BOUNCE_PENDING,10.41,9.39,10.93,,98,0.51,FAVORABLE,10.21,STOP,13,COMPRESSION,2026-09-23,2026-09-23T04:35:19.495405
VLN,LONG,CONVICTION,80.6,BULL_BOUNCE_CONFIRMED,1.93,1.78,2.18,,671,1.68,FAVORABLE,1.93,LIMIT,13,COMPRESSION,2026-09-23,2026-09-23T04:43:27.439231
OIH,LONG,CONVICTION,80.6,BULL_BOUNCE,395.08,383.67,418.1,434.12,8,2.02,FAVORABLE,395.08,LIMIT,20,CONVICTION,2026-09-23,2026-09-23T04:49:04.479896
IBRX,LONG,CONVICTION,80.5,BULL_BOUNCE_PENDING,9.15,8.44,9.61,,139,0.64,FAVORABLE,9.34,LIMIT,3,COMPRESSION,2026-09-23,2026-09-23T04:39:27.739897
RELY,LONG,CONVICTION,80.5,BULL_BOUNCE_PENDING,20.68,19.35,23.86,24.05,75,2.4,FAVORABLE,21.1,LIMIT,20,COMPRESSION,2026-09-23,2026-09-23T04:53:16.879006
AXGN,LONG,CONVICTION,80.5,BULL_BOUNCE_PENDING,43.65,39.02,51.15,,21,1.62,FAVORABLE,44.54,LIMIT,20,CONVICTION,2026-09-23,2026-09-23T05:01:15.551606
TEL,LONG,CONVICTION,80.5,BULL_BOUNCE_CONFIRMED,213.48,202.76,229.99,,9,1.54,FAVORABLE,213.48,LIMIT,11,COMPRESSION,2026-09-23,2026-09-23T05:08:33.021570
TSAT,LONG,CONVICTION,80.4,BULL_BOUNCE,48.79,42.89,63.08,,16,2.42,FAVORABLE,48.79,LIMIT,20,MINOR,2026-09-23,2026-09-23T04:30:51.083644
Q,LONG,CONVICTION,80.4,BULL_BOUNCE_PENDING,121.09,119.45,126.74,136.0,61,3.45,FAVORABLE,123.5592,LIMIT,20,CONVICTION,2026-09-23,2026-09-23T05:00:49.215458
PAYC,LONG,CONVICTION,80.2,BULL_BOUNCE,224.6,216.8,238.14,248.13,12,1.74,FAVORABLE,224.6,LIMIT,20,CONVICTION,2026-09-23,2026-09-23T04:54:24.576347
ETSY,LONG,CONVICTION,80.2,BULL_BOUNCE_PENDING,74.97,73.18,81.69,80.21,55,3.76,FAVORABLE,76.5,LIMIT,20,COMPRESSION,2026-09-23,2026-09-23T05:02:20.633865
BLLN,LONG,CONVICTION,80.0,CHANNEL_GAP_BREAKOUT_LONG,118.5,117.04,124.43,,68,4.05,FAVORABLE,118.5,LIMIT,0,NONE,2026-09-23,2026-09-23T04:32:20.917552
GOOG,LONG,CONVICTION,80.0,BULL_BOUNCE_PENDING,345.3,342.69,358.79,381.23,38,5.17,FAVORABLE,348.6,LIMIT,20,CONVICTION,2026-09-23,2026-09-23T04:38:34.679095
BX,LONG,CONVICTION,80.0,BULL_BOUNCE_PENDING,127.88,122.02,141.55,141.38,17,2.33,FAVORABLE,124.0,STOP,20,CONVICTION,2026-09-23,2026-09-23T04:50:18.301159
ALB,LONG,CONVICTION,80.0,BULL_BOUNCE_PENDING,117.71,110.54,129.41,,13,1.63,FAVORABLE,115.2,STOP,20,COMPRESSION,2026-09-23,2026-09-23T04:55:12.494089
MPWR,LONG,CONVICTION,80.0,BULL_BOUNCE_PENDING,1357.24,1342.43,1402.81,1468.35,6,3.08,FAVORABLE,1380.62,LIMIT,8,VACUUM,2026-09-23,2026-09-23T04:55:56.407441
CRSP,LONG,CONVICTION,80.0,BULL_BOUNCE_CONFIRMED,59.87,56.28,67.12,,27,2.02,FAVORABLE,59.8714,LIMIT,11,COMPRESSION,2026-09-23,2026-09-23T04:58:41.938920
ALSN,LONG,CONVICTION,80.0,BULL_BOUNCE_PENDING,113.07,110.15,123.66,123.66,34,3.62,FAVORABLE,115.38,LIMIT,20,CONVICTION,2026-09-23,2026-09-23T05:00:15.758821
GEN,LONG,CONVICTION,80.0,BULL_BOUNCE_PENDING,29.62,28.14,31.1,,67,1.0,FAVORABLE,27.29,STOP,20,COMPRESSION,2026-09-23,2026-09-23T05:00:29.971866
STTK,LONG,CONVICTION,79.9,BULL_BOUNCE_PENDING,6.55,6.08,6.88,,212,0.7,FAVORABLE,6.41,STOP,11,COMPRESSION,2026-09-23,2026-09-23T04:30:10.566504
ESAB,SHORT,CONVICTION,79.9,BEAR_REJECTION_PENDING,69.81,73.17,66.32,,29,1.04,FAVORABLE,68.44,LIMIT,20,COMPRESSION,2026-09-23,2026-09-23T05:02:58.298413
PLTR,LONG,CONVICTION,79.8,BULL_BOUNCE_PENDING,185.73,182.17,192.07,201.71,28,1.78,FAVORABLE,185.24,STOP,16,CONVICTION,2026-09-23,2026-09-23T04:40:00.415614
BWIN,SHORT,CONVICTION,79.7,BEAR_REJECTION_PENDING,32.54,36.55,30.91,,24,0.41,FAVORABLE,31.9,LIMIT,12,COMPRESSION,2026-09-23,2026-09-23T04:52:19.874278
EROC,LONG,CONVICTION,79.6,BULL_BOUNCE_CONFIRMED,12.96,12.15,14.5,,123,1.9,FAVORABLE,12.96,LIMIT,13,COMPRESSION,2026-09-23,2026-09-23T04:52:40.606097
SPCE,LONG,CONVICTION,79.5,BULL_BOUNCE_PENDING,3.38,3.13,3.82,,401,1.77,FAVORABLE,3.33,STOP,2,MINOR,2026-09-23,2026-09-23T04:33:44.073660
AEVA,LONG,CONVICTION,79.5,BULL_BOUNCE_PENDING,15.52,14.33,17.72,,83,1.85,FAVORABLE,15.41,STOP,19,COMPRESSION,2026-09-23,2026-09-23T04:44:41.362369
PSIX,LONG,CONVICTION,79.3,BULL_BOUNCE_CONFIRMED,47.33,39.93,49.69,,13,0.32,FAVORABLE,47.328,LIMIT,0,NONE,2026-09-23,2026-09-23T04:32:54.951160
FLR,LONG,CONVICTION,79.3,BULL_BOUNCE_PENDING,55.36,52.55,58.13,,35,0.98,FAVORABLE,53.4621,STOP,20,COMPRESSION,2026-09-23,2026-09-23T04:45:58.762511
PRIM,LONG,CONVICTION,79.3,BULL_BOUNCE,76.32,73.39,81.03,84.95,34,1.61,FAVORABLE,76.32,LIMIT,20,VACUUM,2026-09-23,2026-09-23T04:56:14.148343
DT,LONG,CONVICTION,79.2,BULL_BOUNCE_PENDING,57.31,56.12,61.38,,83,3.41,FAVORABLE,57.17,STOP,4,MINOR,2026-09-23,2026-09-23T04:48:18.027745
THO,LONG,CONVICTION,79.2,BULL_BOUNCE_PENDING,74.86,70.72,81.31,,24,1.56,FAVORABLE,73.25,STOP,20,MINOR,2026-09-23,2026-09-23T04:51:56.921576
CG,LONG,CONVICTION,79.2,BULL_BOUNCE_PENDING,41.48,39.26,45.91,,44,1.99,FAVORABLE,40.23,STOP,20,COMPRESSION,2026-09-23,2026-09-23T04:53:52.385254
CHKP,LONG,CONVICTION,79.2,BULL_BOUNCE_PENDING,134.56,132.99,144.93,144.93,63,6.56,FAVORABLE,137.1299,LIMIT,13,COMPRESSION,2026-09-23,2026-09-23T05:06:18.496090
RXT,LONG,CONVICTION,79.1,BULL_BOUNCE,4.13,3.83,4.64,,337,1.72,FAVORABLE,4.13,LIMIT,2,MINOR,2026-09-23,2026-09-23T04:33:44.090657
IOVA,LONG,CONVICTION,79.1,BULL_BOUNCE_CONFIRMED,10.75,10.2,11.29,,181,0.98,FAVORABLE,10.75,LIMIT,0,NONE,2026-09-23,2026-09-23T04:35:04.284331
BSP,LONG,CONVICTION,79.1,BULL_BOUNCE_PENDING,39.15,36.0,41.11,,31,0.62,FAVORABLE,36.65,STOP,20,COMPRESSION,2026-09-23,2026-09-23T04:47:57.403268
VSEC,SHORT,CONVICTION,79.1,BEAR_REJECTION_PENDING,185.09,193.74,162.52,162.52,11,2.61,FAVORABLE,183.42,LIMIT,20,CONVICTION,2026-09-23,2026-09-23T04:52:02.707120
VMAR,LONG,CONVICTION,79.0,BULL_BOUNCE_CONFIRMED,8.15,7.26,8.56,,112,0.46,FAVORABLE,8.15,LIMIT,20,COMPRESSION,2026-09-23,2026-09-23T04:34:44.577764
BRZE,SHORT,CONVICTION,79.0,BEAR_REJECTION_PENDING,25.52,30.46,24.24,,20,0.26,FAVORABLE,25.02,LIMIT,14,CONVICTION,2026-09-23,2026-09-23T04:47:56.163260
SRPT,SHORT,CONVICTION,79.0,BEAR_REJECTION_PENDING,21.21,36.36,20.15,,6,0.07,FAVORABLE,20.79,LIMIT,10,CONVICTION,2026-09-23,2026-09-23T04:51:49.017028
HUBG,SHORT,CONVICTION,79.0,BEAR_REJECTION_PENDING,32.7,36.22,31.07,,28,0.46,FAVORABLE,32.06,LIMIT,20,CONVICTION,2026-09-23,2026-09-23T04:52:49.327116
MSTU,LONG,CONVICTION,79.0,BULL_BOUNCE,48.28,43.51,49.13,,20,0.18,FAVORABLE,48.28,LIMIT,19,CONVICTION,2026-09-23,2026-09-23T04:59:37.556503
FNV,SHORT,CONVICTION,79.0,BEAR_REJECTION_PENDING,263.26,279.31,226.55,225.0,6,2.29,FAVORABLE,263.0,LIMIT,20,COMPRESSION,2026-09-23,2026-09-23T05:00:27.135857
LNG,SHORT,CONVICTION,79.0,BEAR_REJECTION_PENDING,278.53,288.11,242.71,246.0,10,3.74,FAVORABLE,273.07,LIMIT,20,CONVICTION,2026-09-23,2026-09-23T05:04:20.830873
FEIM,LONG,CONVICTION,79.0,BULL_BOUNCE_PENDING,83.35,62.79,87.52,,4,0.2,FAVORABLE,85.05,LIMIT,10,MINOR,2026-09-23,2026-09-23T05:10:48.278263
ACI,SHORT,CONVICTION,79.0,BEAR_REJECTION_PENDING,12.34,14.67,11.72,,42,0.26,FAVORABLE,12.1,LIMIT,20,CONVICTION,2026-09-23,2026-09-23T05:10:50.646269
LBRT,LONG,CONVICTION,78.9,BULL_BOUNCE_PENDING,18.15,17.34,20.53,20.53,124,2.96,FAVORABLE,18.518,LIMIT,20,COMPRESSION,2026-09-23,2026-09-23T04:55:43.557884
ALMR,LONG,CONVICTION,78.8,BULL_BOUNCE_PENDING,35.53,32.2,37.31,,30,0.53,FAVORABLE,33.22,STOP,20,COMPRESSION,2026-09-23,2026-09-23T04:32:51.716152
POWL,LONG,CONVICTION,78.8,BULL_BOUNCE_PENDING,188.74,183.04,202.68,210.0,17,2.45,FAVORABLE,192.59,LIMIT,20,CONVICTION,2026-09-23,2026-09-23T04:56:11.034735
TYL,SHORT,CONVICTION,78.8,BEAR_REJECTION_PENDING,337.58,345.9,319.01,309.53,12,2.23,FAVORABLE,337.51,LIMIT,20,CONVICTION,2026-09-23,2026-09-23T05:05:52.658843
STNG,SHORT,CONVICTION,78.8,BEAR_REJECTION_PENDING,83.0,86.13,73.22,71.9,31,3.13,FAVORABLE,82.4206,LIMIT,20,COMPRESSION,2026-09-23,2026-09-23T05:07:49.737302
WDC,LONG,CONVICTION,78.7,BULL_BOUNCE_PENDING,452.5,439.15,496.16,494.28,7,3.27,FAVORABLE,461.7349,LIMIT,20,VACUUM,2026-09-23,2026-09-23T04:41:46.836269
OC,SHORT,CONVICTION,78.7,BEAR_REJECTION_PENDING,128.5,132.56,109.99,118.23,24,4.56,FAVORABLE,126.66,LIMIT,20,CONVICTION,2026-09-23,2026-09-23T04:46:50.454279
APH,LONG,CONVICTION,78.7,BULL_BOUNCE_PENDING,81.19,77.93,87.93,88.61,30,2.07,FAVORABLE,82.85,LIMIT,20,VACUUM,2026-09-23,2026-09-23T05:13:06.971611
BAC,LONG,CONVICTION,78.6,BULL_BOUNCE_PENDING,55.33,53.42,62.34,62.34,52,3.67,FAVORABLE,56.46,LIMIT,20,COMPRESSION,2026-09-23,2026-09-23T04:35:54.016588
BAH,LONG,CONVICTION,78.6,BULL_BOUNCE_PENDING,74.75,72.1,78.81,84.0,37,1.53,FAVORABLE,76.28,LIMIT,20,COMPRESSION,2026-09-23,2026-09-23T04:58:22.809451
COGT,LONG,CONVICTION,78.6,BULL_BOUNCE_PENDING,31.98,14.75,33.58,,5,0.09,FAVORABLE,32.63,LIMIT,20,COMPRESSION,2026-09-23,2026-09-23T05:09:42.197002
AAOI,LONG,CONVICTION,78.5,BULL_BOUNCE_PENDING,110.85,101.11,116.39,,10,0.57,FAVORABLE,106.8,STOP,20,CONVICTION,2026-09-23,2026-09-23T04:37:32.210914
CRUS,LONG,CONVICTION,78.5,BULL_BOUNCE_PENDING,117.97,112.36,127.99,137.09,17,1.79,FAVORABLE,120.38,LIMIT,20,CONVICTION,2026-09-23,2026-09-23T05:07:23.612708
FRNM,LONG,CONVICTION,78.5,BULL_BOUNCE_PENDING,16.88,15.4,17.72,,67,0.57,FAVORABLE,16.13,STOP,20,COMPRESSION,2026-09-23,2026-09-23T05:12:33.142296
CIEN,LONG,CONVICTION,78.4,BULL_BOUNCE_PENDING,361.13,347.06,386.26,421.58,7,1.79,FAVORABLE,368.5,LIMIT,20,CONVICTION,2026-09-23,2026-09-23T04:52:23.669307
RING,LONG,CONVICTION,78.3,BULL_BOUNCE_PENDING,86.35,81.93,90.67,,22,0.98,FAVORABLE,84.04,STOP,20,COMPRESSION,2026-09-23,2026-09-23T05:00:53.754471
CDNA,LONG,CONVICTION,78.3,BULL_BOUNCE_PENDING,56.91,53.81,59.76,,32,0.92,FAVORABLE,56.49,STOP,0,NONE,2026-09-23,2026-09-23T05:01:19.881615
U,LONG,CONVICTION,78.2,BULL_BOUNCE_PENDING,43.91,41.34,49.04,,38,2.0,FAVORABLE,43.11,STOP,20,COMPRESSION,2026-09-23,2026-09-23T04:34:11.505862
DBRG,LONG,CONVICTION,78.2,BULL_BOUNCE_PENDING,16.01,15.95,16.81,,1650,13.21,FAVORABLE,15.98,STOP,2,MINOR,2026-09-23,2026-09-23T04:38:38.700103
COHX,LONG,CONVICTION,78.2,BULL_BOUNCE_PENDING,28.53,24.13,29.96,,22,0.32,FAVORABLE,26.21,STOP,20,CONVICTION,2026-09-23,2026-09-23T04:45:26.480604
MOH,LONG,CONVICTION,78.2,BULL_BOUNCE_PENDING,187.33,183.9,217.99,197.0,29,8.94,FAVORABLE,191.15,LIMIT,20,CONVICTION,2026-09-23,2026-09-23T04:53:05.561830
SENS,LONG,CONVICTION,78.1,BULL_BOUNCE_PENDING,10.07,9.28,10.57,,126,0.63,FAVORABLE,10.0,STOP,1,COMPRESSION,2026-09-23,2026-09-23T04:32:40.802137
ACN,LONG,CONVICTION,78.1,BULL_BOUNCE_PENDING,181.09,176.66,208.6,201.53,22,6.2,FAVORABLE,184.79,LIMIT,16,COMPRESSION,2026-09-23,2026-09-23T04:38:10.332351
RYAN,LONG,CONVICTION,78.1,BULL_BOUNCE_PENDING,37.67,35.71,41.27,43.43,50,1.83,FAVORABLE,38.44,LIMIT,20,COMPRESSION,2026-09-23,2026-09-23T04:53:18.808010
BHE,LONG,CONVICTION,78.1,BULL_BOUNCE_PENDING,80.46,78.18,90.64,94.1,43,4.46,FAVORABLE,82.1,LIMIT,9,CONVICTION,2026-09-23,2026-09-23T05:13:09.265371
DCOY,LONG,CONVICTION,78.0,BULL_BOUNCE_PENDING,7.62,6.75,8.0,,114,0.44,FAVORABLE,3.71,STOP,4,COMPRESSION,2026-09-23,2026-09-23T04:29:54.104201
BFRG,LONG,CONVICTION,78.0,BULL_BOUNCE_PENDING,0.66,0.65,0.71,0.71,5920,2.76,FAVORABLE,0.67005,LIMIT,12,MINOR,2026-09-23,2026-09-23T04:31:00.068659
LHSW,LONG,CONVICTION,78.0,BULL_BOUNCE_PENDING,1.34,0.74,1.41,,165,0.11,FAVORABLE,0.7578,STOP,4,MINOR,2026-09-23,2026-09-23T04:31:23.255154
QUBT,LONG,CONVICTION,78.0,BULL_BOUNCE_PENDING,9.24,8.94,10.55,10.27,327,4.29,FAVORABLE,9.43,LIMIT,5,COMPRESSION,2026-09-23,2026-09-23T04:34:15.493719
ET,LONG,CONVICTION,78.0,BULL_BOUNCE_PENDING,20.08,19.56,21.08,21.61,194,1.95,FAVORABLE,20.4862,LIMIT,20,COMPRESSION,2026-09-23,2026-09-23T04:35:40.219028
CRNX,LONG,CONVICTION,78.0,BULL_BOUNCE_PENDING,85.1,84.9,89.36,,499,21.23,FAVORABLE,84.97,STOP,0,NONE,2026-09-23,2026-09-23T04:37:42.578466
RXRX,LONG,CONVICTION,78.0,BULL_BOUNCE_PENDING,3.99,3.92,4.12,4.26,1488,2.01,FAVORABLE,4.0505,LIMIT,9,COMPRESSION,2026-09-23,2026-09-23T04:41:41.923252
IMCC,LONG,CONVICTION,78.0,BULL_BOUNCE_PENDING,5.71,4.2,6.0,,66,0.19,FAVORABLE,4.0429,STOP,6,COMPRESSION,2026-09-23,2026-09-23T04:44:33.653350
KSS,LONG,CONVICTION,78.0,BULL_BOUNCE_PENDING,18.38,17.34,21.06,,96,2.58,FAVORABLE,18.3937,STOP,14,MINOR,2026-09-23,2026-09-23T04:46:34.002341
MTZ,LONG,CONVICTION,78.0,BULL_BOUNCE,223.0,211.36,242.61,255.02,8,1.68,FAVORABLE,223.0,LIMIT,20,CONVICTION,2026-09-23,2026-09-23T04:46:41.131510
MAZE,LONG,CONVICTION,77.9,BULL_BOUNCE_PENDING,28.22,27.62,29.25,30.07,166,1.71,FAVORABLE,28.8,LIMIT,20,MINOR,2026-09-23,2026-09-23T05:13:05.705091
TTWO,SHORT,CONVICTION,77.8,BEAR_REJECTION_PENDING,207.0,209.16,202.52,198.0,46,2.07,FAVORABLE,206.4211,LIMIT,20,CONVICTION,2026-09-23,2026-09-23T04:47:26.390827
DE,LONG,CONVICTION,77.8,BULL_BOUNCE_PENDING,689.06,683.77,723.51,,18,6.52,FAVORABLE,703.12,LIMIT,0,NONE,2026-09-23,2026-09-23T05:01:23.680625
SHMD,LONG,CONVICTION,77.7,BULL_BOUNCE_CONFIRMED,3.7,3.34,3.89,,280,0.52,FAVORABLE,3.7,LIMIT,2,MINOR,2026-09-23,2026-09-23T04:43:15.323368
AVGO,LONG,CONVICTION,77.6,BULL_BOUNCE_PENDING,358.13,354.78,372.4,384.31,29,4.26,FAVORABLE,363.2,LIMIT,20,CONVICTION,2026-09-23,2026-09-23T04:41:34.713228
ULCC,LONG,CONVICTION,77.6,BULL_BOUNCE_CONFIRMED,6.35,6.09,6.77,7.16,385,1.63,FAVORABLE,6.3486,LIMIT,19,COMPRESSION,2026-09-23,2026-09-23T04:43:26.863693
VRNS,LONG,CONVICTION,77.6,BULL_BOUNCE_PENDING,46.34,44.82,48.71,,65,1.55,FAVORABLE,47.29,LIMIT,20,MINOR,2026-09-23,2026-09-23T04:54:56.105216
AEM,LONG,CONVICTION,77.6,BULL_BOUNCE_CONFIRMED,204.0,195.02,222.81,229.12,11,2.09,FAVORABLE,204.0,LIMIT,20,COMPRESSION,2026-09-23,2026-09-23T04:58:13.180280
OSIS,LONG,CONVICTION,77.6,BULL_BOUNCE,200.84,194.63,210.27,219.32,16,1.52,FAVORABLE,200.84,LIMIT,20,CONVICTION,2026-09-23,2026-09-23T05:01:38.094199
ZCSH,LONG,CONVICTION,77.6,BULL_BOUNCE_PENDING,126.77,121.48,133.11,,18,1.2,FAVORABLE,129.36,LIMIT,3,VACUUM,2026-09-23,2026-09-23T05:08:38.129584
LUXE,LONG,CONVICTION,77.6,BULL_BOUNCE_PENDING,9.84,9.02,10.33,,121,0.6,FAVORABLE,9.41,STOP,20,COMPRESSION,2026-09-23,2026-09-23T05:11:59.159948
SCTX,LONG,CONVICTION,77.6,BULL_BOUNCE_PENDING,30.39,27.05,31.91,,29,0.45,FAVORABLE,28.63,STOP,20,COMPRESSION,2026-09-23,2026-09-23T05:12:42.770846
LUNR,LONG,CONVICTION,77.5,BULL_BOUNCE_PENDING,16.28,14.92,17.09,,73,0.6,FAVORABLE,16.44,STOP,14,COMPRESSION,2026-09-23,2026-09-23T04:41:21.538881
GDC,LONG,CONVICTION,77.5,BULL_BOUNCE_PENDING,2.14,1.87,2.25,,374,0.4,FAVORABLE,1.48,STOP,13,MINOR,2026-09-23,2026-09-23T04:44:51.777929
TSCO,LONG,CONVICTION,77.4,BULL_BOUNCE,32.85,31.79,36.12,37.76,93,3.07,FAVORABLE,32.85,LIMIT,20,COMPRESSION,2026-09-23,2026-09-23T04:36:06.716286
FAMI,LONG,CONVICTION,77.4,BULL_BOUNCE,0.14,0.08,0.15,,1828,0.24,FAVORABLE,0.1367,LIMIT,6,MINOR,2026-09-23,2026-09-23T04:57:39.152622
MRNA,LONG,CONVICTION,77.3,BULL_BOUNCE_PENDING,178.65,164.85,187.59,,7,0.65,FAVORABLE,182.3,LIMIT,13,MINOR,2026-09-23,2026-09-23T04:33:14.914289
ATEC,LONG,CONVICTION,77.3,BULL_BOUNCE_PENDING,10.12,9.34,11.61,,128,1.91,FAVORABLE,10.33,LIMIT,17,MINOR,2026-09-23,2026-09-23T05:10:54.305276
NN,LONG,CONVICTION,77.2,BULL_BOUNCE_PENDING,15.9,14.54,16.7,,73,0.59,FAVORABLE,15.33,STOP,3,COMPRESSION,2026-09-23,2026-09-23T04:44:18.137367
NOV,LONG,CONVICTION,77.2,BULL_BOUNCE_PENDING,19.78,18.6,20.77,,85,0.84,FAVORABLE,20.1814,LIMIT,17,COMPRESSION,2026-09-23,2026-09-23T04:48:59.727666
IPGP,LONG,CONVICTION,77.2,BULL_BOUNCE_PENDING,77.27,76.36,84.89,85.52,110,8.41,FAVORABLE,78.2,LIMIT,20,CONVICTION,2026-09-23,2026-09-23T05:04:15.880550
ETHA,LONG,CONVICTION,77.1,BULL_BOUNCE_PENDING,20.88,19.72,23.17,,85,1.97,FAVORABLE,20.64,STOP,20,COMPRESSION,2026-09-23,2026-09-23T04:58:49.267483
BLDR,LONG,CONVICTION,77.0,BULL_BOUNCE_PENDING,60.17,58.25,66.99,65.6,52,3.55,FAVORABLE,61.3964,LIMIT,17,COMPRESSION,2026-09-23,2026-09-23T04:49:53.372062
YUM,LONG,CONVICTION,77.0,BULL_BOUNCE_PENDING,136.92,130.73,150.02,153.44,16,2.12,FAVORABLE,139.71,LIMIT,20,COMPRESSION,2026-09-23,2026-09-23T04:53:38.953693
XENE,SHORT,CONVICTION,77.0,BEAR_REJECTION_PENDING,39.95,57.64,37.95,,5,0.11,FAVORABLE,39.168,LIMIT,12,CONVICTION,2026-09-23,2026-09-23T04:58:07.862333
KMX,LONG,CONVICTION,77.0,BULL_BOUNCE_PENDING,58.72,55.91,63.48,,35,1.69,FAVORABLE,55.8722,STOP,20,COMPRESSION,2026-09-23,2026-09-23T05:00:38.348892
TSDD,LONG,CONVICTION,77.0,BULL_BOUNCE,7.13,6.57,8.13,,178,1.78,FAVORABLE,7.13,LIMIT,20,COMPRESSION,2026-09-23,2026-09-23T05:09:14.883416
SABR,LONG,CONVICTION,76.9,BULL_BOUNCE_PENDING,2.22,2.06,2.34,,606,0.67,FAVORABLE,2.27,LIMIT,10,MINOR,2026-09-23,2026-09-23T04:31:50.513809
SPOT,LONG,CONVICTION,76.9,BULL_BOUNCE_PENDING,501.09,495.04,527.43,518.18,16,4.35,FAVORABLE,502.0,LIMIT,20,COMPRESSION,2026-09-23,2026-09-23T04:49:27.136945
BILL,LONG,CONVICTION,76.8,BULL_BOUNCE_PENDING,45.62,44.9,50.33,48.0,139,6.58,FAVORABLE,46.21,LIMIT,20,MINOR,2026-09-23,2026-09-23T04:47:50.664250
HNGE,LONG,CONVICTION,76.7,BULL_BOUNCE_PENDING,94.69,88.83,99.42,,17,0.81,FAVORABLE,94.35,STOP,20,VACUUM,2026-09-23,2026-09-23T04:32:12.204971
AYA,LONG,CONVICTION,76.7,BULL_BOUNCE_PENDING,29.24,28.25,30.71,,101,1.48,FAVORABLE,29.84,LIMIT,12,MINOR,2026-09-23,2026-09-23T05:05:25.220599
CDW,LONG,CONVICTION,76.6,BULL_BOUNCE_PENDING,144.06,141.89,153.0,151.68,46,4.11,FAVORABLE,147.0,LIMIT,20,COMPRESSION,2026-09-23,2026-09-23T04:53:51.313715
KRMN,LONG,CONVICTION,76.5,BULL_BOUNCE_PENDING,33.17,30.61,38.8,,38,2.19,FAVORABLE,33.85,LIMIT,20,MINOR,2026-09-23,2026-09-23T04:46:30.578785
TRGP,LONG,CONVICTION,76.5,BULL_BOUNCE_PENDING,268.38,265.84,275.79,288.76,39,2.91,FAVORABLE,269.73,LIMIT,20,CONVICTION,2026-09-23,2026-09-23T05:04:40.090234
SKHY,LONG,CONVICTION,76.4,BULL_BOUNCE_PENDING,187.91,184.92,193.28,198.53,33,1.8,FAVORABLE,190.86,LIMIT,20,VACUUM,2026-09-23,2026-09-23T04:54:41.168653
TENB,LONG,CONVICTION,76.4,BULL_BOUNCE_PENDING,35.28,33.64,39.85,39.85,61,2.79,FAVORABLE,36.0,LIMIT,20,COMPRESSION,2026-09-23,2026-09-23T04:54:47.811201
KSPI,LONG,CONVICTION,76.3,BULL_BOUNCE_PENDING,94.52,93.47,99.85,106.83,95,5.09,FAVORABLE,96.45,LIMIT,20,COMPRESSION,2026-09-23,2026-09-23T04:52:57.293215
HOG,LONG,CONVICTION,76.3,BULL_BOUNCE_PENDING,25.51,24.35,27.97,28.38,86,2.12,FAVORABLE,26.03,LIMIT,20,MINOR,2026-09-23,2026-09-23T04:54:07.214958
WMS,SHORT,CONVICTION,76.3,BEAR_REJECTION_PENDING,132.41,134.34,126.93,125.1,51,2.84,FAVORABLE,130.73,LIMIT,20,CONVICTION,2026-09-23,2026-09-23T04:55:02.720228
BABX,LONG,CONVICTION,76.3,BULL_BOUNCE_PENDING,20.42,19.2,21.44,,82,0.84,FAVORABLE,17.88,STOP,20,COMPRESSION,2026-09-23,2026-09-23T05:00:20.232835
CYPH,LONG,CONVICTION,76.3,BULL_BOUNCE_PENDING,3.89,3.62,4.09,,362,0.71,FAVORABLE,3.9708,LIMIT,5,MINOR,2026-09-23,2026-09-23T05:05:17.537583
WLK,LONG,CONVICTION,76.3,BULL_BOUNCE,68.8,66.36,78.67,78.67,40,4.04,FAVORABLE,68.8,LIMIT,20,COMPRESSION,2026-09-23,2026-09-23T05:07:56.006314
CAI,LONG,CONVICTION,76.2,BULL_BOUNCE_PENDING,32.39,30.5,36.3,,52,2.07,FAVORABLE,31.6929,STOP,8,COMPRESSION,2026-09-23,2026-09-23T04:31:29.731166
KGS,LONG,CONVICTION,76.2,BULL_BOUNCE_PENDING,54.66,52.16,61.27,61.27,40,2.64,FAVORABLE,55.78,LIMIT,20,CONVICTION,2026-09-23,2026-09-23T04:46:28.774780
LECO,LONG,CONVICTION,76.2,BULL_BOUNCE_PENDING,260.19,257.59,267.15,277.89,38,2.68,FAVORABLE,262.0,LIMIT,20,CONVICTION,2026-09-23,2026-09-23T05:04:20.525335
MDT,LONG,CONVICTION,76.0,BULL_BOUNCE_PENDING,92.76,89.53,98.54,,30,1.79,FAVORABLE,90.8,STOP,20,COMPRESSION,2026-09-23,2026-09-23T04:36:46.647555
WHD,LONG,CONVICTION,76.0,BULL_BOUNCE_PENDING,64.98,62.58,69.07,71.28,41,1.7,FAVORABLE,66.31,LIMIT,20,COMPRESSION,2026-09-23,2026-09-23T04:49:44.491044
KOPN,LONG,CONVICTION,76.0,BULL_BOUNCE_CONFIRMED,4.94,4.4,5.19,,184,0.46,FAVORABLE,4.94,LIMIT,18,COMPRESSION,2026-09-23,2026-09-23T04:50:45.638093
XYZ,LONG,CONVICTION,76.0,BULL_BOUNCE_PENDING,75.69,71.96,81.59,85.93,26,1.58,FAVORABLE,77.2333,LIMIT,20,COMPRESSION,2026-09-23,2026-09-23T04:55:06.063761
RVTY,LONG,CONVICTION,75.9,BULL_BOUNCE_PENDING,140.53,139.08,146.5,146.5,68,4.1,FAVORABLE,143.31,LIMIT,20,COMPRESSION,2026-09-23,2026-09-23T05:00:56.071480
CX,LONG,CONVICTION,75.9,BULL_BOUNCE_PENDING,10.28,9.88,11.3,11.47,251,2.57,FAVORABLE,10.23,STOP,20,COMPRESSION,2026-09-23,2026-09-23T05:01:21.877621
OKE,LONG,CONVICTION,75.9,BULL_BOUNCE_PENDING,88.29,86.36,92.58,102.95,51,2.22,FAVORABLE,90.09,LIMIT,20,COMPRESSION,2026-09-23,2026-09-23T05:04:27.397419
AVT,LONG,CONVICTION,75.9,BULL_BOUNCE_PENDING,96.75,95.66,98.52,,91,1.62,FAVORABLE,98.25,LIMIT,5,MINOR,2026-09-23,2026-09-23T05:10:55.756282
CHPT,LONG,CONVICTION,75.8,BULL_BOUNCE_PENDING,10.28,9.33,10.79,,105,0.54,FAVORABLE,9.89,STOP,0,NONE,2026-09-23,2026-09-23T05:08:00.270322
F,LONG,CONVICTION,75.7,BULL_BOUNCE_PENDING,12.87,11.63,14.78,,80,1.54,FAVORABLE,13.13,LIMIT,20,COMPRESSION,2026-09-23,2026-09-23T04:38:42.797112
G,LONG,CONVICTION,75.7,BULL_BOUNCE_PENDING,33.21,32.02,36.79,36.79,83,3.0,FAVORABLE,33.89,LIMIT,20,COMPRESSION,2026-09-23,2026-09-23T04:59:13.670404
MCK,SHORT,CONVICTION,75.6,BEAR_REJECTION_PENDING,895.57,904.06,861.47,812.87,11,4.02,FAVORABLE,891.23,LIMIT,20,CONVICTION,2026-09-23,2026-09-23T05:03:28.614830
GMED,LONG,CONVICTION,75.5,BULL_BOUNCE_PENDING,74.97,73.92,77.79,82.07,95,2.68,FAVORABLE,76.5,LIMIT,20,COMPRESSION,2026-09-23,2026-09-23T04:48:31.454547
PEGA,LONG,CONVICTION,75.5,BULL_BOUNCE_PENDING,34.22,33.66,36.07,36.84,178,3.31,FAVORABLE,34.705,LIMIT,20,COMPRESSION,2026-09-23,2026-09-23T04:54:28.478420
DK,LONG,CONVICTION,75.4,BULL_BOUNCE_PENDING,71.54,63.19,75.12,,11,0.43,FAVORABLE,73.0,LIMIT,20,COMPRESSION,2026-09-23,2026-09-23T04:32:02.357902
CONL,LONG,CONVICTION,75.4,BULL_BOUNCE_PENDING,6.84,5.69,7.18,,87,0.3,FAVORABLE,6.59,STOP,20,COMPRESSION,2026-09-23,2026-09-23T04:45:27.866605
SNXX,LONG,CONVICTION,75.4,BULL_BOUNCE_PENDING,19.27,17.74,22.04,,65,1.81,FAVORABLE,19.66,LIMIT,9,COMPRESSION,2026-09-23,2026-09-23T04:49:25.726866
BRUN,LONG,CONVICTION,75.4,BULL_BOUNCE_CONFIRMED,17.45,16.6,19.91,19.66,117,2.88,FAVORABLE,17.45,LIMIT,13,COMPRESSION,2026-09-23,2026-09-23T04:52:17.278820
OII,LONG,CONVICTION,75.4,BULL_BOUNCE_PENDING,46.06,44.77,50.41,50.41,77,3.39,FAVORABLE,47.0,LIMIT,20,COMPRESSION,2026-09-23,2026-09-23T04:57:12.141776
BOOT,LONG,CONVICTION,75.4,BULL_BOUNCE_PENDING,126.69,123.71,141.91,134.8,33,5.1,FAVORABLE,129.28,LIMIT,20,CONVICTION,2026-09-23,2026-09-23T04:58:34.423310
PLSE,LONG,CONVICTION,75.4,BULL_BOUNCE_PENDING,53.84,50.36,56.53,,28,0.77,FAVORABLE,52.69,STOP,20,COMPRESSION,2026-09-23,2026-09-23T05:07:08.312614
LIFE,LONG,CONVICTION,75.3,BULL_BOUNCE_PENDING,35.46,34.54,39.63,38.76,109,4.57,FAVORABLE,36.18,LIMIT,20,COMPRESSION,2026-09-23,2026-09-23T04:32:03.080902
CRBG,LONG,CONVICTION,75.3,BULL_BOUNCE,33.98,33.11,35.68,,115,1.96,FAVORABLE,33.98,LIMIT,13,COMPRESSION,2026-09-23,2026-09-23T05:07:20.596700
TYRA,LONG,CONVICTION,75.3,BULL_BOUNCE_PENDING,25.08,22.73,29.0,,42,1.67,FAVORABLE,25.59,LIMIT,14,CONVICTION,2026-09-23,2026-09-23T05:09:17.535423
DNLI,LONG,CONVICTION,75.1,BULL_BOUNCE_PENDING,21.81,20.6,23.72,24.66,82,1.58,FAVORABLE,21.5,STOP,20,COMPRESSION,2026-09-23,2026-09-23T04:34:39.929756
ISRG,LONG,CONVICTION,75.1,BULL_BOUNCE_PENDING,404.37,391.36,446.91,457.56,7,3.27,FAVORABLE,402.0,STOP,20,CONVICTION,2026-09-23,2026-09-23T04:38:41.078106
GLOB,LONG,CONVICTION,75.1,BULL_BOUNCE_PENDING,34.31,32.41,39.31,39.31,52,2.63,FAVORABLE,35.01,LIMIT,20,MINOR,2026-09-23,2026-09-23T04:48:29.004545
DAVE,LONG,CONVICTION,75.1,BULL_BOUNCE,346.68,326.5,385.97,394.9,4,1.95,FAVORABLE,346.68,LIMIT,20,VACUUM,2026-09-23,2026-09-23T04:49:53.235062
IAUX,LONG,CONVICTION,75.0,BULL_BOUNCE_PENDING,1.79,1.77,1.89,2.01,4182,3.97,FAVORABLE,1.82,LIMIT,15,COMPRESSION,2026-09-23,2026-09-23T04:33:57.955681
ALTO,LONG,CONVICTION,75.0,BULL_BOUNCE_PENDING,3.75,2.65,3.94,,90,0.17,FAVORABLE,3.83,LIMIT,20,COMPRESSION,2026-09-23,2026-09-23T04:44:39.964366
REPL,LONG,CONVICTION,75.0,BULL_BOUNCE_PENDING,13.65,12.74,15.22,,109,1.72,FAVORABLE,13.47,STOP,20,COMPRESSION,2026-09-23,2026-09-23T04:49:11.873792
NVDU,LONG,CONVICTION,75.0,BULL_BOUNCE,146.0,138.81,158.0,167.8,13,1.67,FAVORABLE,146.0,LIMIT,20,MINOR,2026-09-23,2026-09-23T04:53:10.847265
PLGO,LONG,CONVICTION,75.0,BULL_BOUNCE_PENDING,22.93,20.15,24.08,,35,0.41,FAVORABLE,23.4,LIMIT,20,COMPRESSION,2026-09-23,2026-09-23T04:54:31.232426
DTM,LONG,CONVICTION,75.0,BULL_BOUNCE_PENDING,122.81,121.7,130.42,131.66,89,6.81,FAVORABLE,124.96,LIMIT,20,VACUUM,2026-09-23,2026-09-23T05:04:10.457480
PBR,LONG,CONVICTION,75.0,BULL_BOUNCE_PENDING,20.39,20.02,21.77,21.87,269,3.72,FAVORABLE,20.79,LIMIT,20,MINOR,2026-09-23,2026-09-23T05:07:07.724611
ATI,SHORT,CONVICTION,75.0,BEAR_REJECTION_PENDING,190.29,199.76,165.0,165.0,10,2.67,FAVORABLE,186.56,LIMIT,20,CONVICTION,2026-09-23,2026-09-23T05:08:52.828610
GOLD,LONG,CONVICTION,75.0,BULL_BOUNCE_PENDING,44.1,41.66,51.07,50.47,41,2.86,FAVORABLE,45.0,LIMIT,20,VACUUM,2026-09-23,2026-09-23T05:08:58.811621
CYTK,LONG,CONVICTION,75.0,BULL_BOUNCE_PENDING,66.54,62.63,73.88,76.24,25,1.88,FAVORABLE,67.9,LIMIT,20,COMPRESSION,2026-09-23,2026-09-23T05:09:43.951004
DFDV,LONG,CONVICTION,75.0,BULL_BOUNCE_CONFIRMED,6.38,5.92,7.15,,218,1.68,FAVORABLE,6.38,LIMIT,10,COMPRESSION,2026-09-23,2026-09-23T05:12:32.173294
CHRW,LONG,CONVICTION,74.9,BULL_BOUNCE_PENDING,148.56,146.9,155.6,161.89,60,4.25,FAVORABLE,149.56,LIMIT,20,CONVICTION,2026-09-23,2026-09-23T04:53:40.344696
TSHA,LONG,CONVICTION,74.8,BULL_BOUNCE_CONFIRMED,5.28,5.01,5.7,5.99,374,1.57,FAVORABLE,5.2815,LIMIT,20,COMPRESSION,2026-09-23,2026-09-23T04:35:25.108474
NIQ,LONG,CONVICTION,74.8,BULL_BOUNCE_PENDING,18.61,17.64,19.54,,103,0.96,FAVORABLE,17.95,STOP,20,MINOR,2026-09-23,2026-09-23T04:51:01.791124
MRX,LONG,CONVICTION,74.8,BULL_BOUNCE_PENDING,69.58,59.63,73.06,,10,0.35,FAVORABLE,71.0,LIMIT,20,COMPRESSION,2026-09-23,2026-09-23T04:53:05.949831
EYE,LONG,CONVICTION,74.8,BULL_BOUNCE_CONFIRMED,16.55,15.82,18.44,18.6,137,2.59,FAVORABLE,16.55,LIMIT,20,COMPRESSION,2026-09-23,2026-09-23T05:03:19.623132
WSM,LONG,CONVICTION,74.8,BULL_BOUNCE_PENDING,229.14,226.02,235.67,249.62,32,2.1,FAVORABLE,232.69,LIMIT,20,COMPRESSION,2026-09-23,2026-09-23T05:05:04.678370
MGA,SHORT,CONVICTION,74.8,BEAR_REJECTION_PENDING,64.83,66.46,58.57,56.63,61,3.84,FAVORABLE,63.79,LIMIT,20,CONVICTION,2026-09-23,2026-09-23T05:07:36.039276
SITE,LONG,CONVICTION,74.8,BULL_BOUNCE_PENDING,92.5,90.86,96.32,98.29,61,2.33,FAVORABLE,94.39,LIMIT,20,CONVICTION,2026-09-23,2026-09-23T05:09:14.644417
ABT,LONG,CONVICTION,74.7,BULL_BOUNCE_PENDING,104.64,102.47,111.54,112.75,45,3.17,FAVORABLE,104.0,STOP,20,COMPRESSION,2026-09-23,2026-09-23T04:35:31.083486
APA,LONG,CONVICTION,74.7,BULL_BOUNCE_PENDING,41.36,39.92,44.13,45.12,69,1.93,FAVORABLE,42.2008,LIMIT,20,COMPRESSION,2026-09-23,2026-09-23T04:45:01.810484
MIAX,LONG,CONVICTION,74.7,BULL_BOUNCE_PENDING,36.02,30.9,37.83,,19,0.35,FAVORABLE,36.76,LIMIT,20,COMPRESSION,2026-09-23,2026-09-23T04:53:05.185832
GRPN,LONG,CONVICTION,74.7,BULL_BOUNCE_PENDING,20.95,18.98,24.29,,50,1.7,FAVORABLE,21.38,LIMIT,20,COMPRESSION,2026-09-23,2026-09-23T05:12:49.594389
WRBY,LONG,CONVICTION,74.6,BULL_BOUNCE_PENDING,22.48,18.68,23.61,,26,0.3,FAVORABLE,22.94,LIMIT,20,MINOR,2026-09-23,2026-09-23T05:00:09.972803
POWI,LONG,CONVICTION,74.6,BULL_BOUNCE,51.64,49.23,56.16,58.56,41,1.88,FAVORABLE,51.64,LIMIT,20,COMPRESSION,2026-09-23,2026-09-23T05:11:17.985848
AGEN,LONG,CONVICTION,74.5,BULL_BOUNCE_PENDING,8.55,8.21,8.97,,296,1.27,FAVORABLE,8.72,LIMIT,3,MINOR,2026-09-23,2026-09-23T04:32:25.265568
TEAM,LONG,CONVICTION,74.5,BULL_BOUNCE,188.21,179.09,197.62,,10,1.03,FAVORABLE,188.21,LIMIT,13,MINOR,2026-09-23,2026-09-23T04:43:01.950599
WK,LONG,CONVICTION,74.5,BULL_BOUNCE_PENDING,68.43,67.4,75.3,75.3,96,6.64,FAVORABLE,69.83,LIMIT,20,CONVICTION,2026-09-23,2026-09-23T04:52:03.355119
PTCT,SHORT,CONVICTION,74.4,BEAR_REJECTION_PENDING,67.28,69.65,60.89,59.07,42,2.7,FAVORABLE,65.96,LIMIT,20,CONVICTION,2026-09-23,2026-09-23T04:44:09.965396
GCTS,LONG,CONVICTION,74.4,BULL_BOUNCE_PENDING,2.16,2.05,2.42,2.45,982,2.64,FAVORABLE,2.2,LIMIT,18,COMPRESSION,2026-09-23,2026-09-23T04:44:14.363760
RMBS,LONG,CONVICTION,74.4,BULL_BOUNCE_PENDING,100.96,98.01,108.49,108.49,33,2.55,FAVORABLE,103.0206,LIMIT,20,CONVICTION,2026-09-23,2026-09-23T05:12:58.635006
BRKR,LONG,CONVICTION,74.3,BULL_BOUNCE_PENDING,60.74,55.35,69.46,,18,1.62,FAVORABLE,61.9812,LIMIT,9,COMPRESSION,2026-09-23,2026-09-23T04:47:55.892261
MLI,LONG,CONVICTION,74.2,BULL_BOUNCE_PENDING,58.7,57.22,65.71,68.06,67,4.74,FAVORABLE,59.9,LIMIT,20,MINOR,2026-09-23,2026-09-23T05:04:21.712884
ASML,LONG,CONVICTION,74.2,BULL_BOUNCE,1726.0,1669.97,1829.24,1971.06,1,1.84,FAVORABLE,1726.0,LIMIT,20,CONVICTION,2026-09-23,2026-09-23T05:12:23.952281
SGMT,LONG,CONVICTION,74.1,BULL_BOUNCE,10.98,10.41,11.4,,176,0.74,FAVORABLE,10.98,LIMIT,20,MINOR,2026-09-23,2026-09-23T04:32:31.680117
ICLR,SHORT,CONVICTION,74.1,BEAR_REJECTION_PENDING,168.75,182.91,160.31,,7,0.6,FAVORABLE,167.11,LIMIT,20,CONVICTION,2026-09-23,2026-09-23T04:57:08.634174
CNK,LONG,CONVICTION,74.1,BULL_BOUNCE_PENDING,36.97,35.38,38.82,,62,1.16,FAVORABLE,35.1843,STOP,20,COMPRESSION,2026-09-23,2026-09-23T05:02:15.705852
EBAY,LONG,CONVICTION,74.1,BULL_BOUNCE_PENDING,107.09,104.32,113.86,117.14,36,2.44,FAVORABLE,109.28,LIMIT,17,VACUUM,2026-09-23,2026-09-23T05:12:17.362583
NTSK,LONG,CONVICTION,74.0,BULL_BOUNCE_PENDING,18.75,17.12,21.4,,61,1.63,FAVORABLE,18.675,STOP,3,CONVICTION,2026-09-23,2026-09-23T04:29:47.548188
CTNT,LONG,CONVICTION,74.0,BULL_BOUNCE_PENDING,0.05,0.04,0.05,,10983,0.27,FAVORABLE,0.0441,STOP,6,COMPRESSION,2026-09-23,2026-09-23T04:31:20.793152
MARA,LONG,CONVICTION,74.0,BULL_BOUNCE_CONFIRMED,13.63,12.43,14.31,,83,0.57,FAVORABLE,13.63,LIMIT,6,MINOR,2026-09-23,2026-09-23T04:33:03.368240
GEHC,LONG,CONVICTION,74.0,BULL_BOUNCE_PENDING,65.54,64.49,67.95,71.3,94,2.29,FAVORABLE,66.36,LIMIT,20,COMPRESSION,2026-09-23,2026-09-23T04:38:34.765095
AMZN,LONG,CONVICTION,74.0,BULL_BOUNCE,256.21,251.02,274.01,269.76,19,3.43,FAVORABLE,256.21,LIMIT,20,COMPRESSION,2026-09-23,2026-09-23T04:40:50.980093
CRML,LONG,CONVICTION,74.0,BULL_BOUNCE,8.42,7.76,8.53,,151,0.17,FAVORABLE,8.42,LIMIT,20,MINOR,2026-09-23,2026-09-23T04:41:21.981885
CRM,SHORT,CONVICTION,74.0,BEAR_REJECTION_PENDING,239.4,251.79,209.63,204.92,8,2.4,FAVORABLE,234.71,LIMIT,20,CONVICTION,2026-09-23,2026-09-23T04:42:48.596558
XNDU,LONG,CONVICTION,74.0,BULL_BOUNCE_PENDING,5.95,5.65,6.42,6.95,323,1.51,FAVORABLE,6.0758,LIMIT,7,MINOR,2026-09-23,2026-09-23T04:44:27.193744
BXSL,LONG,CONVICTION,74.0,BULL_BOUNCE_PENDING,24.29,23.36,26.07,27.1,107,1.9,FAVORABLE,24.79,LIMIT,20,COMPRESSION,2026-09-23,2026-09-23T04:45:20.080855
EXPE,LONG,CONVICTION,74.0,BULL_BOUNCE_PENDING,287.41,276.1,313.25,313.76,8,2.29,FAVORABLE,278.9999,STOP,20,CONVICTION,2026-09-23,2026-09-23T04:50:31.056536
ECHO,LONG,CONVICTION,74.0,BULL_BOUNCE_PENDING,92.81,89.35,98.38,102.15,28,1.61,FAVORABLE,94.7,LIMIT,20,COMPRESSION,2026-09-23,2026-09-23T04:52:37.738094
PRAX,LONG,CONVICTION,74.0,BULL_BOUNCE_PENDING,298.99,294.66,342.25,330.42,23,9.99,FAVORABLE,300.94,LIMIT,20,COMPRESSION,2026-09-23,2026-09-23T04:53:15.574064
SPSC,LONG,CONVICTION,74.0,BULL_BOUNCE_PENDING,83.49,77.87,87.66,,17,0.74,FAVORABLE,81.48,STOP,20,CONVICTION,2026-09-23,2026-09-23T04:53:30.373679
NNE,LONG,CONVICTION,74.0,BULL_BOUNCE_PENDING,16.93,15.65,19.03,,77,1.63,FAVORABLE,17.28,LIMIT,20,COMPRESSION,2026-09-23,2026-09-23T04:54:17.256588
CGNX,LONG,CONVICTION,74.0,BULL_BOUNCE,59.06,56.76,64.72,66.9,43,2.46,FAVORABLE,59.06,LIMIT,20,COMPRESSION,2026-09-23,2026-09-23T04:55:27.423055
IMNM,LONG,CONVICTION,74.0,BULL_BOUNCE_PENDING,25.84,24.16,28.45,,59,1.55,FAVORABLE,25.75,STOP,20,COMPRESSION,2026-09-23,2026-09-23T04:59:24.033200
EGO,LONG,CONVICTION,74.0,BULL_BOUNCE,44.19,42.23,47.94,,50,1.91,FAVORABLE,44.19,LIMIT,20,MINOR,2026-09-23,2026-09-23T05:00:23.190845
BBWI,LONG,CONVICTION,74.0,BULL_BOUNCE_CONFIRMED,17.44,16.65,19.5,19.97,125,2.57,FAVORABLE,17.4449,LIMIT,20,COMPRESSION,2026-09-23,2026-09-23T05:04:05.205863
GLL,LONG,CONVICTION,74.0,BULL_BOUNCE_CONFIRMED,23.13,22.13,26.14,26.27,99,3.01,FAVORABLE,23.13,LIMIT,20,CONVICTION,2026-09-23,2026-09-23T05:06:29.443887
MLYS,LONG,CONVICTION,74.0,BULL_BOUNCE_PENDING,28.71,26.62,32.71,,47,1.9,FAVORABLE,29.3,LIMIT,10,COMPRESSION,2026-09-23,2026-09-23T05:07:38.877280
DAPP,LONG,CONVICTION,74.0,BULL_BOUNCE,21.72,20.73,23.92,,101,2.23,FAVORABLE,21.72,LIMIT,10,CONVICTION,2026-09-23,2026-09-23T05:08:22.467481
HDB,LONG,CONVICTION,74.0,BULL_BOUNCE,23.37,22.79,24.76,24.76,170,2.38,FAVORABLE,23.37,LIMIT,20,CONVICTION,2026-09-23,2026-09-23T05:11:09.389200
GEMI,LONG,CONVICTION,74.0,BULL_BOUNCE,5.88,5.4,6.04,,207,0.33,FAVORABLE,5.88,LIMIT,8,COMPRESSION,2026-09-23,2026-09-23T05:12:36.806303
ARWR,LONG,CONVICTION,74.0,BULL_BOUNCE_PENDING,70.39,65.02,73.91,,18,0.66,FAVORABLE,71.83,LIMIT,14,MINOR,2026-09-23,2026-09-23T05:13:08.005455
AUUD,LONG,CONVICTION,73.9,BULL_BOUNCE_PENDING,1.4,1.34,1.49,,1778,1.6,FAVORABLE,1.4297,LIMIT,1,MINOR,2026-09-23,2026-09-23T05:06:52.968581
QRVO,LONG,CONVICTION,73.9,BULL_BOUNCE_PENDING,119.3,111.22,125.27,,12,0.74,FAVORABLE,117.4492,STOP,12,MINOR,2026-09-23,2026-09-23T05:07:41.947287
VVV,LONG,CONVICTION,73.9,BULL_BOUNCE_PENDING,28.8,27.28,31.72,32.34,65,1.92,FAVORABLE,28.5305,STOP,20,COMPRESSION,2026-09-23,2026-09-23T05:13:22.673994
GLW,LONG,CONVICTION,73.8,BULL_BOUNCE_PENDING,156.74,149.89,168.0,172.33,14,1.64,FAVORABLE,159.94,LIMIT,17,VACUUM,2026-09-23,2026-09-23T04:37:50.770480
DDS,LONG,CONVICTION,73.8,BULL_BOUNCE,650.17,628.31,701.78,704.48,4,2.36,FAVORABLE,650.17,LIMIT,20,CONVICTION,2026-09-23,2026-09-23T04:48:16.737103
FRPT,LONG,CONVICTION,73.8,BULL_BOUNCE_PENDING,58.76,57.25,63.67,66.5,66,3.24,FAVORABLE,59.96,LIMIT,20,MINOR,2026-09-23,2026-09-23T04:50:33.311540
MSGE,LONG,CONVICTION,73.8,BULL_BOUNCE_PENDING,78.57,75.73,87.7,87.7,35,3.22,FAVORABLE,80.17,LIMIT,20,VACUUM,2026-09-23,2026-09-23T04:53:07.429751
BTE,LONG,CONVICTION,73.7,BULL_BOUNCE_PENDING,4.47,4.27,5.06,4.95,496,2.93,FAVORABLE,4.5612,LIMIT,20,COMPRESSION,2026-09-23,2026-09-23T04:34:22.545660
AKAM,SHORT,CONVICTION,73.7,BEAR_REJECTION_PENDING,121.27,123.58,106.04,112.42,43,6.59,FAVORABLE,118.8942,LIMIT,20,CONVICTION,2026-09-23,2026-09-23T04:47:45.419239
CLMT,LONG,CONVICTION,73.7,BULL_BOUNCE_PENDING,54.54,53.63,56.58,58.12,110,2.25,FAVORABLE,55.65,LIMIT,20,CONVICTION,2026-09-23,2026-09-23T04:48:07.554689
EPAM,LONG,CONVICTION,73.7,BULL_BOUNCE_PENDING,109.76,108.31,116.82,120.9,68,4.86,FAVORABLE,112.0,LIMIT,20,COMPRESSION,2026-09-23,2026-09-23T04:58:47.864477
AAPU,LONG,CONVICTION,73.7,BULL_BOUNCE_PENDING,47.69,44.9,50.07,,35,0.86,FAVORABLE,46.31,STOP,20,COMPRESSION,2026-09-23,2026-09-23T05:06:57.972399
GLXY,SHORT,CONVICTION,73.6,BEAR_REJECTION_PENDING,27.54,28.67,23.48,24.41,88,3.58,FAVORABLE,27.24,LIMIT,4,COMPRESSION,2026-09-23,2026-09-23T04:34:55.606784
MUR,LONG,CONVICTION,73.6,BULL_BOUNCE_PENDING,33.81,33.2,36.88,35.51,164,5.06,FAVORABLE,34.5,LIMIT,20,COMPRESSION,2026-09-23,2026-09-23T04:48:52.833592
VST,LONG,CONVICTION,73.5,BULL_BOUNCE_PENDING,138.02,128.98,153.92,159.41,11,1.76,FAVORABLE,140.84,LIMIT,20,CONVICTION,2026-09-23,2026-09-23T04:37:05.083662
NVDA,LONG,CONVICTION,73.5,BULL_BOUNCE_PENDING,230.21,221.34,241.72,,11,1.3,FAVORABLE,229.01,STOP,8,VACUUM,2026-09-23,2026-09-23T04:42:01.623320
FSK,LONG,CONVICTION,73.5,BULL_BOUNCE_PENDING,11.17,10.08,11.73,,91,0.51,FAVORABLE,11.4,LIMIT,20,COMPRESSION,2026-09-23,2026-09-23T04:46:03.310917
SILJ,SHORT,CONVICTION,73.5,BEAR_REJECTION_PENDING,30.65,32.1,27.39,26.96,68,2.25,FAVORABLE,30.46,LIMIT,20,COMPRESSION,2026-09-23,2026-09-23T05:03:38.484721
W,LONG,CONVICTION,73.5,BULL_BOUNCE_PENDING,108.79,104.53,116.89,,23,1.9,FAVORABLE,107.35,STOP,11,MINOR,2026-09-23,2026-09-23T05:11:34.004875
MEDS,LONG,CONVICTION,73.5,BULL_BOUNCE_PENDING,5.39,3.74,5.66,,60,0.16,FAVORABLE,4.2,STOP,6,MINOR,2026-09-23,2026-09-23T05:11:57.258946
RPD,LONG,CONVICTION,73.4,BULL_BOUNCE_PENDING,12.94,11.83,13.59,,90,0.58,FAVORABLE,12.7085,STOP,20,COMPRESSION,2026-09-23,2026-09-23T04:51:23.425602
CNC,LONG,CONVICTION,73.4,BULL_BOUNCE_PENDING,62.04,55.44,65.15,,15,0.47,FAVORABLE,63.31,LIMIT,20,COMPRESSION,2026-09-23,2026-09-23T04:52:31.694538
SOLT,LONG,CONVICTION,73.4,BULL_BOUNCE_PENDING,76.74,72.64,84.2,,24,1.82,FAVORABLE,74.85,STOP,20,CONVICTION,2026-09-23,2026-09-23T05:05:50.226838
CGON,LONG,CONVICTION,73.3,BULL_BOUNCE_PENDING,80.71,76.24,84.75,,22,0.9,FAVORABLE,77.74,STOP,20,VACUUM,2026-09-23,2026-09-23T04:56:59.495586
UVIX,SHORT,CONVICTION,73.3,BEAR_REJECTION_PENDING,35.9,37.82,34.11,,52,0.94,FAVORABLE,35.2,LIMIT,20,CONVICTION,2026-09-23,2026-09-23T05:09:56.758566
RMD,LONG,CONVICTION,73.2,BULL_BOUNCE_PENDING,220.74,219.01,250.08,254.3,57,16.97,FAVORABLE,222.99,LIMIT,20,CONVICTION,2026-09-23,2026-09-23T04:49:16.287450
BCO,LONG,CONVICTION,73.2,BULL_BOUNCE_PENDING,104.98,102.76,113.56,123.0,45,3.87,FAVORABLE,107.12,LIMIT,20,COMPRESSION,2026-09-23,2026-09-23T04:50:12.727019
GGB,LONG,CONVICTION,73.2,BULL_BOUNCE_PENDING,5.06,4.79,5.31,,363,0.92,FAVORABLE,5.02,STOP,12,MINOR,2026-09-23,2026-09-23T05:07:28.474260
NRG,LONG,CONVICTION,73.1,BULL_BOUNCE_PENDING,100.94,98.31,110.0,110.0,37,3.44,FAVORABLE,103.0,LIMIT,20,CONVICTION,2026-09-23,2026-09-23T04:56:04.754458
INSM,SHORT,CONVICTION,73.1,BEAR_REJECTION_PENDING,122.0,126.04,115.9,,24,1.51,FAVORABLE,120.82,LIMIT,20,MINOR,2026-09-23,2026-09-23T05:07:32.504267
XOM,SHORT,CONVICTION,73.0,BEAR_REJECTION_PENDING,160.96,164.36,154.5,140.92,29,1.9,FAVORABLE,159.5849,LIMIT,20,CONVICTION,2026-09-23,2026-09-23T04:36:34.198000
PSKY,LONG,CONVICTION,73.0,BULL_BOUNCE_PENDING,10.74,9.89,11.28,,117,0.63,FAVORABLE,10.16,STOP,12,COMPRESSION,2026-09-23,2026-09-23T04:39:04.934526
NAVN,SHORT,CONVICTION,73.0,BEAR_REJECTION_PENDING,21.33,26.02,20.26,,21,0.23,FAVORABLE,20.91,LIMIT,20,CONVICTION,2026-09-23,2026-09-23T04:44:20.411155
SGHC,LONG,CONVICTION,73.0,BULL_BOUNCE_PENDING,12.1,9.73,12.71,,42,0.26,FAVORABLE,12.35,LIMIT,2,COMPRESSION,2026-09-23,2026-09-23T05:02:43.618080
LOPE,LONG,CONVICTION,73.0,BULL_BOUNCE_PENDING,143.84,132.44,165.17,,8,1.87,FAVORABLE,146.78,LIMIT,20,COMPRESSION,2026-09-23,2026-09-23T05:03:27.527690
SNPS,LONG,CONVICTION,73.0,BULL_BOUNCE_PENDING,405.99,401.93,427.8,428.21,24,5.37,FAVORABLE,408.75,LIMIT,20,CONVICTION,2026-09-23,2026-09-23T05:03:40.321932
ABM,SHORT,CONVICTION,73.0,BEAR_REJECTION_PENDING,50.32,55.18,42.68,,20,1.57,FAVORABLE,49.94,LIMIT,20,CONVICTION,2026-09-23,2026-09-23T05:09:39.855464
ECO,SHORT,CONVICTION,73.0,BEAR_REJECTION_PENDING,77.83,83.04,67.34,,19,2.01,FAVORABLE,77.21,LIMIT,20,CONVICTION,2026-09-23,2026-09-23T05:11:03.903829
ONTO,SHORT,CONVICTION,72.9,BEAR_REJECTION_PENDING,284.85,294.8,256.94,261.0,10,2.81,FAVORABLE,282.85,LIMIT,15,CONVICTION,2026-09-23,2026-09-23T04:51:15.809518
FROG,LONG,CONVICTION,72.8,BULL_BOUNCE_PENDING,88.19,84.87,97.45,97.45,30,2.79,FAVORABLE,89.99,LIMIT,20,MINOR,2026-09-23,2026-09-23T04:31:58.360354
MSTR,LONG,CONVICTION,72.8,BULL_BOUNCE_PENDING,168.81,165.83,183.36,183.01,33,4.89,FAVORABLE,169.6667,LIMIT,10,VACUUM,2026-09-23,2026-09-23T04:32:31.928117
AXON,SHORT,CONVICTION,72.8,BEAR_REJECTION_PENDING,461.88,468.83,393.59,423.01,14,9.82,FAVORABLE,459.915,LIMIT,20,CONVICTION,2026-09-23,2026-09-23T04:45:16.859725
NBIG,SHORT,CONVICTION,72.8,BEAR_REJECTION_PENDING,18.91,21.85,17.96,,34,0.32,FAVORABLE,18.6,LIMIT,18,CONVICTION,2026-09-23,2026-09-23T04:50:59.517121
BSX,LONG,CONVICTION,72.7,BULL_BOUNCE_PENDING,44.23,43.5,50.29,46.96,137,8.35,FAVORABLE,45.13,LIMIT,20,COMPRESSION,2026-09-23,2026-09-23T04:42:57.664587
HONA,LONG,CONVICTION,72.7,BULL_BOUNCE_PENDING,163.81,157.57,178.86,181.06,16,2.41,FAVORABLE,167.15,LIMIT,10,MINOR,2026-09-23,2026-09-23T04:46:16.178125
EQH,LONG,CONVICTION,72.7,BULL_BOUNCE_PENDING,51.16,49.0,55.55,,46,2.04,FAVORABLE,52.2,LIMIT,20,COMPRESSION,2026-09-23,2026-09-23T05:07:26.465255
NOVT,LONG,CONVICTION,72.7,BULL_BOUNCE_PENDING,142.08,140.49,148.55,149.94,62,4.06,FAVORABLE,143.5,LIMIT,20,CONVICTION,2026-09-23,2026-09-23T05:13:17.347914
INSW,SHORT,CONVICTION,72.6,BEAR_REJECTION_PENDING,104.71,109.56,93.56,91.76,20,2.3,FAVORABLE,104.0,LIMIT,20,CONVICTION,2026-09-23,2026-09-23T04:52:52.268123
TSLG,LONG,CONVICTION,72.6,BULL_BOUNCE_PENDING,5.21,5.03,5.68,5.78,570,2.68,FAVORABLE,5.18,STOP,20,COMPRESSION,2026-09-23,2026-09-23T04:54:51.031209
PTGX,LONG,CONVICTION,72.6,BULL_BOUNCE_PENDING,142.17,136.8,150.35,158.8,18,1.52,FAVORABLE,145.07,LIMIT,20,MINOR,2026-09-23,2026-09-23T04:56:22.925586
TMC,LONG,CONVICTION,72.6,BULL_BOUNCE_PENDING,4.48,4.11,4.7,,269,0.6,FAVORABLE,4.4,STOP,20,COMPRESSION,2026-09-23,2026-09-23T05:01:43.604747
SOXX,LONG,CONVICTION,72.6,BULL_BOUNCE_PENDING,574.09,548.91,624.0,633.24,3,1.98,FAVORABLE,568.7,STOP,20,CONVICTION,2026-09-23,2026-09-23T05:13:22.344995
BOIL,LONG,CONVICTION,72.4,BULL_BOUNCE_PENDING,21.47,19.13,25.03,,42,1.52,FAVORABLE,21.91,LIMIT,11,MINOR,2026-09-23,2026-09-23T04:57:44.542645
XP,LONG,CONVICTION,72.3,BULL_BOUNCE_PENDING,20.79,19.91,22.14,22.88,114,1.55,FAVORABLE,21.21,LIMIT,3,COMPRESSION,2026-09-23,2026-09-23T04:42:00.454312
ROAD,LONG,CONVICTION,72.3,BULL_BOUNCE_PENDING,95.77,94.78,103.67,108.89,101,8.01,FAVORABLE,96.71,LIMIT,20,CONVICTION,2026-09-23,2026-09-23T04:47:07.119700
ACMR,SHORT,CONVICTION,72.3,BEAR_REJECTION_PENDING,77.25,79.81,71.45,71.45,39,2.27,FAVORABLE,76.0,LIMIT,18,CONVICTION,2026-09-23,2026-09-23T04:56:52.715016
SYRE,SHORT,CONVICTION,72.3,BEAR_REJECTION_PENDING,93.61,107.9,88.92,,6,0.33,FAVORABLE,92.0,LIMIT,13,CONVICTION,2026-09-23,2026-09-23T04:58:04.332341
GGAL,LONG,CONVICTION,72.3,BULL_BOUNCE_PENDING,40.57,36.04,42.6,,22,0.45,FAVORABLE,41.4,LIMIT,20,COMPRESSION,2026-09-23,2026-09-23T05:02:25.498878
CRWV,SHORT,CONVICTION,72.2,BEAR_REJECTION_PENDING,89.78,95.41,80.69,,17,1.61,FAVORABLE,88.0148,LIMIT,11,CONVICTION,2026-09-23,2026-09-23T04:37:23.785899
TNDM,LONG,CONVICTION,72.2,BULL_BOUNCE_PENDING,18.05,16.45,18.95,,62,0.56,FAVORABLE,17.85,STOP,20,COMPRESSION,2026-09-23,2026-09-23T04:47:24.247579
NTAP,LONG,CONVICTION,72.2,BULL_BOUNCE_PENDING,199.18,188.98,209.14,,9,0.98,FAVORABLE,193.6,STOP,20,COMPRESSION,2026-09-23,2026-09-23T05:04:26.640418
EFOR,LONG,CONVICTION,72.1,BULL_BOUNCE,32.28,30.57,32.9,,58,0.36,FAVORABLE,32.28,LIMIT,20,MINOR,2026-09-23,2026-09-23T04:32:50.089149
FTI,LONG,CONVICTION,72.1,BULL_BOUNCE_PENDING,70.03,69.27,71.85,75.7,132,2.42,FAVORABLE,70.82,LIMIT,20,COMPRESSION,2026-09-23,2026-09-23T04:48:26.997759
BEX,LONG,CONVICTION,72.1,BULL_BOUNCE,37.29,31.83,48.05,,18,1.97,FAVORABLE,37.29,LIMIT,1,VACUUM,2026-09-23,2026-09-23T05:02:14.232848
LITE,LONG,CONVICTION,72.0,BULL_BOUNCE_PENDING,945.81,926.97,1000.05,988.78,5,2.88,FAVORABLE,948.44,LIMIT,17,VACUUM,2026-09-23,2026-09-23T04:33:31.494636
BTBT,LONG,CONVICTION,72.0,BULL_BOUNCE_CONFIRMED,1.87,1.72,2.14,,672,1.82,FAVORABLE,1.87,LIMIT,6,COMPRESSION,2026-09-23,2026-09-23T04:34:26.151666
IAG,LONG,CONVICTION,72.0,BULL_BOUNCE_PENDING,20.61,20.25,22.52,22.3,280,5.37,FAVORABLE,20.9076,LIMIT,15,CONVICTION,2026-09-23,2026-09-23T04:36:39.336009
KEY,LONG,CONVICTION,72.0,BULL_BOUNCE_PENDING,20.14,19.47,21.64,22.02,149,2.25,FAVORABLE,20.55,LIMIT,20,MINOR,2026-09-23,2026-09-23T04:36:58.543578
INTU,LONG,CONVICTION,72.0,BULL_BOUNCE_PENDING,293.02,288.86,301.53,312.29,24,2.05,FAVORABLE,293.69,LIMIT,20,CONVICTION,2026-09-23,2026-09-23T04:37:53.380484
CNQ,LONG,CONVICTION,72.0,BULL_BOUNCE_PENDING,47.22,46.28,49.03,50.65,106,1.93,FAVORABLE,48.18,LIMIT,20,COMPRESSION,2026-09-23,2026-09-23T04:39:55.620521
ARKG,LONG,CONVICTION,72.0,BULL_BOUNCE_PENDING,52.0,51.38,53.27,,162,2.05,FAVORABLE,53.06,LIMIT,2,MINOR,2026-09-23,2026-09-23T04:45:07.809575
DOCU,LONG,CONVICTION,72.0,BULL_BOUNCE_PENDING,66.18,65.26,76.78,71.11,108,11.5,FAVORABLE,66.78,LIMIT,20,CONVICTION,2026-09-23,2026-09-23T04:45:46.179416
IT,LONG,CONVICTION,72.0,BULL_BOUNCE_PENDING,175.17,168.37,186.5,200.87,14,1.66,FAVORABLE,178.75,LIMIT,20,MINOR,2026-09-23,2026-09-23T04:48:37.843559
PARR,LONG,CONVICTION,72.0,BULL_BOUNCE_PENDING,77.03,71.8,85.9,,19,1.69,FAVORABLE,78.602,LIMIT,20,COMPRESSION,2026-09-23,2026-09-23T04:49:10.156724
TMDX,LONG,CONVICTION,72.0,BULL_BOUNCE_PENDING,88.59,87.32,101.46,94.07,78,10.12,FAVORABLE,89.44,LIMIT,13,MINOR,2026-09-23,2026-09-23T04:49:35.667027
ZS,LONG,CONVICTION,72.0,BULL_BOUNCE_PENDING,209.72,206.64,230.0,230.06,32,6.59,FAVORABLE,210.8,LIMIT,3,CONVICTION,2026-09-23,2026-09-23T04:49:52.667061
GNRC,LONG,CONVICTION,72.0,BULL_BOUNCE_PENDING,202.43,195.58,229.38,233.94,14,3.93,FAVORABLE,206.56,LIMIT,20,CONVICTION,2026-09-23,2026-09-23T04:50:39.262551
KKR,LONG,CONVICTION,72.0,BULL_BOUNCE_PENDING,102.33,97.41,112.9,,20,2.15,FAVORABLE,98.25,STOP,20,CONVICTION,2026-09-23,2026-09-23T04:50:44.791091
LBRDK,LONG,CONVICTION,72.0,BULL_BOUNCE_PENDING,35.41,33.68,39.83,41.38,57,2.55,FAVORABLE,36.13,LIMIT,5,COMPRESSION,2026-09-23,2026-09-23T04:50:53.389107
MDGL,LONG,CONVICTION,72.0,BULL_BOUNCE_PENDING,516.25,511.38,592.21,539.25,20,15.61,FAVORABLE,518.61,LIMIT,20,CONVICTION,2026-09-23,2026-09-23T04:50:55.693112
ZM,LONG,CONVICTION,72.0,BULL_BOUNCE_PENDING,90.62,89.55,94.73,103.5,93,3.82,FAVORABLE,91.27,LIMIT,20,COMPRESSION,2026-09-23,2026-09-23T05:05:55.743915
BMY,LONG,CONVICTION,71.9,BULL_BOUNCE_PENDING,63.14,61.24,67.24,68.55,52,2.15,FAVORABLE,62.3,STOP,20,COMPRESSION,2026-09-23,2026-09-23T04:38:37.522101
DGXX,LONG,CONVICTION,71.8,BULL_BOUNCE_PENDING,4.25,4.06,4.71,4.71,516,2.36,FAVORABLE,4.34,LIMIT,20,MINOR,2026-09-23,2026-09-23T04:43:32.117502
XOP,LONG,CONVICTION,71.8,BULL_BOUNCE_PENDING,179.52,178.05,187.57,187.57,68,5.47,FAVORABLE,181.97,LIMIT,20,CONVICTION,2026-09-23,2026-09-23T04:49:50.383056
ARXS,LONG,CONVICTION,71.8,BULL_BOUNCE_PENDING,49.94,43.74,52.44,,16,0.4,FAVORABLE,50.96,LIMIT,15,MINOR,2026-09-23,2026-09-23T05:12:21.612273
ETN,SHORT,CONVICTION,71.8,BEAR_REJECTION_PENDING,444.19,457.68,409.46,411.48,7,2.58,FAVORABLE,442.55,LIMIT,6,CONVICTION,2026-09-23,2026-09-23T05:12:33.042296
DPZ,LONG,CONVICTION,71.7,BULL_BOUNCE_PENDING,296.53,293.63,333.0,310.82,34,12.57,FAVORABLE,297.5,LIMIT,20,CONVICTION,2026-09-23,2026-09-23T04:50:26.455288
ARGX,LONG,CONVICTION,71.7,BULL_BOUNCE_PENDING,944.51,889.38,1040.31,1070.81,1,1.74,FAVORABLE,963.79,LIMIT,20,CONVICTION,2026-09-23,2026-09-23T04:56:58.605583
AGI,SHORT,CONVICTION,71.7,BEAR_REJECTION_PENDING,35.7,37.11,33.15,30.49,70,1.8,FAVORABLE,35.37,LIMIT,20,CONVICTION,2026-09-23,2026-09-23T05:00:14.626817
BROS,LONG,CONVICTION,71.7,BULL_BOUNCE_PENDING,38.08,33.46,39.99,,21,0.41,FAVORABLE,38.86,LIMIT,20,COMPRESSION,2026-09-23,2026-09-23T05:07:19.521698
ZD,LONG,CONVICTION,71.7,BULL_BOUNCE_PENDING,57.77,57.2,58.79,59.13,177,1.82,FAVORABLE,58.2,LIMIT,16,COMPRESSION,2026-09-23,2026-09-23T05:11:55.756942
HOOD,LONG,CONVICTION,71.6,BULL_BOUNCE_PENDING,121.56,119.22,131.78,139.87,42,4.37,FAVORABLE,123.65,LIMIT,20,CONVICTION,2026-09-23,2026-09-23T04:33:10.135837
RF,LONG,CONVICTION,71.6,BULL_BOUNCE_PENDING,27.44,26.71,29.57,29.24,136,2.9,FAVORABLE,28.0,LIMIT,20,COMPRESSION,2026-09-23,2026-09-23T04:36:41.059547
PLAG,LONG,CONVICTION,71.6,BULL_BOUNCE_CONFIRMED,0.76,0.73,0.86,0.85,2728,2.61,FAVORABLE,0.763,LIMIT,2,MINOR,2026-09-23,2026-09-23T04:51:16.275518
BL,LONG,CONVICTION,71.6,BULL_BOUNCE_PENDING,27.29,26.27,30.07,30.69,98,2.72,FAVORABLE,27.85,LIMIT,20,MINOR,2026-09-23,2026-09-23T04:53:48.336710
ARW,SHORT,CONVICTION,71.5,BEAR_REJECTION_PENDING,224.98,230.18,215.93,209.61,19,1.74,FAVORABLE,220.9901,LIMIT,20,CONVICTION,2026-09-23,2026-09-23T05:08:49.898604
OPCH,LONG,CONVICTION,71.5,BULL_BOUNCE_PENDING,23.42,21.69,26.97,27.47,57,2.05,FAVORABLE,23.9,LIMIT,20,COMPRESSION,2026-09-23,2026-09-23T05:12:09.901479
UHS,LONG,CONVICTION,71.4,BULL_BOUNCE_PENDING,178.23,176.49,203.23,200.04,57,14.32,FAVORABLE,179.29,LIMIT,16,CONVICTION,2026-09-23,2026-09-23T04:53:35.331690
NUR,LONG,CONVICTION,71.4,BULL_BOUNCE_PENDING,1.39,1.02,1.46,,273,0.19,FAVORABLE,1.09,STOP,20,MINOR,2026-09-23,2026-09-23T05:09:55.887558
QBTS,LONG,CONVICTION,71.2,BULL_BOUNCE_PENDING,18.09,17.02,19.75,21.18,93,1.56,FAVORABLE,18.46,LIMIT,20,COMPRESSION,2026-09-23,2026-09-23T04:40:06.514176
URA,LONG,CONVICTION,71.2,BULL_BOUNCE_PENDING,43.95,42.03,49.3,48.35,52,2.79,FAVORABLE,43.21,STOP,20,CONVICTION,2026-09-23,2026-09-23T05:01:49.341761
ERO,LONG,CONVICTION,71.1,BULL_BOUNCE_PENDING,37.66,34.55,39.54,,32,0.61,FAVORABLE,36.5,STOP,20,MINOR,2026-09-23,2026-09-23T04:45:48.312948
SDOW,LONG,CONVICTION,71.1,BULL_BOUNCE,24.58,23.83,26.34,27.94,133,2.35,FAVORABLE,24.58,LIMIT,20,COMPRESSION,2026-09-23,2026-09-23T05:12:13.489946
MRVL,LONG,CONVICTION,71.0,BULL_BOUNCE,262.04,249.03,285.0,295.0,7,1.77,FAVORABLE,262.04,LIMIT,11,CONVICTION,2026-09-23,2026-09-23T04:33:12.221872
SOC,LONG,CONVICTION,71.0,BULL_BOUNCE,4.3,3.96,4.86,,294,1.65,FAVORABLE,4.3,LIMIT,20,COMPRESSION,2026-09-23,2026-09-23T04:34:43.459762
LYFT,LONG,CONVICTION,71.0,BULL_BOUNCE_PENDING,14.58,14.12,16.6,15.77,215,4.36,FAVORABLE,14.88,LIMIT,20,COMPRESSION,2026-09-23,2026-09-23T04:36:36.577004
HAL,LONG,CONVICTION,71.0,BULL_BOUNCE_PENDING,32.29,29.68,37.89,,38,2.15,FAVORABLE,32.95,LIMIT,20,COMPRESSION,2026-09-23,2026-09-23T04:37:38.955928
HPQ,SHORT,CONVICTION,71.0,BEAR_REJECTION_PENDING,32.67,34.57,28.39,,52,2.25,FAVORABLE,32.03,LIMIT,20,CONVICTION,2026-09-23,2026-09-23T04:39:12.696502
KEEL,LONG,CONVICTION,71.0,BULL_BOUNCE,4.14,3.86,4.64,,359,1.79,FAVORABLE,4.1421,LIMIT,8,MINOR,2026-09-23,2026-09-23T04:41:00.172126
DVLT,LONG,CONVICTION,71.0,BULL_BOUNCE,0.17,0.14,0.17,,3816,0.19,FAVORABLE,0.165,LIMIT,7,COMPRESSION,2026-09-23,2026-09-23T04:42:23.859999
SLNH,LONG,CONVICTION,71.0,BULL_BOUNCE,1.26,1.17,1.29,,1166,0.35,FAVORABLE,1.26,LIMIT,7,MINOR,2026-09-23,2026-09-23T04:42:28.531500
ASAN,LONG,CONVICTION,71.0,BULL_BOUNCE,9.09,8.43,10.09,,151,1.51,FAVORABLE,9.09,LIMIT,15,MINOR,2026-09-23,2026-09-23T04:42:59.255590
ASST,LONG,CONVICTION,71.0,BULL_BOUNCE,29.4,27.21,29.94,,45,0.25,FAVORABLE,29.4,LIMIT,14,MINOR,2026-09-23,2026-09-23T04:44:08.566562
EIX,LONG,CONVICTION,71.0,BULL_BOUNCE_PENDING,54.0,52.27,56.77,58.74,57,1.6,FAVORABLE,55.1,LIMIT,20,CONVICTION,2026-09-23,2026-09-23T04:50:26.883290
RUM,LONG,CONVICTION,71.0,BULL_BOUNCE,8.92,8.28,10.15,,156,1.92,FAVORABLE,8.92,LIMIT,16,COMPRESSION,2026-09-23,2026-09-23T04:53:18.770009
RYTM,LONG,CONVICTION,71.0,BULL_BOUNCE,99.27,95.51,106.01,110.21,26,1.79,FAVORABLE,99.27,LIMIT,20,CONVICTION,2026-09-23,2026-09-23T04:53:20.850086
LPTH,LONG,CONVICTION,71.0,BULL_BOUNCE_CONFIRMED,10.1,9.35,11.43,,133,1.78,FAVORABLE,10.1,LIMIT,20,COMPRESSION,2026-09-23,2026-09-23T04:55:50.226428
MNST,LONG,CONVICTION,71.0,BULL_BOUNCE,44.31,43.49,46.51,46.51,121,2.68,FAVORABLE,44.31,LIMIT,20,COMPRESSION,2026-09-23,2026-09-23T04:57:54.232761
ETHE,LONG,CONVICTION,71.0,BULL_BOUNCE,21.94,21.12,23.58,25.06,122,2.0,FAVORABLE,21.94,LIMIT,20,COMPRESSION,2026-09-23,2026-09-23T04:58:53.183496
XNCR,LONG,CONVICTION,71.0,BULL_BOUNCE_PENDING,25.73,24.6,28.71,29.11,88,2.63,FAVORABLE,25.35,STOP,20,COMPRESSION,2026-09-23,2026-09-23T05:00:10.296804
IGV,LONG,CONVICTION,71.0,BULL_BOUNCE_PENDING,108.55,104.49,116.14,,24,1.87,FAVORABLE,106.95,STOP,20,COMPRESSION,2026-09-23,2026-09-23T05:05:39.277751
MIR,LONG,CONVICTION,71.0,BULL_BOUNCE_PENDING,16.7,15.68,18.55,,98,1.82,FAVORABLE,16.43,STOP,16,COMPRESSION,2026-09-23,2026-09-23T05:06:50.066357
VRT,LONG,CONVICTION,71.0,BULL_BOUNCE,252.89,238.71,281.31,290.82,7,2.0,FAVORABLE,252.89,LIMIT,20,CONVICTION,2026-09-23,2026-09-23T05:08:36.693579
KMT,LONG,CONVICTION,71.0,BULL_BOUNCE,29.5,28.65,31.1,32.45,116,1.87,FAVORABLE,29.5,LIMIT,20,COMPRESSION,2026-09-23,2026-09-23T05:09:03.424630
ELMT,LONG,CONVICTION,71.0,BULL_BOUNCE,21.0,18.67,21.29,,42,0.12,FAVORABLE,21.0,LIMIT,20,COMPRESSION,2026-09-23,2026-09-23T05:11:22.672854
IRWD,LONG,CONVICTION,70.9,BULL_BOUNCE_PENDING,4.59,4.39,5.13,,494,2.67,FAVORABLE,4.5052,STOP,6,MINOR,2026-09-23,2026-09-23T04:29:55.985205
HIMS,LONG,CONVICTION,70.9,BULL_BOUNCE_PENDING,31.84,29.88,33.43,,50,0.81,FAVORABLE,30.65,STOP,20,MINOR,2026-09-23,2026-09-23T04:41:42.420255
FSLR,LONG,CONVICTION,70.9,BULL_BOUNCE_PENDING,200.31,197.46,225.36,220.25,35,8.78,FAVORABLE,201.83,LIMIT,20,CONVICTION,2026-09-23,2026-09-23T05:09:49.985016
NFLX,LONG,CONVICTION,70.8,BULL_BOUNCE_PENDING,71.0,69.6,77.72,82.17,71,4.8,FAVORABLE,72.45,LIMIT,20,MINOR,2026-09-23,2026-09-23T04:36:28.480991
QNST,LONG,CONVICTION,70.8,BULL_BOUNCE_PENDING,15.33,15.07,16.83,16.85,390,5.85,FAVORABLE,15.58,LIMIT,20,COMPRESSION,2026-09-23,2026-09-23T04:46:57.438092
HCC,SHORT,CONVICTION,70.8,BEAR_REJECTION_PENDING,94.61,98.26,86.56,82.72,27,2.2,FAVORABLE,92.75,LIMIT,20,CONVICTION,2026-09-23,2026-09-23T04:48:32.105549
AMR,SHORT,CONVICTION,70.8,BEAR_REJECTION_PENDING,193.8,205.02,173.92,168.01,8,1.77,FAVORABLE,190.0,LIMIT,20,CONVICTION,2026-09-23,2026-09-23T04:58:15.714089
VCYT,LONG,CONVICTION,70.8,BULL_BOUNCE_PENDING,42.49,40.99,48.77,46.87,66,4.19,FAVORABLE,43.36,LIMIT,20,COMPRESSION,2026-09-23,2026-09-23T05:03:46.652438
FDMT,LONG,CONVICTION,70.7,BULL_BOUNCE_PENDING,15.57,15.12,16.35,,223,1.74,FAVORABLE,15.89,LIMIT,7,MINOR,2026-09-23,2026-09-23T04:32:25.484569
RGTI,LONG,CONVICTION,70.7,BULL_BOUNCE_PENDING,17.07,16.56,18.15,18.79,194,2.1,FAVORABLE,17.42,LIMIT,14,COMPRESSION,2026-09-23,2026-09-23T04:39:11.953500
APTV,SHORT,CONVICTION,70.7,BEAR_REJECTION_PENDING,44.73,45.77,42.49,,96,2.16,FAVORABLE,44.71,LIMIT,20,COMPRESSION,2026-09-23,2026-09-23T04:45:02.054487
MDA,LONG,CONVICTION,70.7,BULL_BOUNCE_CONFIRMED,31.8,30.74,35.63,34.84,94,3.61,FAVORABLE,31.8,LIMIT,20,COMPRESSION,2026-09-23,2026-09-23T05:02:00.534327
IMMX,LONG,CONVICTION,70.7,BULL_BOUNCE_PENDING,12.57,12.31,14.54,14.54,383,7.54,FAVORABLE,12.83,LIMIT,12,MINOR,2026-09-23,2026-09-23T05:03:23.354957
PATH,LONG,CONVICTION,70.6,BULL_BOUNCE_PENDING,13.02,12.61,15.16,15.16,238,5.1,FAVORABLE,13.29,LIMIT,20,COMPRESSION,2026-09-23,2026-09-23T04:42:01.659317
GWRE,SHORT,CONVICTION,70.6,BEAR_REJECTION_PENDING,150.9,156.25,128.54,138.01,18,4.18,FAVORABLE,150.46,LIMIT,20,CONVICTION,2026-09-23,2026-09-23T04:46:11.105886
MAIN,LONG,CONVICTION,70.5,BULL_BOUNCE_PENDING,54.88,54.14,56.1,63.5,134,1.64,FAVORABLE,56.0,LIMIT,20,COMPRESSION,2026-09-23,2026-09-23T04:46:35.111412
UNM,LONG,CONVICTION,70.5,BULL_BOUNCE_PENDING,92.18,91.23,94.98,94.98,105,2.95,FAVORABLE,93.32,LIMIT,20,MINOR,2026-09-23,2026-09-23T05:08:33.270573
TRMD,LONG,CONVICTION,70.5,BULL_BOUNCE_PENDING,33.51,31.59,37.47,38.2,52,2.07,FAVORABLE,34.19,LIMIT,20,CONVICTION,2026-09-23,2026-09-23T05:10:42.822653
POET,LONG,CONVICTION,70.4,BULL_BOUNCE_PENDING,8.3,7.76,9.45,,185,2.13,FAVORABLE,8.2315,STOP,20,COMPRESSION,2026-09-23,2026-09-23T04:35:46.010570
RLAY,LONG,CONVICTION,70.4,BULL_BOUNCE_PENDING,18.98,18.74,19.95,20.4,416,4.02,FAVORABLE,19.246,LIMIT,13,MINOR,2026-09-23,2026-09-23T05:02:38.851534
BHVN,SHORT,CONVICTION,70.4,BEAR_REJECTION_PENDING,14.91,15.54,13.9,13.0,159,1.61,FAVORABLE,14.8,LIMIT,20,COMPRESSION,2026-09-23,2026-09-23T05:04:06.718866
BCRX,LONG,CONVICTION,70.2,BULL_BOUNCE_PENDING,9.04,8.64,10.0,10.06,247,2.38,FAVORABLE,8.7501,STOP,20,COMPRESSION,2026-09-23,2026-09-23T04:50:13.112550
LRN,LONG,CONVICTION,70.2,BULL_BOUNCE_PENDING,77.21,72.74,85.02,88.19,22,1.74,FAVORABLE,78.79,LIMIT,20,CONVICTION,2026-09-23,2026-09-23T04:54:10.720343
EZPW,LONG,CONVICTION,70.1,BULL_BOUNCE_PENDING,30.1,28.62,34.7,34.09,67,3.11,FAVORABLE,30.71,LIMIT,20,COMPRESSION,2026-09-23,2026-09-23T05:01:25.721632
TOI,LONG,CONVICTION,70.0,BULL_BOUNCE_PENDING,5.16,4.84,5.8,5.93,308,1.97,FAVORABLE,5.185,STOP,16,COMPRESSION,2026-09-23,2026-09-23T04:33:59.497683
FAST,LONG,CONVICTION,70.0,BULL_BOUNCE_PENDING,50.25,48.73,52.76,,65,1.65,FAVORABLE,50.5063,STOP,5,MINOR,2026-09-23,2026-09-23T04:34:16.760899
SMR,LONG,CONVICTION,70.0,BULL_BOUNCE_PENDING,8.79,8.18,9.23,,164,0.72,FAVORABLE,8.97,LIMIT,11,COMPRESSION,2026-09-23,2026-09-23T04:35:44.751571
JNJ,LONG,CONVICTION,70.0,BULL_BOUNCE_PENDING,270.37,263.68,283.89,,14,2.02,FAVORABLE,268.94,STOP,20,CONVICTION,2026-09-23,2026-09-23T04:36:03.314625
SES,LONG,CONVICTION,70.0,BULL_BOUNCE,0.56,0.52,0.57,,2049,0.1,FAVORABLE,0.5649,LIMIT,20,MINOR,2026-09-23,2026-09-23T04:42:23.587324
OMDA,LONG,CONVICTION,70.0,BULL_BOUNCE_PENDING,20.9,20.4,22.43,23.61,198,3.02,FAVORABLE,21.33,LIMIT,20,COMPRESSION,2026-09-23,2026-09-23T04:46:53.587106
HUBS,LONG,CONVICTION,70.0,BULL_BOUNCE_PENDING,216.87,212.73,234.5,227.85,24,4.25,FAVORABLE,218.09,LIMIT,20,CONVICTION,2026-09-23,2026-09-23T04:48:35.151554
BETA,LONG,CONVICTION,70.0,BULL_BOUNCE_PENDING,23.23,21.66,27.0,27.13,63,2.41,FAVORABLE,23.7048,LIMIT,20,COMPRESSION,2026-09-23,2026-09-23T04:50:14.098081
PSX,LONG,CONVICTION,70.0,BULL_BOUNCE_PENDING,250.67,245.11,269.36,266.08,17,3.36,FAVORABLE,255.79,LIMIT,20,CONVICTION,2026-09-23,2026-09-23T04:51:17.593059
ELV,LONG,CONVICTION,70.0,BULL_BOUNCE_PENDING,394.38,380.09,444.35,,6,3.5,FAVORABLE,402.43,LIMIT,20,COMPRESSION,2026-09-23,2026-09-23T04:52:40.304096
VIAV,LONG,CONVICTION,70.0,BULL_BOUNCE_CONFIRMED,36.2,33.86,39.8,,42,1.54,FAVORABLE,36.2,LIMIT,20,MINOR,2026-09-23,2026-09-23T04:53:38.720693
VLO,LONG,CONVICTION,70.0,BULL_BOUNCE_PENDING,396.6,374.62,416.43,,4,0.9,FAVORABLE,377.25,STOP,20,CONVICTION,2026-09-23,2026-09-23T04:54:54.524215
PWR,LONG,CONVICTION,70.0,BULL_BOUNCE_PENDING,637.4,630.76,672.32,666.75,15,5.26,FAVORABLE,642.22,LIMIT,20,CONVICTION,2026-09-23,2026-09-23T04:57:17.570510
YPF,LONG,CONVICTION,70.0,BULL_BOUNCE_CONFIRMED,54.19,52.04,56.9,,46,1.26,FAVORABLE,54.19,LIMIT,20,COMPRESSION,2026-09-23,2026-09-23T04:57:38.662076
BITO,LONG,CONVICTION,70.0,BULL_BOUNCE_PENDING,11.67,11.12,12.75,12.95,180,1.95,FAVORABLE,11.5408,STOP,20,COMPRESSION,2026-09-23,2026-09-23T04:58:27.159691
VPG,LONG,CONVICTION,70.0,BULL_BOUNCE_PENDING,68.98,63.72,72.43,,19,0.66,FAVORABLE,70.39,LIMIT,12,CONVICTION,2026-09-23,2026-09-23T05:01:53.618302
XXRP,LONG,CONVICTION,70.0,BULL_BOUNCE_CONFIRMED,40.95,38.74,46.9,,45,2.69,FAVORABLE,40.95,LIMIT,10,CONVICTION,2026-09-23,2026-09-23T05:02:07.027828
FLO,LONG,CONVICTION,70.0,BULL_BOUNCE,5.95,5.73,6.36,6.65,445,1.83,FAVORABLE,5.95,LIMIT,20,COMPRESSION,2026-09-23,2026-09-23T05:02:25.465877
SWVL,LONG,CONVICTION,70.0,BULL_BOUNCE_PENDING,4.05,3.43,4.25,,162,0.33,FAVORABLE,4.13,LIMIT,11,MINOR,2026-09-23,2026-09-23T05:03:10.952556
RRX,SHORT,CONVICTION,70.0,BEAR_REJECTION_PENDING,152.96,155.77,147.27,141.85,35,2.02,FAVORABLE,152.65,LIMIT,20,CONVICTION,2026-09-23,2026-09-23T05:05:59.084116
CHEF,LONG,CONVICTION,70.0,BULL_BOUNCE_PENDING,106.97,105.76,108.84,110.9,82,1.53,FAVORABLE,108.36,LIMIT,20,MINOR,2026-09-23,2026-09-23T05:06:16.934943
AKAN,LONG,CONVICTION,70.0,BULL_BOUNCE,3.18,2.79,3.27,,257,0.23,FAVORABLE,3.1821,LIMIT,9,MINOR,2026-09-23,2026-09-23T05:09:27.476440
DGX,LONG,CONVICTION,70.0,BULL_BOUNCE_PENDING,232.75,223.88,246.79,,11,1.58,FAVORABLE,237.5,LIMIT,15,VACUUM,2026-09-23,2026-09-23T05:11:38.677885
BTDR,LONG,CONVICTION,69.9,BULL_BOUNCE_PENDING,13.04,12.78,14.82,15.0,385,6.88,FAVORABLE,13.11,LIMIT,7,MINOR,2026-09-23,2026-09-23T04:38:55.027666
CHWY,LONG,CONVICTION,69.9,BULL_BOUNCE_PENDING,19.33,18.44,21.85,22.05,112,2.84,FAVORABLE,19.72,LIMIT,20,CONVICTION,2026-09-23,2026-09-23T04:57:47.767660
FRMI,LONG,CONVICTION,69.8,BULL_BOUNCE_PENDING,5.07,4.77,5.84,5.85,339,2.63,FAVORABLE,5.17,LIMIT,12,COMPRESSION,2026-09-23,2026-09-23T04:33:53.278672
BKD,LONG,CONVICTION,69.8,BULL_BOUNCE_PENDING,11.16,10.5,12.54,,150,2.07,FAVORABLE,11.39,LIMIT,20,COMPRESSION,2026-09-23,2026-09-23T04:36:15.508966
NVCR,LONG,CONVICTION,69.8,BULL_BOUNCE_PENDING,16.4,16.14,17.64,17.68,382,4.75,FAVORABLE,16.66,LIMIT,20,COMPRESSION,2026-09-23,2026-09-23T04:59:52.364219
WGMI,LONG,CONVICTION,69.8,BULL_BOUNCE_PENDING,50.23,49.25,52.67,53.81,102,2.51,FAVORABLE,51.2,LIMIT,20,MINOR,2026-09-23,2026-09-23T05:09:58.332564
WFRD,LONG,CONVICTION,69.7,BULL_BOUNCE_PENDING,82.32,80.88,87.66,87.66,69,3.72,FAVORABLE,84.0,LIMIT,20,CONVICTION,2026-09-23,2026-09-23T04:49:42.563040
UCO,LONG,CONVICTION,69.7,BULL_BOUNCE_PENDING,50.13,49.05,51.79,54.05,93,1.55,FAVORABLE,51.15,LIMIT,20,COMPRESSION,2026-09-23,2026-09-23T04:49:40.705037
SUNB,SHORT,CONVICTION,69.7,BEAR_REJECTION_PENDING,76.75,80.23,66.58,66.41,28,2.93,FAVORABLE,75.25,LIMIT,20,CONVICTION,2026-09-23,2026-09-23T04:56:37.525416
LII,LONG,CONVICTION,69.7,BULL_BOUNCE_PENDING,367.15,361.82,421.24,383.05,18,10.14,FAVORABLE,371.68,LIMIT,20,COMPRESSION,2026-09-23,2026-09-23T05:02:00.588326
BOX,LONG,CONVICTION,69.7,BULL_BOUNCE_PENDING,32.34,31.66,37.38,34.66,147,7.43,FAVORABLE,33.0,LIMIT,20,COMPRESSION,2026-09-23,2026-09-23T05:06:46.462599
FAZ,LONG,CONVICTION,69.7,BULL_BOUNCE_PENDING,35.77,32.65,41.55,,32,1.85,FAVORABLE,36.5,LIMIT,20,COMPRESSION,2026-09-23,2026-09-23T05:12:06.864932
AMPL,LONG,CONVICTION,69.6,BULL_BOUNCE_PENDING,12.74,12.49,13.83,14.17,399,4.36,FAVORABLE,13.0,LIMIT,20,COMPRESSION,2026-09-23,2026-09-23T04:32:06.579390
CECO,LONG,CONVICTION,69.6,BULL_BOUNCE_PENDING,72.46,70.52,78.88,81.6,51,3.31,FAVORABLE,73.9363,LIMIT,20,CONVICTION,2026-09-23,2026-09-23T04:49:58.519601
PAA,LONG,CONVICTION,69.6,BULL_BOUNCE_PENDING,24.02,23.33,25.7,25.83,145,2.45,FAVORABLE,24.51,LIMIT,20,COMPRESSION,2026-09-23,2026-09-23T05:04:29.623731
SMWB,LONG,CONVICTION,69.5,BULL_BOUNCE_PENDING,8.34,8.17,9.71,9.02,583,8.0,FAVORABLE,8.51,LIMIT,12,COMPRESSION,2026-09-23,2026-09-23T04:32:50.136149
OXY,SHORT,CONVICTION,69.5,BEAR_REJECTION_PENDING,56.55,57.54,54.09,54.09,101,2.49,FAVORABLE,56.26,LIMIT,20,COMPRESSION,2026-09-23,2026-09-23T04:36:44.402557
DOCS,LONG,CONVICTION,69.5,BULL_BOUNCE_PENDING,25.88,25.51,26.55,27.27,275,1.86,FAVORABLE,26.4,LIMIT,19,MINOR,2026-09-23,2026-09-23T04:53:57.947266
PSI,LONG,CONVICTION,69.5,BULL_BOUNCE_PENDING,145.43,141.92,154.31,154.57,28,2.53,FAVORABLE,148.4,LIMIT,20,CONVICTION,2026-09-23,2026-09-23T05:09:06.659222
SRFM,LONG,CONVICTION,69.5,BULL_BOUNCE_PENDING,0.74,0.69,0.78,,1683,0.63,FAVORABLE,0.76,LIMIT,5,MINOR,2026-09-23,2026-09-23T05:13:27.272076
PFE,LONG,CONVICTION,69.4,BULL_BOUNCE_PENDING,27.4,26.74,28.58,29.48,150,1.77,FAVORABLE,27.96,LIMIT,20,COMPRESSION,2026-09-23,2026-09-23T04:35:13.140680
OWL,LONG,CONVICTION,69.4,BULL_BOUNCE_PENDING,9.69,9.45,10.44,10.44,405,3.03,FAVORABLE,9.89,LIMIT,20,COMPRESSION,2026-09-23,2026-09-23T04:41:06.321679
BAX,LONG,CONVICTION,69.3,BULL_BOUNCE_PENDING,23.21,22.87,25.59,25.91,299,7.13,FAVORABLE,23.68,LIMIT,20,COMPRESSION,2026-09-23,2026-09-23T04:35:36.693495
FLNC,LONG,CONVICTION,69.3,BULL_BOUNCE_PENDING,7.25,6.88,7.85,,269,1.61,FAVORABLE,7.4,LIMIT,20,CONVICTION,2026-09-23,2026-09-23T04:39:24.097890
KVYO,LONG,CONVICTION,69.3,BULL_BOUNCE_PENDING,15.68,15.02,18.35,17.33,150,4.03,FAVORABLE,16.0,LIMIT,20,COMPRESSION,2026-09-23,2026-09-23T04:48:40.304573
URBN,SHORT,CONVICTION,69.3,BEAR_REJECTION_PENDING,76.52,78.97,71.53,68.28,40,2.03,FAVORABLE,75.02,LIMIT,20,CONVICTION,2026-09-23,2026-09-23T05:04:48.702790
HBM,LONG,CONVICTION,69.2,BULL_BOUNCE_PENDING,27.13,26.72,28.43,30.19,246,3.21,FAVORABLE,27.6676,LIMIT,20,MINOR,2026-09-23,2026-09-23T04:37:08.684467
GENI,LONG,CONVICTION,69.2,BULL_BOUNCE_PENDING,5.93,5.73,6.44,6.75,493,2.52,FAVORABLE,6.05,LIMIT,20,COMPRESSION,2026-09-23,2026-09-23T04:55:39.141877
MFP,LONG,CONVICTION,69.2,BULL_BOUNCE_PENDING,43.85,42.5,46.66,51.27,74,2.09,FAVORABLE,44.74,LIMIT,20,COMPRESSION,2026-09-23,2026-09-23T04:55:52.321432
NUE,LONG,CONVICTION,69.2,BULL_BOUNCE_PENDING,241.37,238.87,257.25,267.4,40,6.36,FAVORABLE,246.0,LIMIT,20,CONVICTION,2026-09-23,2026-09-23T05:07:40.534283
SHAZ,LONG,CONVICTION,69.1,BULL_BOUNCE_PENDING,61.74,57.44,68.3,,23,1.53,FAVORABLE,63.0,LIMIT,6,CONVICTION,2026-09-23,2026-09-23T04:49:18.118514
ANDG,LONG,CONVICTION,69.1,BULL_BOUNCE_PENDING,52.37,51.82,54.52,54.52,182,3.93,FAVORABLE,53.17,LIMIT,20,COMPRESSION,2026-09-23,2026-09-23T05:00:17.805829
COPX,LONG,CONVICTION,69.1,BULL_BOUNCE_PENDING,88.2,87.32,89.66,92.8,112,1.64,FAVORABLE,88.57,LIMIT,20,CONVICTION,2026-09-23,2026-09-23T05:00:22.526842
ESTC,SHORT,CONVICTION,69.0,BEAR_REJECTION_PENDING,89.98,92.27,82.64,77.72,43,3.2,FAVORABLE,89.449,LIMIT,20,CONVICTION,2026-09-23,2026-09-23T04:32:11.911971
RIG,LONG,CONVICTION,69.0,BULL_BOUNCE_PENDING,5.4,5.23,6.29,6.18,578,5.15,FAVORABLE,5.51,LIMIT,20,COMPRESSION,2026-09-23,2026-09-23T04:40:35.087501
ARQT,LONG,CONVICTION,69.0,BULL_BOUNCE_PENDING,27.44,25.08,28.81,,42,0.58,FAVORABLE,28.0,LIMIT,8,COMPRESSION,2026-09-23,2026-09-23T04:47:50.079248
NSIT,SHORT,CONVICTION,69.0,BEAR_REJECTION_PENDING,160.14,172.85,136.41,,7,1.87,FAVORABLE,157.0,LIMIT,20,CONVICTION,2026-09-23,2026-09-23T04:49:01.325668
RRR,LONG,CONVICTION,69.0,BULL_BOUNCE_PENDING,47.82,46.77,52.43,54.32,94,4.35,FAVORABLE,48.8,LIMIT,20,COMPRESSION,2026-09-23,2026-09-23T04:51:26.815607
BTCT,LONG,CONVICTION,69.0,BULL_BOUNCE_PENDING,1.24,1.14,1.44,,1006,2.02,FAVORABLE,1.265,LIMIT,17,MINOR,2026-09-23,2026-09-23T05:02:01.112326
ADI,SHORT,CONVICTION,69.0,BEAR_REJECTION_PENDING,398.6,420.02,345.81,338.5,4,2.46,FAVORABLE,390.78,LIMIT,13,CONVICTION,2026-09-23,2026-09-23T05:10:51.449271
NYT,SHORT,CONVICTION,69.0,BEAR_REJECTION_PENDING,66.96,75.96,63.61,,11,0.37,FAVORABLE,65.65,LIMIT,20,CONVICTION,2026-09-23,2026-09-23T05:11:31.407869
GAP,LONG,CONVICTION,68.9,BULL_BOUNCE_PENDING,21.03,20.39,22.4,22.98,156,2.15,FAVORABLE,21.46,LIMIT,20,COMPRESSION,2026-09-23,2026-09-23T04:48:27.462305
DLTR,SHORT,CONVICTION,68.9,BEAR_REJECTION_PENDING,117.67,118.96,111.01,112.87,77,5.19,FAVORABLE,117.2,LIMIT,20,COMPRESSION,2026-09-23,2026-09-23T05:02:20.534864
UROY,LONG,CONVICTION,68.8,BULL_BOUNCE_PENDING,4.38,4.04,4.6,,293,0.64,FAVORABLE,4.47,LIMIT,20,COMPRESSION,2026-09-23,2026-09-23T04:31:53.184811
HIVE,LONG,CONVICTION,68.8,BULL_BOUNCE_PENDING,3.45,3.39,3.68,3.76,1643,3.79,FAVORABLE,3.52,LIMIT,7,COMPRESSION,2026-09-23,2026-09-23T04:42:13.675294
JLHL,LONG,CONVICTION,68.8,BULL_BOUNCE,5.48,5.1,6.16,,257,1.74,FAVORABLE,5.4843,LIMIT,20,MINOR,2026-09-23,2026-09-23T04:42:25.684491
AGCO,LONG,CONVICTION,68.8,BULL_BOUNCE_PENDING,120.06,118.58,135.44,136.95,67,10.41,FAVORABLE,120.65,LIMIT,20,CONVICTION,2026-09-23,2026-09-23T04:55:11.492492
ETH,LONG,CONVICTION,68.8,BULL_BOUNCE_PENDING,25.54,24.83,27.26,28.97,140,2.41,FAVORABLE,26.06,LIMIT,20,COMPRESSION,2026-09-23,2026-09-23T04:58:49.206481
DXCM,LONG,CONVICTION,68.8,BULL_BOUNCE_PENDING,88.28,87.55,90.0,92.3,137,2.37,FAVORABLE,89.53,LIMIT,10,COMPRESSION,2026-09-23,2026-09-23T05:01:25.334631
AEHG,SHORT,CONVICTION,68.8,BEAR_REJECTION_PENDING,9.02,10.31,8.57,,77,0.35,FAVORABLE,9.0,LIMIT,9,CONVICTION,2026-09-23,2026-09-23T05:08:45.370596
TEN,SHORT,CONVICTION,68.8,BEAR_REJECTION_PENDING,49.06,51.17,44.1,42.81,47,2.35,FAVORABLE,48.1,LIMIT,20,CONVICTION,2026-09-23,2026-09-23T05:11:19.172847
CPRT,LONG,CONVICTION,68.7,BULL_BOUNCE_PENDING,28.24,27.79,29.19,29.64,221,2.1,FAVORABLE,28.82,LIMIT,20,COMPRESSION,2026-09-23,2026-09-23T04:38:07.145614
ANET,LONG,CONVICTION,68.7,BULL_BOUNCE_PENDING,204.78,202.46,215.01,,43,4.41,FAVORABLE,205.5,LIMIT,9,MINOR,2026-09-23,2026-09-23T04:42:04.655938
NAT,LONG,CONVICTION,68.7,BULL_BOUNCE_PENDING,7.49,7.39,7.79,8.14,1046,3.17,FAVORABLE,7.64,LIMIT,20,COMPRESSION,2026-09-23,2026-09-23T05:05:44.950827
ZBIO,LONG,CONVICTION,68.6,BULL_BOUNCE_PENDING,32.39,31.74,33.77,,154,2.13,FAVORABLE,33.05,LIMIT,3,MINOR,2026-09-23,2026-09-23T04:32:54.229157
CLF,LONG,CONVICTION,68.6,BULL_BOUNCE_PENDING,12.3,11.93,13.2,13.58,272,2.45,FAVORABLE,12.55,LIMIT,20,COMPRESSION,2026-09-23,2026-09-23T04:36:00.081620
NEOG,LONG,CONVICTION,68.6,BULL_BOUNCE_PENDING,13.65,13.5,15.11,14.04,697,10.2,FAVORABLE,13.8,LIMIT,7,COMPRESSION,2026-09-23,2026-09-23T05:12:56.306468
HTZ,LONG,CONVICTION,68.5,BULL_BOUNCE_PENDING,1.81,1.55,1.9,,383,0.35,FAVORABLE,1.85,LIMIT,19,COMPRESSION,2026-09-23,2026-09-23T04:36:29.357990
APO,LONG,CONVICTION,68.5,BULL_BOUNCE_PENDING,122.81,121.66,132.05,132.05,87,8.11,FAVORABLE,124.0525,LIMIT,20,CONVICTION,2026-09-23,2026-09-23T04:47:46.679241
KYMR,LONG,CONVICTION,68.5,BULL_BOUNCE_PENDING,119.62,118.02,124.99,124.38,62,3.35,FAVORABLE,122.06,LIMIT,8,MINOR,2026-09-23,2026-09-23T04:52:57.983215
BGC,LONG,CONVICTION,68.5,BULL_BOUNCE_PENDING,12.02,10.83,12.63,,83,0.5,FAVORABLE,12.27,LIMIT,5,MINOR,2026-09-23,2026-09-23T05:01:18.734611
EXPD,LONG,CONVICTION,68.4,BULL_BOUNCE_PENDING,184.62,183.33,193.0,190.25,77,6.46,FAVORABLE,186.66,LIMIT,20,MINOR,2026-09-23,2026-09-23T04:52:42.224100
GT,LONG,CONVICTION,68.4,BULL_BOUNCE_PENDING,5.38,5.05,6.2,6.2,306,2.52,FAVORABLE,5.49,LIMIT,20,COMPRESSION,2026-09-23,2026-09-23T05:07:30.655264
CNH,LONG,CONVICTION,68.2,BULL_BOUNCE_PENDING,13.53,13.35,13.98,13.98,547,2.48,FAVORABLE,13.69,LIMIT,8,MINOR,2026-09-23,2026-09-23T04:34:59.543324
DVN,LONG,CONVICTION,68.2,BULL_BOUNCE_PENDING,46.01,45.6,47.8,47.8,240,4.29,FAVORABLE,46.95,LIMIT,20,COMPRESSION,2026-09-23,2026-09-23T04:37:03.281589
IRTC,SHORT,CONVICTION,68.2,BEAR_REJECTION_PENDING,115.3,120.17,106.05,102.64,20,1.9,FAVORABLE,113.04,LIMIT,5,CONVICTION,2026-09-23,2026-09-23T04:52:53.206122
ATRC,LONG,CONVICTION,68.2,BULL_BOUNCE_PENDING,58.8,57.81,61.74,,100,2.96,FAVORABLE,60.0,LIMIT,0,NONE,2026-09-23,2026-09-23T05:07:15.335161
DHR,SHORT,CONVICTION,68.2,BEAR_REJECTION_PENDING,225.62,235.19,197.34,202.48,10,2.95,FAVORABLE,221.195,LIMIT,8,CONVICTION,2026-09-23,2026-09-23T05:11:40.274887
JOBY,LONG,CONVICTION,68.1,BULL_BOUNCE_PENDING,6.36,6.17,7.45,7.45,535,5.84,FAVORABLE,6.49,LIMIT,17,COMPRESSION,2026-09-23,2026-09-23T04:34:17.200661
HBAN,LONG,CONVICTION,68.1,BULL_BOUNCE_PENDING,15.44,15.07,16.8,16.52,277,3.78,FAVORABLE,15.75,LIMIT,20,COMPRESSION,2026-09-23,2026-09-23T04:40:26.371467
GRAF,LONG,CONVICTION,68.1,BULL_BOUNCE_PENDING,10.74,10.65,11.05,11.05,1069,3.37,FAVORABLE,10.82,LIMIT,3,MINOR,2026-09-23,2026-09-23T04:43:28.295360
SPAX,LONG,CONVICTION,68.1,BULL_BOUNCE_PENDING,10.54,9.12,11.07,,69,0.37,FAVORABLE,10.76,LIMIT,20,COMPRESSION,2026-09-23,2026-09-23T04:47:15.027974
NCNO,LONG,CONVICTION,68.1,BULL_BOUNCE_PENDING,19.34,18.84,20.72,21.19,201,2.79,FAVORABLE,19.73,LIMIT,20,MINOR,2026-09-23,2026-09-23T04:54:16.253599
VSTM,LONG,CONVICTION,68.0,BULL_BOUNCE_PENDING,8.24,7.93,9.14,,317,2.85,FAVORABLE,8.41,LIMIT,5,COMPRESSION,2026-09-23,2026-09-23T04:31:53.126811
CMCSA,LONG,CONVICTION,68.0,BULL_BOUNCE_PENDING,22.36,22.13,24.61,24.38,431,9.7,FAVORABLE,22.5,LIMIT,20,COMPRESSION,2026-09-23,2026-09-23T04:34:48.529771
LAES,LONG,CONVICTION,68.0,BULL_BOUNCE_PENDING,2.34,2.24,2.74,2.71,954,3.79,FAVORABLE,2.3905,LIMIT,7,MINOR,2026-09-23,2026-09-23T04:34:51.058778
MOS,LONG,CONVICTION,68.0,BULL_BOUNCE_PENDING,24.24,23.54,25.97,26.66,144,2.5,FAVORABLE,24.73,LIMIT,20,COMPRESSION,2026-09-23,2026-09-23T04:35:38.375501
EW,LONG,CONVICTION,68.0,BULL_BOUNCE_PENDING,87.0,83.95,94.43,94.43,32,2.43,FAVORABLE,88.78,LIMIT,20,COMPRESSION,2026-09-23,2026-09-23T04:37:57.961494
TECK,LONG,CONVICTION,68.0,BULL_BOUNCE_PENDING,67.43,66.67,71.02,69.2,131,4.7,FAVORABLE,67.84,LIMIT,20,COMPRESSION,2026-09-23,2026-09-23T04:39:00.849677
OPTU,LONG,CONVICTION,68.0,BULL_BOUNCE_PENDING,1.11,0.71,1.16,,249,0.14,FAVORABLE,1.13,LIMIT,6,MINOR,2026-09-23,2026-09-23T04:42:33.649519
GOSS,LONG,CONVICTION,68.0,BULL_BOUNCE_PENDING,11.91,11.27,12.5,,157,0.94,FAVORABLE,12.15,LIMIT,3,MINOR,2026-09-23,2026-09-23T04:42:57.692585
UMAC,LONG,CONVICTION,68.0,BULL_BOUNCE_PENDING,23.53,21.92,26.6,27.15,62,1.91,FAVORABLE,24.01,LIMIT,20,COMPRESSION,2026-09-23,2026-09-23T04:43:33.520584
AVAV,LONG,CONVICTION,68.0,BULL_BOUNCE_PENDING,153.66,141.46,175.53,,8,1.79,FAVORABLE,156.8,LIMIT,20,CONVICTION,2026-09-23,2026-09-23T04:45:12.505391
DUOL,LONG,CONVICTION,68.0,BULL_BOUNCE_PENDING,144.55,139.52,157.46,165.02,19,2.57,FAVORABLE,147.5,LIMIT,20,CONVICTION,2026-09-23,2026-09-23T04:45:46.854417
GKOS,LONG,CONVICTION,68.0,BULL_BOUNCE,161.0,153.95,175.55,183.15,14,2.07,FAVORABLE,161.0,LIMIT,20,CONVICTION,2026-09-23,2026-09-23T04:46:06.017204
SEPN,LONG,CONVICTION,68.0,BULL_BOUNCE_PENDING,39.63,38.49,43.15,43.15,87,3.07,FAVORABLE,40.44,LIMIT,17,MINOR,2026-09-23,2026-09-23T04:51:33.198468
Z,LONG,CONVICTION,68.0,BULL_BOUNCE_PENDING,30.29,28.89,33.72,35.27,71,2.46,FAVORABLE,30.9061,LIMIT,20,COMPRESSION,2026-09-23,2026-09-23T04:52:03.661658
BBIO,LONG,CONVICTION,68.0,BULL_BOUNCE_PENDING,68.11,65.6,73.6,74.0,39,2.19,FAVORABLE,69.5,LIMIT,20,CONVICTION,2026-09-23,2026-09-23T04:57:44.297644
LB,LONG,CONVICTION,68.0,BULL_BOUNCE,86.0,83.03,90.3,,33,1.45,FAVORABLE,86.0,LIMIT,20,VACUUM,2026-09-23,2026-09-23T05:00:40.624900
RGEN,LONG,CONVICTION,68.0,BULL_BOUNCE,186.75,180.54,196.09,,16,1.5,FAVORABLE,186.75,LIMIT,7,MINOR,2026-09-23,2026-09-23T05:00:53.568471
SE,LONG,CONVICTION,68.0,BULL_BOUNCE,103.6,99.98,111.29,117.51,27,2.12,FAVORABLE,103.6,LIMIT,20,CONVICTION,2026-09-23,2026-09-23T05:03:33.987761
ENPH,SHORT,CONVICTION,68.0,BEAR_REJECTION_PENDING,35.24,36.53,31.21,,77,3.12,FAVORABLE,34.58,LIMIT,20,CONVICTION,2026-09-23,2026-09-23T05:09:49.169014
WLTH,LONG,CONVICTION,68.0,BULL_BOUNCE_PENDING,9.9,9.18,10.39,,139,0.69,FAVORABLE,10.1,LIMIT,16,CONVICTION,2026-09-23,2026-09-23T05:10:43.593654
BBNX,LONG,CONVICTION,68.0,BULL_BOUNCE_PENDING,22.6,21.63,23.73,,103,1.17,FAVORABLE,23.06,LIMIT,2,MINOR,2026-09-23,2026-09-23T05:12:00.667951
PAAI,LONG,CONVICTION,68.0,BULL_BOUNCE,1.29,0.79,3.03,,201,3.51,FAVORABLE,1.29,LIMIT,0,NONE,2026-09-23,2026-09-23T05:12:18.244132
LSCC,LONG,CONVICTION,68.0,BULL_BOUNCE_PENDING,120.34,115.48,128.02,134.14,20,1.58,FAVORABLE,122.8,LIMIT,18,CONVICTION,2026-09-23,2026-09-23T05:12:53.349461
FTNT,LONG,CONVICTION,67.9,BULL_BOUNCE_PENDING,171.01,167.94,176.26,,32,1.71,FAVORABLE,174.5,LIMIT,13,VACUUM,2026-09-23,2026-09-23T04:35:50.168575
FRO,SHORT,CONVICTION,67.9,BEAR_REJECTION_PENDING,48.1,50.06,44.85,42.51,51,1.66,FAVORABLE,47.92,LIMIT,20,COMPRESSION,2026-09-23,2026-09-23T04:52:44.154105
SM,LONG,CONVICTION,67.8,BULL_BOUNCE_PENDING,33.85,33.37,35.91,35.91,210,4.32,FAVORABLE,34.0,LIMIT,20,CONVICTION,2026-09-23,2026-09-23T04:49:19.199050
YOU,LONG,CONVICTION,67.7,BULL_BOUNCE_PENDING,38.86,34.64,40.8,,23,0.46,FAVORABLE,39.65,LIMIT,20,COMPRESSION,2026-09-23,2026-09-23T05:02:52.971570
JHX,LONG,CONVICTION,67.6,BULL_BOUNCE_PENDING,26.71,25.75,28.29,29.38,104,1.64,FAVORABLE,27.26,LIMIT,13,COMPRESSION,2026-09-23,2026-09-23T04:33:48.991665
AI,LONG,CONVICTION,67.6,BULL_BOUNCE_PENDING,10.65,10.45,11.9,12.05,489,6.11,FAVORABLE,10.87,LIMIT,10,COMPRESSION,2026-09-23,2026-09-23T04:39:32.773906
FLUT,SHORT,CONVICTION,67.6,BEAR_REJECTION_PENDING,89.01,90.23,84.56,,82,3.66,FAVORABLE,88.62,LIMIT,20,COMPRESSION,2026-09-23,2026-09-23T04:50:32.827539
LULU,LONG,CONVICTION,67.6,BULL_BOUNCE_PENDING,102.28,100.71,112.11,114.28,63,6.24,FAVORABLE,103.3,LIMIT,6,MINOR,2026-09-23,2026-09-23T05:01:36.782195
GME,LONG,CONVICTION,67.6,BULL_BOUNCE_PENDING,23.68,22.67,26.36,26.5,98,2.65,FAVORABLE,24.16,LIMIT,9,COMPRESSION,2026-09-23,2026-09-23T05:07:05.471780
NUTX,LONG,CONVICTION,67.5,BULL_BOUNCE_PENDING,207.97,204.68,213.94,220.38,30,1.82,FAVORABLE,208.82,LIMIT,20,COMPRESSION,2026-09-23,2026-09-23T04:33:10.202376
ON,SHORT,CONVICTION,67.5,BEAR_REJECTION_PENDING,73.78,76.56,62.92,67.5,35,3.91,FAVORABLE,73.57,LIMIT,20,COMPRESSION,2026-09-23,2026-09-23T04:40:58.018118
BAM,LONG,CONVICTION,67.5,BULL_BOUNCE_PENDING,45.18,44.75,47.1,51.2,236,4.54,FAVORABLE,46.1,LIMIT,20,COMPRESSION,2026-09-23,2026-09-23T04:50:06.469218
CORD,LONG,CONVICTION,67.5,BULL_BOUNCE_PENDING,2.85,2.58,2.99,,363,0.52,FAVORABLE,2.91,LIMIT,20,COMPRESSION,2026-09-23,2026-09-23T04:57:47.838661
MTCH,LONG,CONVICTION,67.5,BULL_BOUNCE_PENDING,41.26,40.87,42.01,43.8,257,1.92,FAVORABLE,41.75,LIMIT,20,COMPRESSION,2026-09-23,2026-09-23T04:57:57.083774
ICE,LONG,CONVICTION,67.5,BULL_BOUNCE_PENDING,151.57,150.56,160.0,168.46,98,8.28,FAVORABLE,153.2,LIMIT,20,CONVICTION,2026-09-23,2026-09-23T05:08:26.322023
SNX,LONG,CONVICTION,67.5,BULL_BOUNCE_PENDING,279.85,277.28,284.49,307.0,38,1.81,FAVORABLE,282.5614,LIMIT,3,COMPRESSION,2026-09-23,2026-09-23T05:08:32.276569
MDLN,LONG,CONVICTION,67.4,BULL_BOUNCE_PENDING,32.93,32.01,37.3,36.18,108,4.74,FAVORABLE,33.6,LIMIT,18,CONVICTION,2026-09-23,2026-09-23T04:42:54.674580
TMHC,LONG,CONVICTION,67.4,BULL_BOUNCE_PENDING,72.28,71.77,73.47,,195,2.33,FAVORABLE,72.45,LIMIT,2,COMPRESSION,2026-09-23,2026-09-23T04:43:31.900503
VSH,SHORT,CONVICTION,67.4,BEAR_REJECTION_PENDING,33.79,35.76,28.2,28.24,50,2.85,FAVORABLE,33.13,LIMIT,15,CONVICTION,2026-09-23,2026-09-23T04:47:34.896217
SKUU,LONG,CONVICTION,67.4,BULL_BOUNCE_PENDING,29.9,28.77,31.87,33.67,88,1.74,FAVORABLE,30.51,LIMIT,20,VACUUM,2026-09-23,2026-09-23T04:51:46.535023
BRSL,LONG,CONVICTION,67.4,BULL_BOUNCE_CONFIRMED,10.55,10.03,11.47,11.75,192,1.77,FAVORABLE,10.55,LIMIT,20,COMPRESSION,2026-09-23,2026-09-23T04:58:12.089370
GLBE,LONG,CONVICTION,67.4,BULL_BOUNCE_PENDING,40.72,39.45,44.13,,78,2.69,FAVORABLE,41.55,LIMIT,7,VACUUM,2026-09-23,2026-09-23T05:07:28.965260
BJDX,LONG,CONVICTION,67.3,BULL_BOUNCE_PENDING,0.94,0.91,1.01,1.1,3615,2.46,FAVORABLE,0.96,LIMIT,9,MINOR,2026-09-23,2026-09-23T04:42:28.698499
ORCU,LONG,CONVICTION,67.3,BULL_BOUNCE_PENDING,7.74,7.49,8.34,8.34,394,2.37,FAVORABLE,7.82,LIMIT,20,MINOR,2026-09-23,2026-09-23T04:54:20.474669
ATAT,LONG,CONVICTION,67.3,BULL_BOUNCE_PENDING,32.53,31.97,36.13,37.1,179,6.46,FAVORABLE,33.19,LIMIT,20,MINOR,2026-09-23,2026-09-23T04:58:22.263013
GDDY,LONG,CONVICTION,67.2,BUY_LOWER_DIRTY,98.8,96.99,100.2,,55,0.77,FAVORABLE,98.8,LIMIT,20,COMPRESSION,2026-09-23,2026-09-23T04:52:44.878106
USD,SHORT,CONVICTION,67.2,BEAR_REJECTION_PENDING,97.54,99.86,90.93,90.93,43,2.85,FAVORABLE,97.01,LIMIT,20,CONVICTION,2026-09-23,2026-09-23T05:13:00.634011
TLRY,LONG,CONVICTION,67.1,BULL_BOUNCE_PENDING,4.16,4.04,4.54,4.49,873,3.36,FAVORABLE,4.24,LIMIT,20,COMPRESSION,2026-09-23,2026-09-23T04:42:52.995571
STEP,LONG,CONVICTION,67.1,BULL_BOUNCE_PENDING,45.77,44.54,48.72,51.6,81,2.41,FAVORABLE,46.7,LIMIT,20,COMPRESSION,2026-09-23,2026-09-23T04:51:53.403037
MC,LONG,CONVICTION,67.1,BULL_BOUNCE_PENDING,57.7,55.18,63.31,64.7,39,2.23,FAVORABLE,58.88,LIMIT,20,COMPRESSION,2026-09-23,2026-09-23T04:54:13.186664
CANG,LONG,CONVICTION,67.1,BULL_BOUNCE,2.2,1.9,2.8,,332,1.99,FAVORABLE,2.2023,LIMIT,20,MINOR,2026-09-23,2026-09-23T05:11:35.766877
COHU,LONG,CONVICTION,67.0,BULL_BOUNCE_PENDING,63.44,58.53,73.0,,20,1.95,FAVORABLE,64.73,LIMIT,11,COMPRESSION,2026-09-23,2026-09-23T04:32:22.126560
SOUN,LONG,CONVICTION,67.0,BULL_BOUNCE,6.12,5.86,7.01,7.01,382,3.42,FAVORABLE,6.12,LIMIT,17,COMPRESSION,2026-09-23,2026-09-23T04:40:11.649811
SBEV,LONG,CONVICTION,67.0,BULL_BOUNCE_PENDING,0.41,0.38,0.43,,2887,0.59,FAVORABLE,0.4201,LIMIT,3,MINOR,2026-09-23,2026-09-23T04:42:56.476584
OPTX,LONG,CONVICTION,67.0,CHANNEL_RECLAIM_LONG,7.4,7.1,7.87,8.3,332,1.56,FAVORABLE,7.4,LIMIT,18,MINOR,2026-09-23,2026-09-23T04:44:09.723230
CRGY,LONG,CONVICTION,67.0,BULL_BOUNCE_PENDING,12.8,12.63,13.62,13.62,580,4.77,FAVORABLE,13.06,LIMIT,20,COMPRESSION,2026-09-23,2026-09-23T04:45:28.088607
SWKS,LONG,CONVICTION,67.0,BULL_BOUNCE_PENDING,86.68,84.96,90.4,93.81,58,2.16,FAVORABLE,88.36,LIMIT,13,COMPRESSION,2026-09-23,2026-09-23T04:47:21.334767
RBLX,LONG,CONVICTION,67.0,BULL_BOUNCE,49.8,47.38,54.49,55.62,41,1.94,FAVORABLE,49.8,LIMIT,19,MINOR,2026-09-23,2026-09-23T04:54:35.534642
BBY,LONG,CONVICTION,67.0,BULL_BOUNCE_PENDING,94.1,92.92,96.62,100.62,84,2.12,FAVORABLE,95.5,LIMIT,4,COMPRESSION,2026-09-23,2026-09-23T05:05:25.691128
BHC,LONG,CONVICTION,67.0,BULL_BOUNCE_CONFIRMED,5.83,5.64,6.38,6.58,530,2.92,FAVORABLE,5.83,LIMIT,9,COMPRESSION,2026-09-23,2026-09-23T05:07:16.485164
STLD,LONG,CONVICTION,67.0,BULL_BOUNCE_PENDING,230.26,227.82,234.49,253.41,40,1.73,FAVORABLE,233.99,LIMIT,20,COMPRESSION,2026-09-23,2026-09-23T05:07:47.600297
KBR,LONG,CONVICTION,67.0,BULL_BOUNCE_PENDING,34.31,31.84,39.83,40.24,40,2.23,FAVORABLE,35.01,LIMIT,20,COMPRESSION,2026-09-23,2026-09-23T05:11:44.499921
VSME,LONG,CONVICTION,66.9,BULL_BOUNCE_PENDING,0.8,0.74,0.88,0.93,1830,1.55,FAVORABLE,0.8121,LIMIT,20,COMPRESSION,2026-09-23,2026-09-23T04:44:46.363381
VEEV,SHORT,CONVICTION,66.9,BEAR_REJECTION_PENDING,263.4,268.33,224.35,230.52,20,7.91,FAVORABLE,261.5,LIMIT,20,CONVICTION,2026-09-23,2026-09-23T04:53:38.469692
COUR,LONG,CONVICTION,66.8,BULL_BOUNCE_PENDING,5.16,5.1,5.78,5.34,1578,9.79,FAVORABLE,5.2,LIMIT,20,COMPRESSION,2026-09-23,2026-09-23T04:35:20.362404
CMG,LONG,CONVICTION,66.8,BULL_BOUNCE,32.75,31.59,37.41,37.55,85,4.01,FAVORABLE,32.75,LIMIT,20,MINOR,2026-09-23,2026-09-23T04:40:54.328104
CRDO,LONG,CONVICTION,66.8,BULL_BOUNCE_PENDING,186.69,179.87,202.34,206.63,14,2.3,FAVORABLE,190.5,LIMIT,20,VACUUM,2026-09-23,2026-09-23T04:57:03.493142
AMBQ,LONG,CONVICTION,66.7,BULL_BOUNCE,70.06,66.36,79.92,79.92,27,2.67,FAVORABLE,70.06,LIMIT,20,COMPRESSION,2026-09-23,2026-09-23T04:32:45.199140
PLAY,SHORT,CONVICTION,66.7,BEAR_REJECTION_PENDING,7.28,8.15,6.92,,115,0.42,FAVORABLE,7.14,LIMIT,4,COMPRESSION,2026-09-23,2026-09-23T04:43:52.613537
MSTX,SHORT,CONVICTION,66.7,BEAR_REJECTION_PENDING,22.44,24.43,19.36,,50,1.55,FAVORABLE,22.24,LIMIT,18,CONVICTION,2026-09-23,2026-09-23T05:12:21.555274
ASH,LONG,CONVICTION,66.6,BULL_BOUNCE_PENDING,68.78,66.2,72.87,80.7,38,1.59,FAVORABLE,70.18,LIMIT,20,COMPRESSION,2026-09-23,2026-09-23T04:45:07.943575
FRVO,LONG,CONVICTION,66.6,BULL_BOUNCE_PENDING,16.15,15.23,18.6,18.76,108,2.67,FAVORABLE,16.48,LIMIT,16,COMPRESSION,2026-09-23,2026-09-23T04:45:59.302511
AEHL,LONG,CONVICTION,66.6,BULL_BOUNCE_CONFIRMED,7.73,7.34,8.86,,258,2.92,FAVORABLE,7.73,LIMIT,20,MINOR,2026-09-23,2026-09-23T05:06:37.957755
UAA,LONG,CONVICTION,66.6,BULL_BOUNCE_PENDING,4.65,4.48,5.07,5.3,612,2.59,FAVORABLE,4.7422,LIMIT,20,COMPRESSION,2026-09-23,2026-09-23T05:10:43.042653
ORCX,LONG,CONVICTION,66.5,BULL_BOUNCE_PENDING,21.62,20.92,22.77,23.27,141,1.62,FAVORABLE,21.88,LIMIT,20,MINOR,2026-09-23,2026-09-23T04:54:23.275650
ELAN,LONG,CONVICTION,66.5,BULL_BOUNCE_PENDING,22.52,19.7,23.65,,35,0.4,FAVORABLE,22.98,LIMIT,20,COMPRESSION,2026-09-23,2026-09-23T04:55:33.067123
FUL,LONG,CONVICTION,66.5,BULL_BOUNCE_PENDING,50.26,49.68,53.37,56.3,172,5.37,FAVORABLE,51.03,LIMIT,20,COMPRESSION,2026-09-23,2026-09-23T04:55:38.934877
NTR,LONG,CONVICTION,66.5,BULL_BOUNCE_PENDING,74.47,72.82,80.68,79.0,60,3.76,FAVORABLE,75.9919,LIMIT,20,COMPRESSION,2026-09-23,2026-09-23T05:00:42.588438
CMRC,LONG,CONVICTION,66.5,BULL_BOUNCE_CONFIRMED,3.4,3.17,3.57,,442,0.75,FAVORABLE,3.4,LIMIT,14,COMPRESSION,2026-09-23,2026-09-23T05:10:25.179952
KHC,LONG,CONVICTION,66.4,BULL_BOUNCE_PENDING,23.59,23.35,24.36,25.0,423,3.27,FAVORABLE,24.07,LIMIT,20,COMPRESSION,2026-09-23,2026-09-23T04:35:52.468587
RL,LONG,CONVICTION,66.4,BULL_BOUNCE_PENDING,342.94,338.12,371.38,384.91,20,5.9,FAVORABLE,346.55,LIMIT,20,CONVICTION,2026-09-23,2026-09-23T05:09:08.209755
QNC,LONG,CONVICTION,66.4,BULL_BOUNCE,1.71,1.56,2.12,,677,2.78,FAVORABLE,1.71,LIMIT,17,MINOR,2026-09-23,2026-09-23T05:11:23.651855
CAST,LONG,CONVICTION,66.3,BULL_BOUNCE_PENDING,1.38,1.35,1.45,1.49,2723,1.77,FAVORABLE,1.4,LIMIT,17,MINOR,2026-09-23,2026-09-23T04:43:20.709560
AAOZ,LONG,CONVICTION,66.3,BULL_BOUNCE_PENDING,12.36,11.83,14.2,13.59,190,3.51,FAVORABLE,12.55,LIMIT,20,CONVICTION,2026-09-23,2026-09-23T04:44:53.006949
EXE,LONG,CONVICTION,66.3,BULL_BOUNCE_PENDING,87.25,86.5,93.19,96.45,135,8.04,FAVORABLE,87.5,LIMIT,20,COMPRESSION,2026-09-23,2026-09-23T04:48:20.050757
EQPT,LONG,CONVICTION,66.3,BULL_BOUNCE_PENDING,18.47,17.73,20.33,20.43,134,2.49,FAVORABLE,18.85,LIMIT,13,COMPRESSION,2026-09-23,2026-09-23T04:52:40.450098
PSN,LONG,CONVICTION,66.3,BULL_BOUNCE_PENDING,43.39,40.1,48.45,,30,1.54,FAVORABLE,44.2752,LIMIT,20,COMPRESSION,2026-09-23,2026-09-23T05:01:09.075593
CDNS,SHORT,CONVICTION,66.3,BEAR_REJECTION_PENDING,309.46,315.06,298.65,285.73,17,1.93,FAVORABLE,303.39,LIMIT,20,COMPRESSION,2026-09-23,2026-09-23T05:03:16.014846
PTEN,LONG,CONVICTION,66.2,BULL_BOUNCE_PENDING,10.96,10.8,11.64,11.64,616,4.21,FAVORABLE,11.16,LIMIT,20,COMPRESSION,2026-09-23,2026-09-23T04:39:09.175282
RZLV,LONG,CONVICTION,66.2,BULL_BOUNCE_PENDING,2.29,2.26,2.38,2.52,2894,2.51,FAVORABLE,2.34,LIMIT,5,COMPRESSION,2026-09-23,2026-09-23T04:41:51.900288
AROC,LONG,CONVICTION,66.2,BULL_BOUNCE_PENDING,29.79,28.47,32.27,33.33,75,1.87,FAVORABLE,30.4,LIMIT,20,COMPRESSION,2026-09-23,2026-09-23T05:04:04.263861
TH,LONG,CONVICTION,66.0,BULL_BOUNCE_CONFIRMED,21.61,20.5,22.69,,89,0.97,FAVORABLE,21.61,LIMIT,0,NONE,2026-09-23,2026-09-23T04:30:00.244212
MANE,LONG,CONVICTION,66.0,BULL_BOUNCE_PENDING,115.99,113.48,123.12,123.12,39,2.84,FAVORABLE,118.36,LIMIT,19,COMPRESSION,2026-09-23,2026-09-23T04:31:58.856895
PS,LONG,CONVICTION,66.0,BULL_BOUNCE_PENDING,50.78,49.68,53.32,,91,2.31,FAVORABLE,51.0,LIMIT,1,MINOR,2026-09-23,2026-09-23T04:32:03.501903
WGS,LONG,CONVICTION,66.0,BULL_BOUNCE_PENDING,90.16,88.47,104.93,95.19,59,8.76,FAVORABLE,91.6025,LIMIT,20,CONVICTION,2026-09-23,2026-09-23T04:32:07.053221
CVE,LONG,CONVICTION,66.0,BULL_BOUNCE_PENDING,30.69,29.38,32.99,34.11,75,1.74,FAVORABLE,31.32,LIMIT,20,COMPRESSION,2026-09-23,2026-09-23T04:36:22.160978
FRSH,LONG,CONVICTION,66.0,BULL_BOUNCE_CONFIRMED,12.46,11.92,14.29,13.81,185,3.39,FAVORABLE,12.46,LIMIT,20,COMPRESSION,2026-09-23,2026-09-23T04:39:05.515366
UWMC,LONG,CONVICTION,66.0,BULL_BOUNCE,1.26,1.18,1.39,,1230,1.6,FAVORABLE,1.26,LIMIT,12,COMPRESSION,2026-09-23,2026-09-23T04:41:57.604304
FOUR,LONG,CONVICTION,66.0,BULL_BOUNCE_PENDING,38.57,37.02,45.06,42.08,64,4.19,FAVORABLE,39.36,LIMIT,20,COMPRESSION,2026-09-23,2026-09-23T04:48:21.383441
FSLY,LONG,CONVICTION,66.0,BULL_BOUNCE_PENDING,25.97,25.31,28.6,28.2,151,3.98,FAVORABLE,26.15,LIMIT,7,MINOR,2026-09-23,2026-09-23T04:48:24.107905
ORKA,LONG,CONVICTION,66.0,BULL_BOUNCE_PENDING,92.66,89.11,106.75,101.3,28,3.97,FAVORABLE,94.55,LIMIT,20,CONVICTION,2026-09-23,2026-09-23T04:49:05.870724
GEO,LONG,CONVICTION,66.0,BULL_BOUNCE_PENDING,29.69,28.67,33.38,32.05,97,3.59,FAVORABLE,30.3,LIMIT,10,COMPRESSION,2026-09-23,2026-09-23T04:50:38.776551
VIRT,LONG,CONVICTION,66.0,BULL_BOUNCE_PENDING,53.31,52.65,60.75,59.32,150,11.22,FAVORABLE,54.4,LIMIT,20,COMPRESSION,2026-09-23,2026-09-23T04:56:42.554429
VICR,LONG,CONVICTION,66.0,BULL_BOUNCE_PENDING,267.19,262.2,275.01,284.75,20,1.56,FAVORABLE,267.91,LIMIT,20,CONVICTION,2026-09-23,2026-09-23T04:56:42.337431
EYPT,LONG,CONVICTION,66.0,BULL_BOUNCE,4.02,3.68,4.56,,295,1.6,FAVORABLE,4.02,LIMIT,20,COMPRESSION,2026-09-23,2026-09-23T04:57:07.629541
XME,SHORT,CONVICTION,66.0,BEAR_REJECTION_PENDING,111.97,113.56,105.3,96.06,62,4.18,FAVORABLE,111.9,LIMIT,20,CONVICTION,2026-09-23,2026-09-23T05:03:51.583794
VSNT,LONG,CONVICTION,66.0,BULL_BOUNCE_PENDING,32.94,32.53,38.38,36.06,246,13.39,FAVORABLE,33.6113,LIMIT,20,COMPRESSION,2026-09-23,2026-09-23T05:07:55.716314
ENTG,LONG,CONVICTION,66.0,BULL_BOUNCE_PENDING,148.09,143.4,160.01,167.01,21,2.54,FAVORABLE,151.11,LIMIT,17,CONVICTION,2026-09-23,2026-09-23T05:08:57.790622
IOND,LONG,CONVICTION,65.9,BULL_BOUNCE_PENDING,85.08,79.05,89.34,,16,0.71,FAVORABLE,86.82,LIMIT,0,NONE,2026-09-23,2026-09-23T04:32:21.660558
COTY,LONG,CONVICTION,65.9,BULL_BOUNCE_PENDING,2.55,2.5,2.66,2.7,1741,1.83,FAVORABLE,2.607,LIMIT,20,COMPRESSION,2026-09-23,2026-09-23T04:34:44.530763
AUR,LONG,CONVICTION,65.9,BULL_BOUNCE_PENDING,6.32,5.79,7.24,,189,1.74,FAVORABLE,6.45,LIMIT,9,COMPRESSION,2026-09-23,2026-09-23T04:40:18.515436
ESNT,LONG,CONVICTION,65.9,BULL_BOUNCE_PENDING,64.39,63.27,68.29,69.44,89,3.5,FAVORABLE,65.7,LIMIT,20,COMPRESSION,2026-09-23,2026-09-23T04:45:54.466501
RHI,LONG,CONVICTION,65.7,BULL_BOUNCE_PENDING,36.83,35.75,41.94,41.94,92,4.72,FAVORABLE,37.58,LIMIT,20,COMPRESSION,2026-09-23,2026-09-23T04:47:01.709923
DJT,LONG,CONVICTION,65.7,BULL_BOUNCE_PENDING,9.18,9.04,10.51,10.13,688,9.14,FAVORABLE,9.3707,LIMIT,6,MINOR,2026-09-23,2026-09-23T05:01:23.700626
VGNT,LONG,CONVICTION,65.6,BULL_BOUNCE_PENDING,46.15,45.5,50.0,50.38,154,5.96,FAVORABLE,47.09,LIMIT,17,MINOR,2026-09-23,2026-09-23T05:12:20.898274
FGL,LONG,CONVICTION,65.5,BULL_BOUNCE_PENDING,4.28,3.49,4.5,,126,0.27,FAVORABLE,4.37,LIMIT,19,COMPRESSION,2026-09-23,2026-09-23T05:05:56.637917
CCJ,LONG,CONVICTION,65.4,BULL_BOUNCE,94.41,91.06,101.77,105.74,29,2.2,FAVORABLE,94.41,LIMIT,20,VACUUM,2026-09-23,2026-09-23T04:37:44.697471
URNM,LONG,CONVICTION,65.4,BULL_BOUNCE_PENDING,51.42,50.87,54.37,55.36,182,5.38,FAVORABLE,52.33,LIMIT,20,COMPRESSION,2026-09-23,2026-09-23T05:01:49.559764
ACHC,LONG,CONVICTION,65.4,BULL_BOUNCE_PENDING,28.78,28.13,32.5,31.6,152,5.67,FAVORABLE,29.37,LIMIT,8,CONVICTION,2026-09-23,2026-09-23T05:03:12.205096
EXEL,LONG,CONVICTION,65.4,BULL_BOUNCE_PENDING,57.52,57.02,58.31,58.96,199,1.57,FAVORABLE,58.15,LIMIT,20,MINOR,2026-09-23,2026-09-23T05:03:16.326377
TGB,LONG,CONVICTION,65.3,BULL_BOUNCE_PENDING,9.0,8.56,9.75,,230,1.74,FAVORABLE,9.18,LIMIT,20,MINOR,2026-09-23,2026-09-23T04:33:41.003655
RDW,LONG,CONVICTION,65.3,BULL_BOUNCE_PENDING,11.7,11.43,12.29,12.94,372,2.19,FAVORABLE,11.94,LIMIT,9,COMPRESSION,2026-09-23,2026-09-23T04:35:56.723614
KNX,LONG,CONVICTION,65.3,BULL_BOUNCE_PENDING,67.03,63.88,76.18,,31,2.9,FAVORABLE,68.3977,LIMIT,20,COMPRESSION,2026-09-23,2026-09-23T04:52:56.399663
GIS,LONG,CONVICTION,65.2,BULL_BOUNCE_PENDING,34.82,34.2,36.27,36.48,160,2.32,FAVORABLE,35.53,LIMIT,20,COMPRESSION,2026-09-23,2026-09-23T04:35:34.853494
NWL,LONG,CONVICTION,65.2,BULL_BOUNCE_PENDING,5.64,5.56,5.98,6.17,1116,3.74,FAVORABLE,5.76,LIMIT,20,COMPRESSION,2026-09-23,2026-09-23T04:51:07.903726
SPCG,LONG,CONVICTION,65.2,BULL_BOUNCE_PENDING,14.24,12.9,16.65,,74,1.8,FAVORABLE,14.5308,LIMIT,20,MINOR,2026-09-23,2026-09-23T04:51:47.930026
ACM,SHORT,CONVICTION,65.2,BEAR_REJECTION_PENDING,63.55,64.41,62.16,,116,1.62,FAVORABLE,62.42,LIMIT,20,CONVICTION,2026-09-23,2026-09-23T04:58:12.540068
INFQ,LONG,CONVICTION,65.1,BULL_BOUNCE_PENDING,14.67,14.42,16.16,17.01,393,5.85,FAVORABLE,14.92,LIMIT,5,COMPRESSION,2026-09-23,2026-09-23T04:33:06.051924
DNN,LONG,CONVICTION,65.1,BULL_BOUNCE_PENDING,2.91,2.86,3.26,3.04,2206,7.83,FAVORABLE,2.93,LIMIT,20,COMPRESSION,2026-09-23,2026-09-23T04:33:53.073672
AMAT,LONG,CONVICTION,65.1,BULL_BOUNCE_PENDING,460.13,446.17,481.88,514.33,7,1.56,FAVORABLE,469.52,LIMIT,20,CONVICTION,2026-09-23,2026-09-23T04:39:26.843895
SOLS,LONG,CONVICTION,65.1,BULL_BOUNCE_PENDING,57.67,52.66,60.56,,19,0.58,FAVORABLE,58.85,LIMIT,20,CONVICTION,2026-09-23,2026-09-23T05:06:07.295192
HTFL,LONG,CONVICTION,65.0,BULL_BOUNCE,50.17,47.68,52.68,,40,1.01,FAVORABLE,50.17,LIMIT,12,MINOR,2026-09-23,2026-09-23T04:32:11.996969
BB,LONG,CONVICTION,65.0,CHANNEL_BREAKOUT,8.9,8.63,9.35,9.6,374,1.69,FAVORABLE,8.9,LIMIT,3,MINOR,2026-09-23,2026-09-23T04:41:14.388918
LGHL,LONG,CONVICTION,65.0,BULL_BOUNCE_PENDING,7.79,7.34,8.18,,220,0.86,FAVORABLE,7.9503,LIMIT,5,MINOR,2026-09-23,2026-09-23T04:42:17.271035
NUWE,LONG,CONVICTION,65.0,BULL_BOUNCE,0.83,0.72,0.84,,907,0.12,FAVORABLE,0.8263,LIMIT,20,MINOR,2026-09-23,2026-09-23T04:44:30.932343
VISN,LONG,CONVICTION,65.0,BULL_BOUNCE,6.48,6.26,7.0,7.0,453,2.36,FAVORABLE,6.48,LIMIT,20,CONVICTION,2026-09-23,2026-09-23T04:47:32.704212
ADM,LONG,CONVICTION,65.0,BULL_BOUNCE_PENDING,81.91,81.11,85.05,85.05,125,3.95,FAVORABLE,82.74,LIMIT,20,COMPRESSION,2026-09-23,2026-09-23T04:47:41.209230
ETHT,LONG,CONVICTION,65.0,BULL_BOUNCE_PENDING,19.87,19.16,21.21,22.49,139,1.87,FAVORABLE,20.28,LIMIT,20,CONVICTION,2026-09-23,2026-09-23T04:58:54.034501
NLR,LONG,CONVICTION,65.0,BULL_BOUNCE_PENDING,111.11,110.0,120.29,121.99,90,8.28,FAVORABLE,111.88,LIMIT,20,CONVICTION,2026-09-23,2026-09-23T05:03:28.690830
DVA,LONG,CONVICTION,65.0,BULL_BOUNCE_PENDING,180.05,174.59,205.25,197.1,18,4.62,FAVORABLE,183.72,LIMIT,20,CONVICTION,2026-09-23,2026-09-23T05:04:11.275481
AXSM,LONG,CONVICTION,65.0,BULL_BOUNCE,204.45,196.42,232.32,234.46,12,3.47,FAVORABLE,204.45,LIMIT,20,CONVICTION,2026-09-23,2026-09-23T05:07:15.586161
CRCG,LONG,CONVICTION,65.0,BULL_BOUNCE,15.73,13.33,15.96,,41,0.1,FAVORABLE,15.73,LIMIT,14,COMPRESSION,2026-09-23,2026-09-23T05:08:08.982441
GIPR,LONG,CONVICTION,65.0,BULL_BOUNCE,0.56,0.39,2.38,,565,10.27,FAVORABLE,0.5636,LIMIT,12,MINOR,2026-09-23,2026-09-23T05:13:26.245073
CLYM,LONG,CONVICTION,64.9,BULL_BOUNCE_PENDING,13.92,12.09,14.61,,54,0.38,FAVORABLE,14.2,LIMIT,16,MINOR,2026-09-23,2026-09-23T05:08:19.161474
ACHV,LONG,CONVICTION,64.8,BULL_BOUNCE_PENDING,8.09,7.97,8.49,8.49,835,3.38,FAVORABLE,8.13,LIMIT,13,MINOR,2026-09-23,2026-09-23T04:30:09.988502
CLOU,LONG,CONVICTION,64.8,BULL_BOUNCE_PENDING,28.18,27.68,28.93,,202,1.53,FAVORABLE,28.75,LIMIT,17,COMPRESSION,2026-09-23,2026-09-23T04:48:09.996154
ODD,LONG,CONVICTION,64.7,BULL_BOUNCE_PENDING,18.54,18.04,19.47,,198,1.84,FAVORABLE,18.78,LIMIT,1,MINOR,2026-09-23,2026-09-23T04:32:22.129558
CIFR,SHORT,CONVICTION,64.7,BEAR_REJECTION_PENDING,19.58,21.92,18.6,,42,0.42,FAVORABLE,19.195,LIMIT,12,COMPRESSION,2026-09-23,2026-09-23T04:38:59.531677
CTSH,SHORT,CONVICTION,64.7,BEAR_REJECTION_PENDING,59.86,63.19,52.31,,30,2.27,FAVORABLE,58.69,LIMIT,20,COMPRESSION,2026-09-23,2026-09-23T04:40:23.933457
SPCF,LONG,CONVICTION,64.7,BULL_BOUNCE_PENDING,17.27,15.07,18.13,,45,0.39,FAVORABLE,17.62,LIMIT,20,COMPRESSION,2026-09-23,2026-09-23T04:47:15.305975
ULTA,LONG,CONVICTION,64.7,BULL_BOUNCE_PENDING,545.11,540.43,633.28,566.28,21,18.87,FAVORABLE,553.86,LIMIT,20,CONVICTION,2026-09-23,2026-09-23T04:47:30.700208
ATRO,LONG,CONVICTION,64.7,BULL_BOUNCE_PENDING,68.81,67.8,71.94,76.63,99,3.11,FAVORABLE,69.7,LIMIT,20,CONVICTION,2026-09-23,2026-09-23T04:52:12.359051
INDI,SHORT,CONVICTION,64.7,BEAR_REJECTION_PENDING,3.24,3.37,2.88,2.77,788,2.84,FAVORABLE,3.22,LIMIT,20,COMPRESSION,2026-09-23,2026-09-23T04:54:09.005904
AVS,SHORT,CONVICTION,64.7,BEAR_REJECTION_PENDING,8.1,8.19,7.84,7.63,1101,2.87,FAVORABLE,7.97,LIMIT,20,COMPRESSION,2026-09-23,2026-09-23T04:55:20.890754
GMAB,LONG,CONVICTION,64.7,BULL_BOUNCE_PENDING,34.45,33.98,35.24,,211,1.67,FAVORABLE,35.155,LIMIT,1,MINOR,2026-09-23,2026-09-23T05:11:42.574892
PSNYW,LONG,CONVICTION,64.6,BULL_BOUNCE_PENDING,4.3,4.15,5.0,,657,4.62,FAVORABLE,4.36,LIMIT,11,MINOR,2026-09-23,2026-09-23T05:03:06.423686
FLYE,LONG,CONVICTION,64.6,BULL_BOUNCE_PENDING,1.36,1.26,1.43,,960,0.65,FAVORABLE,1.39,LIMIT,2,MINOR,2026-09-23,2026-09-23T05:06:53.452582
SSMR,LONG,CONVICTION,64.6,BULL_BOUNCE_PENDING,16.45,15.99,17.35,17.82,216,1.94,FAVORABLE,16.79,LIMIT,20,COMPRESSION,2026-09-23,2026-09-23T05:12:43.724847
FIVE,LONG,CONVICTION,64.5,BULL_BOUNCE_PENDING,227.75,224.45,243.88,238.2,30,4.89,FAVORABLE,229.836,LIMIT,20,COMPRESSION,2026-09-23,2026-09-23T04:45:56.252505
PBF,SHORT,CONVICTION,64.5,BEAR_REJECTION_PENDING,73.57,77.38,63.94,62.93,26,2.52,FAVORABLE,72.126,LIMIT,20,CONVICTION,2026-09-23,2026-09-23T04:51:16.174518
REAX,SHORT,CONVICTION,64.5,BEAR_REJECTION_PENDING,17.37,17.8,16.72,16.34,232,1.51,FAVORABLE,17.13,LIMIT,20,COMPRESSION,2026-09-23,2026-09-23T05:03:33.608226
TAL,LONG,CONVICTION,64.5,BULL_BOUNCE_PENDING,11.63,11.14,12.55,,201,1.85,FAVORABLE,11.87,LIMIT,9,MINOR,2026-09-23,2026-09-23T05:07:11.274621
MTN,LONG,CONVICTION,64.5,BULL_BOUNCE_PENDING,137.94,136.59,146.67,149.14,74,6.47,FAVORABLE,138.98,LIMIT,20,COMPRESSION,2026-09-23,2026-09-23T05:11:15.964841
MAIR,LONG,CONVICTION,64.4,BULL_BOUNCE_PENDING,24.51,24.1,25.82,25.82,243,3.19,FAVORABLE,25.0,LIMIT,20,COMPRESSION,2026-09-23,2026-09-23T05:03:01.390240
FTK,LONG,CONVICTION,64.3,BULL_BOUNCE_PENDING,29.69,28.42,31.69,,78,1.58,FAVORABLE,30.296,LIMIT,20,MINOR,2026-09-23,2026-09-23T04:32:55.319159
B,LONG,CONVICTION,64.3,BULL_BOUNCE_PENDING,42.19,41.34,44.66,45.64,117,2.92,FAVORABLE,43.05,LIMIT,20,COMPRESSION,2026-09-23,2026-09-23T04:34:06.598222
CRC,LONG,CONVICTION,64.3,BULL_BOUNCE_PENDING,51.47,50.92,53.57,56.67,182,3.83,FAVORABLE,52.03,LIMIT,20,COMPRESSION,2026-09-23,2026-09-23T04:48:12.033156
LABX,LONG,CONVICTION,64.3,BULL_BOUNCE_PENDING,14.95,14.15,16.5,16.81,124,1.92,FAVORABLE,15.26,LIMIT,20,COMPRESSION,2026-09-23,2026-09-23T05:08:43.679596
BTU,LONG,CONVICTION,64.2,BULL_BOUNCE_PENDING,26.88,26.45,27.73,28.87,236,2.02,FAVORABLE,27.15,LIMIT,20,COMPRESSION,2026-09-23,2026-09-23T04:47:59.722268
POST,SHORT,CONVICTION,64.2,BEAR_REJECTION_PENDING,77.4,78.25,75.96,75.07,117,1.7,FAVORABLE,75.97,LIMIT,20,COMPRESSION,2026-09-23,2026-09-23T04:53:13.284171
HLI,LONG,CONVICTION,64.2,BULL_BOUNCE_PENDING,128.35,126.03,145.77,150.37,43,7.5,FAVORABLE,130.97,LIMIT,20,CONVICTION,2026-09-23,2026-09-23T04:54:06.940959
JAZZ,LONG,CONVICTION,64.2,BULL_BOUNCE,241.0,235.58,258.0,256.38,18,3.14,FAVORABLE,241.0,LIMIT,20,VACUUM,2026-09-23,2026-09-23T05:06:49.560815
RCL,SHORT,CONVICTION,64.2,BEAR_REJECTION_PENDING,241.23,266.52,229.17,,3,0.48,FAVORABLE,236.5,LIMIT,20,CONVICTION,2026-09-23,2026-09-23T05:13:34.819620
WHR,LONG,CONVICTION,64.1,BULL_BOUNCE_PENDING,33.1,32.48,35.2,35.64,159,3.34,FAVORABLE,33.78,LIMIT,20,COMPRESSION,2026-09-23,2026-09-23T04:52:03.257120
LGN,LONG,CONVICTION,64.1,BULL_BOUNCE_PENDING,53.56,52.71,59.21,59.52,117,6.65,FAVORABLE,54.25,LIMIT,20,COMPRESSION,2026-09-23,2026-09-23T04:55:49.826429
MP,LONG,CONVICTION,64.1,BULL_BOUNCE_PENDING,50.62,49.87,53.33,55.18,132,3.6,FAVORABLE,50.999,LIMIT,20,COMPRESSION,2026-09-23,2026-09-23T04:55:55.049438
SOFI,LONG,CONVICTION,64.0,BULL_BOUNCE_PENDING,17.08,16.88,17.97,19.06,503,4.47,FAVORABLE,17.1762,LIMIT,19,COMPRESSION,2026-09-23,2026-09-23T04:36:23.474981
DKNG,LONG,CONVICTION,64.0,BULL_BOUNCE_PENDING,21.84,21.53,24.83,24.47,314,9.39,FAVORABLE,21.89,LIMIT,20,COMPRESSION,2026-09-23,2026-09-23T04:36:45.554555
DNTH,LONG,CONVICTION,64.0,BULL_BOUNCE_PENDING,97.33,95.74,100.85,107.85,62,2.21,FAVORABLE,98.35,LIMIT,20,MINOR,2026-09-23,2026-09-23T04:48:16.822104
AVAH,LONG,CONVICTION,64.0,BULL_BOUNCE_PENDING,12.86,11.73,14.57,,88,1.52,FAVORABLE,13.12,LIMIT,20,COMPRESSION,2026-09-23,2026-09-23T04:53:47.167709
DINO,LONG,CONVICTION,64.0,BULL_BOUNCE_PENDING,103.02,101.57,107.14,114.06,68,2.84,FAVORABLE,105.07,LIMIT,20,CONVICTION,2026-09-23,2026-09-23T04:53:57.820265
ROIV,LONG,CONVICTION,64.0,BULL_BOUNCE_PENDING,37.6,34.94,43.1,,37,2.06,FAVORABLE,38.37,LIMIT,20,COMPRESSION,2026-09-23,2026-09-23T04:58:02.771798
MRVI,LONG,CONVICTION,64.0,BULL_BOUNCE_PENDING,7.23,6.79,8.12,8.35,223,1.99,FAVORABLE,7.38,LIMIT,20,COMPRESSION,2026-09-23,2026-09-23T04:59:35.921499
TNGX,LONG,CONVICTION,64.0,BULL_BOUNCE_PENDING,25.17,22.31,26.43,,35,0.44,FAVORABLE,25.6838,LIMIT,8,MINOR,2026-09-23,2026-09-23T05:02:44.541302
AAON,LONG,CONVICTION,64.0,BULL_BOUNCE_PENDING,77.58,76.05,86.77,84.93,65,6.04,FAVORABLE,79.16,LIMIT,20,CONVICTION,2026-09-23,2026-09-23T05:04:03.508859
IOT,LONG,CONVICTION,64.0,BULL_BOUNCE_PENDING,37.73,34.85,42.05,,34,1.5,FAVORABLE,38.5,LIMIT,16,COMPRESSION,2026-09-23,2026-09-23T05:04:14.438546
MIMI,LONG,CONVICTION,64.0,BULL_BOUNCE_PENDING,0.79,0.67,0.83,,786,0.31,FAVORABLE,0.81,LIMIT,20,MINOR,2026-09-23,2026-09-23T05:05:11.363914
NEO,LONG,CONVICTION,64.0,BULL_BOUNCE_PENDING,18.4,18.02,19.28,19.73,261,2.29,FAVORABLE,18.78,LIMIT,11,COMPRESSION,2026-09-23,2026-09-23T05:05:45.745828
CE,LONG,CONVICTION,64.0,BULL_BOUNCE_PENDING,46.47,43.9,50.91,53.4,38,1.72,FAVORABLE,47.4225,LIMIT,20,COMPRESSION,2026-09-23,2026-09-23T05:07:19.867700
AOUT,LONG,CONVICTION,64.0,BULL_BOUNCE_PENDING,16.55,16.23,17.6,,316,3.32,FAVORABLE,16.75,LIMIT,10,MINOR,2026-09-23,2026-09-23T05:08:42.368589
NAMS,LONG,CONVICTION,64.0,BULL_BOUNCE_PENDING,23.05,21.0,26.66,,48,1.76,FAVORABLE,23.52,LIMIT,20,CONVICTION,2026-09-23,2026-09-23T05:09:55.625558
OVV,LONG,CONVICTION,63.9,BULL_BOUNCE_PENDING,58.5,57.9,61.52,61.52,164,4.96,FAVORABLE,58.82,LIMIT,20,COMPRESSION,2026-09-23,2026-09-23T04:49:09.474555
ARM,LONG,CONVICTION,63.9,BULL_BOUNCE_PENDING,321.75,316.38,370.0,,18,8.99,FAVORABLE,328.01,LIMIT,20,CONVICTION,2026-09-23,2026-09-23T04:53:46.010707
GDX,LONG,CONVICTION,63.9,BULL_BOUNCE_PENDING,95.65,94.65,98.89,104.2,100,3.25,FAVORABLE,95.85,LIMIT,20,COMPRESSION,2026-09-23,2026-09-23T05:00:29.603865
DDOG,LONG,CONVICTION,63.8,BULL_BOUNCE_PENDING,245.36,242.12,259.5,280.0,30,4.37,FAVORABLE,248.3,LIMIT,14,MINOR,2026-09-23,2026-09-23T04:29:57.206206
ZSL,LONG,CONVICTION,63.8,BULL_BOUNCE_PENDING,23.17,22.14,25.64,27.07,97,2.4,FAVORABLE,23.64,LIMIT,20,COMPRESSION,2026-09-23,2026-09-23T04:58:09.710937
BSOL,LONG,CONVICTION,63.8,BULL_BOUNCE_PENDING,15.84,15.64,16.29,17.03,496,2.24,FAVORABLE,16.16,LIMIT,20,COMPRESSION,2026-09-23,2026-09-23T04:58:35.315987
TRU,SHORT,CONVICTION,63.8,BEAR_REJECTION_PENDING,73.31,77.71,65.4,,22,1.8,FAVORABLE,71.87,LIMIT,20,COMPRESSION,2026-09-23,2026-09-23T05:09:14.838417
LQDA,SHORT,CONVICTION,63.7,BEAR_REJECTION_PENDING,70.01,74.81,66.51,,20,0.73,FAVORABLE,68.64,LIMIT,20,CONVICTION,2026-09-23,2026-09-23T04:55:51.484430
WMT,SHORT,CONVICTION,63.6,BEAR_REJECTION_PENDING,112.2,119.59,97.23,95.25,13,2.02,FAVORABLE,110.0,LIMIT,14,CONVICTION,2026-09-23,2026-09-23T04:35:04.587860
T,LONG,CONVICTION,63.6,BULL_BOUNCE_PENDING,24.82,24.63,28.27,27.35,503,17.31,FAVORABLE,25.1371,LIMIT,20,COMPRESSION,2026-09-23,2026-09-23T04:35:17.889400
COKE,LONG,CONVICTION,63.6,BULL_BOUNCE,190.98,185.01,207.35,208.82,16,2.74,FAVORABLE,190.98,LIMIT,20,CONVICTION,2026-09-23,2026-09-23T04:52:33.329544
TKO,LONG,CONVICTION,63.6,BULL_BOUNCE_PENDING,187.16,185.34,208.83,194.79,54,11.91,FAVORABLE,188.87,LIMIT,20,CONVICTION,2026-09-23,2026-09-23T05:00:04.023250
AVL,LONG,CONVICTION,63.6,BULL_BOUNCE_PENDING,37.58,36.78,41.15,43.98,124,4.44,FAVORABLE,38.35,LIMIT,20,CONVICTION,2026-09-23,2026-09-23T05:08:16.145471
UEC,LONG,CONVICTION,63.5,BULL_BOUNCE_PENDING,10.18,10.01,11.38,11.69,581,6.98,FAVORABLE,10.33,LIMIT,20,COMPRESSION,2026-09-23,2026-09-23T05:01:48.284759
MS,SHORT,CONVICTION,63.4,BEAR_REJECTION_PENDING,204.54,207.93,192.62,188.49,29,3.51,FAVORABLE,200.53,LIMIT,20,CONVICTION,2026-09-23,2026-09-23T04:36:34.201999
AVGX,LONG,CONVICTION,63.4,BULL_BOUNCE_PENDING,39.67,38.72,43.39,46.44,104,3.9,FAVORABLE,40.48,LIMIT,20,CONVICTION,2026-09-23,2026-09-23T05:05:22.515594
ARR,SHORT,CONVICTION,63.3,BEAR_REJECTION_PENDING,15.3,15.58,14.6,14.6,360,2.52,FAVORABLE,15.06,LIMIT,20,COMPRESSION,2026-09-23,2026-09-23T04:36:39.332009
EEFT,SHORT,CONVICTION,63.3,BEAR_REJECTION_PENDING,67.0,68.2,64.26,,83,2.3,FAVORABLE,65.69,LIMIT,20,COMPRESSION,2026-09-23,2026-09-23T05:07:24.692253
MPT,LONG,CONVICTION,63.3,BULL_BOUNCE_PENDING,3.59,3.39,4.0,4.14,515,2.13,FAVORABLE,3.6597,LIMIT,20,COMPRESSION,2026-09-23,2026-09-23T05:12:54.419464
FIS,SHORT,CONVICTION,63.2,BEAR_REJECTION_PENDING,35.8,36.61,34.01,,123,2.21,FAVORABLE,35.1,LIMIT,20,COMPRESSION,2026-09-23,2026-09-23T04:37:12.889019
NEE,LONG,CONVICTION,63.2,BULL_BOUNCE_PENDING,77.73,70.72,91.11,,14,1.91,FAVORABLE,79.32,LIMIT,20,COMPRESSION,2026-09-23,2026-09-23T04:37:45.390473
ROBN,LONG,CONVICTION,63.2,BULL_BOUNCE_PENDING,38.45,37.18,41.02,41.75,78,2.01,FAVORABLE,38.76,LIMIT,20,MINOR,2026-09-23,2026-09-23T05:01:41.566742
KRYS,LONG,CONVICTION,63.2,BULL_BOUNCE_CONFIRMED,353.4,332.33,371.07,,4,0.84,FAVORABLE,353.4,LIMIT,14,CONVICTION,2026-09-23,2026-09-23T05:03:23.610955
BWXT,LONG,CONVICTION,63.2,BULL_BOUNCE_PENDING,143.32,141.9,147.52,154.5,70,2.95,FAVORABLE,144.9689,LIMIT,20,CONVICTION,2026-09-23,2026-09-23T05:06:59.118060
SYNA,LONG,CONVICTION,63.2,BULL_BOUNCE_PENDING,94.57,87.73,105.32,110.58,14,1.57,FAVORABLE,96.5,LIMIT,20,CONVICTION,2026-09-23,2026-09-23T05:11:18.386845
MUSA,LONG,CONVICTION,63.1,BULL_BOUNCE_PENDING,507.75,502.86,522.24,522.24,20,2.96,FAVORABLE,508.8,LIMIT,20,CONVICTION,2026-09-23,2026-09-23T04:48:55.039124
MOD,LONG,CONVICTION,63.1,BULL_BOUNCE_PENDING,193.06,189.79,221.56,202.18,30,8.72,FAVORABLE,197.0,LIMIT,20,CONVICTION,2026-09-23,2026-09-23T04:55:54.816438
PAAS,LONG,CONVICTION,63.1,BULL_BOUNCE_PENDING,48.9,47.3,55.29,55.36,62,3.98,FAVORABLE,49.9,LIMIT,20,COMPRESSION,2026-09-23,2026-09-23T05:00:45.593447
PLTZ,SHORT,CONVICTION,63.1,BEAR_REJECTION_PENDING,8.16,8.39,7.75,,443,1.81,FAVORABLE,8.15,LIMIT,20,COMPRESSION,2026-09-23,2026-09-23T05:07:40.951285
OI,SHORT,CONVICTION,63.0,BEAR_REJECTION_PENDING,6.44,6.56,6.19,6.13,790,1.95,FAVORABLE,6.31,LIMIT,20,COMPRESSION,2026-09-23,2026-09-23T04:39:24.270890
DOMO,LONG,CONVICTION,63.0,BULL_BOUNCE_CONFIRMED,3.75,3.15,3.94,,167,0.31,FAVORABLE,3.7507,LIMIT,20,MINOR,2026-09-23,2026-09-23T04:44:49.972926
CYCU,LONG,CONVICTION,63.0,BULL_BOUNCE,3.33,3.01,3.39,,308,0.19,FAVORABLE,3.33,LIMIT,6,MINOR,2026-09-23,2026-09-23T05:05:06.219373
MUD,LONG,CONVICTION,63.0,BULL_BOUNCE_PENDING,8.87,8.72,9.44,9.46,704,4.05,FAVORABLE,8.8791,LIMIT,20,COMPRESSION,2026-09-23,2026-09-23T05:05:44.432827
GFL,LONG,CONVICTION,63.0,BULL_BOUNCE_PENDING,41.58,41.09,43.2,44.45,205,3.33,FAVORABLE,42.34,LIMIT,20,COMPRESSION,2026-09-23,2026-09-23T05:06:23.101775
ACHR,LONG,CONVICTION,62.9,BULL_BOUNCE_PENDING,5.59,5.4,6.21,6.48,546,3.41,FAVORABLE,5.7,LIMIT,16,COMPRESSION,2026-09-23,2026-09-23T04:35:25.160474
BFLY,LONG,CONVICTION,62.9,BULL_BOUNCE_PENDING,9.88,9.69,10.37,,537,2.65,FAVORABLE,9.98,LIMIT,0,NONE,2026-09-23,2026-09-23T04:42:02.555324
DPC,LONG,CONVICTION,62.9,BULL_BOUNCE,40.63,37.79,45.07,,35,1.56,FAVORABLE,40.63,LIMIT,17,COMPRESSION,2026-09-23,2026-09-23T04:50:23.882283
CSX,SHORT,CONVICTION,62.8,BEAR_REJECTION_PENDING,47.63,48.14,40.2,45.47,196,14.58,FAVORABLE,46.8209,LIMIT,20,COMPRESSION,2026-09-23,2026-09-23T04:38:48.533122
SSRM,LONG,CONVICTION,62.8,BULL_BOUNCE_PENDING,36.63,36.12,37.66,38.5,196,2.02,FAVORABLE,37.38,LIMIT,20,VACUUM,2026-09-23,2026-09-23T04:47:18.310678
SAIA,LONG,CONVICTION,62.8,BULL_BOUNCE_PENDING,348.21,344.59,382.92,382.19,27,9.58,FAVORABLE,348.42,LIMIT,20,CONVICTION,2026-09-23,2026-09-23T05:08:31.711568
MWH,LONG,CONVICTION,62.8,BULL_BOUNCE_PENDING,26.02,24.32,28.92,30.53,58,1.71,FAVORABLE,26.55,LIMIT,20,COMPRESSION,2026-09-23,2026-09-23T05:11:16.216842
UPC,LONG,CONVICTION,62.7,BULL_BOUNCE_PENDING,4.47,4.16,4.98,,322,1.65,FAVORABLE,4.56,LIMIT,3,MINOR,2026-09-23,2026-09-23T04:44:17.732239
KLAR,LONG,CONVICTION,62.6,BULL_BOUNCE_PENDING,13.46,12.4,15.66,,94,2.09,FAVORABLE,13.73,LIMIT,20,COMPRESSION,2026-09-23,2026-09-23T04:54:09.484587
PLTD,SHORT,CONVICTION,62.6,BEAR_REJECTION_PENDING,4.84,4.94,4.6,,956,2.31,FAVORABLE,4.83,LIMIT,20,COMPRESSION,2026-09-23,2026-09-23T04:56:09.537673
TDC,SHORT,CONVICTION,62.5,BEAR_REJECTION_PENDING,29.91,31.31,27.59,,71,1.66,FAVORABLE,29.41,LIMIT,8,VACUUM,2026-09-23,2026-09-23T04:58:06.278882
EQX,LONG,CONVICTION,62.4,BULL_BOUNCE_PENDING,12.22,11.57,13.75,14.2,154,2.36,FAVORABLE,12.47,LIMIT,20,COMPRESSION,2026-09-23,2026-09-23T04:36:04.574683
CELH,LONG,CONVICTION,62.4,BULL_BOUNCE_PENDING,28.91,27.95,30.6,32.3,104,1.77,FAVORABLE,29.5,LIMIT,20,COMPRESSION,2026-09-23,2026-09-23T04:45:20.981928
IMAX,LONG,CONVICTION,62.4,BULL_BOUNCE_PENDING,52.84,52.33,54.38,54.38,194,2.98,FAVORABLE,53.59,LIMIT,13,VACUUM,2026-09-23,2026-09-23T04:48:36.982564
AMBA,LONG,CONVICTION,62.4,BULL_BOUNCE_PENDING,66.62,65.34,72.69,72.69,78,4.78,FAVORABLE,67.06,LIMIT,20,CONVICTION,2026-09-23,2026-09-23T05:10:07.616385
CBRL,LONG,CONVICTION,62.3,BUY_LOWER_DIRTY,45.6,44.83,46.18,,130,0.76,FAVORABLE,45.6,LIMIT,20,COMPRESSION,2026-09-23,2026-09-23T04:56:58.991586
AMC,LONG,CONVICTION,62.2,BULL_BOUNCE_PENDING,2.91,2.86,3.03,3.35,1947,2.32,FAVORABLE,2.97,LIMIT,3,MINOR,2026-09-23,2026-09-23T04:42:07.123808
PSNL,LONG,CONVICTION,62.2,BULL_BOUNCE_PENDING,16.12,15.93,16.52,17.5,512,2.03,FAVORABLE,16.25,LIMIT,20,MINOR,2026-09-23,2026-09-23T05:00:49.077458
CRL,SHORT,CONVICTION,62.1,BEAR_REJECTION_PENDING,288.29,293.97,279.37,260.72,17,1.57,FAVORABLE,285.11,LIMIT,20,CONVICTION,2026-09-23,2026-09-23T04:48:13.592134
ALOY,LONG,CONVICTION,62.1,BULL_BOUNCE_PENDING,8.97,8.79,10.04,9.46,547,5.83,FAVORABLE,9.04,LIMIT,20,COMPRESSION,2026-09-23,2026-09-23T04:55:15.780683
PAY,LONG,CONVICTION,62.1,BULL_BOUNCE_PENDING,31.65,31.16,36.01,32.97,201,8.79,FAVORABLE,32.3,LIMIT,20,COMPRESSION,2026-09-23,2026-09-23T05:01:38.172200
GENB,LONG,CONVICTION,62.1,BULL_BOUNCE_PENDING,17.27,17.0,20.0,20.0,368,10.04,FAVORABLE,17.4,LIMIT,8,COMPRESSION,2026-09-23,2026-09-23T05:03:22.098419
BEG,LONG,CONVICTION,62.1,BULL_BOUNCE_PENDING,53.05,51.14,56.53,59.82,52,1.83,FAVORABLE,54.1,LIMIT,19,CONVICTION,2026-09-23,2026-09-23T05:09:37.039459
FND,LONG,CONVICTION,62.1,BULL_BOUNCE_PENDING,48.17,47.62,49.57,52.43,180,2.53,FAVORABLE,49.04,LIMIT,20,COMPRESSION,2026-09-23,2026-09-23T05:10:01.549569
NET,LONG,CONVICTION,62.0,BULL_BOUNCE_PENDING,352.58,347.13,370.21,,18,3.23,FAVORABLE,353.6,LIMIT,3,MINOR,2026-09-23,2026-09-23T04:29:57.102206
FTH,LONG,CONVICTION,62.0,BULL_BOUNCE_PENDING,32.13,30.24,37.47,37.47,52,2.82,FAVORABLE,32.79,LIMIT,8,COMPRESSION,2026-09-23,2026-09-23T04:32:46.766143
SITM,LONG,CONVICTION,62.0,BULL_BOUNCE_PENDING,632.95,621.47,709.92,705.0,8,6.7,FAVORABLE,633.5997,LIMIT,16,CONVICTION,2026-09-23,2026-09-23T04:32:48.957147
INOD,LONG,CONVICTION,62.0,BULL_BOUNCE_PENDING,70.89,69.93,72.37,,104,1.55,FAVORABLE,71.79,LIMIT,3,MINOR,2026-09-23,2026-09-23T04:33:23.239620
ALAB,LONG,CONVICTION,62.0,BULL_BOUNCE_PENDING,356.15,349.09,403.51,403.51,14,6.71,FAVORABLE,359.09,LIMIT,18,CONVICTION,2026-09-23,2026-09-23T04:33:25.603622
TSEM,LONG,CONVICTION,62.0,BULL_BOUNCE_PENDING,236.25,232.77,249.78,250.73,28,3.89,FAVORABLE,237.0,LIMIT,12,VACUUM,2026-09-23,2026-09-23T04:33:39.752647
QTEX,LONG,CONVICTION,62.0,BULL_BOUNCE_CONFIRMED,0.81,0.72,0.86,,1091,0.44,FAVORABLE,0.815,LIMIT,20,MINOR,2026-09-23,2026-09-23T04:33:57.977683
OCGN,LONG,CONVICTION,62.0,BULL_BOUNCE_CONFIRMED,1.06,0.99,1.21,,1501,2.27,FAVORABLE,1.06,LIMIT,7,MINOR,2026-09-23,2026-09-23T04:35:12.517147
OUST,LONG,CONVICTION,62.0,BULL_BOUNCE_PENDING,39.31,37.25,45.09,44.52,48,2.81,FAVORABLE,40.11,LIMIT,20,CONVICTION,2026-09-23,2026-09-23T04:43:41.107150
CHAI,LONG,CONVICTION,62.0,BULL_BOUNCE_PENDING,0.29,0.27,0.32,0.34,5229,1.56,FAVORABLE,0.2964,LIMIT,16,MINOR,2026-09-23,2026-09-23T04:43:44.691894
BAND,LONG,CONVICTION,62.0,BULL_BOUNCE_PENDING,58.79,57.02,67.47,64.38,56,4.91,FAVORABLE,59.99,LIMIT,14,MINOR,2026-09-23,2026-09-23T04:44:22.572614
OSCR,LONG,CONVICTION,62.0,BULL_BOUNCE_PENDING,30.0,28.83,31.89,33.76,85,1.62,FAVORABLE,30.61,LIMIT,19,CONVICTION,2026-09-23,2026-09-23T04:46:54.486711
TWST,LONG,CONVICTION,62.0,BULL_BOUNCE_PENDING,164.27,161.23,170.27,171.97,32,1.98,FAVORABLE,166.04,LIMIT,20,MINOR,2026-09-23,2026-09-23T04:47:28.237135
APPF,LONG,CONVICTION,62.0,BULL_BOUNCE_PENDING,205.8,203.13,219.58,232.4,37,5.18,FAVORABLE,206.27,LIMIT,20,COMPRESSION,2026-09-23,2026-09-23T04:50:05.874217
CACI,LONG,CONVICTION,62.0,BULL_BOUNCE_PENDING,609.35,603.85,644.03,644.03,18,6.31,FAVORABLE,613.22,LIMIT,20,CONVICTION,2026-09-23,2026-09-23T04:50:19.680160
AGIO,LONG,CONVICTION,62.0,BULL_BOUNCE_PENDING,34.27,33.62,35.83,37.36,153,2.4,FAVORABLE,34.97,LIMIT,14,MINOR,2026-09-23,2026-09-23T04:52:09.030017
TBBB,LONG,CONVICTION,62.0,BULL_BOUNCE_CONFIRMED,51.3,48.86,53.87,,40,1.05,FAVORABLE,51.3,LIMIT,14,COMPRESSION,2026-09-23,2026-09-23T04:54:45.357197
ETON,LONG,CONVICTION,62.0,BULL_BOUNCE_PENDING,56.15,54.8,59.19,62.87,73,2.23,FAVORABLE,57.3,LIMIT,16,MINOR,2026-09-23,2026-09-23T04:55:34.788194
RVMD,LONG,CONVICTION,62.0,BULL_BOUNCE_PENDING,190.78,188.76,203.5,204.84,49,6.3,FAVORABLE,193.05,LIMIT,20,COMPRESSION,2026-09-23,2026-09-23T04:57:19.961481
BMNU,LONG,CONVICTION,62.0,BULL_BOUNCE_PENDING,23.81,22.34,27.1,,68,2.24,FAVORABLE,24.3,LIMIT,19,CONVICTION,2026-09-23,2026-09-23T04:58:33.056172
CNXC,LONG,CONVICTION,62.0,BULL_BOUNCE_PENDING,30.25,29.67,31.77,32.48,173,2.64,FAVORABLE,30.7899,LIMIT,13,COMPRESSION,2026-09-23,2026-09-23T04:58:38.166368
BILI,LONG,CONVICTION,62.0,BULL_BOUNCE,15.17,14.64,16.66,16.53,187,2.8,FAVORABLE,15.17,LIMIT,20,COMPRESSION,2026-09-23,2026-09-23T05:05:31.371670
REGN,LONG,CONVICTION,62.0,BULL_BOUNCE_PENDING,802.38,796.57,814.36,875.0,17,2.06,FAVORABLE,803.9,LIMIT,20,VACUUM,2026-09-23,2026-09-23T05:07:42.735287
HRI,LONG,CONVICTION,62.0,BULL_BOUNCE_PENDING,142.35,140.21,150.68,150.89,46,3.89,FAVORABLE,144.07,LIMIT,20,VACUUM,2026-09-23,2026-09-23T05:09:01.888627
FLEX,LONG,CONVICTION,62.0,BULL_BOUNCE_PENDING,112.22,108.79,125.3,124.15,29,3.81,FAVORABLE,114.51,LIMIT,18,VACUUM,2026-09-23,2026-09-23T05:09:49.486016
NXPI,LONG,CONVICTION,62.0,BULL_BOUNCE_PENDING,231.31,228.49,252.96,263.05,35,7.67,FAVORABLE,236.03,LIMIT,15,CONVICTION,2026-09-23,2026-09-23T05:10:36.210039
NTRA,LONG,CONVICTION,62.0,BULL_BOUNCE_PENDING,386.82,383.0,406.17,,26,5.06,FAVORABLE,390.9,LIMIT,0,NONE,2026-09-23,2026-09-23T05:11:27.701863
NG,LONG,CONVICTION,61.9,BULL_BOUNCE_PENDING,7.42,7.26,8.0,8.67,619,3.6,FAVORABLE,7.57,LIMIT,20,COMPRESSION,2026-09-23,2026-09-23T04:59:42.851054
HOOG,LONG,CONVICTION,61.9,BULL_BOUNCE_PENDING,38.44,37.19,40.67,,80,1.79,FAVORABLE,38.66,LIMIT,14,COMPRESSION,2026-09-23,2026-09-23T05:08:01.565326
SU,LONG,CONVICTION,61.9,BULL_BOUNCE_PENDING,65.91,65.36,68.61,68.61,183,4.95,FAVORABLE,67.2,LIMIT,20,COMPRESSION,2026-09-23,2026-09-23T05:11:51.108932
AMN,LONG,CONVICTION,61.8,BULL_BOUNCE_PENDING,34.36,34.0,36.25,35.55,273,5.16,FAVORABLE,34.54,LIMIT,9,CONVICTION,2026-09-23,2026-09-23T04:45:01.723483
IMVT,LONG,CONVICTION,61.8,BULL_BOUNCE_PENDING,36.59,36.18,38.59,40.96,243,4.87,FAVORABLE,37.29,LIMIT,20,COMPRESSION,2026-09-23,2026-09-23T04:52:50.186115
GPI,SHORT,CONVICTION,61.8,BEAR_REJECTION_PENDING,258.82,263.89,247.36,247.36,19,2.26,FAVORABLE,253.75,LIMIT,20,COMPRESSION,2026-09-23,2026-09-23T04:59:19.270942
JBS,SHORT,CONVICTION,61.8,BEAR_REJECTION_PENDING,11.96,12.09,11.76,,768,1.54,FAVORABLE,11.9,LIMIT,13,COMPRESSION,2026-09-23,2026-09-23T05:10:07.139725
BG,LONG,CONVICTION,61.8,BULL_BOUNCE_PENDING,108.29,106.8,115.5,112.41,67,4.85,FAVORABLE,110.5,LIMIT,20,COMPRESSION,2026-09-23,2026-09-23T05:12:14.731231
SKHZ,LONG,CONVICTION,61.6,BULL_BOUNCE_PENDING,9.2,9.03,9.45,9.63,602,1.51,FAVORABLE,9.31,LIMIT,20,COMPRESSION,2026-09-23,2026-09-23T05:00:00.045233
WST,SHORT,CONVICTION,61.6,BEAR_REJECTION_PENDING,378.51,394.84,349.94,327.45,6,1.75,FAVORABLE,371.09,LIMIT,19,VACUUM,2026-09-23,2026-09-23T05:10:47.160261
DAL,LONG,CONVICTION,61.4,BUY_LOWER_DIRTY,84.0,83.15,87.2,,117,3.77,FAVORABLE,84.0,LIMIT,20,COMPRESSION,2026-09-23,2026-09-23T04:38:58.141673
CRS,LONG,CONVICTION,61.4,BULL_BOUNCE,400.02,383.4,431.33,458.45,6,1.88,FAVORABLE,400.02,LIMIT,20,CONVICTION,2026-09-23,2026-09-23T04:55:29.000057
BBW,LONG,CONVICTION,61.4,BULL_BOUNCE_PENDING,26.32,24.89,29.19,,69,1.99,FAVORABLE,26.86,LIMIT,20,COMPRESSION,2026-09-23,2026-09-23T05:06:11.426201
WIX,LONG,CONVICTION,61.3,BULL_BOUNCE_PENDING,79.21,77.66,83.92,84.37,64,3.03,FAVORABLE,80.1,LIMIT,20,MINOR,2026-09-23,2026-09-23T04:32:16.095086
OKLL,SHORT,CONVICTION,61.3,BEAR_REJECTION_PENDING,11.97,13.22,10.03,,80,1.57,FAVORABLE,11.74,LIMIT,20,COMPRESSION,2026-09-23,2026-09-23T04:46:50.475276
CVI,LONG,CONVICTION,61.2,BULL_BOUNCE_PENDING,51.87,51.07,54.2,54.2,125,2.92,FAVORABLE,52.37,LIMIT,19,MINOR,2026-09-23,2026-09-23T04:32:17.346008
PD,LONG,CONVICTION,61.2,BULL_BOUNCE_PENDING,14.34,13.94,15.36,15.44,251,2.57,FAVORABLE,14.63,LIMIT,7,COMPRESSION,2026-09-23,2026-09-23T05:06:30.241964
MYSZ,LONG,CONVICTION,61.2,DOUBLE_REJECTION_LONG,1.66,1.64,1.74,1.71,5021,4.04,FAVORABLE,1.6595,LIMIT,3,MINOR,2026-09-23,2026-09-23T05:11:34.815878
YYGH,LONG,CONVICTION,61.1,BULL_BOUNCE_PENDING,1.49,1.39,1.56,,1031,0.77,FAVORABLE,1.52,LIMIT,3,MINOR,2026-09-23,2026-09-23T04:33:35.026639
NRGV,LONG,CONVICTION,61.0,CHANNEL_RECLAIM_LONG,4.84,4.67,5.08,,581,1.41,FAVORABLE,4.84,LIMIT,2,MINOR,2026-09-23,2026-09-23T04:29:47.578188
GPRK,LONG,CONVICTION,61.0,BULL_BOUNCE_PENDING,10.7,10.46,11.09,11.8,408,1.59,FAVORABLE,10.92,LIMIT,20,COMPRESSION,2026-09-23,2026-09-23T04:32:17.345009
CLSK,LONG,CONVICTION,61.0,BULL_BOUNCE_PENDING,14.85,14.4,16.25,16.5,222,3.12,FAVORABLE,15.15,LIMIT,9,COMPRESSION,2026-09-23,2026-09-23T04:35:05.762991
PL,LONG,CONVICTION,61.0,CHANNEL_RECLAIM_LONG,17.07,16.45,17.92,,160,1.37,FAVORABLE,17.07,LIMIT,15,COMPRESSION,2026-09-23,2026-09-23T04:41:14.303917
TPET,LONG,CONVICTION,61.0,CHANNEL_RECLAIM_LONG,1.69,1.6,1.86,1.92,1059,1.8,FAVORABLE,1.69,LIMIT,20,COMPRESSION,2026-09-23,2026-09-23T04:42:30.805508
AAL,LONG,CONVICTION,61.0,BULL_BOUNCE_PENDING,13.33,12.9,14.77,14.77,231,3.34,FAVORABLE,13.6,LIMIT,17,COMPRESSION,2026-09-23,2026-09-23T04:42:40.439534
BTTC,LONG,CONVICTION,61.0,CHANNEL_RECLAIM_LONG,0.55,0.5,0.62,,2188,1.58,FAVORABLE,0.549,LIMIT,8,COMPRESSION,2026-09-23,2026-09-23T04:44:35.704355
BIAF,LONG,CONVICTION,61.0,BULL_BOUNCE_PENDING,8.48,7.43,8.9,,95,0.4,FAVORABLE,8.6,LIMIT,12,MINOR,2026-09-23,2026-09-23T04:44:46.307381
OCTV,LONG,CONVICTION,61.0,BULL_BOUNCE_PENDING,18.94,18.67,21.0,20.19,373,7.72,FAVORABLE,19.25,LIMIT,11,MINOR,2026-09-23,2026-09-23T04:53:11.734863
NTLA,SHORT,CONVICTION,61.0,BEAR_REJECTION_PENDING,12.97,25.69,12.33,,7,0.05,FAVORABLE,12.72,LIMIT,19,CONVICTION,2026-09-23,2026-09-23T04:59:43.724056
LGCL,LONG,CONVICTION,61.0,BULL_BOUNCE_PENDING,2.91,2.7,3.33,,477,2.0,FAVORABLE,2.97,LIMIT,14,COMPRESSION,2026-09-23,2026-09-23T05:01:59.864326
GEV,LONG,CONVICTION,61.0,CHANNEL_RECLAIM_LONG,954.0,927.23,1002.27,1046.89,3,1.8,FAVORABLE,954.0,LIMIT,20,CONVICTION,2026-09-23,2026-09-23T05:04:12.595542
WMB,SHORT,CONVICTION,61.0,BEAR_REJECTION_PENDING,71.55,72.41,67.16,65.43,116,5.1,FAVORABLE,71.36,LIMIT,20,COMPRESSION,2026-09-23,2026-09-23T05:04:55.879806
TLYS,LONG,CONVICTION,61.0,BULL_BOUNCE_PENDING,4.3,3.91,4.52,,253,0.55,FAVORABLE,4.39,LIMIT,20,MINOR,2026-09-23,2026-09-23T05:08:11.358567
SCNI,LONG,CONVICTION,61.0,CHANNEL_RECLAIM_LONG,1.8,1.38,1.89,,235,0.21,FAVORABLE,1.8,LIMIT,4,COMPRESSION,2026-09-23,2026-09-23T05:11:22.240853
VEEA,LONG,CONVICTION,61.0,BULL_BOUNCE_PENDING,3.39,3.04,3.95,,284,1.59,FAVORABLE,3.46,LIMIT,16,MINOR,2026-09-23,2026-09-23T05:11:32.858872
GLND,LONG,CONVICTION,60.9,BULL_BOUNCE_PENDING,2.47,2.38,2.84,2.71,1153,4.24,FAVORABLE,2.4905,LIMIT,19,MINOR,2026-09-23,2026-09-23T04:30:03.860751
USB,LONG,CONVICTION,60.9,BULL_BOUNCE_PENDING,58.66,58.21,62.8,62.14,220,9.15,FAVORABLE,59.44,LIMIT,20,COMPRESSION,2026-09-23,2026-09-23T04:38:13.784511
STIM,LONG,CONVICTION,60.9,BULL_BOUNCE_PENDING,2.85,2.76,3.22,3.07,1084,3.99,FAVORABLE,2.91,LIMIT,11,COMPRESSION,2026-09-23,2026-09-23T04:51:53.934038
QGEN,SHORT,CONVICTION,60.9,BEAR_REJECTION_PENDING,44.31,45.22,42.92,38.33,109,1.52,FAVORABLE,43.69,LIMIT,20,COMPRESSION,2026-09-23,2026-09-23T05:03:31.326484
VOYG,LONG,CONVICTION,60.8,BULL_BOUNCE_PENDING,34.68,34.02,35.87,37.88,150,1.79,FAVORABLE,35.36,LIMIT,20,COMPRESSION,2026-09-23,2026-09-23T04:47:34.869218
SMCL,SHORT,CONVICTION,60.8,BEAR_REJECTION_PENDING,20.97,29.73,19.92,,11,0.12,FAVORABLE,20.56,LIMIT,3,CONVICTION,2026-09-23,2026-09-23T04:53:25.455247
BTC,SHORT,CONVICTION,60.8,BEAR_REJECTION_PENDING,38.75,39.78,34.08,34.54,97,4.54,FAVORABLE,37.99,LIMIT,16,COMPRESSION,2026-09-23,2026-09-23T04:58:37.899371
ABVX,LONG,CONVICTION,60.8,BULL_BOUNCE_PENDING,97.34,95.82,102.74,102.68,66,3.58,FAVORABLE,97.6,LIMIT,20,COMPRESSION,2026-09-23,2026-09-23T05:09:41.621000
TREX,SHORT,CONVICTION,60.7,BEAR_REJECTION_PENDING,44.15,45.17,39.43,40.24,97,4.61,FAVORABLE,44.13,LIMIT,20,COMPRESSION,2026-09-23,2026-09-23T04:42:19.645029
TDW,LONG,CONVICTION,60.7,BULL_BOUNCE_PENDING,86.05,84.92,88.39,91.99,88,2.06,FAVORABLE,87.16,LIMIT,20,MINOR,2026-09-23,2026-09-23T04:49:33.956023
AAP,SHORT,CONVICTION,60.7,BEAR_REJECTION_PENDING,43.51,56.46,41.34,,7,0.17,FAVORABLE,42.66,LIMIT,20,CONVICTION,2026-09-23,2026-09-23T04:53:43.933702
TFX,LONG,CONVICTION,60.7,BULL_BOUNCE_PENDING,122.93,121.74,136.66,126.95,84,11.57,FAVORABLE,124.92,LIMIT,20,CONVICTION,2026-09-23,2026-09-23T05:01:43.241746
FTRE,LONG,CONVICTION,60.6,BULL_BOUNCE_PENDING,20.11,19.81,22.94,21.44,335,9.5,FAVORABLE,20.43,LIMIT,7,COMPRESSION,2026-09-23,2026-09-23T04:32:08.477411
BIO,LONG,CONVICTION,60.6,BULL_BOUNCE_PENDING,377.64,374.76,382.03,395.3,34,1.52,FAVORABLE,379.57,LIMIT,19,MINOR,2026-09-23,2026-09-23T04:45:18.184792
SMCX,SHORT,CONVICTION,60.6,BEAR_REJECTION_PENDING,15.01,21.92,14.26,,14,0.11,FAVORABLE,14.72,LIMIT,2,CONVICTION,2026-09-23,2026-09-23T04:47:07.710092
JMKE,SHORT,CONVICTION,60.6,BEAR_REJECTION_PENDING,18.82,19.53,17.88,,140,1.32,FAVORABLE,18.45,LIMIT,20,COMPRESSION,2026-09-23,2026-09-23T04:52:54.115656
TGTX,LONG,CONVICTION,60.6,BULL_BOUNCE_PENDING,57.05,56.37,58.97,58.65,147,2.83,FAVORABLE,58.0,LIMIT,6,MINOR,2026-09-23,2026-09-23T04:56:38.167417
UMC,LONG,CONVICTION,60.6,BULL_BOUNCE_PENDING,24.77,24.48,25.58,26.43,345,2.81,FAVORABLE,25.1697,LIMIT,20,CONVICTION,2026-09-23,2026-09-23T05:10:20.692948
LION,LONG,CONVICTION,60.6,BULL_BOUNCE_PENDING,11.13,10.77,11.93,12.96,273,2.18,FAVORABLE,11.36,LIMIT,20,COMPRESSION,2026-09-23,2026-09-23T05:12:52.224926
MDB,SHORT,CONVICTION,60.5,BEAR_REJECTION_PENDING,434.21,441.17,386.95,367.69,14,6.79,FAVORABLE,429.7,LIMIT,8,CONVICTION,2026-09-23,2026-09-23T04:46:37.939161
LABU,LONG,CONVICTION,60.5,BULL_BOUNCE_PENDING,288.81,282.84,303.55,322.79,16,2.47,FAVORABLE,289.7,LIMIT,20,VACUUM,2026-09-23,2026-09-23T04:48:40.897566
SPHR,LONG,CONVICTION,60.5,BULL_BOUNCE_PENDING,140.09,138.35,143.88,146.52,57,2.17,FAVORABLE,142.0,LIMIT,20,VACUUM,2026-09-23,2026-09-23T04:53:26.593779
HHH,LONG,CONVICTION,60.5,BULL_BOUNCE_PENDING,65.78,65.24,73.56,72.41,183,14.28,FAVORABLE,66.6642,LIMIT,20,COMPRESSION,2026-09-23,2026-09-23T05:12:50.038394
LUMN,SHORT,CONVICTION,60.4,BEAR_REJECTION_PENDING,6.58,6.88,5.93,5.82,329,2.14,FAVORABLE,6.45,LIMIT,6,COMPRESSION,2026-09-23,2026-09-23T04:34:39.280755
TFC,LONG,CONVICTION,60.4,BULL_BOUNCE_PENDING,47.59,47.18,50.35,50.83,242,6.69,FAVORABLE,48.15,LIMIT,20,COMPRESSION,2026-09-23,2026-09-23T04:35:52.920587
CRE,LONG,CONVICTION,60.4,BULL_BOUNCE_PENDING,2.94,2.77,3.37,,575,2.47,FAVORABLE,3.0,LIMIT,9,MINOR,2026-09-23,2026-09-23T04:43:08.871876
WU,SHORT,CONVICTION,60.4,BEAR_REJECTION_PENDING,6.38,6.88,6.06,,196,0.63,FAVORABLE,6.25,LIMIT,20,COMPRESSION,2026-09-23,2026-09-23T04:55:05.632761
ZURA,LONG,CONVICTION,60.4,BULL_BOUNCE_PENDING,4.54,4.43,5.2,5.1,921,6.13,FAVORABLE,4.61,LIMIT,20,COMPRESSION,2026-09-23,2026-09-23T05:02:54.414109
QNRX,LONG,CONVICTION,60.4,BULL_BOUNCE_PENDING,6.98,6.81,7.33,7.35,603,2.14,FAVORABLE,7.1185,LIMIT,2,MINOR,2026-09-23,2026-09-23T05:06:04.461126
SPCH,LONG,CONVICTION,60.3,BULL_BOUNCE_PENDING,10.38,8.93,10.9,,69,0.36,FAVORABLE,10.5892,LIMIT,20,COMPRESSION,2026-09-23,2026-09-23T04:47:17.594141
FDXF,SHORT,CONVICTION,60.3,BEAR_REJECTION_PENDING,121.38,125.59,115.31,,23,1.44,FAVORABLE,119.0,LIMIT,20,COMPRESSION,2026-09-23,2026-09-23T04:54:02.612274
SANM,LONG,CONVICTION,60.2,BUY_LOWER_DIRTY,214.0,211.89,217.58,,47,1.69,FAVORABLE,214.0,LIMIT,20,COMPRESSION,2026-09-23,2026-09-23T04:32:44.644139
INGM,LONG,CONVICTION,60.2,BULL_BOUNCE_PENDING,26.99,26.67,29.56,28.04,314,8.08,FAVORABLE,27.24,LIMIT,19,MINOR,2026-09-23,2026-09-23T04:43:39.916078
VRSK,SHORT,CONVICTION,60.2,BEAR_REJECTION_PENDING,174.13,176.29,163.63,164.72,46,4.87,FAVORABLE,171.94,LIMIT,20,CONVICTION,2026-09-23,2026-09-23T04:57:39.317622
AMZU,LONG,CONVICTION,60.2,BULL_BOUNCE_PENDING,35.35,34.62,40.13,37.22,137,6.59,FAVORABLE,36.07,LIMIT,20,COMPRESSION,2026-09-23,2026-09-23T05:06:09.763197
XPON,LONG,CONVICTION,60.1,BULL_BOUNCE_PENDING,5.04,4.87,5.6,5.78,601,3.37,FAVORABLE,5.11,LIMIT,13,MINOR,2026-09-23,2026-09-23T05:02:04.447535
JPM,LONG,CONVICTION,60.0,BULL_BOUNCE_PENDING,341.11,338.78,354.23,354.23,42,5.63,FAVORABLE,341.37,LIMIT,20,CONVICTION,2026-09-23,2026-09-23T04:35:56.450613
AAPL,LONG,CONVICTION,60.0,BULL_BOUNCE_PENDING,340.11,337.97,357.12,,46,7.94,FAVORABLE,340.5,LIMIT,4,MINOR,2026-09-23,2026-09-23T04:38:18.999634
SNOW,SHORT,CONVICTION,60.0,BEAR_REJECTION_PENDING,344.0,349.73,296.44,305.25,17,8.3,FAVORABLE,337.25,LIMIT,20,CONVICTION,2026-09-23,2026-09-23T04:41:34.438227
CCO,LONG,CONVICTION,60.0,BULL_BOUNCE_PENDING,2.34,2.18,2.45,,639,0.75,FAVORABLE,2.3831,LIMIT,1,COMPRESSION,2026-09-23,2026-09-23T04:41:55.543297
SAIL,LONG,CONVICTION,60.0,BULL_BOUNCE_PENDING,21.21,20.81,22.72,,250,3.78,FAVORABLE,21.62,LIMIT,1,COMPRESSION,2026-09-23,2026-09-23T04:43:20.941176
HALO,LONG,CONVICTION,60.0,BULL_BOUNCE_PENDING,115.05,114.18,120.8,,114,6.6,FAVORABLE,115.69,LIMIT,0,NONE,2026-09-23,2026-09-23T04:46:14.694120
RCEL,LONG,CONVICTION,60.0,BULL_BOUNCE_PENDING,11.28,11.09,11.6,,536,1.73,FAVORABLE,11.4,LIMIT,18,MINOR,2026-09-23,2026-09-23T04:46:58.894771
VAL,LONG,CONVICTION,60.0,BULL_BOUNCE_PENDING,81.3,79.4,87.99,93.02,52,3.53,FAVORABLE,82.957,LIMIT,20,COMPRESSION,2026-09-23,2026-09-23T04:49:41.563038
IESC,LONG,CONVICTION,60.0,BULL_BOUNCE_PENDING,317.39,312.11,365.81,362.5,18,9.16,FAVORABLE,318.1809,LIMIT,20,COMPRESSION,2026-09-23,2026-09-23T04:50:44.681091
SMCIP,LONG,CONVICTION,60.0,BULL_BOUNCE_PENDING,68.94,67.91,72.39,,96,3.34,FAVORABLE,69.45,LIMIT,2,MINOR,2026-09-23,2026-09-23T04:53:25.323245
CORT,SHORT,CONVICTION,60.0,BEAR_REJECTION_PENDING,118.0,120.71,112.0,110.84,36,2.21,FAVORABLE,117.505,LIMIT,20,MINOR,2026-09-23,2026-09-23T04:55:27.615055
DAN,LONG,CONVICTION,60.0,BULL_BOUNCE_PENDING,29.96,29.19,33.17,31.82,129,4.17,FAVORABLE,30.5712,LIMIT,20,CONVICTION,2026-09-23,2026-09-23T04:57:03.526140
NDSN,LONG,CONVICTION,60.0,BULL_BOUNCE_PENDING,315.54,313.66,322.68,322.68,53,3.79,FAVORABLE,319.67,LIMIT,20,CONVICTION,2026-09-23,2026-09-23T05:00:40.690900
AIAI,LONG,CONVICTION,60.0,BULL_BOUNCE_PENDING,3.38,3.19,3.75,,522,1.93,FAVORABLE,3.45,LIMIT,16,MINOR,2026-09-23,2026-09-23T05:01:11.355590
MTRN,LONG,CONVICTION,60.0,BULL_BOUNCE_PENDING,249.01,246.16,278.71,278.71,35,10.42,FAVORABLE,250.0,LIMIT,20,CONVICTION,2026-09-23,2026-09-23T05:05:40.482752
TNK,SHORT,CONVICTION,60.0,BEAR_REJECTION_PENDING,96.18,97.89,91.38,82.5,58,2.82,FAVORABLE,95.6,LIMIT,20,COMPRESSION,2026-09-23,2026-09-23T05:05:50.808839
DG,LONG,CONVICTION,60.0,BULL_BOUNCE_PENDING,122.17,121.04,135.95,134.16,88,12.2,FAVORABLE,122.63,LIMIT,20,CONVICTION,2026-09-23,2026-09-23T05:07:04.679678
GIL,SHORT,CONVICTION,60.0,BEAR_REJECTION_PENDING,47.73,49.24,42.65,41.09,65,3.34,FAVORABLE,47.0,LIMIT,20,COMPRESSION,2026-09-23,2026-09-23T05:08:23.996019
NKTR,LONG,CONVICTION,60.0,BULL_BOUNCE_PENDING,60.77,59.77,65.86,68.72,99,5.08,FAVORABLE,61.4,LIMIT,18,MINOR,2026-09-23,2026-09-23T05:08:27.676027
ONON,LONG,CONVICTION,60.0,BULL_BOUNCE_PENDING,29.88,29.5,31.59,31.01,260,4.46,FAVORABLE,30.49,LIMIT,10,CONVICTION,2026-09-23,2026-09-23T05:13:42.456633
