ticker,side,tier,fem,mode,entry,stop,t1,t2,shares,rr,spy_regime,current_price,entry_type,n_gaps_above,gap_above_conviction,scan_date,asof
ATAI,LONG,CONVICTION,100.0,BULL_BOUNCE_PENDING,7.33,6.96,7.7,,272,1.0,FAVORABLE,7.33,MARKET,6,MINOR,2026-09-15,2026-09-15T04:31:29.091346
ARKG,LONG,CONVICTION,100.0,BULL_BOUNCE_PENDING,46.72,43.25,49.06,,28,0.67,FAVORABLE,46.72,MARKET,20,COMPRESSION,2026-09-15,2026-09-15T04:35:11.110884
ECO,LONG,CONVICTION,100.0,BULL_BOUNCE_PENDING,79.6,75.62,83.58,,25,1.0,FAVORABLE,79.6,MARKET,2,MINOR,2026-09-15,2026-09-15T04:58:07.728061
BMGL,LONG,CONVICTION,100.0,BULL_BOUNCE_PENDING,6.61,6.28,6.94,,302,1.0,FAVORABLE,6.61,MARKET,11,MINOR,2026-09-15,2026-09-15T04:58:21.081187
INSP,LONG,CONVICTION,99.7,BULL_BOUNCE_PENDING,74.01,67.78,77.71,,16,0.59,FAVORABLE,74.01,MARKET,3,MINOR,2026-09-15,2026-09-15T04:57:32.357923
CRL,LONG,CONVICTION,99.6,BULL_BOUNCE_PENDING,273.11,259.45,296.41,,7,1.71,FAVORABLE,273.11,MARKET,20,CONVICTION,2026-09-15,2026-09-15T04:38:03.470904
ETON,LONG,CONVICTION,99.0,BULL_BOUNCE_PENDING,57.62,54.74,62.87,64.55,34,1.82,FAVORABLE,57.62,MARKET,20,MINOR,2026-09-15,2026-09-15T04:44:30.579752
GH,LONG,CONVICTION,98.7,BULL_BOUNCE_PENDING,167.79,151.59,176.18,,6,0.52,FAVORABLE,167.79,MARKET,9,VACUUM,2026-09-15,2026-09-15T04:35:58.595596
AVTR,LONG,CONVICTION,98.0,BULL_BOUNCE_PENDING,15.16,14.4,15.92,,131,1.0,FAVORABLE,15.16,MARKET,2,COMPRESSION,2026-09-15,2026-09-15T04:28:11.011821
TDW,LONG,CONVICTION,97.7,BULL_BOUNCE_PENDING,88.58,82.35,99.82,,16,1.81,FAVORABLE,88.58,MARKET,20,MINOR,2026-09-15,2026-09-15T04:39:34.577663
EDRY,LONG,CONVICTION,97.3,BULL_BOUNCE_PENDING,66.33,63.71,69.65,,38,1.27,FAVORABLE,66.3295,MARKET,11,MINOR,2026-09-15,2026-09-15T04:25:41.884398
RNG,LONG,CONVICTION,96.4,BULL_BOUNCE_PENDING,72.43,68.58,76.05,,25,0.94,FAVORABLE,72.43,MARKET,20,MINOR,2026-09-15,2026-09-15T04:43:44.081097
SA,LONG,CONVICTION,96.3,BULL_BOUNCE_PENDING,29.61,27.36,34.01,,44,1.96,FAVORABLE,29.61,MARKET,20,CONVICTION,2026-09-15,2026-09-15T04:25:16.764194
NKTR,LONG,CONVICTION,96.2,BULL_BOUNCE_PENDING,68.5,65.08,75.12,76.33,29,1.93,FAVORABLE,68.5,MARKET,20,VACUUM,2026-09-15,2026-09-15T04:56:02.591342
SIG,LONG,CONVICTION,96.0,BULL_BOUNCE_PENDING,100.75,95.71,105.79,,19,1.0,FAVORABLE,100.75,MARKET,4,MINOR,2026-09-15,2026-09-15T04:56:40.420960
HBM,LONG,CONVICTION,95.8,BULL_BOUNCE_PENDING,25.65,23.28,29.43,,42,1.6,FAVORABLE,25.65,MARKET,20,VACUUM,2026-09-15,2026-09-15T04:29:03.370241
SRRK,LONG,CONVICTION,95.8,BULL_BOUNCE_PENDING,51.0,47.83,57.26,58.2,31,1.97,FAVORABLE,51.0,MARKET,20,MINOR,2026-09-15,2026-09-15T04:46:41.324178
TRI,LONG,CONVICTION,95.8,BULL_BOUNCE_PENDING,105.0,96.86,118.79,,12,1.69,FAVORABLE,105.0,MARKET,20,COMPRESSION,2026-09-15,2026-09-15T04:48:32.523328
FTNT,LONG,CONVICTION,95.7,BULL_BOUNCE_PENDING,169.58,155.29,178.05,,6,0.59,FAVORABLE,169.5759,MARKET,18,MINOR,2026-09-15,2026-09-15T04:27:56.919794
AMZU,LONG,CONVICTION,95.7,BULL_BOUNCE_PENDING,35.25,33.49,40.13,39.42,56,2.77,FAVORABLE,35.25,MARKET,20,COMPRESSION,2026-09-15,2026-09-15T04:53:24.212057
GWRE,LONG,CONVICTION,95.4,BULL_BOUNCE_PENDING,151.51,139.92,170.0,,8,1.6,FAVORABLE,151.51,MARKET,20,CONVICTION,2026-09-15,2026-09-15T04:36:05.016740
CRWD,LONG,CONVICTION,95.3,BULL_BOUNCE_PENDING,231.1,208.8,242.66,,4,0.52,FAVORABLE,231.1,MARKET,17,VACUUM,2026-09-15,2026-09-15T04:25:49.392415
ORCL,LONG,CONVICTION,95.2,BULL_BOUNCE_PENDING,143.41,136.24,156.37,164.0,13,1.81,FAVORABLE,143.41,MARKET,20,CONVICTION,2026-09-15,2026-09-15T04:23:59.092507
CRCL,LONG,CONVICTION,95.1,BULL_BOUNCE_PENDING,92.0,83.24,96.6,,11,0.53,FAVORABLE,92.0,MARKET,20,CONVICTION,2026-09-15,2026-09-15T04:25:26.769283
ODD,LONG,CONVICTION,94.7,BULL_BOUNCE_PENDING,18.7,17.76,19.64,,106,1.0,FAVORABLE,18.7,MARKET,7,MINOR,2026-09-15,2026-09-15T04:24:27.454568
BITX,LONG,CONVICTION,94.5,BULL_BOUNCE_PENDING,16.76,15.92,18.58,18.9,119,2.17,FAVORABLE,16.76,MARKET,20,COMPRESSION,2026-09-15,2026-09-15T04:47:13.629731
HP,LONG,CONVICTION,94.0,BULL_BOUNCE_PENDING,42.63,40.5,46.72,47.74,46,1.92,FAVORABLE,42.63,MARKET,20,COMPRESSION,2026-09-15,2026-09-15T04:38:30.991485
STIM,LONG,CONVICTION,92.0,BULL_BOUNCE_PENDING,2.9,2.75,3.22,,689,2.21,FAVORABLE,2.9,MARKET,20,COMPRESSION,2026-09-15,2026-09-15T04:41:02.763715
DASH,LONG,CONVICTION,92.0,BULL_BOUNCE_PENDING,202.09,182.64,212.19,,5,0.52,FAVORABLE,202.09,MARKET,20,CONVICTION,2026-09-15,2026-09-15T04:50:43.919005
RDNT,LONG,CONVICTION,91.7,BULL_BOUNCE_PENDING,75.49,73.91,82.25,82.25,63,4.27,FAVORABLE,75.49,MARKET,5,COMPRESSION,2026-09-15,2026-09-15T04:36:42.651507
HCC,LONG,CONVICTION,91.0,BULL_BOUNCE_PENDING,95.46,90.69,102.68,109.57,20,1.51,FAVORABLE,95.46,MARKET,20,CONVICTION,2026-09-15,2026-09-15T04:38:27.865479
DT,LONG,CONVICTION,90.8,BULL_BOUNCE_CONFIRMED,53.93,50.93,61.38,,33,2.49,FAVORABLE,53.93,LIMIT,17,COMPRESSION,2026-09-15,2026-09-15T04:38:13.777921
NFLX,LONG,CONVICTION,90.2,BULL_BOUNCE_PENDING,79.68,77.16,85.72,85.85,39,2.4,FAVORABLE,79.68,MARKET,20,COMPRESSION,2026-09-15,2026-09-15T04:28:32.785860
PODD,LONG,CONVICTION,90.1,BULL_BOUNCE_PENDING,137.8,131.27,149.32,153.62,15,1.76,FAVORABLE,137.8,MARKET,20,CONVICTION,2026-09-15,2026-09-15T04:46:31.801090
ACVA,LONG,CONVICTION,90.0,BULL_BOUNCE_PENDING,10.44,9.92,11.29,,191,1.64,FAVORABLE,10.44,MARKET,3,CONVICTION,2026-09-15,2026-09-15T04:23:47.514957
RBLX,LONG,CONVICTION,89.8,BULL_BOUNCE_PENDING,51.35,47.97,53.92,,29,0.76,FAVORABLE,50.4299,STOP,20,COMPRESSION,2026-09-15,2026-09-15T04:43:41.405092
SAIL,LONG,CONVICTION,89.7,BULL_BOUNCE_PENDING,20.28,18.15,21.29,,46,0.48,FAVORABLE,19.9443,STOP,15,COMPRESSION,2026-09-15,2026-09-15T04:34:00.425615
PTCT,LONG,CONVICTION,89.7,BULL_BOUNCE_PENDING,65.17,61.69,70.62,73.05,28,1.57,FAVORABLE,66.5,LIMIT,20,CONVICTION,2026-09-15,2026-09-15T04:34:32.732216
DSGX,LONG,CONVICTION,89.5,BULL_BOUNCE_PENDING,80.37,75.66,88.27,,21,1.68,FAVORABLE,80.02,STOP,9,COMPRESSION,2026-09-15,2026-09-15T04:58:07.629060
ALKT,LONG,CONVICTION,89.3,BULL_BOUNCE_PENDING,20.89,19.59,21.93,,76,0.8,FAVORABLE,19.7933,STOP,20,COMPRESSION,2026-09-15,2026-09-15T04:58:02.803041
ESAB,SHORT,CONVICTION,89.0,BEAR_REJECTION_PENDING,68.44,71.04,65.02,,38,1.31,FAVORABLE,67.52,LIMIT,20,CONVICTION,2026-09-15,2026-09-15T04:51:04.343585
RMD,SHORT,CONVICTION,88.8,BEAR_REJECTION_PENDING,226.22,229.49,197.29,197.29,30,8.84,FAVORABLE,224.08,LIMIT,20,CONVICTION,2026-09-15,2026-09-15T04:39:17.517100
AVGX,SHORT,CONVICTION,88.8,BEAR_REJECTION_PENDING,37.29,40.58,31.84,,30,1.66,FAVORABLE,36.56,LIMIT,20,CONVICTION,2026-09-15,2026-09-15T04:52:49.569991
CHTR,LONG,CONVICTION,88.6,BULL_BOUNCE_PENDING,141.3,139.01,151.94,151.94,43,4.65,FAVORABLE,143.2,LIMIT,20,COMPRESSION,2026-09-15,2026-09-15T04:40:09.396387
ACMR,SHORT,CONVICTION,88.5,BEAR_REJECTION_PENDING,67.57,72.36,59.85,,20,1.61,FAVORABLE,66.98,LIMIT,20,CONVICTION,2026-09-15,2026-09-15T04:45:30.045418
BBIO,LONG,CONVICTION,88.4,BULL_BOUNCE_PENDING,70.77,69.89,73.6,82.89,114,3.24,FAVORABLE,72.15,LIMIT,20,CONVICTION,2026-09-15,2026-09-15T04:46:10.802045
NXPI,SHORT,CONVICTION,88.4,BEAR_REJECTION_PENDING,226.75,231.37,196.41,204.27,21,6.57,FAVORABLE,224.23,LIMIT,20,CONVICTION,2026-09-15,2026-09-15T04:57:50.886996
CCL,LONG,CONVICTION,88.0,BULL_BOUNCE_PENDING,21.93,20.09,25.4,,54,1.88,FAVORABLE,22.38,LIMIT,20,COMPRESSION,2026-09-15,2026-09-15T04:31:27.458734
SLDE,LONG,CONVICTION,88.0,BULL_BOUNCE_PENDING,26.52,25.45,27.85,,93,1.24,FAVORABLE,26.35,STOP,0,NONE,2026-09-15,2026-09-15T04:55:18.762185
TEN,LONG,CONVICTION,88.0,BULL_BOUNCE_PENDING,48.86,47.66,51.31,,83,2.03,FAVORABLE,49.86,LIMIT,0,NONE,2026-09-15,2026-09-15T04:58:19.950182
SCNI,LONG,CONVICTION,87.6,BULL_BOUNCE_PENDING,2.67,2.19,2.8,,209,0.28,FAVORABLE,1.87,STOP,9,MINOR,2026-09-15,2026-09-15T04:58:23.120730
TVTX,LONG,CONVICTION,87.4,BULL_BOUNCE_PENDING,64.53,60.78,67.76,,26,0.86,FAVORABLE,65.85,LIMIT,20,MINOR,2026-09-15,2026-09-15T04:57:14.740319
AUGO,LONG,CONVICTION,87.2,BULL_BOUNCE_CONFIRMED,85.75,81.1,95.94,96.47,21,2.2,FAVORABLE,85.7452,LIMIT,20,COMPRESSION,2026-09-15,2026-09-15T04:35:15.440893
SMCX,LONG,CONVICTION,87.0,BULL_BOUNCE_PENDING,10.97,9.32,11.51,,60,0.33,FAVORABLE,11.19,LIMIT,20,CONVICTION,2026-09-15,2026-09-15T04:36:47.816515
ROIV,LONG,CONVICTION,87.0,BULL_BOUNCE_PENDING,40.0,34.76,42.0,,19,0.38,FAVORABLE,40.82,LIMIT,16,MINOR,2026-09-15,2026-09-15T04:46:33.897094
COGT,LONG,CONVICTION,87.0,BULL_BOUNCE_PENDING,32.7,16.17,34.34,,6,0.1,FAVORABLE,33.37,LIMIT,20,COMPRESSION,2026-09-15,2026-09-15T04:57:01.331586
SPCX,LONG,CONVICTION,86.7,BULL_BOUNCE_PENDING,145.28,134.1,162.93,,8,1.58,FAVORABLE,148.25,LIMIT,17,CONVICTION,2026-09-15,2026-09-15T04:25:11.495185
UCO,LONG,CONVICTION,86.7,BULL_BOUNCE_CONFIRMED,53.13,49.97,55.79,,31,0.84,FAVORABLE,53.13,LIMIT,0,NONE,2026-09-15,2026-09-15T04:39:38.808679
VERA,LONG,CONVICTION,86.7,BULL_BOUNCE_PENDING,33.81,29.84,35.5,,25,0.43,FAVORABLE,34.5,LIMIT,20,COMPRESSION,2026-09-15,2026-09-15T04:50:58.731032
IGV,LONG,CONVICTION,86.6,BULL_BOUNCE_PENDING,107.14,102.35,116.14,,20,1.88,FAVORABLE,105.1,STOP,20,COMPRESSION,2026-09-15,2026-09-15T04:53:00.812014
URGN,LONG,CONVICTION,86.4,BULL_BOUNCE_PENDING,41.79,39.72,48.81,47.13,48,3.4,FAVORABLE,42.64,LIMIT,20,MINOR,2026-09-15,2026-09-15T04:42:45.273703
RRX,LONG,CONVICTION,86.4,BULL_BOUNCE_PENDING,153.72,145.03,172.43,173.54,11,2.15,FAVORABLE,156.86,LIMIT,20,CONVICTION,2026-09-15,2026-09-15T04:53:18.822043
TARS,LONG,CONVICTION,86.3,BULL_BOUNCE_PENDING,77.86,73.2,86.31,90.8,21,1.81,FAVORABLE,79.45,LIMIT,20,COMPRESSION,2026-09-15,2026-09-15T04:39:34.528666
CF,LONG,CONVICTION,86.1,BULL_BOUNCE_PENDING,131.05,129.37,140.12,135.82,59,5.4,FAVORABLE,133.0,LIMIT,20,VACUUM,2026-09-15,2026-09-15T04:37:54.718889
MTDR,LONG,CONVICTION,86.0,BULL_BOUNCE_PENDING,63.62,61.05,66.8,,38,1.24,FAVORABLE,61.18,STOP,5,MINOR,2026-09-15,2026-09-15T04:38:54.693059
MC,LONG,CONVICTION,86.0,BULL_BOUNCE_PENDING,61.46,57.21,71.32,71.38,23,2.32,FAVORABLE,62.71,LIMIT,20,COMPRESSION,2026-09-15,2026-09-15T04:43:20.441952
ZSL,LONG,CONVICTION,86.0,BULL_BOUNCE_CONFIRMED,25.71,24.4,29.44,29.03,76,2.84,FAVORABLE,25.71,LIMIT,20,VACUUM,2026-09-15,2026-09-15T04:46:51.260945
YOU,LONG,CONVICTION,86.0,BULL_BOUNCE_PENDING,41.16,33.3,43.22,,12,0.26,FAVORABLE,42.0,LIMIT,20,COMPRESSION,2026-09-15,2026-09-15T04:51:01.753039
BSOL,LONG,CONVICTION,85.8,BULL_BOUNCE_PENDING,14.3,13.32,15.02,,102,0.73,FAVORABLE,13.79,STOP,20,MINOR,2026-09-15,2026-09-15T04:47:21.640299
TKO,LONG,CONVICTION,85.7,BULL_BOUNCE_PENDING,190.82,189.13,208.83,221.91,59,10.65,FAVORABLE,193.72,LIMIT,20,CONVICTION,2026-09-15,2026-09-15T04:48:32.233330
ALSN,LONG,CONVICTION,85.7,BULL_BOUNCE_PENDING,121.02,118.29,129.41,130.54,36,3.07,FAVORABLE,123.49,LIMIT,20,CONVICTION,2026-09-15,2026-09-15T04:48:42.020392
HRMY,LONG,CONVICTION,85.7,BULL_BOUNCE_PENDING,40.71,38.76,42.74,,51,1.04,FAVORABLE,41.54,LIMIT,13,MINOR,2026-09-15,2026-09-15T04:55:03.149132
ADI,LONG,CONVICTION,85.7,BULL_BOUNCE_PENDING,351.82,325.77,405.43,411.54,3,2.06,FAVORABLE,359.0,LIMIT,20,COMPRESSION,2026-09-15,2026-09-15T04:58:02.427041
ASTS,LONG,CONVICTION,85.6,BULL_BOUNCE_PENDING,58.21,48.83,61.12,,10,0.31,FAVORABLE,59.4,LIMIT,20,CONVICTION,2026-09-15,2026-09-15T04:29:09.532273
GLXY,LONG,CONVICTION,85.5,BULL_BOUNCE_PENDING,23.11,21.79,25.53,26.52,75,1.84,FAVORABLE,23.58,LIMIT,20,COMPRESSION,2026-09-15,2026-09-15T04:27:07.157703
NEM,LONG,CONVICTION,85.5,BULL_BOUNCE_PENDING,119.03,117.17,123.43,126.81,53,2.37,FAVORABLE,121.46,LIMIT,20,CONVICTION,2026-09-15,2026-09-15T04:29:25.316261
APO,LONG,CONVICTION,85.3,BULL_BOUNCE_PENDING,126.19,124.96,128.5,132.05,81,1.88,FAVORABLE,127.17,LIMIT,20,COMPRESSION,2026-09-15,2026-09-15T04:37:34.707281
CRC,LONG,CONVICTION,85.3,BULL_BOUNCE_PENDING,57.74,55.46,61.68,62.93,43,1.73,FAVORABLE,56.01,STOP,20,CONVICTION,2026-09-15,2026-09-15T04:38:01.891907
EGO,LONG,CONVICTION,85.3,BULL_BOUNCE_PENDING,40.43,39.36,42.84,42.96,94,2.27,FAVORABLE,41.2501,LIMIT,20,CONVICTION,2026-09-15,2026-09-15T04:48:49.150911
FIVN,LONG,CONVICTION,85.2,BULL_BOUNCE_PENDING,32.27,30.51,33.88,,56,0.92,FAVORABLE,31.85,STOP,20,COMPRESSION,2026-09-15,2026-09-15T04:24:47.210604
VSXY,SHORT,CONVICTION,85.0,BEAR_REJECTION_PENDING,76.01,84.43,72.21,,11,0.45,FAVORABLE,74.5209,LIMIT,20,CONVICTION,2026-09-15,2026-09-15T04:37:24.074735
BRZE,SHORT,CONVICTION,85.0,BEAR_REJECTION_PENDING,25.82,30.46,24.53,,21,0.28,FAVORABLE,25.31,LIMIT,20,CONVICTION,2026-09-15,2026-09-15T04:37:45.424871
BCO,LONG,CONVICTION,85.0,BULL_BOUNCE_PENDING,114.0,109.02,123.0,125.41,20,1.81,FAVORABLE,109.35,STOP,20,COMPRESSION,2026-09-15,2026-09-15T04:40:02.490368
SKHY,LONG,CONVICTION,85.0,BULL_BOUNCE_PENDING,171.78,161.81,193.28,198.53,10,2.15,FAVORABLE,175.29,LIMIT,20,CONVICTION,2026-09-15,2026-09-15T04:43:45.137103
NTNX,LONG,CONVICTION,84.9,BULL_BOUNCE_PENDING,68.19,65.59,71.6,,38,1.31,FAVORABLE,68.22,STOP,9,COMPRESSION,2026-09-15,2026-09-15T04:43:28.605503
GLWG,LONG,CONVICTION,84.9,BULL_BOUNCE_PENDING,11.36,9.84,11.93,,66,0.38,FAVORABLE,11.59,LIMIT,20,CONVICTION,2026-09-15,2026-09-15T04:44:33.830758
GDXJ,LONG,CONVICTION,84.9,BULL_BOUNCE_PENDING,118.69,117.2,121.0,128.39,66,1.54,FAVORABLE,119.5,LIMIT,20,CONVICTION,2026-09-15,2026-09-15T04:51:21.952687
NUE,LONG,CONVICTION,84.8,BULL_BOUNCE_PENDING,251.38,249.25,257.25,267.4,46,2.75,FAVORABLE,254.0,LIMIT,20,CONVICTION,2026-09-15,2026-09-15T04:55:11.576172
TEX,SHORT,CONVICTION,84.8,BEAR_REJECTION_PENDING,59.06,61.12,52.38,50.0,48,3.24,FAVORABLE,58.68,LIMIT,20,CONVICTION,2026-09-15,2026-09-15T04:55:24.361205
BDC,SHORT,CONVICTION,84.7,BEAR_REJECTION_PENDING,115.68,122.87,103.6,96.93,13,1.68,FAVORABLE,113.41,LIMIT,20,CONVICTION,2026-09-15,2026-09-15T04:54:30.800539
BDX,LONG,CONVICTION,84.6,BULL_BOUNCE_PENDING,183.71,177.48,195.14,205.41,16,1.83,FAVORABLE,182.91,STOP,20,CONVICTION,2026-09-15,2026-09-15T04:41:18.706760
UPWK,SHORT,CONVICTION,84.5,BEAR_REJECTION_PENDING,8.82,10.27,8.38,,69,0.3,FAVORABLE,8.68,LIMIT,20,CONVICTION,2026-09-15,2026-09-15T04:41:08.000728
CGNX,SHORT,CONVICTION,84.4,BEAR_REJECTION_PENDING,60.55,62.8,56.08,53.78,44,1.99,FAVORABLE,59.3632,LIMIT,20,CONVICTION,2026-09-15,2026-09-15T04:44:21.281739
CHRD,LONG,CONVICTION,84.3,BULL_BOUNCE_PENDING,156.48,149.71,164.3,,14,1.16,FAVORABLE,151.5,STOP,20,MINOR,2026-09-15,2026-09-15T04:45:40.872443
GTLB,LONG,CONVICTION,84.2,BULL_BOUNCE_PENDING,49.54,47.09,54.41,55.2,40,1.99,FAVORABLE,48.71,STOP,20,CONVICTION,2026-09-15,2026-09-15T04:36:03.897207
AVGO,LONG,CONVICTION,84.1,BULL_BOUNCE_PENDING,336.93,313.48,372.4,394.25,4,1.51,FAVORABLE,343.8041,LIMIT,20,CONVICTION,2026-09-15,2026-09-15T04:32:10.772216
ESTC,LONG,CONVICTION,84.1,BULL_BOUNCE_PENDING,84.0,82.24,89.98,89.98,56,3.41,FAVORABLE,85.11,LIMIT,20,CONVICTION,2026-09-15,2026-09-15T04:35:46.404033
RHI,LONG,CONVICTION,84.1,BULL_BOUNCE_PENDING,38.19,37.5,41.94,41.94,145,5.45,FAVORABLE,38.73,LIMIT,20,COMPRESSION,2026-09-15,2026-09-15T04:36:43.886513
RVTY,SHORT,CONVICTION,84.1,BEAR_REJECTION_PENDING,128.5,130.68,124.69,116.02,45,1.75,FAVORABLE,128.49,LIMIT,20,CONVICTION,2026-09-15,2026-09-15T04:49:20.115156
VOYG,LONG,CONVICTION,84.0,BULL_BOUNCE_PENDING,32.94,27.87,34.58,,19,0.32,FAVORABLE,33.61,LIMIT,20,COMPRESSION,2026-09-15,2026-09-15T04:37:21.404185
SQM,LONG,CONVICTION,84.0,BULL_BOUNCE_PENDING,68.34,67.14,76.01,71.64,83,6.43,FAVORABLE,69.73,LIMIT,20,COMPRESSION,2026-09-15,2026-09-15T04:49:24.700699
VRT,LONG,CONVICTION,84.0,BULL_BOUNCE_PENDING,231.95,201.98,243.54,,3,0.39,FAVORABLE,236.68,LIMIT,20,CONVICTION,2026-09-15,2026-09-15T04:56:11.699357
BE,LONG,CONVICTION,83.9,BULL_BOUNCE_PENDING,247.74,231.04,286.01,286.01,5,2.29,FAVORABLE,252.8,LIMIT,20,CONVICTION,2026-09-15,2026-09-15T04:25:26.958282
PARR,LONG,CONVICTION,83.8,BULL_BOUNCE_PENDING,80.08,78.46,83.15,85.75,61,1.88,FAVORABLE,81.5,LIMIT,20,MINOR,2026-09-15,2026-09-15T04:24:53.925618
BAH,LONG,CONVICTION,83.8,BULL_BOUNCE_PENDING,79.81,76.48,89.18,89.18,30,2.81,FAVORABLE,79.12,STOP,14,COMPRESSION,2026-09-15,2026-09-15T04:47:04.822709
GKOS,LONG,CONVICTION,83.7,BULL_BOUNCE_PENDING,167.58,160.85,183.15,183.15,14,2.31,FAVORABLE,171.0,LIMIT,20,CONVICTION,2026-09-15,2026-09-15T04:35:59.194597
DBX,LONG,CONVICTION,83.7,BULL_BOUNCE_PENDING,37.43,35.74,39.3,,59,1.11,FAVORABLE,37.31,STOP,0,NONE,2026-09-15,2026-09-15T04:43:03.962372
AU,LONG,CONVICTION,83.7,BULL_BOUNCE_PENDING,97.53,95.82,100.48,108.45,58,1.72,FAVORABLE,99.5,LIMIT,20,CONVICTION,2026-09-15,2026-09-15T04:47:02.403549
LB,LONG,CONVICTION,83.7,BULL_BOUNCE_PENDING,83.53,81.79,87.82,88.64,57,2.47,FAVORABLE,85.23,LIMIT,20,VACUUM,2026-09-15,2026-09-15T04:49:07.765937
ERO,LONG,CONVICTION,83.6,BULL_BOUNCE_PENDING,32.62,30.91,35.75,37.87,58,1.82,FAVORABLE,33.29,LIMIT,20,CONVICTION,2026-09-15,2026-09-15T04:35:42.519023
ZTS,SHORT,CONVICTION,83.6,BEAR_REJECTION_PENDING,74.8,76.19,72.62,,71,1.57,FAVORABLE,73.8,LIMIT,20,CONVICTION,2026-09-15,2026-09-15T04:50:20.634891
S,LONG,CONVICTION,83.5,BULL_BOUNCE_PENDING,23.07,21.19,24.22,,53,0.61,FAVORABLE,22.2442,STOP,20,COMPRESSION,2026-09-15,2026-09-15T04:28:08.664821
NICE,LONG,CONVICTION,83.5,BULL_BOUNCE_PENDING,107.31,101.41,112.68,,16,0.91,FAVORABLE,105.04,STOP,5,CONVICTION,2026-09-15,2026-09-15T04:36:31.519486
COPX,LONG,CONVICTION,83.4,BULL_BOUNCE_PENDING,82.32,78.96,89.66,90.45,29,2.19,FAVORABLE,84.0,LIMIT,20,CONVICTION,2026-09-15,2026-09-15T04:48:48.463835
APP,LONG,CONVICTION,83.3,BULL_BOUNCE_PENDING,322.71,310.71,343.04,,8,1.69,FAVORABLE,329.3,LIMIT,20,CONVICTION,2026-09-15,2026-09-15T04:30:17.003303
TECK,LONG,CONVICTION,83.2,BULL_BOUNCE_PENDING,62.87,59.9,71.02,70.25,33,2.75,FAVORABLE,64.15,LIMIT,20,COMPRESSION,2026-09-15,2026-09-15T04:30:28.430842
ROAD,LONG,CONVICTION,83.2,BULL_BOUNCE_PENDING,95.0,92.01,103.67,108.89,33,2.9,FAVORABLE,96.94,LIMIT,20,CONVICTION,2026-09-15,2026-09-15T04:36:45.839510
WGMI,LONG,CONVICTION,83.2,BULL_BOUNCE_PENDING,44.25,37.38,46.46,,14,0.32,FAVORABLE,45.15,LIMIT,20,COMPRESSION,2026-09-15,2026-09-15T04:57:16.867328
CTSH,LONG,CONVICTION,83.1,BULL_BOUNCE_PENDING,64.52,61.3,70.41,,31,1.83,FAVORABLE,63.82,STOP,11,COMPRESSION,2026-09-15,2026-09-15T04:31:15.854579
HYMC,LONG,CONVICTION,83.1,BULL_BOUNCE_PENDING,20.19,17.14,21.2,,32,0.33,FAVORABLE,20.6,LIMIT,20,COMPRESSION,2026-09-15,2026-09-15T04:38:32.484487
DVA,LONG,CONVICTION,83.1,BULL_BOUNCE_CONFIRMED,189.32,180.64,205.25,212.0,11,1.84,FAVORABLE,189.32,LIMIT,13,CONVICTION,2026-09-15,2026-09-15T04:51:59.573825
LBRX,LONG,CONVICTION,83.0,BULL_BOUNCE_PENDING,43.94,39.76,46.14,,23,0.52,FAVORABLE,44.84,LIMIT,20,MINOR,2026-09-15,2026-09-15T04:25:37.887844
AXTI,LONG,CONVICTION,83.0,BULL_BOUNCE_CONFIRMED,57.52,46.71,60.4,,9,0.27,FAVORABLE,57.52,LIMIT,20,CONVICTION,2026-09-15,2026-09-15T04:28:48.923422
EXPE,LONG,CONVICTION,83.0,BULL_BOUNCE_PENDING,293.21,279.43,325.24,325.24,7,2.32,FAVORABLE,287.25,STOP,20,CONVICTION,2026-09-15,2026-09-15T04:40:15.018949
SMCIP,SHORT,CONVICTION,83.0,BEAR_REJECTION_PENDING,62.31,66.96,55.06,,21,1.56,FAVORABLE,62.24,LIMIT,20,CONVICTION,2026-09-15,2026-09-15T04:42:34.336138
ENTG,SHORT,CONVICTION,83.0,BEAR_REJECTION_PENDING,129.39,141.07,110.94,,8,1.58,FAVORABLE,127.89,LIMIT,20,CONVICTION,2026-09-15,2026-09-15T04:56:29.040389
FSM,LONG,CONVICTION,82.9,BULL_BOUNCE_PENDING,11.42,10.52,12.9,,111,1.65,FAVORABLE,11.65,LIMIT,20,MINOR,2026-09-15,2026-09-15T04:38:20.675467
PGR,LONG,CONVICTION,82.9,BULL_BOUNCE_PENDING,218.66,216.53,237.93,229.5,46,9.06,FAVORABLE,221.02,LIMIT,20,CONVICTION,2026-09-15,2026-09-15T04:48:26.501369
PAAS,LONG,CONVICTION,82.9,BULL_BOUNCE_PENDING,47.64,44.77,54.3,55.3,34,2.33,FAVORABLE,48.61,LIMIT,20,CONVICTION,2026-09-15,2026-09-15T04:49:12.799143
SNDU,SHORT,CONVICTION,82.8,BEAR_REJECTION_PENDING,21.22,23.64,20.16,,41,0.44,FAVORABLE,21.2,LIMIT,20,CONVICTION,2026-09-15,2026-09-15T04:39:22.272109
KKR,SHORT,CONVICTION,82.8,BEAR_REJECTION_PENDING,103.0,104.61,94.64,89.06,62,5.19,FAVORABLE,102.41,LIMIT,20,CONVICTION,2026-09-15,2026-09-15T04:40:30.966538
ICLR,LONG,CONVICTION,82.8,BULL_BOUNCE_PENDING,173.57,164.34,188.22,,10,1.59,FAVORABLE,168.93,STOP,20,CONVICTION,2026-09-15,2026-09-15T04:45:48.487458
XME,SHORT,CONVICTION,82.8,BEAR_REJECTION_PENDING,111.22,114.2,105.3,96.06,33,1.99,FAVORABLE,110.2,LIMIT,20,CONVICTION,2026-09-15,2026-09-15T04:51:46.437277
SHOP,LONG,CONVICTION,82.7,BULL_BOUNCE_PENDING,129.74,125.79,141.71,141.71,25,3.02,FAVORABLE,132.39,LIMIT,20,CONVICTION,2026-09-15,2026-09-15T04:32:52.129896
EMR,SHORT,CONVICTION,82.7,BEAR_REJECTION_PENDING,148.38,152.95,131.36,129.01,21,3.72,FAVORABLE,148.3,LIMIT,20,CONVICTION,2026-09-15,2026-09-15T04:40:13.937405
PCTY,LONG,CONVICTION,82.7,BULL_BOUNCE_PENDING,148.81,142.26,162.35,165.12,15,2.07,FAVORABLE,147.9,STOP,19,CONVICTION,2026-09-15,2026-09-15T04:42:20.934099
PSN,SHORT,CONVICTION,82.7,BEAR_REJECTION_PENDING,46.99,60.56,44.64,,7,0.17,FAVORABLE,46.94,LIMIT,20,COMPRESSION,2026-09-15,2026-09-15T04:49:31.209712
SIL,LONG,CONVICTION,82.7,BULL_BOUNCE_PENDING,91.02,88.77,96.8,105.8,44,2.57,FAVORABLE,92.88,LIMIT,20,CONVICTION,2026-09-15,2026-09-15T04:51:35.904254
WSM,SHORT,CONVICTION,82.7,BEAR_REJECTION_PENDING,232.06,236.27,196.0,204.82,23,8.57,FAVORABLE,230.0,LIMIT,20,CONVICTION,2026-09-15,2026-09-15T04:52:36.183965
XOM,LONG,CONVICTION,82.6,BULL_BOUNCE_PENDING,169.62,164.25,178.1,,18,1.58,FAVORABLE,166.0,STOP,7,MINOR,2026-09-15,2026-09-15T04:28:37.843403
PAYC,LONG,CONVICTION,82.6,BULL_BOUNCE_PENDING,227.62,217.82,248.13,,10,2.09,FAVORABLE,223.06,STOP,20,CONVICTION,2026-09-15,2026-09-15T04:43:32.462069
PLGO,LONG,CONVICTION,82.6,BULL_BOUNCE,24.92,24.36,25.78,,178,1.53,FAVORABLE,24.92,LIMIT,20,MINOR,2026-09-15,2026-09-15T04:43:37.600083
NRG,SHORT,CONVICTION,82.6,BEAR_REJECTION_PENDING,110.0,114.03,102.04,,24,1.98,FAVORABLE,109.0,LIMIT,20,CONVICTION,2026-09-15,2026-09-15T04:44:52.027335
OKLO,LONG,CONVICTION,82.5,BULL_BOUNCE_PENDING,35.18,31.87,41.15,,30,1.8,FAVORABLE,35.9,LIMIT,20,COMPRESSION,2026-09-15,2026-09-15T04:31:49.391180
PWR,SHORT,CONVICTION,82.5,BEAR_REJECTION_PENDING,622.02,634.95,569.0,588.09,7,4.1,FAVORABLE,619.94,LIMIT,20,CONVICTION,2026-09-15,2026-09-15T04:45:53.602469
MMED,LONG,CONVICTION,82.3,BULL_BOUNCE_PENDING,22.75,21.01,23.89,,57,0.65,FAVORABLE,22.26,STOP,11,MINOR,2026-09-15,2026-09-15T04:24:38.211586
MSTR,LONG,CONVICTION,82.3,BULL_BOUNCE_PENDING,137.65,123.45,144.53,,7,0.48,FAVORABLE,130.49,STOP,20,CONVICTION,2026-09-15,2026-09-15T04:28:03.781807
TEAM,LONG,CONVICTION,82.3,BULL_BOUNCE_PENDING,185.34,182.33,200.05,195.78,33,4.89,FAVORABLE,188.98,LIMIT,20,MINOR,2026-09-15,2026-09-15T04:33:41.419060
WDAY,LONG,CONVICTION,82.3,BULL_BOUNCE_PENDING,196.12,184.77,215.54,,8,1.71,FAVORABLE,193.6001,STOP,20,MINOR,2026-09-15,2026-09-15T04:33:42.265054
MNDY,SHORT,CONVICTION,82.3,BEAR_REJECTION_PENDING,94.79,97.82,90.0,81.38,33,1.58,FAVORABLE,94.55,LIMIT,20,VACUUM,2026-09-15,2026-09-15T04:38:49.984051
MSTU,LONG,CONVICTION,82.3,BULL_BOUNCE_PENDING,29.79,27.79,34.57,34.57,50,2.39,FAVORABLE,30.4,LIMIT,20,VACUUM,2026-09-15,2026-09-15T04:48:12.449824
LNG,LONG,CONVICTION,82.3,BULL_BOUNCE_PENDING,272.53,270.03,280.68,280.68,39,3.25,FAVORABLE,275.01,LIMIT,20,CONVICTION,2026-09-15,2026-09-15T04:52:08.607845
C,LONG,CONVICTION,82.1,BULL_BOUNCE_PENDING,138.07,133.45,145.0,,21,1.5,FAVORABLE,135.13,STOP,20,CONVICTION,2026-09-15,2026-09-15T04:28:46.697418
AMC,LONG,CONVICTION,82.1,BULL_BOUNCE_PENDING,2.42,2.24,2.73,,546,1.67,FAVORABLE,2.4733,LIMIT,17,MINOR,2026-09-15,2026-09-15T04:32:40.569811
INSW,LONG,CONVICTION,82.1,BULL_BOUNCE_PENDING,106.81,101.23,112.15,,17,0.96,FAVORABLE,106.4,STOP,13,MINOR,2026-09-15,2026-09-15T04:41:59.194949
HACK,LONG,CONVICTION,82.1,CHANNEL_GAP_BREAKOUT_LONG,118.73,112.8,124.67,,16,1.0,FAVORABLE,118.7342,LIMIT,19,MINOR,2026-09-15,2026-09-15T04:53:00.807010
MLYS,LONG,CONVICTION,82.1,BULL_BOUNCE_PENDING,28.34,26.62,32.71,,57,2.53,FAVORABLE,28.92,LIMIT,18,COMPRESSION,2026-09-15,2026-09-15T04:55:09.854169
ANF,SHORT,CONVICTION,82.0,BEAR_REJECTION_PENDING,143.16,145.96,131.37,132.0,35,4.22,FAVORABLE,141.0,LIMIT,20,CONVICTION,2026-09-15,2026-09-15T04:24:29.862570
CVSA,LONG,CONVICTION,82.0,BULL_BOUNCE_PENDING,129.17,122.98,139.14,,16,1.61,FAVORABLE,125.48,STOP,20,CONVICTION,2026-09-15,2026-09-15T04:35:36.128013
HALO,LONG,CONVICTION,82.0,BULL_BOUNCE_PENDING,105.14,100.79,110.4,,22,1.21,FAVORABLE,107.29,LIMIT,20,COMPRESSION,2026-09-15,2026-09-15T04:36:05.134738
AKAM,LONG,CONVICTION,82.0,BULL_BOUNCE_PENDING,103.22,87.68,108.38,,6,0.33,FAVORABLE,105.3265,LIMIT,20,CONVICTION,2026-09-15,2026-09-15T04:37:34.628280
TYRA,LONG,CONVICTION,82.0,BULL_BOUNCE_PENDING,24.54,22.8,28.59,28.51,57,2.33,FAVORABLE,25.04,LIMIT,20,COMPRESSION,2026-09-15,2026-09-15T04:56:46.291987
NE,LONG,CONVICTION,81.9,BULL_BOUNCE_PENDING,43.0,40.57,49.0,49.25,41,2.46,FAVORABLE,43.88,LIMIT,20,COMPRESSION,2026-09-15,2026-09-15T04:39:01.775071
SEPN,LONG,CONVICTION,81.9,CHANNEL_GAP_BREAKOUT_LONG,40.55,39.76,43.15,43.15,127,3.31,FAVORABLE,40.55,LIMIT,13,MINOR,2026-09-15,2026-09-15T04:40:49.510671
PEGA,LONG,CONVICTION,81.9,BULL_BOUNCE_PENDING,38.84,36.65,42.23,,45,1.55,FAVORABLE,38.1494,STOP,11,CONVICTION,2026-09-15,2026-09-15T04:43:36.659079
QURE,LONG,CONVICTION,81.9,BULL_BOUNCE_PENDING,44.0,41.98,47.2,50.74,49,1.58,FAVORABLE,44.9,LIMIT,20,MINOR,2026-09-15,2026-09-15T04:43:40.350091
BR,LONG,CONVICTION,81.8,BULL_BOUNCE_PENDING,175.38,168.6,193.12,,14,2.62,FAVORABLE,174.39,STOP,16,CONVICTION,2026-09-15,2026-09-15T04:37:44.875870
RPD,LONG,CONVICTION,81.8,BULL_BOUNCE_PENDING,12.97,11.54,13.62,,69,0.45,FAVORABLE,12.34,STOP,20,COMPRESSION,2026-09-15,2026-09-15T04:40:48.823667
SBSW,LONG,CONVICTION,81.7,BULL_BOUNCE_PENDING,11.4,10.62,12.57,13.19,128,1.5,FAVORABLE,11.63,LIMIT,20,COMPRESSION,2026-09-15,2026-09-15T04:49:20.845158
ASO,LONG,CONVICTION,81.7,BULL_BOUNCE_PENDING,52.9,44.92,55.55,,12,0.33,FAVORABLE,53.98,LIMIT,20,COMPRESSION,2026-09-15,2026-09-15T04:57:28.221908
TEL,LONG,CONVICTION,81.6,BULL_BOUNCE_PENDING,199.3,179.57,229.99,,5,1.55,FAVORABLE,203.37,LIMIT,20,CONVICTION,2026-09-15,2026-09-15T04:56:09.349357
COIN,SHORT,CONVICTION,81.4,BEAR_REJECTION_PENDING,183.41,188.49,172.35,164.2,19,2.18,FAVORABLE,182.51,LIMIT,20,VACUUM,2026-09-15,2026-09-15T04:28:24.563846
ZETA,LONG,CONVICTION,81.4,BULL_BOUNCE_PENDING,31.27,29.1,32.83,,46,0.72,FAVORABLE,30.49,STOP,20,MINOR,2026-09-15,2026-09-15T04:32:49.347894
MAN,LONG,CONVICTION,81.4,BULL_BOUNCE_CONFIRMED,59.15,56.38,66.71,65.66,36,2.73,FAVORABLE,59.15,LIMIT,20,CONVICTION,2026-09-15,2026-09-15T04:46:24.755075
ORCX,LONG,CONVICTION,81.1,BULL_BOUNCE_PENDING,19.76,17.14,20.74,,38,0.38,FAVORABLE,20.16,LIMIT,20,CONVICTION,2026-09-15,2026-09-15T04:43:30.333063
ORKA,LONG,CONVICTION,81.0,BULL_BOUNCE_CONFIRMED,95.93,89.77,106.75,,16,1.76,FAVORABLE,95.93,LIMIT,20,CONVICTION,2026-09-15,2026-09-15T04:39:11.952099
VCTR,LONG,CONVICTION,81.0,BULL_BOUNCE_PENDING,106.9,103.01,113.28,115.67,25,1.64,FAVORABLE,109.08,LIMIT,20,CONVICTION,2026-09-15,2026-09-15T04:52:31.808957
WEN,LONG,CONVICTION,80.9,BULL_BOUNCE_PENDING,7.71,7.13,8.1,,172,0.67,FAVORABLE,7.62,STOP,20,COMPRESSION,2026-09-15,2026-09-15T04:33:17.872943
EFX,LONG,CONVICTION,80.8,BULL_BOUNCE_PENDING,174.93,168.3,191.14,198.86,15,2.45,FAVORABLE,173.0,STOP,20,CONVICTION,2026-09-15,2026-09-15T04:47:31.796582
ANRO,LONG,CONVICTION,80.7,BULL_BOUNCE_PENDING,32.33,29.0,33.95,,30,0.49,FAVORABLE,32.99,LIMIT,20,MINOR,2026-09-15,2026-09-15T04:25:02.261165
FTI,LONG,CONVICTION,80.6,BULL_BOUNCE_PENDING,72.79,69.27,80.22,,28,2.11,FAVORABLE,74.28,LIMIT,20,COMPRESSION,2026-09-15,2026-09-15T04:38:22.626470
AMZN,LONG,CONVICTION,80.5,BULL_BOUNCE_PENDING,246.92,228.17,279.71,,5,1.75,FAVORABLE,251.96,LIMIT,20,CONVICTION,2026-09-15,2026-09-15T04:31:33.219123
LEU,SHORT,CONVICTION,80.5,BEAR_REJECTION_PENDING,150.0,153.81,131.45,,26,4.86,FAVORABLE,148.11,LIMIT,20,CONVICTION,2026-09-15,2026-09-15T04:36:19.121383
CHEF,LONG,CONVICTION,80.5,BULL_BOUNCE_PENDING,110.58,109.22,114.27,117.42,73,2.71,FAVORABLE,112.84,LIMIT,20,MINOR,2026-09-15,2026-09-15T04:53:28.616060
NYT,LONG,CONVICTION,80.5,BULL_BOUNCE_PENDING,68.41,66.55,79.3,75.6,53,5.83,FAVORABLE,69.81,LIMIT,20,CONVICTION,2026-09-15,2026-09-15T04:58:31.469755
LFST,LONG,CONVICTION,80.4,BULL_BOUNCE_PENDING,13.23,12.88,13.89,,283,1.87,FAVORABLE,13.5,LIMIT,1,MINOR,2026-09-15,2026-09-15T04:38:42.020504
CG,LONG,CONVICTION,80.4,BULL_BOUNCE_PENDING,40.98,38.96,46.8,46.97,49,2.88,FAVORABLE,41.82,LIMIT,20,COMPRESSION,2026-09-15,2026-09-15T04:43:00.212363
WST,LONG,CONVICTION,80.4,BULL_BOUNCE_CONFIRMED,355.2,345.21,390.43,390.43,10,3.52,FAVORABLE,355.2,LIMIT,4,VACUUM,2026-09-15,2026-09-15T04:57:59.035035
CVE,LONG,CONVICTION,80.3,BULL_BOUNCE_PENDING,33.95,32.46,35.65,,67,1.14,FAVORABLE,33.55,STOP,5,COMPRESSION,2026-09-15,2026-09-15T04:28:26.577848
ACN,LONG,CONVICTION,80.3,BULL_BOUNCE_PENDING,188.15,183.43,208.6,215.0,21,4.33,FAVORABLE,191.99,LIMIT,20,COMPRESSION,2026-09-15,2026-09-15T04:29:45.486678
AAPU,SHORT,CONVICTION,80.3,BEAR_REJECTION_PENDING,44.98,47.38,40.5,38.54,41,1.87,FAVORABLE,44.1,LIMIT,20,COMPRESSION,2026-09-15,2026-09-15T04:54:13.044973
TSLQ,LONG,CONVICTION,80.2,BULL_BOUNCE_CONFIRMED,19.28,18.47,20.76,21.4,123,1.82,FAVORABLE,19.28,LIMIT,20,COMPRESSION,2026-09-15,2026-09-15T04:42:42.365159
XENE,LONG,CONVICTION,80.1,BULL_BOUNCE_PENDING,57.34,56.5,58.95,61.31,117,1.89,FAVORABLE,58.25,LIMIT,20,COMPRESSION,2026-09-15,2026-09-15T04:46:45.254188
ASAN,LONG,CONVICTION,80.0,DOUBLE_REJECTION_LONG,9.61,9.53,10.66,9.87,1319,13.85,FAVORABLE,9.61,LIMIT,9,COMPRESSION,2026-09-15,2026-09-15T04:33:39.507047
GDDY,LONG,CONVICTION,80.0,BULL_BOUNCE_PENDING,101.43,97.58,112.85,117.7,25,2.97,FAVORABLE,103.5,LIMIT,16,COMPRESSION,2026-09-15,2026-09-15T04:41:51.648927
DLTR,LONG,CONVICTION,80.0,BULL_BOUNCE_PENDING,117.04,113.65,123.07,129.88,29,1.78,FAVORABLE,119.4254,LIMIT,20,COMPRESSION,2026-09-15,2026-09-15T04:50:47.771012
NMAX,LONG,CONVICTION,79.9,BULL_BOUNCE_PENDING,11.93,11.08,13.24,,117,1.54,FAVORABLE,11.55,STOP,13,MINOR,2026-09-15,2026-09-15T04:24:49.093610
CIBR,LONG,CONVICTION,79.8,BULL_BOUNCE_PENDING,100.71,96.18,105.75,,22,1.11,FAVORABLE,98.94,STOP,17,MINOR,2026-09-15,2026-09-15T04:52:57.368005
RUM,LONG,CONVICTION,79.7,BULL_BOUNCE_PENDING,8.66,7.52,9.09,,87,0.38,FAVORABLE,7.8616,STOP,20,COMPRESSION,2026-09-15,2026-09-15T04:42:27.405117
CTRI,LONG,CONVICTION,79.5,BULL_BOUNCE,19.57,18.94,21.32,21.0,157,2.76,FAVORABLE,19.57,LIMIT,20,COMPRESSION,2026-09-15,2026-09-15T04:35:35.988016
P,LONG,CONVICTION,79.5,BULL_BOUNCE_PENDING,92.32,90.24,107.34,100.17,48,7.22,FAVORABLE,94.2,LIMIT,20,CONVICTION,2026-09-15,2026-09-15T04:39:15.508096
BAC,LONG,CONVICTION,79.4,BULL_BOUNCE_PENDING,62.5,60.59,65.62,,52,1.63,FAVORABLE,59.06,STOP,20,COMPRESSION,2026-09-15,2026-09-15T04:28:02.478805
IOT,LONG,CONVICTION,79.4,BULL_BOUNCE_PENDING,43.23,39.3,45.39,,25,0.55,FAVORABLE,42.39,STOP,12,MINOR,2026-09-15,2026-09-15T04:52:03.200831
KTOS,LONG,CONVICTION,79.3,BULL_BOUNCE_PENDING,46.48,41.0,48.81,,18,0.42,FAVORABLE,47.43,LIMIT,20,COMPRESSION,2026-09-15,2026-09-15T04:27:03.464694
STKH,LONG,CONVICTION,79.2,BULL_BOUNCE_PENDING,2.09,1.95,2.4,,706,2.21,FAVORABLE,2.13,LIMIT,20,MINOR,2026-09-15,2026-09-15T04:39:29.593122
IMNM,LONG,CONVICTION,79.1,BULL_BOUNCE_PENDING,24.04,22.85,26.15,27.48,84,1.78,FAVORABLE,24.53,LIMIT,20,COMPRESSION,2026-09-15,2026-09-15T04:47:58.660101
GPRO,LONG,CONVICTION,79.0,BULL_BOUNCE_PENDING,1.28,0.87,1.35,,242,0.16,FAVORABLE,1.31,LIMIT,17,COMPRESSION,2026-09-15,2026-09-15T04:26:48.917591
PCG,SHORT,CONVICTION,79.0,BEAR_REJECTION_PENDING,13.92,16.68,13.23,,36,0.25,FAVORABLE,13.65,LIMIT,20,CONVICTION,2026-09-15,2026-09-15T04:27:53.809789
NAVN,SHORT,CONVICTION,79.0,BEAR_REJECTION_PENDING,21.39,26.02,20.32,,21,0.23,FAVORABLE,21.37,LIMIT,17,CONVICTION,2026-09-15,2026-09-15T04:34:39.193228
SRPT,SHORT,CONVICTION,79.0,BEAR_REJECTION_PENDING,21.26,36.36,20.2,,6,0.07,FAVORABLE,20.89,LIMIT,13,CONVICTION,2026-09-15,2026-09-15T04:40:58.062707
THO,LONG,CONVICTION,79.0,DOUBLE_REJECTION_LONG,73.36,71.99,77.24,78.88,72,2.82,FAVORABLE,73.36,LIMIT,20,COMPRESSION,2026-09-15,2026-09-15T04:41:03.576715
LBRT,LONG,CONVICTION,79.0,BULL_BOUNCE_CONFIRMED,19.93,19.08,22.18,22.18,118,2.66,FAVORABLE,19.93,LIMIT,20,COMPRESSION,2026-09-15,2026-09-15T04:44:41.155778
AYA,LONG,CONVICTION,79.0,BULL_BOUNCE_PENDING,27.03,24.87,28.38,,46,0.62,FAVORABLE,26.91,STOP,20,MINOR,2026-09-15,2026-09-15T04:52:49.870991
BZ,LONG,CONVICTION,78.9,BULL_BOUNCE_PENDING,16.05,15.11,17.7,,106,1.76,FAVORABLE,15.45,STOP,20,COMPRESSION,2026-09-15,2026-09-15T04:37:50.106878
RING,LONG,CONVICTION,78.9,BULL_BOUNCE_PENDING,84.12,82.87,86.9,92.84,79,2.22,FAVORABLE,85.04,LIMIT,20,COMPRESSION,2026-09-15,2026-09-15T04:49:17.480153
WYFI,SHORT,CONVICTION,78.8,BEAR_REJECTION_PENDING,17.81,19.24,15.57,,70,1.57,FAVORABLE,17.67,LIMIT,20,CONVICTION,2026-09-15,2026-09-15T04:32:04.900206
NDSN,SHORT,CONVICTION,78.8,BEAR_REJECTION_PENDING,309.23,316.04,298.65,290.34,14,1.55,FAVORABLE,308.31,LIMIT,20,CONVICTION,2026-09-15,2026-09-15T04:49:08.325477
CGEM,LONG,CONVICTION,78.7,BULL_BOUNCE_PENDING,19.99,18.41,22.93,,63,1.85,FAVORABLE,20.4,LIMIT,20,COMPRESSION,2026-09-15,2026-09-15T04:25:00.491161
IESC,LONG,CONVICTION,78.6,BULL_BOUNCE,322.8,303.17,365.81,,5,2.19,FAVORABLE,322.8,LIMIT,20,CONVICTION,2026-09-15,2026-09-15T04:40:28.100990
DLO,LONG,CONVICTION,78.6,BULL_BOUNCE,14.73,14.25,15.63,15.89,205,1.85,FAVORABLE,14.7328,LIMIT,20,COMPRESSION,2026-09-15,2026-09-15T04:47:30.989969
AAP,SHORT,CONVICTION,78.5,BEAR_REJECTION_PENDING,46.02,56.46,43.72,,9,0.22,FAVORABLE,45.12,LIMIT,5,CONVICTION,2026-09-15,2026-09-15T04:42:52.459270
FUTU,LONG,CONVICTION,78.5,BULL_BOUNCE_PENDING,107.49,104.65,120.3,115.25,35,4.52,FAVORABLE,109.68,LIMIT,20,CONVICTION,2026-09-15,2026-09-15T04:49:52.737752
MSFT,LONG,CONVICTION,78.4,BULL_BOUNCE_CONFIRMED,499.15,462.4,524.11,,2,0.68,FAVORABLE,499.15,LIMIT,20,CONVICTION,2026-09-15,2026-09-15T04:29:49.953551
AVNT,LONG,CONVICTION,78.4,BULL_BOUNCE_PENDING,40.34,37.73,44.59,46.61,38,1.63,FAVORABLE,41.16,LIMIT,20,COMPRESSION,2026-09-15,2026-09-15T04:35:18.902899
LBRDK,LONG,CONVICTION,78.4,BULL_BOUNCE_PENDING,35.41,33.68,39.83,41.38,57,2.55,FAVORABLE,36.13,LIMIT,5,COMPRESSION,2026-09-15,2026-09-15T04:40:32.175536
RAM,LONG,CONVICTION,78.4,BULL_BOUNCE_PENDING,11.44,10.56,13.17,,113,1.97,FAVORABLE,11.67,LIMIT,20,MINOR,2026-09-15,2026-09-15T04:43:41.400091
ARKB,SHORT,CONVICTION,78.4,BEAR_REJECTION_PENDING,25.8,28.04,21.88,,44,1.75,FAVORABLE,25.46,LIMIT,20,CONVICTION,2026-09-15,2026-09-15T04:47:00.277880
HMY,LONG,CONVICTION,78.4,BULL_BOUNCE_PENDING,19.0,17.93,21.03,22.02,93,1.89,FAVORABLE,19.39,LIMIT,20,COMPRESSION,2026-09-15,2026-09-15T04:48:57.042106
MTN,LONG,CONVICTION,78.4,BULL_BOUNCE_PENDING,141.2,134.22,154.22,159.75,14,1.86,FAVORABLE,140.51,STOP,20,CONVICTION,2026-09-15,2026-09-15T04:58:16.014660
TWST,LONG,CONVICTION,78.3,BULL_BOUNCE_CONFIRMED,131.0,118.11,150.56,,7,1.52,FAVORABLE,131.0,LIMIT,20,CONVICTION,2026-09-15,2026-09-15T04:24:46.168604
AXSM,LONG,CONVICTION,78.3,BULL_BOUNCE_PENDING,211.91,209.79,216.47,235.14,47,2.15,FAVORABLE,216.0,LIMIT,20,MINOR,2026-09-15,2026-09-15T04:54:30.418536
PSI,LONG,CONVICTION,78.3,BULL_BOUNCE_PENDING,128.6,127.13,131.04,133.77,67,1.66,FAVORABLE,129.54,LIMIT,20,CONVICTION,2026-09-15,2026-09-15T04:56:38.989952
TRU,SHORT,CONVICTION,78.3,BEAR_REJECTION_PENDING,79.88,84.05,70.69,67.1,23,2.2,FAVORABLE,78.83,LIMIT,20,COMPRESSION,2026-09-15,2026-09-15T04:56:44.061985
AMBA,LONG,CONVICTION,78.3,BULL_BOUNCE_PENDING,65.75,59.77,69.04,,16,0.55,FAVORABLE,64.12,STOP,20,CONVICTION,2026-09-15,2026-09-15T04:57:26.643906
CAKE,SHORT,CONVICTION,78.2,BEAR_REJECTION_PENDING,105.92,107.75,92.94,98.32,54,7.11,FAVORABLE,103.8992,LIMIT,20,COMPRESSION,2026-09-15,2026-09-15T04:37:50.939881
VAL,LONG,CONVICTION,78.2,BULL_BOUNCE_PENDING,79.64,78.58,85.38,87.99,93,5.37,FAVORABLE,81.27,LIMIT,20,COMPRESSION,2026-09-15,2026-09-15T04:39:39.271691
WDCX,SHORT,CONVICTION,78.1,BEAR_REJECTION_PENDING,15.52,17.22,14.74,,58,0.46,FAVORABLE,15.45,LIMIT,20,CONVICTION,2026-09-15,2026-09-15T04:43:59.609137
CORT,LONG,CONVICTION,78.1,BULL_BOUNCE_PENDING,109.56,107.66,119.25,122.57,52,5.08,FAVORABLE,111.8,LIMIT,20,MINOR,2026-09-15,2026-09-15T04:44:22.140737
MOD,LONG,CONVICTION,78.1,BULL_BOUNCE,182.18,172.53,202.18,,10,2.07,FAVORABLE,182.18,LIMIT,20,VACUUM,2026-09-15,2026-09-15T04:44:46.724789
JPM,LONG,CONVICTION,78.0,BULL_BOUNCE_PENDING,355.64,347.02,373.42,,11,2.06,FAVORABLE,348.05,STOP,20,CONVICTION,2026-09-15,2026-09-15T04:28:05.142809
JNJ,SHORT,CONVICTION,78.0,BEAR_REJECTION_PENDING,271.28,276.51,248.27,255.25,19,4.4,FAVORABLE,266.7088,LIMIT,20,CONVICTION,2026-09-15,2026-09-15T04:28:11.199821
CDNL,SHORT,CONVICTION,78.0,BEAR_REJECTION_PENDING,34.22,35.83,32.51,,62,1.06,FAVORABLE,33.55,LIMIT,20,CONVICTION,2026-09-15,2026-09-15T04:44:19.356724
SHOE,LONG,CONVICTION,78.0,BULL_BOUNCE_PENDING,12.65,12.11,14.38,13.95,186,3.22,FAVORABLE,12.91,LIMIT,20,COMPRESSION,2026-09-15,2026-09-15T04:57:54.126009
MP,LONG,CONVICTION,77.8,BULL_BOUNCE_PENDING,49.22,47.25,53.33,53.8,50,2.09,FAVORABLE,50.22,LIMIT,20,COMPRESSION,2026-09-15,2026-09-15T04:44:47.606791
ALNY,LONG,CONVICTION,77.7,BULL_BOUNCE_PENDING,244.92,241.64,258.0,256.68,30,4.0,FAVORABLE,247.33,LIMIT,20,VACUUM,2026-09-15,2026-09-15T04:49:35.655719
PURR,LONG,CONVICTION,77.6,BULL_BOUNCE_PENDING,11.24,10.36,12.65,,114,1.61,FAVORABLE,11.47,LIMIT,20,MINOR,2026-09-15,2026-09-15T04:27:38.404761
OXY,LONG,CONVICTION,77.6,BULL_BOUNCE,62.1,60.69,67.24,,70,3.65,FAVORABLE,62.1,LIMIT,7,MINOR,2026-09-15,2026-09-15T04:28:51.747429
CLBK,LONG,CONVICTION,77.6,BULL_BOUNCE_PENDING,11.17,10.76,11.92,,240,1.8,FAVORABLE,11.4,LIMIT,8,MINOR,2026-09-15,2026-09-15T04:41:30.124796
EAT,SHORT,CONVICTION,77.6,BEAR_REJECTION_PENDING,218.44,223.6,208.49,198.24,19,1.93,FAVORABLE,214.16,LIMIT,20,CONVICTION,2026-09-15,2026-09-15T04:41:42.065831
GOOGL,LONG,CONVICTION,77.5,BULL_BOUNCE_PENDING,350.26,339.03,385.24,376.37,8,3.12,FAVORABLE,345.35,STOP,20,CONVICTION,2026-09-15,2026-09-15T04:29:53.018920
NVDA,LONG,CONVICTION,77.5,BULL_BOUNCE_PENDING,208.97,205.61,220.53,225.28,29,3.44,FAVORABLE,211.34,LIMIT,20,VACUUM,2026-09-15,2026-09-15T04:32:35.074260
SPCG,LONG,CONVICTION,77.5,BULL_BOUNCE_PENDING,16.31,14.49,17.13,,54,0.45,FAVORABLE,15.89,STOP,20,COMPRESSION,2026-09-15,2026-09-15T04:40:57.874696
XOP,LONG,CONVICTION,77.4,BULL_BOUNCE_PENDING,191.15,189.55,197.96,196.32,62,4.25,FAVORABLE,193.56,LIMIT,20,MINOR,2026-09-15,2026-09-15T04:39:48.557314
IBIT,LONG,CONVICTION,77.4,BULL_BOUNCE_PENDING,44.98,43.03,49.69,49.7,51,2.41,FAVORABLE,43.51,STOP,20,CONVICTION,2026-09-15,2026-09-15T04:47:55.289420
BABA,LONG,CONVICTION,77.4,BULL_BOUNCE_PENDING,107.08,97.6,125.35,,10,1.93,FAVORABLE,109.27,LIMIT,20,COMPRESSION,2026-09-15,2026-09-15T04:48:44.089615
DXYZ,LONG,CONVICTION,77.3,BULL_BOUNCE_PENDING,30.7,26.37,32.24,,23,0.35,FAVORABLE,31.33,LIMIT,20,COMPRESSION,2026-09-15,2026-09-15T04:34:36.702222
CURI,LONG,CONVICTION,77.3,BULL_BOUNCE_PENDING,2.8,2.58,2.94,,450,0.63,FAVORABLE,2.75,STOP,19,COMPRESSION,2026-09-15,2026-09-15T04:43:02.972371
BEN,LONG,CONVICTION,77.3,BULL_BOUNCE_PENDING,32.49,31.17,34.48,,76,1.52,FAVORABLE,33.15,LIMIT,20,COMPRESSION,2026-09-15,2026-09-15T04:56:25.965388
DK,LONG,CONVICTION,77.2,BULL_BOUNCE_PENDING,73.16,71.86,77.3,76.9,76,3.18,FAVORABLE,74.47,LIMIT,11,MINOR,2026-09-15,2026-09-15T04:24:29.736569
CORZ,LONG,CONVICTION,77.1,BULL_BOUNCE,17.09,16.09,19.5,19.46,100,2.42,FAVORABLE,17.09,LIMIT,20,COMPRESSION,2026-09-15,2026-09-15T04:33:25.513489
AGIO,LONG,CONVICTION,77.0,BULL_BOUNCE_PENDING,32.56,30.5,37.36,,48,2.34,FAVORABLE,33.22,LIMIT,20,CONVICTION,2026-09-15,2026-09-15T04:41:15.461751
ARCB,LONG,CONVICTION,77.0,BULL_BOUNCE_PENDING,132.99,129.8,154.06,154.06,31,6.61,FAVORABLE,135.7,LIMIT,20,COMPRESSION,2026-09-15,2026-09-15T04:41:16.113756
FISV,LONG,CONVICTION,77.0,BULL_BOUNCE_PENDING,52.95,50.29,57.82,,37,1.83,FAVORABLE,50.95,STOP,20,COMPRESSION,2026-09-15,2026-09-15T04:43:12.117932
TENB,LONG,CONVICTION,77.0,BULL_BOUNCE_PENDING,34.17,30.13,35.88,,24,0.42,FAVORABLE,34.87,LIMIT,20,COMPRESSION,2026-09-15,2026-09-15T04:43:49.918117
LQDA,LONG,CONVICTION,77.0,BULL_BOUNCE_PENDING,64.0,61.54,73.26,73.55,40,3.77,FAVORABLE,65.305,LIMIT,20,CONVICTION,2026-09-15,2026-09-15T04:44:43.848782
OSIS,SHORT,CONVICTION,77.0,BEAR_REJECTION_PENDING,202.06,204.66,197.62,188.5,38,1.71,FAVORABLE,199.95,LIMIT,20,CONVICTION,2026-09-15,2026-09-15T04:50:03.690327
XRPT,LONG,CONVICTION,77.0,BULL_BOUNCE_PENDING,39.06,33.29,41.01,,17,0.34,FAVORABLE,34.4,STOP,20,VACUUM,2026-09-15,2026-09-15T04:50:31.459453
AMBQ,LONG,CONVICTION,77.0,BULL_BOUNCE_CONFIRMED,60.8,57.75,66.91,,32,2.0,FAVORABLE,60.8,LIMIT,20,COMPRESSION,2026-09-15,2026-09-15T04:57:26.681900
CNR,LONG,CONVICTION,76.9,BULL_BOUNCE_PENDING,94.85,93.28,97.79,99.23,63,1.86,FAVORABLE,96.31,LIMIT,20,COMPRESSION,2026-09-15,2026-09-15T04:38:01.433902
LLY,LONG,CONVICTION,76.9,BULL_BOUNCE_PENDING,1135.64,1127.16,1168.47,1182.25,11,3.87,FAVORABLE,1146.79,LIMIT,20,CONVICTION,2026-09-15,2026-09-15T04:38:46.950045
NEBX,SHORT,CONVICTION,76.9,BEAR_REJECTION_PENDING,21.99,25.19,20.89,,31,0.34,FAVORABLE,21.8237,LIMIT,20,CONVICTION,2026-09-15,2026-09-15T04:40:37.488094
CEG,LONG,CONVICTION,76.9,BULL_BOUNCE,264.36,254.07,290.16,296.7,9,2.51,FAVORABLE,264.36,LIMIT,20,CONVICTION,2026-09-15,2026-09-15T04:54:15.081974
POWL,LONG,CONVICTION,76.8,BULL_BOUNCE,171.0,163.45,194.47,192.43,13,3.11,FAVORABLE,171.0,LIMIT,20,CONVICTION,2026-09-15,2026-09-15T04:44:57.310349
AMPL,LONG,CONVICTION,76.7,BULL_BOUNCE_PENDING,13.72,12.73,14.41,,100,0.69,FAVORABLE,13.65,STOP,17,COMPRESSION,2026-09-15,2026-09-15T04:24:21.008553
TGB,LONG,CONVICTION,76.7,BULL_BOUNCE_PENDING,7.59,6.94,8.84,,151,1.89,FAVORABLE,7.75,LIMIT,20,COMPRESSION,2026-09-15,2026-09-15T04:25:57.641420
WFRD,LONG,CONVICTION,76.7,BULL_BOUNCE_PENDING,82.79,80.88,87.66,87.66,52,2.55,FAVORABLE,84.48,LIMIT,20,CONVICTION,2026-09-15,2026-09-15T04:39:43.271232
REGN,SHORT,CONVICTION,76.7,BEAR_REJECTION_PENDING,794.36,807.85,769.54,701.89,7,1.84,FAVORABLE,793.08,LIMIT,20,CONVICTION,2026-09-15,2026-09-15T04:55:13.586177
ATI,SHORT,CONVICTION,76.6,BEAR_REJECTION_PENDING,191.56,196.86,165.0,165.0,18,5.01,FAVORABLE,189.0,LIMIT,20,CONVICTION,2026-09-15,2026-09-15T04:56:24.490383
CACI,LONG,CONVICTION,76.5,BULL_BOUNCE,637.16,618.1,666.01,,5,1.51,FAVORABLE,637.16,LIMIT,20,CONVICTION,2026-09-15,2026-09-15T04:40:09.269388
SNX,SHORT,CONVICTION,76.5,BEAR_REJECTION_PENDING,261.83,265.78,244.94,223.21,25,4.27,FAVORABLE,261.0,LIMIT,14,CONVICTION,2026-09-15,2026-09-15T04:56:04.575345
MSGE,LONG,CONVICTION,76.4,BULL_BOUNCE_PENDING,81.03,78.25,87.7,87.7,35,2.4,FAVORABLE,80.39,STOP,20,MINOR,2026-09-15,2026-09-15T04:42:16.616548
CGON,LONG,CONVICTION,76.4,BULL_BOUNCE_PENDING,74.74,70.35,78.48,,22,0.85,FAVORABLE,73.3,STOP,13,VACUUM,2026-09-15,2026-09-15T04:45:37.617437
DXST,SHORT,CONVICTION,76.4,CHANNEL_GAP_BREAKDOWN_SHORT,2.52,2.53,2.33,2.33,16806,32.17,FAVORABLE,2.5214,LIMIT,20,COMPRESSION,2026-09-15,2026-09-15T04:50:30.693454
HAL,LONG,CONVICTION,76.3,BULL_BOUNCE_PENDING,34.45,29.68,36.17,,20,0.36,FAVORABLE,35.15,LIMIT,20,COMPRESSION,2026-09-15,2026-09-15T04:29:14.966768
VICR,LONG,CONVICTION,76.3,BULL_BOUNCE,185.18,172.76,211.0,,8,2.08,FAVORABLE,185.18,LIMIT,20,CONVICTION,2026-09-15,2026-09-15T04:45:13.560382
RDW,LONG,CONVICTION,76.2,BULL_BOUNCE_PENDING,10.21,9.59,11.75,11.75,161,2.48,FAVORABLE,10.42,LIMIT,20,COMPRESSION,2026-09-15,2026-09-15T04:28:05.305811
RF,LONG,CONVICTION,76.2,BULL_BOUNCE_PENDING,29.43,28.63,30.68,31.78,124,1.56,FAVORABLE,30.03,LIMIT,20,MINOR,2026-09-15,2026-09-15T04:28:46.492417
TEM,LONG,CONVICTION,76.2,BULL_BOUNCE_PENDING,59.79,58.34,63.42,65.28,68,2.5,FAVORABLE,61.01,LIMIT,20,COMPRESSION,2026-09-15,2026-09-15T04:37:11.737637
PLTR,LONG,CONVICTION,76.1,BULL_BOUNCE_PENDING,168.9,166.62,186.85,192.07,43,7.89,FAVORABLE,170.46,LIMIT,20,CONVICTION,2026-09-15,2026-09-15T04:31:06.382786
PPC,LONG,CONVICTION,76.1,BULL_BOUNCE_PENDING,31.27,29.84,33.52,34.54,70,1.58,FAVORABLE,30.25,STOP,20,COMPRESSION,2026-09-15,2026-09-15T04:45:52.041466
WIX,LONG,CONVICTION,76.0,BULL_BOUNCE_PENDING,81.66,76.67,92.46,94.41,20,2.16,FAVORABLE,83.33,LIMIT,20,COMPRESSION,2026-09-15,2026-09-15T04:25:00.176160
OOMA,LONG,CONVICTION,76.0,BULL_BOUNCE_PENDING,22.44,20.43,23.56,,49,0.56,FAVORABLE,22.9,LIMIT,20,COMPRESSION,2026-09-15,2026-09-15T04:25:16.821193
KO,LONG,CONVICTION,76.0,BULL_BOUNCE_CONFIRMED,88.77,83.65,93.21,,19,0.87,FAVORABLE,88.77,LIMIT,11,MINOR,2026-09-15,2026-09-15T04:27:24.188735
MOS,LONG,CONVICTION,76.0,BULL_BOUNCE_PENDING,24.55,22.03,25.78,,39,0.49,FAVORABLE,25.0515,LIMIT,20,COMPRESSION,2026-09-15,2026-09-15T04:27:47.655778
CRNX,LONG,CONVICTION,76.0,BULL_BOUNCE_PENDING,85.1,84.9,89.36,,499,21.23,FAVORABLE,84.97,STOP,0,NONE,2026-09-15,2026-09-15T04:29:17.886020
HAE,LONG,CONVICTION,76.0,BULL_BOUNCE_PENDING,107.58,103.81,112.96,,26,1.43,FAVORABLE,106.31,STOP,14,COMPRESSION,2026-09-15,2026-09-15T04:41:54.494935
SUNB,LONG,CONVICTION,76.0,BULL_BOUNCE_PENDING,70.5,68.97,77.93,81.76,65,4.86,FAVORABLE,71.94,LIMIT,20,CONVICTION,2026-09-15,2026-09-15T04:45:09.013372
MCK,SHORT,CONVICTION,76.0,BEAR_REJECTION_PENDING,911.15,925.99,861.47,812.87,6,3.35,FAVORABLE,902.18,LIMIT,20,CONVICTION,2026-09-15,2026-09-15T04:51:28.678698
GDXD,LONG,CONVICTION,76.0,BULL_BOUNCE_CONFIRMED,19.63,17.33,20.61,,43,0.43,FAVORABLE,19.63,LIMIT,4,CONVICTION,2026-09-15,2026-09-15T04:53:33.801614
TLYS,LONG,CONVICTION,76.0,BULL_BOUNCE_PENDING,4.92,4.58,5.17,,291,0.72,FAVORABLE,4.84,STOP,1,MINOR,2026-09-15,2026-09-15T04:55:42.033228
CAI,LONG,CONVICTION,75.9,BULL_BOUNCE_PENDING,25.03,23.77,27.76,27.91,79,2.17,FAVORABLE,25.54,LIMIT,20,COMPRESSION,2026-09-15,2026-09-15T04:35:23.201447
SMMT,LONG,CONVICTION,75.8,BULL_BOUNCE,18.28,17.25,18.79,,96,0.49,FAVORABLE,18.28,LIMIT,19,MINOR,2026-09-15,2026-09-15T04:39:22.236108
INDI,LONG,CONVICTION,75.8,BULL_BOUNCE_PENDING,3.06,2.93,3.48,3.38,812,3.39,FAVORABLE,3.12,LIMIT,20,COMPRESSION,2026-09-15,2026-09-15T04:43:16.048942
DFTX,LONG,CONVICTION,75.8,BULL_BOUNCE_PENDING,43.81,40.86,46.0,,33,0.74,FAVORABLE,40.15,STOP,20,MINOR,2026-09-15,2026-09-15T04:45:42.089446
IRD,LONG,CONVICTION,75.8,BULL_BOUNCE_CONFIRMED,5.95,5.65,6.25,,330,0.98,FAVORABLE,5.95,LIMIT,14,COMPRESSION,2026-09-15,2026-09-15T04:57:22.911885
DX,LONG,CONVICTION,75.7,BULL_BOUNCE_PENDING,12.16,11.44,14.03,13.91,139,2.6,FAVORABLE,12.41,LIMIT,20,COMPRESSION,2026-09-15,2026-09-15T04:26:25.952006
TSHA,LONG,CONVICTION,75.7,BULL_BOUNCE_PENDING,5.0,4.65,5.57,,285,1.64,FAVORABLE,5.1,LIMIT,20,COMPRESSION,2026-09-15,2026-09-15T04:27:32.488750
SKYQ,LONG,CONVICTION,75.7,BULL_BOUNCE_PENDING,3.64,3.18,3.82,,218,0.4,FAVORABLE,3.24,STOP,6,MINOR,2026-09-15,2026-09-15T04:33:44.528060
BILL,LONG,CONVICTION,75.7,BULL_BOUNCE_PENDING,48.78,47.51,53.52,54.01,78,3.72,FAVORABLE,49.78,LIMIT,19,COMPRESSION,2026-09-15,2026-09-15T04:37:39.505291
LIVN,LONG,CONVICTION,75.7,BULL_BOUNCE_PENDING,78.77,77.29,81.44,82.37,67,1.8,FAVORABLE,80.38,LIMIT,20,MINOR,2026-09-15,2026-09-15T04:42:09.531528
IPST,LONG,CONVICTION,75.7,BULL_BOUNCE_PENDING,3.2,2.52,3.36,,145,0.23,FAVORABLE,3.27,LIMIT,20,MINOR,2026-09-15,2026-09-15T04:46:21.161071
FBTC,LONG,CONVICTION,75.7,BULL_BOUNCE_PENDING,69.1,66.15,76.34,76.41,33,2.45,FAVORABLE,66.86,STOP,20,CONVICTION,2026-09-15,2026-09-15T04:47:45.117627
QNC,LONG,CONVICTION,75.7,BULL_BOUNCE_PENDING,1.89,1.61,1.99,,351,0.33,FAVORABLE,1.93,LIMIT,20,COMPRESSION,2026-09-15,2026-09-15T04:58:24.724730
QGEN,SHORT,CONVICTION,75.5,BEAR_REJECTION_PENDING,42.15,43.63,38.33,37.2,67,2.57,FAVORABLE,42.09,LIMIT,20,COMPRESSION,2026-09-15,2026-09-15T04:51:31.532246
BHC,LONG,CONVICTION,75.5,BULL_BOUNCE_CONFIRMED,6.05,5.67,6.71,6.9,265,1.75,FAVORABLE,6.05,LIMIT,20,COMPRESSION,2026-09-15,2026-09-15T04:54:31.803540
FSK,LONG,CONVICTION,75.3,BULL_BOUNCE_PENDING,11.86,11.4,12.8,13.72,219,2.07,FAVORABLE,12.1,LIMIT,20,COMPRESSION,2026-09-15,2026-09-15T04:35:52.761585
WHD,LONG,CONVICTION,75.3,BULL_BOUNCE_PENDING,65.7,62.59,71.28,72.8,32,1.8,FAVORABLE,67.04,LIMIT,20,COMPRESSION,2026-09-15,2026-09-15T04:39:43.829236
LECO,LONG,CONVICTION,75.3,BULL_BOUNCE_PENDING,247.25,240.84,267.15,277.89,15,3.1,FAVORABLE,252.3,LIMIT,20,CONVICTION,2026-09-15,2026-09-15T04:52:07.403852
SSRM,LONG,CONVICTION,75.2,BULL_BOUNCE_PENDING,33.81,32.09,37.04,38.5,58,1.88,FAVORABLE,34.5,LIMIT,20,CONVICTION,2026-09-15,2026-09-15T04:37:08.267630
DPZ,LONG,CONVICTION,75.2,BULL_BOUNCE_PENDING,314.77,311.36,333.0,343.91,29,5.35,FAVORABLE,320.64,LIMIT,20,CONVICTION,2026-09-15,2026-09-15T04:40:13.427400
ORCU,LONG,CONVICTION,75.2,BULL_BOUNCE_PENDING,7.1,6.13,7.45,,104,0.37,FAVORABLE,7.24,LIMIT,20,COMPRESSION,2026-09-15,2026-09-15T04:43:29.656508
CIFR,LONG,CONVICTION,75.1,BULL_BOUNCE_PENDING,15.22,13.94,15.98,,78,0.59,FAVORABLE,15.53,LIMIT,20,CONVICTION,2026-09-15,2026-09-15T04:30:25.425629
XMTR,LONG,CONVICTION,75.1,BULL_BOUNCE_PENDING,83.33,78.61,91.0,94.81,21,1.63,FAVORABLE,85.03,LIMIT,20,COMPRESSION,2026-09-15,2026-09-15T04:37:26.233731
SGMT,LONG,CONVICTION,75.0,BULL_BOUNCE_PENDING,11.11,10.34,11.67,,129,0.72,FAVORABLE,10.86,STOP,17,MINOR,2026-09-15,2026-09-15T04:24:52.703616
INIO,SHORT,CONVICTION,75.0,BEAR_REJECTION_PENDING,18.36,20.45,17.44,,47,0.44,FAVORABLE,18.0,LIMIT,20,CONVICTION,2026-09-15,2026-09-15T04:29:45.826745
CBRS,LONG,CONVICTION,75.0,BULL_BOUNCE,180.4,168.2,202.76,,8,1.83,FAVORABLE,180.4,LIMIT,20,CONVICTION,2026-09-15,2026-09-15T04:32:13.869222
SPCF,LONG,CONVICTION,75.0,BULL_BOUNCE_PENDING,16.02,13.71,16.82,,43,0.35,FAVORABLE,16.345,LIMIT,20,COMPRESSION,2026-09-15,2026-09-15T04:37:00.479073
SION,LONG,CONVICTION,75.0,BULL_BOUNCE,8.1,7.54,54.64,,178,82.91,FAVORABLE,8.1,LIMIT,1,MINOR,2026-09-15,2026-09-15T04:40:53.324685
VCX,LONG,CONVICTION,75.0,BULL_BOUNCE,32.65,30.23,36.88,,41,1.75,FAVORABLE,32.65,LIMIT,20,COMPRESSION,2026-09-15,2026-09-15T04:43:54.038124
EZPW,LONG,CONVICTION,75.0,BULL_BOUNCE,32.3,31.16,36.75,36.33,88,3.92,FAVORABLE,32.3,LIMIT,20,MINOR,2026-09-15,2026-09-15T04:49:48.915745
DAR,LONG,CONVICTION,75.0,BULL_BOUNCE_PENDING,64.75,63.94,67.56,67.74,123,3.45,FAVORABLE,65.2,LIMIT,20,MINOR,2026-09-15,2026-09-15T04:53:31.897610
GMED,LONG,CONVICTION,74.9,BULL_BOUNCE_PENDING,74.69,74.02,77.79,82.07,150,4.67,FAVORABLE,75.74,LIMIT,20,COMPRESSION,2026-09-15,2026-09-15T04:38:27.604478
IMAX,LONG,CONVICTION,74.9,BULL_BOUNCE_PENDING,53.81,51.44,56.5,,42,1.14,FAVORABLE,53.43,STOP,6,MINOR,2026-09-15,2026-09-15T04:38:32.790488
AIR,LONG,CONVICTION,74.8,BULL_BOUNCE_PENDING,118.01,116.63,122.5,131.16,72,3.26,FAVORABLE,120.08,LIMIT,20,CONVICTION,2026-09-15,2026-09-15T04:45:36.047431
TYL,SHORT,CONVICTION,74.8,BEAR_REJECTION_PENDING,365.22,369.56,347.74,327.37,23,4.02,FAVORABLE,359.54,LIMIT,20,CONVICTION,2026-09-15,2026-09-15T04:53:13.430032
QUBT,LONG,CONVICTION,74.7,BULL_BOUNCE_PENDING,7.77,7.23,8.62,,185,1.58,FAVORABLE,7.93,LIMIT,20,MINOR,2026-09-15,2026-09-15T04:26:27.695010
CECO,LONG,CONVICTION,74.7,BULL_BOUNCE_PENDING,69.58,59.77,73.06,,10,0.35,FAVORABLE,71.0,LIMIT,20,CONVICTION,2026-09-15,2026-09-15T04:39:52.070327
WK,SHORT,CONVICTION,74.7,BEAR_REJECTION_PENDING,74.96,76.93,68.57,63.0,50,3.24,FAVORABLE,73.49,LIMIT,20,CONVICTION,2026-09-15,2026-09-15T04:41:11.449739
CBOE,LONG,CONVICTION,74.7,BULL_BOUNCE_PENDING,282.64,279.64,294.48,290.99,33,3.94,FAVORABLE,284.5,LIMIT,20,CONVICTION,2026-09-15,2026-09-15T04:41:24.489781
OCUL,LONG,CONVICTION,74.6,BULL_BOUNCE_PENDING,10.51,9.99,11.5,11.75,193,1.93,FAVORABLE,10.72,LIMIT,20,MINOR,2026-09-15,2026-09-15T04:24:22.682557
CMCSA,LONG,CONVICTION,74.6,BULL_BOUNCE_PENDING,25.48,24.42,27.45,,94,1.87,FAVORABLE,24.91,STOP,20,COMPRESSION,2026-09-15,2026-09-15T04:27:01.915691
GBTC,LONG,CONVICTION,74.6,BULL_BOUNCE_PENDING,61.41,58.8,65.37,,38,1.52,FAVORABLE,59.4,STOP,20,CONVICTION,2026-09-15,2026-09-15T04:47:53.911349
EFOR,LONG,CONVICTION,74.5,BULL_BOUNCE_PENDING,33.0,31.7,34.65,,76,1.26,FAVORABLE,33.6774,LIMIT,6,MINOR,2026-09-15,2026-09-15T04:25:16.478192
CHKP,LONG,CONVICTION,74.5,BULL_BOUNCE_PENDING,135.25,133.31,144.93,144.93,51,4.99,FAVORABLE,138.01,LIMIT,20,COMPRESSION,2026-09-15,2026-09-15T04:53:30.359606
FLYE,LONG,CONVICTION,74.5,BULL_BOUNCE_CONFIRMED,1.85,1.63,1.94,,458,0.42,FAVORABLE,1.85,LIMIT,11,MINOR,2026-09-15,2026-09-15T04:54:09.437436
XNCR,LONG,CONVICTION,74.4,BULL_BOUNCE_PENDING,24.04,21.22,25.24,,35,0.43,FAVORABLE,24.53,LIMIT,20,COMPRESSION,2026-09-15,2026-09-15T04:24:44.277602
NOV,LONG,CONVICTION,74.4,BULL_BOUNCE_PENDING,20.13,18.6,21.14,,65,0.66,FAVORABLE,20.54,LIMIT,20,COMPRESSION,2026-09-15,2026-09-15T04:39:04.080077
DRAM,LONG,CONVICTION,74.4,BULL_BOUNCE_PENDING,54.12,50.74,59.5,63.04,29,1.59,FAVORABLE,55.2262,LIMIT,20,CONVICTION,2026-09-15,2026-09-15T04:43:06.986383
BTSG,LONG,CONVICTION,74.4,BULL_BOUNCE_CONFIRMED,59.99,56.42,62.99,,28,0.84,FAVORABLE,59.9858,LIMIT,20,COMPRESSION,2026-09-15,2026-09-15T04:44:15.318715
BWET,LONG,CONVICTION,74.3,BULL_BOUNCE_PENDING,805.36,764.56,845.63,,2,0.99,FAVORABLE,772.0,STOP,4,VACUUM,2026-09-15,2026-09-15T04:37:49.839879
SNPS,LONG,CONVICTION,74.3,BULL_BOUNCE_PENDING,376.96,371.34,393.89,393.89,17,3.02,FAVORABLE,380.22,LIMIT,20,CONVICTION,2026-09-15,2026-09-15T04:51:39.606263
SNDQ,LONG,CONVICTION,74.2,BULL_BOUNCE_PENDING,14.18,13.13,15.85,,95,1.6,FAVORABLE,14.47,LIMIT,18,COMPRESSION,2026-09-15,2026-09-15T04:36:48.356516
SPAX,LONG,CONVICTION,74.2,BULL_BOUNCE_PENDING,9.78,8.31,10.27,,68,0.33,FAVORABLE,9.98,LIMIT,20,COMPRESSION,2026-09-15,2026-09-15T04:36:58.817539
GNRC,LONG,CONVICTION,74.2,BULL_BOUNCE_PENDING,174.94,172.52,179.64,203.34,41,1.95,FAVORABLE,178.0,LIMIT,20,CONVICTION,2026-09-15,2026-09-15T04:40:25.506980
UGI,LONG,CONVICTION,74.2,BULL_BOUNCE_PENDING,36.52,35.02,39.95,,66,2.28,FAVORABLE,37.27,LIMIT,20,MINOR,2026-09-15,2026-09-15T04:41:07.678731
POET,LONG,CONVICTION,74.0,BULL_BOUNCE,7.43,6.98,8.2,,219,1.68,FAVORABLE,7.43,LIMIT,20,MINOR,2026-09-15,2026-09-15T04:27:53.640797
DVN,LONG,CONVICTION,74.0,BULL_BOUNCE,49.62,48.4,52.69,52.86,82,2.52,FAVORABLE,49.62,LIMIT,20,MINOR,2026-09-15,2026-09-15T04:29:02.183175
HPE,LONG,CONVICTION,74.0,BULL_BOUNCE,55.41,51.64,62.09,,26,1.77,FAVORABLE,55.41,LIMIT,20,COMPRESSION,2026-09-15,2026-09-15T04:29:38.542694
ERAS,LONG,CONVICTION,74.0,BULL_BOUNCE_PENDING,15.72,13.47,16.51,,44,0.35,FAVORABLE,16.04,LIMIT,20,COMPRESSION,2026-09-15,2026-09-15T04:30:25.834630
VG,LONG,CONVICTION,74.0,BULL_BOUNCE,15.39,14.7,17.3,,144,2.77,FAVORABLE,15.39,LIMIT,17,COMPRESSION,2026-09-15,2026-09-15T04:32:24.218240
EXE,LONG,CONVICTION,74.0,BULL_BOUNCE,93.97,91.59,102.72,99.55,42,3.68,FAVORABLE,93.97,LIMIT,20,CONVICTION,2026-09-15,2026-09-15T04:38:14.865455
BEPC,LONG,CONVICTION,74.0,BULL_BOUNCE,29.69,28.86,33.14,33.84,120,4.18,FAVORABLE,29.6852,LIMIT,20,COMPRESSION,2026-09-15,2026-09-15T04:40:03.935369
ARM,LONG,CONVICTION,74.0,BULL_BOUNCE,239.45,225.23,268.98,274.59,7,2.08,FAVORABLE,239.45,LIMIT,20,CONVICTION,2026-09-15,2026-09-15T04:42:54.115272
INOD,LONG,CONVICTION,74.0,BULL_BOUNCE,55.25,52.94,62.82,62.82,43,3.28,FAVORABLE,55.25,LIMIT,20,CONVICTION,2026-09-15,2026-09-15T04:44:36.004763
SITM,LONG,CONVICTION,74.0,BULL_BOUNCE,565.0,528.09,625.36,,2,1.64,FAVORABLE,565.0,LIMIT,20,CONVICTION,2026-09-15,2026-09-15T04:45:04.440366
STRL,LONG,CONVICTION,74.0,BULL_BOUNCE,472.2,446.59,530.74,534.0,3,2.29,FAVORABLE,472.2,LIMIT,20,CONVICTION,2026-09-15,2026-09-15T04:45:08.798373
GEV,LONG,CONVICTION,74.0,BULL_BOUNCE,872.64,833.12,977.0,1002.27,2,2.64,FAVORABLE,872.64,LIMIT,20,CONVICTION,2026-09-15,2026-09-15T04:52:01.056830
CYPH,LONG,CONVICTION,74.0,BULL_BOUNCE_PENDING,2.36,2.06,2.48,,331,0.39,FAVORABLE,2.4132,LIMIT,20,MINOR,2026-09-15,2026-09-15T04:52:46.197984
QLYS,SHORT,CONVICTION,74.0,BEAR_REJECTION_PENDING,175.27,178.21,147.95,147.95,34,9.3,FAVORABLE,172.91,LIMIT,20,CONVICTION,2026-09-15,2026-09-15T04:53:08.062023
EWY,LONG,CONVICTION,74.0,BULL_BOUNCE,176.85,171.15,195.96,189.7,17,3.35,FAVORABLE,176.85,LIMIT,20,CONVICTION,2026-09-15,2026-09-15T04:56:29.696391
FEIM,LONG,CONVICTION,74.0,BULL_BOUNCE,86.02,80.71,87.7,,18,0.32,FAVORABLE,86.02,LIMIT,12,MINOR,2026-09-15,2026-09-15T04:58:01.012034
PCOR,LONG,CONVICTION,73.9,BULL_BOUNCE_PENDING,56.25,54.1,59.5,61.75,46,1.51,FAVORABLE,57.4,LIMIT,20,CONVICTION,2026-09-15,2026-09-15T04:43:35.752077
CALM,LONG,CONVICTION,73.9,BULL_BOUNCE_PENDING,75.95,73.61,79.77,82.03,42,1.63,FAVORABLE,75.02,STOP,20,COMPRESSION,2026-09-15,2026-09-15T04:45:24.930406
ETHT,LONG,CONVICTION,73.9,BULL_BOUNCE_PENDING,17.96,16.26,18.86,,58,0.53,FAVORABLE,16.82,STOP,20,CONVICTION,2026-09-15,2026-09-15T04:47:40.822248
ARCT,LONG,CONVICTION,73.8,BULL_BOUNCE_PENDING,14.86,13.47,15.6,,71,0.53,FAVORABLE,15.16,LIMIT,20,MINOR,2026-09-15,2026-09-15T04:24:52.223615
AA,LONG,CONVICTION,73.8,BULL_BOUNCE_PENDING,45.65,44.62,47.25,49.08,96,1.55,FAVORABLE,46.58,LIMIT,20,CONVICTION,2026-09-15,2026-09-15T04:45:29.796418
OII,LONG,CONVICTION,73.8,BULL_BOUNCE_PENDING,45.7,44.77,50.41,50.41,108,5.12,FAVORABLE,46.56,LIMIT,20,COMPRESSION,2026-09-15,2026-09-15T04:45:50.859464
ELMT,LONG,CONVICTION,73.8,BULL_BOUNCE_PENDING,25.06,22.81,26.31,,44,0.56,FAVORABLE,21.27,STOP,20,COMPRESSION,2026-09-15,2026-09-15T04:58:23.336725
SN,SHORT,CONVICTION,73.8,BEAR_REJECTION_PENDING,172.67,175.28,151.16,153.19,38,8.23,FAVORABLE,169.8,LIMIT,20,CONVICTION,2026-09-15,2026-09-15T04:58:31.689759
BHF,LONG,CONVICTION,73.7,BULL_BOUNCE_PENDING,49.0,43.16,51.45,,17,0.42,FAVORABLE,50.0,LIMIT,20,COMPRESSION,2026-09-15,2026-09-15T04:52:53.238001
RL,LONG,CONVICTION,73.7,BULL_BOUNCE_PENDING,334.6,326.41,371.38,384.91,12,4.49,FAVORABLE,341.43,LIMIT,20,CONVICTION,2026-09-15,2026-09-15T04:56:39.153954
HTZ,LONG,CONVICTION,73.6,BULL_BOUNCE_PENDING,1.92,1.55,2.02,,271,0.26,FAVORABLE,1.96,LIMIT,20,COMPRESSION,2026-09-15,2026-09-15T04:28:32.915859
DOO,LONG,CONVICTION,73.6,BULL_BOUNCE_PENDING,59.49,55.02,66.95,,22,1.67,FAVORABLE,60.7,LIMIT,20,COMPRESSION,2026-09-15,2026-09-15T04:46:18.242069
GOOG,LONG,CONVICTION,73.5,BULL_BOUNCE_PENDING,337.28,333.77,358.79,355.28,28,6.13,FAVORABLE,341.79,LIMIT,20,CONVICTION,2026-09-15,2026-09-15T04:29:56.855469
GTM,LONG,CONVICTION,73.5,BULL_BOUNCE_PENDING,4.07,3.8,4.27,,377,0.77,FAVORABLE,4.15,LIMIT,12,MINOR,2026-09-15,2026-09-15T04:32:21.651237
IBP,SHORT,CONVICTION,73.5,BEAR_REJECTION_PENDING,200.0,204.01,179.5,190.5,24,5.11,FAVORABLE,199.67,LIMIT,20,CONVICTION,2026-09-15,2026-09-15T04:40:27.946989
KYMR,LONG,CONVICTION,73.5,BULL_BOUNCE_PENDING,110.98,108.38,124.99,124.99,38,5.39,FAVORABLE,113.25,LIMIT,20,MINOR,2026-09-15,2026-09-15T04:42:07.059520
TDC,SHORT,CONVICTION,73.5,BEAR_REJECTION_PENDING,29.67,31.31,26.86,24.9,61,1.72,FAVORABLE,29.09,LIMIT,5,CONVICTION,2026-09-15,2026-09-15T04:46:44.922184
GFS,LONG,CONVICTION,73.4,BULL_BOUNCE_PENDING,42.92,41.59,47.02,47.02,75,3.07,FAVORABLE,43.8,LIMIT,20,CONVICTION,2026-09-15,2026-09-15T04:35:54.905590
ACHC,LONG,CONVICTION,73.4,BULL_BOUNCE_PENDING,29.43,27.27,30.9,,46,0.68,FAVORABLE,28.14,STOP,20,MINOR,2026-09-15,2026-09-15T04:51:15.516141
HUM,LONG,CONVICTION,73.3,BULL_BOUNCE,408.0,394.39,429.06,,7,1.55,FAVORABLE,408.0,LIMIT,17,VACUUM,2026-09-15,2026-09-15T04:36:10.394749
TTWO,LONG,CONVICTION,73.3,BULL_BOUNCE_PENDING,217.05,214.39,233.56,245.01,37,6.21,FAVORABLE,221.48,LIMIT,20,CONVICTION,2026-09-15,2026-09-15T04:37:16.492650
MSGS,LONG,CONVICTION,73.3,BULL_BOUNCE,391.41,382.96,410.47,410.84,11,2.26,FAVORABLE,391.41,LIMIT,20,VACUUM,2026-09-15,2026-09-15T04:42:17.200550
QRVO,LONG,CONVICTION,73.3,BULL_BOUNCE_PENDING,115.2,108.79,120.96,,15,0.9,FAVORABLE,108.1,STOP,20,MINOR,2026-09-15,2026-09-15T04:55:12.442174
URBN,SHORT,CONVICTION,73.2,BEAR_REJECTION_PENDING,77.43,78.97,74.22,71.53,64,2.08,FAVORABLE,77.01,LIMIT,20,CONVICTION,2026-09-15,2026-09-15T04:52:28.459422
FLY,LONG,CONVICTION,73.1,BULL_BOUNCE_PENDING,20.85,20.1,23.64,23.64,132,3.68,FAVORABLE,21.28,LIMIT,20,COMPRESSION,2026-09-15,2026-09-15T04:34:48.101782
NBIZ,LONG,CONVICTION,73.1,BULL_BOUNCE_PENDING,7.11,5.97,7.47,,87,0.31,FAVORABLE,6.8,STOP,14,COMPRESSION,2026-09-15,2026-09-15T04:36:28.518480
METU,LONG,CONVICTION,73.1,BULL_BOUNCE_PENDING,26.72,24.96,28.06,,56,0.76,FAVORABLE,25.96,STOP,20,CONVICTION,2026-09-15,2026-09-15T04:43:21.580954
ECG,LONG,CONVICTION,73.1,BULL_BOUNCE_PENDING,109.01,96.99,114.46,,8,0.45,FAVORABLE,111.23,LIMIT,20,CONVICTION,2026-09-15,2026-09-15T04:44:27.941745
COCO,LONG,CONVICTION,73.1,BULL_BOUNCE_PENDING,54.05,53.3,61.7,58.61,132,10.13,FAVORABLE,55.03,LIMIT,20,COMPRESSION,2026-09-15,2026-09-15T04:47:23.865904
BKNG,SHORT,CONVICTION,73.0,BEAR_REJECTION_PENDING,178.41,194.26,169.49,,6,0.56,FAVORABLE,174.91,LIMIT,20,CONVICTION,2026-09-15,2026-09-15T04:30:54.645857
QCOM,LONG,CONVICTION,73.0,BULL_BOUNCE_PENDING,174.88,169.13,189.16,201.7,17,2.48,FAVORABLE,178.45,LIMIT,20,COMPRESSION,2026-09-15,2026-09-15T04:31:00.060863
CVLT,LONG,CONVICTION,73.0,BULL_BOUNCE_PENDING,136.71,132.7,144.32,152.63,24,1.9,FAVORABLE,139.5,LIMIT,20,VACUUM,2026-09-15,2026-09-15T04:38:06.110910
BAM,LONG,CONVICTION,73.0,BULL_BOUNCE_PENDING,47.52,45.69,51.2,52.16,54,2.01,FAVORABLE,47.8,STOP,20,COMPRESSION,2026-09-15,2026-09-15T04:39:59.551351
EIX,SHORT,CONVICTION,73.0,BEAR_REJECTION_PENDING,56.77,70.52,53.93,,7,0.21,FAVORABLE,56.24,LIMIT,20,CONVICTION,2026-09-15,2026-09-15T04:40:13.832403
DRI,SHORT,CONVICTION,73.0,BEAR_REJECTION_PENDING,222.94,226.69,205.93,200.03,26,4.54,FAVORABLE,218.57,LIMIT,14,CONVICTION,2026-09-15,2026-09-15T04:41:40.918829
VEEV,LONG,CONVICTION,73.0,BULL_BOUNCE_PENDING,267.69,250.24,296.0,,5,1.62,FAVORABLE,262.39,STOP,20,CONVICTION,2026-09-15,2026-09-15T04:42:47.018708
SBLK,LONG,CONVICTION,73.0,BULL_BOUNCE_PENDING,30.34,29.28,32.2,,94,1.76,FAVORABLE,30.96,LIMIT,20,CONVICTION,2026-09-15,2026-09-15T04:45:55.626475
NTR,SHORT,CONVICTION,73.0,BEAR_REJECTION_PENDING,80.68,83.26,68.41,74.74,38,4.75,FAVORABLE,79.43,LIMIT,20,CONVICTION,2026-09-15,2026-09-15T04:49:09.890073
AAON,LONG,CONVICTION,73.0,BULL_BOUNCE_PENDING,73.65,71.3,78.22,84.93,42,1.95,FAVORABLE,75.15,LIMIT,20,CONVICTION,2026-09-15,2026-09-15T04:51:54.536816
FMC,SHORT,CONVICTION,73.0,CHANNEL_GAP_BREAKDOWN_SHORT,11.08,11.12,10.29,10.27,2252,17.79,FAVORABLE,11.08,LIMIT,20,COMPRESSION,2026-09-15,2026-09-15T04:54:54.440117
UNM,LONG,CONVICTION,73.0,BULL_BOUNCE_PENDING,95.43,92.6,100.2,,35,1.69,FAVORABLE,94.92,STOP,12,MINOR,2026-09-15,2026-09-15T04:56:11.488357
BFH,LONG,CONVICTION,73.0,BULL_BOUNCE_PENDING,109.56,105.84,115.04,,26,1.47,FAVORABLE,109.23,STOP,8,VACUUM,2026-09-15,2026-09-15T04:56:27.871387
FTFT,LONG,CONVICTION,73.0,BULL_BOUNCE_PENDING,6.21,5.9,7.08,7.08,327,2.86,FAVORABLE,6.252,LIMIT,5,COMPRESSION,2026-09-15,2026-09-15T04:57:29.835912
MRK,LONG,CONVICTION,72.9,BULL_BOUNCE_PENDING,140.35,134.38,149.54,156.18,16,1.54,FAVORABLE,143.21,LIMIT,20,CONVICTION,2026-09-15,2026-09-15T04:33:26.482489
CRM,LONG,CONVICTION,72.9,BULL_BOUNCE_PENDING,260.44,246.31,284.41,,7,1.7,FAVORABLE,255.0,STOP,20,CONVICTION,2026-09-15,2026-09-15T04:33:29.428496
CDW,SHORT,CONVICTION,72.9,BEAR_REJECTION_PENDING,153.0,155.6,144.81,139.69,38,3.14,FAVORABLE,151.7,LIMIT,7,CONVICTION,2026-09-15,2026-09-15T04:42:59.461821
XPO,LONG,CONVICTION,72.9,BULL_BOUNCE_PENDING,178.26,176.12,188.21,186.4,46,4.63,FAVORABLE,180.49,LIMIT,20,CONVICTION,2026-09-15,2026-09-15T04:56:50.943007
PYPL,SHORT,CONVICTION,72.8,BEAR_REJECTION_PENDING,53.73,61.78,51.05,,12,0.33,FAVORABLE,53.645,LIMIT,20,CONVICTION,2026-09-15,2026-09-15T04:29:41.262376
RCEL,SHORT,CONVICTION,72.8,BEAR_REJECTION_PENDING,10.27,13.79,9.76,,28,0.15,FAVORABLE,10.19,LIMIT,20,CONVICTION,2026-09-15,2026-09-15T04:36:41.579504
SKUU,SHORT,CONVICTION,72.8,BEAR_REJECTION_PENDING,26.07,29.4,24.77,,30,0.39,FAVORABLE,25.87,LIMIT,20,CONVICTION,2026-09-15,2026-09-15T04:40:53.544684
FNV,SHORT,CONVICTION,72.8,BEAR_REJECTION_PENDING,263.26,279.31,226.55,225.0,6,2.29,FAVORABLE,263.14,LIMIT,14,CONVICTION,2026-09-15,2026-09-15T04:48:51.567615
UCTT,SHORT,CONVICTION,72.8,BEAR_REJECTION_PENDING,67.72,74.41,64.33,,14,0.51,FAVORABLE,66.39,LIMIT,20,CONVICTION,2026-09-15,2026-09-15T04:50:12.577344
BLTE,LONG,CONVICTION,72.8,BULL_BOUNCE_PENDING,171.93,169.27,180.27,191.09,37,3.14,FAVORABLE,173.0,LIMIT,20,CONVICTION,2026-09-15,2026-09-15T04:56:28.896392
VIRT,LONG,CONVICTION,72.7,BULL_BOUNCE_PENDING,57.91,54.65,63.88,66.19,30,1.83,FAVORABLE,59.09,LIMIT,20,COMPRESSION,2026-09-15,2026-09-15T04:25:06.143174
FNB,LONG,CONVICTION,72.7,BULL_BOUNCE,18.19,17.87,18.96,19.28,317,2.44,FAVORABLE,18.19,LIMIT,20,MINOR,2026-09-15,2026-09-15T04:31:12.224750
HIMS,LONG,CONVICTION,72.7,BULL_BOUNCE_PENDING,28.02,26.75,30.44,31.36,78,1.91,FAVORABLE,28.59,LIMIT,20,MINOR,2026-09-15,2026-09-15T04:32:19.173238
BIAF,LONG,CONVICTION,72.7,BULL_BOUNCE_PENDING,8.24,6.52,8.65,,58,0.24,FAVORABLE,7.49,STOP,20,COMPRESSION,2026-09-15,2026-09-15T04:34:58.702332
PGNY,SHORT,CONVICTION,72.7,BEAR_REJECTION_PENDING,28.1,30.36,24.46,,44,1.61,FAVORABLE,27.9515,LIMIT,12,CONVICTION,2026-09-15,2026-09-15T04:36:38.862499
WPM,SHORT,CONVICTION,72.7,BEAR_REJECTION_PENDING,149.67,154.89,135.36,133.26,19,2.74,FAVORABLE,148.67,LIMIT,20,CONVICTION,2026-09-15,2026-09-15T04:48:36.142285
VRSN,LONG,CONVICTION,72.7,BULL_BOUNCE_PENDING,296.04,291.25,305.3,306.86,20,1.93,FAVORABLE,299.6,LIMIT,14,CONVICTION,2026-09-15,2026-09-15T04:50:59.429034
SBIT,SHORT,CONVICTION,72.7,BEAR_REJECTION_PENDING,37.68,42.91,35.79,,19,0.36,FAVORABLE,36.94,LIMIT,11,CONVICTION,2026-09-15,2026-09-15T04:53:48.685328
DKS,SHORT,CONVICTION,72.6,BEAR_REJECTION_PENDING,131.87,135.71,125.28,,26,1.72,FAVORABLE,130.78,LIMIT,20,CONVICTION,2026-09-15,2026-09-15T04:35:39.990019
BWIN,LONG,CONVICTION,72.6,BULL_BOUNCE_PENDING,31.77,31.41,33.63,32.7,275,5.1,FAVORABLE,32.34,LIMIT,4,CONVICTION,2026-09-15,2026-09-15T04:41:24.452778
BWXT,LONG,CONVICTION,72.6,BULL_BOUNCE_PENDING,145.84,141.65,154.5,168.11,23,2.07,FAVORABLE,148.82,LIMIT,20,CONVICTION,2026-09-15,2026-09-15T04:54:14.470977
ZCSH,SHORT,CONVICTION,72.6,BEAR_REJECTION_PENDING,93.99,100.72,79.96,,14,2.08,FAVORABLE,93.55,LIMIT,9,CONVICTION,2026-09-15,2026-09-15T04:56:12.692361
EWTX,LONG,CONVICTION,72.5,BULL_BOUNCE_PENDING,45.75,42.93,48.04,,35,0.81,FAVORABLE,44.65,STOP,20,MINOR,2026-09-15,2026-09-15T04:34:28.171206
FORM,LONG,CONVICTION,72.5,BULL_BOUNCE_PENDING,99.03,96.27,104.24,109.94,36,1.89,FAVORABLE,101.05,LIMIT,20,CONVICTION,2026-09-15,2026-09-15T04:40:19.038959
MOH,SHORT,CONVICTION,72.5,BEAR_REJECTION_PENDING,217.99,222.85,206.0,206.0,20,2.47,FAVORABLE,214.07,LIMIT,8,CONVICTION,2026-09-15,2026-09-15T04:42:13.556539
FFIV,LONG,CONVICTION,72.5,BULL_BOUNCE_PENDING,406.0,401.97,421.48,421.48,24,3.85,FAVORABLE,411.49,LIMIT,16,VACUUM,2026-09-15,2026-09-15T04:52:00.879829
INTC,LONG,CONVICTION,72.4,BULL_BOUNCE_PENDING,95.32,90.79,105.98,109.84,22,2.35,FAVORABLE,97.27,LIMIT,20,CONVICTION,2026-09-15,2026-09-15T04:24:01.801514
AESI,LONG,CONVICTION,72.4,BULL_BOUNCE_CONFIRMED,13.14,12.54,14.58,14.88,165,2.39,FAVORABLE,13.14,LIMIT,20,COMPRESSION,2026-09-15,2026-09-15T04:24:14.357543
COHU,SHORT,CONVICTION,72.4,BEAR_REJECTION_PENDING,51.92,56.37,43.51,,22,1.89,FAVORABLE,50.9,LIMIT,20,CONVICTION,2026-09-15,2026-09-15T04:24:49.135609
STX,SHORT,CONVICTION,72.4,BEAR_REJECTION_PENDING,805.55,834.32,728.42,720.81,3,2.68,FAVORABLE,804.49,LIMIT,20,CONVICTION,2026-09-15,2026-09-15T04:25:53.680413
F,LONG,CONVICTION,72.4,BULL_BOUNCE_PENDING,13.58,11.63,14.26,,51,0.35,FAVORABLE,13.86,LIMIT,20,MINOR,2026-09-15,2026-09-15T04:30:11.003592
AUR,LONG,CONVICTION,72.4,BULL_BOUNCE_PENDING,6.27,5.8,7.24,,211,2.05,FAVORABLE,6.4,LIMIT,13,COMPRESSION,2026-09-15,2026-09-15T04:31:12.709760
ANET,SHORT,CONVICTION,72.4,BEAR_REJECTION_PENDING,189.82,197.8,177.6,164.5,12,1.53,FAVORABLE,187.77,LIMIT,20,CONVICTION,2026-09-15,2026-09-15T04:32:40.075814
MUZ,LONG,CONVICTION,72.4,BULL_BOUNCE_PENDING,9.8,8.58,10.29,,81,0.4,FAVORABLE,9.39,STOP,20,CONVICTION,2026-09-15,2026-09-15T04:36:25.407936
TTMI,LONG,CONVICTION,72.4,BULL_BOUNCE_PENDING,110.96,106.58,117.61,122.7,22,1.52,FAVORABLE,113.22,LIMIT,20,CONVICTION,2026-09-15,2026-09-15T04:52:25.232872
CLYM,LONG,CONVICTION,72.3,BULL_BOUNCE_PENDING,14.26,13.78,15.44,15.61,209,2.47,FAVORABLE,14.55,LIMIT,20,MINOR,2026-09-15,2026-09-15T04:24:39.335598
TNDM,LONG,CONVICTION,72.3,BULL_BOUNCE_PENDING,16.51,15.14,18.77,,72,1.65,FAVORABLE,16.8497,LIMIT,20,COMPRESSION,2026-09-15,2026-09-15T04:37:11.901638
AMLX,LONG,CONVICTION,72.3,BULL_BOUNCE_PENDING,33.02,31.19,36.98,38.29,54,2.17,FAVORABLE,33.69,LIMIT,16,MINOR,2026-09-15,2026-09-15T04:46:10.259042
ASND,LONG,CONVICTION,72.3,BULL_BOUNCE_PENDING,264.22,261.88,273.2,277.0,42,3.84,FAVORABLE,265.05,LIMIT,20,MINOR,2026-09-15,2026-09-15T04:54:00.433893
DDOG,LONG,CONVICTION,72.2,BULL_BOUNCE_PENDING,223.12,219.51,233.97,232.88,27,3.01,FAVORABLE,227.59,LIMIT,20,COMPRESSION,2026-09-15,2026-09-15T04:38:06.476908
MPWR,LONG,CONVICTION,72.2,BULL_BOUNCE_PENDING,1187.07,1124.29,1298.38,,1,1.77,FAVORABLE,1139.0,STOP,20,CONVICTION,2026-09-15,2026-09-15T04:44:48.265791
CRCA,SHORT,CONVICTION,72.1,BEAR_REJECTION_PENDING,23.35,24.57,20.07,20.09,81,2.68,FAVORABLE,23.01,LIMIT,20,COMPRESSION,2026-09-15,2026-09-15T04:55:37.751219
XRX,LONG,CONVICTION,72.0,BULL_BOUNCE,3.29,3.1,3.43,,527,0.73,FAVORABLE,3.2908,LIMIT,14,COMPRESSION,2026-09-15,2026-09-15T04:24:38.347589
SMCI,SHORT,CONVICTION,72.0,BEAR_REJECTION_PENDING,37.39,39.86,32.0,31.71,40,2.18,FAVORABLE,36.66,LIMIT,20,CONVICTION,2026-09-15,2026-09-15T04:25:39.858847
MS,SHORT,CONVICTION,72.0,BEAR_REJECTION_PENDING,211.25,215.45,202.85,192.62,23,2.0,FAVORABLE,207.1055,LIMIT,20,CONVICTION,2026-09-15,2026-09-15T04:28:38.674403
CDNA,LONG,CONVICTION,72.0,BULL_BOUNCE_PENDING,52.72,49.52,55.36,,31,0.82,FAVORABLE,52.69,STOP,0,NONE,2026-09-15,2026-09-15T04:49:42.513732
TIGO,LONG,CONVICTION,72.0,BULL_BOUNCE_PENDING,93.52,92.14,96.01,103.4,72,1.8,FAVORABLE,95.43,LIMIT,20,MINOR,2026-09-15,2026-09-15T04:57:54.935013
PI,LONG,CONVICTION,71.9,BULL_BOUNCE_PENDING,172.18,169.18,192.28,181.9,33,6.71,FAVORABLE,173.09,LIMIT,20,CONVICTION,2026-09-15,2026-09-15T04:25:22.311277
CRWV,LONG,CONVICTION,71.9,BULL_BOUNCE_PENDING,80.57,67.95,84.59,,7,0.32,FAVORABLE,82.21,LIMIT,20,CONVICTION,2026-09-15,2026-09-15T04:29:08.725735
NVDU,LONG,CONVICTION,71.9,BULL_BOUNCE_PENDING,125.94,123.08,137.68,143.21,34,4.1,FAVORABLE,126.94,LIMIT,20,CONVICTION,2026-09-15,2026-09-15T04:42:18.271556
NRGV,LONG,CONVICTION,71.8,BULL_BOUNCE_PENDING,3.99,3.82,4.43,4.38,601,2.66,FAVORABLE,4.07,LIMIT,20,COMPRESSION,2026-09-15,2026-09-15T04:24:12.185534
YUM,SHORT,CONVICTION,71.8,BEAR_REJECTION_PENDING,147.68,150.26,128.85,138.73,38,7.31,FAVORABLE,145.5,LIMIT,20,COMPRESSION,2026-09-15,2026-09-15T04:42:48.603255
CYTK,SHORT,CONVICTION,71.8,BEAR_REJECTION_PENDING,73.88,78.29,63.01,,22,2.47,FAVORABLE,73.0,LIMIT,20,CONVICTION,2026-09-15,2026-09-15T04:57:02.309131
NG,LONG,CONVICTION,71.7,BULL_BOUNCE_PENDING,7.03,6.77,8.0,7.73,387,3.77,FAVORABLE,7.17,LIMIT,20,COMPRESSION,2026-09-15,2026-09-15T04:48:16.245972
SM,LONG,CONVICTION,71.6,BULL_BOUNCE_PENDING,40.0,37.99,44.02,,49,2.0,FAVORABLE,39.1676,STOP,10,COMPRESSION,2026-09-15,2026-09-15T04:39:21.576109
PLNT,LONG,CONVICTION,71.6,BULL_BOUNCE_PENDING,51.44,49.73,55.5,59.98,58,2.37,FAVORABLE,52.49,LIMIT,14,COMPRESSION,2026-09-15,2026-09-15T04:46:29.334082
TFX,LONG,CONVICTION,71.6,BULL_BOUNCE_PENDING,134.4,127.83,141.12,,15,1.02,FAVORABLE,130.3,STOP,20,CONVICTION,2026-09-15,2026-09-15T04:50:08.803337
NU,LONG,CONVICTION,71.5,BULL_BOUNCE_PENDING,14.11,12.58,16.51,,65,1.56,FAVORABLE,14.4,LIMIT,20,COMPRESSION,2026-09-15,2026-09-15T04:27:37.046758
NVTS,LONG,CONVICTION,71.5,BULL_BOUNCE_PENDING,10.63,9.81,11.95,,121,1.6,FAVORABLE,10.85,LIMIT,20,COMPRESSION,2026-09-15,2026-09-15T04:32:11.984223
CHYM,LONG,CONVICTION,71.5,BULL_BOUNCE_PENDING,34.61,32.84,36.34,,56,0.97,FAVORABLE,33.75,STOP,20,MINOR,2026-09-15,2026-09-15T04:37:55.863889
HNGE,LONG,CONVICTION,71.4,BULL_BOUNCE_PENDING,92.9,87.07,97.55,,17,0.8,FAVORABLE,94.8,LIMIT,20,MINOR,2026-09-15,2026-09-15T04:36:06.415741
WING,LONG,CONVICTION,71.4,BULL_BOUNCE_PENDING,112.42,109.97,120.7,125.69,40,3.38,FAVORABLE,114.71,LIMIT,20,MINOR,2026-09-15,2026-09-15T04:45:14.641385
SGHC,LONG,CONVICTION,71.4,BULL_BOUNCE_PENDING,13.61,13.14,15.55,14.88,211,4.1,FAVORABLE,13.89,LIMIT,7,COMPRESSION,2026-09-15,2026-09-15T04:50:54.583026
DOCN,SHORT,CONVICTION,71.3,BEAR_REJECTION_PENDING,120.21,123.56,113.93,110.88,29,1.87,FAVORABLE,120.17,LIMIT,20,CONVICTION,2026-09-15,2026-09-15T04:38:12.535944
FTAI,LONG,CONVICTION,71.3,BULL_BOUNCE_PENDING,173.81,171.25,180.0,180.0,38,2.41,FAVORABLE,175.21,LIMIT,20,CONVICTION,2026-09-15,2026-09-15T04:40:21.404965
CRS,LONG,CONVICTION,71.3,BULL_BOUNCE_PENDING,411.97,404.34,431.33,470.17,13,2.54,FAVORABLE,420.38,LIMIT,20,CONVICTION,2026-09-15,2026-09-15T04:44:24.201737
SYRE,LONG,CONVICTION,71.3,BULL_BOUNCE_PENDING,89.35,87.84,93.61,94.16,66,2.81,FAVORABLE,90.8,LIMIT,16,CONVICTION,2026-09-15,2026-09-15T04:46:41.920178
AAOZ,LONG,CONVICTION,71.2,BULL_BOUNCE_PENDING,15.59,13.37,16.37,,45,0.35,FAVORABLE,15.91,LIMIT,4,MINOR,2026-09-15,2026-09-15T04:35:01.717346
STEP,LONG,CONVICTION,71.2,BULL_BOUNCE_PENDING,50.38,49.18,56.2,54.78,82,4.82,FAVORABLE,51.41,LIMIT,4,MINOR,2026-09-15,2026-09-15T04:41:00.111704
XYZ,LONG,CONVICTION,71.1,BULL_BOUNCE_PENDING,76.9,71.86,90.2,,19,2.64,FAVORABLE,78.47,LIMIT,20,COMPRESSION,2026-09-15,2026-09-15T04:44:03.504150
CDTG,LONG,CONVICTION,71.1,BULL_BOUNCE_PENDING,1.24,1.02,1.31,,438,0.27,FAVORABLE,1.2703,LIMIT,20,COMPRESSION,2026-09-15,2026-09-15T04:46:11.538045
DNLI,SHORT,CONVICTION,71.0,BEAR_REJECTION_PENDING,21.64,22.39,18.86,18.86,133,3.73,FAVORABLE,21.22,LIMIT,20,COMPRESSION,2026-09-15,2026-09-15T04:26:53.829596
ET,LONG,CONVICTION,71.0,BULL_BOUNCE,21.5,21.2,22.57,,333,3.59,FAVORABLE,21.5,LIMIT,16,COMPRESSION,2026-09-15,2026-09-15T04:27:50.181782
FRSH,LONG,CONVICTION,71.0,BULL_BOUNCE_PENDING,12.72,11.99,14.29,,137,2.15,FAVORABLE,12.64,STOP,20,COMPRESSION,2026-09-15,2026-09-15T04:30:31.412679
CLMT,LONG,CONVICTION,71.0,BULL_BOUNCE_PENDING,58.12,54.58,61.03,,28,0.82,FAVORABLE,55.77,STOP,15,MINOR,2026-09-15,2026-09-15T04:37:57.073891
VSEC,LONG,CONVICTION,71.0,BULL_BOUNCE,187.61,178.58,213.56,213.56,11,2.87,FAVORABLE,187.61,LIMIT,20,CONVICTION,2026-09-15,2026-09-15T04:41:09.120732
SNDK,LONG,CONVICTION,71.0,BULL_BOUNCE,1553.0,1455.27,1725.43,,1,1.76,FAVORABLE,1553.0,LIMIT,20,VACUUM,2026-09-15,2026-09-15T04:43:47.764109
VLO,LONG,CONVICTION,71.0,BULL_BOUNCE_PENDING,400.16,382.19,420.17,,5,1.11,FAVORABLE,385.1,STOP,7,MINOR,2026-09-15,2026-09-15T04:43:54.615127
FUL,SHORT,CONVICTION,71.0,BEAR_REJECTION_PENDING,51.0,51.86,49.29,,116,1.99,FAVORABLE,50.97,LIMIT,20,COMPRESSION,2026-09-15,2026-09-15T04:44:32.139753
FCFS,LONG,CONVICTION,71.0,BULL_BOUNCE,221.79,214.13,235.01,,13,1.73,FAVORABLE,221.79,LIMIT,20,VACUUM,2026-09-15,2026-09-15T04:49:49.892747
RLAY,LONG,CONVICTION,71.0,BULL_BOUNCE,19.16,18.36,20.4,,123,1.53,FAVORABLE,19.1646,LIMIT,17,MINOR,2026-09-15,2026-09-15T04:50:53.503024
MLI,LONG,CONVICTION,71.0,BULL_BOUNCE_PENDING,60.56,57.59,65.71,68.06,33,1.73,FAVORABLE,59.51,STOP,20,COMPRESSION,2026-09-15,2026-09-15T04:52:08.910847
OKE,SHORT,CONVICTION,71.0,BEAR_REJECTION_PENDING,98.91,105.05,87.32,84.7,16,1.89,FAVORABLE,96.97,LIMIT,12,CONVICTION,2026-09-15,2026-09-15T04:52:14.714856
SANM,LONG,CONVICTION,71.0,BULL_BOUNCE_PENDING,194.43,191.4,206.5,208.67,33,3.99,FAVORABLE,196.04,LIMIT,20,COMPRESSION,2026-09-15,2026-09-15T04:52:19.342861
VIST,LONG,CONVICTION,71.0,BULL_BOUNCE,77.0,73.82,80.85,,31,1.21,FAVORABLE,77.0,LIMIT,16,MINOR,2026-09-15,2026-09-15T04:55:27.440200
BBCP,LONG,CONVICTION,71.0,BULL_BOUNCE_PENDING,10.08,8.47,10.59,,61,0.31,FAVORABLE,10.29,LIMIT,20,MINOR,2026-09-15,2026-09-15T04:56:20.206373
GPRK,LONG,CONVICTION,71.0,BULL_BOUNCE,11.47,10.85,12.64,,160,1.88,FAVORABLE,11.47,LIMIT,20,COMPRESSION,2026-09-15,2026-09-15T04:57:10.195239
CMRC,LONG,CONVICTION,71.0,BULL_BOUNCE,3.7,3.46,4.23,,415,2.2,FAVORABLE,3.7,LIMIT,4,COMPRESSION,2026-09-15,2026-09-15T04:57:37.331942
APPN,LONG,CONVICTION,70.9,BULL_BOUNCE_PENDING,37.52,35.91,40.08,41.83,61,1.58,FAVORABLE,38.29,LIMIT,20,COMPRESSION,2026-09-15,2026-09-15T04:25:04.084169
AVAV,LONG,CONVICTION,70.9,BULL_BOUNCE_PENDING,156.3,144.24,164.12,,8,0.65,FAVORABLE,151.2,STOP,20,COMPRESSION,2026-09-15,2026-09-15T04:35:15.466893
MIRM,LONG,CONVICTION,70.9,BULL_BOUNCE_PENDING,94.81,93.59,105.29,99.35,81,8.58,FAVORABLE,96.75,LIMIT,20,COMPRESSION,2026-09-15,2026-09-15T04:36:23.417937
YPF,LONG,CONVICTION,70.9,BULL_BOUNCE_PENDING,55.8,55.24,57.32,,176,2.67,FAVORABLE,56.55,LIMIT,7,MINOR,2026-09-15,2026-09-15T04:46:04.206033
GDX,LONG,CONVICTION,70.9,BULL_BOUNCE_PENDING,91.55,89.38,98.89,96.53,46,3.38,FAVORABLE,93.42,LIMIT,20,CONVICTION,2026-09-15,2026-09-15T04:48:55.152966
BSX,LONG,CONVICTION,70.8,BULL_BOUNCE_PENDING,45.2,42.97,50.29,50.29,44,2.29,FAVORABLE,45.11,STOP,20,COMPRESSION,2026-09-15,2026-09-15T04:33:37.360043
CAST,LONG,CONVICTION,70.8,BULL_BOUNCE_PENDING,1.44,1.22,1.51,,462,0.33,FAVORABLE,1.3416,STOP,20,MINOR,2026-09-15,2026-09-15T04:34:00.208618
CRGY,LONG,CONVICTION,70.8,BULL_BOUNCE_PENDING,15.06,14.37,16.55,,144,2.15,FAVORABLE,14.76,STOP,7,COMPRESSION,2026-09-15,2026-09-15T04:35:30.941002
KRMN,SHORT,CONVICTION,70.8,BEAR_REJECTION_PENDING,34.74,35.51,31.65,31.65,130,4.02,FAVORABLE,34.63,LIMIT,20,COMPRESSION,2026-09-15,2026-09-15T04:36:15.942378
IQV,LONG,CONVICTION,70.8,BULL_BOUNCE_PENDING,268.22,261.07,281.63,,13,1.88,FAVORABLE,265.67,STOP,11,MINOR,2026-09-15,2026-09-15T04:49:01.888804
EXK,LONG,CONVICTION,70.7,BULL_BOUNCE_PENDING,9.48,8.82,10.65,11.08,151,1.78,FAVORABLE,9.67,LIMIT,20,COMPRESSION,2026-09-15,2026-09-15T04:26:13.674983
PMI,LONG,CONVICTION,70.7,BULL_BOUNCE_PENDING,5.92,5.16,6.22,,131,0.39,FAVORABLE,6.04,LIMIT,20,MINOR,2026-09-15,2026-09-15T04:26:22.540000
VST,LONG,CONVICTION,70.6,BULL_BOUNCE_PENDING,137.77,128.98,153.92,159.41,11,1.84,FAVORABLE,140.58,LIMIT,20,CONVICTION,2026-09-15,2026-09-15T04:29:02.972240
DIS,LONG,CONVICTION,70.6,BULL_BOUNCE_PENDING,106.82,106.02,123.21,108.78,124,20.42,FAVORABLE,107.75,LIMIT,20,COMPRESSION,2026-09-15,2026-09-15T04:29:16.781410
VSNT,LONG,CONVICTION,70.6,BULL_BOUNCE_PENDING,36.87,36.32,38.38,38.38,180,2.73,FAVORABLE,37.565,LIMIT,20,COMPRESSION,2026-09-15,2026-09-15T04:55:28.555203
VZ,LONG,CONVICTION,70.5,BULL_BOUNCE_PENDING,50.77,50.36,53.31,,239,6.07,FAVORABLE,51.12,LIMIT,12,MINOR,2026-09-15,2026-09-15T04:28:19.797838
PTGX,LONG,CONVICTION,70.5,BULL_BOUNCE_PENDING,146.17,144.43,150.35,150.35,57,2.41,FAVORABLE,148.95,LIMIT,20,VACUUM,2026-09-15,2026-09-15T04:45:01.114360
URA,LONG,CONVICTION,70.5,BULL_BOUNCE_PENDING,41.23,40.61,42.24,45.59,158,1.61,FAVORABLE,42.05,LIMIT,20,CONVICTION,2026-09-15,2026-09-15T04:50:14.518348
BULL,LONG,CONVICTION,70.4,BULL_BOUNCE_PENDING,8.71,7.46,9.15,,79,0.35,FAVORABLE,8.89,LIMIT,20,COMPRESSION,2026-09-15,2026-09-15T04:27:44.601774
AI,LONG,CONVICTION,70.4,BULL_BOUNCE_PENDING,11.39,10.59,12.76,,124,1.71,FAVORABLE,11.16,STOP,5,COMPRESSION,2026-09-15,2026-09-15T04:30:50.607524
G,LONG,CONVICTION,70.4,BULL_BOUNCE_PENDING,36.96,35.3,42.04,41.36,60,3.06,FAVORABLE,36.87,STOP,20,CONVICTION,2026-09-15,2026-09-15T04:47:50.422983
NTAP,LONG,CONVICTION,70.3,BULL_BOUNCE_PENDING,185.09,182.34,193.2,197.5,36,2.95,FAVORABLE,188.05,LIMIT,20,MINOR,2026-09-15,2026-09-15T04:52:13.164858
DPRO,LONG,CONVICTION,70.3,BULL_BOUNCE,5.5,5.08,6.15,,237,1.55,FAVORABLE,5.5,LIMIT,20,COMPRESSION,2026-09-15,2026-09-15T04:53:59.291345
EMBC,LONG,CONVICTION,70.2,BULL_BOUNCE_PENDING,5.13,4.91,5.71,5.71,455,2.66,FAVORABLE,5.23,LIMIT,20,MINOR,2026-09-15,2026-09-15T04:24:43.045612
CE,LONG,CONVICTION,70.2,BULL_BOUNCE_PENDING,45.0,38.56,47.25,,15,0.35,FAVORABLE,45.92,LIMIT,20,COMPRESSION,2026-09-15,2026-09-15T04:54:35.840546
FSLR,SHORT,CONVICTION,70.2,BEAR_REJECTION_PENDING,207.04,210.08,195.04,187.0,32,3.95,FAVORABLE,206.3,LIMIT,20,COMPRESSION,2026-09-15,2026-09-15T04:57:08.952233
NET,LONG,CONVICTION,70.1,BULL_BOUNCE_PENDING,320.26,310.56,336.28,,10,1.65,FAVORABLE,326.8,LIMIT,20,MINOR,2026-09-15,2026-09-15T04:23:47.513949
BMRN,LONG,CONVICTION,70.1,BULL_BOUNCE_PENDING,66.95,64.66,70.61,,43,1.6,FAVORABLE,65.68,STOP,20,COMPRESSION,2026-09-15,2026-09-15T04:37:42.259867
HUBG,LONG,CONVICTION,70.1,BULL_BOUNCE_PENDING,34.66,34.12,39.55,38.4,183,8.97,FAVORABLE,35.26,LIMIT,20,COMPRESSION,2026-09-15,2026-09-15T04:41:56.881944
BMNU,LONG,CONVICTION,70.1,BULL_BOUNCE_PENDING,20.9,18.13,21.95,,36,0.38,FAVORABLE,18.77,STOP,20,MINOR,2026-09-15,2026-09-15T04:47:15.441344
FLEX,SHORT,CONVICTION,70.1,BEAR_REJECTION_PENDING,111.38,116.12,93.09,96.45,21,3.86,FAVORABLE,109.2,LIMIT,20,VACUUM,2026-09-15,2026-09-15T04:57:07.506234
PHVS,LONG,CONVICTION,70.0,BULL_BOUNCE_PENDING,40.5,37.2,42.52,,30,0.61,FAVORABLE,39.25,STOP,8,COMPRESSION,2026-09-15,2026-09-15T04:24:44.817600
PVLA,LONG,CONVICTION,70.0,BULL_BOUNCE_PENDING,150.75,148.9,155.52,155.52,53,2.57,FAVORABLE,151.7,LIMIT,20,VACUUM,2026-09-15,2026-09-15T04:25:22.390273
LITE,LONG,CONVICTION,70.0,BULL_BOUNCE,838.99,777.89,959.44,,1,1.97,FAVORABLE,838.99,LIMIT,20,CONVICTION,2026-09-15,2026-09-15T04:25:47.462401
ADBE,SHORT,CONVICTION,70.0,BEAR_REJECTION_PENDING,262.03,265.4,242.85,230.39,29,5.68,FAVORABLE,261.4,LIMIT,20,CONVICTION,2026-09-15,2026-09-15T04:31:35.740128
ELF,LONG,CONVICTION,70.0,BULL_BOUNCE_PENDING,93.9,91.83,98.09,102.89,48,2.01,FAVORABLE,95.82,LIMIT,20,COMPRESSION,2026-09-15,2026-09-15T04:33:55.058605
LYB,LONG,CONVICTION,70.0,BULL_BOUNCE_PENDING,65.06,61.77,68.31,,30,0.99,FAVORABLE,62.92,STOP,20,COMPRESSION,2026-09-15,2026-09-15T04:38:48.135047
ARGX,LONG,CONVICTION,70.0,BULL_BOUNCE_PENDING,989.22,981.22,1005.68,1040.31,12,2.06,FAVORABLE,989.84,LIMIT,20,CONVICTION,2026-09-15,2026-09-15T04:45:36.716433
EL,LONG,CONVICTION,70.0,BULL_BOUNCE_PENDING,96.28,95.04,106.75,100.91,80,8.4,FAVORABLE,98.25,LIMIT,20,CONVICTION,2026-09-15,2026-09-15T04:47:32.173579
KVYO,LONG,CONVICTION,69.9,BULL_BOUNCE_PENDING,17.03,16.28,18.35,19.46,132,1.75,FAVORABLE,17.38,LIMIT,20,COMPRESSION,2026-09-15,2026-09-15T04:38:37.380577
GFI,LONG,CONVICTION,69.9,BULL_BOUNCE_PENDING,41.86,40.4,45.9,45.65,68,2.78,FAVORABLE,42.71,LIMIT,20,CONVICTION,2026-09-15,2026-09-15T04:48:57.038107
MTSI,LONG,CONVICTION,69.9,BULL_BOUNCE_PENDING,234.83,227.57,258.81,258.81,13,3.3,FAVORABLE,239.62,LIMIT,20,CONVICTION,2026-09-15,2026-09-15T04:55:59.510339
MRVL,LONG,CONVICTION,69.8,BULL_BOUNCE_PENDING,214.13,206.35,245.27,232.46,12,4.0,FAVORABLE,218.5,LIMIT,20,CONVICTION,2026-09-15,2026-09-15T04:25:28.119287
LUNR,LONG,CONVICTION,69.8,BULL_BOUNCE_PENDING,13.58,13.03,14.62,15.14,182,1.89,FAVORABLE,13.86,LIMIT,20,COMPRESSION,2026-09-15,2026-09-15T04:31:57.406192
INFQ,LONG,CONVICTION,69.8,BULL_BOUNCE_PENDING,12.25,10.99,14.31,,79,1.63,FAVORABLE,12.5,LIMIT,20,COMPRESSION,2026-09-15,2026-09-15T04:32:34.899260
PRAX,LONG,CONVICTION,69.8,BULL_BOUNCE_PENDING,328.3,320.39,342.25,363.4,12,1.76,FAVORABLE,335.0,LIMIT,20,COMPRESSION,2026-09-15,2026-09-15T04:42:23.764108
VCYT,SHORT,CONVICTION,69.8,BEAR_REJECTION_PENDING,41.81,42.54,39.0,39.22,136,3.84,FAVORABLE,41.21,LIMIT,20,COMPRESSION,2026-09-15,2026-09-15T04:51:43.696269
CRBG,LONG,CONVICTION,69.8,BULL_BOUNCE_PENDING,33.81,33.24,34.67,35.1,176,1.52,FAVORABLE,34.5,LIMIT,5,COMPRESSION,2026-09-15,2026-09-15T04:54:38.356550
EW,SHORT,CONVICTION,69.7,BEAR_REJECTION_PENDING,85.87,87.23,74.69,74.2,73,8.2,FAVORABLE,85.52,LIMIT,20,COMPRESSION,2026-09-15,2026-09-15T04:29:34.548429
FPS,LONG,CONVICTION,69.7,BULL_BOUNCE,29.7,27.82,32.92,,53,1.71,FAVORABLE,29.7,LIMIT,20,COMPRESSION,2026-09-15,2026-09-15T04:33:22.584486
BL,LONG,CONVICTION,69.7,BULL_BOUNCE_PENDING,29.68,28.66,32.25,32.25,97,2.51,FAVORABLE,30.29,LIMIT,20,COMPRESSION,2026-09-15,2026-09-15T04:42:56.288281
NCTY,LONG,CONVICTION,69.7,BULL_BOUNCE_PENDING,3.66,3.12,3.84,,185,0.34,FAVORABLE,3.73,LIMIT,16,COMPRESSION,2026-09-15,2026-09-15T04:50:36.358991
NAT,LONG,CONVICTION,69.7,BULL_BOUNCE_PENDING,7.5,7.39,7.68,,933,1.74,FAVORABLE,7.65,LIMIT,8,MINOR,2026-09-15,2026-09-15T04:53:06.436019
DYN,SHORT,CONVICTION,69.7,CHANNEL_GAP_BREAKDOWN_SHORT,18.52,19.08,16.91,16.75,179,2.9,FAVORABLE,18.52,LIMIT,20,COMPRESSION,2026-09-15,2026-09-15T04:57:05.156682
MDGL,LONG,CONVICTION,69.6,BULL_BOUNCE_PENDING,537.25,531.77,592.21,598.0,18,10.04,FAVORABLE,540.06,LIMIT,14,CONVICTION,2026-09-15,2026-09-15T04:40:34.439542
CXW,LONG,CONVICTION,69.6,BULL_BOUNCE_PENDING,33.55,31.74,35.22,,55,0.93,FAVORABLE,34.23,LIMIT,16,MINOR,2026-09-15,2026-09-15T04:44:24.760738
HTFL,LONG,CONVICTION,69.4,BULL_BOUNCE_PENDING,48.55,46.29,50.98,,44,1.07,FAVORABLE,49.54,LIMIT,16,MINOR,2026-09-15,2026-09-15T04:24:25.276561
TSLG,LONG,CONVICTION,69.3,BULL_BOUNCE_PENDING,4.51,4.13,5.28,,265,2.05,FAVORABLE,4.6003,LIMIT,20,COMPRESSION,2026-09-15,2026-09-15T04:43:52.431118
GIL,LONG,CONVICTION,69.3,BULL_BOUNCE_PENDING,46.5,40.48,48.83,,16,0.39,FAVORABLE,47.45,LIMIT,20,COMPRESSION,2026-09-15,2026-09-15T04:55:58.707335
Z,SHORT,CONVICTION,69.1,BEAR_REJECTION_PENDING,33.72,34.76,29.58,29.58,95,3.97,FAVORABLE,33.39,LIMIT,20,COMPRESSION,2026-09-15,2026-09-15T04:41:11.521739
JHX,SHORT,CONVICTION,69.0,BEAR_REJECTION_PENDING,28.29,29.05,27.0,25.59,130,1.69,FAVORABLE,28.25,LIMIT,20,COMPRESSION,2026-09-15,2026-09-15T04:26:03.804432
OFAL,LONG,CONVICTION,69.0,BULL_BOUNCE,0.61,0.48,0.65,,788,0.35,FAVORABLE,0.6052,LIMIT,12,COMPRESSION,2026-09-15,2026-09-15T04:26:39.842570
COTY,LONG,CONVICTION,69.0,BULL_BOUNCE,2.72,2.6,2.92,3.03,846,1.67,FAVORABLE,2.723,LIMIT,16,MINOR,2026-09-15,2026-09-15T04:26:57.738608
BKD,LONG,CONVICTION,69.0,BULL_BOUNCE_PENDING,11.67,11.19,13.11,,209,3.01,FAVORABLE,11.91,LIMIT,20,MINOR,2026-09-15,2026-09-15T04:28:23.325844
NTSK,LONG,CONVICTION,69.0,BULL_BOUNCE_PENDING,16.29,14.72,18.75,,63,1.57,FAVORABLE,16.62,LIMIT,17,COMPRESSION,2026-09-15,2026-09-15T04:28:21.753840
CCC,LONG,CONVICTION,69.0,BULL_BOUNCE_PENDING,6.62,6.44,7.72,,568,6.28,FAVORABLE,6.75,LIMIT,7,COMPRESSION,2026-09-15,2026-09-15T04:31:20.528872
HUMA,LONG,CONVICTION,69.0,BULL_BOUNCE,0.56,0.53,0.63,,2724,1.71,FAVORABLE,0.5622,LIMIT,18,MINOR,2026-09-15,2026-09-15T04:32:29.999252
SOAR,LONG,CONVICTION,69.0,BULL_BOUNCE_PENDING,0.19,0.18,0.22,,6064,1.65,FAVORABLE,0.1985,LIMIT,17,MINOR,2026-09-15,2026-09-15T04:34:53.266328
IDCC,LONG,CONVICTION,69.0,BULL_BOUNCE_PENDING,337.5,333.32,344.19,373.21,23,1.6,FAVORABLE,340.9756,LIMIT,20,CONVICTION,2026-09-15,2026-09-15T04:36:11.416753
BLLN,SHORT,CONVICTION,69.0,BEAR_REJECTION_PENDING,102.84,142.78,97.69,,2,0.13,FAVORABLE,100.82,LIMIT,13,CONVICTION,2026-09-15,2026-09-15T04:37:41.049862
ATRO,LONG,CONVICTION,69.0,BULL_BOUNCE_PENDING,69.54,68.02,71.94,76.63,65,1.57,FAVORABLE,70.96,LIMIT,20,CONVICTION,2026-09-15,2026-09-15T04:41:18.467761
COKE,SHORT,CONVICTION,69.0,BEAR_REJECTION_PENDING,204.53,211.57,190.59,179.99,14,1.98,FAVORABLE,200.52,LIMIT,4,CONVICTION,2026-09-15,2026-09-15T04:41:39.626828
ELV,SHORT,CONVICTION,69.0,BEAR_REJECTION_PENDING,431.46,486.42,409.89,,1,0.39,FAVORABLE,423.0,LIMIT,7,CONVICTION,2026-09-15,2026-09-15T04:41:45.234841
DINO,LONG,CONVICTION,69.0,BULL_BOUNCE_PENDING,105.29,101.81,111.29,,28,1.72,FAVORABLE,107.44,LIMIT,10,MINOR,2026-09-15,2026-09-15T04:43:04.236370
LGN,LONG,CONVICTION,69.0,BULL_BOUNCE_PENDING,51.72,49.09,59.21,59.52,37,2.84,FAVORABLE,52.78,LIMIT,20,COMPRESSION,2026-09-15,2026-09-15T04:44:41.649776
PAY,LONG,CONVICTION,69.0,BULL_BOUNCE,37.0,35.4,41.42,42.16,62,2.77,FAVORABLE,37.0,LIMIT,20,COMPRESSION,2026-09-15,2026-09-15T04:50:03.984334
BBY,LONG,CONVICTION,69.0,BULL_BOUNCE_PENDING,93.05,89.67,100.62,,29,2.24,FAVORABLE,94.95,LIMIT,4,COMPRESSION,2026-09-15,2026-09-15T04:52:50.454995
BUG,LONG,CONVICTION,69.0,BULL_BOUNCE_PENDING,42.92,40.76,45.07,,46,0.99,FAVORABLE,43.8,LIMIT,9,MINOR,2026-09-15,2026-09-15T04:52:56.736004
SDRL,LONG,CONVICTION,69.0,BULL_BOUNCE_PENDING,46.77,44.54,51.52,54.76,44,2.13,FAVORABLE,47.72,LIMIT,15,MINOR,2026-09-15,2026-09-15T04:53:11.082034
CNM,SHORT,CONVICTION,69.0,BEAR_REJECTION_PENDING,41.0,41.81,38.95,,123,2.54,FAVORABLE,40.81,LIMIT,18,COMPRESSION,2026-09-15,2026-09-15T04:54:36.085546
MRNA,LONG,CONVICTION,68.9,BULL_BOUNCE_PENDING,144.45,141.0,162.6,154.54,29,5.27,FAVORABLE,145.22,LIMIT,9,VACUUM,2026-09-15,2026-09-15T04:25:47.343401
AMKR,SHORT,CONVICTION,68.8,BEAR_REJECTION_PENDING,47.32,49.51,40.5,41.69,45,3.11,FAVORABLE,47.17,LIMIT,20,CONVICTION,2026-09-15,2026-09-15T04:26:05.547435
MUR,SHORT,CONVICTION,68.8,BEAR_REJECTION_PENDING,39.52,41.73,34.2,34.5,45,2.42,FAVORABLE,38.75,LIMIT,20,CONVICTION,2026-09-15,2026-09-15T04:38:57.344065
SABR,LONG,CONVICTION,68.7,BULL_BOUNCE_PENDING,2.13,1.96,2.24,,596,0.64,FAVORABLE,2.175,LIMIT,14,COMPRESSION,2026-09-15,2026-09-15T04:24:10.887532
T,LONG,CONVICTION,68.7,BULL_BOUNCE_PENDING,25.85,25.42,28.27,27.35,234,5.68,FAVORABLE,26.3755,LIMIT,20,COMPRESSION,2026-09-15,2026-09-15T04:27:24.930739
KSS,LONG,CONVICTION,68.7,BULL_BOUNCE_PENDING,16.85,15.26,19.36,,62,1.58,FAVORABLE,17.19,LIMIT,20,MINOR,2026-09-15,2026-09-15T04:36:18.545382
EQH,LONG,CONVICTION,68.7,BULL_BOUNCE_PENDING,52.97,52.34,55.55,55.55,157,4.08,FAVORABLE,53.67,LIMIT,8,COMPRESSION,2026-09-15,2026-09-15T04:54:49.704120
SYNA,LONG,CONVICTION,68.7,BULL_BOUNCE_PENDING,94.19,93.0,105.32,107.0,84,9.37,FAVORABLE,95.06,LIMIT,20,CONVICTION,2026-09-15,2026-09-15T04:58:19.077179
RDDT,LONG,CONVICTION,68.6,BULL_BOUNCE_PENDING,156.8,154.12,180.59,173.75,37,8.87,FAVORABLE,160.0,LIMIT,20,MINOR,2026-09-15,2026-09-15T04:36:42.035505
ZLAB,SHORT,CONVICTION,68.6,BEAR_REJECTION_PENDING,25.5,26.36,21.96,22.77,116,4.11,FAVORABLE,25.0,LIMIT,20,COMPRESSION,2026-09-15,2026-09-15T04:41:13.875747
FIGR,LONG,CONVICTION,68.6,BULL_BOUNCE_PENDING,35.03,32.8,40.67,40.81,44,2.53,FAVORABLE,35.75,LIMIT,20,MINOR,2026-09-15,2026-09-15T04:41:49.515392
WULF,SHORT,CONVICTION,68.5,BEAR_REJECTION_PENDING,15.53,16.82,14.75,,77,0.6,FAVORABLE,15.27,LIMIT,20,CONVICTION,2026-09-15,2026-09-15T04:31:38.676147
GRAL,LONG,CONVICTION,68.5,BULL_BOUNCE_PENDING,74.02,72.0,77.14,80.55,49,1.55,FAVORABLE,75.53,LIMIT,20,MINOR,2026-09-15,2026-09-15T04:36:00.979662
PRIM,SHORT,CONVICTION,68.4,BEAR_REJECTION_PENDING,75.65,83.47,71.87,,12,0.48,FAVORABLE,74.17,LIMIT,20,CONVICTION,2026-09-15,2026-09-15T04:44:58.781348
ICE,LONG,CONVICTION,68.4,BULL_BOUNCE_PENDING,156.97,155.75,160.0,168.46,82,2.49,FAVORABLE,159.16,LIMIT,20,CONVICTION,2026-09-15,2026-09-15T04:55:58.784335
TSAT,SHORT,CONVICTION,68.3,BEAR_REJECTION_PENDING,49.3,50.8,44.91,44.0,66,2.92,FAVORABLE,49.11,LIMIT,20,COMPRESSION,2026-09-15,2026-09-15T04:25:42.783395
SNXX,SHORT,CONVICTION,68.3,BEAR_REJECTION_PENDING,13.73,15.35,13.04,,61,0.42,FAVORABLE,13.71,LIMIT,20,CONVICTION,2026-09-15,2026-09-15T04:39:25.807116
MRX,LONG,CONVICTION,68.3,BULL_BOUNCE_PENDING,68.6,59.63,72.03,,11,0.38,FAVORABLE,70.0001,LIMIT,20,CONVICTION,2026-09-15,2026-09-15T04:42:13.794540
PNR,SHORT,CONVICTION,68.2,BEAR_REJECTION_PENDING,57.53,58.91,54.65,,72,2.08,FAVORABLE,56.4,LIMIT,20,COMPRESSION,2026-09-15,2026-09-15T04:39:55.259336
KOPN,LONG,CONVICTION,68.2,BULL_BOUNCE_PENDING,4.25,4.06,4.92,4.77,512,3.44,FAVORABLE,4.3409,LIMIT,20,COMPRESSION,2026-09-15,2026-09-15T04:40:31.492534
MELI,LONG,CONVICTION,68.2,BULL_BOUNCE_PENDING,1887.87,1869.41,1945.0,1945.0,5,3.1,FAVORABLE,1890.0,LIMIT,20,CONVICTION,2026-09-15,2026-09-15T04:40:34.949546
SEI,SHORT,CONVICTION,68.2,BEAR_REJECTION_PENDING,61.66,66.02,53.5,51.7,22,1.87,FAVORABLE,60.4469,LIMIT,20,CONVICTION,2026-09-15,2026-09-15T04:45:02.296357
DUST,SHORT,CONVICTION,68.2,BEAR_REJECTION_PENDING,36.94,41.19,35.1,,23,0.43,FAVORABLE,36.22,LIMIT,20,COMPRESSION,2026-09-15,2026-09-15T04:53:33.640612
DOCU,LONG,CONVICTION,68.1,BULL_BOUNCE_PENDING,67.68,66.08,72.13,76.78,62,2.79,FAVORABLE,69.0567,LIMIT,12,COMPRESSION,2026-09-15,2026-09-15T04:35:40.358019
TZA,LONG,CONVICTION,68.1,BULL_BOUNCE_PENDING,43.73,43.14,45.6,45.5,170,3.18,FAVORABLE,44.21,LIMIT,9,COMPRESSION,2026-09-15,2026-09-15T04:53:49.397330
IMMX,LONG,CONVICTION,68.0,BULL_BOUNCE_PENDING,11.97,11.65,13.54,13.08,312,4.91,FAVORABLE,12.21,LIMIT,17,MINOR,2026-09-15,2026-09-15T04:24:32.497575
TOI,LONG,CONVICTION,68.0,BULL_BOUNCE_PENDING,5.08,4.8,5.8,5.76,350,2.52,FAVORABLE,5.185,LIMIT,16,COMPRESSION,2026-09-15,2026-09-15T04:26:12.438981
REI,LONG,CONVICTION,68.0,BULL_BOUNCE,1.52,1.46,1.6,,1692,1.29,FAVORABLE,1.52,LIMIT,5,MINOR,2026-09-15,2026-09-15T04:26:44.322578
USB,LONG,CONVICTION,68.0,BULL_BOUNCE,62.51,61.49,65.19,65.0,98,2.64,FAVORABLE,62.51,LIMIT,20,COMPRESSION,2026-09-15,2026-09-15T04:29:48.224956
RUN,LONG,CONVICTION,68.0,BULL_BOUNCE_PENDING,8.1,7.39,9.18,,140,1.51,FAVORABLE,8.27,LIMIT,20,COMPRESSION,2026-09-15,2026-09-15T04:30:16.467709
MARA,LONG,CONVICTION,68.0,BULL_BOUNCE_PENDING,11.03,10.27,12.8,12.89,133,2.37,FAVORABLE,11.25,LIMIT,20,COMPRESSION,2026-09-15,2026-09-15T04:31:48.304176
NSIT,LONG,CONVICTION,68.0,BULL_BOUNCE,161.78,156.68,169.87,,19,1.59,FAVORABLE,161.78,LIMIT,16,CONVICTION,2026-09-15,2026-09-15T04:39:07.079083
SPSC,LONG,CONVICTION,68.0,BULL_BOUNCE,83.11,79.41,89.23,,26,1.65,FAVORABLE,83.11,LIMIT,20,COMPRESSION,2026-09-15,2026-09-15T04:42:39.006150
WMS,LONG,CONVICTION,68.0,BULL_BOUNCE_PENDING,122.82,116.66,134.47,140.52,16,1.89,FAVORABLE,125.33,LIMIT,20,CONVICTION,2026-09-15,2026-09-15T04:44:00.203139
ACAD,LONG,CONVICTION,68.0,BULL_BOUNCE,27.5,26.7,29.05,30.63,124,1.93,FAVORABLE,27.5,LIMIT,20,COMPRESSION,2026-09-15,2026-09-15T04:46:05.240031
BITU,LONG,CONVICTION,68.0,BULL_BOUNCE_PENDING,12.77,12.05,14.62,14.62,138,2.57,FAVORABLE,13.03,LIMIT,20,COMPRESSION,2026-09-15,2026-09-15T04:47:13.372663
CENX,LONG,CONVICTION,67.9,BULL_BOUNCE_PENDING,40.68,38.84,45.84,45.32,54,2.81,FAVORABLE,41.51,LIMIT,20,CONVICTION,2026-09-15,2026-09-15T04:35:26.293455
BITB,LONG,CONVICTION,67.9,BULL_BOUNCE_PENDING,40.83,39.46,47.59,45.51,73,4.96,FAVORABLE,41.66,LIMIT,20,CONVICTION,2026-09-15,2026-09-15T04:47:05.060709
KOLD,LONG,CONVICTION,67.9,BULL_BOUNCE_CONFIRMED,28.63,26.25,30.06,,41,0.6,FAVORABLE,28.63,LIMIT,20,CONVICTION,2026-09-15,2026-09-15T04:48:03.684994
ENS,LONG,CONVICTION,67.8,BULL_BOUNCE_PENDING,167.24,164.51,173.1,187.6,36,2.15,FAVORABLE,169.35,LIMIT,20,CONVICTION,2026-09-15,2026-09-15T04:44:29.397747
ABVX,LONG,CONVICTION,67.8,BUY_LOWER_DIRTY,112.4,95.69,114.83,,5,0.15,FAVORABLE,112.4,LIMIT,20,VACUUM,2026-09-15,2026-09-15T04:57:01.153588
QBTS,LONG,CONVICTION,67.6,BULL_BOUNCE_PENDING,16.27,14.58,18.95,,59,1.59,FAVORABLE,16.6,LIMIT,20,MINOR,2026-09-15,2026-09-15T04:31:06.910786
MTZ,LONG,CONVICTION,67.5,BULL_BOUNCE_PENDING,226.72,223.5,264.99,264.99,31,11.89,FAVORABLE,230.9,LIMIT,20,CONVICTION,2026-09-15,2026-09-15T04:36:25.249938
OVV,LONG,CONVICTION,67.5,BULL_BOUNCE,65.36,63.5,68.63,,53,1.76,FAVORABLE,65.36,LIMIT,16,VACUUM,2026-09-15,2026-09-15T04:39:14.814098
SW,SHORT,CONVICTION,67.5,BEAR_REJECTION_PENDING,43.84,44.79,38.53,38.53,104,5.57,FAVORABLE,43.75,LIMIT,20,COMPRESSION,2026-09-15,2026-09-15T04:41:03.279713
MUD,LONG,CONVICTION,67.5,BULL_BOUNCE_PENDING,10.5,10.15,11.09,11.73,287,1.71,FAVORABLE,10.71,LIMIT,20,COMPRESSION,2026-09-15,2026-09-15T04:53:03.798029
ATEC,LONG,CONVICTION,67.5,BULL_BOUNCE_PENDING,10.54,10.28,12.11,11.49,382,5.99,FAVORABLE,10.76,LIMIT,13,MINOR,2026-09-15,2026-09-15T04:58:05.328051
SNYR,LONG,CONVICTION,67.3,BULL_BOUNCE_PENDING,0.09,0.08,0.09,,13477,0.6,FAVORABLE,0.0915,LIMIT,11,COMPRESSION,2026-09-15,2026-09-15T04:24:05.635521
TSLA,LONG,CONVICTION,67.3,BULL_BOUNCE_PENDING,355.59,351.4,381.78,392.35,23,6.25,FAVORABLE,357.22,LIMIT,20,CONVICTION,2026-09-15,2026-09-15T04:29:24.641189
MAT,LONG,CONVICTION,67.3,BULL_BOUNCE_PENDING,13.75,13.28,14.47,15.8,214,1.55,FAVORABLE,14.03,LIMIT,20,COMPRESSION,2026-09-15,2026-09-15T04:33:19.399947
VUZI,LONG,CONVICTION,67.3,BULL_BOUNCE_PENDING,2.42,2.31,2.79,2.76,856,3.11,FAVORABLE,2.4719,LIMIT,20,COMPRESSION,2026-09-15,2026-09-15T04:34:05.297629
RDAC,LONG,CONVICTION,67.3,BULL_BOUNCE_CONFIRMED,5.65,5.28,5.93,,272,0.77,FAVORABLE,5.65,LIMIT,20,MINOR,2026-09-15,2026-09-15T04:54:24.392992
RAL,SHORT,CONVICTION,67.3,BEAR_REJECTION_PENDING,65.64,66.98,60.0,62.08,74,4.2,FAVORABLE,65.2514,LIMIT,20,CONVICTION,2026-09-15,2026-09-15T04:57:33.137926
PFE,LONG,CONVICTION,67.2,BULL_BOUNCE_PENDING,27.04,26.74,28.02,28.58,330,3.23,FAVORABLE,27.59,LIMIT,20,COMPRESSION,2026-09-15,2026-09-15T04:27:22.313730
ABT,LONG,CONVICTION,67.2,BULL_BOUNCE_PENDING,101.21,100.37,111.54,108.61,118,12.27,FAVORABLE,101.92,LIMIT,20,COMPRESSION,2026-09-15,2026-09-15T04:27:41.713767
WU,LONG,CONVICTION,67.2,BULL_BOUNCE_PENDING,6.88,6.52,7.67,7.93,275,2.18,FAVORABLE,7.02,LIMIT,20,COMPRESSION,2026-09-15,2026-09-15T04:44:02.977147
TGTX,LONG,CONVICTION,67.2,BULL_BOUNCE_PENDING,52.96,50.29,58.97,,37,2.25,FAVORABLE,54.04,LIMIT,14,MINOR,2026-09-15,2026-09-15T04:45:10.658376
ATAT,LONG,CONVICTION,67.2,BULL_BOUNCE,32.46,31.36,36.13,35.52,90,3.33,FAVORABLE,32.46,LIMIT,20,MINOR,2026-09-15,2026-09-15T04:47:01.251944
PATH,LONG,CONVICTION,67.1,BULL_BOUNCE_PENDING,14.2,13.7,15.16,16.24,199,1.91,FAVORABLE,14.49,LIMIT,20,COMPRESSION,2026-09-15,2026-09-15T04:32:35.416262
AMR,LONG,CONVICTION,67.1,BULL_BOUNCE_PENDING,195.55,191.94,205.32,222.03,27,2.71,FAVORABLE,198.76,LIMIT,20,CONVICTION,2026-09-15,2026-09-15T04:46:54.994878
NVMI,LONG,CONVICTION,67.1,BULL_BOUNCE_PENDING,336.09,331.25,347.11,347.11,20,2.28,FAVORABLE,337.2,LIMIT,20,CONVICTION,2026-09-15,2026-09-15T04:56:37.562948
CVI,LONG,CONVICTION,67.0,BULL_BOUNCE_PENDING,49.49,48.07,51.96,,70,1.74,FAVORABLE,50.5,LIMIT,12,VACUUM,2026-09-15,2026-09-15T04:24:32.112579
DAVE,LONG,CONVICTION,67.0,BULL_BOUNCE_PENDING,363.32,356.95,373.56,385.97,15,1.61,FAVORABLE,365.41,LIMIT,20,CONVICTION,2026-09-15,2026-09-15T04:25:33.113834
FAST,LONG,CONVICTION,67.0,BULL_BOUNCE_PENDING,48.59,47.69,50.13,50.83,111,1.72,FAVORABLE,49.36,LIMIT,20,MINOR,2026-09-15,2026-09-15T04:26:29.950584
SBEV,LONG,CONVICTION,67.0,BULL_BOUNCE_PENDING,0.41,0.38,0.43,,2887,0.59,FAVORABLE,0.4201,LIMIT,4,MINOR,2026-09-15,2026-09-15T04:33:36.467043
FIVE,LONG,CONVICTION,67.0,BULL_BOUNCE_PENDING,242.19,237.75,258.27,258.27,22,3.62,FAVORABLE,247.13,LIMIT,20,VACUUM,2026-09-15,2026-09-15T04:35:47.735033
KGS,LONG,CONVICTION,67.0,BULL_BOUNCE_PENDING,55.5,52.13,61.27,63.84,29,1.72,FAVORABLE,56.63,LIMIT,20,CONVICTION,2026-09-15,2026-09-15T04:36:15.797377
PBF,LONG,CONVICTION,67.0,BULL_BOUNCE_PENDING,68.95,67.29,77.0,75.47,59,4.83,FAVORABLE,70.36,LIMIT,20,COMPRESSION,2026-09-15,2026-09-15T04:40:43.625108
PSX,LONG,CONVICTION,67.0,BULL_BOUNCE_PENDING,256.42,254.23,261.81,261.45,45,2.47,FAVORABLE,257.3,LIMIT,20,MINOR,2026-09-15,2026-09-15T04:40:45.335114
TLN,LONG,CONVICTION,67.0,CHANNEL_RECLAIM_LONG,289.5,283.0,300.0,314.52,15,1.62,FAVORABLE,289.5,LIMIT,20,CONVICTION,2026-09-15,2026-09-15T04:41:03.698716
GPN,LONG,CONVICTION,67.0,BULL_BOUNCE_PENDING,89.28,88.12,96.95,98.98,85,6.6,FAVORABLE,90.19,LIMIT,20,COMPRESSION,2026-09-15,2026-09-15T04:41:53.263933
GFL,LONG,CONVICTION,67.0,BULL_BOUNCE_PENDING,41.76,40.04,43.85,,58,1.21,FAVORABLE,42.61,LIMIT,18,MINOR,2026-09-15,2026-09-15T04:53:34.227612
CRUS,SHORT,CONVICTION,67.0,BEAR_REJECTION_PENDING,118.71,130.07,112.77,,8,0.52,FAVORABLE,116.38,LIMIT,20,COMPRESSION,2026-09-15,2026-09-15T04:54:42.731557
TDS,LONG,CONVICTION,67.0,BULL_BOUNCE,37.4,36.31,39.15,40.08,91,1.61,FAVORABLE,37.4,LIMIT,20,COMPRESSION,2026-09-15,2026-09-15T04:55:23.944197
GOSS,SHORT,CONVICTION,66.9,BEAR_REJECTION_PENDING,10.71,11.63,10.17,,108,0.58,FAVORABLE,10.7,LIMIT,7,MINOR,2026-09-15,2026-09-15T04:33:37.504045
DUOL,SHORT,CONVICTION,66.9,BEAR_REJECTION_PENDING,152.53,155.23,147.43,135.25,37,1.89,FAVORABLE,151.3762,LIMIT,20,CONVICTION,2026-09-15,2026-09-15T04:35:41.042021
WRBY,LONG,CONVICTION,66.9,BULL_BOUNCE_PENDING,25.2,24.16,26.96,28.69,96,1.7,FAVORABLE,25.71,LIMIT,20,CONVICTION,2026-09-15,2026-09-15T04:48:36.558283
INSM,SHORT,CONVICTION,66.9,BEAR_REJECTION_PENDING,127.14,131.77,118.67,,21,1.83,FAVORABLE,124.6439,LIMIT,20,CONVICTION,2026-09-15,2026-09-15T04:55:03.365135
KEY,LONG,CONVICTION,66.8,BULL_BOUNCE_PENDING,21.49,19.47,22.57,,49,0.53,FAVORABLE,21.93,LIMIT,20,MINOR,2026-09-15,2026-09-15T04:29:00.790041
PENG,SHORT,CONVICTION,66.8,BEAR_REJECTION_PENDING,47.21,51.42,39.99,,23,1.72,FAVORABLE,46.8111,LIMIT,20,CONVICTION,2026-09-15,2026-09-15T04:29:15.634306
AAPL,LONG,CONVICTION,66.7,BULL_BOUNCE_PENDING,327.01,324.65,332.27,333.43,42,2.23,FAVORABLE,331.04,LIMIT,20,COMPRESSION,2026-09-15,2026-09-15T04:29:52.614843
RXRX,LONG,CONVICTION,66.7,BULL_BOUNCE_PENDING,3.27,3.07,3.64,3.84,503,1.85,FAVORABLE,3.34,LIMIT,20,MINOR,2026-09-15,2026-09-15T04:32:16.505226
SIDU,LONG,CONVICTION,66.7,BULL_BOUNCE_PENDING,1.92,1.15,2.02,,130,0.13,FAVORABLE,1.96,LIMIT,20,MINOR,2026-09-15,2026-09-15T04:32:29.165249
GLOB,LONG,CONVICTION,66.7,BULL_BOUNCE_PENDING,39.94,38.87,46.26,43.1,92,5.85,FAVORABLE,40.76,LIMIT,16,COMPRESSION,2026-09-15,2026-09-15T04:38:26.377477
MSFU,LONG,CONVICTION,66.7,BULL_BOUNCE_PENDING,37.39,36.92,42.19,41.16,212,10.17,FAVORABLE,37.82,LIMIT,20,CONVICTION,2026-09-15,2026-09-15T04:52:09.296846
SITE,SHORT,CONVICTION,66.7,BEAR_REJECTION_PENDING,91.13,93.28,86.57,,46,2.11,FAVORABLE,89.34,LIMIT,20,COMPRESSION,2026-09-15,2026-09-15T04:56:43.617976
LUMN,LONG,CONVICTION,66.6,BULL_BOUNCE_PENDING,6.86,6.3,7.85,,177,1.76,FAVORABLE,7.0,LIMIT,13,COMPRESSION,2026-09-15,2026-09-15T04:26:53.495595
RIVN,LONG,CONVICTION,66.6,BULL_BOUNCE_PENDING,15.37,14.71,17.5,17.0,151,3.23,FAVORABLE,15.68,LIMIT,20,MINOR,2026-09-15,2026-09-15T04:31:25.367586
NB,LONG,CONVICTION,66.6,BULL_BOUNCE_PENDING,3.6,3.36,4.0,4.14,429,1.73,FAVORABLE,3.6695,LIMIT,20,COMPRESSION,2026-09-15,2026-09-15T04:31:45.513173
AXON,LONG,CONVICTION,66.6,BULL_BOUNCE_PENDING,489.09,481.65,506.03,506.03,13,2.28,FAVORABLE,491.0,LIMIT,20,CONVICTION,2026-09-15,2026-09-15T04:35:21.304447
SEZL,SHORT,CONVICTION,66.6,BEAR_REJECTION_PENDING,121.69,123.57,105.51,105.51,52,8.56,FAVORABLE,119.3,LIMIT,20,VACUUM,2026-09-15,2026-09-15T04:40:52.936681
KHC,LONG,CONVICTION,66.5,BULL_BOUNCE_PENDING,23.71,23.35,24.41,25.0,282,1.99,FAVORABLE,24.19,LIMIT,20,COMPRESSION,2026-09-15,2026-09-15T04:27:59.020798
ETHE,LONG,CONVICTION,66.5,BULL_BOUNCE_PENDING,19.47,19.16,22.27,21.05,317,8.89,FAVORABLE,19.87,LIMIT,20,COMPRESSION,2026-09-15,2026-09-15T04:47:36.722280
KMX,LONG,CONVICTION,66.5,BULL_BOUNCE_PENDING,60.92,60.22,62.3,63.48,142,1.96,FAVORABLE,61.69,LIMIT,20,COMPRESSION,2026-09-15,2026-09-15T04:49:06.752877
ASH,LONG,CONVICTION,66.4,BULL_BOUNCE_PENDING,68.3,66.19,72.87,78.22,47,2.17,FAVORABLE,69.69,LIMIT,20,COMPRESSION,2026-09-15,2026-09-15T04:35:11.515885
WTS,LONG,CONVICTION,66.4,BULL_BOUNCE_PENDING,347.08,341.44,383.68,383.04,17,6.49,FAVORABLE,351.93,LIMIT,20,COMPRESSION,2026-09-15,2026-09-15T04:37:25.809729
BRKR,LONG,CONVICTION,66.4,BULL_BOUNCE,52.24,49.92,58.37,59.32,43,2.64,FAVORABLE,52.24,LIMIT,20,COMPRESSION,2026-09-15,2026-09-15T04:37:44.878871
LEA,LONG,CONVICTION,66.4,BULL_BOUNCE_PENDING,126.29,123.38,140.4,138.43,34,4.84,FAVORABLE,128.87,LIMIT,20,CONVICTION,2026-09-15,2026-09-15T04:55:04.431161
LIFE,LONG,CONVICTION,66.3,BULL_BOUNCE_PENDING,37.91,36.57,41.12,,74,2.39,FAVORABLE,38.6837,LIMIT,2,COMPRESSION,2026-09-15,2026-09-15T04:24:57.638628
TMDX,LONG,CONVICTION,66.3,BULL_BOUNCE_PENDING,86.13,84.77,94.31,91.0,73,5.99,FAVORABLE,87.0,LIMIT,19,VACUUM,2026-09-15,2026-09-15T04:39:34.809671
RVMD,LONG,CONVICTION,66.3,BULL_BOUNCE_CONFIRMED,206.75,196.82,222.7,,10,1.61,FAVORABLE,206.7532,LIMIT,20,MINOR,2026-09-15,2026-09-15T04:45:54.345471
CCUP,SHORT,CONVICTION,66.2,BEAR_REJECTION_PENDING,27.36,28.98,23.6,23.7,61,2.31,FAVORABLE,27.01,LIMIT,20,MINOR,2026-09-15,2026-09-15T04:55:39.772226
COLD,LONG,CONVICTION,66.2,BULL_BOUNCE_PENDING,14.67,14.05,16.1,16.78,160,2.3,FAVORABLE,14.97,LIMIT,14,MINOR,2026-09-15,2026-09-15T04:57:44.343974
LABU,LONG,CONVICTION,66.1,BULL_BOUNCE_PENDING,266.95,260.87,287.83,293.07,16,3.44,FAVORABLE,269.01,LIMIT,20,CONVICTION,2026-09-15,2026-09-15T04:38:40.436502
LASR,SHORT,CONVICTION,66.1,BEAR_REJECTION_PENDING,39.32,40.6,36.28,35.5,78,2.37,FAVORABLE,38.68,LIMIT,20,COMPRESSION,2026-09-15,2026-09-15T04:42:07.778523
BTC,LONG,CONVICTION,66.1,BULL_BOUNCE_PENDING,33.3,32.16,38.75,37.08,87,4.77,FAVORABLE,33.98,LIMIT,20,CONVICTION,2026-09-15,2026-09-15T04:47:23.286375
ETHU,SHORT,CONVICTION,66.1,BEAR_REJECTION_PENDING,26.18,27.34,22.94,23.12,85,2.78,FAVORABLE,26.166,LIMIT,20,VACUUM,2026-09-15,2026-09-15T04:47:44.791089
ZSTK,LONG,CONVICTION,66.1,BULL_BOUNCE_PENDING,4.61,4.16,5.36,,222,1.68,FAVORABLE,4.7,LIMIT,20,MINOR,2026-09-15,2026-09-15T04:48:40.823253
URNM,LONG,CONVICTION,66.1,BULL_BOUNCE_PENDING,49.69,47.24,54.37,55.36,40,1.91,FAVORABLE,50.7,LIMIT,20,CONVICTION,2026-09-15,2026-09-15T04:50:14.657347
ACHV,LONG,CONVICTION,66.0,BULL_BOUNCE_PENDING,7.07,6.77,7.82,8.17,342,2.58,FAVORABLE,7.21,LIMIT,20,COMPRESSION,2026-09-15,2026-09-15T04:24:20.348552
PSNL,LONG,CONVICTION,66.0,BULL_BOUNCE_PENDING,15.96,15.66,17.5,17.5,324,4.98,FAVORABLE,16.29,LIMIT,20,MINOR,2026-09-15,2026-09-15T04:24:23.060556
TSEM,LONG,CONVICTION,66.0,BULL_BOUNCE_PENDING,188.67,182.24,210.89,218.3,15,3.46,FAVORABLE,192.52,LIMIT,20,CONVICTION,2026-09-15,2026-09-15T04:25:56.607419
INTU,SHORT,CONVICTION,66.0,BEAR_REJECTION_PENDING,336.78,341.58,304.96,303.91,20,6.63,FAVORABLE,332.97,LIMIT,20,CONVICTION,2026-09-15,2026-09-15T04:29:30.258226
RIG,LONG,CONVICTION,66.0,BULL_BOUNCE_PENDING,5.4,5.23,6.29,6.01,602,5.36,FAVORABLE,5.51,LIMIT,20,COMPRESSION,2026-09-15,2026-09-15T04:31:22.379150
WTI,LONG,CONVICTION,66.0,BULL_BOUNCE,4.03,3.83,4.23,,511,1.03,FAVORABLE,4.0293,LIMIT,12,MINOR,2026-09-15,2026-09-15T04:32:08.906225
TREX,LONG,CONVICTION,66.0,BULL_BOUNCE,43.7,42.15,47.3,49.92,64,2.33,FAVORABLE,43.7,LIMIT,20,COMPRESSION,2026-09-15,2026-09-15T04:32:53.324901
MRAM,LONG,CONVICTION,66.0,BULL_BOUNCE,14.88,13.81,16.5,,93,1.51,FAVORABLE,14.88,LIMIT,20,COMPRESSION,2026-09-15,2026-09-15T04:34:26.486663
MRLN,LONG,CONVICTION,66.0,BULL_BOUNCE_PENDING,3.02,2.8,3.39,,450,1.67,FAVORABLE,3.08,LIMIT,20,COMPRESSION,2026-09-15,2026-09-15T04:34:50.760316
FUN,LONG,CONVICTION,66.0,BULL_BOUNCE_CONFIRMED,13.43,13.03,14.73,15.2,248,3.23,FAVORABLE,13.43,LIMIT,20,COMPRESSION,2026-09-15,2026-09-15T04:35:53.994589
ABCL,LONG,CONVICTION,66.0,BULL_BOUNCE_PENDING,10.77,10.11,12.3,12.3,150,2.32,FAVORABLE,10.99,LIMIT,20,MINOR,2026-09-15,2026-09-15T04:37:27.232733
TPL,SHORT,CONVICTION,66.0,BEAR_REJECTION_PENDING,369.32,373.12,312.0,348.03,26,15.08,FAVORABLE,365.29,LIMIT,20,CONVICTION,2026-09-15,2026-09-15T04:41:07.467726
RYAN,LONG,CONVICTION,66.0,BULL_BOUNCE_PENDING,38.66,37.93,41.27,43.43,136,3.57,FAVORABLE,39.4491,LIMIT,20,COMPRESSION,2026-09-15,2026-09-15T04:42:28.089120
XPON,LONG,CONVICTION,66.0,BULL_BOUNCE_PENDING,4.72,4.16,4.96,,176,0.42,FAVORABLE,4.82,LIMIT,20,MINOR,2026-09-15,2026-09-15T04:50:30.553452
XXRP,SHORT,CONVICTION,66.0,BEAR_REJECTION_PENDING,32.3,33.72,28.48,27.6,70,2.69,FAVORABLE,32.29,LIMIT,20,MINOR,2026-09-15,2026-09-15T04:50:35.238991
ETSY,LONG,CONVICTION,66.0,BULL_BOUNCE_PENDING,74.28,71.18,81.69,86.72,32,2.39,FAVORABLE,75.8,LIMIT,20,COMPRESSION,2026-09-15,2026-09-15T04:50:47.919012
JAZZ,LONG,CONVICTION,66.0,BULL_BOUNCE_PENDING,242.41,240.19,245.8,248.9,45,1.53,FAVORABLE,244.0,LIMIT,20,COMPRESSION,2026-09-15,2026-09-15T04:54:04.291896
TAL,LONG,CONVICTION,66.0,BULL_BOUNCE_PENDING,11.57,11.44,12.55,11.96,816,8.04,FAVORABLE,11.6945,LIMIT,17,MINOR,2026-09-15,2026-09-15T04:54:26.631995
ITUB,LONG,CONVICTION,66.0,BULL_BOUNCE_PENDING,7.94,7.64,9.0,8.81,337,3.58,FAVORABLE,8.1,LIMIT,20,COMPRESSION,2026-09-15,2026-09-15T04:55:04.112149
ELAN,LONG,CONVICTION,65.9,BULL_BOUNCE_PENDING,22.73,22.4,23.37,25.34,300,1.93,FAVORABLE,23.1936,LIMIT,20,COMPRESSION,2026-09-15,2026-09-15T04:44:28.438746
FHB,LONG,CONVICTION,65.8,BULL_BOUNCE_PENDING,25.26,24.24,29.29,28.28,97,3.92,FAVORABLE,25.78,LIMIT,20,COMPRESSION,2026-09-15,2026-09-15T04:33:23.141485
RYTM,LONG,CONVICTION,65.8,BULL_BOUNCE_PENDING,101.3,100.09,106.01,115.4,83,3.92,FAVORABLE,102.4848,LIMIT,20,CONVICTION,2026-09-15,2026-09-15T04:42:30.936127
NUVB,LONG,CONVICTION,65.8,BULL_BOUNCE_PENDING,5.81,5.67,6.69,6.44,714,6.28,FAVORABLE,5.93,LIMIT,20,COMPRESSION,2026-09-15,2026-09-15T04:44:54.232344
COUR,LONG,CONVICTION,65.7,BULL_BOUNCE_PENDING,5.3,5.22,5.78,5.78,1230,5.85,FAVORABLE,5.39,LIMIT,20,COMPRESSION,2026-09-15,2026-09-15T04:27:28.614743
OC,LONG,CONVICTION,65.7,BULL_BOUNCE,128.95,124.5,141.7,141.7,22,2.86,FAVORABLE,128.95,LIMIT,20,CONVICTION,2026-09-15,2026-09-15T04:36:31.657485
IRTC,LONG,CONVICTION,65.7,BULL_BOUNCE_PENDING,112.59,111.05,118.08,125.16,65,3.58,FAVORABLE,114.01,LIMIT,9,CONVICTION,2026-09-15,2026-09-15T04:42:00.678503
LFTO,LONG,CONVICTION,65.7,BULL_BOUNCE_PENDING,18.29,17.46,21.0,21.02,121,3.29,FAVORABLE,18.66,LIMIT,20,COMPRESSION,2026-09-15,2026-09-15T04:44:41.173775
GLL,LONG,CONVICTION,65.7,BULL_BOUNCE_PENDING,23.19,22.68,24.61,26.14,192,2.73,FAVORABLE,23.668,LIMIT,20,CONVICTION,2026-09-15,2026-09-15T04:53:37.562691
CONL,LONG,CONVICTION,65.5,BULL_BOUNCE_PENDING,5.61,5.28,6.57,6.35,306,2.94,FAVORABLE,5.72,LIMIT,20,COMPRESSION,2026-09-15,2026-09-15T04:35:30.906003
HPQ,LONG,CONVICTION,65.4,BULL_BOUNCE_PENDING,33.14,32.3,36.56,36.15,118,4.05,FAVORABLE,33.82,LIMIT,20,CONVICTION,2026-09-15,2026-09-15T04:30:38.880251
ATRC,LONG,CONVICTION,65.4,BULL_BOUNCE_PENDING,54.69,54.07,55.75,,160,1.7,FAVORABLE,55.55,LIMIT,3,MINOR,2026-09-15,2026-09-15T04:54:29.350001
BNC,LONG,CONVICTION,65.4,BULL_BOUNCE_PENDING,5.0,4.81,5.86,5.58,533,4.6,FAVORABLE,5.1,LIMIT,20,MINOR,2026-09-15,2026-09-15T04:56:53.094021
WNC,LONG,CONVICTION,65.3,BULL_BOUNCE_PENDING,12.16,11.54,13.46,13.62,160,2.08,FAVORABLE,12.41,LIMIT,20,MINOR,2026-09-15,2026-09-15T04:25:13.010187
EYE,LONG,CONVICTION,65.3,BULL_BOUNCE_PENDING,17.34,16.33,19.11,19.8,99,1.76,FAVORABLE,17.6897,LIMIT,13,COMPRESSION,2026-09-15,2026-09-15T04:51:21.433685
KRYS,LONG,CONVICTION,65.3,BULL_BOUNCE_PENDING,336.22,331.16,351.26,365.45,19,2.97,FAVORABLE,340.03,LIMIT,20,CONVICTION,2026-09-15,2026-09-15T04:51:25.412693
AREC,LONG,CONVICTION,65.2,BULL_BOUNCE_PENDING,2.04,1.86,2.39,,564,1.98,FAVORABLE,2.08,LIMIT,20,MINOR,2026-09-15,2026-09-15T04:26:03.560432
WBD,LONG,CONVICTION,65.1,BULL_BOUNCE_PENDING,27.48,26.93,28.75,29.46,183,2.33,FAVORABLE,28.0413,LIMIT,7,COMPRESSION,2026-09-15,2026-09-15T04:29:36.982164
BBAI,LONG,CONVICTION,65.1,BULL_BOUNCE_PENDING,2.8,2.56,3.18,,405,1.53,FAVORABLE,2.8609,LIMIT,20,COMPRESSION,2026-09-15,2026-09-15T04:32:18.269231
GAP,LONG,CONVICTION,65.1,BULL_BOUNCE_PENDING,20.57,20.1,22.4,22.2,214,3.93,FAVORABLE,20.9892,LIMIT,20,COMPRESSION,2026-09-15,2026-09-15T04:38:25.376475
AGCO,SHORT,CONVICTION,65.1,BEAR_REJECTION_PENDING,125.66,127.17,118.19,107.64,66,4.96,FAVORABLE,123.9,LIMIT,20,CONVICTION,2026-09-15,2026-09-15T04:44:07.619156
PD,LONG,CONVICTION,65.1,BULL_BOUNCE_PENDING,14.46,14.02,15.36,15.91,224,2.01,FAVORABLE,14.76,LIMIT,5,COMPRESSION,2026-09-15,2026-09-15T04:53:46.265778
GCT,LONG,CONVICTION,65.0,BULL_BOUNCE_PENDING,50.71,46.46,53.25,,23,0.6,FAVORABLE,51.75,LIMIT,3,VACUUM,2026-09-15,2026-09-15T04:25:11.849182
BMY,LONG,CONVICTION,65.0,BULL_BOUNCE,63.98,62.68,67.24,67.4,76,2.5,FAVORABLE,63.98,LIMIT,20,COMPRESSION,2026-09-15,2026-09-15T04:29:59.393205
HCA,LONG,CONVICTION,65.0,BULL_BOUNCE_PENDING,417.72,412.16,432.46,474.1,17,2.65,FAVORABLE,423.0,LIMIT,6,CONVICTION,2026-09-15,2026-09-15T04:30:16.825303
SNOW,LONG,CONVICTION,65.0,BULL_BOUNCE,329.56,311.38,364.54,,5,1.92,FAVORABLE,329.56,LIMIT,20,CONVICTION,2026-09-15,2026-09-15T04:32:10.058216
STUB,LONG,CONVICTION,65.0,BULL_BOUNCE,6.03,5.74,6.56,6.92,346,1.84,FAVORABLE,6.03,LIMIT,20,COMPRESSION,2026-09-15,2026-09-15T04:33:12.677933
FRVO,SHORT,CONVICTION,65.0,BEAR_REJECTION_PENDING,15.28,15.81,14.52,,188,1.44,FAVORABLE,14.98,LIMIT,20,COMPRESSION,2026-09-15,2026-09-15T04:35:50.304037
TSLL,LONG,CONVICTION,65.0,BULL_BOUNCE,9.28,8.55,10.41,,136,1.54,FAVORABLE,9.28,LIMIT,20,COMPRESSION,2026-09-15,2026-09-15T04:37:15.365651
ORA,SHORT,CONVICTION,65.0,BEAR_REJECTION_PENDING,92.67,95.36,80.08,78.23,37,4.67,FAVORABLE,92.03,LIMIT,20,CONVICTION,2026-09-15,2026-09-15T04:39:08.801085
AMRX,SHORT,CONVICTION,65.0,BEAR_REJECTION_PENDING,17.27,17.53,15.47,14.72,388,7.0,FAVORABLE,17.22,LIMIT,20,COMPRESSION,2026-09-15,2026-09-15T04:41:15.814755
FDXF,SHORT,CONVICTION,65.0,BEAR_REJECTION_PENDING,131.78,134.26,124.59,124.59,40,2.91,FAVORABLE,129.2,LIMIT,20,COMPRESSION,2026-09-15,2026-09-15T04:43:08.492384
AMDL,LONG,CONVICTION,65.0,BULL_BOUNCE_PENDING,50.75,48.79,57.5,59.18,50,3.43,FAVORABLE,51.79,LIMIT,20,VACUUM,2026-09-15,2026-09-15T04:44:13.636710
WMG,LONG,CONVICTION,65.0,BULL_BOUNCE_PENDING,28.91,28.19,30.62,32.16,138,2.37,FAVORABLE,29.5,LIMIT,12,COMPRESSION,2026-09-15,2026-09-15T04:46:00.731021
BTCZ,SHORT,CONVICTION,65.0,BEAR_REJECTION_PENDING,3.64,4.16,3.46,,193,0.35,FAVORABLE,3.57,LIMIT,10,COMPRESSION,2026-09-15,2026-09-15T04:53:26.375058
STNG,LONG,CONVICTION,65.0,BULL_BOUNCE_PENDING,83.82,82.21,86.69,,62,1.79,FAVORABLE,85.46,LIMIT,7,MINOR,2026-09-15,2026-09-15T04:55:21.922193
ABM,LONG,CONVICTION,65.0,BULL_BOUNCE_PENDING,48.6,45.27,56.04,,30,2.24,FAVORABLE,49.59,LIMIT,16,CONVICTION,2026-09-15,2026-09-15T04:56:59.075577
LYTE,SHORT,CONVICTION,65.0,BEAR_REJECTION_PENDING,23.94,24.78,22.74,,118,1.42,FAVORABLE,23.47,LIMIT,20,COMPRESSION,2026-09-15,2026-09-15T04:57:12.894314
NAMS,LONG,CONVICTION,65.0,BULL_BOUNCE_PENDING,21.91,19.72,25.26,,45,1.53,FAVORABLE,22.36,LIMIT,20,CONVICTION,2026-09-15,2026-09-15T04:57:13.714314
GCDT,LONG,CONVICTION,65.0,BULL_BOUNCE,0.43,0.29,0.45,,741,0.15,FAVORABLE,0.4292,LIMIT,10,MINOR,2026-09-15,2026-09-15T04:57:18.268333
DRIP,LONG,CONVICTION,65.0,CHANNEL_BREAKOUT,33.01,32.22,34.29,35.9,127,1.63,FAVORABLE,33.01,LIMIT,20,COMPRESSION,2026-09-15,2026-09-15T04:58:26.559739
BTE,LONG,CONVICTION,64.9,BULL_BOUNCE_PENDING,4.93,4.86,5.05,5.29,1355,1.63,FAVORABLE,5.03,LIMIT,5,MINOR,2026-09-15,2026-09-15T04:26:37.403567
INTR,LONG,CONVICTION,64.9,BULL_BOUNCE_PENDING,5.47,5.34,6.1,6.29,770,4.87,FAVORABLE,5.58,LIMIT,20,COMPRESSION,2026-09-15,2026-09-15T04:31:29.577445
HOOG,SHORT,CONVICTION,64.9,BEAR_REJECTION_PENDING,32.6,34.09,29.28,28.12,67,2.23,FAVORABLE,32.1,LIMIT,20,VACUUM,2026-09-15,2026-09-15T04:55:33.211214
KEEL,LONG,CONVICTION,64.8,BULL_BOUNCE_PENDING,3.3,3.05,3.84,,398,2.14,FAVORABLE,3.3681,LIMIT,20,COMPRESSION,2026-09-15,2026-09-15T04:31:39.219137
ON,SHORT,CONVICTION,64.8,BEAR_REJECTION_PENDING,72.38,75.18,62.92,65.29,35,3.38,FAVORABLE,71.4,LIMIT,20,CONVICTION,2026-09-15,2026-09-15T04:31:38.109132
OSS,SHORT,CONVICTION,64.8,BEAR_REJECTION_PENDING,8.73,9.24,7.6,,197,2.24,FAVORABLE,8.7,LIMIT,20,COMPRESSION,2026-09-15,2026-09-15T04:33:53.523603
DGXX,LONG,CONVICTION,64.8,BULL_BOUNCE_PENDING,3.63,3.4,4.16,4.22,431,2.27,FAVORABLE,3.7044,LIMIT,20,COMPRESSION,2026-09-15,2026-09-15T04:34:12.199639
QTWO,LONG,CONVICTION,64.8,BULL_BOUNCE_PENDING,61.2,60.59,63.36,68.36,162,3.49,FAVORABLE,61.95,LIMIT,20,MINOR,2026-09-15,2026-09-15T04:43:39.186091
BEX,LONG,CONVICTION,64.8,BULL_BOUNCE_PENDING,30.64,26.93,32.18,,26,0.41,FAVORABLE,31.27,LIMIT,20,CONVICTION,2026-09-15,2026-09-15T04:50:41.118001
CRWL,LONG,CONVICTION,64.8,BULL_BOUNCE_PENDING,80.17,76.88,85.8,,30,1.71,FAVORABLE,81.81,LIMIT,20,VACUUM,2026-09-15,2026-09-15T04:52:42.310984
ERY,SHORT,CONVICTION,64.8,BEAR_REJECTION_PENDING,8.97,9.18,8.47,8.41,476,2.36,FAVORABLE,8.79,LIMIT,20,COMPRESSION,2026-09-15,2026-09-15T04:57:48.085987
RXT,LONG,CONVICTION,64.7,BULL_BOUNCE_PENDING,3.35,2.96,3.52,,254,0.43,FAVORABLE,3.42,LIMIT,20,MINOR,2026-09-15,2026-09-15T04:26:00.615426
RKLB,LONG,CONVICTION,64.7,BULL_BOUNCE_PENDING,60.7,57.35,71.21,71.21,29,3.14,FAVORABLE,61.94,LIMIT,20,COMPRESSION,2026-09-15,2026-09-15T04:31:23.792766
DOMO,LONG,CONVICTION,64.7,BULL_BOUNCE_PENDING,3.84,3.79,4.19,4.0,2056,7.2,FAVORABLE,3.89,LIMIT,20,MINOR,2026-09-15,2026-09-15T04:35:00.743334
MAIN,LONG,CONVICTION,64.7,BULL_BOUNCE_PENDING,55.95,55.47,63.5,63.5,206,15.6,FAVORABLE,56.4,LIMIT,20,COMPRESSION,2026-09-15,2026-09-15T04:36:19.659382
XHLD,LONG,CONVICTION,64.7,BULL_BOUNCE_PENDING,8.57,8.07,9.0,,199,0.86,FAVORABLE,8.67,LIMIT,18,MINOR,2026-09-15,2026-09-15T04:39:47.367308
SGI,LONG,CONVICTION,64.7,BULL_BOUNCE_PENDING,66.61,65.78,69.45,68.7,120,3.42,FAVORABLE,67.86,LIMIT,20,CONVICTION,2026-09-15,2026-09-15T04:55:17.728185
EQX,LONG,CONVICTION,64.6,BULL_BOUNCE_PENDING,11.66,11.49,11.94,12.8,584,1.61,FAVORABLE,11.75,LIMIT,20,COMPRESSION,2026-09-15,2026-09-15T04:28:14.404828
NVAX,LONG,CONVICTION,64.6,BULL_BOUNCE_PENDING,9.5,9.31,10.02,10.43,532,2.77,FAVORABLE,9.57,LIMIT,20,COMPRESSION,2026-09-15,2026-09-15T04:50:03.106328
TMHC,LONG,CONVICTION,64.5,BULL_BOUNCE_PENDING,72.28,71.77,73.47,,195,2.33,FAVORABLE,72.45,LIMIT,2,COMPRESSION,2026-09-15,2026-09-15T04:34:11.655645
VSH,SHORT,CONVICTION,64.5,BEAR_REJECTION_PENDING,31.17,32.25,28.2,26.34,92,2.75,FAVORABLE,30.6,LIMIT,20,COMPRESSION,2026-09-15,2026-09-15T04:37:23.176190
CELC,SHORT,CONVICTION,64.5,BEAR_REJECTION_PENDING,85.28,90.53,75.88,72.47,19,1.79,FAVORABLE,83.61,LIMIT,20,VACUUM,2026-09-15,2026-09-15T04:41:29.016792
RBA,LONG,CONVICTION,64.5,BULL_BOUNCE_PENDING,82.36,80.97,85.41,94.3,71,2.19,FAVORABLE,84.03,LIMIT,20,COMPRESSION,2026-09-15,2026-09-15T04:46:33.009090
IAUX,LONG,CONVICTION,64.4,BULL_BOUNCE_PENDING,1.69,1.63,1.77,1.89,1858,1.57,FAVORABLE,1.72,LIMIT,16,COMPRESSION,2026-09-15,2026-09-15T04:26:11.785980
ASST,LONG,CONVICTION,64.4,BULL_BOUNCE_PENDING,27.34,26.32,29.09,,97,1.71,FAVORABLE,27.9,LIMIT,20,MINOR,2026-09-15,2026-09-15T04:34:31.885216
BX,LONG,CONVICTION,64.4,BULL_BOUNCE,126.86,122.94,135.59,141.55,25,2.22,FAVORABLE,126.86,LIMIT,20,COMPRESSION,2026-09-15,2026-09-15T04:40:08.850384
WSHP,LONG,CONVICTION,64.4,BULL_BOUNCE_PENDING,5.29,5.08,6.1,6.11,468,3.79,FAVORABLE,5.4003,LIMIT,7,MINOR,2026-09-15,2026-09-15T04:52:33.653964
MIR,LONG,CONVICTION,64.4,BULL_BOUNCE_PENDING,15.16,14.97,15.6,16.37,500,2.18,FAVORABLE,15.3,LIMIT,20,COMPRESSION,2026-09-15,2026-09-15T04:54:05.245897
VFC,SHORT,CONVICTION,64.4,BEAR_REJECTION_PENDING,13.4,13.74,12.8,12.29,298,1.8,FAVORABLE,13.14,LIMIT,20,COMPRESSION,2026-09-15,2026-09-15T04:56:48.343997
BTU,LONG,CONVICTION,64.3,BULL_BOUNCE_PENDING,27.08,26.7,27.73,28.87,260,1.69,FAVORABLE,27.63,LIMIT,20,COMPRESSION,2026-09-15,2026-09-15T04:37:49.044876
WWD,SHORT,CONVICTION,64.3,BEAR_REJECTION_PENDING,326.59,338.95,294.68,280.0,8,2.58,FAVORABLE,324.67,LIMIT,20,CONVICTION,2026-09-15,2026-09-15T04:45:17.911398
MYRG,SHORT,CONVICTION,64.3,BEAR_REJECTION_PENDING,271.5,276.88,233.1,,18,7.14,FAVORABLE,271.0,LIMIT,20,CONVICTION,2026-09-15,2026-09-15T04:52:12.164858
ZM,LONG,CONVICTION,64.3,BULL_BOUNCE_PENDING,93.0,90.86,103.5,100.12,46,4.91,FAVORABLE,94.9,LIMIT,20,CONVICTION,2026-09-15,2026-09-15T04:53:15.167036
AGEN,LONG,CONVICTION,64.2,BULL_BOUNCE_PENDING,6.99,6.83,7.74,7.74,654,4.94,FAVORABLE,7.11,LIMIT,10,MINOR,2026-09-15,2026-09-15T04:24:56.404623
IRE,LONG,CONVICTION,64.2,BULL_BOUNCE_PENDING,10.0,9.2,11.47,,125,1.84,FAVORABLE,10.2,LIMIT,20,COMPRESSION,2026-09-15,2026-09-15T04:36:12.361752
CWK,LONG,CONVICTION,64.2,BULL_BOUNCE_PENDING,12.54,12.39,12.84,13.46,662,1.95,FAVORABLE,12.7,LIMIT,20,COMPRESSION,2026-09-15,2026-09-15T04:47:28.686904
GGLL,LONG,CONVICTION,64.2,BULL_BOUNCE_PENDING,99.86,97.91,112.38,109.94,51,6.43,FAVORABLE,101.45,LIMIT,20,CONVICTION,2026-09-15,2026-09-15T04:53:35.966616
PAYS,LONG,CONVICTION,64.1,BULL_BOUNCE_PENDING,12.69,12.38,13.37,13.91,321,2.17,FAVORABLE,12.9535,LIMIT,20,MINOR,2026-09-15,2026-09-15T04:23:53.536964
B,LONG,CONVICTION,64.1,BULL_BOUNCE_PENDING,41.75,41.28,42.47,44.66,215,1.56,FAVORABLE,42.1,LIMIT,20,CONVICTION,2026-09-15,2026-09-15T04:26:19.730994
ESNT,LONG,CONVICTION,64.1,BULL_BOUNCE_PENDING,68.46,67.84,69.44,,162,1.6,FAVORABLE,68.8,LIMIT,17,COMPRESSION,2026-09-15,2026-09-15T04:35:46.165031
NASA,SHORT,CONVICTION,64.1,BEAR_REJECTION_PENDING,22.88,23.56,21.76,21.06,147,1.65,FAVORABLE,22.5914,LIMIT,20,COMPRESSION,2026-09-15,2026-09-15T04:36:28.335480
VALE,LONG,CONVICTION,64.1,BULL_BOUNCE_PENDING,14.37,14.16,14.77,15.28,485,1.96,FAVORABLE,14.51,LIMIT,20,COMPRESSION,2026-09-15,2026-09-15T04:49:26.733702
EOSU,SHORT,CONVICTION,64.1,BEAR_REJECTION_PENDING,7.22,7.76,6.11,,185,2.06,FAVORABLE,7.1734,LIMIT,20,COMPRESSION,2026-09-15,2026-09-15T04:56:53.744022
KOS,LONG,CONVICTION,64.0,BULL_BOUNCE,2.97,2.81,3.14,,643,1.09,FAVORABLE,2.97,LIMIT,6,MINOR,2026-09-15,2026-09-15T04:26:58.465153
SBET,LONG,CONVICTION,64.0,BULL_BOUNCE_PENDING,8.6,8.39,9.51,9.94,461,4.18,FAVORABLE,8.78,LIMIT,20,COMPRESSION,2026-09-15,2026-09-15T04:27:26.746738
PANW,LONG,CONVICTION,64.0,BULL_BOUNCE_PENDING,363.29,356.69,386.0,395.63,15,3.44,FAVORABLE,368.44,LIMIT,20,MINOR,2026-09-15,2026-09-15T04:30:02.752874
QNST,LONG,CONVICTION,64.0,BULL_BOUNCE_PENDING,18.12,17.87,19.94,20.31,413,7.55,FAVORABLE,18.48,LIMIT,20,COMPRESSION,2026-09-15,2026-09-15T04:36:40.118501
IOND,LONG,CONVICTION,64.0,BULL_BOUNCE_PENDING,78.92,77.54,82.5,82.38,72,2.58,FAVORABLE,79.86,LIMIT,20,COMPRESSION,2026-09-15,2026-09-15T04:42:00.535503
AGX,SHORT,CONVICTION,64.0,BEAR_REJECTION_PENDING,396.61,404.17,356.35,352.09,13,5.32,FAVORABLE,392.56,LIMIT,20,CONVICTION,2026-09-15,2026-09-15T04:44:07.708155
BGC,LONG,CONVICTION,64.0,BULL_BOUNCE_PENDING,11.92,10.83,12.51,,91,0.55,FAVORABLE,12.16,LIMIT,3,MINOR,2026-09-15,2026-09-15T04:49:39.714727
WLTH,LONG,CONVICTION,63.9,BULL_BOUNCE_PENDING,10.52,9.18,11.04,,74,0.39,FAVORABLE,10.7332,LIMIT,1,MINOR,2026-09-15,2026-09-15T04:57:56.890020
HL,LONG,CONVICTION,63.8,BULL_BOUNCE_PENDING,18.44,18.13,19.02,20.03,323,1.89,FAVORABLE,18.68,LIMIT,20,COMPRESSION,2026-09-15,2026-09-15T04:28:34.747862
ALH,LONG,CONVICTION,63.8,BULL_BOUNCE_PENDING,20.84,19.58,23.06,24.1,78,1.75,FAVORABLE,21.27,LIMIT,20,COMPRESSION,2026-09-15,2026-09-15T04:46:51.838480
AEO,LONG,CONVICTION,63.8,BULL_BOUNCE_PENDING,15.11,14.14,17.11,17.45,103,2.06,FAVORABLE,15.4217,LIMIT,15,COMPRESSION,2026-09-15,2026-09-15T04:50:39.459998
SGRY,LONG,CONVICTION,63.8,BULL_BOUNCE_PENDING,13.76,13.48,15.05,14.68,353,4.57,FAVORABLE,14.04,LIMIT,20,COMPRESSION,2026-09-15,2026-09-15T04:54:25.740995
MDT,LONG,CONVICTION,63.6,BULL_BOUNCE_PENDING,93.17,92.45,96.86,96.41,138,5.1,FAVORABLE,93.79,LIMIT,20,CONVICTION,2026-09-15,2026-09-15T04:28:56.733437
PGY,LONG,CONVICTION,63.6,BULL_BOUNCE_PENDING,20.71,19.96,21.83,24.0,133,1.51,FAVORABLE,21.1288,LIMIT,20,MINOR,2026-09-15,2026-09-15T04:34:18.235647
TPG,SHORT,CONVICTION,63.6,BEAR_REJECTION_PENDING,48.94,50.75,44.23,44.23,55,2.6,FAVORABLE,47.98,LIMIT,20,COMPRESSION,2026-09-15,2026-09-15T04:43:50.258114
AEHL,LONG,CONVICTION,63.6,BULL_BOUNCE_PENDING,4.84,4.26,5.08,,173,0.42,FAVORABLE,4.94,LIMIT,20,CONVICTION,2026-09-15,2026-09-15T04:53:53.745336
TSDD,SHORT,CONVICTION,63.6,BEAR_REJECTION_PENDING,8.13,8.33,7.43,7.36,496,3.47,FAVORABLE,8.07,LIMIT,20,COMPRESSION,2026-09-15,2026-09-15T04:56:44.704979
COO,LONG,CONVICTION,63.6,BULL_BOUNCE_PENDING,53.11,51.05,55.76,,48,1.29,FAVORABLE,54.19,LIMIT,5,MINOR,2026-09-15,2026-09-15T04:57:46.432982
PGEN,LONG,CONVICTION,63.5,BULL_BOUNCE_PENDING,6.8,6.71,7.15,7.43,1152,4.03,FAVORABLE,6.8892,LIMIT,20,MINOR,2026-09-15,2026-09-15T04:24:17.859546
DNN,LONG,CONVICTION,63.5,BULL_BOUNCE_PENDING,2.82,2.72,3.26,3.09,935,4.09,FAVORABLE,2.88,LIMIT,20,COMPRESSION,2026-09-15,2026-09-15T04:26:06.496436
EQPT,LONG,CONVICTION,63.5,BULL_BOUNCE,18.26,17.26,20.33,20.89,100,2.08,FAVORABLE,18.26,LIMIT,20,COMPRESSION,2026-09-15,2026-09-15T04:41:47.052378
STNE,SHORT,CONVICTION,63.5,BEAR_REJECTION_PENDING,9.96,10.15,8.62,8.64,524,7.03,FAVORABLE,9.83,LIMIT,20,COMPRESSION,2026-09-15,2026-09-15T04:55:19.601188
CRCG,SHORT,CONVICTION,63.5,BEAR_REJECTION_PENDING,15.72,16.63,13.54,13.54,109,2.39,FAVORABLE,15.5,LIMIT,20,COMPRESSION,2026-09-15,2026-09-15T04:55:39.637227
HNST,LONG,CONVICTION,63.4,BULL_BOUNCE_PENDING,5.44,5.3,6.24,5.98,711,5.7,FAVORABLE,5.55,LIMIT,20,COMPRESSION,2026-09-15,2026-09-15T04:23:47.520948
CPNG,LONG,CONVICTION,63.4,BULL_BOUNCE,15.05,14.58,16.44,16.5,213,2.96,FAVORABLE,15.05,LIMIT,20,COMPRESSION,2026-09-15,2026-09-15T04:29:51.200682
TOST,SHORT,CONVICTION,63.4,BEAR_REJECTION_PENDING,33.64,34.12,32.53,31.11,208,2.3,FAVORABLE,33.3,LIMIT,20,COMPRESSION,2026-09-15,2026-09-15T04:32:23.009238
APA,LONG,CONVICTION,63.4,BULL_BOUNCE_PENDING,44.88,44.44,46.23,,229,3.11,FAVORABLE,45.12,LIMIT,2,MINOR,2026-09-15,2026-09-15T04:35:09.725884
RBRK,LONG,CONVICTION,63.4,BULL_BOUNCE_PENDING,95.35,89.48,107.02,,17,1.99,FAVORABLE,97.3,LIMIT,20,CONVICTION,2026-09-15,2026-09-15T04:39:15.614096
SCCO,LONG,CONVICTION,63.4,BULL_BOUNCE_PENDING,184.58,181.83,196.83,201.92,36,4.45,FAVORABLE,188.35,LIMIT,20,CONVICTION,2026-09-15,2026-09-15T04:49:24.222698
SMWB,LONG,CONVICTION,63.3,BULL_BOUNCE_PENDING,8.44,8.06,9.71,9.5,262,3.35,FAVORABLE,8.608,LIMIT,20,COMPRESSION,2026-09-15,2026-09-15T04:25:06.836173
STLA,SHORT,CONVICTION,63.3,BEAR_REJECTION_PENDING,5.26,5.43,5.0,,598,1.57,FAVORABLE,5.18,LIMIT,20,COMPRESSION,2026-09-15,2026-09-15T04:32:02.336201
ETHA,LONG,CONVICTION,63.3,BULL_BOUNCE_PENDING,18.57,18.38,20.6,21.34,528,10.74,FAVORABLE,18.66,LIMIT,20,COMPRESSION,2026-09-15,2026-09-15T04:47:36.262749
VKTX,SHORT,CONVICTION,63.3,BEAR_REJECTION_PENDING,31.7,32.14,30.52,29.14,227,2.68,FAVORABLE,31.53,LIMIT,20,COMPRESSION,2026-09-15,2026-09-15T04:48:35.782749
AROC,LONG,CONVICTION,63.3,BULL_BOUNCE_PENDING,29.88,28.44,32.27,33.33,69,1.66,FAVORABLE,30.49,LIMIT,20,COMPRESSION,2026-09-15,2026-09-15T04:51:55.897820
MBGL,LONG,CONVICTION,63.2,BULL_BOUNCE_PENDING,19.85,19.47,20.59,22.11,262,1.93,FAVORABLE,20.26,LIMIT,19,MINOR,2026-09-15,2026-09-15T04:26:04.277432
SOLS,LONG,CONVICTION,63.2,BULL_BOUNCE_PENDING,56.91,52.42,64.45,,22,1.68,FAVORABLE,58.0675,LIMIT,20,CONVICTION,2026-09-15,2026-09-15T04:53:23.230051
GRAF,LONG,CONVICTION,63.1,BULL_BOUNCE_PENDING,10.74,10.65,11.05,11.05,1069,3.37,FAVORABLE,10.82,LIMIT,3,MINOR,2026-09-15,2026-09-15T04:34:08.522630
RRR,LONG,CONVICTION,63.1,BULL_BOUNCE_PENDING,53.32,49.87,59.21,61.6,28,1.71,FAVORABLE,54.41,LIMIT,20,COMPRESSION,2026-09-15,2026-09-15T04:40:49.399669
CBRL,SHORT,CONVICTION,63.1,BEAR_REJECTION_PENDING,50.99,51.88,47.16,44.81,112,4.31,FAVORABLE,50.25,LIMIT,20,COMPRESSION,2026-09-15,2026-09-15T04:45:37.359435
AEON,LONG,CONVICTION,63.0,BULL_BOUNCE_PENDING,0.27,0.23,0.28,,2365,0.32,FAVORABLE,0.2734,LIMIT,5,MINOR,2026-09-15,2026-09-15T04:24:00.121509
NXE,LONG,CONVICTION,63.0,BULL_BOUNCE_PENDING,9.31,8.83,10.35,10.46,206,2.15,FAVORABLE,9.5,LIMIT,20,COMPRESSION,2026-09-15,2026-09-15T04:26:08.919441
CPRT,LONG,CONVICTION,63.0,BULL_BOUNCE_PENDING,31.13,29.72,35.43,,70,3.04,FAVORABLE,31.77,LIMIT,20,COMPRESSION,2026-09-15,2026-09-15T04:29:44.666142
CSX,LONG,CONVICTION,63.0,BULL_BOUNCE_PENDING,47.66,45.23,51.82,,41,1.72,FAVORABLE,48.63,LIMIT,20,COMPRESSION,2026-09-15,2026-09-15T04:30:13.514404
BTDR,LONG,CONVICTION,63.0,BULL_BOUNCE,11.59,10.72,11.99,,114,0.46,FAVORABLE,11.59,LIMIT,20,COMPRESSION,2026-09-15,2026-09-15T04:30:20.444190
PTEN,LONG,CONVICTION,63.0,BULL_BOUNCE_PENDING,12.13,11.44,12.74,,144,0.88,FAVORABLE,12.38,LIMIT,18,MINOR,2026-09-15,2026-09-15T04:30:34.198357
BB,LONG,CONVICTION,63.0,BULL_BOUNCE_PENDING,7.53,6.6,7.9,,108,0.41,FAVORABLE,7.68,LIMIT,20,MINOR,2026-09-15,2026-09-15T04:31:53.809187
OBAI,LONG,CONVICTION,63.0,BULL_BOUNCE,0.32,0.28,0.33,,2512,0.26,FAVORABLE,0.3198,LIMIT,20,COMPRESSION,2026-09-15,2026-09-15T04:33:49.051067
NCRA,LONG,CONVICTION,63.0,BULL_BOUNCE,2.29,1.96,2.36,,305,0.21,FAVORABLE,2.29,LIMIT,11,MINOR,2026-09-15,2026-09-15T04:34:56.023328
OLLI,LONG,CONVICTION,63.0,BULL_BOUNCE_PENDING,75.48,73.16,80.59,81.57,43,2.2,FAVORABLE,77.02,LIMIT,9,MINOR,2026-09-15,2026-09-15T04:36:35.307495
SWKS,LONG,CONVICTION,63.0,BULL_BOUNCE_PENDING,77.19,73.63,90.4,89.42,28,3.71,FAVORABLE,78.77,LIMIT,20,CONVICTION,2026-09-15,2026-09-15T04:37:11.505637
FSLY,LONG,CONVICTION,63.0,BULL_BOUNCE_PENDING,24.4,22.71,28.6,28.6,59,2.48,FAVORABLE,24.9,LIMIT,11,MINOR,2026-09-15,2026-09-15T04:38:20.643466
IT,LONG,CONVICTION,63.0,BULL_BOUNCE_PENDING,193.13,186.23,212.6,224.81,14,2.82,FAVORABLE,197.07,LIMIT,9,COMPRESSION,2026-09-15,2026-09-15T04:38:36.139494
SOXS,LONG,CONVICTION,63.0,BULL_BOUNCE_PENDING,51.38,50.16,53.45,58.0,82,1.71,FAVORABLE,51.93,LIMIT,7,MINOR,2026-09-15,2026-09-15T04:39:27.941121
AEHR,LONG,CONVICTION,63.0,BULL_BOUNCE_PENDING,81.62,74.93,85.71,,14,0.61,FAVORABLE,83.29,LIMIT,20,CONVICTION,2026-09-15,2026-09-15T04:39:56.308339
BRSL,SHORT,CONVICTION,63.0,BEAR_REJECTION_PENDING,10.74,10.85,10.45,10.08,877,2.54,FAVORABLE,10.69,LIMIT,20,COMPRESSION,2026-09-15,2026-09-15T04:46:51.857481
ANDG,LONG,CONVICTION,63.0,BULL_BOUNCE_PENDING,55.39,54.08,58.16,,76,2.12,FAVORABLE,56.52,LIMIT,8,VACUUM,2026-09-15,2026-09-15T04:48:43.817080
AXGN,LONG,CONVICTION,63.0,BULL_BOUNCE_PENDING,42.86,41.5,47.19,47.26,73,3.2,FAVORABLE,43.73,LIMIT,20,CONVICTION,2026-09-15,2026-09-15T04:49:37.163722
CX,SHORT,CONVICTION,63.0,BEAR_REJECTION_PENDING,10.51,10.74,9.1,9.58,428,6.04,FAVORABLE,10.45,LIMIT,20,COMPRESSION,2026-09-15,2026-09-15T04:49:43.563734
NVDQ,LONG,CONVICTION,63.0,BULL_BOUNCE_PENDING,9.38,8.96,10.17,10.83,241,1.91,FAVORABLE,9.57,LIMIT,17,COMPRESSION,2026-09-15,2026-09-15T04:50:52.747023
REAX,LONG,CONVICTION,63.0,BULL_BOUNCE,19.81,17.45,20.4,,42,0.25,FAVORABLE,19.81,LIMIT,20,COMPRESSION,2026-09-15,2026-09-15T04:51:33.593254
PAGP,LONG,CONVICTION,63.0,BULL_BOUNCE_PENDING,27.76,26.79,29.15,,102,1.43,FAVORABLE,28.33,LIMIT,2,MINOR,2026-09-15,2026-09-15T04:52:17.814859
QNRX,LONG,CONVICTION,63.0,BULL_BOUNCE_CONFIRMED,6.85,6.53,7.35,,308,1.54,FAVORABLE,6.8503,LIMIT,20,MINOR,2026-09-15,2026-09-15T04:53:20.987046
CNX,LONG,CONVICTION,63.0,BULL_BOUNCE_PENDING,34.68,32.5,38.91,,45,1.93,FAVORABLE,35.39,LIMIT,20,COMPRESSION,2026-09-15,2026-09-15T04:54:17.362980
SNAP,LONG,CONVICTION,62.9,BULL_BOUNCE_PENDING,5.71,5.61,6.03,5.94,1002,3.26,FAVORABLE,5.76,LIMIT,10,MINOR,2026-09-15,2026-09-15T04:27:19.968727
SPAL,LONG,CONVICTION,62.9,BULL_BOUNCE_PENDING,16.36,14.1,17.17,,44,0.36,FAVORABLE,16.69,LIMIT,20,MINOR,2026-09-15,2026-09-15T04:36:52.393525
MRVI,LONG,CONVICTION,62.9,BULL_BOUNCE_PENDING,6.55,6.34,7.3,7.08,478,3.58,FAVORABLE,6.685,LIMIT,20,COMPRESSION,2026-09-15,2026-09-15T04:48:12.155275
TSLT,LONG,CONVICTION,62.9,BULL_BOUNCE_PENDING,12.63,11.58,14.68,,95,1.95,FAVORABLE,12.89,LIMIT,20,COMPRESSION,2026-09-15,2026-09-15T04:54:06.684904
SMR,SHORT,CONVICTION,62.8,BEAR_REJECTION_PENDING,8.51,8.74,7.59,7.73,435,4.01,FAVORABLE,8.45,LIMIT,20,COMPRESSION,2026-09-15,2026-09-15T04:24:05.390526
OI,SHORT,CONVICTION,62.8,BEAR_REJECTION_PENDING,6.46,6.56,6.14,,974,3.15,FAVORABLE,6.41,LIMIT,20,COMPRESSION,2026-09-15,2026-09-15T04:30:46.484827
HONA,LONG,CONVICTION,62.8,BULL_BOUNCE_PENDING,160.31,156.95,169.0,170.01,29,2.58,FAVORABLE,163.5852,LIMIT,19,MINOR,2026-09-15,2026-09-15T04:36:10.054748
DFSC,LONG,CONVICTION,62.8,BULL_BOUNCE_PENDING,1.29,1.17,1.36,,780,0.5,FAVORABLE,1.3201,LIMIT,20,MINOR,2026-09-15,2026-09-15T04:44:27.158742
ETH,LONG,CONVICTION,62.8,BULL_BOUNCE_PENDING,23.13,22.71,25.81,26.13,242,6.49,FAVORABLE,23.6,LIMIT,20,COMPRESSION,2026-09-15,2026-09-15T04:47:35.229207
DG,LONG,CONVICTION,62.8,BULL_BOUNCE_PENDING,126.52,124.79,144.75,135.95,57,10.57,FAVORABLE,129.1,LIMIT,20,CONVICTION,2026-09-15,2026-09-15T04:54:19.867984
SST,LONG,CONVICTION,62.8,BULL_BOUNCE_PENDING,3.14,2.95,3.48,3.6,520,1.76,FAVORABLE,3.2,LIMIT,12,COMPRESSION,2026-09-15,2026-09-15T04:55:37.261219
CLSK,LONG,CONVICTION,62.7,BULL_BOUNCE_PENDING,12.76,11.1,13.4,,60,0.38,FAVORABLE,13.02,LIMIT,20,MINOR,2026-09-15,2026-09-15T04:27:17.140721
CRSP,LONG,CONVICTION,62.7,BULL_BOUNCE_PENDING,51.55,50.85,54.45,56.55,143,4.15,FAVORABLE,52.55,LIMIT,20,CONVICTION,2026-09-15,2026-09-15T04:47:27.652792
AGNC,LONG,CONVICTION,62.5,BULL_BOUNCE_PENDING,9.88,8.41,10.37,,67,0.34,FAVORABLE,10.08,LIMIT,20,COMPRESSION,2026-09-15,2026-09-15T04:30:12.968799
ADSK,LONG,CONVICTION,62.5,BULL_BOUNCE_PENDING,225.84,222.47,232.08,253.48,29,1.86,FAVORABLE,228.0,LIMIT,20,CONVICTION,2026-09-15,2026-09-15T04:37:30.597274
FOUR,LONG,CONVICTION,62.5,BULL_BOUNCE_PENDING,45.19,44.31,47.45,47.86,113,2.58,FAVORABLE,45.35,LIMIT,20,CONVICTION,2026-09-15,2026-09-15T04:38:20.076465
VSAT,LONG,CONVICTION,62.5,BULL_BOUNCE_PENDING,71.31,70.15,77.52,75.55,85,5.34,FAVORABLE,71.68,LIMIT,20,VACUUM,2026-09-15,2026-09-15T04:39:39.925685
POST,LONG,CONVICTION,62.5,BULL_BOUNCE_PENDING,79.31,78.6,84.39,81.92,140,7.16,FAVORABLE,79.37,LIMIT,20,COMPRESSION,2026-09-15,2026-09-15T04:42:21.596106
PINS,LONG,CONVICTION,62.5,BULL_BOUNCE_PENDING,19.26,18.84,20.2,22.09,240,2.27,FAVORABLE,19.65,LIMIT,20,COMPRESSION,2026-09-15,2026-09-15T04:44:55.274343
ALAB,LONG,CONVICTION,62.5,BULL_BOUNCE_PENDING,252.5,246.55,269.25,269.25,16,2.82,FAVORABLE,255.7,LIMIT,20,CONVICTION,2026-09-15,2026-09-15T04:55:47.209781
CAMT,LONG,CONVICTION,62.5,BULL_BOUNCE_PENDING,132.76,130.53,136.94,153.41,44,1.88,FAVORABLE,133.84,LIMIT,20,CONVICTION,2026-09-15,2026-09-15T04:55:53.303326
KD,LONG,CONVICTION,62.4,BULL_BOUNCE_PENDING,13.41,13.08,14.6,,310,3.71,FAVORABLE,13.68,LIMIT,2,COMPRESSION,2026-09-15,2026-09-15T04:33:43.899060
NTRA,LONG,CONVICTION,62.4,BULL_BOUNCE_PENDING,339.32,336.28,356.28,,32,5.59,FAVORABLE,342.9936,LIMIT,0,NONE,2026-09-15,2026-09-15T04:58:28.414747
MHK,SHORT,CONVICTION,62.3,BEAR_REJECTION_PENDING,129.06,130.37,115.66,123.1,76,10.24,FAVORABLE,128.01,LIMIT,20,COMPRESSION,2026-09-15,2026-09-15T04:55:08.923167
PCLA,LONG,CONVICTION,62.2,BULL_BOUNCE_PENDING,7.12,6.7,7.85,8.11,236,1.72,FAVORABLE,7.21,LIMIT,14,CONVICTION,2026-09-15,2026-09-15T04:57:41.997961
AVT,LONG,CONVICTION,62.2,BULL_BOUNCE_PENDING,91.28,90.25,96.16,96.16,96,4.72,FAVORABLE,92.34,LIMIT,20,MINOR,2026-09-15,2026-09-15T04:58:06.047053
NUTX,LONG,CONVICTION,62.1,BULL_BOUNCE_PENDING,214.51,211.28,225.23,,31,3.33,FAVORABLE,215.0,LIMIT,4,MINOR,2026-09-15,2026-09-15T04:25:46.684405
MBLY,LONG,CONVICTION,62.1,BULL_BOUNCE_PENDING,7.99,6.84,8.39,,86,0.35,FAVORABLE,8.155,LIMIT,20,COMPRESSION,2026-09-15,2026-09-15T04:26:16.195988
ACHR,LONG,CONVICTION,62.1,BULL_BOUNCE_PENDING,5.31,5.2,5.51,6.21,928,1.84,FAVORABLE,5.42,LIMIT,20,COMPRESSION,2026-09-15,2026-09-15T04:27:32.510750
ACM,SHORT,CONVICTION,62.1,BEAR_REJECTION_PENDING,65.59,66.37,64.23,63.51,128,1.74,FAVORABLE,64.6318,LIMIT,20,COMPRESSION,2026-09-15,2026-09-15T04:46:52.438161
UWMC,LONG,CONVICTION,62.0,BULL_BOUNCE,1.33,1.24,1.46,,1165,1.51,FAVORABLE,1.3307,LIMIT,16,COMPRESSION,2026-09-15,2026-09-15T04:32:30.361256
MVIS,LONG,CONVICTION,62.0,BULL_BOUNCE,1.63,1.51,1.87,,828,1.99,FAVORABLE,1.63,LIMIT,12,MINOR,2026-09-15,2026-09-15T04:32:48.135889
TPET,LONG,CONVICTION,62.0,BULL_BOUNCE_CONFIRMED,1.96,1.86,2.16,,1012,2.02,FAVORABLE,1.96,LIMIT,17,MINOR,2026-09-15,2026-09-15T04:33:14.576948
LTH,LONG,CONVICTION,62.0,BULL_BOUNCE_PENDING,41.32,40.64,44.35,44.3,146,4.43,FAVORABLE,42.0,LIMIT,20,COMPRESSION,2026-09-15,2026-09-15T04:40:32.560537
EROC,LONG,CONVICTION,62.0,BULL_BOUNCE,11.4,10.26,12.25,,87,0.75,FAVORABLE,11.4001,LIMIT,20,COMPRESSION,2026-09-15,2026-09-15T04:41:47.080377
BNTX,LONG,CONVICTION,62.0,BULL_BOUNCE_PENDING,97.29,96.16,102.34,111.69,88,4.47,FAVORABLE,98.02,LIMIT,20,CONVICTION,2026-09-15,2026-09-15T04:49:40.922729
DJT,LONG,CONVICTION,62.0,BULL_BOUNCE_PENDING,8.57,8.27,9.46,9.93,331,2.94,FAVORABLE,8.75,LIMIT,20,MINOR,2026-09-15,2026-09-15T04:49:46.693742
CNK,LONG,CONVICTION,62.0,BULL_BOUNCE_PENDING,34.33,33.81,37.17,36.06,192,5.46,FAVORABLE,34.83,LIMIT,20,COMPRESSION,2026-09-15,2026-09-15T04:50:43.447006
MIMI,LONG,CONVICTION,62.0,BULL_BOUNCE_PENDING,0.97,0.85,1.02,,829,0.4,FAVORABLE,0.9924,LIMIT,5,MINOR,2026-09-15,2026-09-15T04:52:39.837972
BMNR,LONG,CONVICTION,61.8,BULL_BOUNCE_PENDING,24.36,23.81,27.75,25.69,182,6.21,FAVORABLE,24.54,LIMIT,20,CONVICTION,2026-09-15,2026-09-15T04:25:17.921196
CELU,LONG,CONVICTION,61.8,BULL_BOUNCE_PENDING,1.39,1.28,1.62,,909,2.09,FAVORABLE,1.41,LIMIT,4,MINOR,2026-09-15,2026-09-15T04:52:57.019005
VBIO,SHORT,CONVICTION,61.7,BEAR_REJECTION_PENDING,2.27,2.42,2.16,,687,0.78,FAVORABLE,2.2659,LIMIT,20,MINOR,2026-09-15,2026-09-15T04:31:31.193583
OPTX,LONG,CONVICTION,61.7,BULL_BOUNCE_PENDING,6.76,6.37,7.73,,257,2.49,FAVORABLE,6.9,LIMIT,20,MINOR,2026-09-15,2026-09-15T04:34:32.629216
TFC,LONG,CONVICTION,61.6,BULL_BOUNCE_PENDING,48.81,48.4,50.35,50.35,243,3.75,FAVORABLE,49.75,LIMIT,20,COMPRESSION,2026-09-15,2026-09-15T04:28:00.146800
KLAR,SHORT,CONVICTION,61.6,BEAR_REJECTION_PENDING,14.32,14.48,13.83,12.57,617,3.02,FAVORABLE,14.1,LIMIT,20,COMPRESSION,2026-09-15,2026-09-15T04:43:16.120941
BOIL,SHORT,CONVICTION,61.6,BEAR_REJECTION_PENDING,20.58,22.77,19.55,,45,0.47,FAVORABLE,20.18,LIMIT,19,COMPRESSION,2026-09-15,2026-09-15T04:46:11.041044
HSAI,LONG,CONVICTION,61.6,BULL_BOUNCE_PENDING,16.66,16.41,17.06,17.31,402,1.62,FAVORABLE,16.83,LIMIT,20,COMPRESSION,2026-09-15,2026-09-15T04:46:19.567065
CELH,SHORT,CONVICTION,61.5,BEAR_REJECTION_PENDING,29.03,29.71,27.53,27.5,147,2.22,FAVORABLE,28.4615,LIMIT,20,COMPRESSION,2026-09-15,2026-09-15T04:35:25.159452
CNXC,SHORT,CONVICTION,61.5,BEAR_REJECTION_PENDING,29.27,29.91,25.54,27.13,156,5.86,FAVORABLE,29.2,LIMIT,20,COMPRESSION,2026-09-15,2026-09-15T04:47:23.795901
CSGP,LONG,CONVICTION,61.4,BULL_BOUNCE_PENDING,31.21,30.39,36.2,34.62,121,6.08,FAVORABLE,31.85,LIMIT,12,COMPRESSION,2026-09-15,2026-09-15T04:30:11.551204
AAL,LONG,CONVICTION,61.4,BULL_BOUNCE_PENDING,12.71,11.79,14.77,,108,2.23,FAVORABLE,12.97,LIMIT,20,COMPRESSION,2026-09-15,2026-09-15T04:33:20.040947
CRSR,LONG,CONVICTION,61.4,BULL_BOUNCE_PENDING,12.66,12.48,13.02,13.83,554,1.99,FAVORABLE,12.8492,LIMIT,14,MINOR,2026-09-15,2026-09-15T04:35:33.844007
PSNYW,LONG,CONVICTION,61.4,BULL_BOUNCE_PENDING,4.17,3.81,4.83,,275,1.8,FAVORABLE,4.26,LIMIT,20,COMPRESSION,2026-09-15,2026-09-15T04:51:10.209131
NLR,LONG,CONVICTION,61.4,BULL_BOUNCE_PENDING,107.8,105.95,120.29,121.99,54,6.77,FAVORABLE,110.0,LIMIT,20,CONVICTION,2026-09-15,2026-09-15T04:51:29.521701
FMX,SHORT,CONVICTION,61.4,BEAR_REJECTION_PENDING,121.49,123.52,107.58,113.69,49,6.84,FAVORABLE,121.26,LIMIT,20,CONVICTION,2026-09-15,2026-09-15T04:58:27.402739
DDD,LONG,CONVICTION,61.3,BULL_BOUNCE_PENDING,3.17,3.12,3.25,3.66,1927,1.54,FAVORABLE,3.23,LIMIT,20,COMPRESSION,2026-09-15,2026-09-15T04:24:40.613591
AEG,LONG,CONVICTION,61.3,BULL_BOUNCE_PENDING,8.88,8.75,9.39,9.45,753,3.85,FAVORABLE,9.06,LIMIT,20,MINOR,2026-09-15,2026-09-15T04:27:20.889728
RCAT,LONG,CONVICTION,61.3,BULL_BOUNCE_PENDING,7.64,6.74,8.03,,110,0.42,FAVORABLE,7.8,LIMIT,20,MINOR,2026-09-15,2026-09-15T04:27:55.310792
SIMO,LONG,CONVICTION,61.3,BULL_BOUNCE_PENDING,237.62,231.95,267.96,263.0,17,5.35,FAVORABLE,239.5,LIMIT,20,CONVICTION,2026-09-15,2026-09-15T04:42:32.990132
GGB,LONG,CONVICTION,61.3,BULL_BOUNCE_PENDING,4.78,4.67,5.05,5.05,863,2.31,FAVORABLE,4.88,LIMIT,20,COMPRESSION,2026-09-15,2026-09-15T04:54:55.763119
HRI,SHORT,CONVICTION,61.2,BEAR_REJECTION_PENDING,143.23,148.43,132.51,127.57,19,2.06,FAVORABLE,140.42,LIMIT,20,MINOR,2026-09-15,2026-09-15T04:56:34.980943
RKT,LONG,CONVICTION,61.1,BULL_BOUNCE_PENDING,12.95,11.57,13.59,,72,0.47,FAVORABLE,13.21,LIMIT,20,COMPRESSION,2026-09-15,2026-09-15T04:31:34.135124
INBX,LONG,CONVICTION,61.1,BULL_BOUNCE_PENDING,110.11,107.09,117.22,120.59,33,2.36,FAVORABLE,110.47,LIMIT,19,CONVICTION,2026-09-15,2026-09-15T04:51:24.538691
SAM,LONG,CONVICTION,61.1,BULL_BOUNCE,171.34,165.04,181.5,191.4,15,1.61,FAVORABLE,171.34,LIMIT,20,CONVICTION,2026-09-15,2026-09-15T04:57:52.350001
IPDN,LONG,CONVICTION,61.0,CHANNEL_RECLAIM_LONG,3.1,2.7,3.26,,249,0.39,FAVORABLE,3.1,LIMIT,4,MINOR,2026-09-15,2026-09-15T04:24:09.817531
IBTA,LONG,CONVICTION,61.0,CHANNEL_RECLAIM_LONG,42.4,39.5,44.51,,34,0.73,FAVORABLE,42.395,LIMIT,17,COMPRESSION,2026-09-15,2026-09-15T04:25:23.663277
CMG,LONG,CONVICTION,61.0,BULL_BOUNCE_PENDING,36.36,36.05,37.41,38.5,316,3.31,FAVORABLE,37.0,LIMIT,19,MINOR,2026-09-15,2026-09-15T04:31:34.421125
PR,LONG,CONVICTION,61.0,CHANNEL_RECLAIM_LONG,23.76,22.87,24.95,,111,1.33,FAVORABLE,23.76,LIMIT,14,MINOR,2026-09-15,2026-09-15T04:32:15.961226
SES,LONG,CONVICTION,61.0,BULL_BOUNCE_PENDING,0.59,0.54,0.69,,1914,1.95,FAVORABLE,0.6002,LIMIT,12,COMPRESSION,2026-09-15,2026-09-15T04:33:00.663911
COHR,LONG,CONVICTION,61.0,BULL_BOUNCE_PENDING,267.37,262.03,283.75,292.0,18,3.07,FAVORABLE,267.7715,LIMIT,20,CONVICTION,2026-09-15,2026-09-15T04:32:58.123908
INGM,SHORT,CONVICTION,61.0,BEAR_REJECTION_PENDING,26.89,27.69,24.82,24.82,125,2.59,FAVORABLE,26.85,LIMIT,20,COMPRESSION,2026-09-15,2026-09-15T04:34:18.423647
BSP,LONG,CONVICTION,61.0,BULL_BOUNCE_PENDING,40.73,39.93,43.11,46.83,126,3.02,FAVORABLE,41.0,LIMIT,20,COMPRESSION,2026-09-15,2026-09-15T04:37:46.285875
MSTZ,LONG,CONVICTION,61.0,CHANNEL_RECLAIM_LONG,4.32,3.86,4.54,,217,0.47,FAVORABLE,4.32,LIMIT,15,COMPRESSION,2026-09-15,2026-09-15T04:38:54.620058
ZS,LONG,CONVICTION,61.0,BULL_BOUNCE_PENDING,188.87,185.59,199.76,198.23,30,3.32,FAVORABLE,189.1,LIMIT,20,COMPRESSION,2026-09-15,2026-09-15T04:39:48.616312
LABD,LONG,CONVICTION,61.0,CHANNEL_RECLAIM_LONG,7.36,6.98,8.26,8.29,262,2.37,FAVORABLE,7.36,LIMIT,20,COMPRESSION,2026-09-15,2026-09-15T04:43:17.747948
OMER,LONG,CONVICTION,61.0,BULL_BOUNCE_PENDING,17.11,16.86,17.84,19.16,404,2.99,FAVORABLE,17.4,LIMIT,20,MINOR,2026-09-15,2026-09-15T04:48:25.491368
TRUG,LONG,CONVICTION,61.0,CHANNEL_RECLAIM_LONG,0.62,0.57,0.7,,1964,1.55,FAVORABLE,0.6185,LIMIT,4,MINOR,2026-09-15,2026-09-15T04:51:47.666274
PAA,LONG,CONVICTION,61.0,BULL_BOUNCE_PENDING,25.83,25.02,27.12,,122,1.58,FAVORABLE,26.36,LIMIT,0,NONE,2026-09-15,2026-09-15T04:52:15.577858
CHDN,SHORT,CONVICTION,61.0,BEAR_REJECTION_PENDING,85.27,86.27,81.62,80.61,100,3.65,FAVORABLE,83.6,LIMIT,20,COMPRESSION,2026-09-15,2026-09-15T04:53:28.531060
WAY,LONG,CONVICTION,61.0,BULL_BOUNCE_PENDING,24.4,23.53,26.04,27.99,114,1.88,FAVORABLE,24.9,LIMIT,20,COMPRESSION,2026-09-15,2026-09-15T04:53:52.429332
GME,SHORT,CONVICTION,61.0,BEAR_REJECTION_PENDING,22.0,28.69,20.9,,14,0.16,FAVORABLE,21.57,LIMIT,19,COMPRESSION,2026-09-15,2026-09-15T04:54:20.705985
MRCY,LONG,CONVICTION,61.0,CHANNEL_RECLAIM_LONG,81.03,77.51,90.86,90.86,28,2.79,FAVORABLE,81.03,LIMIT,20,COMPRESSION,2026-09-15,2026-09-15T04:58:27.461741
RGTI,LONG,CONVICTION,60.9,BULL_BOUNCE_PENDING,14.79,14.27,15.63,16.74,192,1.62,FAVORABLE,15.09,LIMIT,20,MINOR,2026-09-15,2026-09-15T04:30:37.711179
BSY,SHORT,CONVICTION,60.8,BEAR_REJECTION_PENDING,32.55,33.88,30.41,,75,1.61,FAVORABLE,31.91,LIMIT,20,COMPRESSION,2026-09-15,2026-09-15T04:40:06.889378
SYM,LONG,CONVICTION,60.8,BULL_BOUNCE_PENDING,40.45,39.61,43.61,42.72,118,3.73,FAVORABLE,41.28,LIMIT,20,COMPRESSION,2026-09-15,2026-09-15T04:55:23.843199
HODU,SHORT,CONVICTION,60.8,BEAR_REJECTION_PENDING,13.32,14.38,11.65,,94,1.59,FAVORABLE,13.31,LIMIT,20,MINOR,2026-09-15,2026-09-15T04:55:32.695210
TH,SHORT,CONVICTION,60.7,BEAR_REJECTION_PENDING,18.92,19.65,17.35,17.04,137,2.16,FAVORABLE,18.55,LIMIT,20,COMPRESSION,2026-09-15,2026-09-15T04:24:18.691548
SPOT,LONG,CONVICTION,60.7,BULL_BOUNCE_PENDING,549.9,544.0,637.79,621.0,16,14.88,FAVORABLE,555.75,LIMIT,20,CONVICTION,2026-09-15,2026-09-15T04:39:28.990125
SFM,LONG,CONVICTION,60.7,BULL_BOUNCE_PENDING,73.6,72.35,81.49,85.55,80,6.33,FAVORABLE,75.1,LIMIT,20,CONVICTION,2026-09-15,2026-09-15T04:42:32.526131
ALMS,LONG,CONVICTION,60.7,BULL_BOUNCE_PENDING,9.04,7.18,9.49,,53,0.24,FAVORABLE,9.22,LIMIT,20,CONVICTION,2026-09-15,2026-09-15T04:55:47.380786
ADBT,LONG,CONVICTION,60.7,BULL_BOUNCE_PENDING,0.14,0.14,0.15,,47778,3.41,FAVORABLE,0.1457,LIMIT,0,NONE,2026-09-15,2026-09-15T04:56:15.239364
FLNC,LONG,CONVICTION,60.6,BULL_BOUNCE_PENDING,9.11,7.8,9.57,,76,0.35,FAVORABLE,9.2998,LIMIT,20,COMPRESSION,2026-09-15,2026-09-15T04:30:43.604073
UEC,LONG,CONVICTION,60.6,BULL_BOUNCE_PENDING,10.04,9.01,11.69,,96,1.59,FAVORABLE,10.25,LIMIT,20,COMPRESSION,2026-09-15,2026-09-15T04:50:13.515349
JEM,LONG,CONVICTION,60.6,BULL_BOUNCE_PENDING,3.87,3.63,4.3,4.44,419,1.81,FAVORABLE,3.91,LIMIT,20,MINOR,2026-09-15,2026-09-15T04:51:14.077136
SILJ,SHORT,CONVICTION,60.6,BEAR_REJECTION_PENDING,29.36,30.64,27.39,25.61,77,1.54,FAVORABLE,29.08,LIMIT,20,CONVICTION,2026-09-15,2026-09-15T04:51:37.111256
POWI,LONG,CONVICTION,60.6,BULL_BOUNCE_PENDING,47.54,46.34,49.82,54.66,83,1.9,FAVORABLE,48.51,LIMIT,20,CONVICTION,2026-09-15,2026-09-15T04:58:18.319176
ISRG,SHORT,CONVICTION,60.3,BEAR_REJECTION_PENDING,374.34,377.63,363.56,344.0,30,3.27,FAVORABLE,373.13,LIMIT,20,CONVICTION,2026-09-15,2026-09-15T04:30:03.683476
ENPH,LONG,CONVICTION,60.3,BULL_BOUNCE_PENDING,35.77,31.62,37.56,,24,0.43,FAVORABLE,36.5,LIMIT,20,COMPRESSION,2026-09-15,2026-09-15T04:57:07.331226
CNC,LONG,CONVICTION,60.2,BULL_BOUNCE_PENDING,67.73,66.09,73.6,,60,3.58,FAVORABLE,69.11,LIMIT,3,CONVICTION,2026-09-15,2026-09-15T04:41:36.968817
UNG,SHORT,CONVICTION,60.2,BEAR_REJECTION_PENDING,10.6,10.88,10.12,9.7,351,1.71,FAVORABLE,10.41,LIMIT,20,COMPRESSION,2026-09-15,2026-09-15T04:51:41.888264
VNET,LONG,CONVICTION,60.2,BULL_BOUNCE_PENDING,6.08,5.44,6.38,,158,0.48,FAVORABLE,6.2,LIMIT,20,COMPRESSION,2026-09-15,2026-09-15T04:51:44.739269
JBL,LONG,CONVICTION,60.2,BULL_BOUNCE_PENDING,295.1,291.82,302.47,302.47,30,2.25,FAVORABLE,298.0,LIMIT,20,CONVICTION,2026-09-15,2026-09-15T04:58:11.978615
CDE,LONG,CONVICTION,60.1,BULL_BOUNCE_PENDING,19.58,19.28,21.7,21.24,333,7.07,FAVORABLE,19.7,LIMIT,20,COMPRESSION,2026-09-15,2026-09-15T04:29:56.217458
MSTY,LONG,CONVICTION,60.1,BULL_BOUNCE_PENDING,14.52,14.24,15.0,15.62,361,1.74,FAVORABLE,14.7,LIMIT,20,MINOR,2026-09-15,2026-09-15T04:48:14.211888
EXEL,SHORT,CONVICTION,60.1,BEAR_REJECTION_PENDING,56.76,57.72,53.46,51.25,104,3.45,FAVORABLE,56.26,LIMIT,20,COMPRESSION,2026-09-15,2026-09-15T04:51:19.250681
ARKK,SHORT,CONVICTION,60.1,BEAR_REJECTION_PENDING,83.63,85.16,80.83,76.96,65,1.83,FAVORABLE,83.18,LIMIT,20,CONVICTION,2026-09-15,2026-09-15T04:55:47.712781
SURG,LONG,CONVICTION,60.0,BULL_BOUNCE_PENDING,0.16,0.15,0.17,0.17,18832,1.91,FAVORABLE,0.15605,LIMIT,20,COMPRESSION,2026-09-15,2026-09-15T04:23:54.663964
WGS,LONG,CONVICTION,60.0,BULL_BOUNCE_PENDING,87.71,86.03,91.67,94.1,59,2.35,FAVORABLE,89.5,LIMIT,6,MINOR,2026-09-15,2026-09-15T04:25:06.203172
NOW,SHORT,CONVICTION,60.0,BEAR_REJECTION_PENDING,139.93,142.41,130.48,121.67,40,3.81,FAVORABLE,139.0,LIMIT,20,COMPRESSION,2026-09-15,2026-09-15T04:28:29.259853
MCHP,SHORT,CONVICTION,60.0,BEAR_REJECTION_PENDING,71.42,73.04,65.97,65.97,61,3.36,FAVORABLE,71.19,LIMIT,20,CONVICTION,2026-09-15,2026-09-15T04:29:29.183072
FRPT,LONG,CONVICTION,60.0,BULL_BOUNCE_PENDING,62.8,62.03,70.24,66.5,129,9.64,FAVORABLE,63.77,LIMIT,20,COMPRESSION,2026-09-15,2026-09-15T04:40:19.208958
KNX,LONG,CONVICTION,60.0,BULL_BOUNCE_PENDING,67.06,63.88,76.18,,31,2.87,FAVORABLE,68.43,LIMIT,20,COMPRESSION,2026-09-15,2026-09-15T04:42:04.548514
TTAN,LONG,CONVICTION,60.0,BULL_BOUNCE_PENDING,57.75,55.93,63.0,62.51,54,2.87,FAVORABLE,58.36,LIMIT,15,VACUUM,2026-09-15,2026-09-15T04:42:43.683161
ALB,LONG,CONVICTION,60.0,BULL_BOUNCE_PENDING,114.19,112.46,126.06,121.0,57,6.82,FAVORABLE,115.29,LIMIT,20,CONVICTION,2026-09-15,2026-09-15T04:44:07.949156
SMTC,LONG,CONVICTION,60.0,BULL_BOUNCE_PENDING,147.43,144.01,155.31,165.41,29,2.31,FAVORABLE,147.99,LIMIT,20,CONVICTION,2026-09-15,2026-09-15T04:45:06.185368
MANE,LONG,CONVICTION,60.0,BULL_BOUNCE_PENDING,100.56,99.15,111.28,105.18,70,7.6,FAVORABLE,101.95,LIMIT,20,CONVICTION,2026-09-15,2026-09-15T04:46:25.648076
RH,LONG,CONVICTION,60.0,BULL_BOUNCE_PENDING,132.18,120.14,150.5,,8,1.52,FAVORABLE,134.8803,LIMIT,20,CONVICTION,2026-09-15,2026-09-15T04:50:21.661896
WLY,LONG,CONVICTION,60.0,BULL_BOUNCE_PENDING,47.58,46.91,49.61,51.03,150,3.06,FAVORABLE,48.43,LIMIT,20,MINOR,2026-09-15,2026-09-15T04:56:11.783358
