ticker,side,tier,fem,mode,entry,stop,t1,t2,shares,rr,spy_regime,current_price,entry_type,n_gaps_above,gap_above_conviction,scan_date,asof
SMCI,LONG,CONVICTION,100.0,BULL_BOUNCE_PENDING,42.34,38.89,44.46,,29,0.61,FAVORABLE,42.34,MARKET,16,COMPRESSION,2026-10-02,2026-10-02T04:31:05.805435
AVTR,LONG,CONVICTION,100.0,BULL_BOUNCE_PENDING,15.03,14.28,15.78,,133,1.0,FAVORABLE,15.03,MARKET,18,COMPRESSION,2026-10-02,2026-10-02T04:33:52.764543
ACN,LONG,CONVICTION,100.0,BULL_BOUNCE_PENDING,212.34,201.72,235.59,,9,2.19,FAVORABLE,212.34,MARKET,20,CONVICTION,2026-10-02,2026-10-02T04:35:24.414074
APPN,LONG,CONVICTION,100.0,BULL_BOUNCE_PENDING,37.77,35.27,41.83,,40,1.63,FAVORABLE,37.77,MARKET,20,COMPRESSION,2026-10-02,2026-10-02T04:42:36.518916
U,LONG,CONVICTION,99.7,BULL_BOUNCE_PENDING,43.84,40.73,49.04,,32,1.67,FAVORABLE,43.84,MARKET,10,COMPRESSION,2026-10-02,2026-10-02T04:32:18.738255
WDAY,LONG,CONVICTION,99.6,BULL_BOUNCE_PENDING,186.99,174.41,207.11,,7,1.6,FAVORABLE,186.99,MARKET,20,VACUUM,2026-10-02,2026-10-02T04:40:27.614592
SSM,LONG,CONVICTION,98.9,BULL_BOUNCE_PENDING,2.35,2.23,2.47,,851,1.0,FAVORABLE,2.35,MARKET,0,NONE,2026-10-02,2026-10-02T04:28:39.301535
EMR,LONG,CONVICTION,98.7,BULL_BOUNCE_PENDING,158.57,150.96,166.5,,13,1.04,FAVORABLE,158.57,MARKET,11,COMPRESSION,2026-10-02,2026-10-02T04:48:12.530014
S,LONG,CONVICTION,98.0,BULL_BOUNCE_CONFIRMED,24.82,23.19,26.06,,61,0.76,FAVORABLE,24.82,LIMIT,2,COMPRESSION,2026-10-02,2026-10-02T04:33:48.406538
WBD,LONG,CONVICTION,98.0,BULL_BOUNCE_PENDING,30.97,29.42,32.52,,64,1.0,FAVORABLE,30.97,MARKET,0,NONE,2026-10-02,2026-10-02T04:35:15.076526
KEYS,LONG,CONVICTION,97.9,BULL_BOUNCE_CONFIRMED,378.14,353.38,397.05,,4,0.76,FAVORABLE,378.14,LIMIT,0,NONE,2026-10-02,2026-10-02T05:12:13.707053
DIS,LONG,CONVICTION,97.7,BULL_BOUNCE_PENDING,101.47,95.71,112.69,,17,1.95,FAVORABLE,101.47,MARKET,20,COMPRESSION,2026-10-02,2026-10-02T04:34:51.984561
ATAI,LONG,CONVICTION,97.0,BULL_BOUNCE_PENDING,7.33,6.96,7.7,,272,1.0,FAVORABLE,7.33,MARKET,3,MINOR,2026-10-02,2026-10-02T04:38:16.603299
EQT,LONG,CONVICTION,97.0,BULL_BOUNCE_PENDING,49.71,47.22,54.9,55.47,40,2.09,FAVORABLE,49.71,MARKET,20,COMPRESSION,2026-10-02,2026-10-02T05:13:27.091900
BAH,LONG,CONVICTION,96.3,BULL_BOUNCE_PENDING,70.47,63.68,73.99,,14,0.52,FAVORABLE,70.47,MARKET,20,COMPRESSION,2026-10-02,2026-10-02T04:57:15.684671
ANF,LONG,CONVICTION,96.0,BULL_BOUNCE_PENDING,136.36,129.54,146.96,154.02,14,1.55,FAVORABLE,136.36,MARKET,20,CONVICTION,2026-10-02,2026-10-02T04:45:01.517067
TGT,LONG,CONVICTION,96.0,BULL_BOUNCE_PENDING,156.5,143.77,164.33,,7,0.61,FAVORABLE,156.5,MARKET,20,COMPRESSION,2026-10-02,2026-10-02T04:58:42.081803
VSAT,LONG,CONVICTION,95.8,BULL_BOUNCE_PENDING,70.43,66.91,77.52,80.07,28,2.01,FAVORABLE,70.429,MARKET,20,CONVICTION,2026-10-02,2026-10-02T04:47:21.692297
C,LONG,CONVICTION,95.3,BULL_BOUNCE_PENDING,127.5,116.54,144.63,,9,1.56,FAVORABLE,127.5,MARKET,20,COMPRESSION,2026-10-02,2026-10-02T04:34:27.996609
RDNT,LONG,CONVICTION,95.0,BULL_BOUNCE_PENDING,67.7,63.46,77.66,77.66,23,2.35,FAVORABLE,67.7,MARKET,20,COMPRESSION,2026-10-02,2026-10-02T04:44:19.549143
CMPS,LONG,CONVICTION,94.5,BULL_BOUNCE_PENDING,12.01,11.41,13.6,13.6,166,2.65,FAVORABLE,12.008,MARKET,20,COMPRESSION,2026-10-02,2026-10-02T04:49:42.856992
AAPL,LONG,CONVICTION,94.1,BULL_BOUNCE_PENDING,331.34,313.91,347.91,,5,0.95,FAVORABLE,331.34,MARKET,15,MINOR,2026-10-02,2026-10-02T04:35:53.772669
SQM,LONG,CONVICTION,93.7,BULL_BOUNCE_PENDING,63.2,58.93,70.71,,23,1.76,FAVORABLE,63.2,MARKET,20,CONVICTION,2026-10-02,2026-10-02T04:59:30.614003
BABA,LONG,CONVICTION,93.4,BULL_BOUNCE_PENDING,106.65,101.32,117.04,119.0,18,1.95,FAVORABLE,106.65,MARKET,20,COMPRESSION,2026-10-02,2026-10-02T04:58:54.263826
CELH,LONG,CONVICTION,93.3,BULL_BOUNCE_PENDING,27.55,26.17,30.6,31.2,72,2.21,FAVORABLE,27.55,MARKET,20,COMPRESSION,2026-10-02,2026-10-02T04:42:57.094475
GOOG,LONG,CONVICTION,93.0,BULL_BOUNCE_CONFIRMED,337.79,317.49,381.23,384.44,4,2.14,FAVORABLE,337.79,LIMIT,20,CONVICTION,2026-10-02,2026-10-02T04:36:05.337692
ALB,LONG,CONVICTION,93.0,BULL_BOUNCE_PENDING,105.03,97.05,119.0,,12,1.75,FAVORABLE,105.03,MARKET,20,CONVICTION,2026-10-02,2026-10-02T04:53:30.791730
TECL,LONG,CONVICTION,93.0,BULL_BOUNCE_CONFIRMED,246.0,235.22,265.0,,9,1.76,FAVORABLE,246.0,LIMIT,3,CONVICTION,2026-10-02,2026-10-02T05:03:10.854157
SDEV,LONG,CONVICTION,92.5,BULL_BOUNCE_PENDING,4.98,4.73,5.23,,401,1.0,FAVORABLE,4.9795,MARKET,0,NONE,2026-10-02,2026-10-02T04:28:39.299534
CRM,LONG,CONVICTION,92.5,BULL_BOUNCE_CONFIRMED,236.9,226.49,258.0,264.71,9,2.03,FAVORABLE,236.9,LIMIT,20,CONVICTION,2026-10-02,2026-10-02T04:40:10.997567
XRPN,LONG,CONVICTION,92.4,BULL_BOUNCE_PENDING,25.84,24.03,27.13,,55,0.71,FAVORABLE,25.84,MARKET,2,MINOR,2026-10-02,2026-10-02T04:28:55.223559
GRML,LONG,CONVICTION,92.0,BULL_BOUNCE_PENDING,8.4,7.98,9.19,9.36,237,1.87,FAVORABLE,8.4047,MARKET,20,MINOR,2026-10-02,2026-10-02T04:32:20.503275
FCX,LONG,CONVICTION,92.0,BULL_BOUNCE_PENDING,69.9,63.32,80.15,,15,1.56,FAVORABLE,69.9,MARKET,20,CONVICTION,2026-10-02,2026-10-02T04:34:43.835546
TSLA,LONG,CONVICTION,92.0,BULL_BOUNCE_PENDING,357.47,334.65,392.35,,4,1.53,FAVORABLE,357.47,MARKET,20,CONVICTION,2026-10-02,2026-10-02T04:34:59.530104
ROAD,LONG,CONVICTION,91.1,BULL_BOUNCE_PENDING,90.15,81.64,103.67,,11,1.59,FAVORABLE,90.15,MARKET,20,CONVICTION,2026-10-02,2026-10-02T04:44:23.316441
SN,LONG,CONVICTION,90.4,BULL_BOUNCE_PENDING,176.19,164.76,185.0,,8,0.77,FAVORABLE,176.19,MARKET,20,MINOR,2026-10-02,2026-10-02T05:09:42.406388
KLAC,LONG,CONVICTION,90.3,BULL_BOUNCE_CONFIRMED,204.25,193.45,221.55,,9,1.6,FAVORABLE,204.25,LIMIT,11,CONVICTION,2026-10-02,2026-10-02T04:37:06.989959
FTNT,LONG,CONVICTION,89.8,BULL_BOUNCE_PENDING,180.18,169.93,189.19,,9,0.88,FAVORABLE,178.8,STOP,6,MINOR,2026-10-02,2026-10-02T04:33:42.803524
AMLX,LONG,CONVICTION,89.4,BULL_BOUNCE_PENDING,27.52,25.87,31.78,31.31,60,2.59,FAVORABLE,28.08,LIMIT,20,COMPRESSION,2026-10-02,2026-10-02T04:55:55.576894
KD,LONG,CONVICTION,89.3,BULL_BOUNCE_PENDING,12.54,11.65,13.17,,112,0.7,FAVORABLE,12.2,STOP,18,CONVICTION,2026-10-02,2026-10-02T04:40:28.452593
BTTC,LONG,CONVICTION,89.0,BULL_BOUNCE_CONFIRMED,0.63,0.52,0.66,,897,0.28,FAVORABLE,0.6323,LIMIT,8,MINOR,2026-10-02,2026-10-02T04:41:51.641257
HONA,SHORT,CONVICTION,89.0,BEAR_REJECTION_PENDING,156.47,204.66,148.65,,2,0.16,FAVORABLE,154.07,LIMIT,20,CONVICTION,2026-10-02,2026-10-02T04:43:40.600854
RBLX,SHORT,CONVICTION,89.0,BEAR_REJECTION_PENDING,43.6,46.67,38.58,,32,1.63,FAVORABLE,43.26,LIMIT,20,CONVICTION,2026-10-02,2026-10-02T04:53:03.890894
STRL,LONG,CONVICTION,89.0,BULL_BOUNCE_CONFIRMED,510.99,480.6,575.38,580.02,3,2.12,FAVORABLE,510.99,LIMIT,20,CONVICTION,2026-10-02,2026-10-02T04:54:53.040115
NXT,LONG,CONVICTION,88.7,BULL_BOUNCE_PENDING,77.85,72.49,91.0,90.64,18,2.45,FAVORABLE,79.44,LIMIT,20,COMPRESSION,2026-10-02,2026-10-02T04:55:07.044325
XME,SHORT,CONVICTION,88.7,BEAR_REJECTION_PENDING,105.97,108.87,96.06,93.47,34,3.42,FAVORABLE,104.29,LIMIT,20,CONVICTION,2026-10-02,2026-10-02T05:02:17.253552
LH,SHORT,CONVICTION,88.7,BEAR_REJECTION_PENDING,306.85,311.19,290.3,292.12,23,3.81,FAVORABLE,306.8,LIMIT,20,CONVICTION,2026-10-02,2026-10-02T05:09:56.602431
CELC,LONG,CONVICTION,88.6,BULL_BOUNCE_PENDING,73.73,70.51,79.44,,31,1.78,FAVORABLE,75.23,LIMIT,20,COMPRESSION,2026-10-02,2026-10-02T04:49:40.293988
KSPI,LONG,CONVICTION,88.6,BULL_BOUNCE_PENDING,90.18,88.59,94.78,99.85,63,2.9,FAVORABLE,92.02,LIMIT,20,COMPRESSION,2026-10-02,2026-10-02T04:50:24.745494
OC,SHORT,CONVICTION,88.5,BEAR_REJECTION_PENDING,120.36,124.53,109.99,109.99,23,2.49,FAVORABLE,118.0,LIMIT,20,CONVICTION,2026-10-02,2026-10-02T04:44:07.017064
PL,LONG,CONVICTION,88.4,BULL_BOUNCE_PENDING,16.0,12.88,16.8,,31,0.26,FAVORABLE,16.33,LIMIT,18,MINOR,2026-10-02,2026-10-02T04:38:43.500869
MNDY,SHORT,CONVICTION,88.2,BEAR_REJECTION_PENDING,81.2,84.08,69.78,73.5,34,3.97,FAVORABLE,80.8,LIMIT,20,CONVICTION,2026-10-02,2026-10-02T04:46:16.778944
PCOR,LONG,CONVICTION,88.1,BULL_BOUNCE_PENDING,53.34,49.96,56.01,,29,0.79,FAVORABLE,51.66,STOP,20,COMPRESSION,2026-10-02,2026-10-02T04:52:58.045872
CRMG,LONG,CONVICTION,88.0,BULL_BOUNCE_PENDING,8.56,7.68,8.99,,113,0.49,FAVORABLE,8.39,STOP,20,COMPRESSION,2026-10-02,2026-10-02T05:03:32.020028
BILL,LONG,CONVICTION,87.8,BULL_BOUNCE_PENDING,43.05,42.33,44.83,44.8,138,2.46,FAVORABLE,43.75,LIMIT,20,COMPRESSION,2026-10-02,2026-10-02T04:45:06.789037
AMOD,LONG,CONVICTION,87.4,BULL_BOUNCE_PENDING,2.02,1.86,2.28,,622,1.63,FAVORABLE,2.06,LIMIT,10,MINOR,2026-10-02,2026-10-02T04:28:56.278560
DT,LONG,CONVICTION,87.1,BULL_BOUNCE_PENDING,59.48,57.45,62.45,,49,1.47,FAVORABLE,59.26,STOP,5,MINOR,2026-10-02,2026-10-02T04:45:41.856175
CDNS,LONG,CONVICTION,87.1,BULL_BOUNCE_CONFIRMED,352.51,328.56,402.0,,4,2.07,FAVORABLE,352.51,LIMIT,10,CONVICTION,2026-10-02,2026-10-02T05:01:30.769722
VEEV,LONG,CONVICTION,87.0,BULL_BOUNCE_PENDING,291.69,279.3,306.27,,8,1.18,FAVORABLE,280.0,STOP,20,CONVICTION,2026-10-02,2026-10-02T04:51:57.081965
TRGP,SHORT,CONVICTION,87.0,BEAR_REJECTION_PENDING,280.84,284.57,241.35,245.09,26,10.6,FAVORABLE,278.0,LIMIT,20,CONVICTION,2026-10-02,2026-10-02T05:03:11.786158
LEU,SHORT,CONVICTION,86.9,BEAR_REJECTION_PENDING,143.69,147.81,131.45,134.04,24,2.97,FAVORABLE,141.0,LIMIT,20,CONVICTION,2026-10-02,2026-10-02T04:43:50.238588
REPL,LONG,CONVICTION,86.7,BULL_BOUNCE_PENDING,13.6,12.5,15.5,,91,1.73,FAVORABLE,13.53,STOP,20,COMPRESSION,2026-10-02,2026-10-02T04:46:51.021117
CNXC,LONG,CONVICTION,86.7,BULL_BOUNCE_PENDING,26.95,24.79,28.3,,46,0.62,FAVORABLE,27.5,LIMIT,20,COMPRESSION,2026-10-02,2026-10-02T04:57:45.682066
STNG,LONG,CONVICTION,86.7,BULL_BOUNCE_PENDING,84.22,81.86,89.19,89.92,42,2.1,FAVORABLE,85.94,LIMIT,14,COMPRESSION,2026-10-02,2026-10-02T05:05:55.724525
MGNI,LONG,CONVICTION,86.4,BULL_BOUNCE_PENDING,25.76,24.01,27.05,,57,0.74,FAVORABLE,25.51,STOP,2,MINOR,2026-10-02,2026-10-02T05:05:40.822971
VOYA,LONG,CONVICTION,86.4,BULL_BOUNCE_PENDING,93.47,88.32,102.59,,19,1.77,FAVORABLE,95.38,LIMIT,20,COMPRESSION,2026-10-02,2026-10-02T05:13:56.999750
SCKT,LONG,CONVICTION,86.3,BULL_BOUNCE_PENDING,0.59,0.53,0.62,,1579,0.47,FAVORABLE,0.513,STOP,8,MINOR,2026-10-02,2026-10-02T04:29:00.871571
QTEX,LONG,CONVICTION,86.2,BULL_BOUNCE_PENDING,0.92,0.84,0.97,,1204,0.55,FAVORABLE,0.9401,LIMIT,0,NONE,2026-10-02,2026-10-02T04:29:00.882580
QCOM,LONG,CONVICTION,86.2,BULL_BOUNCE_PENDING,180.45,176.3,207.34,198.99,24,6.48,FAVORABLE,184.13,LIMIT,20,CONVICTION,2026-10-02,2026-10-02T04:37:46.905026
CHRD,LONG,CONVICTION,86.1,BULL_BOUNCE_PENDING,134.11,130.69,143.29,143.29,29,2.68,FAVORABLE,136.85,LIMIT,20,CONVICTION,2026-10-02,2026-10-02T04:55:21.920819
ACVA,LONG,CONVICTION,86.0,BULL_BOUNCE_PENDING,10.26,7.32,10.77,,34,0.17,FAVORABLE,10.47,LIMIT,13,CONVICTION,2026-10-02,2026-10-02T04:49:24.640420
YOU,LONG,CONVICTION,86.0,BULL_BOUNCE_PENDING,40.91,33.3,42.95,,13,0.27,FAVORABLE,41.74,LIMIT,20,COMPRESSION,2026-10-02,2026-10-02T05:01:10.329653
AVT,LONG,CONVICTION,86.0,BULL_BOUNCE_PENDING,100.2,95.53,105.2,,21,1.07,FAVORABLE,102.24,LIMIT,20,MINOR,2026-10-02,2026-10-02T05:09:18.589611
CHPY,LONG,CONVICTION,85.9,BULL_BOUNCE_CONFIRMED,71.05,68.74,77.35,77.5,43,2.73,FAVORABLE,71.05,LIMIT,20,CONVICTION,2026-10-02,2026-10-02T05:11:30.285028
APO,LONG,CONVICTION,85.7,BULL_BOUNCE_PENDING,113.67,109.4,120.84,132.05,23,1.68,FAVORABLE,115.99,LIMIT,20,COMPRESSION,2026-10-02,2026-10-02T04:45:02.822674
AMZU,LONG,CONVICTION,85.7,BULL_BOUNCE_PENDING,33.42,30.27,38.82,,31,1.71,FAVORABLE,34.1,LIMIT,20,COMPRESSION,2026-10-02,2026-10-02T05:04:17.308711
QRVO,LONG,CONVICTION,85.6,BULL_BOUNCE_PENDING,115.45,108.23,121.22,,13,0.8,FAVORABLE,112.21,STOP,20,COMPRESSION,2026-10-02,2026-10-02T05:05:46.428512
CAMT,LONG,CONVICTION,85.6,BULL_BOUNCE_PENDING,158.03,147.44,176.49,,9,1.74,FAVORABLE,154.1794,STOP,20,CONVICTION,2026-10-02,2026-10-02T05:06:40.031654
BMNR,LONG,CONVICTION,85.5,BULL_BOUNCE_PENDING,27.05,25.86,28.4,,84,1.14,FAVORABLE,27.6,LIMIT,8,CONVICTION,2026-10-02,2026-10-02T04:29:06.717178
AVS,LONG,CONVICTION,85.5,BULL_BOUNCE_PENDING,8.44,8.09,9.0,9.41,282,1.58,FAVORABLE,8.34,STOP,20,COMPRESSION,2026-10-02,2026-10-02T04:53:38.462812
CVX,LONG,CONVICTION,85.4,BULL_BOUNCE_PENDING,203.44,201.4,207.89,209.77,49,2.19,FAVORABLE,205.23,LIMIT,20,CONVICTION,2026-10-02,2026-10-02T04:35:11.333936
VSXY,LONG,CONVICTION,85.3,BULL_BOUNCE_PENDING,86.78,80.93,97.93,101.36,17,1.91,FAVORABLE,88.55,LIMIT,20,COMPRESSION,2026-10-02,2026-10-02T04:44:49.885996
PRIM,LONG,CONVICTION,85.3,BULL_BOUNCE_PENDING,75.46,71.76,81.03,84.95,27,1.51,FAVORABLE,77.0,LIMIT,13,CONVICTION,2026-10-02,2026-10-02T04:54:39.375080
ARES,LONG,CONVICTION,85.1,BULL_BOUNCE_PENDING,114.24,110.49,120.69,130.59,26,1.72,FAVORABLE,116.57,LIMIT,20,CONVICTION,2026-10-02,2026-10-02T04:47:50.872873
EGO,SHORT,CONVICTION,85.0,BEAR_REJECTION_PENDING,38.4,42.13,36.48,,26,0.52,FAVORABLE,37.6503,LIMIT,20,CONVICTION,2026-10-02,2026-10-02T04:59:00.778835
ACI,SHORT,CONVICTION,85.0,BEAR_REJECTION_PENDING,11.95,14.67,11.35,,36,0.22,FAVORABLE,11.7176,LIMIT,20,CONVICTION,2026-10-02,2026-10-02T05:09:14.567336
ASTS,LONG,CONVICTION,84.7,BULL_BOUNCE_PENDING,55.66,48.83,58.45,,14,0.41,FAVORABLE,56.8,LIMIT,20,MINOR,2026-10-02,2026-10-02T04:34:41.222539
AMZN,LONG,CONVICTION,84.7,BULL_BOUNCE_PENDING,244.6,228.17,274.01,,6,1.79,FAVORABLE,249.59,LIMIT,20,COMPRESSION,2026-10-02,2026-10-02T04:38:19.391831
AVAV,LONG,CONVICTION,84.6,BULL_BOUNCE_PENDING,138.47,136.05,149.77,149.77,41,4.65,FAVORABLE,140.7605,LIMIT,20,CONVICTION,2026-10-02,2026-10-02T04:42:49.818462
SRAD,SHORT,CONVICTION,84.6,BEAR_REJECTION_PENDING,12.13,14.61,11.52,,40,0.24,FAVORABLE,11.888,LIMIT,20,CONVICTION,2026-10-02,2026-10-02T05:11:47.372072
NFLX,SHORT,CONVICTION,84.5,BEAR_REJECTION_PENDING,69.26,75.69,65.8,,15,0.54,FAVORABLE,67.9,LIMIT,20,COMPRESSION,2026-10-02,2026-10-02T04:34:11.675955
QURE,SHORT,CONVICTION,84.5,BEAR_REJECTION_PENDING,24.02,37.84,22.82,,7,0.09,FAVORABLE,23.55,LIMIT,20,CONVICTION,2026-10-02,2026-10-02T04:53:03.127903
CXW,LONG,CONVICTION,84.5,BULL_BOUNCE_PENDING,33.31,30.51,34.98,,35,0.59,FAVORABLE,32.49,STOP,20,COMPRESSION,2026-10-02,2026-10-02T04:53:53.157383
OSK,SHORT,CONVICTION,84.5,BEAR_REJECTION_PENDING,131.73,133.41,127.3,114.17,59,2.63,FAVORABLE,130.82,LIMIT,20,CONVICTION,2026-10-02,2026-10-02T04:59:16.823857
ORCX,SHORT,CONVICTION,84.3,BEAR_REJECTION_PENDING,19.08,20.59,16.68,,66,1.59,FAVORABLE,18.93,LIMIT,20,CONVICTION,2026-10-02,2026-10-02T04:52:53.814861
BBY,SHORT,CONVICTION,84.3,BEAR_REJECTION_PENDING,89.06,90.96,82.86,81.59,52,3.26,FAVORABLE,87.7,LIMIT,20,CONVICTION,2026-10-02,2026-10-02T05:03:41.722885
DRI,SHORT,CONVICTION,84.2,BEAR_REJECTION_PENDING,200.94,208.28,183.13,178.73,13,2.43,FAVORABLE,197.0,LIMIT,20,CONVICTION,2026-10-02,2026-10-02T04:49:48.469005
ARKB,LONG,CONVICTION,84.2,BULL_BOUNCE_PENDING,28.06,26.8,30.16,31.67,79,1.67,FAVORABLE,28.63,LIMIT,15,COMPRESSION,2026-10-02,2026-10-02T04:57:11.687539
BITB,LONG,CONVICTION,84.2,BULL_BOUNCE_PENDING,45.89,43.88,49.36,51.8,49,1.72,FAVORABLE,46.83,LIMIT,18,CONVICTION,2026-10-02,2026-10-02T04:57:18.264345
COST,LONG,CONVICTION,84.1,BULL_BOUNCE_PENDING,897.09,856.83,1026.13,1039.99,2,3.21,FAVORABLE,915.4,LIMIT,20,COMPRESSION,2026-10-02,2026-10-02T05:12:35.710354
STX,LONG,CONVICTION,84.0,BULL_BOUNCE_CONFIRMED,945.77,854.5,993.06,,1,0.52,FAVORABLE,945.77,LIMIT,8,CONVICTION,2026-10-02,2026-10-02T04:31:29.888488
WWD,LONG,CONVICTION,84.0,BULL_BOUNCE_CONFIRMED,336.19,322.1,358.01,385.42,7,1.55,FAVORABLE,336.19,LIMIT,20,CONVICTION,2026-10-02,2026-10-02T04:55:02.336135
ATAT,LONG,CONVICTION,84.0,BULL_BOUNCE_PENDING,31.64,28.32,36.7,,30,1.52,FAVORABLE,32.29,LIMIT,20,MINOR,2026-10-02,2026-10-02T04:57:14.276073
HGTY,LONG,CONVICTION,84.0,BULL_BOUNCE_PENDING,13.19,11.66,13.85,,65,0.43,FAVORABLE,13.46,LIMIT,17,MINOR,2026-10-02,2026-10-02T05:08:58.929529
AGCO,LONG,CONVICTION,83.8,BULL_BOUNCE_PENDING,109.57,106.04,117.01,125.93,28,2.1,FAVORABLE,111.81,LIMIT,20,CONVICTION,2026-10-02,2026-10-02T04:53:30.031726
IQV,LONG,CONVICTION,83.8,BULL_BOUNCE_PENDING,258.06,255.98,266.52,268.02,48,4.07,FAVORABLE,260.72,LIMIT,20,COMPRESSION,2026-10-02,2026-10-02T04:59:08.837577
VGNT,LONG,CONVICTION,83.7,BULL_BOUNCE_PENDING,45.33,41.83,47.6,,28,0.65,FAVORABLE,46.26,LIMIT,20,MINOR,2026-10-02,2026-10-02T05:10:28.755907
PSIX,LONG,CONVICTION,83.6,BULL_BOUNCE_PENDING,43.84,39.93,46.03,,25,0.56,FAVORABLE,44.7305,LIMIT,20,COMPRESSION,2026-10-02,2026-10-02T04:30:46.340812
FTAI,LONG,CONVICTION,83.6,BULL_BOUNCE_PENDING,164.58,156.11,182.72,187.73,11,2.14,FAVORABLE,167.94,LIMIT,20,CONVICTION,2026-10-02,2026-10-02T04:48:18.558471
RAL,LONG,CONVICTION,83.6,BULL_BOUNCE_CONFIRMED,70.8,65.59,74.34,,19,0.68,FAVORABLE,70.8,LIMIT,11,MINOR,2026-10-02,2026-10-02T05:08:47.137419
KO,LONG,CONVICTION,83.5,BULL_BOUNCE_PENDING,84.57,81.84,88.77,,36,1.53,FAVORABLE,86.2993,LIMIT,20,COMPRESSION,2026-10-02,2026-10-02T04:33:13.924292
BRR,LONG,CONVICTION,83.5,BULL_BOUNCE_PENDING,4.19,3.78,4.4,,243,0.51,FAVORABLE,4.13,STOP,0,NONE,2026-10-02,2026-10-02T05:10:35.132922
YMM,LONG,CONVICTION,83.4,BULL_BOUNCE,8.21,7.95,9.16,9.27,383,3.64,FAVORABLE,8.21,LIMIT,20,COMPRESSION,2026-10-02,2026-10-02T04:58:49.593816
AGQ,LONG,CONVICTION,83.3,BULL_BOUNCE_PENDING,67.4,63.87,78.92,77.94,28,3.26,FAVORABLE,68.78,LIMIT,20,CONVICTION,2026-10-02,2026-10-02T04:44:58.740795
ADM,LONG,CONVICTION,83.2,BULL_BOUNCE_PENDING,78.05,70.19,81.95,,12,0.5,FAVORABLE,79.64,LIMIT,20,COMPRESSION,2026-10-02,2026-10-02T04:44:55.934536
RNG,LONG,CONVICTION,83.2,BULL_BOUNCE_PENDING,78.97,74.33,82.92,,21,0.85,FAVORABLE,77.88,STOP,16,MINOR,2026-10-02,2026-10-02T04:53:06.568558
TKO,LONG,CONVICTION,83.2,BULL_BOUNCE_PENDING,172.52,162.06,192.3,196.38,9,1.89,FAVORABLE,176.04,LIMIT,20,CONVICTION,2026-10-02,2026-10-02T04:58:42.133804
WING,LONG,CONVICTION,83.1,BULL_BOUNCE_PENDING,106.42,101.29,111.74,,19,1.04,FAVORABLE,104.36,STOP,20,COMPRESSION,2026-10-02,2026-10-02T04:55:01.303132
URNM,LONG,CONVICTION,83.1,BULL_BOUNCE_PENDING,46.53,44.87,50.38,51.96,60,2.32,FAVORABLE,47.48,LIMIT,20,COMPRESSION,2026-10-02,2026-10-02T05:00:18.617458
ENTG,LONG,CONVICTION,83.1,BULL_BOUNCE_PENDING,160.16,150.48,175.88,,10,1.62,FAVORABLE,158.48,STOP,13,VACUUM,2026-10-02,2026-10-02T05:07:36.500757
WFRD,LONG,CONVICTION,83.0,BULL_BOUNCE_PENDING,76.8,66.81,80.64,,10,0.38,FAVORABLE,78.37,LIMIT,20,CONVICTION,2026-10-02,2026-10-02T04:47:22.054304
TSLG,LONG,CONVICTION,83.0,BULL_BOUNCE_PENDING,4.63,4.21,4.86,,235,0.54,FAVORABLE,4.57,STOP,18,COMPRESSION,2026-10-02,2026-10-02T04:53:17.114655
DOO,SHORT,CONVICTION,83.0,BEAR_REJECTION_PENDING,55.06,77.62,52.31,,4,0.12,FAVORABLE,54.65,LIMIT,20,COMPRESSION,2026-10-02,2026-10-02T04:56:15.790154
DHR,LONG,CONVICTION,83.0,BULL_BOUNCE_PENDING,207.52,200.09,223.86,229.0,13,2.2,FAVORABLE,211.76,LIMIT,20,CONVICTION,2026-10-02,2026-10-02T05:09:52.141418
LIVN,LONG,CONVICTION,82.9,BULL_BOUNCE_PENDING,73.21,71.14,76.44,78.39,48,1.57,FAVORABLE,74.7,LIMIT,20,COMPRESSION,2026-10-02,2026-10-02T04:50:35.918541
TRI,LONG,CONVICTION,82.9,BULL_BOUNCE_PENDING,101.81,96.84,112.35,,20,2.12,FAVORABLE,99.85,STOP,20,COMPRESSION,2026-10-02,2026-10-02T04:58:44.712807
CHKP,LONG,CONVICTION,82.9,BULL_BOUNCE_PENDING,129.18,127.68,132.4,144.93,66,2.15,FAVORABLE,130.1,LIMIT,20,COMPRESSION,2026-10-02,2026-10-02T05:04:24.216710
MSTR,LONG,CONVICTION,82.8,BULL_BOUNCE_PENDING,161.43,155.58,171.58,183.36,17,1.74,FAVORABLE,164.72,LIMIT,12,CONVICTION,2026-10-02,2026-10-02T04:29:07.923576
CRL,LONG,CONVICTION,82.8,BULL_BOUNCE_PENDING,281.85,272.04,298.01,,10,1.65,FAVORABLE,287.6,LIMIT,20,CONVICTION,2026-10-02,2026-10-02T04:45:33.001162
HCA,LONG,CONVICTION,82.5,BULL_BOUNCE_PENDING,414.92,387.67,479.11,484.67,3,2.36,FAVORABLE,423.39,LIMIT,20,CONVICTION,2026-10-02,2026-10-02T04:36:47.929926
CVLT,LONG,CONVICTION,82.4,BULL_BOUNCE_PENDING,151.65,144.41,159.23,,13,1.05,FAVORABLE,147.77,STOP,20,CONVICTION,2026-10-02,2026-10-02T04:45:36.325167
IT,LONG,CONVICTION,82.3,BULL_BOUNCE_PENDING,204.49,191.2,214.71,,7,0.77,FAVORABLE,193.49,STOP,20,COMPRESSION,2026-10-02,2026-10-02T04:46:02.060736
MXL,LONG,CONVICTION,82.3,BULL_BOUNCE_CONFIRMED,93.95,89.55,100.84,,22,1.57,FAVORABLE,93.95,LIMIT,7,MINOR,2026-10-02,2026-10-02T04:54:25.239044
FBTC,LONG,CONVICTION,82.3,BULL_BOUNCE_PENDING,73.55,70.31,79.15,83.07,30,1.73,FAVORABLE,75.05,LIMIT,15,CONVICTION,2026-10-02,2026-10-02T04:58:07.349246
AIR,LONG,CONVICTION,82.2,BULL_BOUNCE_PENDING,103.85,96.69,109.04,,13,0.73,FAVORABLE,99.6,STOP,20,COMPRESSION,2026-10-02,2026-10-02T04:55:16.977580
COGT,LONG,CONVICTION,82.1,BULL_BOUNCE_PENDING,31.16,14.74,32.72,,6,0.09,FAVORABLE,31.8,LIMIT,20,COMPRESSION,2026-10-02,2026-10-02T05:08:19.598140
ANDG,LONG,CONVICTION,81.9,BULL_BOUNCE_PENDING,56.21,53.83,59.02,,42,1.18,FAVORABLE,57.36,LIMIT,1,MINOR,2026-10-02,2026-10-02T04:58:53.017823
SILC,LONG,CONVICTION,81.7,BULL_BOUNCE_CONFIRMED,54.21,51.09,56.92,,32,0.87,FAVORABLE,54.2059,LIMIT,0,NONE,2026-10-02,2026-10-02T04:31:30.946017
WIX,LONG,CONVICTION,81.7,BULL_BOUNCE_PENDING,72.67,71.13,76.49,82.61,64,2.48,FAVORABLE,73.5,LIMIT,20,COMPRESSION,2026-10-02,2026-10-02T04:47:25.653303
HHH,LONG,CONVICTION,81.7,BULL_BOUNCE_PENDING,70.74,64.26,82.58,,15,1.83,FAVORABLE,72.186,LIMIT,20,COMPRESSION,2026-10-02,2026-10-02T05:10:58.412518
CBOE,LONG,CONVICTION,81.3,BULL_BOUNCE,277.5,266.96,294.48,309.0,9,1.61,FAVORABLE,277.5,LIMIT,20,CONVICTION,2026-10-02,2026-10-02T04:49:38.179986
OKE,LONG,CONVICTION,81.3,BULL_BOUNCE_PENDING,85.64,74.04,89.92,,8,0.37,FAVORABLE,87.39,LIMIT,20,COMPRESSION,2026-10-02,2026-10-02T05:02:58.004217
TNON,LONG,CONVICTION,81.2,BULL_BOUNCE_PENDING,4.18,3.32,4.39,,116,0.24,FAVORABLE,3.9,STOP,20,MINOR,2026-10-02,2026-10-02T04:56:50.898351
RKLB,LONG,CONVICTION,81.1,BULL_BOUNCE_PENDING,70.05,63.38,80.6,,14,1.58,FAVORABLE,71.48,LIMIT,20,MINOR,2026-10-02,2026-10-02T04:38:09.266756
INOD,LONG,CONVICTION,81.0,CHANNEL_GAP_BREAKOUT_LONG,72.9,71.87,83.7,,96,10.44,FAVORABLE,72.8997,LIMIT,3,MINOR,2026-10-02,2026-10-02T04:54:11.690220
CYPH,LONG,CONVICTION,81.0,BULL_BOUNCE_CONFIRMED,3.12,2.48,3.28,,155,0.24,FAVORABLE,3.12,LIMIT,20,COMPRESSION,2026-10-02,2026-10-02T05:03:36.508436
SVRN,LONG,CONVICTION,81.0,BULL_BOUNCE_PENDING,39.21,34.51,41.17,,21,0.42,FAVORABLE,40.01,LIMIT,16,CONVICTION,2026-10-02,2026-10-02T05:12:02.222639
WGS,LONG,CONVICTION,80.9,BULL_BOUNCE_PENDING,70.26,68.12,75.74,77.62,46,2.56,FAVORABLE,70.96,LIMIT,20,COMPRESSION,2026-10-02,2026-10-02T04:44:50.607127
PAAS,LONG,CONVICTION,80.9,BULL_BOUNCE_PENDING,44.32,43.51,45.57,50.93,123,1.55,FAVORABLE,45.18,LIMIT,20,CONVICTION,2026-10-02,2026-10-02T04:59:18.195746
ABT,LONG,CONVICTION,80.8,BULL_BOUNCE_PENDING,95.32,88.82,111.54,,15,2.49,FAVORABLE,97.27,LIMIT,20,COMPRESSION,2026-10-02,2026-10-02T04:33:26.596018
NOG,LONG,CONVICTION,80.8,BULL_BOUNCE_PENDING,23.74,22.4,26.66,,74,2.18,FAVORABLE,23.53,STOP,20,COMPRESSION,2026-10-02,2026-10-02T04:46:32.195498
WPM,LONG,CONVICTION,80.8,BULL_BOUNCE_PENDING,130.66,124.67,144.06,151.36,16,2.24,FAVORABLE,133.33,LIMIT,20,CONVICTION,2026-10-02,2026-10-02T04:58:46.798811
TWST,LONG,CONVICTION,80.6,BULL_BOUNCE_PENDING,200.51,185.24,210.54,,6,0.66,FAVORABLE,187.8,STOP,19,MINOR,2026-10-02,2026-10-02T04:28:44.390544
ESNT,SHORT,CONVICTION,80.5,BEAR_REJECTION_PENDING,60.04,65.97,57.04,,16,0.51,FAVORABLE,58.86,LIMIT,20,COMPRESSION,2026-10-02,2026-10-02T04:43:18.019064
BBIO,LONG,CONVICTION,80.5,BULL_BOUNCE_PENDING,65.66,55.27,68.94,,9,0.32,FAVORABLE,67.0,LIMIT,20,CONVICTION,2026-10-02,2026-10-02T04:56:00.033909
BDX,LONG,CONVICTION,80.4,BULL_BOUNCE_PENDING,174.51,169.81,187.88,185.42,21,2.84,FAVORABLE,178.07,LIMIT,20,CONVICTION,2026-10-02,2026-10-02T04:49:31.731976
LLY,LONG,CONVICTION,80.3,BULL_BOUNCE,1150.65,1118.74,1252.89,1252.89,3,3.2,FAVORABLE,1150.65,LIMIT,20,CONVICTION,2026-10-02,2026-10-02T04:46:10.735753
FCFS,LONG,CONVICTION,80.3,BULL_BOUNCE_PENDING,206.89,204.88,216.3,211.85,49,4.68,FAVORABLE,208.15,LIMIT,20,CONVICTION,2026-10-02,2026-10-02T04:59:52.762128
LIFE,LONG,CONVICTION,80.2,BULL_BOUNCE_PENDING,34.59,30.32,36.32,,23,0.41,FAVORABLE,32.6296,STOP,18,CONVICTION,2026-10-02,2026-10-02T04:55:36.660859
ET,LONG,CONVICTION,80.1,BULL_BOUNCE_PENDING,19.77,19.23,21.08,21.61,186,2.45,FAVORABLE,20.1723,LIMIT,20,COMPRESSION,2026-10-02,2026-10-02T04:33:32.782503
ENPH,SHORT,CONVICTION,80.1,BEAR_REJECTION_PENDING,33.89,36.53,28.89,,37,1.9,FAVORABLE,33.2277,LIMIT,20,CONVICTION,2026-10-02,2026-10-02T05:08:24.146799
INSP,LONG,CONVICTION,80.0,BULL_BOUNCE_PENDING,75.38,69.84,79.15,,18,0.68,FAVORABLE,70.5,STOP,20,COMPRESSION,2026-10-02,2026-10-02T04:29:37.682696
COHR,LONG,CONVICTION,80.0,CHANNEL_GAP_BREAKOUT_LONG,322.42,317.5,340.0,340.0,20,3.57,FAVORABLE,322.42,LIMIT,15,CONVICTION,2026-10-02,2026-10-02T04:31:26.101830
GPRO,LONG,CONVICTION,80.0,BULL_BOUNCE_PENDING,1.35,1.23,1.42,,804,0.54,FAVORABLE,1.301,STOP,11,MINOR,2026-10-02,2026-10-02T04:32:39.812933
MDT,LONG,CONVICTION,80.0,BULL_BOUNCE_PENDING,85.84,84.82,88.31,91.5,97,2.42,FAVORABLE,86.7,LIMIT,20,COMPRESSION,2026-10-02,2026-10-02T04:34:30.095518
LITE,LONG,CONVICTION,80.0,BULL_BOUNCE_CONFIRMED,1054.99,959.68,1107.74,,1,0.55,FAVORABLE,1054.99,LIMIT,5,MINOR,2026-10-02,2026-10-02T04:38:51.607411
RRR,LONG,CONVICTION,80.0,BULL_BOUNCE_CONFIRMED,49.3,46.77,54.32,56.2,39,1.98,FAVORABLE,49.3,LIMIT,20,COMPRESSION,2026-10-02,2026-10-02T04:48:55.374527
TEVA,LONG,CONVICTION,79.9,BULL_BOUNCE_PENDING,39.62,37.59,41.6,,49,0.97,FAVORABLE,39.0425,STOP,18,MINOR,2026-10-02,2026-10-02T05:12:22.432793
SCCO,LONG,CONVICTION,79.8,BULL_BOUNCE_PENDING,196.9,194.72,201.92,207.46,45,2.31,FAVORABLE,199.22,LIMIT,20,VACUUM,2026-10-02,2026-10-02T04:59:30.383003
DG,LONG,CONVICTION,79.8,BULL_BOUNCE_PENDING,117.95,116.64,122.97,135.95,76,3.83,FAVORABLE,119.52,LIMIT,20,COMPRESSION,2026-10-02,2026-10-02T05:05:05.925373
CVSA,LONG,CONVICTION,79.7,BULL_BOUNCE_PENDING,125.5,121.39,132.4,139.14,24,1.68,FAVORABLE,123.6,STOP,20,CONVICTION,2026-10-02,2026-10-02T04:43:08.154157
VNET,LONG,CONVICTION,79.6,BULL_BOUNCE_PENDING,5.48,4.96,6.37,,193,1.72,FAVORABLE,5.59,LIMIT,20,MINOR,2026-10-02,2026-10-02T05:02:09.111888
CDW,SHORT,CONVICTION,79.5,BEAR_REJECTION_PENDING,138.55,143.15,130.14,127.12,21,1.83,FAVORABLE,135.83,LIMIT,20,CONVICTION,2026-10-02,2026-10-02T04:52:15.629556
VZ,LONG,CONVICTION,79.3,BULL_BOUNCE_PENDING,45.06,41.91,49.9,,31,1.54,FAVORABLE,45.98,LIMIT,20,COMPRESSION,2026-10-02,2026-10-02T04:34:00.592565
RIG,LONG,CONVICTION,79.3,BULL_BOUNCE_PENDING,5.08,4.85,5.62,5.62,433,2.35,FAVORABLE,5.18,LIMIT,20,COMPRESSION,2026-10-02,2026-10-02T04:38:09.202757
BR,LONG,CONVICTION,79.3,BULL_BOUNCE_PENDING,158.73,156.55,162.01,166.64,46,1.51,FAVORABLE,161.6627,LIMIT,20,CONVICTION,2026-10-02,2026-10-02T04:45:11.991525
TARS,LONG,CONVICTION,79.3,BULL_BOUNCE_PENDING,79.18,75.3,86.31,,25,1.84,FAVORABLE,76.0,STOP,20,COMPRESSION,2026-10-02,2026-10-02T04:47:10.559280
HAE,LONG,CONVICTION,79.3,BULL_BOUNCE_PENDING,103.25,101.92,106.67,107.25,74,2.55,FAVORABLE,104.37,LIMIT,20,COMPRESSION,2026-10-02,2026-10-02T04:50:03.629023
PENG,LONG,CONVICTION,79.0,BULL_BOUNCE_CONFIRMED,55.93,53.03,62.67,63.49,34,2.33,FAVORABLE,55.93,LIMIT,13,CONVICTION,2026-10-02,2026-10-02T04:34:49.860556
NEM,SHORT,CONVICTION,79.0,BEAR_REJECTION_PENDING,115.52,122.04,103.78,,15,1.8,FAVORABLE,115.48,LIMIT,20,CONVICTION,2026-10-02,2026-10-02T04:34:59.965106
ZETA,SHORT,CONVICTION,79.0,BEAR_REJECTION_PENDING,33.1,36.92,31.44,,26,0.43,FAVORABLE,32.45,LIMIT,4,CONVICTION,2026-10-02,2026-10-02T04:39:38.095340
RARE,SHORT,CONVICTION,79.0,BEAR_REJECTION_PENDING,14.85,26.09,14.11,,8,0.07,FAVORABLE,14.8197,LIMIT,17,CONVICTION,2026-10-02,2026-10-02T04:41:03.855185
ABNB,LONG,CONVICTION,79.0,BULL_BOUNCE_CONFIRMED,163.99,155.57,181.63,188.22,11,2.1,FAVORABLE,163.99,LIMIT,20,COMPRESSION,2026-10-02,2026-10-02T04:42:23.510897
SSRM,SHORT,CONVICTION,79.0,BEAR_REJECTION_PENDING,33.64,35.86,30.2,,45,1.55,FAVORABLE,33.61,LIMIT,20,CONVICTION,2026-10-02,2026-10-02T04:44:34.090287
BRZE,SHORT,CONVICTION,79.0,BEAR_REJECTION_PENDING,26.18,30.46,24.87,,23,0.31,FAVORABLE,26.0,LIMIT,7,CONVICTION,2026-10-02,2026-10-02T04:45:12.129525
IMVT,LONG,CONVICTION,79.0,BULL_BOUNCE_PENDING,32.98,26.26,34.63,,14,0.25,FAVORABLE,33.65,LIMIT,20,COMPRESSION,2026-10-02,2026-10-02T04:50:05.001560
SIMO,LONG,CONVICTION,79.0,BULL_BOUNCE_CONFIRMED,280.6,265.67,310.0,322.43,6,1.97,FAVORABLE,280.6,LIMIT,20,MINOR,2026-10-02,2026-10-02T04:51:25.833793
LGN,LONG,CONVICTION,79.0,BULL_BOUNCE_PENDING,51.16,49.17,59.21,59.52,50,4.06,FAVORABLE,52.2,LIMIT,20,COMPRESSION,2026-10-02,2026-10-02T04:54:18.717366
BITX,SHORT,CONVICTION,79.0,BEAR_REJECTION_PENDING,21.35,24.89,20.28,,28,0.3,FAVORABLE,20.93,LIMIT,7,CONVICTION,2026-10-02,2026-10-02T04:57:26.089506
RBC,LONG,CONVICTION,79.0,BULL_BOUNCE_CONFIRMED,508.49,491.61,552.55,552.55,5,2.61,FAVORABLE,508.49,LIMIT,20,CONVICTION,2026-10-02,2026-10-02T05:03:05.966949
HOOG,LONG,CONVICTION,79.0,BULL_BOUNCE_PENDING,31.71,30.48,35.4,,81,2.99,FAVORABLE,32.36,LIMIT,19,CONVICTION,2026-10-02,2026-10-02T05:06:19.548621
ATI,SHORT,CONVICTION,79.0,BEAR_REJECTION_PENDING,193.06,199.76,165.0,165.0,14,4.19,FAVORABLE,191.14,LIMIT,20,CONVICTION,2026-10-02,2026-10-02T05:07:30.736117
EME,LONG,CONVICTION,79.0,BULL_BOUNCE_CONFIRMED,769.03,703.48,807.48,,1,0.59,FAVORABLE,769.03,LIMIT,20,CONVICTION,2026-10-02,2026-10-02T05:09:21.101151
DASH,SHORT,CONVICTION,78.9,BEAR_REJECTION_PENDING,183.69,185.99,177.5,170.34,43,2.7,FAVORABLE,182.22,LIMIT,20,CONVICTION,2026-10-02,2026-10-02T05:00:50.475661
PBR,LONG,CONVICTION,78.9,BULL_BOUNCE,20.88,20.32,21.77,,178,1.59,FAVORABLE,20.88,LIMIT,20,MINOR,2026-10-02,2026-10-02T05:05:12.344033
DOMO,LONG,CONVICTION,78.8,BULL_BOUNCE_PENDING,3.67,3.44,4.03,,427,1.54,FAVORABLE,3.59,STOP,20,COMPRESSION,2026-10-02,2026-10-02T04:42:12.857881
IDT,LONG,CONVICTION,78.8,BULL_BOUNCE_PENDING,81.87,77.32,85.96,,21,0.9,FAVORABLE,79.98,STOP,7,MINOR,2026-10-02,2026-10-02T05:13:07.397899
LBRT,LONG,CONVICTION,78.7,BULL_BOUNCE_PENDING,18.5,17.35,20.53,21.34,87,1.78,FAVORABLE,18.8734,LIMIT,20,COMPRESSION,2026-10-02,2026-10-02T04:54:15.328204
KOLD,LONG,CONVICTION,78.7,BULL_BOUNCE_PENDING,29.26,26.67,30.73,,38,0.56,FAVORABLE,29.86,LIMIT,11,MINOR,2026-10-02,2026-10-02T04:58:21.644231
SOXX,LONG,CONVICTION,78.6,BULL_BOUNCE_CONFIRMED,584.39,559.41,624.0,654.42,4,1.59,FAVORABLE,584.39,LIMIT,9,CONVICTION,2026-10-02,2026-10-02T05:11:44.058064
GM,LONG,CONVICTION,78.6,BULL_BOUNCE_PENDING,77.73,72.17,86.16,,17,1.51,FAVORABLE,79.32,LIMIT,20,COMPRESSION,2026-10-02,2026-10-02T05:13:34.671173
TECK,SHORT,CONVICTION,78.5,BEAR_REJECTION_PENDING,65.9,70.69,57.31,,20,1.79,FAVORABLE,65.71,LIMIT,20,CONVICTION,2026-10-02,2026-10-02T04:37:02.757954
ZM,LONG,CONVICTION,78.5,BULL_BOUNCE_PENDING,92.11,90.32,103.5,96.15,55,6.35,FAVORABLE,93.99,LIMIT,20,COMPRESSION,2026-10-02,2026-10-02T05:04:07.378071
STLD,SHORT,CONVICTION,78.5,BEAR_REJECTION_PENDING,229.99,234.83,200.97,211.99,20,6.0,FAVORABLE,226.17,LIMIT,20,CONVICTION,2026-10-02,2026-10-02T05:05:54.727524
DSGX,LONG,CONVICTION,78.5,BULL_BOUNCE_PENDING,79.57,71.05,83.54,,11,0.47,FAVORABLE,81.19,LIMIT,20,COMPRESSION,2026-10-02,2026-10-02T05:09:19.316620
FEIM,LONG,CONVICTION,78.4,BULL_BOUNCE,86.14,81.6,86.72,,22,0.13,FAVORABLE,86.14,LIMIT,10,MINOR,2026-10-02,2026-10-02T04:31:00.388367
DVN,LONG,CONVICTION,78.3,BULL_BOUNCE_PENDING,47.23,44.87,50.99,,42,1.59,FAVORABLE,46.54,STOP,20,COMPRESSION,2026-10-02,2026-10-02T04:34:34.272527
COHX,LONG,CONVICTION,78.3,BULL_BOUNCE_PENDING,27.1,23.4,28.45,,27,0.37,FAVORABLE,27.65,LIMIT,10,CONVICTION,2026-10-02,2026-10-02T04:43:00.227479
AR,LONG,CONVICTION,78.3,BULL_BOUNCE_PENDING,33.32,32.04,35.53,38.36,78,1.73,FAVORABLE,34.0,LIMIT,20,COMPRESSION,2026-10-02,2026-10-02T04:45:06.447443
PSX,SHORT,CONVICTION,78.3,BEAR_REJECTION_PENDING,269.36,273.6,248.12,255.31,23,5.01,FAVORABLE,264.99,LIMIT,10,CONVICTION,2026-10-02,2026-10-02T04:48:52.747524
TDC,LONG,CONVICTION,78.3,BULL_BOUNCE_CONFIRMED,29.98,28.7,33.54,33.31,77,2.77,FAVORABLE,29.98,LIMIT,3,MINOR,2026-10-02,2026-10-02T04:56:49.519348
LAES,LONG,CONVICTION,78.2,BULL_BOUNCE_PENDING,2.4,2.23,2.71,,602,1.87,FAVORABLE,2.36,STOP,3,MINOR,2026-10-02,2026-10-02T04:32:54.330954
SNAP,LONG,CONVICTION,78.2,BULL_BOUNCE_PENDING,5.56,5.38,5.94,6.03,569,2.18,FAVORABLE,5.67,LIMIT,14,MINOR,2026-10-02,2026-10-02T04:33:09.409754
EXPD,LONG,CONVICTION,78.2,BULL_BOUNCE_PENDING,188.84,184.64,198.28,,23,2.25,FAVORABLE,187.74,STOP,20,MINOR,2026-10-02,2026-10-02T04:49:53.797009
ROBN,LONG,CONVICTION,78.2,BULL_BOUNCE_PENDING,31.96,30.55,35.41,,70,2.44,FAVORABLE,32.61,LIMIT,14,CONVICTION,2026-10-02,2026-10-02T05:00:10.590503
ETSY,SHORT,CONVICTION,78.2,BEAR_REJECTION_PENDING,72.7,74.07,62.73,69.18,73,7.29,FAVORABLE,72.595,LIMIT,20,COMPRESSION,2026-10-02,2026-10-02T05:00:53.782450
DAR,LONG,CONVICTION,78.2,BULL_BOUNCE_PENDING,60.41,58.03,65.18,66.28,42,2.01,FAVORABLE,61.64,LIMIT,20,COMPRESSION,2026-10-02,2026-10-02T05:04:26.198303
GGLL,SHORT,CONVICTION,78.2,BEAR_REJECTION_PENDING,97.65,100.03,92.33,86.21,42,2.24,FAVORABLE,97.6,LIMIT,20,CONVICTION,2026-10-02,2026-10-02T05:04:31.533100
BWIN,LONG,CONVICTION,78.1,BULL_BOUNCE_PENDING,31.13,29.52,33.63,,61,1.55,FAVORABLE,31.77,LIMIT,15,VACUUM,2026-10-02,2026-10-02T04:49:36.644983
ADBT,LONG,CONVICTION,78.0,BULL_BOUNCE,0.14,0.11,0.14,,3048,0.04,FAVORABLE,0.1387,LIMIT,18,MINOR,2026-10-02,2026-10-02T04:29:14.634241
MDLN,LONG,CONVICTION,78.0,BULL_BOUNCE_CONFIRMED,34.94,33.43,37.3,38.69,66,1.56,FAVORABLE,34.94,LIMIT,6,CONVICTION,2026-10-02,2026-10-02T04:40:18.844579
VELO,LONG,CONVICTION,78.0,BULL_BOUNCE_CONFIRMED,10.75,9.94,12.13,,123,1.7,FAVORABLE,10.75,LIMIT,20,MINOR,2026-10-02,2026-10-02T04:40:55.890173
WTS,LONG,CONVICTION,78.0,BULL_BOUNCE_CONFIRMED,360.0,341.44,378.0,,5,0.97,FAVORABLE,360.0,LIMIT,20,COMPRESSION,2026-10-02,2026-10-02T04:44:52.153729
ALM,LONG,CONVICTION,78.0,BULL_BOUNCE_PENDING,12.98,12.2,14.49,14.77,127,1.91,FAVORABLE,13.25,LIMIT,20,COMPRESSION,2026-10-02,2026-10-02T04:53:32.894736
GLWG,LONG,CONVICTION,78.0,BULL_BOUNCE_CONFIRMED,14.8,13.97,16.93,16.93,120,2.57,FAVORABLE,14.8,LIMIT,11,CONVICTION,2026-10-02,2026-10-02T04:54:08.800709
MFP,LONG,CONVICTION,78.0,BULL_BOUNCE_PENDING,40.72,38.63,46.66,46.63,47,2.84,FAVORABLE,41.55,LIMIT,20,COMPRESSION,2026-10-02,2026-10-02T04:54:19.346029
NCPL,LONG,CONVICTION,78.0,BULL_BOUNCE_CONFIRMED,1.51,1.45,1.59,,1745,1.32,FAVORABLE,1.51,LIMIT,7,MINOR,2026-10-02,2026-10-02T05:03:29.466245
NYT,LONG,CONVICTION,78.0,BULL_BOUNCE_PENDING,62.33,56.59,72.01,,17,1.69,FAVORABLE,63.6,LIMIT,20,COMPRESSION,2026-10-02,2026-10-02T05:09:41.874385
FN,LONG,CONVICTION,78.0,BULL_BOUNCE_CONFIRMED,460.0,443.35,513.7,525.39,6,3.23,FAVORABLE,460.0,LIMIT,8,CONVICTION,2026-10-02,2026-10-02T05:13:34.193172
GWW,LONG,CONVICTION,78.0,BULL_BOUNCE_CONFIRMED,1282.0,1236.81,1389.14,1389.14,2,2.37,FAVORABLE,1282.0,LIMIT,20,CONVICTION,2026-10-02,2026-10-02T05:13:44.934196
CRCL,SHORT,CONVICTION,77.9,BEAR_REJECTION_PENDING,86.7,89.44,73.77,80.47,36,4.71,FAVORABLE,85.0,LIMIT,15,CONVICTION,2026-10-02,2026-10-02T04:38:38.025871
CNX,LONG,CONVICTION,77.9,BULL_BOUNCE_PENDING,30.89,30.14,33.0,35.2,132,2.8,FAVORABLE,31.52,LIMIT,20,COMPRESSION,2026-10-02,2026-10-02T05:05:05.809375
PLTR,LONG,CONVICTION,77.8,BULL_BOUNCE_PENDING,191.99,186.97,201.71,,19,1.94,FAVORABLE,191.42,STOP,5,CONVICTION,2026-10-02,2026-10-02T04:37:53.351572
DKS,LONG,CONVICTION,77.8,BULL_BOUNCE,133.04,128.32,142.36,150.7,21,1.98,FAVORABLE,133.04,LIMIT,20,COMPRESSION,2026-10-02,2026-10-02T04:43:11.710769
IRTC,LONG,CONVICTION,77.8,BULL_BOUNCE,111.05,107.38,118.08,127.5,27,1.92,FAVORABLE,111.05,LIMIT,20,CONVICTION,2026-10-02,2026-10-02T04:50:16.175940
CYTK,SHORT,CONVICTION,77.8,BEAR_REJECTION_PENDING,66.51,68.55,57.83,58.1,49,4.26,FAVORABLE,65.62,LIMIT,20,COMPRESSION,2026-10-02,2026-10-02T05:08:19.705688
ISRG,LONG,CONVICTION,77.7,BULL_BOUNCE_PENDING,401.59,398.48,446.91,457.56,32,14.57,FAVORABLE,403.0,LIMIT,20,CONVICTION,2026-10-02,2026-10-02T04:36:20.450717
PSNL,LONG,CONVICTION,77.7,BULL_BOUNCE,16.15,15.76,17.5,17.5,259,3.5,FAVORABLE,16.15,LIMIT,20,COMPRESSION,2026-10-02,2026-10-02T04:59:20.800925
GFL,LONG,CONVICTION,77.7,BULL_BOUNCE_PENDING,39.75,37.45,43.2,,43,1.5,FAVORABLE,40.558,LIMIT,20,COMPRESSION,2026-10-02,2026-10-02T05:04:29.824965
PTEN,LONG,CONVICTION,77.5,BULL_BOUNCE_PENDING,11.36,10.67,12.54,,144,1.71,FAVORABLE,11.25,STOP,20,COMPRESSION,2026-10-02,2026-10-02T04:37:14.376970
NXE,LONG,CONVICTION,77.4,BULL_BOUNCE_PENDING,8.78,8.44,9.5,10.2,288,2.06,FAVORABLE,8.9641,LIMIT,20,COMPRESSION,2026-10-02,2026-10-02T04:32:05.307933
B,LONG,CONVICTION,77.4,BULL_BOUNCE_PENDING,39.63,38.02,44.66,45.64,62,3.12,FAVORABLE,40.44,LIMIT,20,CONVICTION,2026-10-02,2026-10-02T04:32:14.538607
MDB,LONG,CONVICTION,77.4,BULL_BOUNCE_PENDING,350.17,341.59,364.27,400.0,11,1.64,FAVORABLE,352.0,LIMIT,20,VACUUM,2026-10-02,2026-10-02T04:43:52.004244
DPC,LONG,CONVICTION,77.4,BULL_BOUNCE_PENDING,43.36,40.34,48.05,,33,1.55,FAVORABLE,42.91,STOP,8,COMPRESSION,2026-10-02,2026-10-02T04:48:10.338796
TZA,LONG,CONVICTION,77.4,BULL_BOUNCE_PENDING,48.81,46.17,51.25,,37,0.92,FAVORABLE,46.29,STOP,20,COMPRESSION,2026-10-02,2026-10-02T05:04:40.994104
KLIC,LONG,CONVICTION,77.3,BULL_BOUNCE_PENDING,96.45,91.64,110.24,108.56,20,2.87,FAVORABLE,96.0,STOP,20,CONVICTION,2026-10-02,2026-10-02T05:11:38.434049
NE,LONG,CONVICTION,77.2,BULL_BOUNCE_PENDING,41.43,39.7,44.2,46.97,57,1.6,FAVORABLE,42.2762,LIMIT,20,COMPRESSION,2026-10-02,2026-10-02T04:46:27.726492
ABSI,LONG,CONVICTION,77.1,BULL_BOUNCE_PENDING,11.28,10.09,11.84,,83,0.47,FAVORABLE,10.76,STOP,18,MINOR,2026-10-02,2026-10-02T05:10:21.513190
T,LONG,CONVICTION,77.0,BULL_BOUNCE_PENDING,23.74,22.94,25.39,27.35,126,2.09,FAVORABLE,24.22,LIMIT,20,COMPRESSION,2026-10-02,2026-10-02T04:33:14.527826
TTWO,LONG,CONVICTION,77.0,BULL_BOUNCE_PENDING,199.91,183.16,233.56,,5,2.01,FAVORABLE,203.9909,LIMIT,20,CONVICTION,2026-10-02,2026-10-02T04:44:41.879559
ACAD,LONG,CONVICTION,77.0,BULL_BOUNCE_PENDING,19.72,17.51,23.05,,45,1.51,FAVORABLE,20.12,LIMIT,20,COMPRESSION,2026-10-02,2026-10-02T04:55:55.391895
XENE,SHORT,CONVICTION,77.0,BEAR_REJECTION_PENDING,40.39,57.64,38.37,,5,0.12,FAVORABLE,39.6,LIMIT,10,CONVICTION,2026-10-02,2026-10-02T04:56:54.965362
NICE,LONG,CONVICTION,76.9,BULL_BOUNCE_PENDING,118.07,110.71,129.5,,13,1.55,FAVORABLE,116.0,STOP,20,MINOR,2026-10-02,2026-10-02T04:44:05.195031
KKR,LONG,CONVICTION,76.9,BULL_BOUNCE_PENDING,93.19,88.76,103.0,105.49,22,2.22,FAVORABLE,92.0,STOP,20,CONVICTION,2026-10-02,2026-10-02T04:48:27.448485
SBLK,LONG,CONVICTION,76.8,BULL_BOUNCE_PENDING,30.59,29.22,32.66,,72,1.51,FAVORABLE,30.41,STOP,20,COMPRESSION,2026-10-02,2026-10-02T04:55:43.607869
ARXS,LONG,CONVICTION,76.8,BULL_BOUNCE_PENDING,46.57,43.7,50.97,53.83,34,1.53,FAVORABLE,47.52,LIMIT,20,COMPRESSION,2026-10-02,2026-10-02T05:10:31.890914
XYZ,LONG,CONVICTION,76.7,BULL_BOUNCE_PENDING,72.41,69.17,81.59,81.59,30,2.83,FAVORABLE,73.89,LIMIT,20,CONVICTION,2026-10-02,2026-10-02T04:53:26.192715
RING,SHORT,CONVICTION,76.7,BEAR_REJECTION_PENDING,76.0,77.89,70.48,66.9,52,2.92,FAVORABLE,75.92,LIMIT,20,CONVICTION,2026-10-02,2026-10-02T04:59:25.290933
AI,LONG,CONVICTION,76.6,BULL_BOUNCE_PENDING,11.29,10.52,11.85,,130,0.73,FAVORABLE,11.09,STOP,12,COMPRESSION,2026-10-02,2026-10-02T04:37:39.889015
CRGY,LONG,CONVICTION,76.6,BULL_BOUNCE_PENDING,13.34,12.56,14.64,,127,1.66,FAVORABLE,13.1909,STOP,20,COMPRESSION,2026-10-02,2026-10-02T04:43:04.395347
ESTC,LONG,CONVICTION,76.6,BULL_BOUNCE_PENDING,93.91,88.57,103.78,,18,1.85,FAVORABLE,92.31,STOP,17,CONVICTION,2026-10-02,2026-10-02T04:43:18.200665
ULTA,SHORT,CONVICTION,76.5,BEAR_REJECTION_PENDING,538.35,547.93,474.0,488.09,10,6.72,FAVORABLE,537.7,LIMIT,20,CONVICTION,2026-10-02,2026-10-02T04:44:45.062020
VVV,LONG,CONVICTION,76.5,BULL_BOUNCE_PENDING,30.66,28.53,34.83,35.52,46,1.95,FAVORABLE,31.2883,LIMIT,20,COMPRESSION,2026-10-02,2026-10-02T05:11:48.952606
ALGM,LONG,CONVICTION,76.5,BULL_BOUNCE_PENDING,36.66,33.93,42.54,,36,2.15,FAVORABLE,37.41,LIMIT,20,COMPRESSION,2026-10-02,2026-10-02T05:12:28.875340
GNW,LONG,CONVICTION,76.5,BULL_BOUNCE_PENDING,9.12,8.67,10.01,10.55,218,1.94,FAVORABLE,9.31,LIMIT,20,COMPRESSION,2026-10-02,2026-10-02T05:13:41.921189
CRUS,LONG,CONVICTION,76.4,BULL_BOUNCE_PENDING,118.46,112.64,127.99,137.09,17,1.64,FAVORABLE,120.88,LIMIT,20,CONVICTION,2026-10-02,2026-10-02T05:05:27.283802
KMT,LONG,CONVICTION,76.4,BULL_BOUNCE_PENDING,30.63,28.96,34.5,35.84,59,2.31,FAVORABLE,31.26,LIMIT,20,COMPRESSION,2026-10-02,2026-10-02T05:07:45.224908
TQQQ,LONG,CONVICTION,76.4,BULL_BOUNCE_CONFIRMED,80.49,77.74,85.22,,36,1.72,FAVORABLE,80.49,LIMIT,1,VACUUM,2026-10-02,2026-10-02T05:11:14.075481
TSLT,LONG,CONVICTION,76.3,BULL_BOUNCE_PENDING,12.52,11.65,13.91,,114,1.59,FAVORABLE,12.78,LIMIT,20,COMPRESSION,2026-10-02,2026-10-02T05:04:56.337817
TTD,SHORT,CONVICTION,76.2,BEAR_REJECTION_PENDING,12.34,17.76,11.72,,18,0.11,FAVORABLE,12.0993,LIMIT,20,COMPRESSION,2026-10-02,2026-10-02T04:37:59.227115
FPS,LONG,CONVICTION,76.2,BULL_BOUNCE_CONFIRMED,37.88,34.67,42.71,,31,1.5,FAVORABLE,37.88,LIMIT,20,COMPRESSION,2026-10-02,2026-10-02T04:40:03.660045
NTR,LONG,CONVICTION,76.2,BULL_BOUNCE_PENDING,68.34,67.05,76.59,73.48,77,6.44,FAVORABLE,69.73,LIMIT,20,COMPRESSION,2026-10-02,2026-10-02T04:59:16.179504
CANG,LONG,CONVICTION,76.2,BULL_BOUNCE_PENDING,2.68,2.36,2.81,,310,0.42,FAVORABLE,2.58,STOP,6,MINOR,2026-10-02,2026-10-02T05:09:47.980406
FAMI,LONG,CONVICTION,76.1,BULL_BOUNCE_PENDING,0.13,0.12,0.14,,11325,1.53,FAVORABLE,0.13,LIMIT,20,MINOR,2026-10-02,2026-10-02T04:55:52.255888
EL,SHORT,CONVICTION,76.1,BEAR_REJECTION_PENDING,91.52,93.21,81.01,81.86,59,6.2,FAVORABLE,89.7254,LIMIT,20,CONVICTION,2026-10-02,2026-10-02T04:57:54.604083
AMBA,LONG,CONVICTION,76.0,BULL_BOUNCE_PENDING,69.09,65.47,75.88,78.54,27,1.88,FAVORABLE,70.5,LIMIT,20,CONVICTION,2026-10-02,2026-10-02T04:28:55.197558
HALO,LONG,CONVICTION,76.0,BULL_BOUNCE_PENDING,104.8,100.79,111.54,115.36,24,1.68,FAVORABLE,106.94,LIMIT,20,COMPRESSION,2026-10-02,2026-10-02T04:43:36.782139
MAN,LONG,CONVICTION,76.0,BULL_BOUNCE_PENDING,55.15,51.61,60.54,63.2,28,1.52,FAVORABLE,56.28,LIMIT,20,COMPRESSION,2026-10-02,2026-10-02T04:56:28.611304
MNST,LONG,CONVICTION,76.0,BULL_BOUNCE_PENDING,41.55,38.16,46.99,,29,1.6,FAVORABLE,42.4,LIMIT,20,COMPRESSION,2026-10-02,2026-10-02T04:56:33.164316
GDXD,LONG,CONVICTION,76.0,BULL_BOUNCE_PENDING,22.02,18.97,23.12,,32,0.36,FAVORABLE,22.47,LIMIT,20,COMPRESSION,2026-10-02,2026-10-02T05:04:28.648424
VEEA,LONG,CONVICTION,76.0,BULL_BOUNCE_PENDING,3.46,3.04,3.63,,238,0.41,FAVORABLE,3.49,LIMIT,2,MINOR,2026-10-02,2026-10-02T05:09:43.223388
NXL,LONG,CONVICTION,76.0,BULL_BOUNCE_PENDING,10.99,9.62,11.54,,72,0.4,FAVORABLE,6.11,STOP,20,MINOR,2026-10-02,2026-10-02T05:13:19.121965
WHD,LONG,CONVICTION,75.9,BULL_BOUNCE_PENDING,60.95,56.34,69.07,,21,1.76,FAVORABLE,62.19,LIMIT,20,COMPRESSION,2026-10-02,2026-10-02T04:47:23.702300
CLS,LONG,CONVICTION,75.9,BULL_BOUNCE_CONFIRMED,382.07,368.88,412.06,425.36,7,2.27,FAVORABLE,382.07,LIMIT,6,CONVICTION,2026-10-02,2026-10-02T04:49:42.560991
GBTC,LONG,CONVICTION,75.9,BULL_BOUNCE_PENDING,66.03,65.17,68.37,68.4,115,2.71,FAVORABLE,66.68,LIMIT,20,CONVICTION,2026-10-02,2026-10-02T04:58:15.496591
NUE,SHORT,CONVICTION,75.9,BEAR_REJECTION_PENDING,240.7,245.71,228.6,228.6,19,2.41,FAVORABLE,235.98,LIMIT,20,CONVICTION,2026-10-02,2026-10-02T05:05:44.320509
CRC,LONG,CONVICTION,75.8,BULL_BOUNCE_PENDING,50.13,48.82,53.57,56.67,76,2.63,FAVORABLE,51.15,LIMIT,20,COMPRESSION,2026-10-02,2026-10-02T04:45:31.412160
MTN,LONG,CONVICTION,75.8,BULL_BOUNCE_PENDING,139.73,132.77,154.22,159.75,14,2.08,FAVORABLE,138.99,STOP,20,COMPRESSION,2026-10-02,2026-10-02T05:09:28.901341
MDGL,LONG,CONVICTION,75.7,BULL_BOUNCE,499.71,484.22,539.25,542.43,6,2.55,FAVORABLE,499.71,LIMIT,20,CONVICTION,2026-10-02,2026-10-02T04:48:30.874489
EROC,LONG,CONVICTION,75.7,BULL_BOUNCE_PENDING,11.97,11.04,13.74,,107,1.92,FAVORABLE,12.21,LIMIT,8,COMPRESSION,2026-10-02,2026-10-02T04:49:53.321009
WLTH,LONG,CONVICTION,75.7,BULL_BOUNCE_PENDING,10.61,9.88,11.14,,137,0.73,FAVORABLE,10.45,STOP,10,CONVICTION,2026-10-02,2026-10-02T05:09:08.822020
ALAB,LONG,CONVICTION,75.6,BULL_BOUNCE,353.4,331.36,403.51,403.51,4,2.27,FAVORABLE,353.4,LIMIT,20,CONVICTION,2026-10-02,2026-10-02T04:31:39.032030
AGIO,LONG,CONVICTION,75.6,BULL_BOUNCE_PENDING,33.76,31.84,37.03,,52,1.71,FAVORABLE,32.48,STOP,20,COMPRESSION,2026-10-02,2026-10-02T04:49:26.774968
CCJ,LONG,CONVICTION,75.5,BULL_BOUNCE_PENDING,83.8,75.34,98.33,,11,1.72,FAVORABLE,85.5109,LIMIT,20,CONVICTION,2026-10-02,2026-10-02T04:34:55.557098
IOT,LONG,CONVICTION,75.5,BULL_BOUNCE_PENDING,39.49,37.94,42.05,43.78,64,1.64,FAVORABLE,40.3,LIMIT,8,COMPRESSION,2026-10-02,2026-10-02T05:02:39.572589
BNS,LONG,CONVICTION,75.4,BULL_BOUNCE_PENDING,88.89,86.97,93.13,93.5,52,2.22,FAVORABLE,90.7,LIMIT,20,COMPRESSION,2026-10-02,2026-10-02T05:01:30.021721
NTSK,LONG,CONVICTION,75.3,BULL_BOUNCE_CONFIRMED,18.02,16.91,20.29,,90,2.05,FAVORABLE,18.02,LIMIT,13,MINOR,2026-10-02,2026-10-02T04:34:03.841567
GXO,LONG,CONVICTION,75.3,BULL_BOUNCE_PENDING,45.08,42.62,52.26,51.03,40,2.91,FAVORABLE,46.0,LIMIT,16,CONVICTION,2026-10-02,2026-10-02T04:59:35.791567
SOLT,LONG,CONVICTION,75.3,BULL_BOUNCE_PENDING,78.59,75.27,84.2,,30,1.69,FAVORABLE,80.19,LIMIT,9,CONVICTION,2026-10-02,2026-10-02T05:04:03.387116
USD,LONG,CONVICTION,75.3,BULL_BOUNCE_CONFIRMED,100.1,95.04,110.11,,19,1.98,FAVORABLE,100.1,LIMIT,4,VACUUM,2026-10-02,2026-10-02T05:11:14.171481
RDDT,SHORT,CONVICTION,75.2,BEAR_REJECTION_PENDING,152.99,156.45,141.21,141.21,28,3.41,FAVORABLE,149.99,LIMIT,20,CONVICTION,2026-10-02,2026-10-02T04:44:18.661608
TSLL,LONG,CONVICTION,75.2,BULL_BOUNCE_PENDING,8.95,8.36,10.2,,170,2.14,FAVORABLE,9.13,LIMIT,18,COMPRESSION,2026-10-02,2026-10-02T04:44:40.991482
PRAX,LONG,CONVICTION,75.2,BULL_BOUNCE_PENDING,292.76,280.9,330.42,323.47,8,3.17,FAVORABLE,290.0,STOP,20,MINOR,2026-10-02,2026-10-02T04:51:07.854726
DRIP,LONG,CONVICTION,75.2,BULL_BOUNCE_PENDING,34.86,33.54,38.65,39.4,75,2.87,FAVORABLE,35.5725,LIMIT,20,COMPRESSION,2026-10-02,2026-10-02T05:09:35.994369
NLR,LONG,CONVICTION,75.1,BULL_BOUNCE_PENDING,100.82,99.16,105.05,110.11,60,2.55,FAVORABLE,102.88,LIMIT,20,COMPRESSION,2026-10-02,2026-10-02T05:01:47.525808
GO,LONG,CONVICTION,75.1,BULL_BOUNCE_PENDING,12.14,11.42,13.51,,138,1.89,FAVORABLE,11.77,STOP,15,COMPRESSION,2026-10-02,2026-10-02T05:13:42.338189
DDS,LONG,CONVICTION,75.0,BULL_BOUNCE_PENDING,676.2,643.09,710.01,,3,1.02,FAVORABLE,646.35,STOP,20,CONVICTION,2026-10-02,2026-10-02T04:45:37.872170
GNRC,LONG,CONVICTION,75.0,BULL_BOUNCE,207.91,196.11,229.38,,8,1.82,FAVORABLE,207.91,LIMIT,12,CONVICTION,2026-10-02,2026-10-02T04:48:23.590478
DAN,LONG,CONVICTION,75.0,BULL_BOUNCE_PENDING,27.85,26.22,30.55,31.59,61,1.65,FAVORABLE,27.63,STOP,20,COMPRESSION,2026-10-02,2026-10-02T04:55:22.659820
SXTC,LONG,CONVICTION,75.0,BULL_BOUNCE_CONFIRMED,2.97,2.83,3.33,3.39,696,2.51,FAVORABLE,2.97,LIMIT,14,MINOR,2026-10-02,2026-10-02T04:56:49.247347
BITU,SHORT,CONVICTION,75.0,BEAR_REJECTION_PENDING,16.5,19.77,15.68,,30,0.25,FAVORABLE,16.1807,LIMIT,7,CONVICTION,2026-10-02,2026-10-02T04:57:25.873504
MSTU,LONG,CONVICTION,75.0,BULL_BOUNCE_PENDING,44.89,43.41,48.85,52.4,67,2.67,FAVORABLE,45.81,LIMIT,17,CONVICTION,2026-10-02,2026-10-02T04:58:27.603776
OR,SHORT,CONVICTION,75.0,BEAR_REJECTION_PENDING,34.21,35.96,29.49,29.28,57,2.7,FAVORABLE,33.98,LIMIT,20,CONVICTION,2026-10-02,2026-10-02T05:00:59.608990
TSDD,LONG,CONVICTION,75.0,BULL_BOUNCE,8.0,7.55,9.16,9.03,223,2.59,FAVORABLE,8.0,LIMIT,20,COMPRESSION,2026-10-02,2026-10-02T05:07:54.482478
TEN,SHORT,CONVICTION,75.0,BEAR_REJECTION_PENDING,49.45,51.17,44.1,42.81,57,3.1,FAVORABLE,48.85,LIMIT,20,CONVICTION,2026-10-02,2026-10-02T05:09:31.641351
FAZ,LONG,CONVICTION,75.0,BULL_BOUNCE,39.3,37.85,41.55,43.85,68,1.55,FAVORABLE,39.3,LIMIT,20,COMPRESSION,2026-10-02,2026-10-02T05:10:14.236376
GRPN,LONG,CONVICTION,75.0,BULL_BOUNCE,19.53,18.38,21.49,22.4,87,1.71,FAVORABLE,19.53,LIMIT,20,MINOR,2026-10-02,2026-10-02T05:10:57.739517
MRVL,LONG,CONVICTION,74.9,BULL_BOUNCE_PENDING,270.52,266.76,279.04,285.0,26,2.27,FAVORABLE,272.25,LIMIT,6,CONVICTION,2026-10-02,2026-10-02T04:39:43.313347
MSGE,LONG,CONVICTION,74.9,BULL_BOUNCE_PENDING,80.62,76.19,87.7,,22,1.6,FAVORABLE,80.2621,STOP,20,VACUUM,2026-10-02,2026-10-02T04:50:50.616604
PTGX,LONG,CONVICTION,74.9,BULL_BOUNCE,139.7,134.77,147.48,153.51,20,1.58,FAVORABLE,139.7,LIMIT,20,COMPRESSION,2026-10-02,2026-10-02T04:54:47.563100
UFPT,LONG,CONVICTION,74.9,BULL_BOUNCE,294.99,287.67,308.64,316.33,13,1.86,FAVORABLE,294.99,LIMIT,20,COMPRESSION,2026-10-02,2026-10-02T05:12:23.019795
BAC,LONG,CONVICTION,74.8,BULL_BOUNCE_PENDING,54.39,52.39,59.27,59.55,50,2.44,FAVORABLE,53.81,STOP,20,COMPRESSION,2026-10-02,2026-10-02T04:33:46.805531
WK,SHORT,CONVICTION,74.8,BEAR_REJECTION_PENDING,73.13,76.93,61.43,63.0,26,3.08,FAVORABLE,71.7,LIMIT,20,CONVICTION,2026-10-02,2026-10-02T04:49:18.834412
SILJ,SHORT,CONVICTION,74.8,BEAR_REJECTION_PENDING,27.68,29.37,24.88,23.5,59,1.65,FAVORABLE,27.26,LIMIT,20,CONVICTION,2026-10-02,2026-10-02T05:02:05.149395
VSTM,LONG,CONVICTION,74.7,BULL_BOUNCE_PENDING,8.18,7.51,8.59,,148,0.61,FAVORABLE,7.9,STOP,20,MINOR,2026-10-02,2026-10-02T04:29:46.926772
AVGO,SHORT,CONVICTION,74.7,BEAR_REJECTION_PENDING,355.98,365.28,315.06,326.73,10,4.4,FAVORABLE,349.0,LIMIT,20,CONVICTION,2026-10-02,2026-10-02T04:38:59.794428
RKLX,LONG,CONVICTION,74.7,BULL_BOUNCE_PENDING,17.54,14.58,18.42,,33,0.3,FAVORABLE,17.8971,LIMIT,20,MINOR,2026-10-02,2026-10-02T04:44:21.142759
NVAX,LONG,CONVICTION,74.7,BULL_BOUNCE_PENDING,10.51,10.06,11.44,,224,2.09,FAVORABLE,10.72,LIMIT,9,COMPRESSION,2026-10-02,2026-10-02T05:00:06.667032
BBD,LONG,CONVICTION,74.7,BULL_BOUNCE_CONFIRMED,3.51,3.23,3.69,,361,0.64,FAVORABLE,3.51,LIMIT,20,COMPRESSION,2026-10-02,2026-10-02T05:01:26.792717
XP,LONG,CONVICTION,74.6,BULL_BOUNCE,20.77,20.01,22.14,22.88,131,1.8,FAVORABLE,20.77,LIMIT,10,MINOR,2026-10-02,2026-10-02T04:39:22.791317
VUZI,LONG,CONVICTION,74.6,BULL_BOUNCE_CONFIRMED,2.93,2.78,3.27,,654,2.23,FAVORABLE,2.9289,LIMIT,20,MINOR,2026-10-02,2026-10-02T04:40:47.384160
SPOT,LONG,CONVICTION,74.6,BULL_BOUNCE_PENDING,480.69,471.96,507.03,507.03,11,3.02,FAVORABLE,490.5,LIMIT,20,CONVICTION,2026-10-02,2026-10-02T04:47:07.227276
AVGX,LONG,CONVICTION,74.6,BULL_BOUNCE_CONFIRMED,37.1,35.76,40.26,41.25,74,2.36,FAVORABLE,37.1,LIMIT,20,COMPRESSION,2026-10-02,2026-10-02T05:03:38.137560
BOX,LONG,CONVICTION,74.6,BULL_BOUNCE_PENDING,34.75,33.31,37.38,,69,1.83,FAVORABLE,34.6,STOP,15,COMPRESSION,2026-10-02,2026-10-02T05:04:50.157421
AG,SHORT,CONVICTION,74.5,BEAR_REJECTION_PENDING,17.86,19.11,15.38,,80,1.99,FAVORABLE,17.75,LIMIT,20,CONVICTION,2026-10-02,2026-10-02T04:37:22.915985
SYRE,SHORT,CONVICTION,74.5,BEAR_REJECTION_PENDING,91.73,107.9,87.14,,6,0.28,FAVORABLE,89.93,LIMIT,20,CONVICTION,2026-10-02,2026-10-02T04:56:49.480348
VPG,LONG,CONVICTION,74.4,BULL_BOUNCE,73.6,70.06,77.28,,28,1.04,FAVORABLE,73.6,LIMIT,7,VACUUM,2026-10-02,2026-10-02T05:00:19.399361
PLXS,LONG,CONVICTION,74.4,BULL_BOUNCE_CONFIRMED,270.27,255.74,294.8,,6,1.69,FAVORABLE,270.27,LIMIT,14,CONVICTION,2026-10-02,2026-10-02T05:13:51.399740
ORA,LONG,CONVICTION,74.3,BULL_BOUNCE_PENDING,87.87,83.4,98.14,99.93,22,2.3,FAVORABLE,89.66,LIMIT,20,COMPRESSION,2026-10-02,2026-10-02T04:46:39.330037
PS,LONG,CONVICTION,74.2,BULL_BOUNCE,53.21,48.91,54.25,,23,0.24,FAVORABLE,53.21,LIMIT,20,MINOR,2026-10-02,2026-10-02T04:30:53.292356
RMD,LONG,CONVICTION,74.2,BULL_BOUNCE,221.15,216.02,250.08,254.3,19,5.64,FAVORABLE,221.15,LIMIT,20,COMPRESSION,2026-10-02,2026-10-02T04:46:53.750121
BSY,LONG,CONVICTION,74.2,BULL_BOUNCE_PENDING,33.03,31.79,37.1,36.31,80,3.28,FAVORABLE,32.75,STOP,20,COMPRESSION,2026-10-02,2026-10-02T04:48:02.711891
IBIT,SHORT,CONVICTION,74.2,BEAR_REJECTION_PENDING,49.69,50.95,47.57,43.67,78,1.67,FAVORABLE,48.86,LIMIT,9,CONVICTION,2026-10-02,2026-10-02T04:58:15.537590
DE,SHORT,CONVICTION,74.2,BEAR_REJECTION_PENDING,671.55,680.25,648.0,611.12,11,2.71,FAVORABLE,667.26,LIMIT,20,CONVICTION,2026-10-02,2026-10-02T04:59:46.288118
ASND,LONG,CONVICTION,74.2,BULL_BOUNCE,227.31,217.29,257.17,253.0,9,2.98,FAVORABLE,227.31,LIMIT,20,COMPRESSION,2026-10-02,2026-10-02T05:04:49.186889
FRNM,LONG,CONVICTION,74.2,BULL_BOUNCE_PENDING,15.33,14.5,16.65,,121,1.6,FAVORABLE,15.641,LIMIT,20,MINOR,2026-10-02,2026-10-02T05:10:42.919945
FIVN,LONG,CONVICTION,74.1,BULL_BOUNCE_PENDING,35.03,33.85,37.06,38.58,84,1.71,FAVORABLE,35.75,LIMIT,20,COMPRESSION,2026-10-02,2026-10-02T04:43:24.622642
HP,LONG,CONVICTION,74.1,BULL_BOUNCE_PENDING,38.37,35.98,44.48,44.63,41,2.56,FAVORABLE,39.148,LIMIT,20,COMPRESSION,2026-10-02,2026-10-02T04:45:55.959725
UPWK,SHORT,CONVICTION,74.1,BEAR_REJECTION_PENDING,8.36,9.61,7.94,,80,0.33,FAVORABLE,8.3,LIMIT,20,CONVICTION,2026-10-02,2026-10-02T04:49:15.316406
GMAB,LONG,CONVICTION,74.1,BULL_BOUNCE_PENDING,35.84,34.59,37.63,,80,1.44,FAVORABLE,34.53,STOP,16,COMPRESSION,2026-10-02,2026-10-02T05:09:53.696421
SG,LONG,CONVICTION,74.0,BULL_BOUNCE,8.56,8.1,9.72,9.74,217,2.52,FAVORABLE,8.56,LIMIT,20,COMPRESSION,2026-10-02,2026-10-02T04:29:19.521496
DNLI,LONG,CONVICTION,74.0,BULL_BOUNCE,20.45,19.61,21.79,22.42,118,1.59,FAVORABLE,20.45,LIMIT,20,COMPRESSION,2026-10-02,2026-10-02T04:32:48.555944
LRCX,LONG,CONVICTION,74.0,BULL_BOUNCE_CONFIRMED,347.0,328.75,391.06,,5,2.41,FAVORABLE,347.0,LIMIT,3,COMPRESSION,2026-10-02,2026-10-02T04:37:59.546114
NB,LONG,CONVICTION,74.0,BULL_BOUNCE,3.46,3.29,3.8,3.88,578,1.97,FAVORABLE,3.46,LIMIT,20,COMPRESSION,2026-10-02,2026-10-02T04:38:33.718857
CACI,LONG,CONVICTION,74.0,BULL_BOUNCE,626.6,609.04,666.01,666.97,5,2.24,FAVORABLE,626.6012,LIMIT,20,CONVICTION,2026-10-02,2026-10-02T04:48:05.690994
CHRW,LONG,CONVICTION,74.0,BULL_BOUNCE_PENDING,148.8,128.73,156.24,,4,0.37,FAVORABLE,151.8322,LIMIT,20,CONVICTION,2026-10-02,2026-10-02T04:52:00.762977
DINO,SHORT,CONVICTION,74.0,BEAR_REJECTION_PENDING,114.06,116.48,102.98,107.32,41,4.58,FAVORABLE,112.02,LIMIT,3,CONVICTION,2026-10-02,2026-10-02T04:52:25.816773
WMS,LONG,CONVICTION,74.0,BULL_BOUNCE_PENDING,124.32,116.66,140.52,143.94,13,2.11,FAVORABLE,126.86,LIMIT,20,CONVICTION,2026-10-02,2026-10-02T04:53:23.734174
SUNB,SHORT,CONVICTION,74.0,BEAR_REJECTION_PENDING,77.54,80.23,66.58,71.04,37,4.08,FAVORABLE,76.02,LIMIT,20,CONVICTION,2026-10-02,2026-10-02T04:54:53.935114
WETO,LONG,CONVICTION,74.0,BULL_BOUNCE_PENDING,1.15,1.02,1.21,,799,0.46,FAVORABLE,1.085,STOP,8,MINOR,2026-10-02,2026-10-02T04:55:47.020875
TER,LONG,CONVICTION,74.0,BULL_BOUNCE_CONFIRMED,424.0,398.64,475.08,484.0,3,2.01,FAVORABLE,424.0,LIMIT,10,CONVICTION,2026-10-02,2026-10-02T04:55:45.400874
PACB,LONG,CONVICTION,74.0,BULL_BOUNCE_PENDING,2.56,2.32,2.69,,411,0.53,FAVORABLE,2.49,STOP,0,NONE,2026-10-02,2026-10-02T05:13:16.526949
PI,SHORT,CONVICTION,73.9,BEAR_REJECTION_PENDING,187.55,200.54,162.49,158.02,7,1.93,FAVORABLE,183.87,LIMIT,6,CONVICTION,2026-10-02,2026-10-02T04:44:15.779865
GGB,LONG,CONVICTION,73.9,BULL_BOUNCE_PENDING,4.72,4.57,5.05,5.1,638,2.08,FAVORABLE,4.82,LIMIT,20,MINOR,2026-10-02,2026-10-02T05:05:32.382143
PCLA,LONG,CONVICTION,73.9,BULL_BOUNCE_PENDING,6.48,3.99,6.8,,40,0.13,FAVORABLE,6.61,LIMIT,20,MINOR,2026-10-02,2026-10-02T05:08:54.419985
XRPT,LONG,CONVICTION,73.8,BULL_BOUNCE_PENDING,39.15,37.34,43.14,44.37,55,2.21,FAVORABLE,39.95,LIMIT,16,MINOR,2026-10-02,2026-10-02T05:00:30.234437
ERAS,LONG,CONVICTION,73.7,BULL_BOUNCE,14.58,13.62,16.75,,103,2.25,FAVORABLE,14.58,LIMIT,19,MINOR,2026-10-02,2026-10-02T04:37:00.288947
AKAM,LONG,CONVICTION,73.7,BULL_BOUNCE_PENDING,106.7,104.62,112.85,121.5,47,2.95,FAVORABLE,108.18,LIMIT,20,CONVICTION,2026-10-02,2026-10-02T04:45:00.260919
MTDR,LONG,CONVICTION,73.7,BULL_BOUNCE_PENDING,53.49,51.32,57.67,60.34,46,1.93,FAVORABLE,52.96,STOP,20,COMPRESSION,2026-10-02,2026-10-02T04:46:22.943953
ZSL,LONG,CONVICTION,73.7,BULL_BOUNCE_PENDING,27.71,25.62,30.92,,47,1.54,FAVORABLE,26.89,STOP,20,VACUUM,2026-10-02,2026-10-02T04:56:55.654360
PFE,LONG,CONVICTION,73.6,BULL_BOUNCE_PENDING,27.59,26.74,29.48,,117,2.22,FAVORABLE,28.15,LIMIT,20,COMPRESSION,2026-10-02,2026-10-02T04:33:11.777692
FTI,LONG,CONVICTION,73.6,BULL_BOUNCE_PENDING,66.89,64.77,75.7,75.7,47,4.18,FAVORABLE,68.25,LIMIT,20,COMPRESSION,2026-10-02,2026-10-02T04:45:50.911717
BHF,LONG,CONVICTION,73.6,BULL_BOUNCE_PENDING,49.05,43.16,51.5,,16,0.42,FAVORABLE,50.05,LIMIT,20,COMPRESSION,2026-10-02,2026-10-02T05:03:44.155019
BKV,LONG,CONVICTION,73.6,BULL_BOUNCE_PENDING,21.11,20.14,22.68,,102,1.61,FAVORABLE,21.54,LIMIT,20,COMPRESSION,2026-10-02,2026-10-02T05:08:55.321987
CGON,LONG,CONVICTION,73.5,BULL_BOUNCE_PENDING,66.98,60.5,76.87,,15,1.52,FAVORABLE,68.35,LIMIT,20,COMPRESSION,2026-10-02,2026-10-02T04:55:18.683940
GVA,LONG,CONVICTION,73.5,BULL_BOUNCE_PENDING,114.51,107.43,127.0,132.15,14,1.76,FAVORABLE,116.85,LIMIT,20,COMPRESSION,2026-10-02,2026-10-02T05:12:42.199903
STTK,LONG,CONVICTION,73.4,BULL_BOUNCE_PENDING,7.29,6.66,7.65,,158,0.58,FAVORABLE,6.9,STOP,18,MINOR,2026-10-02,2026-10-02T04:29:35.222692
CNQ,LONG,CONVICTION,73.4,BULL_BOUNCE_PENDING,48.1,46.33,52.15,52.15,56,2.29,FAVORABLE,47.25,STOP,20,COMPRESSION,2026-10-02,2026-10-02T04:37:51.352571
YUM,LONG,CONVICTION,73.4,BULL_BOUNCE_PENDING,133.96,127.55,150.02,153.44,15,2.51,FAVORABLE,136.69,LIMIT,20,COMPRESSION,2026-10-02,2026-10-02T04:51:59.888975
WMT,LONG,CONVICTION,73.3,BULL_BOUNCE_PENDING,102.76,101.07,106.38,107.75,59,2.14,FAVORABLE,104.57,LIMIT,20,CONVICTION,2026-10-02,2026-10-02T04:33:05.116842
ABM,LONG,CONVICTION,73.3,BULL_BOUNCE_PENDING,47.49,44.38,49.87,,32,0.76,FAVORABLE,48.46,LIMIT,20,COMPRESSION,2026-10-02,2026-10-02T05:08:16.357689
LIND,LONG,CONVICTION,73.2,BULL_BOUNCE_PENDING,33.92,31.78,35.62,,46,0.79,FAVORABLE,33.63,STOP,2,COMPRESSION,2026-10-02,2026-10-02T04:29:41.924233
AVL,LONG,CONVICTION,73.2,BULL_BOUNCE_CONFIRMED,35.16,33.69,38.1,38.8,68,2.0,FAVORABLE,35.16,LIMIT,20,COMPRESSION,2026-10-02,2026-10-02T05:06:36.541647
GH,LONG,CONVICTION,73.1,BULL_BOUNCE_PENDING,171.5,166.03,181.81,,18,1.88,FAVORABLE,175.0,LIMIT,20,MINOR,2026-10-02,2026-10-02T04:28:46.639545
SMTC,LONG,CONVICTION,73.1,BULL_BOUNCE_PENDING,187.19,183.6,196.55,,27,2.61,FAVORABLE,189.98,LIMIT,1,MINOR,2026-10-02,2026-10-02T04:54:50.942110
KVUE,LONG,CONVICTION,73.0,BULL_BOUNCE_PENDING,17.0,15.02,17.85,,50,0.43,FAVORABLE,17.35,LIMIT,20,COMPRESSION,2026-10-02,2026-10-02T04:34:16.370997
IAG,SHORT,CONVICTION,73.0,BEAR_REJECTION_PENDING,18.61,19.8,16.03,,84,2.17,FAVORABLE,18.57,LIMIT,20,CONVICTION,2026-10-02,2026-10-02T04:34:24.381605
AAOI,SHORT,CONVICTION,73.0,BEAR_REJECTION_PENDING,109.12,125.44,103.67,,6,0.33,FAVORABLE,108.9,LIMIT,13,CONVICTION,2026-10-02,2026-10-02T04:34:41.507540
SPCX,LONG,CONVICTION,73.0,BULL_BOUNCE_PENDING,146.57,141.59,158.92,171.02,20,2.48,FAVORABLE,149.5569,LIMIT,20,CONVICTION,2026-10-02,2026-10-02T04:39:30.297326
AVNT,LONG,CONVICTION,73.0,BULL_BOUNCE_PENDING,39.73,37.84,43.25,44.59,52,1.86,FAVORABLE,40.54,LIMIT,20,COMPRESSION,2026-10-02,2026-10-02T04:42:50.835464
IBP,LONG,CONVICTION,73.0,BULL_BOUNCE_PENDING,188.85,185.05,195.79,210.68,26,1.83,FAVORABLE,192.7,LIMIT,20,MINOR,2026-10-02,2026-10-02T04:48:25.237480
EAT,LONG,CONVICTION,73.0,BULL_BOUNCE_PENDING,190.44,186.05,197.88,220.09,22,1.69,FAVORABLE,194.33,LIMIT,20,CONVICTION,2026-10-02,2026-10-02T04:49:48.861001
RAM,SHORT,CONVICTION,73.0,BEAR_REJECTION_PENDING,14.8,18.09,14.06,,30,0.22,FAVORABLE,14.79,LIMIT,11,CONVICTION,2026-10-02,2026-10-02T04:53:03.263888
UMC,SHORT,CONVICTION,73.0,BEAR_REJECTION_PENDING,25.58,27.87,24.3,,43,0.56,FAVORABLE,25.49,LIMIT,19,CONVICTION,2026-10-02,2026-10-02T05:08:49.946975
AIXI,LONG,CONVICTION,73.0,BULL_BOUNCE_PENDING,1.73,1.63,2.0,,912,2.42,FAVORABLE,1.77,LIMIT,1,MINOR,2026-10-02,2026-10-02T05:13:57.808752
AMBQ,LONG,CONVICTION,72.9,BULL_BOUNCE_PENDING,68.55,67.36,74.77,73.96,83,5.22,FAVORABLE,69.15,LIMIT,20,COMPRESSION,2026-10-02,2026-10-02T04:30:25.089780
ONDS,LONG,CONVICTION,72.9,BULL_BOUNCE_PENDING,7.06,6.44,7.41,,163,0.58,FAVORABLE,7.2,LIMIT,19,MINOR,2026-10-02,2026-10-02T04:35:14.429526
MLI,LONG,CONVICTION,72.9,BULL_BOUNCE_CONFIRMED,61.32,58.83,65.71,68.06,40,1.76,FAVORABLE,61.32,LIMIT,20,MINOR,2026-10-02,2026-10-02T05:02:53.772680
DELL,SHORT,CONVICTION,72.8,BEAR_REJECTION_PENDING,551.74,565.7,508.4,508.4,7,3.1,FAVORABLE,548.29,LIMIT,20,CONVICTION,2026-10-02,2026-10-02T04:31:36.734026
CTRI,LONG,CONVICTION,72.8,BULL_BOUNCE_PENDING,20.64,19.56,22.44,23.49,92,1.67,FAVORABLE,20.54,STOP,20,COMPRESSION,2026-10-02,2026-10-02T04:43:07.647088
CF,LONG,CONVICTION,72.8,BULL_BOUNCE_PENDING,111.82,109.44,126.59,117.83,42,6.21,FAVORABLE,114.1,LIMIT,20,CONVICTION,2026-10-02,2026-10-02T04:45:21.406893
COHU,LONG,CONVICTION,72.8,BULL_BOUNCE_PENDING,69.8,67.79,73.0,,49,1.6,FAVORABLE,71.22,LIMIT,2,VACUUM,2026-10-02,2026-10-02T04:52:21.033757
INTR,LONG,CONVICTION,72.7,BULL_BOUNCE_PENDING,5.41,5.08,5.95,,305,1.65,FAVORABLE,5.2,STOP,20,COMPRESSION,2026-10-02,2026-10-02T04:38:17.153301
FRO,SHORT,CONVICTION,72.7,BEAR_REJECTION_PENDING,51.42,54.3,47.05,44.85,34,1.52,FAVORABLE,51.33,LIMIT,20,CONVICTION,2026-10-02,2026-10-02T04:49:56.514012
UUUU,LONG,CONVICTION,72.6,BULL_BOUNCE,10.88,10.33,11.97,12.13,180,1.97,FAVORABLE,10.88,LIMIT,20,COMPRESSION,2026-10-02,2026-10-02T04:32:15.986466
QMCO,SHORT,CONVICTION,72.6,BEAR_REJECTION_PENDING,33.07,45.34,31.42,,8,0.13,FAVORABLE,32.47,LIMIT,8,CONVICTION,2026-10-02,2026-10-02T04:40:46.298158
SPCF,LONG,CONVICTION,72.6,BULL_BOUNCE_PENDING,16.06,15.16,17.6,,110,1.7,FAVORABLE,16.39,LIMIT,20,MINOR,2026-10-02,2026-10-02T04:44:30.416975
IMAX,LONG,CONVICTION,72.6,BULL_BOUNCE_PENDING,55.07,52.14,57.82,,34,0.94,FAVORABLE,52.75,STOP,20,COMPRESSION,2026-10-02,2026-10-02T04:46:00.726733
SGRY,LONG,CONVICTION,72.6,BULL_BOUNCE_PENDING,12.95,12.14,14.32,15.13,123,1.7,FAVORABLE,13.21,LIMIT,20,COMPRESSION,2026-10-02,2026-10-02T05:05:15.797062
LAD,SHORT,CONVICTION,72.6,BEAR_REJECTION_PENDING,314.09,318.34,281.23,292.17,23,7.73,FAVORABLE,308.0,LIMIT,20,CONVICTION,2026-10-02,2026-10-02T05:13:48.973734
ADBE,SHORT,CONVICTION,72.5,BEAR_REJECTION_PENDING,246.69,259.05,206.66,209.43,8,3.24,FAVORABLE,241.85,LIMIT,20,CONVICTION,2026-10-02,2026-10-02T04:38:24.016837
DFTX,LONG,CONVICTION,72.5,BULL_BOUNCE_PENDING,36.48,24.68,38.3,,8,0.15,FAVORABLE,37.2211,LIMIT,20,MINOR,2026-10-02,2026-10-02T04:55:23.428826
BNTX,LONG,CONVICTION,72.5,BULL_BOUNCE,97.18,93.94,102.34,111.69,30,1.59,FAVORABLE,97.18,LIMIT,20,COMPRESSION,2026-10-02,2026-10-02T04:59:42.923113
EWY,SHORT,CONVICTION,72.5,BEAR_REJECTION_PENDING,189.7,198.18,174.87,167.13,11,1.75,FAVORABLE,189.66,LIMIT,12,CONVICTION,2026-10-02,2026-10-02T05:07:36.660758
PYPL,LONG,CONVICTION,72.4,BULL_BOUNCE_PENDING,52.11,47.16,54.71,,20,0.53,FAVORABLE,53.17,LIMIT,20,CONVICTION,2026-10-02,2026-10-02T04:35:18.252066
BTSG,LONG,CONVICTION,72.4,BULL_BOUNCE_CONFIRMED,57.26,54.93,61.33,62.58,42,1.75,FAVORABLE,57.26,LIMIT,20,COMPRESSION,2026-10-02,2026-10-02T04:53:41.188348
MTH,LONG,CONVICTION,72.4,BULL_BOUNCE_PENDING,62.82,60.55,66.32,70.03,44,1.54,FAVORABLE,64.1,LIMIT,20,CONVICTION,2026-10-02,2026-10-02T05:13:50.832738
PLD,LONG,CONVICTION,72.4,BULL_BOUNCE_PENDING,125.46,122.39,136.94,140.0,32,3.73,FAVORABLE,128.02,LIMIT,20,COMPRESSION,2026-10-02,2026-10-02T05:14:02.030761
BABX,LONG,CONVICTION,72.3,BULL_BOUNCE_PENDING,15.64,13.86,16.42,,56,0.44,FAVORABLE,15.96,LIMIT,20,COMPRESSION,2026-10-02,2026-10-02T04:58:56.054827
GDXJ,LONG,CONVICTION,72.2,BULL_BOUNCE_PENDING,111.52,108.95,128.39,125.01,38,6.56,FAVORABLE,113.8,LIMIT,20,CONVICTION,2026-10-02,2026-10-02T05:01:36.081258
POWI,LONG,CONVICTION,72.2,BULL_BOUNCE_PENDING,50.89,50.14,54.66,55.0,132,5.01,FAVORABLE,51.5,LIMIT,20,COMPRESSION,2026-10-02,2026-10-02T05:09:30.047347
ETN,SHORT,CONVICTION,72.2,BEAR_REJECTION_PENDING,441.5,445.81,409.46,425.26,23,7.44,FAVORABLE,440.0,LIMIT,20,CONVICTION,2026-10-02,2026-10-02T05:10:39.419948
NG,LONG,CONVICTION,72.1,BULL_BOUNCE_PENDING,6.33,5.87,7.04,,215,1.52,FAVORABLE,6.46,LIMIT,20,COMPRESSION,2026-10-02,2026-10-02T04:58:29.671781
MHK,LONG,CONVICTION,72.1,BULL_BOUNCE_PENDING,122.62,118.33,134.9,134.51,23,2.86,FAVORABLE,125.12,LIMIT,20,COMPRESSION,2026-10-02,2026-10-02T05:05:42.357973
TDIC,LONG,CONVICTION,72.1,BULL_BOUNCE_PENDING,2.1,1.87,2.46,,443,1.61,FAVORABLE,2.14,LIMIT,20,MINOR,2026-10-02,2026-10-02T05:12:45.726911
BRKR,LONG,CONVICTION,72.0,BULL_BOUNCE_PENDING,60.7,55.22,63.74,,18,0.55,FAVORABLE,61.94,LIMIT,20,COMPRESSION,2026-10-02,2026-10-02T04:29:32.411689
CRWV,SHORT,CONVICTION,72.0,BEAR_REJECTION_PENDING,89.91,95.41,81.56,,18,1.52,FAVORABLE,89.37,LIMIT,17,CONVICTION,2026-10-02,2026-10-02T04:34:40.032536
LBRDK,LONG,CONVICTION,72.0,BULL_BOUNCE_PENDING,35.41,33.68,39.83,41.38,57,2.55,FAVORABLE,36.13,LIMIT,5,COMPRESSION,2026-10-02,2026-10-02T04:48:29.235487
BHC,LONG,CONVICTION,72.0,BULL_BOUNCE_PENDING,5.87,5.57,6.38,6.58,328,1.68,FAVORABLE,5.725,STOP,16,COMPRESSION,2026-10-02,2026-10-02T05:05:21.492323
AMD,LONG,CONVICTION,71.9,BULL_BOUNCE_PENDING,619.87,612.17,639.17,639.17,12,2.51,FAVORABLE,624.37,LIMIT,8,VACUUM,2026-10-02,2026-10-02T04:37:46.012026
MAZE,SHORT,CONVICTION,71.9,BEAR_REJECTION_PENDING,27.18,29.45,22.83,,44,1.92,FAVORABLE,26.65,LIMIT,20,MINOR,2026-10-02,2026-10-02T05:11:20.849405
TEAM,LONG,CONVICTION,71.8,BULL_BOUNCE_PENDING,185.98,181.73,200.05,195.71,23,3.32,FAVORABLE,189.771,LIMIT,14,MINOR,2026-10-02,2026-10-02T04:40:27.238592
STIM,LONG,CONVICTION,71.8,BULL_BOUNCE_PENDING,2.2,2.0,2.55,,519,1.84,FAVORABLE,2.24,LIMIT,20,COMPRESSION,2026-10-02,2026-10-02T04:49:09.700672
AGX,SHORT,CONVICTION,71.8,BEAR_REJECTION_PENDING,379.87,385.32,356.35,352.09,18,4.32,FAVORABLE,379.58,LIMIT,20,CONVICTION,2026-10-02,2026-10-02T04:53:30.094727
COCO,LONG,CONVICTION,71.8,BULL_BOUNCE_PENDING,55.87,53.29,61.7,61.7,38,2.26,FAVORABLE,57.01,LIMIT,20,COMPRESSION,2026-10-02,2026-10-02T04:57:46.548068
FMX,LONG,CONVICTION,71.8,BULL_BOUNCE_PENDING,113.38,111.45,117.47,121.49,51,2.12,FAVORABLE,115.19,LIMIT,20,CONVICTION,2026-10-02,2026-10-02T05:09:38.287375
CIEN,SHORT,CONVICTION,71.7,BEAR_REJECTION_PENDING,386.26,397.77,340.5,355.19,8,3.98,FAVORABLE,384.6,LIMIT,12,CONVICTION,2026-10-02,2026-10-02T04:31:45.872577
NMAX,LONG,CONVICTION,71.7,BULL_BOUNCE_CONFIRMED,9.92,9.44,11.26,11.26,209,2.81,FAVORABLE,9.92,LIMIT,20,COMPRESSION,2026-10-02,2026-10-02T04:54:27.969052
CRBG,LONG,CONVICTION,71.7,BULL_BOUNCE_PENDING,32.99,32.0,34.73,,100,1.76,FAVORABLE,33.66,LIMIT,5,COMPRESSION,2026-10-02,2026-10-02T05:05:24.996195
ZS,LONG,CONVICTION,71.6,BULL_BOUNCE_PENDING,194.86,185.44,221.4,,10,2.81,FAVORABLE,198.84,LIMIT,13,CONVICTION,2026-10-02,2026-10-02T04:47:29.841314
JAZZ,SHORT,CONVICTION,71.6,BEAR_REJECTION_PENDING,235.67,239.14,203.94,209.71,28,9.14,FAVORABLE,234.5,LIMIT,20,CONVICTION,2026-10-02,2026-10-02T05:04:52.940558
SE,LONG,CONVICTION,71.5,BULL_BOUNCE_PENDING,92.34,90.69,98.56,104.54,60,3.79,FAVORABLE,94.22,LIMIT,20,COMPRESSION,2026-10-02,2026-10-02T05:01:55.672375
IPGP,SHORT,CONVICTION,71.5,BEAR_REJECTION_PENDING,85.52,88.54,76.53,75.87,33,2.98,FAVORABLE,85.33,LIMIT,9,CONVICTION,2026-10-02,2026-10-02T05:02:41.783660
ATRC,LONG,CONVICTION,71.5,BULL_BOUNCE_PENDING,52.52,51.28,57.56,58.01,80,4.06,FAVORABLE,53.59,LIMIT,20,COMPRESSION,2026-10-02,2026-10-02T05:05:18.975403
DGX,SHORT,CONVICTION,71.4,CHANNEL_GAP_BREAKDOWN_SHORT,231.09,238.02,207.13,198.41,14,3.46,FAVORABLE,231.09,LIMIT,20,CONVICTION,2026-10-02,2026-10-02T05:09:50.601412
PTCT,LONG,CONVICTION,71.3,BULL_BOUNCE_PENDING,62.85,61.69,67.81,68.81,86,4.29,FAVORABLE,64.13,LIMIT,20,CONVICTION,2026-10-02,2026-10-02T04:41:26.771222
CRS,LONG,CONVICTION,71.3,BULL_BOUNCE_PENDING,379.74,375.38,390.99,431.33,22,2.58,FAVORABLE,383.69,LIMIT,20,CONVICTION,2026-10-02,2026-10-02T04:53:50.889376
SEI,LONG,CONVICTION,71.3,BULL_BOUNCE_PENDING,71.14,69.83,76.6,77.95,76,4.17,FAVORABLE,72.13,LIMIT,7,COMPRESSION,2026-10-02,2026-10-02T04:54:48.227103
KMX,LONG,CONVICTION,71.3,BULL_BOUNCE_PENDING,54.88,53.09,59.14,63.48,55,2.38,FAVORABLE,56.0,LIMIT,20,COMPRESSION,2026-10-02,2026-10-02T04:59:10.731112
ADPT,LONG,CONVICTION,71.3,BULL_BOUNCE_PENDING,29.03,26.95,30.48,,48,0.7,FAVORABLE,27.42,STOP,16,MINOR,2026-10-02,2026-10-02T05:09:49.961410
BKYI,LONG,CONVICTION,71.2,BULL_BOUNCE_PENDING,2.8,2.03,2.94,,129,0.18,FAVORABLE,2.14,STOP,20,MINOR,2026-10-02,2026-10-02T05:13:00.296472
ICHR,LONG,CONVICTION,71.1,BULL_BOUNCE_PENDING,61.23,59.22,67.53,67.57,49,3.13,FAVORABLE,62.48,LIMIT,18,CONVICTION,2026-10-02,2026-10-02T04:28:51.811553
AXSM,LONG,CONVICTION,71.1,BULL_BOUNCE_PENDING,179.34,176.59,194.98,191.41,36,5.68,FAVORABLE,183.0,LIMIT,20,COMPRESSION,2026-10-02,2026-10-02T05:05:19.149471
NVT,SHORT,CONVICTION,71.1,BEAR_REJECTION_PENDING,169.6,174.95,161.01,151.33,18,1.61,FAVORABLE,167.0,LIMIT,17,CONVICTION,2026-10-02,2026-10-02T05:10:45.615956
YETI,LONG,CONVICTION,71.1,BULL_BOUNCE_PENDING,40.56,38.2,46.0,47.28,42,2.3,FAVORABLE,41.39,LIMIT,20,COMPRESSION,2026-10-02,2026-10-02T05:12:58.628468
CORT,LONG,CONVICTION,71.0,BULL_BOUNCE_PENDING,112.65,94.37,118.28,,5,0.31,FAVORABLE,114.9485,LIMIT,10,VACUUM,2026-10-02,2026-10-02T04:30:02.254821
HAL,LONG,CONVICTION,71.0,BULL_BOUNCE,31.7,30.86,33.52,33.85,119,2.17,FAVORABLE,31.7,LIMIT,20,COMPRESSION,2026-10-02,2026-10-02T04:34:47.594552
SIDU,LONG,CONVICTION,71.0,BULL_BOUNCE,1.78,1.66,1.98,,861,1.72,FAVORABLE,1.7804,LIMIT,17,MINOR,2026-10-02,2026-10-02T04:39:18.815312
QS,LONG,CONVICTION,71.0,BULL_BOUNCE,4.66,4.42,5.13,5.3,417,1.96,FAVORABLE,4.66,LIMIT,20,COMPRESSION,2026-10-02,2026-10-02T04:39:19.599308
SHOP,SHORT,CONVICTION,71.0,BEAR_REJECTION_PENDING,150.7,153.66,144.24,128.79,33,2.18,FAVORABLE,150.0,LIMIT,13,CONVICTION,2026-10-02,2026-10-02T04:39:39.374341
SMMT,LONG,CONVICTION,71.0,BULL_BOUNCE,16.8,15.6,19.05,,83,1.88,FAVORABLE,16.8,LIMIT,20,MINOR,2026-10-02,2026-10-02T04:46:58.912130
NCNO,LONG,CONVICTION,71.0,BULL_BOUNCE_PENDING,18.96,18.02,20.72,21.19,105,1.86,FAVORABLE,19.35,LIMIT,20,MINOR,2026-10-02,2026-10-02T04:52:47.794842
VLO,SHORT,CONVICTION,71.0,BEAR_REJECTION_PENDING,409.59,415.08,359.96,358.92,18,9.03,FAVORABLE,408.8908,LIMIT,1,CONVICTION,2026-10-02,2026-10-02T04:53:18.266354
XXRP,LONG,CONVICTION,71.0,BULL_BOUNCE_PENDING,36.38,34.79,40.6,41.57,63,2.67,FAVORABLE,37.12,LIMIT,20,MINOR,2026-10-02,2026-10-02T05:00:30.538440
EXEL,LONG,CONVICTION,71.0,BULL_BOUNCE,57.94,56.28,60.84,,60,1.75,FAVORABLE,57.94,LIMIT,20,COMPRESSION,2026-10-02,2026-10-02T05:01:31.069724
GLL,LONG,CONVICTION,71.0,BULL_BOUNCE,24.61,23.82,26.14,27.59,126,1.93,FAVORABLE,24.61,LIMIT,20,COMPRESSION,2026-10-02,2026-10-02T05:04:34.340769
ZCSH,LONG,CONVICTION,71.0,BULL_BOUNCE_PENDING,37.56,35.55,40.71,42.36,49,1.57,FAVORABLE,36.85,STOP,20,COMPRESSION,2026-10-02,2026-10-02T05:07:15.406546
ARW,LONG,CONVICTION,71.0,BULL_BOUNCE,231.63,224.01,243.21,,13,1.52,FAVORABLE,231.63,LIMIT,9,MINOR,2026-10-02,2026-10-02T05:07:28.723108
W,LONG,CONVICTION,71.0,BULL_BOUNCE_PENDING,102.57,94.93,107.7,,13,0.67,FAVORABLE,101.45,STOP,20,VACUUM,2026-10-02,2026-10-02T05:09:44.774396
IEO,LONG,CONVICTION,71.0,CHANNEL_BREAKOUT,136.32,134.02,142.51,142.51,43,2.68,FAVORABLE,136.325,LIMIT,20,CONVICTION,2026-10-02,2026-10-02T05:13:46.208204
NTRA,LONG,CONVICTION,70.9,BULL_BOUNCE_PENDING,400.3,393.76,418.3,419.9,15,2.75,FAVORABLE,408.47,LIMIT,20,MINOR,2026-10-02,2026-10-02T05:09:39.687379
ALMR,LONG,CONVICTION,70.8,BULL_BOUNCE_PENDING,31.75,28.93,33.34,,35,0.56,FAVORABLE,32.4,LIMIT,20,COMPRESSION,2026-10-02,2026-10-02T04:30:46.248811
ORCU,SHORT,CONVICTION,70.8,BEAR_REJECTION_PENDING,6.82,7.36,6.48,,186,0.64,FAVORABLE,6.78,LIMIT,20,COMPRESSION,2026-10-02,2026-10-02T04:52:52.752857
VIRT,LONG,CONVICTION,70.8,BULL_BOUNCE_PENDING,55.76,52.75,60.75,63.88,33,1.66,FAVORABLE,55.6,STOP,20,COMPRESSION,2026-10-02,2026-10-02T04:55:00.204131
FDS,LONG,CONVICTION,70.8,BULL_BOUNCE_PENDING,273.49,268.6,305.72,285.16,20,6.59,FAVORABLE,277.61,LIMIT,20,CONVICTION,2026-10-02,2026-10-02T05:13:13.778468
FND,SHORT,CONVICTION,70.7,BEAR_REJECTION_PENDING,46.08,47.3,43.78,,82,1.9,FAVORABLE,46.0,LIMIT,20,COMPRESSION,2026-10-02,2026-10-02T05:08:38.648855
JHX,SHORT,CONVICTION,70.6,BEAR_REJECTION_PENDING,25.29,26.23,22.02,21.95,105,3.45,FAVORABLE,25.0,LIMIT,20,COMPRESSION,2026-10-02,2026-10-02T04:32:00.432591
CDNL,LONG,CONVICTION,70.6,BULL_BOUNCE_PENDING,29.15,26.98,33.4,,46,1.96,FAVORABLE,29.74,LIMIT,10,MINOR,2026-10-02,2026-10-02T04:53:41.574355
TMO,LONG,CONVICTION,70.6,BULL_BOUNCE_PENDING,641.69,636.85,672.39,675.95,20,6.34,FAVORABLE,653.06,LIMIT,19,CONVICTION,2026-10-02,2026-10-02T05:10:02.059519
GWRE,SHORT,CONVICTION,70.5,BEAR_REJECTION_PENDING,158.43,163.23,149.0,144.99,20,1.96,FAVORABLE,155.32,LIMIT,20,CONVICTION,2026-10-02,2026-10-02T04:43:35.384476
CLBK,LONG,CONVICTION,70.5,BULL_BOUNCE_PENDING,10.93,10.02,11.47,,109,0.6,FAVORABLE,11.15,LIMIT,20,COMPRESSION,2026-10-02,2026-10-02T04:49:40.658992
FAST,LONG,CONVICTION,70.4,BULL_BOUNCE_PENDING,49.28,47.69,51.75,,62,1.55,FAVORABLE,50.29,LIMIT,4,MINOR,2026-10-02,2026-10-02T04:32:26.490501
FIGR,LONG,CONVICTION,70.4,BULL_BOUNCE_PENDING,28.52,27.25,31.2,32.55,78,2.11,FAVORABLE,29.1,LIMIT,20,COMPRESSION,2026-10-02,2026-10-02T04:49:55.931012
QNT,SHORT,CONVICTION,70.4,BEAR_REJECTION_PENDING,48.18,49.16,46.6,,102,1.62,FAVORABLE,47.2393,LIMIT,20,COMPRESSION,2026-10-02,2026-10-02T04:51:09.750734
APPS,LONG,CONVICTION,70.3,BULL_BOUNCE,11.45,10.59,12.7,,116,1.46,FAVORABLE,11.45,LIMIT,14,COMPRESSION,2026-10-02,2026-10-02T04:29:25.071150
KSS,LONG,CONVICTION,70.3,BULL_BOUNCE_PENDING,19.22,17.85,20.18,,73,0.7,FAVORABLE,18.9,STOP,6,MINOR,2026-10-02,2026-10-02T04:43:49.642055
FBIN,SHORT,CONVICTION,70.3,BEAR_REJECTION_PENDING,38.82,39.58,36.31,33.6,132,3.32,FAVORABLE,38.52,LIMIT,20,COMPRESSION,2026-10-02,2026-10-02T05:12:39.886897
EXPO,LONG,CONVICTION,70.3,BULL_BOUNCE_PENDING,68.5,67.21,72.67,71.7,77,3.23,FAVORABLE,69.9,LIMIT,11,MINOR,2026-10-02,2026-10-02T05:13:31.253167
INTC,LONG,CONVICTION,70.2,BULL_BOUNCE_PENDING,120.75,118.74,127.0,130.81,49,3.1,FAVORABLE,122.19,LIMIT,11,CONVICTION,2026-10-02,2026-10-02T04:29:08.624176
BL,SHORT,CONVICTION,70.2,BEAR_REJECTION_PENDING,27.48,28.13,26.44,25.95,153,1.6,FAVORABLE,27.25,LIMIT,20,COMPRESSION,2026-10-02,2026-10-02T04:52:11.116542
WMB,LONG,CONVICTION,70.2,BULL_BOUNCE_PENDING,67.41,66.67,71.55,72.51,134,5.59,FAVORABLE,68.7815,LIMIT,20,COMPRESSION,2026-10-02,2026-10-02T05:03:26.392041
SYM,SHORT,CONVICTION,70.2,BEAR_REJECTION_PENDING,43.61,46.75,37.66,,31,1.89,FAVORABLE,43.58,LIMIT,20,CONVICTION,2026-10-02,2026-10-02T05:06:00.876534
GRMN,LONG,CONVICTION,70.2,BULL_BOUNCE_PENDING,281.17,278.91,307.45,286.65,44,11.62,FAVORABLE,282.46,LIMIT,20,CONVICTION,2026-10-02,2026-10-02T05:12:08.601372
EEFT,SHORT,CONVICTION,70.1,BEAR_REJECTION_PENDING,64.91,65.94,63.29,62.47,97,1.58,FAVORABLE,63.64,LIMIT,20,COMPRESSION,2026-10-02,2026-10-02T05:05:28.882866
NAMI,LONG,CONVICTION,70.1,BULL_BOUNCE_PENDING,2.42,1.65,2.54,,130,0.16,FAVORABLE,2.3,STOP,8,MINOR,2026-10-02,2026-10-02T05:09:58.794972
WAT,LONG,CONVICTION,70.1,BULL_BOUNCE_PENDING,417.48,414.04,437.21,437.36,29,5.75,FAVORABLE,425.21,LIMIT,20,CONVICTION,2026-10-02,2026-10-02T05:12:55.715462
GCT,LONG,CONVICTION,70.0,BULL_BOUNCE_PENDING,52.13,51.16,54.32,54.32,103,2.27,FAVORABLE,53.19,LIMIT,20,MINOR,2026-10-02,2026-10-02T04:30:37.241798
CRNX,LONG,CONVICTION,70.0,BULL_BOUNCE_PENDING,85.1,84.9,89.36,,499,21.23,FAVORABLE,84.97,STOP,0,NONE,2026-10-02,2026-10-02T04:34:53.178563
SES,LONG,CONVICTION,70.0,BULL_BOUNCE_PENDING,0.82,0.8,0.89,0.95,4591,3.05,FAVORABLE,0.834,LIMIT,5,COMPRESSION,2026-10-02,2026-10-02T04:39:43.889348
SAIL,LONG,CONVICTION,70.0,BULL_BOUNCE_PENDING,20.91,19.56,21.96,,73,0.77,FAVORABLE,20.68,STOP,16,MINOR,2026-10-02,2026-10-02T04:40:46.298158
PGY,LONG,CONVICTION,70.0,BULL_BOUNCE_PENDING,17.3,16.28,19.03,19.81,98,1.7,FAVORABLE,17.65,LIMIT,18,MINOR,2026-10-02,2026-10-02T04:41:06.565193
OVV,LONG,CONVICTION,70.0,BULL_BOUNCE_PENDING,58.78,57.13,61.52,65.6,60,1.66,FAVORABLE,59.98,LIMIT,20,COMPRESSION,2026-10-02,2026-10-02T04:46:45.437047
VAL,LONG,CONVICTION,70.0,BULL_BOUNCE_PENDING,77.44,74.95,83.46,87.99,40,2.42,FAVORABLE,79.02,LIMIT,20,COMPRESSION,2026-10-02,2026-10-02T04:47:18.114291
BAM,SHORT,CONVICTION,70.0,BEAR_REJECTION_PENDING,45.01,47.13,42.76,,47,1.06,FAVORABLE,44.84,LIMIT,20,COMPRESSION,2026-10-02,2026-10-02T04:47:52.432875
VIAV,LONG,CONVICTION,70.0,BULL_BOUNCE_CONFIRMED,45.38,44.14,48.91,50.96,80,2.84,FAVORABLE,45.38,LIMIT,7,COMPRESSION,2026-10-02,2026-10-02T04:51:58.672970
HTFL,LONG,CONVICTION,70.0,BULL_BOUNCE_PENDING,47.89,46.89,49.76,50.68,100,1.87,FAVORABLE,48.869,LIMIT,20,COMPRESSION,2026-10-02,2026-10-02T04:54:09.479709
VICR,LONG,CONVICTION,70.0,BULL_BOUNCE_CONFIRMED,314.31,304.15,349.51,345.0,9,3.47,FAVORABLE,314.31,LIMIT,20,COMPRESSION,2026-10-02,2026-10-02T04:54:58.807127
AEIS,LONG,CONVICTION,70.0,BULL_BOUNCE_PENDING,293.6,289.61,300.02,308.17,25,1.61,FAVORABLE,295.0,LIMIT,11,VACUUM,2026-10-02,2026-10-02T04:55:14.216365
OII,LONG,CONVICTION,70.0,BULL_BOUNCE_PENDING,43.53,42.61,50.41,50.41,108,7.46,FAVORABLE,44.36,LIMIT,20,COMPRESSION,2026-10-02,2026-10-02T04:55:38.181858
VIST,LONG,CONVICTION,70.0,BULL_BOUNCE_PENDING,63.69,62.86,71.44,71.44,121,9.38,FAVORABLE,64.9,LIMIT,20,COMPRESSION,2026-10-02,2026-10-02T05:06:06.423127
XPO,LONG,CONVICTION,70.0,BULL_BOUNCE_PENDING,178.26,176.12,188.21,186.4,46,4.63,FAVORABLE,180.5,LIMIT,20,CONVICTION,2026-10-02,2026-10-02T05:08:05.180103
ELMT,LONG,CONVICTION,70.0,BULL_BOUNCE_CONFIRMED,20.9,16.87,21.95,,24,0.26,FAVORABLE,20.9,LIMIT,17,COMPRESSION,2026-10-02,2026-10-02T05:09:35.276365
LSCC,LONG,CONVICTION,70.0,BULL_BOUNCE_PENDING,126.55,124.3,145.1,146.3,44,8.26,FAVORABLE,129.13,LIMIT,11,CONVICTION,2026-10-02,2026-10-02T05:11:04.348134
MNKD,LONG,CONVICTION,70.0,BULL_BOUNCE,3.93,3.72,4.37,,476,2.1,FAVORABLE,3.93,LIMIT,13,MINOR,2026-10-02,2026-10-02T05:13:15.336623
FORM,LONG,CONVICTION,69.9,BULL_BOUNCE_PENDING,149.18,146.96,158.34,154.9,45,4.14,FAVORABLE,151.0,LIMIT,10,VACUUM,2026-10-02,2026-10-02T04:48:16.797472
GEV,SHORT,CONVICTION,69.7,BEAR_REJECTION_PENDING,1002.27,1012.93,955.0,898.0,9,4.43,FAVORABLE,997.304,LIMIT,14,CONVICTION,2026-10-02,2026-10-02T05:02:38.828587
BIAF,LONG,CONVICTION,69.5,BULL_BOUNCE_PENDING,5.97,4.91,6.27,,94,0.28,FAVORABLE,6.09,LIMIT,20,MINOR,2026-10-02,2026-10-02T04:42:07.718874
PAYC,SHORT,CONVICTION,69.4,BEAR_REJECTION_PENDING,232.02,241.2,212.89,206.86,10,2.08,FAVORABLE,227.47,LIMIT,14,CONVICTION,2026-10-02,2026-10-02T04:52:54.487864
MSTY,LONG,CONVICTION,69.4,BULL_BOUNCE_PENDING,16.4,14.57,19.19,,54,1.53,FAVORABLE,16.73,LIMIT,20,COMPRESSION,2026-10-02,2026-10-02T04:58:27.881787
INSM,SHORT,CONVICTION,69.3,BEAR_REJECTION_PENDING,111.44,117.62,98.75,97.11,16,2.05,FAVORABLE,109.25,LIMIT,20,CONVICTION,2026-10-02,2026-10-02T05:05:36.885964
AMC,LONG,CONVICTION,69.2,BULL_BOUNCE_PENDING,2.72,2.5,3.12,,439,1.74,FAVORABLE,2.78,LIMIT,20,MINOR,2026-10-02,2026-10-02T04:39:28.562327
SPCH,LONG,CONVICTION,69.2,BULL_BOUNCE_PENDING,9.64,8.99,10.68,11.19,152,1.58,FAVORABLE,9.8402,LIMIT,20,MINOR,2026-10-02,2026-10-02T04:44:31.244034
ADSK,LONG,CONVICTION,69.2,BULL_BOUNCE_PENDING,210.16,207.87,216.16,222.56,43,2.63,FAVORABLE,211.6,LIMIT,20,COMPRESSION,2026-10-02,2026-10-02T04:44:56.158073
JAN,LONG,CONVICTION,69.2,BULL_BOUNCE_PENDING,28.13,26.9,29.97,31.43,81,1.51,FAVORABLE,28.7,LIMIT,20,COMPRESSION,2026-10-02,2026-10-02T05:05:10.040903
NVMI,LONG,CONVICTION,69.2,BULL_BOUNCE_PENDING,381.52,369.45,403.38,443.78,8,1.81,FAVORABLE,389.31,LIMIT,20,CONVICTION,2026-10-02,2026-10-02T05:07:45.959439
MWH,LONG,CONVICTION,69.1,BULL_BOUNCE_CONFIRMED,25.0,24.18,28.0,28.0,121,3.65,FAVORABLE,25.0,LIMIT,18,COMPRESSION,2026-10-02,2026-10-02T05:09:29.885348
EMBJ,LONG,CONVICTION,69.1,BULL_BOUNCE_PENDING,72.66,71.85,74.89,75.53,123,2.75,FAVORABLE,73.35,LIMIT,20,COMPRESSION,2026-10-02,2026-10-02T05:12:36.461356
HOOD,SHORT,CONVICTION,69.0,BEAR_REJECTION_PENDING,115.57,120.0,105.43,97.75,22,2.29,FAVORABLE,113.3,LIMIT,18,CONVICTION,2026-10-02,2026-10-02T04:30:44.266808
INFQ,LONG,CONVICTION,69.0,BULL_BOUNCE,13.51,12.65,13.57,,115,0.07,FAVORABLE,13.5127,LIMIT,11,MINOR,2026-10-02,2026-10-02T04:39:24.253317
MAT,SHORT,CONVICTION,69.0,BEAR_REJECTION_PENDING,15.45,21.17,14.68,,17,0.14,FAVORABLE,15.15,LIMIT,11,CONVICTION,2026-10-02,2026-10-02T04:40:01.744044
ERO,SHORT,CONVICTION,69.0,BEAR_REJECTION_PENDING,36.29,39.19,31.45,,34,1.67,FAVORABLE,36.25,LIMIT,19,COMPRESSION,2026-10-02,2026-10-02T04:43:14.941258
NSIT,SHORT,CONVICTION,69.0,BEAR_REJECTION_PENDING,164.56,172.85,142.2,142.99,12,2.7,FAVORABLE,161.33,LIMIT,12,CONVICTION,2026-10-02,2026-10-02T04:46:35.785503
TBBB,LONG,CONVICTION,69.0,BULL_BOUNCE_PENDING,51.16,48.86,53.71,,43,1.11,FAVORABLE,52.2,LIMIT,14,COMPRESSION,2026-10-02,2026-10-02T04:53:12.579743
DXCM,LONG,CONVICTION,69.0,BULL_BOUNCE,86.11,84.09,90.0,92.3,49,1.92,FAVORABLE,86.11,LIMIT,20,COMPRESSION,2026-10-02,2026-10-02T04:59:49.260123
VCTR,SHORT,CONVICTION,69.0,BEAR_REJECTION_PENDING,112.38,114.3,99.35,107.69,52,6.79,FAVORABLE,111.74,LIMIT,20,CONVICTION,2026-10-02,2026-10-02T05:03:22.420160
RMBS,LONG,CONVICTION,69.0,BULL_BOUNCE,107.0,101.32,118.46,,17,2.02,FAVORABLE,107.0,LIMIT,18,CONVICTION,2026-10-02,2026-10-02T05:11:10.928940
ARTL,LONG,CONVICTION,69.0,BULL_BOUNCE,3.92,2.42,3.99,,66,0.05,FAVORABLE,3.92,LIMIT,20,MINOR,2026-10-02,2026-10-02T05:11:54.197620
TPG,SHORT,CONVICTION,68.9,BEAR_REJECTION_PENDING,45.11,45.85,40.0,39.42,135,6.92,FAVORABLE,45.0,LIMIT,20,COMPRESSION,2026-10-02,2026-10-02T04:53:15.800303
MSTX,SHORT,CONVICTION,68.9,BEAR_REJECTION_PENDING,21.41,24.43,20.34,,33,0.35,FAVORABLE,20.99,LIMIT,16,CONVICTION,2026-10-02,2026-10-02T05:10:29.140905
TNGX,LONG,CONVICTION,68.8,BULL_BOUNCE_CONFIRMED,25.0,24.21,26.26,28.63,127,1.6,FAVORABLE,25.0,LIMIT,15,MINOR,2026-10-02,2026-10-02T05:01:06.144532
SECZ,LONG,CONVICTION,68.8,BULL_BOUNCE_CONFIRMED,13.98,13.16,15.76,16.05,121,2.16,FAVORABLE,13.9794,LIMIT,20,COMPRESSION,2026-10-02,2026-10-02T05:10:27.924903
ELAN,SHORT,CONVICTION,68.7,BEAR_REJECTION_PENDING,21.95,23.2,18.93,,80,2.42,FAVORABLE,21.77,LIMIT,20,COMPRESSION,2026-10-02,2026-10-02T04:54:03.731945
ACMR,LONG,CONVICTION,68.7,BULL_BOUNCE_PENDING,83.11,79.87,93.4,93.4,30,3.17,FAVORABLE,84.81,LIMIT,4,MINOR,2026-10-02,2026-10-02T04:55:11.825898
BEG,LONG,CONVICTION,68.7,BULL_BOUNCE_PENDING,51.39,49.15,54.8,59.82,44,1.53,FAVORABLE,52.23,LIMIT,20,COMPRESSION,2026-10-02,2026-10-02T05:08:15.868686
HAFN,LONG,CONVICTION,68.7,BULL_BOUNCE_PENDING,9.71,9.44,10.2,,369,1.8,FAVORABLE,9.91,LIMIT,20,MINOR,2026-10-02,2026-10-02T05:12:10.188434
SHLS,LONG,CONVICTION,68.6,BULL_BOUNCE_PENDING,7.97,7.68,8.44,8.8,349,1.65,FAVORABLE,8.13,LIMIT,5,MINOR,2026-10-02,2026-10-02T05:03:09.754625
UNM,LONG,CONVICTION,68.6,BULL_BOUNCE_PENDING,86.32,80.8,96.44,,18,1.83,FAVORABLE,88.08,LIMIT,20,COMPRESSION,2026-10-02,2026-10-02T05:07:09.792479
ALH,LONG,CONVICTION,68.5,BULL_BOUNCE_PENDING,20.81,19.61,22.66,24.1,83,1.55,FAVORABLE,21.23,LIMIT,20,COMPRESSION,2026-10-02,2026-10-02T04:56:56.294362
ARCT,LONG,CONVICTION,68.5,BULL_BOUNCE_PENDING,12.95,11.74,14.86,,83,1.59,FAVORABLE,13.21,LIMIT,20,COMPRESSION,2026-10-02,2026-10-02T04:57:05.441461
AROC,LONG,CONVICTION,68.5,BULL_BOUNCE_PENDING,29.64,28.5,31.5,32.27,87,1.62,FAVORABLE,30.25,LIMIT,20,COMPRESSION,2026-10-02,2026-10-02T05:02:26.982569
MLYS,LONG,CONVICTION,68.5,BULL_BOUNCE_PENDING,23.4,22.36,25.46,26.77,96,1.98,FAVORABLE,23.88,LIMIT,20,COMPRESSION,2026-10-02,2026-10-02T05:05:42.971982
NXPI,SHORT,CONVICTION,68.5,BEAR_REJECTION_PENDING,247.86,260.42,224.41,217.21,7,1.87,FAVORABLE,243.0,LIMIT,12,CONVICTION,2026-10-02,2026-10-02T05:09:02.431545
MC,LONG,CONVICTION,68.4,BULL_BOUNCE_PENDING,55.81,53.9,63.31,62.07,52,3.93,FAVORABLE,56.95,LIMIT,20,COMPRESSION,2026-10-02,2026-10-02T04:52:45.327834
GEN,LONG,CONVICTION,68.4,BULL_BOUNCE_PENDING,22.13,21.71,22.91,24.76,234,1.82,FAVORABLE,22.26,LIMIT,18,COMPRESSION,2026-10-02,2026-10-02T04:59:04.391380
CHEF,LONG,CONVICTION,68.4,BULL_BOUNCE_PENDING,110.31,108.11,113.6,,45,1.5,FAVORABLE,112.56,LIMIT,5,MINOR,2026-10-02,2026-10-02T05:04:23.992169
AAOZ,LONG,CONVICTION,68.2,BULL_BOUNCE_PENDING,11.41,10.84,13.1,12.75,176,2.97,FAVORABLE,11.54,LIMIT,20,CONVICTION,2026-10-02,2026-10-02T04:42:18.363890
TYL,SHORT,CONVICTION,68.2,BEAR_REJECTION_PENDING,336.78,345.9,309.53,303.24,10,2.99,FAVORABLE,330.18,LIMIT,20,CONVICTION,2026-10-02,2026-10-02T05:04:06.710728
INDP,LONG,CONVICTION,68.2,BULL_BOUNCE_PENDING,2.07,1.81,2.17,,383,0.4,FAVORABLE,2.11,LIMIT,20,MINOR,2026-10-02,2026-10-02T05:08:42.331403
TXG,LONG,CONVICTION,68.1,BULL_BOUNCE_PENDING,86.88,84.1,93.26,93.31,35,2.3,FAVORABLE,88.65,LIMIT,11,CONVICTION,2026-10-02,2026-10-02T04:44:42.127091
SITM,LONG,CONVICTION,68.0,BULL_BOUNCE_PENDING,674.34,662.78,709.92,761.0,8,3.08,FAVORABLE,680.3,LIMIT,13,CONVICTION,2026-10-02,2026-10-02T04:30:42.274806
AEG,LONG,CONVICTION,68.0,BULL_BOUNCE,8.44,8.27,8.71,9.07,602,1.63,FAVORABLE,8.44,LIMIT,20,MINOR,2026-10-02,2026-10-02T04:33:10.044087
TFC,LONG,CONVICTION,68.0,BULL_BOUNCE,46.28,45.16,50.35,50.83,89,3.64,FAVORABLE,46.28,LIMIT,20,COMPRESSION,2026-10-02,2026-10-02T04:33:44.671533
BFLY,LONG,CONVICTION,68.0,BULL_BOUNCE,8.62,7.92,9.7,,142,1.54,FAVORABLE,8.62,LIMIT,20,MINOR,2026-10-02,2026-10-02T04:39:24.675317
GFS,SHORT,CONVICTION,68.0,BEAR_REJECTION_PENDING,50.44,53.71,44.87,43.01,30,1.7,FAVORABLE,49.45,LIMIT,17,CONVICTION,2026-10-02,2026-10-02T04:43:32.928869
RCEL,LONG,CONVICTION,68.0,BULL_BOUNCE,12.15,11.51,12.38,,155,0.36,FAVORABLE,12.15,LIMIT,5,MINOR,2026-10-02,2026-10-02T04:44:16.581478
SWKS,LONG,CONVICTION,68.0,BULL_BOUNCE_PENDING,81.7,73.46,85.79,,12,0.5,FAVORABLE,83.37,LIMIT,20,COMPRESSION,2026-10-02,2026-10-02T04:44:36.297941
RBRK,LONG,CONVICTION,68.0,BULL_BOUNCE_PENDING,113.09,96.47,118.75,,6,0.34,FAVORABLE,115.4,LIMIT,0,NONE,2026-10-02,2026-10-02T04:46:46.456047
XOP,LONG,CONVICTION,68.0,BULL_BOUNCE_PENDING,180.91,173.71,196.15,198.79,13,2.12,FAVORABLE,184.6,LIMIT,20,CONVICTION,2026-10-02,2026-10-02T04:47:28.228307
VSEC,LONG,CONVICTION,68.0,BULL_BOUNCE,160.76,152.06,177.08,182.12,11,1.88,FAVORABLE,160.76,LIMIT,20,COMPRESSION,2026-10-02,2026-10-02T04:49:17.943410
MSGS,LONG,CONVICTION,68.0,BULL_BOUNCE,400.0,388.7,421.95,,8,1.94,FAVORABLE,400.0,LIMIT,20,CONVICTION,2026-10-02,2026-10-02T04:50:51.105603
MPWR,LONG,CONVICTION,68.0,BULL_BOUNCE_PENDING,1385.01,1368.76,1468.35,1502.91,6,5.13,FAVORABLE,1393.86,LIMIT,9,VACUUM,2026-10-02,2026-10-02T04:54:24.572044
CAPR,LONG,CONVICTION,68.0,BULL_BOUNCE,8.98,8.23,9.03,,133,0.07,FAVORABLE,8.98,LIMIT,20,COMPRESSION,2026-10-02,2026-10-02T04:55:11.255280
EPAM,LONG,CONVICTION,68.0,BULL_BOUNCE_PENDING,112.89,111.1,120.9,125.01,55,4.48,FAVORABLE,114.35,LIMIT,20,CONVICTION,2026-10-02,2026-10-02T04:57:56.765087
AXGN,LONG,CONVICTION,68.0,BULL_BOUNCE_PENDING,39.12,36.81,43.23,45.07,43,1.78,FAVORABLE,39.92,LIMIT,20,COMPRESSION,2026-10-02,2026-10-02T04:59:39.630571
FNGR,LONG,CONVICTION,68.0,BULL_BOUNCE_PENDING,0.17,0.16,0.18,,7882,0.66,FAVORABLE,0.1712,LIMIT,11,MINOR,2026-10-02,2026-10-02T05:06:14.237981
CRCG,LONG,CONVICTION,68.0,BULL_BOUNCE_PENDING,12.28,11.51,13.8,14.17,130,1.98,FAVORABLE,12.53,LIMIT,20,COMPRESSION,2026-10-02,2026-10-02T05:06:25.856630
AOUT,LONG,CONVICTION,68.0,BULL_BOUNCE_CONFIRMED,16.37,15.36,17.18,,99,0.82,FAVORABLE,16.3662,LIMIT,12,MINOR,2026-10-02,2026-10-02T05:07:16.413554
GPRK,LONG,CONVICTION,68.0,BULL_BOUNCE_PENDING,10.2,9.78,11.8,11.75,237,3.8,FAVORABLE,10.41,LIMIT,20,COMPRESSION,2026-10-02,2026-10-02T05:08:27.400813
COLD,LONG,CONVICTION,68.0,BULL_BOUNCE_PENDING,13.53,12.64,15.17,,111,1.82,FAVORABLE,13.81,LIMIT,20,COMPRESSION,2026-10-02,2026-10-02T05:08:55.367988
AIFF,LONG,CONVICTION,68.0,BULL_BOUNCE_CONFIRMED,1.5,1.43,1.61,1.72,1376,1.51,FAVORABLE,1.5,LIMIT,20,MINOR,2026-10-02,2026-10-02T05:12:28.531339
BBNX,LONG,CONVICTION,67.9,BULL_BOUNCE_PENDING,18.27,17.76,20.34,19.82,198,4.12,FAVORABLE,18.61,LIMIT,20,COMPRESSION,2026-10-02,2026-10-02T04:29:56.971787
MS,SHORT,CONVICTION,67.9,BEAR_REJECTION_PENDING,191.99,193.72,165.88,182.87,57,15.06,FAVORABLE,189.0,LIMIT,20,COMPRESSION,2026-10-02,2026-10-02T04:34:18.455846
FSM,LONG,CONVICTION,67.9,BULL_BOUNCE_PENDING,10.96,10.52,12.31,12.66,227,3.08,FAVORABLE,11.18,LIMIT,20,MINOR,2026-10-02,2026-10-02T04:45:49.086715
PD,LONG,CONVICTION,67.9,BULL_BOUNCE_PENDING,15.27,15.02,15.91,17.49,410,2.63,FAVORABLE,15.58,LIMIT,5,COMPRESSION,2026-10-02,2026-10-02T05:04:39.574046
COTY,SHORT,CONVICTION,67.8,SHORT_UPPER_DIRTY,2.65,3.17,2.62,,193,0.07,FAVORABLE,2.65,LIMIT,10,COMPRESSION,2026-10-02,2026-10-02T04:32:49.571946
ANET,LONG,CONVICTION,67.8,BULL_BOUNCE_CONFIRMED,207.5,198.39,217.88,,10,1.14,FAVORABLE,207.5,LIMIT,2,MINOR,2026-10-02,2026-10-02T04:39:26.024319
MTCH,LONG,CONVICTION,67.8,BULL_BOUNCE_PENDING,39.25,38.41,41.55,42.01,119,2.75,FAVORABLE,40.05,LIMIT,20,COMPRESSION,2026-10-02,2026-10-02T04:56:36.753323
LYTE,LONG,CONVICTION,67.8,BULL_BOUNCE_PENDING,25.27,24.95,26.09,26.41,306,2.49,FAVORABLE,25.37,LIMIT,20,COMPRESSION,2026-10-02,2026-10-02T05:08:30.484826
CROX,LONG,CONVICTION,67.8,BULL_BOUNCE_PENDING,117.05,114.82,131.08,135.85,45,6.32,FAVORABLE,119.0,LIMIT,20,COMPRESSION,2026-10-02,2026-10-02T05:10:10.450374
APPF,LONG,CONVICTION,67.7,BULL_BOUNCE_PENDING,203.69,201.35,219.58,232.4,42,6.77,FAVORABLE,204.24,LIMIT,20,COMPRESSION,2026-10-02,2026-10-02T04:47:43.303867
CVI,LONG,CONVICTION,67.6,BULL_BOUNCE_PENDING,52.9,50.48,55.55,,41,1.09,FAVORABLE,53.98,LIMIT,11,MINOR,2026-10-02,2026-10-02T04:30:02.240821
SWVL,LONG,CONVICTION,67.6,BULL_BOUNCE_PENDING,3.82,3.48,4.01,,288,0.55,FAVORABLE,3.9,LIMIT,14,MINOR,2026-10-02,2026-10-02T05:01:24.532719
AMPL,LONG,CONVICTION,67.5,BULL_BOUNCE_PENDING,14.05,13.83,14.42,,455,1.69,FAVORABLE,14.3,LIMIT,3,MINOR,2026-10-02,2026-10-02T04:29:51.904780
EOSE,LONG,CONVICTION,67.5,BULL_BOUNCE_PENDING,3.11,2.88,3.5,3.64,437,1.72,FAVORABLE,3.17,LIMIT,15,COMPRESSION,2026-10-02,2026-10-02T04:32:09.994996
RF,LONG,CONVICTION,67.4,BULL_BOUNCE_PENDING,26.58,25.32,29.57,29.57,79,2.38,FAVORABLE,27.12,LIMIT,20,COMPRESSION,2026-10-02,2026-10-02T04:34:24.434606
PATH,LONG,CONVICTION,67.4,BULL_BOUNCE_PENDING,13.12,12.76,15.16,13.95,274,5.59,FAVORABLE,13.39,LIMIT,11,COMPRESSION,2026-10-02,2026-10-02T04:39:24.431317
BGC,LONG,CONVICTION,67.4,BULL_BOUNCE_PENDING,11.39,10.83,12.39,,177,1.78,FAVORABLE,11.62,LIMIT,16,COMPRESSION,2026-10-02,2026-10-02T04:59:42.388110
ECO,LONG,CONVICTION,67.4,BULL_BOUNCE_PENDING,83.54,80.52,87.71,,33,1.38,FAVORABLE,85.24,LIMIT,12,MINOR,2026-10-02,2026-10-02T05:09:20.236179
BURL,LONG,CONVICTION,67.4,BULL_BOUNCE_PENDING,269.97,266.84,306.38,314.0,31,11.63,FAVORABLE,275.04,LIMIT,16,CONVICTION,2026-10-02,2026-10-02T05:10:56.035981
CRDO,SHORT,CONVICTION,67.3,BEAR_REJECTION_PENDING,216.75,227.32,180.91,180.91,9,3.39,FAVORABLE,212.5,LIMIT,8,CONVICTION,2026-10-02,2026-10-02T04:31:36.132026
KYMR,LONG,CONVICTION,67.3,BULL_BOUNCE_PENDING,107.92,99.9,124.99,,12,2.13,FAVORABLE,110.12,LIMIT,20,MINOR,2026-10-02,2026-10-02T04:50:31.292522
MTRN,SHORT,CONVICTION,67.3,BEAR_REJECTION_PENDING,290.78,299.38,257.57,257.78,11,3.86,FAVORABLE,285.14,LIMIT,8,VACUUM,2026-10-02,2026-10-02T05:03:54.108165
CVS,LONG,CONVICTION,67.3,BUY_LOWER_DIRTY,85.7,81.65,87.2,,24,0.37,FAVORABLE,85.6955,LIMIT,20,COMPRESSION,2026-10-02,2026-10-02T05:12:36.221356
FRSH,LONG,CONVICTION,67.2,BULL_BOUNCE_PENDING,12.93,12.73,14.29,14.7,496,6.76,FAVORABLE,13.1501,LIMIT,17,COMPRESSION,2026-10-02,2026-10-02T04:37:09.093962
AAON,LONG,CONVICTION,67.2,BULL_BOUNCE_PENDING,80.59,77.83,84.93,93.79,36,1.58,FAVORABLE,82.23,LIMIT,20,COMPRESSION,2026-10-02,2026-10-02T05:02:25.864566
HACK,LONG,CONVICTION,67.2,BULL_BOUNCE_PENDING,121.5,120.39,123.97,124.04,89,2.21,FAVORABLE,122.33,LIMIT,20,MINOR,2026-10-02,2026-10-02T05:03:48.639277
SHAK,LONG,CONVICTION,67.2,BULL_BOUNCE_PENDING,58.99,57.2,63.32,66.87,56,2.43,FAVORABLE,60.19,LIMIT,20,COMPRESSION,2026-10-02,2026-10-02T05:12:54.708462
MRK,LONG,CONVICTION,67.1,BULL_BOUNCE_PENDING,140.92,134.42,156.18,156.48,15,2.35,FAVORABLE,143.8,LIMIT,20,COMPRESSION,2026-10-02,2026-10-02T04:40:09.076476
MIR,LONG,CONVICTION,67.1,BULL_BOUNCE_PENDING,14.06,13.73,15.46,15.46,301,4.21,FAVORABLE,14.35,LIMIT,20,COMPRESSION,2026-10-02,2026-10-02T05:04:53.330087
AGNC,LONG,CONVICTION,67.0,BULL_BOUNCE_PENDING,8.83,8.41,9.56,10.06,236,1.73,FAVORABLE,9.01,LIMIT,20,COMPRESSION,2026-10-02,2026-10-02T04:36:33.775813
RIVN,LONG,CONVICTION,67.0,BULL_BOUNCE_PENDING,14.55,14.1,15.26,16.02,221,1.56,FAVORABLE,14.85,LIMIT,20,MINOR,2026-10-02,2026-10-02T04:38:12.442293
AAL,LONG,CONVICTION,67.0,BULL_BOUNCE,13.31,12.81,14.77,14.77,201,2.94,FAVORABLE,13.31,LIMIT,20,COMPRESSION,2026-10-02,2026-10-02T04:40:02.680044
DAVE,LONG,CONVICTION,67.0,BULL_BOUNCE_PENDING,333.9,328.13,370.7,348.71,17,6.38,FAVORABLE,335.0,LIMIT,17,CONVICTION,2026-10-02,2026-10-02T04:47:30.220316
BETA,LONG,CONVICTION,67.0,BULL_BOUNCE_PENDING,21.72,20.51,23.61,24.75,83,1.57,FAVORABLE,22.16,LIMIT,20,MINOR,2026-10-02,2026-10-02T04:47:59.939887
SEPN,LONG,CONVICTION,67.0,BULL_BOUNCE_PENDING,39.77,38.31,43.15,43.15,68,2.31,FAVORABLE,40.5819,LIMIT,13,MINOR,2026-10-02,2026-10-02T04:48:57.836529
TLN,LONG,CONVICTION,67.0,CHANNEL_RECLAIM_LONG,324.0,315.7,350.89,347.41,12,3.24,FAVORABLE,324.0,LIMIT,18,CONVICTION,2026-10-02,2026-10-02T04:49:13.128810
BW,LONG,CONVICTION,67.0,CHANNEL_RECLAIM_LONG,5.85,5.57,6.51,6.51,361,2.39,FAVORABLE,5.85,LIMIT,20,COMPRESSION,2026-10-02,2026-10-02T04:49:35.626988
NVDU,LONG,CONVICTION,67.0,BULL_BOUNCE_PENDING,150.44,148.52,154.56,158.0,51,2.14,FAVORABLE,151.2315,LIMIT,5,VACUUM,2026-10-02,2026-10-02T04:50:57.247628
SNDK,LONG,CONVICTION,67.0,BULL_BOUNCE_PENDING,1794.49,1765.36,1840.5,,3,1.58,FAVORABLE,1796.3087,LIMIT,18,VACUUM,2026-10-02,2026-10-02T04:53:11.459203
NUVB,LONG,CONVICTION,67.0,BULL_BOUNCE,5.57,5.3,6.07,6.29,372,1.86,FAVORABLE,5.57,LIMIT,20,COMPRESSION,2026-10-02,2026-10-02T04:54:30.537059
FDMT,LONG,CONVICTION,67.0,BULL_BOUNCE_PENDING,13.72,12.94,16.04,16.01,128,2.99,FAVORABLE,14.0,LIMIT,20,COMPRESSION,2026-10-02,2026-10-02T04:55:33.379845
ARE,LONG,CONVICTION,67.0,BULL_BOUNCE_PENDING,46.09,44.4,49.9,50.93,59,2.26,FAVORABLE,47.03,LIMIT,20,COMPRESSION,2026-10-02,2026-10-02T04:57:09.746535
BITO,LONG,CONVICTION,67.0,BULL_BOUNCE_CONFIRMED,11.57,10.87,12.75,,142,1.68,FAVORABLE,11.5695,LIMIT,12,COMPRESSION,2026-10-02,2026-10-02T04:57:24.286497
MRNX,LONG,CONVICTION,67.0,BULL_BOUNCE_PENDING,138.25,133.07,149.83,157.13,19,2.23,FAVORABLE,140.83,LIMIT,20,VACUUM,2026-10-02,2026-10-02T04:58:22.853237
NTLA,SHORT,CONVICTION,67.0,BEAR_REJECTION_PENDING,12.61,25.69,11.98,,7,0.05,FAVORABLE,12.36,LIMIT,19,CONVICTION,2026-10-02,2026-10-02T04:58:32.234789
CEG,SHORT,CONVICTION,67.0,BEAR_REJECTION_PENDING,266.22,286.17,232.2,,5,1.7,FAVORABLE,261.0,LIMIT,20,CONVICTION,2026-10-02,2026-10-02T05:05:05.137222
SLDE,LONG,CONVICTION,67.0,BULL_BOUNCE_PENDING,23.12,21.97,26.75,26.56,87,3.18,FAVORABLE,23.59,LIMIT,20,COMPRESSION,2026-10-02,2026-10-02T05:05:52.944533
CHGA,LONG,CONVICTION,67.0,BULL_BOUNCE_PENDING,2.25,2.1,2.58,,630,2.06,FAVORABLE,2.3,LIMIT,17,MINOR,2026-10-02,2026-10-02T05:13:12.634622
UTHR,LONG,CONVICTION,67.0,CHANNEL_RECLAIM_LONG,571.38,542.55,599.95,,3,0.99,FAVORABLE,571.38,LIMIT,20,MINOR,2026-10-02,2026-10-02T05:13:18.001836
CMG,LONG,CONVICTION,66.9,BULL_BOUNCE_PENDING,31.68,30.73,34.06,34.98,104,2.49,FAVORABLE,32.33,LIMIT,20,COMPRESSION,2026-10-02,2026-10-02T04:38:21.849834
FNGU,LONG,CONVICTION,66.9,BULL_BOUNCE_CONFIRMED,35.0,32.87,36.75,,47,0.82,FAVORABLE,35.0,LIMIT,6,MINOR,2026-10-02,2026-10-02T05:06:50.517667
MANH,SHORT,CONVICTION,66.9,BEAR_REJECTION_PENDING,208.05,210.07,202.4,198.38,49,2.79,FAVORABLE,204.15,LIMIT,20,COMPRESSION,2026-10-02,2026-10-02T05:10:14.818452
SLB,LONG,CONVICTION,66.8,BULL_BOUNCE_PENDING,47.81,47.0,55.94,50.58,123,10.03,FAVORABLE,48.79,LIMIT,20,COMPRESSION,2026-10-02,2026-10-02T04:32:43.395938
LFST,LONG,CONVICTION,66.8,BULL_BOUNCE_PENDING,11.67,11.27,12.56,12.96,250,2.23,FAVORABLE,11.91,LIMIT,20,COMPRESSION,2026-10-02,2026-10-02T04:46:10.702755
MEDP,LONG,CONVICTION,66.8,BULL_BOUNCE_PENDING,593.47,588.0,628.53,619.9,18,6.4,FAVORABLE,598.08,LIMIT,20,MINOR,2026-10-02,2026-10-02T04:55:37.988857
GDX,SHORT,CONVICTION,66.8,BEAR_REJECTION_PENDING,88.16,93.33,77.61,76.23,19,2.04,FAVORABLE,87.5,LIMIT,20,CONVICTION,2026-10-02,2026-10-02T04:59:02.854378
ARKK,LONG,CONVICTION,66.8,BULL_BOUNCE_CONFIRMED,89.37,79.6,93.84,,10,0.46,FAVORABLE,89.37,LIMIT,20,COMPRESSION,2026-10-02,2026-10-02T05:06:35.441645
CRCD,LONG,CONVICTION,66.8,BULL_BOUNCE_PENDING,2.09,1.9,2.44,,544,1.93,FAVORABLE,2.129,LIMIT,20,COMPRESSION,2026-10-02,2026-10-02T05:09:49.927410
DGXX,LONG,CONVICTION,66.7,BULL_BOUNCE_PENDING,3.83,3.64,4.34,4.46,521,2.66,FAVORABLE,3.91,LIMIT,20,MINOR,2026-10-02,2026-10-02T04:40:58.653178
LPTH,LONG,CONVICTION,66.7,BULL_BOUNCE_PENDING,10.59,10.17,11.51,,236,2.16,FAVORABLE,10.8093,LIMIT,17,COMPRESSION,2026-10-02,2026-10-02T04:54:18.857366
SGML,LONG,CONVICTION,66.7,BUY_LOWER_DIRTY,8.5,7.86,8.88,,156,0.59,FAVORABLE,8.5,LIMIT,20,COMPRESSION,2026-10-02,2026-10-02T04:54:49.367103
GENB,LONG,CONVICTION,66.7,BULL_BOUNCE,14.13,13.17,16.15,,103,2.1,FAVORABLE,14.13,LIMIT,20,COMPRESSION,2026-10-02,2026-10-02T05:01:36.641261
SDOW,LONG,CONVICTION,66.7,BULL_BOUNCE_PENDING,25.21,24.59,29.57,28.74,161,7.05,FAVORABLE,25.72,LIMIT,20,COMPRESSION,2026-10-02,2026-10-02T05:10:19.983221
SNEX,LONG,CONVICTION,66.7,BULL_BOUNCE_PENDING,64.19,60.8,70.71,72.5,29,1.92,FAVORABLE,65.5,LIMIT,20,COMPRESSION,2026-10-02,2026-10-02T05:12:21.546257
KNX,LONG,CONVICTION,66.6,BULL_BOUNCE_PENDING,64.1,59.44,72.5,,21,1.8,FAVORABLE,65.41,LIMIT,20,MINOR,2026-10-02,2026-10-02T04:50:23.702489
RGEN,LONG,CONVICTION,66.6,BULL_BOUNCE_PENDING,175.91,173.7,193.09,190.49,45,7.75,FAVORABLE,177.23,LIMIT,20,CONVICTION,2026-10-02,2026-10-02T04:59:24.587932
F,LONG,CONVICTION,66.5,BULL_BOUNCE_PENDING,12.07,11.63,13.86,13.54,226,4.04,FAVORABLE,12.32,LIMIT,20,COMPRESSION,2026-10-02,2026-10-02T04:36:28.022731
SHAZ,SHORT,CONVICTION,66.5,BEAR_REJECTION_PENDING,52.36,55.35,47.2,,33,1.72,FAVORABLE,51.33,LIMIT,20,COMPRESSION,2026-10-02,2026-10-02T04:46:54.327122
CNK,LONG,CONVICTION,66.5,BULL_BOUNCE_PENDING,35.46,35.01,37.16,38.5,223,3.8,FAVORABLE,36.18,LIMIT,20,COMPRESSION,2026-10-02,2026-10-02T05:00:48.588600
TVTX,LONG,CONVICTION,66.5,BULL_BOUNCE_PENDING,55.68,51.69,64.89,64.89,25,2.31,FAVORABLE,56.82,LIMIT,20,COMPRESSION,2026-10-02,2026-10-02T05:08:34.142841
PRCH,LONG,CONVICTION,66.4,BULL_BOUNCE,16.42,15.52,17.94,,110,1.68,FAVORABLE,16.42,LIMIT,20,MINOR,2026-10-02,2026-10-02T04:29:52.007780
HUM,SHORT,CONVICTION,66.4,BEAR_REJECTION_PENDING,380.0,383.77,336.28,349.99,26,11.58,FAVORABLE,378.8,LIMIT,20,CONVICTION,2026-10-02,2026-10-02T04:43:41.126533
VFC,LONG,CONVICTION,66.4,BULL_BOUNCE_PENDING,14.15,13.62,16.04,15.73,187,3.55,FAVORABLE,14.44,LIMIT,20,CONVICTION,2026-10-02,2026-10-02T05:07:59.836027
BKD,LONG,CONVICTION,66.3,BULL_BOUNCE,10.84,10.52,11.36,11.82,316,1.65,FAVORABLE,10.84,LIMIT,20,COMPRESSION,2026-10-02,2026-10-02T04:34:04.106568
NRGV,LONG,CONVICTION,66.3,BULL_BOUNCE_PENDING,3.87,3.67,4.35,4.35,488,2.34,FAVORABLE,3.95,LIMIT,20,COMPRESSION,2026-10-02,2026-10-02T04:44:06.506229
GAP,LONG,CONVICTION,66.3,BULL_BOUNCE_PENDING,22.27,20.37,25.81,,52,1.87,FAVORABLE,22.72,LIMIT,20,COMPRESSION,2026-10-02,2026-10-02T04:45:51.272718
FDXF,SHORT,CONVICTION,66.3,BEAR_REJECTION_PENDING,112.72,114.09,109.78,108.8,73,2.14,FAVORABLE,110.77,LIMIT,20,COMPRESSION,2026-10-02,2026-10-02T04:52:32.017794
CALM,LONG,CONVICTION,66.2,BULL_BOUNCE_PENDING,64.39,62.83,72.84,73.21,64,5.43,FAVORABLE,65.7,LIMIT,20,COMPRESSION,2026-10-02,2026-10-02T04:55:07.170331
DOCN,SHORT,CONVICTION,66.1,BEAR_REJECTION_PENDING,143.82,167.07,136.63,,4,0.31,FAVORABLE,141.0,LIMIT,7,CONVICTION,2026-10-02,2026-10-02T04:28:50.988552
BTBT,LONG,CONVICTION,66.0,BULL_BOUNCE_PENDING,1.64,1.58,1.74,1.89,1791,1.76,FAVORABLE,1.67,LIMIT,16,COMPRESSION,2026-10-02,2026-10-02T04:32:34.397925
VST,SHORT,CONVICTION,66.0,BEAR_REJECTION_PENDING,141.46,143.21,137.3,120.0,57,2.37,FAVORABLE,140.66,LIMIT,20,CONVICTION,2026-10-02,2026-10-02T04:34:34.564527
SHMD,LONG,CONVICTION,66.0,BULL_BOUNCE_PENDING,4.41,4.27,5.06,4.8,736,4.8,FAVORABLE,4.48,LIMIT,18,MINOR,2026-10-02,2026-10-02T04:40:41.677615
GCTS,LONG,CONVICTION,66.0,BULL_BOUNCE_CONFIRMED,2.18,1.93,2.29,,400,0.44,FAVORABLE,2.18,LIMIT,13,COMPRESSION,2026-10-02,2026-10-02T04:41:27.013219
BWET,LONG,CONVICTION,66.0,BULL_BOUNCE_PENDING,816.47,788.34,890.0,890.0,3,2.61,FAVORABLE,823.52,LIMIT,20,CONVICTION,2026-10-02,2026-10-02T04:45:16.810563
SM,LONG,CONVICTION,66.0,BULL_BOUNCE_PENDING,35.38,33.31,40.25,40.5,48,2.36,FAVORABLE,36.1,LIMIT,20,COMPRESSION,2026-10-02,2026-10-02T04:46:56.334124
DBX,LONG,CONVICTION,66.0,BULL_BOUNCE_PENDING,33.4,32.03,37.85,37.85,73,3.26,FAVORABLE,34.08,LIMIT,20,MINOR,2026-10-02,2026-10-02T04:52:22.716763
TENB,LONG,CONVICTION,66.0,BULL_BOUNCE_PENDING,34.9,33.2,39.85,39.85,58,2.91,FAVORABLE,35.61,LIMIT,20,MINOR,2026-10-02,2026-10-02T04:53:12.931028
PAGP,LONG,CONVICTION,66.0,BULL_BOUNCE_PENDING,25.28,24.59,27.55,27.04,144,3.29,FAVORABLE,25.7933,LIMIT,20,COMPRESSION,2026-10-02,2026-10-02T05:03:04.702754
SAM,SHORT,CONVICTION,66.0,BEAR_REJECTION_PENDING,167.4,170.2,161.44,,35,2.13,FAVORABLE,165.89,LIMIT,20,COMPRESSION,2026-10-02,2026-10-02T05:09:02.795543
BLSH,LONG,CONVICTION,65.9,BULL_BOUNCE_PENDING,34.68,33.45,36.93,39.46,81,1.83,FAVORABLE,35.39,LIMIT,20,COMPRESSION,2026-10-02,2026-10-02T04:52:13.955550
KMI,LONG,CONVICTION,65.9,BULL_BOUNCE_PENDING,29.98,29.0,33.63,32.79,102,3.75,FAVORABLE,30.59,LIMIT,20,COMPRESSION,2026-10-02,2026-10-02T05:02:46.987668
AXTI,SHORT,CONVICTION,65.8,BEAR_REJECTION_PENDING,84.37,91.77,72.07,,13,1.66,FAVORABLE,82.72,LIMIT,11,VACUUM,2026-10-02,2026-10-02T04:31:19.828521
OXY,LONG,CONVICTION,65.8,BULL_BOUNCE_PENDING,55.81,55.02,58.07,58.07,126,2.87,FAVORABLE,56.95,LIMIT,20,COMPRESSION,2026-10-02,2026-10-02T04:34:28.311284
AMN,LONG,CONVICTION,65.8,BULL_BOUNCE_PENDING,35.58,34.78,37.36,,123,2.2,FAVORABLE,36.31,LIMIT,0,NONE,2026-10-02,2026-10-02T04:42:32.843911
GLOB,LONG,CONVICTION,65.8,BULL_BOUNCE_PENDING,36.49,35.93,39.31,41.48,177,5.01,FAVORABLE,36.98,LIMIT,20,MINOR,2026-10-02,2026-10-02T04:45:54.545724
HURN,SHORT,CONVICTION,65.8,BEAR_REJECTION_PENDING,174.41,184.38,156.97,145.72,10,1.75,FAVORABLE,170.99,LIMIT,2,CONVICTION,2026-10-02,2026-10-02T05:13:45.555196
RXRX,LONG,CONVICTION,65.7,BULL_BOUNCE_PENDING,4.01,3.63,4.58,,267,1.53,FAVORABLE,4.09,LIMIT,9,COMPRESSION,2026-10-02,2026-10-02T04:39:05.918614
CHTR,SHORT,CONVICTION,65.7,BEAR_REJECTION_PENDING,113.22,117.79,107.56,,21,1.24,FAVORABLE,111.0,LIMIT,20,COMPRESSION,2026-10-02,2026-10-02T04:48:05.757542
DJT,LONG,CONVICTION,65.7,BULL_BOUNCE_CONFIRMED,8.84,8.45,10.13,9.96,254,3.29,FAVORABLE,8.84,LIMIT,20,COMPRESSION,2026-10-02,2026-10-02T04:59:47.669122
TAL,LONG,CONVICTION,65.7,BULL_BOUNCE_PENDING,11.92,11.14,13.97,,128,2.63,FAVORABLE,12.16,LIMIT,6,COMPRESSION,2026-10-02,2026-10-02T05:05:17.034199
KDP,LONG,CONVICTION,65.6,BULL_BOUNCE_PENDING,30.25,29.9,32.45,33.03,285,6.28,FAVORABLE,30.69,LIMIT,20,CONVICTION,2026-10-02,2026-10-02T04:33:21.944498
SGRX,LONG,CONVICTION,65.5,BULL_BOUNCE_PENDING,1.77,1.42,1.86,,285,0.25,FAVORABLE,1.8098,LIMIT,2,MINOR,2026-10-02,2026-10-02T04:28:59.341565
MNTS,LONG,CONVICTION,65.5,BULL_BOUNCE_PENDING,3.67,3.46,4.18,4.18,483,2.47,FAVORABLE,3.7443,LIMIT,20,COMPRESSION,2026-10-02,2026-10-02T04:41:37.571236
CNR,SHORT,CONVICTION,65.5,BEAR_REJECTION_PENDING,89.05,90.23,82.68,80.44,84,5.39,FAVORABLE,88.01,LIMIT,20,COMPRESSION,2026-10-02,2026-10-02T04:45:31.374160
SPCG,LONG,CONVICTION,65.5,BULL_BOUNCE_PENDING,15.11,13.01,15.87,,47,0.36,FAVORABLE,15.42,LIMIT,20,COMPRESSION,2026-10-02,2026-10-02T04:49:04.321539
SRRK,SHORT,CONVICTION,65.5,BEAR_REJECTION_PENDING,47.08,52.11,44.73,,19,0.47,FAVORABLE,46.16,LIMIT,20,CONVICTION,2026-10-02,2026-10-02T04:56:42.238333
Q,LONG,CONVICTION,65.5,BULL_BOUNCE_PENDING,127.4,122.67,136.0,143.59,21,1.82,FAVORABLE,130.0,LIMIT,20,VACUUM,2026-10-02,2026-10-02T04:59:21.394928
TTMI,SHORT,CONVICTION,65.5,BEAR_REJECTION_PENDING,127.5,129.82,122.05,122.05,43,2.35,FAVORABLE,127.39,LIMIT,13,CONVICTION,2026-10-02,2026-10-02T05:03:13.897223
DPST,LONG,CONVICTION,65.5,BULL_BOUNCE,112.5,106.34,123.5,127.68,16,1.79,FAVORABLE,112.5,LIMIT,20,COMPRESSION,2026-10-02,2026-10-02T05:13:26.968374
DDOG,SHORT,CONVICTION,65.4,BEAR_REJECTION_PENDING,280.0,283.59,270.13,245.67,27,2.75,FAVORABLE,278.71,LIMIT,3,VACUUM,2026-10-02,2026-10-02T04:45:37.416170
GMED,LONG,CONVICTION,65.4,BULL_BOUNCE_PENDING,73.35,72.51,77.79,82.07,118,5.27,FAVORABLE,73.96,LIMIT,20,COMPRESSION,2026-10-02,2026-10-02T04:45:55.703724
WYFI,LONG,CONVICTION,65.3,BULL_BOUNCE_PENDING,17.15,16.46,19.45,19.45,144,3.33,FAVORABLE,17.5,LIMIT,20,COMPRESSION,2026-10-02,2026-10-02T04:38:53.726416
STUB,LONG,CONVICTION,65.3,BULL_BOUNCE_PENDING,5.43,5.24,6.35,6.2,524,4.82,FAVORABLE,5.5417,LIMIT,20,COMPRESSION,2026-10-02,2026-10-02T04:39:50.355426
UGI,LONG,CONVICTION,65.3,BULL_BOUNCE_PENDING,35.86,35.52,37.65,38.01,299,5.38,FAVORABLE,36.36,LIMIT,20,COMPRESSION,2026-10-02,2026-10-02T04:49:14.907405
GDDY,LONG,CONVICTION,65.3,BULL_BOUNCE_PENDING,94.96,92.66,102.66,106.79,43,3.34,FAVORABLE,96.9,LIMIT,20,COMPRESSION,2026-10-02,2026-10-02T04:49:57.096013
TSLQ,LONG,CONVICTION,65.3,BULL_BOUNCE_PENDING,18.7,17.62,20.54,21.85,92,1.7,FAVORABLE,19.08,LIMIT,20,MINOR,2026-10-02,2026-10-02T04:51:51.610420
PSN,SHORT,CONVICTION,65.3,BEAR_REJECTION_PENDING,41.83,43.29,37.2,,68,3.18,FAVORABLE,41.01,LIMIT,20,COMPRESSION,2026-10-02,2026-10-02T04:59:35.182563
MMED,LONG,CONVICTION,65.3,BULL_BOUNCE_PENDING,19.21,18.79,19.97,21.79,239,1.82,FAVORABLE,19.6,LIMIT,20,COMPRESSION,2026-10-02,2026-10-02T05:05:11.020499
QNC,LONG,CONVICTION,65.3,BULL_BOUNCE_PENDING,1.71,1.53,1.8,,545,0.47,FAVORABLE,1.75,LIMIT,12,MINOR,2026-10-02,2026-10-02T05:09:35.955366
EXLS,LONG,CONVICTION,65.3,BULL_BOUNCE_PENDING,35.75,35.12,36.77,39.0,158,1.61,FAVORABLE,36.48,LIMIT,11,COMPRESSION,2026-10-02,2026-10-02T05:13:31.028165
KGC,SHORT,CONVICTION,65.2,SHORT_UPPER_DIRTY,24.07,25.15,23.65,,93,0.39,FAVORABLE,24.07,LIMIT,20,CONVICTION,2026-10-02,2026-10-02T04:37:36.610008
DOCS,LONG,CONVICTION,65.2,BULL_BOUNCE_PENDING,28.42,28.09,29.84,,305,4.34,FAVORABLE,28.51,LIMIT,0,NONE,2026-10-02,2026-10-02T04:52:27.486778
LECO,SHORT,CONVICTION,65.2,BEAR_REJECTION_PENDING,274.79,278.21,259.41,252.7,29,4.49,FAVORABLE,269.4,LIMIT,20,CONVICTION,2026-10-02,2026-10-02T05:02:49.045672
CE,LONG,CONVICTION,65.2,BULL_BOUNCE_PENDING,43.17,38.52,50.6,,21,1.6,FAVORABLE,44.05,LIMIT,20,COMPRESSION,2026-10-02,2026-10-02T05:05:24.419587
VYLR,LONG,CONVICTION,65.2,BULL_BOUNCE_PENDING,68.53,67.92,69.59,70.4,163,1.74,FAVORABLE,69.0,LIMIT,20,MINOR,2026-10-02,2026-10-02T05:13:57.068752
CTSH,LONG,CONVICTION,65.1,BULL_BOUNCE_PENDING,59.9,59.17,65.04,63.01,136,7.02,FAVORABLE,60.7192,LIMIT,16,VACUUM,2026-10-02,2026-10-02T04:38:00.628117
AGI,LONG,CONVICTION,65.1,BULL_BOUNCE_PENDING,31.73,30.23,35.7,35.15,66,2.64,FAVORABLE,32.3819,LIMIT,20,CONVICTION,2026-10-02,2026-10-02T04:58:52.259820
NOVT,SHORT,CONVICTION,65.1,BEAR_REJECTION_PENDING,144.47,147.29,136.91,122.44,35,2.68,FAVORABLE,143.58,LIMIT,20,COMPRESSION,2026-10-02,2026-10-02T05:11:43.546061
VIA,LONG,CONVICTION,65.0,BULL_BOUNCE,30.21,28.81,34.24,,71,2.88,FAVORABLE,30.21,LIMIT,20,COMPRESSION,2026-10-02,2026-10-02T04:30:23.151778
MBGL,SHORT,CONVICTION,65.0,BEAR_REJECTION_PENDING,17.71,17.96,17.21,17.03,401,2.01,FAVORABLE,17.65,LIMIT,20,COMPRESSION,2026-10-02,2026-10-02T04:32:00.723592
REI,LONG,CONVICTION,65.0,BULL_BOUNCE_PENDING,1.28,1.23,1.44,1.44,1898,2.96,FAVORABLE,1.31,LIMIT,20,COMPRESSION,2026-10-02,2026-10-02T04:32:35.484924
CAPS,LONG,CONVICTION,65.0,BULL_BOUNCE,0.14,0.12,0.16,,4629,0.8,FAVORABLE,0.1428,LIMIT,20,COMPRESSION,2026-10-02,2026-10-02T04:34:00.154566
KEY,LONG,CONVICTION,65.0,BULL_BOUNCE_PENDING,19.41,18.55,21.64,22.02,116,2.6,FAVORABLE,19.8023,LIMIT,20,COMPRESSION,2026-10-02,2026-10-02T04:34:33.598526
HPQ,SHORT,CONVICTION,65.0,BEAR_REJECTION_PENDING,32.84,34.57,28.39,,57,2.58,FAVORABLE,32.2,LIMIT,18,CONVICTION,2026-10-02,2026-10-02T04:37:21.686983
GTM,SHORT,CONVICTION,65.0,BEAR_REJECTION_PENDING,4.0,6.07,3.8,,48,0.1,FAVORABLE,3.92,LIMIT,12,CONVICTION,2026-10-02,2026-10-02T04:39:10.952294
OSCR,LONG,CONVICTION,65.0,BULL_BOUNCE,30.18,28.5,33.76,,59,2.12,FAVORABLE,30.1832,LIMIT,20,CONVICTION,2026-10-02,2026-10-02T04:44:11.644110
IOND,SHORT,CONVICTION,65.0,BEAR_REJECTION_PENDING,83.08,86.84,74.95,73.61,26,2.16,FAVORABLE,81.45,LIMIT,20,CONVICTION,2026-10-02,2026-10-02T04:50:15.985940
NTNX,LONG,CONVICTION,65.0,BULL_BOUNCE_PENDING,70.84,70.06,74.38,,127,4.51,FAVORABLE,71.79,LIMIT,2,MINOR,2026-10-02,2026-10-02T04:52:52.160854
DLO,LONG,CONVICTION,65.0,BULL_BOUNCE_PENDING,13.49,12.93,14.82,15.63,177,2.35,FAVORABLE,13.77,LIMIT,20,COMPRESSION,2026-10-02,2026-10-02T04:57:52.555081
ETHU,LONG,CONVICTION,65.0,BULL_BOUNCE_PENDING,31.34,29.82,32.91,,65,1.03,FAVORABLE,31.98,LIMIT,8,MINOR,2026-10-02,2026-10-02T04:58:06.611724
PGR,LONG,CONVICTION,65.0,BULL_BOUNCE_PENDING,208.01,204.48,237.93,221.72,28,8.47,FAVORABLE,210.96,LIMIT,20,CONVICTION,2026-10-02,2026-10-02T04:58:37.482795
VVOS,LONG,CONVICTION,65.0,BULL_BOUNCE,0.14,0.13,0.15,,7246,0.41,FAVORABLE,0.1444,LIMIT,10,MINOR,2026-10-02,2026-10-02T05:04:57.559458
ITUB,LONG,CONVICTION,65.0,CHANNEL_BREAKOUT,8.47,8.23,9.0,9.4,419,2.21,FAVORABLE,8.4726,LIMIT,17,MINOR,2026-10-02,2026-10-02T05:05:37.514966
CCUP,LONG,CONVICTION,65.0,BULL_BOUNCE_PENDING,21.75,20.05,24.74,,58,1.76,FAVORABLE,22.19,LIMIT,20,CONVICTION,2026-10-02,2026-10-02T05:06:26.898631
ICE,LONG,CONVICTION,65.0,BULL_BOUNCE_PENDING,148.66,146.59,153.68,160.0,48,2.43,FAVORABLE,151.47,LIMIT,20,COMPRESSION,2026-10-02,2026-10-02T05:06:59.279680
ZD,LONG,CONVICTION,65.0,BULL_BOUNCE_PENDING,53.33,50.74,58.79,59.53,38,2.11,FAVORABLE,54.42,LIMIT,20,COMPRESSION,2026-10-02,2026-10-02T05:10:03.353068
BLZE,LONG,CONVICTION,65.0,BULL_BOUNCE,14.0,13.23,16.0,16.02,130,2.6,FAVORABLE,13.9972,LIMIT,15,MINOR,2026-10-02,2026-10-02T05:11:26.332018
BLMN,LONG,CONVICTION,65.0,CHANNEL_BREAKOUT,8.34,8.1,9.55,8.91,413,5.0,FAVORABLE,8.34,LIMIT,20,COMPRESSION,2026-10-02,2026-10-02T05:13:26.255841
CG,LONG,CONVICTION,64.9,BULL_BOUNCE_PENDING,39.59,38.42,41.97,43.57,85,2.03,FAVORABLE,40.4,LIMIT,20,COMPRESSION,2026-10-02,2026-10-02T04:52:17.624151
SPAL,LONG,CONVICTION,64.8,BULL_BOUNCE_PENDING,16.54,16.16,17.24,17.92,264,1.87,FAVORABLE,16.77,LIMIT,20,MINOR,2026-10-02,2026-10-02T04:44:27.405761
CHYM,LONG,CONVICTION,64.8,BULL_BOUNCE_PENDING,26.74,26.36,28.43,28.56,258,4.38,FAVORABLE,26.85,LIMIT,20,COMPRESSION,2026-10-02,2026-10-02T04:45:23.261028
BORR,LONG,CONVICTION,64.8,BULL_BOUNCE_PENDING,4.0,3.79,4.58,4.51,482,2.8,FAVORABLE,4.08,LIMIT,20,COMPRESSION,2026-10-02,2026-10-02T04:49:33.692979
MRCY,SHORT,CONVICTION,64.8,SHORT_UPPER_DIRTY,84.07,85.27,83.04,,83,0.86,FAVORABLE,84.07,LIMIT,17,COMPRESSION,2026-10-02,2026-10-02T05:09:38.822376
OMDA,LONG,CONVICTION,64.7,BULL_BOUNCE_PENDING,20.0,19.17,22.43,22.89,120,2.93,FAVORABLE,20.41,LIMIT,20,COMPRESSION,2026-10-02,2026-10-02T04:44:11.345580
POST,SHORT,CONVICTION,64.7,BEAR_REJECTION_PENDING,72.85,73.52,71.8,,150,1.58,FAVORABLE,72.83,LIMIT,20,COMPRESSION,2026-10-02,2026-10-02T04:51:00.247642
DAPP,LONG,CONVICTION,64.7,BUY_LOWER_DIRTY,18.99,18.5,20.23,,202,2.52,FAVORABLE,18.99,LIMIT,20,COMPRESSION,2026-10-02,2026-10-02T05:06:50.442671
ALKT,SHORT,CONVICTION,64.7,BEAR_REJECTION_PENDING,14.18,14.67,13.36,,202,1.66,FAVORABLE,14.04,LIMIT,20,COMPRESSION,2026-10-02,2026-10-02T05:09:15.124335
ARWR,LONG,CONVICTION,64.6,BULL_BOUNCE_PENDING,63.45,60.87,68.0,69.96,38,1.76,FAVORABLE,64.75,LIMIT,20,COMPRESSION,2026-10-02,2026-10-02T05:11:25.890017
NU,LONG,CONVICTION,64.5,BULL_BOUNCE_PENDING,13.07,12.6,14.35,14.41,209,2.68,FAVORABLE,13.34,LIMIT,20,COMPRESSION,2026-10-02,2026-10-02T04:33:22.824393
GGAL,LONG,CONVICTION,64.5,BULL_BOUNCE_PENDING,35.35,34.56,38.09,38.09,126,3.47,FAVORABLE,36.07,LIMIT,20,COMPRESSION,2026-10-02,2026-10-02T05:00:58.307463
ILMN,SHORT,CONVICTION,64.4,BEAR_REJECTION_PENDING,271.55,277.57,241.5,248.79,16,4.99,FAVORABLE,266.23,LIMIT,14,VACUUM,2026-10-02,2026-10-02T04:29:39.784230
TMHC,LONG,CONVICTION,64.4,BULL_BOUNCE_PENDING,72.28,71.77,73.47,,195,2.33,FAVORABLE,72.45,LIMIT,2,COMPRESSION,2026-10-02,2026-10-02T04:40:57.074174
BXSL,SHORT,CONVICTION,64.4,BEAR_REJECTION_PENDING,23.97,24.59,22.89,,160,1.74,FAVORABLE,23.5,LIMIT,20,COMPRESSION,2026-10-02,2026-10-02T04:42:54.717470
FISV,SHORT,CONVICTION,64.4,BEAR_REJECTION_PENDING,46.01,46.71,44.86,,142,1.64,FAVORABLE,45.7068,LIMIT,19,COMPRESSION,2026-10-02,2026-10-02T04:52:34.848802
RBA,SHORT,CONVICTION,64.4,BEAR_REJECTION_PENDING,81.87,82.9,80.01,79.16,96,1.8,FAVORABLE,81.59,LIMIT,20,COMPRESSION,2026-10-02,2026-10-02T04:56:41.572332
ALGT,LONG,CONVICTION,64.4,BULL_BOUNCE_PENDING,73.95,72.09,77.14,84.69,53,1.72,FAVORABLE,75.46,LIMIT,20,CONVICTION,2026-10-02,2026-10-02T04:59:38.037569
AMTM,SHORT,CONVICTION,64.4,BEAR_REJECTION_PENDING,18.87,19.29,18.12,,240,1.8,FAVORABLE,18.5,LIMIT,20,COMPRESSION,2026-10-02,2026-10-02T04:59:38.836570
PSI,LONG,CONVICTION,64.4,BULL_BOUNCE_PENDING,156.45,154.92,178.84,160.06,65,14.56,FAVORABLE,156.79,LIMIT,5,COMPRESSION,2026-10-02,2026-10-02T05:07:47.323445
CIFG,SHORT,CONVICTION,64.4,BEAR_REJECTION_PENDING,3.53,3.72,3.23,,530,1.62,FAVORABLE,3.52,LIMIT,20,COMPRESSION,2026-10-02,2026-10-02T05:10:07.001318
WRBY,LONG,CONVICTION,64.3,BULL_BOUNCE_PENDING,26.96,24.2,28.31,,36,0.49,FAVORABLE,27.51,LIMIT,19,COMPRESSION,2026-10-02,2026-10-02T04:29:23.023146
KHC,LONG,CONVICTION,64.3,BULL_BOUNCE_PENDING,22.09,21.81,23.58,24.36,364,5.44,FAVORABLE,22.46,LIMIT,20,COMPRESSION,2026-10-02,2026-10-02T04:33:43.184523
WULF,SHORT,CONVICTION,64.3,BEAR_REJECTION_PENDING,15.47,15.82,14.66,14.61,290,2.36,FAVORABLE,15.1706,LIMIT,20,COMPRESSION,2026-10-02,2026-10-02T04:38:27.376843
HNGE,LONG,CONVICTION,64.3,BULL_BOUNCE_PENDING,95.36,94.18,97.22,,84,1.57,FAVORABLE,96.57,LIMIT,11,MINOR,2026-10-02,2026-10-02T04:43:40.113322
BCRX,LONG,CONVICTION,64.3,BULL_BOUNCE_PENDING,7.99,7.63,8.55,9.12,281,1.6,FAVORABLE,8.15,LIMIT,20,COMPRESSION,2026-10-02,2026-10-02T04:47:56.970882
BRUN,LONG,CONVICTION,64.3,BULL_BOUNCE_PENDING,15.48,13.23,16.26,,44,0.34,FAVORABLE,15.8,LIMIT,20,COMPRESSION,2026-10-02,2026-10-02T04:49:35.543981
BHE,LONG,CONVICTION,64.3,BULL_BOUNCE_PENDING,83.41,82.47,90.64,94.1,107,7.75,FAVORABLE,84.62,LIMIT,20,CONVICTION,2026-10-02,2026-10-02T05:11:25.891018
WYHG,LONG,CONVICTION,64.2,BULL_BOUNCE_PENDING,3.66,3.31,4.23,,293,1.68,FAVORABLE,3.73,LIMIT,20,MINOR,2026-10-02,2026-10-02T04:47:25.834303
REZI,LONG,CONVICTION,64.2,BULL_BOUNCE_PENDING,17.81,16.83,19.48,,102,1.71,FAVORABLE,18.17,LIMIT,20,COMPRESSION,2026-10-02,2026-10-02T04:47:43.172863
GPI,LONG,CONVICTION,64.2,BUY_LOWER_DIRTY,256.7,254.22,275.64,,40,7.64,FAVORABLE,256.7,LIMIT,20,COMPRESSION,2026-10-02,2026-10-02T04:58:15.523590
NEOG,LONG,CONVICTION,64.2,BULL_BOUNCE_PENDING,12.2,11.44,14.21,14.21,131,2.65,FAVORABLE,12.45,LIMIT,20,MINOR,2026-10-02,2026-10-02T05:11:08.258334
OTLK,LONG,CONVICTION,64.1,BULL_BOUNCE_PENDING,0.56,0.54,0.63,0.63,4434,3.01,FAVORABLE,0.5736,LIMIT,20,COMPRESSION,2026-10-02,2026-10-02T04:31:50.597579
ARR,SHORT,CONVICTION,64.1,BEAR_REJECTION_PENDING,13.91,14.17,13.21,,383,2.67,FAVORABLE,13.85,LIMIT,20,COMPRESSION,2026-10-02,2026-10-02T04:34:24.286085
ETHT,LONG,CONVICTION,64.1,BULL_BOUNCE_PENDING,20.09,19.57,21.21,22.49,193,2.17,FAVORABLE,20.5,LIMIT,7,CONVICTION,2026-10-02,2026-10-02T04:58:01.521096
DYN,LONG,CONVICTION,64.1,BULL_BOUNCE_PENDING,15.5,14.79,17.08,17.35,139,2.2,FAVORABLE,15.82,LIMIT,20,COMPRESSION,2026-10-02,2026-10-02T05:08:23.404798
MRVI,LONG,CONVICTION,64.0,BULL_BOUNCE_PENDING,7.2,6.79,8.12,8.35,239,2.2,FAVORABLE,7.35,LIMIT,7,COMPRESSION,2026-10-02,2026-10-02T04:29:22.014146
RPD,LONG,CONVICTION,64.0,BULL_BOUNCE_PENDING,11.84,11.55,12.83,12.81,343,3.4,FAVORABLE,12.06,LIMIT,20,COMPRESSION,2026-10-02,2026-10-02T04:29:53.221783
CVE,LONG,CONVICTION,64.0,BULL_BOUNCE_PENDING,31.0,30.7,32.23,32.23,334,4.13,FAVORABLE,31.25,LIMIT,20,COMPRESSION,2026-10-02,2026-10-02T04:34:05.285572
SBEV,LONG,CONVICTION,64.0,BULL_BOUNCE_PENDING,0.41,0.38,0.43,,2887,0.59,FAVORABLE,0.4201,LIMIT,3,MINOR,2026-10-02,2026-10-02T04:40:21.025583
CLMT,LONG,CONVICTION,64.0,BULL_BOUNCE_PENDING,52.01,51.26,56.58,58.12,133,6.11,FAVORABLE,52.65,LIMIT,20,CONVICTION,2026-10-02,2026-10-02T04:45:25.156150
PODD,LONG,CONVICTION,64.0,BULL_BOUNCE_PENDING,130.4,129.18,134.44,133.26,82,3.31,FAVORABLE,130.79,LIMIT,20,CONVICTION,2026-10-02,2026-10-02T04:56:40.362329
AEM,LONG,CONVICTION,64.0,BULL_BOUNCE_PENDING,178.34,175.61,183.44,204.67,36,1.87,FAVORABLE,181.98,LIMIT,20,CONVICTION,2026-10-02,2026-10-02T04:57:01.822372
CDNA,LONG,CONVICTION,64.0,BULL_BOUNCE_PENDING,65.41,62.56,68.68,,35,1.15,FAVORABLE,66.74,LIMIT,6,MINOR,2026-10-02,2026-10-02T04:59:43.414111
MSFU,SHORT,CONVICTION,64.0,BEAR_REJECTION_PENDING,40.72,45.69,38.69,,20,0.41,FAVORABLE,39.9264,LIMIT,14,VACUUM,2026-10-02,2026-10-02T05:02:55.123682
A,LONG,CONVICTION,64.0,BULL_BOUNCE_PENDING,163.89,162.19,172.0,174.44,58,4.74,FAVORABLE,166.68,LIMIT,20,COMPRESSION,2026-10-02,2026-10-02T05:12:06.700308
WOLF,LONG,CONVICTION,63.9,BULL_BOUNCE_PENDING,30.88,27.93,35.98,,33,1.73,FAVORABLE,31.51,LIMIT,10,CONVICTION,2026-10-02,2026-10-02T04:41:16.408203
STNE,LONG,CONVICTION,63.9,BULL_BOUNCE_PENDING,9.2,8.49,10.32,,142,1.59,FAVORABLE,9.3855,LIMIT,20,COMPRESSION,2026-10-02,2026-10-02T05:05:55.257528
AS,LONG,CONVICTION,63.9,BULL_BOUNCE_PENDING,26.54,25.41,29.36,30.73,88,2.5,FAVORABLE,27.08,LIMIT,20,COMPRESSION,2026-10-02,2026-10-02T05:07:30.418118
GOLD,SHORT,CONVICTION,63.9,BEAR_REJECTION_PENDING,42.81,44.37,35.87,38.51,64,4.46,FAVORABLE,42.0,LIMIT,20,MINOR,2026-10-02,2026-10-02T05:07:40.045352
EW,LONG,CONVICTION,63.8,BULL_BOUNCE_PENDING,84.67,83.95,86.0,89.07,138,1.84,FAVORABLE,85.19,LIMIT,20,COMPRESSION,2026-10-02,2026-10-02T04:35:13.432524
ELF,LONG,CONVICTION,63.8,BULL_BOUNCE_PENDING,102.11,100.76,108.25,108.25,74,4.55,FAVORABLE,104.1912,LIMIT,8,MINOR,2026-10-02,2026-10-02T04:40:43.501155
FRPT,LONG,CONVICTION,63.8,BULL_BOUNCE_PENDING,56.57,54.96,63.67,64.03,62,4.44,FAVORABLE,57.72,LIMIT,18,MINOR,2026-10-02,2026-10-02T04:48:17.539468
GLXY,SHORT,CONVICTION,63.7,BEAR_REJECTION_PENDING,23.96,24.44,22.2,20.15,209,3.69,FAVORABLE,23.63,LIMIT,20,COMPRESSION,2026-10-02,2026-10-02T04:32:56.875956
OCUL,SHORT,CONVICTION,63.7,BEAR_REJECTION_PENDING,7.57,7.83,7.19,,387,1.47,FAVORABLE,7.42,LIMIT,12,COMPRESSION,2026-10-02,2026-10-02T04:56:36.879321
PLNT,SHORT,CONVICTION,63.7,BEAR_REJECTION_PENDING,42.38,43.05,40.9,40.43,147,2.18,FAVORABLE,41.85,LIMIT,20,COMPRESSION,2026-10-02,2026-10-02T04:56:36.961324
ETHE,LONG,CONVICTION,63.7,BULL_BOUNCE_CONFIRMED,22.14,20.95,25.06,25.06,84,2.46,FAVORABLE,22.14,LIMIT,17,COMPRESSION,2026-10-02,2026-10-02T04:58:00.470099
DTM,LONG,CONVICTION,63.7,BULL_BOUNCE_PENDING,117.68,109.94,130.42,137.54,12,1.65,FAVORABLE,120.08,LIMIT,20,CONVICTION,2026-10-02,2026-10-02T05:02:32.603578
ASO,LONG,CONVICTION,63.7,BULL_BOUNCE_PENDING,47.01,44.92,53.6,54.75,47,3.16,FAVORABLE,47.97,LIMIT,20,COMPRESSION,2026-10-02,2026-10-02T05:08:45.735415
OLLI,LONG,CONVICTION,63.6,BULL_BOUNCE_PENDING,86.19,84.97,96.93,92.53,82,8.81,FAVORABLE,87.95,LIMIT,18,COMPRESSION,2026-10-02,2026-10-02T04:44:10.852308
ARGX,LONG,CONVICTION,63.6,BULL_BOUNCE_PENDING,917.28,889.38,1005.68,1007.07,3,3.17,FAVORABLE,936.0,LIMIT,20,CONVICTION,2026-10-02,2026-10-02T04:55:17.862187
CMRC,LONG,CONVICTION,63.6,BULL_BOUNCE_PENDING,3.18,3.12,3.28,3.48,1912,2.0,FAVORABLE,3.24,LIMIT,20,COMPRESSION,2026-10-02,2026-10-02T05:08:52.131976
BWA,SHORT,CONVICTION,63.6,BEAR_REJECTION_PENDING,61.01,61.63,58.8,56.69,162,3.58,FAVORABLE,60.38,LIMIT,20,COMPRESSION,2026-10-02,2026-10-02T05:12:30.387342
SION,SHORT,CONVICTION,63.5,BEAR_REJECTION_PENDING,5.17,5.34,4.51,4.44,600,3.96,FAVORABLE,5.07,LIMIT,20,COMPRESSION,2026-10-02,2026-10-02T04:49:00.651540
MOD,LONG,CONVICTION,63.5,BUY_LOWER_DIRTY,178.9,176.61,182.0,,43,1.36,FAVORABLE,178.9,LIMIT,20,CONVICTION,2026-10-02,2026-10-02T04:54:23.303042
URA,LONG,CONVICTION,63.5,BULL_BOUNCE_PENDING,39.31,38.76,40.47,41.65,180,2.09,FAVORABLE,39.8,LIMIT,20,COMPRESSION,2026-10-02,2026-10-02T05:00:17.175387
EYE,SHORT,CONVICTION,63.5,SHORT_UPPER_DIRTY,16.4,16.99,16.08,,170,0.55,FAVORABLE,16.4,LIMIT,16,COMPRESSION,2026-10-02,2026-10-02T05:01:32.671253
ICLR,LONG,CONVICTION,63.4,BULL_BOUNCE_PENDING,158.61,155.53,169.99,172.25,32,3.69,FAVORABLE,161.85,LIMIT,20,COMPRESSION,2026-10-02,2026-10-02T04:55:33.911847
BEX,LONG,CONVICTION,63.4,BULL_BOUNCE_PENDING,37.0,35.33,40.67,,59,2.19,FAVORABLE,37.74,LIMIT,16,COMPRESSION,2026-10-02,2026-10-02T05:00:47.406599
DY,LONG,CONVICTION,63.4,BULL_BOUNCE_PENDING,267.17,263.84,293.56,277.5,30,7.93,FAVORABLE,269.96,LIMIT,20,CONVICTION,2026-10-02,2026-10-02T05:05:28.427334
CHPT,LONG,CONVICTION,63.4,BULL_BOUNCE_PENDING,10.11,9.89,10.61,,458,2.32,FAVORABLE,10.21,LIMIT,9,MINOR,2026-10-02,2026-10-02T05:06:15.246984
IONQ,SHORT,CONVICTION,63.3,BEAR_REJECTION_PENDING,45.36,49.11,38.32,,26,1.87,FAVORABLE,44.47,LIMIT,20,COMPRESSION,2026-10-02,2026-10-02T04:30:52.522354
SKUU,SHORT,CONVICTION,63.3,BEAR_REJECTION_PENDING,31.71,33.26,28.8,27.19,64,1.87,FAVORABLE,31.0859,LIMIT,11,VACUUM,2026-10-02,2026-10-02T04:49:00.738533
VRSK,SHORT,CONVICTION,63.3,BEAR_REJECTION_PENDING,168.82,170.38,163.63,164.72,64,3.33,FAVORABLE,168.38,LIMIT,20,COMPRESSION,2026-10-02,2026-10-02T04:55:53.438890
ACHC,SHORT,CONVICTION,63.3,BEAR_REJECTION_PENDING,27.32,28.23,25.04,23.57,109,2.5,FAVORABLE,26.93,LIMIT,20,COMPRESSION,2026-10-02,2026-10-02T05:01:26.690715
UNG,LONG,CONVICTION,63.3,BULL_BOUNCE_PENDING,9.9,9.71,11.58,10.51,520,8.73,FAVORABLE,10.105,LIMIT,20,COMPRESSION,2026-10-02,2026-10-02T05:02:08.595830
XOM,LONG,CONVICTION,63.2,BULL_BOUNCE_PENDING,161.9,160.73,165.77,165.13,85,3.31,FAVORABLE,162.5,LIMIT,20,CONVICTION,2026-10-02,2026-10-02T04:34:17.748682
GEHC,LONG,CONVICTION,63.2,BULL_BOUNCE_PENDING,62.7,60.81,67.95,71.3,53,2.78,FAVORABLE,63.98,LIMIT,20,COMPRESSION,2026-10-02,2026-10-02T04:36:06.289691
UPST,SHORT,CONVICTION,63.2,BEAR_REJECTION_PENDING,23.43,23.93,22.63,,200,1.6,FAVORABLE,23.0314,LIMIT,20,COMPRESSION,2026-10-02,2026-10-02T04:40:59.223177
PLGO,SHORT,CONVICTION,63.2,BEAR_REJECTION_PENDING,24.84,26.67,20.77,,54,2.22,FAVORABLE,24.35,LIMIT,20,COMPRESSION,2026-10-02,2026-10-02T04:53:00.466880
LB,LONG,CONVICTION,63.2,BULL_BOUNCE_PENDING,79.15,77.46,85.62,84.99,58,3.81,FAVORABLE,80.77,LIMIT,20,COMPRESSION,2026-10-02,2026-10-02T04:59:14.112623
MUR,SHORT,CONVICTION,63.1,BEAR_REJECTION_PENDING,37.69,38.38,36.13,35.78,144,2.26,FAVORABLE,37.0,LIMIT,20,COMPRESSION,2026-10-02,2026-10-02T04:46:24.895958
REGN,LONG,CONVICTION,63.1,BULL_BOUNCE_PENDING,735.8,729.25,778.09,778.09,15,6.45,FAVORABLE,741.68,LIMIT,20,CONVICTION,2026-10-02,2026-10-02T05:05:47.351513
UAA,LONG,CONVICTION,63.1,BULL_BOUNCE_PENDING,4.51,4.28,5.07,5.18,427,2.4,FAVORABLE,4.6014,LIMIT,20,COMPRESSION,2026-10-02,2026-10-02T05:09:07.987759
SYNA,LONG,CONVICTION,63.1,BULL_BOUNCE_PENDING,119.04,117.63,123.29,127.41,70,3.01,FAVORABLE,120.64,LIMIT,20,CONVICTION,2026-10-02,2026-10-02T05:09:30.150353
TRIP,LONG,CONVICTION,63.1,BULL_BOUNCE_PENDING,8.21,7.97,9.17,8.83,418,4.03,FAVORABLE,8.375,LIMIT,7,COMPRESSION,2026-10-02,2026-10-02T05:12:22.913794
TPR,LONG,CONVICTION,63.1,BULL_BOUNCE_PENDING,116.85,114.33,121.99,125.0,39,2.04,FAVORABLE,119.23,LIMIT,20,COMPRESSION,2026-10-02,2026-10-02T05:13:54.350748
GRAL,LONG,CONVICTION,63.0,BULL_BOUNCE,133.02,122.91,149.51,,9,1.63,FAVORABLE,133.02,LIMIT,20,COMPRESSION,2026-10-02,2026-10-02T04:30:00.363792
OFAL,LONG,CONVICTION,63.0,BULL_BOUNCE,0.46,0.4,0.47,,1602,0.14,FAVORABLE,0.461,LIMIT,20,MINOR,2026-10-02,2026-10-02T04:32:31.152918
CNH,LONG,CONVICTION,63.0,BULL_BOUNCE_PENDING,12.59,12.27,13.28,13.84,314,2.16,FAVORABLE,12.85,LIMIT,20,COMPRESSION,2026-10-02,2026-10-02T04:32:58.801960
CDE,SHORT,CONVICTION,63.0,BEAR_REJECTION_PENDING,18.09,19.32,16.19,15.28,81,1.56,FAVORABLE,17.74,LIMIT,20,CONVICTION,2026-10-02,2026-10-02T04:36:03.294687
URG,LONG,CONVICTION,63.0,BULL_BOUNCE_PENDING,1.06,1.02,1.15,1.24,2980,2.8,FAVORABLE,1.08,LIMIT,20,MINOR,2026-10-02,2026-10-02T04:38:49.117414
VEEE,LONG,CONVICTION,63.0,BULL_BOUNCE_PENDING,11.47,10.41,13.39,,94,1.82,FAVORABLE,11.7,LIMIT,20,MINOR,2026-10-02,2026-10-02T04:39:58.484505
LASE,LONG,CONVICTION,63.0,BULL_BOUNCE,0.84,0.77,0.87,,1371,0.41,FAVORABLE,0.84,LIMIT,12,MINOR,2026-10-02,2026-10-02T04:40:35.269603
GRAF,LONG,CONVICTION,63.0,BULL_BOUNCE_PENDING,10.74,10.65,11.28,,1069,5.74,FAVORABLE,10.82,LIMIT,0,NONE,2026-10-02,2026-10-02T04:40:55.731173
FLR,LONG,CONVICTION,63.0,BULL_BOUNCE_PENDING,48.41,47.01,50.93,52.26,71,1.8,FAVORABLE,49.4,LIMIT,20,COMPRESSION,2026-10-02,2026-10-02T04:43:24.900644
GTLB,SHORT,CONVICTION,63.0,BEAR_REJECTION_PENDING,51.08,56.66,48.53,,17,0.46,FAVORABLE,50.08,LIMIT,8,CONVICTION,2026-10-02,2026-10-02T04:43:34.285475
ECHO,SHORT,CONVICTION,63.0,BEAR_REJECTION_PENDING,89.51,90.4,87.51,86.69,112,2.25,FAVORABLE,88.5162,LIMIT,20,COMPRESSION,2026-10-02,2026-10-02T04:49:49.613004
CURI,LONG,CONVICTION,63.0,BULL_BOUNCE_PENDING,2.92,2.82,3.08,3.3,994,1.59,FAVORABLE,2.98,LIMIT,20,COMPRESSION,2026-10-02,2026-10-02T04:52:22.434763
EYPT,LONG,CONVICTION,63.0,BULL_BOUNCE,3.25,2.94,3.72,,323,1.52,FAVORABLE,3.25,LIMIT,20,COMPRESSION,2026-10-02,2026-10-02T04:55:23.668824
LULU,SHORT,CONVICTION,63.0,BEAR_REJECTION_PENDING,97.72,101.81,92.83,,24,1.19,FAVORABLE,95.8,LIMIT,20,CONVICTION,2026-10-02,2026-10-02T05:00:05.466339
DAIC,LONG,CONVICTION,63.0,BULL_BOUNCE,2.75,1.88,2.83,,114,0.09,FAVORABLE,2.75,LIMIT,14,MINOR,2026-10-02,2026-10-02T05:01:22.998710
NAT,LONG,CONVICTION,63.0,BULL_BOUNCE_PENDING,8.01,7.56,8.41,,224,0.9,FAVORABLE,8.1699,LIMIT,20,MINOR,2026-10-02,2026-10-02T05:03:55.052762
MUD,LONG,CONVICTION,63.0,BULL_BOUNCE_PENDING,8.75,8.62,9.44,9.46,782,5.44,FAVORABLE,8.755,LIMIT,20,COMPRESSION,2026-10-02,2026-10-02T05:03:54.973763
BAOS,LONG,CONVICTION,63.0,BULL_BOUNCE,0.24,0.21,0.27,,3095,0.9,FAVORABLE,0.2409,LIMIT,20,MINOR,2026-10-02,2026-10-02T05:07:15.483545
DBGI,LONG,CONVICTION,63.0,BULL_BOUNCE,5.13,4.22,5.2,,109,0.08,FAVORABLE,5.13,LIMIT,18,MINOR,2026-10-02,2026-10-02T05:08:58.806533
AEVA,LONG,CONVICTION,62.9,BULL_BOUNCE_PENDING,14.14,13.86,15.06,15.06,353,3.24,FAVORABLE,14.43,LIMIT,20,COMPRESSION,2026-10-02,2026-10-02T04:42:02.791273
NIQ,LONG,CONVICTION,62.9,BULL_BOUNCE_PENDING,16.9,16.43,17.65,19.15,213,1.61,FAVORABLE,17.24,LIMIT,20,COMPRESSION,2026-10-02,2026-10-02T04:48:36.761497
MATX,LONG,CONVICTION,62.9,BULL_BOUNCE_CONFIRMED,225.5,215.91,236.78,,10,1.18,FAVORABLE,225.5,LIMIT,20,COMPRESSION,2026-10-02,2026-10-02T04:50:40.050558
G,SHORT,CONVICTION,62.9,SHORT_UPPER_DIRTY,35.0,36.18,34.6,,84,0.34,FAVORABLE,35.0,LIMIT,20,COMPRESSION,2026-10-02,2026-10-02T04:58:10.855584
TMV,LONG,CONVICTION,62.9,BULL_BOUNCE_PENDING,48.71,47.97,50.95,50.95,135,3.05,FAVORABLE,49.7,LIMIT,10,MINOR,2026-10-02,2026-10-02T05:11:57.206627
AREC,SHORT,CONVICTION,62.8,BEAR_REJECTION_PENDING,1.86,1.91,1.63,1.72,1883,4.26,FAVORABLE,1.82,LIMIT,20,COMPRESSION,2026-10-02,2026-10-02T04:31:59.992590
AIAI,LONG,CONVICTION,62.8,BULL_BOUNCE_PENDING,3.35,3.2,3.71,3.71,639,2.29,FAVORABLE,3.42,LIMIT,12,MINOR,2026-10-02,2026-10-02T04:59:36.481566
ZTS,SHORT,CONVICTION,62.7,BEAR_REJECTION_PENDING,70.47,71.41,66.95,,107,3.77,FAVORABLE,69.09,LIMIT,20,COMPRESSION,2026-10-02,2026-10-02T05:00:20.919422
COMP,SHORT,CONVICTION,62.6,BEAR_REJECTION_PENDING,9.29,9.44,8.55,8.47,648,4.8,FAVORABLE,9.27,LIMIT,20,COMPRESSION,2026-10-02,2026-10-02T04:36:55.129938
VOYG,LONG,CONVICTION,62.6,BULL_BOUNCE_PENDING,29.41,27.2,33.23,34.46,45,1.73,FAVORABLE,30.012,LIMIT,20,COMPRESSION,2026-10-02,2026-10-02T04:44:47.450804
WDCX,LONG,CONVICTION,62.6,BULL_BOUNCE_PENDING,17.46,16.46,20.24,20.15,99,2.77,FAVORABLE,17.82,LIMIT,20,COMPRESSION,2026-10-02,2026-10-02T04:53:23.648175
OKTA,LONG,CONVICTION,62.4,BULL_BOUNCE_PENDING,212.8,209.59,223.44,,31,3.32,FAVORABLE,213.06,LIMIT,0,NONE,2026-10-02,2026-10-02T04:33:58.077557
USB,SHORT,CONVICTION,62.4,BEAR_REJECTION_PENDING,57.76,58.43,55.72,56.06,149,3.04,FAVORABLE,57.55,LIMIT,20,COMPRESSION,2026-10-02,2026-10-02T04:35:40.345646
CORD,LONG,CONVICTION,62.4,BULL_BOUNCE_PENDING,2.74,2.65,2.98,2.97,1006,2.42,FAVORABLE,2.76,LIMIT,20,MINOR,2026-10-02,2026-10-02T04:56:14.308151
LMND,LONG,CONVICTION,62.4,BULL_BOUNCE_CONFIRMED,46.63,43.34,53.35,,30,2.04,FAVORABLE,46.63,LIMIT,20,COMPRESSION,2026-10-02,2026-10-02T04:59:59.335141
TE,SHORT,CONVICTION,62.3,BEAR_REJECTION_PENDING,3.8,3.88,3.31,3.54,1237,6.06,FAVORABLE,3.76,LIMIT,20,COMPRESSION,2026-10-02,2026-10-02T04:32:58.239960
NN,LONG,CONVICTION,62.3,BULL_BOUNCE_PENDING,13.34,13.06,14.25,15.17,366,3.36,FAVORABLE,13.5,LIMIT,19,COMPRESSION,2026-10-02,2026-10-02T04:41:31.970226
APG,LONG,CONVICTION,62.3,BULL_BOUNCE_PENDING,39.5,38.91,45.81,41.16,169,10.68,FAVORABLE,40.28,LIMIT,20,COMPRESSION,2026-10-02,2026-10-02T05:13:22.695098
CSX,SHORT,CONVICTION,62.2,BEAR_REJECTION_PENDING,47.47,48.14,40.2,45.47,149,10.87,FAVORABLE,46.54,LIMIT,20,COMPRESSION,2026-10-02,2026-10-02T04:36:41.883916
MAIN,LONG,CONVICTION,62.2,BULL_BOUNCE_PENDING,54.82,53.23,63.5,63.5,62,5.46,FAVORABLE,55.9413,LIMIT,20,COMPRESSION,2026-10-02,2026-10-02T04:43:51.297244
BSP,SHORT,CONVICTION,62.2,BEAR_REJECTION_PENDING,32.75,33.44,31.11,,144,2.37,FAVORABLE,32.68,LIMIT,20,COMPRESSION,2026-10-02,2026-10-02T04:45:14.770826
RELY,LONG,CONVICTION,62.2,BULL_BOUNCE_PENDING,21.12,19.3,23.86,,54,1.51,FAVORABLE,21.55,LIMIT,14,COMPRESSION,2026-10-02,2026-10-02T04:51:14.055749
GENI,LONG,CONVICTION,62.2,BULL_BOUNCE_PENDING,5.76,5.63,6.15,6.5,759,2.95,FAVORABLE,5.81,LIMIT,17,COMPRESSION,2026-10-02,2026-10-02T04:54:07.433374
HSAI,LONG,CONVICTION,62.2,BULL_BOUNCE_PENDING,15.69,15.51,16.0,16.82,561,1.74,FAVORABLE,15.93,LIMIT,20,COMPRESSION,2026-10-02,2026-10-02T04:56:17.815234
AEHL,LONG,CONVICTION,62.2,BULL_BOUNCE,10.03,7.61,10.35,,41,0.13,FAVORABLE,10.03,LIMIT,10,COMPRESSION,2026-10-02,2026-10-02T05:04:45.521506
SUNC,LONG,CONVICTION,62.2,BULL_BOUNCE_PENDING,74.72,74.04,80.66,77.11,149,8.87,FAVORABLE,75.7,LIMIT,20,COMPRESSION,2026-10-02,2026-10-02T05:13:53.252742
NOW,LONG,CONVICTION,62.1,BULL_BOUNCE_PENDING,137.75,135.97,153.07,155.5,56,8.6,FAVORABLE,138.2767,LIMIT,12,COMPRESSION,2026-10-02,2026-10-02T04:34:08.620977
MCHP,SHORT,CONVICTION,62.1,SHORT_UPPER_DIRTY,79.75,81.26,78.65,,66,0.73,FAVORABLE,79.75,LIMIT,17,COMPRESSION,2026-10-02,2026-10-02T04:35:06.610721
MRNA,LONG,CONVICTION,62.0,BULL_BOUNCE_CONFIRMED,193.26,186.47,204.48,,14,1.65,FAVORABLE,193.26,LIMIT,20,MINOR,2026-10-02,2026-10-02T04:31:19.899522
TSEM,LONG,CONVICTION,62.0,BULL_BOUNCE_CONFIRMED,245.99,239.16,257.0,273.87,14,1.61,FAVORABLE,245.99,LIMIT,13,CONVICTION,2026-10-02,2026-10-02T04:31:52.537579
TOI,LONG,CONVICTION,62.0,BULL_BOUNCE_PENDING,5.08,4.8,5.8,5.76,350,2.52,FAVORABLE,5.185,LIMIT,16,COMPRESSION,2026-10-02,2026-10-02T04:32:08.710328
OWL,LONG,CONVICTION,62.0,BULL_BOUNCE_PENDING,8.87,8.66,9.2,9.34,478,1.58,FAVORABLE,9.05,LIMIT,20,COMPRESSION,2026-10-02,2026-10-02T04:38:32.073853
CAI,LONG,CONVICTION,62.0,BULL_BOUNCE_PENDING,27.83,25.29,31.84,,39,1.58,FAVORABLE,28.4,LIMIT,20,COMPRESSION,2026-10-02,2026-10-02T04:42:54.940473
FIVE,SHORT,CONVICTION,62.0,BEAR_REJECTION_PENDING,221.17,223.99,203.19,211.35,35,6.37,FAVORABLE,221.0,LIMIT,20,CONVICTION,2026-10-02,2026-10-02T04:43:19.061733
BMRN,SHORT,CONVICTION,62.0,BEAR_REJECTION_PENDING,59.44,60.5,55.51,53.5,94,3.71,FAVORABLE,58.2753,LIMIT,20,COMPRESSION,2026-10-02,2026-10-02T04:45:11.596782
HCC,LONG,CONVICTION,62.0,BULL_BOUNCE_PENDING,87.3,83.51,95.94,95.94,26,2.28,FAVORABLE,89.08,LIMIT,20,CONVICTION,2026-10-02,2026-10-02T04:45:55.863725
PLAG,LONG,CONVICTION,62.0,BULL_BOUNCE_PENDING,0.7,0.67,0.75,,3855,1.99,FAVORABLE,0.712,LIMIT,8,MINOR,2026-10-02,2026-10-02T04:48:51.834523
DHT,LONG,CONVICTION,62.0,BULL_BOUNCE_PENDING,23.01,21.46,24.16,,64,0.74,FAVORABLE,23.48,LIMIT,18,MINOR,2026-10-02,2026-10-02T04:49:48.237000
LABD,LONG,CONVICTION,62.0,BULL_BOUNCE_PENDING,7.2,6.91,8.26,8.15,337,3.57,FAVORABLE,7.35,LIMIT,20,COMPRESSION,2026-10-02,2026-10-02T04:52:40.965821
FNV,LONG,CONVICTION,62.0,BULL_BOUNCE_PENDING,230.51,223.94,247.5,263.26,15,2.59,FAVORABLE,235.2181,LIMIT,20,CONVICTION,2026-10-02,2026-10-02T04:59:02.533377
CART,LONG,CONVICTION,62.0,BULL_BOUNCE_PENDING,42.21,40.49,47.01,46.61,58,2.81,FAVORABLE,43.0682,LIMIT,20,CONVICTION,2026-10-02,2026-10-02T05:00:48.203598
NEOV,LONG,CONVICTION,62.0,BULL_BOUNCE_PENDING,2.45,2.19,2.57,,380,0.47,FAVORABLE,2.5,LIMIT,9,COMPRESSION,2026-10-02,2026-10-02T05:04:48.926354
TRMD,LONG,CONVICTION,62.0,BULL_BOUNCE_PENDING,39.02,38.51,40.97,,197,3.85,FAVORABLE,39.34,LIMIT,0,NONE,2026-10-02,2026-10-02T05:09:07.000342
APH,LONG,CONVICTION,62.0,BULL_BOUNCE_PENDING,86.27,85.33,87.93,,107,1.78,FAVORABLE,86.92,LIMIT,1,MINOR,2026-10-02,2026-10-02T05:11:22.190947
PRGO,LONG,CONVICTION,62.0,BULL_BOUNCE_PENDING,13.85,13.63,14.72,14.55,462,4.04,FAVORABLE,14.02,LIMIT,20,COMPRESSION,2026-10-02,2026-10-02T05:12:13.909052
XNDU,SHORT,CONVICTION,61.9,BEAR_REJECTION_PENDING,4.53,4.69,4.3,,628,1.42,FAVORABLE,4.52,LIMIT,20,COMPRESSION,2026-10-02,2026-10-02T04:41:39.272238
UHS,LONG,CONVICTION,61.9,BULL_BOUNCE,175.07,169.38,200.04,200.04,17,4.39,FAVORABLE,175.07,LIMIT,20,CONVICTION,2026-10-02,2026-10-02T04:51:52.222422
PGEN,LONG,CONVICTION,61.9,BULL_BOUNCE_PENDING,8.09,7.95,8.61,8.45,677,3.45,FAVORABLE,8.26,LIMIT,17,MINOR,2026-10-02,2026-10-02T04:59:19.307855
BLLN,LONG,CONVICTION,61.8,BUY_LOWER_DIRTY,105.76,103.98,107.07,,56,0.74,FAVORABLE,105.76,LIMIT,20,COMPRESSION,2026-10-02,2026-10-02T04:45:10.348867
DBRG,LONG,CONVICTION,61.7,BULL_BOUNCE_PENDING,15.86,15.72,16.65,,719,5.71,FAVORABLE,16.0,LIMIT,0,NONE,2026-10-02,2026-10-02T04:36:20.174717
COKE,SHORT,CONVICTION,61.7,BEAR_REJECTION_PENDING,188.55,190.25,159.5,177.9,58,17.08,FAVORABLE,187.55,LIMIT,20,COMPRESSION,2026-10-02,2026-10-02T04:49:44.346994
PLTD,SHORT,CONVICTION,61.7,BEAR_REJECTION_PENDING,4.71,4.77,4.47,,1568,3.69,FAVORABLE,4.68,LIMIT,20,COMPRESSION,2026-10-02,2026-10-02T04:54:33.077063
KRYS,LONG,CONVICTION,61.7,BULL_BOUNCE_PENDING,318.8,313.33,335.06,351.26,18,2.97,FAVORABLE,325.31,LIMIT,20,CONVICTION,2026-10-02,2026-10-02T05:01:42.283799
RHI,LONG,CONVICTION,61.6,BULL_BOUNCE_PENDING,37.03,35.08,41.94,41.94,51,2.51,FAVORABLE,37.79,LIMIT,20,COMPRESSION,2026-10-02,2026-10-02T04:44:20.004223
AENT,LONG,CONVICTION,61.6,BULL_BOUNCE_PENDING,4.23,4.08,4.6,4.8,645,2.37,FAVORABLE,4.32,LIMIT,20,MINOR,2026-10-02,2026-10-02T05:09:13.265641
RXO,LONG,CONVICTION,61.5,BULL_BOUNCE_PENDING,20.93,19.83,23.1,,90,1.97,FAVORABLE,21.36,LIMIT,13,COMPRESSION,2026-10-02,2026-10-02T04:28:47.960549
NVDA,SHORT,CONVICTION,61.4,BEAR_REJECTION_PENDING,233.0,237.61,222.94,218.38,21,2.18,FAVORABLE,232.6,LIMIT,3,VACUUM,2026-10-02,2026-10-02T04:29:11.425178
XERS,LONG,CONVICTION,61.4,BULL_BOUNCE_PENDING,9.14,8.71,9.86,,232,1.67,FAVORABLE,9.33,LIMIT,14,COMPRESSION,2026-10-02,2026-10-02T04:29:27.711154
ZLAB,SHORT,CONVICTION,61.4,BEAR_REJECTION_PENDING,25.59,26.97,21.96,21.54,72,2.63,FAVORABLE,25.2,LIMIT,20,COMPRESSION,2026-10-02,2026-10-02T04:49:23.969420
ZURA,LONG,CONVICTION,61.4,BULL_BOUNCE_PENDING,4.18,4.09,4.55,4.55,1098,4.03,FAVORABLE,4.2221,LIMIT,20,COMPRESSION,2026-10-02,2026-10-02T05:01:14.029719
SSMR,LONG,CONVICTION,61.4,BULL_BOUNCE_PENDING,14.68,14.2,15.51,16.57,206,1.71,FAVORABLE,14.98,LIMIT,20,COMPRESSION,2026-10-02,2026-10-02T05:10:50.667966
VLN,LONG,CONVICTION,61.3,BULL_BOUNCE_CONFIRMED,1.89,1.76,2.09,,782,1.57,FAVORABLE,1.889,LIMIT,12,COMPRESSION,2026-10-02,2026-10-02T04:40:53.273169
ENS,LONG,CONVICTION,61.3,BULL_BOUNCE_PENDING,188.16,186.66,207.44,198.46,66,12.87,FAVORABLE,189.59,LIMIT,13,VACUUM,2026-10-02,2026-10-02T04:54:04.441944
BEN,SHORT,CONVICTION,61.3,SHORT_UPPER_DIRTY,32.55,33.19,31.77,,157,1.24,FAVORABLE,32.55,LIMIT,20,COMPRESSION,2026-10-02,2026-10-02T05:07:31.974650
IMCC,LONG,CONVICTION,61.2,BULL_BOUNCE_PENDING,2.19,1.81,2.3,,258,0.28,FAVORABLE,2.2378,LIMIT,11,MINOR,2026-10-02,2026-10-02T04:41:50.418254
SPAX,SHORT,CONVICTION,61.2,BEAR_REJECTION_PENDING,10.01,10.24,8.68,9.46,442,5.9,FAVORABLE,10.0,LIMIT,20,COMPRESSION,2026-10-02,2026-10-02T04:44:28.627835
SNDU,SHORT,CONVICTION,61.2,BEAR_REJECTION_PENDING,27.85,29.42,24.71,,63,2.01,FAVORABLE,27.5,LIMIT,16,VACUUM,2026-10-02,2026-10-02T04:46:59.625131
SKHY,LONG,CONVICTION,61.2,BULL_BOUNCE_PENDING,192.54,189.95,198.53,,38,2.32,FAVORABLE,193.73,LIMIT,6,COMPRESSION,2026-10-02,2026-10-02T04:53:10.282525
AMDL,SHORT,CONVICTION,61.1,BEAR_REJECTION_PENDING,82.77,84.64,72.97,72.97,53,5.24,FAVORABLE,82.0,LIMIT,20,VACUUM,2026-10-02,2026-10-02T04:53:36.197276
WERN,LONG,CONVICTION,61.1,BULL_BOUNCE_PENDING,33.61,32.77,36.98,36.04,118,3.99,FAVORABLE,34.3,LIMIT,20,COMPRESSION,2026-10-02,2026-10-02T05:03:25.296380
TEX,LONG,CONVICTION,61.1,BULL_BOUNCE_PENDING,53.68,53.04,56.74,57.61,154,4.72,FAVORABLE,54.78,LIMIT,20,COMPRESSION,2026-10-02,2026-10-02T05:06:04.766540
RSKD,LONG,CONVICTION,61.0,CHANNEL_RECLAIM_LONG,7.96,7.69,8.36,,373,1.49,FAVORABLE,7.96,LIMIT,6,MINOR,2026-10-02,2026-10-02T04:29:33.337689
SANM,LONG,CONVICTION,61.0,CHANNEL_RECLAIM_LONG,221.96,206.41,246.65,,6,1.59,FAVORABLE,221.96,LIMIT,20,COMPRESSION,2026-10-02,2026-10-02T04:30:27.446784
BE,LONG,CONVICTION,61.0,CHANNEL_RECLAIM_LONG,282.95,269.65,297.1,,7,1.06,FAVORABLE,282.95,LIMIT,17,VACUUM,2026-10-02,2026-10-02T04:31:03.814431
TGB,LONG,CONVICTION,61.0,BULL_BOUNCE_PENDING,8.24,7.98,8.86,8.86,381,2.36,FAVORABLE,8.41,LIMIT,20,COMPRESSION,2026-10-02,2026-10-02T04:31:54.584582
ORBS,LONG,CONVICTION,61.0,CHANNEL_RECLAIM_LONG,1.2,0.74,1.26,,218,0.13,FAVORABLE,1.2,LIMIT,3,MINOR,2026-10-02,2026-10-02T04:32:38.816930
IBM,LONG,CONVICTION,61.0,BULL_BOUNCE_PENDING,226.56,224.45,240.5,248.37,47,6.62,FAVORABLE,227.72,LIMIT,20,CONVICTION,2026-10-02,2026-10-02T04:36:21.861718
BKNG,SHORT,CONVICTION,61.0,BEAR_REJECTION_PENDING,162.63,164.77,158.2,157.43,46,2.07,FAVORABLE,161.0,LIMIT,20,CONVICTION,2026-10-02,2026-10-02T04:37:42.765019
SUGP,LONG,CONVICTION,61.0,BULL_BOUNCE,0.49,0.38,0.52,,921,0.27,FAVORABLE,0.4903,LIMIT,20,COMPRESSION,2026-10-02,2026-10-02T04:40:34.376603
PLAY,LONG,CONVICTION,61.0,CHANNEL_RECLAIM_LONG,6.49,6.2,6.93,7.18,341,1.5,FAVORABLE,6.49,LIMIT,20,COMPRESSION,2026-10-02,2026-10-02T04:41:21.198210
NWL,SHORT,CONVICTION,61.0,BEAR_REJECTION_PENDING,5.36,5.51,4.79,4.64,656,3.71,FAVORABLE,5.25,LIMIT,20,COMPRESSION,2026-10-02,2026-10-02T04:48:43.920511
MOH,LONG,CONVICTION,61.0,BULL_BOUNCE_PENDING,177.79,175.78,183.27,191.0,49,2.72,FAVORABLE,180.85,LIMIT,20,MINOR,2026-10-02,2026-10-02T04:50:45.404581
RUM,SHORT,CONVICTION,61.0,BEAR_REJECTION_PENDING,7.86,8.4,6.98,,186,1.64,FAVORABLE,7.71,LIMIT,20,COMPRESSION,2026-10-02,2026-10-02T04:51:15.064753
BTC,SHORT,CONVICTION,61.0,BEAR_REJECTION_PENDING,38.75,39.78,37.16,34.08,97,1.55,FAVORABLE,38.24,LIMIT,10,COMPRESSION,2026-10-02,2026-10-02T04:57:39.100053
JBL,SHORT,CONVICTION,61.0,BEAR_REJECTION_PENDING,306.0,320.43,270.76,266.56,6,2.44,FAVORABLE,302.5,LIMIT,10,CONVICTION,2026-10-02,2026-10-02T05:09:24.804329
MSOS,SHORT,CONVICTION,61.0,BEAR_REJECTION_PENDING,4.68,5.12,4.01,,230,1.54,FAVORABLE,4.59,LIMIT,20,COMPRESSION,2026-10-02,2026-10-02T05:11:43.492063
CSL,LONG,CONVICTION,61.0,CHANNEL_RECLAIM_LONG,325.21,312.35,352.5,361.99,7,2.12,FAVORABLE,325.21,LIMIT,20,CONVICTION,2026-10-02,2026-10-02T05:12:35.760355
CMCT,LONG,CONVICTION,61.0,CHANNEL_RECLAIM_LONG,3.87,1.76,4.06,,47,0.09,FAVORABLE,3.87,LIMIT,19,MINOR,2026-10-02,2026-10-02T05:13:13.007159
URI,LONG,CONVICTION,60.9,BULL_BOUNCE_PENDING,1013.43,998.78,1053.33,1107.43,6,2.72,FAVORABLE,1034.11,LIMIT,20,VACUUM,2026-10-02,2026-10-02T05:13:55.551747
ORCL,SHORT,CONVICTION,60.8,BEAR_REJECTION_PENDING,142.48,145.45,131.92,131.92,33,3.55,FAVORABLE,139.6853,LIMIT,20,COMPRESSION,2026-10-02,2026-10-02T04:33:33.430504
WAY,LONG,CONVICTION,60.8,BULL_BOUNCE_PENDING,24.94,24.25,27.99,27.29,145,4.44,FAVORABLE,25.45,LIMIT,20,MINOR,2026-10-02,2026-10-02T05:04:45.405499
PWP,LONG,CONVICTION,60.8,BULL_BOUNCE_PENDING,15.48,13.22,16.26,,44,0.34,FAVORABLE,15.8,LIMIT,20,COMPRESSION,2026-10-02,2026-10-02T05:13:09.567960
DIOD,LONG,CONVICTION,60.7,BULL_BOUNCE_PENDING,95.54,93.53,103.01,109.07,49,3.71,FAVORABLE,97.49,LIMIT,20,COMPRESSION,2026-10-02,2026-10-02T04:43:09.937458
PGNY,SHORT,CONVICTION,60.7,BEAR_REJECTION_PENDING,25.11,25.65,23.39,23.59,186,3.2,FAVORABLE,24.8,LIMIT,20,COMPRESSION,2026-10-02,2026-10-02T04:44:14.162269
CRSP,SHORT,CONVICTION,60.7,BEAR_REJECTION_PENDING,56.16,57.46,53.9,48.04,76,1.73,FAVORABLE,56.11,LIMIT,20,COMPRESSION,2026-10-02,2026-10-02T04:57:50.403075
GEMI,LONG,CONVICTION,60.7,BULL_BOUNCE_PENDING,5.02,4.4,5.27,,161,0.41,FAVORABLE,5.12,LIMIT,15,COMPRESSION,2026-10-02,2026-10-02T05:10:45.412952
UVIX,SHORT,CONVICTION,60.6,BEAR_REJECTION_PENDING,36.29,37.54,34.48,,80,1.46,FAVORABLE,36.0,LIMIT,20,CONVICTION,2026-10-02,2026-10-02T05:08:35.483844
HUBS,LONG,CONVICTION,60.5,BULL_BOUNCE_PENDING,216.76,212.35,234.5,239.74,22,4.03,FAVORABLE,217.45,LIMIT,20,COMPRESSION,2026-10-02,2026-10-02T04:46:00.539732
DK,LONG,CONVICTION,60.5,BULL_BOUNCE_PENDING,73.21,68.86,79.83,,22,1.52,FAVORABLE,74.7,LIMIT,9,COMPRESSION,2026-10-02,2026-10-02T04:48:07.101138
SW,LONG,CONVICTION,60.5,BULL_BOUNCE_PENDING,42.64,37.86,49.98,,20,1.54,FAVORABLE,43.51,LIMIT,20,COMPRESSION,2026-10-02,2026-10-02T04:49:10.613205
BBAI,LONG,CONVICTION,60.4,BULL_BOUNCE_PENDING,2.71,2.56,3.02,3.15,635,1.94,FAVORABLE,2.77,LIMIT,20,COMPRESSION,2026-10-02,2026-10-02T04:39:09.939293
SVM,SHORT,CONVICTION,60.4,BEAR_REJECTION_PENDING,10.84,11.4,9.8,9.16,179,1.87,FAVORABLE,10.67,LIMIT,20,COMPRESSION,2026-10-02,2026-10-02T04:47:09.208279
FLUT,LONG,CONVICTION,60.4,BULL_BOUNCE_PENDING,75.36,74.09,82.81,85.47,78,5.87,FAVORABLE,76.26,LIMIT,20,COMPRESSION,2026-10-02,2026-10-02T04:48:16.174467
IR,LONG,CONVICTION,60.4,BULL_BOUNCE_PENDING,73.75,72.15,78.25,82.78,62,2.82,FAVORABLE,75.25,LIMIT,20,COMPRESSION,2026-10-02,2026-10-02T05:11:54.562620
SMR,SHORT,CONVICTION,60.3,BEAR_REJECTION_PENDING,8.05,8.46,7.65,,241,0.97,FAVORABLE,7.89,LIMIT,20,COMPRESSION,2026-10-02,2026-10-02T04:33:38.353517
COIN,LONG,CONVICTION,60.3,BULL_BOUNCE_PENDING,193.62,189.99,222.75,207.29,27,8.03,FAVORABLE,194.42,LIMIT,12,COMPRESSION,2026-10-02,2026-10-02T04:34:05.275574
CCO,LONG,CONVICTION,60.3,BULL_BOUNCE_PENDING,2.37,2.34,2.41,,3738,1.68,FAVORABLE,2.4,LIMIT,1,COMPRESSION,2026-10-02,2026-10-02T04:39:17.459307
GPN,LONG,CONVICTION,60.3,BULL_BOUNCE_PENDING,78.68,76.35,85.05,90.64,42,2.73,FAVORABLE,80.29,LIMIT,20,COMPRESSION,2026-10-02,2026-10-02T04:49:57.757013
SGI,SHORT,CONVICTION,60.3,BEAR_REJECTION_PENDING,62.77,64.24,60.48,,68,1.56,FAVORABLE,62.75,LIMIT,20,CONVICTION,2026-10-02,2026-10-02T05:05:50.115518
HOG,SHORT,CONVICTION,60.2,BEAR_REJECTION_PENDING,25.33,26.06,21.27,23.36,136,5.53,FAVORABLE,24.83,LIMIT,20,COMPRESSION,2026-10-02,2026-10-02T04:52:36.389807
BSOL,LONG,CONVICTION,60.2,BULL_BOUNCE_PENDING,16.57,16.26,17.06,19.24,320,1.57,FAVORABLE,16.85,LIMIT,10,CONVICTION,2026-10-02,2026-10-02T04:57:37.636050
BHVN,LONG,CONVICTION,60.2,BULL_BOUNCE_PENDING,12.84,11.87,14.91,,103,2.15,FAVORABLE,13.1,LIMIT,20,COMPRESSION,2026-10-02,2026-10-02T05:02:32.535580
CLRO,LONG,CONVICTION,60.2,BULL_BOUNCE_PENDING,4.75,4.52,5.17,,420,1.75,FAVORABLE,4.85,LIMIT,20,MINOR,2026-10-02,2026-10-02T05:12:47.411915
VCYT,LONG,CONVICTION,60.1,BULL_BOUNCE_PENDING,43.86,41.12,48.77,,36,1.79,FAVORABLE,44.76,LIMIT,12,COMPRESSION,2026-10-02,2026-10-02T04:28:51.758555
MANE,LONG,CONVICTION,60.1,BULL_BOUNCE_PENDING,117.63,115.71,126.01,126.01,52,4.37,FAVORABLE,118.55,LIMIT,20,MINOR,2026-10-02,2026-10-02T04:30:11.439553
EWTX,LONG,CONVICTION,60.1,BULL_BOUNCE_PENDING,39.67,38.96,44.41,43.12,140,6.67,FAVORABLE,40.48,LIMIT,20,COMPRESSION,2026-10-02,2026-10-02T04:41:21.311210
FROG,LONG,CONVICTION,60.0,BULL_BOUNCE_PENDING,96.19,94.68,104.52,104.52,66,5.53,FAVORABLE,97.59,LIMIT,16,MINOR,2026-10-02,2026-10-02T04:29:32.630688
NUTX,LONG,CONVICTION,60.0,BULL_BOUNCE_PENDING,211.85,208.54,221.88,219.7,30,3.03,FAVORABLE,212.27,LIMIT,20,VACUUM,2026-10-02,2026-10-02T04:31:20.524523
AEHR,LONG,CONVICTION,60.0,BULL_BOUNCE_PENDING,103.28,100.97,113.68,111.0,43,4.48,FAVORABLE,104.0,LIMIT,4,MINOR,2026-10-02,2026-10-02T04:31:36.656026
TSHA,LONG,CONVICTION,60.0,BULL_BOUNCE_PENDING,4.69,4.08,4.93,,162,0.38,FAVORABLE,4.79,LIMIT,20,COMPRESSION,2026-10-02,2026-10-02T04:33:20.318017
BMY,LONG,CONVICTION,60.0,BULL_BOUNCE_PENDING,59.86,58.21,62.77,65.66,60,1.76,FAVORABLE,61.08,LIMIT,20,COMPRESSION,2026-10-02,2026-10-02T04:36:06.741692
BTDR,LONG,CONVICTION,60.0,BULL_BOUNCE_PENDING,10.73,10.49,11.37,11.37,404,2.57,FAVORABLE,10.87,LIMIT,20,COMPRESSION,2026-10-02,2026-10-02T04:36:52.665934
AGEN,LONG,CONVICTION,60.0,BULL_BOUNCE,8.47,7.83,9.47,,157,1.58,FAVORABLE,8.4692,LIMIT,16,MINOR,2026-10-02,2026-10-02T04:38:14.020294
SNOW,LONG,CONVICTION,60.0,BULL_BOUNCE_PENDING,340.85,336.66,353.63,356.59,23,3.05,FAVORABLE,342.2,LIMIT,20,CONVICTION,2026-10-02,2026-10-02T04:38:59.771427
META,LONG,CONVICTION,60.0,BULL_BOUNCE_PENDING,730.67,721.91,750.04,768.85,11,2.21,FAVORABLE,731.0,LIMIT,20,CONVICTION,2026-10-02,2026-10-02T04:39:42.648345
SLGB,LONG,CONVICTION,60.0,BULL_BOUNCE_CONFIRMED,0.29,0.27,0.3,,8209,1.18,FAVORABLE,0.2869,LIMIT,19,MINOR,2026-10-02,2026-10-02T04:40:35.675604
NAVN,LONG,CONVICTION,60.0,BULL_BOUNCE_PENDING,21.2,20.89,21.7,22.68,322,1.63,FAVORABLE,21.5,LIMIT,20,MINOR,2026-10-02,2026-10-02T04:41:32.956229
GDC,LONG,CONVICTION,60.0,BULL_BOUNCE_CONFIRMED,1.35,1.25,1.54,,1018,1.94,FAVORABLE,1.35,LIMIT,20,COMPRESSION,2026-10-02,2026-10-02T04:42:15.622885
XMTR,LONG,CONVICTION,60.0,BULL_BOUNCE_PENDING,104.62,103.01,107.31,,62,1.68,FAVORABLE,105.2,LIMIT,5,MINOR,2026-10-02,2026-10-02T04:44:53.903863
ABCL,LONG,CONVICTION,60.0,BULL_BOUNCE,14.01,13.2,15.0,,123,1.22,FAVORABLE,14.01,LIMIT,20,COMPRESSION,2026-10-02,2026-10-02T04:44:55.267531
FANG,LONG,CONVICTION,60.0,BULL_BOUNCE_PENDING,181.08,179.27,189.88,189.88,55,4.86,FAVORABLE,183.8,LIMIT,20,CONVICTION,2026-10-02,2026-10-02T04:45:44.772180
DPZ,SHORT,CONVICTION,60.0,BEAR_REJECTION_PENDING,298.81,301.44,285.0,291.99,38,5.25,FAVORABLE,295.0,LIMIT,20,CONVICTION,2026-10-02,2026-10-02T04:48:11.061876
MELI,LONG,CONVICTION,60.0,BULL_BOUNCE_PENDING,1690.49,1674.77,1726.28,1945.0,6,2.28,FAVORABLE,1694.52,LIMIT,20,CONVICTION,2026-10-02,2026-10-02T04:48:32.252492
ARM,LONG,CONVICTION,60.0,BULL_BOUNCE_PENDING,297.23,291.09,319.23,313.94,16,3.59,FAVORABLE,297.58,LIMIT,20,CONVICTION,2026-10-02,2026-10-02T04:52:06.904998
FICO,LONG,CONVICTION,60.0,BULL_BOUNCE_PENDING,621.48,606.01,668.08,691.72,6,3.01,FAVORABLE,622.0,LIMIT,9,CONVICTION,2026-10-02,2026-10-02T04:52:33.324798
YPF,LONG,CONVICTION,60.0,BULL_BOUNCE_PENDING,48.51,47.42,54.52,53.0,91,5.49,FAVORABLE,49.5,LIMIT,20,COMPRESSION,2026-10-02,2026-10-02T04:55:49.750884
DLTR,SHORT,CONVICTION,60.0,BEAR_REJECTION_PENDING,116.0,117.79,111.01,107.34,55,2.79,FAVORABLE,114.32,LIMIT,20,COMPRESSION,2026-10-02,2026-10-02T05:00:53.249448
ESAB,SHORT,CONVICTION,60.0,BEAR_REJECTION_PENDING,67.8,69.36,65.31,,64,1.6,FAVORABLE,67.11,LIMIT,20,COMPRESSION,2026-10-02,2026-10-02T05:01:15.910441
IMMX,LONG,CONVICTION,60.0,BULL_BOUNCE_PENDING,10.03,9.39,11.45,,157,2.25,FAVORABLE,10.23,LIMIT,12,COMPRESSION,2026-10-02,2026-10-02T05:01:37.475261
FFIV,LONG,CONVICTION,60.0,BULL_BOUNCE_PENDING,441.44,437.23,452.13,454.05,23,2.54,FAVORABLE,444.5,LIMIT,20,CONVICTION,2026-10-02,2026-10-02T05:02:38.726587
VRT,LONG,CONVICTION,60.0,BULL_BOUNCE_PENDING,248.67,245.35,259.1,257.86,30,3.14,FAVORABLE,249.62,LIMIT,19,COMPRESSION,2026-10-02,2026-10-02T05:07:10.038480
ADI,LONG,CONVICTION,60.0,BULL_BOUNCE_PENDING,408.72,405.42,426.86,441.01,30,5.49,FAVORABLE,411.0,LIMIT,4,CONVICTION,2026-10-02,2026-10-02T05:09:14.683333
KBR,SHORT,CONVICTION,60.0,BEAR_REJECTION_PENDING,35.54,36.82,30.11,,77,4.23,FAVORABLE,35.05,LIMIT,20,COMPRESSION,2026-10-02,2026-10-02T05:09:55.897429
MEDS,LONG,CONVICTION,60.0,BULL_BOUNCE_PENDING,3.94,3.38,4.14,,176,0.35,FAVORABLE,3.99,LIMIT,9,MINOR,2026-10-02,2026-10-02T05:10:05.456606
