ticker,side,tier,fem,mode,entry,stop,t1,t2,shares,rr,spy_regime,current_price,entry_type,n_gaps_above,gap_above_conviction,scan_date,asof
VST,SHORT,CONVICTION,95.0,BEAR_REJECTION_PENDING,144.0,149.12,134.39,,19,1.88,CHOP,141.54,LIMIT,20,CONVICTION,2026-09-30,2026-09-30T04:36:39.317006
ATAI,LONG,CONVICTION,95.0,BULL_BOUNCE_PENDING,7.33,6.96,7.7,,272,1.0,CHOP,7.33,MARKET,3,MINOR,2026-09-30,2026-09-30T04:38:54.530098
ABNB,SHORT,CONVICTION,95.0,BEAR_REJECTION_PENDING,159.52,162.62,134.42,152.18,32,8.1,CHOP,157.71,LIMIT,20,CONVICTION,2026-09-30,2026-09-30T04:41:58.133709
HONA,SHORT,CONVICTION,95.0,BEAR_REJECTION_PENDING,156.47,204.66,148.65,,2,0.16,CHOP,155.5,LIMIT,20,CONVICTION,2026-09-30,2026-09-30T04:42:53.629358
WGS,LONG,CONVICTION,95.0,BULL_BOUNCE_PENDING,75.69,71.91,85.59,84.38,26,2.62,CHOP,75.69,MARKET,20,COMPRESSION,2026-09-30,2026-09-30T04:43:48.954586
SPSC,SHORT,CONVICTION,95.0,BEAR_REJECTION_PENDING,82.24,104.41,78.13,,4,0.19,CHOP,82.15,LIMIT,20,CONVICTION,2026-09-30,2026-09-30T04:48:00.120369
AGX,SHORT,CONVICTION,95.0,BEAR_REJECTION_PENDING,389.38,415.81,335.53,,3,2.04,CHOP,381.75,LIMIT,20,CONVICTION,2026-09-30,2026-09-30T04:49:26.158213
PODD,SHORT,CONVICTION,95.0,BEAR_REJECTION_PENDING,133.26,167.17,126.6,,2,0.2,CHOP,132.84,LIMIT,20,CONVICTION,2026-09-30,2026-09-30T04:51:23.751095
WIX,SHORT,CONVICTION,94.8,BEAR_REJECTION_PENDING,71.43,74.16,64.75,61.67,36,2.45,CHOP,70.9,LIMIT,20,CONVICTION,2026-09-30,2026-09-30T04:45:33.595829
TSLT,SHORT,CONVICTION,94.8,BEAR_REJECTION_PENDING,12.67,15.43,12.04,,36,0.23,CHOP,12.56,LIMIT,20,COMPRESSION,2026-09-30,2026-09-30T04:57:20.625750
RING,SHORT,CONVICTION,94.7,BEAR_REJECTION_PENDING,77.76,81.76,70.48,66.9,25,1.82,CHOP,77.71,LIMIT,20,CONVICTION,2026-09-30,2026-09-30T04:53:37.530200
NFLX,SHORT,CONVICTION,94.5,BEAR_REJECTION_PENDING,71.79,75.69,68.2,,25,0.92,CHOP,70.7143,LIMIT,20,CONVICTION,2026-09-30,2026-09-30T04:36:15.417184
ORCL,SHORT,CONVICTION,94.0,BEAR_REJECTION_PENDING,139.54,145.28,129.87,122.87,17,1.68,CHOP,138.74,LIMIT,20,CONVICTION,2026-09-30,2026-09-30T04:35:36.206155
APPF,SHORT,CONVICTION,94.0,BEAR_REJECTION_PENDING,195.82,198.9,184.12,184.12,32,3.8,CHOP,195.8,LIMIT,20,COMPRESSION,2026-09-30,2026-09-30T04:45:44.936845
EFX,SHORT,CONVICTION,93.9,BEAR_REJECTION_PENDING,141.22,146.51,134.16,,18,1.34,CHOP,140.83,LIMIT,20,CONVICTION,2026-09-30,2026-09-30T04:52:00.995241
SDEV,LONG,CONVICTION,93.6,BULL_BOUNCE_PENDING,2.92,2.77,3.28,3.28,684,2.46,CHOP,2.9205,MARKET,4,MINOR,2026-09-30,2026-09-30T04:32:43.273858
MNDY,SHORT,CONVICTION,93.3,BEAR_REJECTION_PENDING,76.83,79.45,69.78,65.64,38,2.69,CHOP,75.71,LIMIT,20,CONVICTION,2026-09-30,2026-09-30T04:44:47.413935
AMLX,LONG,CONVICTION,92.4,BULL_BOUNCE_PENDING,29.27,27.81,31.78,32.88,68,1.72,CHOP,29.27,MARKET,20,COMPRESSION,2026-09-30,2026-09-30T04:51:06.461002
RBLX,SHORT,CONVICTION,91.0,BEAR_REJECTION_PENDING,43.15,46.67,36.85,,28,1.79,CHOP,42.3,LIMIT,20,CONVICTION,2026-09-30,2026-09-30T04:48:58.743975
GDDY,SHORT,CONVICTION,90.6,BEAR_REJECTION_PENDING,96.0,97.63,84.1,92.22,61,7.32,CHOP,94.3,LIMIT,20,CONVICTION,2026-09-30,2026-09-30T04:47:20.189077
OSK,SHORT,CONVICTION,90.5,BEAR_REJECTION_PENDING,131.73,133.41,127.3,114.17,59,2.63,CHOP,131.68,LIMIT,20,CONVICTION,2026-09-30,2026-09-30T04:53:30.726047
LOPE,SHORT,CONVICTION,90.3,BEAR_REJECTION_PENDING,150.54,160.11,133.94,,10,1.74,CHOP,147.59,LIMIT,20,COMPRESSION,2026-09-30,2026-09-30T04:55:16.140479
HLNE,SHORT,CONVICTION,89.9,BEAR_REJECTION_PENDING,86.57,88.04,81.53,81.99,68,3.43,CHOP,85.87,LIMIT,20,COMPRESSION,2026-09-30,2026-09-30T04:46:07.880151
ARES,SHORT,CONVICTION,89.7,BEAR_REJECTION_PENDING,120.69,122.62,116.48,112.35,51,2.18,CHOP,118.98,LIMIT,20,CONVICTION,2026-09-30,2026-09-30T04:45:46.086846
SAM,SHORT,CONVICTION,89.5,BEAR_REJECTION_PENDING,162.69,164.59,154.56,,52,4.28,CHOP,162.49,LIMIT,20,CONVICTION,2026-09-30,2026-09-30T05:00:25.033869
RRX,SHORT,CONVICTION,88.8,BEAR_REJECTION_PENDING,156.05,163.1,141.85,,14,2.01,CHOP,155.89,LIMIT,20,CONVICTION,2026-09-30,2026-09-30T04:56:44.655094
INSM,SHORT,CONVICTION,88.6,BEAR_REJECTION_PENDING,116.83,118.42,98.75,99.02,62,11.34,CHOP,116.06,LIMIT,20,CONVICTION,2026-09-30,2026-09-30T04:57:54.512661
CMPS,LONG,CONVICTION,88.4,BULL_BOUNCE_PENDING,12.89,10.32,13.53,,38,0.25,CHOP,13.15,LIMIT,20,COMPRESSION,2026-09-30,2026-09-30T04:47:08.654060
GWRE,SHORT,CONVICTION,88.3,BEAR_REJECTION_PENDING,142.65,146.29,124.29,126.02,27,5.05,CHOP,142.51,LIMIT,20,CONVICTION,2026-09-30,2026-09-30T04:42:48.599813
SNPS,SHORT,CONVICTION,88.3,BEAR_REJECTION_PENDING,421.31,427.89,406.64,387.33,15,2.23,CHOP,418.88,LIMIT,20,CONVICTION,2026-09-30,2026-09-30T04:55:26.891286
GDXD,SHORT,CONVICTION,88.2,BEAR_REJECTION_PENDING,21.21,24.49,20.15,,30,0.32,CHOP,20.98,LIMIT,20,CONVICTION,2026-09-30,2026-09-30T04:56:57.964918
JNJ,SHORT,CONVICTION,88.0,BEAR_REJECTION_PENDING,269.11,271.52,248.27,255.25,41,8.64,CHOP,268.5,LIMIT,20,CONVICTION,2026-09-30,2026-09-30T04:35:58.734053
WBD,LONG,CONVICTION,88.0,BULL_BOUNCE_PENDING,30.91,30.45,32.46,,218,3.38,CHOP,30.83,STOP,7,MINOR,2026-09-30,2026-09-30T04:37:09.859755
IONQ,LONG,CONVICTION,87.5,BULL_BOUNCE_PENDING,45.95,43.25,50.15,,37,1.56,CHOP,44.14,STOP,20,COMPRESSION,2026-09-30,2026-09-30T04:39:17.015959
TRGP,SHORT,CONVICTION,87.5,BEAR_REJECTION_PENDING,274.62,278.82,241.35,245.09,23,7.93,CHOP,273.49,LIMIT,20,CONVICTION,2026-09-30,2026-09-30T04:56:00.035865
CLF,LONG,CONVICTION,87.4,BULL_BOUNCE_PENDING,10.85,9.4,11.39,,69,0.37,CHOP,11.0716,LIMIT,20,COMPRESSION,2026-09-30,2026-09-30T04:35:57.633517
XOP,LONG,CONVICTION,87.4,BULL_BOUNCE_PENDING,175.13,165.57,191.05,197.01,10,1.67,CHOP,178.7,LIMIT,20,CONVICTION,2026-09-30,2026-09-30T04:45:36.834834
ETN,SHORT,CONVICTION,87.4,BEAR_REJECTION_PENDING,437.71,442.18,409.46,425.26,22,6.32,CHOP,435.1442,LIMIT,20,CONVICTION,2026-09-30,2026-09-30T05:01:58.084981
TRI,LONG,CONVICTION,87.2,BULL_BOUNCE_PENDING,94.32,89.68,105.68,105.0,21,2.45,CHOP,96.24,LIMIT,20,COMPRESSION,2026-09-30,2026-09-30T04:52:56.111478
WDAY,LONG,CONVICTION,86.3,BULL_BOUNCE_PENDING,183.69,174.61,207.11,215.54,11,2.58,CHOP,187.44,LIMIT,20,COMPRESSION,2026-09-30,2026-09-30T04:40:55.769076
BAH,LONG,CONVICTION,86.3,BULL_BOUNCE_PENDING,68.21,63.68,77.0,78.81,22,1.94,CHOP,69.6,LIMIT,20,COMPRESSION,2026-09-30,2026-09-30T04:51:42.537210
INSP,LONG,CONVICTION,86.3,BULL_BOUNCE_PENDING,73.31,69.6,76.98,,26,0.99,CHOP,73.18,STOP,20,COMPRESSION,2026-09-30,2026-09-30T05:00:07.904752
REGN,SHORT,CONVICTION,86.1,BEAR_REJECTION_PENDING,750.51,756.27,701.89,676.93,17,8.44,CHOP,750.25,LIMIT,20,CONVICTION,2026-09-30,2026-09-30T04:58:08.676673
JNUG,SHORT,CONVICTION,86.0,BEAR_REJECTION_PENDING,154.31,168.84,146.59,,6,0.53,CHOP,154.0,LIMIT,20,VACUUM,2026-09-30,2026-09-30T04:52:30.170775
TGT,LONG,CONVICTION,86.0,BULL_BOUNCE_PENDING,158.63,154.92,167.0,167.0,26,2.26,CHOP,156.7,STOP,20,COMPRESSION,2026-09-30,2026-09-30T04:52:52.018755
DG,LONG,CONVICTION,86.0,BULL_BOUNCE_PENDING,124.16,120.57,135.95,134.16,27,3.29,CHOP,122.5,STOP,20,COMPRESSION,2026-09-30,2026-09-30T04:57:31.097628
METU,LONG,CONVICTION,85.8,BULL_BOUNCE_PENDING,31.0,26.25,32.55,,21,0.33,CHOP,31.6332,LIMIT,20,COMPRESSION,2026-09-30,2026-09-30T04:48:44.155953
MSFU,LONG,CONVICTION,85.7,BULL_BOUNCE_PENDING,39.45,37.7,42.19,43.82,57,1.57,CHOP,38.69,STOP,20,VACUUM,2026-09-30,2026-09-30T04:55:50.809319
CCL,LONG,CONVICTION,85.6,BULL_BOUNCE_PENDING,25.32,24.4,28.3,27.98,108,3.23,CHOP,25.245,STOP,20,COMPRESSION,2026-09-30,2026-09-30T04:38:53.771097
EGO,LONG,CONVICTION,85.6,BULL_BOUNCE_PENDING,38.46,35.75,42.96,44.96,36,1.66,CHOP,39.25,LIMIT,20,CONVICTION,2026-09-30,2026-09-30T04:53:13.018954
FSLR,LONG,CONVICTION,85.3,BULL_BOUNCE_PENDING,173.25,161.69,200.39,199.88,8,2.35,CHOP,176.7901,LIMIT,20,CONVICTION,2026-09-30,2026-09-30T04:59:49.236216
C,LONG,CONVICTION,85.2,BULL_BOUNCE_PENDING,128.39,116.54,134.81,,8,0.54,CHOP,131.01,LIMIT,20,COMPRESSION,2026-09-30,2026-09-30T04:36:31.822501
AVTR,LONG,CONVICTION,85.0,BULL_BOUNCE_PENDING,14.94,12.36,15.68,,38,0.29,CHOP,15.24,LIMIT,19,COMPRESSION,2026-09-30,2026-09-30T04:35:58.247052
JLHL,SHORT,CONVICTION,85.0,BEAR_REJECTION_PENDING,4.03,5.76,3.83,,57,0.12,CHOP,4.0,LIMIT,6,CONVICTION,2026-09-30,2026-09-30T04:40:14.556411
FLR,SHORT,CONVICTION,85.0,BEAR_REJECTION_PENDING,50.93,58.79,48.38,,12,0.32,CHOP,49.99,LIMIT,20,CONVICTION,2026-09-30,2026-09-30T04:42:38.447799
ROAD,LONG,CONVICTION,85.0,BULL_BOUNCE_PENDING,94.46,90.83,103.67,105.0,27,2.54,CHOP,91.9,STOP,20,CONVICTION,2026-09-30,2026-09-30T04:43:27.819016
TSLL,SHORT,CONVICTION,85.0,BEAR_REJECTION_PENDING,9.02,11.01,8.57,,50,0.23,CHOP,8.98,LIMIT,20,COMPRESSION,2026-09-30,2026-09-30T04:43:39.781031
ETHU,SHORT,CONVICTION,85.0,BEAR_REJECTION_PENDING,30.51,42.58,28.98,,8,0.13,CHOP,29.911,LIMIT,20,CONVICTION,2026-09-30,2026-09-30T04:52:11.808088
VRSN,SHORT,CONVICTION,85.0,BEAR_REJECTION_PENDING,284.02,288.69,263.82,255.83,21,4.33,CHOP,280.15,LIMIT,20,CONVICTION,2026-09-30,2026-09-30T04:54:57.147936
ATI,SHORT,CONVICTION,85.0,BEAR_REJECTION_PENDING,192.73,199.76,165.0,165.0,14,3.94,CHOP,188.95,LIMIT,20,CONVICTION,2026-09-30,2026-09-30T04:59:06.727031
TPG,SHORT,CONVICTION,84.9,BEAR_REJECTION_PENDING,43.56,45.18,39.35,38.29,61,2.59,CHOP,43.5,LIMIT,20,COMPRESSION,2026-09-30,2026-09-30T04:49:11.622193
HUBS,LONG,CONVICTION,84.8,BULL_BOUNCE_PENDING,193.06,180.82,221.26,225.05,8,2.3,CHOP,197.0,LIMIT,20,CONVICTION,2026-09-30,2026-09-30T04:44:38.024922
AXSM,SHORT,CONVICTION,84.8,BEAR_REJECTION_PENDING,189.92,194.86,179.77,172.0,20,2.06,CHOP,186.2,LIMIT,20,COMPRESSION,2026-09-30,2026-09-30T04:57:39.943641
COIN,LONG,CONVICTION,84.6,BULL_BOUNCE_PENDING,185.3,172.58,207.29,,7,1.73,CHOP,189.083,LIMIT,20,MINOR,2026-09-30,2026-09-30T04:36:12.230972
SRAD,SHORT,CONVICTION,84.6,BEAR_REJECTION_PENDING,11.8,14.61,11.21,,35,0.21,CHOP,11.5659,LIMIT,20,CONVICTION,2026-09-30,2026-09-30T05:02:46.768977
BBY,SHORT,CONVICTION,84.4,BEAR_REJECTION_PENDING,89.06,90.96,82.86,81.59,52,3.26,CHOP,88.75,LIMIT,20,CONVICTION,2026-09-30,2026-09-30T04:56:20.394058
TECK,SHORT,CONVICTION,84.3,BEAR_REJECTION_PENDING,65.9,70.69,57.31,,20,1.79,CHOP,65.61,LIMIT,20,CONVICTION,2026-09-30,2026-09-30T04:37:54.488604
EXPE,SHORT,CONVICTION,84.3,BEAR_REJECTION_PENDING,271.32,278.29,229.9,248.45,14,5.94,CHOP,266.0,LIMIT,20,COMPRESSION,2026-09-30,2026-09-30T04:45:58.835652
NOW,LONG,CONVICTION,84.2,BULL_BOUNCE_PENDING,126.56,116.76,147.81,,10,2.17,CHOP,129.14,LIMIT,20,CONVICTION,2026-09-30,2026-09-30T04:36:14.359113
DRI,SHORT,CONVICTION,84.2,BEAR_REJECTION_PENDING,199.01,208.28,183.13,177.72,10,1.71,CHOP,195.11,LIMIT,20,CONVICTION,2026-09-30,2026-09-30T04:47:12.687067
PCTY,LONG,CONVICTION,84.2,BULL_BOUNCE_PENDING,139.66,129.51,162.35,,9,2.24,CHOP,142.51,LIMIT,15,CONVICTION,2026-09-30,2026-09-30T04:47:47.018565
GLL,SHORT,CONVICTION,84.2,BEAR_REJECTION_PENDING,24.61,26.25,21.81,,60,1.71,CHOP,24.4903,LIMIT,20,CONVICTION,2026-09-30,2026-09-30T04:57:02.082934
STLD,LONG,CONVICTION,84.2,BULL_BOUNCE_PENDING,220.09,208.3,253.41,256.22,8,2.83,CHOP,224.5791,LIMIT,20,CONVICTION,2026-09-30,2026-09-30T04:58:13.685684
DGX,SHORT,CONVICTION,84.2,BEAR_REJECTION_PENDING,234.27,237.5,227.9,207.13,30,1.97,CHOP,231.97,LIMIT,20,CONVICTION,2026-09-30,2026-09-30T05:01:10.020795
DNTH,SHORT,CONVICTION,84.1,BEAR_REJECTION_PENDING,88.02,89.75,85.16,77.86,57,1.66,CHOP,87.95,LIMIT,20,COMPRESSION,2026-09-30,2026-09-30T04:44:23.781902
USDE,LONG,CONVICTION,84.0,BULL_BOUNCE_PENDING,16.42,14.46,17.24,,50,0.42,CHOP,14.8947,STOP,16,MINOR,2026-09-30,2026-09-30T04:33:18.929587
AGCO,SHORT,CONVICTION,84.0,BEAR_REJECTION_PENDING,117.01,118.61,107.64,112.56,62,5.86,CHOP,116.01,LIMIT,20,CONVICTION,2026-09-30,2026-09-30T04:49:25.686212
CYTK,SHORT,CONVICTION,83.8,BEAR_REJECTION_PENDING,66.51,68.55,57.83,58.1,49,4.26,CHOP,65.9,LIMIT,20,COMPRESSION,2026-09-30,2026-09-30T04:59:41.147205
CRM,SHORT,CONVICTION,83.5,BEAR_REJECTION_PENDING,227.27,235.19,194.09,204.92,12,4.19,CHOP,225.9603,LIMIT,20,CONVICTION,2026-09-30,2026-09-30T04:40:40.570982
TVTX,SHORT,CONVICTION,83.5,BEAR_REJECTION_PENDING,60.37,63.17,52.44,52.44,35,2.83,CHOP,59.99,LIMIT,20,CONVICTION,2026-09-30,2026-09-30T04:59:54.104222
KLIC,LONG,CONVICTION,83.5,BULL_BOUNCE_CONFIRMED,95.0,91.22,104.99,107.0,26,2.64,CHOP,95.0,LIMIT,20,VACUUM,2026-09-30,2026-09-30T05:02:40.653968
CELH,LONG,CONVICTION,83.3,BULL_BOUNCE_PENDING,27.31,22.63,28.68,,21,0.29,CHOP,27.87,LIMIT,20,COMPRESSION,2026-09-30,2026-09-30T04:42:18.754243
CBOE,LONG,CONVICTION,83.2,BULL_BOUNCE_PENDING,282.28,271.93,298.44,,9,1.56,CHOP,263.0,STOP,20,CONVICTION,2026-09-30,2026-09-30T04:47:02.201761
FUTU,SHORT,CONVICTION,83.1,BEAR_REJECTION_PENDING,112.85,114.89,101.87,97.29,48,5.38,CHOP,112.61,LIMIT,20,CONVICTION,2026-09-30,2026-09-30T04:54:06.828785
KVUE,LONG,CONVICTION,83.0,BULL_BOUNCE_PENDING,17.57,15.02,18.45,,39,0.35,CHOP,17.926,LIMIT,20,COMPRESSION,2026-09-30,2026-09-30T04:36:21.195906
BNC,LONG,CONVICTION,83.0,BULL_BOUNCE_PENDING,5.67,3.47,5.96,,45,0.13,CHOP,5.79,LIMIT,20,COMPRESSION,2026-09-30,2026-09-30T04:59:31.275194
ACI,SHORT,CONVICTION,83.0,BEAR_REJECTION_PENDING,11.85,14.67,11.26,,35,0.21,CHOP,11.62,LIMIT,20,COMPRESSION,2026-09-30,2026-09-30T05:00:34.767010
GTLB,LONG,CONVICTION,82.7,BULL_BOUNCE_PENDING,45.55,41.1,47.83,,22,0.51,CHOP,46.4832,LIMIT,20,COMPRESSION,2026-09-30,2026-09-30T04:42:47.124814
DFTX,LONG,CONVICTION,82.6,BULL_BOUNCE_PENDING,37.06,24.68,38.91,,8,0.15,CHOP,37.8138,LIMIT,20,MINOR,2026-09-30,2026-09-30T04:50:46.989063
REPL,LONG,CONVICTION,82.5,BULL_BOUNCE_PENDING,13.43,12.62,14.9,,123,1.82,CHOP,13.0,STOP,20,COMPRESSION,2026-09-30,2026-09-30T04:45:12.220799
VERA,LONG,CONVICTION,82.5,BULL_BOUNCE_PENDING,31.73,29.84,35.35,36.04,52,1.92,CHOP,32.375,LIMIT,18,MINOR,2026-09-30,2026-09-30T04:54:56.935936
TTD,SHORT,CONVICTION,82.4,BEAR_REJECTION_PENDING,12.38,17.76,11.76,,18,0.12,CHOP,12.14,LIMIT,20,COMPRESSION,2026-09-30,2026-09-30T04:38:38.488676
GPN,SHORT,CONVICTION,82.4,BEAR_REJECTION_PENDING,84.43,87.18,78.03,75.62,36,2.32,CHOP,83.33,LIMIT,20,COMPRESSION,2026-09-30,2026-09-30T04:47:20.372079
TSLA,LONG,CONVICTION,82.2,BULL_BOUNCE_PENDING,347.41,334.58,368.06,381.78,7,1.61,CHOP,354.5,LIMIT,20,CONVICTION,2026-09-30,2026-09-30T04:36:56.300829
WPM,SHORT,CONVICTION,82.2,BEAR_REJECTION_PENDING,136.21,138.08,133.26,121.5,53,1.58,CHOP,135.95,LIMIT,20,CONVICTION,2026-09-30,2026-09-30T04:52:58.384683
BIAF,LONG,CONVICTION,82.0,BULL_BOUNCE_PENDING,6.63,4.81,6.96,,54,0.18,CHOP,6.761,LIMIT,20,COMPRESSION,2026-09-30,2026-09-30T04:41:52.834893
FCX,LONG,CONVICTION,81.3,BULL_BOUNCE_PENDING,69.87,63.32,80.15,,15,1.57,CHOP,71.3,LIMIT,20,COMPRESSION,2026-09-30,2026-09-30T04:36:46.341406
BOIL,SHORT,CONVICTION,81.0,BEAR_REJECTION_PENDING,20.13,21.36,19.13,,81,0.82,CHOP,19.74,LIMIT,20,CONVICTION,2026-09-30,2026-09-30T04:51:09.925075
ODD,LONG,CONVICTION,80.7,BULL_BOUNCE_PENDING,18.2,16.75,19.11,,69,0.63,CHOP,17.9,STOP,20,COMPRESSION,2026-09-30,2026-09-30T04:33:03.108882
LYB,LONG,CONVICTION,80.6,BULL_BOUNCE_PENDING,57.02,56.07,61.62,59.37,105,4.86,CHOP,58.18,LIMIT,20,COMPRESSION,2026-09-30,2026-09-30T04:44:45.914937
MSTR,LONG,CONVICTION,80.5,BULL_BOUNCE_PENDING,150.73,131.59,158.27,,5,0.39,CHOP,153.81,LIMIT,20,COMPRESSION,2026-09-30,2026-09-30T04:33:18.710586
DVA,LONG,CONVICTION,80.4,BULL_BOUNCE_PENDING,171.85,156.25,180.45,,6,0.55,CHOP,175.36,LIMIT,20,CONVICTION,2026-09-30,2026-09-30T04:55:42.180307
COGT,LONG,CONVICTION,80.3,BULL_BOUNCE_PENDING,31.25,14.74,32.81,,6,0.09,CHOP,31.89,LIMIT,20,COMPRESSION,2026-09-30,2026-09-30T04:59:40.415203
RRR,SHORT,CONVICTION,80.1,BEAR_REJECTION_PENDING,49.83,52.92,43.59,,32,2.01,CHOP,48.85,LIMIT,20,COMPRESSION,2026-09-30,2026-09-30T04:46:25.140180
EVGN,LONG,CONVICTION,80.0,BULL_BOUNCE_PENDING,0.42,0.39,0.47,,3516,1.84,CHOP,0.426,LIMIT,6,MINOR,2026-09-30,2026-09-30T04:32:36.672319
BWXT,LONG,CONVICTION,80.0,BULL_BOUNCE_PENDING,135.24,129.07,147.52,154.5,16,1.99,CHOP,138.0,LIMIT,20,COMPRESSION,2026-09-30,2026-09-30T04:57:26.611758
FORM,LONG,CONVICTION,79.8,BULL_BOUNCE_CONFIRMED,139.0,132.34,158.34,,15,2.9,CHOP,139.0,LIMIT,5,VACUUM,2026-09-30,2026-09-30T04:33:39.403145
GRML,SHORT,CONVICTION,79.8,BEAR_REJECTION_PENDING,10.5,11.91,9.97,,70,0.37,CHOP,10.49,LIMIT,20,VACUUM,2026-09-30,2026-09-30T04:34:15.513856
MDT,LONG,CONVICTION,79.5,BULL_BOUNCE_PENDING,89.31,87.25,96.86,96.41,48,3.67,CHOP,87.0,STOP,20,COMPRESSION,2026-09-30,2026-09-30T04:36:35.060167
ELV,LONG,CONVICTION,79.4,BULL_BOUNCE_PENDING,384.88,360.93,444.35,,4,2.48,CHOP,392.73,LIMIT,20,COMPRESSION,2026-09-30,2026-09-30T04:47:15.764071
AMZU,LONG,CONVICTION,79.4,BULL_BOUNCE_PENDING,32.82,30.27,38.03,,39,2.04,CHOP,33.49,LIMIT,20,COMPRESSION,2026-09-30,2026-09-30T04:56:49.718399
NTRA,LONG,CONVICTION,79.3,BULL_BOUNCE_PENDING,412.73,408.59,433.37,,24,4.99,CHOP,417.83,LIMIT,1,MINOR,2026-09-30,2026-09-30T05:00:57.953572
GLWG,LONG,CONVICTION,79.2,BULL_BOUNCE_CONFIRMED,14.34,12.34,15.06,,49,0.36,CHOP,14.34,LIMIT,20,CONVICTION,2026-09-30,2026-09-30T04:49:49.921246
ROBN,SHORT,CONVICTION,79.1,BEAR_REJECTION_PENDING,36.38,38.52,31.95,30.8,46,2.07,CHOP,35.67,LIMIT,20,CONVICTION,2026-09-30,2026-09-30T04:54:17.476210
STRL,LONG,CONVICTION,79.0,BULL_BOUNCE_CONFIRMED,510.92,494.66,575.38,555.32,6,3.97,CHOP,510.9166,LIMIT,20,CONVICTION,2026-09-30,2026-09-30T04:50:21.841028
EL,LONG,CONVICTION,79.0,BULL_BOUNCE_PENDING,92.58,83.86,106.75,,11,1.62,CHOP,94.47,LIMIT,20,CONVICTION,2026-09-30,2026-09-30T04:52:02.239238
ADI,SHORT,CONVICTION,79.0,BEAR_REJECTION_PENDING,405.43,420.02,377.05,345.81,6,1.95,CHOP,399.84,LIMIT,11,CONVICTION,2026-09-30,2026-09-30T05:00:35.962011
TDW,SHORT,CONVICTION,78.8,BEAR_REJECTION_PENDING,82.14,83.69,70.04,71.0,64,7.82,CHOP,81.75,LIMIT,20,COMPRESSION,2026-09-30,2026-09-30T04:45:25.098816
ALB,LONG,CONVICTION,78.8,BULL_BOUNCE_PENDING,105.64,103.31,110.0,121.0,42,1.86,CHOP,107.8,LIMIT,20,CONVICTION,2026-09-30,2026-09-30T04:49:27.073213
ALGT,SHORT,CONVICTION,78.8,BEAR_REJECTION_PENDING,77.14,79.49,68.54,70.2,42,3.67,CHOP,77.0,LIMIT,20,CONVICTION,2026-09-30,2026-09-30T04:53:50.838097
PSX,SHORT,CONVICTION,78.7,BEAR_REJECTION_PENDING,252.25,255.01,246.58,232.66,36,2.05,CHOP,252.197,LIMIT,20,CONVICTION,2026-09-30,2026-09-30T04:46:21.896173
NTNX,LONG,CONVICTION,78.6,BULL_BOUNCE_PENDING,68.69,65.59,72.12,,32,1.11,CHOP,70.09,LIMIT,3,VACUUM,2026-09-30,2026-09-30T04:48:49.069961
QMCO,SHORT,CONVICTION,78.5,BEAR_REJECTION_PENDING,33.07,45.34,31.42,,8,0.13,CHOP,32.8294,LIMIT,20,CONVICTION,2026-09-30,2026-09-30T04:41:07.522301
AFRM,SHORT,CONVICTION,78.4,BEAR_REJECTION_PENDING,70.12,71.88,60.28,65.47,56,5.6,CHOP,69.7,LIMIT,20,CONVICTION,2026-09-30,2026-09-30T04:48:12.685373
BBIO,LONG,CONVICTION,78.4,BULL_BOUNCE_PENDING,64.91,55.27,68.15,,10,0.34,CHOP,66.23,LIMIT,20,CONVICTION,2026-09-30,2026-09-30T04:51:07.933075
UCTT,SHORT,CONVICTION,78.3,BEAR_REJECTION_PENDING,82.07,86.96,72.83,68.59,20,1.89,CHOP,80.46,LIMIT,14,CONVICTION,2026-09-30,2026-09-30T04:54:20.252827
CHKP,SHORT,CONVICTION,78.2,BEAR_REJECTION_PENDING,128.02,129.92,117.68,123.25,52,5.45,CHOP,126.93,LIMIT,20,CONVICTION,2026-09-30,2026-09-30T04:56:54.959913
DHR,SHORT,CONVICTION,78.2,BEAR_REJECTION_PENDING,229.0,235.19,212.03,197.34,16,2.74,CHOP,226.49,LIMIT,10,CONVICTION,2026-09-30,2026-09-30T05:01:12.063798
SNX,SHORT,CONVICTION,78.1,BEAR_REJECTION_PENDING,260.87,264.67,223.21,232.22,26,9.92,CHOP,258.19,LIMIT,20,CONVICTION,2026-09-30,2026-09-30T04:58:53.234328
W,SHORT,CONVICTION,78.1,BEAR_REJECTION_PENDING,104.31,107.89,87.6,87.9,27,4.66,CHOP,102.26,LIMIT,20,VACUUM,2026-09-30,2026-09-30T05:01:05.181654
SUNB,LONG,CONVICTION,78.0,BULL_BOUNCE_PENDING,72.15,68.97,77.93,81.76,31,1.82,CHOP,73.62,LIMIT,20,COMPRESSION,2026-09-30,2026-09-30T04:50:23.950030
PRAX,LONG,CONVICTION,77.9,BULL_BOUNCE_PENDING,275.46,268.66,306.0,296.81,14,4.49,CHOP,281.0843,LIMIT,20,VACUUM,2026-09-30,2026-09-30T04:47:49.333569
KMX,LONG,CONVICTION,77.9,BULL_BOUNCE_PENDING,63.73,61.12,66.92,,38,1.22,CHOP,59.23,STOP,20,MINOR,2026-09-30,2026-09-30T04:53:25.257707
VEEV,SHORT,CONVICTION,77.7,BEAR_REJECTION_PENDING,279.56,285.43,263.25,263.25,17,2.78,CHOP,278.57,LIMIT,14,CONVICTION,2026-09-30,2026-09-30T04:48:07.006299
XYZ,SHORT,CONVICTION,77.7,BEAR_REJECTION_PENDING,75.31,76.8,72.09,69.52,67,2.16,CHOP,74.5,LIMIT,20,CONVICTION,2026-09-30,2026-09-30T04:49:21.426205
ZIM,LONG,CONVICTION,77.6,BULL_BOUNCE_PENDING,28.98,28.08,30.43,,111,1.61,CHOP,28.69,STOP,16,MINOR,2026-09-30,2026-09-30T04:50:32.874044
AMDL,LONG,CONVICTION,77.5,BULL_BOUNCE_PENDING,76.82,66.68,80.66,,9,0.38,CHOP,78.39,LIMIT,20,VACUUM,2026-09-30,2026-09-30T04:49:31.543220
VVOS,LONG,CONVICTION,77.5,BULL_BOUNCE_PENDING,0.14,0.14,0.15,,12227,0.88,CHOP,0.1461,LIMIT,5,MINOR,2026-09-30,2026-09-30T04:57:20.834750
MGNI,LONG,CONVICTION,77.5,BULL_BOUNCE_PENDING,26.43,25.31,27.75,,89,1.18,CHOP,25.81,STOP,3,MINOR,2026-09-30,2026-09-30T04:57:58.583668
VLO,SHORT,CONVICTION,77.4,BEAR_REJECTION_PENDING,387.72,392.96,359.96,358.92,19,5.3,CHOP,387.18,LIMIT,20,CONVICTION,2026-09-30,2026-09-30T04:49:14.392196
VRSK,SHORT,CONVICTION,77.4,BEAR_REJECTION_PENDING,166.21,168.61,159.22,156.84,41,2.91,CHOP,165.94,LIMIT,20,COMPRESSION,2026-09-30,2026-09-30T04:51:04.270700
ELF,LONG,CONVICTION,77.3,BULL_BOUNCE_PENDING,104.11,99.98,109.32,,24,1.26,CHOP,101.7,STOP,20,VACUUM,2026-09-30,2026-09-30T04:41:06.673240
STM,SHORT,CONVICTION,77.2,BEAR_REJECTION_PENDING,53.27,56.07,48.13,,35,1.84,CHOP,53.26,LIMIT,20,CONVICTION,2026-09-30,2026-09-30T04:39:56.271545
SHOP,SHORT,CONVICTION,77.2,BEAR_REJECTION_PENDING,150.7,153.66,144.24,128.79,33,2.18,CHOP,149.09,LIMIT,13,CONVICTION,2026-09-30,2026-09-30T04:40:05.221089
SMCL,LONG,CONVICTION,77.2,BULL_BOUNCE_PENDING,18.72,17.51,20.55,21.52,82,1.52,CHOP,19.1,LIMIT,20,MINOR,2026-09-30,2026-09-30T04:47:57.636366
LH,SHORT,CONVICTION,77.2,BEAR_REJECTION_PENDING,309.16,312.02,290.3,292.12,34,6.59,CHOP,308.81,LIMIT,20,CONVICTION,2026-09-30,2026-09-30T05:01:16.573805
IMVT,LONG,CONVICTION,77.0,BULL_BOUNCE_PENDING,32.78,26.26,34.42,,15,0.25,CHOP,33.45,LIMIT,20,COMPRESSION,2026-09-30,2026-09-30T04:47:24.124084
QNT,SHORT,CONVICTION,77.0,BEAR_REJECTION_PENDING,49.0,49.94,46.94,46.79,105,2.18,CHOP,48.98,LIMIT,20,COMPRESSION,2026-09-30,2026-09-30T04:47:50.645572
FNV,SHORT,CONVICTION,76.9,BEAR_REJECTION_PENDING,253.54,259.42,242.8,226.55,17,1.83,CHOP,248.568706,LIMIT,20,CONVICTION,2026-09-30,2026-09-30T04:53:15.933031
DFNS,LONG,CONVICTION,76.8,BULL_BOUNCE_PENDING,6.96,5.12,7.31,,54,0.19,CHOP,7.1,LIMIT,20,MINOR,2026-09-30,2026-09-30T04:40:26.968427
ORCU,SHORT,CONVICTION,76.8,BEAR_REJECTION_PENDING,6.81,7.36,6.47,,184,0.63,CHOP,6.68,LIMIT,20,COMPRESSION,2026-09-30,2026-09-30T04:48:49.145961
SEDG,LONG,CONVICTION,76.8,BULL_BOUNCE_PENDING,31.04,28.74,35.98,36.35,43,2.14,CHOP,31.675,LIMIT,20,COMPRESSION,2026-09-30,2026-09-30T04:52:48.345080
STEP,SHORT,CONVICTION,76.7,BEAR_REJECTION_PENDING,43.84,44.58,41.04,40.87,134,3.77,CHOP,43.15,LIMIT,20,COMPRESSION,2026-09-30,2026-09-30T04:46:33.740192
JHX,SHORT,CONVICTION,76.6,BEAR_REJECTION_PENDING,25.29,26.23,22.02,21.95,105,3.45,CHOP,25.04,LIMIT,20,COMPRESSION,2026-09-30,2026-09-30T04:33:56.210169
BDX,LONG,CONVICTION,76.6,BULL_BOUNCE_PENDING,178.95,176.96,187.88,185.42,50,4.49,CHOP,181.97,LIMIT,20,CONVICTION,2026-09-30,2026-09-30T04:46:56.203232
ARKK,LONG,CONVICTION,76.6,BULL_BOUNCE_CONFIRMED,89.72,79.6,94.21,,9,0.44,CHOP,89.72,LIMIT,20,COMPRESSION,2026-09-30,2026-09-30T04:58:36.538713
HCA,LONG,CONVICTION,76.5,BULL_BOUNCE_PENDING,423.0,387.67,479.11,,2,1.59,CHOP,431.63,LIMIT,20,CONVICTION,2026-09-30,2026-09-30T04:37:46.113584
AGQ,SHORT,CONVICTION,76.5,BEAR_REJECTION_PENDING,68.95,76.69,65.5,,12,0.45,CHOP,68.76,LIMIT,20,CONVICTION,2026-09-30,2026-09-30T04:43:54.354587
SPOT,LONG,CONVICTION,76.5,BULL_BOUNCE_PENDING,483.79,471.74,507.03,527.43,8,1.93,CHOP,493.66,LIMIT,20,CONVICTION,2026-09-30,2026-09-30T04:45:21.349812
GKOS,SHORT,CONVICTION,76.4,BEAR_REJECTION_PENDING,159.86,163.12,143.63,143.27,30,4.97,CHOP,158.55,LIMIT,20,CONVICTION,2026-09-30,2026-09-30T04:42:44.935808
MOH,SHORT,CONVICTION,76.4,BEAR_REJECTION_PENDING,191.0,194.98,164.76,180.59,25,6.59,CHOP,188.8,LIMIT,20,COMPRESSION,2026-09-30,2026-09-30T04:47:40.886646
PEGA,SHORT,CONVICTION,76.3,BEAR_REJECTION_PENDING,32.97,33.91,31.3,27.5,105,1.77,CHOP,32.342,LIMIT,20,COMPRESSION,2026-09-30,2026-09-30T04:48:54.955973
FBIN,SHORT,CONVICTION,76.3,BEAR_REJECTION_PENDING,38.82,39.58,36.31,33.6,132,3.32,CHOP,38.41,LIMIT,20,COMPRESSION,2026-09-30,2026-09-30T05:03:21.595265
MDB,SHORT,CONVICTION,76.2,BEAR_REJECTION_PENDING,341.0,349.34,290.06,305.3,11,6.11,CHOP,339.0,LIMIT,8,VACUUM,2026-09-30,2026-09-30T04:43:04.485370
FFIV,SHORT,CONVICTION,76.2,BEAR_REJECTION_PENDING,440.98,445.41,375.34,412.12,22,14.82,CHOP,438.07,LIMIT,20,CONVICTION,2026-09-30,2026-09-30T04:55:43.186308
MHK,SHORT,CONVICTION,76.1,BEAR_REJECTION_PENDING,126.09,127.48,115.66,119.79,72,7.52,CHOP,124.84,LIMIT,20,COMPRESSION,2026-09-30,2026-09-30T04:58:01.340674
BLTE,SHORT,CONVICTION,76.1,BEAR_REJECTION_PENDING,166.72,169.92,150.63,157.99,31,5.04,CHOP,166.505,LIMIT,20,COMPRESSION,2026-09-30,2026-09-30T04:59:09.485576
SLXN,LONG,CONVICTION,76.0,BULL_BOUNCE_PENDING,0.4,0.31,0.42,,1081,0.22,CHOP,0.26,STOP,9,COMPRESSION,2026-09-30,2026-09-30T04:32:42.467856
ABCL,LONG,CONVICTION,76.0,BULL_BOUNCE_PENDING,15.01,14.2,15.76,,123,0.93,CHOP,14.94,STOP,10,MINOR,2026-09-30,2026-09-30T04:43:51.112585
VSAT,SHORT,CONVICTION,76.0,BEAR_REJECTION_PENDING,70.8,73.39,66.14,61.95,38,1.8,CHOP,69.412,LIMIT,20,CONVICTION,2026-09-30,2026-09-30T04:45:29.953830
ACVA,LONG,CONVICTION,76.0,BULL_BOUNCE_PENDING,10.46,10.17,11.29,11.12,343,2.87,CHOP,10.44,STOP,20,COMPRESSION,2026-09-30,2026-09-30T04:46:49.496217
GGAL,SHORT,CONVICTION,76.0,BEAR_REJECTION_PENDING,37.75,38.93,35.1,,84,2.23,CHOP,37.005,LIMIT,20,COMPRESSION,2026-09-30,2026-09-30T04:54:50.186449
SLB,SHORT,CONVICTION,75.9,BEAR_REJECTION_PENDING,50.58,51.75,43.0,47.15,85,6.49,CHOP,49.93,LIMIT,20,COMPRESSION,2026-09-30,2026-09-30T04:34:38.052760
UPWK,SHORT,CONVICTION,75.9,BEAR_REJECTION_PENDING,8.26,9.61,7.85,,74,0.31,CHOP,8.1,LIMIT,20,CONVICTION,2026-09-30,2026-09-30T04:46:39.924202
OXY,LONG,CONVICTION,75.8,BULL_BOUNCE_PENDING,53.79,52.63,58.07,57.08,85,3.68,CHOP,54.8869,LIMIT,20,COMPRESSION,2026-09-30,2026-09-30T04:36:32.500501
WK,LONG,CONVICTION,75.8,BULL_BOUNCE_PENDING,69.78,66.65,73.27,,31,1.12,CHOP,65.15,STOP,20,CONVICTION,2026-09-30,2026-09-30T04:46:42.683207
AMBQ,LONG,CONVICTION,75.8,BULL_BOUNCE_PENDING,63.7,61.92,73.96,74.12,56,5.76,CHOP,65.0,LIMIT,20,COMPRESSION,2026-09-30,2026-09-30T05:00:02.621209
CROX,LONG,CONVICTION,75.8,BULL_BOUNCE_PENDING,120.23,114.82,131.08,135.85,18,2.01,CHOP,122.68,LIMIT,20,COMPRESSION,2026-09-30,2026-09-30T05:01:27.836821
BWIN,SHORT,CONVICTION,75.5,BEAR_REJECTION_PENDING,32.42,36.55,30.79,,24,0.39,CHOP,31.78,LIMIT,20,VACUUM,2026-09-30,2026-09-30T04:47:01.855760
AVS,LONG,CONVICTION,75.5,BULL_BOUNCE_PENDING,8.19,7.96,8.73,9.0,440,2.38,CHOP,8.1225,STOP,20,COMPRESSION,2026-09-30,2026-09-30T04:49:33.462223
DY,LONG,CONVICTION,75.5,BULL_BOUNCE_PENDING,263.66,254.85,293.56,293.56,11,3.39,CHOP,269.04,LIMIT,20,CONVICTION,2026-09-30,2026-09-30T04:57:47.142651
XPO,LONG,CONVICTION,75.4,BULL_BOUNCE_PENDING,173.95,168.77,188.21,186.4,19,2.75,CHOP,177.5,LIMIT,20,COMPRESSION,2026-09-30,2026-09-30T04:59:30.343610
CNR,SHORT,CONVICTION,75.3,BEAR_REJECTION_PENDING,87.79,88.84,82.68,80.44,95,4.86,CHOP,86.55,LIMIT,20,COMPRESSION,2026-09-30,2026-09-30T04:44:19.620896
FPS,LONG,CONVICTION,75.2,BULL_BOUNCE_PENDING,36.61,34.67,41.9,42.1,51,2.71,CHOP,37.362,LIMIT,20,COMPRESSION,2026-09-30,2026-09-30T04:40:26.612427
SSRM,LONG,CONVICTION,75.2,BULL_BOUNCE_PENDING,33.45,32.09,35.82,37.66,73,1.74,CHOP,34.1357,LIMIT,20,COMPRESSION,2026-09-30,2026-09-30T04:43:38.426030
CXW,LONG,CONVICTION,75.2,BULL_BOUNCE_PENDING,32.82,31.01,36.05,,55,1.79,CHOP,32.67,STOP,15,COMPRESSION,2026-09-30,2026-09-30T04:49:40.322233
NLR,SHORT,CONVICTION,75.2,BEAR_REJECTION_PENDING,105.05,106.31,101.1,93.74,79,3.14,CHOP,104.16,LIMIT,20,COMPRESSION,2026-09-30,2026-09-30T04:55:17.995483
WLY,SHORT,CONVICTION,75.2,BEAR_REJECTION_PENDING,47.75,50.47,45.36,,36,0.88,CHOP,47.74,LIMIT,20,COMPRESSION,2026-09-30,2026-09-30T04:58:56.324331
TQQQ,LONG,CONVICTION,75.2,BULL_BOUNCE_PENDING,75.92,72.28,85.22,,27,2.55,CHOP,77.47,LIMIT,20,MINOR,2026-09-30,2026-09-30T05:02:26.281950
SMCI,LONG,CONVICTION,75.1,BULL_BOUNCE_PENDING,40.19,38.89,45.0,46.9,77,3.71,CHOP,41.01,LIMIT,20,COMPRESSION,2026-09-30,2026-09-30T04:33:25.361596
NCI,LONG,CONVICTION,75.0,BULL_BOUNCE_PENDING,2.02,1.58,2.12,,225,0.23,CHOP,2.06,LIMIT,3,COMPRESSION,2026-09-30,2026-09-30T04:32:25.298213
MDLN,SHORT,CONVICTION,75.0,BEAR_REJECTION_PENDING,35.84,40.73,34.05,,20,0.37,CHOP,35.14,LIMIT,7,CONVICTION,2026-09-30,2026-09-30T04:40:48.663527
ACAD,LONG,CONVICTION,75.0,BULL_BOUNCE_PENDING,19.87,17.51,20.86,,42,0.42,CHOP,20.275,LIMIT,20,COMPRESSION,2026-09-30,2026-09-30T04:51:06.020002
PSN,SHORT,CONVICTION,75.0,BEAR_REJECTION_PENDING,42.38,43.29,40.68,37.2,110,1.88,CHOP,41.55,LIMIT,20,COMPRESSION,2026-09-30,2026-09-30T04:53:47.759411
VCYT,SHORT,CONVICTION,75.0,BEAR_REJECTION_PENDING,47.0,55.64,44.65,,11,0.27,CHOP,46.08,LIMIT,13,CONVICTION,2026-09-30,2026-09-30T04:55:30.016289
CAR,SHORT,CONVICTION,75.0,BEAR_REJECTION_PENDING,107.53,109.26,102.46,102.46,57,2.93,CHOP,106.79,LIMIT,20,COMPRESSION,2026-09-30,2026-09-30T04:57:16.793745
NAMS,SHORT,CONVICTION,75.0,BEAR_REJECTION_PENDING,24.02,25.53,21.75,,66,1.51,CHOP,23.81,LIMIT,17,CONVICTION,2026-09-30,2026-09-30T04:59:52.101224
RKLB,LONG,CONVICTION,74.9,BULL_BOUNCE_PENDING,68.92,63.38,79.16,,18,1.85,CHOP,70.33,LIMIT,20,MINOR,2026-09-30,2026-09-30T04:38:47.713089
SCCO,SHORT,CONVICTION,74.9,BEAR_REJECTION_PENDING,203.61,207.17,198.1,180.21,28,1.55,CHOP,202.55,LIMIT,20,VACUUM,2026-09-30,2026-09-30T04:53:42.228932
SILJ,LONG,CONVICTION,74.9,BULL_BOUNCE_PENDING,27.23,25.98,31.6,30.65,79,3.48,CHOP,27.79,LIMIT,20,COMPRESSION,2026-09-30,2026-09-30T04:55:26.574285
GOLD,SHORT,CONVICTION,74.9,BEAR_REJECTION_PENDING,43.11,44.17,38.51,40.56,94,4.34,CHOP,42.88,LIMIT,20,MINOR,2026-09-30,2026-09-30T04:59:12.247579
APO,SHORT,CONVICTION,74.8,BEAR_REJECTION_PENDING,120.84,122.3,111.8,112.97,68,6.2,CHOP,119.0,LIMIT,20,COMPRESSION,2026-09-30,2026-09-30T04:43:58.829593
ECO,LONG,CONVICTION,74.8,BULL_BOUNCE_PENDING,78.93,77.47,82.83,85.57,68,2.67,CHOP,80.54,LIMIT,20,CONVICTION,2026-09-30,2026-09-30T05:00:41.132019
BLSH,LONG,CONVICTION,74.7,BULL_BOUNCE_PENDING,35.45,34.64,36.93,39.46,123,1.82,CHOP,36.1501,LIMIT,20,COMPRESSION,2026-09-30,2026-09-30T04:33:05.093110
WFC,LONG,CONVICTION,74.7,BULL_BOUNCE_PENDING,79.42,78.49,82.69,82.75,106,3.48,CHOP,80.76,LIMIT,20,COMPRESSION,2026-09-30,2026-09-30T04:35:38.218290
SPCX,SHORT,CONVICTION,74.7,BEAR_REJECTION_PENDING,152.31,161.22,136.94,127.09,11,1.72,CHOP,149.32,LIMIT,19,CONVICTION,2026-09-30,2026-09-30T04:39:57.496547
COHU,LONG,CONVICTION,74.7,BULL_BOUNCE_PENDING,68.34,64.69,71.76,,27,0.94,CHOP,65.85,STOP,18,COMPRESSION,2026-09-30,2026-09-30T04:48:21.550386
AEIS,LONG,CONVICTION,74.7,BULL_BOUNCE_PENDING,286.6,278.28,300.02,308.17,12,1.61,CHOP,281.0,STOP,9,VACUUM,2026-09-30,2026-09-30T04:50:37.961050
MANH,LONG,CONVICTION,74.7,BULL_BOUNCE_PENDING,197.43,195.45,201.88,201.88,50,2.26,CHOP,200.11,LIMIT,20,CONVICTION,2026-09-30,2026-09-30T05:01:32.771363
WSM,LONG,CONVICTION,74.6,BULL_BOUNCE,229.78,223.25,249.62,249.62,15,3.04,CHOP,229.78,LIMIT,20,CONVICTION,2026-09-30,2026-09-30T04:56:10.786045
MRNY,SHORT,CONVICTION,74.5,BEAR_REJECTION_PENDING,43.1,46.13,37.59,36.25,32,1.82,CHOP,42.2519,LIMIT,2,VACUUM,2026-09-30,2026-09-30T04:52:35.173520
IGV,SHORT,CONVICTION,74.5,BEAR_REJECTION_PENDING,105.43,106.54,96.75,101.66,90,7.82,CHOP,105.11,LIMIT,20,COMPRESSION,2026-09-30,2026-09-30T04:56:28.219070
SN,LONG,CONVICTION,74.5,BULL_BOUNCE_PENDING,178.79,164.58,187.73,,7,0.63,CHOP,182.44,LIMIT,16,VACUUM,2026-09-30,2026-09-30T05:01:02.921579
PVH,LONG,CONVICTION,74.4,BULL_BOUNCE,75.6,73.48,81.23,81.23,47,2.66,CHOP,75.6,LIMIT,20,CONVICTION,2026-09-30,2026-09-30T04:55:56.317859
MP,LONG,CONVICTION,74.3,BULL_BOUNCE_PENDING,44.87,43.62,47.68,50.27,79,2.24,CHOP,45.79,LIMIT,20,COMPRESSION,2026-09-30,2026-09-30T04:50:06.406944
SOLT,LONG,CONVICTION,74.3,BULL_BOUNCE_PENDING,79.89,73.82,83.88,,16,0.66,CHOP,75.53,STOP,20,CONVICTION,2026-09-30,2026-09-30T04:56:37.771083
FIVN,SHORT,CONVICTION,74.2,BEAR_REJECTION_PENDING,34.75,35.95,31.69,31.0,83,2.55,CHOP,34.65,LIMIT,20,CONVICTION,2026-09-30,2026-09-30T04:42:38.249799
FTI,SHORT,CONVICTION,74.2,BEAR_REJECTION_PENDING,69.19,70.97,63.28,63.28,56,3.31,CHOP,68.85,LIMIT,20,COMPRESSION,2026-09-30,2026-09-30T04:44:31.587913
BDC,SHORT,CONVICTION,74.2,BEAR_REJECTION_PENDING,110.99,113.01,103.6,96.93,49,3.65,CHOP,109.98,LIMIT,20,COMPRESSION,2026-09-30,2026-09-30T04:57:40.423641
TPL,LONG,CONVICTION,74.1,BULL_BOUNCE_PENDING,322.43,309.26,349.74,365.58,7,2.07,CHOP,329.01,LIMIT,20,CONVICTION,2026-09-30,2026-09-30T04:46:39.585201
CEVA,LONG,CONVICTION,74.0,BULL_BOUNCE_PENDING,33.79,30.12,35.48,,27,0.46,CHOP,34.48,LIMIT,20,COMPRESSION,2026-09-30,2026-09-30T04:33:00.414879
GFS,SHORT,CONVICTION,74.0,BEAR_REJECTION_PENDING,49.03,53.71,46.58,,21,0.52,CHOP,48.07,LIMIT,20,COMPRESSION,2026-09-30,2026-09-30T04:42:44.109808
ANF,LONG,CONVICTION,74.0,BULL_BOUNCE_PENDING,135.01,129.6,143.16,148.51,18,1.51,CHOP,133.12,STOP,20,COMPRESSION,2026-09-30,2026-09-30T04:43:57.033592
PGR,SHORT,CONVICTION,74.0,BEAR_REJECTION_PENDING,211.5,213.3,205.9,198.28,55,3.11,CHOP,210.52,LIMIT,20,CONVICTION,2026-09-30,2026-09-30T04:52:48.190079
HGTY,LONG,CONVICTION,74.0,BULL_BOUNCE_PENDING,13.28,11.66,13.94,,61,0.41,CHOP,13.55,LIMIT,15,MINOR,2026-09-30,2026-09-30T05:00:21.595775
CRWV,SHORT,CONVICTION,73.8,BEAR_REJECTION_PENDING,88.11,95.41,73.7,,13,1.97,CHOP,86.38,LIMIT,20,CONVICTION,2026-09-30,2026-09-30T04:36:44.264212
DIOD,LONG,CONVICTION,73.8,BULL_BOUNCE_PENDING,98.84,94.51,109.07,113.4,23,2.36,CHOP,99.2,STOP,20,COMPRESSION,2026-09-30,2026-09-30T04:42:28.203256
UHS,SHORT,CONVICTION,73.8,BEAR_REJECTION_PENDING,176.75,178.54,157.0,166.45,55,11.01,CHOP,175.73,LIMIT,20,COMPRESSION,2026-09-30,2026-09-30T04:48:04.076374
PCOR,LONG,CONVICTION,73.8,BULL_BOUNCE_PENDING,48.55,46.95,52.66,53.87,62,2.58,CHOP,49.54,LIMIT,20,CONVICTION,2026-09-30,2026-09-30T04:48:53.980969
AGI,LONG,CONVICTION,73.8,BULL_BOUNCE_PENDING,32.73,30.94,35.7,37.9,55,1.66,CHOP,33.4,LIMIT,20,CONVICTION,2026-09-30,2026-09-30T04:53:02.850126
ANET,LONG,CONVICTION,73.7,BULL_BOUNCE_PENDING,201.43,198.39,208.68,210.47,32,2.39,CHOP,203.7148,LIMIT,11,MINOR,2026-09-30,2026-09-30T04:39:54.659545
VGNT,LONG,CONVICTION,73.7,BULL_BOUNCE_PENDING,44.75,41.83,50.0,,34,1.8,CHOP,45.66,LIMIT,20,MINOR,2026-09-30,2026-09-30T05:01:46.788359
BTDR,LONG,CONVICTION,73.6,BULL_BOUNCE_PENDING,10.69,9.58,12.44,,90,1.58,CHOP,10.91,LIMIT,20,COMPRESSION,2026-09-30,2026-09-30T04:37:48.927589
GENI,LONG,CONVICTION,73.6,BULL_BOUNCE,6.18,5.75,6.99,,233,1.89,CHOP,6.18,LIMIT,20,COMPRESSION,2026-09-30,2026-09-30T04:49:48.680246
TTMI,LONG,CONVICTION,73.6,BULL_BOUNCE_PENDING,120.11,117.38,127.5,134.84,36,2.71,CHOP,122.56,LIMIT,20,CONVICTION,2026-09-30,2026-09-30T04:56:02.030869
KO,LONG,CONVICTION,73.5,BULL_BOUNCE_PENDING,85.33,81.84,89.6,,28,1.22,CHOP,87.07,LIMIT,20,COMPRESSION,2026-09-30,2026-09-30T04:35:17.250676
EMR,LONG,CONVICTION,73.5,BULL_BOUNCE_PENDING,160.45,156.74,168.47,,26,2.16,CHOP,157.24,STOP,20,COMPRESSION,2026-09-30,2026-09-30T04:45:58.599651
BRR,LONG,CONVICTION,73.5,BULL_BOUNCE_PENDING,4.19,3.92,4.4,,365,0.76,CHOP,4.13,STOP,0,NONE,2026-09-30,2026-09-30T05:01:52.777367
BFLY,LONG,CONVICTION,73.4,BULL_BOUNCE_PENDING,8.95,8.1,9.4,,117,0.53,CHOP,9.1309,LIMIT,17,MINOR,2026-09-30,2026-09-30T04:39:52.581540
BR,SHORT,CONVICTION,73.4,BEAR_REJECTION_PENDING,161.35,162.82,157.64,151.32,68,2.52,CHOP,160.95,LIMIT,20,CONVICTION,2026-09-30,2026-09-30T04:44:05.553284
CORD,LONG,CONVICTION,73.4,BULL_BOUNCE_PENDING,3.07,2.74,3.22,,300,0.46,CHOP,2.98,STOP,16,COMPRESSION,2026-09-30,2026-09-30T04:51:11.939078
BILL,SHORT,CONVICTION,73.3,BEAR_REJECTION_PENDING,42.84,43.87,36.05,37.0,97,6.6,CHOP,42.0,LIMIT,20,CONVICTION,2026-09-30,2026-09-30T04:44:01.545597
BIRK,LONG,CONVICTION,73.3,BULL_BOUNCE_CONFIRMED,33.04,30.96,36.96,,47,1.88,CHOP,33.04,LIMIT,20,COMPRESSION,2026-09-30,2026-09-30T04:44:01.962598
ARE,SHORT,CONVICTION,73.3,BEAR_REJECTION_PENDING,48.92,49.77,44.65,41.76,117,5.04,CHOP,48.47,LIMIT,20,COMPRESSION,2026-09-30,2026-09-30T04:51:38.331204
TKO,SHORT,CONVICTION,73.3,BEAR_REJECTION_PENDING,180.92,182.49,164.21,161.19,63,10.66,CHOP,177.58,LIMIT,20,CONVICTION,2026-09-30,2026-09-30T04:52:55.627945
BOX,LONG,CONVICTION,73.3,BULL_BOUNCE_PENDING,32.08,30.0,37.38,,48,2.56,CHOP,32.73,LIMIT,20,COMPRESSION,2026-09-30,2026-09-30T04:57:16.305748
NVT,LONG,CONVICTION,73.3,BULL_BOUNCE_PENDING,159.44,157.09,169.6,171.98,42,4.31,CHOP,161.68,LIMIT,20,CONVICTION,2026-09-30,2026-09-30T05:02:03.628526
CDE,LONG,CONVICTION,73.2,BULL_BOUNCE_PENDING,17.52,15.92,19.95,,62,1.51,CHOP,17.88,LIMIT,20,CONVICTION,2026-09-30,2026-09-30T04:37:28.912562
CHRD,LONG,CONVICTION,73.2,BULL_BOUNCE_PENDING,132.74,130.69,143.29,143.29,48,5.15,CHOP,134.41,LIMIT,20,CONVICTION,2026-09-30,2026-09-30T04:50:44.113060
RMBS,LONG,CONVICTION,73.2,BULL_BOUNCE_PENDING,101.27,94.43,112.1,118.46,14,1.58,CHOP,103.34,LIMIT,20,CONVICTION,2026-09-30,2026-09-30T05:02:23.217692
PDFS,LONG,CONVICTION,73.1,BULL_BOUNCE_CONFIRMED,49.77,47.64,53.37,55.52,46,1.69,CHOP,49.77,LIMIT,20,CONVICTION,2026-09-30,2026-09-30T04:33:14.178583
QCOM,LONG,CONVICTION,73.1,BULL_BOUNCE_PENDING,180.32,176.05,207.34,198.99,23,6.34,CHOP,183.9969,LIMIT,20,CONVICTION,2026-09-30,2026-09-30T04:38:24.474126
URNM,LONG,CONVICTION,73.1,BULL_BOUNCE_PENDING,47.1,44.87,51.96,54.37,44,2.19,CHOP,48.06,LIMIT,20,COMPRESSION,2026-09-30,2026-09-30T04:54:24.180569
ENTG,LONG,CONVICTION,73.1,BULL_BOUNCE_PENDING,156.81,150.3,167.01,175.88,15,1.57,CHOP,154.77,STOP,20,VACUUM,2026-09-30,2026-09-30T04:59:11.083579
CVS,SHORT,CONVICTION,73.1,BEAR_REJECTION_PENDING,87.2,88.29,82.3,77.42,91,4.5,CHOP,87.1,LIMIT,20,COMPRESSION,2026-09-30,2026-09-30T05:03:21.498262
BBNX,SHORT,CONVICTION,73.0,BEAR_REJECTION_PENDING,20.19,30.58,19.18,,9,0.1,CHOP,19.79,LIMIT,20,COMPRESSION,2026-09-30,2026-09-30T04:33:04.295884
DT,LONG,CONVICTION,73.0,BULL_BOUNCE_PENDING,56.41,54.85,61.38,,64,3.2,CHOP,57.56,LIMIT,13,MINOR,2026-09-30,2026-09-30T04:44:25.904905
TARS,LONG,CONVICTION,73.0,BULL_BOUNCE_PENDING,78.07,75.48,86.31,86.31,38,3.18,CHOP,76.69,STOP,20,COMPRESSION,2026-09-30,2026-09-30T04:45:23.607814
MORN,LONG,CONVICTION,73.0,BULL_BOUNCE_PENDING,183.7,181.52,193.9,207.8,45,4.66,CHOP,186.35,LIMIT,20,CONVICTION,2026-09-30,2026-09-30T04:48:44.973955
NTLA,SHORT,CONVICTION,73.0,BEAR_REJECTION_PENDING,12.44,25.69,11.82,,7,0.05,CHOP,12.2,LIMIT,16,CONVICTION,2026-09-30,2026-09-30T04:52:43.018131
GENB,LONG,CONVICTION,73.0,BULL_BOUNCE_PENDING,15.2,14.22,17.44,17.43,101,2.28,CHOP,15.51,LIMIT,20,COMPRESSION,2026-09-30,2026-09-30T04:55:12.173473
CRWL,LONG,CONVICTION,73.0,BULL_BOUNCE_CONFIRMED,103.62,98.56,108.8,,19,1.02,CHOP,103.62,LIMIT,1,MINOR,2026-09-30,2026-09-30T04:56:16.145053
GME,LONG,CONVICTION,73.0,BULL_BOUNCE_CONFIRMED,24.07,22.68,26.36,27.22,71,1.64,CHOP,24.07,LIMIT,18,COMPRESSION,2026-09-30,2026-09-30T04:57:32.112630
INTU,LONG,CONVICTION,72.9,BULL_BOUNCE_PENDING,262.46,254.69,301.53,291.71,12,5.02,CHOP,267.82,LIMIT,20,CONVICTION,2026-09-30,2026-09-30T04:37:01.533107
CELC,LONG,CONVICTION,72.9,BULL_BOUNCE_PENDING,76.44,74.1,88.37,84.89,42,5.1,CHOP,78.0,LIMIT,20,COMPRESSION,2026-09-30,2026-09-30T04:47:04.908846
TSLG,LONG,CONVICTION,72.9,BULL_BOUNCE_PENDING,4.6,4.31,5.16,,344,1.93,CHOP,4.49,STOP,20,COMPRESSION,2026-09-30,2026-09-30T04:49:11.827193
AVT,LONG,CONVICTION,72.9,BULL_BOUNCE_PENDING,103.1,98.96,108.25,,24,1.25,CHOP,103.0,STOP,4,MINOR,2026-09-30,2026-09-30T05:00:38.274014
NEOG,LONG,CONVICTION,72.9,BULL_BOUNCE_PENDING,13.88,13.33,14.57,,183,1.27,CHOP,12.78,STOP,18,MINOR,2026-09-30,2026-09-30T05:02:22.358691
NEM,LONG,CONVICTION,72.8,BULL_BOUNCE_PENDING,116.57,115.32,122.15,121.2,80,4.46,CHOP,117.11,LIMIT,20,CONVICTION,2026-09-30,2026-09-30T04:36:56.916368
APP,LONG,CONVICTION,72.7,BULL_BOUNCE_PENDING,300.08,280.59,329.6,,5,1.52,CHOP,306.2,LIMIT,20,CONVICTION,2026-09-30,2026-09-30T04:37:46.580584
DAL,LONG,CONVICTION,72.7,BULL_BOUNCE_CONFIRMED,85.39,79.22,89.66,,16,0.69,CHOP,85.39,LIMIT,20,COMPRESSION,2026-09-30,2026-09-30T04:37:51.304592
FND,SHORT,CONVICTION,72.7,BEAR_REJECTION_PENDING,48.01,50.48,45.61,,40,0.97,CHOP,47.07,LIMIT,20,COMPRESSION,2026-09-30,2026-09-30T04:59:57.535227
ONTO,SHORT,CONVICTION,72.6,BEAR_REJECTION_PENDING,311.1,318.47,272.0,272.0,13,5.31,CHOP,305.0,LIMIT,17,CONVICTION,2026-09-30,2026-09-30T04:32:18.258205
MRNA,LONG,CONVICTION,72.6,BULL_BOUNCE_CONFIRMED,203.58,193.53,213.76,,9,1.01,CHOP,203.58,LIMIT,16,MINOR,2026-09-30,2026-09-30T04:33:15.271586
CVX,LONG,CONVICTION,72.6,BULL_BOUNCE_PENDING,203.44,201.4,207.89,209.77,49,2.19,CHOP,204.57,LIMIT,20,CONVICTION,2026-09-30,2026-09-30T04:37:04.493990
PLMR,SHORT,CONVICTION,72.6,BEAR_REJECTION_PENDING,124.26,125.58,119.16,117.01,75,3.85,CHOP,123.18,LIMIT,20,COMPRESSION,2026-09-30,2026-09-30T05:01:37.056370
OC,SHORT,CONVICTION,72.4,BEAR_REJECTION_PENDING,120.73,124.53,109.99,109.99,26,2.82,CHOP,118.36,LIMIT,20,CONVICTION,2026-09-30,2026-09-30T04:43:14.326996
PLGO,SHORT,CONVICTION,72.4,BEAR_REJECTION_PENDING,24.36,26.67,20.77,,43,1.55,CHOP,23.88,LIMIT,20,COMPRESSION,2026-09-30,2026-09-30T04:48:55.472971
TNK,LONG,CONVICTION,72.3,BULL_BOUNCE_PENDING,97.85,94.33,102.74,,28,1.39,CHOP,96.81,STOP,20,COMPRESSION,2026-09-30,2026-09-30T04:56:38.668094
FRNM,LONG,CONVICTION,72.3,BULL_BOUNCE_PENDING,16.56,15.6,17.39,,104,0.87,CHOP,15.92,STOP,20,MINOR,2026-09-30,2026-09-30T05:01:59.642984
ZURA,LONG,CONVICTION,72.2,BULL_BOUNCE_PENDING,3.99,3.68,4.55,,326,1.83,CHOP,4.07,LIMIT,20,COMPRESSION,2026-09-30,2026-09-30T04:55:00.006939
CAMT,LONG,CONVICTION,72.2,BULL_BOUNCE_CONFIRMED,155.17,144.86,177.36,,9,2.15,CHOP,155.17,LIMIT,20,CONVICTION,2026-09-30,2026-09-30T04:58:36.998715
VSXY,LONG,CONVICTION,72.1,BULL_BOUNCE_PENDING,87.1,80.9,97.93,101.36,16,1.75,CHOP,88.8799,LIMIT,20,COMPRESSION,2026-09-30,2026-09-30T04:43:47.418577
EWY,LONG,CONVICTION,72.1,BULL_BOUNCE_PENDING,187.46,180.9,203.0,208.67,15,2.37,CHOP,184.8,STOP,20,CONVICTION,2026-09-30,2026-09-30T04:59:11.714578
PFE,LONG,CONVICTION,72.0,BULL_BOUNCE_PENDING,28.79,28.34,29.48,,224,1.55,CHOP,28.79,STOP,14,COMPRESSION,2026-09-30,2026-09-30T04:35:16.264589
ALC,SHORT,CONVICTION,72.0,BEAR_REJECTION_PENDING,66.75,68.48,63.79,62.13,57,1.71,CHOP,65.44,LIMIT,20,COMPRESSION,2026-09-30,2026-09-30T04:40:40.713983
KKR,SHORT,CONVICTION,72.0,BEAR_REJECTION_PENDING,93.2,95.24,86.1,86.55,48,3.48,CHOP,93.0455,LIMIT,20,CONVICTION,2026-09-30,2026-09-30T04:46:11.137156
ECHO,SHORT,CONVICTION,72.0,BEAR_REJECTION_PENDING,92.08,93.82,87.51,86.69,57,2.62,CHOP,90.27,LIMIT,20,COMPRESSION,2026-09-30,2026-09-30T04:47:13.361068
CALM,SHORT,CONVICTION,72.0,BEAR_REJECTION_PENDING,69.0,71.01,65.55,,49,1.71,CHOP,68.99,LIMIT,20,COMPRESSION,2026-09-30,2026-09-30T04:50:33.423043
EPAM,SHORT,CONVICTION,72.0,BEAR_REJECTION_PENDING,107.38,109.04,95.26,99.52,60,7.29,CHOP,107.14,LIMIT,20,COMPRESSION,2026-09-30,2026-09-30T04:52:03.429239
LMND,SHORT,CONVICTION,72.0,BEAR_REJECTION_PENDING,45.15,46.44,41.38,,77,2.92,CHOP,44.65,LIMIT,20,COMPRESSION,2026-09-30,2026-09-30T04:54:08.919975
IMMX,LONG,CONVICTION,72.0,BULL_BOUNCE_PENDING,11.86,10.95,12.45,,109,0.65,CHOP,10.58,STOP,14,COMPRESSION,2026-09-30,2026-09-30T04:55:12.491475
HOOD,SHORT,CONVICTION,71.9,BEAR_REJECTION_PENDING,120.82,123.31,113.34,115.14,40,3.0,CHOP,118.73,LIMIT,17,CONVICTION,2026-09-30,2026-09-30T04:33:24.428594
GMED,LONG,CONVICTION,71.9,BULL_BOUNCE_CONFIRMED,75.69,72.51,82.07,83.99,31,2.01,CHOP,75.69,LIMIT,20,COMPRESSION,2026-09-30,2026-09-30T04:44:35.192919
CDNS,SHORT,CONVICTION,71.9,BEAR_REJECTION_PENDING,325.06,330.43,305.63,298.65,18,3.62,CHOP,324.69,LIMIT,20,CONVICTION,2026-09-30,2026-09-30T04:55:07.836468
CRCL,LONG,CONVICTION,71.8,BULL_BOUNCE,83.65,77.36,95.61,,15,1.9,CHOP,83.65,LIMIT,20,CONVICTION,2026-09-30,2026-09-30T04:39:11.764952
NRG,SHORT,CONVICTION,71.8,BEAR_REJECTION_PENDING,99.3,100.5,94.34,,83,4.15,CHOP,97.9971,LIMIT,20,COMPRESSION,2026-09-30,2026-09-30T04:50:09.093010
GDX,SHORT,CONVICTION,71.7,BEAR_REJECTION_PENDING,91.3,94.37,82.2,77.61,32,2.96,CHOP,89.51,LIMIT,20,COMPRESSION,2026-09-30,2026-09-30T04:53:18.371692
XME,LONG,CONVICTION,71.7,BULL_BOUNCE_PENDING,101.82,97.06,111.22,116.14,21,1.97,CHOP,103.9,LIMIT,20,CONVICTION,2026-09-30,2026-09-30T04:55:32.341294
HHH,LONG,CONVICTION,71.7,BULL_BOUNCE_PENDING,73.01,64.26,76.66,,11,0.42,CHOP,74.5,LIMIT,6,CONVICTION,2026-09-30,2026-09-30T05:02:15.201681
BABA,SHORT,CONVICTION,71.6,BEAR_REJECTION_PENDING,110.55,116.89,97.41,95.89,15,2.07,CHOP,108.38,LIMIT,20,COMPRESSION,2026-09-30,2026-09-30T04:53:07.133056
PWR,LONG,CONVICTION,71.5,BULL_BOUNCE_PENDING,647.62,641.27,672.32,666.75,15,3.89,CHOP,652.0,LIMIT,20,CONVICTION,2026-09-30,2026-09-30T04:50:56.067076
BHF,LONG,CONVICTION,71.5,BULL_BOUNCE_PENDING,51.79,43.16,54.38,,11,0.3,CHOP,52.8455,LIMIT,20,COMPRESSION,2026-09-30,2026-09-30T04:56:22.352060
HRI,LONG,CONVICTION,71.5,BULL_BOUNCE_PENDING,124.7,109.2,130.93,,6,0.4,CHOP,127.24,LIMIT,20,CONVICTION,2026-09-30,2026-09-30T04:59:12.850580
ADPT,LONG,CONVICTION,71.3,BULL_BOUNCE_PENDING,29.83,28.49,31.32,,74,1.11,CHOP,28.77,STOP,7,MINOR,2026-09-30,2026-09-30T05:01:09.768799
SIL,LONG,CONVICTION,71.2,BULL_BOUNCE_PENDING,86.05,82.42,96.8,100.56,27,2.96,CHOP,87.81,LIMIT,20,COMPRESSION,2026-09-30,2026-09-30T04:55:23.914281
OKE,LONG,CONVICTION,71.1,BULL_BOUNCE_PENDING,85.05,74.04,89.3,,9,0.39,CHOP,86.7829,LIMIT,20,COMPRESSION,2026-09-30,2026-09-30T04:55:52.874333
SOAR,LONG,CONVICTION,71.0,BULL_BOUNCE_PENDING,0.34,0.31,0.4,,3415,1.95,CHOP,0.351,LIMIT,2,MINOR,2026-09-30,2026-09-30T04:32:40.874854
AVNT,LONG,CONVICTION,71.0,BULL_BOUNCE_PENDING,39.96,37.84,43.25,46.61,47,1.55,CHOP,40.78,LIMIT,20,COMPRESSION,2026-09-30,2026-09-30T04:42:12.995234
MTCH,SHORT,CONVICTION,71.0,BEAR_REJECTION_PENDING,40.13,40.75,38.92,36.82,160,1.94,CHOP,40.1,LIMIT,20,COMPRESSION,2026-09-30,2026-09-30T04:51:20.389089
CHYM,SHORT,CONVICTION,70.8,BEAR_REJECTION_PENDING,26.52,26.93,23.33,25.0,242,7.75,CHOP,26.4105,LIMIT,20,COMPRESSION,2026-09-30,2026-09-30T04:44:15.380359
CHTR,SHORT,CONVICTION,70.8,BEAR_REJECTION_PENDING,112.88,117.79,107.24,,20,1.15,CHOP,110.67,LIMIT,20,COMPRESSION,2026-09-30,2026-09-30T04:45:54.212644
QTWO,SHORT,CONVICTION,70.8,BEAR_REJECTION_PENDING,55.31,56.41,49.37,48.88,90,5.4,CHOP,55.12,LIMIT,20,COMPRESSION,2026-09-30,2026-09-30T04:48:57.159974
BSOL,LONG,CONVICTION,70.8,BULL_BOUNCE,16.28,15.57,17.09,,141,1.15,CHOP,16.28,LIMIT,20,CONVICTION,2026-09-30,2026-09-30T04:51:53.133225
LYTE,SHORT,CONVICTION,70.8,BEAR_REJECTION_PENDING,24.64,25.57,23.41,,107,1.33,CHOP,24.53,LIMIT,20,COMPRESSION,2026-09-30,2026-09-30T04:59:51.918221
TH,LONG,CONVICTION,70.8,BULL_BOUNCE,19.41,18.52,21.68,21.68,111,2.54,CHOP,19.41,LIMIT,20,MINOR,2026-09-30,2026-09-30T05:01:46.695358
GRPN,LONG,CONVICTION,70.8,BULL_BOUNCE,19.95,18.81,22.51,22.7,87,2.24,CHOP,19.95,LIMIT,20,COMPRESSION,2026-09-30,2026-09-30T05:02:14.568679
TXG,LONG,CONVICTION,70.7,BULL_BOUNCE_CONFIRMED,92.17,88.06,96.78,,24,1.12,CHOP,92.17,LIMIT,0,NONE,2026-09-30,2026-09-30T04:43:43.223042
RYTM,LONG,CONVICTION,70.7,BULL_BOUNCE_PENDING,93.8,87.94,106.01,108.17,17,2.09,CHOP,95.71,LIMIT,20,COMPRESSION,2026-09-30,2026-09-30T04:47:54.622577
ALM,LONG,CONVICTION,70.7,BULL_BOUNCE_PENDING,12.94,12.14,14.49,14.74,125,1.96,CHOP,13.2,LIMIT,20,COMPRESSION,2026-09-30,2026-09-30T04:49:29.895218
GEN,SHORT,CONVICTION,70.7,BEAR_REJECTION_PENDING,21.45,21.89,19.89,19.47,225,3.52,CHOP,21.03,LIMIT,19,COMPRESSION,2026-09-30,2026-09-30T04:53:19.787762
ALKT,SHORT,CONVICTION,70.7,BEAR_REJECTION_PENDING,13.6,13.93,12.92,,303,2.06,CHOP,13.37,LIMIT,20,COMPRESSION,2026-09-30,2026-09-30T05:00:36.641012
MBGL,SHORT,CONVICTION,70.6,BEAR_REJECTION_PENDING,18.15,18.43,17.5,,349,2.28,CHOP,17.79,LIMIT,20,COMPRESSION,2026-09-30,2026-09-30T04:33:56.561169
MS,SHORT,CONVICTION,70.6,BEAR_REJECTION_PENDING,193.8,195.69,188.49,165.88,52,2.8,CHOP,192.6223,LIMIT,20,COMPRESSION,2026-09-30,2026-09-30T04:36:22.616907
APPN,SHORT,CONVICTION,70.6,BEAR_REJECTION_PENDING,35.58,36.19,31.6,30.21,163,6.52,CHOP,35.29,LIMIT,20,COMPRESSION,2026-09-30,2026-09-30T04:42:04.234718
HP,SHORT,CONVICTION,70.6,BEAR_REJECTION_PENDING,36.68,37.39,35.52,32.14,141,1.64,CHOP,36.61,LIMIT,20,COMPRESSION,2026-09-30,2026-09-30T04:44:36.586920
IMAX,LONG,CONVICTION,70.6,BULL_BOUNCE_PENDING,56.57,54.76,59.4,,55,1.56,CHOP,56.57,STOP,9,MINOR,2026-09-30,2026-09-30T04:44:38.554923
IOND,SHORT,CONVICTION,70.6,BEAR_REJECTION_PENDING,83.13,86.84,77.54,73.61,26,1.51,CHOP,81.5,LIMIT,20,CONVICTION,2026-09-30,2026-09-30T04:47:27.840089
WMS,LONG,CONVICTION,70.6,BULL_BOUNCE,128.49,124.69,134.47,140.52,26,1.57,CHOP,128.49,LIMIT,20,CONVICTION,2026-09-30,2026-09-30T04:49:19.717203
AKAM,SHORT,CONVICTION,70.5,BEAR_REJECTION_PENDING,111.04,114.89,93.49,92.56,25,4.56,CHOP,108.86,LIMIT,20,CONVICTION,2026-09-30,2026-09-30T04:43:56.340590
FISV,SHORT,CONVICTION,70.5,BEAR_REJECTION_PENDING,46.01,46.71,43.71,,142,3.28,CHOP,45.55,LIMIT,20,COMPRESSION,2026-09-30,2026-09-30T04:48:34.757939
MRCY,LONG,CONVICTION,70.5,BULL_BOUNCE_PENDING,81.58,78.13,90.86,90.86,28,2.68,CHOP,83.25,LIMIT,16,COMPRESSION,2026-09-30,2026-09-30T05:00:57.710573
GMAB,LONG,CONVICTION,70.5,BULL_BOUNCE_PENDING,35.68,34.89,37.46,,125,2.25,CHOP,35.54,STOP,2,MINOR,2026-09-30,2026-09-30T05:01:13.518800
GH,LONG,CONVICTION,70.4,BULL_BOUNCE_PENDING,181.08,173.38,190.13,,12,1.18,CHOP,177.73,STOP,14,VACUUM,2026-09-30,2026-09-30T04:32:54.594870
SHAZ,SHORT,CONVICTION,70.4,BEAR_REJECTION_PENDING,54.17,55.57,51.18,49.99,71,2.14,CHOP,53.6,LIMIT,20,COMPRESSION,2026-09-30,2026-09-30T04:45:14.129801
IRTC,LONG,CONVICTION,70.4,BULL_BOUNCE_CONFIRMED,114.22,107.13,130.78,,14,2.34,CHOP,114.22,LIMIT,4,CONVICTION,2026-09-30,2026-09-30T04:47:28.701090
FDXF,SHORT,CONVICTION,70.4,BEAR_REJECTION_PENDING,112.79,114.17,107.15,,72,4.08,CHOP,112.06,LIMIT,20,COMPRESSION,2026-09-30,2026-09-30T04:48:32.424937
PRIM,SHORT,CONVICTION,70.4,BEAR_REJECTION_PENDING,76.09,83.47,72.29,,13,0.52,CHOP,74.6,LIMIT,20,CONVICTION,2026-09-30,2026-09-30T04:50:15.550021
AMTM,SHORT,CONVICTION,70.4,BEAR_REJECTION_PENDING,19.0,19.29,18.49,18.12,349,1.78,CHOP,18.8,LIMIT,20,COMPRESSION,2026-09-30,2026-09-30T04:53:51.153663
PSI,LONG,CONVICTION,70.4,BULL_BOUNCE_PENDING,153.15,148.53,160.56,,21,1.61,CHOP,151.4,STOP,20,CONVICTION,2026-09-30,2026-09-30T04:59:16.706585
FTK,LONG,CONVICTION,70.3,BULL_BOUNCE,28.5,25.76,38.93,,36,3.8,CHOP,28.5,LIMIT,20,COMPRESSION,2026-09-30,2026-09-30T04:33:24.444597
NVD,SHORT,CONVICTION,70.3,BEAR_REJECTION_PENDING,3.66,3.75,3.47,,1128,2.16,CHOP,3.625,LIMIT,20,COMPRESSION,2026-09-30,2026-09-30T04:45:02.858959
SNDU,SHORT,CONVICTION,70.3,BEAR_REJECTION_PENDING,25.44,27.03,22.28,,62,1.98,CHOP,25.4,LIMIT,20,CONVICTION,2026-09-30,2026-09-30T04:45:16.337805
CSGP,SHORT,CONVICTION,70.2,BEAR_REJECTION_PENDING,27.68,28.23,26.27,26.27,180,2.53,CHOP,27.36,LIMIT,20,COMPRESSION,2026-09-30,2026-09-30T04:37:41.550578
WULF,SHORT,CONVICTION,70.2,BEAR_REJECTION_PENDING,15.5,15.82,13.55,14.63,313,6.1,CHOP,15.24,LIMIT,19,COMPRESSION,2026-09-30,2026-09-30T04:39:03.008110
MC,SHORT,CONVICTION,70.2,BEAR_REJECTION_PENDING,58.31,59.03,54.28,52.97,138,5.57,CHOP,58.18,LIMIT,20,COMPRESSION,2026-09-30,2026-09-30T04:48:43.266953
PPC,SHORT,CONVICTION,70.1,BEAR_REJECTION_PENDING,27.65,27.96,26.95,26.94,323,2.26,CHOP,27.34,LIMIT,20,COMPRESSION,2026-09-30,2026-09-30T04:50:55.846075
NVAX,LONG,CONVICTION,70.1,BULL_BOUNCE,10.8,9.09,19.58,,58,5.14,CHOP,10.8,LIMIT,7,MINOR,2026-09-30,2026-09-30T04:54:14.357292
TEL,SHORT,CONVICTION,70.1,BEAR_REJECTION_PENDING,213.28,231.47,202.61,,5,0.59,CHOP,212.59,LIMIT,20,CONVICTION,2026-09-30,2026-09-30T04:58:53.502327
TWST,LONG,CONVICTION,70.0,BULL_BOUNCE_PENDING,189.1,185.53,198.56,,28,2.65,CHOP,191.0,LIMIT,0,NONE,2026-09-30,2026-09-30T04:33:40.255147
IOVA,LONG,CONVICTION,70.0,BULL_BOUNCE_PENDING,14.09,12.49,14.8,,62,0.44,CHOP,14.38,LIMIT,5,MINOR,2026-09-30,2026-09-30T04:35:05.479704
LIVN,LONG,CONVICTION,69.9,BULL_BOUNCE_PENDING,75.45,71.14,82.37,85.93,23,1.61,CHOP,76.99,LIMIT,20,COMPRESSION,2026-09-30,2026-09-30T04:47:36.922104
S,LONG,CONVICTION,69.7,BULL_BOUNCE_PENDING,22.89,19.65,24.04,,30,0.35,CHOP,23.36,LIMIT,10,COMPRESSION,2026-09-30,2026-09-30T04:35:51.691833
CDNL,SHORT,CONVICTION,69.7,BEAR_REJECTION_PENDING,27.6,28.2,25.27,23.93,166,3.88,CHOP,27.37,LIMIT,20,COMPRESSION,2026-09-30,2026-09-30T04:49:35.892226
ETHD,SHORT,CONVICTION,69.7,BEAR_REJECTION_PENDING,25.16,25.93,23.96,,130,1.56,CHOP,25.0855,LIMIT,20,MINOR,2026-09-30,2026-09-30T05:01:13.473800
DBX,SHORT,CONVICTION,69.6,BEAR_REJECTION_PENDING,33.0,34.39,29.6,28.75,71,2.44,CHOP,32.65,LIMIT,18,COMPRESSION,2026-09-30,2026-09-30T04:48:21.910387
PTCT,LONG,CONVICTION,69.5,BULL_BOUNCE_PENDING,63.54,61.69,67.81,68.81,53,2.3,CHOP,64.8398,LIMIT,20,CONVICTION,2026-09-30,2026-09-30T04:41:34.824869
AGIO,LONG,CONVICTION,69.5,BULL_BOUNCE_PENDING,32.63,30.51,35.83,,47,1.5,CHOP,33.3,LIMIT,20,COMPRESSION,2026-09-30,2026-09-30T04:46:51.059220
BWA,SHORT,CONVICTION,69.5,BEAR_REJECTION_PENDING,61.01,61.63,58.8,56.69,162,3.58,CHOP,60.94,LIMIT,20,COMPRESSION,2026-09-30,2026-09-30T05:03:18.137252
STUB,SHORT,CONVICTION,69.4,BEAR_REJECTION_PENDING,5.36,5.48,5.09,,811,2.17,CHOP,5.25,LIMIT,20,COMPRESSION,2026-09-30,2026-09-30T04:40:16.891414
VZ,LONG,CONVICTION,69.3,BULL_BOUNCE_PENDING,45.18,41.91,50.72,,30,1.69,CHOP,46.1,LIMIT,20,COMPRESSION,2026-09-30,2026-09-30T04:36:08.823271
VSH,SHORT,CONVICTION,69.3,BEAR_REJECTION_PENDING,32.87,35.76,28.2,,34,1.62,CHOP,32.23,LIMIT,20,COMPRESSION,2026-09-30,2026-09-30T04:43:47.344578
NOV,SHORT,CONVICTION,69.3,BEAR_REJECTION_PENDING,19.2,19.6,17.51,17.55,251,4.25,CHOP,18.98,LIMIT,20,COMPRESSION,2026-09-30,2026-09-30T04:44:59.704967
WCC,LONG,CONVICTION,69.3,BULL_BOUNCE,365.8,353.81,384.09,,8,1.53,CHOP,365.8,LIMIT,11,MINOR,2026-09-30,2026-09-30T04:59:27.439604
GTM,SHORT,CONVICTION,69.2,BEAR_REJECTION_PENDING,3.65,3.77,3.41,3.09,842,2.02,CHOP,3.63,LIMIT,20,COMPRESSION,2026-09-30,2026-09-30T04:39:39.248521
VLN,LONG,CONVICTION,69.2,BULL_BOUNCE_CONFIRMED,1.87,1.78,2.02,2.09,1125,1.69,CHOP,1.87,LIMIT,12,COMPRESSION,2026-09-30,2026-09-30T04:41:14.942840
EXE,SHORT,CONVICTION,69.2,BEAR_REJECTION_PENDING,84.5,85.74,80.27,,80,3.42,CHOP,84.18,LIMIT,20,COMPRESSION,2026-09-30,2026-09-30T04:44:27.045908
SDRL,SHORT,CONVICTION,69.2,BEAR_REJECTION_PENDING,44.85,45.81,39.51,38.06,104,5.57,CHOP,44.57,LIMIT,20,COMPRESSION,2026-09-30,2026-09-30T04:56:34.703079
FTNT,LONG,CONVICTION,69.1,BULL_BOUNCE_PENDING,172.34,168.05,179.69,,23,1.71,CHOP,175.86,LIMIT,20,CONVICTION,2026-09-30,2026-09-30T04:35:43.630623
MCHP,LONG,CONVICTION,69.1,BULL_BOUNCE,79.0,76.25,87.0,87.96,36,2.91,CHOP,79.0,LIMIT,20,COMPRESSION,2026-09-30,2026-09-30T04:37:01.461108
ONDS,LONG,CONVICTION,69.1,BULL_BOUNCE,7.51,7.14,8.53,8.37,269,2.74,CHOP,7.51,LIMIT,18,COMPRESSION,2026-09-30,2026-09-30T04:37:08.626095
FNGR,LONG,CONVICTION,69.0,BULL_BOUNCE_PENDING,0.16,0.15,0.18,,7317,1.56,CHOP,0.1644,LIMIT,6,COMPRESSION,2026-09-30,2026-09-30T04:32:28.476307
HPQ,SHORT,CONVICTION,69.0,BEAR_REJECTION_PENDING,31.23,34.57,29.67,,29,0.47,CHOP,30.62,LIMIT,20,COMPRESSION,2026-09-30,2026-09-30T04:38:07.003526
ALTO,LONG,CONVICTION,69.0,BULL_BOUNCE_PENDING,3.69,2.65,3.87,,96,0.18,CHOP,3.7604,LIMIT,20,COMPRESSION,2026-09-30,2026-09-30T04:41:50.036890
ATRO,LONG,CONVICTION,69.0,BULL_BOUNCE_PENDING,66.62,63.25,71.94,76.63,29,1.58,CHOP,67.98,LIMIT,20,CONVICTION,2026-09-30,2026-09-30T04:46:54.785224
INOD,LONG,CONVICTION,69.0,BULL_BOUNCE_PENDING,65.45,60.13,68.73,,18,0.62,CHOP,66.79,LIMIT,20,COMPRESSION,2026-09-30,2026-09-30T04:49:53.057251
MAN,LONG,CONVICTION,69.0,BULL_BOUNCE_PENDING,55.2,53.07,60.54,60.54,46,2.51,CHOP,56.33,LIMIT,20,COMPRESSION,2026-09-30,2026-09-30T04:51:16.939087
FBTC,SHORT,CONVICTION,69.0,BEAR_REJECTION_PENDING,72.71,73.42,67.02,67.96,141,8.07,CHOP,72.2,LIMIT,20,COMPRESSION,2026-09-30,2026-09-30T04:52:12.435088
DASH,LONG,CONVICTION,69.0,BULL_BOUNCE_PENDING,183.25,177.24,200.37,208.94,16,2.85,CHOP,186.99,LIMIT,20,CONVICTION,2026-09-30,2026-09-30T04:54:43.603608
NYT,LONG,CONVICTION,69.0,BULL_BOUNCE_PENDING,61.46,56.61,70.22,,20,1.81,CHOP,62.71,LIMIT,20,COMPRESSION,2026-09-30,2026-09-30T05:01:01.055576
PLTD,SHORT,CONVICTION,68.9,BEAR_REJECTION_PENDING,4.84,4.94,4.67,,956,1.67,CHOP,4.78,LIMIT,20,COMPRESSION,2026-09-30,2026-09-30T04:50:14.016017
SGHC,SHORT,CONVICTION,68.9,BEAR_REJECTION_PENDING,11.63,11.78,10.59,11.15,672,7.0,CHOP,11.6,LIMIT,20,COMPRESSION,2026-09-30,2026-09-30T04:54:53.750113
XPEV,SHORT,CONVICTION,68.9,BEAR_REJECTION_PENDING,9.65,10.0,9.17,,285,1.38,CHOP,9.6401,LIMIT,20,COMPRESSION,2026-09-30,2026-09-30T04:55:33.060296
NKTR,SHORT,CONVICTION,68.9,BEAR_REJECTION_PENDING,60.0,63.31,52.95,,30,2.13,CHOP,59.86,LIMIT,20,MINOR,2026-09-30,2026-09-30T04:58:50.918327
ACN,SHORT,CONVICTION,68.8,BEAR_REJECTION_PENDING,181.59,196.48,156.95,,6,1.66,CHOP,178.03,LIMIT,17,VACUUM,2026-09-30,2026-09-30T04:37:21.742553
OMDA,LONG,CONVICTION,68.8,BULL_BOUNCE_PENDING,18.98,17.41,21.37,,63,1.52,CHOP,19.37,LIMIT,20,COMPRESSION,2026-09-30,2026-09-30T04:43:17.220001
CECO,LONG,CONVICTION,68.8,BULL_BOUNCE_PENDING,69.19,59.77,72.65,,10,0.37,CHOP,70.6,LIMIT,20,CONVICTION,2026-09-30,2026-09-30T04:45:41.668840
BCRX,SHORT,CONVICTION,68.8,BEAR_REJECTION_PENDING,8.42,8.52,7.9,7.71,962,4.96,CHOP,8.25,LIMIT,20,COMPRESSION,2026-09-30,2026-09-30T04:45:49.351852
AVAH,SHORT,CONVICTION,68.8,BEAR_REJECTION_PENDING,13.08,13.29,11.91,11.36,476,5.56,CHOP,12.82,LIMIT,20,COMPRESSION,2026-09-30,2026-09-30T04:48:13.273374
ZTS,SHORT,CONVICTION,68.7,BEAR_REJECTION_PENDING,70.5,71.41,66.97,,110,3.89,CHOP,70.49,LIMIT,20,COMPRESSION,2026-09-30,2026-09-30T04:54:26.204632
KDP,SHORT,CONVICTION,68.6,BEAR_REJECTION_PENDING,31.21,31.62,30.06,27.29,245,2.82,CHOP,31.03,LIMIT,20,CONVICTION,2026-09-30,2026-09-30T04:35:26.180148
BZ,SHORT,CONVICTION,68.6,BEAR_REJECTION_PENDING,14.32,14.48,13.69,13.48,617,3.89,CHOP,14.17,LIMIT,20,COMPRESSION,2026-09-30,2026-09-30T04:44:10.616353
OKLO,SHORT,CONVICTION,68.5,BEAR_REJECTION_PENDING,37.2,38.23,34.55,,97,2.57,CHOP,37.1,LIMIT,20,COMPRESSION,2026-09-30,2026-09-30T04:39:12.189952
NVDA,SHORT,CONVICTION,68.5,BEAR_REJECTION_PENDING,233.0,237.61,222.94,218.38,21,2.18,CHOP,228.71,LIMIT,9,VACUUM,2026-09-30,2026-09-30T04:39:50.417538
ESTC,SHORT,CONVICTION,68.5,BEAR_REJECTION_PENDING,89.34,90.45,82.64,77.72,90,6.06,CHOP,88.9,LIMIT,20,COMPRESSION,2026-09-30,2026-09-30T04:42:34.943265
OKLL,SHORT,CONVICTION,68.5,BEAR_REJECTION_PENDING,9.79,10.19,8.97,,249,2.03,CHOP,9.625,LIMIT,20,COMPRESSION,2026-09-30,2026-09-30T04:43:15.408998
CSX,SHORT,CONVICTION,68.4,BEAR_REJECTION_PENDING,47.63,48.14,40.2,45.47,196,14.58,CHOP,46.9906,LIMIT,20,COMPRESSION,2026-09-30,2026-09-30T04:37:42.880580
MGA,SHORT,CONVICTION,68.4,BEAR_REJECTION_PENDING,64.75,66.54,58.57,56.63,55,3.44,CHOP,64.0,LIMIT,20,CONVICTION,2026-09-30,2026-09-30T04:57:58.037666
PLTZ,SHORT,CONVICTION,68.4,BEAR_REJECTION_PENDING,8.06,8.23,7.57,7.57,592,2.9,CHOP,7.97,LIMIT,20,COMPRESSION,2026-09-30,2026-09-30T04:58:07.417431
DSGX,LONG,CONVICTION,68.4,BULL_BOUNCE_PENDING,77.88,71.05,88.27,,14,1.52,CHOP,79.465,LIMIT,18,COMPRESSION,2026-09-30,2026-09-30T05:00:40.889018
AXTI,SHORT,CONVICTION,68.3,BEAR_REJECTION_PENDING,81.14,91.77,77.08,,9,0.38,CHOP,79.55,LIMIT,14,VACUUM,2026-09-30,2026-09-30T04:33:32.882136
ASTS,LONG,CONVICTION,68.3,BULL_BOUNCE_CONFIRMED,59.77,57.83,66.75,67.62,51,3.6,CHOP,59.77,LIMIT,20,CONVICTION,2026-09-30,2026-09-30T04:36:45.388278
OI,SHORT,CONVICTION,68.3,BEAR_REJECTION_PENDING,5.75,5.89,5.47,,732,2.11,CHOP,5.64,LIMIT,20,COMPRESSION,2026-09-30,2026-09-30T04:38:12.455534
KD,SHORT,CONVICTION,68.3,BEAR_REJECTION_PENDING,11.4,11.66,10.83,,387,2.21,CHOP,11.29,LIMIT,20,COMPRESSION,2026-09-30,2026-09-30T04:40:56.066073
HYMC,LONG,CONVICTION,68.3,BULL_BOUNCE_PENDING,19.1,17.14,22.39,,50,1.68,CHOP,19.49,LIMIT,20,CONVICTION,2026-09-30,2026-09-30T04:44:38.540924
Z,SHORT,CONVICTION,68.3,BEAR_REJECTION_PENDING,28.02,28.62,26.62,,165,2.32,CHOP,27.47,LIMIT,20,COMPRESSION,2026-09-30,2026-09-30T04:46:43.648208
U,LONG,CONVICTION,68.2,BULL_BOUNCE_PENDING,38.82,33.02,40.76,,17,0.33,CHOP,39.61,LIMIT,20,COMPRESSION,2026-09-30,2026-09-30T04:34:13.716856
NCNO,LONG,CONVICTION,68.2,BULL_BOUNCE_PENDING,17.44,16.91,19.01,19.01,188,2.95,CHOP,17.8,LIMIT,20,COMPRESSION,2026-09-30,2026-09-30T04:48:45.600956
TDS,LONG,CONVICTION,68.2,BULL_BOUNCE_PENDING,32.9,28.36,34.54,,22,0.36,CHOP,33.57,LIMIT,20,COMPRESSION,2026-09-30,2026-09-30T04:58:17.373689
SOLS,LONG,CONVICTION,68.1,BULL_BOUNCE_PENDING,55.22,52.73,60.11,62.21,40,1.97,CHOP,56.345,LIMIT,20,CONVICTION,2026-09-30,2026-09-30T04:56:49.121398
TSEM,LONG,CONVICTION,68.0,BULL_BOUNCE_PENDING,229.9,224.89,249.78,250.73,19,3.97,CHOP,234.59,LIMIT,11,VACUUM,2026-09-30,2026-09-30T04:33:49.633159
CRNX,LONG,CONVICTION,68.0,BULL_BOUNCE_PENDING,83.86,83.18,88.06,,146,6.14,CHOP,84.97,LIMIT,0,NONE,2026-09-30,2026-09-30T04:36:53.092215
INIO,LONG,CONVICTION,68.0,BULL_BOUNCE_CONFIRMED,18.66,17.7,20.97,21.25,104,2.42,CHOP,18.657,LIMIT,20,COMPRESSION,2026-09-30,2026-09-30T04:37:21.995551
URG,LONG,CONVICTION,68.0,BULL_BOUNCE_PENDING,1.1,1.02,1.26,,1372,2.23,CHOP,1.1201,LIMIT,13,COMPRESSION,2026-09-30,2026-09-30T04:39:21.365965
CF,SHORT,CONVICTION,68.0,BEAR_REJECTION_PENDING,117.3,119.16,107.6,107.93,53,5.21,CHOP,115.71,LIMIT,20,CONVICTION,2026-09-30,2026-09-30T04:44:14.594358
NET,SHORT,CONVICTION,68.0,BEAR_REJECTION_PENDING,352.96,358.23,327.0,313.02,18,4.92,CHOP,352.26,LIMIT,15,VACUUM,2026-09-30,2026-09-30T04:44:57.853950
CART,SHORT,CONVICTION,68.0,BEAR_REJECTION_PENDING,44.36,47.51,37.56,,31,2.16,CHOP,43.49,LIMIT,20,CONVICTION,2026-09-30,2026-09-30T04:54:42.704464
FIG,SHORT,CONVICTION,67.9,BEAR_REJECTION_PENDING,20.72,21.06,19.05,19.54,296,4.96,CHOP,20.68,LIMIT,15,COMPRESSION,2026-09-30,2026-09-30T04:40:19.609418
SVRN,LONG,CONVICTION,67.9,BULL_BOUNCE_PENDING,72.23,68.87,75.84,,29,1.08,CHOP,73.7,LIMIT,0,NONE,2026-09-30,2026-09-30T05:02:55.710994
NOG,LONG,CONVICTION,67.8,BULL_BOUNCE_PENDING,22.29,21.49,24.67,24.67,126,3.01,CHOP,22.74,LIMIT,20,COMPRESSION,2026-09-30,2026-09-30T04:44:59.017951
BBAI,SHORT,CONVICTION,67.7,BEAR_REJECTION_PENDING,2.73,2.81,2.57,,1169,1.85,CHOP,2.675,LIMIT,20,COMPRESSION,2026-09-30,2026-09-30T04:39:35.484516
SKHY,LONG,CONVICTION,67.7,BULL_BOUNCE_PENDING,183.56,180.93,191.8,193.28,37,3.13,CHOP,186.2955,LIMIT,20,CONVICTION,2026-09-30,2026-09-30T04:49:03.721982
LRN,SHORT,CONVICTION,67.6,BEAR_REJECTION_PENDING,76.26,77.04,73.63,71.96,127,3.36,CHOP,75.59,LIMIT,20,COMPRESSION,2026-09-30,2026-09-30T04:48:42.016951
ETHT,LONG,CONVICTION,67.6,BULL_BOUNCE_PENDING,18.88,16.4,19.83,,40,0.38,CHOP,19.27,LIMIT,20,COMPRESSION,2026-09-30,2026-09-30T04:52:07.477081
ATRC,LONG,CONVICTION,67.6,BULL_BOUNCE_PENDING,56.89,54.04,59.73,,35,1.0,CHOP,58.05,LIMIT,16,MINOR,2026-09-30,2026-09-30T04:57:39.933641
DNA,LONG,CONVICTION,67.6,BULL_BOUNCE_PENDING,11.62,10.38,12.2,,80,0.47,CHOP,11.86,LIMIT,16,COMPRESSION,2026-09-30,2026-09-30T05:03:40.417849
NEOV,SHORT,CONVICTION,67.5,BEAR_REJECTION_PENDING,2.6,2.7,2.29,2.36,1104,3.48,CHOP,2.58,LIMIT,5,COMPRESSION,2026-09-30,2026-09-30T04:57:12.769740
INTR,SHORT,CONVICTION,67.4,BEAR_REJECTION_PENDING,5.2,5.27,4.81,4.83,1510,5.89,CHOP,5.11,LIMIT,20,COMPRESSION,2026-09-30,2026-09-30T04:38:56.799103
NWL,SHORT,CONVICTION,67.4,BEAR_REJECTION_PENDING,5.4,5.51,4.79,5.08,931,5.68,CHOP,5.32,LIMIT,20,COMPRESSION,2026-09-30,2026-09-30T04:46:18.899169
DAR,SHORT,CONVICTION,67.4,BEAR_REJECTION_PENDING,61.22,63.28,56.62,53.15,48,2.23,CHOP,60.32,LIMIT,20,COMPRESSION,2026-09-30,2026-09-30T04:56:55.806915
SLDE,LONG,CONVICTION,67.4,BULL_BOUNCE_PENDING,22.05,20.86,24.83,25.75,83,2.33,CHOP,22.5004,LIMIT,20,COMPRESSION,2026-09-30,2026-09-30T04:58:12.989679
QNC,LONG,CONVICTION,67.4,BULL_BOUNCE_PENDING,1.74,1.62,1.83,,805,0.7,CHOP,1.78,LIMIT,2,MINOR,2026-09-30,2026-09-30T05:00:53.998566
SECZ,LONG,CONVICTION,67.4,BULL_BOUNCE_PENDING,15.39,14.07,17.4,,75,1.53,CHOP,15.7,LIMIT,20,MINOR,2026-09-30,2026-09-30T05:01:45.986359
COTY,LONG,CONVICTION,67.2,BULL_BOUNCE_PENDING,2.63,2.5,2.92,2.92,775,2.28,CHOP,2.68,LIMIT,8,MINOR,2026-09-30,2026-09-30T04:34:49.595778
KALU,SHORT,CONVICTION,67.2,BEAR_REJECTION_PENDING,151.57,153.31,137.68,144.25,57,7.97,CHOP,151.51,LIMIT,20,CONVICTION,2026-09-30,2026-09-30T04:42:57.779360
DAVE,LONG,CONVICTION,67.2,BULL_BOUNCE_PENDING,323.52,317.73,370.7,348.71,17,8.15,CHOP,326.44,LIMIT,20,CONVICTION,2026-09-30,2026-09-30T04:45:37.950834
ALNY,LONG,CONVICTION,67.2,BULL_BOUNCE_PENDING,254.66,252.08,286.0,288.3,38,12.14,CHOP,255.38,LIMIT,11,CONVICTION,2026-09-30,2026-09-30T04:53:51.143666
SSMR,LONG,CONVICTION,67.2,BULL_BOUNCE,14.92,13.74,16.79,,85,1.59,CHOP,14.92,LIMIT,20,COMPRESSION,2026-09-30,2026-09-30T05:02:09.410124
VITL,SHORT,CONVICTION,67.2,BEAR_REJECTION_PENDING,9.6,9.81,8.97,8.04,480,3.02,CHOP,9.41,LIMIT,20,COMPRESSION,2026-09-30,2026-09-30T05:02:09.917127
PGNY,SHORT,CONVICTION,67.1,BEAR_REJECTION_PENDING,25.11,25.65,23.39,23.59,186,3.2,CHOP,24.79,LIMIT,20,COMPRESSION,2026-09-30,2026-09-30T04:43:19.923004
SYM,SHORT,CONVICTION,67.1,BEAR_REJECTION_PENDING,42.43,43.69,37.66,37.66,79,3.8,CHOP,41.6,LIMIT,20,CONVICTION,2026-09-30,2026-09-30T04:58:16.893688
GCTS,LONG,CONVICTION,67.0,BULL_BOUNCE_PENDING,2.06,1.93,2.25,,783,1.5,CHOP,2.1,LIMIT,20,COMPRESSION,2026-09-30,2026-09-30T04:41:35.229869
DK,LONG,CONVICTION,67.0,BULL_BOUNCE_PENDING,67.36,63.17,77.21,77.21,23,2.35,CHOP,68.73,LIMIT,20,COMPRESSION,2026-09-30,2026-09-30T04:45:54.517649
EXPD,LONG,CONVICTION,67.0,BULL_BOUNCE_PENDING,184.4,172.79,193.62,,8,0.79,CHOP,188.16,LIMIT,20,MINOR,2026-09-30,2026-09-30T04:47:17.287074
AXGN,LONG,CONVICTION,67.0,BULL_BOUNCE_PENDING,41.58,36.81,43.66,,20,0.44,CHOP,42.43,LIMIT,20,COMPRESSION,2026-09-30,2026-09-30T04:53:52.266730
BHC,LONG,CONVICTION,67.0,BULL_BOUNCE_PENDING,5.68,5.3,6.38,6.58,259,1.8,CHOP,5.8,LIMIT,8,COMPRESSION,2026-09-30,2026-09-30T04:57:41.039643
CRUS,SHORT,CONVICTION,67.0,BEAR_REJECTION_PENDING,122.4,130.07,104.07,104.07,13,2.39,CHOP,120.0036,LIMIT,20,CONVICTION,2026-09-30,2026-09-30T04:57:46.618650
ORKA,SHORT,CONVICTION,66.9,BEAR_REJECTION_PENDING,82.62,84.9,72.34,74.99,43,4.5,CHOP,81.0,LIMIT,20,COMPRESSION,2026-09-30,2026-09-30T04:45:04.770583
BX,SHORT,CONVICTION,66.9,BEAR_REJECTION_PENDING,115.17,116.28,112.25,109.07,90,2.64,CHOP,114.46,LIMIT,20,CONVICTION,2026-09-30,2026-09-30T04:45:51.998855
CG,SHORT,CONVICTION,66.9,BEAR_REJECTION_PENDING,40.16,41.2,36.59,35.48,95,3.42,CHOP,39.68,LIMIT,19,COMPRESSION,2026-09-30,2026-09-30T04:48:17.317381
EMBJ,LONG,CONVICTION,66.9,BULL_BOUNCE,76.87,74.5,80.67,,42,1.6,CHOP,76.87,LIMIT,19,MINOR,2026-09-30,2026-09-30T05:03:21.533262
DVN,SHORT,CONVICTION,66.8,BEAR_REJECTION_PENDING,47.65,48.85,44.8,43.78,83,2.38,CHOP,46.72,LIMIT,20,COMPRESSION,2026-09-30,2026-09-30T04:36:38.898002
PNR,SHORT,CONVICTION,66.8,BEAR_REJECTION_PENDING,54.54,55.53,52.91,,101,1.65,CHOP,53.47,LIMIT,20,COMPRESSION,2026-09-30,2026-09-30T04:45:41.911840
T,LONG,CONVICTION,66.7,BULL_BOUNCE_PENDING,24.01,22.94,27.35,27.4,93,3.14,CHOP,24.5,LIMIT,20,COMPRESSION,2026-09-30,2026-09-30T04:35:19.107286
PTEN,LONG,CONVICTION,66.7,BULL_BOUNCE_PENDING,10.29,9.85,11.64,11.64,228,3.1,CHOP,10.4972,LIMIT,20,COMPRESSION,2026-09-30,2026-09-30T04:38:03.003608
DUOL,SHORT,CONVICTION,66.7,BEAR_REJECTION_PENDING,142.62,144.85,135.25,132.14,44,3.31,CHOP,142.09,LIMIT,20,COMPRESSION,2026-09-30,2026-09-30T04:42:30.678259
GNRC,SHORT,CONVICTION,66.7,BEAR_REJECTION_PENDING,216.75,235.11,188.14,,5,1.56,CHOP,212.5,LIMIT,6,CONVICTION,2026-09-30,2026-09-30T04:46:06.976620
SEPN,LONG,CONVICTION,66.7,BULL_BOUNCE_PENDING,38.35,34.69,40.26,,27,0.52,CHOP,39.13,LIMIT,20,MINOR,2026-09-30,2026-09-30T04:46:26.152181
MFP,SHORT,CONVICTION,66.7,BEAR_REJECTION_PENDING,41.5,42.78,39.47,35.6,78,1.59,CHOP,40.69,LIMIT,20,COMPRESSION,2026-09-30,2026-09-30T04:50:02.220264
BJDX,LONG,CONVICTION,66.6,BULL_BOUNCE_PENDING,0.9,0.83,0.95,,1464,0.66,CHOP,0.92,LIMIT,20,COMPRESSION,2026-09-30,2026-09-30T04:40:15.625413
MDA,SHORT,CONVICTION,66.6,BEAR_REJECTION_PENDING,30.54,33.05,29.01,,39,0.61,CHOP,29.94,LIMIT,20,COMPRESSION,2026-09-30,2026-09-30T04:54:30.221435
TDIC,LONG,CONVICTION,66.6,BULL_BOUNCE_PENDING,2.05,1.88,2.36,,587,1.83,CHOP,2.09,LIMIT,20,MINOR,2026-09-30,2026-09-30T05:03:28.022280
MU,SHORT,CONVICTION,66.5,BEAR_REJECTION_PENDING,1082.01,1150.45,954.57,911.29,1,1.86,CHOP,1071.55,LIMIT,18,CONVICTION,2026-09-30,2026-09-30T04:37:36.800571
EXEL,LONG,CONVICTION,66.5,BULL_BOUNCE_PENDING,56.43,52.8,59.26,,27,0.78,CHOP,57.5859,LIMIT,10,MINOR,2026-09-30,2026-09-30T04:55:09.626470
GIL,SHORT,CONVICTION,66.5,BEAR_REJECTION_PENDING,43.7,46.42,41.52,,36,0.8,CHOP,42.843528,LIMIT,20,COMPRESSION,2026-09-30,2026-09-30T04:58:47.054318
TGB,LONG,CONVICTION,66.4,BULL_BOUNCE_PENDING,8.69,7.98,9.13,,140,0.61,CHOP,8.87,LIMIT,20,COMPRESSION,2026-09-30,2026-09-30T04:33:51.876163
DLO,SHORT,CONVICTION,66.4,BEAR_REJECTION_PENDING,13.82,13.98,12.88,13.26,626,5.89,CHOP,13.8,LIMIT,20,COMPRESSION,2026-09-30,2026-09-30T04:52:00.849236
FIS,SHORT,CONVICTION,66.3,BEAR_REJECTION_PENDING,34.12,34.5,33.35,,261,2.01,CHOP,33.45,LIMIT,20,COMPRESSION,2026-09-30,2026-09-30T04:36:40.482071
BRUN,SHORT,CONVICTION,66.3,BEAR_REJECTION_PENDING,16.82,17.49,15.23,14.72,149,2.38,CHOP,16.6772,LIMIT,20,COMPRESSION,2026-09-30,2026-09-30T04:47:00.647759
RBA,SHORT,CONVICTION,66.3,BEAR_REJECTION_PENDING,81.87,82.9,80.12,,96,1.69,CHOP,81.39,LIMIT,20,COMPRESSION,2026-09-30,2026-09-30T04:51:23.781094
SMR,SHORT,CONVICTION,66.2,BEAR_REJECTION_PENDING,8.0,8.46,7.6,,214,0.86,CHOP,7.84,LIMIT,20,COMPRESSION,2026-09-30,2026-09-30T04:35:39.225539
RIG,LONG,CONVICTION,66.2,BULL_BOUNCE_PENDING,5.12,4.84,5.62,5.88,366,1.85,CHOP,5.22,LIMIT,20,COMPRESSION,2026-09-30,2026-09-30T04:38:47.555088
HNGE,LONG,CONVICTION,66.2,BULL_BOUNCE_PENDING,93.36,90.26,98.03,,32,1.51,CHOP,95.2635,LIMIT,1,MINOR,2026-09-30,2026-09-30T04:42:51.003351
FSLY,LONG,CONVICTION,66.2,BULL_BOUNCE_PENDING,24.95,23.22,28.88,,57,2.26,CHOP,25.46,LIMIT,10,MINOR,2026-09-30,2026-09-30T04:44:30.083912
DPZ,SHORT,CONVICTION,66.2,BEAR_REJECTION_PENDING,307.02,313.5,285.0,291.99,15,3.4,CHOP,301.0,LIMIT,20,CONVICTION,2026-09-30,2026-09-30T04:45:57.435648
CYPH,LONG,CONVICTION,66.2,BULL_BOUNCE_PENDING,3.14,2.93,3.66,3.66,489,2.58,CHOP,3.2,LIMIT,19,MINOR,2026-09-30,2026-09-30T04:56:17.032055
CAI,LONG,CONVICTION,66.1,BULL_BOUNCE_PENDING,31.06,30.5,34.71,34.04,177,6.48,CHOP,31.55,LIMIT,8,COMPRESSION,2026-09-30,2026-09-30T04:42:17.267242
MRNX,SHORT,CONVICTION,66.1,BEAR_REJECTION_PENDING,160.27,165.15,148.92,145.51,20,2.33,CHOP,157.13,LIMIT,1,VACUUM,2026-09-30,2026-09-30T04:52:33.668449
MCK,SHORT,CONVICTION,66.1,BEAR_REJECTION_PENDING,865.0,871.16,812.87,771.63,16,8.46,CHOP,864.82,LIMIT,20,CONVICTION,2026-09-30,2026-09-30T04:55:17.054481
AUR,SHORT,CONVICTION,66.0,BEAR_REJECTION_PENDING,5.53,5.65,5.15,4.73,811,3.07,CHOP,5.42,LIMIT,20,COMPRESSION,2026-09-30,2026-09-30T04:38:37.073674
PR,LONG,CONVICTION,66.0,BULL_BOUNCE_PENDING,20.82,20.05,22.53,23.75,129,2.21,CHOP,21.2465,LIMIT,20,COMPRESSION,2026-09-30,2026-09-30T04:39:34.561516
BWET,SHORT,CONVICTION,66.0,BEAR_REJECTION_PENDING,733.25,762.59,644.5,644.5,3,3.03,CHOP,733.0,LIMIT,19,CONVICTION,2026-09-30,2026-09-30T04:44:09.766352
ECG,LONG,CONVICTION,66.0,BULL_BOUNCE_PENDING,115.44,104.47,134.57,,9,1.74,CHOP,117.8,LIMIT,20,COMPRESSION,2026-09-30,2026-09-30T04:49:43.317236
LFTO,SHORT,CONVICTION,66.0,BEAR_REJECTION_PENDING,16.04,16.46,15.24,,237,1.9,CHOP,15.95,LIMIT,20,COMPRESSION,2026-09-30,2026-09-30T04:49:59.005260
RVMD,SHORT,CONVICTION,66.0,CHANNEL_GAP_BREAKDOWN_SHORT,204.09,210.21,184.8,187.88,16,3.15,CHOP,204.0913,LIMIT,10,MINOR,2026-09-30,2026-09-30T04:50:56.546077
DOO,SHORT,CONVICTION,66.0,BEAR_REJECTION_PENDING,58.5,60.99,49.98,,40,3.41,CHOP,57.35,LIMIT,20,COMPRESSION,2026-09-30,2026-09-30T04:51:13.956081
AEO,LONG,CONVICTION,66.0,BULL_BOUNCE_CONFIRMED,18.14,13.55,19.05,,21,0.2,CHOP,18.14,LIMIT,6,CONVICTION,2026-09-30,2026-09-30T04:54:36.897678
ESAB,SHORT,CONVICTION,66.0,BEAR_REJECTION_PENDING,67.8,69.36,65.31,,64,1.6,CHOP,67.6,LIMIT,20,COMPRESSION,2026-09-30,2026-09-30T04:55:00.205939
GEV,SHORT,CONVICTION,66.0,BEAR_REJECTION_PENDING,964.75,975.09,898.0,882.81,9,6.46,CHOP,963.71,LIMIT,20,CONVICTION,2026-09-30,2026-09-30T04:55:43.196308
OUST,SHORT,CONVICTION,65.9,BEAR_REJECTION_PENDING,41.01,48.37,38.96,,13,0.28,CHOP,40.21,LIMIT,19,CONVICTION,2026-09-30,2026-09-30T04:41:24.795854
DOMO,SHORT,CONVICTION,65.9,BEAR_REJECTION_PENDING,3.66,3.72,3.11,3.11,1763,9.73,CHOP,3.59,LIMIT,20,COMPRESSION,2026-09-30,2026-09-30T04:41:55.495897
WYHG,LONG,CONVICTION,65.9,BULL_BOUNCE_PENDING,3.7,3.31,3.88,,259,0.48,CHOP,3.775,LIMIT,20,MINOR,2026-09-30,2026-09-30T04:45:34.326830
HOG,SHORT,CONVICTION,65.9,BEAR_REJECTION_PENDING,25.32,26.06,21.27,23.36,134,5.44,CHOP,24.82,LIMIT,20,COMPRESSION,2026-09-30,2026-09-30T04:48:38.955946
KOLD,SHORT,CONVICTION,65.9,BEAR_REJECTION_PENDING,28.71,29.54,26.11,26.42,120,3.13,CHOP,28.15,LIMIT,20,CONVICTION,2026-09-30,2026-09-30T04:52:31.350380
ETSY,SHORT,CONVICTION,65.8,BEAR_REJECTION_PENDING,70.89,72.39,62.73,62.73,66,5.44,CHOP,69.5,LIMIT,20,COMPRESSION,2026-09-30,2026-09-30T04:54:47.756283
QLD,LONG,CONVICTION,65.8,BULL_BOUNCE_PENDING,93.35,90.55,99.02,,35,2.02,CHOP,95.26,LIMIT,20,COMPRESSION,2026-09-30,2026-09-30T05:02:23.027694
OABI,LONG,CONVICTION,65.7,BULL_BOUNCE_PENDING,4.73,4.41,4.97,,306,0.72,CHOP,4.83,LIMIT,17,MINOR,2026-09-30,2026-09-30T04:32:56.170874
UAMY,SHORT,CONVICTION,65.7,BEAR_REJECTION_PENDING,4.27,4.52,3.85,,394,1.65,CHOP,4.185,LIMIT,20,COMPRESSION,2026-09-30,2026-09-30T04:38:45.171085
LBRT,LONG,CONVICTION,65.7,BULL_BOUNCE_PENDING,18.27,17.33,20.53,20.53,106,2.41,CHOP,18.64,LIMIT,20,COMPRESSION,2026-09-30,2026-09-30T04:49:58.291258
PLNT,SHORT,CONVICTION,65.7,BEAR_REJECTION_PENDING,41.59,43.02,39.51,,69,1.45,CHOP,40.77,LIMIT,20,COMPRESSION,2026-09-30,2026-09-30T04:51:20.742090
SKHZ,SHORT,CONVICTION,65.6,BEAR_REJECTION_PENDING,9.69,9.94,9.24,,400,1.8,CHOP,9.5,LIMIT,20,COMPRESSION,2026-09-30,2026-09-30T04:52:49.375082
PCG,SHORT,CONVICTION,65.5,BEAR_REJECTION_PENDING,12.42,12.94,11.8,,192,1.19,CHOP,12.18,LIMIT,20,COMPRESSION,2026-09-30,2026-09-30T04:35:42.010092
VSEC,LONG,CONVICTION,65.5,BULL_BOUNCE_PENDING,168.16,161.8,188.64,188.64,15,3.22,CHOP,171.59,LIMIT,20,CONVICTION,2026-09-30,2026-09-30T04:46:42.130205
TBBB,LONG,CONVICTION,65.5,BULL_BOUNCE_PENDING,51.55,51.08,53.25,53.34,214,3.65,CHOP,52.4,LIMIT,11,COMPRESSION,2026-09-30,2026-09-30T04:49:07.728187
AROC,LONG,CONVICTION,65.5,BULL_BOUNCE,30.38,29.39,32.27,33.33,100,1.91,CHOP,30.38,LIMIT,20,COMPRESSION,2026-09-30,2026-09-30T04:55:38.828301
BBW,SHORT,CONVICTION,65.5,BEAR_REJECTION_PENDING,25.5,26.13,24.41,,159,1.74,CHOP,25.26,LIMIT,20,COMPRESSION,2026-09-30,2026-09-30T04:56:50.533401
MTN,LONG,CONVICTION,65.5,BULL_BOUNCE_PENDING,138.25,136.79,146.67,149.14,68,5.75,CHOP,140.85,LIMIT,20,COMPRESSION,2026-09-30,2026-09-30T05:00:48.356028
AA,LONG,CONVICTION,65.4,BULL_BOUNCE_PENDING,41.17,38.93,47.25,47.25,44,2.72,CHOP,42.01,LIMIT,20,COMPRESSION,2026-09-30,2026-09-30T04:50:37.313049
ALSN,SHORT,CONVICTION,65.4,BEAR_REJECTION_PENDING,113.23,114.4,109.87,106.58,85,2.88,CHOP,113.01,LIMIT,20,CONVICTION,2026-09-30,2026-09-30T04:53:06.892053
TZA,LONG,CONVICTION,65.4,BULL_BOUNCE_PENDING,45.84,45.21,51.0,52.05,158,8.15,CHOP,46.52,LIMIT,20,COMPRESSION,2026-09-30,2026-09-30T04:57:06.531461
TRU,SHORT,CONVICTION,65.4,BEAR_REJECTION_PENDING,64.73,66.52,61.98,,55,1.53,CHOP,63.99,LIMIT,20,CONVICTION,2026-09-30,2026-09-30T04:59:22.070593
LAES,LONG,CONVICTION,65.3,BULL_BOUNCE_PENDING,2.27,2.13,2.54,,693,1.81,CHOP,2.32,LIMIT,2,MINOR,2026-09-30,2026-09-30T04:34:54.453226
LABD,LONG,CONVICTION,65.3,BULL_BOUNCE_PENDING,6.96,6.25,8.15,,141,1.68,CHOP,7.1,LIMIT,20,COMPRESSION,2026-09-30,2026-09-30T04:48:40.076947
EYE,LONG,CONVICTION,65.3,BULL_BOUNCE,16.38,15.6,18.44,18.6,129,2.66,CHOP,16.38,LIMIT,19,COMPRESSION,2026-09-30,2026-09-30T04:55:09.689471
NXE,LONG,CONVICTION,65.2,BULL_BOUNCE_PENDING,8.91,8.44,10.35,10.2,212,3.06,CHOP,9.09,LIMIT,20,COMPRESSION,2026-09-30,2026-09-30T04:33:59.431173
BTBT,LONG,CONVICTION,65.2,BULL_BOUNCE_PENDING,1.63,1.51,1.89,1.89,885,2.34,CHOP,1.6589,LIMIT,20,COMPRESSION,2026-09-30,2026-09-30T04:34:29.359842
HAE,LONG,CONVICTION,65.2,BULL_BOUNCE_PENDING,103.68,101.92,106.67,109.25,56,1.69,CHOP,105.8,LIMIT,20,COMPRESSION,2026-09-30,2026-09-30T04:47:23.120084
VIRT,LONG,CONVICTION,65.1,BULL_BOUNCE_PENDING,52.63,50.37,60.75,59.32,44,3.6,CHOP,53.7,LIMIT,20,COMPRESSION,2026-09-30,2026-09-30T04:50:28.519038
DE,LONG,CONVICTION,65.1,BULL_BOUNCE_PENDING,675.32,670.2,685.59,689.59,19,2.01,CHOP,680.965,LIMIT,20,CONVICTION,2026-09-30,2026-09-30T04:53:59.913238
RXT,LONG,CONVICTION,65.0,BULL_BOUNCE,4.0,3.67,4.05,,307,0.16,CHOP,3.9992,LIMIT,3,MINOR,2026-09-30,2026-09-30T04:33:52.377163
AAPL,SHORT,CONVICTION,65.0,BEAR_REJECTION_PENDING,336.82,340.09,311.47,327.45,30,7.76,CHOP,330.22,LIMIT,16,VACUUM,2026-09-30,2026-09-30T04:37:26.178556
HIMS,LONG,CONVICTION,65.0,BULL_BOUNCE_PENDING,28.27,27.78,29.25,32.18,200,1.97,CHOP,28.85,LIMIT,7,MINOR,2026-09-30,2026-09-30T04:39:35.644519
DKS,LONG,CONVICTION,65.0,BULL_BOUNCE,134.7,129.77,142.36,150.7,20,1.56,CHOP,134.7,LIMIT,20,COMPRESSION,2026-09-30,2026-09-30T04:42:29.691257
IDCC,LONG,CONVICTION,65.0,BULL_BOUNCE,325.42,314.96,344.19,373.21,9,1.79,CHOP,325.42,LIMIT,20,CONVICTION,2026-09-30,2026-09-30T04:42:55.268356
SPAX,LONG,CONVICTION,65.0,BULL_BOUNCE_PENDING,9.8,9.15,10.87,11.46,154,1.66,CHOP,10.0,LIMIT,20,MINOR,2026-09-30,2026-09-30T04:43:31.898021
CAKE,LONG,CONVICTION,65.0,BULL_BOUNCE_PENDING,105.52,104.42,111.87,113.96,91,5.8,CHOP,107.0,LIMIT,12,COMPRESSION,2026-09-30,2026-09-30T04:44:12.440356
SIMO,LONG,CONVICTION,65.0,BULL_BOUNCE,276.56,259.06,303.0,,5,1.51,CHOP,276.56,LIMIT,20,MINOR,2026-09-30,2026-09-30T04:47:55.406362
HUT,LONG,CONVICTION,65.0,BULL_BOUNCE,93.0,85.45,105.51,,13,1.66,CHOP,93.0,LIMIT,20,COMPRESSION,2026-09-30,2026-09-30T04:49:50.753247
DAPP,LONG,CONVICTION,65.0,BULL_BOUNCE,19.47,18.55,20.96,21.85,108,1.62,CHOP,19.47,LIMIT,20,COMPRESSION,2026-09-30,2026-09-30T04:58:43.266313
VRT,LONG,CONVICTION,65.0,BULL_BOUNCE,248.45,236.81,281.31,282.13,8,2.82,CHOP,248.45,LIMIT,20,CONVICTION,2026-09-30,2026-09-30T04:58:55.998330
DFDV,SHORT,CONVICTION,65.0,BEAR_REJECTION_PENDING,5.72,6.07,4.79,4.85,287,2.68,CHOP,5.61,LIMIT,20,COMPRESSION,2026-09-30,2026-09-30T05:01:57.287980
MVST,LONG,CONVICTION,64.9,BULL_BOUNCE_CONFIRMED,0.66,0.63,0.72,0.73,3893,2.38,CHOP,0.6598,LIMIT,20,MINOR,2026-09-30,2026-09-30T04:34:38.373760
GOF,SHORT,CONVICTION,64.9,BEAR_REJECTION_PENDING,8.65,9.07,8.22,,240,1.04,CHOP,8.53,LIMIT,20,COMPRESSION,2026-09-30,2026-09-30T04:54:07.164326
BURL,LONG,CONVICTION,64.8,BULL_BOUNCE_PENDING,267.38,264.81,306.38,293.01,38,15.17,CHOP,270.04,LIMIT,20,CONVICTION,2026-09-30,2026-09-30T05:02:13.917679
DAN,LONG,CONVICTION,64.7,BULL_BOUNCE_PENDING,26.75,25.45,30.55,29.93,76,2.92,CHOP,27.3,LIMIT,20,COMPRESSION,2026-09-30,2026-09-30T04:50:46.137063
TDC,SHORT,CONVICTION,64.7,BEAR_REJECTION_PENDING,29.57,31.31,26.86,24.9,57,1.56,CHOP,28.99,LIMIT,8,VACUUM,2026-09-30,2026-09-30T04:51:28.553190
ACHR,LONG,CONVICTION,64.6,BULL_BOUNCE_PENDING,5.01,4.81,5.51,5.51,496,2.52,CHOP,5.11,LIMIT,20,MINOR,2026-09-30,2026-09-30T04:35:23.427081
KHC,LONG,CONVICTION,64.6,BULL_BOUNCE_PENDING,23.03,21.81,25.0,27.01,81,1.61,CHOP,23.5,LIMIT,20,COMPRESSION,2026-09-30,2026-09-30T04:35:45.022157
BROS,SHORT,CONVICTION,64.5,BEAR_REJECTION_PENDING,38.95,44.12,37.01,,19,0.38,CHOP,38.19,LIMIT,20,COMPRESSION,2026-09-30,2026-09-30T04:57:43.531646
ELMT,SHORT,CONVICTION,64.5,BEAR_REJECTION_PENDING,19.23,19.98,17.01,16.37,133,2.97,CHOP,19.2149,LIMIT,20,COMPRESSION,2026-09-30,2026-09-30T05:00:53.476566
FRVO,SHORT,CONVICTION,64.4,BEAR_REJECTION_PENDING,13.99,14.36,13.29,,267,1.87,CHOP,13.8,LIMIT,20,COMPRESSION,2026-09-30,2026-09-30T04:42:40.260802
EROC,SHORT,CONVICTION,64.4,BEAR_REJECTION_PENDING,12.52,12.83,10.73,11.4,317,5.69,CHOP,12.31,LIMIT,20,COMPRESSION,2026-09-30,2026-09-30T04:47:16.484073
SST,LONG,CONVICTION,64.4,BULL_BOUNCE_PENDING,2.64,2.41,3.09,,449,2.04,CHOP,2.69,LIMIT,17,MINOR,2026-09-30,2026-09-30T04:58:26.172700
TREX,SHORT,CONVICTION,64.3,BEAR_REJECTION_PENDING,44.7,45.59,39.43,40.24,112,5.94,CHOP,44.06,LIMIT,20,COMPRESSION,2026-09-30,2026-09-30T04:40:05.798398
FTHM,LONG,CONVICTION,64.3,BULL_BOUNCE,0.49,0.44,0.5,,1941,0.21,CHOP,0.489,LIMIT,20,COMPRESSION,2026-09-30,2026-09-30T04:41:04.228631
WING,SHORT,CONVICTION,64.3,BEAR_REJECTION_PENDING,110.56,115.64,99.81,99.06,19,2.11,CHOP,108.3878,LIMIT,15,COMPRESSION,2026-09-30,2026-09-30T04:50:28.589045
IMNM,LONG,CONVICTION,64.3,BULL_BOUNCE_PENDING,21.45,20.24,23.67,24.63,82,1.83,CHOP,21.89,LIMIT,20,MINOR,2026-09-30,2026-09-30T04:52:28.577641
MMED,LONG,CONVICTION,64.3,BULL_BOUNCE_PENDING,19.64,18.76,21.79,,113,2.44,CHOP,20.04,LIMIT,20,COMPRESSION,2026-09-30,2026-09-30T04:57:34.338633
ALMR,LONG,CONVICTION,64.2,BULL_BOUNCE_PENDING,32.47,31.81,34.83,35.2,151,3.59,CHOP,32.65,LIMIT,20,COMPRESSION,2026-09-30,2026-09-30T04:32:59.142877
XP,LONG,CONVICTION,64.2,BULL_BOUNCE_PENDING,19.86,18.61,22.14,22.88,79,1.82,CHOP,20.27,LIMIT,10,COMPRESSION,2026-09-30,2026-09-30T04:39:49.377536
OLLI,SHORT,CONVICTION,64.2,BEAR_REJECTION_PENDING,88.31,94.35,77.08,74.72,16,1.86,CHOP,86.58,LIMIT,11,COMPRESSION,2026-09-30,2026-09-30T04:43:16.822000
LFST,LONG,CONVICTION,64.2,BULL_BOUNCE_PENDING,11.64,11.27,12.56,12.5,270,2.49,CHOP,11.88,LIMIT,20,COMPRESSION,2026-09-30,2026-09-30T04:44:43.985930
LECO,LONG,CONVICTION,64.2,BULL_BOUNCE_PENDING,269.09,266.45,277.89,275.09,37,3.33,CHOP,270.81,LIMIT,20,CONVICTION,2026-09-30,2026-09-30T04:55:48.316316
GGLL,SHORT,CONVICTION,64.2,BEAR_REJECTION_PENDING,101.48,104.73,95.66,92.33,30,1.79,CHOP,99.49,LIMIT,20,COMPRESSION,2026-09-30,2026-09-30T04:56:59.295920
APA,SHORT,CONVICTION,64.1,BEAR_REJECTION_PENDING,42.8,43.9,38.24,38.24,91,4.15,CHOP,42.19,LIMIT,20,COMPRESSION,2026-09-30,2026-09-30T04:42:02.592718
EQH,SHORT,CONVICTION,64.1,BEAR_REJECTION_PENDING,53.23,54.11,46.08,47.0,114,8.17,CHOP,52.19,LIMIT,20,COMPRESSION,2026-09-30,2026-09-30T04:57:49.161654
TSCO,SHORT,CONVICTION,64.0,BEAR_REJECTION_PENDING,32.0,32.87,30.17,,114,2.09,CHOP,31.51,LIMIT,20,COMPRESSION,2026-09-30,2026-09-30T04:36:04.208582
AAOI,LONG,CONVICTION,64.0,BULL_BOUNCE,101.1,94.6,114.06,,15,1.99,CHOP,101.1,LIMIT,19,CONVICTION,2026-09-30,2026-09-30T04:36:45.500279
NVTS,LONG,CONVICTION,64.0,BULL_BOUNCE,11.69,10.98,13.2,13.37,140,2.13,CHOP,11.69,LIMIT,20,COMPRESSION,2026-09-30,2026-09-30T04:39:30.866511
HALO,LONG,CONVICTION,64.0,BULL_BOUNCE,111.52,108.47,117.1,,32,1.83,CHOP,111.52,LIMIT,20,VACUUM,2026-09-30,2026-09-30T04:42:50.150350
GLOB,SHORT,CONVICTION,64.0,BEAR_REJECTION_PENDING,34.81,35.88,32.26,32.26,93,2.39,CHOP,34.61,LIMIT,20,MINOR,2026-09-30,2026-09-30T04:44:34.091916
TER,LONG,CONVICTION,64.0,BULL_BOUNCE,402.18,382.75,461.0,451.87,5,3.03,CHOP,402.18,LIMIT,20,CONVICTION,2026-09-30,2026-09-30T04:50:59.741082
DLTR,LONG,CONVICTION,64.0,BULL_BOUNCE_PENDING,111.23,95.39,116.79,,6,0.35,CHOP,113.5,LIMIT,20,COMPRESSION,2026-09-30,2026-09-30T04:54:46.393676
DUST,LONG,CONVICTION,64.0,BULL_BOUNCE,38.87,36.44,42.56,44.6,41,1.52,CHOP,38.87,LIMIT,20,COMPRESSION,2026-09-30,2026-09-30T04:56:57.669917
LEA,LONG,CONVICTION,64.0,BULL_BOUNCE_PENDING,116.93,114.58,128.45,128.87,42,4.9,CHOP,119.32,LIMIT,20,CONVICTION,2026-09-30,2026-09-30T04:57:55.560662
NUR,SHORT,CONVICTION,64.0,BEAR_REJECTION_PENDING,1.04,1.1,0.98,,1496,0.77,CHOP,1.015,LIMIT,20,COMPRESSION,2026-09-30,2026-09-30T04:59:53.100222
TRMD,LONG,CONVICTION,64.0,BULL_BOUNCE_PENDING,36.72,36.02,37.81,38.51,143,1.57,CHOP,37.46,LIMIT,20,COMPRESSION,2026-09-30,2026-09-30T05:00:28.792934
QS,SHORT,CONVICTION,63.9,BEAR_REJECTION_PENDING,4.68,4.93,4.25,,395,1.71,CHOP,4.59,LIMIT,20,COMPRESSION,2026-09-30,2026-09-30T04:39:45.756530
TEAM,LONG,CONVICTION,63.9,BULL_BOUNCE_PENDING,172.96,166.98,182.11,192.01,16,1.53,CHOP,176.49,LIMIT,20,CONVICTION,2026-09-30,2026-09-30T04:40:55.572072
NASA,SHORT,CONVICTION,63.9,BEAR_REJECTION_PENDING,24.16,24.82,22.94,22.33,150,1.84,CHOP,23.95,LIMIT,20,MINOR,2026-09-30,2026-09-30T04:43:08.907993
VCX,SHORT,CONVICTION,63.9,BEAR_REJECTION_PENDING,29.74,30.33,28.51,28.41,169,2.08,CHOP,29.51,LIMIT,20,COMPRESSION,2026-09-30,2026-09-30T04:49:12.611193
NUE,LONG,CONVICTION,63.9,BULL_BOUNCE,236.24,228.6,257.25,267.4,13,2.75,CHOP,236.24,LIMIT,20,CONVICTION,2026-09-30,2026-09-30T04:58:05.636984
APH,LONG,CONVICTION,63.9,BULL_BOUNCE_PENDING,83.06,77.92,87.22,,19,0.81,CHOP,84.76,LIMIT,3,VACUUM,2026-09-30,2026-09-30T05:02:32.067956
IBM,LONG,CONVICTION,63.8,BULL_BOUNCE_PENDING,215.97,213.12,222.5,222.5,35,2.29,CHOP,220.0,LIMIT,20,CONVICTION,2026-09-30,2026-09-30T04:37:36.729577
RUN,SHORT,CONVICTION,63.8,BEAR_REJECTION_PENDING,7.89,8.15,7.23,,391,2.6,CHOP,7.74,LIMIT,20,COMPRESSION,2026-09-30,2026-09-30T04:37:43.045580
BNTX,LONG,CONVICTION,63.8,BULL_BOUNCE_PENDING,96.86,95.72,102.34,111.69,87,4.79,CHOP,98.84,LIMIT,20,CONVICTION,2026-09-30,2026-09-30T04:53:55.366413
CHPY,LONG,CONVICTION,63.8,BULL_BOUNCE,69.76,67.89,77.35,76.1,53,4.06,CHOP,69.76,LIMIT,20,CONVICTION,2026-09-30,2026-09-30T05:02:35.573961
VOYG,SHORT,CONVICTION,63.7,BEAR_REJECTION_PENDING,31.67,33.58,27.67,26.74,52,2.1,CHOP,31.05,LIMIT,20,CONVICTION,2026-09-30,2026-09-30T04:43:44.884041
KNX,LONG,CONVICTION,63.7,BULL_BOUNCE_PENDING,62.91,59.4,70.3,72.5,28,2.11,CHOP,64.19,LIMIT,20,COMPRESSION,2026-09-30,2026-09-30T04:47:30.481093
BTGO,SHORT,CONVICTION,63.7,BEAR_REJECTION_PENDING,7.29,7.52,6.94,6.54,449,1.6,CHOP,7.27,LIMIT,20,COMPRESSION,2026-09-30,2026-09-30T05:01:56.470979
HBAN,SHORT,CONVICTION,63.6,BEAR_REJECTION_PENDING,15.39,15.67,14.5,13.12,366,3.28,CHOP,15.3732,LIMIT,20,COMPRESSION,2026-09-30,2026-09-30T04:38:42.956169
ON,LONG,CONVICTION,63.6,BULL_BOUNCE_PENDING,73.91,72.59,79.99,86.19,75,4.6,CHOP,75.42,LIMIT,20,CONVICTION,2026-09-30,2026-09-30T04:39:02.099110
FSK,SHORT,CONVICTION,63.6,BEAR_REJECTION_PENDING,11.25,11.37,10.62,10.67,858,5.41,CHOP,11.1,LIMIT,20,COMPRESSION,2026-09-30,2026-09-30T04:42:41.221804
OLED,SHORT,CONVICTION,63.6,BEAR_REJECTION_PENDING,77.0,77.91,74.37,73.77,109,2.88,CHOP,76.16,LIMIT,20,COMPRESSION,2026-09-30,2026-09-30T04:46:19.428169
PAY,SHORT,CONVICTION,63.6,BEAR_REJECTION_PENDING,30.52,31.1,29.33,28.87,169,2.01,CHOP,30.0,LIMIT,20,COMPRESSION,2026-09-30,2026-09-30T04:54:14.932295
VIST,LONG,CONVICTION,63.6,BULL_BOUNCE_PENDING,65.62,64.66,71.44,71.44,104,6.07,CHOP,66.75,LIMIT,20,COMPRESSION,2026-09-30,2026-09-30T04:58:19.350689
SNAP,LONG,CONVICTION,63.5,BULL_BOUNCE_PENDING,5.24,4.66,5.51,,170,0.45,CHOP,5.35,LIMIT,14,MINOR,2026-09-30,2026-09-30T04:32:35.645316
CAPS,LONG,CONVICTION,63.5,BULL_BOUNCE_PENDING,0.15,0.15,0.18,0.18,15328,3.39,CHOP,0.1563,LIMIT,3,COMPRESSION,2026-09-30,2026-09-30T04:36:07.977589
CONL,LONG,CONVICTION,63.5,BULL_BOUNCE_PENDING,5.78,5.0,6.07,,128,0.37,CHOP,5.9,LIMIT,20,COMPRESSION,2026-09-30,2026-09-30T04:42:22.273247
SNDQ,LONG,CONVICTION,63.5,BULL_BOUNCE_PENDING,10.64,10.08,11.81,,176,2.06,CHOP,10.86,LIMIT,19,MINOR,2026-09-30,2026-09-30T04:43:29.046017
SEZL,LONG,CONVICTION,63.5,BULL_BOUNCE_PENDING,105.35,102.29,110.45,121.76,32,1.66,CHOP,107.5,LIMIT,20,COMPRESSION,2026-09-30,2026-09-30T04:46:27.869183
BILI,LONG,CONVICTION,63.5,BULL_BOUNCE_CONFIRMED,15.11,14.58,16.66,16.53,187,2.92,CHOP,15.11,LIMIT,20,COMPRESSION,2026-09-30,2026-09-30T04:56:22.393061
FNGU,LONG,CONVICTION,63.5,BULL_BOUNCE_PENDING,34.05,32.82,36.38,,80,1.88,CHOP,34.75,LIMIT,17,COMPRESSION,2026-09-30,2026-09-30T04:58:46.096317
GVA,LONG,CONVICTION,63.5,BULL_BOUNCE_PENDING,113.94,107.37,127.0,132.15,15,1.99,CHOP,116.27,LIMIT,20,COMPRESSION,2026-09-30,2026-09-30T05:03:27.168280
GOSS,LONG,CONVICTION,63.4,BULL_BOUNCE_PENDING,11.12,10.24,12.78,,113,1.87,CHOP,11.35,LIMIT,12,COMPRESSION,2026-09-30,2026-09-30T04:40:52.919533
QNST,SHORT,CONVICTION,63.4,BEAR_REJECTION_PENDING,14.73,15.45,13.34,12.51,139,1.94,CHOP,14.44,LIMIT,14,COMPRESSION,2026-09-30,2026-09-30T04:43:21.400006
RDDT,SHORT,CONVICTION,63.4,BEAR_REJECTION_PENDING,149.0,151.13,126.06,141.21,46,10.76,CHOP,146.12,LIMIT,20,COMPRESSION,2026-09-30,2026-09-30T04:43:23.222009
POST,SHORT,CONVICTION,63.4,BEAR_REJECTION_PENDING,74.42,75.24,72.95,,121,1.78,CHOP,73.43,LIMIT,20,COMPRESSION,2026-09-30,2026-09-30T04:47:47.629568
YUM,LONG,CONVICTION,63.4,BULL_BOUNCE_PENDING,135.24,127.45,150.02,153.44,12,1.9,CHOP,138.0,LIMIT,20,COMPRESSION,2026-09-30,2026-09-30T04:48:08.573367
HLI,LONG,CONVICTION,63.4,BULL_BOUNCE_PENDING,124.91,121.93,130.12,145.77,33,1.75,CHOP,127.46,LIMIT,20,COMPRESSION,2026-09-30,2026-09-30T04:48:35.581943
SYNA,LONG,CONVICTION,63.4,BULL_BOUNCE_PENDING,98.77,95.93,105.32,111.66,35,2.3,CHOP,100.79,LIMIT,20,CONVICTION,2026-09-30,2026-09-30T05:00:49.104029
TRIP,SHORT,CONVICTION,63.4,BEAR_REJECTION_PENDING,8.51,8.62,8.1,8.1,889,3.65,CHOP,8.42,LIMIT,9,COMPRESSION,2026-09-30,2026-09-30T05:03:11.975235
WMT,LONG,CONVICTION,63.3,BULL_BOUNCE_PENDING,104.84,101.07,117.47,119.58,26,3.35,CHOP,106.98,LIMIT,20,COMPRESSION,2026-09-30,2026-09-30T04:35:06.273468
PATH,LONG,CONVICTION,63.3,BULL_BOUNCE_PENDING,12.06,10.79,14.14,,78,1.62,CHOP,12.31,LIMIT,20,COMPRESSION,2026-09-30,2026-09-30T04:39:50.950538
KRMN,LONG,CONVICTION,63.3,BULL_BOUNCE_PENDING,32.34,30.62,35.03,36.5,58,1.57,CHOP,33.0,LIMIT,20,COMPRESSION,2026-09-30,2026-09-30T04:42:59.274363
BAM,SHORT,CONVICTION,63.3,BEAR_REJECTION_PENDING,45.69,46.24,44.6,43.86,181,1.98,CHOP,45.35,LIMIT,20,COMPRESSION,2026-09-30,2026-09-30T04:45:46.561848
MIAX,LONG,CONVICTION,63.3,BULL_BOUNCE_PENDING,33.08,30.96,36.5,38.22,47,1.62,CHOP,33.75,LIMIT,20,COMPRESSION,2026-09-30,2026-09-30T04:47:39.708644
MTSI,SHORT,CONVICTION,63.3,BEAR_REJECTION_PENDING,286.43,291.26,272.58,260.32,20,2.87,CHOP,284.27,LIMIT,20,CONVICTION,2026-09-30,2026-09-30T04:58:48.312319
TSHA,SHORT,CONVICTION,63.2,BEAR_REJECTION_PENDING,5.09,5.31,4.64,,458,2.04,CHOP,4.99,LIMIT,20,COMPRESSION,2026-09-30,2026-09-30T04:35:23.390081
BLDR,SHORT,CONVICTION,63.2,BEAR_REJECTION_PENDING,58.06,58.83,55.16,,129,3.76,CHOP,57.0108,LIMIT,20,COMPRESSION,2026-09-30,2026-09-30T04:45:38.688836
ADM,SHORT,CONVICTION,63.1,BEAR_REJECTION_PENDING,80.4,82.56,69.51,71.58,46,5.03,CHOP,79.44,LIMIT,20,COMPRESSION,2026-09-30,2026-09-30T04:43:52.627585
OCTV,SHORT,CONVICTION,63.1,BEAR_REJECTION_PENDING,18.88,19.15,16.72,18.16,377,8.14,CHOP,18.63,LIMIT,18,COMPRESSION,2026-09-30,2026-09-30T04:47:45.524563
WU,SHORT,CONVICTION,63.1,BEAR_REJECTION_PENDING,6.06,6.15,5.76,,1103,3.34,CHOP,6.01,LIMIT,20,COMPRESSION,2026-09-30,2026-09-30T04:49:21.353206
LQDA,LONG,CONVICTION,63.1,BULL_BOUNCE_CONFIRMED,70.81,65.77,79.95,,19,1.81,CHOP,70.81,LIMIT,20,VACUUM,2026-09-30,2026-09-30T04:50:01.911263
CRSP,SHORT,CONVICTION,63.1,BEAR_REJECTION_PENDING,56.03,57.23,48.04,50.55,83,6.66,CHOP,55.84,LIMIT,20,COMPRESSION,2026-09-30,2026-09-30T04:51:58.827233
MSGY,LONG,CONVICTION,63.0,BULL_BOUNCE_PENDING,4.57,4.15,5.3,,242,1.78,CHOP,4.62,LIMIT,20,VACUUM,2026-09-30,2026-09-30T04:41:15.139843
UPST,SHORT,CONVICTION,63.0,BEAR_REJECTION_PENDING,23.43,23.93,22.26,,200,2.35,CHOP,23.29,LIMIT,20,COMPRESSION,2026-09-30,2026-09-30T04:41:19.029847
NESR,SHORT,CONVICTION,63.0,BEAR_REJECTION_PENDING,27.08,29.96,25.73,,34,0.47,CHOP,26.55,LIMIT,20,CONVICTION,2026-09-30,2026-09-30T04:44:56.538948
RYAN,SHORT,CONVICTION,63.0,BEAR_REJECTION_PENDING,38.61,41.32,34.0,,36,1.7,CHOP,37.85,LIMIT,20,COMPRESSION,2026-09-30,2026-09-30T04:47:52.442574
ANDG,LONG,CONVICTION,63.0,BULL_BOUNCE_PENDING,54.36,51.94,57.08,,41,1.12,CHOP,55.47,LIMIT,11,MINOR,2026-09-30,2026-09-30T04:53:06.940053
BKYI,LONG,CONVICTION,63.0,BULL_BOUNCE_PENDING,2.8,2.66,2.94,,724,1.01,CHOP,2.8332,LIMIT,8,MINOR,2026-09-30,2026-09-30T05:03:37.837842
CHRW,SHORT,CONVICTION,62.9,BEAR_REJECTION_PENDING,152.27,157.65,143.86,127.19,18,1.56,CHOP,149.2827,LIMIT,20,CONVICTION,2026-09-30,2026-09-30T04:48:09.178368
UNG,SHORT,CONVICTION,62.9,BEAR_REJECTION_PENDING,10.51,10.84,9.99,9.67,299,1.56,CHOP,10.41,LIMIT,20,COMPRESSION,2026-09-30,2026-09-30T04:55:29.944290
IBP,LONG,CONVICTION,62.8,BULL_BOUNCE_PENDING,191.1,185.05,210.68,208.15,16,3.24,CHOP,195.0,LIMIT,20,MINOR,2026-09-30,2026-09-30T04:46:08.514153
AMAT,LONG,CONVICTION,62.7,BULL_BOUNCE_PENDING,500.37,484.33,582.01,562.54,6,5.09,CHOP,510.58,LIMIT,20,CONVICTION,2026-09-30,2026-09-30T04:38:14.801537
AMC,LONG,CONVICTION,62.7,BULL_BOUNCE_PENDING,3.02,2.66,3.17,,282,0.43,CHOP,3.08,LIMIT,17,MINOR,2026-09-30,2026-09-30T04:39:55.840544
MSTY,LONG,CONVICTION,62.7,BULL_BOUNCE_PENDING,15.83,14.57,17.92,,79,1.66,CHOP,16.15,LIMIT,20,COMPRESSION,2026-09-30,2026-09-30T04:52:37.899473
MIMI,LONG,CONVICTION,62.7,BULL_BOUNCE_PENDING,0.82,0.67,0.87,,632,0.26,CHOP,0.8415,LIMIT,20,MINOR,2026-09-30,2026-09-30T04:56:13.394069
SPHL,SHORT,CONVICTION,62.7,BEAR_REJECTION_PENDING,2.3,2.41,2.07,2.03,892,2.05,CHOP,2.28,LIMIT,20,COMPRESSION,2026-09-30,2026-09-30T05:02:58.840993
SPCF,LONG,CONVICTION,62.6,BULL_BOUNCE_PENDING,16.12,15.13,17.88,18.85,101,1.77,CHOP,16.45,LIMIT,20,COMPRESSION,2026-09-30,2026-09-30T04:43:33.390023
XNCR,LONG,CONVICTION,62.6,BULL_BOUNCE_PENDING,24.67,23.51,26.61,28.71,86,1.68,CHOP,25.17,LIMIT,12,COMPRESSION,2026-09-30,2026-09-30T04:53:00.846992
BABX,LONG,CONVICTION,62.6,BULL_BOUNCE_PENDING,16.04,13.86,16.84,,45,0.37,CHOP,16.37,LIMIT,20,COMPRESSION,2026-09-30,2026-09-30T04:53:12.565961
IR,LONG,CONVICTION,62.6,BULL_BOUNCE_PENDING,74.95,72.15,82.78,82.78,35,2.79,CHOP,76.48,LIMIT,20,COMPRESSION,2026-09-30,2026-09-30T05:02:51.667983
FRPT,SHORT,CONVICTION,62.5,BEAR_REJECTION_PENDING,57.17,58.2,55.04,51.21,97,2.07,CHOP,57.15,LIMIT,20,COMPRESSION,2026-09-30,2026-09-30T04:46:01.837658
BL,SHORT,CONVICTION,62.5,BEAR_REJECTION_PENDING,26.38,26.74,25.49,25.02,276,2.46,CHOP,26.37,LIMIT,20,CONVICTION,2026-09-30,2026-09-30T04:48:15.091377
EEFT,SHORT,CONVICTION,62.5,BEAR_REJECTION_PENDING,64.44,65.25,63.2,,122,1.52,CHOP,64.2,LIMIT,20,COMPRESSION,2026-09-30,2026-09-30T04:57:47.649652
AOUT,LONG,CONVICTION,62.5,BULL_BOUNCE,16.88,16.19,17.72,,144,1.22,CHOP,16.88,LIMIT,16,MINOR,2026-09-30,2026-09-30T04:58:59.151336
TEN,LONG,CONVICTION,62.5,BULL_BOUNCE_PENDING,46.26,44.54,49.45,50.28,58,1.86,CHOP,47.2,LIMIT,20,CONVICTION,2026-09-30,2026-09-30T05:00:51.010562
PWP,SHORT,CONVICTION,62.4,BEAR_REJECTION_PENDING,16.5,17.13,14.3,14.36,158,3.48,CHOP,16.45,LIMIT,17,COMPRESSION,2026-09-30,2026-09-30T05:03:42.223854
HTZ,SHORT,CONVICTION,62.3,BEAR_REJECTION_PENDING,1.71,1.76,1.53,,2356,4.21,CHOP,1.68,LIMIT,20,COMPRESSION,2026-09-30,2026-09-30T04:36:18.067841
AXON,SHORT,CONVICTION,62.3,BEAR_REJECTION_PENDING,418.1,424.47,393.59,371.44,15,3.85,CHOP,418.0,LIMIT,20,CONVICTION,2026-09-30,2026-09-30T04:42:14.399236
WHR,SHORT,CONVICTION,62.3,BEAR_REJECTION_PENDING,31.39,31.96,29.82,,174,2.74,CHOP,30.77,LIMIT,20,COMPRESSION,2026-09-30,2026-09-30T04:46:42.237207
TYL,LONG,CONVICTION,62.3,BULL_BOUNCE_PENDING,310.07,304.46,320.75,359.03,17,1.9,CHOP,316.4,LIMIT,20,CONVICTION,2026-09-30,2026-09-30T04:56:38.946083
TLYS,LONG,CONVICTION,62.3,BULL_BOUNCE_PENDING,4.56,4.4,4.82,,640,1.69,CHOP,4.65,LIMIT,16,MINOR,2026-09-30,2026-09-30T04:58:33.095712
HPE,LONG,CONVICTION,62.2,BULL_BOUNCE_PENDING,60.29,58.21,63.74,,48,1.66,CHOP,61.52,LIMIT,20,MINOR,2026-09-30,2026-09-30T04:37:11.615284
ZSL,LONG,CONVICTION,62.2,BULL_BOUNCE_PENDING,26.39,24.62,29.44,30.92,56,1.72,CHOP,26.93,LIMIT,20,VACUUM,2026-09-30,2026-09-30T04:51:31.382194
ZD,SHORT,CONVICTION,62.2,BEAR_REJECTION_PENDING,57.46,59.43,53.72,50.95,50,1.9,CHOP,56.33,LIMIT,20,COMPRESSION,2026-09-30,2026-09-30T05:01:23.873815
STLA,SHORT,CONVICTION,62.1,BEAR_REJECTION_PENDING,4.57,4.85,4.34,,351,0.8,CHOP,4.48,LIMIT,20,COMPRESSION,2026-09-30,2026-09-30T04:39:22.789966
ENS,LONG,CONVICTION,62.1,BULL_BOUNCE_PENDING,179.31,177.09,187.6,207.44,44,3.72,CHOP,182.1,LIMIT,20,CONVICTION,2026-09-30,2026-09-30T04:49:43.830238
HRMY,LONG,CONVICTION,62.1,BULL_BOUNCE_PENDING,38.5,36.57,41.87,,51,1.74,CHOP,39.29,LIMIT,20,COMPRESSION,2026-09-30,2026-09-30T04:57:54.245660
SWKS,SHORT,CONVICTION,62.0,BEAR_REJECTION_PENDING,89.4,91.16,78.76,77.31,56,6.05,CHOP,88.44,LIMIT,10,CONVICTION,2026-09-30,2026-09-30T04:32:18.206205
ABT,LONG,CONVICTION,62.0,BULL_BOUNCE_PENDING,100.48,99.2,111.54,108.61,78,8.63,CHOP,101.3,LIMIT,20,COMPRESSION,2026-09-30,2026-09-30T04:35:30.265736
RF,SHORT,CONVICTION,62.0,BEAR_REJECTION_PENDING,27.16,27.97,25.68,24.49,123,1.82,CHOP,26.89,LIMIT,20,COMPRESSION,2026-09-30,2026-09-30T04:36:28.542395
MRK,LONG,CONVICTION,62.0,BULL_BOUNCE_PENDING,149.25,147.92,153.11,156.18,75,2.89,CHOP,150.0,LIMIT,13,MINOR,2026-09-30,2026-09-30T04:40:38.506980
PI,SHORT,CONVICTION,62.0,BEAR_REJECTION_PENDING,176.98,179.15,167.33,162.49,45,4.44,CHOP,176.45,LIMIT,20,CONVICTION,2026-09-30,2026-09-30T04:43:20.451005
BSP,SHORT,CONVICTION,62.0,BEAR_REJECTION_PENDING,33.62,34.44,32.23,,122,1.69,CHOP,32.96,LIMIT,20,COMPRESSION,2026-09-30,2026-09-30T04:44:07.732355
FOUR,SHORT,CONVICTION,62.0,BEAR_REJECTION_PENDING,37.13,37.83,35.27,,142,2.65,CHOP,37.08,LIMIT,20,COMPRESSION,2026-09-30,2026-09-30T04:44:27.416909
PARR,SHORT,CONVICTION,62.0,BEAR_REJECTION_PENDING,79.0,80.68,68.53,67.53,59,6.24,CHOP,78.5,LIMIT,20,COMPRESSION,2026-09-30,2026-09-30T04:45:08.528795
MATX,SHORT,CONVICTION,62.0,BEAR_REJECTION_PENDING,230.96,236.12,217.33,216.0,19,2.64,CHOP,226.43,LIMIT,20,COMPRESSION,2026-09-30,2026-09-30T04:47:39.255647
DINO,SHORT,CONVICTION,62.0,BEAR_REJECTION_PENDING,105.02,107.21,101.61,97.0,45,1.55,CHOP,104.9,LIMIT,20,MINOR,2026-09-30,2026-09-30T04:48:23.861391
FICO,SHORT,CONVICTION,62.0,BEAR_REJECTION_PENDING,614.0,628.63,583.3,,6,2.1,CHOP,613.0,LIMIT,20,CONVICTION,2026-09-30,2026-09-30T04:48:32.558938
MSTU,SHORT,CONVICTION,62.0,BEAR_REJECTION_PENDING,40.48,41.83,38.0,36.4,74,1.84,CHOP,40.36,LIMIT,20,COMPRESSION,2026-09-30,2026-09-30T04:52:37.534472
GFL,SHORT,CONVICTION,62.0,BEAR_REJECTION_PENDING,42.9,43.69,39.75,39.7,127,4.0,CHOP,42.4584,LIMIT,20,COMPRESSION,2026-09-30,2026-09-30T04:56:58.560928
AUUD,LONG,CONVICTION,62.0,BULL_BOUNCE_PENDING,1.17,1.09,1.3,,1268,1.7,CHOP,1.19,LIMIT,20,COMPRESSION,2026-09-30,2026-09-30T04:57:20.629751
CHPT,LONG,CONVICTION,62.0,BULL_BOUNCE_PENDING,9.28,8.6,9.74,,147,0.68,CHOP,9.47,LIMIT,13,MINOR,2026-09-30,2026-09-30T04:58:23.140696
COLD,SHORT,CONVICTION,62.0,BEAR_REJECTION_PENDING,13.98,14.67,12.13,12.0,145,2.69,CHOP,13.8905,LIMIT,20,COMPRESSION,2026-09-30,2026-09-30T05:00:17.016767
BG,LONG,CONVICTION,62.0,BULL_BOUNCE_PENDING,106.06,101.81,115.5,120.52,23,2.23,CHOP,108.2196,LIMIT,20,COMPRESSION,2026-09-30,2026-09-30T05:01:38.902899
BSY,SHORT,CONVICTION,61.9,BEAR_REJECTION_PENDING,31.72,32.06,30.41,30.12,294,3.86,CHOP,31.12,LIMIT,20,COMPRESSION,2026-09-30,2026-09-30T04:45:50.772854
LBRDK,LONG,CONVICTION,61.9,BULL_BOUNCE_PENDING,35.41,33.68,39.83,41.38,57,2.55,CHOP,36.13,LIMIT,7,COMPRESSION,2026-09-30,2026-09-30T04:46:11.598158
EQX,LONG,CONVICTION,61.8,BULL_BOUNCE_PENDING,11.31,10.69,12.48,12.86,161,1.9,CHOP,11.5364,LIMIT,20,COMPRESSION,2026-09-30,2026-09-30T04:36:00.469587
IONS,LONG,CONVICTION,61.8,BULL_BOUNCE_PENDING,44.97,43.32,51.37,51.36,60,3.87,CHOP,45.89,LIMIT,20,COMPRESSION,2026-09-30,2026-09-30T04:49:54.785260
PTGX,SHORT,CONVICTION,61.8,BEAR_REJECTION_PENDING,141.31,143.26,125.89,122.04,51,7.9,CHOP,140.97,LIMIT,20,MINOR,2026-09-30,2026-09-30T04:50:17.935023
ETHA,SHORT,CONVICTION,61.8,BEAR_REJECTION_PENDING,20.48,20.8,18.89,18.47,309,4.91,CHOP,20.12,LIMIT,20,COMPRESSION,2026-09-30,2026-09-30T04:52:05.117241
INTC,LONG,CONVICTION,61.7,BULL_BOUNCE_PENDING,113.84,108.54,127.0,130.81,18,2.49,CHOP,116.16,LIMIT,20,CONVICTION,2026-09-30,2026-09-30T04:33:05.795488
WYFI,SHORT,CONVICTION,61.7,BEAR_REJECTION_PENDING,19.04,19.45,18.37,17.86,245,1.65,CHOP,18.78,LIMIT,20,COMPRESSION,2026-09-30,2026-09-30T04:39:24.733969
LEU,SHORT,CONVICTION,61.7,BEAR_REJECTION_PENDING,141.0,143.69,131.45,134.52,37,3.54,CHOP,139.0,LIMIT,20,CONVICTION,2026-09-30,2026-09-30T04:43:02.884368
BAX,SHORT,CONVICTION,61.6,BEAR_REJECTION_PENDING,23.95,24.98,21.95,21.23,96,1.93,CHOP,23.48,LIMIT,19,COMPRESSION,2026-09-30,2026-09-30T04:35:34.323397
BTE,LONG,CONVICTION,61.5,BULL_BOUNCE_PENDING,4.41,4.27,4.76,4.76,706,2.47,CHOP,4.5,LIMIT,20,COMPRESSION,2026-09-30,2026-09-30T04:34:23.878825
CTSH,LONG,CONVICTION,61.5,BULL_BOUNCE_PENDING,55.8,55.07,62.3,59.0,137,8.93,CHOP,56.8,LIMIT,20,COMPRESSION,2026-09-30,2026-09-30T04:38:40.319679
RKT,SHORT,CONVICTION,61.5,BEAR_REJECTION_PENDING,12.04,12.25,11.46,,468,2.72,CHOP,11.95,LIMIT,20,COMPRESSION,2026-09-30,2026-09-30T04:38:58.177103
INDI,LONG,CONVICTION,61.5,BULL_BOUNCE_PENDING,2.94,2.81,3.24,3.24,751,2.25,CHOP,3.0,LIMIT,20,COMPRESSION,2026-09-30,2026-09-30T04:48:39.142946
LEGN,LONG,CONVICTION,61.5,BULL_BOUNCE_PENDING,18.58,17.57,20.22,20.94,99,1.63,CHOP,18.96,LIMIT,20,COMPRESSION,2026-09-30,2026-09-30T04:51:16.148084
CVI,LONG,CONVICTION,61.5,BULL_BOUNCE_PENDING,49.95,49.1,54.2,52.27,116,4.96,CHOP,50.57,LIMIT,18,MINOR,2026-09-30,2026-09-30T04:53:57.670631
MKSI,LONG,CONVICTION,61.5,BULL_BOUNCE_PENDING,261.87,258.26,271.5,303.87,27,2.67,CHOP,266.02,LIMIT,20,CONVICTION,2026-09-30,2026-09-30T05:02:03.141525
CCO,LONG,CONVICTION,61.4,BULL_BOUNCE_PENDING,2.29,2.02,2.41,,365,0.42,CHOP,2.34,LIMIT,14,COMPRESSION,2026-09-30,2026-09-30T04:39:43.890529
SMCX,LONG,CONVICTION,61.4,BULL_BOUNCE_PENDING,13.4,12.54,14.75,,116,1.57,CHOP,13.67,LIMIT,20,MINOR,2026-09-30,2026-09-30T04:43:27.899017
BRZE,LONG,CONVICTION,61.4,BULL_BOUNCE,23.1,21.9,26.18,25.8,83,2.58,CHOP,23.1,LIMIT,20,COMPRESSION,2026-09-30,2026-09-30T04:44:06.063282
DNN,LONG,CONVICTION,61.3,BULL_BOUNCE_PENDING,2.57,2.28,3.01,,344,1.52,CHOP,2.62,LIMIT,20,COMPRESSION,2026-09-30,2026-09-30T04:33:58.954171
EQPT,SHORT,CONVICTION,61.3,BEAR_REJECTION_PENDING,18.24,18.59,16.16,16.16,283,5.9,CHOP,18.16,LIMIT,19,COMPRESSION,2026-09-30,2026-09-30T04:47:16.069072
SBLK,SHORT,CONVICTION,61.3,BEAR_REJECTION_PENDING,30.01,30.35,29.3,28.94,293,2.08,CHOP,29.46,LIMIT,20,COMPRESSION,2026-09-30,2026-09-30T04:50:58.917081
ODTX,SHORT,CONVICTION,61.3,BEAR_REJECTION_PENDING,22.62,23.24,20.98,20.98,160,2.64,CHOP,22.44,LIMIT,20,COMPRESSION,2026-09-30,2026-09-30T05:02:07.054533
MSTZ,LONG,CONVICTION,61.2,BULL_BOUNCE_PENDING,2.65,2.44,3.04,,476,1.87,CHOP,2.701,LIMIT,17,MINOR,2026-09-30,2026-09-30T04:44:48.999937
RHI,SHORT,CONVICTION,61.1,BEAR_REJECTION_PENDING,37.62,38.29,34.68,32.52,148,4.37,CHOP,36.88,LIMIT,20,COMPRESSION,2026-09-30,2026-09-30T04:43:24.085010
CRC,LONG,CONVICTION,61.1,BULL_BOUNCE_PENDING,50.07,48.82,53.57,56.67,79,2.8,CHOP,51.09,LIMIT,20,COMPRESSION,2026-09-30,2026-09-30T04:44:20.054899
AAPU,SHORT,CONVICTION,61.1,BEAR_REJECTION_PENDING,44.26,45.95,40.5,38.54,59,2.22,CHOP,43.39,LIMIT,20,COMPRESSION,2026-09-30,2026-09-30T04:57:24.700760
QUBT,LONG,CONVICTION,61.0,BULL_BOUNCE,8.48,8.08,9.11,9.39,247,1.56,CHOP,8.48,LIMIT,20,COMPRESSION,2026-09-30,2026-09-30T04:34:18.370861
JOBY,LONG,CONVICTION,61.0,BULL_BOUNCE,6.01,5.75,6.43,6.69,380,1.6,CHOP,6.01,LIMIT,20,COMPRESSION,2026-09-30,2026-09-30T04:34:20.919819
KTOS,LONG,CONVICTION,61.0,BULL_BOUNCE_PENDING,42.36,40.98,44.97,47.25,72,1.9,CHOP,43.22,LIMIT,20,COMPRESSION,2026-09-30,2026-09-30T04:34:53.248614
AMD,LONG,CONVICTION,61.0,BULL_BOUNCE,609.31,583.27,639.78,,3,1.17,CHOP,609.31,LIMIT,20,VACUUM,2026-09-30,2026-09-30T04:38:23.671125
LRCX,LONG,CONVICTION,61.0,BULL_BOUNCE,323.5,309.21,356.75,,6,2.33,CHOP,323.5,LIMIT,17,CONVICTION,2026-09-30,2026-09-30T04:38:38.851677
VELO,LONG,CONVICTION,61.0,BULL_BOUNCE,10.85,10.19,12.41,,151,2.37,CHOP,10.8509,LIMIT,20,MINOR,2026-09-30,2026-09-30T04:41:16.135842
BRSL,SHORT,CONVICTION,61.0,BEAR_REJECTION_PENDING,10.13,10.31,9.83,,547,1.63,CHOP,9.93,LIMIT,20,COMPRESSION,2026-09-30,2026-09-30T04:51:33.607197
RH,LONG,CONVICTION,61.0,BULL_BOUNCE,122.68,115.85,137.01,139.17,14,2.1,CHOP,122.6838,LIMIT,20,CONVICTION,2026-09-30,2026-09-30T04:54:26.487631
XXRP,LONG,CONVICTION,61.0,BULL_BOUNCE,35.04,30.81,37.94,,23,0.69,CHOP,35.04,LIMIT,20,CONVICTION,2026-09-30,2026-09-30T04:54:34.444328
RLAY,LONG,CONVICTION,61.0,BULL_BOUNCE_PENDING,17.87,15.74,18.76,,47,0.42,CHOP,18.23,LIMIT,20,COMPRESSION,2026-09-30,2026-09-30T04:54:53.023115
SSL,LONG,CONVICTION,61.0,BULL_BOUNCE,13.77,13.3,14.53,15.12,213,1.61,CHOP,13.7735,LIMIT,20,COMPRESSION,2026-09-30,2026-09-30T05:00:09.286756
CMRC,SHORT,CONVICTION,61.0,BEAR_REJECTION_PENDING,3.12,3.19,2.9,2.76,1518,3.34,CHOP,3.09,LIMIT,20,COMPRESSION,2026-09-30,2026-09-30T05:00:13.244762
NXPI,LONG,CONVICTION,61.0,BULL_BOUNCE,236.47,228.47,252.96,263.05,12,2.06,CHOP,236.47,LIMIT,17,CONVICTION,2026-09-30,2026-09-30T05:00:23.674868
DRIP,LONG,CONVICTION,61.0,BULL_BOUNCE,37.66,35.94,41.4,41.7,58,2.17,CHOP,37.662,LIMIT,18,COMPRESSION,2026-09-30,2026-09-30T05:00:55.050568
KBR,SHORT,CONVICTION,61.0,BEAR_REJECTION_PENDING,35.33,36.18,30.11,,117,6.14,CHOP,35.13,LIMIT,20,COMPRESSION,2026-09-30,2026-09-30T05:01:15.349803
NOVT,LONG,CONVICTION,61.0,BULL_BOUNCE,141.22,135.99,149.94,158.81,19,1.67,CHOP,141.22,LIMIT,20,CONVICTION,2026-09-30,2026-09-30T05:02:44.125974
SNEX,LONG,CONVICTION,61.0,BULL_BOUNCE,65.25,62.59,70.71,73.0,37,2.05,CHOP,65.25,LIMIT,20,COMPRESSION,2026-09-30,2026-09-30T05:03:10.872231
ADBT,SHORT,CONVICTION,60.9,BEAR_REJECTION_PENDING,0.11,0.12,0.1,,9233,0.49,CHOP,0.1057,LIMIT,20,COMPRESSION,2026-09-30,2026-09-30T04:32:34.344315
NTAP,LONG,CONVICTION,60.9,BULL_BOUNCE_PENDING,209.72,207.42,220.21,,43,4.55,CHOP,210.99,LIMIT,4,MINOR,2026-09-30,2026-09-30T04:55:52.159322
BKD,LONG,CONVICTION,60.8,BULL_BOUNCE_PENDING,10.86,10.5,11.55,11.82,276,1.91,CHOP,11.08,LIMIT,20,COMPRESSION,2026-09-30,2026-09-30T04:36:11.071903
MAIN,LONG,CONVICTION,60.8,BULL_BOUNCE_PENDING,55.41,54.79,63.5,63.5,162,13.15,CHOP,55.94,LIMIT,20,COMPRESSION,2026-09-30,2026-09-30T04:43:02.934368
FIGR,SHORT,CONVICTION,60.8,BEAR_REJECTION_PENDING,30.24,32.06,25.5,,55,2.61,CHOP,29.65,LIMIT,20,COMPRESSION,2026-09-30,2026-09-30T04:47:18.364074
POOL,SHORT,CONVICTION,60.8,BEAR_REJECTION_PENDING,163.0,164.4,154.85,,71,5.82,CHOP,162.52,LIMIT,20,COMPRESSION,2026-09-30,2026-09-30T04:54:30.197434
EW,SHORT,CONVICTION,60.7,BEAR_REJECTION_PENDING,89.07,90.35,86.8,84.27,78,1.77,CHOP,88.08,LIMIT,20,COMPRESSION,2026-09-30,2026-09-30T04:37:06.807961
RNG,LONG,CONVICTION,60.7,BULL_BOUNCE_PENDING,73.21,71.22,77.77,77.7,50,2.3,CHOP,74.7,LIMIT,20,COMPRESSION,2026-09-30,2026-09-30T04:49:01.662982
ETON,LONG,CONVICTION,60.7,BULL_BOUNCE_PENDING,59.45,58.62,62.87,64.55,120,4.11,CHOP,59.904,LIMIT,16,MINOR,2026-09-30,2026-09-30T04:49:45.461240
OII,LONG,CONVICTION,60.7,BULL_BOUNCE_PENDING,43.34,42.61,50.41,45.11,137,9.69,CHOP,44.22,LIMIT,20,COMPRESSION,2026-09-30,2026-09-30T04:50:55.566076
AU,SHORT,CONVICTION,60.7,BEAR_REJECTION_PENDING,94.63,99.53,87.23,80.2,20,1.51,CHOP,94.1,LIMIT,20,CONVICTION,2026-09-30,2026-09-30T04:51:41.813208
FLO,SHORT,CONVICTION,60.7,BEAR_REJECTION_PENDING,5.75,5.83,5.62,,1265,1.65,CHOP,5.7,LIMIT,20,COMPRESSION,2026-09-30,2026-09-30T04:54:48.766883
NEO,SHORT,CONVICTION,60.7,BEAR_REJECTION_PENDING,19.02,19.43,17.36,17.9,245,4.08,CHOP,18.9,LIMIT,20,COMPRESSION,2026-09-30,2026-09-30T04:56:33.979079
CNQ,LONG,CONVICTION,60.6,BULL_BOUNCE_PENDING,45.88,45.28,49.03,49.03,167,5.28,CHOP,46.8,LIMIT,20,COMPRESSION,2026-09-30,2026-09-30T04:38:26.204129
KVYO,SHORT,CONVICTION,60.6,BEAR_REJECTION_PENDING,15.29,15.54,14.05,13.58,402,4.99,CHOP,15.25,LIMIT,20,COMPRESSION,2026-09-30,2026-09-30T04:44:42.433929
CACI,LONG,CONVICTION,60.6,BULL_BOUNCE,608.14,591.04,644.03,666.01,5,2.1,CHOP,608.14,LIMIT,20,CONVICTION,2026-09-30,2026-09-30T04:45:52.857856
SW,SHORT,CONVICTION,60.6,BEAR_REJECTION_PENDING,44.83,45.3,38.53,43.65,214,13.54,CHOP,44.38,LIMIT,20,COMPRESSION,2026-09-30,2026-09-30T04:46:36.224197
SQM,SHORT,CONVICTION,60.6,BEAR_REJECTION_PENDING,66.08,67.22,57.33,60.56,87,7.65,CHOP,66.065,LIMIT,20,COMPRESSION,2026-09-30,2026-09-30T04:53:43.435532
COCO,LONG,CONVICTION,60.5,BULL_BOUNCE_PENDING,55.42,53.3,61.7,61.7,47,2.96,CHOP,56.55,LIMIT,20,COMPRESSION,2026-09-30,2026-09-30T04:51:56.463229
NTR,LONG,CONVICTION,60.5,BULL_BOUNCE_PENDING,69.72,69.05,76.59,73.48,149,10.3,CHOP,71.1,LIMIT,20,COMPRESSION,2026-09-30,2026-09-30T04:53:28.343769
ABM,SHORT,CONVICTION,60.5,BEAR_REJECTION_PENDING,48.77,49.27,45.0,45.0,201,7.61,CHOP,48.62,LIMIT,20,COMPRESSION,2026-09-30,2026-09-30T04:59:37.835202
NEE,LONG,CONVICTION,60.4,BULL_BOUNCE_PENDING,74.71,70.72,85.38,85.85,25,2.68,CHOP,76.23,LIMIT,20,COMPRESSION,2026-09-30,2026-09-30T04:36:55.456291
ALHC,SHORT,CONVICTION,60.4,BEAR_REJECTION_PENDING,8.12,8.38,7.69,,383,1.63,CHOP,7.9562,LIMIT,20,COMPRESSION,2026-09-30,2026-09-30T04:41:59.687714
QGEN,LONG,CONVICTION,60.4,BULL_BOUNCE_PENDING,43.75,43.11,49.47,45.91,155,8.91,CHOP,44.4,LIMIT,20,COMPRESSION,2026-09-30,2026-09-30T04:55:19.086489
AGL,SHORT,CONVICTION,60.3,BEAR_REJECTION_PENDING,78.2,79.95,74.75,68.3,57,1.97,CHOP,78.15,LIMIT,20,CONVICTION,2026-09-30,2026-09-30T04:41:58.354710
SRPT,SHORT,CONVICTION,60.3,BEAR_REJECTION_PENDING,18.65,18.99,17.23,17.23,296,4.21,CHOP,18.64,LIMIT,20,CONVICTION,2026-09-30,2026-09-30T04:46:31.863190
FDMT,LONG,CONVICTION,60.3,BULL_BOUNCE_PENDING,14.17,12.94,16.04,,81,1.52,CHOP,14.46,LIMIT,20,MINOR,2026-09-30,2026-09-30T04:50:49.594067
CRMU,SHORT,CONVICTION,60.3,BEAR_REJECTION_PENDING,2.1,2.22,1.81,1.79,800,2.32,CHOP,2.0902,LIMIT,20,COMPRESSION,2026-09-30,2026-09-30T05:02:11.909142
NE,LONG,CONVICTION,60.2,BULL_BOUNCE_PENDING,41.13,40.57,44.2,43.29,177,5.44,CHOP,41.95,LIMIT,20,COMPRESSION,2026-09-30,2026-09-30T04:44:55.734947
CAPR,LONG,CONVICTION,60.1,BULL_BOUNCE_PENDING,10.55,9.54,11.08,,99,0.52,CHOP,10.7634,LIMIT,2,MINOR,2026-09-30,2026-09-30T04:32:18.203203
MRVL,LONG,CONVICTION,60.1,BULL_BOUNCE_PENDING,261.11,257.34,269.5,279.04,26,2.23,CHOP,263.2,LIMIT,14,CONVICTION,2026-09-30,2026-09-30T04:40:08.537403
HAFN,LONG,CONVICTION,60.1,BULL_BOUNCE_PENDING,9.53,9.19,10.0,,302,1.44,CHOP,9.72,LIMIT,19,COMPRESSION,2026-09-30,2026-09-30T05:03:04.203055
PSIX,LONG,CONVICTION,60.0,BULL_BOUNCE_PENDING,46.16,45.24,47.55,,108,1.51,CHOP,47.1,LIMIT,6,MINOR,2026-09-30,2026-09-30T04:32:24.405212
PS,LONG,CONVICTION,60.0,BULL_BOUNCE_PENDING,52.62,51.45,55.57,57.0,85,2.52,CHOP,53.43,LIMIT,20,MINOR,2026-09-30,2026-09-30T04:33:23.531593
TOI,LONG,CONVICTION,60.0,BULL_BOUNCE_PENDING,5.08,4.8,5.8,5.76,350,2.52,CHOP,5.185,LIMIT,16,COMPRESSION,2026-09-30,2026-09-30T04:34:03.485179
ORBS,LONG,CONVICTION,60.0,BULL_BOUNCE,1.17,1.05,1.21,,815,0.31,CHOP,1.172,LIMIT,9,MINOR,2026-09-30,2026-09-30T04:34:33.271837
OCGN,LONG,CONVICTION,60.0,BULL_BOUNCE_CONFIRMED,1.1,1.01,1.16,,1175,0.65,CHOP,1.1,LIMIT,2,MINOR,2026-09-30,2026-09-30T04:35:14.887432
AGEN,LONG,CONVICTION,60.0,BULL_BOUNCE_PENDING,9.72,9.38,10.21,,295,1.43,CHOP,9.92,LIMIT,2,MINOR,2026-09-30,2026-09-30T04:38:53.436096
P,LONG,CONVICTION,60.0,BULL_BOUNCE_PENDING,129.73,127.63,136.21,,47,3.1,CHOP,130.782,LIMIT,2,MINOR,2026-09-30,2026-09-30T04:45:08.489793
SMMT,LONG,CONVICTION,60.0,BULL_BOUNCE_PENDING,16.42,16.08,17.7,18.3,294,3.78,CHOP,16.59,LIMIT,13,COMPRESSION,2026-09-30,2026-09-30T04:45:15.664804
GPI,LONG,CONVICTION,60.0,BULL_BOUNCE_CONFIRMED,244.0,236.06,275.64,266.71,12,3.99,CHOP,244.0,LIMIT,20,MINOR,2026-09-30,2026-09-30T04:52:19.562100
PAGP,SHORT,CONVICTION,60.0,BEAR_REJECTION_PENDING,26.33,26.73,22.31,22.35,248,9.98,CHOP,25.8531,LIMIT,20,COMPRESSION,2026-09-30,2026-09-30T04:55:56.181858
CLYM,SHORT,CONVICTION,60.0,BEAR_REJECTION_PENDING,11.57,11.84,10.77,10.82,369,2.95,CHOP,11.5,LIMIT,20,COMPRESSION,2026-09-30,2026-09-30T04:58:40.562720
TIGO,SHORT,CONVICTION,60.0,BEAR_REJECTION_PENDING,91.9,96.38,84.34,80.29,22,1.69,CHOP,91.73,LIMIT,20,COMPRESSION,2026-09-30,2026-09-30T05:00:28.205934
FWDI,LONG,CONVICTION,60.0,BULL_BOUNCE_CONFIRMED,8.03,7.71,8.54,,316,1.61,CHOP,8.03,LIMIT,20,COMPRESSION,2026-09-30,2026-09-30T05:02:00.682985
LSCC,SHORT,CONVICTION,60.0,BEAR_REJECTION_PENDING,128.02,133.03,113.26,113.26,19,2.95,CHOP,126.45,LIMIT,10,CONVICTION,2026-09-30,2026-09-30T05:02:18.844686
ARWR,SHORT,CONVICTION,60.0,BEAR_REJECTION_PENDING,62.1,68.06,58.99,,16,0.52,CHOP,62.04,LIMIT,19,MINOR,2026-09-30,2026-09-30T05:02:32.099956
