ticker,setup,side,score,entry,stop,target,secondary_target,shares,rr,spy_regime,rel_vol,current_price,ath_status,pct_from_52w_high,high_52w,float_rotation,float_rotation_label,obv_macro_state,exhaustion_warning,primitives_json,reasons,notes,timestamp
COMP,BULL_BOUNCE_PENDING,LONG,62.0,12.75,11.71,13.39,,96,0.62,FAVORABLE,0.64,13.0099,NEAR_HIGH,-0.0677,13.96,0.0094,0.9% (normal),RISING,False,"{""structural_anchor_below"": 14.0, ""far_pullback"": 4.0, ""obv_rising"": 8.0, ""float_rot_quiet"": -2.0, ""sector_top_quartile"": 3.0, ""regime_favorable"": 5.0}","PENDING: wait for pullback to $11.91 (4h 21tk MINOR gap body) | 7.7% below — far pullback, patience required but edge is real (52% WR) | OBV rising — accumulation underneath | REAL_EST STRONG (STRONG) — sector tailwind | SPY FAVORABLE",LIMIT BUY @ $12.75 (2% pullback cap; anchor at $11.91 too far). Stop $11.71. Anchor: 4h 21tk.,2026-08-17T05:14:18
BLMN,BULL_BOUNCE_PENDING,LONG,70.3,10.39,9.83,11.35,,178,1.72,FAVORABLE,0.69,10.6,BELOW,-0.1607,12.63,0.0178,1.8% (normal),RISING,False,"{""structural_anchor_below"": 14.0, ""high_genesis_rank"": 10.3, ""moderate_pullback"": 8.0, ""obv_rising"": 8.0, ""float_rot_quiet"": -2.0, ""sector_bottom_quartile"": -3.0, ""regime_favorable"": 5.0}","PENDING: wait for pullback to $10.06 (45m 9tk MINOR gap body) | 4.7% below — moderate pullback, sweet spot (49% WR) | OBV rising — accumulation underneath | CONS_DISC WEAK (WEAK) — sector headwind | SPY FAVORABLE",LIMIT BUY @ $10.39 (2% pullback cap; anchor at $10.06 too far). Stop $9.83. Anchor: 45m 9tk.,2026-08-17T05:14:19
DDD,BULL_BOUNCE,LONG,69.0,3.66,3.35,3.74,,322,0.26,FAVORABLE,0.77,3.66,BELOW,-0.1117,4.12,0.0168,1.7% (normal),RISING,False,"{""ascending_channel"": 18.0, ""at_lower_rail"": 14.0, ""anchor_eligible"": 12.0, ""multiple_touches"": 16.0, ""flag_compression"": 4.0, ""regime_favorable"": 5.0}",ASC channel detected on 5m (score 90) | price at lower rail ($3.67) | anchor: 1h 7tk @ $3.69 | 6 prior bull-rail touches | flag-period volume compressed (textbook) | SPY FAVORABLE,"Channel: 5m ASC, rails $3.67-$3.74",2026-08-17T05:14:17
DDD,BULL_BOUNCE_PENDING,LONG,63.6,3.59,3.5,3.77,3.8,1076,1.93,FAVORABLE,0.77,3.66,BELOW,-0.1117,4.12,0.0168,1.7% (normal),RISING,False,"{""structural_anchor_below"": 14.0, ""high_genesis_rank"": 7.7, ""near_pullback"": -4.0, ""obv_rising"": 8.0, ""float_rot_quiet"": -2.0, ""sector_top_decile"": 5.0, ""regime_favorable"": 5.0}","PENDING: wait for pullback to $3.59 (1h 3tk MINOR gap body) | only 1.6% below — shallow entry, historically weak (22% WR) | OBV rising — accumulation underneath | TECH HOT (top 8%) — major tailwind | SPY FAVORABLE",LIMIT BUY @ $3.59 on pullback (1.6% below current $3.66). Stop $3.5. Anchor: 1h 3tk.,2026-08-17T05:14:17
CHYM,BULL_BOUNCE,LONG,80.6,32.06,30.34,32.49,,58,0.25,FAVORABLE,0.58,32.06,NEAR_HIGH,-0.0404,33.41,0.0136,1.4% (normal),RISING,False,"{""ascending_channel"": 18.0, ""at_lower_rail"": 14.0, ""anchor_eligible"": 12.0, ""anchor_high_genesis_rank"": 9.6, ""multiple_touches"": 16.0, ""obv_rising"": 6.0, ""regime_favorable"": 5.0}",ASC channel detected on 15m (score 100) | price at lower rail ($31.86) | anchor: daily 36tk @ $31.82 | 7 prior bull-rail touches | OBV rising — accumulation underneath | SPY FAVORABLE,"Channel: 15m ASC, rails $31.86-$32.49",2026-08-17T05:14:20
CHYM,BULL_BOUNCE_PENDING,LONG,65.3,31.82,31.31,33.0,,193,2.27,FAVORABLE,0.58,32.06,NEAR_HIGH,-0.0404,33.41,0.0136,1.4% (normal),RISING,False,"{""structural_anchor_below"": 14.0, ""high_genesis_rank"": 14.3, ""near_pullback"": -4.0, ""obv_rising"": 8.0, ""float_rot_quiet"": -2.0, ""regime_favorable"": 5.0}","PENDING: wait for pullback to $31.82 (daily 36tk COMPRESSION gap body) | only 0.2% below — shallow entry, historically weak (22% WR) | OBV rising — accumulation underneath | SPY FAVORABLE",LIMIT BUY @ $31.82 on pullback (0.2% below current $32.06). Stop $31.31. Anchor: daily 36tk.,2026-08-17T05:14:20
MP,BULL_BOUNCE_PENDING,LONG,72.6,58.02,55.09,64.17,66.62,34,2.11,FAVORABLE,1.47,59.2,DEEP_BELOW,-0.4095,100.25,0.0607,6.1% (normal),FALLING,False,"{""structural_anchor_below"": 14.0, ""large_anchor"": 10.0, ""high_genesis_rank"": 8.6, ""vacuum_tier"": 6.0, ""moderate_pullback"": 8.0, ""obv_falling_pending"": -2.0, ""float_rot_quiet"": -2.0, ""sector_bottom_decile"": -5.0, ""regime_favorable"": 5.0}","PENDING: wait for pullback to $56.14 (4h 108tk VACUUM gap body) | 4.3% below — moderate pullback, sweet spot (49% WR) | OBV softer near-term — normal during pullback wait | MATERIALS COLD (bottom 8%) — major headwind | SPY FAVORABLE",LIMIT BUY @ $58.02 (2% pullback cap; anchor at $56.14 too far). Stop $55.09. Anchor: 4h 108tk.,2026-08-17T05:14:19
CNC,BEAR_REJECTION_PENDING,SHORT,67.8,68.95,72.83,62.77,58.91,25,1.59,FAVORABLE,0.45,67.6,NEAR_HIGH,-0.0253,69.36,0.0046,0.5% (normal),FALLING,True,"{""structural_anchor_above"": 14.0, ""huge_anchor"": 14.0, ""high_genesis_rank"": 13.8, ""vacuum_tier"": 6.0, ""near_rally"": 8.0, ""regime_favorable_hurts_short"": -8.0, ""ascending_channel_headwind"": -10.0, ""obv_rising_against_short"": 0.0}","PENDING: wait for rally to $69.55 (daily 293tk VACUUM bear gap) | only 2.9% above current — close rally | SPY FAVORABLE — short is countertrend, lower probability | ASC channel active (5m) — short fights rising structure | OBV rising — possible trapped buyers under resistance (neutral)",LIMIT SHORT @ $68.95 (2% rally cap; anchor at $69.55 too far). Stop $72.83. Anchor: daily 293tk bear.,2026-08-17T05:14:19
CAI,BULL_BOUNCE_PENDING,LONG,73.4,21.41,19.9,24.98,,66,2.36,FAVORABLE,0.8,21.85,DEEP_BELOW,-0.4859,42.5,0.0137,1.4% (normal),FALLING,False,"{""structural_anchor_below"": 14.0, ""medium_anchor"": 6.0, ""high_genesis_rank"": 14.4, ""moderate_pullback"": 8.0, ""obv_falling_pending"": -2.0, ""float_rot_quiet"": -2.0, ""regime_favorable"": 5.0}","PENDING: wait for pullback to $20.35 (daily 70tk COMPRESSION gap body) | 5.3% below — moderate pullback, sweet spot (49% WR) | OBV softer near-term — normal during pullback wait | SPY FAVORABLE",LIMIT BUY @ $21.41 (2% pullback cap; anchor at $20.35 too far). Stop $19.9. Anchor: daily 70tk.,2026-08-17T05:14:18
FRPT,BULL_BOUNCE_PENDING,LONG,69.7,71.3,67.68,82.03,79.68,27,2.96,FAVORABLE,0.73,72.76,BELOW,-0.154,86.0,0.0214,2.1% (normal),RISING,False,"{""structural_anchor_below"": 14.0, ""high_genesis_rank"": 6.7, ""moderate_pullback"": 8.0, ""obv_rising"": 8.0, ""float_rot_quiet"": -2.0, ""regime_favorable"": 5.0}","PENDING: wait for pullback to $68.78 (10m 49tk MINOR gap body) | 5.1% below — moderate pullback, sweet spot (49% WR) | OBV rising — accumulation underneath | SPY FAVORABLE",LIMIT BUY @ $71.30 (2% pullback cap; anchor at $68.78 too far). Stop $67.68. Anchor: 10m 49tk.,2026-08-17T05:14:18
ACRS,BULL_BOUNCE_PENDING,LONG,63.6,5.66,5.47,6.08,6.15,523,2.17,FAVORABLE,0.36,5.78,BELOW,-0.1128,6.51,0.0045,0.5% (normal),RISING,False,"{""structural_anchor_below"": 14.0, ""high_genesis_rank"": 13.6, ""near_pullback"": -4.0, ""obv_rising"": 8.0, ""rel_vol_quiet_pending"": -1.0, ""float_rot_quiet"": -2.0, ""regime_favorable"": 5.0}","PENDING: wait for pullback to $5.58 (daily 10tk COMPRESSION gap body) | only 2.6% below — shallow entry, historically weak (22% WR) | OBV rising — accumulation underneath | SPY FAVORABLE",LIMIT BUY @ $5.66 (2% pullback cap; anchor at $5.58 too far). Stop $5.47. Anchor: daily 10tk.,2026-08-17T05:14:24
BLZE,BULL_BOUNCE_PENDING,LONG,70.4,18.92,18.29,20.46,20.46,159,2.45,FAVORABLE,0.75,19.2,BELOW,-0.1997,23.99,0.0356,3.6% (normal),RISING,False,"{""structural_anchor_below"": 14.0, ""high_genesis_rank"": 14.4, ""near_pullback"": -4.0, ""obv_rising"": 8.0, ""float_rot_quiet"": -2.0, ""sector_top_decile"": 5.0, ""regime_favorable"": 5.0}","PENDING: wait for pullback to $18.92 (weekly 20tk COMPRESSION gap body) | only 0.9% below — shallow entry, historically weak (22% WR) | OBV rising — accumulation underneath | TECH HOT (top 8%) — major tailwind | SPY FAVORABLE",LIMIT BUY @ $18.92 on pullback (0.9% below current $19.20). Stop $18.29. Anchor: weekly 20tk.,2026-08-17T05:14:20
BSP,BULL_BOUNCE_PENDING,LONG,69.8,38.19,36.17,41.24,43.78,49,1.51,FAVORABLE,0.81,38.97,,,,0.0035,0.4% (normal),RISING,False,"{""structural_anchor_below"": 14.0, ""high_genesis_rank"": 13.8, ""near_pullback"": -4.0, ""obv_rising"": 8.0, ""float_rot_quiet"": -2.0, ""sector_top_decile"": 5.0, ""regime_favorable"": 5.0}","PENDING: wait for pullback to $37.69 (daily 48tk COMPRESSION gap body) | only 2.7% below — shallow entry, historically weak (22% WR) | OBV rising — accumulation underneath | TECH HOT (top 8%) — major tailwind | SPY FAVORABLE",LIMIT BUY @ $38.19 (2% pullback cap; anchor at $37.69 too far). Stop $36.17. Anchor: daily 48tk.,2026-08-17T05:14:41
TRI,BULL_BOUNCE_PENDING,LONG,96.0,103.66,97.29,118.79,118.79,15,2.38,FAVORABLE,0.6,103.66,DEEP_BELOW,-0.433,182.82,0.0031,0.3% (normal),RISING,False,"{""structural_anchor_below"": 14.0, ""huge_anchor"": 8.0, ""high_genesis_rank"": 15.0, ""conviction_tier"": 10.0, ""moderate_pullback"": 8.0, ""obv_rising"": 8.0, ""float_rot_quiet"": -2.0, ""regime_favorable"": 5.0}","MARKET: score 96 CONVICTION - take entry now at $103.66, not waiting for the $99.19 pullback | 3.3% below — moderate pullback, sweet spot (49% WR) | OBV rising — accumulation underneath | SPY FAVORABLE",MARKET BUY @ ~$103.66 (CONVICTION score 96). Stop $97.29. Anchor: weekly 214tk @ $99.19.,2026-08-17T05:14:23
HNGE,BULL_BOUNCE_PENDING,LONG,65.8,87.59,86.15,92.01,92.01,69,3.08,FAVORABLE,0.6,88.48,NEAR_HIGH,-0.0499,93.13,0.0131,1.3% (normal),RISING,False,"{""structural_anchor_below"": 14.0, ""high_genesis_rank"": 9.8, ""near_pullback"": -4.0, ""obv_rising"": 8.0, ""float_rot_quiet"": -2.0, ""sector_top_decile"": 5.0, ""regime_favorable"": 5.0}","PENDING: wait for pullback to $87.59 (daily 33tk MINOR gap body) | only 0.8% below — shallow entry, historically weak (22% WR) | OBV rising — accumulation underneath | TECH HOT (top 8%) — major tailwind | SPY FAVORABLE",LIMIT BUY @ $87.59 on pullback (0.8% below current $88.48). Stop $86.15. Anchor: daily 33tk.,2026-08-17T05:14:18
WHR,BULL_BOUNCE_PENDING,LONG,78.6,40.56,39.01,45.25,46.67,64,3.03,FAVORABLE,0.67,41.39,DEEP_BELOW,-0.5714,96.57,0.0245,2.4% (normal),FALLING,False,"{""structural_anchor_below"": 14.0, ""large_anchor"": 10.0, ""high_genesis_rank"": 12.6, ""conviction_tier"": 10.0, ""near_pullback"": -4.0, ""obv_falling_pending"": -2.0, ""float_rot_quiet"": -2.0, ""sector_top_decile"": 5.0, ""regime_favorable"": 5.0}","PENDING: wait for pullback to $40.00 (daily 158tk CONVICTION gap body) | only 1.5% below — shallow entry, historically weak (22% WR) | OBV softer near-term — normal during pullback wait | TECH HOT (top 8%) — major tailwind | SPY FAVORABLE",LIMIT BUY @ $40.56 (2% pullback cap; anchor at $40.00 too far). Stop $39.01. Anchor: daily 158tk.,2026-08-17T05:14:21
FSLR,BULL_BOUNCE_PENDING,LONG,70.2,224.24,219.61,247.65,242.75,21,5.06,FAVORABLE,0.85,225.41,BELOW,-0.2977,320.95,0.0209,2.1% (normal),FALLING,False,"{""structural_anchor_below"": 14.0, ""large_anchor"": 10.0, ""high_genesis_rank"": 12.2, ""conviction_tier"": 10.0, ""near_pullback"": -4.0, ""obv_falling"": -8.0, ""float_rot_quiet"": -2.0, ""sector_top_quartile"": 3.0, ""regime_favorable"": 5.0}","PENDING: wait for pullback to $224.24 (daily 110tk CONVICTION gap body) | only 0.3% below — shallow entry, historically weak (22% WR) | OBV falling at anchor — distribution; bounce thesis weaker | SOLAR STRONG (STRONG) — sector tailwind | SPY FAVORABLE",LIMIT BUY @ $224.24 on pullback (0.3% below current $225.41). Stop $219.61. Anchor: daily 110tk.,2026-08-17T05:16:12
CGNX,BULL_BOUNCE_PENDING,LONG,75.5,63.19,58.87,70.26,,23,1.64,FAVORABLE,1.02,64.4814,BELOW,-0.1152,72.88,0.0142,1.4% (normal),FALLING,False,"{""structural_anchor_below"": 14.0, ""medium_anchor"": 6.0, ""high_genesis_rank"": 11.6, ""moderate_pullback"": 8.0, ""obv_falling_pending"": -2.0, ""float_rot_quiet"": -2.0, ""sector_top_decile"": 5.0, ""regime_favorable"": 5.0}","PENDING: wait for pullback to $59.95 (daily 54tk MINOR gap body) | 6.6% below — moderate pullback, sweet spot (49% WR) | OBV softer near-term — normal during pullback wait | TECH HOT (top 8%) — major tailwind | SPY FAVORABLE",LIMIT BUY @ $63.19 (2% pullback cap; anchor at $59.95 too far). Stop $58.87. Anchor: daily 54tk.,2026-08-17T05:15:59
HYMC,BULL_BOUNCE_CONFIRMED,LONG,75.0,27.7,26.36,31.8,,74,3.05,FAVORABLE,0.7,27.7,DEEP_BELOW,-0.5283,58.73,0.0115,1.2% (normal),FALLING,False,"{""ascending_channel"": 14.0, ""confirmed_recovery"": 12.0, ""current_anchor_eligible"": 14.0, ""multiple_touches"": 12.0, ""obv_rising"": 8.0, ""regime_favorable"": 5.0, ""rejection_staircase"": 10.0}",ASC channel detected on 45m (score 78) | recovered 2.7% from recent low $26.98 | bounce at 5m 29tk @ $26.85 (MINOR) | 4 prior bull-rail touches | OBV rising — accumulation underneath | SPY FAVORABLE | staircase: 2 prior distinct rejection(s) below — prev = 4h 46tk @ $26.71,"Channel: 45m ASC, rails $26.60-$26.89. Recent low $26.98 → now $27.70 (+2.7%)",2026-08-17T05:17:31
HYMC,SHORT_UPPER_DIRTY,SHORT,62.0,27.7,28.64,27.07,,26,0.67,FAVORABLE,0.7,27.7,DEEP_BELOW,-0.5283,58.73,0.0115,1.2% (normal),FALLING,False,"{""dealing_range_present"": 14.0, ""rail_genesis_rank"": 9.0, ""rail_volume_spike"": 8.0, ""rail_huge_anchor"": 10.0, ""range_width_clean"": 4.0, ""at_upper_dirty_rail"": 12.0, ""regime_favorable"": 5.0}",Dealing range bounded by dirty gaps $27.07–$27.80 | rail had high-volume rejection on test | rail tick_width 70 (huge) | price AT upper dirty rail (responsive short zone) | SPY FAVORABLE | COUNTER-TREND: opposes dominant LONG read (top score 75) - sized to 1/4 risk,SHORT at upper dirty rail $27.70. Target lower rail $27.07. Stop above upper gap $28.64.,2026-08-17T05:17:31
ARIS,BULL_BOUNCE_CONFIRMED,LONG,81.4,18.21,16.91,20.78,,77,1.98,FAVORABLE,0.46,18.2115,DEEP_BELOW,-0.3225,26.88,0.0036,0.4% (normal),FALLING,True,"{""ascending_channel"": 14.0, ""confirmed_recovery"": 12.0, ""current_anchor_eligible"": 14.0, ""anchor_high_genesis_rank"": 8.4, ""multiple_touches"": 16.0, ""obv_rising"": 8.0, ""vol_weak"": -6.0, ""regime_favorable"": 5.0, ""rejection_staircase"": 10.0}",ASC channel detected on 45m (score 90) | recovered 2.4% from recent low $17.78 | bounce at daily 32tk @ $17.55 (COMPRESSION) | 6 prior bull-rail touches | OBV rising — accumulation underneath | today's volume weak — bounce lacks conviction | SPY FAVORABLE | staircase: 2 prior distinct rejection(s) below — prev = 1h 70tk @ $17.34,"Channel: 45m ASC, rails $16.93-$17.36. Recent low $17.78 → now $18.21 (+2.4%)",2026-08-17T05:16:03
KODK,BULL_BOUNCE_PENDING,LONG,66.2,9.79,8.89,11.17,,110,1.53,FAVORABLE,0.62,9.9894,DEEP_BELOW,-0.3282,14.87,0.006,0.6% (normal),FALLING,False,"{""structural_anchor_below"": 14.0, ""medium_anchor"": 6.0, ""high_genesis_rank"": 14.2, ""near_pullback"": -4.0, ""obv_falling_pending"": -2.0, ""float_rot_quiet"": -2.0, ""sector_top_decile"": 5.0, ""regime_favorable"": 5.0}","PENDING: wait for pullback to $9.39 (daily 93tk COMPRESSION gap body) | only 1.3% below — shallow entry, historically weak (22% WR) | OBV softer near-term — normal during pullback wait | TECH HOT (top 8%) — major tailwind | SPY FAVORABLE",LIMIT BUY @ $9.79 (2% pullback cap; anchor at $9.39 too far). Stop $8.89. Anchor: daily 93tk.,2026-08-17T05:15:42
ARQT,BULL_BOUNCE_PENDING,LONG,77.6,26.26,24.49,29.13,,56,1.62,FAVORABLE,0.74,26.3,BELOW,-0.1722,31.77,0.0088,0.9% (normal),RISING,False,"{""structural_anchor_below"": 14.0, ""high_genesis_rank"": 14.6, ""moderate_pullback"": 8.0, ""obv_rising"": 8.0, ""float_rot_quiet"": -2.0, ""regime_favorable"": 5.0, ""breakout_follow_promotion"": 0.0}","BUY-STOP: tape already cleared the $24.50 anchor - enter on strength above today's high, no pullback | 6.4% below — moderate pullback, sweet spot (49% WR) | OBV rising — accumulation underneath | SPY FAVORABLE | BREAKOUT_FOLLOW: open $25.39 cleared anchor $24.50, 2/4 strength, regime FAVORABLE — buy-stop $26.26, 1.5xATR stop","BUY-STOP @ $26.26 (above today's high $26.23). Stop $24.49 (1.5xATR). Score 78, strength=2/4, regime=FAVORABLE. BREAKOUT_FOLLOW.",2026-08-17T05:15:53
CRSR,BULL_BOUNCE_PENDING,LONG,63.0,12.94,12.31,14.27,,160,2.13,FAVORABLE,0.69,13.2,BELOW,-0.1187,14.98,0.0143,1.4% (normal),RISING,False,"{""structural_anchor_below"": 14.0, ""moderate_pullback"": 8.0, ""obv_rising"": 8.0, ""float_rot_quiet"": -2.0, ""regime_favorable"": 5.0}","PENDING: wait for pullback to $12.62 (10m 31tk MINOR gap body) | 3.3% below — moderate pullback, sweet spot (49% WR) | OBV rising — accumulation underneath | SPY FAVORABLE",LIMIT BUY @ $12.94 (2% pullback cap; anchor at $12.62 too far). Stop $12.31. Anchor: 10m 31tk.,2026-08-17T05:16:42
AUGO,BEAR_REJECTION_PENDING,SHORT,72.6,76.42,79.66,69.92,68.58,30,2.01,FAVORABLE,0.54,76.02,DEEP_BELOW,-0.3109,110.32,0.0051,0.5% (normal),FALLING,False,"{""structural_anchor_above"": 14.0, ""huge_anchor"": 14.0, ""high_genesis_rank"": 14.6, ""conviction_tier"": 10.0, ""near_rally"": 8.0, ""regime_favorable_hurts_short"": -8.0, ""ascending_channel_headwind"": -10.0, ""obv_rising_against_short"": 0.0}","PENDING: wait for rally to $76.42 (daily 285tk CONVICTION bear gap) | only 0.5% above current — close rally | SPY FAVORABLE — short is countertrend, lower probability | ASC channel active (30m) — short fights rising structure | OBV rising — possible trapped buyers under resistance (neutral)",LIMIT SHORT @ $76.42 on rally (0.5% above current $76.02). Stop $79.66. Anchor: daily 285tk bear.,2026-08-17T05:16:13
PPTA,BULL_BOUNCE,LONG,71.0,25.15,23.85,27.92,,76,2.13,FAVORABLE,0.56,25.15,DEEP_BELOW,-0.327,37.37,0.0054,0.5% (normal),FALLING,False,"{""ascending_channel"": 18.0, ""at_lower_rail"": 14.0, ""anchor_eligible"": 12.0, ""multiple_touches"": 16.0, ""obv_rising"": 6.0, ""regime_favorable"": 5.0}",ASC channel detected on 5m (score 96) | price at lower rail ($25.18) | anchor: daily 47tk @ $25.00 | 5 prior bull-rail touches | OBV rising — accumulation underneath | SPY FAVORABLE,"Channel: 5m ASC, rails $25.18-$25.34",2026-08-17T05:16:28
SDGR,BULL_BOUNCE_PENDING,LONG,72.0,17.35,16.32,19.32,20.0,97,1.92,FAVORABLE,0.86,17.7,BELOW,-0.2311,23.02,0.0127,1.3% (normal),RISING,False,"{""structural_anchor_below"": 14.0, ""medium_anchor"": 6.0, ""high_genesis_rank"": 15.0, ""near_pullback"": -4.0, ""obv_rising"": 8.0, ""float_rot_quiet"": -2.0, ""regime_favorable"": 5.0}","PENDING: wait for pullback to $16.83 (daily 87tk COMPRESSION gap body) | only 2.5% below — shallow entry, historically weak (22% WR) | OBV rising — accumulation underneath | SPY FAVORABLE",LIMIT BUY @ $17.35 (2% pullback cap; anchor at $16.83 too far). Stop $16.32. Anchor: daily 87tk.,2026-08-17T05:16:26
SDGR,BULL_BOUNCE,LONG,71.0,17.7,16.88,19.32,20.0,121,1.97,FAVORABLE,0.86,17.7,BELOW,-0.2311,23.02,0.0127,1.3% (normal),RISING,False,"{""ascending_channel"": 18.0, ""at_lower_rail"": 14.0, ""anchor_eligible"": 12.0, ""multiple_touches"": 16.0, ""obv_rising"": 6.0, ""regime_favorable"": 5.0}",ASC channel detected on 5m (score 96) | price at lower rail ($17.75) | anchor: 1h 20tk @ $17.70 | 5 prior bull-rail touches | OBV rising — accumulation underneath | SPY FAVORABLE,"Channel: 5m ASC, rails $17.75-$18.02",2026-08-17T05:16:26
AYA,BULL_BOUNCE_PENDING,LONG,97.0,25.7,24.41,28.07,,77,1.84,FAVORABLE,1.97,25.7,BELOW,-0.1104,28.89,0.0105,1.0% (normal),RISING,False,"{""structural_anchor_below"": 14.0, ""large_anchor"": 10.0, ""high_genesis_rank"": 15.0, ""conviction_tier"": 10.0, ""moderate_pullback"": 8.0, ""obv_rising"": 8.0, ""rel_vol_normal+"": 4.0, ""float_rot_quiet"": -2.0, ""sector_bottom_decile"": -5.0, ""regime_favorable"": 5.0}","MARKET: score 97 CONVICTION - take entry now at $25.70, not waiting for the $23.57 pullback | 5.6% below — moderate pullback, sweet spot (49% WR) | OBV rising — accumulation underneath | MATERIALS COLD (bottom 8%) — major headwind | SPY FAVORABLE",MARKET BUY @ ~$25.70 (CONVICTION score 97). Stop $24.41. Anchor: daily 136tk @ $23.57.,2026-08-17T05:16:23
XMTR,BULL_BOUNCE_PENDING,LONG,73.0,97.48,92.7,105.03,,20,1.58,FAVORABLE,0.42,96.26,NEAR_HIGH,-0.0926,106.08,0.0058,0.6% (normal),RISING,False,"{""structural_anchor_below"": 14.0, ""medium_anchor"": 6.0, ""high_genesis_rank"": 12.0, ""near_pullback"": -4.0, ""obv_rising"": 8.0, ""rel_vol_quiet_pending"": -1.0, ""float_rot_quiet"": -2.0, ""sector_top_decile"": 5.0, ""regime_favorable"": 5.0, ""breakout_follow_promotion"": 0.0}","BUY-STOP: tape already cleared the $93.63 anchor - enter on strength above today's high, no pullback | only 2.3% below — shallow entry, historically weak (22% WR) | OBV rising — accumulation underneath | TECH HOT (top 8%) — major tailwind | SPY FAVORABLE | BREAKOUT_FOLLOW: open $94.51 cleared anchor $93.63, 2/4 strength, regime FAVORABLE — buy-stop $97.48, 1.5xATR stop","BUY-STOP @ $97.48 (above today's high $97.38). Stop $92.7 (1.5xATR). Score 73, strength=2/4, regime=FAVORABLE. BREAKOUT_FOLLOW.",2026-08-17T05:16:24
AGL,BEAR_REJECTION_PENDING,SHORT,76.0,97.61,100.82,90.29,88.81,31,2.28,FAVORABLE,0.5,96.9055,BELOW,-0.2716,133.04,0.012,1.2% (normal),NEUTRAL,False,"{""structural_anchor_above"": 14.0, ""huge_anchor"": 14.0, ""high_genesis_rank"": 12.0, ""vacuum_tier"": 6.0, ""near_rally"": 8.0, ""regime_favorable_hurts_short"": -8.0}","PENDING: wait for rally to $97.61 (5m 271tk VACUUM bear gap) | only 0.7% above current — close rally | SPY FAVORABLE — short is countertrend, lower probability",LIMIT SHORT @ $97.61 on rally (0.7% above current $96.91). Stop $100.82. Anchor: 5m 271tk bear.,2026-08-17T05:16:24
AZTA,BULL_BOUNCE_PENDING,LONG,81.8,33.94,31.75,35.64,,45,0.77,FAVORABLE,0.74,33.06,BELOW,-0.2078,41.73,0.0114,1.1% (normal),RISING,False,"{""structural_anchor_below"": 14.0, ""medium_anchor"": 6.0, ""high_genesis_rank"": 12.8, ""moderate_pullback"": 8.0, ""obv_rising"": 8.0, ""float_rot_quiet"": -2.0, ""regime_favorable"": 5.0, ""breakout_follow_promotion"": 0.0}","BUY-STOP: tape already cleared the $30.56 anchor - enter on strength above today's high, no pullback | 6.3% below — moderate pullback, sweet spot (49% WR) | OBV rising — accumulation underneath | SPY FAVORABLE | BREAKOUT_FOLLOW: open $33.84 cleared anchor $30.56, 2/4 strength, regime FAVORABLE — buy-stop $33.94, 1.5xATR stop","BUY-STOP @ $33.94 (above today's high $33.91). Stop $31.75 (1.5xATR). Score 82, strength=2/4, regime=FAVORABLE. BREAKOUT_FOLLOW.",2026-08-17T05:16:19
NSIT,BEAR_REJECTION_PENDING,SHORT,71.0,156.39,172.85,130.5,,6,1.57,FAVORABLE,0.51,153.32,NEAR_HIGH,-0.0256,157.35,0.008,0.8% (normal),RISING,False,"{""structural_anchor_above"": 14.0, ""huge_anchor"": 14.0, ""high_genesis_rank"": 15.0, ""conviction_tier"": 10.0, ""far_rally"": -4.0, ""regime_favorable_hurts_short"": -8.0, ""obv_rising_against_short"": 0.0}","PENDING: wait for rally to $167.47 (weekly 453tk CONVICTION bear gap) | SPY FAVORABLE — short is countertrend, lower probability | OBV rising — possible trapped buyers under resistance (neutral)",LIMIT SHORT @ $156.39 (2% rally cap; anchor at $167.47 too far). Stop $172.85. Anchor: weekly 453tk bear.,2026-08-17T05:17:07
NSIT,BULL_BOUNCE_PENDING,LONG,66.7,150.25,142.83,167.47,,3,2.32,FAVORABLE,0.51,153.32,NEAR_HIGH,-0.0256,157.35,0.008,0.8% (normal),RISING,False,"{""structural_anchor_below"": 14.0, ""high_genesis_rank"": 6.7, ""moderate_pullback"": 8.0, ""obv_rising"": 8.0, ""float_rot_quiet"": -2.0, ""sector_bottom_quartile"": -3.0, ""regime_favorable"": 5.0}","PENDING: wait for pullback to $144.92 (1h 30tk MINOR gap body) | 5.4% below — moderate pullback, sweet spot (49% WR) | OBV rising — accumulation underneath | CONS_DISC WEAK (WEAK) — sector headwind | SPY FAVORABLE | COUNTER-TREND: opposes dominant SHORT read (top score 71) - sized to 1/4 risk",LIMIT BUY @ $150.25 (2% pullback cap; anchor at $144.92 too far). Stop $142.83. Anchor: 1h 30tk.,2026-08-17T05:17:07
KARO,BULL_BOUNCE_PENDING,LONG,72.0,61.47,60.75,63.99,63.65,138,3.5,FAVORABLE,0.49,62.4,NEAR_HIGH,-0.0706,67.14,0.002,0.2% (normal),RISING,False,"{""structural_anchor_below"": 14.0, ""medium_anchor"": 6.0, ""high_genesis_rank"": 10.9, ""near_pullback"": -4.0, ""obv_rising"": 8.0, ""rel_vol_quiet_pending"": -1.0, ""float_rot_quiet"": -2.0, ""sector_top_decile"": 5.0, ""regime_favorable"": 5.0}","PENDING: wait for pullback to $61.47 (4h 57tk MINOR gap body) | only 1.0% below — shallow entry, historically weak (22% WR) | OBV rising — accumulation underneath | TECH HOT (top 8%) — major tailwind | SPY FAVORABLE",LIMIT BUY @ $61.47 on pullback (1.0% below current $62.40). Stop $60.75. Anchor: 4h 57tk.,2026-08-17T05:16:45
KARO,BULL_BOUNCE,LONG,70.3,62.4,60.0,66.95,,41,1.89,FAVORABLE,0.49,62.4,NEAR_HIGH,-0.0706,67.14,0.002,0.2% (normal),RISING,False,"{""ascending_channel"": 18.0, ""at_lower_rail"": 14.0, ""anchor_eligible"": 12.0, ""anchor_high_genesis_rank"": 7.3, ""multiple_touches"": 16.0, ""flag_compression"": 4.0, ""rel_vol_weak"": -6.0, ""regime_favorable"": 5.0}",ASC channel detected on 30m (score 100) | price at lower rail ($62.15) | anchor: 4h 57tk @ $61.47 | 11 prior bull-rail touches | flag-period volume compressed (textbook) | today's volume weak | SPY FAVORABLE,"Channel: 30m ASC, rails $62.15-$62.99",2026-08-17T05:16:45
SURG,BULL_BOUNCE_PENDING,LONG,96.8,0.27,0.26,0.29,,7317,1.0,FAVORABLE,9.32,0.2733,DEEP_BELOW,-0.913,3.14,11.5759,1157.6% (EXTREME — almost always reverts),RISING,False,"{""structural_anchor_below"": 14.0, ""high_genesis_rank"": 11.9, ""moderate_pullback"": 8.0, ""obv_rising"": 8.0, ""rel_vol_hot"": 8.0, ""float_rot_parabolic"": 6.0, ""breakout_volume_surge"": 6.0, ""regime_favorable"": 5.0}","MARKET: score 97 CONVICTION - take entry now at $0.27, not waiting for the $0.25 pullback | 6.0% below — moderate pullback, sweet spot (49% WR) | OBV rising — accumulation underneath | hot volume 9.3x avg | float rotation 11.58x — parabolic engagement | breakout volume surge — real demand active | SPY FAVORABLE",MARKET BUY @ ~$0.27 (CONVICTION score 97). Stop $0.26. Anchor: 15m 1tk @ $0.25.,2026-08-17T05:17:20
SURG,BULL_BOUNCE,LONG,81.9,0.27,0.22,0.45,,1808,3.2,FAVORABLE,9.32,0.2733,DEEP_BELOW,-0.913,3.14,11.5759,1157.6% (EXTREME — almost always reverts),RISING,False,"{""ascending_channel"": 18.0, ""at_lower_rail"": 14.0, ""anchor_eligible"": 12.0, ""anchor_high_genesis_rank"": 7.9, ""multiple_touches"": 16.0, ""obv_rising"": 6.0, ""rel_vol_normal+"": 3.0, ""regime_favorable"": 5.0}",ASC channel detected on 15m (score 57) | price at lower rail ($0.26) | anchor: 15m 1tk @ $0.25 | 5 prior bull-rail touches | OBV rising — accumulation underneath | SPY FAVORABLE,"Channel: 15m ASC, rails $0.26-$0.45",2026-08-17T05:17:20
GTE,BULL_BOUNCE,LONG,76.6,9.01,8.07,9.62,,106,0.65,FAVORABLE,0.46,9.01,BELOW,-0.2181,11.52,0.0227,2.3% (normal),RISING,False,"{""ascending_channel"": 18.0, ""at_lower_rail"": 14.0, ""anchor_eligible"": 12.0, ""anchor_high_genesis_rank"": 7.6, ""multiple_touches"": 16.0, ""obv_rising"": 6.0, ""flag_compression"": 4.0, ""rel_vol_weak"": -6.0, ""regime_favorable"": 5.0}",ASC channel detected on 1h (score 84) | price at lower rail ($8.83) | anchor: 30m 11tk @ $8.83 | 5 prior bull-rail touches | OBV rising — accumulation underneath | flag-period volume compressed (textbook) | today's volume weak | SPY FAVORABLE,"Channel: 1h ASC, rails $8.83-$9.62",2026-08-17T05:17:36
GTE,BULL_BOUNCE_PENDING,LONG,62.9,8.97,8.69,10.22,10.22,355,4.42,FAVORABLE,0.46,9.01,BELOW,-0.2181,11.52,0.0227,2.3% (normal),RISING,False,"{""structural_anchor_below"": 14.0, ""high_genesis_rank"": 12.9, ""near_pullback"": -4.0, ""obv_rising"": 8.0, ""rel_vol_weak"": -4.0, ""float_rot_quiet"": -2.0, ""sector_top_quartile"": 3.0, ""regime_favorable"": 5.0}","PENDING: wait for pullback to $8.97 (daily 6tk COMPRESSION gap body) | only 0.1% below — shallow entry, historically weak (22% WR) | OBV rising — accumulation underneath | ENERGY STRONG (STRONG) — sector tailwind | SPY FAVORABLE",LIMIT BUY @ $8.97 on pullback (0.1% below current $9.01). Stop $8.69. Anchor: daily 6tk.,2026-08-17T05:17:36
CELZ,BULL_BOUNCE,LONG,61.0,1.2,0.97,1.25,,439,0.22,FAVORABLE,0.04,1.2,DEEP_BELOW,-0.808,6.25,0.103,10.3% (active),RISING,False,"{""ascending_channel"": 18.0, ""at_lower_rail"": 14.0, ""anchor_eligible"": 12.0, ""multiple_touches"": 8.0, ""obv_rising"": 6.0, ""flag_compression"": 4.0, ""rel_vol_weak"": -6.0, ""regime_favorable"": 5.0}",ASC channel detected on 30m (score 60) | price at lower rail ($1.18) | anchor: 15m 4tk @ $1.19 | 3 prior bull-rail touches | OBV rising — accumulation underneath | flag-period volume compressed (textbook) | today's volume weak | SPY FAVORABLE,"Channel: 30m ASC, rails $1.18-$1.25",2026-08-17T05:17:03
CELZ,CHANNEL_RECLAIM_LONG,LONG,61.0,1.2,1.09,1.26,,879,0.53,FAVORABLE,0.04,1.2,DEEP_BELOW,-0.808,6.25,0.103,10.3% (active),RISING,False,"{""recent_breakdown"": 10.0, ""reclaim_in_progress"": 16.0, ""ascending_channel"": 10.0, ""anchor_held"": 12.0, ""obv_rising"": 8.0, ""regime_favorable"": 5.0}",recent low $1.15 dipped below rail $1.18 | price $1.20 now back inside channel — reclaim attempt | ASC channel (30m) | anchor: 15m 4tk @ $1.19 held | OBV rising — accumulation underneath reclaim | SPY FAVORABLE,"Channel: 30m ASC, breakdown reclaimed. Validated low $1.15 → now $1.20",2026-08-17T05:17:03
SOUN,BULL_BOUNCE_PENDING,LONG,78.0,7.29,6.48,7.66,,122,0.45,FAVORABLE,0.57,7.441,DEEP_BELOW,-0.6644,22.17,0.0479,4.8% (normal),FALLING,False,"{""structural_anchor_below"": 14.0, ""medium_anchor"": 6.0, ""high_genesis_rank"": 14.0, ""moderate_pullback"": 8.0, ""obv_falling_pending"": -2.0, ""float_rot_quiet"": -2.0, ""sector_top_decile"": 5.0, ""regime_favorable"": 5.0}","PENDING: wait for pullback to $6.79 (daily 58tk COMPRESSION gap body) | 4.9% below — moderate pullback, sweet spot (49% WR) | OBV softer near-term — normal during pullback wait | AI HOT (top 8%) — major tailwind | SPY FAVORABLE",LIMIT BUY @ $7.29 (2% pullback cap; anchor at $6.79 too far). Stop $6.48. Anchor: daily 58tk.,2026-08-17T05:17:48
SMJF,BULL_BOUNCE_CONFIRMED,LONG,100.0,10.31,9.15,10.83,,86,0.45,FAVORABLE,1.13,10.31,BLUE_SKY,0.0059,10.25,0.0436,4.4% (normal),RISING,False,"{""ascending_channel"": 14.0, ""confirmed_recovery"": 12.0, ""current_anchor_eligible"": 14.0, ""anchor_high_genesis_rank"": 9.3, ""multiple_touches"": 16.0, ""obv_rising"": 8.0, ""vol_normal+"": 4.0, ""regime_favorable"": 5.0, ""rejection_staircase"": 20.0}",ASC channel detected on 45m (score 65) | recovered 3.0% from recent low $10.01 | bounce at daily 14tk @ $9.97 (COMPRESSION) | 10 prior bull-rail touches | OBV rising — accumulation underneath | SPY FAVORABLE | staircase: 5 prior distinct rejection(s) below — prev = 5m 10tk @ $9.25,"Channel: 45m ASC, rails $10.67-$11.15. Recent low $10.01 → now $10.31 (+3.0%)",2026-08-17T05:18:14
SMJF,BULL_BOUNCE_PENDING,LONG,62.0,10.1,9.81,10.61,,342,1.73,FAVORABLE,1.13,10.31,BLUE_SKY,0.0059,10.25,0.0436,4.4% (normal),RISING,False,"{""structural_anchor_below"": 14.0, ""high_genesis_rank"": 14.0, ""near_pullback"": -4.0, ""obv_rising"": 8.0, ""float_rot_quiet"": -2.0, ""sector_bottom_quartile"": -3.0, ""regime_favorable"": 5.0}","PENDING: wait for pullback to $9.97 (daily 14tk COMPRESSION gap body) | only 2.6% below — shallow entry, historically weak (22% WR) | OBV rising — accumulation underneath | CONS_DISC WEAK (WEAK) — sector headwind | SPY FAVORABLE",LIMIT BUY @ $10.10 (2% pullback cap; anchor at $9.97 too far). Stop $9.81. Anchor: daily 14tk.,2026-08-17T05:18:14
MEI,BULL_BOUNCE_PENDING,LONG,68.7,16.8,16.41,18.2,18.67,258,3.63,FAVORABLE,0.47,17.14,BELOW,-0.159,20.38,0.0069,0.7% (normal),RISING,False,"{""structural_anchor_below"": 14.0, ""high_genesis_rank"": 13.7, ""near_pullback"": -4.0, ""obv_rising"": 8.0, ""rel_vol_quiet_pending"": -1.0, ""float_rot_quiet"": -2.0, ""sector_top_decile"": 5.0, ""regime_favorable"": 5.0}","PENDING: wait for pullback to $16.80 (weekly 25tk COMPRESSION gap body) | only 1.3% below — shallow entry, historically weak (22% WR) | OBV rising — accumulation underneath | TECH HOT (top 8%) — major tailwind | SPY FAVORABLE",LIMIT BUY @ $16.80 (2% pullback cap; anchor at $16.80 too far). Stop $16.41. Anchor: weekly 25tk.,2026-08-17T05:18:09
CRL,BEAR_REJECTION_PENDING,SHORT,66.2,280.06,283.42,260.72,257.0,29,5.76,FAVORABLE,0.79,280.05,NEAR_HIGH,-0.0277,288.02,0.0157,1.6% (normal),RISING,True,"{""structural_anchor_above"": 14.0, ""large_anchor"": 10.0, ""high_genesis_rank"": 12.2, ""conviction_tier"": 10.0, ""near_rally"": 8.0, ""regime_favorable_hurts_short"": -8.0, ""ascending_channel_headwind"": -10.0, ""obv_rising_against_short"": 0.0}","PENDING: wait for rally to $280.06 (daily 121tk CONVICTION bear gap) | only 0.0% above current — close rally | SPY FAVORABLE — short is countertrend, lower probability | ASC channel active (45m) — short fights rising structure | OBV rising — possible trapped buyers under resistance (neutral)",LIMIT SHORT @ $280.06 on rally (0.0% above current $280.05). Stop $283.42. Anchor: daily 121tk bear.,2026-08-17T05:18:04
CRL,BULL_BOUNCE,LONG,63.9,280.05,268.86,294.05,,2,1.25,FAVORABLE,0.79,280.05,NEAR_HIGH,-0.0277,288.02,0.0157,1.6% (normal),RISING,True,"{""ascending_channel"": 18.0, ""at_lower_rail"": 14.0, ""anchor_eligible"": 12.0, ""anchor_high_genesis_rank"": 0.9, ""multiple_touches"": 16.0, ""obv_rising"": 6.0, ""exhaustion_warning"": -8.0, ""regime_favorable"": 5.0}","ASC channel detected on 15m (score 100) | price at lower rail ($277.80) | anchor: 15m 63tk @ $275.36 | 6 prior bull-rail touches | OBV rising — accumulation underneath | exhaustion: +1.1% over 5d on declining volume (-6.5%/day), no capitulation in last 10d, $0.01 (0.0× ATR) to daily 121tk bear gap | SPY FAVORABLE | COUNTER-TREND: opposes dominant SHORT read (top score 66) - sized to 1/4 risk","Channel: 15m ASC, rails $277.80-$287.37",2026-08-17T05:18:04
HNST,BULL_BOUNCE_PENDING,LONG,65.7,4.75,4.24,4.99,,194,0.46,FAVORABLE,0.79,4.85,BELOW,-0.1695,5.84,0.0213,2.1% (normal),RISING,False,"{""structural_anchor_below"": 14.0, ""high_genesis_rank"": 9.7, ""far_pullback"": 4.0, ""obv_rising"": 8.0, ""float_rot_quiet"": -2.0, ""sector_bottom_quartile"": -3.0, ""regime_favorable"": 5.0}","PENDING: wait for pullback to $4.36 (1h 21tk MINOR gap body) | 8.0% below — far pullback, patience required but edge is real (52% WR) | OBV rising — accumulation underneath | CONS_DISC WEAK (WEAK) — sector headwind | SPY FAVORABLE",LIMIT BUY @ $4.75 (2% pullback cap; anchor at $4.36 too far). Stop $4.24. Anchor: 1h 21tk.,2026-08-17T05:18:17
SEI,BULL_BOUNCE_PENDING,LONG,88.0,61.74,57.48,70.09,71.57,23,1.96,FAVORABLE,0.6,63.0,BELOW,-0.2691,86.19,0.0302,3.0% (normal),FALLING,False,"{""structural_anchor_below"": 14.0, ""large_anchor"": 10.0, ""high_genesis_rank"": 15.0, ""conviction_tier"": 10.0, ""moderate_pullback"": 8.0, ""obv_falling_pending"": -2.0, ""float_rot_quiet"": -2.0, ""regime_favorable"": 5.0}","PENDING: wait for pullback to $58.95 (weekly 197tk CONVICTION gap body) | 4.9% below — moderate pullback, sweet spot (49% WR) | OBV softer near-term — normal during pullback wait | SPY FAVORABLE",LIMIT BUY @ $61.74 (2% pullback cap; anchor at $58.95 too far). Stop $57.48. Anchor: weekly 197tk.,2026-08-17T05:18:52
SEI,BEAR_REJECTION_PENDING,SHORT,72.2,64.01,67.44,58.6,53.6,7,1.58,FAVORABLE,0.6,63.0,BELOW,-0.2691,86.19,0.0302,3.0% (normal),FALLING,False,"{""structural_anchor_above"": 14.0, ""huge_anchor"": 14.0, ""high_genesis_rank"": 14.2, ""conviction_tier"": 10.0, ""near_rally"": 8.0, ""regime_favorable_hurts_short"": -8.0, ""ascending_channel_headwind"": -10.0, ""obv_rising_against_short"": 0.0}","PENDING: wait for rally to $64.01 (daily 309tk CONVICTION bear gap) | only 1.6% above current — close rally | SPY FAVORABLE — short is countertrend, lower probability | ASC channel active (4h) — short fights rising structure | OBV rising — possible trapped buyers under resistance (neutral) | COUNTER-TREND: opposes dominant LONG read (top score 88) - sized to 1/4 risk",LIMIT SHORT @ $64.01 on rally (1.6% above current $63.00). Stop $67.44. Anchor: daily 309tk bear.,2026-08-17T05:18:52
SEI,CHANNEL_RECLAIM_LONG,LONG,61.0,63.0,60.56,70.09,70.09,40,2.9,FAVORABLE,0.6,63.0,BELOW,-0.2691,86.19,0.0302,3.0% (normal),FALLING,False,"{""recent_breakdown"": 10.0, ""reclaim_in_progress"": 16.0, ""ascending_channel"": 10.0, ""anchor_held"": 12.0, ""obv_rising"": 8.0, ""regime_favorable"": 5.0}",recent low $61.70 dipped below rail $62.61 | price $63.00 now back inside channel — reclaim attempt | ASC channel (5m) | anchor: 15m 130tk @ $62.35 held | OBV rising — accumulation underneath reclaim | SPY FAVORABLE,"Channel: 5m ASC, breakdown reclaimed. Validated low $61.70 → now $63.00",2026-08-17T05:18:52
RXO,BULL_BOUNCE,LONG,70.2,23.52,21.97,26.43,,64,1.88,FAVORABLE,0.56,23.52,BELOW,-0.2134,29.9,0.0073,0.7% (normal),FALLING,False,"{""ascending_channel"": 18.0, ""at_lower_rail"": 14.0, ""anchor_eligible"": 12.0, ""anchor_high_genesis_rank"": 9.2, ""multiple_touches"": 8.0, ""flag_compression"": 4.0, ""regime_favorable"": 5.0}",ASC channel detected on 15m (score 84) | price at lower rail ($23.47) | anchor: daily 61tk @ $23.02 | 3 prior bull-rail touches | flag-period volume compressed (textbook) | SPY FAVORABLE,"Channel: 15m ASC, rails $23.47-$23.69",2026-08-17T05:18:15
RXO,BULL_BOUNCE_PENDING,LONG,60.8,23.05,22.55,26.43,26.71,200,6.78,FAVORABLE,0.56,23.52,BELOW,-0.2134,29.9,0.0073,0.7% (normal),FALLING,False,"{""structural_anchor_below"": 14.0, ""medium_anchor"": 6.0, ""high_genesis_rank"": 13.8, ""near_pullback"": -4.0, ""obv_falling_pending"": -2.0, ""float_rot_quiet"": -2.0, ""regime_favorable"": 5.0}","PENDING: wait for pullback to $23.02 (daily 61tk COMPRESSION gap body) | only 0.9% below — shallow entry, historically weak (22% WR) | OBV softer near-term — normal during pullback wait | SPY FAVORABLE",LIMIT BUY @ $23.05 (2% pullback cap; anchor at $23.02 too far). Stop $22.55. Anchor: daily 61tk.,2026-08-17T05:18:15
RELY,BULL_BOUNCE_PENDING,LONG,63.8,26.5,26.08,27.82,,242,3.22,FAVORABLE,1.21,26.75,BLUE_SKY,-0.0147,27.15,0.0178,1.8% (normal),RISING,False,"{""structural_anchor_below"": 14.0, ""high_genesis_rank"": 7.8, ""near_pullback"": -4.0, ""obv_rising"": 8.0, ""float_rot_quiet"": -2.0, ""sector_top_decile"": 5.0, ""regime_favorable"": 5.0}","PENDING: wait for pullback to $26.50 (1h 40tk MINOR gap body) | only 0.2% below — shallow entry, historically weak (22% WR) | OBV rising — accumulation underneath | TECH HOT (top 8%) — major tailwind | SPY FAVORABLE",LIMIT BUY @ $26.50 on pullback (0.2% below current $26.75). Stop $26.08. Anchor: 1h 40tk.,2026-08-17T05:18:58
OFIX,BULL_BOUNCE_PENDING,LONG,81.0,10.45,9.73,10.97,,139,0.73,FAVORABLE,0.7,10.25,DEEP_BELOW,-0.3967,16.99,0.0067,0.7% (normal),RISING,False,"{""structural_anchor_below"": 14.0, ""high_genesis_rank"": 13.0, ""moderate_pullback"": 8.0, ""obv_rising"": 8.0, ""float_rot_quiet"": -2.0, ""sector_top_decile"": 5.0, ""regime_favorable"": 5.0, ""breakout_follow_promotion"": 0.0}","BUY-STOP: tape already cleared the $9.86 anchor - enter on strength above today's high, no pullback | 3.1% below — moderate pullback, sweet spot (49% WR) | OBV rising — accumulation underneath | TECH HOT (top 8%) — major tailwind | SPY FAVORABLE | BREAKOUT_FOLLOW: open $10.13 cleared anchor $9.86, 2/4 strength, regime FAVORABLE — buy-stop $10.45, 1.5xATR stop","BUY-STOP @ $10.45 (above today's high $10.44). Stop $9.73 (1.5xATR). Score 81, strength=2/4, regime=FAVORABLE. BREAKOUT_FOLLOW.",2026-08-17T05:18:27
IFF,BULL_BOUNCE_PENDING,LONG,67.1,82.5,80.49,91.76,94.99,49,4.61,FAVORABLE,0.51,84.18,NEAR_HIGH,-0.0575,89.31,0.0035,0.4% (normal),FALLING,False,"{""structural_anchor_below"": 14.0, ""huge_anchor"": 8.0, ""high_genesis_rank"": 14.1, ""conviction_tier"": 10.0, ""near_pullback"": -4.0, ""obv_falling"": -8.0, ""float_rot_quiet"": -2.0, ""regime_favorable"": 5.0}","PENDING: wait for pullback to $82.36 (daily 294tk CONVICTION gap body) | only 0.4% below — shallow entry, historically weak (22% WR) | OBV falling at anchor — distribution; bounce thesis weaker | SPY FAVORABLE",LIMIT BUY @ $82.50 (2% pullback cap; anchor at $82.36 too far). Stop $80.49. Anchor: daily 294tk.,2026-08-17T05:18:42
PRMB,BULL_BOUNCE,LONG,63.5,24.82,23.8,27.84,28.13,98,2.96,FAVORABLE,0.88,24.82,NEAR_HIGH,-0.0531,26.21,0.0102,1.0% (normal),FALLING,False,"{""ascending_channel"": 18.0, ""at_lower_rail"": 14.0, ""anchor_eligible"": 12.0, ""anchor_high_genesis_rank"": 8.5, ""multiple_touches"": 16.0, ""obv_falling"": -10.0, ""regime_favorable"": 5.0}",ASC channel detected on 10m (score 100) | price at lower rail ($24.77) | anchor: daily 77tk @ $24.30 | 6 prior bull-rail touches | OBV falling — distribution; careful | SPY FAVORABLE,"Channel: 10m ASC, rails $24.77-$24.97",2026-08-17T05:18:50
DFNS,BULL_BOUNCE_PENDING,LONG,60.0,32.44,23.59,34.06,,11,0.18,FAVORABLE,0.04,33.1,DEEP_BELOW,-0.9012,335.0,0.3553,35.5% (active),RISING,False,"{""structural_anchor_below"": 14.0, ""far_pullback"": 4.0, ""obv_rising"": 8.0, ""rel_vol_quiet_pending"": -1.0, ""regime_favorable"": 5.0}","PENDING: wait for pullback to $29.49 (10m 2tk MINOR gap body) | 10.9% below — far pullback, patience required but edge is real (52% WR) | OBV rising — accumulation underneath | SPY FAVORABLE",LIMIT BUY @ $32.44 (2% pullback cap; anchor at $29.49 too far). Stop $23.59. Anchor: 10m 2tk.,2026-08-17T05:20:07
FLYW,BULL_BOUNCE_PENDING,LONG,79.5,18.85,17.81,19.79,,96,0.91,FAVORABLE,0.8,18.9,BLUE_SKY,-0.0042,18.98,0.0147,1.5% (normal),RISING,False,"{""structural_anchor_below"": 14.0, ""high_genesis_rank"": 11.5, ""moderate_pullback"": 8.0, ""obv_rising"": 8.0, ""float_rot_quiet"": -2.0, ""sector_top_decile"": 5.0, ""regime_favorable"": 5.0, ""breakout_follow_promotion"": 0.0}","BUY-STOP: tape already cleared the $18.05 anchor - enter on strength above today's high, no pullback | 3.7% below — moderate pullback, sweet spot (49% WR) | OBV rising — accumulation underneath | TECH HOT (top 8%) — major tailwind | SPY FAVORABLE | BREAKOUT_FOLLOW: open $18.23 cleared anchor $18.05, 2/4 strength, regime FAVORABLE — buy-stop $18.85, 1.5xATR stop","BUY-STOP @ $18.85 (above today's high $18.83). Stop $17.81 (1.5xATR). Score 79, strength=2/4, regime=FAVORABLE. BREAKOUT_FOLLOW.",2026-08-17T05:19:39
NNBR,BULL_BOUNCE_PENDING,LONG,61.0,3.92,3.83,4.23,4.23,1109,3.42,FAVORABLE,2.28,3.95,BELOW,-0.1183,4.48,0.0829,8.3% (normal),RISING,False,"{""structural_anchor_below"": 14.0, ""near_pullback"": -4.0, ""obv_rising"": 8.0, ""rel_vol_normal+"": 4.0, ""float_rot_quiet"": -2.0, ""breakout_volume_surge"": 6.0, ""regime_favorable"": 5.0}","PENDING: wait for pullback to $3.92 (1h 5tk MINOR gap body) | only 0.2% below — shallow entry, historically weak (22% WR) | OBV rising — accumulation underneath | breakout volume surge — real demand active | SPY FAVORABLE",LIMIT BUY @ $3.92 on pullback (0.2% below current $3.95). Stop $3.83. Anchor: 1h 5tk.,2026-08-17T05:20:47
RDW,BULL_BOUNCE_CONFIRMED,LONG,74.4,13.72,13.13,15.21,,170,2.53,FAVORABLE,0.78,13.72,DEEP_BELOW,-0.485,26.64,0.0568,5.7% (normal),FALLING,True,"{""ascending_channel"": 14.0, ""confirmed_recovery"": 12.0, ""current_anchor_eligible"": 14.0, ""anchor_high_genesis_rank"": 8.4, ""multiple_touches"": 16.0, ""obv_rising"": 8.0, ""regime_favorable"": 5.0, ""no_prior_staircase"": -3.0}",ASC channel detected on 15m (score 100) | recovered 2.2% from recent low $13.42 | bounce at daily 21tk @ $13.30 (COMPRESSION) | 7 prior bull-rail touches | OBV rising — accumulation underneath | SPY FAVORABLE | no prior distinct rejection — stop below current anchor,"Channel: 15m ASC, rails $13.49-$13.64. Recent low $13.42 → now $13.72 (+2.2%)",2026-08-17T05:20:46
MGNI,BULL_BOUNCE_CONFIRMED,LONG,88.0,25.0,24.08,26.25,,108,1.36,FAVORABLE,1.42,25.0,NEAR_HIGH,-0.0619,26.65,0.0287,2.9% (normal),RISING,False,"{""ascending_channel"": 14.0, ""confirmed_recovery"": 12.0, ""current_anchor_eligible"": 14.0, ""multiple_touches"": 16.0, ""obv_rising"": 8.0, ""vol_normal+"": 4.0, ""regime_favorable"": 5.0, ""rejection_staircase"": 15.0}",ASC channel detected on 45m (score 100) | recovered 2.0% from recent low $24.50 | bounce at 30m 66tk @ $24.53 (MINOR) | 7 prior bull-rail touches | OBV rising — accumulation underneath | SPY FAVORABLE | staircase: 3 prior distinct rejection(s) below — prev = 45m 38tk @ $24.39,"Channel: 45m ASC, rails $24.32-$24.85. Recent low $24.50 → now $25.00 (+2.0%)",2026-08-17T05:19:59
MGNI,BULL_BOUNCE_PENDING,LONG,62.0,24.53,24.08,26.29,,223,3.94,FAVORABLE,1.42,25.0,NEAR_HIGH,-0.0619,26.65,0.0287,2.9% (normal),RISING,False,"{""structural_anchor_below"": 14.0, ""medium_anchor"": 6.0, ""near_pullback"": -4.0, ""obv_rising"": 8.0, ""float_rot_quiet"": -2.0, ""sector_top_decile"": 5.0, ""regime_favorable"": 5.0}","PENDING: wait for pullback to $24.53 (30m 66tk MINOR gap body) | only 0.6% below — shallow entry, historically weak (22% WR) | OBV rising — accumulation underneath | TECH HOT (top 8%) — major tailwind | SPY FAVORABLE",LIMIT BUY @ $24.53 on pullback (0.6% below current $25.00). Stop $24.08. Anchor: 30m 66tk.,2026-08-17T05:19:59
EQX,BULL_BOUNCE_PENDING,LONG,67.0,11.54,10.69,13.05,,116,1.75,FAVORABLE,0.53,11.78,DEEP_BELOW,-0.3787,18.96,0.0074,0.7% (normal),RISING,False,"{""structural_anchor_below"": 14.0, ""medium_anchor"": 6.0, ""high_genesis_rank"": 15.0, ""near_pullback"": -4.0, ""obv_rising"": 8.0, ""float_rot_quiet"": -2.0, ""sector_bottom_decile"": -5.0, ""regime_favorable"": 5.0}","PENDING: wait for pullback to $11.13 (daily 79tk COMPRESSION gap body) | only 2.1% below — shallow entry, historically weak (22% WR) | OBV rising — accumulation underneath | MATERIALS COLD (bottom 8%) — major headwind | SPY FAVORABLE",LIMIT BUY @ $11.54 (2% pullback cap; anchor at $11.13 too far). Stop $10.69. Anchor: daily 79tk.,2026-08-17T05:20:59
GROY,BULL_BOUNCE_CONFIRMED,LONG,74.0,3.19,3.04,3.45,3.62,688,1.79,FAVORABLE,0.93,3.19,DEEP_BELOW,-0.4152,5.45,0.0094,0.9% (normal),FALLING,True,"{""ascending_channel"": 14.0, ""confirmed_recovery"": 12.0, ""current_anchor_eligible"": 14.0, ""multiple_touches"": 16.0, ""obv_rising"": 8.0, ""regime_favorable"": 5.0, ""rejection_staircase"": 5.0}",ASC channel detected on 30m (score 96) | recovered 2.2% from recent low $3.12 | bounce at 45m 7tk @ $3.11 (MINOR) | 6 prior bull-rail touches | OBV rising — accumulation underneath | SPY FAVORABLE | staircase: 1 prior distinct rejection(s) below — prev = 45m 4tk @ $3.08,"Channel: 30m ASC, rails $3.10-$3.19. Recent low $3.12 → now $3.19 (+2.2%)",2026-08-17T05:21:36
HLLY,BULL_BOUNCE_PENDING,LONG,73.2,3.05,2.62,3.2,,235,0.36,FAVORABLE,1.02,3.11,DEEP_BELOW,-0.3058,4.48,0.0078,0.8% (normal),RISING,False,"{""structural_anchor_below"": 14.0, ""high_genesis_rank"": 14.2, ""far_pullback"": 4.0, ""obv_rising"": 8.0, ""float_rot_quiet"": -2.0, ""regime_favorable"": 5.0}","PENDING: wait for pullback to $2.69 (weekly 4tk COMPRESSION gap body) | 13.2% below — far pullback, patience required but edge is real (52% WR) | OBV rising — accumulation underneath | SPY FAVORABLE",LIMIT BUY @ $3.05 (2% pullback cap; anchor at $2.69 too far). Stop $2.62. Anchor: weekly 4tk.,2026-08-17T05:19:35
NFGC,CHANNEL_RECLAIM_LONG,LONG,61.0,1.68,1.6,1.86,1.88,1312,2.36,FAVORABLE,1.08,1.68,DEEP_BELOW,-0.532,3.59,0.0039,0.4% (normal),RISING,False,"{""recent_breakdown"": 10.0, ""reclaim_in_progress"": 16.0, ""ascending_channel"": 10.0, ""anchor_held"": 12.0, ""obv_rising"": 8.0, ""regime_favorable"": 5.0}",recent low $1.62 dipped below rail $1.64 | price $1.68 now back inside channel — reclaim attempt | ASC channel (1h) | anchor: daily 8tk @ $1.62 held | OBV rising — accumulation underneath reclaim | SPY FAVORABLE,"Channel: 1h ASC, breakdown reclaimed. Validated low $1.62 → now $1.68",2026-08-17T05:21:03
CPHI,BULL_BOUNCE_PENDING,LONG,62.0,1.07,0.97,1.12,,1038,0.55,FAVORABLE,0.1,1.09,DEEP_BELOW,-0.9432,19.19,0.0187,1.9% (normal),RISING,False,"{""structural_anchor_below"": 14.0, ""moderate_pullback"": 8.0, ""obv_rising"": 8.0, ""rel_vol_quiet_pending"": -1.0, ""float_rot_quiet"": -2.0, ""regime_favorable"": 5.0}","PENDING: wait for pullback to $1.02 (10m 2tk MINOR gap body) | 6.4% below — moderate pullback, sweet spot (49% WR) | OBV rising — accumulation underneath | SPY FAVORABLE",LIMIT BUY @ $1.07 (2% pullback cap; anchor at $1.02 too far). Stop $0.97. Anchor: 10m 2tk.,2026-08-17T05:20:39
EQH,BULL_BOUNCE_PENDING,LONG,61.7,52.03,51.5,53.87,55.55,190,3.5,FAVORABLE,0.39,53.09,NEAR_HIGH,-0.0374,55.15,0.0044,0.4% (normal),RISING,False,"{""structural_anchor_below"": 14.0, ""high_genesis_rank"": 11.7, ""near_pullback"": -4.0, ""obv_rising"": 8.0, ""rel_vol_quiet_pending"": -1.0, ""float_rot_quiet"": -2.0, ""regime_favorable"": 5.0}","PENDING: wait for pullback to $52.00 (daily 27tk COMPRESSION gap body) | only 1.8% below — shallow entry, historically weak (22% WR) | OBV rising — accumulation underneath | SPY FAVORABLE",LIMIT BUY @ $52.03 (2% pullback cap; anchor at $52.00 too far). Stop $51.5. Anchor: daily 27tk.,2026-08-17T05:20:36
CRBG,BULL_BOUNCE_PENDING,LONG,65.6,33.8,33.15,34.8,,154,1.55,FAVORABLE,0.56,34.49,NEAR_HIGH,-0.0206,35.22,0.006,0.6% (normal),RISING,False,"{""structural_anchor_below"": 14.0, ""high_genesis_rank"": 14.6, ""near_pullback"": -4.0, ""obv_rising"": 8.0, ""float_rot_quiet"": -2.0, ""regime_favorable"": 5.0}","PENDING: wait for pullback to $33.48 (daily 18tk COMPRESSION gap body) | only 2.7% below — shallow entry, historically weak (22% WR) | OBV rising — accumulation underneath | SPY FAVORABLE",LIMIT BUY @ $33.80 (2% pullback cap; anchor at $33.48 too far). Stop $33.15. Anchor: daily 18tk.,2026-08-17T05:20:59
VECO,BEAR_REJECTION_PENDING,SHORT,69.6,54.26,57.24,47.28,46.12,33,2.34,FAVORABLE,0.4,53.2,DEEP_BELOW,-0.3859,86.63,0.0057,0.6% (normal),FALLING,False,"{""structural_anchor_above"": 14.0, ""large_anchor"": 10.0, ""high_genesis_rank"": 13.6, ""conviction_tier"": 10.0, ""moderate_rally"": 4.0, ""regime_favorable_hurts_short"": -8.0, ""ascending_channel_headwind"": -10.0, ""obv_falling"": 6.0}","PENDING: wait for rally to $55.50 (daily 147tk CONVICTION bear gap) | SPY FAVORABLE — short is countertrend, lower probability | ASC channel active (4h) — short fights rising structure | OBV falling — distribution confirms short thesis",LIMIT SHORT @ $54.26 (2% rally cap; anchor at $55.50 too far). Stop $57.24. Anchor: daily 147tk bear.,2026-08-17T05:22:12
VECO,BULL_BOUNCE_PENDING,LONG,62.8,52.14,50.11,56.36,56.75,12,2.08,FAVORABLE,0.4,53.2,DEEP_BELOW,-0.3859,86.63,0.0057,0.6% (normal),FALLING,False,"{""structural_anchor_below"": 14.0, ""huge_anchor"": 8.0, ""high_genesis_rank"": 13.8, ""conviction_tier"": 10.0, ""near_pullback"": -4.0, ""obv_falling"": -8.0, ""rel_vol_weak"": -4.0, ""float_rot_quiet"": -2.0, ""regime_favorable"": 5.0}","PENDING: wait for pullback to $51.66 (daily 261tk CONVICTION gap body) | only 0.5% below — shallow entry, historically weak (22% WR) | OBV falling at anchor — distribution; bounce thesis weaker | SPY FAVORABLE | COUNTER-TREND: opposes dominant SHORT read (top score 70) - sized to 1/4 risk",LIMIT BUY @ $52.14 (2% pullback cap; anchor at $51.66 too far). Stop $50.11. Anchor: daily 261tk.,2026-08-17T05:22:12
BWA,BULL_BOUNCE_PENDING,LONG,63.1,67.29,65.44,70.52,75.92,54,1.75,FAVORABLE,0.7,68.66,BELOW,-0.1289,78.82,0.0077,0.8% (normal),FALLING,False,"{""structural_anchor_below"": 14.0, ""medium_anchor"": 6.0, ""high_genesis_rank"": 4.1, ""moderate_pullback"": 8.0, ""obv_falling_pending"": -2.0, ""float_rot_quiet"": -2.0, ""regime_favorable"": 5.0}","PENDING: wait for pullback to $66.17 (1h 75tk MINOR gap body) | 3.1% below — moderate pullback, sweet spot (49% WR) | OBV softer near-term — normal during pullback wait | SPY FAVORABLE",LIMIT BUY @ $67.29 (2% pullback cap; anchor at $66.17 too far). Stop $65.44. Anchor: 1h 75tk.,2026-08-17T05:21:13
FTRE,BULL_BOUNCE_PENDING,LONG,76.9,17.15,16.22,19.33,19.83,107,2.34,FAVORABLE,1.46,17.5,BELOW,-0.1819,21.39,0.0269,2.7% (normal),RISING,False,"{""structural_anchor_below"": 14.0, ""high_genesis_rank"": 13.9, ""moderate_pullback"": 8.0, ""obv_rising"": 8.0, ""float_rot_quiet"": -2.0, ""regime_favorable"": 5.0}","PENDING: wait for pullback to $16.64 (daily 37tk COMPRESSION gap body) | 3.8% below — moderate pullback, sweet spot (49% WR) | OBV rising — accumulation underneath | SPY FAVORABLE",LIMIT BUY @ $17.15 (2% pullback cap; anchor at $16.64 too far). Stop $16.22. Anchor: daily 37tk.,2026-08-17T05:21:21
FTRE,BULL_BOUNCE_CONFIRMED,LONG,67.3,17.5,12.19,18.38,,18,0.16,FAVORABLE,1.46,17.5,BELOW,-0.1819,21.39,0.0269,2.7% (normal),RISING,False,"{""ascending_channel"": 14.0, ""confirmed_recovery"": 12.0, ""current_anchor_eligible"": 14.0, ""anchor_high_genesis_rank"": 9.3, ""multiple_touches"": 4.0, ""vol_normal+"": 4.0, ""regime_favorable"": 5.0, ""rejection_staircase"": 5.0}",ASC channel detected on daily (score 60) | recovered 3.9% from recent low $16.84 | bounce at daily 37tk @ $16.64 (COMPRESSION) | 2 prior bull-rail touches | SPY FAVORABLE | staircase: 1 prior distinct rejection(s) below — prev = daily 173tk @ $13.11,"Channel: daily ASC, rails $16.55-$18.31. Recent low $16.84 → now $17.50 (+3.9%)",2026-08-17T05:21:21
OMH,BULL_BOUNCE_CONFIRMED,LONG,60.0,0.09,0.07,0.09,,6493,0.29,FAVORABLE,0.09,0.09,DEEP_BELOW,-0.9589,2.19,0.0672,6.7% (normal),RISING,False,"{""ascending_channel"": 14.0, ""confirmed_recovery"": 12.0, ""current_anchor_eligible"": 14.0, ""multiple_touches"": 16.0, ""obv_rising"": 8.0, ""vol_weak"": -6.0, ""regime_favorable"": 5.0, ""no_prior_staircase"": -3.0}",ASC channel detected on 5m (score 96) | recovered 2.6% from recent low $0.09 | bounce at 1m 1tk @ $0.09 (MINOR) | 7 prior bull-rail touches | OBV rising — accumulation underneath | today's volume weak — bounce lacks conviction | SPY FAVORABLE | no prior distinct rejection — stop below current anchor,"Channel: 5m ASC, rails $0.09-$0.09. Recent low $0.09 → now $0.09 (+2.6%)",2026-08-17T05:21:09
NAK,BULL_BOUNCE,LONG,76.1,1.6,1.48,1.83,,816,1.88,FAVORABLE,0.69,1.6,DEEP_BELOW,-0.4631,2.98,0.0051,0.5% (normal),FALLING,False,"{""ascending_channel"": 18.0, ""at_lower_rail"": 14.0, ""anchor_eligible"": 12.0, ""anchor_high_genesis_rank"": 7.1, ""multiple_touches"": 16.0, ""flag_compression"": 4.0, ""regime_favorable"": 5.0}",ASC channel detected on daily (score 66) | price at lower rail ($1.50) | anchor: daily 5tk @ $1.48 | 12 prior bull-rail touches | flag-period volume compressed (textbook) | SPY FAVORABLE,"Channel: daily ASC, rails $1.50-$1.94",2026-08-17T05:21:39
VZLA,BULL_BOUNCE_CONFIRMED,LONG,88.5,3.75,3.38,3.94,,272,0.51,FAVORABLE,0.9,3.75,DEEP_BELOW,-0.4784,7.19,0.0132,1.3% (normal),FALLING,False,"{""ascending_channel"": 14.0, ""confirmed_recovery"": 12.0, ""current_anchor_eligible"": 14.0, ""anchor_high_genesis_rank"": 8.5, ""multiple_touches"": 12.0, ""obv_rising"": 8.0, ""regime_favorable"": 5.0, ""rejection_staircase"": 15.0}",ASC channel detected on 1h (score 66) | recovered 3.0% from recent low $3.64 | bounce at daily 19tk @ $3.63 (COMPRESSION) | 4 prior bull-rail touches | OBV rising — accumulation underneath | SPY FAVORABLE | staircase: 3 prior distinct rejection(s) below — prev = daily 17tk @ $3.48,"Channel: 1h ASC, rails $3.50-$3.62. Recent low $3.64 → now $3.75 (+3.0%)",2026-08-17T05:22:04
AMCX,BULL_BOUNCE_PENDING,LONG,72.8,12.37,11.34,12.99,,97,0.6,FAVORABLE,0.64,12.36,BLUE_SKY,-0.0124,12.52,0.0131,1.3% (normal),RISING,False,"{""structural_anchor_below"": 14.0, ""high_genesis_rank"": 13.8, ""far_pullback"": 4.0, ""obv_rising"": 8.0, ""float_rot_quiet"": -2.0, ""regime_favorable"": 5.0, ""breakout_follow_promotion"": 0.0}","BUY-STOP: tape already cleared the $11.44 anchor - enter on strength above today's high, no pullback | 7.1% below — far pullback, patience required but edge is real (52% WR) | OBV rising — accumulation underneath | SPY FAVORABLE | BREAKOUT_FOLLOW: open $12.02 cleared anchor $11.44, 2/4 strength, regime FAVORABLE — buy-stop $12.37, 1.5xATR stop","BUY-STOP @ $12.37 (above today's high $12.36). Stop $11.34 (1.5xATR). Score 73, strength=2/4, regime=FAVORABLE. BREAKOUT_FOLLOW.",2026-08-17T05:21:36
GDRX,BULL_BOUNCE_PENDING,LONG,68.0,3.64,3.48,3.94,,633,1.93,FAVORABLE,1.17,3.71,DEEP_BELOW,-0.3614,5.81,0.0054,0.5% (normal),RISING,False,"{""structural_anchor_below"": 14.0, ""moderate_pullback"": 8.0, ""obv_rising"": 8.0, ""float_rot_quiet"": -2.0, ""sector_top_decile"": 5.0, ""regime_favorable"": 5.0}","PENDING: wait for pullback to $3.54 (1h 5tk MINOR gap body) | 3.8% below — moderate pullback, sweet spot (49% WR) | OBV rising — accumulation underneath | TECH HOT (top 8%) — major tailwind | SPY FAVORABLE",LIMIT BUY @ $3.64 (2% pullback cap; anchor at $3.54 too far). Stop $3.48. Anchor: 1h 5tk.,2026-08-17T05:22:18
OSPN,BULL_BOUNCE_PENDING,LONG,79.0,16.01,15.4,18.78,17.57,163,4.53,FAVORABLE,0.77,16.34,BELOW,-0.1158,18.48,0.009,0.9% (normal),RISING,False,"{""structural_anchor_below"": 14.0, ""high_genesis_rank"": 11.0, ""moderate_pullback"": 8.0, ""obv_rising"": 8.0, ""float_rot_quiet"": -2.0, ""sector_top_decile"": 5.0, ""regime_favorable"": 5.0}","PENDING: wait for pullback to $15.63 (45m 30tk MINOR gap body) | 3.4% below — moderate pullback, sweet spot (49% WR) | OBV rising — accumulation underneath | TECH HOT (top 8%) — major tailwind | SPY FAVORABLE",LIMIT BUY @ $16.01 (2% pullback cap; anchor at $15.63 too far). Stop $15.4. Anchor: 45m 30tk.,2026-08-17T05:22:29
MSI,BULL_BOUNCE_PENDING,LONG,79.9,455.7,435.95,498.62,,5,2.17,FAVORABLE,0.93,465.0,NEAR_HIGH,-0.0579,493.57,0.005,0.5% (normal),FALLING,False,"{""structural_anchor_below"": 14.0, ""huge_anchor"": 8.0, ""high_genesis_rank"": 7.9, ""vacuum_tier"": 6.0, ""moderate_pullback"": 8.0, ""obv_falling_pending"": -2.0, ""float_rot_quiet"": -2.0, ""sector_top_decile"": 5.0, ""regime_favorable"": 5.0}","PENDING: wait for pullback to $444.06 (10m 1184tk VACUUM gap body) | 3.2% below — moderate pullback, sweet spot (49% WR) | OBV softer near-term — normal during pullback wait | TECH HOT (top 8%) — major tailwind | SPY FAVORABLE",LIMIT BUY @ $455.70 (2% pullback cap; anchor at $444.06 too far). Stop $435.95. Anchor: 10m 1184tk.,2026-08-17T05:22:16
ERO,BULL_BOUNCE_PENDING,LONG,78.8,32.99,30.94,36.29,,48,1.62,FAVORABLE,0.82,33.66,BELOW,-0.1543,39.8,0.0095,1.0% (normal),RISING,False,"{""structural_anchor_below"": 14.0, ""medium_anchor"": 6.0, ""high_genesis_rank"": 14.8, ""moderate_pullback"": 8.0, ""obv_rising"": 8.0, ""float_rot_quiet"": -2.0, ""sector_bottom_decile"": -5.0, ""regime_favorable"": 5.0}","PENDING: wait for pullback to $31.55 (daily 90tk COMPRESSION gap body) | 4.9% below — moderate pullback, sweet spot (49% WR) | OBV rising — accumulation underneath | MATERIALS COLD (bottom 8%) — major headwind | SPY FAVORABLE",LIMIT BUY @ $32.99 (2% pullback cap; anchor at $31.55 too far). Stop $30.94. Anchor: daily 90tk.,2026-08-17T05:23:25
ERO,BEAR_REJECTION_PENDING,SHORT,60.0,34.33,36.25,29.93,28.86,13,2.3,FAVORABLE,0.82,33.66,BELOW,-0.1543,39.8,0.0095,1.0% (normal),RISING,False,"{""structural_anchor_above"": 14.0, ""medium_anchor"": 6.0, ""high_genesis_rank"": 14.0, ""moderate_rally"": 4.0, ""regime_favorable_hurts_short"": -8.0, ""obv_rising_against_short"": 0.0}","PENDING: wait for rally to $35.37 (daily 71tk COMPRESSION bear gap) | SPY FAVORABLE — short is countertrend, lower probability | OBV rising — possible trapped buyers under resistance (neutral) | COUNTER-TREND: opposes dominant LONG read (top score 79) - sized to 1/4 risk",LIMIT SHORT @ $34.33 (2% rally cap; anchor at $35.37 too far). Stop $36.25. Anchor: daily 71tk bear.,2026-08-17T05:23:25
GTM,BULL_BOUNCE_PENDING,LONG,81.3,3.96,3.64,4.16,,309,0.61,FAVORABLE,0.87,4.04,DEEP_BELOW,-0.6771,12.51,0.0238,2.4% (normal),RISING,False,"{""structural_anchor_below"": 14.0, ""high_genesis_rank"": 13.3, ""moderate_pullback"": 8.0, ""obv_rising"": 8.0, ""float_rot_quiet"": -2.0, ""sector_top_decile"": 5.0, ""regime_favorable"": 5.0}","PENDING: wait for pullback to $3.72 (daily 11tk COMPRESSION gap body) | 6.4% below — moderate pullback, sweet spot (49% WR) | OBV rising — accumulation underneath | TECH HOT (top 8%) — major tailwind | SPY FAVORABLE",LIMIT BUY @ $3.96 (2% pullback cap; anchor at $3.72 too far). Stop $3.64. Anchor: daily 11tk.,2026-08-17T05:22:56
GTM,BEAR_REJECTION_PENDING,SHORT,79.0,4.06,6.07,3.86,,12,0.1,FAVORABLE,0.87,4.04,DEEP_BELOW,-0.6771,12.51,0.0238,2.4% (normal),RISING,False,"{""structural_anchor_above"": 14.0, ""large_anchor"": 10.0, ""high_genesis_rank"": 15.0, ""conviction_tier"": 10.0, ""near_rally"": 8.0, ""regime_favorable_hurts_short"": -8.0, ""obv_rising_against_short"": 0.0}","PENDING: wait for rally to $4.06 (daily 199tk CONVICTION bear gap) | only 0.5% above current — close rally | SPY FAVORABLE — short is countertrend, lower probability | OBV rising — possible trapped buyers under resistance (neutral) | COUNTER-TREND: opposes dominant LONG read (top score 81) - sized to 1/4 risk",LIMIT SHORT @ $4.06 on rally (0.5% above current $4.04). Stop $6.07. Anchor: daily 199tk bear.,2026-08-17T05:22:56
GTM,SHORT_UPPER_DIRTY,SHORT,68.0,4.04,6.07,3.8,,12,0.12,FAVORABLE,0.87,4.04,DEEP_BELOW,-0.6771,12.51,0.0238,2.4% (normal),RISING,False,"{""dealing_range_present"": 14.0, ""rail_genesis_rank"": 15.0, ""rail_volume_spike"": 8.0, ""rail_huge_anchor"": 10.0, ""range_width_clean"": 4.0, ""at_upper_dirty_rail"": 12.0, ""regime_favorable"": 5.0}",Dealing range bounded by dirty gaps $3.80–$4.06 | rail anchor in top 0% by genesis | rail had high-volume rejection on test | rail tick_width 199 (huge) | price AT upper dirty rail (responsive short zone) | SPY FAVORABLE | COUNTER-TREND: opposes dominant LONG read (top score 81) - sized to 1/4 risk,SHORT at upper dirty rail $4.04. Target lower rail $3.80. Stop above upper gap $6.07.,2026-08-17T05:22:56
OC,BULL_BOUNCE,LONG,65.0,154.67,149.03,174.13,173.64,17,3.45,FAVORABLE,0.66,154.67,NEAR_HIGH,-0.0328,159.91,0.0071,0.7% (normal),RISING,False,"{""ascending_channel"": 18.0, ""at_lower_rail"": 14.0, ""anchor_eligible"": 12.0, ""multiple_touches"": 16.0, ""regime_favorable"": 5.0}",ASC channel detected on 15m (score 100) | price at lower rail ($153.98) | anchor: 1h 116tk @ $151.18 | 8 prior bull-rail touches | SPY FAVORABLE,"Channel: 15m ASC, rails $153.98-$156.51",2026-08-17T05:22:47
OC,BULL_BOUNCE_PENDING,LONG,62.0,151.58,149.49,160.95,162.89,47,4.49,FAVORABLE,0.66,154.67,NEAR_HIGH,-0.0328,159.91,0.0071,0.7% (normal),RISING,False,"{""structural_anchor_below"": 14.0, ""large_anchor"": 10.0, ""vacuum_tier"": 6.0, ""near_pullback"": -4.0, ""obv_rising"": 8.0, ""float_rot_quiet"": -2.0, ""sector_bottom_decile"": -5.0, ""regime_favorable"": 5.0}","PENDING: wait for pullback to $151.18 (1h 116tk VACUUM gap body) | only 1.9% below — shallow entry, historically weak (22% WR) | OBV rising — accumulation underneath | MATERIALS COLD (bottom 8%) — major headwind | SPY FAVORABLE",LIMIT BUY @ $151.58 (2% pullback cap; anchor at $151.18 too far). Stop $149.49. Anchor: 1h 116tk.,2026-08-17T05:22:47
RYTM,BULL_BOUNCE_PENDING,LONG,68.0,113.17,109.56,118.83,,27,1.57,FAVORABLE,0.47,115.48,NEAR_HIGH,-0.055,122.2,0.0049,0.5% (normal),RISING,False,"{""structural_anchor_below"": 14.0, ""medium_anchor"": 6.0, ""moderate_pullback"": 8.0, ""obv_rising"": 8.0, ""rel_vol_quiet_pending"": -1.0, ""float_rot_quiet"": -2.0, ""regime_favorable"": 5.0}","PENDING: wait for pullback to $111.18 (5m 80tk MINOR gap body) | 3.4% below — moderate pullback, sweet spot (49% WR) | OBV rising — accumulation underneath | SPY FAVORABLE",LIMIT BUY @ $113.17 (2% pullback cap; anchor at $111.18 too far). Stop $109.56. Anchor: 5m 80tk.,2026-08-17T05:22:46
RYTM,BEAR_REJECTION_PENDING,SHORT,61.5,117.66,120.17,110.71,108.49,9,2.77,FAVORABLE,0.47,115.48,NEAR_HIGH,-0.055,122.2,0.0049,0.5% (normal),RISING,False,"{""structural_anchor_above"": 14.0, ""large_anchor"": 10.0, ""high_genesis_rank"": 11.6, ""vacuum_tier"": 6.0, ""near_rally"": 8.0, ""regime_favorable_hurts_short"": -8.0, ""ascending_channel_headwind"": -10.0}","PENDING: wait for rally to $117.66 (4h 191tk VACUUM bear gap) | only 1.9% above current — close rally | SPY FAVORABLE — short is countertrend, lower probability | ASC channel active (1h) — short fights rising structure | COUNTER-TREND: opposes dominant LONG read (top score 68) - sized to 1/4 risk",LIMIT SHORT @ $117.66 on rally (1.9% above current $115.48). Stop $120.17. Anchor: 4h 191tk bear.,2026-08-17T05:22:46
WRN,BULL_BOUNCE,LONG,75.0,2.4,2.3,2.7,,981,2.94,FAVORABLE,0.51,2.4,DEEP_BELOW,-0.4366,4.26,0.0025,0.2% (normal),RISING,False,"{""ascending_channel"": 18.0, ""at_lower_rail"": 14.0, ""anchor_eligible"": 12.0, ""multiple_touches"": 16.0, ""obv_rising"": 6.0, ""flag_compression"": 4.0, ""regime_favorable"": 5.0}",ASC channel detected on 45m (score 90) | price at lower rail ($2.39) | anchor: 45m 9tk @ $2.37 | 6 prior bull-rail touches | OBV rising — accumulation underneath | flag-period volume compressed (textbook) | SPY FAVORABLE,"Channel: 45m ASC, rails $2.39-$2.43",2026-08-17T05:23:21
WRN,CHANNEL_RECLAIM_LONG,LONG,61.0,2.4,2.34,2.7,,1705,5.12,FAVORABLE,0.51,2.4,DEEP_BELOW,-0.4366,4.26,0.0025,0.2% (normal),RISING,False,"{""recent_breakdown"": 10.0, ""reclaim_in_progress"": 16.0, ""ascending_channel"": 10.0, ""anchor_held"": 12.0, ""obv_rising"": 8.0, ""regime_favorable"": 5.0}",recent low $2.37 dipped below rail $2.39 | price $2.40 now back inside channel — reclaim attempt | ASC channel (45m) | anchor: 45m 9tk @ $2.37 held | OBV rising — accumulation underneath reclaim | SPY FAVORABLE,"Channel: 45m ASC, breakdown reclaimed. Validated low $2.37 → now $2.40",2026-08-17T05:23:21
ENR,BULL_BOUNCE_PENDING,LONG,78.5,23.05,21.45,24.2,,62,0.72,FAVORABLE,0.62,22.74,BELOW,-0.2493,30.29,0.0101,1.0% (normal),RISING,False,"{""structural_anchor_below"": 14.0, ""high_genesis_rank"": 10.5, ""moderate_pullback"": 8.0, ""obv_rising"": 8.0, ""float_rot_quiet"": -2.0, ""sector_top_decile"": 5.0, ""regime_favorable"": 5.0, ""breakout_follow_promotion"": 0.0}","BUY-STOP: tape already cleared the $21.74 anchor - enter on strength above today's high, no pullback | 3.6% below — moderate pullback, sweet spot (49% WR) | OBV rising — accumulation underneath | TECH HOT (top 8%) — major tailwind | SPY FAVORABLE | BREAKOUT_FOLLOW: open $22.60 cleared anchor $21.74, 2/4 strength, regime FAVORABLE — buy-stop $23.05, 1.5xATR stop","BUY-STOP @ $23.05 (above today's high $23.03). Stop $21.45 (1.5xATR). Score 79, strength=2/4, regime=FAVORABLE. BREAKOUT_FOLLOW.",2026-08-17T05:23:13
AZN,BULL_BOUNCE,LONG,75.9,157.1,152.84,171.34,178.49,23,3.34,FAVORABLE,0.92,157.1,BELOW,-0.2614,212.71,0.0024,0.2% (normal),FALLING,False,"{""ascending_channel"": 18.0, ""at_lower_rail"": 14.0, ""anchor_eligible"": 12.0, ""anchor_high_genesis_rank"": 4.9, ""multiple_touches"": 16.0, ""obv_rising"": 6.0, ""regime_favorable"": 5.0}",ASC channel detected on 30m (score 100) | price at lower rail ($156.97) | anchor: 1h 66tk @ $155.98 | 6 prior bull-rail touches | OBV rising — accumulation underneath | SPY FAVORABLE,"Channel: 30m ASC, rails $156.97-$158.48",2026-08-17T05:25:19
AZN,CHANNEL_RECLAIM_LONG,LONG,61.0,157.1,152.98,171.34,178.49,24,3.46,FAVORABLE,0.92,157.1,BELOW,-0.2614,212.71,0.0024,0.2% (normal),FALLING,False,"{""recent_breakdown"": 10.0, ""reclaim_in_progress"": 16.0, ""ascending_channel"": 10.0, ""anchor_held"": 12.0, ""obv_rising"": 8.0, ""regime_favorable"": 5.0}",recent low $154.53 dipped below rail $156.97 | price $157.10 now back inside channel — reclaim attempt | ASC channel (30m) | anchor: 1h 66tk @ $155.98 held | OBV rising — accumulation underneath reclaim | SPY FAVORABLE,"Channel: 30m ASC, breakdown reclaimed. Validated low $154.53 → now $157.10",2026-08-17T05:25:19
DNN,BULL_BOUNCE_PENDING,LONG,64.7,3.17,3.1,3.66,3.36,1461,7.23,FAVORABLE,1.01,3.23,BELOW,-0.2709,4.43,0.0249,2.5% (normal),RISING,False,"{""structural_anchor_below"": 14.0, ""high_genesis_rank"": 10.7, ""near_pullback"": -4.0, ""obv_rising"": 8.0, ""float_rot_quiet"": -2.0, ""sector_top_quartile"": 3.0, ""regime_favorable"": 5.0}","PENDING: wait for pullback to $3.15 (daily 4tk MINOR gap body) | only 2.2% below — shallow entry, historically weak (22% WR) | OBV rising — accumulation underneath | ENERGY STRONG (STRONG) — sector tailwind | SPY FAVORABLE",LIMIT BUY @ $3.17 (2% pullback cap; anchor at $3.15 too far). Stop $3.1. Anchor: daily 4tk.,2026-08-17T05:24:25
CXW,BULL_BOUNCE_PENDING,LONG,63.0,32.16,30.89,34.15,,78,1.56,FAVORABLE,1.31,32.82,NEAR_HIGH,-0.0585,34.86,0.0182,1.8% (normal),RISING,False,"{""structural_anchor_below"": 14.0, ""moderate_pullback"": 8.0, ""obv_rising"": 8.0, ""float_rot_quiet"": -2.0, ""regime_favorable"": 5.0}","PENDING: wait for pullback to $31.41 (1h 49tk MINOR gap body) | 3.6% below — moderate pullback, sweet spot (49% WR) | OBV rising — accumulation underneath | SPY FAVORABLE",LIMIT BUY @ $32.16 (2% pullback cap; anchor at $31.41 too far). Stop $30.89. Anchor: 1h 49tk.,2026-08-17T05:23:46
COR,BULL_BOUNCE_PENDING,LONG,65.0,307.59,299.73,319.59,358.1,12,1.53,FAVORABLE,1.01,313.87,BELOW,-0.1686,377.54,0.008,0.8% (normal),RISING,False,"{""structural_anchor_below"": 14.0, ""huge_anchor"": 8.0, ""vacuum_tier"": 6.0, ""near_pullback"": -4.0, ""obv_rising"": 8.0, ""float_rot_quiet"": -2.0, ""regime_favorable"": 5.0}","PENDING: wait for pullback to $303.08 (5m 368tk VACUUM gap body) | only 2.9% below — shallow entry, historically weak (22% WR) | OBV rising — accumulation underneath | SPY FAVORABLE",LIMIT BUY @ $307.59 (2% pullback cap; anchor at $303.08 too far). Stop $299.73. Anchor: 5m 368tk.,2026-08-17T05:24:20
IQV,BULL_BOUNCE_PENDING,LONG,84.0,231.93,212.15,243.52,,5,0.59,FAVORABLE,0.61,236.66,NEAR_HIGH,-0.0585,251.36,0.0055,0.6% (normal),RISING,False,"{""structural_anchor_below"": 14.0, ""huge_anchor"": 8.0, ""high_genesis_rank"": 15.0, ""conviction_tier"": 10.0, ""near_pullback"": -4.0, ""obv_rising"": 8.0, ""float_rot_quiet"": -2.0, ""regime_favorable"": 5.0}","PENDING: wait for pullback to $224.11 (daily 2178tk CONVICTION gap body) | only 0.7% below — shallow entry, historically weak (22% WR) | OBV rising — accumulation underneath | SPY FAVORABLE",LIMIT BUY @ $231.93 (2% pullback cap; anchor at $224.11 too far). Stop $212.15. Anchor: daily 2178tk.,2026-08-17T05:24:24
SOC,BULL_BOUNCE_CONFIRMED,LONG,68.0,4.15,4.0,4.45,4.58,684,2.05,FAVORABLE,1.39,4.15,DEEP_BELOW,-0.8608,29.81,0.0556,5.6% (normal),FALLING,False,"{""ascending_channel"": 14.0, ""confirmed_recovery"": 12.0, ""current_anchor_eligible"": 14.0, ""multiple_touches"": 16.0, ""obv_falling"": -12.0, ""vol_normal+"": 4.0, ""regime_favorable"": 5.0, ""rejection_staircase"": 15.0}",ASC channel detected on 10m (score 84) | recovered 2.1% from recent low $4.07 | bounce at 10m 5tk @ $4.07 (MINOR) | 5 prior bull-rail touches | OBV falling — distribution; bounce may fail | SPY FAVORABLE | staircase: 3 prior distinct rejection(s) below — prev = 10m 7tk @ $4.06,"Channel: 10m ASC, rails $4.08-$4.12. Recent low $4.07 → now $4.15 (+2.1%)",2026-08-17T05:26:01
TDOC,BULL_BOUNCE,LONG,70.3,6.82,6.29,7.66,,188,1.59,FAVORABLE,0.51,6.82,DEEP_BELOW,-0.3102,9.89,0.0169,1.7% (normal),RISING,False,"{""ascending_channel"": 18.0, ""at_lower_rail"": 14.0, ""anchor_eligible"": 12.0, ""anchor_high_genesis_rank"": 1.3, ""multiple_touches"": 16.0, ""flag_compression"": 4.0, ""regime_favorable"": 5.0}",ASC channel detected on 45m (score 78) | price at lower rail ($6.80) | anchor: 15m 9tk @ $6.67 | 5 prior bull-rail touches | flag-period volume compressed (textbook) | SPY FAVORABLE,"Channel: 45m ASC, rails $6.80-$6.88",2026-08-17T05:24:54
RVTY,BULL_BOUNCE_PENDING,LONG,61.0,114.65,113.53,117.04,117.48,89,2.13,FAVORABLE,0.49,116.84,BLUE_SKY,-0.0127,118.34,0.0069,0.7% (normal),RISING,False,"{""structural_anchor_below"": 14.0, ""medium_anchor"": 6.0, ""near_pullback"": -4.0, ""obv_rising"": 8.0, ""rel_vol_quiet_pending"": -1.0, ""float_rot_quiet"": -2.0, ""sector_top_decile"": 5.0, ""regime_favorable"": 5.0}","PENDING: wait for pullback to $114.65 (5m 74tk MINOR gap body) | only 1.6% below — shallow entry, historically weak (22% WR) | OBV rising — accumulation underneath | TECH HOT (top 8%) — major tailwind | SPY FAVORABLE",LIMIT BUY @ $114.65 on pullback (1.6% below current $116.84). Stop $113.53. Anchor: 5m 74tk.,2026-08-17T05:24:39
SANA,BULL_BOUNCE_CONFIRMED,LONG,66.0,3.61,3.31,3.79,,337,0.61,FAVORABLE,1.52,3.61,DEEP_BELOW,-0.4489,6.55,0.0124,1.2% (normal),RISING,False,"{""ascending_channel"": 14.0, ""confirmed_recovery"": 12.0, ""current_anchor_eligible"": 14.0, ""multiple_touches"": 4.0, ""obv_rising"": 8.0, ""vol_normal+"": 4.0, ""regime_favorable"": 5.0, ""rejection_staircase"": 5.0}",ASC channel detected on 5m (score 66) | recovered 3.1% from recent low $3.50 | bounce at 1h 17tk @ $3.42 (MINOR) | 2 prior bull-rail touches | OBV rising — accumulation underneath | SPY FAVORABLE | staircase: 1 prior distinct rejection(s) below — prev = 1h 7tk @ $3.36,"Channel: 5m ASC, rails $3.53-$3.57. Recent low $3.50 → now $3.61 (+3.1%)",2026-08-17T05:25:05
YUM,BULL_BOUNCE_PENDING,LONG,70.5,145.09,138.68,159.2,160.41,15,2.2,FAVORABLE,0.7,148.05,BELOW,-0.1298,170.14,0.0063,0.6% (normal),FALLING,False,"{""structural_anchor_below"": 14.0, ""huge_anchor"": 8.0, ""high_genesis_rank"": 14.5, ""conviction_tier"": 10.0, ""near_pullback"": -4.0, ""obv_falling_pending"": -2.0, ""float_rot_quiet"": -2.0, ""sector_bottom_quartile"": -3.0, ""regime_favorable"": 5.0}","PENDING: wait for pullback to $142.81 (daily 685tk CONVICTION gap body) | only 1.2% below — shallow entry, historically weak (22% WR) | OBV softer near-term — normal during pullback wait | CONS_DISC WEAK (WEAK) — sector headwind | SPY FAVORABLE",LIMIT BUY @ $145.09 (2% pullback cap; anchor at $142.81 too far). Stop $138.68. Anchor: daily 685tk.,2026-08-17T05:24:38
YUM,BEAR_REJECTION_PENDING,SHORT,60.1,149.6,151.51,146.23,128.85,13,1.76,FAVORABLE,0.7,148.05,BELOW,-0.1298,170.14,0.0063,0.6% (normal),FALLING,False,"{""structural_anchor_above"": 14.0, ""large_anchor"": 10.0, ""high_genesis_rank"": 14.1, ""conviction_tier"": 10.0, ""near_rally"": 8.0, ""regime_favorable_hurts_short"": -8.0, ""bull_gap_magnet_above"": -24.0, ""obv_falling"": 6.0}","PENDING: wait for rally to $149.60 (weekly 116tk CONVICTION bear gap) | only 1.0% above current — close rally | SPY FAVORABLE — short is countertrend, lower probability | 2 bull gap magnet(s) above $150.76 — upside pull may breach resistance | OBV falling — distribution confirms short thesis | COUNTER-TREND: opposes dominant LONG read (top score 70) - sized to 1/4 risk",LIMIT SHORT @ $149.60 on rally (1.0% above current $148.05). Stop $151.51. Anchor: weekly 116tk bear.,2026-08-17T05:24:38
DD,BEAR_REJECTION_PENDING,SHORT,73.5,148.68,152.56,142.85,133.35,25,1.5,FAVORABLE,0.63,145.77,NEAR_HIGH,-0.0773,157.98,0.0082,0.8% (normal),FALLING,False,"{""structural_anchor_above"": 14.0, ""huge_anchor"": 14.0, ""high_genesis_rank"": 13.5, ""vacuum_tier"": 6.0, ""near_rally"": 8.0, ""regime_favorable_hurts_short"": -8.0, ""ascending_channel_headwind"": -10.0, ""obv_falling"": 6.0}","PENDING: wait for rally to $148.68 (daily 313tk VACUUM bear gap) | only 2.0% above current — close rally | SPY FAVORABLE — short is countertrend, lower probability | ASC channel active (daily) — short fights rising structure | OBV falling — distribution confirms short thesis",LIMIT SHORT @ $148.68 on rally (2.0% above current $145.77). Stop $152.56. Anchor: daily 313tk bear.,2026-08-17T05:25:04
CLVT,BULL_BOUNCE_PENDING,LONG,67.0,1.87,1.78,2.06,2.08,1095,2.06,FAVORABLE,0.43,1.91,DEEP_BELOW,-0.5807,4.55,0.0038,0.4% (normal),RISING,False,"{""structural_anchor_below"": 14.0, ""moderate_pullback"": 8.0, ""obv_rising"": 8.0, ""rel_vol_quiet_pending"": -1.0, ""float_rot_quiet"": -2.0, ""sector_top_decile"": 5.0, ""regime_favorable"": 5.0}","PENDING: wait for pullback to $1.83 (30m 1tk MINOR gap body) | 3.7% below — moderate pullback, sweet spot (49% WR) | OBV rising — accumulation underneath | TECH HOT (top 8%) — major tailwind | SPY FAVORABLE",LIMIT BUY @ $1.87 (2% pullback cap; anchor at $1.83 too far). Stop $1.78. Anchor: 30m 1tk.,2026-08-17T05:24:57
PTLO,BULL_BOUNCE_PENDING,LONG,73.7,5.25,4.86,5.93,,257,1.75,FAVORABLE,0.94,5.2183,DEEP_BELOW,-0.344,7.95,0.0172,1.7% (normal),RISING,False,"{""structural_anchor_below"": 14.0, ""high_genesis_rank"": 13.7, ""moderate_pullback"": 8.0, ""obv_rising"": 8.0, ""float_rot_quiet"": -2.0, ""sector_bottom_quartile"": -3.0, ""regime_favorable"": 5.0, ""breakout_follow_promotion"": 0.0}","BUY-STOP: tape already cleared the $4.86 anchor - enter on strength above today's high, no pullback | 5.1% below — moderate pullback, sweet spot (49% WR) | OBV rising — accumulation underneath | CONS_DISC WEAK (WEAK) — sector headwind | SPY FAVORABLE | BREAKOUT_FOLLOW: open $4.99 cleared anchor $4.86, 2/4 strength, regime FAVORABLE — buy-stop $5.25, 1.5xATR stop","BUY-STOP @ $5.25 (above today's high $5.24). Stop $4.86 (1.5xATR). Score 74, strength=2/4, regime=FAVORABLE. BREAKOUT_FOLLOW.",2026-08-17T05:26:00
BKV,BULL_BOUNCE_PENDING,LONG,62.8,26.19,25.69,28.09,27.79,203,3.88,FAVORABLE,0.64,26.72,BELOW,-0.1856,32.81,0.0053,0.5% (normal),RISING,True,"{""structural_anchor_below"": 14.0, ""high_genesis_rank"": 11.8, ""near_pullback"": -4.0, ""obv_rising"": 8.0, ""exhaustion_warning"": -3.0, ""float_rot_quiet"": -2.0, ""sector_top_quartile"": 3.0, ""regime_favorable"": 5.0}","PENDING: wait for pullback to $26.01 (daily 17tk COMPRESSION gap body) | only 2.4% below — shallow entry, historically weak (22% WR) | OBV rising — accumulation underneath | exhaustion: +4.2% over 5d on declining volume (-10.3%/day), no capitulation in last 10d, $1.75 (1.7× ATR) to 45m 80tk bear gap | ENERGY STRONG (STRONG) — sector tailwind | SPY FAVORABLE",LIMIT BUY @ $26.19 (2% pullback cap; anchor at $26.01 too far). Stop $25.69. Anchor: daily 17tk.,2026-08-17T05:25:56
GDDY,BULL_BOUNCE_PENDING,LONG,81.1,102.09,92.45,107.19,,10,0.53,FAVORABLE,0.95,95.76,DEEP_BELOW,-0.3636,150.47,0.0165,1.6% (normal),RISING,False,"{""structural_anchor_below"": 14.0, ""high_genesis_rank"": 13.1, ""moderate_pullback"": 8.0, ""obv_rising"": 8.0, ""float_rot_quiet"": -2.0, ""sector_top_decile"": 5.0, ""regime_favorable"": 5.0, ""breakout_follow_promotion"": 0.0}","BUY-STOP: tape already cleared the $92.03 anchor - enter on strength above today's high, no pullback | 3.7% below — moderate pullback, sweet spot (49% WR) | OBV rising — accumulation underneath | TECH HOT (top 8%) — major tailwind | SPY FAVORABLE | BREAKOUT_FOLLOW: open $101.56 cleared anchor $92.03, 2/4 strength, regime FAVORABLE — buy-stop $102.09, 1.5xATR stop","BUY-STOP @ $102.09 (above today's high $101.99). Stop $92.45 (1.5xATR). Score 81, strength=2/4, regime=FAVORABLE. BREAKOUT_FOLLOW.",2026-08-17T05:25:57
GDDY,BULL_BOUNCE,LONG,71.0,95.76,89.33,106.79,,15,1.72,FAVORABLE,0.95,95.76,DEEP_BELOW,-0.3636,150.47,0.0165,1.6% (normal),RISING,False,"{""ascending_channel"": 18.0, ""at_lower_rail"": 14.0, ""anchor_eligible"": 12.0, ""multiple_touches"": 16.0, ""obv_rising"": 6.0, ""regime_favorable"": 5.0}",ASC channel detected on 5m (score 96) | price at lower rail ($96.02) | anchor: 30m 86tk @ $95.34 | 5 prior bull-rail touches | OBV rising — accumulation underneath | SPY FAVORABLE,"Channel: 5m ASC, rails $96.02-$96.58",2026-08-17T05:25:57
GDDY,BEAR_REJECTION_PENDING,SHORT,60.0,97.68,103.02,84.1,84.1,4,2.54,FAVORABLE,0.95,95.76,DEEP_BELOW,-0.3636,150.47,0.0165,1.6% (normal),RISING,False,"{""structural_anchor_above"": 14.0, ""huge_anchor"": 14.0, ""vacuum_tier"": 6.0, ""moderate_rally"": 4.0, ""regime_favorable_hurts_short"": -8.0, ""obv_rising_against_short"": 0.0}","PENDING: wait for rally to $99.99 (45m 253tk VACUUM bear gap) | SPY FAVORABLE — short is countertrend, lower probability | OBV rising — possible trapped buyers under resistance (neutral) | COUNTER-TREND: opposes dominant LONG read (top score 81) - sized to 1/4 risk",LIMIT SHORT @ $97.68 (2% rally cap; anchor at $99.99 too far). Stop $103.02. Anchor: 45m 253tk bear.,2026-08-17T05:25:57
EFOR,BULL_BOUNCE_PENDING,LONG,68.6,31.04,30.17,32.51,,115,1.71,FAVORABLE,0.55,31.67,NEAR_HIGH,-0.0625,33.78,0.0143,1.4% (normal),RISING,False,"{""structural_anchor_below"": 14.0, ""high_genesis_rank"": 12.6, ""near_pullback"": -4.0, ""obv_rising"": 8.0, ""float_rot_quiet"": -2.0, ""sector_top_decile"": 5.0, ""regime_favorable"": 5.0}","PENDING: wait for pullback to $30.80 (daily 17tk COMPRESSION gap body) | only 2.5% below — shallow entry, historically weak (22% WR) | OBV rising — accumulation underneath | TECH HOT (top 8%) — major tailwind | SPY FAVORABLE",LIMIT BUY @ $31.04 (2% pullback cap; anchor at $30.80 too far). Stop $30.17. Anchor: daily 17tk.,2026-08-17T05:25:49
SOLV,BULL_BOUNCE_PENDING,LONG,91.0,88.59,80.07,93.02,,11,0.52,FAVORABLE,1.17,88.59,BLUE_SKY,-0.0157,90.0,0.0085,0.9% (normal),FALLING,False,"{""structural_anchor_below"": 14.0, ""huge_anchor"": 8.0, ""high_genesis_rank"": 15.0, ""conviction_tier"": 10.0, ""moderate_pullback"": 8.0, ""obv_falling_pending"": -2.0, ""float_rot_quiet"": -2.0, ""sector_top_decile"": 5.0, ""regime_favorable"": 5.0}","MARKET: score 91 CONVICTION - take entry now at $88.59, not waiting for the $81.78 pullback | 6.2% below — moderate pullback, sweet spot (49% WR) | OBV softer near-term — normal during pullback wait | TECH HOT (top 8%) — major tailwind | SPY FAVORABLE",MARKET BUY @ ~$88.59 (CONVICTION score 91). Stop $80.07. Anchor: daily 261tk @ $81.78.,2026-08-17T05:25:39
QTEX,BULL_BOUNCE_PENDING,LONG,67.2,0.93,0.89,1.01,,2413,1.9,FAVORABLE,0.41,0.9501,DEEP_BELOW,-0.7532,3.85,0.0166,1.7% (normal),RISING,False,"{""structural_anchor_below"": 14.0, ""high_genesis_rank"": 0.2, ""moderate_pullback"": 8.0, ""obv_rising"": 8.0, ""rel_vol_quiet_pending"": -1.0, ""float_rot_quiet"": -2.0, ""sector_top_decile"": 5.0, ""regime_favorable"": 5.0}","PENDING: wait for pullback to $0.92 (1h 1tk MINOR gap body) | 3.2% below — moderate pullback, sweet spot (49% WR) | OBV rising — accumulation underneath | TECH HOT (top 8%) — major tailwind | SPY FAVORABLE",LIMIT BUY @ $0.93 (2% pullback cap; anchor at $0.92 too far). Stop $0.89. Anchor: 1h 1tk.,2026-08-17T05:26:24
QTEX,BULL_BOUNCE_CONFIRMED,LONG,66.0,0.95,0.94,1.01,1.0,6991,4.19,FAVORABLE,0.41,0.9501,DEEP_BELOW,-0.7532,3.85,0.0166,1.7% (normal),RISING,False,"{""ascending_channel"": 14.0, ""confirmed_recovery"": 12.0, ""current_anchor_eligible"": 14.0, ""multiple_touches"": 12.0, ""vol_weak"": -6.0, ""regime_favorable"": 5.0, ""rejection_staircase"": 15.0}",ASC channel detected on 45m (score 78) | recovered 2.2% from recent low $0.93 | bounce at daily 80tk @ $1.12 (None) | 4 prior bull-rail touches | today's volume weak — bounce lacks conviction | SPY FAVORABLE | staircase: 3 prior distinct rejection(s) below — prev = 5m 2tk @ $0.95,"Channel: 45m ASC, rails $0.97-$1.00. Recent low $0.93 → now $0.95 (+2.2%)",2026-08-17T05:26:24
MTSI,BULL_BOUNCE_CONFIRMED,LONG,94.7,322.62,305.45,364.37,368.57,5,2.43,FAVORABLE,0.55,322.62,BELOW,-0.2298,418.9,0.0105,1.0% (normal),FALLING,False,"{""ascending_channel"": 14.0, ""confirmed_recovery"": 12.0, ""current_anchor_eligible"": 14.0, ""anchor_high_genesis_rank"": 9.7, ""multiple_touches"": 12.0, ""obv_rising"": 8.0, ""regime_favorable"": 5.0, ""rejection_staircase"": 20.0}",ASC channel detected on 45m (score 84) | recovered 3.8% from recent low $310.92 | bounce at weekly 396tk @ $312.80 (CONVICTION) | 4 prior bull-rail touches | OBV rising — accumulation underneath | SPY FAVORABLE | staircase: 5 prior distinct rejection(s) below — prev = 5m 190tk @ $307.93,"Channel: 45m ASC, rails $309.00-$319.79. Recent low $310.92 → now $322.62 (+3.8%)",2026-08-17T05:26:57
MTSI,BULL_BOUNCE_PENDING,LONG,60.0,317.91,311.82,364.37,348.63,16,7.63,FAVORABLE,0.55,322.62,BELOW,-0.2298,418.9,0.0105,1.0% (normal),FALLING,False,"{""structural_anchor_below"": 14.0, ""huge_anchor"": 8.0, ""vacuum_tier"": 6.0, ""near_pullback"": -4.0, ""obv_falling_pending"": -2.0, ""float_rot_quiet"": -2.0, ""sector_top_decile"": 5.0, ""regime_favorable"": 5.0}","PENDING: wait for pullback to $317.91 (30m 371tk VACUUM gap body) | only 0.9% below — shallow entry, historically weak (22% WR) | OBV softer near-term — normal during pullback wait | TECH HOT (top 8%) — major tailwind | SPY FAVORABLE",LIMIT BUY @ $317.91 on pullback (0.9% below current $322.62). Stop $311.82. Anchor: 30m 371tk.,2026-08-17T05:26:57
DVLT,BULL_BOUNCE_CONFIRMED,LONG,66.0,0.33,0.31,0.37,0.37,6535,2.78,FAVORABLE,0.77,0.3275,DEEP_BELOW,-0.9188,4.03,0.0194,1.9% (normal),FALLING,False,"{""ascending_channel"": 14.0, ""confirmed_recovery"": 12.0, ""current_anchor_eligible"": 14.0, ""multiple_touches"": 16.0, ""obv_rising"": 8.0, ""regime_favorable"": 5.0, ""no_prior_staircase"": -3.0}",ASC channel detected on 5m (score 90) | recovered 3.9% from recent low $0.32 | bounce at 15m 1tk @ $0.32 (MINOR) | 7 prior bull-rail touches | OBV rising — accumulation underneath | SPY FAVORABLE | no prior distinct rejection — stop below current anchor,"Channel: 5m ASC, rails $0.32-$0.32. Recent low $0.32 → now $0.33 (+3.9%)",2026-08-17T05:26:00
APLE,BULL_BOUNCE_PENDING,LONG,63.6,15.8,15.65,16.25,16.25,672,3.02,FAVORABLE,0.7,16.07,NEAR_HIGH,-0.07,17.28,0.0095,1.0% (normal),RISING,False,"{""structural_anchor_below"": 14.0, ""high_genesis_rank"": 12.6, ""near_pullback"": -4.0, ""obv_rising"": 8.0, ""float_rot_quiet"": -2.0, ""regime_favorable"": 5.0}","PENDING: wait for pullback to $15.80 (daily 14tk COMPRESSION gap body) | only 1.2% below — shallow entry, historically weak (22% WR) | OBV rising — accumulation underneath | SPY FAVORABLE",LIMIT BUY @ $15.80 on pullback (1.2% below current $16.07). Stop $15.65. Anchor: daily 14tk.,2026-08-17T05:26:24
HTZ,BULL_BOUNCE_CONFIRMED,LONG,62.0,2.26,2.01,2.37,,399,0.45,FAVORABLE,0.69,2.26,DEEP_BELOW,-0.7237,8.18,0.1044,10.4% (active),FALLING,False,"{""ascending_channel"": 14.0, ""confirmed_recovery"": 12.0, ""current_anchor_eligible"": 14.0, ""multiple_touches"": 12.0, ""obv_rising"": 8.0, ""regime_favorable"": 5.0, ""no_prior_staircase"": -3.0}",ASC channel detected on 5m (score 70) | recovered 2.3% from recent low $2.21 | bounce at daily 25tk @ $2.15 (None) | 4 prior bull-rail touches | OBV rising — accumulation underneath | SPY FAVORABLE | no prior distinct rejection — stop below current anchor,"Channel: 5m ASC, rails $2.23-$2.26. Recent low $2.21 → now $2.26 (+2.3%)",2026-08-17T05:26:52
ARE,BEAR_REJECTION_PENDING,SHORT,70.0,49.12,49.99,44.65,41.76,115,5.15,FAVORABLE,0.65,48.25,DEEP_BELOW,-0.4532,88.24,0.007,0.7% (normal),RISING,False,"{""structural_anchor_above"": 14.0, ""medium_anchor"": 6.0, ""high_genesis_rank"": 14.0, ""near_rally"": 8.0, ""regime_favorable_hurts_short"": -8.0, ""obv_falling"": 6.0}","PENDING: wait for rally to $49.12 (weekly 63tk COMPRESSION bear gap) | only 1.8% above current — close rally | SPY FAVORABLE — short is countertrend, lower probability | OBV falling — distribution confirms short thesis",LIMIT SHORT @ $49.12 on rally (1.8% above current $48.25). Stop $49.99. Anchor: weekly 63tk bear.,2026-08-17T05:26:23
DHR,BULL_BOUNCE_PENDING,LONG,87.7,198.45,194.01,209.5,214.64,22,2.49,FAVORABLE,0.35,202.5,BELOW,-0.166,242.8,0.0032,0.3% (normal),RISING,False,"{""structural_anchor_below"": 14.0, ""huge_anchor"": 8.0, ""high_genesis_rank"": 14.7, ""conviction_tier"": 10.0, ""near_pullback"": -4.0, ""obv_rising"": 8.0, ""rel_vol_quiet_pending"": -1.0, ""float_rot_quiet"": -2.0, ""sector_top_decile"": 5.0, ""regime_favorable"": 5.0}","PENDING: wait for pullback to $196.16 (weekly 237tk CONVICTION gap body) | only 2.5% below — shallow entry, historically weak (22% WR) | OBV rising — accumulation underneath | TECH HOT (top 8%) — major tailwind | SPY FAVORABLE",LIMIT BUY @ $198.45 (2% pullback cap; anchor at $196.16 too far). Stop $194.01. Anchor: weekly 237tk.,2026-08-17T05:26:40
DHR,SHORT_UPPER_DIRTY,SHORT,64.9,202.5,206.66,185.12,,6,4.18,FAVORABLE,0.35,202.5,BELOW,-0.166,242.8,0.0032,0.3% (normal),RISING,False,"{""dealing_range_present"": 14.0, ""rail_genesis_rank"": 11.9, ""rail_volume_spike"": 8.0, ""rail_huge_anchor"": 10.0, ""range_width_clean"": 4.0, ""at_upper_dirty_rail"": 12.0, ""regime_favorable"": 5.0}",Dealing range bounded by dirty gaps $185.12–$203.00 | rail anchor in top 21% by genesis | rail had high-volume rejection on test | rail tick_width 263 (huge) | price AT upper dirty rail (responsive short zone) | SPY FAVORABLE | COUNTER-TREND: opposes dominant LONG read (top score 88) - sized to 1/4 risk,SHORT at upper dirty rail $202.50. Target lower rail $185.12. Stop above upper gap $206.66.,2026-08-17T05:26:40
OGS,BULL_BOUNCE_PENDING,LONG,83.1,81.6,78.89,88.25,88.74,36,2.45,FAVORABLE,0.72,80.98,BELOW,-0.108,90.78,0.0056,0.6% (normal),RISING,False,"{""structural_anchor_below"": 14.0, ""large_anchor"": 10.0, ""high_genesis_rank"": 13.1, ""vacuum_tier"": 6.0, ""near_pullback"": -4.0, ""obv_rising"": 8.0, ""float_rot_quiet"": -2.0, ""sector_top_quartile"": 3.0, ""regime_favorable"": 5.0, ""breakout_follow_promotion"": 0.0}","BUY-STOP: tape already cleared the $77.98 anchor - enter on strength above today's high, no pullback | only 2.8% below — shallow entry, historically weak (22% WR) | OBV rising — accumulation underneath | UTILITIES STRONG (STRONG) — sector tailwind | SPY FAVORABLE | BREAKOUT_FOLLOW: open $80.81 cleared anchor $77.98, 2/4 strength, regime FAVORABLE — buy-stop $81.60, 1.5xATR stop","BUY-STOP @ $81.60 (above today's high $81.52). Stop $78.89 (1.5xATR). Score 83, strength=2/4, regime=FAVORABLE. BREAKOUT_FOLLOW.",2026-08-17T05:26:35
MGA,BULL_BOUNCE_PENDING,LONG,64.0,68.97,67.41,71.52,72.6,64,1.63,FAVORABLE,0.56,70.38,NEAR_HIGH,-0.022,71.96,0.0028,0.3% (normal),RISING,False,"{""structural_anchor_below"": 14.0, ""large_anchor"": 10.0, ""vacuum_tier"": 6.0, ""near_pullback"": -4.0, ""obv_rising"": 8.0, ""float_rot_quiet"": -2.0, ""sector_bottom_quartile"": -3.0, ""regime_favorable"": 5.0}","PENDING: wait for pullback to $68.55 (1h 160tk VACUUM gap body) | only 1.5% below — shallow entry, historically weak (22% WR) | OBV rising — accumulation underneath | CONS_DISC WEAK (WEAK) — sector headwind | SPY FAVORABLE",LIMIT BUY @ $68.97 (2% pullback cap; anchor at $68.55 too far). Stop $67.41. Anchor: 1h 160tk.,2026-08-17T05:27:11
ZBH,BULL_BOUNCE_PENDING,LONG,70.1,99.3,98.31,110.61,107.17,101,11.52,FAVORABLE,0.83,100.65,NEAR_HIGH,-0.0706,108.29,0.0113,1.1% (normal),RISING,False,"{""structural_anchor_below"": 14.0, ""medium_anchor"": 6.0, ""high_genesis_rank"": 8.1, ""near_pullback"": -4.0, ""obv_rising"": 8.0, ""float_rot_quiet"": -2.0, ""sector_top_decile"": 5.0, ""regime_favorable"": 5.0}","PENDING: wait for pullback to $99.30 (30m 60tk MINOR gap body) | only 1.1% below — shallow entry, historically weak (22% WR) | OBV rising — accumulation underneath | TECH HOT (top 8%) — major tailwind | SPY FAVORABLE",LIMIT BUY @ $99.30 on pullback (1.1% below current $100.65). Stop $98.31. Anchor: 30m 60tk.,2026-08-17T05:26:47
WELL,BULL_BOUNCE_PENDING,LONG,76.7,233.95,231.74,239.13,243.15,45,2.34,FAVORABLE,0.61,235.85,NEAR_HIGH,-0.0758,255.2,0.0027,0.3% (normal),RISING,False,"{""structural_anchor_below"": 14.0, ""huge_anchor"": 8.0, ""high_genesis_rank"": 11.7, ""vacuum_tier"": 6.0, ""near_pullback"": -4.0, ""obv_rising"": 8.0, ""float_rot_quiet"": -2.0, ""regime_favorable"": 5.0}","PENDING: wait for pullback to $233.95 (30m 210tk VACUUM gap body) | only 0.4% below — shallow entry, historically weak (22% WR) | OBV rising — accumulation underneath | SPY FAVORABLE",LIMIT BUY @ $233.95 on pullback (0.4% below current $235.85). Stop $231.74. Anchor: 30m 210tk.,2026-08-17T05:27:13
WELL,BEAR_REJECTION_PENDING,SHORT,60.9,238.91,242.18,231.5,227.03,7,2.26,FAVORABLE,0.61,235.85,NEAR_HIGH,-0.0758,255.2,0.0027,0.3% (normal),RISING,False,"{""structural_anchor_above"": 14.0, ""huge_anchor"": 14.0, ""high_genesis_rank"": 6.9, ""vacuum_tier"": 6.0, ""near_rally"": 8.0, ""regime_favorable_hurts_short"": -8.0, ""ascending_channel_headwind"": -10.0}","PENDING: wait for rally to $238.91 (1h 207tk VACUUM bear gap) | only 1.3% above current — close rally | SPY FAVORABLE — short is countertrend, lower probability | ASC channel active (5m) — short fights rising structure | COUNTER-TREND: opposes dominant LONG read (top score 77) - sized to 1/4 risk",LIMIT SHORT @ $238.91 on rally (1.3% above current $235.85). Stop $242.18. Anchor: 1h 207tk bear.,2026-08-17T05:27:13
CAH,BULL_BOUNCE_PENDING,LONG,83.2,230.47,220.74,246.04,,10,1.6,FAVORABLE,0.82,235.17,NEAR_HIGH,-0.0896,258.3,0.0073,0.7% (normal),RISING,False,"{""structural_anchor_below"": 14.0, ""huge_anchor"": 8.0, ""high_genesis_rank"": 6.2, ""vacuum_tier"": 6.0, ""moderate_pullback"": 8.0, ""obv_rising"": 8.0, ""float_rot_quiet"": -2.0, ""regime_favorable"": 5.0}","PENDING: wait for pullback to $224.54 (1h 539tk VACUUM gap body) | 3.4% below — moderate pullback, sweet spot (49% WR) | OBV rising — accumulation underneath | SPY FAVORABLE",LIMIT BUY @ $230.47 (2% pullback cap; anchor at $224.54 too far). Stop $220.74. Anchor: 1h 539tk.,2026-08-17T05:27:05
ANNX,BULL_BOUNCE_PENDING,LONG,63.0,5.39,5.02,5.99,,271,1.63,FAVORABLE,1.2,5.5,BELOW,-0.234,7.18,0.0158,1.6% (normal),RISING,False,"{""structural_anchor_below"": 14.0, ""moderate_pullback"": 8.0, ""obv_rising"": 8.0, ""float_rot_quiet"": -2.0, ""regime_favorable"": 5.0}","PENDING: wait for pullback to $5.19 (1h 29tk MINOR gap body) | 3.1% below — moderate pullback, sweet spot (49% WR) | OBV rising — accumulation underneath | SPY FAVORABLE",LIMIT BUY @ $5.39 (2% pullback cap; anchor at $5.19 too far). Stop $5.02. Anchor: 1h 29tk.,2026-08-17T05:26:45
NVST,BULL_BOUNCE,LONG,71.0,28.0,26.98,30.09,,97,2.04,FAVORABLE,0.8,28.0,NEAR_HIGH,-0.0795,30.42,0.0157,1.6% (normal),RISING,False,"{""ascending_channel"": 18.0, ""at_lower_rail"": 14.0, ""anchor_eligible"": 12.0, ""multiple_touches"": 16.0, ""obv_rising"": 6.0, ""regime_favorable"": 5.0}",ASC channel detected on 45m (score 100) | price at lower rail ($27.93) | anchor: 10m 182tk @ $27.81 | 6 prior bull-rail touches | OBV rising — accumulation underneath | SPY FAVORABLE,"Channel: 45m ASC, rails $27.93-$28.42",2026-08-17T05:26:50
NVST,BULL_BOUNCE_PENDING,LONG,60.0,27.49,27.18,30.09,28.22,325,8.48,FAVORABLE,0.8,28.0,NEAR_HIGH,-0.0795,30.42,0.0157,1.6% (normal),RISING,False,"{""structural_anchor_below"": 14.0, ""high_genesis_rank"": 4.0, ""near_pullback"": -4.0, ""obv_rising"": 8.0, ""float_rot_quiet"": -2.0, ""sector_top_decile"": 5.0, ""regime_favorable"": 5.0}","PENDING: wait for pullback to $27.49 (1h 23tk MINOR gap body) | only 1.4% below — shallow entry, historically weak (22% WR) | OBV rising — accumulation underneath | TECH HOT (top 8%) — major tailwind | SPY FAVORABLE",LIMIT BUY @ $27.49 on pullback (1.4% below current $28.00). Stop $27.18. Anchor: 1h 23tk.,2026-08-17T05:26:50
TT,BULL_BOUNCE_PENDING,LONG,76.8,474.63,469.88,499.0,488.5,21,5.13,FAVORABLE,0.47,480.2,NEAR_HIGH,-0.0507,505.87,0.0025,0.3% (normal),FALLING,False,"{""structural_anchor_below"": 14.0, ""huge_anchor"": 8.0, ""high_genesis_rank"": 13.8, ""conviction_tier"": 10.0, ""near_pullback"": -4.0, ""obv_falling_pending"": -2.0, ""rel_vol_quiet_pending"": -1.0, ""float_rot_quiet"": -2.0, ""sector_top_decile"": 5.0, ""regime_favorable"": 5.0}","PENDING: wait for pullback to $474.63 (daily 478tk CONVICTION gap body) | only 0.7% below — shallow entry, historically weak (22% WR) | OBV softer near-term — normal during pullback wait | TECH HOT (top 8%) — major tailwind | SPY FAVORABLE",LIMIT BUY @ $474.63 on pullback (0.7% below current $480.20). Stop $469.88. Anchor: daily 478tk.,2026-08-17T05:27:05
ASPN,BULL_BOUNCE_PENDING,LONG,60.2,5.78,4.88,6.07,,111,0.32,FAVORABLE,0.58,5.9,DEEP_BELOW,-0.3688,9.35,0.0123,1.2% (normal),NEUTRAL,False,"{""structural_anchor_below"": 14.0, ""high_genesis_rank"": 9.2, ""far_pullback"": 4.0, ""float_rot_quiet"": -2.0, ""regime_favorable"": 5.0}","PENDING: wait for pullback to $5.07 (45m 13tk MINOR gap body) | 13.1% below — far pullback, patience required but edge is real (52% WR) | SPY FAVORABLE",LIMIT BUY @ $5.78 (2% pullback cap; anchor at $5.07 too far). Stop $4.88. Anchor: 45m 13tk.,2026-08-17T05:27:21
SUJA,BEAR_REJECTION_PENDING,SHORT,62.9,6.56,6.85,6.02,5.61,347,1.88,FAVORABLE,0.99,6.55,DEEP_BELOW,-0.6456,18.48,0.0316,3.2% (normal),FALLING,False,"{""structural_anchor_above"": 14.0, ""high_genesis_rank"": 12.9, ""near_rally"": 8.0, ""regime_favorable_hurts_short"": -8.0, ""obv_falling"": 6.0}","PENDING: wait for rally to $6.56 (4h 8tk COMPRESSION bear gap) | only 0.2% above current — close rally | SPY FAVORABLE — short is countertrend, lower probability | OBV falling — distribution confirms short thesis",LIMIT SHORT @ $6.56 on rally (0.2% above current $6.55). Stop $6.85. Anchor: 4h 8tk bear.,2026-08-17T05:27:04
EPC,BULL_BOUNCE_PENDING,LONG,67.5,27.85,26.37,30.48,31.39,67,1.78,FAVORABLE,0.6,28.42,NEAR_HIGH,-0.0511,29.95,0.0083,0.8% (normal),RISING,True,"{""structural_anchor_below"": 14.0, ""high_genesis_rank"": 7.5, ""moderate_pullback"": 8.0, ""obv_rising"": 8.0, ""exhaustion_warning"": -3.0, ""float_rot_quiet"": -2.0, ""regime_favorable"": 5.0}","PENDING: wait for pullback to $26.76 (1h 14tk MINOR gap body) | 5.6% below — moderate pullback, sweet spot (49% WR) | OBV rising — accumulation underneath | exhaustion: +1.5% over 5d on declining volume (-7.6%/day), no capitulation in last 10d, $1.90 (1.5× ATR) to daily 17tk bear gap | SPY FAVORABLE",LIMIT BUY @ $27.85 (2% pullback cap; anchor at $26.76 too far). Stop $26.37. Anchor: 1h 14tk.,2026-08-17T05:27:10
TMO,BEAR_REJECTION_PENDING,SHORT,71.7,585.06,590.64,576.0,572.32,17,1.62,FAVORABLE,0.47,585.0,NEAR_HIGH,-0.0916,643.99,0.0029,0.3% (normal),RISING,False,"{""structural_anchor_above"": 14.0, ""huge_anchor"": 14.0, ""high_genesis_rank"": 7.7, ""vacuum_tier"": 6.0, ""near_rally"": 8.0, ""regime_favorable_hurts_short"": -8.0, ""obv_rising_against_short"": 0.0}","PENDING: wait for rally to $585.06 (1h 265tk VACUUM bear gap) | only 0.0% above current — close rally | SPY FAVORABLE — short is countertrend, lower probability | OBV rising — possible trapped buyers under resistance (neutral)",LIMIT SHORT @ $585.06 on rally (0.0% above current $585.00). Stop $590.64. Anchor: 1h 265tk bear.,2026-08-17T05:27:26
TMO,BULL_BOUNCE_PENDING,LONG,61.4,581.68,577.34,592.16,592.11,5,2.41,FAVORABLE,0.47,585.0,NEAR_HIGH,-0.0916,643.99,0.0029,0.3% (normal),RISING,False,"{""structural_anchor_below"": 14.0, ""medium_anchor"": 6.0, ""high_genesis_rank"": 0.4, ""near_pullback"": -4.0, ""obv_rising"": 8.0, ""rel_vol_quiet_pending"": -1.0, ""float_rot_quiet"": -2.0, ""sector_top_decile"": 5.0, ""regime_favorable"": 5.0}","PENDING: wait for pullback to $581.68 (10m 64tk MINOR gap body) | only 0.5% below — shallow entry, historically weak (22% WR) | OBV rising — accumulation underneath | TECH HOT (top 8%) — major tailwind | SPY FAVORABLE | COUNTER-TREND: opposes dominant SHORT read (top score 72) - sized to 1/4 risk",LIMIT BUY @ $581.68 on pullback (0.5% below current $585.00). Stop $577.34. Anchor: 10m 64tk.,2026-08-17T05:27:26
EMR,BULL_BOUNCE_PENDING,LONG,72.0,164.96,157.92,173.21,,14,1.17,FAVORABLE,0.68,163.17,BLUE_SKY,-0.0191,166.35,0.0038,0.4% (normal),RISING,False,"{""structural_anchor_below"": 14.0, ""large_anchor"": 10.0, ""vacuum_tier"": 6.0, ""near_pullback"": -4.0, ""obv_rising"": 8.0, ""float_rot_quiet"": -2.0, ""sector_top_decile"": 5.0, ""regime_favorable"": 5.0, ""breakout_follow_promotion"": 0.0}","BUY-STOP: tape already cleared the $159.36 anchor - enter on strength above today's high, no pullback | only 1.9% below — shallow entry, historically weak (22% WR) | OBV rising — accumulation underneath | TECH HOT (top 8%) — major tailwind | SPY FAVORABLE | BREAKOUT_FOLLOW: open $164.26 cleared anchor $159.36, 2/4 strength, regime FAVORABLE — buy-stop $164.96, 1.5xATR stop","BUY-STOP @ $164.96 (above today's high $164.80). Stop $157.92 (1.5xATR). Score 72, strength=2/4, regime=FAVORABLE. BREAKOUT_FOLLOW.",2026-08-17T05:27:18
EMR,BEAR_REJECTION_PENDING,SHORT,63.8,164.26,168.84,150.62,148.6,5,2.98,FAVORABLE,0.68,163.17,BLUE_SKY,-0.0191,166.35,0.0038,0.4% (normal),RISING,False,"{""structural_anchor_above"": 14.0, ""huge_anchor"": 14.0, ""high_genesis_rank"": 9.7, ""vacuum_tier"": 6.0, ""near_rally"": 8.0, ""regime_favorable_hurts_short"": -8.0, ""ascending_channel_headwind"": -10.0, ""obv_rising_against_short"": 0.0}","PENDING: wait for rally to $164.26 (30m 375tk VACUUM bear gap) | only 0.7% above current — close rally | SPY FAVORABLE — short is countertrend, lower probability | ASC channel active (10m) — short fights rising structure | OBV rising — possible trapped buyers under resistance (neutral) | COUNTER-TREND: opposes dominant LONG read (top score 72) - sized to 1/4 risk",LIMIT SHORT @ $164.26 on rally (0.7% above current $163.17). Stop $168.84. Anchor: 30m 375tk bear.,2026-08-17T05:27:18
INVZ,CHANNEL_RECLAIM_LONG,LONG,61.0,0.39,0.36,0.41,,3724,0.73,FAVORABLE,1.1,0.39,DEEP_BELOW,-0.8465,2.54,0.0184,1.8% (normal),FALLING,False,"{""recent_breakdown"": 10.0, ""reclaim_in_progress"": 16.0, ""ascending_channel"": 10.0, ""anchor_held"": 12.0, ""obv_rising"": 8.0, ""regime_favorable"": 5.0}",recent low $0.37 dipped below rail $0.39 | price $0.39 now back inside channel — reclaim attempt | ASC channel (1h) | anchor: 1h 2tk @ $0.38 held | OBV rising — accumulation underneath reclaim | SPY FAVORABLE,"Channel: 1h ASC, breakdown reclaimed. Validated low $0.37 → now $0.39",2026-08-17T05:27:27
HCA,BULL_BOUNCE_PENDING,LONG,83.0,395.92,387.67,410.46,418.88,12,1.76,FAVORABLE,0.67,404.0,BELOW,-0.2741,556.52,0.0043,0.4% (normal),RISING,False,"{""structural_anchor_below"": 14.0, ""huge_anchor"": 8.0, ""high_genesis_rank"": 14.0, ""conviction_tier"": 10.0, ""near_pullback"": -4.0, ""obv_rising"": 8.0, ""float_rot_quiet"": -2.0, ""regime_favorable"": 5.0}","PENDING: wait for pullback to $392.92 (daily 661tk CONVICTION gap body) | only 1.9% below — shallow entry, historically weak (22% WR) | OBV rising — accumulation underneath | SPY FAVORABLE",LIMIT BUY @ $395.92 (2% pullback cap; anchor at $392.92 too far). Stop $387.67. Anchor: daily 661tk.,2026-08-17T05:27:19
ROIV,BULL_BOUNCE_PENDING,LONG,85.4,36.53,34.56,38.36,,50,0.93,FAVORABLE,0.84,36.23,NEAR_HIGH,-0.0208,37.0,0.0063,0.6% (normal),RISING,False,"{""structural_anchor_below"": 14.0, ""large_anchor"": 10.0, ""high_genesis_rank"": 6.4, ""vacuum_tier"": 6.0, ""moderate_pullback"": 8.0, ""obv_rising"": 8.0, ""float_rot_quiet"": -2.0, ""regime_favorable"": 5.0, ""breakout_follow_promotion"": 0.0}","BUY-STOP: tape already cleared the $33.24 anchor - enter on strength above today's high, no pullback | 5.8% below — moderate pullback, sweet spot (49% WR) | OBV rising — accumulation underneath | SPY FAVORABLE | BREAKOUT_FOLLOW: open $36.13 cleared anchor $33.24, 2/4 strength, regime FAVORABLE — buy-stop $36.53, 1.5xATR stop","BUY-STOP @ $36.53 (above today's high $36.49). Stop $34.56 (1.5xATR). Score 85, strength=2/4, regime=FAVORABLE. BREAKOUT_FOLLOW.",2026-08-17T05:27:25
