ticker,side,tier,fem,mode,entry,stop,t1,t2,shares,rr,last_px,high,low,volume,chg_pct,outcome,result_r,spy_regime,entry_type,n_gaps_above,gap_above_conviction,checked_at,scan_date
MAX,SHORT,CONVICTION,100.0,BEAR_REJECTION_PENDING,12.58,16.16,11.95,,27,0.18,12.220000267028809,12.59280014038086,11.930000305175781,808359.0,-2.47,TARGET_HIT,1.5,HOSTILE,LIMIT,20,COMPRESSION,2026-09-03_1729,2026-09-03
CRWV,SHORT,CONVICTION,100.0,BEAR_REJECTION_PENDING,82.63,84.65,78.91,74.07,49,1.84,84.55999755859375,84.8499984741211,79.04000091552734,18737553.0,4.34,STOPPED,-1.0,HOSTILE,LIMIT,20,CONVICTION,2026-09-03_1729,2026-09-03
HCA,SHORT,CONVICTION,100.0,BEAR_REJECTION_PENDING,412.46,415.76,383.63,396.22,30,8.74,409.20001220703125,413.1300048828125,401.43499755859375,1362335.0,1.05,CLOSED,0.99,HOSTILE,LIMIT,20,CONVICTION,2026-09-03_1729,2026-09-03
OC,SHORT,CONVICTION,100.0,BEAR_REJECTION_PENDING,136.35,138.84,129.68,125.54,40,2.68,134.7100067138672,137.3000030517578,132.58999633789062,1142495.0,0.34,CLOSED,0.66,HOSTILE,LIMIT,20,CONVICTION,2026-09-03_1729,2026-09-03
DPC,SHORT,CONVICTION,100.0,BEAR_REJECTION_PENDING,40.16,44.3,38.15,,24,0.48,41.560001373291016,41.83620071411133,38.86000061035156,1249814.0,5.56,CLOSED_LOSS,-0.34,HOSTILE,LIMIT,20,CONVICTION,2026-09-03_1729,2026-09-03
FICO,SHORT,CONVICTION,100.0,BEAR_REJECTION_PENDING,1099.45,1111.74,1065.0,986.85,8,2.8,1118.9300537109375,1150.8349609375,1099.760009765625,203207.0,2.59,STOPPED,-1.0,HOSTILE,LIMIT,20,CONVICTION,2026-09-03_1729,2026-09-03
SUNB,SHORT,CONVICTION,100.0,BEAR_REJECTION_PENDING,68.45,72.64,65.03,,23,0.82,65.98999786376953,67.8499984741211,64.87000274658203,4614263.0,-1.67,NO_FILL,0.0,HOSTILE,LIMIT,20,CONVICTION,2026-09-03_1729,2026-09-03
BTC,SHORT,CONVICTION,100.0,BEAR_REJECTION_PENDING,34.52,37.27,29.67,,36,1.77,36.15999984741211,36.17499923706055,34.70000076293945,2816784.0,5.7,CLOSED_LOSS,-0.6,HOSTILE,LIMIT,20,CONVICTION,2026-09-03_1729,2026-09-03
TKO,SHORT,CONVICTION,100.0,BEAR_REJECTION_PENDING,192.38,194.38,183.15,178.32,50,4.62,189.4199981689453,192.52499389648438,187.20010375976562,749524.0,-0.19,CLOSED,1.48,HOSTILE,LIMIT,20,CONVICTION,2026-09-03_1729,2026-09-03
WSM,SHORT,CONVICTION,100.0,BEAR_REJECTION_PENDING,224.51,229.39,196.0,204.82,20,5.84,222.75999450683594,224.8000030517578,218.60000610351562,1182411.0,-0.11,CLOSED,0.36,HOSTILE,LIMIT,20,CONVICTION,2026-09-03_1729,2026-09-03
IDCC,SHORT,CONVICTION,99.9,BEAR_REJECTION_PENDING,330.75,336.31,306.16,303.33,17,4.42,335.9100036621094,337.8800048828125,326.1099853515625,202823.0,1.86,STOPPED,-1.0,HOSTILE,LIMIT,20,COMPRESSION,2026-09-03_1729,2026-09-03
POWL,SHORT,CONVICTION,99.5,BEAR_REJECTION_PENDING,177.12,180.63,155.28,147.99,28,6.23,175.16000366210938,176.82000732421875,168.00999450683594,629631.0,0.74,NO_FILL,0.0,HOSTILE,LIMIT,20,CONVICTION,2026-09-03_1729,2026-09-03
LEU,SHORT,CONVICTION,99.3,BEAR_REJECTION_PENDING,173.6,177.99,159.0,156.18,22,3.33,170.4600067138672,175.4250030517578,168.91000366210938,430937.0,0.15,CLOSED,0.72,HOSTILE,LIMIT,20,CONVICTION,2026-09-03_1729,2026-09-03
NVDQ,SHORT,CONVICTION,98.8,BEAR_REJECTION_PENDING,8.65,9.98,8.22,,75,0.33,8.274999618530273,8.545000076293945,8.119999885559082,6052721.0,-2.42,NO_FILL,0.0,HOSTILE,LIMIT,20,COMPRESSION,2026-09-03_1729,2026-09-03
MSFT,SHORT,CONVICTION,98.7,BEAR_REJECTION_PENDING,501.02,509.83,476.12,476.12,11,2.83,510.1199951171875,515.6400146484375,500.79998779296875,24108434.0,2.18,STOPPED,-1.0,HOSTILE,LIMIT,20,CONVICTION,2026-09-03_1729,2026-09-03
NKE,SHORT,CONVICTION,97.0,BEAR_REJECTION_PENDING,39.13,40.95,37.17,,54,1.07,38.77000045776367,38.93000030517578,37.95000076293945,29515435.0,1.07,NO_FILL,0.0,HOSTILE,LIMIT,20,COMPRESSION,2026-09-03_1729,2026-09-03
DKS,SHORT,CONVICTION,97.0,BEAR_REJECTION_PENDING,140.45,180.23,133.43,,2,0.18,139.77000427246094,140.35000610351562,133.3699951171875,3383989.0,1.5,NO_FILL,0.0,HOSTILE,LIMIT,20,CONVICTION,2026-09-03_1729,2026-09-03
MTDR,SHORT,CONVICTION,97.0,BEAR_REJECTION_PENDING,60.34,64.49,53.96,,24,1.54,59.720001220703125,59.75,58.880001068115234,1353528.0,0.23,NO_FILL,0.0,HOSTILE,LIMIT,14,CONVICTION,2026-09-03_1729,2026-09-03
EIX,SHORT,CONVICTION,97.0,BEAR_REJECTION_PENDING,55.71,70.52,52.92,,6,0.19,56.29999923706055,56.83000183105469,55.0,8450056.0,2.14,CLOSED_LOSS,-0.04,HOSTILE,LIMIT,20,CONVICTION,2026-09-03_1729,2026-09-03
BEX,SHORT,CONVICTION,96.8,BEAR_REJECTION_PENDING,25.17,28.36,23.91,,31,0.39,28.030000686645508,28.700000762939453,22.900100708007812,3532810.0,13.57,STOPPED,-1.0,HOSTILE,LIMIT,17,CONVICTION,2026-09-03_1729,2026-09-03
VISN,SHORT,CONVICTION,96.6,BEAR_REJECTION_PENDING,6.53,11.67,6.2,,19,0.06,6.369999885559082,6.505000114440918,6.320000171661377,6646011.0,-0.47,NO_FILL,0.0,HOSTILE,LIMIT,17,CONVICTION,2026-09-03_1729,2026-09-03
QNT,SHORT,CONVICTION,96.5,BEAR_REJECTION_PENDING,49.01,50.25,46.84,,80,1.75,48.70000076293945,49.31999969482422,46.810001373291016,1531845.0,-0.2,TARGET_HIT,1.5,HOSTILE,LIMIT,20,CONVICTION,2026-09-03_1729,2026-09-03
ATRO,SHORT,CONVICTION,96.2,BEAR_REJECTION_PENDING,74.69,76.09,69.39,69.71,71,3.79,74.52999877929688,74.81929779052734,72.3499984741211,503181.0,0.26,CLOSED,0.11,HOSTILE,LIMIT,20,CONVICTION,2026-09-03_1729,2026-09-03
CNC,SHORT,CONVICTION,96.2,BEAR_REJECTION_PENDING,69.02,72.83,62.77,58.91,26,1.64,68.0199966430664,68.81999969482422,66.8499984741211,3581616.0,0.52,NO_FILL,0.0,HOSTILE,LIMIT,4,CONVICTION,2026-09-03_1729,2026-09-03
SHOP,SHORT,CONVICTION,96.1,BEAR_REJECTION_PENDING,143.66,148.11,132.79,129.04,22,2.45,145.8800048828125,146.3699951171875,142.25999450683594,5951550.0,1.97,CLOSED_LOSS,-0.5,HOSTILE,LIMIT,20,CONVICTION,2026-09-03_1729,2026-09-03
PRIM,SHORT,CONVICTION,96.1,BEAR_REJECTION_PENDING,76.16,77.57,72.19,69.81,71,2.82,73.58999633789062,75.48999786376953,73.3499984741211,1301412.0,-1.6,NO_FILL,0.0,HOSTILE,LIMIT,20,CONVICTION,2026-09-03_1729,2026-09-03
MEDP,SHORT,CONVICTION,96.0,BEAR_REJECTION_PENDING,594.32,603.65,517.87,512.04,10,8.19,593.3900146484375,599.0800170898438,586.52001953125,143228.0,0.06,CLOSED,0.1,HOSTILE,LIMIT,20,CONVICTION,2026-09-03_1729,2026-09-03
GPN,SHORT,CONVICTION,95.9,BEAR_REJECTION_PENDING,94.67,97.71,85.75,82.02,32,2.93,91.7699966430664,95.17500305175781,91.23999786376953,1685806.0,-1.12,CLOSED,0.95,HOSTILE,LIMIT,20,COMPRESSION,2026-09-03_1729,2026-09-03
BDX,SHORT,CONVICTION,95.8,BEAR_REJECTION_PENDING,187.88,190.47,167.75,175.88,38,7.78,187.6199951171875,189.47000122070312,184.91000366210938,1206503.0,0.05,CLOSED,0.1,HOSTILE,LIMIT,20,CONVICTION,2026-09-03_1729,2026-09-03
BBW,SHORT,CONVICTION,95.0,BEAR_REJECTION_PENDING,30.3,38.55,28.79,,12,0.18,29.06999969482422,31.0,29.012500762939453,676982.0,-2.15,CLOSED,0.15,HOSTILE,LIMIT,16,CONVICTION,2026-09-03_1729,2026-09-03
COHX,SHORT,CONVICTION,94.5,BEAR_REJECTION_PENDING,21.15,22.29,19.17,18.0,87,1.74,20.059999465942383,20.65999984741211,18.611900329589844,450156.0,-4.02,NO_FILL,0.0,HOSTILE,LIMIT,20,CONVICTION,2026-09-03_1729,2026-09-03
CVLT,SHORT,CONVICTION,94.5,BEAR_REJECTION_PENDING,134.19,136.99,126.14,119.7,35,2.87,137.1199951171875,138.18499755859375,133.7899932861328,486454.0,4.23,STOPPED,-1.0,HOSTILE,LIMIT,20,CONVICTION,2026-09-03_1729,2026-09-03
CG,SHORT,CONVICTION,94.5,BEAR_REJECTION_PENDING,47.4,48.63,43.15,42.83,81,3.45,47.75,48.859901428222656,46.96500015258789,3147892.0,1.29,STOPPED,-1.0,HOSTILE,LIMIT,20,COMPRESSION,2026-09-03_1729,2026-09-03
COPX,SHORT,CONVICTION,92.5,BEAR_REJECTION_PENDING,91.2,93.32,86.17,82.69,47,2.37,91.25,92.37999725341797,90.0999984741211,3342453.0,0.66,CLOSED_LOSS,-0.02,HOSTILE,LIMIT,20,COMPRESSION,2026-09-03_1729,2026-09-03
SPHR,SHORT,CONVICTION,92.0,BEAR_REJECTION_PENDING,140.63,142.89,135.06,135.06,44,2.47,143.0,143.72999572753906,138.3000030517578,542098.0,1.73,STOPPED,-1.0,HOSTILE,LIMIT,20,CONVICTION,2026-09-03_1729,2026-09-03
GBTC,SHORT,CONVICTION,91.8,BEAR_REJECTION_PENDING,60.75,65.92,51.5,,19,1.79,63.2400016784668,63.28499984741211,60.66999816894531,3474073.0,4.96,CLOSED_LOSS,-0.48,HOSTILE,LIMIT,20,CONVICTION,2026-09-03_1729,2026-09-03
BABA,SHORT,CONVICTION,91.8,BEAR_REJECTION_PENDING,109.91,113.45,97.41,97.41,28,3.52,111.80999755859375,112.05999755859375,109.67500305175781,8517366.0,1.74,CLOSED_LOSS,-0.54,HOSTILE,LIMIT,20,COMPRESSION,2026-09-03_1729,2026-09-03
DXYZ,SHORT,CONVICTION,91.2,BEAR_REJECTION_PENDING,33.17,34.91,28.0,28.9,57,2.96,32.25,32.90999984741211,31.81999969482422,711174.0,-1.23,NO_FILL,0.0,HOSTILE,LIMIT,12,CONVICTION,2026-09-03_1729,2026-09-03
CDW,SHORT,CONVICTION,91.0,BEAR_REJECTION_PENDING,151.49,155.6,139.69,135.35,24,2.87,153.9199981689453,158.0449981689453,148.63999938964844,1700645.0,3.64,STOPPED,-1.0,HOSTILE,LIMIT,20,CONVICTION,2026-09-03_1729,2026-09-03
IBIT,SHORT,CONVICTION,91.0,BEAR_REJECTION_PENDING,44.25,47.73,38.76,,28,1.58,46.349998474121094,46.369998931884766,44.40999984741211,84012900.0,5.2,CLOSED_LOSS,-0.6,HOSTILE,LIMIT,20,CONVICTION,2026-09-03_1729,2026-09-03
NVAX,SHORT,CONVICTION,91.0,BEAR_REJECTION_PENDING,10.43,12.66,9.91,,44,0.23,10.34000015258789,10.479999542236328,9.900099754333496,6214137.0,0.37,TARGET_HIT,1.5,HOSTILE,LIMIT,5,CONVICTION,2026-09-03_1729,2026-09-03
REGN,SHORT,CONVICTION,91.0,BEAR_REJECTION_PENDING,869.48,924.33,769.54,726.69,1,1.82,843.469970703125,859.3400268554688,837.6300048828125,496173.0,-1.05,NO_FILL,0.0,HOSTILE,LIMIT,5,CONVICTION,2026-09-03_1729,2026-09-03
SHAZ,SHORT,CONVICTION,90.8,BEAR_REJECTION_PENDING,54.89,58.79,47.2,,25,1.97,54.970001220703125,55.83000183105469,51.0099983215332,1304105.0,2.16,CLOSED_LOSS,-0.02,HOSTILE,LIMIT,20,COMPRESSION,2026-09-03_1729,2026-09-03
INOD,SHORT,CONVICTION,90.8,BEAR_REJECTION_PENDING,55.0,56.48,52.73,,67,1.54,55.04499816894531,55.5099983215332,54.310001373291016,600276.0,1.07,CLOSED_LOSS,-0.03,HOSTILE,LIMIT,20,COMPRESSION,2026-09-03_1729,2026-09-03
ARKB,SHORT,CONVICTION,90.8,BEAR_REJECTION_PENDING,25.8,28.04,22.12,,44,1.64,27.1200008392334,27.125,26.010000228881836,1492088.0,5.36,CLOSED_LOSS,-0.59,HOSTILE,LIMIT,20,CONVICTION,2026-09-03_1729,2026-09-03
MHK,SHORT,CONVICTION,90.7,BEAR_REJECTION_PENDING,131.8,136.46,115.66,115.08,21,3.47,131.6999969482422,133.27000427246094,130.77000427246094,1346486.0,1.92,CLOSED,0.02,HOSTILE,LIMIT,20,CONVICTION,2026-09-03_1729,2026-09-03
MANE,SHORT,CONVICTION,90.5,BEAR_REJECTION_PENDING,100.0,103.33,93.59,90.09,29,1.92,97.75,100.9760971069336,95.41999816894531,356175.0,-1.56,CLOSED,0.68,HOSTILE,LIMIT,20,CONVICTION,2026-09-03_1729,2026-09-03
RGEN,SHORT,CONVICTION,90.4,BEAR_REJECTION_PENDING,174.17,177.15,150.0,163.63,33,8.11,169.61000061035156,176.1300048828125,167.5399932861328,1325273.0,-1.93,CLOSED,1.5,HOSTILE,LIMIT,20,CONVICTION,2026-09-03_1729,2026-09-03
AXTI,SHORT,CONVICTION,90.4,BEAR_REJECTION_PENDING,58.03,60.45,48.51,52.5,41,3.93,56.20000076293945,57.7599983215332,52.7599983215332,7200330.0,-1.42,NO_FILL,0.0,HOSTILE,LIMIT,20,CONVICTION,2026-09-03_1729,2026-09-03
BE,SHORT,CONVICTION,90.4,BEAR_REJECTION_PENDING,220.76,233.32,195.72,,7,2.0,235.5500030517578,238.41000366210938,212.1199951171875,15587803.0,6.86,STOPPED,-1.0,HOSTILE,LIMIT,18,CONVICTION,2026-09-03_1729,2026-09-03
FCEL,SHORT,CONVICTION,90.4,BEAR_REJECTION_PENDING,14.48,16.95,13.76,,40,0.29,14.670000076293945,14.979999542236328,13.829999923706055,10057300.0,3.31,CLOSED_LOSS,-0.08,HOSTILE,LIMIT,16,CONVICTION,2026-09-03_1729,2026-09-03
BITB,SHORT,CONVICTION,90.3,BEAR_REJECTION_PENDING,42.23,45.93,36.17,,27,1.64,44.369998931884766,44.404998779296875,42.56999969482422,1553175.0,5.29,CLOSED_LOSS,-0.58,HOSTILE,LIMIT,20,CONVICTION,2026-09-03_1729,2026-09-03
GSHD,SHORT,CONVICTION,90.2,BEAR_REJECTION_PENDING,69.0,71.07,62.57,58.91,48,3.1,67.08000183105469,70.64749908447266,64.31999969482422,290378.0,-2.5,CLOSED,0.93,HOSTILE,LIMIT,20,COMPRESSION,2026-09-03_1729,2026-09-03
TNET,SHORT,CONVICTION,90.2,BEAR_REJECTION_PENDING,68.7,70.91,62.45,62.45,45,2.82,69.41999816894531,69.95500183105469,67.75,290658.0,3.07,CLOSED_LOSS,-0.33,HOSTILE,LIMIT,20,COMPRESSION,2026-09-03_1729,2026-09-03
ARES,SHORT,CONVICTION,90.2,BEAR_REJECTION_PENDING,140.0,142.37,128.95,128.09,42,4.67,141.52000427246094,143.18499755859375,138.27999877929688,3172909.0,1.81,STOPPED,-1.0,HOSTILE,LIMIT,20,CONVICTION,2026-09-03_1729,2026-09-03
FDXF,SHORT,CONVICTION,89.8,BEAR_REJECTION_PENDING,127.5,129.99,121.12,,40,2.56,127.19000244140625,128.77999877929688,123.23999786376953,1821090.0,0.15,CLOSED,0.12,HOSTILE,LIMIT,20,COMPRESSION,2026-09-03_1729,2026-09-03
TRGP,SHORT,CONVICTION,89.8,BEAR_REJECTION_PENDING,294.57,297.54,276.85,276.85,33,5.97,293.5400085449219,296.55999755859375,291.2099914550781,843034.0,0.03,CLOSED,0.35,HOSTILE,LIMIT,12,CONVICTION,2026-09-03_1729,2026-09-03
AAPL,SHORT,CONVICTION,89.6,BEAR_REJECTION_PENDING,331.79,339.88,311.47,307.58,12,2.51,328.2099914550781,330.80999755859375,324.1099853515625,37197362.0,0.9,NO_FILL,0.0,HOSTILE,LIMIT,8,CONVICTION,2026-09-03_1729,2026-09-03
ADBE,SHORT,CONVICTION,89.3,BEAR_REJECTION_PENDING,289.18,301.08,258.25,242.85,8,2.6,285.75,292.8599853515625,283.84320068359375,3530423.0,0.79,CLOSED,0.29,HOSTILE,LIMIT,14,CONVICTION,2026-09-03_1729,2026-09-03
MNDY,SHORT,CONVICTION,89.2,BEAR_REJECTION_PENDING,98.43,100.4,91.26,87.81,50,3.64,97.33000183105469,100.02999877929688,94.81999969482422,811059.0,0.86,CLOSED,0.56,HOSTILE,LIMIT,20,VACUUM,2026-09-03_1729,2026-09-03
APP,SHORT,CONVICTION,88.9,BEAR_REJECTION_PENDING,328.43,340.69,278.64,291.99,8,4.06,313.5799865722656,331.80999755859375,309.4079895019531,4450354.0,-2.61,CLOSED,1.21,HOSTILE,LIMIT,11,CONVICTION,2026-09-03_1729,2026-09-03
AMKR,SHORT,CONVICTION,88.8,BEAR_REJECTION_PENDING,48.12,50.51,40.5,41.69,41,3.19,46.939998626708984,47.439998626708984,45.29999923706055,3874779.0,-0.51,NO_FILL,0.0,HOSTILE,LIMIT,20,CONVICTION,2026-09-03_1729,2026-09-03
BX,SHORT,CONVICTION,88.8,BEAR_REJECTION_PENDING,139.02,142.26,128.1,125.2,30,3.37,137.67999267578125,140.61500549316406,135.55999755859375,3334389.0,0.49,CLOSED,0.41,HOSTILE,LIMIT,20,COMPRESSION,2026-09-03_1729,2026-09-03
LOPE,SHORT,CONVICTION,88.7,BEAR_REJECTION_PENDING,150.68,153.28,133.94,142.03,38,6.43,152.4499969482422,153.0399932861328,148.3249969482422,282341.0,1.91,CLOSED_LOSS,-0.68,HOSTILE,LIMIT,20,COMPRESSION,2026-09-03_1729,2026-09-03
ESAB,SHORT,CONVICTION,88.5,BEAR_REJECTION_PENDING,75.75,76.81,73.86,,94,1.78,74.69999694824219,75.63999938964844,73.20500183105469,902637.0,-0.98,NO_FILL,0.0,HOSTILE,LIMIT,20,COMPRESSION,2026-09-03_1729,2026-09-03
VSH,SHORT,CONVICTION,88.4,BEAR_REJECTION_PENDING,30.93,31.79,28.2,26.34,116,3.18,30.450000762939453,31.0,30.06999969482422,6457686.0,-0.52,CLOSED,0.56,HOSTILE,LIMIT,20,COMPRESSION,2026-09-03_1729,2026-09-03
MC,SHORT,CONVICTION,88.3,BEAR_REJECTION_PENDING,67.78,68.74,60.25,62.21,103,7.83,69.13999938964844,70.19499969482422,67.97000122070312,462956.0,2.4,STOPPED,-1.0,HOSTILE,LIMIT,20,COMPRESSION,2026-09-03_1729,2026-09-03
CELH,SHORT,CONVICTION,88.2,BEAR_REJECTION_PENDING,32.13,33.14,29.98,29.43,98,2.11,31.610000610351562,32.349998474121094,31.149999618530273,4919470.0,0.35,CLOSED,0.51,HOSTILE,LIMIT,20,COMPRESSION,2026-09-03_1729,2026-09-03
MYRG,SHORT,CONVICTION,88.0,BEAR_REJECTION_PENDING,285.03,294.45,267.98,255.05,10,1.81,284.1000061035156,287.8599853515625,277.0,285069.0,0.28,CLOSED,0.1,HOSTILE,LIMIT,20,CONVICTION,2026-09-03_1729,2026-09-03
RMD,SHORT,CONVICTION,87.9,BEAR_REJECTION_PENDING,231.57,234.67,197.29,197.29,32,11.07,229.19000244140625,233.0449981689453,227.26499938964844,782985.0,-0.92,CLOSED,0.77,HOSTILE,LIMIT,20,CONVICTION,2026-09-03_1729,2026-09-03
PNR,SHORT,CONVICTION,87.8,BEAR_REJECTION_PENDING,61.14,61.98,59.82,,119,1.57,60.02000045776367,60.959999084472656,59.2599983215332,2439486.0,-0.03,NO_FILL,0.0,HOSTILE,LIMIT,20,COMPRESSION,2026-09-03_1729,2026-09-03
DIS,SHORT,CONVICTION,87.5,BEAR_REJECTION_PENDING,108.78,110.18,97.62,102.09,71,7.98,107.16000366210938,109.19000244140625,106.9000015258789,6233420.0,-0.74,CLOSED,1.16,HOSTILE,LIMIT,20,COMPRESSION,2026-09-03_1729,2026-09-03
SIL,SHORT,CONVICTION,87.4,BEAR_REJECTION_PENDING,102.44,111.96,86.07,,10,1.72,101.36000061035156,102.1500015258789,99.54499816894531,947806.0,0.93,NO_FILL,0.0,HOSTILE,LIMIT,13,CONVICTION,2026-09-03_1729,2026-09-03
P,SHORT,CONVICTION,87.2,BEAR_REJECTION_PENDING,93.98,95.79,88.01,82.0,55,3.29,98.1500015258789,98.25,91.48999786376953,2664420.0,4.62,STOPPED,-1.0,HOSTILE,LIMIT,20,CONVICTION,2026-09-03_1729,2026-09-03
ADSK,SHORT,CONVICTION,87.2,BEAR_REJECTION_PENDING,246.5,249.48,239.6,231.49,33,2.32,237.52000427246094,250.4149932861328,235.89500427246094,2377903.0,-2.26,STOPPED,-1.0,HOSTILE,LIMIT,20,CONVICTION,2026-09-03_1729,2026-09-03
KKR,SHORT,CONVICTION,87.2,BEAR_REJECTION_PENDING,108.0,109.96,94.64,91.5,51,6.83,109.76000213623047,110.88999938964844,106.80500030517578,4189763.0,3.13,STOPPED,-1.0,HOSTILE,LIMIT,20,CONVICTION,2026-09-03_1729,2026-09-03
PANW,SHORT,CONVICTION,87.0,BEAR_REJECTION_PENDING,338.2,363.9,287.99,,3,1.95,331.94000244140625,333.1499938964844,321.4200134277344,6901854.0,0.11,NO_FILL,0.0,HOSTILE,LIMIT,20,CONVICTION,2026-09-03_1729,2026-09-03
XXRP,SHORT,CONVICTION,87.0,BEAR_REJECTION_PENDING,32.08,33.22,28.48,27.6,87,3.16,36.79999923706055,36.93000030517578,32.91999816894531,1042343.0,15.0,STOPPED,-1.0,HOSTILE,LIMIT,20,COMPRESSION,2026-09-03_1729,2026-09-03
DG,SHORT,CONVICTION,87.0,BEAR_REJECTION_PENDING,133.82,145.56,114.08,,8,1.68,131.25999450683594,133.75999450683594,130.64089965820312,1726009.0,0.05,NO_FILL,0.0,HOSTILE,LIMIT,20,CONVICTION,2026-09-03_1729,2026-09-03
KTB,SHORT,CONVICTION,86.8,BEAR_REJECTION_PENDING,73.0,74.02,68.15,67.71,98,4.76,73.66999816894531,73.67500305175781,71.5,841343.0,1.63,CLOSED_LOSS,-0.66,HOSTILE,LIMIT,20,COMPRESSION,2026-09-03_1729,2026-09-03
BNTX,SHORT,CONVICTION,86.8,BEAR_REJECTION_PENDING,106.13,108.26,91.92,93.59,46,6.66,102.87999725341797,105.1500015258789,102.25,1180566.0,-1.12,NO_FILL,0.0,HOSTILE,LIMIT,20,COMPRESSION,2026-09-03_1729,2026-09-03
CSCO,SHORT,CONVICTION,86.6,BEAR_REJECTION_PENDING,111.55,123.36,93.33,,8,1.54,108.61000061035156,109.66999816894531,107.5999984741211,14214220.0,-0.69,NO_FILL,0.0,HOSTILE,LIMIT,17,CONVICTION,2026-09-03_1729,2026-09-03
WHD,SHORT,CONVICTION,86.5,BEAR_REJECTION_PENDING,72.46,74.09,62.5,64.3,61,6.12,71.63999938964844,72.45500183105469,71.18000030517578,1020117.0,-0.69,NO_FILL,0.0,HOSTILE,LIMIT,12,CONVICTION,2026-09-03_1729,2026-09-03
SCCO,SHORT,CONVICTION,86.4,BEAR_REJECTION_PENDING,207.46,212.67,192.86,191.13,19,2.8,199.52999877929688,209.89999389648438,198.87420654296875,1241330.0,-2.68,CLOSED,1.5,HOSTILE,LIMIT,20,VACUUM,2026-09-03_1729,2026-09-03
NUE,SHORT,CONVICTION,86.4,BEAR_REJECTION_PENDING,267.4,270.41,252.26,237.82,33,5.02,262.4700012207031,268.4668884277344,261.07000732421875,1048552.0,-0.55,CLOSED,1.5,HOSTILE,LIMIT,14,CONVICTION,2026-09-03_1729,2026-09-03
ILMN,SHORT,CONVICTION,86.3,BEAR_REJECTION_PENDING,213.74,216.67,191.01,193.51,34,7.76,221.66000366210938,221.75999450683594,210.94000244140625,1715241.0,3.79,STOPPED,-1.0,HOSTILE,LIMIT,20,CONVICTION,2026-09-03_1729,2026-09-03
CRL,SHORT,CONVICTION,86.2,BEAR_REJECTION_PENDING,292.11,297.89,260.72,257.0,17,5.42,293.3500061035156,295.57000732421875,285.55999755859375,646345.0,0.54,CLOSED_LOSS,-0.21,HOSTILE,LIMIT,20,VACUUM,2026-09-03_1729,2026-09-03
REAX,SHORT,CONVICTION,86.2,BEAR_REJECTION_PENDING,18.39,19.2,16.69,,122,2.07,18.399999618530273,18.940000534057617,18.06999969482422,698609.0,0.11,CLOSED_LOSS,-0.01,HOSTILE,LIMIT,20,COMPRESSION,2026-09-03_1729,2026-09-03
MCK,SHORT,CONVICTION,86.0,BEAR_REJECTION_PENDING,938.94,946.6,861.47,812.87,13,10.11,921.3800048828125,929.9500122070312,916.6099853515625,816791.0,-0.37,NO_FILL,0.0,HOSTILE,LIMIT,5,CONVICTION,2026-09-03_1729,2026-09-03
VOYG,SHORT,CONVICTION,85.8,BEAR_REJECTION_PENDING,34.38,35.12,33.11,31.5,135,1.72,32.68000030517578,34.060001373291016,31.959999084472656,1072800.0,-4.45,NO_FILL,0.0,HOSTILE,LIMIT,20,COMPRESSION,2026-09-03_1729,2026-09-03
NE,SHORT,CONVICTION,85.7,BEAR_REJECTION_PENDING,49.0,50.27,46.69,44.54,78,1.82,46.59000015258789,47.9900016784668,46.58000183105469,1277839.0,-3.34,NO_FILL,0.0,HOSTILE,LIMIT,13,CONVICTION,2026-09-03_1729,2026-09-03
QLYS,SHORT,CONVICTION,85.6,BEAR_REJECTION_PENDING,174.25,177.9,147.95,147.95,27,7.21,174.35000610351562,174.88999938964844,168.99000549316406,523223.0,2.06,CLOSED_LOSS,-0.03,HOSTILE,LIMIT,20,CONVICTION,2026-09-03_1729,2026-09-03
SKUU,SHORT,CONVICTION,85.6,BEAR_REJECTION_PENDING,22.48,23.6,20.36,19.0,89,1.9,23.155399322509766,23.459999084472656,21.5,2265051.0,3.98,CLOSED_LOSS,-0.6,HOSTILE,LIMIT,20,CONVICTION,2026-09-03_1729,2026-09-03
ALSN,SHORT,CONVICTION,85.3,BEAR_REJECTION_PENDING,129.24,141.67,109.87,,8,1.56,128.44000244140625,129.6999969482422,125.69999694824219,531178.0,1.37,CLOSED,0.06,HOSTILE,LIMIT,20,MINOR,2026-09-03_1729,2026-09-03
LYB,SHORT,CONVICTION,85.2,BEAR_REJECTION_PENDING,66.37,67.87,57.68,59.14,66,5.8,64.76000213623047,67.20999908447266,64.62999725341797,2073070.0,-1.89,CLOSED,1.07,HOSTILE,LIMIT,20,COMPRESSION,2026-09-03_1729,2026-09-03
DRI,SHORT,CONVICTION,85.1,BEAR_REJECTION_PENDING,224.43,226.69,205.93,200.03,44,8.2,218.0399932861328,223.1697998046875,216.58999633789062,853876.0,-0.9,NO_FILL,0.0,HOSTILE,LIMIT,20,CONVICTION,2026-09-03_1729,2026-09-03
BLLN,SHORT,CONVICTION,85.0,BEAR_REJECTION_PENDING,98.07,142.78,93.17,,2,0.11,99.5,99.61000061035156,94.16000366210938,639237.0,3.48,CLOSED_LOSS,-0.03,HOSTILE,LIMIT,14,CONVICTION,2026-09-03_1729,2026-09-03
EAT,SHORT,CONVICTION,85.0,BEAR_REJECTION_PENDING,234.4,239.91,215.75,215.75,18,3.38,228.8800048828125,234.33999633789062,228.32000732421875,646802.0,-0.92,NO_FILL,0.0,HOSTILE,LIMIT,20,CONVICTION,2026-09-03_1729,2026-09-03
PRAX,SHORT,CONVICTION,85.0,BEAR_REJECTION_PENDING,363.4,369.69,350.47,315.0,15,2.06,355.1499938964844,360.8349914550781,351.1499938964844,200745.0,-1.62,NO_FILL,0.0,HOSTILE,LIMIT,20,VACUUM,2026-09-03_1729,2026-09-03
UHS,SHORT,CONVICTION,85.0,BEAR_REJECTION_PENDING,168.61,170.12,157.0,163.23,66,7.71,169.2100067138672,171.41000366210938,166.55999755859375,466585.0,1.03,STOPPED,-1.0,HOSTILE,LIMIT,20,COMPRESSION,2026-09-03_1729,2026-09-03
DIOD,SHORT,CONVICTION,84.5,BEAR_REJECTION_PENDING,91.8,94.51,86.88,80.5,36,1.82,89.94499969482422,90.66999816894531,87.61000061035156,321144.0,-0.06,NO_FILL,0.0,HOSTILE,LIMIT,20,CONVICTION,2026-09-03_1729,2026-09-03
SNK,SHORT,CONVICTION,84.2,BEAR_REJECTION_PENDING,17.86,19.22,15.5,,73,1.74,15.3100004196167,17.420000076293945,14.649999618530273,6020860.0,-12.57,NO_FILL,0.0,HOSTILE,LIMIT,20,COMPRESSION,2026-09-03_1729,2026-09-03
FUL,SHORT,CONVICTION,84.2,BEAR_REJECTION_PENDING,54.99,57.28,51.17,49.29,43,1.66,53.66999816894531,54.72800064086914,52.63999938964844,566404.0,-0.45,NO_FILL,0.0,HOSTILE,LIMIT,20,COMPRESSION,2026-09-03_1729,2026-09-03
LII,SHORT,CONVICTION,84.2,BEAR_REJECTION_PENDING,376.38,379.57,357.56,,31,5.91,386.0799865722656,388.239990234375,374.7401123046875,761511.0,3.23,STOPPED,-1.0,HOSTILE,LIMIT,20,CONVICTION,2026-09-03_1729,2026-09-03
DOCN,SHORT,CONVICTION,84.0,BEAR_REJECTION_PENDING,108.0,110.29,99.01,90.87,43,3.93,109.4000015258789,110.83999633789062,101.7300033569336,1846391.0,3.21,STOPPED,-1.0,HOSTILE,LIMIT,20,COMPRESSION,2026-09-03_1729,2026-09-03
SEZL,SHORT,CONVICTION,84.0,BEAR_REJECTION_PENDING,123.07,124.88,105.51,115.83,55,9.68,122.95999908447266,126.0,121.70999908447266,352054.0,1.44,STOPPED,-1.0,HOSTILE,LIMIT,20,CONVICTION,2026-09-03_1729,2026-09-03
GDDY,SHORT,CONVICTION,84.0,BEAR_REJECTION_PENDING,102.01,105.68,92.25,92.22,27,2.66,103.62999725341797,105.88999938964844,101.62999725341797,1895761.0,1.73,STOPPED,-1.0,HOSTILE,LIMIT,20,COMPRESSION,2026-09-03_1729,2026-09-03
PLNT,SHORT,CONVICTION,83.1,BEAR_REJECTION_PENDING,52.42,53.6,49.15,49.24,84,2.78,51.5,52.38019943237305,51.060001373291016,1008600.0,-0.35,NO_FILL,0.0,HOSTILE,LIMIT,20,COMPRESSION,2026-09-03_1729,2026-09-03
RIO,SHORT,CONVICTION,83.1,BEAR_REJECTION_PENDING,104.38,106.27,90.0,91.33,52,7.61,102.83999633789062,104.38999938964844,102.41999816894531,1689299.0,0.16,CLOSED,0.81,HOSTILE,LIMIT,20,CONVICTION,2026-09-03_1729,2026-09-03
CALM,SHORT,CONVICTION,83.0,BEAR_REJECTION_PENDING,79.61,80.61,69.78,71.76,100,9.84,76.02999877929688,78.7750015258789,75.77999877929688,899460.0,-2.59,NO_FILL,0.0,HOSTILE,LIMIT,20,COMPRESSION,2026-09-03_1729,2026-09-03
VVOS,SHORT,CONVICTION,83.0,BEAR_REJECTION_PENDING,0.17,0.2,0.16,,3523,0.3,0.1746000051498413,0.18000000715255737,0.1673000007867813,4027051.0,4.93,CLOSED_LOSS,-0.15,HOSTILE,LIMIT,20,COMPRESSION,2026-09-03_1729,2026-09-03
BTU,SHORT,CONVICTION,82.8,BEAR_REJECTION_PENDING,29.74,32.12,25.64,,42,1.73,27.639999389648438,29.700000762939453,27.399999618530273,2813656.0,-5.21,NO_FILL,0.0,HOSTILE,LIMIT,20,CONVICTION,2026-09-03_1729,2026-09-03
SVM,SHORT,CONVICTION,82.8,BEAR_REJECTION_PENDING,13.36,15.02,12.69,,60,0.4,13.109999656677246,13.300000190734863,12.710000038146973,1666366.0,0.08,NO_FILL,0.0,HOSTILE,LIMIT,13,CONVICTION,2026-09-03_1729,2026-09-03
TNDM,SHORT,CONVICTION,82.5,BEAR_REJECTION_PENDING,21.0,21.54,19.82,18.07,186,2.2,20.43000030517578,20.90999984741211,20.030000686645508,1593475.0,-1.54,NO_FILL,0.0,HOSTILE,LIMIT,20,COMPRESSION,2026-09-03_1729,2026-09-03
GEO,SHORT,CONVICTION,82.5,BEAR_REJECTION_PENDING,31.17,31.97,27.22,28.83,125,4.95,30.8799991607666,31.719999313354492,30.65999984741211,3071352.0,1.05,CLOSED,0.36,HOSTILE,LIMIT,20,COMPRESSION,2026-09-03_1729,2026-09-03
EROC,SHORT,CONVICTION,82.4,BEAR_REJECTION_PENDING,11.48,11.86,10.73,10.25,261,1.96,11.710000038146973,11.84000015258789,10.850000381469727,1869175.0,2.9,CLOSED_LOSS,-0.61,HOSTILE,LIMIT,20,COMPRESSION,2026-09-03_1729,2026-09-03
CRCL,SHORT,CONVICTION,82.2,BEAR_REJECTION_PENDING,90.73,101.35,86.2,,9,0.43,103.2300033569336,103.27950286865234,91.73860168457031,24577832.0,16.05,STOPPED,-1.0,HOSTILE,LIMIT,20,CONVICTION,2026-09-03_1729,2026-09-03
JHX,SHORT,CONVICTION,82.2,BEAR_REJECTION_PENDING,29.03,29.86,27.0,25.59,120,2.45,29.6299991607666,29.639999389648438,28.65999984741211,5719499.0,4.11,CLOSED_LOSS,-0.72,HOSTILE,LIMIT,20,COMPRESSION,2026-09-03_1729,2026-09-03
BLDR,SHORT,CONVICTION,82.2,BEAR_REJECTION_PENDING,64.26,66.73,61.05,,40,1.3,64.18000030517578,65.72000122070312,62.5099983215332,1573077.0,1.87,CLOSED,0.03,HOSTILE,LIMIT,20,COMPRESSION,2026-09-03_1729,2026-09-03
PPC,SHORT,CONVICTION,82.1,BEAR_REJECTION_PENDING,31.37,31.85,30.4,26.95,209,2.03,30.510000228881836,31.040000915527344,30.059999465942383,1563711.0,-1.96,NO_FILL,0.0,HOSTILE,LIMIT,20,COMPRESSION,2026-09-03_1729,2026-09-03
RIGL,SHORT,CONVICTION,82.0,BEAR_REJECTION_PENDING,49.47,50.74,42.9,44.02,78,5.16,48.5,49.900001525878906,48.09000015258789,190375.0,-1.86,CLOSED,0.76,HOSTILE,LIMIT,5,COMPRESSION,2026-09-03_1729,2026-09-03
MDLN,SHORT,CONVICTION,82.0,BEAR_REJECTION_PENDING,36.11,36.85,33.69,32.93,135,3.28,36.59000015258789,36.93000030517578,35.54999923706055,5826817.0,2.35,STOPPED,-1.0,HOSTILE,LIMIT,18,COMPRESSION,2026-09-03_1729,2026-09-03
TPL,SHORT,CONVICTION,82.0,BEAR_REJECTION_PENDING,369.01,374.06,348.03,315.0,19,4.15,366.5,370.0899963378906,363.343505859375,271931.0,-0.68,CLOSED,0.5,HOSTILE,LIMIT,20,CONVICTION,2026-09-03_1729,2026-09-03
MBX,SHORT,CONVICTION,81.9,BEAR_REJECTION_PENDING,62.17,63.31,52.63,52.63,87,8.32,61.41999816894531,62.609901428222656,59.84000015258789,292495.0,0.77,CLOSED,0.66,HOSTILE,LIMIT,20,COMPRESSION,2026-09-03_1729,2026-09-03
DKNG,SHORT,CONVICTION,81.8,BEAR_REJECTION_PENDING,24.79,25.39,22.89,21.68,166,3.15,24.190000534057617,24.81999969482422,24.079999923706055,6888338.0,-0.45,CLOSED,1.0,HOSTILE,LIMIT,20,COMPRESSION,2026-09-03_1729,2026-09-03
MSFU,SHORT,CONVICTION,81.8,BEAR_REJECTION_PENDING,38.27,39.42,34.89,34.89,87,2.95,39.59000015258789,40.43000030517578,38.310001373291016,3035789.0,4.21,STOPPED,-1.0,HOSTILE,LIMIT,20,COMPRESSION,2026-09-03_1729,2026-09-03
METU,SHORT,CONVICTION,81.6,BEAR_REJECTION_PENDING,22.05,24.6,20.95,,39,0.43,22.43000030517578,23.06999969482422,21.989999771118164,7469508.0,3.75,CLOSED_LOSS,-0.15,HOSTILE,LIMIT,12,CONVICTION,2026-09-03_1729,2026-09-03
XME,SHORT,CONVICTION,81.6,BEAR_REJECTION_PENDING,122.38,128.18,110.48,105.3,17,2.05,118.37999725341797,121.72000122070312,117.68000030517578,1208038.0,-1.33,NO_FILL,0.0,HOSTILE,LIMIT,20,CONVICTION,2026-09-03_1729,2026-09-03
XRPT,SHORT,CONVICTION,81.4,BEAR_REJECTION_PENDING,34.12,35.33,32.0,29.94,82,1.75,39.279998779296875,39.38999938964844,35.119998931884766,606990.0,15.29,STOPPED,-1.0,HOSTILE,LIMIT,20,COMPRESSION,2026-09-03_1729,2026-09-03
WFRD,SHORT,CONVICTION,81.3,BEAR_REJECTION_PENDING,99.76,104.25,85.71,83.29,22,3.13,96.43000030517578,98.05000305175781,96.00550079345703,674946.0,-1.4,NO_FILL,0.0,HOSTILE,LIMIT,20,CONVICTION,2026-09-03_1729,2026-09-03
RBA,SHORT,CONVICTION,81.3,BEAR_REJECTION_PENDING,84.06,85.0,80.99,,106,3.26,83.2699966430664,84.06999969482422,81.49520111083984,1524302.0,0.45,CLOSED,0.84,HOSTILE,LIMIT,20,COMPRESSION,2026-09-03_1729,2026-09-03
SKHY,SHORT,CONVICTION,81.2,BEAR_REJECTION_PENDING,160.3,165.15,150.7,139.22,20,1.98,163.67999267578125,164.6251983642578,157.73060607910156,14651988.0,2.22,CLOSED_LOSS,-0.7,HOSTILE,LIMIT,20,CONVICTION,2026-09-03_1729,2026-09-03
IGV,SHORT,CONVICTION,81.2,BEAR_REJECTION_PENDING,105.27,106.71,96.75,101.66,69,5.89,106.94999694824219,107.41000366210938,105.05000305175781,9969780.0,1.86,STOPPED,-1.0,HOSTILE,LIMIT,20,COMPRESSION,2026-09-03_1729,2026-09-03
AGNC,SHORT,CONVICTION,81.1,BEAR_REJECTION_PENDING,10.65,10.78,10.2,9.79,748,3.37,10.65999984741211,10.760000228881836,10.574999809265137,15748324.0,0.17,CLOSED_LOSS,-0.08,HOSTILE,LIMIT,20,COMPRESSION,2026-09-03_1729,2026-09-03
FLUT,SHORT,CONVICTION,81.1,BEAR_REJECTION_PENDING,104.01,105.51,95.76,100.23,66,5.48,102.33999633789062,104.83999633789062,101.55999755859375,1791526.0,0.35,CLOSED,1.11,HOSTILE,LIMIT,20,CONVICTION,2026-09-03_1729,2026-09-03
THO,SHORT,CONVICTION,81.1,BEAR_REJECTION_PENDING,76.59,77.41,72.91,69.51,122,4.51,75.77999877929688,77.41000366210938,74.58000183105469,638564.0,0.09,STOPPED,-1.0,HOSTILE,LIMIT,20,COMPRESSION,2026-09-03_1729,2026-09-03
ARHS,SHORT,CONVICTION,81.0,BEAR_REJECTION_PENDING,8.6,8.75,7.61,7.31,645,6.38,8.399999618530273,8.770000457763672,8.369999885559082,771719.0,-0.36,STOPPED,-1.0,HOSTILE,LIMIT,20,COMPRESSION,2026-09-03_1729,2026-09-03
REZI,SHORT,CONVICTION,81.0,BEAR_REJECTION_PENDING,19.49,19.75,19.03,17.11,383,1.77,19.530000686645508,19.64900016784668,19.039100646972656,1699543.0,0.72,CLOSED_LOSS,-0.15,HOSTILE,LIMIT,20,COMPRESSION,2026-09-03_1729,2026-09-03
TREX,SHORT,CONVICTION,80.8,BEAR_REJECTION_PENDING,44.6,45.52,39.43,40.24,109,5.67,43.689998626708984,44.6349983215332,42.72999954223633,820878.0,-0.09,CLOSED,0.99,HOSTILE,LIMIT,20,COMPRESSION,2026-09-03_1729,2026-09-03
WMS,SHORT,CONVICTION,80.8,BEAR_REJECTION_PENDING,134.89,136.38,125.1,131.21,67,6.58,134.8300018310547,135.5,132.67999267578125,537715.0,1.65,CLOSED,0.04,HOSTILE,LIMIT,20,CONVICTION,2026-09-03_1729,2026-09-03
LULU,SHORT,CONVICTION,80.8,BEAR_REJECTION_PENDING,122.97,126.24,117.59,110.9,30,1.65,121.7699966430664,122.59989929199219,117.88999938964844,15957993.0,1.0,NO_FILL,0.0,HOSTILE,LIMIT,20,CONVICTION,2026-09-03_1729,2026-09-03
ACHR,SHORT,CONVICTION,80.7,BEAR_REJECTION_PENDING,5.7,5.8,5.36,4.94,1021,3.47,5.760000228881836,5.95989990234375,5.699999809265137,16896580.0,1.41,STOPPED,-1.0,HOSTILE,LIMIT,20,COMPRESSION,2026-09-03_1729,2026-09-03
PCOR,SHORT,CONVICTION,80.7,BEAR_REJECTION_PENDING,59.86,60.66,56.46,53.79,124,4.24,60.59000015258789,62.029998779296875,60.33000183105469,1988207.0,1.85,STOPPED,-1.0,HOSTILE,LIMIT,20,CONVICTION,2026-09-03_1729,2026-09-03
FTNT,SHORT,CONVICTION,80.6,BEAR_REJECTION_PENDING,157.48,159.67,141.01,147.08,45,7.52,156.36000061035156,158.69000244140625,154.47999572753906,3122650.0,0.67,CLOSED,0.51,HOSTILE,LIMIT,20,MINOR,2026-09-03_1729,2026-09-03
CAI,SHORT,CONVICTION,80.6,BEAR_REJECTION_PENDING,25.01,25.95,21.92,21.29,106,3.29,25.31999969482422,25.34000015258789,23.6200008392334,6431574.0,1.93,CLOSED_LOSS,-0.33,HOSTILE,LIMIT,20,COMPRESSION,2026-09-03_1729,2026-09-03
APO,SHORT,CONVICTION,80.6,BEAR_REJECTION_PENDING,133.93,135.47,126.8,123.0,64,4.62,134.49000549316406,135.60989379882812,130.60000610351562,1895281.0,1.66,STOPPED,-1.0,HOSTILE,LIMIT,20,CONVICTION,2026-09-03_1729,2026-09-03
DX,SHORT,CONVICTION,80.5,BEAR_REJECTION_PENDING,13.06,13.32,12.14,11.56,383,3.51,12.829999923706055,12.880000114440918,12.729999542236328,4081996.0,0.24,NO_FILL,0.0,HOSTILE,LIMIT,20,COMPRESSION,2026-09-03_1729,2026-09-03
EMR,SHORT,CONVICTION,80.5,BEAR_REJECTION_PENDING,151.47,153.2,131.36,138.01,57,11.65,150.2100067138672,151.10000610351562,147.14500427246094,1596364.0,0.83,NO_FILL,0.0,HOSTILE,LIMIT,20,CONVICTION,2026-09-03_1729,2026-09-03
URNM,SHORT,CONVICTION,80.4,BEAR_REJECTION_PENDING,55.65,57.09,51.28,52.34,69,3.03,57.20000076293945,57.459999084472656,56.38999938964844,638530.0,4.04,STOPPED,-1.0,HOSTILE,LIMIT,20,CONVICTION,2026-09-03_1729,2026-09-03
TEM,SHORT,CONVICTION,80.2,BEAR_REJECTION_PENDING,62.37,64.36,55.98,57.4,50,3.2,64.66000366210938,64.81310272216797,61.189998626708984,4894023.0,4.14,STOPPED,-1.0,HOSTILE,LIMIT,20,CONVICTION,2026-09-03_1729,2026-09-03
AGCO,SHORT,CONVICTION,80.2,BEAR_REJECTION_PENDING,129.22,134.48,118.19,112.56,19,2.1,125.81999969482422,127.94000244140625,122.87000274658203,1707147.0,-0.69,NO_FILL,0.0,HOSTILE,LIMIT,12,CONVICTION,2026-09-03_1729,2026-09-03
BAH,SHORT,CONVICTION,80.2,BEAR_REJECTION_PENDING,74.73,75.76,64.0,70.58,97,10.45,73.87999725341797,75.9000015258789,72.66000366210938,1710338.0,-0.8,STOPPED,-1.0,HOSTILE,LIMIT,20,COMPRESSION,2026-09-03_1729,2026-09-03
PTCT,SHORT,CONVICTION,80.1,BEAR_REJECTION_PENDING,72.11,73.05,68.76,63.19,105,3.55,71.4000015258789,71.97000122070312,70.55000305175781,654519.0,-0.54,NO_FILL,0.0,HOSTILE,LIMIT,20,COMPRESSION,2026-09-03_1729,2026-09-03
VCYT,SHORT,CONVICTION,80.1,BEAR_REJECTION_PENDING,45.2,45.99,43.51,39.0,127,2.16,44.66999816894531,45.9900016784668,44.119998931884766,673666.0,-0.76,STOPPED,-1.0,HOSTILE,LIMIT,20,COMPRESSION,2026-09-03_1729,2026-09-03
GGAL,SHORT,CONVICTION,80.0,BEAR_REJECTION_PENDING,45.88,47.11,42.5,42.75,81,2.74,44.630001068115234,46.060001373291016,44.02000045776367,615741.0,-0.84,CLOSED,1.02,HOSTILE,LIMIT,19,MINOR,2026-09-03_1729,2026-09-03
BSY,SHORT,CONVICTION,79.7,BEAR_REJECTION_PENDING,35.82,36.93,31.97,30.41,89,3.47,35.59000015258789,36.494998931884766,35.459999084472656,1544656.0,1.34,CLOSED,0.21,HOSTILE,LIMIT,20,COMPRESSION,2026-09-03_1729,2026-09-03
ANET,SHORT,CONVICTION,79.5,BEAR_REJECTION_PENDING,188.0,190.21,177.6,164.5,45,4.71,191.44000244140625,192.0,181.27000427246094,4108431.0,2.31,STOPPED,-1.0,HOSTILE,LIMIT,20,VACUUM,2026-09-03_1729,2026-09-03
SMJF,SHORT,CONVICTION,79.4,BEAR_REJECTION_PENDING,1.09,1.41,1.04,,308,0.17,1.0299999713897705,1.100000023841858,1.0099999904632568,684891.0,-4.63,TARGET_HIT,1.5,HOSTILE,LIMIT,14,COMPRESSION,2026-09-03_1729,2026-09-03
FRPT,SHORT,CONVICTION,79.3,BEAR_REJECTION_PENDING,72.18,73.14,66.6,69.06,103,5.79,69.68000030517578,71.73999786376953,68.2300033569336,1222219.0,-1.53,NO_FILL,0.0,HOSTILE,LIMIT,20,COMPRESSION,2026-09-03_1729,2026-09-03
HPQ,SHORT,CONVICTION,79.0,BEAR_REJECTION_PENDING,32.61,39.3,30.98,,14,0.24,31.93000030517578,32.47999954223633,31.3700008392334,13804030.0,-0.13,NO_FILL,0.0,HOSTILE,LIMIT,5,COMPRESSION,2026-09-03_1729,2026-09-03
ELV,SHORT,CONVICTION,79.0,BEAR_REJECTION_PENDING,413.54,486.42,392.86,,1,0.28,414.7799987792969,416.3399963378906,403.0400085449219,1225506.0,2.31,CLOSED_LOSS,-0.02,HOSTILE,LIMIT,11,CONVICTION,2026-09-03_1729,2026-09-03
KLAR,SHORT,CONVICTION,79.0,BEAR_REJECTION_PENDING,14.91,19.61,14.17,,21,0.16,14.399999618530273,15.0,14.34000015258789,11851565.0,-1.5,CLOSED,0.11,HOSTILE,LIMIT,13,CONVICTION,2026-09-03_1729,2026-09-03
TFX,SHORT,CONVICTION,79.0,BEAR_REJECTION_PENDING,143.8,177.27,136.61,,2,0.21,139.9600067138672,143.08999633789062,138.63999938964844,704889.0,-0.72,NO_FILL,0.0,HOSTILE,LIMIT,20,CONVICTION,2026-09-03_1729,2026-09-03
BHVN,SHORT,CONVICTION,79.0,BEAR_REJECTION_PENDING,15.77,19.61,14.98,,26,0.21,15.859999656677246,16.290000915527344,15.460000038146973,2257584.0,2.59,CLOSED_LOSS,-0.02,HOSTILE,LIMIT,20,CONVICTION,2026-09-03_1729,2026-09-03
INSM,SHORT,CONVICTION,78.9,BEAR_REJECTION_PENDING,128.36,130.5,124.89,118.67,46,1.62,126.68000030517578,127.08999633789062,124.05000305175781,1884303.0,-0.17,NO_FILL,0.0,HOSTILE,LIMIT,20,CONVICTION,2026-09-03_1729,2026-09-03
ACVA,SHORT,CONVICTION,78.8,BEAR_REJECTION_PENDING,6.9,7.07,6.05,6.17,605,5.15,6.699999809265137,6.989999771118164,6.644999980926514,2644663.0,-1.03,CLOSED,1.18,HOSTILE,LIMIT,20,COMPRESSION,2026-09-03_1729,2026-09-03
HRI,SHORT,CONVICTION,78.7,BEAR_REJECTION_PENDING,138.82,141.34,134.0,132.51,39,1.91,138.94000244140625,141.77000427246094,135.06500244140625,390306.0,2.09,STOPPED,-1.0,HOSTILE,LIMIT,20,COMPRESSION,2026-09-03_1729,2026-09-03
PLTR,SHORT,CONVICTION,78.7,BEAR_REJECTION_PENDING,174.95,180.82,160.07,159.43,17,2.54,182.52999877929688,185.8300018310547,171.9375,38010148.0,6.42,STOPPED,-1.0,HOSTILE,LIMIT,20,CONVICTION,2026-09-03_1729,2026-09-03
CEG,SHORT,CONVICTION,78.7,BEAR_REJECTION_PENDING,296.62,337.63,281.79,,2,0.36,285.04998779296875,296.6199951171875,282.25,3137058.0,-1.98,NO_FILL,0.0,HOSTILE,LIMIT,3,CONVICTION,2026-09-03_1729,2026-09-03
BXSL,SHORT,CONVICTION,78.6,BEAR_REJECTION_PENDING,25.41,27.26,24.14,,54,0.69,24.670000076293945,24.989999771118164,24.3700008392334,891985.0,-0.96,NO_FILL,0.0,HOSTILE,LIMIT,13,COMPRESSION,2026-09-03_1729,2026-09-03
TSHA,SHORT,CONVICTION,78.5,BEAR_REJECTION_PENDING,5.83,6.43,5.54,,167,0.49,5.570000171661377,5.630000114440918,5.5,1878075.0,-2.62,NO_FILL,0.0,HOSTILE,LIMIT,20,COMPRESSION,2026-09-03_1729,2026-09-03
BWIN,SHORT,CONVICTION,78.5,BEAR_REJECTION_PENDING,31.63,36.55,30.05,,20,0.32,31.219999313354492,31.899999618530273,30.834999084472656,957267.0,0.68,CLOSED,0.08,HOSTILE,LIMIT,20,CONVICTION,2026-09-03_1729,2026-09-03
PAAS,SHORT,CONVICTION,78.5,BEAR_REJECTION_PENDING,53.94,61.4,51.24,,13,0.36,52.599998474121094,53.20000076293945,51.58000183105469,4465274.0,-0.53,NO_FILL,0.0,HOSTILE,LIMIT,20,CONVICTION,2026-09-03_1729,2026-09-03
KGS,SHORT,CONVICTION,78.3,BEAR_REJECTION_PENDING,62.66,67.33,53.21,,21,2.02,61.70000076293945,62.9010009765625,60.47999954223633,1671999.0,0.44,CLOSED,0.21,HOSTILE,LIMIT,20,VACUUM,2026-09-03_1729,2026-09-03
MELI,SHORT,CONVICTION,78.3,BEAR_REJECTION_PENDING,2049.18,2229.23,1757.9,,1,1.62,1991.06005859375,2066.0,1985.0799560546875,431266.0,-0.89,CLOSED,0.32,HOSTILE,LIMIT,2,CONVICTION,2026-09-03_1729,2026-09-03
STEP,SHORT,CONVICTION,78.3,BEAR_REJECTION_PENDING,51.0,52.52,44.57,43.78,65,4.23,50.90999984741211,52.45500183105469,50.060001373291016,1071807.0,0.81,CLOSED,0.06,HOSTILE,LIMIT,20,MINOR,2026-09-03_1729,2026-09-03
SSPC,SHORT,CONVICTION,78.3,BEAR_REJECTION_PENDING,10.86,11.7,9.38,,119,1.78,9.279999732971191,10.600000381469727,8.914999961853027,25622880.0,-12.86,NO_FILL,0.0,HOSTILE,LIMIT,20,COMPRESSION,2026-09-03_1729,2026-09-03
ATAT,SHORT,CONVICTION,78.3,BEAR_REJECTION_PENDING,35.75,37.18,32.39,31.58,69,2.34,34.619998931884766,35.23500061035156,34.20000076293945,754542.0,-1.23,NO_FILL,0.0,HOSTILE,LIMIT,20,MINOR,2026-09-03_1729,2026-09-03
TZA,SHORT,CONVICTION,78.3,BEAR_REJECTION_PENDING,41.62,47.94,39.54,,15,0.33,40.16999816894531,40.8849983215332,39.75,3549219.0,-1.54,NO_FILL,0.0,HOSTILE,LIMIT,20,COMPRESSION,2026-09-03_1729,2026-09-03
AA,SHORT,CONVICTION,78.2,BEAR_REJECTION_PENDING,52.95,58.64,50.3,,17,0.46,51.04999923706055,52.58000183105469,50.650001525878906,2552853.0,-1.66,NO_FILL,0.0,HOSTILE,LIMIT,20,COMPRESSION,2026-09-03_1729,2026-09-03
UEC,SHORT,CONVICTION,78.2,BEAR_REJECTION_PENDING,12.06,12.54,10.27,10.7,208,3.73,11.510000228881836,11.920000076293945,11.335000038146973,7845404.0,-2.62,NO_FILL,0.0,HOSTILE,LIMIT,20,COMPRESSION,2026-09-03_1729,2026-09-03
EWTX,SHORT,CONVICTION,78.1,BEAR_REJECTION_PENDING,42.24,42.97,37.51,35.78,136,6.45,41.95000076293945,42.994998931884766,41.39500045776367,976763.0,-0.07,STOPPED,-1.0,HOSTILE,LIMIT,20,COMPRESSION,2026-09-03_1729,2026-09-03
GMED,SHORT,CONVICTION,78.1,BEAR_REJECTION_PENDING,82.07,83.38,80.0,76.49,76,1.57,78.12000274658203,81.13500213623047,78.04000091552734,1400614.0,-3.15,NO_FILL,0.0,HOSTILE,LIMIT,20,COMPRESSION,2026-09-03_1729,2026-09-03
ALMR,SHORT,CONVICTION,78.0,BEAR_REJECTION_PENDING,30.69,32.96,26.36,,43,1.9,30.56999969482422,31.05500030517578,29.71500015258789,206971.0,0.2,CLOSED,0.05,HOSTILE,LIMIT,20,COMPRESSION,2026-09-03_1729,2026-09-03
U,SHORT,CONVICTION,78.0,BEAR_REJECTION_PENDING,41.22,42.31,38.98,,91,2.06,42.08000183105469,43.540000915527344,41.0,10620837.0,3.54,STOPPED,-1.0,HOSTILE,LIMIT,20,COMPRESSION,2026-09-03_1729,2026-09-03
NEM,SHORT,CONVICTION,78.0,BEAR_REJECTION_PENDING,127.45,128.91,119.39,115.0,68,5.51,130.42999267578125,130.7100067138672,126.81999969482422,7737970.0,2.88,STOPPED,-1.0,HOSTILE,LIMIT,20,COMPRESSION,2026-09-03_1729,2026-09-03
IBM,SHORT,CONVICTION,78.0,BEAR_REJECTION_PENDING,232.73,235.54,228.33,217.75,35,1.56,234.7100067138672,238.1649932861328,232.81500244140625,4370121.0,1.2,STOPPED,-1.0,HOSTILE,LIMIT,20,CONVICTION,2026-09-03_1729,2026-09-03
TECK,SHORT,CONVICTION,78.0,BEAR_REJECTION_PENDING,69.03,72.21,63.63,61.45,31,1.7,68.81999969482422,69.41000366210938,67.38999938964844,2445363.0,1.68,CLOSED,0.07,HOSTILE,LIMIT,15,MINOR,2026-09-03_1729,2026-09-03
HAE,SHORT,CONVICTION,78.0,BEAR_REJECTION_PENDING,103.06,104.48,98.54,90.7,70,3.18,102.8499984741211,104.05000305175781,101.80000305175781,602058.0,-0.07,CLOSED,0.15,HOSTILE,LIMIT,20,COMPRESSION,2026-09-03_1729,2026-09-03
STRL,SHORT,CONVICTION,78.0,BEAR_REJECTION_PENDING,467.0,475.41,437.1,413.58,11,3.56,460.0299987792969,469.50048828125,447.32000732421875,501981.0,-0.51,CLOSED,0.83,HOSTILE,LIMIT,20,CONVICTION,2026-09-03_1729,2026-09-03
BABX,SHORT,CONVICTION,77.8,BEAR_REJECTION_PENDING,17.23,17.91,16.37,,147,1.27,17.74489974975586,17.850000381469727,17.100000381469727,467133.0,3.23,CLOSED_LOSS,-0.76,HOSTILE,LIMIT,20,COMPRESSION,2026-09-03_1729,2026-09-03
TWLO,SHORT,CONVICTION,77.8,BEAR_REJECTION_PENDING,226.75,229.8,199.5,193.2,32,8.94,240.47999572753906,241.00999450683594,229.40499877929688,1616130.0,7.37,STOPPED,-1.0,HOSTILE,LIMIT,20,VACUUM,2026-09-03_1729,2026-09-03
QNST,SHORT,CONVICTION,77.7,BEAR_REJECTION_PENDING,19.5,20.2,18.53,,143,1.4,18.760000228881836,19.899999618530273,18.665000915527344,879199.0,-1.88,CLOSED,1.06,HOSTILE,LIMIT,20,COMPRESSION,2026-09-03_1729,2026-09-03
TDC,SHORT,CONVICTION,77.7,BEAR_REJECTION_PENDING,28.51,29.65,24.9,,87,3.17,28.790000915527344,29.489999771118164,28.59000015258789,2462620.0,1.52,CLOSED_LOSS,-0.25,HOSTILE,LIMIT,20,COMPRESSION,2026-09-03_1729,2026-09-03
GNRC,SHORT,CONVICTION,77.6,BEAR_REJECTION_PENDING,182.21,185.01,175.88,,35,2.26,183.02000427246094,183.02000427246094,179.03900146484375,985608.0,0.56,CLOSED_LOSS,-0.29,HOSTILE,LIMIT,20,CONVICTION,2026-09-03_1729,2026-09-03
CLPT,SHORT,CONVICTION,77.5,BEAR_REJECTION_PENDING,14.76,15.27,14.0,13.39,197,1.5,14.050000190734863,14.760000228881836,13.84000015258789,640536.0,-2.92,TARGET_HIT,1.5,HOSTILE,LIMIT,20,CONVICTION,2026-09-03_1729,2026-09-03
MBLY,SHORT,CONVICTION,77.5,BEAR_REJECTION_PENDING,8.69,9.08,7.78,7.3,259,2.36,8.319999694824219,8.670000076293945,8.260000228881836,3700993.0,-2.34,NO_FILL,0.0,HOSTILE,LIMIT,20,COMPRESSION,2026-09-03_1729,2026-09-03
PGR,SHORT,CONVICTION,77.4,BEAR_REJECTION_PENDING,225.01,228.13,219.5,198.28,32,1.76,223.8699951171875,225.4499969482422,221.46499633789062,2440573.0,1.12,CLOSED,0.37,HOSTILE,LIMIT,20,CONVICTION,2026-09-03_1729,2026-09-03
RRX,SHORT,CONVICTION,77.4,BEAR_REJECTION_PENDING,162.64,164.34,147.27,157.66,58,9.03,162.61000061035156,163.75999450683594,157.21009826660156,1197144.0,1.14,CLOSED,0.02,HOSTILE,LIMIT,20,CONVICTION,2026-09-03_1729,2026-09-03
IT,SHORT,CONVICTION,77.3,BEAR_REJECTION_PENDING,189.07,191.38,170.95,161.99,43,7.85,195.4600067138672,197.89500427246094,188.47999572753906,1026494.0,4.66,STOPPED,-1.0,HOSTILE,LIMIT,20,MINOR,2026-09-03_1729,2026-09-03
SEPN,SHORT,CONVICTION,77.2,BEAR_REJECTION_PENDING,37.96,38.62,35.55,35.55,151,3.64,36.79999923706055,38.0,36.459999084472656,241541.0,-1.87,CLOSED,1.5,HOSTILE,LIMIT,20,COMPRESSION,2026-09-03_1729,2026-09-03
SG,SHORT,CONVICTION,77.1,BEAR_REJECTION_PENDING,6.86,7.01,5.95,5.91,705,6.46,6.679999828338623,6.847499847412109,6.565000057220459,2625859.0,-0.74,NO_FILL,0.0,HOSTILE,LIMIT,20,COMPRESSION,2026-09-03_1729,2026-09-03
CX,SHORT,CONVICTION,77.1,BEAR_REJECTION_PENDING,10.6,10.77,9.1,9.58,576,8.64,10.869999885559082,10.904999732971191,10.579999923706055,4697815.0,2.74,STOPPED,-1.0,HOSTILE,LIMIT,20,COMPRESSION,2026-09-03_1729,2026-09-03
MDA,SHORT,CONVICTION,77.1,BEAR_REJECTION_PENDING,28.47,29.04,26.57,,174,3.32,29.059999465942383,29.229999542236328,28.135000228881836,1318539.0,2.22,STOPPED,-1.0,HOSTILE,LIMIT,20,COMPRESSION,2026-09-03_1729,2026-09-03
FBTC,SHORT,CONVICTION,77.0,BEAR_REJECTION_PENDING,68.02,73.39,58.43,,18,1.79,71.20999908447266,71.20999908447266,68.24500274658203,5828892.0,5.25,CLOSED_LOSS,-0.59,HOSTILE,LIMIT,20,CONVICTION,2026-09-03_1729,2026-09-03
MDT,SHORT,CONVICTION,76.8,BEAR_REJECTION_PENDING,94.66,96.08,86.81,83.51,70,5.52,93.0999984741211,93.72000122070312,90.96499633789062,7411216.0,0.32,NO_FILL,0.0,HOSTILE,LIMIT,17,CONVICTION,2026-09-03_1729,2026-09-03
NVDA,SHORT,CONVICTION,76.8,BEAR_REJECTION_PENDING,230.06,237.61,211.3,198.44,13,2.48,228.4499969482422,230.39999389648438,224.75,133890362.0,1.29,CLOSED,0.21,HOSTILE,LIMIT,9,VACUUM,2026-09-03_1729,2026-09-03
FOUR,SHORT,CONVICTION,76.8,BEAR_REJECTION_PENDING,44.88,46.78,39.25,39.25,52,2.96,44.189998626708984,45.33000183105469,42.78770065307617,1974599.0,0.43,CLOSED,0.36,HOSTILE,LIMIT,20,COMPRESSION,2026-09-03_1729,2026-09-03
GPK,SHORT,CONVICTION,76.8,BEAR_REJECTION_PENDING,11.06,11.41,10.48,10.21,289,1.68,10.699999809265137,11.09000015258789,10.454999923706055,3607553.0,-2.55,TARGET_HIT,1.5,HOSTILE,LIMIT,20,COMPRESSION,2026-09-03_1729,2026-09-03
APPN,SHORT,CONVICTION,76.5,BEAR_REJECTION_PENDING,40.69,43.97,35.27,,30,1.65,40.81999969482422,41.779998779296875,40.380001068115234,638814.0,2.33,CLOSED_LOSS,-0.04,HOSTILE,LIMIT,18,COMPRESSION,2026-09-03_1729,2026-09-03
KO,SHORT,CONVICTION,76.5,BEAR_REJECTION_PENDING,89.41,90.53,83.08,76.71,88,5.62,88.80999755859375,89.2249984741211,88.01499938964844,13596099.0,0.38,NO_FILL,0.0,HOSTILE,LIMIT,20,COMPRESSION,2026-09-03_1729,2026-09-03
VUZI,SHORT,CONVICTION,76.5,BEAR_REJECTION_PENDING,2.49,2.59,2.19,2.19,962,2.87,2.440000057220459,2.4800000190734863,2.4000000953674316,451176.0,0.0,NO_FILL,0.0,HOSTILE,LIMIT,20,COMPRESSION,2026-09-03_1729,2026-09-03
CBRL,SHORT,CONVICTION,76.5,BEAR_REJECTION_PENDING,55.34,56.06,52.73,49.66,138,3.61,54.04999923706055,55.040000915527344,52.849998474121094,718493.0,-1.37,NO_FILL,0.0,HOSTILE,LIMIT,20,COMPRESSION,2026-09-03_1729,2026-09-03
GOF,SHORT,CONVICTION,76.5,BEAR_REJECTION_PENDING,9.52,9.66,9.27,9.15,724,1.84,9.449999809265137,9.489999771118164,9.361800193786621,1856169.0,0.11,NO_FILL,0.0,HOSTILE,LIMIT,20,COMPRESSION,2026-09-03_1729,2026-09-03
ANF,SHORT,CONVICTION,76.4,BEAR_REJECTION_PENDING,138.0,141.92,131.37,124.74,25,1.69,143.5399932861328,144.39999389648438,136.61000061035156,1471633.0,4.82,STOPPED,-1.0,HOSTILE,LIMIT,20,CONVICTION,2026-09-03_1729,2026-09-03
BAX,SHORT,CONVICTION,76.2,BEAR_REJECTION_PENDING,25.91,26.26,22.68,23.85,285,9.21,25.56999969482422,26.09000015258789,25.170000076293945,4698366.0,-0.12,CLOSED,0.97,HOSTILE,LIMIT,20,COMPRESSION,2026-09-03_1729,2026-09-03
JACK,SHORT,CONVICTION,76.0,BEAR_REJECTION_PENDING,16.27,16.88,15.33,14.44,164,1.55,15.15999984741211,15.949999809265137,14.929800033569336,559567.0,-4.95,NO_FILL,0.0,HOSTILE,LIMIT,20,COMPRESSION,2026-09-03_1729,2026-09-03
JNUG,SHORT,CONVICTION,76.0,BEAR_REJECTION_PENDING,198.12,202.79,170.85,184.9,21,5.84,205.22000122070312,206.14999389648438,198.52000427246094,222988.0,3.65,STOPPED,-1.0,HOSTILE,LIMIT,20,VACUUM,2026-09-03_1729,2026-09-03
ARX,SHORT,CONVICTION,75.8,BEAR_REJECTION_PENDING,19.81,20.18,17.57,16.78,269,6.05,19.700000762939453,19.780000686645508,19.700000762939453,1635382.0,-0.05,NO_FILL,0.0,HOSTILE,LIMIT,3,MINOR,2026-09-03_1729,2026-09-03
SKHZ,SHORT,CONVICTION,75.8,BEAR_REJECTION_PENDING,11.48,11.71,10.98,10.65,428,2.14,11.164999961853027,11.550000190734863,11.109999656677246,1069566.0,-1.98,CLOSED,1.37,HOSTILE,LIMIT,20,COMPRESSION,2026-09-03_1729,2026-09-03
OSS,SHORT,CONVICTION,75.5,BEAR_REJECTION_PENDING,10.1,10.31,9.54,9.08,475,2.66,9.760000228881836,9.869999885559082,9.5600004196167,797721.0,-1.87,NO_FILL,0.0,HOSTILE,LIMIT,20,COMPRESSION,2026-09-03_1729,2026-09-03
OCTV,SHORT,CONVICTION,75.5,BEAR_REJECTION_PENDING,19.53,20.1,16.72,16.72,175,4.93,19.979999542236328,20.155000686645508,19.290000915527344,2574348.0,2.36,STOPPED,-1.0,HOSTILE,LIMIT,16,COMPRESSION,2026-09-03_1729,2026-09-03
ZENA,SHORT,CONVICTION,75.4,BEAR_REJECTION_PENDING,1.7,1.76,1.59,,1806,2.05,1.7000000476837158,1.7799999713897705,1.6699999570846558,2104692.0,1.8,STOPPED,-1.0,HOSTILE,LIMIT,20,COMPRESSION,2026-09-03_1729,2026-09-03
RDNT,SHORT,CONVICTION,75.4,BEAR_REJECTION_PENDING,76.96,79.09,73.03,64.85,46,1.84,74.62000274658203,76.2699966430664,73.26499938964844,1142587.0,-1.43,NO_FILL,0.0,HOSTILE,LIMIT,13,COMPRESSION,2026-09-03_1729,2026-09-03
LFTO,SHORT,CONVICTION,75.4,BEAR_REJECTION_PENDING,18.75,19.09,18.18,,296,1.71,18.719999313354492,19.139999389648438,18.440000534057617,685789.0,0.11,STOPPED,-1.0,HOSTILE,LIMIT,20,COMPRESSION,2026-09-03_1729,2026-09-03
QFIN,SHORT,CONVICTION,75.4,BEAR_REJECTION_PENDING,8.65,8.82,8.38,,572,1.55,8.720000267028809,8.883500099182129,8.454999923706055,2256122.0,2.47,STOPPED,-1.0,HOSTILE,LIMIT,20,COMPRESSION,2026-09-03_1729,2026-09-03
UAMY,SHORT,CONVICTION,75.2,BEAR_REJECTION_PENDING,5.35,5.52,4.78,4.78,597,3.4,5.139999866485596,5.425000190734863,5.119999885559082,6626756.0,-2.84,CLOSED,1.24,HOSTILE,LIMIT,9,COMPRESSION,2026-09-03_1729,2026-09-03
ACMR,SHORT,CONVICTION,75.2,BEAR_REJECTION_PENDING,70.52,71.9,61.48,59.85,72,6.55,69.41999816894531,69.7699966430664,66.42009735107422,594888.0,-1.19,NO_FILL,0.0,HOSTILE,LIMIT,20,CONVICTION,2026-09-03_1729,2026-09-03
KOLD,SHORT,CONVICTION,75.2,BEAR_REJECTION_PENDING,28.13,30.92,23.94,,35,1.5,28.93000030517578,29.20800018310547,27.20009994506836,2731037.0,4.89,CLOSED_LOSS,-0.29,HOSTILE,LIMIT,20,CONVICTION,2026-09-03_1729,2026-09-03
RYAN,SHORT,CONVICTION,75.1,BEAR_REJECTION_PENDING,43.19,43.91,40.14,36.43,138,4.22,42.34000015258789,43.86249923706055,41.85499954223633,1645392.0,0.0,CLOSED,1.18,HOSTILE,LIMIT,20,COMPRESSION,2026-09-03_1729,2026-09-03
GO,SHORT,CONVICTION,75.0,BEAR_REJECTION_PENDING,12.25,14.24,11.64,,50,0.31,12.300000190734863,12.380000114440918,11.8100004196167,2958370.0,2.41,CLOSED_LOSS,-0.03,HOSTILE,LIMIT,9,COMPRESSION,2026-09-03_1729,2026-09-03
MRLN,SHORT,CONVICTION,75.0,BEAR_REJECTION_PENDING,2.96,3.07,2.78,,859,1.53,3.359999895095825,3.380000114440918,2.884999990463257,2102037.0,15.86,STOPPED,-1.0,HOSTILE,LIMIT,20,COMPRESSION,2026-09-03_1729,2026-09-03
BAM,SHORT,CONVICTION,75.0,BEAR_REJECTION_PENDING,50.73,51.46,48.85,48.85,137,2.59,50.290000915527344,50.90999984741211,49.790000915527344,2526871.0,0.89,CLOSED,0.6,HOSTILE,LIMIT,20,COMPRESSION,2026-09-03_1729,2026-09-03
NRG,SHORT,CONVICTION,75.0,BEAR_REJECTION_PENDING,113.37,116.08,102.04,,36,4.18,111.83999633789062,114.0,110.12000274658203,2325144.0,0.62,CLOSED,0.56,HOSTILE,LIMIT,20,COMPRESSION,2026-09-03_1729,2026-09-03
OKE,SHORT,CONVICTION,75.0,BEAR_REJECTION_PENDING,97.92,105.05,82.21,,14,2.2,95.75,96.9000015258789,95.44999694824219,2393755.0,-0.26,NO_FILL,0.0,HOSTILE,LIMIT,5,CONVICTION,2026-09-03_1729,2026-09-03
SOUN,SHORT,CONVICTION,74.9,BEAR_REJECTION_PENDING,6.97,7.15,6.62,6.42,558,1.94,6.739999771118164,6.946000099182129,6.690000057220459,23401510.0,-1.32,NO_FILL,0.0,HOSTILE,LIMIT,20,COMPRESSION,2026-09-03_1729,2026-09-03
GTLB,SHORT,CONVICTION,74.8,BEAR_REJECTION_PENDING,50.99,56.66,48.44,,17,0.45,49.310001373291016,50.74340057373047,48.88999938964844,7904800.0,-1.36,NO_FILL,0.0,HOSTILE,LIMIT,20,CONVICTION,2026-09-03_1729,2026-09-03
CIEG,SHORT,CONVICTION,74.8,BEAR_REJECTION_PENDING,4.41,4.61,4.08,3.96,503,1.66,3.4100000858306885,4.41349983215332,3.305000066757202,3064811.0,-22.32,TARGET_HIT,1.5,HOSTILE,LIMIT,20,COMPRESSION,2026-09-03_1729,2026-09-03
TTWO,SHORT,CONVICTION,74.7,BEAR_REJECTION_PENDING,220.19,222.8,213.01,207.66,38,2.75,214.1300048828125,220.58299255371094,213.60000610351562,2696782.0,-1.55,CLOSED,1.5,HOSTILE,LIMIT,20,CONVICTION,2026-09-03_1729,2026-09-03
BMRN,SHORT,CONVICTION,74.7,BEAR_REJECTION_PENDING,66.82,67.78,64.22,60.43,104,2.71,66.43000030517578,67.55000305175781,66.31999969482422,1477672.0,0.59,CLOSED,0.41,HOSTILE,LIMIT,20,COMPRESSION,2026-09-03_1729,2026-09-03
ACM,SHORT,CONVICTION,74.6,BEAR_REJECTION_PENDING,66.95,67.77,65.24,62.84,122,2.09,66.83000183105469,68.1500015258789,65.84500122070312,1502463.0,0.56,STOPPED,-1.0,HOSTILE,LIMIT,20,CONVICTION,2026-09-03_1729,2026-09-03
LECO,SHORT,CONVICTION,74.6,BEAR_REJECTION_PENDING,276.84,279.21,263.06,263.06,42,5.83,273.8299865722656,275.29998779296875,269.5350036621094,267015.0,0.45,NO_FILL,0.0,HOSTILE,LIMIT,20,CONVICTION,2026-09-03_1729,2026-09-03
PRAA,SHORT,CONVICTION,74.5,BEAR_REJECTION_PENDING,19.12,20.11,17.57,16.15,101,1.58,18.989999771118164,19.540000915527344,18.889999389648438,214787.0,1.28,CLOSED,0.13,HOSTILE,LIMIT,20,COMPRESSION,2026-09-03_1729,2026-09-03
FET,SHORT,CONVICTION,74.5,BEAR_REJECTION_PENDING,83.86,86.43,75.3,75.6,38,3.34,81.87000274658203,84.16429901123047,80.72000122070312,138791.0,-0.43,CLOSED,0.77,HOSTILE,LIMIT,20,MINOR,2026-09-03_1729,2026-09-03
UUUU,SHORT,CONVICTION,74.5,BEAR_REJECTION_PENDING,14.56,14.84,13.87,13.85,356,2.46,14.350000381469727,14.720000267028809,14.015000343322754,5609705.0,-0.97,CLOSED,0.75,HOSTILE,LIMIT,20,COMPRESSION,2026-09-03_1729,2026-09-03
JOBY,SHORT,CONVICTION,74.5,BEAR_REJECTION_PENDING,6.9,7.01,6.16,5.89,870,6.44,6.869999885559082,7.183800220489502,6.78000020980835,29526098.0,-0.15,STOPPED,-1.0,HOSTILE,LIMIT,20,COMPRESSION,2026-09-03_1729,2026-09-03
CHTR,SHORT,CONVICTION,74.5,BEAR_REJECTION_PENDING,161.67,181.23,153.59,,5,0.41,151.3800048828125,160.6999969482422,149.50999450683594,3664697.0,-4.49,NO_FILL,0.0,HOSTILE,LIMIT,6,CONVICTION,2026-09-03_1729,2026-09-03
LABD,SHORT,CONVICTION,74.5,BEAR_REJECTION_PENDING,6.37,6.54,5.91,5.91,602,2.77,6.389999866485596,6.550000190734863,6.21999979019165,21256989.0,0.47,STOPPED,-1.0,HOSTILE,LIMIT,20,COMPRESSION,2026-09-03_1729,2026-09-03
OSK,SHORT,CONVICTION,74.5,BEAR_REJECTION_PENDING,152.91,154.88,137.94,131.42,50,7.6,156.36000061035156,156.94000244140625,151.27499389648438,469701.0,2.27,STOPPED,-1.0,HOSTILE,LIMIT,20,COMPRESSION,2026-09-03_1729,2026-09-03
NIQ,SHORT,CONVICTION,74.2,BEAR_REJECTION_PENDING,18.6,18.81,17.11,16.82,468,6.98,18.81999969482422,19.09000015258789,18.219999313354492,1006027.0,2.56,STOPPED,-1.0,HOSTILE,LIMIT,19,COMPRESSION,2026-09-03_1729,2026-09-03
AAPU,SHORT,CONVICTION,74.2,BEAR_REJECTION_PENDING,43.62,47.38,37.35,,26,1.67,43.560001373291016,44.220001220703125,42.4900016784668,1070737.0,1.87,CLOSED,0.02,HOSTILE,LIMIT,20,CONVICTION,2026-09-03_1729,2026-09-03
AKAM,SHORT,CONVICTION,74.1,BEAR_REJECTION_PENDING,106.0,107.27,93.49,91.27,78,9.84,106.5,106.55999755859375,102.55000305175781,3350308.0,0.57,CLOSED_LOSS,-0.39,HOSTILE,LIMIT,20,COMPRESSION,2026-09-03_1729,2026-09-03
MGTX,SHORT,CONVICTION,74.0,BEAR_REJECTION_PENDING,14.14,15.24,12.4,,91,1.59,13.970000267028809,14.149999618530273,13.760000228881836,824111.0,-0.64,CLOSED,0.15,HOSTILE,LIMIT,19,COMPRESSION,2026-09-03_1729,2026-09-03
SWMR,SHORT,CONVICTION,74.0,BEAR_REJECTION_PENDING,32.09,33.23,29.8,27.35,87,2.0,33.099998474121094,33.43000030517578,30.8799991607666,264907.0,3.44,STOPPED,-1.0,HOSTILE,LIMIT,20,MINOR,2026-09-03_1729,2026-09-03
NVEC,SHORT,CONVICTION,74.0,BEAR_REJECTION_PENDING,99.49,101.4,96.45,,52,1.59,98.55999755859375,100.80500030517578,97.17420196533203,128616.0,0.06,CLOSED,0.49,HOSTILE,LIMIT,20,COMPRESSION,2026-09-03_1729,2026-09-03
AEHR,SHORT,CONVICTION,74.0,BEAR_REJECTION_PENDING,81.49,84.77,71.65,72.81,30,3.0,76.2699966430664,80.33000183105469,74.5999984741211,4521346.0,-6.33,NO_FILL,0.0,HOSTILE,LIMIT,20,CONVICTION,2026-09-03_1729,2026-09-03
INIO,SHORT,CONVICTION,74.0,BEAR_REJECTION_PENDING,20.1,20.82,19.09,,138,1.39,20.280000686645508,20.83989906311035,19.860000610351562,4094536.0,1.05,STOPPED,-1.0,HOSTILE,LIMIT,20,COMPRESSION,2026-09-03_1729,2026-09-03
LRCX,SHORT,CONVICTION,74.0,BEAR_REJECTION_PENDING,288.3,292.45,270.02,257.17,24,4.41,292.6600036621094,292.7799987792969,278.0400085449219,7205245.0,1.97,STOPPED,-1.0,HOSTILE,LIMIT,20,CONVICTION,2026-09-03_1729,2026-09-03
CBRS,SHORT,CONVICTION,74.0,BEAR_REJECTION_PENDING,185.0,189.85,170.12,174.02,20,3.07,190.44000244140625,191.05999755859375,181.00999450683594,4958105.0,3.5,STOPPED,-1.0,HOSTILE,LIMIT,20,CONVICTION,2026-09-03_1729,2026-09-03
ERO,SHORT,CONVICTION,74.0,BEAR_REJECTION_PENDING,35.36,37.29,32.0,29.93,51,1.75,35.31999969482422,35.970001220703125,34.20000076293945,1096299.0,0.97,CLOSED,0.02,HOSTILE,LIMIT,20,CONVICTION,2026-09-03_1729,2026-09-03
FIVE,SHORT,CONVICTION,74.0,BEAR_REJECTION_PENDING,256.0,259.13,219.13,224.16,31,11.78,239.9600067138672,260.1199951171875,236.9499969482422,2579809.0,-5.9,STOPPED,-1.0,HOSTILE,LIMIT,20,VACUUM,2026-09-03_1729,2026-09-03
TLN,SHORT,CONVICTION,74.0,BEAR_REJECTION_PENDING,308.04,324.63,292.64,,6,0.93,305.5199890136719,313.970703125,301.5899963378906,680596.0,1.17,CLOSED,0.15,HOSTILE,LIMIT,15,COMPRESSION,2026-09-03_1729,2026-09-03
MSGS,SHORT,CONVICTION,74.0,BEAR_REJECTION_PENDING,387.77,390.89,365.29,353.87,32,7.21,387.07000732421875,389.927490234375,383.9100036621094,184350.0,-0.12,CLOSED,0.22,HOSTILE,LIMIT,20,COMPRESSION,2026-09-03_1729,2026-09-03
WING,SHORT,CONVICTION,74.0,BEAR_REJECTION_PENDING,113.16,115.16,110.09,108.25,50,1.53,110.27999877929688,115.08999633789062,107.6500015258789,931915.0,-2.5,TARGET_HIT,1.5,HOSTILE,LIMIT,20,COMPRESSION,2026-09-03_1729,2026-09-03
BBIO,SHORT,CONVICTION,74.0,BEAR_REJECTION_PENDING,76.64,77.64,71.29,71.29,100,5.37,75.41000366210938,76.63999938964844,75.19999694824219,1098032.0,-1.49,NO_FILL,0.0,HOSTILE,LIMIT,20,MINOR,2026-09-03_1729,2026-09-03
WRBY,SHORT,CONVICTION,74.0,BEAR_REJECTION_PENDING,24.69,26.38,22.03,,59,1.58,23.290000915527344,24.454999923706055,23.264999389648438,2595208.0,-3.8,NO_FILL,0.0,HOSTILE,LIMIT,20,COMPRESSION,2026-09-03_1729,2026-09-03
DLTR,SHORT,CONVICTION,74.0,BEAR_REJECTION_PENDING,133.41,135.67,115.24,127.05,44,8.02,131.0399932861328,133.63259887695312,129.89500427246094,1672498.0,-1.16,CLOSED,1.05,HOSTILE,LIMIT,20,COMPRESSION,2026-09-03_1729,2026-09-03
URBN,SHORT,CONVICTION,74.0,BEAR_REJECTION_PENDING,79.0,81.01,74.22,71.53,49,2.37,80.58000183105469,81.37000274658203,78.41000366210938,845724.0,2.32,STOPPED,-1.0,HOSTILE,LIMIT,20,VACUUM,2026-09-03_1729,2026-09-03
FUN,SHORT,CONVICTION,73.9,BEAR_REJECTION_PENDING,15.65,16.13,13.94,14.54,206,3.53,15.029999732971191,15.300000190734863,14.795000076293945,1886078.0,-2.02,NO_FILL,0.0,HOSTILE,LIMIT,20,COMPRESSION,2026-09-03_1729,2026-09-03
FETH,SHORT,CONVICTION,73.9,BEAR_REJECTION_PENDING,23.84,24.19,22.79,22.45,285,3.0,25.110000610351562,25.204999923706055,24.084999084472656,3610963.0,5.73,STOPPED,-1.0,HOSTILE,LIMIT,20,MINOR,2026-09-03_1729,2026-09-03
HONA,SHORT,CONVICTION,73.8,BEAR_REJECTION_PENDING,155.83,157.68,148.04,,54,4.21,154.9600067138672,155.8800048828125,150.8800048828125,3904800.0,1.4,CLOSED,0.47,HOSTILE,LIMIT,20,CONVICTION,2026-09-03_1729,2026-09-03
MDGL,SHORT,CONVICTION,73.8,BEAR_REJECTION_PENDING,557.87,597.74,492.73,,2,1.63,542.6099853515625,552.0800170898438,540.4400024414062,143452.0,-0.79,NO_FILL,0.0,HOSTILE,LIMIT,5,CONVICTION,2026-09-03_1729,2026-09-03
VCX,SHORT,CONVICTION,73.8,BEAR_REJECTION_PENDING,35.62,36.93,32.63,32.51,76,2.29,36.9900016784668,37.349998474121094,35.54999923706055,441510.0,4.49,STOPPED,-1.0,HOSTILE,LIMIT,20,CONVICTION,2026-09-03_1729,2026-09-03
AG,SHORT,CONVICTION,73.7,BEAR_REJECTION_PENDING,21.97,22.79,19.53,19.8,121,2.96,21.389999389648438,22.02869987487793,20.959999084472656,10049108.0,-1.38,CLOSED,0.71,HOSTILE,LIMIT,10,COMPRESSION,2026-09-03_1729,2026-09-03
LTH,SHORT,CONVICTION,73.7,BEAR_REJECTION_PENDING,44.3,45.31,41.1,41.1,99,3.18,43.09000015258789,43.94499969482422,42.72999954223633,2512355.0,-0.92,NO_FILL,0.0,HOSTILE,LIMIT,20,COMPRESSION,2026-09-03_1729,2026-09-03
BLSH,SHORT,CONVICTION,73.7,BEAR_REJECTION_PENDING,33.21,34.17,29.75,28.44,103,3.59,36.220001220703125,37.099998474121094,34.0,2188407.0,11.1,STOPPED,-1.0,HOSTILE,LIMIT,20,CONVICTION,2026-09-03_1729,2026-09-03
IONS,SHORT,CONVICTION,73.7,BEAR_REJECTION_PENDING,61.05,62.74,54.73,53.51,59,3.73,58.130001068115234,60.41999816894531,57.470001220703125,4343477.0,-3.9,NO_FILL,0.0,HOSTILE,LIMIT,20,COMPRESSION,2026-09-03_1729,2026-09-03
UCTT,SHORT,CONVICTION,73.7,BEAR_REJECTION_PENDING,66.78,68.32,63.26,62.7,64,2.28,66.58999633789062,66.9000015258789,62.68000030517578,628310.0,1.05,TARGET_HIT,1.5,HOSTILE,LIMIT,20,CONVICTION,2026-09-03_1729,2026-09-03
EXPD,SHORT,CONVICTION,73.6,BEAR_REJECTION_PENDING,187.39,188.64,185.0,164.02,80,1.91,187.1300048828125,188.57000732421875,184.38999938964844,789905.0,0.52,TARGET_HIT,1.5,HOSTILE,LIMIT,20,COMPRESSION,2026-09-03_1729,2026-09-03
ROBN,SHORT,CONVICTION,73.6,BEAR_REJECTION_PENDING,33.44,34.7,30.8,29.55,78,2.08,40.81999969482422,40.91550064086914,34.290000915527344,2267109.0,24.53,STOPPED,-1.0,HOSTILE,LIMIT,20,COMPRESSION,2026-09-03_1729,2026-09-03
NASA,SHORT,CONVICTION,73.5,BEAR_REJECTION_PENDING,23.26,23.53,22.72,21.76,374,2.02,23.229999542236328,23.329999923706055,22.8799991607666,1303389.0,0.43,CLOSED,0.11,HOSTILE,LIMIT,20,COMPRESSION,2026-09-03_1729,2026-09-03
VSAT,SHORT,CONVICTION,73.4,BEAR_REJECTION_PENDING,71.46,75.23,61.95,60.61,26,2.52,71.72000122070312,72.83000183105469,68.94999694824219,1928941.0,2.37,CLOSED_LOSS,-0.07,HOSTILE,LIMIT,20,COMPRESSION,2026-09-03_1729,2026-09-03
SGRY,SHORT,CONVICTION,73.2,BEAR_REJECTION_PENDING,14.26,15.27,12.24,,99,2.01,14.170000076293945,14.319999694824219,13.875,1634171.0,1.36,CLOSED,0.09,HOSTILE,LIMIT,20,COMPRESSION,2026-09-03_1729,2026-09-03
IPST,SHORT,CONVICTION,73.1,BEAR_REJECTION_PENDING,4.12,5.31,3.91,,84,0.17,4.130000114440918,4.28000020980835,3.9100000858306885,47044.0,1.23,CLOSED_LOSS,-0.01,HOSTILE,LIMIT,18,MINOR,2026-09-03_1729,2026-09-03
POOL,SHORT,CONVICTION,73.1,BEAR_REJECTION_PENDING,185.89,187.53,178.21,,60,4.67,184.07000732421875,185.16000366210938,181.19000244140625,828845.0,0.59,NO_FILL,0.0,HOSTILE,LIMIT,20,CONVICTION,2026-09-03_1729,2026-09-03
INTC,SHORT,CONVICTION,73.0,BEAR_REJECTION_PENDING,92.07,104.01,87.46,,8,0.39,91.66999816894531,92.37000274658203,87.7249984741211,79677381.0,1.56,CLOSED,0.03,HOSTILE,LIMIT,20,VACUUM,2026-09-03_1729,2026-09-03
HUBS,SHORT,CONVICTION,72.9,BEAR_REJECTION_PENDING,255.51,267.57,232.0,225.56,8,1.95,255.1199951171875,262.95001220703125,253.19000244140625,934575.0,1.84,CLOSED,0.03,HOSTILE,LIMIT,8,CONVICTION,2026-09-03_1729,2026-09-03
SFM,SHORT,CONVICTION,72.9,BEAR_REJECTION_PENDING,80.01,81.2,75.27,73.66,83,3.97,79.12999725341797,79.55999755859375,77.04000091552734,1161161.0,-0.52,NO_FILL,0.0,HOSTILE,LIMIT,20,COMPRESSION,2026-09-03_1729,2026-09-03
VSXY,SHORT,CONVICTION,72.8,BEAR_REJECTION_PENDING,90.02,91.4,83.12,78.54,71,4.96,73.63999938964844,79.25070190429688,71.9749984741211,7745938.0,-16.56,NO_FILL,0.0,HOSTILE,LIMIT,20,COMPRESSION,2026-09-03_1729,2026-09-03
FSM,SHORT,CONVICTION,72.8,BEAR_REJECTION_PENDING,12.66,13.63,10.78,,103,1.94,12.65999984741211,12.850199699401855,12.385000228881836,4384993.0,1.29,CLOSED,0.0,HOSTILE,LIMIT,9,COMPRESSION,2026-09-03_1729,2026-09-03
BZ,SHORT,CONVICTION,72.5,BEAR_REJECTION_PENDING,17.42,17.69,16.77,16.23,373,2.43,16.84000015258789,17.389999389648438,16.795000076293945,6047644.0,-1.64,NO_FILL,0.0,HOSTILE,LIMIT,20,COMPRESSION,2026-09-03_1729,2026-09-03
BOBS,SHORT,CONVICTION,72.4,BEAR_REJECTION_PENDING,16.87,17.4,15.4,15.4,190,2.8,16.43000030517578,17.165000915527344,16.31999969482422,586440.0,-0.67,CLOSED,0.83,HOSTILE,LIMIT,20,COMPRESSION,2026-09-03_1729,2026-09-03
NEBX,SHORT,CONVICTION,72.4,BEAR_REJECTION_PENDING,21.3,22.48,19.39,,85,1.62,22.540000915527344,22.709999084472656,19.65019989013672,1394946.0,6.22,STOPPED,-1.0,HOSTILE,LIMIT,20,COMPRESSION,2026-09-03_1729,2026-09-03
CRE,SHORT,CONVICTION,72.3,BEAR_REJECTION_PENDING,2.99,3.27,2.84,,356,0.53,2.859999895095825,3.0999999046325684,2.789900064468384,49630.0,-3.7,TARGET_HIT,1.5,HOSTILE,LIMIT,8,MINOR,2026-09-03_1729,2026-09-03
OKLL,SHORT,CONVICTION,72.3,BEAR_REJECTION_PENDING,2.37,2.47,2.19,,961,1.73,2.3499999046325684,2.4800000190734863,2.309999942779541,6194284.0,0.43,STOPPED,-1.0,HOSTILE,LIMIT,14,COMPRESSION,2026-09-03_1729,2026-09-03
MRNA,SHORT,CONVICTION,72.2,BEAR_REJECTION_PENDING,148.45,154.95,137.95,133.51,15,1.61,148.8699951171875,150.1999969482422,142.77999877929688,13270498.0,0.32,CLOSED_LOSS,-0.06,HOSTILE,LIMIT,16,VACUUM,2026-09-03_1729,2026-09-03
RZLV,SHORT,CONVICTION,72.2,BEAR_REJECTION_PENDING,2.41,2.9,2.29,,201,0.24,2.200000047683716,2.3399999141693115,2.1500000953674316,35879899.0,-6.78,NO_FILL,0.0,HOSTILE,LIMIT,11,COMPRESSION,2026-09-03_1729,2026-09-03
SHMD,SHORT,CONVICTION,72.2,BEAR_REJECTION_PENDING,3.28,3.52,3.12,,422,0.69,3.0999999046325684,3.2699999809265137,3.0799999237060547,357701.0,-3.73,NO_FILL,0.0,HOSTILE,LIMIT,14,MINOR,2026-09-03_1729,2026-09-03
CEVA,SHORT,CONVICTION,72.2,BEAR_REJECTION_PENDING,26.35,27.19,23.05,22.94,119,3.95,26.440000534057617,26.864999771118164,25.25,562760.0,0.88,CLOSED_LOSS,-0.11,HOSTILE,LIMIT,20,COMPRESSION,2026-09-03_1729,2026-09-03
WTS,SHORT,CONVICTION,72.2,BEAR_REJECTION_PENDING,352.41,354.88,347.47,337.82,40,2.0,355.5299987792969,358.2200012207031,349.3699951171875,182053.0,1.05,STOPPED,-1.0,HOSTILE,LIMIT,20,CONVICTION,2026-09-03_1729,2026-09-03
CHRW,SHORT,CONVICTION,72.2,BEAR_REJECTION_PENDING,147.14,148.62,143.86,126.24,67,2.22,146.68499755859375,147.6300048828125,144.02000427246094,769311.0,1.02,CLOSED,0.31,HOSTILE,LIMIT,20,CONVICTION,2026-09-03_1729,2026-09-03
DXCM,SHORT,CONVICTION,72.2,BEAR_REJECTION_PENDING,90.0,91.27,84.75,79.88,78,4.12,89.70999908447266,91.0,89.05500030517578,1677878.0,0.23,CLOSED,0.23,HOSTILE,LIMIT,16,COMPRESSION,2026-09-03_1729,2026-09-03
CPNG,SHORT,CONVICTION,72.1,BEAR_REJECTION_PENDING,16.35,16.88,15.35,,185,1.85,15.510000228881836,16.200000762939453,15.460000038146973,24223210.0,-3.21,NO_FILL,0.0,HOSTILE,LIMIT,20,CONVICTION,2026-09-03_1729,2026-09-03
LITE,SHORT,CONVICTION,72.0,BEAR_REJECTION_PENDING,871.43,891.18,776.09,757.09,5,4.83,847.3699951171875,872.8233032226562,818.8900146484375,3301245.0,-2.38,CLOSED,1.22,HOSTILE,LIMIT,17,VACUUM,2026-09-03_1729,2026-09-03
KTOS,SHORT,CONVICTION,72.0,BEAR_REJECTION_PENDING,49.37,51.23,41.93,,53,3.98,48.099998474121094,49.0,46.91999816894531,3874448.0,-0.62,NO_FILL,0.0,HOSTILE,LIMIT,20,COMPRESSION,2026-09-03_1729,2026-09-03
FIG,SHORT,CONVICTION,72.0,BEAR_REJECTION_PENDING,26.78,27.27,25.25,23.89,202,3.1,25.219999313354492,26.75,25.1299991607666,16785539.0,-4.03,NO_FILL,0.0,HOSTILE,LIMIT,20,CONVICTION,2026-09-03_1729,2026-09-03
ABNB,SHORT,CONVICTION,72.0,BEAR_REJECTION_PENDING,187.27,189.94,178.69,178.69,37,3.21,185.25,187.36000061035156,183.67999267578125,4975826.0,0.9,CLOSED,0.76,HOSTILE,LIMIT,19,COMPRESSION,2026-09-03_1729,2026-09-03
CF,SHORT,CONVICTION,72.0,BEAR_REJECTION_PENDING,138.3,141.02,132.07,127.87,36,2.29,137.80999755859375,138.68499755859375,135.39999389648438,2262799.0,-0.22,CLOSED,0.18,HOSTILE,LIMIT,11,MINOR,2026-09-03_1729,2026-09-03
DDS,SHORT,CONVICTION,72.0,BEAR_REJECTION_PENDING,642.84,650.69,628.49,604.25,12,1.83,652.0700073242188,656.9299926757812,633.164794921875,122074.0,2.42,STOPPED,-1.0,HOSTILE,LIMIT,5,CONVICTION,2026-09-03_1729,2026-09-03
OIH,SHORT,CONVICTION,72.0,BEAR_REJECTION_PENDING,438.0,442.2,425.99,392.76,23,2.86,429.80999755859375,439.7699890136719,429.5,248900.0,-1.85,CLOSED,1.5,HOSTILE,LIMIT,6,COMPRESSION,2026-09-03_1729,2026-09-03
SIMO,SHORT,CONVICTION,72.0,BEAR_REJECTION_PENDING,242.0,248.23,230.59,225.1,16,1.83,235.6999969482422,240.0,227.16000366210938,886519.0,-2.2,NO_FILL,0.0,HOSTILE,LIMIT,20,CONVICTION,2026-09-03_1729,2026-09-03
XYZ,SHORT,CONVICTION,72.0,BEAR_REJECTION_PENDING,82.58,83.99,72.09,72.09,71,7.45,83.37000274658203,84.55500030517578,81.8499984741211,3279503.0,1.52,STOPPED,-1.0,HOSTILE,LIMIT,20,COMPRESSION,2026-09-03_1729,2026-09-03
AGX,SHORT,CONVICTION,72.0,BEAR_REJECTION_PENDING,451.16,459.47,383.0,412.65,12,8.2,411.7699890136719,433.9800109863281,400.6000061035156,738661.0,-8.5,NO_FILL,0.0,HOSTILE,LIMIT,20,CONVICTION,2026-09-03_1729,2026-09-03
CIBR,SHORT,CONVICTION,72.0,BEAR_REJECTION_PENDING,95.53,96.68,86.56,90.75,87,7.82,95.31999969482422,95.41000366210938,93.42500305175781,1263728.0,1.77,NO_FILL,0.0,HOSTILE,LIMIT,20,COMPRESSION,2026-09-03_1729,2026-09-03
GLBE,SHORT,CONVICTION,72.0,BEAR_REJECTION_PENDING,39.58,40.15,36.66,35.19,174,5.08,38.290000915527344,39.66999816894531,38.04999923706055,1217343.0,-1.31,CLOSED,1.5,HOSTILE,LIMIT,20,COMPRESSION,2026-09-03_1729,2026-09-03
NTSK,SHORT,CONVICTION,71.9,BEAR_REJECTION_PENDING,15.25,15.89,14.05,13.33,156,1.88,14.34000015258789,15.630000114440918,13.720000267028809,12943970.0,-5.66,TARGET_HIT,1.5,HOSTILE,LIMIT,15,COMPRESSION,2026-09-03_1729,2026-09-03
FIS,SHORT,CONVICTION,71.9,BEAR_REJECTION_PENDING,42.55,43.13,39.03,41.06,171,6.02,42.279998779296875,42.83000183105469,41.38999938964844,6782447.0,0.83,CLOSED,0.47,HOSTILE,LIMIT,17,MINOR,2026-09-03_1729,2026-09-03
BTQ,SHORT,CONVICTION,71.9,BEAR_REJECTION_PENDING,3.35,3.55,3.01,,487,1.64,2.9800000190734863,3.244999885559082,2.9000000953674316,3823238.0,-9.15,NO_FILL,0.0,HOSTILE,LIMIT,20,COMPRESSION,2026-09-03_1729,2026-09-03
TSLG,SHORT,CONVICTION,71.9,BEAR_REJECTION_PENDING,4.78,4.88,4.26,4.28,976,5.08,5.159999847412109,5.360000133514404,4.894999980926514,72954586.0,8.86,STOPPED,-1.0,HOSTILE,LIMIT,20,MINOR,2026-09-03_1729,2026-09-03
OMDA,SHORT,CONVICTION,71.8,BEAR_REJECTION_PENDING,23.5,24.34,20.7,21.02,118,3.32,22.290000915527344,22.889999389648438,21.799999237060547,1369684.0,-4.38,NO_FILL,0.0,HOSTILE,LIMIT,20,COMPRESSION,2026-09-03_1729,2026-09-03
AGIO,SHORT,CONVICTION,71.7,BEAR_REJECTION_PENDING,34.5,35.32,31.04,30.69,122,4.24,33.130001068115234,34.38999938964844,32.95000076293945,516032.0,-2.93,NO_FILL,0.0,HOSTILE,LIMIT,20,COMPRESSION,2026-09-03_1729,2026-09-03
BOXL,SHORT,CONVICTION,71.7,BEAR_REJECTION_PENDING,5.87,6.24,5.57,,265,0.78,6.110000133514404,6.300000190734863,5.949999809265137,21448.0,6.26,STOPPED,-1.0,HOSTILE,LIMIT,20,MINOR,2026-09-03_1729,2026-09-03
GDX,SHORT,CONVICTION,71.7,BEAR_REJECTION_PENDING,99.28,100.43,90.94,94.03,86,7.21,101.48999786376953,101.70999908447266,99.06999969482422,29125168.0,2.46,STOPPED,-1.0,HOSTILE,LIMIT,20,COMPRESSION,2026-09-03_1729,2026-09-03
MSTY,SHORT,CONVICTION,71.6,BEAR_REJECTION_PENDING,14.43,14.69,13.67,13.69,391,2.97,16.290000915527344,16.309999465942383,14.694999694824219,2743794.0,13.2,STOPPED,-1.0,HOSTILE,LIMIT,20,COMPRESSION,2026-09-03_1729,2026-09-03
TME,SHORT,CONVICTION,71.5,BEAR_REJECTION_PENDING,8.55,8.84,8.12,,337,1.44,8.199999809265137,8.354999542236328,8.140000343322754,8111790.0,-2.15,NO_FILL,0.0,HOSTILE,LIMIT,20,COMPRESSION,2026-09-03_1729,2026-09-03
PAYC,SHORT,CONVICTION,71.5,BEAR_REJECTION_PENDING,237.09,239.14,233.01,212.89,48,1.99,240.52000427246094,244.97999572753906,237.32000732421875,591986.0,1.49,STOPPED,-1.0,HOSTILE,LIMIT,17,COMPRESSION,2026-09-03_1729,2026-09-03
EYPT,SHORT,CONVICTION,71.5,BEAR_REJECTION_PENDING,4.7,5.09,4.47,,256,0.6,4.565000057220459,4.914999961853027,4.454999923706055,2623911.0,-2.89,TARGET_HIT,1.5,HOSTILE,LIMIT,20,CONVICTION,2026-09-03_1729,2026-09-03
ETSY,SHORT,CONVICTION,71.5,BEAR_REJECTION_PENDING,83.03,84.01,70.99,78.03,102,12.31,82.02999877929688,86.0,81.52999877929688,2628947.0,0.38,STOPPED,-1.0,HOSTILE,LIMIT,20,COMPRESSION,2026-09-03_1729,2026-09-03
PAY,SHORT,CONVICTION,71.4,BEAR_REJECTION_PENDING,37.01,38.71,34.3,31.78,58,1.59,36.77000045776367,37.25,35.619998931884766,1203075.0,1.35,CLOSED,0.14,HOSTILE,LIMIT,20,COMPRESSION,2026-09-03_1729,2026-09-03
SERV,SHORT,CONVICTION,71.4,BEAR_REJECTION_PENDING,5.0,5.54,4.75,,185,0.46,4.829999923706055,5.061399936676025,4.78000020980835,2179337.0,-1.43,CLOSED,0.31,HOSTILE,LIMIT,7,COMPRESSION,2026-09-03_1729,2026-09-03
HLNE,SHORT,CONVICTION,71.4,BEAR_REJECTION_PENDING,105.22,106.55,90.15,101.97,75,11.39,103.4000015258789,106.69499969482422,102.31500244140625,399287.0,0.23,STOPPED,-1.0,HOSTILE,LIMIT,20,CONVICTION,2026-09-03_1729,2026-09-03
SW,SHORT,CONVICTION,71.3,BEAR_REJECTION_PENDING,46.27,47.13,44.72,42.88,115,1.78,45.2599983215332,46.01499938964844,44.40999984741211,3002116.0,-0.22,NO_FILL,0.0,HOSTILE,LIMIT,20,COMPRESSION,2026-09-03_1729,2026-09-03
CIEN,SHORT,CONVICTION,71.3,BEAR_REJECTION_PENDING,357.25,364.39,325.0,328.0,14,4.52,317.4599914550781,357.9200134277344,311.6000061035156,7520270.0,-11.08,TARGET_HIT,1.5,HOSTILE,LIMIT,20,CONVICTION,2026-09-03_1729,2026-09-03
TPG,SHORT,CONVICTION,71.3,BEAR_REJECTION_PENDING,53.11,54.07,49.69,47.0,104,3.57,53.224998474121094,54.46500015258789,52.0099983215332,1886896.0,1.73,STOPPED,-1.0,HOSTILE,LIMIT,20,COMPRESSION,2026-09-03_1729,2026-09-03
QUBT,SHORT,CONVICTION,71.2,BEAR_REJECTION_PENDING,8.0,8.14,7.59,7.61,716,2.88,7.960000038146973,8.069999694824219,7.869999885559082,4680422.0,0.9,CLOSED,0.29,HOSTILE,LIMIT,20,COMPRESSION,2026-09-03_1729,2026-09-03
MRAM,SHORT,CONVICTION,71.2,BEAR_REJECTION_PENDING,15.86,16.33,15.1,14.27,212,1.61,15.850000381469727,16.15999984741211,15.420000076293945,572034.0,0.19,CLOSED,0.02,HOSTILE,LIMIT,20,COMPRESSION,2026-09-03_1729,2026-09-03
BSP,SHORT,CONVICTION,71.2,BEAR_REJECTION_PENDING,41.72,43.94,35.59,34.97,44,2.76,41.689998626708984,42.4900016784668,40.5099983215332,1059559.0,1.93,CLOSED,0.01,HOSTILE,LIMIT,20,COMPRESSION,2026-09-03_1729,2026-09-03
DAVE,SHORT,CONVICTION,71.2,BEAR_REJECTION_PENDING,374.59,381.11,324.51,355.5,15,7.68,390.8599853515625,391.0,371.4200134277344,350729.0,4.83,STOPPED,-1.0,HOSTILE,LIMIT,18,CONVICTION,2026-09-03_1729,2026-09-03
MAN,SHORT,CONVICTION,71.2,BEAR_REJECTION_PENDING,60.63,61.5,53.41,56.67,115,8.34,61.5099983215332,61.755001068115234,59.45000076293945,623394.0,2.06,STOPPED,-1.0,HOSTILE,LIMIT,20,COMPRESSION,2026-09-03_1729,2026-09-03
MNPR,SHORT,CONVICTION,71.0,BEAR_REJECTION_PENDING,116.4,118.54,110.12,100.32,46,2.93,118.55000305175781,121.0199966430664,115.30000305175781,208557.0,2.02,STOPPED,-1.0,HOSTILE,LIMIT,13,MINOR,2026-09-03_1729,2026-09-03
TER,SHORT,CONVICTION,71.0,BEAR_REJECTION_PENDING,341.3,351.58,321.93,309.4,9,1.88,338.5899963378906,341.6099853515625,326.0799865722656,1690141.0,-0.59,CLOSED,0.26,HOSTILE,LIMIT,20,CONVICTION,2026-09-03_1729,2026-09-03
GENI,SHORT,CONVICTION,71.0,BEAR_REJECTION_PENDING,7.61,8.1,6.8,6.37,205,1.67,7.630000114440918,7.784999847412109,7.565000057220459,3311682.0,2.28,CLOSED_LOSS,-0.04,HOSTILE,LIMIT,20,COMPRESSION,2026-09-03_1729,2026-09-03
JAN,SHORT,CONVICTION,71.0,BEAR_REJECTION_PENDING,31.31,32.21,27.52,27.36,111,4.23,31.290000915527344,31.399999618530273,30.920000076293945,1511756.0,1.92,CLOSED,0.02,HOSTILE,LIMIT,20,COMPRESSION,2026-09-03_1729,2026-09-03
VRSK,SHORT,CONVICTION,70.9,BEAR_REJECTION_PENDING,192.22,195.32,174.76,163.63,32,5.63,190.60000610351562,194.19000244140625,189.3000030517578,922154.0,1.14,CLOSED,0.52,HOSTILE,LIMIT,20,CONVICTION,2026-09-03_1729,2026-09-03
LGIH,SHORT,CONVICTION,70.8,BEAR_REJECTION_PENDING,54.52,56.22,50.05,50.57,58,2.63,54.470001220703125,55.32749938964844,53.33000183105469,267111.0,1.91,CLOSED,0.03,HOSTILE,LIMIT,20,COMPRESSION,2026-09-03_1729,2026-09-03
CWK,SHORT,CONVICTION,70.7,BEAR_REJECTION_PENDING,13.3,14.19,11.52,,112,2.0,13.479999542236328,13.6899995803833,13.279999732971191,2605140.0,3.37,CLOSED_LOSS,-0.2,HOSTILE,LIMIT,20,COMPRESSION,2026-09-03_1729,2026-09-03
OUST,SHORT,CONVICTION,70.6,BEAR_REJECTION_PENDING,35.9,36.76,30.52,30.7,117,6.31,35.83000183105469,36.29999923706055,34.369998931884766,1882389.0,1.79,CLOSED,0.08,HOSTILE,LIMIT,20,CONVICTION,2026-09-03_1729,2026-09-03
SMCIP,SHORT,CONVICTION,70.6,BEAR_REJECTION_PENDING,62.73,64.8,55.94,55.06,48,3.28,63.95000076293945,64.19000244140625,61.119998931884766,128302.0,2.08,CLOSED_LOSS,-0.59,HOSTILE,LIMIT,20,COMPRESSION,2026-09-03_1729,2026-09-03
APMD,SHORT,CONVICTION,70.5,BEAR_REJECTION_PENDING,27.94,28.94,26.25,24.51,99,1.69,27.809999465942383,28.82990074157715,27.320499420166016,234257.0,1.02,CLOSED,0.13,HOSTILE,LIMIT,20,COMPRESSION,2026-09-03_1729,2026-09-03
WHR,SHORT,CONVICTION,70.5,BEAR_REJECTION_PENDING,39.63,41.04,36.8,36.01,70,2.01,38.4900016784668,40.130001068115234,37.8125,1979374.0,-0.94,CLOSED,0.81,HOSTILE,LIMIT,20,MINOR,2026-09-03_1729,2026-09-03
EEFT,SHORT,CONVICTION,70.5,BEAR_REJECTION_PENDING,73.73,74.53,67.92,70.94,124,7.26,73.27999877929688,75.0,71.98999786376953,764578.0,0.43,STOPPED,-1.0,HOSTILE,LIMIT,20,CONVICTION,2026-09-03_1729,2026-09-03
IREN,SHORT,CONVICTION,70.4,BEAR_REJECTION_PENDING,40.12,42.09,34.43,34.89,50,2.88,41.650001525878906,41.81999969482422,39.029998779296875,44874993.0,5.9,CLOSED_LOSS,-0.78,HOSTILE,LIMIT,20,CONVICTION,2026-09-03_1729,2026-09-03
SOC,SHORT,CONVICTION,70.4,BEAR_REJECTION_PENDING,4.91,5.12,4.45,4.4,467,2.15,4.71999979019165,4.940000057220459,4.619999885559082,6009124.0,-1.96,CLOSED,0.9,HOSTILE,LIMIT,18,COMPRESSION,2026-09-03_1729,2026-09-03
ARQT,SHORT,CONVICTION,70.4,BEAR_REJECTION_PENDING,24.48,24.99,21.45,21.9,194,5.89,23.65999984741211,24.059999465942383,23.469999313354492,1122263.0,-1.42,NO_FILL,0.0,HOSTILE,LIMIT,20,COMPRESSION,2026-09-03_1729,2026-09-03
FSLY,SHORT,CONVICTION,70.4,BEAR_REJECTION_PENDING,20.45,21.0,17.41,17.41,181,5.53,21.1200008392334,21.21500015258789,19.760000228881836,3708500.0,3.53,STOPPED,-1.0,HOSTILE,LIMIT,20,MINOR,2026-09-03_1729,2026-09-03
OLED,SHORT,CONVICTION,70.4,BEAR_REJECTION_PENDING,85.23,86.41,80.42,80.9,84,4.08,82.63999938964844,84.71499633789062,81.29000091552734,705768.0,-1.1,NO_FILL,0.0,HOSTILE,LIMIT,20,COMPRESSION,2026-09-03_1729,2026-09-03
LIVN,SHORT,CONVICTION,70.3,BEAR_REJECTION_PENDING,84.15,87.93,76.55,73.91,26,2.01,81.19999694824219,83.5199966430664,80.81999969482422,694081.0,-1.58,NO_FILL,0.0,HOSTILE,LIMIT,20,MINOR,2026-09-03_1729,2026-09-03
EL,SHORT,CONVICTION,70.3,BEAR_REJECTION_PENDING,101.32,102.81,93.74,90.5,67,5.08,100.86000061035156,102.1449966430664,99.56500244140625,2127353.0,-0.11,CLOSED,0.31,HOSTILE,LIMIT,20,CONVICTION,2026-09-03_1729,2026-09-03
AXON,SHORT,CONVICTION,70.2,BEAR_REJECTION_PENDING,514.32,523.1,487.29,487.29,11,3.08,538.1500244140625,539.4099731445312,516.1199951171875,869288.0,5.39,STOPPED,-1.0,HOSTILE,LIMIT,20,CONVICTION,2026-09-03_1729,2026-09-03
TENB,SHORT,CONVICTION,70.2,BEAR_REJECTION_PENDING,35.0,35.67,30.5,29.57,149,6.73,34.4900016784668,35.15999984741211,33.189998626708984,2606049.0,-0.78,CLOSED,0.76,HOSTILE,LIMIT,20,COMPRESSION,2026-09-03_1729,2026-09-03
XENE,SHORT,CONVICTION,70.2,BEAR_REJECTION_PENDING,61.31,62.24,55.23,52.14,107,6.54,60.400001525878906,60.54999923706055,59.61000061035156,471674.0,-0.17,NO_FILL,0.0,HOSTILE,LIMIT,20,MINOR,2026-09-03_1729,2026-09-03
ASH,SHORT,CONVICTION,70.1,BEAR_REJECTION_PENDING,74.24,74.65,70.66,65.0,243,8.71,73.19999694824219,74.48999786376953,72.76000213623047,482944.0,-1.37,CLOSED,1.5,HOSTILE,LIMIT,20,COMPRESSION,2026-09-03_1729,2026-09-03
TECL,SHORT,CONVICTION,70.1,BEAR_REJECTION_PENDING,195.1,198.19,166.55,186.51,32,9.25,201.2899932861328,202.27000427246094,190.67999267578125,398978.0,3.23,STOPPED,-1.0,HOSTILE,LIMIT,20,CONVICTION,2026-09-03_1729,2026-09-03
TMHC,SHORT,CONVICTION,70.0,BEAR_REJECTION_PENDING,73.47,74.24,71.53,71.55,129,2.52,nan,nan,nan,nan,nan,NO_FILL,0.0,HOSTILE,LIMIT,2,MINOR,2026-09-03_1729,2026-09-03
NSP,SHORT,CONVICTION,69.9,BEAR_REJECTION_PENDING,50.63,51.66,46.55,46.55,97,3.97,51.81999969482422,51.9900016784668,50.54999923706055,338590.0,2.57,STOPPED,-1.0,HOSTILE,LIMIT,20,MINOR,2026-09-03_1729,2026-09-03
WFC,SHORT,CONVICTION,69.9,BEAR_REJECTION_PENDING,91.13,96.43,76.91,79.09,18,2.68,89.19000244140625,90.33999633789062,88.68009948730469,13205216.0,-0.17,NO_FILL,0.0,HOSTILE,LIMIT,6,COMPRESSION,2026-09-03_1729,2026-09-03
GHRS,SHORT,CONVICTION,69.8,BEAR_REJECTION_PENDING,28.4,28.76,27.46,24.68,278,2.63,27.920000076293945,28.327999114990234,27.579999923706055,116963.0,-0.53,NO_FILL,0.0,HOSTILE,LIMIT,20,COMPRESSION,2026-09-03_1729,2026-09-03
RDW,SHORT,CONVICTION,69.8,BEAR_REJECTION_PENDING,10.73,10.93,9.9,9.31,489,4.07,10.369999885559082,10.680000305175781,10.1850004196167,11864953.0,-1.52,NO_FILL,0.0,HOSTILE,LIMIT,20,COMPRESSION,2026-09-03_1729,2026-09-03
COMP,SHORT,CONVICTION,69.8,BEAR_REJECTION_PENDING,10.63,11.81,8.86,,84,1.5,11.0600004196167,11.229999542236328,10.8149995803833,14975956.0,6.13,CLOSED_LOSS,-0.36,HOSTILE,LIMIT,20,COMPRESSION,2026-09-03_1729,2026-09-03
RIVN,SHORT,CONVICTION,69.8,BEAR_REJECTION_PENDING,15.68,15.98,14.36,14.36,333,4.42,15.90999984741211,16.045000076293945,15.6899995803833,14264162.0,1.73,STOPPED,-1.0,HOSTILE,LIMIT,20,COMPRESSION,2026-09-03_1729,2026-09-03
GLOB,SHORT,CONVICTION,69.8,BEAR_REJECTION_PENDING,39.38,39.99,37.61,33.17,163,2.89,40.349998474121094,40.849998474121094,39.22999954223633,783201.0,4.32,STOPPED,-1.0,HOSTILE,LIMIT,20,MINOR,2026-09-03_1729,2026-09-03
ECHO,SHORT,CONVICTION,69.8,BEAR_REJECTION_PENDING,86.7,87.74,82.36,,96,4.18,89.79000091552734,90.06999969482422,87.0250015258789,3725605.0,4.41,STOPPED,-1.0,HOSTILE,LIMIT,20,COMPRESSION,2026-09-03_1729,2026-09-03
TLYS,SHORT,CONVICTION,69.8,BEAR_REJECTION_PENDING,4.95,5.19,4.32,4.32,424,2.67,4.400000095367432,6.25,4.0,13411721.0,-10.39,STOPPED,-1.0,HOSTILE,LIMIT,17,MINOR,2026-09-03_1729,2026-09-03
BRSL,SHORT,CONVICTION,69.7,BEAR_REJECTION_PENDING,11.39,11.63,10.45,10.86,426,4.02,11.34000015258789,11.375,11.055000305175781,1502723.0,1.52,NO_FILL,0.0,HOSTILE,LIMIT,20,COMPRESSION,2026-09-03_1729,2026-09-03
DRTS,SHORT,CONVICTION,69.6,BEAR_REJECTION_PENDING,14.6,14.83,13.15,14.06,427,6.2,14.619999885559082,15.069999694824219,14.319999694824219,629364.0,1.53,STOPPED,-1.0,HOSTILE,LIMIT,20,MINOR,2026-09-03_1729,2026-09-03
LOOP,SHORT,CONVICTION,69.6,BEAR_REJECTION_PENDING,0.55,0.57,0.51,0.49,4528,1.83,0.5149999856948853,0.5403000116348267,0.510200023651123,156514.0,-4.63,NO_FILL,0.0,HOSTILE,LIMIT,20,COMPRESSION,2026-09-03_1729,2026-09-03
GEHC,SHORT,CONVICTION,69.6,BEAR_REJECTION_PENDING,71.3,72.08,69.61,69.32,127,2.16,69.72000122070312,71.36000061035156,68.5,3274839.0,-1.19,TARGET_HIT,1.5,HOSTILE,LIMIT,20,COMPRESSION,2026-09-03_1729,2026-09-03
AMZN,SHORT,CONVICTION,69.6,BEAR_REJECTION_PENDING,258.82,260.63,233.35,221.25,55,14.1,258.8999938964844,259.5,256.0,26809147.0,0.9,CLOSED_LOSS,-0.04,HOSTILE,LIMIT,20,COMPRESSION,2026-09-03_1729,2026-09-03
EQPT,SHORT,CONVICTION,69.6,BEAR_REJECTION_PENDING,18.13,19.78,17.22,,60,0.55,18.139999389648438,18.399999618530273,17.309999465942383,1833400.0,2.08,CLOSED_LOSS,-0.01,HOSTILE,LIMIT,20,COMPRESSION,2026-09-03_1729,2026-09-03
RUN,SHORT,CONVICTION,69.4,BEAR_REJECTION_PENDING,9.07,9.21,7.88,8.2,709,8.48,8.930000305175781,9.074999809265137,8.818300247192383,7316518.0,-0.33,CLOSED,1.0,HOSTILE,LIMIT,20,COMPRESSION,2026-09-03_1729,2026-09-03
CDNL,SHORT,CONVICTION,69.4,BEAR_REJECTION_PENDING,36.52,37.56,33.56,33.0,95,2.83,35.349998474121094,36.5,34.720001220703125,331068.0,-1.26,NO_FILL,0.0,HOSTILE,LIMIT,20,COMPRESSION,2026-09-03_1729,2026-09-03
PODD,SHORT,CONVICTION,69.4,BEAR_REJECTION_PENDING,151.17,152.78,148.38,132.14,62,1.74,150.5800018310547,150.99000549316406,145.16000366210938,1157580.0,1.06,NO_FILL,0.0,HOSTILE,LIMIT,20,CONVICTION,2026-09-03_1729,2026-09-03
HACK,SHORT,CONVICTION,69.4,BEAR_REJECTION_PENDING,110.83,112.02,99.99,99.99,83,9.1,111.52999877929688,111.52999877929688,109.16010284423828,262266.0,1.38,CLOSED_LOSS,-0.59,HOSTILE,LIMIT,20,COMPRESSION,2026-09-03_1729,2026-09-03
OMH,SHORT,CONVICTION,69.3,BEAR_REJECTION_PENDING,3.18,3.51,3.02,,302,0.48,3.069999933242798,3.1710000038146973,3.0199999809265137,39898.0,-3.07,NO_FILL,0.0,HOSTILE,LIMIT,20,MINOR,2026-09-03_1729,2026-09-03
CACI,SHORT,CONVICTION,69.3,BEAR_REJECTION_PENDING,618.38,623.68,552.54,573.8,18,12.42,630.0,633.6099853515625,614.330078125,244240.0,2.36,STOPPED,-1.0,HOSTILE,LIMIT,20,CONVICTION,2026-09-03_1729,2026-09-03
XPON,SHORT,CONVICTION,69.2,BEAR_REJECTION_PENDING,6.44,7.08,5.4,,154,1.61,6.199999809265137,6.63129997253418,5.829999923706055,108390.0,-1.74,CLOSED,0.38,HOSTILE,LIMIT,19,MINOR,2026-09-03_1729,2026-09-03
FLO,SHORT,CONVICTION,69.2,BEAR_REJECTION_PENDING,6.83,7.14,6.49,,328,1.12,6.449999809265137,6.698200225830078,6.329999923706055,12120229.0,-3.73,NO_FILL,0.0,HOSTILE,LIMIT,20,MINOR,2026-09-03_1729,2026-09-03
KVUE,SHORT,CONVICTION,69.1,BEAR_REJECTION_PENDING,19.49,19.96,16.88,18.07,214,5.59,18.950000762939453,19.165000915527344,18.84000015258789,18570030.0,-0.84,NO_FILL,0.0,HOSTILE,LIMIT,20,COMPRESSION,2026-09-03_1729,2026-09-03
C,SHORT,CONVICTION,69.1,BEAR_REJECTION_PENDING,137.51,139.2,115.8,121.95,58,12.8,138.13999938964844,138.5500030517578,134.8300018310547,12571820.0,2.47,CLOSED_LOSS,-0.37,HOSTILE,LIMIT,20,MINOR,2026-09-03_1729,2026-09-03
SLNH,SHORT,CONVICTION,69.1,BEAR_REJECTION_PENDING,1.1,1.13,1.0,1.03,3356,3.37,1.2000000476837158,1.2599999904632568,1.1100000143051147,13506780.0,10.09,STOPPED,-1.0,HOSTILE,LIMIT,15,COMPRESSION,2026-09-03_1729,2026-09-03
AMZU,SHORT,CONVICTION,69.1,BEAR_REJECTION_PENDING,37.4,42.02,35.53,,21,0.4,37.290000915527344,37.47999954223633,36.529998779296875,1488055.0,1.69,CLOSED,0.02,HOSTILE,LIMIT,20,COMPRESSION,2026-09-03_1729,2026-09-03
ARI,SHORT,CONVICTION,69.0,BEAR_REJECTION_PENDING,6.85,6.93,6.53,6.54,1183,3.79,6.880000114440918,6.900000095367432,6.801000118255615,1816952.0,1.07,CLOSED_LOSS,-0.38,HOSTILE,LIMIT,12,CONVICTION,2026-09-03_1729,2026-09-03
LYFT,SHORT,CONVICTION,69.0,BEAR_REJECTION_PENDING,17.7,18.42,16.02,16.02,138,2.33,17.280000686645508,17.979999542236328,17.19499969482422,8780960.0,-0.43,CLOSED,0.58,HOSTILE,LIMIT,10,COMPRESSION,2026-09-03_1729,2026-09-03
NRGV,SHORT,CONVICTION,69.0,BEAR_REJECTION_PENDING,3.65,3.82,3.24,3.27,597,2.46,3.7899999618530273,3.8299999237060547,3.424999952316284,3853784.0,5.87,STOPPED,-1.0,HOSTILE,LIMIT,15,COMPRESSION,2026-09-03_1729,2026-09-03
NVD,SHORT,CONVICTION,69.0,BEAR_REJECTION_PENDING,3.83,4.4,3.64,,174,0.33,3.6500000953674316,3.7850000858306885,3.5899999141693115,102064858.0,-2.8,NO_FILL,0.0,HOSTILE,LIMIT,20,COMPRESSION,2026-09-03_1729,2026-09-03
PLTZ,SHORT,CONVICTION,68.9,BEAR_REJECTION_PENDING,10.0,10.23,9.32,8.77,442,3.01,8.539999961853027,9.789999961853027,8.14009952545166,9866476.0,-13.48,NO_FILL,0.0,HOSTILE,LIMIT,20,MINOR,2026-09-03_1729,2026-09-03
FLY,SHORT,CONVICTION,68.8,BEAR_REJECTION_PENDING,21.81,22.39,20.7,19.5,172,1.91,21.059999465942383,21.649999618530273,20.700000762939453,1818162.0,-1.5,NO_FILL,0.0,HOSTILE,LIMIT,20,COMPRESSION,2026-09-03_1729,2026-09-03
QGEN,SHORT,CONVICTION,68.8,BEAR_REJECTION_PENDING,44.31,45.22,38.33,38.07,109,6.54,43.86000061035156,44.459999084472656,43.15999984741211,1517770.0,0.18,CLOSED,0.49,HOSTILE,LIMIT,20,COMPRESSION,2026-09-03_1729,2026-09-03
AXSM,SHORT,CONVICTION,68.8,BEAR_REJECTION_PENDING,212.01,214.74,199.71,203.11,36,4.51,208.35000610351562,210.58999633789062,206.60000610351562,558818.0,-0.75,NO_FILL,0.0,HOSTILE,LIMIT,20,CONVICTION,2026-09-03_1729,2026-09-03
KRMN,SHORT,CONVICTION,68.7,BEAR_REJECTION_PENDING,40.99,41.87,34.87,,114,6.99,40.52000045776367,41.599998474121094,40.0,2367720.0,-0.56,CLOSED,0.53,HOSTILE,LIMIT,20,COMPRESSION,2026-09-03_1729,2026-09-03
BTSG,SHORT,CONVICTION,68.7,BEAR_REJECTION_PENDING,60.54,61.22,55.0,53.29,147,8.19,61.43000030517578,61.474998474121094,58.97999954223633,2108332.0,1.87,STOPPED,-1.0,HOSTILE,LIMIT,17,MINOR,2026-09-03_1729,2026-09-03
BLMN,SHORT,CONVICTION,68.6,BEAR_REJECTION_PENDING,10.14,10.37,8.72,8.92,432,6.14,9.729999542236328,10.100000381469727,9.604299545288086,1563698.0,-2.21,NO_FILL,0.0,HOSTILE,LIMIT,17,COMPRESSION,2026-09-03_1729,2026-09-03
NU,SHORT,CONVICTION,68.6,BEAR_REJECTION_PENDING,15.73,16.6,13.74,13.63,115,2.29,15.680000305175781,15.84000015258789,15.34000015258789,81808352.0,1.69,CLOSED,0.06,HOSTILE,LIMIT,3,COMPRESSION,2026-09-03_1729,2026-09-03
INGM,SHORT,CONVICTION,68.6,BEAR_REJECTION_PENDING,28.24,30.55,24.66,,43,1.55,28.549999237060547,28.850000381469727,27.440000534057617,852605.0,3.11,CLOSED_LOSS,-0.13,HOSTILE,LIMIT,20,COMPRESSION,2026-09-03_1729,2026-09-03
BTTC,SHORT,CONVICTION,68.5,BEAR_REJECTION_PENDING,0.42,0.44,0.4,,6253,1.31,0.4300999939441681,0.4431999921798706,0.41499999165534973,118428.0,3.54,STOPPED,-1.0,HOSTILE,LIMIT,20,COMPRESSION,2026-09-03_1729,2026-09-03
ENS,SHORT,CONVICTION,68.5,BEAR_REJECTION_PENDING,183.68,190.71,169.14,163.52,14,2.07,179.99000549316406,183.48719787597656,177.1199951171875,431516.0,-0.05,NO_FILL,0.0,HOSTILE,LIMIT,20,CONVICTION,2026-09-03_1729,2026-09-03
FFAI,SHORT,CONVICTION,68.4,BEAR_REJECTION_PENDING,1.96,2.07,1.86,,899,0.88,1.7599999904632568,1.9601000547409058,1.75,1093072.0,-8.33,TARGET_HIT,1.5,HOSTILE,LIMIT,16,COMPRESSION,2026-09-03_1729,2026-09-03
OKLO,SHORT,CONVICTION,68.4,BEAR_REJECTION_PENDING,40.07,40.9,34.55,37.26,120,6.64,39.84000015258789,40.880001068115234,39.459999084472656,6930016.0,0.2,CLOSED,0.28,HOSTILE,LIMIT,20,COMPRESSION,2026-09-03_1729,2026-09-03
SUGP,SHORT,CONVICTION,68.4,BEAR_REJECTION_PENDING,0.65,0.79,0.62,,724,0.23,0.6597999930381775,0.6699000000953674,0.6208999752998352,397841.0,2.14,CLOSED_LOSS,-0.07,HOSTILE,LIMIT,20,MINOR,2026-09-03_1729,2026-09-03
UPC,SHORT,CONVICTION,68.4,BEAR_REJECTION_PENDING,4.42,4.69,4.2,,365,0.81,4.329999923706055,4.900000095367432,4.269999980926514,120996.0,-1.37,STOPPED,-1.0,HOSTILE,LIMIT,17,COMPRESSION,2026-09-03_1729,2026-09-03
BOIL,SHORT,CONVICTION,68.4,BEAR_REJECTION_PENDING,21.26,21.92,19.96,19.0,151,1.97,20.1200008392334,21.399999618530273,19.940000534057617,5911210.0,-5.0,TARGET_HIT,1.5,HOSTILE,LIMIT,12,COMPRESSION,2026-09-03_1729,2026-09-03
CGNX,SHORT,CONVICTION,68.3,BEAR_REJECTION_PENDING,60.05,61.71,56.08,55.7,60,2.4,60.790000915527344,60.93000030517578,58.58000183105469,1255710.0,1.73,CLOSED_LOSS,-0.45,HOSTILE,LIMIT,20,COMPRESSION,2026-09-03_1729,2026-09-03
EVH,SHORT,CONVICTION,68.2,BEAR_REJECTION_PENDING,4.31,4.53,3.7,3.7,458,2.82,4.260000228881836,4.28000020980835,4.065000057220459,1785237.0,0.71,NO_FILL,0.0,HOSTILE,LIMIT,20,COMPRESSION,2026-09-03_1729,2026-09-03
FRMI,SHORT,CONVICTION,68.2,BEAR_REJECTION_PENDING,4.87,4.99,4.54,4.53,800,2.66,4.860000133514404,4.909999847412109,4.717700004577637,10977918.0,0.93,CLOSED,0.08,HOSTILE,LIMIT,20,COMPRESSION,2026-09-03_1729,2026-09-03
DNLI,SHORT,CONVICTION,68.2,BEAR_REJECTION_PENDING,23.31,24.12,21.86,20.78,123,1.78,22.799999237060547,22.899999618530273,22.350000381469727,1727975.0,-0.22,NO_FILL,0.0,HOSTILE,LIMIT,20,COMPRESSION,2026-09-03_1729,2026-09-03
YPF,SHORT,CONVICTION,68.2,BEAR_REJECTION_PENDING,55.01,56.17,50.9,48.02,86,3.54,52.40999984741211,55.18989944458008,52.20000076293945,1083995.0,-3.39,CLOSED,1.5,HOSTILE,LIMIT,7,MINOR,2026-09-03_1729,2026-09-03
RPD,SHORT,CONVICTION,68.1,BEAR_REJECTION_PENDING,11.32,11.84,9.98,9.98,192,2.58,11.470000267028809,11.545000076293945,11.020000457763672,2042778.0,3.33,CLOSED_LOSS,-0.29,HOSTILE,LIMIT,20,COMPRESSION,2026-09-03_1729,2026-09-03
DBX,SHORT,CONVICTION,68.1,BEAR_REJECTION_PENDING,35.54,36.21,33.05,30.95,149,3.71,35.70000076293945,35.95000076293945,34.90999984741211,3401451.0,2.0,CLOSED_LOSS,-0.24,HOSTILE,LIMIT,16,COMPRESSION,2026-09-03_1729,2026-09-03
SOLS,SHORT,CONVICTION,68.1,BEAR_REJECTION_PENDING,62.73,63.71,53.09,53.56,102,9.87,61.369998931884766,62.33000183105469,60.345001220703125,2072949.0,-0.21,NO_FILL,0.0,HOSTILE,LIMIT,13,COMPRESSION,2026-09-03_1729,2026-09-03
ESTC,SHORT,CONVICTION,68.0,BEAR_REJECTION_PENDING,91.03,92.68,82.64,77.72,60,5.07,96.12999725341797,96.46499633789062,92.31999969482422,3877971.0,5.91,STOPPED,-1.0,HOSTILE,LIMIT,20,COMPRESSION,2026-09-03_1729,2026-09-03
TRNS,SHORT,CONVICTION,68.0,BEAR_REJECTION_PENDING,85.79,86.87,81.77,83.04,92,3.72,85.69499969482422,86.6500015258789,84.08999633789062,71790.0,0.16,CLOSED,0.09,HOSTILE,LIMIT,20,COMPRESSION,2026-09-03_1729,2026-09-03
BXC,SHORT,CONVICTION,68.0,BEAR_REJECTION_PENDING,76.16,77.31,74.19,71.6,86,1.71,77.27999877929688,77.67500305175781,74.75,162695.0,1.95,STOPPED,-1.0,HOSTILE,LIMIT,20,COMPRESSION,2026-09-03_1729,2026-09-03
NUTX,SHORT,CONVICTION,68.0,BEAR_REJECTION_PENDING,195.26,197.95,190.2,175.04,37,1.88,197.67999267578125,198.17999267578125,190.38999938964844,160573.0,1.37,STOPPED,-1.0,HOSTILE,LIMIT,13,MINOR,2026-09-03_1729,2026-09-03
STX,SHORT,CONVICTION,68.0,BEAR_REJECTION_PENDING,807.25,822.33,728.42,720.81,6,5.23,798.6099853515625,807.0349731445312,763.5499877929688,2966871.0,-1.04,NO_FILL,0.0,HOSTILE,LIMIT,20,CONVICTION,2026-09-03_1729,2026-09-03
FAST,SHORT,CONVICTION,68.0,BEAR_REJECTION_PENDING,48.07,48.35,45.13,44.22,356,10.48,49.22999954223633,49.28499984741211,47.83000183105469,6664424.0,2.63,STOPPED,-1.0,HOSTILE,LIMIT,20,COMPRESSION,2026-09-03_1729,2026-09-03
CVX,SHORT,CONVICTION,68.0,BEAR_REJECTION_PENDING,211.56,213.71,206.08,206.08,46,2.55,211.32000732421875,213.1999969482422,211.1699981689453,6666152.0,0.09,CLOSED,0.11,HOSTILE,LIMIT,8,MINOR,2026-09-03_1729,2026-09-03
CSGP,SHORT,CONVICTION,68.0,BEAR_REJECTION_PENDING,31.16,31.59,29.47,30.05,232,3.92,31.68000030517578,32.790000915527344,31.219999313354492,4540613.0,1.73,STOPPED,-1.0,HOSTILE,LIMIT,20,COMPRESSION,2026-09-03_1729,2026-09-03
BKNG,SHORT,CONVICTION,68.0,BEAR_REJECTION_PENDING,198.98,200.82,189.47,180.67,54,5.16,195.1300048828125,203.25,194.67999267578125,7375682.0,-1.93,STOPPED,-1.0,HOSTILE,LIMIT,20,CONVICTION,2026-09-03_1729,2026-09-03
AUR,SHORT,CONVICTION,68.0,BEAR_REJECTION_PENDING,5.85,5.97,5.15,5.58,865,6.06,6.320000171661377,6.360000133514404,5.909999847412109,55332703.0,8.22,STOPPED,-1.0,HOSTILE,LIMIT,20,COMPRESSION,2026-09-03_1729,2026-09-03
WYFI,SHORT,CONVICTION,68.0,BEAR_REJECTION_PENDING,17.45,18.13,15.57,15.9,147,2.76,18.780000686645508,18.989999771118164,17.079999923706055,2480732.0,7.93,STOPPED,-1.0,HOSTILE,LIMIT,16,COMPRESSION,2026-09-03_1729,2026-09-03
SNOW,SHORT,CONVICTION,68.0,BEAR_REJECTION_PENDING,378.44,382.25,328.0,326.5,26,13.25,356.4700012207031,384.54998779296875,355.5,21794631.0,-5.76,STOPPED,-1.0,HOSTILE,LIMIT,2,VACUUM,2026-09-03_1729,2026-09-03
HUMA,SHORT,CONVICTION,68.0,BEAR_REJECTION_PENDING,0.61,0.63,0.56,0.56,5175,2.61,0.5960000157356262,0.6098999977111816,0.5839999914169312,2881151.0,-0.46,NO_FILL,0.0,HOSTILE,LIMIT,20,COMPRESSION,2026-09-03_1729,2026-09-03
QS,SHORT,CONVICTION,68.0,BEAR_REJECTION_PENDING,5.55,5.63,5.38,,1204,2.05,5.449999809265137,5.630000114440918,5.410099983215332,10926686.0,-0.37,STOPPED,-1.0,HOSTILE,LIMIT,20,COMPRESSION,2026-09-03_1729,2026-09-03
MAT,SHORT,CONVICTION,68.0,BEAR_REJECTION_PENDING,14.81,15.35,13.47,13.47,186,2.5,14.300000190734863,14.744999885559082,14.220000267028809,4035499.0,-2.32,NO_FILL,0.0,HOSTILE,LIMIT,20,COMPRESSION,2026-09-03_1729,2026-09-03
TEAM,SHORT,CONVICTION,68.0,BEAR_REJECTION_PENDING,192.78,195.72,169.0,173.0,33,8.08,194.67999267578125,198.5998992919922,190.61000061035156,3354100.0,3.01,STOPPED,-1.0,HOSTILE,LIMIT,14,MINOR,2026-09-03_1729,2026-09-03
ULCC,SHORT,CONVICTION,68.0,BEAR_REJECTION_PENDING,5.69,5.8,5.14,5.14,918,5.05,5.739999771118164,5.800000190734863,5.579999923706055,1956699.0,2.09,STOPPED,-1.0,HOSTILE,LIMIT,20,COMPRESSION,2026-09-03_1729,2026-09-03
PLAY,SHORT,CONVICTION,68.0,BEAR_REJECTION_PENDING,9.1,9.29,8.73,8.68,537,1.99,8.670000076293945,9.390000343322754,8.550000190734863,1812853.0,-3.77,STOPPED,-1.0,HOSTILE,LIMIT,20,COMPRESSION,2026-09-03_1729,2026-09-03
AEVA,SHORT,CONVICTION,68.0,BEAR_REJECTION_PENDING,15.24,15.68,13.55,12.95,228,3.86,15.260000228881836,15.79990005493164,14.90999984741211,1706678.0,0.2,STOPPED,-1.0,HOSTILE,LIMIT,20,COMPRESSION,2026-09-03_1729,2026-09-03
AGL,SHORT,CONVICTION,68.0,BEAR_REJECTION_PENDING,87.36,89.06,83.86,83.54,59,2.07,86.4800033569336,89.75499725341797,84.91999816894531,153827.0,-0.95,STOPPED,-1.0,HOSTILE,LIMIT,20,COMPRESSION,2026-09-03_1729,2026-09-03
APTV,SHORT,CONVICTION,68.0,BEAR_REJECTION_PENDING,45.16,45.67,42.9,,197,4.45,46.529998779296875,46.59000015258789,44.900001525878906,3518542.0,3.17,STOPPED,-1.0,HOSTILE,LIMIT,20,COMPRESSION,2026-09-03_1729,2026-09-03
AR,SHORT,CONVICTION,68.0,BEAR_REJECTION_PENDING,40.84,42.65,34.27,35.39,55,3.63,39.689998626708984,40.200199127197266,39.41999816894531,2469858.0,-0.87,NO_FILL,0.0,HOSTILE,LIMIT,5,COMPRESSION,2026-09-03_1729,2026-09-03
BILL,SHORT,CONVICTION,68.0,BEAR_REJECTION_PENDING,49.03,50.15,46.11,44.78,89,2.61,50.86000061035156,50.88999938964844,49.33000183105469,2234846.0,4.01,STOPPED,-1.0,HOSTILE,LIMIT,18,COMPRESSION,2026-09-03_1729,2026-09-03
BWET,SHORT,CONVICTION,68.0,BEAR_REJECTION_PENDING,451.73,462.09,415.24,415.0,9,3.52,496.4100036621094,502.25,476.9949951171875,138787.0,9.91,STOPPED,-1.0,HOSTILE,LIMIT,20,VACUUM,2026-09-03_1729,2026-09-03
SNDU,SHORT,CONVICTION,68.0,BEAR_REJECTION_PENDING,21.46,22.47,19.7,18.55,99,1.74,21.799999237060547,22.378999710083008,20.549999237060547,4417267.0,1.87,CLOSED_LOSS,-0.34,HOSTILE,LIMIT,15,MINOR,2026-09-03_1729,2026-09-03
SPOT,SHORT,CONVICTION,68.0,BEAR_REJECTION_PENDING,560.5,566.73,522.0,532.41,16,6.18,560.1099853515625,576.0,558.0700073242188,1609333.0,0.06,STOPPED,-1.0,HOSTILE,LIMIT,8,CONVICTION,2026-09-03_1729,2026-09-03
IBP,SHORT,CONVICTION,68.0,BEAR_REJECTION_PENDING,236.66,239.38,212.95,228.45,36,8.73,237.6999969482422,243.1699981689453,235.88999938964844,210302.0,0.93,STOPPED,-1.0,HOSTILE,LIMIT,20,CONVICTION,2026-09-03_1729,2026-09-03
IRTC,SHORT,CONVICTION,68.0,BEAR_REJECTION_PENDING,122.89,124.65,110.81,113.83,57,6.89,123.43000030517578,124.70500183105469,120.77999877929688,430056.0,0.78,STOPPED,-1.0,HOSTILE,LIMIT,20,MINOR,2026-09-03_1729,2026-09-03
JMKE,SHORT,CONVICTION,68.0,BEAR_REJECTION_PENDING,20.65,20.97,19.62,,309,3.19,20.06999969482422,20.940000534057617,19.860000610351562,2808507.0,-2.67,CLOSED,1.5,HOSTILE,LIMIT,20,COMPRESSION,2026-09-03_1729,2026-09-03
VEEV,SHORT,CONVICTION,68.0,BEAR_REJECTION_PENDING,286.5,289.92,275.36,278.51,29,3.26,284.3800048828125,288.375,278.1300048828125,1505151.0,0.84,CLOSED,0.62,HOSTILE,LIMIT,20,CONVICTION,2026-09-03_1729,2026-09-03
VLO,SHORT,CONVICTION,68.0,BEAR_REJECTION_PENDING,366.4,369.27,359.96,358.92,34,2.25,370.69000244140625,375.1099853515625,362.54998779296875,2525484.0,1.5,STOPPED,-1.0,HOSTILE,LIMIT,14,VACUUM,2026-09-03_1729,2026-09-03
VIRT,SHORT,CONVICTION,68.0,BEAR_REJECTION_PENDING,63.94,67.84,55.52,53.53,25,2.16,64.19000244140625,65.03500366210938,63.29999923706055,1568398.0,2.39,CLOSED_LOSS,-0.06,HOSTILE,LIMIT,20,MINOR,2026-09-03_1729,2026-09-03
WETO,SHORT,CONVICTION,68.0,BEAR_REJECTION_PENDING,4.07,7.2,3.87,,31,0.07,3.2200000286102295,4.070000171661377,3.049999952316284,5571814.0,-20.5,TARGET_HIT,1.5,HOSTILE,LIMIT,2,MINOR,2026-09-03_1729,2026-09-03
TNON,SHORT,CONVICTION,68.0,BEAR_REJECTION_PENDING,4.32,4.87,4.1,,181,0.39,3.7699999809265137,4.450399875640869,3.6800999641418457,146783.0,-12.33,TARGET_HIT,1.5,HOSTILE,LIMIT,20,COMPRESSION,2026-09-03_1729,2026-09-03
VPG,SHORT,CONVICTION,68.0,BEAR_REJECTION_PENDING,62.11,63.4,53.43,55.61,77,6.74,62.7599983215332,63.0,59.369998931884766,339772.0,1.29,CLOSED_LOSS,-0.5,HOSTILE,LIMIT,20,CONVICTION,2026-09-03_1729,2026-09-03
RH,SHORT,CONVICTION,68.0,BEAR_REJECTION_PENDING,148.25,150.55,141.84,133.86,43,2.8,146.61000061035156,153.8258056640625,145.6199951171875,595902.0,-0.72,STOPPED,-1.0,HOSTILE,LIMIT,20,COMPRESSION,2026-09-03_1729,2026-09-03
NCTY,SHORT,CONVICTION,68.0,BEAR_REJECTION_PENDING,4.84,5.06,4.29,4.27,448,2.47,4.800000190734863,4.898600101470947,4.679999828338623,256007.0,-0.52,CLOSED,0.18,HOSTILE,LIMIT,16,COMPRESSION,2026-09-03_1729,2026-09-03
LNG,SHORT,CONVICTION,68.0,BEAR_REJECTION_PENDING,293.8,296.99,286.68,278.21,31,2.23,290.8500061035156,296.2200012207031,289.4599914550781,2449674.0,-0.73,CLOSED,0.92,HOSTILE,LIMIT,15,MINOR,2026-09-03_1729,2026-09-03
WSO,SHORT,CONVICTION,68.0,BEAR_REJECTION_PENDING,309.55,312.31,302.3,297.63,36,2.62,315.3800048828125,316.57501220703125,307.010009765625,378379.0,2.09,STOPPED,-1.0,HOSTILE,LIMIT,20,CONVICTION,2026-09-03_1729,2026-09-03
NMTC,SHORT,CONVICTION,68.0,BEAR_REJECTION_PENDING,1.63,1.73,1.55,,1034,0.84,1.659999966621399,1.7300000190734863,1.6201000213623047,29474.0,2.47,STOPPED,-1.0,HOSTILE,LIMIT,12,COMPRESSION,2026-09-03_1729,2026-09-03
BILI,SHORT,CONVICTION,68.0,BEAR_REJECTION_PENDING,15.38,15.63,14.61,,406,3.13,15.5,15.569999694824219,15.170000076293945,2696435.0,1.17,CLOSED_LOSS,-0.48,HOSTILE,LIMIT,20,COMPRESSION,2026-09-03_1729,2026-09-03
ORCX,SHORT,CONVICTION,67.9,BEAR_REJECTION_PENDING,21.71,22.49,19.47,19.47,127,2.86,23.719999313354492,24.49180030822754,21.68000030517578,1961360.0,9.41,STOPPED,-1.0,HOSTILE,LIMIT,20,COMPRESSION,2026-09-03_1729,2026-09-03
QTWO,SHORT,CONVICTION,67.9,BEAR_REJECTION_PENDING,64.46,65.42,61.54,55.9,104,3.06,64.08000183105469,66.30999755859375,63.63999938964844,463067.0,-0.03,STOPPED,-1.0,HOSTILE,LIMIT,20,COMPRESSION,2026-09-03_1729,2026-09-03
CYCU,SHORT,CONVICTION,67.9,BEAR_REJECTION_PENDING,3.15,3.38,2.99,,443,0.7,3.5899999141693115,3.759999990463257,3.130000114440918,804941.0,15.81,STOPPED,-1.0,HOSTILE,LIMIT,20,MINOR,2026-09-03_1729,2026-09-03
NUWE,SHORT,CONVICTION,67.7,BEAR_REJECTION_PENDING,0.74,0.77,0.7,,3159,1.17,0.7347000241279602,0.8100000023841858,0.7111999988555908,339913.0,-0.26,STOPPED,-1.0,HOSTILE,LIMIT,20,MINOR,2026-09-03_1729,2026-09-03
GENB,SHORT,CONVICTION,67.7,BEAR_REJECTION_PENDING,16.72,17.29,14.65,14.12,175,3.63,16.34000015258789,16.584999084472656,15.970000267028809,963945.0,-0.31,NO_FILL,0.0,HOSTILE,LIMIT,7,COMPRESSION,2026-09-03_1729,2026-09-03
ROAD,SHORT,CONVICTION,67.6,BEAR_REJECTION_PENDING,103.15,106.73,95.75,95.0,27,2.07,102.68000030517578,102.87999725341797,99.83000183105469,379116.0,1.53,NO_FILL,0.0,HOSTILE,LIMIT,20,CONVICTION,2026-09-03_1729,2026-09-03
SDRL,SHORT,CONVICTION,67.6,BEAR_REJECTION_PENDING,51.2,56.67,42.7,,18,1.56,50.06999969482422,50.97999954223633,49.68000030517578,578375.0,-0.26,NO_FILL,0.0,HOSTILE,LIMIT,11,COMPRESSION,2026-09-03_1729,2026-09-03
HELE,SHORT,CONVICTION,67.5,BEAR_REJECTION_PENDING,29.16,30.14,27.0,25.5,102,2.21,28.18000030517578,28.860000610351562,27.59000015258789,277436.0,-1.43,NO_FILL,0.0,HOSTILE,LIMIT,20,COMPRESSION,2026-09-03_1729,2026-09-03
WMG,SHORT,CONVICTION,67.5,BEAR_REJECTION_PENDING,28.85,29.51,26.56,25.38,152,3.49,29.549999237060547,29.670000076293945,28.780000686645508,2233767.0,3.68,STOPPED,-1.0,HOSTILE,LIMIT,12,COMPRESSION,2026-09-03_1729,2026-09-03
RRR,SHORT,CONVICTION,67.4,BEAR_REJECTION_PENDING,57.98,59.97,50.49,53.03,50,3.76,57.09000015258789,57.599998474121094,56.4900016784668,1097115.0,0.44,NO_FILL,0.0,HOSTILE,LIMIT,20,COMPRESSION,2026-09-03_1729,2026-09-03
Q,SHORT,CONVICTION,67.4,BEAR_REJECTION_PENDING,117.65,120.03,113.79,108.26,42,1.62,118.47000122070312,119.11499786376953,114.38999938964844,1537065.0,0.73,CLOSED_LOSS,-0.34,HOSTILE,LIMIT,20,COMPRESSION,2026-09-03_1729,2026-09-03
SQM,SHORT,CONVICTION,67.4,BEAR_REJECTION_PENDING,81.51,82.74,72.35,71.1,81,7.44,79.77999877929688,81.9000015258789,79.47000122070312,1012261.0,-1.87,CLOSED,1.41,HOSTILE,LIMIT,20,CONVICTION,2026-09-03_1729,2026-09-03
WSHP,SHORT,CONVICTION,67.4,BEAR_REJECTION_PENDING,5.1,5.28,4.6,4.6,545,2.73,5.190000057220459,5.400000095367432,5.03000020980835,59157.0,1.96,STOPPED,-1.0,HOSTILE,LIMIT,20,MINOR,2026-09-03_1729,2026-09-03
URA,SHORT,CONVICTION,67.3,BEAR_REJECTION_PENDING,45.71,46.31,41.66,43.73,166,6.72,45.70000076293945,45.970001220703125,45.189998626708984,2536872.0,1.99,CLOSED,0.02,HOSTILE,LIMIT,20,COMPRESSION,2026-09-03_1729,2026-09-03
CNK,SHORT,CONVICTION,67.3,BEAR_REJECTION_PENDING,35.89,37.59,31.39,31.39,59,2.66,34.9900016784668,35.84000015258789,34.83000183105469,1334480.0,-0.57,NO_FILL,0.0,HOSTILE,LIMIT,20,COMPRESSION,2026-09-03_1729,2026-09-03
BDC,SHORT,CONVICTION,67.2,BEAR_REJECTION_PENDING,116.42,117.83,103.6,111.76,71,9.14,118.91999816894531,119.58999633789062,114.94999694824219,447231.0,2.73,STOPPED,-1.0,HOSTILE,LIMIT,20,COMPRESSION,2026-09-03_1729,2026-09-03
DXST,SHORT,CONVICTION,67.1,BEAR_REJECTION_PENDING,2.55,2.61,2.33,2.33,1597,3.51,2.5899999141693115,2.615000009536743,2.569999933242798,17640.0,2.37,STOPPED,-1.0,HOSTILE,LIMIT,20,COMPRESSION,2026-09-03_1729,2026-09-03
SRRK,SHORT,CONVICTION,67.0,BEAR_REJECTION_PENDING,57.49,59.56,50.21,52.56,48,3.52,55.939998626708984,56.2400016784668,55.0,803385.0,-0.75,NO_FILL,0.0,HOSTILE,LIMIT,20,MINOR,2026-09-03_1729,2026-09-03
TOI,SHORT,CONVICTION,67.0,BEAR_REJECTION_PENDING,5.27,5.38,5.09,4.57,879,1.58,nan,nan,nan,nan,nan,NO_FILL,0.0,HOSTILE,LIMIT,16,COMPRESSION,2026-09-03_1729,2026-09-03
WMT,SHORT,CONVICTION,67.0,BEAR_REJECTION_PENDING,106.38,114.87,101.06,,11,0.63,108.41999816894531,109.3499984741211,106.0199966430664,25507867.0,2.24,CLOSED_LOSS,-0.24,HOSTILE,LIMIT,20,CONVICTION,2026-09-03_1729,2026-09-03
GERN,SHORT,CONVICTION,67.0,BEAR_REJECTION_PENDING,1.63,2.38,1.55,,133,0.11,1.5099999904632568,1.600000023841858,1.4800000190734863,14233561.0,-5.63,NO_FILL,0.0,HOSTILE,LIMIT,3,COMPRESSION,2026-09-03_1729,2026-09-03
MTZ,SHORT,CONVICTION,67.0,BEAR_REJECTION_PENDING,237.9,241.82,229.0,207.13,25,2.27,232.27999877929688,238.7100067138672,230.27000427246094,1401596.0,-1.36,CLOSED,1.43,HOSTILE,LIMIT,20,CONVICTION,2026-09-03_1729,2026-09-03
POST,SHORT,CONVICTION,67.0,BEAR_REJECTION_PENDING,85.44,90.68,77.58,,19,1.5,84.26000213623047,85.11000061035156,83.48999786376953,652665.0,-0.07,NO_FILL,0.0,HOSTILE,LIMIT,20,CONVICTION,2026-09-03_1729,2026-09-03
RUM,SHORT,CONVICTION,67.0,BEAR_REJECTION_PENDING,8.8,9.02,8.13,7.98,444,2.98,9.039999961853027,9.069999694824219,8.675000190734863,2289936.0,3.13,STOPPED,-1.0,HOSTILE,LIMIT,18,COMPRESSION,2026-09-03_1729,2026-09-03
BNS,SHORT,CONVICTION,67.0,BEAR_REJECTION_PENDING,93.52,94.92,84.87,81.0,71,6.17,94.91999816894531,95.33999633789062,93.79000091552734,1422236.0,2.06,STOPPED,-1.0,HOSTILE,LIMIT,15,MINOR,2026-09-03_1729,2026-09-03
SLGB,SHORT,CONVICTION,66.9,BEAR_REJECTION_PENDING,0.42,0.43,0.4,,7554,1.59,0.4300000071525574,0.4490000009536743,0.42010000348091125,170661.0,4.09,STOPPED,-1.0,HOSTILE,LIMIT,20,MINOR,2026-09-03_1729,2026-09-03
AUUD,SHORT,CONVICTION,66.9,BEAR_REJECTION_PENDING,1.0,1.03,0.87,0.87,3936,4.96,1.0,1.059999942779541,1.0,367383.0,0.02,STOPPED,-1.0,HOSTILE,LIMIT,20,MINOR,2026-09-03_1729,2026-09-03
MAZE,SHORT,CONVICTION,66.8,BEAR_REJECTION_PENDING,26.32,26.72,25.69,25.1,252,1.59,25.8700008392334,26.959999084472656,25.700000762939453,477427.0,-1.22,STOPPED,-1.0,HOSTILE,LIMIT,20,COMPRESSION,2026-09-03_1729,2026-09-03
QMCO,SHORT,CONVICTION,66.8,BEAR_REJECTION_PENDING,23.36,24.95,20.1,,62,2.04,24.299999237060547,24.3700008392334,21.719999313354492,794797.0,6.11,CLOSED_LOSS,-0.59,HOSTILE,LIMIT,20,COMPRESSION,2026-09-03_1729,2026-09-03
DASH,SHORT,CONVICTION,66.8,BEAR_REJECTION_PENDING,229.3,231.51,200.45,204.21,45,13.03,222.0,232.0,221.61000061035156,3296221.0,-2.41,STOPPED,-1.0,HOSTILE,LIMIT,20,CONVICTION,2026-09-03_1729,2026-09-03
CXW,SHORT,CONVICTION,66.7,BEAR_REJECTION_PENDING,33.26,33.98,28.23,29.43,139,7.02,33.65999984741211,34.150001525878906,32.279998779296875,1690928.0,3.22,STOPPED,-1.0,HOSTILE,LIMIT,20,COMPRESSION,2026-09-03_1729,2026-09-03
NOW,SHORT,CONVICTION,66.7,BEAR_REJECTION_PENDING,144.39,148.13,130.48,121.67,26,3.72,145.58999633789062,146.97999572753906,140.8699951171875,18151068.0,2.85,CLOSED_LOSS,-0.32,HOSTILE,LIMIT,20,COMPRESSION,2026-09-03_1729,2026-09-03
CART,SHORT,CONVICTION,66.7,BEAR_REJECTION_PENDING,51.56,52.03,44.87,50.0,214,14.37,51.720001220703125,52.66999816894531,51.0,2818902.0,0.7,STOPPED,-1.0,HOSTILE,LIMIT,2,MINOR,2026-09-03_1729,2026-09-03
QRVO,SHORT,CONVICTION,66.7,BEAR_REJECTION_PENDING,102.69,109.54,86.83,86.06,14,2.32,100.37999725341797,101.52799987792969,99.25499725341797,1076634.0,-0.3,NO_FILL,0.0,HOSTILE,LIMIT,11,COMPRESSION,2026-09-03_1729,2026-09-03
INTU,SHORT,CONVICTION,66.6,BEAR_REJECTION_PENDING,348.62,353.19,324.35,304.96,21,5.31,344.29998779296875,363.70001220703125,340.82000732421875,3695373.0,-0.76,STOPPED,-1.0,HOSTILE,LIMIT,20,CONVICTION,2026-09-03_1729,2026-09-03
CDE,SHORT,CONVICTION,66.6,BEAR_REJECTION_PENDING,22.43,23.31,19.3,19.61,114,3.57,21.649999618530273,22.155000686645508,21.204999923706055,26028276.0,-1.55,NO_FILL,0.0,HOSTILE,LIMIT,8,COMPRESSION,2026-09-03_1729,2026-09-03
POET,SHORT,CONVICTION,66.5,BEAR_REJECTION_PENDING,7.47,7.67,7.13,6.53,504,1.69,7.329999923706055,7.400000095367432,7.09499979019165,6141275.0,-1.35,NO_FILL,0.0,HOSTILE,LIMIT,20,COMPRESSION,2026-09-03_1729,2026-09-03
EW,SHORT,CONVICTION,66.4,BEAR_REJECTION_PENDING,92.64,93.88,86.89,84.79,80,4.62,89.77999877929688,91.51000213623047,89.33000183105469,1844031.0,-1.15,NO_FILL,0.0,HOSTILE,LIMIT,20,COMPRESSION,2026-09-03_1729,2026-09-03
HUM,SHORT,CONVICTION,66.4,BEAR_REJECTION_PENDING,408.99,413.98,395.67,387.68,20,2.67,406.5199890136719,413.4949951171875,397.8699951171875,769531.0,1.38,CLOSED,0.49,HOSTILE,LIMIT,17,MINOR,2026-09-03_1729,2026-09-03
TRI,SHORT,CONVICTION,66.3,BEAR_REJECTION_PENDING,107.99,113.84,91.36,91.36,17,2.84,111.76000213623047,112.68000030517578,107.69999694824219,1817152.0,5.56,CLOSED_LOSS,-0.64,HOSTILE,LIMIT,12,COMPRESSION,2026-09-03_1729,2026-09-03
CRVS,SHORT,CONVICTION,66.2,BEAR_REJECTION_PENDING,14.27,14.47,13.51,12.46,492,3.75,14.649999618530273,14.71500015258789,14.0,938426.0,2.95,STOPPED,-1.0,HOSTILE,LIMIT,20,MINOR,2026-09-03_1729,2026-09-03
RIOT,SHORT,CONVICTION,66.2,BEAR_REJECTION_PENDING,18.83,19.28,17.53,17.65,221,2.87,21.139999389648438,21.204999923706055,18.479999542236328,23375838.0,12.63,STOPPED,-1.0,HOSTILE,LIMIT,20,COMPRESSION,2026-09-03_1729,2026-09-03
IMAX,SHORT,CONVICTION,66.2,BEAR_REJECTION_PENDING,51.81,53.02,48.49,43.71,82,2.75,51.91999816894531,52.7599983215332,51.529998779296875,699842.0,2.21,CLOSED_LOSS,-0.09,HOSTILE,LIMIT,20,MINOR,2026-09-03_1729,2026-09-03
GEV,SHORT,CONVICTION,66.2,BEAR_REJECTION_PENDING,929.78,941.98,817.5,880.2,8,9.2,941.8400268554688,948.2750244140625,908.0599975585938,1762235.0,1.49,STOPPED,-1.0,HOSTILE,LIMIT,20,CONVICTION,2026-09-03_1729,2026-09-03
DOO,SHORT,CONVICTION,66.1,BEAR_REJECTION_PENDING,63.51,64.22,56.0,59.04,141,10.63,64.22000122070312,65.875,60.525001525878906,1168232.0,1.34,STOPPED,-1.0,HOSTILE,LIMIT,11,MINOR,2026-09-03_1729,2026-09-03
RKLB,SHORT,CONVICTION,66.0,BEAR_REJECTION_PENDING,65.71,72.93,62.42,,13,0.45,63.810001373291016,64.9000015258789,62.36000061035156,18818827.0,-0.95,NO_FILL,0.0,HOSTILE,LIMIT,20,CONVICTION,2026-09-03_1729,2026-09-03
META,SHORT,CONVICTION,66.0,BEAR_REJECTION_PENDING,608.41,630.31,550.2,520.27,4,2.66,610.6799926757812,619.4400024414062,604.3499755859375,19692164.0,1.85,CLOSED_LOSS,-0.1,HOSTILE,LIMIT,20,CONVICTION,2026-09-03_1729,2026-09-03
HUBG,SHORT,CONVICTION,66.0,BEAR_REJECTION_PENDING,36.54,38.69,33.13,,46,1.58,36.540000915527344,36.79999923706055,35.44499969482422,1125332.0,2.01,CLOSED_LOSS,-0.0,HOSTILE,LIMIT,20,COMPRESSION,2026-09-03_1729,2026-09-03
KSPI,SHORT,CONVICTION,66.0,BEAR_REJECTION_PENDING,108.22,109.54,99.18,91.45,75,6.82,107.80999755859375,108.23989868164062,106.0999984741211,385228.0,0.78,CLOSED,0.31,HOSTILE,LIMIT,18,CONVICTION,2026-09-03_1729,2026-09-03
CORD,SHORT,CONVICTION,66.0,BEAR_REJECTION_PENDING,3.85,4.21,3.66,,277,0.53,3.4800000190734863,4.005000114440918,3.4600000381469727,5419938.0,-9.14,TARGET_HIT,1.5,HOSTILE,LIMIT,20,COMPRESSION,2026-09-03_1729,2026-09-03
CHDN,SHORT,CONVICTION,66.0,BEAR_REJECTION_PENDING,89.31,90.35,87.23,85.79,96,2.0,90.27999877929688,91.44989776611328,89.11000061035156,824629.0,1.23,STOPPED,-1.0,HOSTILE,LIMIT,20,COMPRESSION,2026-09-03_1729,2026-09-03
CNX,SHORT,CONVICTION,66.0,BEAR_REJECTION_PENDING,38.33,40.09,32.74,32.37,56,3.18,37.77000045776367,38.16999816894531,37.6150016784668,1299071.0,0.51,NO_FILL,0.0,HOSTILE,LIMIT,6,COMPRESSION,2026-09-03_1729,2026-09-03
PURR,SHORT,CONVICTION,65.9,BEAR_REJECTION_PENDING,11.69,12.25,10.52,9.95,179,2.1,12.770000457763672,12.929900169372559,11.539999961853027,36205460.0,11.43,STOPPED,-1.0,HOSTILE,LIMIT,3,COMPRESSION,2026-09-03_1729,2026-09-03
AXGN,SHORT,CONVICTION,65.9,BEAR_REJECTION_PENDING,49.57,52.75,42.78,41.61,31,2.14,47.099998474121094,49.060001373291016,46.790000915527344,951249.0,-3.09,NO_FILL,0.0,HOSTILE,LIMIT,20,COMPRESSION,2026-09-03_1729,2026-09-03
EXK,SHORT,CONVICTION,65.9,BEAR_REJECTION_PENDING,11.61,12.33,10.35,9.87,139,1.75,11.470000267028809,11.64900016784668,11.119999885559082,9872163.0,0.79,CLOSED,0.19,HOSTILE,LIMIT,8,COMPRESSION,2026-09-03_1729,2026-09-03
SMTC,SHORT,CONVICTION,65.9,BEAR_REJECTION_PENDING,135.95,145.1,114.61,114.22,10,2.33,135.39999389648438,135.8300018310547,126.75,1840680.0,1.59,NO_FILL,0.0,HOSTILE,LIMIT,20,COMPRESSION,2026-09-03_1729,2026-09-03
MRVI,SHORT,CONVICTION,65.9,BEAR_REJECTION_PENDING,7.51,7.7,6.72,6.8,534,4.24,7.369999885559082,7.454999923706055,7.211999893188477,2907883.0,-1.73,NO_FILL,0.0,HOSTILE,LIMIT,20,COMPRESSION,2026-09-03_1729,2026-09-03
MAIN,SHORT,CONVICTION,65.8,BEAR_REJECTION_PENDING,57.99,58.71,54.81,52.48,138,4.4,58.06999969482422,58.7515983581543,57.22999954223633,561671.0,0.15,STOPPED,-1.0,HOSTILE,LIMIT,20,COMPRESSION,2026-09-03_1729,2026-09-03
AMDL,SHORT,CONVICTION,65.8,BEAR_REJECTION_PENDING,46.32,47.81,42.77,,66,2.38,45.560001373291016,46.24079895019531,42.45009994506836,1576792.0,-0.98,NO_FILL,0.0,HOSTILE,LIMIT,20,MINOR,2026-09-03_1729,2026-09-03
T,SHORT,CONVICTION,65.7,BEAR_REJECTION_PENDING,26.52,26.97,25.46,25.2,217,2.3,26.190000534057617,26.229999542236328,25.799999237060547,32838717.0,0.73,NO_FILL,0.0,HOSTILE,LIMIT,20,COMPRESSION,2026-09-03_1729,2026-09-03
COHR,SHORT,CONVICTION,65.6,BEAR_REJECTION_PENDING,272.03,279.22,256.8,255.57,13,2.12,264.4100036621094,268.6499938964844,255.3800048828125,4210869.0,-1.85,NO_FILL,0.0,HOSTILE,LIMIT,20,CONVICTION,2026-09-03_1729,2026-09-03
HAO,SHORT,CONVICTION,65.6,BEAR_REJECTION_PENDING,3.36,3.59,2.94,,432,1.81,3.369999885559082,3.4000000953674316,3.0701000690460205,131559.0,2.43,CLOSED_LOSS,-0.04,HOSTILE,LIMIT,20,MINOR,2026-09-03_1729,2026-09-03
ZLAB,SHORT,CONVICTION,65.6,BEAR_REJECTION_PENDING,27.01,28.16,22.77,22.79,86,3.69,27.0,27.135000228881836,26.350000381469727,585710.0,1.96,CLOSED,0.01,HOSTILE,LIMIT,20,COMPRESSION,2026-09-03_1729,2026-09-03
PLGO,SHORT,CONVICTION,65.6,BEAR_REJECTION_PENDING,25.29,25.67,24.26,23.99,264,2.73,25.559999465942383,25.8799991607666,25.09000015258789,340575.0,2.44,STOPPED,-1.0,HOSTILE,LIMIT,20,COMPRESSION,2026-09-03_1729,2026-09-03
SPCE,SHORT,CONVICTION,65.5,BEAR_REJECTION_PENDING,3.02,3.1,2.9,2.65,1326,1.59,2.9600000381469727,3.0799999237060547,2.9100000858306885,5283033.0,-0.21,CLOSED,0.75,HOSTILE,LIMIT,15,COMPRESSION,2026-09-03_1729,2026-09-03
AUGO,SHORT,CONVICTION,65.5,BEAR_REJECTION_PENDING,87.6,89.05,77.0,83.0,68,7.3,88.11000061035156,88.875,86.6500015258789,688393.0,1.78,CLOSED_LOSS,-0.35,HOSTILE,LIMIT,19,CONVICTION,2026-09-03_1729,2026-09-03
PGEN,SHORT,CONVICTION,65.4,BEAR_REJECTION_PENDING,7.11,7.23,6.91,6.56,845,1.69,7.139999866485596,7.139999866485596,6.980000019073486,2187333.0,1.71,CLOSED_LOSS,-0.25,HOSTILE,LIMIT,20,MINOR,2026-09-03_1729,2026-09-03
KHC,SHORT,CONVICTION,65.3,BEAR_REJECTION_PENDING,26.92,27.37,25.7,23.74,222,2.71,25.420000076293945,26.09000015258789,25.299999237060547,24216156.0,-3.67,NO_FILL,0.0,HOSTILE,LIMIT,11,COMPRESSION,2026-09-03_1729,2026-09-03
PATH,SHORT,CONVICTION,65.2,BEAR_REJECTION_PENDING,18.51,19.07,17.0,15.73,177,2.69,18.219999313354492,18.829999923706055,17.899999618530273,60306189.0,0.39,CLOSED,0.52,HOSTILE,LIMIT,5,COMPRESSION,2026-09-03_1729,2026-09-03
RDGT,SHORT,CONVICTION,65.2,BEAR_REJECTION_PENDING,0.94,0.97,0.81,0.86,3324,4.15,0.901199996471405,0.9700000286102295,0.8901000022888184,144899.0,-3.6,STOPPED,-1.0,HOSTILE,LIMIT,20,MINOR,2026-09-03_1729,2026-09-03
NICE,SHORT,CONVICTION,65.2,BEAR_REJECTION_PENDING,109.12,115.57,97.76,92.47,15,1.76,108.30999755859375,111.1500015258789,107.58000183105469,383070.0,1.24,CLOSED,0.13,HOSTILE,LIMIT,19,MINOR,2026-09-03_1729,2026-09-03
EZPW,SHORT,CONVICTION,65.2,BEAR_REJECTION_PENDING,32.7,33.19,29.52,29.14,204,6.51,33.29999923706055,33.5099983215332,32.61000061035156,763905.0,2.46,STOPPED,-1.0,HOSTILE,LIMIT,20,COMPRESSION,2026-09-03_1729,2026-09-03
FCFS,SHORT,CONVICTION,65.2,BEAR_REJECTION_PENDING,220.31,223.12,215.81,207.87,35,1.6,223.9199981689453,224.52999877929688,219.64500427246094,294354.0,1.74,STOPPED,-1.0,HOSTILE,LIMIT,20,COMPRESSION,2026-09-03_1729,2026-09-03
ZTS,SHORT,CONVICTION,65.2,BEAR_REJECTION_PENDING,77.0,77.73,74.63,73.75,137,3.26,76.29000091552734,78.0,74.73999786376953,3129059.0,-0.05,STOPPED,-1.0,HOSTILE,LIMIT,20,COMPRESSION,2026-09-03_1729,2026-09-03
RIG,SHORT,CONVICTION,65.1,BEAR_REJECTION_PENDING,6.29,6.51,5.95,5.36,449,1.53,6.019999980926514,6.271999835968018,6.010000228881836,43451538.0,-3.06,NO_FILL,0.0,HOSTILE,LIMIT,11,COMPRESSION,2026-09-03_1729,2026-09-03
ECG,SHORT,CONVICTION,65.1,BEAR_REJECTION_PENDING,112.8,114.61,97.94,97.94,55,8.18,115.05000305175781,116.80999755859375,111.61499786376953,565091.0,2.08,STOPPED,-1.0,HOSTILE,LIMIT,20,COMPRESSION,2026-09-03_1729,2026-09-03
VICR,SHORT,CONVICTION,65.1,BEAR_REJECTION_PENDING,183.1,188.62,171.92,159.83,18,2.03,178.75999450683594,183.8000030517578,172.60000610351562,519627.0,-1.56,CLOSED,0.79,HOSTILE,LIMIT,20,CONVICTION,2026-09-03_1729,2026-09-03
GLW,SHORT,CONVICTION,65.0,BEAR_REJECTION_PENDING,145.56,148.91,130.42,127.0,29,4.52,146.0,146.32000732421875,139.25120544433594,8643102.0,1.52,CLOSED_LOSS,-0.13,HOSTILE,LIMIT,20,COMPRESSION,2026-09-03_1729,2026-09-03
TOST,SHORT,CONVICTION,65.0,BEAR_REJECTION_PENDING,34.74,36.48,31.11,29.76,57,2.09,33.93000030517578,34.970001220703125,33.71500015258789,6653099.0,-0.38,CLOSED,0.47,HOSTILE,LIMIT,20,MINOR,2026-09-03_1729,2026-09-03
NUVB,SHORT,CONVICTION,65.0,BEAR_REJECTION_PENDING,7.07,8.08,6.72,,98,0.35,6.769999980926514,7.130099773406982,6.650000095367432,5265882.0,-2.31,TARGET_HIT,1.5,HOSTILE,LIMIT,17,COMPRESSION,2026-09-03_1729,2026-09-03
EFOR,SHORT,CONVICTION,64.9,BEAR_REJECTION_PENDING,31.5,32.11,29.11,29.11,163,3.9,31.829999923706055,32.769901275634766,30.93000030517578,1171425.0,3.08,STOPPED,-1.0,HOSTILE,LIMIT,20,COMPRESSION,2026-09-03_1729,2026-09-03
EOSE,SHORT,CONVICTION,64.9,BEAR_REJECTION_PENDING,3.69,3.83,3.42,3.3,719,1.98,3.5,3.7100000381469727,3.4600000381469727,23279373.0,-4.1,CLOSED,1.36,HOSTILE,LIMIT,20,COMPRESSION,2026-09-03_1729,2026-09-03
ORCU,SHORT,CONVICTION,64.9,BEAR_REJECTION_PENDING,7.93,8.18,7.04,6.87,397,3.52,8.510000228881836,8.779999732971191,7.789999961853027,5546624.0,9.52,STOPPED,-1.0,HOSTILE,LIMIT,20,COMPRESSION,2026-09-03_1729,2026-09-03
TBBB,SHORT,CONVICTION,64.9,BEAR_REJECTION_PENDING,50.34,51.17,45.75,45.74,120,5.54,49.68000030517578,50.489898681640625,49.31999969482422,269543.0,0.67,CLOSED,0.8,HOSTILE,LIMIT,15,COMPRESSION,2026-09-03_1729,2026-09-03
BSOL,SHORT,CONVICTION,64.9,BEAR_REJECTION_PENDING,13.98,14.17,13.18,13.18,533,4.27,14.460000038146973,14.545000076293945,13.880000114440918,4082867.0,4.59,STOPPED,-1.0,HOSTILE,LIMIT,20,COMPRESSION,2026-09-03_1729,2026-09-03
PLTD,SHORT,CONVICTION,64.8,BEAR_REJECTION_PENDING,5.34,5.4,5.15,5.01,1603,3.07,4.949999809265137,5.289999961853027,4.855000019073486,40637939.0,-6.76,NO_FILL,0.0,HOSTILE,LIMIT,20,COMPRESSION,2026-09-03_1729,2026-09-03
ZIM,SHORT,CONVICTION,64.8,BEAR_REJECTION_PENDING,28.0,28.29,23.99,26.42,343,13.79,27.59000015258789,28.038700103759766,27.56999969482422,694171.0,-1.04,CLOSED,1.41,HOSTILE,LIMIT,20,MINOR,2026-09-03_1729,2026-09-03
FHB,SHORT,CONVICTION,64.7,BEAR_REJECTION_PENDING,26.06,26.33,24.36,24.5,369,6.27,26.0,26.06999969482422,25.780000686645508,1641927.0,0.97,CLOSED,0.22,HOSTILE,LIMIT,20,COMPRESSION,2026-09-03_1729,2026-09-03
CRS,SHORT,CONVICTION,64.7,BEAR_REJECTION_PENDING,465.87,471.06,444.34,444.34,19,4.15,467.4800109863281,476.389892578125,459.92999267578125,490552.0,1.15,STOPPED,-1.0,HOSTILE,LIMIT,20,CONVICTION,2026-09-03_1729,2026-09-03
ALNY,SHORT,CONVICTION,64.7,BEAR_REJECTION_PENDING,272.08,289.27,242.4,233.25,5,1.73,264.5,271.1199951171875,261.5400085449219,1709070.0,-0.84,NO_FILL,0.0,HOSTILE,LIMIT,8,COMPRESSION,2026-09-03_1729,2026-09-03
SOLT,SHORT,CONVICTION,64.7,BEAR_REJECTION_PENDING,57.25,58.7,52.77,52.77,68,3.08,61.84000015258789,62.310001373291016,57.060001373291016,1087242.0,9.01,STOPPED,-1.0,HOSTILE,LIMIT,20,CONVICTION,2026-09-03_1729,2026-09-03
SPAL,SHORT,CONVICTION,64.6,BEAR_REJECTION_PENDING,15.39,15.78,14.46,14.4,254,2.38,17.170000076293945,17.709999084472656,15.289999961853027,2489475.0,12.59,STOPPED,-1.0,HOSTILE,LIMIT,20,MINOR,2026-09-03_1729,2026-09-03
DNN,SHORT,CONVICTION,64.5,BEAR_REJECTION_PENDING,3.29,3.37,3.04,2.94,1302,3.26,3.4100000858306885,3.4100000858306885,3.309999942779541,30706563.0,5.57,STOPPED,-1.0,HOSTILE,LIMIT,20,COMPRESSION,2026-09-03_1729,2026-09-03
AMN,SHORT,CONVICTION,64.4,BEAR_REJECTION_PENDING,34.01,34.45,32.1,32.1,226,4.33,33.40999984741211,33.880001068115234,32.029998779296875,607950.0,-1.07,NO_FILL,0.0,HOSTILE,LIMIT,20,COMPRESSION,2026-09-03_1729,2026-09-03
ALNT,SHORT,CONVICTION,64.4,BEAR_REJECTION_PENDING,90.51,93.18,80.19,76.3,37,3.88,90.20999908447266,90.80000305175781,86.76000213623047,177369.0,1.66,CLOSED,0.11,HOSTILE,LIMIT,20,COMPRESSION,2026-09-03_1729,2026-09-03
ESNT,SHORT,CONVICTION,64.4,BEAR_REJECTION_PENDING,69.02,69.94,66.21,58.81,108,3.06,69.62999725341797,70.06500244140625,69.16500091552734,626772.0,0.96,STOPPED,-1.0,HOSTILE,LIMIT,20,MINOR,2026-09-03_1729,2026-09-03
RAM,SHORT,CONVICTION,64.4,BEAR_REJECTION_PENDING,11.99,12.37,10.53,10.35,262,3.83,12.239999771118164,12.300000190734863,11.460000038146973,8508601.0,2.68,CLOSED_LOSS,-0.66,HOSTILE,LIMIT,20,COMPRESSION,2026-09-03_1729,2026-09-03
DAN,SHORT,CONVICTION,64.4,BEAR_REJECTION_PENDING,31.28,31.88,28.73,28.73,168,4.29,31.520000457763672,31.809999465942383,30.989999771118164,1504231.0,2.77,CLOSED_LOSS,-0.4,HOSTILE,LIMIT,18,CONVICTION,2026-09-03_1729,2026-09-03
OII,SHORT,CONVICTION,64.4,BEAR_REJECTION_PENDING,52.49,53.16,48.52,47.22,148,5.89,51.779998779296875,52.42250061035156,51.31999969482422,843769.0,0.29,NO_FILL,0.0,HOSTILE,LIMIT,20,COMPRESSION,2026-09-03_1729,2026-09-03
LMND,SHORT,CONVICTION,64.4,BEAR_REJECTION_PENDING,54.57,57.15,49.0,,38,2.16,55.08000183105469,56.01580047607422,54.16999816894531,919577.0,2.95,CLOSED_LOSS,-0.2,HOSTILE,LIMIT,12,MINOR,2026-09-03_1729,2026-09-03
CNM,SHORT,CONVICTION,64.4,BEAR_REJECTION_PENDING,44.65,48.24,42.41,,27,0.62,43.97999954223633,44.75,43.810001373291016,2115531.0,0.48,CLOSED,0.19,HOSTILE,LIMIT,20,COMPRESSION,2026-09-03_1729,2026-09-03
TWST,SHORT,CONVICTION,64.3,BEAR_REJECTION_PENDING,130.9,134.1,122.5,121.25,31,2.63,128.7100067138672,133.9499969482422,127.41999816894531,1065559.0,-0.99,CLOSED,0.68,HOSTILE,LIMIT,20,CONVICTION,2026-09-03_1729,2026-09-03
TGT,SHORT,CONVICTION,64.2,BEAR_REJECTION_PENDING,166.77,168.61,147.52,161.06,54,10.48,164.00999450683594,165.64999389648438,162.6999969482422,1986084.0,0.31,NO_FILL,0.0,HOSTILE,LIMIT,20,MINOR,2026-09-03_1729,2026-09-03
VIA,SHORT,CONVICTION,64.1,BEAR_REJECTION_PENDING,27.5,28.07,26.58,25.14,175,1.62,27.579999923706055,28.760000228881836,27.350000381469727,577162.0,0.33,STOPPED,-1.0,HOSTILE,LIMIT,18,COMPRESSION,2026-09-03_1729,2026-09-03
BRZE,SHORT,CONVICTION,64.1,BEAR_REJECTION_PENDING,33.8,34.25,31.89,31.9,222,4.26,33.25,34.54999923706055,32.959999084472656,2293935.0,-0.72,STOPPED,-1.0,HOSTILE,LIMIT,5,COMPRESSION,2026-09-03_1729,2026-09-03
LASR,SHORT,CONVICTION,64.1,BEAR_REJECTION_PENDING,40.32,41.16,36.28,35.5,118,4.79,41.470001220703125,41.720001220703125,39.099998474121094,1300606.0,3.83,STOPPED,-1.0,HOSTILE,LIMIT,20,COMPRESSION,2026-09-03_1729,2026-09-03
AMIX,SHORT,CONVICTION,64.1,BEAR_REJECTION_PENDING,4.51,4.78,4.28,,366,0.83,4.679999828338623,4.809999942779541,4.309999942779541,193197.0,4.0,STOPPED,-1.0,HOSTILE,LIMIT,20,MINOR,2026-09-03_1729,2026-09-03
ORKA,SHORT,CONVICTION,64.0,BEAR_REJECTION_PENDING,91.93,93.61,81.0,81.0,59,6.5,90.98999786376953,93.69000244140625,90.11849975585938,732596.0,-0.77,STOPPED,-1.0,HOSTILE,LIMIT,20,VACUUM,2026-09-03_1729,2026-09-03
SYRE,SHORT,CONVICTION,64.0,BEAR_REJECTION_PENDING,87.96,89.67,81.57,75.53,58,3.73,87.25,87.9000015258789,85.95999908447266,1054184.0,0.23,NO_FILL,0.0,HOSTILE,LIMIT,20,CONVICTION,2026-09-03_1729,2026-09-03
KMTS,SHORT,CONVICTION,64.0,BEAR_REJECTION_PENDING,25.88,26.63,23.19,24.05,132,3.58,25.139999389648438,26.139999389648438,24.81999969482422,200375.0,-2.29,CLOSED,0.99,HOSTILE,LIMIT,20,COMPRESSION,2026-09-03_1729,2026-09-03
CLSK,SHORT,CONVICTION,64.0,BEAR_REJECTION_PENDING,11.61,12.05,9.86,10.05,226,3.96,12.579999923706055,12.65999984741211,11.3100004196167,23474079.0,10.54,STOPPED,-1.0,HOSTILE,LIMIT,20,COMPRESSION,2026-09-03_1729,2026-09-03
XOM,SHORT,CONVICTION,64.0,BEAR_REJECTION_PENDING,163.74,165.08,154.5,140.92,74,6.89,162.2100067138672,165.63999938964844,162.08999633789062,13753278.0,-0.73,STOPPED,-1.0,HOSTILE,LIMIT,20,CONVICTION,2026-09-03_1729,2026-09-03
GOSS,SHORT,CONVICTION,64.0,BEAR_REJECTION_PENDING,0.18,0.19,0.15,0.15,11203,3.08,0.17560000717639923,0.17579999566078186,0.16349999606609344,5718876.0,1.09,NO_FILL,0.0,HOSTILE,LIMIT,17,MINOR,2026-09-03_1729,2026-09-03
PTGX,SHORT,CONVICTION,64.0,BEAR_REJECTION_PENDING,148.27,150.04,145.01,137.32,56,1.84,148.8000030517578,149.49000549316406,144.00010681152344,353885.0,1.86,TARGET_HIT,1.5,HOSTILE,LIMIT,20,MINOR,2026-09-03_1729,2026-09-03
FIX,SHORT,CONVICTION,64.0,BEAR_REJECTION_PENDING,1587.14,1611.35,1385.33,1510.0,4,8.33,1580.18994140625,1609.43994140625,1539.1099853515625,265763.0,1.28,CLOSED,0.29,HOSTILE,LIMIT,20,CONVICTION,2026-09-03_1729,2026-09-03
ROIV,SHORT,CONVICTION,64.0,BEAR_REJECTION_PENDING,34.3,35.35,31.64,30.17,95,2.54,34.40999984741211,34.43000030517578,33.66999816894531,6859185.0,0.67,CLOSED_LOSS,-0.1,HOSTILE,LIMIT,20,MINOR,2026-09-03_1729,2026-09-03
AU,SHORT,CONVICTION,64.0,BEAR_REJECTION_PENDING,109.82,111.34,98.77,103.48,65,7.27,111.66999816894531,112.08999633789062,109.6500015258789,2641085.0,2.43,STOPPED,-1.0,HOSTILE,LIMIT,20,CONVICTION,2026-09-03_1729,2026-09-03
VKTX,SHORT,CONVICTION,64.0,BEAR_REJECTION_PENDING,34.09,34.94,30.52,29.14,116,4.17,33.97999954223633,34.45000076293945,33.68000030517578,1394007.0,1.68,CLOSED,0.13,HOSTILE,LIMIT,20,COMPRESSION,2026-09-03_1729,2026-09-03
INBX,SHORT,CONVICTION,64.0,BEAR_REJECTION_PENDING,127.47,133.14,114.75,113.06,17,2.24,122.26000213623047,126.0,120.16999816894531,151713.0,-2.17,NO_FILL,0.0,HOSTILE,LIMIT,7,COMPRESSION,2026-09-03_1729,2026-09-03
WAY,SHORT,CONVICTION,64.0,BEAR_REJECTION_PENDING,26.15,27.12,24.23,22.93,102,1.97,26.079999923706055,26.415000915527344,25.450000762939453,1483231.0,1.4,CLOSED,0.07,HOSTILE,LIMIT,20,COMPRESSION,2026-09-03_1729,2026-09-03
MGA,SHORT,CONVICTION,64.0,BEAR_REJECTION_PENDING,65.8,66.83,58.57,56.63,96,7.0,67.08999633789062,67.72000122070312,66.34500122070312,1008414.0,2.52,STOPPED,-1.0,HOSTILE,LIMIT,20,COMPRESSION,2026-09-03_1729,2026-09-03
LUNR,SHORT,CONVICTION,63.9,BEAR_REJECTION_PENDING,15.37,16.36,13.71,13.15,101,1.68,14.699999809265137,15.140000343322754,14.329999923706055,6804985.0,-2.46,NO_FILL,0.0,HOSTILE,LIMIT,20,COMPRESSION,2026-09-03_1729,2026-09-03
RARE,SHORT,CONVICTION,63.9,BEAR_REJECTION_PENDING,14.76,15.17,14.02,,246,1.82,14.850000381469727,15.0,13.8100004196167,27069125.0,2.63,TARGET_HIT,1.5,HOSTILE,LIMIT,5,MINOR,2026-09-03_1729,2026-09-03
FSK,SHORT,CONVICTION,63.9,BEAR_REJECTION_PENDING,12.6,12.81,11.64,10.62,461,4.42,12.329999923706055,12.5649995803833,12.130000114440918,1340769.0,-0.16,NO_FILL,0.0,HOSTILE,LIMIT,17,COMPRESSION,2026-09-03_1729,2026-09-03
CRUS,SHORT,CONVICTION,63.9,BEAR_REJECTION_PENDING,114.16,115.88,104.07,109.3,58,5.88,113.12999725341797,114.27999877929688,111.66000366210938,889101.0,0.06,CLOSED,0.6,HOSTILE,LIMIT,20,COMPRESSION,2026-09-03_1729,2026-09-03
AYA,SHORT,CONVICTION,63.8,BEAR_REJECTION_PENDING,28.38,29.32,24.25,25.59,106,4.4,29.81999969482422,29.860000610351562,28.600000381469727,1572619.0,6.83,STOPPED,-1.0,HOSTILE,LIMIT,16,MINOR,2026-09-03_1729,2026-09-03
JBIO,SHORT,CONVICTION,63.8,BEAR_REJECTION_PENDING,21.41,21.8,19.93,19.28,256,3.79,19.850000381469727,21.264999389648438,19.760000228881836,1381778.0,-7.24,NO_FILL,0.0,HOSTILE,LIMIT,7,MINOR,2026-09-03_1729,2026-09-03
PPCB,SHORT,CONVICTION,63.8,BEAR_REJECTION_PENDING,1.06,1.19,1.01,,800,0.42,1.0199999809265137,1.035099983215332,0.9696999788284302,343291.0,-1.92,NO_FILL,0.0,HOSTILE,LIMIT,14,MINOR,2026-09-03_1729,2026-09-03
GCT,SHORT,CONVICTION,63.7,BEAR_REJECTION_PENDING,51.13,52.06,43.87,45.23,107,7.84,50.869998931884766,52.11759948730469,50.7400016784668,574714.0,1.48,STOPPED,-1.0,HOSTILE,LIMIT,17,MINOR,2026-09-03_1729,2026-09-03
YDDL,SHORT,CONVICTION,63.7,BEAR_REJECTION_PENDING,1.79,1.85,1.69,,1584,1.58,1.690000057220459,1.7899999618530273,1.6822999715805054,147439.0,-5.06,NO_FILL,0.0,HOSTILE,LIMIT,15,MINOR,2026-09-03_1729,2026-09-03
COIN,SHORT,CONVICTION,63.6,BEAR_REJECTION_PENDING,180.7,184.26,172.35,167.6,28,2.35,192.6999969482422,195.85000610351562,181.0,13702150.0,8.2,STOPPED,-1.0,HOSTILE,LIMIT,20,COMPRESSION,2026-09-03_1729,2026-09-03
WDAY,SHORT,CONVICTION,63.6,BEAR_REJECTION_PENDING,206.0,208.62,177.44,174.3,38,10.91,206.9199981689453,211.8300018310547,203.0399932861328,2981863.0,1.61,STOPPED,-1.0,HOSTILE,LIMIT,10,MINOR,2026-09-03_1729,2026-09-03
VNET,SHORT,CONVICTION,63.6,BEAR_REJECTION_PENDING,6.23,6.75,5.28,,191,1.83,6.150000095367432,6.295000076293945,5.914999961853027,2953662.0,0.65,CLOSED,0.15,HOSTILE,LIMIT,19,COMPRESSION,2026-09-03_1729,2026-09-03
TFC,SHORT,CONVICTION,63.5,BEAR_REJECTION_PENDING,52.0,52.97,49.89,48.98,102,2.17,51.61000061035156,51.709999084472656,50.79999923706055,4757460.0,1.24,NO_FILL,0.0,HOSTILE,LIMIT,20,MINOR,2026-09-03_1729,2026-09-03
OXY,SHORT,CONVICTION,63.5,BEAR_REJECTION_PENDING,61.0,61.61,56.62,54.09,164,7.22,60.61000061035156,61.33000183105469,60.5099983215332,5774450.0,-0.36,CLOSED,0.64,HOSTILE,LIMIT,14,COMPRESSION,2026-09-03_1729,2026-09-03
OWL,SHORT,CONVICTION,63.5,BEAR_REJECTION_PENDING,11.86,12.04,10.45,10.45,564,7.97,11.84000015258789,12.029999732971191,11.520000457763672,24066871.0,1.81,CLOSED,0.11,HOSTILE,LIMIT,20,COMPRESSION,2026-09-03_1729,2026-09-03
MRVL,SHORT,CONVICTION,63.4,BEAR_REJECTION_PENDING,210.39,215.17,178.38,180.96,20,6.7,208.8300018310547,212.77000427246094,201.1020965576172,18712337.0,1.03,CLOSED,0.33,HOSTILE,LIMIT,20,COMPRESSION,2026-09-03_1729,2026-09-03
SPT,SHORT,CONVICTION,63.3,BEAR_REJECTION_PENDING,11.38,11.66,10.83,10.1,353,1.93,11.369999885559082,11.829999923706055,11.090100288391113,1560824.0,0.26,STOPPED,-1.0,HOSTILE,LIMIT,9,COMPRESSION,2026-09-03_1729,2026-09-03
ACN,SHORT,CONVICTION,63.3,BEAR_REJECTION_PENDING,189.76,191.71,170.37,184.1,51,9.96,193.1199951171875,195.32000732421875,189.08999633789062,5420176.0,2.4,STOPPED,-1.0,HOSTILE,LIMIT,13,CONVICTION,2026-09-03_1729,2026-09-03
KDP,SHORT,CONVICTION,63.1,BEAR_REJECTION_PENDING,32.89,33.34,32.14,31.03,224,1.68,32.880001068115234,33.16910171508789,32.45000076293945,9758315.0,0.98,CLOSED,0.02,HOSTILE,LIMIT,20,COMPRESSION,2026-09-03_1729,2026-09-03
GDYN,SHORT,CONVICTION,63.0,BEAR_REJECTION_PENDING,8.14,8.33,7.2,6.96,522,4.91,8.199999809265137,8.199999809265137,7.885000228881836,937824.0,2.5,CLOSED_LOSS,-0.32,HOSTILE,LIMIT,4,COMPRESSION,2026-09-03_1729,2026-09-03
VGNT,SHORT,CONVICTION,63.0,BEAR_REJECTION_PENDING,47.75,50.25,40.02,,39,3.09,48.41999816894531,48.97999954223633,47.349998474121094,588426.0,3.44,CLOSED_LOSS,-0.27,HOSTILE,LIMIT,20,COMPRESSION,2026-09-03_1729,2026-09-03
INTR,SHORT,CONVICTION,63.0,BEAR_REJECTION_PENDING,5.98,6.2,5.45,5.25,447,2.36,5.800000190734863,6.070000171661377,5.724999904632568,4264379.0,-1.02,CLOSED,0.82,HOSTILE,LIMIT,10,COMPRESSION,2026-09-03_1729,2026-09-03
MIMI,SHORT,CONVICTION,63.0,BEAR_REJECTION_PENDING,0.77,0.88,0.73,,922,0.36,0.9567000269889832,1.190000057220459,0.8220999836921692,146842977.0,26.25,STOPPED,-1.0,HOSTILE,LIMIT,4,MINOR,2026-09-03_1729,2026-09-03
BUG,SHORT,CONVICTION,63.0,BEAR_REJECTION_PENDING,42.12,43.91,38.72,36.1,55,1.9,41.66999816894531,41.689998626708984,40.71500015258789,2181913.0,0.92,NO_FILL,0.0,HOSTILE,LIMIT,20,COMPRESSION,2026-09-03_1729,2026-09-03
EQH,SHORT,CONVICTION,63.0,BEAR_REJECTION_PENDING,52.55,54.5,46.08,47.0,51,3.32,53.540000915527344,53.55500030517578,51.775001525878906,2632904.0,3.92,CLOSED_LOSS,-0.51,HOSTILE,LIMIT,20,COMPRESSION,2026-09-03_1729,2026-09-03
ALTO,SHORT,CONVICTION,62.9,BEAR_REJECTION_PENDING,4.17,4.4,3.55,,437,2.7,4.03000020980835,4.150000095367432,4.010000228881836,1288752.0,-1.38,NO_FILL,0.0,HOSTILE,LIMIT,20,MINOR,2026-09-03_1729,2026-09-03
EGO,SHORT,CONVICTION,62.8,BEAR_REJECTION_PENDING,44.54,45.2,40.17,38.0,151,6.63,43.790000915527344,44.75749969482422,43.25,2913503.0,-1.35,CLOSED,1.14,HOSTILE,LIMIT,20,MINOR,2026-09-03_1729,2026-09-03
JEM,SHORT,CONVICTION,62.7,BEAR_REJECTION_PENDING,4.26,4.5,3.89,3.63,409,1.52,4.300000190734863,4.440000057220459,4.199999809265137,17608.0,1.18,CLOSED_LOSS,-0.17,HOSTILE,LIMIT,16,MINOR,2026-09-03_1729,2026-09-03
YQ,SHORT,CONVICTION,62.7,BEAR_REJECTION_PENDING,2.31,2.75,2.19,,222,0.26,2.7699999809265137,2.7899999618530273,2.265000104904175,2613125.0,22.57,STOPPED,-1.0,HOSTILE,LIMIT,1,MINOR,2026-09-03_1729,2026-09-03
GPRO,SHORT,CONVICTION,62.6,BEAR_REJECTION_PENDING,1.93,1.99,1.79,1.7,1503,2.08,1.3899999856948853,1.8200000524520874,1.3600000143051147,177080500.0,-26.47,NO_FILL,0.0,HOSTILE,LIMIT,4,COMPRESSION,2026-09-03_1729,2026-09-03
BAND,SHORT,CONVICTION,62.6,BEAR_REJECTION_PENDING,48.58,51.03,44.08,41.28,40,1.84,47.09000015258789,48.9900016784668,46.5099983215332,538704.0,-1.13,CLOSED,0.61,HOSTILE,LIMIT,20,COMPRESSION,2026-09-03_1729,2026-09-03
MIR,SHORT,CONVICTION,62.6,BEAR_REJECTION_PENDING,15.86,16.04,15.26,14.27,565,3.39,16.760000228881836,17.18000030517578,16.309999465942383,5538389.0,5.74,STOPPED,-1.0,HOSTILE,LIMIT,15,MINOR,2026-09-03_1729,2026-09-03
LGHL,SHORT,CONVICTION,62.5,BEAR_REJECTION_PENDING,0.43,0.47,0.41,,2596,0.55,0.43959999084472656,0.4422000050544739,0.4131999909877777,508009.0,3.34,CLOSED_LOSS,-0.24,HOSTILE,LIMIT,16,MINOR,2026-09-03_1729,2026-09-03
OLLI,SHORT,CONVICTION,62.5,BEAR_REJECTION_PENDING,75.79,81.58,67.08,,17,1.5,73.69000244140625,74.1449966430664,70.0199966430664,2607790.0,-0.82,NO_FILL,0.0,HOSTILE,LIMIT,18,COMPRESSION,2026-09-03_1729,2026-09-03
FANG,SHORT,CONVICTION,62.5,BEAR_REJECTION_PENDING,205.0,206.67,185.93,190.8,59,11.39,202.94000244140625,204.2449951171875,201.3249969482422,1735336.0,0.1,NO_FILL,0.0,HOSTILE,LIMIT,20,COMPRESSION,2026-09-03_1729,2026-09-03
DFTX,SHORT,CONVICTION,62.5,BEAR_REJECTION_PENDING,39.81,41.28,36.67,35.22,67,2.13,38.0,39.0,37.31999969482422,1529671.0,-2.64,NO_FILL,0.0,HOSTILE,LIMIT,20,COMPRESSION,2026-09-03_1729,2026-09-03
SMTK,SHORT,CONVICTION,62.3,BEAR_REJECTION_PENDING,2.63,2.92,2.5,,352,0.46,2.380000114440918,2.67930006980896,2.3403000831604004,421142.0,-7.75,TARGET_HIT,1.5,HOSTILE,LIMIT,3,MINOR,2026-09-03_1729,2026-09-03
USDE,SHORT,CONVICTION,62.3,BEAR_REJECTION_PENDING,7.8,8.53,7.41,,136,0.53,8.765000343322754,9.005000114440918,7.5106000900268555,6754913.0,14.58,STOPPED,-1.0,HOSTILE,LIMIT,12,COMPRESSION,2026-09-03_1729,2026-09-03
TYL,SHORT,CONVICTION,62.3,BEAR_REJECTION_PENDING,386.46,398.03,353.2,356.83,8,2.87,379.2699890136719,393.5299987792969,375.3900146484375,814278.0,0.1,CLOSED,0.62,HOSTILE,LIMIT,5,CONVICTION,2026-09-03_1729,2026-09-03
RLAY,SHORT,CONVICTION,62.2,BEAR_REJECTION_PENDING,18.93,19.5,16.14,17.58,176,4.93,19.010000228881836,19.100000381469727,18.34000015258789,2716629.0,2.42,CLOSED_LOSS,-0.14,HOSTILE,LIMIT,20,COMPRESSION,2026-09-03_1729,2026-09-03
RHI,SHORT,CONVICTION,62.2,BEAR_REJECTION_PENDING,43.76,45.54,38.53,37.03,56,2.94,43.0,44.0192985534668,42.400001525878906,1773845.0,0.23,CLOSED,0.43,HOSTILE,LIMIT,20,COMPRESSION,2026-09-03_1729,2026-09-03
LB,SHORT,CONVICTION,62.2,BEAR_REJECTION_PENDING,85.5,86.58,76.24,78.7,92,8.58,86.08999633789062,88.26000213623047,85.19999694824219,258411.0,0.8,STOPPED,-1.0,HOSTILE,LIMIT,20,COMPRESSION,2026-09-03_1729,2026-09-03
WK,SHORT,CONVICTION,62.1,BEAR_REJECTION_PENDING,75.83,76.73,68.57,64.53,111,8.08,78.58999633789062,79.4000015258789,76.88500213623047,841400.0,3.83,STOPPED,-1.0,HOSTILE,LIMIT,20,CONVICTION,2026-09-03_1729,2026-09-03
BEEM,SHORT,CONVICTION,62.0,BEAR_REJECTION_PENDING,1.4,1.46,1.22,1.22,1746,3.14,1.4199999570846558,1.4450000524520874,1.399999976158142,307912.0,2.35,CLOSED_LOSS,-0.33,HOSTILE,LIMIT,20,COMPRESSION,2026-09-03_1729,2026-09-03
BTCS,SHORT,CONVICTION,62.0,BEAR_REJECTION_PENDING,1.23,1.27,1.13,1.08,2730,2.73,1.5,1.5188000202178955,1.2999999523162842,3486242.0,22.95,STOPPED,-1.0,HOSTILE,LIMIT,20,COMPRESSION,2026-09-03_1729,2026-09-03
LGCL,SHORT,CONVICTION,62.0,BEAR_REJECTION_PENDING,4.12,9.38,3.91,,19,0.04,3.940000057220459,4.170000076293945,3.6600000858306885,155309.0,-3.91,TARGET_HIT,1.5,HOSTILE,LIMIT,20,COMPRESSION,2026-09-03_1729,2026-09-03
SURG,SHORT,CONVICTION,62.0,BEAR_REJECTION_PENDING,0.17,0.18,0.16,,8090,0.68,0.16500000655651093,0.17260000109672546,0.16269999742507935,2562400.0,0.36,CLOSED,0.5,HOSTILE,LIMIT,20,MINOR,2026-09-03_1729,2026-09-03
FDMT,SHORT,CONVICTION,62.0,CHANNEL_TOP_REJECT,14.91,15.95,14.4,14.67,95,0.49,14.699999809265137,14.9399995803833,14.274999618530273,781568.0,-1.39,TARGET_HIT,1.5,HOSTILE,LIMIT,14,MINOR,2026-09-03_1729,2026-09-03
TRAX,SHORT,CONVICTION,62.0,BEAR_REJECTION_PENDING,45.76,46.66,43.37,42.03,111,2.66,42.5099983215332,45.560001373291016,42.290000915527344,716768.0,-6.12,NO_FILL,0.0,HOSTILE,LIMIT,15,MINOR,2026-09-03_1729,2026-09-03
ASPN,SHORT,CONVICTION,62.0,BEAR_REJECTION_PENDING,4.9,4.97,4.34,4.69,1337,7.49,4.78000020980835,4.96750020980835,4.769999980926514,700416.0,-0.83,CLOSED,1.5,HOSTILE,LIMIT,20,COMPRESSION,2026-09-03_1729,2026-09-03
ICLR,SHORT,CONVICTION,62.0,BEAR_REJECTION_PENDING,162.51,164.45,158.65,147.79,51,1.99,163.5800018310547,164.35000610351562,159.5449981689453,594044.0,2.34,CLOSED_LOSS,-0.55,HOSTILE,LIMIT,20,COMPRESSION,2026-09-03_1729,2026-09-03
DRUG,SHORT,CONVICTION,62.0,BEAR_REJECTION_PENDING,71.81,72.92,67.83,61.31,90,3.6,68.0199966430664,71.97000122070312,67.25,131264.0,-4.73,TARGET_HIT,1.5,HOSTILE,LIMIT,20,MINOR,2026-09-03_1729,2026-09-03
YYGH,SHORT,CONVICTION,62.0,BEAR_REJECTION_PENDING,1.53,1.6,1.33,,1382,2.77,1.3849999904632568,1.4900000095367432,1.3799999952316284,284878.0,-8.88,NO_FILL,0.0,HOSTILE,LIMIT,5,MINOR,2026-09-03_1729,2026-09-03
RXT,SHORT,CONVICTION,62.0,BEAR_REJECTION_PENDING,3.03,3.11,2.89,,1225,1.72,3.2899999618530273,3.3350000381469727,3.0450000762939453,5668014.0,9.67,STOPPED,-1.0,HOSTILE,LIMIT,17,COMPRESSION,2026-09-03_1729,2026-09-03
QTEX,SHORT,CONVICTION,62.0,BEAR_REJECTION_PENDING,0.85,0.91,0.8,,1643,0.7,0.8184000253677368,0.8586999773979187,0.8100000023841858,949018.0,-1.4,CLOSED,0.53,HOSTILE,LIMIT,18,MINOR,2026-09-03_1729,2026-09-03
PMI,SHORT,CONVICTION,62.0,BEAR_REJECTION_PENDING,4.63,5.18,4.4,,181,0.42,4.489999771118164,4.599999904632568,4.100500106811523,303193.0,-2.81,NO_FILL,0.0,HOSTILE,LIMIT,20,MINOR,2026-09-03_1729,2026-09-03
OFAL,SHORT,CONVICTION,62.0,BEAR_REJECTION_PENDING,0.63,0.69,0.6,,1778,0.56,0.6786999702453613,0.6800000071525574,0.6449999809265137,220967.0,7.71,CLOSED_LOSS,-0.81,HOSTILE,LIMIT,6,MINOR,2026-09-03_1729,2026-09-03
ORBS,SHORT,CONVICTION,62.0,BEAR_REJECTION_PENDING,0.85,0.87,0.73,0.76,3711,4.49,0.9697999954223633,1.0299999713897705,0.8429999947547913,29660264.0,16.84,STOPPED,-1.0,HOSTILE,LIMIT,20,COMPRESSION,2026-09-03_1729,2026-09-03
OCGN,SHORT,CONVICTION,62.0,BEAR_REJECTION_PENDING,1.34,1.36,1.26,1.26,4909,3.92,1.350000023841858,1.350000023841858,1.2999999523162842,2411672.0,1.5,CLOSED_LOSS,-0.5,HOSTILE,LIMIT,19,MINOR,2026-09-03_1729,2026-09-03
HTZ,SHORT,CONVICTION,62.0,BEAR_REJECTION_PENDING,2.32,2.37,2.19,2.13,1980,2.54,2.2699999809265137,2.359999895095825,2.1649999618530273,13883510.0,-1.73,TARGET_HIT,1.5,HOSTILE,LIMIT,17,MINOR,2026-09-03_1729,2026-09-03
GOOGL,SHORT,CONVICTION,62.0,BEAR_REJECTION_PENDING,341.63,344.41,325.04,317.32,35,5.96,342.4800109863281,344.6600036621094,340.05999755859375,20685797.0,0.76,STOPPED,-1.0,HOSTILE,LIMIT,20,CONVICTION,2026-09-03_1729,2026-09-03
OI,SHORT,CONVICTION,62.0,BEAR_REJECTION_PENDING,7.21,7.39,6.82,6.38,565,2.21,7.03000020980835,7.210000038146973,6.880000114440918,2407212.0,-0.57,CLOSED,1.0,HOSTILE,LIMIT,20,COMPRESSION,2026-09-03_1729,2026-09-03
FNB,SHORT,CONVICTION,62.0,BEAR_REJECTION_PENDING,18.34,18.44,17.71,16.18,982,6.19,18.469999313354492,18.55500030517578,18.3700008392334,4480655.0,0.76,STOPPED,-1.0,HOSTILE,LIMIT,20,COMPRESSION,2026-09-03_1729,2026-09-03
HBAN,SHORT,CONVICTION,62.0,BEAR_REJECTION_PENDING,16.96,17.15,14.5,16.15,517,12.74,17.059999465942383,17.1299991607666,16.8700008392334,17764024.0,1.55,CLOSED_LOSS,-0.53,HOSTILE,LIMIT,20,COMPRESSION,2026-09-03_1729,2026-09-03
SRXH,SHORT,CONVICTION,62.0,BEAR_REJECTION_PENDING,1.57,1.61,1.44,1.42,2331,3.03,1.559999942779541,1.590000033378601,1.5,710555.0,-0.0,CLOSED,0.25,HOSTILE,LIMIT,20,MINOR,2026-09-03_1729,2026-09-03
LAC,SHORT,CONVICTION,62.0,BEAR_REJECTION_PENDING,3.0,3.05,2.89,2.8,2075,2.29,2.9700000286102295,3.0799999237060547,2.950000047683716,6971498.0,-1.0,STOPPED,-1.0,HOSTILE,LIMIT,20,COMPRESSION,2026-09-03_1729,2026-09-03
MVIS,SHORT,CONVICTION,62.0,BEAR_REJECTION_PENDING,1.69,1.77,1.61,,1179,1.0,1.659999966621399,1.690000057220459,1.590000033378601,871408.0,-1.19,TARGET_HIT,1.5,HOSTILE,LIMIT,20,MINOR,2026-09-03_1729,2026-09-03
SES,SHORT,CONVICTION,62.0,BEAR_REJECTION_PENDING,0.52,0.53,0.49,,9950,2.59,0.5067999958992004,0.5130000114440918,0.5,5949434.0,-1.3,NO_FILL,0.0,HOSTILE,LIMIT,20,COMPRESSION,2026-09-03_1729,2026-09-03
AEON,SHORT,CONVICTION,62.0,BEAR_REJECTION_PENDING,0.28,0.29,0.25,0.24,8481,1.98,0.2547000050544739,0.2685999870300293,0.2502000033855438,374053.0,-7.98,NO_FILL,0.0,HOSTILE,LIMIT,20,MINOR,2026-09-03_1729,2026-09-03
DFNS,SHORT,CONVICTION,62.0,BEAR_REJECTION_PENDING,9.26,10.33,8.8,,93,0.43,10.180000305175781,10.699899673461914,9.239999771118164,979986.0,10.41,STOPPED,-1.0,HOSTILE,LIMIT,17,MINOR,2026-09-03_1729,2026-09-03
ALC,SHORT,CONVICTION,62.0,BEAR_REJECTION_PENDING,73.58,75.73,70.2,64.93,46,1.57,72.08000183105469,73.20999908447266,71.19499969482422,919398.0,-0.21,NO_FILL,0.0,HOSTILE,LIMIT,20,CONVICTION,2026-09-03_1729,2026-09-03
TLRY,SHORT,CONVICTION,62.0,BEAR_REJECTION_PENDING,4.52,4.59,4.22,4.33,1429,4.29,4.53000020980835,4.65500020980835,4.440000057220459,3796245.0,0.22,STOPPED,-1.0,HOSTILE,LIMIT,20,COMPRESSION,2026-09-03_1729,2026-09-03
INHD,SHORT,CONVICTION,62.0,BEAR_REJECTION_PENDING,5.0,5.34,4.75,,295,0.74,4.860000133514404,4.960000038146973,4.420199871063232,99460.0,-1.82,NO_FILL,0.0,HOSTILE,LIMIT,20,MINOR,2026-09-03_1729,2026-09-03
OBAI,SHORT,CONVICTION,62.0,BEAR_REJECTION_PENDING,0.36,0.38,0.34,,5889,1.54,0.3409999907016754,0.3732999861240387,0.3328999876976013,718785.0,-4.96,TARGET_HIT,1.5,HOSTILE,LIMIT,9,MINOR,2026-09-03_1729,2026-09-03
WNW,SHORT,CONVICTION,62.0,BEAR_REJECTION_PENDING,2.45,2.52,2.33,,1387,1.7,2.390000104904175,2.440000057220459,2.359999895095825,57755.0,-2.05,NO_FILL,0.0,HOSTILE,LIMIT,20,COMPRESSION,2026-09-03_1729,2026-09-03
VLN,SHORT,CONVICTION,62.0,BEAR_REJECTION_PENDING,1.74,1.77,1.59,1.66,3370,5.35,1.6699999570846558,1.7300000190734863,1.6399999856948853,1025122.0,-4.02,NO_FILL,0.0,HOSTILE,LIMIT,20,MINOR,2026-09-03_1729,2026-09-03
PAVS,SHORT,CONVICTION,62.0,BEAR_REJECTION_PENDING,4.95,5.09,4.74,,729,1.53,4.960000038146973,5.0,4.880000114440918,12572.0,0.81,CLOSED_LOSS,-0.07,HOSTILE,LIMIT,16,MINOR,2026-09-03_1729,2026-09-03
VELO,SHORT,CONVICTION,62.0,BEAR_REJECTION_PENDING,11.62,11.93,9.99,10.0,323,5.27,11.579999923706055,12.130000114440918,11.529999732971191,783608.0,0.32,STOPPED,-1.0,HOSTILE,LIMIT,20,COMPRESSION,2026-09-03_1729,2026-09-03
DGXX,SHORT,CONVICTION,62.0,BEAR_REJECTION_PENDING,3.43,3.51,2.96,3.24,1218,5.73,3.7200000286102295,3.7899999618530273,3.4600000381469727,2237666.0,9.0,STOPPED,-1.0,HOSTILE,LIMIT,20,COMPRESSION,2026-09-03_1729,2026-09-03
CHAI,SHORT,CONVICTION,62.0,BEAR_REJECTION_PENDING,0.32,0.34,0.28,0.28,7309,2.73,0.30000001192092896,0.3433000147342682,0.30000001192092896,995412.0,-5.72,STOPPED,-1.0,HOSTILE,LIMIT,16,MINOR,2026-09-03_1729,2026-09-03
FRVO,SHORT,CONVICTION,62.0,BEAR_REJECTION_PENDING,18.5,19.03,16.47,17.16,187,3.81,17.15999984741211,18.479999542236328,16.899999618530273,8542351.0,-5.92,NO_FILL,0.0,HOSTILE,LIMIT,20,MINOR,2026-09-03_1729,2026-09-03
IRE,SHORT,CONVICTION,62.0,BEAR_REJECTION_PENDING,8.95,9.42,8.25,7.59,214,1.51,9.9399995803833,10.024999618530273,8.760100364685059,7911351.0,12.32,STOPPED,-1.0,HOSTILE,LIMIT,14,COMPRESSION,2026-09-03_1729,2026-09-03
NBIZ,SHORT,CONVICTION,62.0,BEAR_REJECTION_PENDING,7.65,7.9,7.12,6.53,394,2.09,7.110000133514404,8.150099754333496,7.045000076293945,5019481.0,-6.45,STOPPED,-1.0,HOSTILE,LIMIT,20,MINOR,2026-09-03_1729,2026-09-03
SNDQ,SHORT,CONVICTION,62.0,BEAR_REJECTION_PENDING,15.69,16.37,13.3,13.3,147,3.53,15.460000038146973,16.239999771118164,14.925000190734863,19920448.0,-1.15,CLOSED,0.34,HOSTILE,LIMIT,13,COMPRESSION,2026-09-03_1729,2026-09-03
SPCF,SHORT,CONVICTION,62.0,BEAR_REJECTION_PENDING,15.12,15.51,14.32,13.76,253,2.03,16.93000030517578,17.485000610351562,15.109999656677246,3730401.0,12.49,STOPPED,-1.0,HOSTILE,LIMIT,20,MINOR,2026-09-03_1729,2026-09-03
BIRK,SHORT,CONVICTION,62.0,BEAR_REJECTION_PENDING,33.91,34.35,32.21,,224,3.81,33.95000076293945,34.291900634765625,33.63999938964844,2028191.0,0.15,CLOSED_LOSS,-0.09,HOSTILE,LIMIT,20,COMPRESSION,2026-09-03_1729,2026-09-03
KVYO,SHORT,CONVICTION,62.0,BEAR_REJECTION_PENDING,19.75,20.05,18.27,18.84,337,4.99,19.760000228881836,20.655000686645508,19.510000228881836,4799740.0,1.07,STOPPED,-1.0,HOSTILE,LIMIT,20,VACUUM,2026-09-03_1729,2026-09-03
NET,SHORT,CONVICTION,62.0,BEAR_REJECTION_PENDING,278.31,283.07,239.29,259.18,21,8.2,284.510009765625,286.8500061035156,275.6600036621094,2970030.0,2.34,STOPPED,-1.0,HOSTILE,LIMIT,20,CONVICTION,2026-09-03_1729,2026-09-03
STKH,SHORT,CONVICTION,62.0,BEAR_REJECTION_PENDING,2.58,2.76,2.45,,543,0.7,2.4200000762939453,2.5199999809265137,2.3399999141693115,50999.0,-5.1,NO_FILL,0.0,HOSTILE,LIMIT,20,MINOR,2026-09-03_1729,2026-09-03
BCO,SHORT,CONVICTION,62.0,BEAR_REJECTION_PENDING,109.62,111.14,105.14,105.14,65,2.95,106.3499984741211,110.07499694824219,106.09500122070312,400387.0,-1.04,CLOSED,1.5,HOSTILE,LIMIT,20,COMPRESSION,2026-09-03_1729,2026-09-03
PLAG,SHORT,CONVICTION,62.0,BEAR_REJECTION_PENDING,0.6,0.63,0.55,0.52,3512,1.79,0.6449999809265137,0.6498000025749207,0.5799999833106995,13871095.0,7.34,STOPPED,-1.0,HOSTILE,LIMIT,20,MINOR,2026-09-03_1729,2026-09-03
SPCG,SHORT,CONVICTION,62.0,BEAR_REJECTION_PENDING,18.09,18.57,15.69,16.56,208,5.01,15.869999885559082,18.0,15.140000343322754,2357146.0,-12.22,NO_FILL,0.0,HOSTILE,LIMIT,20,COMPRESSION,2026-09-03_1729,2026-09-03
Z,SHORT,CONVICTION,62.0,BEAR_REJECTION_PENDING,34.8,35.27,33.72,33.56,214,2.31,35.34000015258789,36.540000915527344,34.439998626708984,2740757.0,2.43,STOPPED,-1.0,HOSTILE,LIMIT,20,COMPRESSION,2026-09-03_1729,2026-09-03
BRUN,SHORT,CONVICTION,62.0,BEAR_REJECTION_PENDING,16.31,16.97,15.49,,152,1.24,16.940000534057617,17.259899139404297,15.560400009155273,2256402.0,3.9,STOPPED,-1.0,HOSTILE,LIMIT,20,COMPRESSION,2026-09-03_1729,2026-09-03
SPSC,SHORT,CONVICTION,62.0,BEAR_REJECTION_PENDING,83.71,84.53,81.87,71.7,121,2.23,84.20999908447266,88.08200073242188,83.30999755859375,408447.0,1.68,STOPPED,-1.0,HOSTILE,LIMIT,20,COMPRESSION,2026-09-03_1729,2026-09-03
BL,SHORT,CONVICTION,62.0,BEAR_REJECTION_PENDING,32.15,32.69,30.34,28.75,185,3.35,33.22999954223633,33.93000030517578,32.790000915527344,1050836.0,5.43,STOPPED,-1.0,HOSTILE,LIMIT,20,COMPRESSION,2026-09-03_1729,2026-09-03
NNE,SHORT,CONVICTION,62.0,BEAR_REJECTION_PENDING,17.58,17.94,16.6,16.6,277,2.73,17.649999618530273,18.24410057067871,17.59000015258789,1278602.0,0.46,STOPPED,-1.0,HOSTILE,LIMIT,20,COMPRESSION,2026-09-03_1729,2026-09-03
YSS,SHORT,CONVICTION,62.0,BEAR_REJECTION_PENDING,8.79,9.03,8.35,,414,1.82,8.510000228881836,9.0,8.385000228881836,2678977.0,-3.08,CLOSED,1.17,HOSTILE,LIMIT,17,COMPRESSION,2026-09-03_1729,2026-09-03
DFSC,SHORT,CONVICTION,62.0,BEAR_REJECTION_PENDING,1.56,1.66,1.33,,1051,2.42,1.5700000524520874,1.6200000047683716,1.5199999809265137,75411.0,1.95,CLOSED_LOSS,-0.1,HOSTILE,LIMIT,17,MINOR,2026-09-03_1729,2026-09-03
GLWG,SHORT,CONVICTION,62.0,BEAR_REJECTION_PENDING,12.36,12.77,10.6,10.48,243,4.29,12.564000129699707,12.600000381469727,11.420000076293945,464368.0,2.9,CLOSED_LOSS,-0.5,HOSTILE,LIMIT,20,COMPRESSION,2026-09-03_1729,2026-09-03
SEI,SHORT,CONVICTION,62.0,BEAR_REJECTION_PENDING,54.33,59.09,46.11,,20,1.73,53.16999816894531,53.40999984741211,50.790000915527344,1729691.0,-0.18,NO_FILL,0.0,HOSTILE,LIMIT,20,COMPRESSION,2026-09-03_1729,2026-09-03
PFSA,SHORT,CONVICTION,62.0,BEAR_REJECTION_PENDING,2.67,3.93,2.54,,79,0.11,2.619999885559082,2.6600000858306885,2.490000009536743,145979.0,-0.76,NO_FILL,0.0,HOSTILE,LIMIT,20,COMPRESSION,2026-09-03_1729,2026-09-03
SXTC,SHORT,CONVICTION,62.0,BEAR_REJECTION_PENDING,2.33,2.53,2.21,,482,0.56,2.200000047683716,2.3499999046325684,2.1600000858306885,49231.0,-3.51,TARGET_HIT,1.5,HOSTILE,LIMIT,20,COMPRESSION,2026-09-03_1729,2026-09-03
ETHE,SHORT,CONVICTION,62.0,BEAR_REJECTION_PENDING,19.42,19.63,18.41,18.26,463,4.67,20.25,20.34000015258789,19.440000534057617,3530930.0,4.81,STOPPED,-1.0,HOSTILE,LIMIT,20,MINOR,2026-09-03_1729,2026-09-03
MSTU,SHORT,CONVICTION,62.0,BEAR_REJECTION_PENDING,28.66,29.81,24.3,25.0,86,3.78,37.650001525878906,37.720001220703125,29.87150001525879,8384808.0,32.06,STOPPED,-1.0,HOSTILE,LIMIT,12,COMPRESSION,2026-09-03_1729,2026-09-03
XOS,SHORT,CONVICTION,62.0,BEAR_REJECTION_PENDING,3.01,3.22,2.86,,476,0.72,2.9700000286102295,3.0499000549316406,2.9000000953674316,238701.0,-1.33,CLOSED,0.19,HOSTILE,LIMIT,20,MINOR,2026-09-03_1729,2026-09-03
SDOT,SHORT,CONVICTION,62.0,BEAR_REJECTION_PENDING,13.53,14.82,12.85,,77,0.52,13.479999542236328,13.625,12.800000190734863,107831.0,-0.37,TARGET_HIT,1.5,HOSTILE,LIMIT,20,MINOR,2026-09-03_1729,2026-09-03
UXRP,SHORT,CONVICTION,62.0,BEAR_REJECTION_PENDING,15.85,16.4,14.45,14.45,182,2.56,17.889999389648438,17.90999984741211,16.010000228881836,216963.0,14.17,STOPPED,-1.0,HOSTILE,LIMIT,20,COMPRESSION,2026-09-03_1729,2026-09-03
MAIR,SHORT,CONVICTION,62.0,BEAR_REJECTION_PENDING,25.87,26.43,24.96,,178,1.62,25.68000030517578,26.100000381469727,24.954999923706055,1676529.0,-0.04,TARGET_HIT,1.5,HOSTILE,LIMIT,20,MINOR,2026-09-03_1729,2026-09-03
TRUG,SHORT,CONVICTION,62.0,BEAR_REJECTION_PENDING,0.42,0.48,0.39,,1476,0.31,0.40209999680519104,0.40799999237060547,0.3856000006198883,529193.0,-2.19,NO_FILL,0.0,HOSTILE,LIMIT,12,MINOR,2026-09-03_1729,2026-09-03
AVGX,SHORT,CONVICTION,62.0,BEAR_REJECTION_PENDING,40.0,40.84,36.26,36.04,119,4.46,39.5099983215332,40.029998779296875,36.185001373291016,3418806.0,-0.88,TARGET_HIT,1.5,HOSTILE,LIMIT,20,CONVICTION,2026-09-03_1729,2026-09-03
AEMD,SHORT,CONVICTION,62.0,BEAR_REJECTION_PENDING,1.73,1.83,1.64,,1049,0.91,1.9299999475479126,2.059999942779541,1.6699999570846558,648172.0,12.21,STOPPED,-1.0,HOSTILE,LIMIT,20,MINOR,2026-09-03_1729,2026-09-03
QNRX,SHORT,CONVICTION,62.0,BEAR_REJECTION_PENDING,6.51,6.77,5.9,5.9,378,2.31,7.869999885559082,8.0,6.300000190734863,436386.0,21.26,STOPPED,-1.0,HOSTILE,LIMIT,20,MINOR,2026-09-03_1729,2026-09-03
GDXD,SHORT,CONVICTION,62.0,BEAR_REJECTION_PENDING,16.72,17.41,14.6,14.6,143,3.05,15.380000114440918,16.52239990234375,15.25,5356484.0,-7.01,NO_FILL,0.0,HOSTILE,LIMIT,20,COMPRESSION,2026-09-03_1729,2026-09-03
DUST,SHORT,CONVICTION,62.0,BEAR_REJECTION_PENDING,32.5,33.33,30.13,29.35,120,2.85,30.8799991607666,32.540000915527344,30.743900299072266,2411329.0,-4.84,CLOSED,1.5,HOSTILE,LIMIT,20,CONVICTION,2026-09-03_1729,2026-09-03
CAR,SHORT,CONVICTION,62.0,BEAR_REJECTION_PENDING,138.26,139.96,119.07,129.01,58,11.28,138.50999450683594,140.7449951171875,137.85000610351562,335562.0,0.3,STOPPED,-1.0,HOSTILE,LIMIT,20,MINOR,2026-09-03_1729,2026-09-03
FLYE,SHORT,CONVICTION,62.0,BEAR_REJECTION_PENDING,2.23,2.3,2.0,1.87,1414,3.31,2.2200000286102295,2.5499000549316406,2.0208001136779785,584445.0,1.37,STOPPED,-1.0,HOSTILE,LIMIT,20,COMPRESSION,2026-09-03_1729,2026-09-03
SYM,SHORT,CONVICTION,62.0,BEAR_REJECTION_PENDING,40.0,40.53,37.66,37.66,188,4.4,41.599998474121094,41.7400016784668,40.0,1343596.0,4.26,STOPPED,-1.0,HOSTILE,LIMIT,16,COMPRESSION,2026-09-03_1729,2026-09-03
SAIL,SHORT,CONVICTION,61.9,BEAR_REJECTION_PENDING,18.76,19.46,17.1,15.74,142,2.36,19.389999389648438,19.450000762939453,18.72760009765625,2361907.0,5.44,CLOSED_LOSS,-0.9,HOSTILE,LIMIT,20,COMPRESSION,2026-09-03_1729,2026-09-03
AMPL,SHORT,CONVICTION,61.9,BEAR_REJECTION_PENDING,13.61,14.17,11.47,12.16,177,3.79,13.550000190734863,13.970000267028809,13.449999809265137,1397259.0,1.57,CLOSED,0.11,HOSTILE,LIMIT,20,COMPRESSION,2026-09-03_1729,2026-09-03
CRM,SHORT,CONVICTION,61.9,BEAR_REJECTION_PENDING,264.71,268.09,230.05,241.5,29,10.24,264.42999267578125,268.2699890136719,261.6000061035156,16008316.0,1.77,STOPPED,-1.0,HOSTILE,LIMIT,11,CONVICTION,2026-09-03_1729,2026-09-03
ARE,SHORT,CONVICTION,61.9,BEAR_REJECTION_PENDING,54.06,57.93,46.0,,25,2.08,52.689998626708984,54.11000061035156,52.256500244140625,1430281.0,-0.58,CLOSED,0.35,HOSTILE,LIMIT,17,MINOR,2026-09-03_1729,2026-09-03
CHWY,SHORT,CONVICTION,61.8,BEAR_REJECTION_PENDING,24.83,26.15,21.4,21.4,75,2.59,23.959999084472656,25.3700008392334,23.809999465942383,6771474.0,-1.56,CLOSED,0.66,HOSTILE,LIMIT,10,COMPRESSION,2026-09-03_1729,2026-09-03
ARCT,SHORT,CONVICTION,61.8,BEAR_REJECTION_PENDING,16.72,17.22,14.76,15.43,201,3.95,15.5600004196167,16.989999771118164,15.34000015258789,848134.0,-6.77,CLOSED,1.5,HOSTILE,LIMIT,8,COMPRESSION,2026-09-03_1729,2026-09-03
DDD,SHORT,CONVICTION,61.7,BEAR_REJECTION_PENDING,3.47,3.66,3.18,,525,1.51,3.319999933242798,3.440000057220459,3.240000009536743,1856368.0,-2.35,NO_FILL,0.0,HOSTILE,LIMIT,14,COMPRESSION,2026-09-03_1729,2026-09-03
TGB,SHORT,CONVICTION,61.7,BEAR_REJECTION_PENDING,8.56,9.09,7.26,7.26,190,2.48,8.399999618530273,8.609999656677246,8.25,5740128.0,0.09,CLOSED,0.3,HOSTILE,LIMIT,20,COMPRESSION,2026-09-03_1729,2026-09-03
LPX,SHORT,CONVICTION,61.7,BEAR_REJECTION_PENDING,69.54,70.68,67.26,,87,2.0,67.7300033569336,70.37999725341797,66.82849884033203,895679.0,-0.85,TARGET_HIT,1.5,HOSTILE,LIMIT,20,COMPRESSION,2026-09-03_1729,2026-09-03
WERN,SHORT,CONVICTION,61.7,BEAR_REJECTION_PENDING,38.64,40.63,34.85,33.19,50,1.9,38.5,38.869998931884766,37.06999969482422,768513.0,1.64,CLOSED,0.07,HOSTILE,LIMIT,20,COMPRESSION,2026-09-03_1729,2026-09-03
GELS,SHORT,CONVICTION,61.7,BEAR_REJECTION_PENDING,0.9,0.99,0.85,,1030,0.46,0.8931999802589417,1.1200000047683716,0.7493000030517578,69535750.0,1.47,STOPPED,-1.0,HOSTILE,LIMIT,9,MINOR,2026-09-03_1729,2026-09-03
FIGS,SHORT,CONVICTION,61.6,BEAR_REJECTION_PENDING,15.3,16.16,13.31,13.2,116,2.31,15.199999809265137,15.289999961853027,15.0,1678561.0,1.33,NO_FILL,0.0,HOSTILE,LIMIT,18,MINOR,2026-09-03_1729,2026-09-03
CPRT,SHORT,CONVICTION,61.5,BEAR_REJECTION_PENDING,32.74,33.12,28.36,29.7,259,11.4,33.58000183105469,34.43000030517578,32.935001373291016,8395856.0,2.69,STOPPED,-1.0,HOSTILE,LIMIT,20,COMPRESSION,2026-09-03_1729,2026-09-03
STM,SHORT,CONVICTION,61.5,BEAR_REJECTION_PENDING,52.44,56.07,44.86,,27,2.09,51.279998779296875,51.375,49.959999084472656,5911005.0,-0.25,NO_FILL,0.0,HOSTILE,LIMIT,20,CONVICTION,2026-09-03_1729,2026-09-03
IMVT,SHORT,CONVICTION,61.4,BEAR_REJECTION_PENDING,40.28,41.45,36.43,34.02,85,3.29,39.119998931884766,39.47999954223633,38.63999938964844,1235427.0,-0.94,NO_FILL,0.0,HOSTILE,LIMIT,20,COMPRESSION,2026-09-03_1729,2026-09-03
MIAX,SHORT,CONVICTION,61.4,BEAR_REJECTION_PENDING,41.43,42.85,38.24,37.72,70,2.25,42.709999084472656,43.2400016784668,41.150001525878906,1956732.0,5.15,STOPPED,-1.0,HOSTILE,LIMIT,20,COMPRESSION,2026-09-03_1729,2026-09-03
TSLQ,SHORT,CONVICTION,61.4,BEAR_REJECTION_PENDING,19.5,19.98,18.31,17.24,209,2.49,17.600000381469727,18.760000228881836,16.760000228881836,12590695.0,-9.18,NO_FILL,0.0,HOSTILE,LIMIT,20,MINOR,2026-09-03_1729,2026-09-03
THC,SHORT,CONVICTION,61.3,BEAR_REJECTION_PENDING,262.61,265.0,238.48,256.12,41,10.09,263.489990234375,264.9100036621094,256.25,870331.0,1.97,CLOSED_LOSS,-0.37,HOSTILE,LIMIT,20,CONVICTION,2026-09-03_1729,2026-09-03
OPEN,SHORT,CONVICTION,61.2,BEAR_REJECTION_PENDING,3.18,3.32,3.02,,719,1.15,3.130000114440918,3.240000009536743,3.0999999046325684,21750864.0,0.34,CLOSED,0.36,HOSTILE,LIMIT,20,MINOR,2026-09-03_1729,2026-09-03
F,SHORT,CONVICTION,61.2,BEAR_REJECTION_PENDING,14.18,14.3,12.34,13.59,830,15.27,14.40999984741211,14.470000267028809,14.0600004196167,40590494.0,1.84,STOPPED,-1.0,HOSTILE,LIMIT,10,MINOR,2026-09-03_1729,2026-09-03
ELF,SHORT,CONVICTION,61.1,BEAR_REJECTION_PENDING,107.83,109.15,102.2,102.2,75,4.27,107.41000366210938,109.63999938964844,105.5,1623061.0,0.19,STOPPED,-1.0,HOSTILE,LIMIT,6,MINOR,2026-09-03_1729,2026-09-03
GTM,SHORT,CONVICTION,61.1,BEAR_REJECTION_PENDING,4.09,4.15,3.78,3.84,1549,4.8,4.119999885559082,4.235000133514404,4.079999923706055,4354962.0,1.48,STOPPED,-1.0,HOSTILE,LIMIT,14,MINOR,2026-09-03_1729,2026-09-03
OLN,SHORT,CONVICTION,61.1,BEAR_REJECTION_PENDING,18.01,18.69,17.11,,147,1.32,16.969999313354492,17.84000015258789,16.864999771118164,2715087.0,-3.91,NO_FILL,0.0,HOSTILE,LIMIT,20,MINOR,2026-09-03_1729,2026-09-03
INTA,SHORT,CONVICTION,61.0,BEAR_REJECTION_PENDING,42.32,45.67,36.5,,29,1.74,43.11000061035156,43.97999954223633,42.2599983215332,526525.0,3.9,CLOSED_LOSS,-0.24,HOSTILE,LIMIT,20,MINOR,2026-09-03_1729,2026-09-03
BITU,SHORT,CONVICTION,61.0,BEAR_REJECTION_PENDING,13.52,13.77,11.66,12.86,404,7.53,14.859999656677246,14.880000114440918,13.70009994506836,5135276.0,10.16,STOPPED,-1.0,HOSTILE,LIMIT,20,COMPRESSION,2026-09-03_1729,2026-09-03
TSLT,SHORT,CONVICTION,61.0,BEAR_REJECTION_PENDING,13.58,14.07,11.95,12.44,204,3.32,14.479999542236328,15.039999961853027,13.680000305175781,5384043.0,8.79,STOPPED,-1.0,HOSTILE,LIMIT,20,MINOR,2026-09-03_1729,2026-09-03
PGNY,SHORT,CONVICTION,60.9,BEAR_REJECTION_PENDING,26.82,27.99,24.46,23.39,85,2.01,26.610000610351562,26.764999389648438,26.079999923706055,708396.0,1.22,NO_FILL,0.0,HOSTILE,LIMIT,20,COMPRESSION,2026-09-03_1729,2026-09-03
VAL,SHORT,CONVICTION,60.9,BEAR_REJECTION_PENDING,93.02,96.81,80.0,80.0,26,3.43,89.73999786376953,92.91000366210938,89.69000244140625,866877.0,-2.46,NO_FILL,0.0,HOSTILE,LIMIT,14,CONVICTION,2026-09-03_1729,2026-09-03
PSNL,SHORT,CONVICTION,60.9,BEAR_REJECTION_PENDING,17.0,17.89,15.22,14.18,112,2.01,16.829999923706055,17.0,16.440000534057617,2492847.0,0.96,CLOSED,0.19,HOSTILE,LIMIT,20,COMPRESSION,2026-09-03_1729,2026-09-03
DPZ,SHORT,CONVICTION,60.8,BEAR_REJECTION_PENDING,351.52,354.94,332.97,343.02,29,5.42,347.0299987792969,349.2300109863281,340.1400146484375,594976.0,-0.02,NO_FILL,0.0,HOSTILE,LIMIT,20,COMPRESSION,2026-09-03_1729,2026-09-03
DVA,SHORT,CONVICTION,60.8,BEAR_REJECTION_PENDING,180.01,181.58,169.28,176.43,63,6.84,181.66000366210938,183.3300018310547,178.13999938964844,674157.0,1.0,STOPPED,-1.0,HOSTILE,LIMIT,20,CONVICTION,2026-09-03_1729,2026-09-03
CBLL,SHORT,CONVICTION,60.7,BEAR_REJECTION_PENDING,25.31,26.58,23.0,21.35,78,1.81,24.56999969482422,24.989999771118164,24.079999923706055,331932.0,-0.97,NO_FILL,0.0,HOSTILE,LIMIT,4,COMPRESSION,2026-09-03_1729,2026-09-03
GIS,SHORT,CONVICTION,60.6,BEAR_REJECTION_PENDING,41.55,42.49,36.42,38.37,106,5.48,39.2599983215332,40.02000045776367,38.611000061035156,12923884.0,-3.63,NO_FILL,0.0,HOSTILE,LIMIT,20,COMPRESSION,2026-09-03_1729,2026-09-03
AVNT,SHORT,CONVICTION,60.6,BEAR_REJECTION_PENDING,44.46,46.63,40.0,37.56,46,2.06,42.90999984741211,43.98500061035156,42.43000030517578,480070.0,-1.56,NO_FILL,0.0,HOSTILE,LIMIT,20,COMPRESSION,2026-09-03_1729,2026-09-03
TDW,SHORT,CONVICTION,60.6,BEAR_REJECTION_PENDING,100.61,101.65,96.11,93.12,96,4.34,94.58000183105469,100.94850158691406,93.83999633789062,868293.0,-5.89,TARGET_HIT,1.5,HOSTILE,LIMIT,10,MINOR,2026-09-03_1729,2026-09-03
SGML,SHORT,CONVICTION,60.5,BEAR_REJECTION_PENDING,12.96,13.77,11.19,11.0,123,2.2,12.770000457763672,12.970000267028809,12.510000228881836,1404111.0,0.47,CLOSED,0.23,HOSTILE,LIMIT,13,COMPRESSION,2026-09-03_1729,2026-09-03
TEX,SHORT,CONVICTION,60.5,BEAR_REJECTION_PENDING,62.1,62.83,59.24,53.15,136,3.91,62.7599983215332,63.28499984741211,60.45000076293945,1051093.0,1.54,STOPPED,-1.0,HOSTILE,LIMIT,20,CONVICTION,2026-09-03_1729,2026-09-03
SPCX,SHORT,CONVICTION,60.4,BEAR_REJECTION_PENDING,143.65,151.98,126.54,120.53,11,2.05,149.74000549316406,152.3000030517578,141.0500030517578,120960430.0,6.33,STOPPED,-1.0,HOSTILE,LIMIT,17,MINOR,2026-09-03_1729,2026-09-03
NFLX,SHORT,CONVICTION,60.4,BEAR_REJECTION_PENDING,84.36,86.45,79.94,72.77,47,2.12,82.66999816894531,83.5999984741211,81.62999725341797,23970646.0,-0.05,NO_FILL,0.0,HOSTILE,LIMIT,17,COMPRESSION,2026-09-03_1729,2026-09-03
NG,SHORT,CONVICTION,60.4,BEAR_REJECTION_PENDING,8.47,8.65,8.04,7.96,555,2.37,8.319999694824219,8.615300178527832,8.1850004196167,5173457.0,0.24,CLOSED,0.83,HOSTILE,LIMIT,20,COMPRESSION,2026-09-03_1729,2026-09-03
CCC,SHORT,CONVICTION,60.3,BEAR_REJECTION_PENDING,7.37,7.47,6.23,6.56,1045,11.92,7.21999979019165,7.46999979019165,7.199999809265137,5341476.0,-0.96,CLOSED,1.5,HOSTILE,LIMIT,10,MINOR,2026-09-03_1729,2026-09-03
XE,SHORT,CONVICTION,60.3,BEAR_REJECTION_PENDING,18.68,20.56,15.6,,53,1.64,17.8799991607666,18.799999237060547,17.75,4609930.0,-2.35,CLOSED,0.43,HOSTILE,LIMIT,12,COMPRESSION,2026-09-03_1729,2026-09-03
ASTX,SHORT,CONVICTION,60.3,BEAR_REJECTION_PENDING,11.95,14.1,11.36,,46,0.28,11.079999923706055,11.761799812316895,10.729999542236328,3841513.0,-5.46,NO_FILL,0.0,HOSTILE,LIMIT,20,COMPRESSION,2026-09-03_1729,2026-09-03
ONDS,SHORT,CONVICTION,60.2,BEAR_REJECTION_PENDING,7.78,8.75,7.39,,102,0.4,7.630000114440918,7.94950008392334,7.53000020980835,72988431.0,0.0,CLOSED,0.15,HOSTILE,LIMIT,20,COMPRESSION,2026-09-03_1729,2026-09-03
KMX,SHORT,CONVICTION,60.1,BEAR_REJECTION_PENDING,62.66,64.16,54.38,55.38,66,5.52,62.63999938964844,63.095001220703125,61.400001525878906,1587844.0,1.97,CLOSED,0.01,HOSTILE,LIMIT,20,MINOR,2026-09-03_1729,2026-09-03
EYE,SHORT,CONVICTION,60.1,BEAR_REJECTION_PENDING,17.1,18.76,16.24,,59,0.51,16.8700008392334,17.290000915527344,16.440799713134766,2051608.0,0.66,CLOSED,0.14,HOSTILE,LIMIT,20,COMPRESSION,2026-09-03_1729,2026-09-03
NGNE,SHORT,CONVICTION,60.0,BEAR_REJECTION_PENDING,39.6,40.37,37.97,35.16,129,2.11,37.61000061035156,39.005001068115234,36.650001525878906,255219.0,-3.19,NO_FILL,0.0,HOSTILE,LIMIT,20,MINOR,2026-09-03_1729,2026-09-03
ORCL,SHORT,CONVICTION,60.0,BEAR_REJECTION_PENDING,149.31,151.6,131.92,131.92,43,7.58,154.0399932861328,156.77000427246094,147.0,25017843.0,4.7,STOPPED,-1.0,HOSTILE,LIMIT,20,CONVICTION,2026-09-03_1729,2026-09-03
MRK,SHORT,CONVICTION,60.0,BEAR_REJECTION_PENDING,154.94,157.19,151.5,149.86,44,1.53,152.33999633789062,152.8000030517578,148.89999389648438,6494856.0,0.29,NO_FILL,0.0,HOSTILE,LIMIT,20,MINOR,2026-09-03_1729,2026-09-03
CLS,SHORT,CONVICTION,60.0,BEAR_REJECTION_PENDING,282.5,287.18,263.76,242.68,21,4.0,309.8399963378906,314.080810546875,280.70001220703125,3894130.0,9.97,STOPPED,-1.0,HOSTILE,LIMIT,20,VACUUM,2026-09-03_1729,2026-09-03
SNDK,SHORT,CONVICTION,60.0,BEAR_REJECTION_PENDING,1541.0,1575.56,1486.4,1344.29,2,1.58,1554.989990234375,1576.800048828125,1511.0,8670816.0,0.94,STOPPED,-1.0,HOSTILE,LIMIT,20,CONVICTION,2026-09-03_1729,2026-09-03
