ticker,side,tier,fem,mode,entry,stop,t1,t2,shares,rr,spy_regime,current_price,entry_type,n_gaps_above,gap_above_conviction,scan_date,asof
FIVN,LONG,CONVICTION,100.0,BULL_BOUNCE_PENDING,32.47,30.51,34.09,,50,0.83,FAVORABLE,32.47,MARKET,14,COMPRESSION,2026-09-21,2026-09-21T04:23:03.903328
DK,LONG,CONVICTION,100.0,BULL_BOUNCE_PENDING,78.19,75.59,82.1,,38,1.51,FAVORABLE,78.1899,MARKET,10,MINOR,2026-09-21,2026-09-21T04:23:06.604335
TSEM,LONG,CONVICTION,100.0,BULL_BOUNCE_PENDING,224.0,218.12,249.78,250.73,16,4.38,FAVORABLE,224.0,MARKET,20,CONVICTION,2026-09-21,2026-09-21T04:24:10.919073
AVTR,LONG,CONVICTION,100.0,BULL_BOUNCE_PENDING,15.51,14.73,16.29,,128,1.0,FAVORABLE,15.51,MARKET,12,COMPRESSION,2026-09-21,2026-09-21T04:26:06.767690
ATAI,LONG,CONVICTION,100.0,BULL_BOUNCE_PENDING,7.33,6.96,7.7,,272,1.0,FAVORABLE,7.33,MARKET,4,MINOR,2026-09-21,2026-09-21T04:28:56.104595
PTCT,LONG,CONVICTION,100.0,BULL_BOUNCE_PENDING,65.37,61.69,73.05,74.85,27,2.08,FAVORABLE,65.3725,MARKET,20,CONVICTION,2026-09-21,2026-09-21T04:31:36.777081
FSLY,LONG,CONVICTION,100.0,BULL_BOUNCE_PENDING,23.85,22.66,27.4,27.4,83,2.98,FAVORABLE,23.8495,MARKET,12,MINOR,2026-09-21,2026-09-21T04:34:58.910603
HP,LONG,CONVICTION,100.0,BULL_BOUNCE_PENDING,40.86,36.91,42.9,,25,0.52,FAVORABLE,40.86,MARKET,20,COMPRESSION,2026-09-21,2026-09-21T04:35:05.482613
P,LONG,CONVICTION,100.0,BULL_BOUNCE_PENDING,104.82,97.5,110.06,,13,0.72,FAVORABLE,104.82,MARKET,2,CONVICTION,2026-09-21,2026-09-21T04:35:44.166727
ARES,LONG,CONVICTION,100.0,BULL_BOUNCE_PENDING,123.8,116.06,139.38,141.52,12,2.01,FAVORABLE,123.8,MARKET,20,CONVICTION,2026-09-21,2026-09-21T04:36:24.037941
GPN,LONG,CONVICTION,100.0,BULL_BOUNCE_PENDING,85.06,80.52,96.95,,22,2.62,FAVORABLE,85.06,MARKET,20,COMPRESSION,2026-09-21,2026-09-21T04:38:10.275218
NTNX,LONG,CONVICTION,100.0,BULL_BOUNCE_PENDING,69.8,65.59,73.29,,23,0.83,FAVORABLE,69.796,MARKET,8,VACUUM,2026-09-21,2026-09-21T04:39:51.615801
PCOR,LONG,CONVICTION,100.0,BULL_BOUNCE_PENDING,51.97,46.95,59.5,,19,1.5,FAVORABLE,51.97,MARKET,20,COMPRESSION,2026-09-21,2026-09-21T04:39:57.717159
QTWO,LONG,CONVICTION,100.0,BULL_BOUNCE_PENDING,58.73,54.34,66.41,,22,1.75,FAVORABLE,58.7325,MARKET,20,COMPRESSION,2026-09-21,2026-09-21T04:39:59.908895
VLO,LONG,CONVICTION,100.0,BULL_BOUNCE_PENDING,410.64,388.47,431.17,,4,0.93,FAVORABLE,410.64,MARKET,5,MINOR,2026-09-21,2026-09-21T04:40:17.628738
SMTC,LONG,CONVICTION,100.0,BULL_BOUNCE_PENDING,191.8,176.89,201.39,,6,0.64,FAVORABLE,191.8,MARKET,0,NONE,2026-09-21,2026-09-21T04:41:28.064330
CRSP,LONG,CONVICTION,100.0,BULL_BOUNCE_PENDING,56.8,51.95,59.64,,20,0.59,FAVORABLE,56.8,MARKET,10,COMPRESSION,2026-09-21,2026-09-21T04:43:23.240396
TRI,LONG,CONVICTION,100.0,BULL_BOUNCE_PENDING,94.39,89.45,105.68,106.63,20,2.28,FAVORABLE,94.39,MARKET,20,COMPRESSION,2026-09-21,2026-09-21T04:44:18.672585
OSK,LONG,CONVICTION,100.0,BULL_BOUNCE_PENDING,146.61,134.37,168.18,,8,1.76,FAVORABLE,146.6125,MARKET,20,CONVICTION,2026-09-21,2026-09-21T04:44:54.392782
DASH,LONG,CONVICTION,100.0,BULL_BOUNCE_PENDING,192.88,182.77,208.94,221.5,9,1.59,FAVORABLE,192.88,MARKET,20,CONVICTION,2026-09-21,2026-09-21T04:46:19.170935
DG,LONG,CONVICTION,100.0,BULL_BOUNCE_PENDING,122.7,116.64,135.95,138.84,16,2.19,FAVORABLE,122.7,MARKET,20,CONVICTION,2026-09-21,2026-09-21T04:49:28.878633
NKTR,LONG,CONVICTION,100.0,BULL_BOUNCE_PENDING,67.5,64.12,75.12,75.56,29,2.26,FAVORABLE,67.5,MARKET,20,VACUUM,2026-09-21,2026-09-21T04:50:55.273981
SIG,LONG,CONVICTION,100.0,BULL_BOUNCE_PENDING,100.38,95.36,105.4,,19,1.0,FAVORABLE,100.3825,MARKET,17,COMPRESSION,2026-09-21,2026-09-21T04:51:28.014582
COGT,LONG,CONVICTION,100.0,BULL_BOUNCE_PENDING,32.0,30.4,35.81,36.09,62,2.38,FAVORABLE,32.0,MARKET,20,COMPRESSION,2026-09-21,2026-09-21T04:51:44.084612
SN,LONG,CONVICTION,100.0,BULL_BOUNCE_PENDING,169.06,160.61,190.07,190.0,11,2.49,FAVORABLE,169.06,MARKET,20,VACUUM,2026-09-21,2026-09-21T04:53:10.103055
TKO,LONG,CONVICTION,99.8,BULL_BOUNCE_PENDING,189.28,178.7,208.83,217.12,9,1.85,FAVORABLE,189.28,MARKET,20,CONVICTION,2026-09-21,2026-09-21T04:44:16.892576
MSFU,LONG,CONVICTION,99.6,BULL_BOUNCE_PENDING,36.89,35.05,42.19,41.16,54,2.87,FAVORABLE,36.89,MARKET,20,VACUUM,2026-09-21,2026-09-21T04:47:34.147282
LTH,LONG,CONVICTION,99.5,BULL_BOUNCE_PENDING,40.75,38.68,44.35,45.58,48,1.74,FAVORABLE,40.7475,MARKET,20,COMPRESSION,2026-09-21,2026-09-21T04:36:51.633096
IQV,LONG,CONVICTION,99.5,BULL_BOUNCE_PENDING,266.42,262.68,279.74,,26,3.56,FAVORABLE,266.42,MARKET,12,MINOR,2026-09-21,2026-09-21T04:44:48.506772
AIR,LONG,CONVICTION,99.1,BULL_BOUNCE_PENDING,113.0,107.35,122.5,127.39,17,1.68,FAVORABLE,113.0,MARKET,20,CONVICTION,2026-09-21,2026-09-21T04:41:52.752463
CRMG,LONG,CONVICTION,99.0,BULL_BOUNCE_PENDING,8.6,8.17,9.57,9.86,232,2.26,FAVORABLE,8.6,MARKET,20,COMPRESSION,2026-09-21,2026-09-21T04:48:01.590330
OVV,LONG,CONVICTION,98.8,BULL_BOUNCE_PENDING,62.37,59.06,65.49,,30,0.94,FAVORABLE,62.37,MARKET,20,VACUUM,2026-09-21,2026-09-21T04:35:43.333726
SCTX,LONG,CONVICTION,98.8,BULL_BOUNCE_PENDING,33.0,29.79,34.65,,31,0.51,FAVORABLE,33.0,MARKET,1,MINOR,2026-09-21,2026-09-21T04:54:10.486049
BDX,LONG,CONVICTION,98.6,BULL_BOUNCE_PENDING,180.94,176.96,187.88,195.14,25,1.74,FAVORABLE,180.94,MARKET,20,CONVICTION,2026-09-21,2026-09-21T04:37:33.483819
VRSK,LONG,CONVICTION,98.6,BULL_BOUNCE_PENDING,176.01,169.49,186.53,197.86,15,1.61,FAVORABLE,176.01,MARKET,20,CONVICTION,2026-09-21,2026-09-21T04:42:25.759073
ASND,LONG,CONVICTION,98.6,BULL_BOUNCE_PENDING,236.72,216.07,271.81,,4,1.7,FAVORABLE,236.72,MARKET,20,COMPRESSION,2026-09-21,2026-09-21T04:49:12.183986
ODD,LONG,CONVICTION,98.6,BULL_BOUNCE_PENDING,18.3,17.39,19.21,,109,1.0,FAVORABLE,18.3,MARKET,18,MINOR,2026-09-21,2026-09-21T04:52:05.435182
HAE,LONG,CONVICTION,98.5,BULL_BOUNCE_PENDING,108.4,105.71,113.82,,37,2.01,FAVORABLE,108.4025,MARKET,9,MINOR,2026-09-21,2026-09-21T04:38:14.406925
MANH,LONG,CONVICTION,97.9,BULL_BOUNCE_PENDING,211.46,203.07,222.03,,11,1.26,FAVORABLE,211.46,MARKET,20,CONVICTION,2026-09-21,2026-09-21T04:53:38.737309
SNX,LONG,CONVICTION,97.7,BULL_BOUNCE_PENDING,266.16,262.94,284.49,283.2,31,5.69,FAVORABLE,266.1575,MARKET,2,COMPRESSION,2026-09-21,2026-09-21T04:50:57.066983
VGNT,LONG,CONVICTION,97.5,BULL_BOUNCE_PENDING,45.86,41.83,48.16,,24,0.57,FAVORABLE,45.8625,MARKET,19,COMPRESSION,2026-09-21,2026-09-21T04:53:50.906436
ALNY,LONG,CONVICTION,96.6,BULL_BOUNCE_PENDING,239.6,227.62,258.0,266.57,8,1.54,FAVORABLE,239.6,MARKET,20,CONVICTION,2026-09-21,2026-09-21T04:45:20.590831
FIG,LONG,CONVICTION,96.5,BULL_BOUNCE_PENDING,22.76,21.01,26.07,,57,1.9,FAVORABLE,22.76,MARKET,20,COMPRESSION,2026-09-21,2026-09-21T04:30:22.199416
AOSL,LONG,CONVICTION,96.0,BULL_BOUNCE_PENDING,25.2,23.03,28.81,,46,1.67,FAVORABLE,25.2,MARKET,20,COMPRESSION,2026-09-21,2026-09-21T04:22:34.025229
CAKE,LONG,CONVICTION,96.0,BULL_BOUNCE_PENDING,96.19,88.56,110.43,,13,1.87,FAVORABLE,96.1906,MARKET,20,COMPRESSION,2026-09-21,2026-09-21T04:34:33.851400
HLNE,LONG,CONVICTION,96.0,BULL_BOUNCE_PENDING,88.01,82.71,97.02,100.81,18,1.7,FAVORABLE,88.01,MARKET,20,COMPRESSION,2026-09-21,2026-09-21T04:36:46.135545
SLXN,LONG,CONVICTION,95.0,BULL_BOUNCE_PENDING,0.4,0.37,0.45,,3019,1.59,FAVORABLE,0.4015,MARKET,8,COMPRESSION,2026-09-21,2026-09-21T04:22:45.291752
INIO,LONG,CONVICTION,95.0,BULL_BOUNCE_CONFIRMED,21.27,18.91,22.33,,42,0.45,FAVORABLE,21.27,LIMIT,18,COMPRESSION,2026-09-21,2026-09-21T04:27:28.689161
VCTR,LONG,CONVICTION,94.9,BULL_BOUNCE_PENDING,106.56,98.95,120.39,,13,1.82,FAVORABLE,106.5575,MARKET,20,CONVICTION,2026-09-21,2026-09-21T04:47:50.731311
DFNS,LONG,CONVICTION,94.8,BULL_BOUNCE_PENDING,7.78,7.39,8.39,,257,1.57,FAVORABLE,7.78,MARKET,19,MINOR,2026-09-21,2026-09-21T04:30:27.927427
UCTT,LONG,CONVICTION,94.8,BULL_BOUNCE_PENDING,70.95,66.82,74.5,,24,0.86,FAVORABLE,70.95,MARKET,20,CONVICTION,2026-09-21,2026-09-21T04:45:50.369887
COKE,LONG,CONVICTION,94.6,BULL_BOUNCE_PENDING,193.09,188.26,207.35,208.82,20,2.95,FAVORABLE,193.0867,MARKET,20,CONVICTION,2026-09-21,2026-09-21T04:37:46.895462
XME,LONG,CONVICTION,94.5,BULL_BOUNCE_PENDING,108.64,102.59,118.09,122.49,16,1.56,FAVORABLE,108.64,MARKET,20,CONVICTION,2026-09-21,2026-09-21T04:47:12.426185
PODD,LONG,CONVICTION,94.4,BULL_BOUNCE_PENDING,139.89,131.26,153.62,,11,1.59,FAVORABLE,139.89,MARKET,20,COMPRESSION,2026-09-21,2026-09-21T04:42:44.331643
ABNB,LONG,CONVICTION,94.0,BULL_BOUNCE_PENDING,166.22,151.38,188.6,,6,1.51,FAVORABLE,166.22,MARKET,20,COMPRESSION,2026-09-21,2026-09-21T04:32:03.935726
ATAT,LONG,CONVICTION,94.0,BULL_BOUNCE_PENDING,32.15,30.54,36.13,36.0,62,2.48,FAVORABLE,32.15,MARKET,19,MINOR,2026-09-21,2026-09-21T04:43:04.444359
DLTR,LONG,CONVICTION,94.0,BULL_BOUNCE_PENDING,111.96,106.36,123.07,125.07,17,1.98,FAVORABLE,111.96,MARKET,20,COMPRESSION,2026-09-21,2026-09-21T04:46:21.974941
AVT,LONG,CONVICTION,94.0,BULL_BOUNCE_PENDING,97.88,92.99,102.78,,20,1.0,FAVORABLE,97.8816,MARKET,7,MINOR,2026-09-21,2026-09-21T04:52:43.768312
PYPL,LONG,CONVICTION,93.9,BULL_BOUNCE_PENDING,52.41,49.79,56.43,,38,1.53,FAVORABLE,52.41,MARKET,20,CONVICTION,2026-09-21,2026-09-21T04:27:24.047155
GEN,LONG,CONVICTION,93.7,BULL_BOUNCE_PENDING,29.0,27.55,31.23,,68,1.54,FAVORABLE,29.0,MARKET,20,COMPRESSION,2026-09-21,2026-09-21T04:44:43.650766
SKHY,LONG,CONVICTION,93.6,BULL_BOUNCE_PENDING,190.0,185.66,198.53,,23,1.96,FAVORABLE,190.0,MARKET,18,VACUUM,2026-09-21,2026-09-21T04:40:07.318955
BABA,LONG,CONVICTION,93.1,BULL_BOUNCE_PENDING,114.87,108.0,131.47,131.15,14,2.42,FAVORABLE,114.87,MARKET,20,COMPRESSION,2026-09-21,2026-09-21T04:44:33.134208
CBRS,LONG,CONVICTION,93.0,BULL_BOUNCE_CONFIRMED,201.73,193.03,227.19,,11,2.93,FAVORABLE,201.73,LIMIT,5,COMPRESSION,2026-09-21,2026-09-21T04:29:33.813798
PCTY,LONG,CONVICTION,93.0,BULL_BOUNCE_PENDING,143.24,137.21,152.37,162.35,16,1.51,FAVORABLE,143.24,MARKET,20,CONVICTION,2026-09-21,2026-09-21T04:38:40.366912
CAR,LONG,CONVICTION,93.0,BULL_BOUNCE_PENDING,117.03,111.17,126.24,131.5,17,1.57,FAVORABLE,117.026,MARKET,20,COMPRESSION,2026-09-21,2026-09-21T04:49:14.414987
CVNA,LONG,CONVICTION,92.9,BULL_BOUNCE_PENDING,65.84,62.08,71.91,74.5,26,1.62,FAVORABLE,65.84,MARKET,20,VACUUM,2026-09-21,2026-09-21T04:29:25.057783
DOCN,LONG,CONVICTION,92.1,BULL_BOUNCE_PENDING,131.0,123.14,144.37,,12,1.7,FAVORABLE,130.998,MARKET,12,MINOR,2026-09-21,2026-09-21T04:22:17.540005
VEEV,LONG,CONVICTION,92.0,BULL_BOUNCE_PENDING,258.25,235.81,292.02,,4,1.51,FAVORABLE,258.25,MARKET,20,CONVICTION,2026-09-21,2026-09-21T04:39:08.234073
LECO,LONG,CONVICTION,92.0,BULL_BOUNCE_PENDING,257.2,251.82,267.15,277.89,18,1.85,FAVORABLE,257.2025,MARKET,20,CONVICTION,2026-09-21,2026-09-21T04:47:32.505279
SSMR,LONG,CONVICTION,92.0,BULL_BOUNCE_PENDING,17.7,16.14,18.59,,64,0.57,FAVORABLE,17.7,MARKET,6,MINOR,2026-09-21,2026-09-21T04:54:12.063599
BSP,LONG,CONVICTION,91.7,BULL_BOUNCE_PENDING,38.49,35.81,43.11,,37,1.72,FAVORABLE,38.4913,MARKET,20,COMPRESSION,2026-09-21,2026-09-21T04:34:29.760391
DVN,LONG,CONVICTION,91.6,BULL_BOUNCE_PENDING,48.2,45.6,52.69,,38,1.73,FAVORABLE,48.2,MARKET,20,MINOR,2026-09-21,2026-09-21T04:26:50.074020
CORT,LONG,CONVICTION,91.6,BULL_BOUNCE_PENDING,111.48,107.66,119.25,122.57,26,2.04,FAVORABLE,111.4758,MARKET,19,MINOR,2026-09-21,2026-09-21T04:40:45.416170
SIMO,LONG,CONVICTION,91.5,BULL_BOUNCE_CONFIRMED,271.39,258.2,293.66,308.0,7,1.69,FAVORABLE,271.39,LIMIT,20,COMPRESSION,2026-09-21,2026-09-21T04:38:53.470383
NN,LONG,CONVICTION,91.4,BULL_BOUNCE_PENDING,14.3,13.32,15.79,,101,1.52,FAVORABLE,14.3,MARKET,17,COMPRESSION,2026-09-21,2026-09-21T04:31:42.143156
ADBE,LONG,CONVICTION,91.3,BULL_BOUNCE_PENDING,248.18,236.56,274.47,279.54,8,2.26,FAVORABLE,248.1761,MARKET,20,CONVICTION,2026-09-21,2026-09-21T04:29:02.073605
VSXY,LONG,CONVICTION,91.3,BULL_BOUNCE_PENDING,77.93,73.35,86.89,,21,1.96,FAVORABLE,77.9325,MARKET,1,COMPRESSION,2026-09-21,2026-09-21T04:34:10.386357
THC,LONG,CONVICTION,91.1,BULL_BOUNCE_PENDING,261.99,252.73,277.66,,10,1.69,FAVORABLE,261.9925,MARKET,20,COMPRESSION,2026-09-21,2026-09-21T04:39:00.380995
KVUE,LONG,CONVICTION,91.0,BULL_BOUNCE_PENDING,17.63,16.75,19.05,19.94,113,1.61,FAVORABLE,17.63,MARKET,20,COMPRESSION,2026-09-21,2026-09-21T04:26:31.056893
AKAM,LONG,CONVICTION,91.0,BULL_BOUNCE_PENDING,104.34,99.13,112.19,116.1,19,1.5,FAVORABLE,104.3445,MARKET,20,COMPRESSION,2026-09-21,2026-09-21T04:34:19.888374
BR,LONG,CONVICTION,91.0,BULL_BOUNCE_PENDING,163.13,156.55,175.91,180.21,15,1.94,FAVORABLE,163.13,MARKET,20,COMPRESSION,2026-09-21,2026-09-21T04:34:28.214393
ETON,LONG,CONVICTION,91.0,BULL_BOUNCE_PENDING,55.35,52.58,62.87,62.29,36,2.72,FAVORABLE,55.35,MARKET,20,COMPRESSION,2026-09-21,2026-09-21T04:40:52.079184
PLMR,LONG,CONVICTION,91.0,BULL_BOUNCE_PENDING,136.0,133.73,148.09,142.91,43,5.31,FAVORABLE,136.0025,MARKET,20,COMPRESSION,2026-09-21,2026-09-21T04:53:42.707860
WAY,LONG,CONVICTION,90.8,BULL_BOUNCE_PENDING,26.68,24.78,29.98,,52,1.73,FAVORABLE,26.6835,MARKET,20,COMPRESSION,2026-09-21,2026-09-21T04:49:03.993971
LIVN,LONG,CONVICTION,90.5,BULL_BOUNCE_PENDING,78.01,71.14,81.91,,14,0.57,FAVORABLE,78.0125,MARKET,20,MINOR,2026-09-21,2026-09-21T04:38:29.432529
HTFL,LONG,CONVICTION,90.3,BULL_BOUNCE_PENDING,50.68,49.09,53.21,,62,1.59,FAVORABLE,50.68,MARKET,0,NONE,2026-09-21,2026-09-21T04:40:56.108722
ALSN,LONG,CONVICTION,90.3,BULL_BOUNCE_PENDING,117.1,110.15,129.41,133.21,14,1.77,FAVORABLE,117.1025,MARKET,20,CONVICTION,2026-09-21,2026-09-21T04:44:31.803667
RVMD,LONG,CONVICTION,90.0,BULL_BOUNCE_PENDING,191.03,177.06,216.25,,7,1.81,FAVORABLE,191.03,MARKET,20,COMPRESSION,2026-09-21,2026-09-21T04:42:17.167057
SHOE,LONG,CONVICTION,90.0,BULL_BOUNCE_PENDING,13.07,12.14,13.72,,107,0.7,FAVORABLE,13.07,MARKET,20,COMPRESSION,2026-09-21,2026-09-21T04:52:32.720259
ALKT,LONG,CONVICTION,90.0,BULL_BOUNCE_PENDING,19.13,17.35,20.09,,56,0.54,FAVORABLE,19.13,MARKET,20,COMPRESSION,2026-09-21,2026-09-21T04:52:41.509301
NTRA,LONG,CONVICTION,90.0,BULL_BOUNCE_PENDING,368.4,345.94,386.82,,4,0.82,FAVORABLE,368.4,MARKET,0,NONE,2026-09-21,2026-09-21T04:53:05.723031
AGEN,LONG,CONVICTION,89.9,BULL_BOUNCE_PENDING,7.89,7.27,8.28,,162,0.64,FAVORABLE,7.8056,STOP,6,MINOR,2026-09-21,2026-09-21T04:28:54.197590
MTSI,LONG,CONVICTION,89.9,BULL_BOUNCE_PENDING,276.43,272.18,311.55,297.31,23,8.26,FAVORABLE,280.0,LIMIT,20,CONVICTION,2026-09-21,2026-09-21T04:50:53.062977
FRNM,LONG,CONVICTION,89.9,BULL_BOUNCE_PENDING,17.27,15.84,18.13,,69,0.6,FAVORABLE,16.96,STOP,0,NONE,2026-09-21,2026-09-21T04:54:03.934024
TDW,LONG,CONVICTION,89.8,BULL_BOUNCE_PENDING,87.95,82.43,99.25,,18,2.05,FAVORABLE,86.6925,STOP,20,COMPRESSION,2026-09-21,2026-09-21T04:36:01.749866
BFH,LONG,CONVICTION,89.7,BULL_BOUNCE_PENDING,108.74,103.32,114.18,,18,1.0,FAVORABLE,108.5325,STOP,17,VACUUM,2026-09-21,2026-09-21T04:51:15.074559
XMTR,LONG,CONVICTION,89.6,BULL_BOUNCE_PENDING,98.78,92.68,103.72,,16,0.81,FAVORABLE,97.18,STOP,15,MINOR,2026-09-21,2026-09-21T04:34:13.745363
NSIT,LONG,CONVICTION,89.6,BULL_BOUNCE_PENDING,157.16,150.39,167.47,,14,1.52,FAVORABLE,154.9125,STOP,20,CONVICTION,2026-09-21,2026-09-21T04:35:36.135697
EPAM,LONG,CONVICTION,89.5,BULL_BOUNCE_PENDING,116.94,109.77,129.12,,13,1.7,FAVORABLE,114.5,STOP,20,COMPRESSION,2026-09-21,2026-09-21T04:43:28.659407
NVT,LONG,CONVICTION,89.4,BULL_BOUNCE_CONFIRMED,157.84,150.57,169.6,175.0,13,1.62,FAVORABLE,157.84,LIMIT,20,COMPRESSION,2026-09-21,2026-09-21T04:54:07.746040
WK,LONG,CONVICTION,89.2,BULL_BOUNCE_PENDING,74.72,70.14,82.65,,21,1.73,FAVORABLE,73.18,STOP,20,CONVICTION,2026-09-21,2026-09-21T04:37:25.583266
GKOS,LONG,CONVICTION,89.0,BULL_BOUNCE_PENDING,164.01,154.68,183.15,185.0,10,2.05,FAVORABLE,163.8125,STOP,20,CONVICTION,2026-09-21,2026-09-21T04:32:53.654014
ACVA,LONG,CONVICTION,89.0,BULL_BOUNCE_PENDING,10.5,9.78,11.03,,139,0.73,FAVORABLE,10.5,STOP,3,VACUUM,2026-09-21,2026-09-21T04:37:29.562275
AGX,SHORT,CONVICTION,89.0,BEAR_REJECTION_PENDING,389.85,415.81,335.53,,3,2.09,FAVORABLE,389.0,LIMIT,20,CONVICTION,2026-09-21,2026-09-21T04:40:32.302860
GTLB,LONG,CONVICTION,88.8,BULL_BOUNCE_PENDING,48.0,47.04,54.41,54.41,104,6.69,FAVORABLE,48.98,LIMIT,16,CONVICTION,2026-09-21,2026-09-21T04:32:53.823013
CVLT,LONG,CONVICTION,88.7,BULL_BOUNCE_PENDING,149.94,141.32,157.44,,11,0.87,FAVORABLE,144.5375,STOP,5,CONVICTION,2026-09-21,2026-09-21T04:34:46.343030
TGT,LONG,CONVICTION,88.7,BULL_BOUNCE_PENDING,159.98,154.43,168.35,,18,1.51,FAVORABLE,158.49,STOP,20,COMPRESSION,2026-09-21,2026-09-21T04:44:13.880570
DAVE,LONG,CONVICTION,88.6,BULL_BOUNCE_PENDING,331.07,313.89,370.7,385.97,5,2.31,FAVORABLE,337.8225,LIMIT,20,CONVICTION,2026-09-21,2026-09-21T04:23:48.878960
PSN,SHORT,CONVICTION,88.6,BEAR_REJECTION_PENDING,46.99,60.56,44.64,,7,0.17,FAVORABLE,46.5797,LIMIT,20,COMPRESSION,2026-09-21,2026-09-21T04:45:16.554823
ZTG,LONG,CONVICTION,88.5,BULL_BOUNCE_PENDING,1.6,1.35,1.68,,404,0.32,FAVORABLE,1.63,LIMIT,5,MINOR,2026-09-21,2026-09-21T04:22:46.790755
PCG,SHORT,CONVICTION,88.5,BEAR_REJECTION_PENDING,13.27,16.68,12.61,,29,0.19,FAVORABLE,13.22,LIMIT,20,CONVICTION,2026-09-21,2026-09-21T04:25:54.686668
QNST,LONG,CONVICTION,88.5,BULL_BOUNCE_PENDING,17.9,16.77,19.94,,88,1.81,FAVORABLE,17.5525,STOP,18,COMPRESSION,2026-09-21,2026-09-21T04:33:36.158614
CRUS,LONG,CONVICTION,88.5,BULL_BOUNCE_PENDING,121.41,114.81,135.02,,15,2.06,FAVORABLE,118.92,STOP,20,CONVICTION,2026-09-21,2026-09-21T04:49:51.249729
NFLX,SHORT,CONVICTION,88.3,BEAR_REJECTION_PENDING,71.79,75.69,68.2,,25,0.92,FAVORABLE,71.7,LIMIT,20,CONVICTION,2026-09-21,2026-09-21T04:26:29.642890
JNUG,SHORT,CONVICTION,88.3,BEAR_REJECTION_PENDING,180.36,184.75,161.5,162.12,22,4.3,FAVORABLE,179.51,LIMIT,20,CONVICTION,2026-09-21,2026-09-21T04:43:52.227529
ALMR,LONG,CONVICTION,88.1,BULL_BOUNCE_PENDING,37.24,34.08,39.1,,31,0.59,FAVORABLE,38.0,LIMIT,0,NONE,2026-09-21,2026-09-21T04:36:22.309934
IMCC,LONG,CONVICTION,88.0,BULL_BOUNCE_CONFIRMED,3.24,1.73,3.4,,66,0.11,FAVORABLE,3.24,LIMIT,1,MINOR,2026-09-21,2026-09-21T04:22:39.082725
CRWD,LONG,CONVICTION,88.0,BULL_BOUNCE_PENDING,232.04,208.8,243.65,,4,0.5,FAVORABLE,236.78,LIMIT,9,MINOR,2026-09-21,2026-09-21T04:24:05.350535
ANET,LONG,CONVICTION,88.0,BULL_BOUNCE_PENDING,202.78,191.88,212.92,,9,0.93,FAVORABLE,199.85,STOP,20,MINOR,2026-09-21,2026-09-21T04:29:55.071374
OMDA,LONG,CONVICTION,88.0,BULL_BOUNCE_PENDING,20.76,19.05,23.5,,58,1.6,FAVORABLE,20.5,STOP,20,COMPRESSION,2026-09-21,2026-09-21T04:33:34.180612
NESR,LONG,CONVICTION,88.0,BULL_BOUNCE_PENDING,33.01,31.01,36.79,,50,1.89,FAVORABLE,32.9,STOP,20,COMPRESSION,2026-09-21,2026-09-21T04:35:31.729681
BSY,LONG,CONVICTION,88.0,BULL_BOUNCE_PENDING,31.97,31.38,33.32,33.32,170,2.3,FAVORABLE,32.5775,LIMIT,20,COMPRESSION,2026-09-21,2026-09-21T04:36:31.403496
CIBR,LONG,CONVICTION,88.0,BULL_BOUNCE_PENDING,97.68,93.93,102.57,,26,1.3,FAVORABLE,99.6775,LIMIT,11,MINOR,2026-09-21,2026-09-21T04:48:19.265359
DY,LONG,CONVICTION,88.0,BULL_BOUNCE_CONFIRMED,297.59,284.81,326.91,331.1,7,2.29,FAVORABLE,297.59,LIMIT,20,CONVICTION,2026-09-21,2026-09-21T04:49:51.323732
AMBQ,LONG,CONVICTION,88.0,BULL_BOUNCE_CONFIRMED,66.0,62.25,74.77,75.39,26,2.34,FAVORABLE,66.0,LIMIT,13,COMPRESSION,2026-09-21,2026-09-21T04:52:08.139186
UMC,LONG,CONVICTION,88.0,BULL_BOUNCE_PENDING,24.73,23.3,27.09,,70,1.65,FAVORABLE,24.45,STOP,20,CONVICTION,2026-09-21,2026-09-21T04:52:18.072209
CRWV,SHORT,CONVICTION,87.8,BEAR_REJECTION_PENDING,82.98,89.43,71.68,,15,1.75,FAVORABLE,82.86,LIMIT,12,CONVICTION,2026-09-21,2026-09-21T04:26:55.345028
FICO,LONG,CONVICTION,87.8,BULL_BOUNCE_PENDING,934.14,918.2,965.14,990.3,6,1.94,FAVORABLE,949.0,LIMIT,20,CONVICTION,2026-09-21,2026-09-21T04:39:36.269619
DELL,LONG,CONVICTION,87.7,BULL_BOUNCE_CONFIRMED,585.26,562.17,614.52,,4,1.27,FAVORABLE,585.26,LIMIT,6,MINOR,2026-09-21,2026-09-21T04:23:57.800517
FLR,LONG,CONVICTION,87.6,BULL_BOUNCE_PENDING,55.11,52.12,57.87,,33,0.92,FAVORABLE,54.9025,STOP,5,COMPRESSION,2026-09-21,2026-09-21T04:32:47.664008
CHTR,SHORT,CONVICTION,87.6,BEAR_REJECTION_PENDING,131.23,134.04,125.49,124.03,35,2.04,FAVORABLE,129.3,LIMIT,20,CONVICTION,2026-09-21,2026-09-21T04:36:33.931505
MRCY,LONG,CONVICTION,87.6,BULL_BOUNCE_PENDING,87.06,81.41,97.11,,17,1.78,FAVORABLE,85.3,STOP,20,COMPRESSION,2026-09-21,2026-09-21T04:53:05.536029
CVI,LONG,CONVICTION,87.5,BULL_BOUNCE_PENDING,54.69,50.71,57.42,,25,0.69,FAVORABLE,53.6925,STOP,2,MINOR,2026-09-21,2026-09-21T04:23:20.680375
OXY,LONG,CONVICTION,87.5,BULL_BOUNCE_PENDING,59.46,57.08,67.24,,42,3.28,FAVORABLE,58.57,STOP,20,MINOR,2026-09-21,2026-09-21T04:26:43.986477
PRAX,LONG,CONVICTION,87.5,BULL_BOUNCE_PENDING,314.32,298.94,342.25,349.44,6,1.82,FAVORABLE,304.92,STOP,20,COMPRESSION,2026-09-21,2026-09-21T04:38:43.177573
CELC,LONG,CONVICTION,87.4,BULL_BOUNCE_PENDING,79.53,74.05,88.37,92.0,18,1.61,FAVORABLE,81.15,LIMIT,20,VACUUM,2026-09-21,2026-09-21T04:37:41.137915
LEU,SHORT,CONVICTION,87.3,BEAR_REJECTION_PENDING,150.0,153.07,131.45,141.68,32,6.04,FAVORABLE,147.8,LIMIT,20,CONVICTION,2026-09-21,2026-09-21T04:33:10.771572
COHU,LONG,CONVICTION,87.3,BULL_BOUNCE_PENDING,58.03,54.73,63.75,65.58,30,1.73,FAVORABLE,59.44,STOP,14,CONVICTION,2026-09-21,2026-09-21T04:39:26.321829
CGON,LONG,CONVICTION,87.3,BULL_BOUNCE_PENDING,75.95,71.75,79.75,,23,0.9,FAVORABLE,74.62,STOP,9,VACUUM,2026-09-21,2026-09-21T04:42:00.711031
CTNT,LONG,CONVICTION,87.2,BULL_BOUNCE_PENDING,0.06,0.04,0.06,,5402,0.16,FAVORABLE,0.0488,STOP,2,MINOR,2026-09-21,2026-09-21T04:22:40.356794
AVGO,SHORT,CONVICTION,87.2,BEAR_REJECTION_PENDING,369.62,381.9,350.63,315.06,8,1.55,FAVORABLE,362.37,LIMIT,20,CONVICTION,2026-09-21,2026-09-21T04:29:29.726791
SHOP,LONG,CONVICTION,87.2,BULL_BOUNCE_PENDING,127.69,125.88,141.71,141.71,55,7.74,FAVORABLE,129.0,LIMIT,20,CONVICTION,2026-09-21,2026-09-21T04:30:09.854397
MHK,LONG,CONVICTION,87.2,BULL_BOUNCE_PENDING,129.06,123.01,139.07,,16,1.66,FAVORABLE,126.0925,STOP,20,CONVICTION,2026-09-21,2026-09-21T04:50:06.511296
AMR,LONG,CONVICTION,87.1,BULL_BOUNCE_PENDING,179.27,168.59,196.23,,9,1.59,FAVORABLE,174.2225,STOP,20,CONVICTION,2026-09-21,2026-09-21T04:42:58.940348
SQM,LONG,CONVICTION,87.1,BULL_BOUNCE_PENDING,71.06,67.14,79.06,,25,2.04,FAVORABLE,68.9662,STOP,20,COMPRESSION,2026-09-21,2026-09-21T04:45:08.598811
GRAL,LONG,CONVICTION,87.0,BULL_BOUNCE_PENDING,82.93,79.55,87.08,,29,1.23,FAVORABLE,81.0,STOP,2,MINOR,2026-09-21,2026-09-21T04:23:11.682346
ROAD,LONG,CONVICTION,87.0,BULL_BOUNCE_PENDING,95.39,90.18,103.67,107.5,19,1.59,FAVORABLE,94.3325,STOP,20,CONVICTION,2026-09-21,2026-09-21T04:33:43.135690
DBX,LONG,CONVICTION,87.0,BULL_BOUNCE_PENDING,37.69,35.87,39.57,,54,1.03,FAVORABLE,36.4825,STOP,19,MINOR,2026-09-21,2026-09-21T04:39:29.002985
EBAY,LONG,CONVICTION,87.0,BULL_BOUNCE_PENDING,113.74,108.38,119.43,,18,1.06,FAVORABLE,111.84,STOP,11,VACUUM,2026-09-21,2026-09-21T04:53:47.246880
AAPL,LONG,CONVICTION,86.9,BULL_BOUNCE_PENDING,338.83,330.61,355.77,,12,2.06,FAVORABLE,335.26,STOP,6,COMPRESSION,2026-09-21,2026-09-21T04:27:33.005706
VITL,LONG,CONVICTION,86.8,BULL_BOUNCE_PENDING,12.02,11.28,13.28,13.68,135,1.71,FAVORABLE,12.0005,STOP,13,COMPRESSION,2026-09-21,2026-09-21T04:22:17.568000
PENG,LONG,CONVICTION,86.8,BULL_BOUNCE_CONFIRMED,54.42,48.56,57.14,,17,0.46,FAVORABLE,54.42,LIMIT,9,CONVICTION,2026-09-21,2026-09-21T04:27:04.279116
RPD,LONG,CONVICTION,86.8,BULL_BOUNCE_PENDING,12.74,11.37,13.38,,73,0.47,FAVORABLE,11.9862,STOP,20,COMPRESSION,2026-09-21,2026-09-21T04:37:04.940210
CLMT,LONG,CONVICTION,86.7,BULL_BOUNCE_PENDING,59.73,56.27,62.72,,28,0.86,FAVORABLE,58.46,STOP,2,MINOR,2026-09-21,2026-09-21T04:34:38.284482
ASAN,LONG,CONVICTION,86.6,BULL_BOUNCE_PENDING,10.1,9.14,10.61,,104,0.53,FAVORABLE,9.51,STOP,15,COMPRESSION,2026-09-21,2026-09-21T04:30:42.408452
WHD,LONG,CONVICTION,86.5,BULL_BOUNCE_PENDING,67.38,63.85,72.8,,28,1.53,FAVORABLE,66.6825,STOP,20,COMPRESSION,2026-09-21,2026-09-21T04:36:10.284896
ETHU,LONG,CONVICTION,86.4,BULL_BOUNCE_PENDING,30.48,28.9,32.0,,63,0.97,FAVORABLE,31.1,LIMIT,1,CONVICTION,2026-09-21,2026-09-21T04:43:38.995503
TARS,LONG,CONVICTION,86.3,BULL_BOUNCE_PENDING,76.53,73.19,86.31,86.31,29,2.93,FAVORABLE,78.09,LIMIT,20,COMPRESSION,2026-09-21,2026-09-21T04:36:01.067862
MLI,LONG,CONVICTION,86.3,BULL_BOUNCE_PENDING,60.66,58.35,65.71,68.06,43,2.19,FAVORABLE,60.07,STOP,20,MINOR,2026-09-21,2026-09-21T04:47:33.626280
SLDE,LONG,CONVICTION,86.2,BULL_BOUNCE_PENDING,25.4,24.18,26.67,,81,1.04,FAVORABLE,25.0,STOP,20,MINOR,2026-09-21,2026-09-21T04:50:15.089310
PAA,LONG,CONVICTION,86.1,BULL_BOUNCE_PENDING,25.67,24.99,26.95,,146,1.89,FAVORABLE,25.39,STOP,17,MINOR,2026-09-21,2026-09-21T04:47:38.489292
FRO,LONG,CONVICTION,86.0,BULL_BOUNCE_PENDING,51.87,49.14,54.46,,36,0.95,FAVORABLE,50.8383,STOP,20,CONVICTION,2026-09-21,2026-09-21T04:38:08.233009
OCTV,LONG,CONVICTION,86.0,BULL_BOUNCE_PENDING,18.48,17.64,21.0,21.0,118,2.99,FAVORABLE,18.86,LIMIT,13,COMPRESSION,2026-09-21,2026-09-21T04:38:39.178378
BLSM,LONG,CONVICTION,85.9,BULL_BOUNCE_PENDING,27.58,24.64,28.96,,33,0.47,FAVORABLE,25.74,STOP,16,CONVICTION,2026-09-21,2026-09-21T04:23:44.143950
VELO,LONG,CONVICTION,85.9,BULL_BOUNCE_CONFIRMED,10.65,10.06,11.7,12.0,169,1.78,FAVORABLE,10.65,LIMIT,20,COMPRESSION,2026-09-21,2026-09-21T04:31:17.284048
TYL,LONG,CONVICTION,85.9,BULL_BOUNCE_PENDING,342.38,330.55,372.03,370.93,8,2.51,FAVORABLE,344.18,STOP,20,CONVICTION,2026-09-21,2026-09-21T04:48:33.026384
VAC,LONG,CONVICTION,85.9,BULL_BOUNCE_PENDING,105.05,98.93,114.29,,16,1.51,FAVORABLE,103.0225,STOP,20,CONVICTION,2026-09-21,2026-09-21T04:51:34.213591
SPCX,LONG,CONVICTION,85.8,BULL_BOUNCE_PENDING,156.76,151.88,176.04,171.02,20,3.95,FAVORABLE,154.24,STOP,15,CONVICTION,2026-09-21,2026-09-21T04:29:59.189377
ENS,LONG,CONVICTION,85.7,BULL_BOUNCE_CONFIRMED,178.12,171.67,198.46,195.1,15,3.15,FAVORABLE,178.1225,LIMIT,20,CONVICTION,2026-09-21,2026-09-21T04:40:50.742181
MGA,LONG,CONVICTION,85.5,BULL_BOUNCE_PENDING,61.87,56.46,72.0,,18,1.87,FAVORABLE,63.13,LIMIT,20,CONVICTION,2026-09-21,2026-09-21T04:50:04.697288
CDNL,LONG,CONVICTION,85.4,BULL_BOUNCE_PENDING,30.25,24.77,31.77,,18,0.28,FAVORABLE,30.87,LIMIT,15,CONVICTION,2026-09-21,2026-09-21T04:40:41.440160
CACI,LONG,CONVICTION,85.2,BULL_BOUNCE_PENDING,638.57,623.72,666.01,,6,1.85,FAVORABLE,631.0,STOP,20,CONVICTION,2026-09-21,2026-09-21T04:36:33.212502
NCPL,LONG,CONVICTION,85.2,BULL_BOUNCE_PENDING,0.78,0.68,0.81,,1035,0.4,FAVORABLE,0.791,LIMIT,6,MINOR,2026-09-21,2026-09-21T04:47:58.523324
OOMA,LONG,CONVICTION,85.0,BULL_BOUNCE_PENDING,22.4,20.43,23.52,,50,0.57,FAVORABLE,22.86,LIMIT,14,COMPRESSION,2026-09-21,2026-09-21T04:23:27.565914
AXTI,LONG,CONVICTION,85.0,CHANNEL_GAP_BREAKOUT_LONG,73.3,69.63,82.43,,27,2.49,FAVORABLE,73.3,LIMIT,2,MINOR,2026-09-21,2026-09-21T04:26:43.244474
BX,SHORT,CONVICTION,85.0,BEAR_REJECTION_PENDING,126.81,129.15,112.25,120.98,42,6.22,FAVORABLE,126.24,LIMIT,20,CONVICTION,2026-09-21,2026-09-21T04:36:32.177500
S,LONG,CONVICTION,84.7,BULL_BOUNCE_PENDING,22.17,19.65,23.28,,39,0.44,FAVORABLE,22.62,LIMIT,19,COMPRESSION,2026-09-21,2026-09-21T04:26:04.783688
NRGV,LONG,CONVICTION,84.7,BULL_BOUNCE_PENDING,4.54,4.21,4.77,,301,0.69,FAVORABLE,4.435,STOP,3,MINOR,2026-09-21,2026-09-21T04:33:29.572603
GMED,LONG,CONVICTION,84.7,BULL_BOUNCE_PENDING,75.11,72.51,82.07,83.99,38,2.68,FAVORABLE,74.0825,STOP,20,COMPRESSION,2026-09-21,2026-09-21T04:35:05.161615
ZIM,LONG,CONVICTION,84.7,BULL_BOUNCE_PENDING,30.39,29.24,31.91,,86,1.32,FAVORABLE,30.12,STOP,11,MINOR,2026-09-21,2026-09-21T04:41:37.615429
EXEL,LONG,CONVICTION,84.7,BULL_BOUNCE_PENDING,59.21,56.69,62.17,,39,1.17,FAVORABLE,57.5,STOP,4,MINOR,2026-09-21,2026-09-21T04:46:47.795143
TEX,SHORT,CONVICTION,84.7,BEAR_REJECTION_PENDING,59.06,61.12,52.38,53.15,48,3.24,FAVORABLE,59.0375,LIMIT,20,CONVICTION,2026-09-21,2026-09-21T04:50:20.275857
ARXS,LONG,CONVICTION,84.7,BULL_BOUNCE_PENDING,52.98,49.62,58.13,,29,1.53,FAVORABLE,52.01,STOP,15,COMPRESSION,2026-09-21,2026-09-21T04:53:54.297449
SAIL,LONG,CONVICTION,84.6,BULL_BOUNCE_PENDING,19.58,17.61,22.72,,50,1.6,FAVORABLE,19.9761,LIMIT,8,COMPRESSION,2026-09-21,2026-09-21T04:31:12.260501
HGTY,LONG,CONVICTION,84.4,BULL_BOUNCE_CONFIRMED,14.11,13.62,14.82,,204,1.44,FAVORABLE,14.11,LIMIT,0,NONE,2026-09-21,2026-09-21T04:52:27.938234
VZ,LONG,CONVICTION,84.3,BULL_BOUNCE_PENDING,48.24,46.72,50.72,,65,1.63,FAVORABLE,48.19,STOP,20,MINOR,2026-09-21,2026-09-21T04:26:16.786788
EXPD,LONG,CONVICTION,84.3,BULL_BOUNCE_PENDING,191.21,186.1,200.77,,19,1.87,FAVORABLE,190.94,STOP,11,MINOR,2026-09-21,2026-09-21T04:38:00.690969
IGV,LONG,CONVICTION,84.3,BULL_BOUNCE_PENDING,102.77,101.39,108.1,113.4,72,3.85,FAVORABLE,104.87,LIMIT,20,COMPRESSION,2026-09-21,2026-09-21T04:48:23.666367
CERT,LONG,CONVICTION,84.1,BULL_BOUNCE_PENDING,8.66,8.13,9.09,,189,0.82,FAVORABLE,8.4225,STOP,18,MINOR,2026-09-21,2026-09-21T04:22:17.557001
TMDX,LONG,CONVICTION,84.1,BULL_BOUNCE_PENDING,88.07,84.54,94.31,99.0,28,1.77,FAVORABLE,86.4225,STOP,19,VACUUM,2026-09-21,2026-09-21T04:36:03.439870
CELH,LONG,CONVICTION,84.0,BULL_BOUNCE_PENDING,27.73,22.63,29.12,,19,0.27,FAVORABLE,28.3,LIMIT,20,COMPRESSION,2026-09-21,2026-09-21T04:32:22.551829
WMS,LONG,CONVICTION,84.0,BULL_BOUNCE_PENDING,126.55,120.9,135.76,140.52,17,1.63,FAVORABLE,126.0525,STOP,20,CONVICTION,2026-09-21,2026-09-21T04:40:24.138274
AGCO,LONG,CONVICTION,84.0,BULL_BOUNCE_PENDING,117.4,112.82,135.44,136.95,21,3.95,FAVORABLE,119.7925,LIMIT,20,CONVICTION,2026-09-21,2026-09-21T04:40:30.495780
ELMT,LONG,CONVICTION,84.0,BULL_BOUNCE_PENDING,23.21,20.08,24.37,,31,0.37,FAVORABLE,22.62,STOP,11,MINOR,2026-09-21,2026-09-21T04:52:59.907930
CSTL,LONG,CONVICTION,83.9,BULL_BOUNCE_PENDING,36.58,34.37,38.41,,45,0.83,FAVORABLE,35.34,STOP,20,COMPRESSION,2026-09-21,2026-09-21T04:23:38.788938
NVAX,LONG,CONVICTION,83.9,BULL_BOUNCE_PENDING,10.16,9.3,10.67,,116,0.59,FAVORABLE,10.03,STOP,7,CONVICTION,2026-09-21,2026-09-21T04:45:40.394872
PCLA,LONG,CONVICTION,83.8,BULL_BOUNCE_PENDING,6.72,3.99,7.06,,36,0.12,FAVORABLE,6.86,LIMIT,10,CONVICTION,2026-09-21,2026-09-21T04:52:23.431213
CROX,LONG,CONVICTION,83.8,BULL_BOUNCE_PENDING,123.9,117.71,135.85,137.99,16,1.93,FAVORABLE,122.24,STOP,20,COMPRESSION,2026-09-21,2026-09-21T04:53:33.275761
ORKA,LONG,CONVICTION,83.6,BULL_BOUNCE_PENDING,94.24,92.79,106.75,98.93,68,8.6,FAVORABLE,94.96,LIMIT,20,CONVICTION,2026-09-21,2026-09-21T04:35:39.756710
BCO,LONG,CONVICTION,83.6,BULL_BOUNCE_PENDING,107.38,102.83,117.89,119.1,21,2.31,FAVORABLE,106.115,STOP,20,COMPRESSION,2026-09-21,2026-09-21T04:36:27.293951
PRIM,LONG,CONVICTION,83.6,BULL_BOUNCE_PENDING,77.93,73.8,84.95,,24,1.7,FAVORABLE,77.1325,STOP,15,VACUUM,2026-09-21,2026-09-21T04:41:21.609321
BAH,LONG,CONVICTION,83.6,BULL_BOUNCE,77.25,74.86,84.0,83.22,41,2.83,FAVORABLE,77.25,LIMIT,20,COMPRESSION,2026-09-21,2026-09-21T04:43:05.131361
XOP,LONG,CONVICTION,83.5,BULL_BOUNCE_PENDING,184.73,178.08,196.86,200.21,15,1.82,FAVORABLE,188.5,LIMIT,20,VACUUM,2026-09-21,2026-09-21T04:36:13.850904
YUM,LONG,CONVICTION,83.5,BULL_BOUNCE_PENDING,135.24,127.33,150.02,153.44,12,1.87,FAVORABLE,138.0,LIMIT,20,COMPRESSION,2026-09-21,2026-09-21T04:39:08.941609
QRVO,LONG,CONVICTION,83.5,BULL_BOUNCE_PENDING,120.88,112.77,126.92,,12,0.75,FAVORABLE,117.1775,STOP,1,MINOR,2026-09-21,2026-09-21T04:50:09.814296
XOM,LONG,CONVICTION,83.4,BULL_BOUNCE,162.25,158.36,173.37,,25,2.86,FAVORABLE,162.25,LIMIT,20,CONVICTION,2026-09-21,2026-09-21T04:26:34.407898
AVAV,LONG,CONVICTION,83.4,BULL_BOUNCE,160.06,150.99,175.53,183.38,11,1.7,FAVORABLE,160.062,LIMIT,20,CONVICTION,2026-09-21,2026-09-21T04:32:14.681744
GEV,LONG,CONVICTION,83.4,BULL_BOUNCE_CONFIRMED,955.0,921.37,1046.89,1033.37,2,2.73,FAVORABLE,955.0,LIMIT,20,CONVICTION,2026-09-21,2026-09-21T04:47:24.415264
NVMI,LONG,CONVICTION,83.4,BULL_BOUNCE_PENDING,355.72,346.65,403.38,376.82,11,5.25,FAVORABLE,362.98,LIMIT,20,CONVICTION,2026-09-21,2026-09-21T04:51:23.042573
RAL,LONG,CONVICTION,83.4,BULL_BOUNCE_PENDING,68.26,65.25,72.99,,33,1.57,FAVORABLE,67.9625,STOP,19,COMPRESSION,2026-09-21,2026-09-21T04:52:14.119203
TSAT,LONG,CONVICTION,83.3,BULL_BOUNCE,48.93,42.79,62.98,,16,2.29,FAVORABLE,48.93,LIMIT,20,MINOR,2026-09-21,2026-09-21T04:23:53.596972
FTI,LONG,CONVICTION,83.3,BULL_BOUNCE_PENDING,73.04,69.34,80.22,,27,1.94,FAVORABLE,72.5,STOP,20,COMPRESSION,2026-09-21,2026-09-21T04:35:00.832605
COIN,LONG,CONVICTION,83.1,BULL_BOUNCE_PENDING,195.41,191.53,222.75,207.29,25,7.06,FAVORABLE,199.18,LIMIT,3,COMPRESSION,2026-09-21,2026-09-21T04:26:24.530348
TECK,LONG,CONVICTION,83.1,BULL_BOUNCE_PENDING,64.19,59.9,71.02,,23,1.59,FAVORABLE,65.5,LIMIT,20,COMPRESSION,2026-09-21,2026-09-21T04:28:03.061822
NVCR,LONG,CONVICTION,83.1,BULL_BOUNCE,16.69,15.89,18.19,,125,1.88,FAVORABLE,16.69,LIMIT,20,MINOR,2026-09-21,2026-09-21T04:44:06.055554
GDX,LONG,CONVICTION,83.1,BULL_BOUNCE_PENDING,96.35,91.31,104.2,,19,1.56,FAVORABLE,95.85,STOP,20,COMPRESSION,2026-09-21,2026-09-21T04:44:42.904761
KD,SHORT,CONVICTION,83.0,BEAR_REJECTION_PENDING,12.24,23.04,11.63,,9,0.06,FAVORABLE,12.09,LIMIT,20,CONVICTION,2026-09-21,2026-09-21T04:30:45.993457
HALO,LONG,CONVICTION,83.0,BULL_BOUNCE_CONFIRMED,113.0,106.05,118.65,,14,0.81,FAVORABLE,113.0,LIMIT,0,NONE,2026-09-21,2026-09-21T04:32:57.805020
ECHO,LONG,CONVICTION,83.0,BULL_BOUNCE_PENDING,92.23,89.35,98.28,102.15,34,2.11,FAVORABLE,94.11,LIMIT,13,MINOR,2026-09-21,2026-09-21T04:37:55.457026
EAT,LONG,CONVICTION,83.0,BULL_BOUNCE_PENDING,201.19,195.73,220.09,221.49,18,3.46,FAVORABLE,198.0,STOP,20,CONVICTION,2026-09-21,2026-09-21T04:37:53.288022
CGNX,SHORT,CONVICTION,83.0,BEAR_REJECTION_PENDING,61.1,62.85,56.08,55.7,57,2.88,FAVORABLE,60.9468,LIMIT,20,COMPRESSION,2026-09-21,2026-09-21T04:40:44.274167
IPGP,SHORT,CONVICTION,83.0,BEAR_REJECTION_PENDING,76.55,79.61,69.12,66.19,32,2.43,FAVORABLE,76.5475,LIMIT,20,CONVICTION,2026-09-21,2026-09-21T04:47:27.677270
ATI,LONG,CONVICTION,83.0,BULL_BOUNCE_PENDING,192.53,182.08,209.46,220.17,9,1.62,FAVORABLE,191.6325,STOP,20,CONVICTION,2026-09-21,2026-09-21T04:51:12.402557
ACI,SHORT,CONVICTION,83.0,BEAR_REJECTION_PENDING,12.5,14.67,11.88,,46,0.29,FAVORABLE,12.36,LIMIT,16,CONVICTION,2026-09-21,2026-09-21T04:52:40.283299
HONA,LONG,CONVICTION,82.9,BULL_BOUNCE_PENDING,161.7,157.54,178.86,181.06,24,4.12,FAVORABLE,165.0,LIMIT,11,COMPRESSION,2026-09-21,2026-09-21T04:33:00.659025
REZI,LONG,CONVICTION,82.9,BULL_BOUNCE_PENDING,18.65,17.7,21.11,21.11,104,2.58,FAVORABLE,18.3725,STOP,20,COMPRESSION,2026-09-21,2026-09-21T04:36:20.980929
ON,SHORT,CONVICTION,82.8,BEAR_REJECTION_PENDING,72.38,75.18,62.92,62.53,35,3.38,FAVORABLE,70.99,LIMIT,20,CONVICTION,2026-09-21,2026-09-21T04:29:03.316608
TSHA,LONG,CONVICTION,82.7,BULL_BOUNCE_PENDING,5.29,4.91,5.55,,261,0.69,FAVORABLE,5.02,STOP,20,COMPRESSION,2026-09-21,2026-09-21T04:25:37.259099
RMD,LONG,CONVICTION,82.7,BULL_BOUNCE_PENDING,228.61,219.34,250.08,254.3,10,2.32,FAVORABLE,224.99,STOP,20,CONVICTION,2026-09-21,2026-09-21T04:35:50.449749
AXGN,LONG,CONVICTION,82.7,BULL_BOUNCE_PENDING,45.71,42.04,48.0,,27,0.62,FAVORABLE,44.23,STOP,20,CONVICTION,2026-09-21,2026-09-21T04:45:21.320831
F,LONG,CONVICTION,82.6,BULL_BOUNCE_PENDING,13.61,12.93,14.78,,147,1.72,FAVORABLE,13.27,STOP,20,COMPRESSION,2026-09-21,2026-09-21T04:27:42.979787
LULU,SHORT,CONVICTION,82.6,BEAR_REJECTION_PENDING,100.61,121.76,95.58,,4,0.24,FAVORABLE,98.66,LIMIT,19,CONVICTION,2026-09-21,2026-09-21T04:45:39.767872
DOW,LONG,CONVICTION,82.5,BULL_BOUNCE_PENDING,29.4,27.83,32.71,32.98,63,2.1,FAVORABLE,28.7,STOP,20,CONVICTION,2026-09-21,2026-09-21T04:26:34.736900
GWRE,SHORT,CONVICTION,82.5,BEAR_REJECTION_PENDING,145.0,148.15,124.29,126.02,31,6.57,FAVORABLE,144.2925,LIMIT,20,CONVICTION,2026-09-21,2026-09-21T04:32:56.117019
CPRI,LONG,CONVICTION,82.4,BULL_BOUNCE_PENDING,15.17,14.16,15.93,,99,0.75,FAVORABLE,14.75,STOP,11,COMPRESSION,2026-09-21,2026-09-21T04:50:47.848968
FSLR,SHORT,CONVICTION,82.4,BEAR_REJECTION_PENDING,202.88,207.48,187.0,187.86,21,3.45,FAVORABLE,198.903,LIMIT,20,CONVICTION,2026-09-21,2026-09-21T04:51:50.353622
ARQT,LONG,CONVICTION,82.3,BULL_BOUNCE,25.22,24.07,28.18,28.32,86,2.57,FAVORABLE,25.2207,LIMIT,20,MINOR,2026-09-21,2026-09-21T04:34:24.551381
ABM,LONG,CONVICTION,82.3,BULL_BOUNCE_PENDING,49.83,47.5,56.04,,42,2.67,FAVORABLE,49.7725,STOP,20,CONVICTION,2026-09-21,2026-09-21T04:51:40.468606
FANG,LONG,CONVICTION,82.2,BULL_BOUNCE_PENDING,189.42,187.1,197.03,196.02,43,3.28,FAVORABLE,192.5,LIMIT,20,CONVICTION,2026-09-21,2026-09-21T04:34:54.028044
CPOP,LONG,CONVICTION,82.1,BULL_BOUNCE_PENDING,5.48,4.6,5.75,,113,0.31,FAVORABLE,4.13,STOP,2,MINOR,2026-09-21,2026-09-21T04:22:41.860863
AI,LONG,CONVICTION,82.1,BULL_BOUNCE_PENDING,11.09,10.3,11.64,,127,0.71,FAVORABLE,10.53,STOP,10,COMPRESSION,2026-09-21,2026-09-21T04:28:25.155924
WYFI,LONG,CONVICTION,82.1,BULL_BOUNCE_CONFIRMED,19.15,17.96,20.11,,84,0.8,FAVORABLE,19.15,LIMIT,8,MINOR,2026-09-21,2026-09-21T04:29:24.786782
ALC,LONG,CONVICTION,82.1,BULL_BOUNCE_PENDING,64.28,63.32,69.64,71.89,103,5.56,FAVORABLE,65.05,LIMIT,20,COMPRESSION,2026-09-21,2026-09-21T04:30:33.885438
INSP,LONG,CONVICTION,82.0,BULL_BOUNCE_PENDING,77.65,76.52,81.53,,88,3.45,FAVORABLE,78.7247,LIMIT,0,NONE,2026-09-21,2026-09-21T04:23:31.221926
GPRO,LONG,CONVICTION,82.0,BULL_BOUNCE_PENDING,1.26,0.87,1.33,,254,0.16,FAVORABLE,1.29,LIMIT,11,COMPRESSION,2026-09-21,2026-09-21T04:24:58.541776
CTSH,LONG,CONVICTION,82.0,BULL_BOUNCE_PENDING,61.95,58.85,65.05,,32,1.0,FAVORABLE,60.1303,STOP,20,COMPRESSION,2026-09-21,2026-09-21T04:28:44.561490
MVIS,LONG,CONVICTION,82.0,BULL_BOUNCE_CONFIRMED,1.72,1.59,1.93,,780,1.64,FAVORABLE,1.7201,LIMIT,9,MINOR,2026-09-21,2026-09-21T04:30:05.428389
BILL,LONG,CONVICTION,82.0,BULL_BOUNCE_PENDING,47.99,45.37,53.52,54.01,38,2.11,FAVORABLE,47.5725,STOP,20,COMPRESSION,2026-09-21,2026-09-21T04:34:24.687382
GDDY,LONG,CONVICTION,82.0,BULL_BOUNCE_PENDING,98.6,95.02,106.79,111.96,27,2.29,FAVORABLE,97.46,STOP,20,COMPRESSION,2026-09-21,2026-09-21T04:38:09.988151
BOOT,LONG,CONVICTION,82.0,BULL_BOUNCE_PENDING,120.46,111.08,134.8,,10,1.53,FAVORABLE,122.9225,LIMIT,20,MINOR,2026-09-21,2026-09-21T04:43:16.823385
CNXC,LONG,CONVICTION,81.9,BULL_BOUNCE_PENDING,28.73,25.71,30.17,,33,0.48,FAVORABLE,27.8675,STOP,16,COMPRESSION,2026-09-21,2026-09-21T04:43:20.251391
GTM,LONG,CONVICTION,81.8,BULL_BOUNCE_PENDING,4.07,3.73,4.27,,293,0.6,FAVORABLE,3.82,STOP,17,CONVICTION,2026-09-21,2026-09-21T04:29:40.398345
APA,LONG,CONVICTION,81.8,BULL_BOUNCE,44.98,43.4,47.38,,63,1.51,FAVORABLE,44.9838,LIMIT,20,MINOR,2026-09-21,2026-09-21T04:32:09.263735
BMY,LONG,CONVICTION,81.7,BULL_BOUNCE_PENDING,63.13,61.78,65.66,67.24,74,1.87,FAVORABLE,63.1,STOP,20,COMPRESSION,2026-09-21,2026-09-21T04:27:38.454248
UGI,LONG,CONVICTION,81.7,BULL_BOUNCE_PENDING,38.09,37.07,39.95,,97,1.82,FAVORABLE,37.57,STOP,20,COMPRESSION,2026-09-21,2026-09-21T04:37:22.435255
BEN,LONG,CONVICTION,81.7,BULL_BOUNCE_PENDING,33.27,32.03,35.14,,80,1.51,FAVORABLE,33.01,STOP,20,COMPRESSION,2026-09-21,2026-09-21T04:51:14.508559
NUE,LONG,CONVICTION,81.6,BULL_BOUNCE_PENDING,259.26,246.83,272.22,,8,1.04,FAVORABLE,248.99,STOP,20,CONVICTION,2026-09-21,2026-09-21T04:50:09.178298
PGR,SHORT,CONVICTION,81.5,BEAR_REJECTION_PENDING,214.06,217.37,198.28,192.68,30,4.77,FAVORABLE,212.7369,LIMIT,20,CONVICTION,2026-09-21,2026-09-21T04:44:08.573559
BDC,LONG,CONVICTION,81.5,BULL_BOUNCE_PENDING,108.7,106.47,117.25,117.25,44,3.83,FAVORABLE,110.9175,LIMIT,20,CONVICTION,2026-09-21,2026-09-21T04:49:42.441184
DX,LONG,CONVICTION,81.4,BULL_BOUNCE_PENDING,12.32,12.01,13.15,13.91,327,2.72,FAVORABLE,12.0968,STOP,20,COMPRESSION,2026-09-21,2026-09-21T04:24:42.315744
MUR,LONG,CONVICTION,81.4,BULL_BOUNCE_PENDING,38.01,36.58,40.47,42.1,69,1.72,FAVORABLE,37.3875,STOP,20,COMPRESSION,2026-09-21,2026-09-21T04:35:27.306666
MMED,LONG,CONVICTION,81.4,BULL_BOUNCE_PENDING,21.35,19.98,22.42,,72,0.78,FAVORABLE,21.79,LIMIT,6,MINOR,2026-09-21,2026-09-21T04:49:32.805638
AUR,LONG,CONVICTION,81.3,BULL_BOUNCE_PENDING,6.23,5.8,6.93,7.24,229,1.6,FAVORABLE,6.36,LIMIT,9,COMPRESSION,2026-09-21,2026-09-21T04:28:42.679487
OKE,LONG,CONVICTION,81.3,BULL_BOUNCE_PENDING,91.59,88.79,102.95,102.95,35,4.06,FAVORABLE,93.46,LIMIT,19,CONVICTION,2026-09-21,2026-09-21T04:47:36.903289
CENX,LONG,CONVICTION,81.2,BULL_BOUNCE_PENDING,38.5,36.91,43.0,43.0,62,2.82,FAVORABLE,39.29,LIMIT,20,CONVICTION,2026-09-21,2026-09-21T04:32:23.313831
EMR,LONG,CONVICTION,81.1,BULL_BOUNCE_PENDING,147.26,145.1,153.77,153.77,46,3.01,FAVORABLE,149.92,LIMIT,20,CONVICTION,2026-09-21,2026-09-21T04:36:37.641517
MSTU,LONG,CONVICTION,81.1,BULL_BOUNCE_PENDING,44.4,39.58,46.62,,20,0.46,FAVORABLE,45.31,LIMIT,4,CONVICTION,2026-09-21,2026-09-21T04:43:59.183541
AVNT,LONG,CONVICTION,81.0,BULL_BOUNCE_PENDING,39.55,37.84,43.25,44.59,58,2.16,FAVORABLE,40.3575,LIMIT,20,COMPRESSION,2026-09-21,2026-09-21T04:32:15.470286
MPC,LONG,CONVICTION,81.0,BULL_BOUNCE_PENDING,419.5,415.46,425.57,,24,1.5,FAVORABLE,425.3,LIMIT,4,MINOR,2026-09-21,2026-09-21T04:35:23.533651
ATRO,LONG,CONVICTION,81.0,BULL_BOUNCE_PENDING,66.54,63.29,71.94,,30,1.66,FAVORABLE,65.71,STOP,20,CONVICTION,2026-09-21,2026-09-21T04:37:33.081819
EROC,LONG,CONVICTION,81.0,BULL_BOUNCE_PENDING,12.98,12.61,13.74,14.14,265,2.0,FAVORABLE,13.25,LIMIT,17,MINOR,2026-09-21,2026-09-21T04:38:00.172896
PBR,LONG,CONVICTION,81.0,BULL_BOUNCE,20.77,20.09,21.87,,147,1.62,FAVORABLE,20.77,LIMIT,20,COMPRESSION,2026-09-21,2026-09-21T04:49:33.048638
AGIO,LONG,CONVICTION,80.9,BULL_BOUNCE_PENDING,33.43,31.46,37.03,,50,1.83,FAVORABLE,32.4208,STOP,20,COMPRESSION,2026-09-21,2026-09-21T04:37:30.132277
W,LONG,CONVICTION,80.9,BULL_BOUNCE_PENDING,100.4,95.1,111.5,116.89,18,2.09,FAVORABLE,102.45,LIMIT,15,MINOR,2026-09-21,2026-09-21T04:53:12.114059
SDST,LONG,CONVICTION,80.8,BULL_BOUNCE_PENDING,0.17,0.12,0.18,,1901,0.16,FAVORABLE,0.1218,STOP,11,COMPRESSION,2026-09-21,2026-09-21T04:22:57.757780
ISRG,LONG,CONVICTION,80.8,BULL_BOUNCE_PENDING,385.49,378.08,446.91,446.91,13,8.29,FAVORABLE,393.36,LIMIT,20,CONVICTION,2026-09-21,2026-09-21T04:27:42.470259
BMRN,LONG,CONVICTION,80.7,BULL_BOUNCE,64.65,62.98,70.61,70.69,59,3.57,FAVORABLE,64.65,LIMIT,20,COMPRESSION,2026-09-21,2026-09-21T04:34:26.327385
MRNX,LONG,CONVICTION,80.7,BULL_BOUNCE_PENDING,98.88,92.72,103.82,,16,0.8,FAVORABLE,96.38,STOP,8,MINOR,2026-09-21,2026-09-21T04:43:54.798533
INBX,LONG,CONVICTION,80.7,BULL_BOUNCE_PENDING,107.9,105.32,117.22,120.59,38,3.61,FAVORABLE,109.35,LIMIT,20,CONVICTION,2026-09-21,2026-09-21T04:46:53.115149
VIST,LONG,CONVICTION,80.7,BULL_BOUNCE,72.52,69.2,78.4,,30,1.77,FAVORABLE,72.52,LIMIT,20,COMPRESSION,2026-09-21,2026-09-21T04:50:22.501862
NOV,LONG,CONVICTION,80.6,BULL_BOUNCE_PENDING,20.53,19.61,21.56,,108,1.11,FAVORABLE,20.1,STOP,17,COMPRESSION,2026-09-21,2026-09-21T04:35:35.842696
NASA,LONG,CONVICTION,80.4,BULL_BOUNCE_PENDING,24.45,23.36,26.95,27.46,91,2.29,FAVORABLE,24.16,STOP,20,COMPRESSION,2026-09-21,2026-09-21T04:33:23.695593
AGQ,LONG,CONVICTION,80.4,BULL_BOUNCE_PENDING,82.76,76.96,92.91,,17,1.75,FAVORABLE,81.12,STOP,20,MINOR,2026-09-21,2026-09-21T04:34:17.232370
AR,LONG,CONVICTION,80.4,BULL_BOUNCE_PENDING,35.72,33.98,39.17,39.94,57,1.99,FAVORABLE,34.92,STOP,20,COMPRESSION,2026-09-21,2026-09-21T04:34:21.652377
TXG,LONG,CONVICTION,80.3,BULL_BOUNCE_PENDING,76.23,73.65,80.05,,38,1.47,FAVORABLE,77.79,LIMIT,1,MINOR,2026-09-21,2026-09-21T04:34:00.025808
DIS,LONG,CONVICTION,80.2,BULL_BOUNCE_PENDING,105.15,101.73,112.69,116.85,29,2.2,FAVORABLE,103.4,STOP,20,COMPRESSION,2026-09-21,2026-09-21T04:27:04.621115
GOSS,LONG,CONVICTION,80.2,BULL_BOUNCE_PENDING,12.5,10.56,13.12,,51,0.32,FAVORABLE,11.4,STOP,7,MINOR,2026-09-21,2026-09-21T04:30:42.085450
AMRX,LONG,CONVICTION,80.2,BULL_BOUNCE_PENDING,18.83,17.87,20.5,,103,1.74,FAVORABLE,17.85,STOP,9,MINOR,2026-09-21,2026-09-21T04:37:30.448277
Q,LONG,CONVICTION,80.2,BULL_BOUNCE_PENDING,117.65,116.06,126.74,136.0,62,5.73,FAVORABLE,120.05,LIMIT,20,CONVICTION,2026-09-21,2026-09-21T04:44:59.226792
GLW,LONG,CONVICTION,80.1,BULL_BOUNCE_CONFIRMED,154.15,147.2,164.73,,14,1.52,FAVORABLE,154.1474,LIMIT,20,VACUUM,2026-09-21,2026-09-21T04:27:13.239134
ELV,LONG,CONVICTION,80.1,BULL_BOUNCE_PENDING,415.78,401.51,444.35,,7,2.0,FAVORABLE,410.95,STOP,13,CONVICTION,2026-09-21,2026-09-21T04:37:58.432035
WDAY,LONG,CONVICTION,80.0,BULL_BOUNCE_PENDING,199.7,191.05,215.54,219.87,11,1.83,FAVORABLE,195.0,STOP,18,MINOR,2026-09-21,2026-09-21T04:30:45.544456
UMAC,LONG,CONVICTION,80.0,CHANNEL_GAP_BREAKOUT_LONG,23.5,22.32,26.6,26.52,85,2.64,FAVORABLE,23.5,LIMIT,19,COMPRESSION,2026-09-21,2026-09-21T04:31:19.211050
DNTH,LONG,CONVICTION,80.0,BULL_BOUNCE_PENDING,94.87,85.26,111.31,,10,1.71,FAVORABLE,96.81,LIMIT,20,MINOR,2026-09-21,2026-09-21T04:34:49.315040
GNRC,LONG,CONVICTION,80.0,BULL_BOUNCE_CONFIRMED,210.5,176.27,221.03,,2,0.31,FAVORABLE,210.5,LIMIT,8,CONVICTION,2026-09-21,2026-09-21T04:36:44.963539
MELI,LONG,CONVICTION,80.0,BULL_BOUNCE_PENDING,1828.88,1781.05,1945.0,1945.0,2,2.43,FAVORABLE,1799.2708,STOP,20,CONVICTION,2026-09-21,2026-09-21T04:36:52.196096
MPWR,LONG,CONVICTION,80.0,BULL_BOUNCE_PENDING,1241.15,1228.52,1298.38,1306.03,7,4.53,FAVORABLE,1243.01,LIMIT,20,CONVICTION,2026-09-21,2026-09-21T04:41:11.582296
RVTY,LONG,CONVICTION,80.0,BULL_BOUNCE_PENDING,147.03,139.73,154.38,,13,1.01,FAVORABLE,144.86,STOP,20,COMPRESSION,2026-09-21,2026-09-21T04:45:04.369801
TMO,LONG,CONVICTION,80.0,BULL_BOUNCE_PENDING,655.53,647.88,688.31,,13,4.28,FAVORABLE,659.98,LIMIT,3,MINOR,2026-09-21,2026-09-21T04:53:27.663739
HBAN,LONG,CONVICTION,79.8,BULL_BOUNCE_PENDING,15.96,15.38,17.41,17.32,173,2.51,FAVORABLE,15.9222,STOP,20,COMPRESSION,2026-09-21,2026-09-21T04:28:46.446493
META,LONG,CONVICTION,79.8,BULL_BOUNCE_PENDING,690.84,665.17,725.38,,3,1.35,FAVORABLE,683.06,STOP,8,CONVICTION,2026-09-21,2026-09-21T04:30:11.010398
SEI,LONG,CONVICTION,79.8,BULL_BOUNCE_PENDING,70.17,68.84,76.6,77.95,75,4.84,FAVORABLE,70.7,LIMIT,18,COMPRESSION,2026-09-21,2026-09-21T04:41:24.741324
DYN,LONG,CONVICTION,79.8,BULL_BOUNCE_PENDING,18.17,16.0,19.08,,46,0.42,FAVORABLE,17.06,STOP,20,CONVICTION,2026-09-21,2026-09-21T04:51:46.574614
BLLN,LONG,CONVICTION,79.6,BULL_BOUNCE,105.92,100.66,111.22,,19,1.01,FAVORABLE,105.92,LIMIT,10,COMPRESSION,2026-09-21,2026-09-21T04:23:31.236925
KOPN,LONG,CONVICTION,79.6,BULL_BOUNCE_CONFIRMED,4.76,4.4,5.32,,276,1.55,FAVORABLE,4.76,LIMIT,12,COMPRESSION,2026-09-21,2026-09-21T04:36:49.884557
BABX,LONG,CONVICTION,79.6,BULL_BOUNCE_PENDING,18.29,17.08,20.16,21.26,82,1.55,FAVORABLE,18.61,STOP,20,COMPRESSION,2026-09-21,2026-09-21T04:44:35.476213
CHPT,LONG,CONVICTION,79.6,BULL_BOUNCE_PENDING,10.14,9.69,10.65,,221,1.12,FAVORABLE,10.35,LIMIT,0,NONE,2026-09-21,2026-09-21T04:50:27.055867
FPS,LONG,CONVICTION,79.5,BULL_BOUNCE_CONFIRMED,40.27,37.87,44.56,45.82,41,1.79,FAVORABLE,40.27,LIMIT,13,CONVICTION,2026-09-21,2026-09-21T04:30:27.058424
RUM,LONG,CONVICTION,79.5,BULL_BOUNCE_CONFIRMED,9.2,8.85,10.44,10.15,282,3.5,FAVORABLE,9.2,LIMIT,8,COMPRESSION,2026-09-21,2026-09-21T04:38:47.559487
CDW,LONG,CONVICTION,79.5,BULL_BOUNCE_PENDING,143.7,141.89,153.0,149.35,55,5.11,FAVORABLE,146.09,LIMIT,20,CONVICTION,2026-09-21,2026-09-21T04:39:22.278004
ZS,LONG,CONVICTION,79.4,BULL_BOUNCE_PENDING,199.96,190.62,221.4,,10,2.3,FAVORABLE,198.28,STOP,5,COMPRESSION,2026-09-21,2026-09-21T04:36:14.336907
PEGA,LONG,CONVICTION,79.3,BULL_BOUNCE_PENDING,36.11,33.83,37.92,,43,0.79,FAVORABLE,35.0525,STOP,20,COMPRESSION,2026-09-21,2026-09-21T04:39:57.930698
MIR,LONG,CONVICTION,79.3,BULL_BOUNCE_PENDING,16.52,15.4,17.35,,89,0.74,FAVORABLE,15.7003,STOP,20,COMPRESSION,2026-09-21,2026-09-21T04:49:15.732989
WGS,LONG,CONVICTION,79.2,BULL_BOUNCE_PENDING,105.1,97.61,110.36,,13,0.7,FAVORABLE,101.1,STOP,11,CONVICTION,2026-09-21,2026-09-21T04:34:11.569359
CNX,LONG,CONVICTION,79.2,BULL_BOUNCE_PENDING,33.68,32.26,36.2,36.97,70,1.77,FAVORABLE,32.8875,STOP,20,COMPRESSION,2026-09-21,2026-09-21T04:49:27.749630
TVTX,LONG,CONVICTION,79.2,BULL_BOUNCE_PENDING,64.95,61.22,68.2,,26,0.87,FAVORABLE,62.76,STOP,20,MINOR,2026-09-21,2026-09-21T04:51:55.775635
NCI,LONG,CONVICTION,79.1,BULL_BOUNCE_PENDING,13.73,13.48,15.28,14.71,404,6.27,FAVORABLE,13.935,LIMIT,10,VACUUM,2026-09-21,2026-09-21T04:23:35.438931
ASST,LONG,CONVICTION,79.1,BULL_BOUNCE_CONFIRMED,30.98,28.14,32.53,,35,0.55,FAVORABLE,30.98,LIMIT,0,NONE,2026-09-21,2026-09-21T04:23:51.777968
LABU,LONG,CONVICTION,79.1,BULL_BOUNCE_CONFIRMED,268.0,256.67,287.83,303.55,8,1.75,FAVORABLE,268.0,LIMIT,20,CONVICTION,2026-09-21,2026-09-21T04:35:15.088630
VICR,LONG,CONVICTION,79.1,BULL_BOUNCE_CONFIRMED,227.0,215.31,247.62,260.01,8,1.76,FAVORABLE,227.0,LIMIT,8,CONVICTION,2026-09-21,2026-09-21T04:41:33.649422
DXCM,LONG,CONVICTION,79.1,BULL_BOUNCE_PENDING,88.28,87.53,90.0,92.3,133,2.31,FAVORABLE,89.6,LIMIT,8,COMPRESSION,2026-09-21,2026-09-21T04:45:30.188848
OR,LONG,CONVICTION,79.1,BULL_BOUNCE_PENDING,37.33,35.43,42.05,42.05,52,2.49,FAVORABLE,36.94,STOP,17,COMPRESSION,2026-09-21,2026-09-21T04:46:26.383948
DTM,LONG,CONVICTION,79.1,BULL_BOUNCE_PENDING,123.34,121.7,144.09,144.09,60,12.64,FAVORABLE,125.8575,LIMIT,20,CONVICTION,2026-09-21,2026-09-21T04:47:23.369262
MVST,LONG,CONVICTION,79.0,BULL_BOUNCE_PENDING,0.66,0.59,0.69,,1529,0.5,FAVORABLE,0.637,STOP,20,COMPRESSION,2026-09-21,2026-09-21T04:25:02.526321
HCC,LONG,CONVICTION,79.0,BULL_BOUNCE_PENDING,89.92,83.51,99.98,,15,1.57,FAVORABLE,87.9325,STOP,20,CONVICTION,2026-09-21,2026-09-21T04:35:05.207612
SION,SHORT,CONVICTION,79.0,BEAR_REJECTION_PENDING,6.23,47.09,5.92,,2,0.01,FAVORABLE,6.11,LIMIT,19,CONVICTION,2026-09-21,2026-09-21T04:37:10.030218
PLGO,LONG,CONVICTION,79.0,BULL_BOUNCE_PENDING,23.07,20.15,24.22,,34,0.39,FAVORABLE,23.54,LIMIT,20,COMPRESSION,2026-09-21,2026-09-21T04:39:59.051294
HUT,SHORT,CONVICTION,79.0,BEAR_REJECTION_PENDING,103.9,108.17,90.99,92.39,23,3.02,FAVORABLE,103.01,LIMIT,3,CONVICTION,2026-09-21,2026-09-21T04:40:57.595727
WMG,LONG,CONVICTION,79.0,BULL_BOUNCE_PENDING,28.14,26.82,30.62,32.16,76,1.88,FAVORABLE,28.0175,STOP,20,COMPRESSION,2026-09-21,2026-09-21T04:42:22.977070
SILJ,SHORT,CONVICTION,79.0,BEAR_REJECTION_PENDING,30.65,32.1,27.39,26.96,68,2.25,FAVORABLE,30.26,LIMIT,20,COMPRESSION,2026-09-21,2026-09-21T04:47:04.456168
LYTE,LONG,CONVICTION,79.0,BULL_BOUNCE_CONFIRMED,26.69,25.44,28.02,,80,1.07,FAVORABLE,26.69,LIMIT,7,COMPRESSION,2026-09-21,2026-09-21T04:51:53.742633
LH,LONG,CONVICTION,79.0,BULL_BOUNCE,320.95,312.75,339.51,339.51,12,2.26,FAVORABLE,320.95,LIMIT,20,CONVICTION,2026-09-21,2026-09-21T04:53:22.400716
BE,LONG,CONVICTION,78.9,BULL_BOUNCE_CONFIRMED,274.3,259.69,296.31,,6,1.51,FAVORABLE,274.3,LIMIT,18,VACUUM,2026-09-21,2026-09-21T04:23:49.993962
TPG,SHORT,CONVICTION,78.9,BEAR_REJECTION_PENDING,47.0,48.63,44.23,43.0,61,1.7,FAVORABLE,46.79,LIMIT,20,COMPRESSION,2026-09-21,2026-09-21T04:40:13.323108
BIAF,LONG,CONVICTION,78.8,BULL_BOUNCE_PENDING,12.49,7.47,13.11,,19,0.12,FAVORABLE,8.72,STOP,20,COMPRESSION,2026-09-21,2026-09-21T04:31:59.479724
SWKS,LONG,CONVICTION,78.8,BULL_BOUNCE_PENDING,92.14,88.32,96.75,,26,1.2,FAVORABLE,89.9144,STOP,3,CONVICTION,2026-09-21,2026-09-21T04:33:54.051794
POWI,LONG,CONVICTION,78.8,BULL_BOUNCE_CONFIRMED,50.85,47.41,56.16,,29,1.54,FAVORABLE,50.85,LIMIT,19,COMPRESSION,2026-09-21,2026-09-21T04:52:53.577896
SYNA,LONG,CONVICTION,78.8,BULL_BOUNCE_CONFIRMED,94.66,91.38,105.32,107.0,30,3.25,FAVORABLE,94.66,LIMIT,20,CONVICTION,2026-09-21,2026-09-21T04:52:53.781898
AGNC,LONG,CONVICTION,78.7,BULL_BOUNCE_PENDING,9.73,8.41,10.22,,75,0.37,FAVORABLE,9.93,LIMIT,20,COMPRESSION,2026-09-21,2026-09-21T04:27:49.544799
EIX,SHORT,CONVICTION,78.7,BEAR_REJECTION_PENDING,55.71,70.52,52.92,,6,0.19,FAVORABLE,55.45,LIMIT,20,CONVICTION,2026-09-21,2026-09-21T04:36:37.362517
DINO,LONG,CONVICTION,78.7,BULL_BOUNCE_PENDING,117.82,111.28,123.71,,15,0.9,FAVORABLE,115.9141,STOP,5,MINOR,2026-09-21,2026-09-21T04:39:29.088982
PS,LONG,CONVICTION,78.6,BULL_BOUNCE_PENDING,48.02,44.82,50.42,,31,0.75,FAVORABLE,49.0,LIMIT,6,MINOR,2026-09-21,2026-09-21T04:23:11.396346
ZBIO,LONG,CONVICTION,78.6,BULL_BOUNCE_PENDING,32.07,29.82,33.67,,44,0.71,FAVORABLE,31.5,STOP,20,CONVICTION,2026-09-21,2026-09-21T04:23:31.352924
IOVA,LONG,CONVICTION,78.6,BULL_BOUNCE_PENDING,10.28,9.53,10.79,,133,0.69,FAVORABLE,10.35,STOP,4,CONVICTION,2026-09-21,2026-09-21T04:25:22.197906
WWD,LONG,CONVICTION,78.6,BULL_BOUNCE_PENDING,318.5,315.62,326.59,326.59,34,2.8,FAVORABLE,321.74,LIMIT,20,CONVICTION,2026-09-21,2026-09-21T04:41:34.649423
WRBY,LONG,CONVICTION,78.6,BULL_BOUNCE_PENDING,22.25,18.68,23.36,,28,0.31,FAVORABLE,22.7,LIMIT,20,MINOR,2026-09-21,2026-09-21T04:44:26.064656
CART,SHORT,CONVICTION,78.6,BEAR_REJECTION_PENDING,46.28,49.48,38.58,,31,2.41,FAVORABLE,45.37,LIMIT,20,COMPRESSION,2026-09-21,2026-09-21T04:46:18.668935
HRI,LONG,CONVICTION,78.6,BULL_BOUNCE_PENDING,132.69,129.77,137.71,140.15,34,1.72,FAVORABLE,135.4,LIMIT,20,CONVICTION,2026-09-21,2026-09-21T04:51:19.162566
JHX,LONG,CONVICTION,78.5,BULL_BOUNCE_PENDING,26.1,25.49,27.99,28.29,164,3.11,FAVORABLE,25.95,STOP,20,COMPRESSION,2026-09-21,2026-09-21T04:24:17.426617
DOCS,LONG,CONVICTION,78.5,BULL_BOUNCE_PENDING,26.89,25.51,28.23,,72,0.98,FAVORABLE,26.12,STOP,7,CONVICTION,2026-09-21,2026-09-21T04:39:30.608051
ZD,LONG,CONVICTION,78.5,BULL_BOUNCE_PENDING,58.85,56.37,61.79,,40,1.19,FAVORABLE,57.4925,STOP,20,COMPRESSION,2026-09-21,2026-09-21T04:53:29.997748
SNAP,LONG,CONVICTION,78.4,BULL_BOUNCE_PENDING,5.29,4.65,5.56,,156,0.41,FAVORABLE,5.3991,LIMIT,20,MINOR,2026-09-21,2026-09-21T04:25:26.121912
RELY,LONG,CONVICTION,78.4,BULL_BOUNCE_PENDING,22.3,21.12,25.96,25.96,85,3.11,FAVORABLE,22.8255,STOP,20,COMPRESSION,2026-09-21,2026-09-21T04:38:45.894878
TNGX,LONG,CONVICTION,78.4,BULL_BOUNCE_PENDING,21.32,20.23,23.33,24.07,92,1.86,FAVORABLE,21.75,LIMIT,20,COMPRESSION,2026-09-21,2026-09-21T04:46:30.848574
OPCH,LONG,CONVICTION,78.4,BULL_BOUNCE_PENDING,24.5,23.49,26.97,27.47,98,2.44,FAVORABLE,24.3025,STOP,19,COMPRESSION,2026-09-21,2026-09-21T04:53:39.465316
WSM,SHORT,CONVICTION,78.3,BEAR_REJECTION_PENDING,224.34,227.36,196.0,204.82,33,9.38,FAVORABLE,224.2,LIMIT,20,CONVICTION,2026-09-21,2026-09-21T04:47:55.987322
AKAN,LONG,CONVICTION,78.1,BULL_BOUNCE_PENDING,3.58,2.98,3.76,,167,0.3,FAVORABLE,2.97,STOP,12,MINOR,2026-09-21,2026-09-21T04:22:42.673934
GEHC,LONG,CONVICTION,78.1,BULL_BOUNCE_PENDING,62.59,60.78,67.95,71.3,55,2.96,FAVORABLE,63.8721,LIMIT,20,COMPRESSION,2026-09-21,2026-09-21T04:27:38.031248
NEBX,SHORT,CONVICTION,78.1,BEAR_REJECTION_PENDING,26.08,29.01,24.78,,34,0.44,FAVORABLE,25.57,LIMIT,16,CONVICTION,2026-09-21,2026-09-21T04:36:54.900173
SYRE,LONG,CONVICTION,78.1,BULL_BOUNCE_PENDING,93.43,87.53,98.1,,16,0.79,FAVORABLE,90.25,STOP,20,CONVICTION,2026-09-21,2026-09-21T04:42:48.911720
ILMN,LONG,CONVICTION,78.0,BULL_BOUNCE_PENDING,250.31,238.43,262.83,,8,1.05,FAVORABLE,242.7827,STOP,0,NONE,2026-09-21,2026-09-21T04:22:59.658320
RIG,LONG,CONVICTION,78.0,BULL_BOUNCE_PENDING,5.76,5.34,6.05,,239,0.69,FAVORABLE,5.63,STOP,20,COMPRESSION,2026-09-21,2026-09-21T04:28:49.582501
CRM,SHORT,CONVICTION,78.0,BEAR_REJECTION_PENDING,243.45,251.79,230.05,209.63,11,1.61,FAVORABLE,238.68,LIMIT,20,CONVICTION,2026-09-21,2026-09-21T04:30:33.682435
ARKG,LONG,CONVICTION,78.0,BULL_BOUNCE_CONFIRMED,52.2,47.1,54.81,,19,0.51,FAVORABLE,52.2,LIMIT,0,NONE,2026-09-21,2026-09-21T04:32:11.038739
DT,LONG,CONVICTION,78.0,BULL_BOUNCE_CONFIRMED,56.16,54.9,61.38,,79,4.15,FAVORABLE,56.1618,LIMIT,5,MINOR,2026-09-21,2026-09-21T04:34:52.315040
DHT,LONG,CONVICTION,78.0,BULL_BOUNCE_PENDING,23.53,22.48,24.71,,94,1.12,FAVORABLE,23.11,STOP,4,MINOR,2026-09-21,2026-09-21T04:37:50.752472
RYTM,LONG,CONVICTION,78.0,BULL_BOUNCE_PENDING,99.46,96.29,106.01,110.21,31,2.06,FAVORABLE,97.71,STOP,20,CONVICTION,2026-09-21,2026-09-21T04:38:50.529783
SPSC,LONG,CONVICTION,78.0,BULL_BOUNCE_PENDING,80.62,76.32,87.82,,23,1.67,FAVORABLE,79.7425,STOP,20,COMPRESSION,2026-09-21,2026-09-21T04:38:59.066400
YSS,LONG,CONVICTION,78.0,BULL_BOUNCE_PENDING,8.97,8.04,9.42,,107,0.48,FAVORABLE,8.48,STOP,13,COMPRESSION,2026-09-21,2026-09-21T04:40:27.869570
INOD,LONG,CONVICTION,78.0,BULL_BOUNCE_CONFIRMED,58.2,56.71,62.82,62.82,67,3.11,FAVORABLE,58.2,LIMIT,19,CONVICTION,2026-09-21,2026-09-21T04:40:58.364726
ATRC,LONG,CONVICTION,78.0,BULL_BOUNCE_PENDING,59.94,57.36,62.94,,38,1.16,FAVORABLE,58.16,STOP,9,MINOR,2026-09-21,2026-09-21T04:49:39.418179
EQH,LONG,CONVICTION,78.0,BULL_BOUNCE_PENDING,54.35,52.44,57.07,,52,1.42,FAVORABLE,53.9525,STOP,11,COMPRESSION,2026-09-21,2026-09-21T04:49:52.860761
TEN,LONG,CONVICTION,78.0,BULL_BOUNCE_PENDING,53.68,51.09,56.36,,38,1.03,FAVORABLE,52.08,STOP,5,MINOR,2026-09-21,2026-09-21T04:52:55.787907
PGEN,LONG,CONVICTION,77.9,BULL_BOUNCE_PENDING,8.05,7.59,8.45,,216,0.87,FAVORABLE,7.79,STOP,3,MINOR,2026-09-21,2026-09-21T04:44:56.008785
WLK,LONG,CONVICTION,77.9,BULL_BOUNCE,69.06,66.61,78.67,78.67,40,3.91,FAVORABLE,69.065,LIMIT,20,COMPRESSION,2026-09-21,2026-09-21T04:50:23.877864
RKLB,LONG,CONVICTION,77.8,BULL_BOUNCE_CONFIRMED,65.7,63.38,71.21,71.21,43,2.38,FAVORABLE,65.7,LIMIT,20,CONVICTION,2026-09-21,2026-09-21T04:28:50.982038
MDA,LONG,CONVICTION,77.8,BULL_BOUNCE_CONFIRMED,30.29,28.93,32.45,34.76,73,1.59,FAVORABLE,30.2915,LIMIT,20,COMPRESSION,2026-09-21,2026-09-21T04:46:06.852913
ULCC,LONG,CONVICTION,77.7,BULL_BOUNCE_CONFIRMED,5.93,5.63,6.59,6.77,336,2.23,FAVORABLE,5.9285,LIMIT,20,COMPRESSION,2026-09-21,2026-09-21T04:31:12.849042
BTSG,LONG,CONVICTION,77.7,BULL_BOUNCE_PENDING,55.64,52.45,61.33,63.42,31,1.78,FAVORABLE,56.7775,LIMIT,20,COMPRESSION,2026-09-21,2026-09-21T04:40:40.659161
ASO,LONG,CONVICTION,77.7,BULL_BOUNCE_PENDING,47.33,44.92,53.6,54.75,41,2.61,FAVORABLE,48.2925,LIMIT,20,COMPRESSION,2026-09-21,2026-09-21T04:52:08.989187
JBL,LONG,CONVICTION,77.7,BULL_BOUNCE_CONFIRMED,305.5,291.82,330.61,350.11,7,1.84,FAVORABLE,305.5,LIMIT,17,CONVICTION,2026-09-21,2026-09-21T04:52:48.239339
MEDS,LONG,CONVICTION,77.7,BULL_BOUNCE_PENDING,6.3,4.13,6.62,,46,0.15,FAVORABLE,3.97,STOP,16,MINOR,2026-09-21,2026-09-21T04:53:30.030748
UCO,LONG,CONVICTION,77.6,BULL_BOUNCE_PENDING,50.94,49.97,54.05,54.3,103,3.22,FAVORABLE,51.95,LIMIT,20,MINOR,2026-09-21,2026-09-21T04:36:06.150880
CECO,LONG,CONVICTION,77.6,BULL_BOUNCE_PENDING,68.09,59.77,71.49,,12,0.41,FAVORABLE,69.48,LIMIT,20,CONVICTION,2026-09-21,2026-09-21T04:36:16.808919
VRNS,LONG,CONVICTION,77.6,BULL_BOUNCE_PENDING,46.73,44.83,49.06,,52,1.23,FAVORABLE,47.68,LIMIT,3,MINOR,2026-09-21,2026-09-21T04:40:17.633741
SECZ,LONG,CONVICTION,77.6,BULL_BOUNCE_PENDING,11.3,11.05,12.45,12.96,407,4.7,FAVORABLE,11.47,LIMIT,2,MINOR,2026-09-21,2026-09-21T04:53:49.586431
SW,LONG,CONVICTION,77.5,BULL_BOUNCE,44.33,42.85,47.35,48.26,67,2.05,FAVORABLE,44.33,LIMIT,20,COMPRESSION,2026-09-21,2026-09-21T04:37:18.498243
ICLR,LONG,CONVICTION,77.5,BULL_BOUNCE_PENDING,160.83,155.53,169.5,188.22,18,1.64,FAVORABLE,164.11,LIMIT,20,MINOR,2026-09-21,2026-09-21T04:42:11.191042
EWY,SHORT,CONVICTION,77.5,BEAR_REJECTION_PENDING,186.13,191.62,174.87,167.13,18,2.05,FAVORABLE,185.97,LIMIT,20,CONVICTION,2026-09-21,2026-09-21T04:51:17.713566
NXPI,LONG,CONVICTION,77.5,BULL_BOUNCE_PENDING,231.59,226.85,252.96,263.05,21,4.51,FAVORABLE,230.2,STOP,20,CONVICTION,2026-09-21,2026-09-21T04:52:30.636247
BG,LONG,CONVICTION,77.5,BULL_BOUNCE_PENDING,119.68,112.17,125.66,,13,0.8,FAVORABLE,115.58,STOP,20,COMPRESSION,2026-09-21,2026-09-21T04:53:44.977871
DOCU,LONG,CONVICTION,77.4,BULL_BOUNCE_PENDING,71.22,66.73,74.78,,22,0.79,FAVORABLE,69.0706,STOP,20,CONVICTION,2026-09-21,2026-09-21T04:32:38.595926
RDNT,LONG,CONVICTION,77.3,BULL_BOUNCE,76.0,73.43,82.25,82.25,38,2.43,FAVORABLE,76.0025,LIMIT,18,COMPRESSION,2026-09-21,2026-09-21T04:33:39.717687
MTDR,LONG,CONVICTION,77.3,BULL_BOUNCE_PENDING,55.82,53.25,60.34,64.98,38,1.76,FAVORABLE,56.96,LIMIT,20,COMPRESSION,2026-09-21,2026-09-21T04:35:25.353660
UHS,LONG,CONVICTION,77.3,BULL_BOUNCE_PENDING,182.3,173.97,200.04,,11,2.13,FAVORABLE,176.69,STOP,18,CONVICTION,2026-09-21,2026-09-21T04:39:05.103278
DAPP,LONG,CONVICTION,77.3,BULL_BOUNCE_PENDING,20.58,19.25,23.16,23.92,75,1.94,FAVORABLE,21.0,LIMIT,7,COMPRESSION,2026-09-21,2026-09-21T04:50:49.742971
UNM,LONG,CONVICTION,77.3,BULL_BOUNCE,95.19,92.97,99.95,,44,2.14,FAVORABLE,95.1925,LIMIT,4,MINOR,2026-09-21,2026-09-21T04:50:59.131987
ANF,SHORT,CONVICTION,77.2,BEAR_REJECTION_PENDING,136.87,139.29,131.37,124.74,41,2.27,FAVORABLE,136.49,LIMIT,20,CONVICTION,2026-09-21,2026-09-21T04:23:21.530367
PFE,LONG,CONVICTION,77.2,BULL_BOUNCE_PENDING,27.69,26.9,29.48,,126,2.27,FAVORABLE,27.64,STOP,20,COMPRESSION,2026-09-21,2026-09-21T04:25:29.813001
IAG,LONG,CONVICTION,77.2,BULL_BOUNCE_PENDING,20.23,19.99,22.52,22.3,406,9.28,FAVORABLE,20.45,LIMIT,19,CONVICTION,2026-09-21,2026-09-21T04:26:39.300907
BCRX,LONG,CONVICTION,77.2,BULL_BOUNCE_PENDING,8.84,8.39,9.81,,221,2.15,FAVORABLE,8.6,STOP,20,COMPRESSION,2026-09-21,2026-09-21T04:36:28.010953
EFOR,LONG,CONVICTION,77.1,BULL_BOUNCE_PENDING,33.1,31.31,34.76,,55,0.93,FAVORABLE,32.7625,STOP,20,MINOR,2026-09-21,2026-09-21T04:23:25.219916
NOW,LONG,CONVICTION,77.1,BULL_BOUNCE_PENDING,133.7,131.62,153.07,155.5,48,9.31,FAVORABLE,135.91,LIMIT,20,COMPRESSION,2026-09-21,2026-09-21T04:26:26.204347
AMC,LONG,CONVICTION,77.1,BULL_BOUNCE_PENDING,2.77,2.54,2.91,,436,0.6,FAVORABLE,2.7,STOP,7,MINOR,2026-09-21,2026-09-21T04:29:57.409373
TLYS,LONG,CONVICTION,77.1,BULL_BOUNCE_PENDING,4.06,3.83,4.7,4.7,435,2.8,FAVORABLE,4.14,LIMIT,20,MINOR,2026-09-21,2026-09-21T04:50:35.559414
WMT,LONG,CONVICTION,77.0,BULL_BOUNCE_PENDING,104.42,101.07,117.47,119.58,29,3.9,FAVORABLE,106.55,LIMIT,20,COMPRESSION,2026-09-21,2026-09-21T04:25:22.630905
FTNT,LONG,CONVICTION,77.0,BULL_BOUNCE_PENDING,173.11,164.41,181.77,,11,1.0,FAVORABLE,169.64,STOP,16,MINOR,2026-09-21,2026-09-21T04:25:55.726672
CONL,LONG,CONVICTION,77.0,BULL_BOUNCE_PENDING,6.51,6.04,7.45,,215,2.03,FAVORABLE,6.64,LIMIT,5,COMPRESSION,2026-09-21,2026-09-21T04:32:27.667906
XENE,SHORT,CONVICTION,77.0,BEAR_REJECTION_PENDING,40.95,57.64,38.9,,5,0.12,FAVORABLE,40.1488,LIMIT,13,CONVICTION,2026-09-21,2026-09-21T04:42:52.582799
KMX,LONG,CONVICTION,77.0,BULL_BOUNCE_PENDING,59.43,56.78,63.48,,37,1.53,FAVORABLE,57.2125,STOP,20,COMPRESSION,2026-09-21,2026-09-21T04:44:50.154774
NLR,SHORT,CONVICTION,77.0,BEAR_REJECTION_PENDING,109.86,113.79,101.1,93.74,25,2.23,FAVORABLE,107.71,LIMIT,20,CONVICTION,2026-09-21,2026-09-21T04:46:58.527163
STLD,LONG,CONVICTION,77.0,BULL_BOUNCE_PENDING,245.22,232.87,264.88,,8,1.59,FAVORABLE,235.26,STOP,20,CONVICTION,2026-09-21,2026-09-21T04:50:15.941848
XPO,LONG,CONVICTION,77.0,BULL_BOUNCE_PENDING,170.77,168.61,178.52,180.49,46,3.59,FAVORABLE,174.2525,LIMIT,20,CONVICTION,2026-09-21,2026-09-21T04:51:36.867598
AXON,SHORT,CONVICTION,76.9,BEAR_REJECTION_PENDING,458.55,470.25,393.59,423.01,8,5.55,FAVORABLE,449.56,LIMIT,20,CONVICTION,2026-09-21,2026-09-21T04:32:18.470288
SGRY,LONG,CONVICTION,76.9,BULL_BOUNCE_PENDING,12.98,12.18,15.05,,124,2.56,FAVORABLE,13.25,LIMIT,20,COMPRESSION,2026-09-21,2026-09-21T04:49:35.813644
KOS,LONG,CONVICTION,76.8,BULL_BOUNCE_PENDING,2.63,2.51,2.8,2.96,890,1.55,FAVORABLE,2.68,LIMIT,20,MINOR,2026-09-21,2026-09-21T04:25:08.591879
ONDS,LONG,CONVICTION,76.8,BULL_BOUNCE_PENDING,7.53,6.98,8.53,,182,1.82,FAVORABLE,7.48,STOP,9,COMPRESSION,2026-09-21,2026-09-21T04:27:19.850144
DOO,LONG,CONVICTION,76.7,BULL_BOUNCE_PENDING,56.85,55.03,60.74,62.82,54,2.14,FAVORABLE,58.01,LIMIT,20,COMPRESSION,2026-09-21,2026-09-21T04:42:36.087093
QCOM,LONG,CONVICTION,76.6,BULL_BOUNCE_PENDING,178.58,175.89,201.7,187.48,37,8.59,FAVORABLE,180.1433,LIMIT,16,CONVICTION,2026-09-21,2026-09-21T04:28:31.373467
ULTA,LONG,CONVICTION,76.6,BULL_BOUNCE_PENDING,548.13,524.69,575.54,,4,1.17,FAVORABLE,540.9505,STOP,16,CONVICTION,2026-09-21,2026-09-21T04:34:03.305815
HUBS,LONG,CONVICTION,76.6,BULL_BOUNCE_PENDING,230.23,212.11,241.74,,5,0.64,FAVORABLE,215.43,STOP,20,CONVICTION,2026-09-21,2026-09-21T04:35:09.953623
CLBK,LONG,CONVICTION,76.6,BULL_BOUNCE_PENDING,11.64,11.31,12.22,,298,1.74,FAVORABLE,11.22,STOP,14,MINOR,2026-09-21,2026-09-21T04:37:41.775917
DGX,LONG,CONVICTION,76.6,BULL_BOUNCE_PENDING,247.87,239.65,260.26,,12,1.51,FAVORABLE,246.45,STOP,11,COMPRESSION,2026-09-21,2026-09-21T04:53:16.055155
G,LONG,CONVICTION,76.5,BULL_BOUNCE_PENDING,33.46,32.02,36.79,36.79,69,2.31,FAVORABLE,34.1425,LIMIT,20,COMPRESSION,2026-09-21,2026-09-21T04:43:43.885513
RRX,SHORT,CONVICTION,76.5,BEAR_REJECTION_PENDING,151.47,157.25,141.85,,17,1.66,FAVORABLE,148.5,LIMIT,20,CONVICTION,2026-09-21,2026-09-21T04:48:37.498391
ODTX,LONG,CONVICTION,76.5,BULL_BOUNCE_PENDING,24.09,23.42,26.52,25.87,148,3.59,FAVORABLE,24.38,LIMIT,5,COMPRESSION,2026-09-21,2026-09-21T04:54:09.865046
ESNT,LONG,CONVICTION,76.4,BULL_BOUNCE_PENDING,67.45,65.5,70.82,,51,1.73,FAVORABLE,67.1925,STOP,20,COMPRESSION,2026-09-21,2026-09-21T04:32:44.277471
AEIS,LONG,CONVICTION,76.4,BULL_BOUNCE_PENDING,257.2,252.45,267.15,279.78,21,2.09,FAVORABLE,262.45,LIMIT,20,CONVICTION,2026-09-21,2026-09-21T04:41:52.682464
USDE,LONG,CONVICTION,76.3,BULL_BOUNCE_PENDING,11.26,10.2,11.82,,94,0.53,FAVORABLE,11.49,LIMIT,0,NONE,2026-09-21,2026-09-21T04:22:24.546571
RARE,LONG,CONVICTION,76.3,BULL_BOUNCE_PENDING,15.09,13.0,15.84,,47,0.36,FAVORABLE,14.66,STOP,12,COMPRESSION,2026-09-21,2026-09-21T04:31:23.425059
DHR,LONG,CONVICTION,76.3,BULL_BOUNCE_PENDING,215.19,208.62,229.0,235.02,15,2.1,FAVORABLE,211.81,STOP,20,CONVICTION,2026-09-21,2026-09-21T04:53:18.063161
ACMR,SHORT,CONVICTION,76.2,BEAR_REJECTION_PENDING,71.32,79.81,67.75,,11,0.42,FAVORABLE,69.92,LIMIT,19,CONVICTION,2026-09-21,2026-09-21T04:41:46.455447
CRNX,LONG,CONVICTION,76.0,BULL_BOUNCE_PENDING,85.1,84.9,89.36,,499,21.23,FAVORABLE,84.97,STOP,0,NONE,2026-09-21,2026-09-21T04:27:05.426119
MRLN,LONG,CONVICTION,76.0,BULL_BOUNCE_PENDING,1.93,1.81,2.18,2.25,800,2.0,FAVORABLE,1.97,LIMIT,20,MINOR,2026-09-21,2026-09-21T04:31:53.031709
LYB,LONG,CONVICTION,76.0,BULL_BOUNCE_PENDING,63.68,60.3,69.69,,29,1.78,FAVORABLE,61.8,STOP,20,COMPRESSION,2026-09-21,2026-09-21T04:35:20.790642
HOG,LONG,CONVICTION,76.0,BULL_BOUNCE_PENDING,26.66,25.19,27.99,,67,0.91,FAVORABLE,25.9,STOP,20,COMPRESSION,2026-09-21,2026-09-21T04:39:39.973904
XYZ,LONG,CONVICTION,76.0,BULL_BOUNCE_PENDING,74.75,71.91,81.59,81.59,35,2.41,FAVORABLE,76.2732,LIMIT,20,COMPRESSION,2026-09-21,2026-09-21T04:40:27.724567
ROIV,LONG,CONVICTION,76.0,BULL_BOUNCE_PENDING,40.75,38.16,42.79,,38,0.79,FAVORABLE,39.2726,STOP,12,MINOR,2026-09-21,2026-09-21T04:42:46.366184
IMMX,LONG,CONVICTION,76.0,BULL_BOUNCE_PENDING,12.85,11.91,14.54,,106,1.8,FAVORABLE,12.75,STOP,14,MINOR,2026-09-21,2026-09-21T04:46:53.034149
ZM,LONG,CONVICTION,76.0,BULL_BOUNCE_PENDING,92.35,87.89,100.4,,22,1.81,FAVORABLE,89.02,STOP,20,COMPRESSION,2026-09-21,2026-09-21T04:48:33.801385
TYRA,LONG,CONVICTION,76.0,BULL_BOUNCE_PENDING,25.91,22.89,27.21,,33,0.43,FAVORABLE,25.73,STOP,8,CONVICTION,2026-09-21,2026-09-21T04:51:31.483588
SU,LONG,CONVICTION,76.0,BULL_BOUNCE_PENDING,67.91,66.99,70.92,70.92,109,3.28,FAVORABLE,69.01,LIMIT,20,MINOR,2026-09-21,2026-09-21T04:53:26.124730
DUST,LONG,CONVICTION,75.9,BULL_BOUNCE_PENDING,33.65,31.95,37.51,37.62,58,2.26,FAVORABLE,34.34,LIMIT,20,CONVICTION,2026-09-21,2026-09-21T04:48:48.909412
GGLL,LONG,CONVICTION,75.9,BULL_BOUNCE_CONFIRMED,106.44,101.36,122.16,,19,3.09,FAVORABLE,106.44,LIMIT,13,CONVICTION,2026-09-21,2026-09-21T04:48:52.060417
SOC,LONG,CONVICTION,75.8,BULL_BOUNCE_PENDING,4.67,4.15,4.9,,192,0.45,FAVORABLE,4.5571,STOP,20,MINOR,2026-09-21,2026-09-21T04:25:06.522875
WTI,LONG,CONVICTION,75.8,BULL_BOUNCE,3.82,3.34,5.31,,207,3.1,FAVORABLE,3.82,LIMIT,20,MINOR,2026-09-21,2026-09-21T04:29:29.431794
AAPU,LONG,CONVICTION,75.8,BULL_BOUNCE_PENDING,46.05,43.08,48.35,,33,0.78,FAVORABLE,45.01,STOP,18,CONVICTION,2026-09-21,2026-09-21T04:49:21.690087
GIS,LONG,CONVICTION,75.7,BULL_BOUNCE_PENDING,36.99,35.29,40.0,41.19,58,1.77,FAVORABLE,36.35,STOP,20,COMPRESSION,2026-09-21,2026-09-21T04:25:43.968113
CPRT,LONG,CONVICTION,75.7,BULL_BOUNCE_PENDING,29.67,27.88,32.36,,55,1.5,FAVORABLE,29.22,STOP,20,COMPRESSION,2026-09-21,2026-09-21T04:27:26.061157
IRE,LONG,CONVICTION,75.7,BULL_BOUNCE,12.7,11.35,15.39,,74,1.99,FAVORABLE,12.7,LIMIT,9,MINOR,2026-09-21,2026-09-21T04:33:04.043032
RL,LONG,CONVICTION,75.7,BULL_BOUNCE,331.85,321.94,371.38,358.28,10,3.99,FAVORABLE,331.8459,LIMIT,20,CONVICTION,2026-09-21,2026-09-21T04:51:26.233578
ABT,LONG,CONVICTION,75.6,BULL_BOUNCE_PENDING,101.66,100.84,111.54,108.61,121,12.04,FAVORABLE,102.61,LIMIT,20,COMPRESSION,2026-09-21,2026-09-21T04:25:42.265108
MOS,LONG,CONVICTION,75.6,BULL_BOUNCE_PENDING,24.07,22.02,25.27,,48,0.59,FAVORABLE,24.56,LIMIT,16,COMPRESSION,2026-09-21,2026-09-21T04:25:46.764652
AAOI,LONG,CONVICTION,75.6,BULL_BOUNCE_PENDING,106.05,104.11,109.12,117.9,51,1.59,FAVORABLE,108.19,LIMIT,16,CONVICTION,2026-09-21,2026-09-21T04:26:56.581030
QNRX,LONG,CONVICTION,75.4,BULL_BOUNCE_PENDING,7.16,6.41,7.52,,132,0.48,FAVORABLE,7.1831,STOP,4,MINOR,2026-09-21,2026-09-21T04:48:39.495393
HODU,LONG,CONVICTION,75.4,BULL_BOUNCE_PENDING,15.92,15.25,17.15,,148,1.82,FAVORABLE,16.25,LIMIT,5,MINOR,2026-09-21,2026-09-21T04:50:27.208868
DBGI,LONG,CONVICTION,75.4,BULL_BOUNCE_PENDING,5.09,4.4,5.34,,144,0.37,FAVORABLE,4.7,STOP,2,COMPRESSION,2026-09-21,2026-09-21T04:52:27.019230
NTAP,LONG,CONVICTION,75.2,BULL_BOUNCE_PENDING,197.35,194.58,207.22,,36,3.56,FAVORABLE,198.3383,LIMIT,1,MINOR,2026-09-21,2026-09-21T04:22:23.806967
FDMT,LONG,CONVICTION,75.2,BULL_BOUNCE_PENDING,15.71,14.63,16.5,,92,0.72,FAVORABLE,15.22,STOP,1,MINOR,2026-09-21,2026-09-21T04:42:08.102039
EGO,LONG,CONVICTION,75.2,BULL_BOUNCE_PENDING,42.56,41.98,44.96,47.94,171,4.1,FAVORABLE,43.28,LIMIT,20,MINOR,2026-09-21,2026-09-21T04:44:36.860213
GXO,LONG,CONVICTION,75.2,BULL_BOUNCE_PENDING,45.0,42.62,52.26,51.03,41,3.04,FAVORABLE,45.9225,LIMIT,20,CONVICTION,2026-09-21,2026-09-21T04:45:17.280825
ORCL,SHORT,CONVICTION,75.1,BEAR_REJECTION_PENDING,151.46,175.95,143.89,,4,0.31,FAVORABLE,148.49,LIMIT,20,CONVICTION,2026-09-21,2026-09-21T04:25:50.143659
RYAN,LONG,CONVICTION,75.1,BULL_BOUNCE_PENDING,40.62,38.28,44.35,,42,1.59,FAVORABLE,40.2725,STOP,20,COMPRESSION,2026-09-21,2026-09-21T04:38:49.163030
CORD,LONG,CONVICTION,75.1,BULL_BOUNCE_PENDING,3.61,3.03,3.79,,171,0.31,FAVORABLE,3.28,STOP,20,MINOR,2026-09-21,2026-09-21T04:42:33.611088
SOLT,LONG,CONVICTION,75.1,BULL_BOUNCE_PENDING,71.71,68.94,82.8,,36,4.02,FAVORABLE,73.17,LIMIT,2,CONVICTION,2026-09-21,2026-09-21T04:48:31.312384
SPCE,LONG,CONVICTION,75.0,BULL_BOUNCE_PENDING,3.22,2.99,3.38,,426,0.69,FAVORABLE,3.07,STOP,11,COMPRESSION,2026-09-21,2026-09-21T04:24:12.808607
INTU,SHORT,CONVICTION,75.0,BEAR_REJECTION_PENDING,308.6,385.85,293.17,,1,0.2,FAVORABLE,302.55,LIMIT,20,CONVICTION,2026-09-21,2026-09-21T04:27:15.573135
CVX,LONG,CONVICTION,75.0,BULL_BOUNCE_PENDING,212.11,205.8,222.72,,15,1.68,FAVORABLE,208.32,STOP,20,VACUUM,2026-09-21,2026-09-21T04:27:19.204141
FLNC,SHORT,CONVICTION,75.0,BEAR_REJECTION_PENDING,7.59,9.1,7.21,,66,0.25,FAVORABLE,7.44,LIMIT,8,CONVICTION,2026-09-21,2026-09-21T04:28:19.550382
MNTS,LONG,CONVICTION,75.0,BULL_BOUNCE_CONFIRMED,4.23,4.08,4.77,4.77,664,3.59,FAVORABLE,4.23,LIMIT,20,COMPRESSION,2026-09-21,2026-09-21T04:31:46.060162
KGS,SHORT,CONVICTION,75.0,BEAR_REJECTION_PENDING,59.9,63.63,53.21,51.06,26,1.8,FAVORABLE,58.7275,LIMIT,20,CONVICTION,2026-09-21,2026-09-21T04:33:06.302034
IT,LONG,CONVICTION,75.0,BULL_BOUNCE_PENDING,189.57,176.6,212.6,,7,1.77,FAVORABLE,185.78,STOP,20,COMPRESSION,2026-09-21,2026-09-21T04:35:11.228623
MTCH,LONG,CONVICTION,75.0,BULL_BOUNCE_PENDING,43.95,42.18,46.15,,56,1.24,FAVORABLE,43.12,STOP,9,MINOR,2026-09-21,2026-09-21T04:42:41.639107
RBA,SHORT,CONVICTION,75.0,BEAR_REJECTION_PENDING,83.9,86.43,79.7,,39,1.66,FAVORABLE,83.2025,LIMIT,20,COMPRESSION,2026-09-21,2026-09-21T04:42:45.313181
RGEN,LONG,CONVICTION,75.0,BULL_BOUNCE,176.89,170.11,185.73,,14,1.3,FAVORABLE,176.8875,LIMIT,15,MINOR,2026-09-21,2026-09-21T04:45:00.737797
WMB,LONG,CONVICTION,75.0,BULL_BOUNCE_PENDING,71.5,70.84,72.51,74.93,151,1.52,FAVORABLE,72.3,LIMIT,20,COMPRESSION,2026-09-21,2026-09-21T04:47:52.986315
BKV,LONG,CONVICTION,75.0,BULL_BOUNCE_CONFIRMED,23.39,22.63,25.26,,130,2.45,FAVORABLE,23.39,LIMIT,7,CONVICTION,2026-09-21,2026-09-21T04:52:23.533217
ETN,LONG,CONVICTION,75.0,BULL_BOUNCE_PENDING,430.26,425.74,444.19,459.31,22,3.08,FAVORABLE,432.09,LIMIT,9,CONVICTION,2026-09-21,2026-09-21T04:54:02.212016
KSPI,LONG,CONVICTION,74.9,BULL_BOUNCE_PENDING,95.69,94.75,99.85,106.83,106,4.44,FAVORABLE,97.53,LIMIT,20,COMPRESSION,2026-09-21,2026-09-21T04:38:25.199773
DCX,LONG,CONVICTION,74.8,BULL_BOUNCE_PENDING,0.37,0.15,0.39,,457,0.08,FAVORABLE,0.1336,STOP,6,COMPRESSION,2026-09-21,2026-09-21T04:22:56.913778
TTD,LONG,CONVICTION,74.8,BULL_BOUNCE_PENDING,13.78,13.5,15.59,15.59,361,6.53,FAVORABLE,14.06,LIMIT,5,MINOR,2026-09-21,2026-09-21T04:28:42.787498
SPOT,LONG,CONVICTION,74.8,BULL_BOUNCE,513.0,493.98,556.0,558.43,5,2.26,FAVORABLE,513.0,LIMIT,20,CONVICTION,2026-09-21,2026-09-21T04:35:57.212311
UPWK,LONG,CONVICTION,74.8,BULL_BOUNCE_PENDING,8.55,8.05,9.56,,201,2.04,FAVORABLE,8.36,STOP,20,CONVICTION,2026-09-21,2026-09-21T04:37:22.905256
CRCG,LONG,CONVICTION,74.8,BULL_BOUNCE_PENDING,15.83,14.77,18.41,18.41,94,2.44,FAVORABLE,16.15,LIMIT,20,MINOR,2026-09-21,2026-09-21T04:50:33.313410
AREC,LONG,CONVICTION,74.7,BULL_BOUNCE_PENDING,2.03,1.96,2.29,2.31,1431,3.72,FAVORABLE,2.07,STOP,20,COMPRESSION,2026-09-21,2026-09-21T04:24:16.702620
KVYO,LONG,CONVICTION,74.7,BULL_BOUNCE_PENDING,16.02,14.83,16.82,,83,0.67,FAVORABLE,15.5,STOP,20,COMPRESSION,2026-09-21,2026-09-21T04:35:14.454630
JBHT,SHORT,CONVICTION,74.7,BEAR_REJECTION_PENDING,235.63,274.42,223.85,,2,0.3,FAVORABLE,231.01,LIMIT,10,CONVICTION,2026-09-21,2026-09-21T04:38:20.657020
MRVL,LONG,CONVICTION,74.5,BULL_BOUNCE_PENDING,246.09,242.17,269.5,279.04,25,5.97,FAVORABLE,250.43,LIMIT,6,CONVICTION,2026-09-21,2026-09-21T04:23:42.681950
WST,LONG,CONVICTION,74.4,BULL_BOUNCE_PENDING,367.23,356.9,390.43,,9,2.25,FAVORABLE,362.31,STOP,17,VACUUM,2026-09-21,2026-09-21T04:52:38.071288
EQX,LONG,CONVICTION,74.2,BULL_BOUNCE_PENDING,12.52,12.16,13.75,13.57,276,3.41,FAVORABLE,12.45,STOP,20,COMPRESSION,2026-09-21,2026-09-21T04:26:10.608699
DUOL,LONG,CONVICTION,74.2,BULL_BOUNCE,142.28,134.55,157.46,163.5,12,1.96,FAVORABLE,142.28,LIMIT,20,CONVICTION,2026-09-21,2026-09-21T04:32:39.357458
TWST,LONG,CONVICTION,74.2,BULL_BOUNCE_PENDING,169.03,166.06,177.48,,33,2.84,FAVORABLE,172.0,LIMIT,0,NONE,2026-09-21,2026-09-21T04:33:59.215805
BRKR,LONG,CONVICTION,74.2,BULL_BOUNCE_PENDING,60.07,55.32,69.46,,21,1.98,FAVORABLE,61.3,LIMIT,17,COMPRESSION,2026-09-21,2026-09-21T04:34:28.649390
QNT,LONG,CONVICTION,74.2,BULL_BOUNCE_PENDING,55.04,51.52,57.79,,28,0.78,FAVORABLE,52.48,STOP,20,CONVICTION,2026-09-21,2026-09-21T04:38:45.022799
LRN,LONG,CONVICTION,74.2,BULL_BOUNCE_PENDING,77.32,72.78,85.02,88.5,22,1.69,FAVORABLE,78.9025,LIMIT,20,CONVICTION,2026-09-21,2026-09-21T04:39:43.682584
EYE,LONG,CONVICTION,74.2,BULL_BOUNCE_PENDING,16.54,15.75,19.11,18.44,127,3.27,FAVORABLE,16.875,LIMIT,20,COMPRESSION,2026-09-21,2026-09-21T04:46:50.401144
AGRO,LONG,CONVICTION,74.1,BULL_BOUNCE_PENDING,11.23,10.69,12.94,12.54,183,3.14,FAVORABLE,11.46,LIMIT,20,COMPRESSION,2026-09-21,2026-09-21T04:22:34.972830
VSNT,LONG,CONVICTION,74.1,BULL_BOUNCE_PENDING,36.53,34.58,39.97,,51,1.76,FAVORABLE,35.2,STOP,20,COMPRESSION,2026-09-21,2026-09-21T04:50:23.210860
LITE,LONG,CONVICTION,74.0,BULL_BOUNCE_PENDING,949.4,931.15,1000.05,999.41,5,2.78,FAVORABLE,951.0,LIMIT,11,CONVICTION,2026-09-21,2026-09-21T04:24:01.386523
BYND,LONG,CONVICTION,74.0,BULL_BOUNCE,11.56,10.79,13.16,,130,2.09,FAVORABLE,11.56,LIMIT,20,MINOR,2026-09-21,2026-09-21T04:25:20.817902
WULF,LONG,CONVICTION,74.0,BULL_BOUNCE_CONFIRMED,17.5,16.39,18.38,,89,0.79,FAVORABLE,17.5,LIMIT,8,COMPRESSION,2026-09-21,2026-09-21T04:29:04.455609
SLNH,LONG,CONVICTION,74.0,BULL_BOUNCE,1.26,1.18,1.44,,1186,2.14,FAVORABLE,1.26,LIMIT,2,MINOR,2026-09-21,2026-09-21T04:30:16.112407
CHYM,LONG,CONVICTION,74.0,BULL_BOUNCE_PENDING,30.94,28.53,32.49,,41,0.64,FAVORABLE,30.38,STOP,20,COMPRESSION,2026-09-21,2026-09-21T04:34:37.274480
CRC,LONG,CONVICTION,74.0,BULL_BOUNCE_PENDING,55.47,52.85,61.68,61.68,38,2.37,FAVORABLE,54.0675,STOP,20,CONVICTION,2026-09-21,2026-09-21T04:34:42.045488
ALB,LONG,CONVICTION,74.0,BULL_BOUNCE_PENDING,115.24,110.54,126.06,126.9,21,2.3,FAVORABLE,112.934,STOP,20,CONVICTION,2026-09-21,2026-09-21T04:40:32.502858
ARGX,LONG,CONVICTION,74.0,BULL_BOUNCE,990.32,966.98,1040.31,1042.9,4,2.14,FAVORABLE,990.32,LIMIT,20,CONVICTION,2026-09-21,2026-09-21T04:41:55.227467
MAN,LONG,CONVICTION,74.0,BULL_BOUNCE_PENDING,57.72,54.22,63.2,65.66,28,1.56,FAVORABLE,57.8,STOP,20,CONVICTION,2026-09-21,2026-09-21T04:42:39.148101
VPG,LONG,CONVICTION,74.0,BULL_BOUNCE_CONFIRMED,64.0,59.9,73.56,73.5,24,2.33,FAVORABLE,64.0,LIMIT,20,CONVICTION,2026-09-21,2026-09-21T04:45:57.666898
HRMY,LONG,CONVICTION,74.0,BULL_BOUNCE_PENDING,43.31,41.44,45.48,,53,1.16,FAVORABLE,41.9,STOP,16,COMPRESSION,2026-09-21,2026-09-21T04:50:00.712281
REGN,LONG,CONVICTION,74.0,BULL_BOUNCE_PENDING,795.52,777.52,875.0,840.05,5,4.42,FAVORABLE,784.85,STOP,20,VACUUM,2026-09-21,2026-09-21T04:50:10.130298
ADPT,LONG,CONVICTION,74.0,BULL_BOUNCE_PENDING,28.71,27.53,30.15,,84,1.22,FAVORABLE,28.61,STOP,4,MINOR,2026-09-21,2026-09-21T04:53:15.256147
MSTX,LONG,CONVICTION,74.0,BULL_BOUNCE_PENDING,20.48,18.32,21.51,,46,0.47,FAVORABLE,20.9,LIMIT,4,CONVICTION,2026-09-21,2026-09-21T04:53:53.577446
QMCO,LONG,CONVICTION,73.8,BULL_BOUNCE_PENDING,25.34,23.71,26.61,,61,0.78,FAVORABLE,25.11,STOP,8,MINOR,2026-09-21,2026-09-21T04:23:15.014353
ERAS,LONG,CONVICTION,73.8,BULL_BOUNCE_PENDING,14.47,13.5,16.75,16.75,102,2.33,FAVORABLE,14.77,LIMIT,12,MINOR,2026-09-21,2026-09-21T04:28:02.886821
CNR,LONG,CONVICTION,73.8,BULL_BOUNCE_PENDING,92.57,89.15,97.79,102.33,29,1.53,FAVORABLE,91.0825,STOP,20,COMPRESSION,2026-09-21,2026-09-21T04:34:42.030491
ANDG,LONG,CONVICTION,73.8,BULL_BOUNCE_CONFIRMED,56.0,53.94,58.8,,48,1.36,FAVORABLE,56.0,LIMIT,8,VACUUM,2026-09-21,2026-09-21T04:44:31.906667
MIMI,LONG,CONVICTION,73.7,BULL_BOUNCE_PENDING,0.8,0.67,0.84,,747,0.3,FAVORABLE,0.8167,LIMIT,20,MINOR,2026-09-21,2026-09-21T04:47:59.599326
TRU,LONG,CONVICTION,73.7,BULL_BOUNCE_PENDING,70.98,69.62,76.44,77.7,73,4.0,FAVORABLE,72.4325,LIMIT,20,COMPRESSION,2026-09-21,2026-09-21T04:51:30.765585
SOXS,LONG,CONVICTION,73.5,BULL_BOUNCE_PENDING,38.12,31.61,40.03,,15,0.29,FAVORABLE,38.9013,LIMIT,20,COMPRESSION,2026-09-21,2026-09-21T04:35:56.967308
CRS,SHORT,CONVICTION,73.5,BEAR_REJECTION_PENDING,413.59,418.74,380.69,356.0,19,6.39,FAVORABLE,407.5,LIMIT,20,CONVICTION,2026-09-21,2026-09-21T04:40:47.061173
SRRK,SHORT,CONVICTION,73.5,BEAR_REJECTION_PENDING,47.79,49.27,44.49,,67,2.23,FAVORABLE,46.85,LIMIT,20,CONVICTION,2026-09-21,2026-09-21T04:42:47.035183
GGAL,LONG,CONVICTION,73.5,BULL_BOUNCE_PENDING,41.65,36.04,43.73,,17,0.37,FAVORABLE,42.5,LIMIT,20,COMPRESSION,2026-09-21,2026-09-21T04:46:26.162949
PR,LONG,CONVICTION,73.4,BULL_BOUNCE_PENDING,23.27,22.2,24.43,,93,1.08,FAVORABLE,22.72,STOP,20,COMPRESSION,2026-09-21,2026-09-21T04:29:35.192803
MSGE,LONG,CONVICTION,73.4,BULL_BOUNCE_PENDING,77.5,75.78,81.46,81.58,58,2.31,FAVORABLE,79.08,LIMIT,20,MINOR,2026-09-21,2026-09-21T04:38:36.517182
URBN,LONG,CONVICTION,73.4,BULL_BOUNCE_PENDING,73.55,72.52,77.43,77.55,96,3.75,FAVORABLE,75.02,LIMIT,20,CONVICTION,2026-09-21,2026-09-21T04:47:48.930308
COHX,LONG,CONVICTION,73.3,BULL_BOUNCE_PENDING,28.5,27.07,31.16,32.54,70,1.87,FAVORABLE,29.08,LIMIT,5,CONVICTION,2026-09-21,2026-09-21T04:32:26.663838
NIQ,LONG,CONVICTION,73.2,BULL_BOUNCE_PENDING,18.04,17.85,18.44,19.15,517,2.07,FAVORABLE,18.383,LIMIT,12,COMPRESSION,2026-09-21,2026-09-21T04:36:55.959173
BTCZ,LONG,CONVICTION,73.2,BULL_BOUNCE_PENDING,3.45,3.11,3.62,,294,0.51,FAVORABLE,2.955,STOP,20,COMPRESSION,2026-09-21,2026-09-21T04:48:42.317400
CRL,LONG,CONVICTION,73.1,BULL_BOUNCE_PENDING,283.28,272.04,300.41,,8,1.52,FAVORABLE,278.06,STOP,20,CONVICTION,2026-09-21,2026-09-21T04:34:43.085027
PVH,LONG,CONVICTION,73.1,BULL_BOUNCE_PENDING,71.89,70.29,75.6,81.23,62,2.32,FAVORABLE,73.3525,LIMIT,20,COMPRESSION,2026-09-21,2026-09-21T04:47:40.077293
BTTC,LONG,CONVICTION,73.0,BULL_BOUNCE_PENDING,0.63,0.62,0.67,,6892,2.93,FAVORABLE,0.6426,LIMIT,1,COMPRESSION,2026-09-21,2026-09-21T04:22:55.717775
ARBE,LONG,CONVICTION,73.0,BULL_BOUNCE_CONFIRMED,0.68,0.67,0.73,0.75,5970,2.81,FAVORABLE,0.6833,LIMIT,20,MINOR,2026-09-21,2026-09-21T04:24:55.930771
MIRM,SHORT,CONVICTION,73.0,BEAR_REJECTION_PENDING,93.67,106.32,88.98,,7,0.37,FAVORABLE,91.83,LIMIT,20,CONVICTION,2026-09-21,2026-09-21T04:33:15.980582
NICE,SHORT,CONVICTION,73.0,BEAR_REJECTION_PENDING,106.1,124.58,100.8,,5,0.29,FAVORABLE,105.27,LIMIT,15,CONVICTION,2026-09-21,2026-09-21T04:33:28.613602
NRG,LONG,CONVICTION,73.0,BULL_BOUNCE_PENDING,102.41,98.31,110.0,114.36,24,1.85,FAVORABLE,104.5,LIMIT,20,CONVICTION,2026-09-21,2026-09-21T04:41:17.139311
DAR,LONG,CONVICTION,73.0,BULL_BOUNCE_PENDING,66.83,64.0,70.17,,35,1.18,FAVORABLE,65.21,STOP,20,MINOR,2026-09-21,2026-09-21T04:48:48.331409
WLTH,SHORT,CONVICTION,73.0,BEAR_REJECTION_PENDING,10.47,12.65,9.95,,45,0.24,FAVORABLE,10.4458,LIMIT,8,CONVICTION,2026-09-21,2026-09-21T04:52:35.430274
OCGN,LONG,CONVICTION,72.9,BULL_BOUNCE_PENDING,1.04,0.99,1.21,,1891,3.26,FAVORABLE,1.06,LIMIT,7,MINOR,2026-09-21,2026-09-21T04:25:27.057447
GGB,LONG,CONVICTION,72.9,BULL_BOUNCE_PENDING,5.08,4.8,5.33,,354,0.9,FAVORABLE,5.0,STOP,11,MINOR,2026-09-21,2026-09-21T04:49:55.996275
WS,LONG,CONVICTION,72.8,BULL_BOUNCE_PENDING,33.81,32.48,37.83,38.03,75,3.02,FAVORABLE,33.3325,STOP,20,COMPRESSION,2026-09-21,2026-09-21T04:22:36.612974
CG,LONG,CONVICTION,72.8,BULL_BOUNCE_PENDING,40.62,38.45,45.91,46.77,46,2.43,FAVORABLE,40.69,STOP,20,COMPRESSION,2026-09-21,2026-09-21T04:39:22.962604
BLSH,SHORT,CONVICTION,72.8,BEAR_REJECTION_PENDING,39.46,42.02,33.74,,39,2.24,FAVORABLE,39.34,LIMIT,8,CONVICTION,2026-09-21,2026-09-21T04:39:21.622391
POOL,SHORT,CONVICTION,72.8,BEAR_REJECTION_PENDING,170.73,172.65,166.24,166.24,52,2.34,FAVORABLE,167.9575,LIMIT,20,CONVICTION,2026-09-21,2026-09-21T04:46:04.314910
AMBA,LONG,CONVICTION,72.8,BULL_BOUNCE_CONFIRMED,67.25,63.48,75.88,76.0,26,2.29,FAVORABLE,67.25,LIMIT,20,CONVICTION,2026-09-21,2026-09-21T04:52:07.965186
GLXY,SHORT,CONVICTION,72.7,BEAR_REJECTION_PENDING,25.68,28.39,24.4,,36,0.47,FAVORABLE,25.18,LIMIT,11,CONVICTION,2026-09-21,2026-09-21T04:25:15.641892
BAX,LONG,CONVICTION,72.7,BULL_BOUNCE_PENDING,23.18,22.35,25.59,25.91,120,2.9,FAVORABLE,22.8,STOP,20,COMPRESSION,2026-09-21,2026-09-21T04:25:45.992650
AAON,LONG,CONVICTION,72.7,BULL_BOUNCE_PENDING,75.22,71.36,86.77,84.93,25,2.99,FAVORABLE,76.7575,LIMIT,20,CONVICTION,2026-09-21,2026-09-21T04:47:19.169726
BROS,LONG,CONVICTION,72.7,BULL_BOUNCE_PENDING,39.69,33.46,41.67,,16,0.32,FAVORABLE,40.5,LIMIT,20,COMPRESSION,2026-09-21,2026-09-21T04:49:44.788189
BRVE,LONG,CONVICTION,72.7,BULL_BOUNCE_PENDING,28.34,27.65,30.78,30.5,145,3.56,FAVORABLE,28.76,LIMIT,16,COMPRESSION,2026-09-21,2026-09-21T04:53:59.937007
KHC,LONG,CONVICTION,72.6,BULL_BOUNCE_PENDING,24.7,23.71,27.01,28.05,101,2.34,FAVORABLE,24.45,STOP,20,COMPRESSION,2026-09-21,2026-09-21T04:25:57.496673
HNGE,LONG,CONVICTION,72.6,BULL_BOUNCE_PENDING,95.07,93.81,97.5,,78,1.91,FAVORABLE,95.36,LIMIT,7,MINOR,2026-09-21,2026-09-21T04:32:59.358022
WPM,SHORT,CONVICTION,72.6,BEAR_REJECTION_PENDING,151.01,154.89,135.36,139.57,25,4.03,FAVORABLE,151.0,LIMIT,20,CONVICTION,2026-09-21,2026-09-21T04:44:24.742121
VISN,LONG,CONVICTION,72.5,BULL_BOUNCE_PENDING,6.51,6.42,6.8,7.0,1084,3.14,FAVORABLE,6.61,LIMIT,14,CONVICTION,2026-09-21,2026-09-21T04:34:07.738818
ARCB,LONG,CONVICTION,72.5,BULL_BOUNCE_PENDING,126.22,123.33,132.64,133.01,34,2.22,FAVORABLE,128.8,LIMIT,20,CONVICTION,2026-09-21,2026-09-21T04:37:32.564819
PAYC,SHORT,CONVICTION,72.5,BEAR_REJECTION_PENDING,227.36,232.83,212.89,206.86,18,2.65,FAVORABLE,226.28,LIMIT,20,CONVICTION,2026-09-21,2026-09-21T04:39:54.139879
AEHL,LONG,CONVICTION,72.5,BULL_BOUNCE_PENDING,11.88,7.68,12.47,,23,0.14,FAVORABLE,8.1755,STOP,20,MINOR,2026-09-21,2026-09-21T04:49:04.161973
PLSE,LONG,CONVICTION,72.5,BULL_BOUNCE_PENDING,52.79,49.35,55.43,,29,0.77,FAVORABLE,53.87,LIMIT,11,MINOR,2026-09-21,2026-09-21T04:49:34.555640
WLY,SHORT,CONVICTION,72.5,CHANNEL_GAP_BREAKDOWN_SHORT,47.89,49.33,45.73,44.59,69,1.5,FAVORABLE,47.89,LIMIT,20,MINOR,2026-09-21,2026-09-21T04:51:00.658990
SMMT,LONG,CONVICTION,72.4,BULL_BOUNCE_PENDING,17.91,17.41,18.7,,197,1.55,FAVORABLE,18.28,LIMIT,20,MINOR,2026-09-21,2026-09-21T04:35:51.732754
CXW,LONG,CONVICTION,72.3,BULL_BOUNCE,35.23,33.92,36.99,,76,1.34,FAVORABLE,35.2325,LIMIT,9,MINOR,2026-09-21,2026-09-21T04:40:47.176173
TZA,LONG,CONVICTION,72.3,BULL_BOUNCE_PENDING,43.26,42.72,44.21,45.5,183,1.74,FAVORABLE,44.1209,LIMIT,20,COMPRESSION,2026-09-21,2026-09-21T04:48:59.640427
HAL,LONG,CONVICTION,72.2,BULL_BOUNCE_PENDING,32.79,29.68,37.89,,32,1.64,FAVORABLE,33.46,LIMIT,20,COMPRESSION,2026-09-21,2026-09-21T04:27:02.525583
IBKR,LONG,CONVICTION,72.2,BULL_BOUNCE_PENDING,89.67,88.28,94.62,97.5,71,3.56,FAVORABLE,91.5,LIMIT,20,COMPRESSION,2026-09-21,2026-09-21T04:45:34.340856
BLBD,SHORT,CONVICTION,72.2,BEAR_REJECTION_PENDING,60.81,62.15,55.77,57.33,74,3.76,FAVORABLE,60.43,LIMIT,20,CONVICTION,2026-09-21,2026-09-21T04:49:24.137112
INTC,SHORT,CONVICTION,72.1,BEAR_REJECTION_PENDING,116.3,122.81,104.7,101.05,15,1.78,FAVORABLE,114.52,LIMIT,8,CONVICTION,2026-09-21,2026-09-21T04:22:46.126756
JPM,SHORT,CONVICTION,72.1,BEAR_REJECTION_PENDING,354.23,358.01,338.34,341.8,26,4.2,FAVORABLE,351.2,LIMIT,19,CONVICTION,2026-09-21,2026-09-21T04:26:02.134681
JNJ,SHORT,CONVICTION,72.1,BEAR_REJECTION_PENDING,271.28,276.51,248.27,255.25,19,4.4,FAVORABLE,270.0,LIMIT,20,CONVICTION,2026-09-21,2026-09-21T04:26:07.173691
AMZN,SHORT,CONVICTION,72.1,BEAR_REJECTION_PENDING,256.78,259.8,251.06,233.35,33,1.89,FAVORABLE,255.86,LIMIT,19,CONVICTION,2026-09-21,2026-09-21T04:28:58.166597
BNTX,LONG,CONVICTION,72.1,BULL_BOUNCE_PENDING,96.67,95.75,102.34,106.94,108,6.14,FAVORABLE,97.02,LIMIT,20,CONVICTION,2026-09-21,2026-09-21T04:45:24.270839
MLYS,LONG,CONVICTION,72.1,BULL_BOUNCE_PENDING,27.46,25.11,32.21,,42,2.02,FAVORABLE,28.02,LIMIT,20,COMPRESSION,2026-09-21,2026-09-21T04:50:06.796292
ADI,SHORT,CONVICTION,72.1,BEAR_REJECTION_PENDING,381.36,392.23,345.81,352.41,9,3.27,FAVORABLE,379.0,LIMIT,20,CONVICTION,2026-09-21,2026-09-21T04:52:40.373295
GH,LONG,CONVICTION,72.0,BULL_BOUNCE_PENDING,183.68,174.12,192.86,,10,0.96,FAVORABLE,183.5,STOP,0,NONE,2026-09-21,2026-09-21T04:23:08.313340
RCAT,LONG,CONVICTION,72.0,BULL_BOUNCE_PENDING,7.24,6.79,7.94,,223,1.57,FAVORABLE,6.93,STOP,19,COMPRESSION,2026-09-21,2026-09-21T04:25:55.199670
ACN,LONG,CONVICTION,72.0,BULL_BOUNCE_PENDING,191.38,189.45,215.0,212.84,51,12.27,FAVORABLE,192.11,LIMIT,11,CONVICTION,2026-09-21,2026-09-21T04:27:27.965157
LGHL,LONG,CONVICTION,72.0,BULL_BOUNCE,7.44,6.07,12.38,,73,3.61,FAVORABLE,7.44,LIMIT,3,COMPRESSION,2026-09-21,2026-09-21T04:30:06.441391
TEAM,LONG,CONVICTION,72.0,BULL_BOUNCE_PENDING,194.23,190.55,220.88,,27,7.25,FAVORABLE,192.95,STOP,5,VACUUM,2026-09-21,2026-09-21T04:30:44.910458
IOND,LONG,CONVICTION,72.0,BULL_BOUNCE_PENDING,85.59,79.99,89.87,,17,0.76,FAVORABLE,84.64,STOP,0,NONE,2026-09-21,2026-09-21T04:38:19.002350
VIAV,SHORT,CONVICTION,72.0,BEAR_REJECTION_PENDING,36.05,38.4,30.78,,42,2.25,FAVORABLE,36.0,LIMIT,19,CONVICTION,2026-09-21,2026-09-21T04:39:08.727074
GENI,LONG,CONVICTION,72.0,BULL_BOUNCE_PENDING,6.49,5.85,6.81,,155,0.5,FAVORABLE,5.78,STOP,20,COMPRESSION,2026-09-21,2026-09-21T04:40:54.183718
EL,LONG,CONVICTION,72.0,BULL_BOUNCE_PENDING,94.74,90.28,106.75,106.75,22,2.69,FAVORABLE,93.43,STOP,20,COMPRESSION,2026-09-21,2026-09-21T04:43:27.038404
CHKP,LONG,CONVICTION,72.0,BULL_BOUNCE_PENDING,136.1,129.36,142.91,,14,1.01,FAVORABLE,132.71,STOP,20,COMPRESSION,2026-09-21,2026-09-21T04:48:48.145409
INSM,SHORT,CONVICTION,72.0,BEAR_REJECTION_PENDING,122.91,131.77,116.76,,11,0.69,FAVORABLE,120.5,LIMIT,20,MINOR,2026-09-21,2026-09-21T04:50:00.864280
ENTG,LONG,CONVICTION,71.9,BULL_BOUNCE_PENDING,141.12,139.3,145.21,153.47,54,2.24,FAVORABLE,142.2475,LIMIT,20,COMPRESSION,2026-09-21,2026-09-21T04:51:16.167561
MKSI,LONG,CONVICTION,71.9,BULL_BOUNCE_PENDING,255.78,248.9,271.5,282.57,14,2.28,FAVORABLE,261.0,LIMIT,20,CONVICTION,2026-09-21,2026-09-21T04:54:07.052035
BKD,LONG,CONVICTION,71.7,BULL_BOUNCE_PENDING,11.17,10.49,13.11,,147,2.85,FAVORABLE,11.4,LIMIT,20,COMPRESSION,2026-09-21,2026-09-21T04:26:21.250799
MRK,LONG,CONVICTION,71.7,BULL_BOUNCE_PENDING,147.99,144.28,156.18,156.48,26,2.21,FAVORABLE,146.89,STOP,20,CONVICTION,2026-09-21,2026-09-21T04:30:31.737432
UPST,LONG,CONVICTION,71.7,BULL_BOUNCE_CONFIRMED,25.45,24.07,27.76,28.62,72,1.67,FAVORABLE,25.45,LIMIT,20,COMPRESSION,2026-09-21,2026-09-21T04:31:18.495050
FOUR,LONG,CONVICTION,71.7,BULL_BOUNCE_PENDING,38.96,38.11,45.06,42.08,117,7.18,FAVORABLE,39.5,LIMIT,20,COMPRESSION,2026-09-21,2026-09-21T04:34:54.277045
YOU,LONG,CONVICTION,71.7,BULL_BOUNCE_PENDING,37.73,34.68,43.85,,32,2.0,FAVORABLE,38.5,LIMIT,20,COMPRESSION,2026-09-21,2026-09-21T04:46:33.690580
OLLI,LONG,CONVICTION,71.6,BULL_BOUNCE_PENDING,74.34,73.17,80.59,80.59,85,5.33,FAVORABLE,75.84,LIMIT,15,MINOR,2026-09-21,2026-09-21T04:33:32.713610
AU,LONG,CONVICTION,71.6,BULL_BOUNCE_CONFIRMED,103.83,99.51,115.07,115.5,23,2.6,FAVORABLE,103.83,LIMIT,20,COMPRESSION,2026-09-21,2026-09-21T04:43:04.864360
OWL,LONG,CONVICTION,71.5,BULL_BOUNCE_PENDING,9.72,9.44,10.44,10.44,355,2.56,FAVORABLE,9.92,LIMIT,20,COMPRESSION,2026-09-21,2026-09-21T04:29:09.425622
DXYZ,LONG,CONVICTION,71.5,BULL_BOUNCE_PENDING,30.64,26.44,32.18,,23,0.36,FAVORABLE,31.27,LIMIT,20,COMPRESSION,2026-09-21,2026-09-21T04:31:38.481618
DRAM,LONG,CONVICTION,71.5,BULL_BOUNCE_CONFIRMED,61.05,56.14,69.52,,20,1.72,FAVORABLE,61.05,LIMIT,19,CONVICTION,2026-09-21,2026-09-21T04:39:33.425327
CRBG,LONG,CONVICTION,71.5,BULL_BOUNCE_PENDING,35.11,33.89,36.87,,82,1.44,FAVORABLE,34.8075,STOP,3,COMPRESSION,2026-09-21,2026-09-21T04:49:46.384191
MTD,LONG,CONVICTION,71.5,BULL_BOUNCE_PENDING,1417.05,1387.01,1490.35,1490.35,3,2.44,FAVORABLE,1398.1,STOP,13,CONVICTION,2026-09-21,2026-09-21T04:53:39.135311
MS,LONG,CONVICTION,71.4,BULL_BOUNCE_PENDING,203.25,195.22,218.54,227.2,12,1.9,FAVORABLE,203.7,STOP,20,CONVICTION,2026-09-21,2026-09-21T04:26:34.547898
KSS,LONG,CONVICTION,71.4,BULL_BOUNCE_PENDING,16.2,15.31,18.41,18.99,112,2.48,FAVORABLE,16.53,LIMIT,20,COMPRESSION,2026-09-21,2026-09-21T04:33:08.584569
BRUN,LONG,CONVICTION,71.4,BULL_BOUNCE_CONFIRMED,17.67,16.6,19.91,,93,2.09,FAVORABLE,17.67,LIMIT,8,COMPRESSION,2026-09-21,2026-09-21T04:37:36.843360
CHRD,LONG,CONVICTION,71.4,BULL_BOUNCE_PENDING,147.01,143.4,155.51,155.51,27,2.35,FAVORABLE,144.74,STOP,20,COMPRESSION,2026-09-21,2026-09-21T04:42:00.911021
MUSA,LONG,CONVICTION,71.3,BULL_BOUNCE_PENDING,524.84,519.81,595.61,539.97,19,14.09,FAVORABLE,526.0925,LIMIT,20,CONVICTION,2026-09-21,2026-09-21T04:35:30.465677
XNCR,LONG,CONVICTION,71.3,BULL_BOUNCE_CONFIRMED,25.01,23.75,28.71,28.42,79,2.94,FAVORABLE,25.01,LIMIT,20,COMPRESSION,2026-09-21,2026-09-21T04:44:27.351658
SANM,LONG,CONVICTION,71.3,BULL_BOUNCE_PENDING,199.25,196.31,206.5,208.67,34,2.47,FAVORABLE,199.5575,LIMIT,20,COMPRESSION,2026-09-21,2026-09-21T04:47:42.125296
JAZZ,LONG,CONVICTION,71.3,BULL_BOUNCE_PENDING,236.42,231.88,248.9,247.68,22,2.75,FAVORABLE,241.25,LIMIT,20,VACUUM,2026-09-21,2026-09-21T04:49:15.506988
VG,LONG,CONVICTION,71.1,BULL_BOUNCE_PENDING,13.64,13.19,14.42,15.0,223,1.74,FAVORABLE,13.92,LIMIT,20,COMPRESSION,2026-09-21,2026-09-21T04:29:44.220351
CLYM,LONG,CONVICTION,71.1,BULL_BOUNCE_PENDING,13.96,12.05,14.66,,52,0.36,FAVORABLE,14.25,LIMIT,18,MINOR,2026-09-21,2026-09-21T04:50:46.358965
FAST,LONG,CONVICTION,71.0,BULL_BOUNCE_PENDING,49.33,47.85,51.67,,67,1.58,FAVORABLE,49.6,STOP,13,MINOR,2026-09-21,2026-09-21T04:24:46.207752
HL,SHORT,CONVICTION,71.0,BEAR_REJECTION_PENDING,19.02,19.88,16.85,16.47,116,2.53,FAVORABLE,18.92,LIMIT,20,COMPRESSION,2026-09-21,2026-09-21T04:26:30.873891
ASTS,LONG,CONVICTION,71.0,CHANNEL_BREAKOUT,59.71,58.18,66.75,67.62,65,4.61,FAVORABLE,59.71,LIMIT,20,CONVICTION,2026-09-21,2026-09-21T04:26:56.439030
GOOG,LONG,CONVICTION,71.0,CHANNEL_BREAKOUT,348.75,340.93,381.23,373.46,12,4.15,FAVORABLE,348.75,LIMIT,15,CONVICTION,2026-09-21,2026-09-21T04:27:37.093248
SOUN,LONG,CONVICTION,71.0,BULL_BOUNCE,6.01,5.73,6.66,6.7,352,2.3,FAVORABLE,6.01,LIMIT,19,COMPRESSION,2026-09-21,2026-09-21T04:28:37.584478
CCO,LONG,CONVICTION,71.0,BULL_BOUNCE_PENDING,2.33,2.18,2.45,,652,0.76,FAVORABLE,2.38,LIMIT,1,COMPRESSION,2026-09-21,2026-09-21T04:29:47.165358
DRI,LONG,CONVICTION,71.0,BULL_BOUNCE_PENDING,208.64,206.96,224.56,213.25,59,9.48,FAVORABLE,211.0,LIMIT,20,VACUUM,2026-09-21,2026-09-21T04:37:52.108477
BSOL,LONG,CONVICTION,71.0,CHANNEL_BREAKOUT,15.93,15.59,17.03,17.03,297,3.28,FAVORABLE,15.9287,LIMIT,8,COMPRESSION,2026-09-21,2026-09-21T04:43:17.427384
HMY,LONG,CONVICTION,71.0,CHANNEL_BREAKOUT,20.07,19.73,21.03,22.36,294,2.83,FAVORABLE,20.07,LIMIT,20,CONVICTION,2026-09-21,2026-09-21T04:44:45.845766
MCK,LONG,CONVICTION,71.0,CHANNEL_BREAKOUT,877.0,865.09,895.57,911.15,8,1.56,FAVORABLE,877.0,LIMIT,20,CONVICTION,2026-09-21,2026-09-21T04:46:57.005156
DVA,LONG,CONVICTION,71.0,BULL_BOUNCE_PENDING,180.18,174.54,205.25,197.1,17,4.45,FAVORABLE,183.86,LIMIT,19,CONVICTION,2026-09-21,2026-09-21T04:47:23.766263
HACK,LONG,CONVICTION,71.0,BULL_BOUNCE,118.36,114.74,124.28,,27,1.64,FAVORABLE,118.3595,LIMIT,19,COMPRESSION,2026-09-21,2026-09-21T04:48:21.714364
GDXD,LONG,CONVICTION,71.0,BULL_BOUNCE,17.91,16.03,18.07,,53,0.09,FAVORABLE,17.91,LIMIT,20,MINOR,2026-09-21,2026-09-21T04:48:49.940411
BWXT,LONG,CONVICTION,71.0,CHANNEL_BREAKOUT,147.95,146.03,154.5,168.11,52,3.41,FAVORABLE,147.9454,LIMIT,20,CONVICTION,2026-09-21,2026-09-21T04:49:24.245090
STRL,SHORT,CONVICTION,70.9,BEAR_REJECTION_PENDING,530.74,538.28,505.72,460.0,13,3.32,FAVORABLE,530.0,LIMIT,12,CONVICTION,2026-09-21,2026-09-21T04:22:32.737082
DXST,LONG,CONVICTION,70.9,BULL_BOUNCE_PENDING,2.63,2.49,2.9,,693,1.87,FAVORABLE,2.5287,STOP,20,COMPRESSION,2026-09-21,2026-09-21T04:46:09.276918
PAY,LONG,CONVICTION,70.8,BULL_BOUNCE_PENDING,34.34,33.77,36.01,38.73,174,2.92,FAVORABLE,35.04,LIMIT,20,COMPRESSION,2026-09-21,2026-09-21T04:45:41.116874
GPRK,LONG,CONVICTION,70.8,BULL_BOUNCE_PENDING,10.79,9.87,12.22,,108,1.56,FAVORABLE,11.0102,LIMIT,20,COMPRESSION,2026-09-21,2026-09-21T04:51:50.903621
TOST,LONG,CONVICTION,70.7,BULL_BOUNCE_PENDING,30.83,29.34,33.64,,67,1.89,FAVORABLE,29.75,STOP,20,COMPRESSION,2026-09-21,2026-09-21T04:29:44.007351
DPZ,LONG,CONVICTION,70.7,BULL_BOUNCE_PENDING,288.72,283.88,296.62,333.0,20,1.63,FAVORABLE,294.61,LIMIT,20,CONVICTION,2026-09-21,2026-09-21T04:36:37.342515
KNX,SHORT,CONVICTION,70.7,BEAR_REJECTION_PENDING,67.27,68.31,60.4,60.68,96,6.61,FAVORABLE,66.6775,LIMIT,20,COMPRESSION,2026-09-21,2026-09-21T04:38:25.083773
PATH,LONG,CONVICTION,70.6,BULL_BOUNCE_PENDING,13.16,12.6,15.16,15.16,177,3.56,FAVORABLE,13.43,LIMIT,19,COMPRESSION,2026-09-21,2026-09-21T04:29:53.855368
BLDR,SHORT,CONVICTION,70.6,BEAR_REJECTION_PENDING,59.36,60.67,56.4,,76,2.27,FAVORABLE,58.2,LIMIT,16,COMPRESSION,2026-09-21,2026-09-21T04:36:16.078914
AVGX,LONG,CONVICTION,70.5,BULL_BOUNCE_PENDING,39.72,38.95,43.39,46.44,131,4.83,FAVORABLE,40.49,LIMIT,20,CONVICTION,2026-09-21,2026-09-21T04:48:07.300339
TIGO,LONG,CONVICTION,70.5,BULL_BOUNCE,93.91,91.47,103.4,103.4,40,3.89,FAVORABLE,93.91,LIMIT,20,MINOR,2026-09-21,2026-09-21T04:52:34.321265
LUXE,LONG,CONVICTION,70.5,BULL_BOUNCE_PENDING,9.89,9.73,10.26,,636,2.34,FAVORABLE,10.02,LIMIT,1,MINOR,2026-09-21,2026-09-21T04:53:32.698758
DIOD,SHORT,CONVICTION,70.4,BEAR_REJECTION_PENDING,92.37,93.81,86.88,80.5,69,3.82,FAVORABLE,92.0,LIMIT,20,COMPRESSION,2026-09-21,2026-09-21T04:32:36.462918
GBTC,SHORT,CONVICTION,70.4,BEAR_REJECTION_PENDING,66.03,70.17,59.63,55.67,24,1.55,FAVORABLE,64.74,LIMIT,9,CONVICTION,2026-09-21,2026-09-21T04:43:47.209524
TFX,LONG,CONVICTION,70.4,BULL_BOUNCE_PENDING,125.96,122.07,136.66,134.96,25,2.75,FAVORABLE,124.5,STOP,20,CONVICTION,2026-09-21,2026-09-21T04:45:47.131877
CMG,LONG,CONVICTION,70.3,BULL_BOUNCE_PENDING,32.93,31.85,37.41,37.87,92,4.16,FAVORABLE,33.6,LIMIT,20,MINOR,2026-09-21,2026-09-21T04:29:00.585602
ARW,SHORT,CONVICTION,70.3,BEAR_REJECTION_PENDING,220.71,229.34,189.99,193.94,11,3.56,FAVORABLE,219.3125,LIMIT,18,CONVICTION,2026-09-21,2026-09-21T04:51:10.553552
MTN,LONG,CONVICTION,70.3,BULL_BOUNCE_PENDING,137.94,136.52,146.67,149.14,70,6.13,FAVORABLE,139.7975,LIMIT,20,COMPRESSION,2026-09-21,2026-09-21T04:52:52.774892
SITM,SHORT,CONVICTION,70.2,BEAR_REJECTION_PENDING,626.34,638.84,580.16,559.6,8,3.7,FAVORABLE,615.0,LIMIT,14,CONVICTION,2026-09-21,2026-09-21T04:41:27.929331
FBTC,SHORT,CONVICTION,70.2,BEAR_REJECTION_PENDING,74.3,78.31,67.96,62.57,24,1.58,FAVORABLE,72.84,LIMIT,11,CONVICTION,2026-09-21,2026-09-21T04:43:40.397506
NBIG,SHORT,CONVICTION,70.1,BEAR_REJECTION_PENDING,17.56,19.5,16.69,,51,0.45,FAVORABLE,17.22,LIMIT,20,CONVICTION,2026-09-21,2026-09-21T04:36:54.605172
MANE,LONG,CONVICTION,70.0,BULL_BOUNCE_PENDING,109.41,104.84,121.79,,21,2.71,FAVORABLE,106.75,STOP,9,CONVICTION,2026-09-21,2026-09-21T04:22:31.047997
VMAR,LONG,CONVICTION,70.0,BULL_BOUNCE_CONFIRMED,7.49,7.0,8.39,,203,1.84,FAVORABLE,7.4914,LIMIT,20,MINOR,2026-09-21,2026-09-21T04:25:07.369876
CAG,LONG,CONVICTION,70.0,BULL_BOUNCE_PENDING,15.27,14.68,16.68,,169,2.39,FAVORABLE,15.13,STOP,20,COMPRESSION,2026-09-21,2026-09-21T04:26:16.198254
NTSK,LONG,CONVICTION,70.0,BULL_BOUNCE_CONFIRMED,17.5,16.91,18.75,,170,2.14,FAVORABLE,17.5,LIMIT,11,COMPRESSION,2026-09-21,2026-09-21T04:26:18.927791
KLAC,LONG,CONVICTION,70.0,BULL_BOUNCE_PENDING,178.44,176.17,187.56,195.47,43,4.01,FAVORABLE,180.69,LIMIT,16,CONVICTION,2026-09-21,2026-09-21T04:28:08.038832
ELF,LONG,CONVICTION,70.0,BULL_BOUNCE_PENDING,94.47,91.71,102.89,104.27,36,3.06,FAVORABLE,96.3953,LIMIT,20,COMPRESSION,2026-09-21,2026-09-21T04:31:07.557493
EWTX,LONG,CONVICTION,70.0,BULL_BOUNCE,45.75,43.7,48.04,,48,1.12,FAVORABLE,45.75,LIMIT,20,MINOR,2026-09-21,2026-09-21T04:31:33.245074
DOMO,LONG,CONVICTION,70.0,BULL_BOUNCE,3.81,3.67,4.19,,703,2.64,FAVORABLE,3.8147,LIMIT,20,MINOR,2026-09-21,2026-09-21T04:32:01.884724
RCEL,LONG,CONVICTION,70.0,BULL_BOUNCE_PENDING,10.75,10.38,11.29,,268,1.45,FAVORABLE,10.97,LIMIT,18,MINOR,2026-09-21,2026-09-21T04:33:38.227151
RBRK,LONG,CONVICTION,70.0,BULL_BOUNCE_PENDING,104.57,96.39,109.79,,12,0.64,FAVORABLE,106.7,LIMIT,0,NONE,2026-09-21,2026-09-21T04:35:45.065730
METU,LONG,CONVICTION,70.0,BULL_BOUNCE_PENDING,27.27,26.59,30.31,30.21,146,4.45,FAVORABLE,27.83,LIMIT,12,COMPRESSION,2026-09-21,2026-09-21T04:39:46.139860
GFI,SHORT,CONVICTION,70.0,CHANNEL_GAP_BREAKDOWN_SHORT,43.39,44.69,41.14,36.92,76,1.73,FAVORABLE,43.39,LIMIT,20,CONVICTION,2026-09-21,2026-09-21T04:44:44.555770
TTMI,LONG,CONVICTION,70.0,BULL_BOUNCE_PENDING,120.06,117.91,134.84,127.24,46,6.88,FAVORABLE,121.94,LIMIT,20,CONVICTION,2026-09-21,2026-09-21T04:47:46.472306
FLEX,SHORT,CONVICTION,70.0,BEAR_REJECTION_PENDING,109.04,111.76,93.09,96.45,36,5.86,FAVORABLE,108.9,LIMIT,20,VACUUM,2026-09-21,2026-09-21T04:51:50.106620
SENS,LONG,CONVICTION,69.9,BULL_BOUNCE_PENDING,9.62,9.47,10.42,,647,5.17,FAVORABLE,9.75,LIMIT,11,COMPRESSION,2026-09-21,2026-09-21T04:23:20.089362
MEDP,LONG,CONVICTION,69.9,BULL_BOUNCE,612.33,598.61,642.94,,7,2.23,FAVORABLE,612.3275,LIMIT,8,VACUUM,2026-09-21,2026-09-21T04:42:11.290042
AAOZ,LONG,CONVICTION,69.8,BULL_BOUNCE_PENDING,11.97,10.88,13.59,,92,1.5,FAVORABLE,12.21,LIMIT,20,CONVICTION,2026-09-21,2026-09-21T04:32:03.439729
FNB,LONG,CONVICTION,69.7,BULL_BOUNCE_PENDING,17.57,17.17,18.24,18.96,249,1.66,FAVORABLE,17.9325,LIMIT,20,COMPRESSION,2026-09-21,2026-09-21T04:28:41.781485
BBAI,LONG,CONVICTION,69.7,BULL_BOUNCE_PENDING,2.78,2.56,3.15,,442,1.62,FAVORABLE,2.84,LIMIT,20,COMPRESSION,2026-09-21,2026-09-21T04:29:36.061803
KKR,SHORT,CONVICTION,69.7,BEAR_REJECTION_PENDING,100.48,101.59,94.64,86.1,90,5.28,FAVORABLE,98.81,LIMIT,20,COMPRESSION,2026-09-21,2026-09-21T04:36:48.507551
ORCX,LONG,CONVICTION,69.7,BULL_BOUNCE_PENDING,21.16,19.99,23.27,,85,1.8,FAVORABLE,21.59,LIMIT,20,MINOR,2026-09-21,2026-09-21T04:39:53.053876
LQDA,LONG,CONVICTION,69.7,BULL_BOUNCE_PENDING,65.56,64.5,73.26,68.08,94,7.24,FAVORABLE,66.9,LIMIT,20,CONVICTION,2026-09-21,2026-09-21T04:41:07.767748
FHB,LONG,CONVICTION,69.6,BULL_BOUNCE_PENDING,25.25,24.24,29.29,28.28,99,4.01,FAVORABLE,25.7625,LIMIT,20,COMPRESSION,2026-09-21,2026-09-21T04:30:27.388425
AROC,LONG,CONVICTION,69.6,BULL_BOUNCE_PENDING,31.03,30.63,32.27,35.16,247,3.06,FAVORABLE,31.5625,LIMIT,20,COMPRESSION,2026-09-21,2026-09-21T04:47:20.166735
OII,LONG,CONVICTION,69.5,BULL_BOUNCE_PENDING,45.36,44.35,50.41,50.41,98,4.95,FAVORABLE,46.29,LIMIT,20,COMPRESSION,2026-09-21,2026-09-21T04:42:12.665047
BOIL,LONG,CONVICTION,69.5,BULL_BOUNCE,20.0,19.05,22.88,,104,3.02,FAVORABLE,20.0,LIMIT,13,COMPRESSION,2026-09-21,2026-09-21T04:42:28.536077
SBSW,LONG,CONVICTION,69.5,BULL_BOUNCE_PENDING,11.33,10.62,12.57,13.19,140,1.74,FAVORABLE,11.56,LIMIT,20,COMPRESSION,2026-09-21,2026-09-21T04:45:04.991806
SPHR,LONG,CONVICTION,69.4,BULL_BOUNCE_PENDING,142.2,139.3,147.19,158.16,34,1.72,FAVORABLE,145.1,LIMIT,20,MINOR,2026-09-21,2026-09-21T04:38:55.951044
PAAI,LONG,CONVICTION,69.3,BULL_BOUNCE_PENDING,1.34,1.15,1.41,,532,0.36,FAVORABLE,1.3695,LIMIT,2,MINOR,2026-09-21,2026-09-21T04:22:58.303782
CVE,LONG,CONVICTION,69.3,BULL_BOUNCE_PENDING,31.9,31.5,32.65,32.99,246,1.84,FAVORABLE,32.52,LIMIT,17,MINOR,2026-09-21,2026-09-21T04:26:25.103347
LMND,SHORT,CONVICTION,69.3,BEAR_REJECTION_PENDING,48.65,49.65,41.38,,100,7.29,FAVORABLE,47.92,LIMIT,20,COMPRESSION,2026-09-21,2026-09-21T04:45:35.967864
BTGO,LONG,CONVICTION,69.3,BULL_BOUNCE_PENDING,7.75,7.56,8.31,,532,2.98,FAVORABLE,7.81,LIMIT,8,COMPRESSION,2026-09-21,2026-09-21T04:54:00.713010
AGL,LONG,CONVICTION,69.2,BULL_BOUNCE_PENDING,88.61,86.96,95.0,100.59,60,3.88,FAVORABLE,89.26,LIMIT,20,MINOR,2026-09-21,2026-09-21T04:32:05.504729
SEPN,LONG,CONVICTION,69.2,BULL_BOUNCE_PENDING,37.92,35.78,43.15,43.15,46,2.46,FAVORABLE,38.69,LIMIT,20,MINOR,2026-09-21,2026-09-21T04:37:06.220206
PLTR,LONG,CONVICTION,69.1,BULL_BOUNCE_PENDING,176.71,174.58,186.85,192.07,46,4.75,FAVORABLE,178.15,LIMIT,13,CONVICTION,2026-09-21,2026-09-21T04:28:37.119477
MIAX,LONG,CONVICTION,69.1,BULL_BOUNCE_PENDING,38.01,37.31,39.41,41.48,142,1.99,FAVORABLE,38.79,LIMIT,20,COMPRESSION,2026-09-21,2026-09-21T04:38:33.948503
AIAI,LONG,CONVICTION,69.1,BULL_BOUNCE_PENDING,3.52,3.37,4.04,4.04,634,3.24,FAVORABLE,3.59,LIMIT,17,MINOR,2026-09-21,2026-09-21T04:45:17.589826
AUGO,LONG,CONVICTION,69.0,BULL_BOUNCE_PENDING,88.2,84.94,95.94,96.47,30,2.38,FAVORABLE,90.0,LIMIT,10,CONVICTION,2026-09-21,2026-09-21T04:23:14.760352
INGM,LONG,CONVICTION,69.0,BULL_BOUNCE_PENDING,26.24,25.91,26.89,29.56,301,1.94,FAVORABLE,26.67,LIMIT,20,COMPRESSION,2026-09-21,2026-09-21T04:31:24.436062
CEVA,SHORT,CONVICTION,69.0,BEAR_REJECTION_PENDING,31.25,32.87,26.83,26.75,61,2.72,FAVORABLE,30.95,LIMIT,16,CONVICTION,2026-09-21,2026-09-21T04:32:25.886837
CRGY,LONG,CONVICTION,69.0,BULL_BOUNCE_PENDING,13.68,13.47,14.02,15.9,470,1.57,FAVORABLE,13.9,LIMIT,20,COMPRESSION,2026-09-21,2026-09-21T04:32:28.760907
BGC,LONG,CONVICTION,69.0,BULL_BOUNCE_PENDING,11.98,10.83,12.58,,86,0.52,FAVORABLE,12.2225,LIMIT,1,MINOR,2026-09-21,2026-09-21T04:45:24.218840
LGCL,LONG,CONVICTION,69.0,BULL_BOUNCE,3.06,2.57,3.27,,202,0.43,FAVORABLE,3.06,LIMIT,20,MINOR,2026-09-21,2026-09-21T04:46:05.405913
GME,SHORT,CONVICTION,69.0,BEAR_REJECTION_PENDING,23.26,28.69,22.09,,18,0.21,FAVORABLE,22.8,LIMIT,15,COMPRESSION,2026-09-21,2026-09-21T04:49:31.235636
DRIP,SHORT,CONVICTION,69.0,BEAR_REJECTION_PENDING,34.63,35.98,32.05,31.23,74,1.91,FAVORABLE,34.44,LIMIT,20,VACUUM,2026-09-21,2026-09-21T04:53:02.788472
NE,LONG,CONVICTION,68.9,BULL_BOUNCE_PENDING,43.69,43.18,45.19,49.0,195,2.93,FAVORABLE,44.2625,LIMIT,20,COMPRESSION,2026-09-21,2026-09-21T04:35:31.610681
ETSY,LONG,CONVICTION,68.9,BULL_BOUNCE_PENDING,71.81,70.9,76.08,76.08,109,4.66,FAVORABLE,72.69,LIMIT,20,COMPRESSION,2026-09-21,2026-09-21T04:46:22.135943
GIL,LONG,CONVICTION,68.9,BULL_BOUNCE_PENDING,45.96,40.46,48.26,,18,0.42,FAVORABLE,46.9,LIMIT,20,COMPRESSION,2026-09-21,2026-09-21T04:50:51.562975
MSTR,LONG,CONVICTION,68.8,BULL_BOUNCE_PENDING,155.1,152.18,169.18,169.18,34,4.82,FAVORABLE,158.2,LIMIT,8,CONVICTION,2026-09-21,2026-09-21T04:26:00.899681
NOG,LONG,CONVICTION,68.6,BULL_BOUNCE_PENDING,24.57,24.31,27.16,26.66,381,9.85,FAVORABLE,25.0,LIMIT,20,COMPRESSION,2026-09-21,2026-09-21T04:35:33.722689
ELAN,LONG,CONVICTION,68.6,BULL_BOUNCE_PENDING,22.0,19.7,25.5,,43,1.52,FAVORABLE,22.45,LIMIT,20,COMPRESSION,2026-09-21,2026-09-21T04:40:50.011181
BHF,LONG,CONVICTION,68.6,BULL_BOUNCE_PENDING,48.95,43.16,51.4,,17,0.42,FAVORABLE,49.9475,LIMIT,20,COMPRESSION,2026-09-21,2026-09-21T04:48:12.208347
NEO,LONG,CONVICTION,68.6,BULL_BOUNCE_PENDING,19.98,19.74,20.98,,419,4.19,FAVORABLE,20.1,LIMIT,0,NONE,2026-09-21,2026-09-21T04:48:28.036376
BEG,SHORT,CONVICTION,68.6,BEAR_REJECTION_PENDING,51.3,53.11,46.02,45.57,55,2.9,FAVORABLE,51.26,LIMIT,20,CONVICTION,2026-09-21,2026-09-21T04:51:38.902599
CMCSA,LONG,CONVICTION,68.5,BULL_BOUNCE_PENDING,22.36,22.14,22.74,24.61,448,1.7,FAVORABLE,22.72,LIMIT,20,COMPRESSION,2026-09-21,2026-09-21T04:25:10.511883
T,LONG,CONVICTION,68.5,BULL_BOUNCE_PENDING,24.89,24.63,28.27,27.35,376,12.69,FAVORABLE,25.4,LIMIT,20,COMPRESSION,2026-09-21,2026-09-21T04:25:31.074006
EW,LONG,CONVICTION,68.5,BULL_BOUNCE_PENDING,86.49,83.95,94.43,94.43,39,3.12,FAVORABLE,88.26,LIMIT,20,COMPRESSION,2026-09-21,2026-09-21T04:27:19.791143
MORN,SHORT,CONVICTION,68.5,BEAR_REJECTION_PENDING,207.8,210.45,176.13,194.01,37,11.96,FAVORABLE,203.8325,LIMIT,20,CONVICTION,2026-09-21,2026-09-21T04:39:47.607479
BEX,LONG,CONVICTION,68.5,BULL_BOUNCE_PENDING,36.05,34.31,39.67,40.67,57,2.08,FAVORABLE,36.79,LIMIT,14,CONVICTION,2026-09-21,2026-09-21T04:46:18.403935
CDNS,SHORT,CONVICTION,68.5,BEAR_REJECTION_PENDING,288.0,291.07,280.76,265.42,32,2.36,FAVORABLE,283.01,LIMIT,20,CONVICTION,2026-09-21,2026-09-21T04:46:47.497139
GDXJ,LONG,CONVICTION,68.5,BULL_BOUNCE_PENDING,123.89,122.43,128.39,129.03,68,3.09,FAVORABLE,124.47,LIMIT,20,COMPRESSION,2026-09-21,2026-09-21T04:46:51.129146
AG,SHORT,CONVICTION,68.4,BEAR_REJECTION_PENDING,20.15,21.29,18.4,17.53,88,1.54,FAVORABLE,19.85,LIMIT,20,VACUUM,2026-09-21,2026-09-21T04:28:16.566846
IAUX,LONG,CONVICTION,68.3,BULL_BOUNCE_PENDING,1.76,1.74,1.89,1.85,3556,4.48,FAVORABLE,1.8,LIMIT,20,COMPRESSION,2026-09-21,2026-09-21T04:24:24.748632
BAND,LONG,CONVICTION,68.3,BULL_BOUNCE_PENDING,48.94,44.26,56.59,,21,1.63,FAVORABLE,49.94,LIMIT,17,MINOR,2026-09-21,2026-09-21T04:31:45.226164
ASH,LONG,CONVICTION,68.3,BULL_BOUNCE_PENDING,67.68,66.16,70.51,72.87,66,1.87,FAVORABLE,69.0575,LIMIT,20,COMPRESSION,2026-09-21,2026-09-21T04:32:11.789740
ET,LONG,CONVICTION,68.2,BULL_BOUNCE_PENDING,20.73,20.23,21.61,,201,1.78,FAVORABLE,21.15,LIMIT,20,COMPRESSION,2026-09-21,2026-09-21T04:25:48.709658
CLF,LONG,CONVICTION,68.2,BULL_BOUNCE_PENDING,12.33,12.09,13.2,13.58,418,3.64,FAVORABLE,12.58,LIMIT,12,COMPRESSION,2026-09-21,2026-09-21T04:26:06.287690
MCHP,SHORT,CONVICTION,68.2,BEAR_REJECTION_PENDING,74.79,76.46,65.97,70.73,59,5.28,FAVORABLE,73.85,LIMIT,20,CONVICTION,2026-09-21,2026-09-21T04:27:13.957135
APO,LONG,CONVICTION,68.2,BULL_BOUNCE_PENDING,123.47,121.63,128.5,132.05,54,2.73,FAVORABLE,125.99,LIMIT,20,COMPRESSION,2026-09-21,2026-09-21T04:34:21.443375
SFM,SHORT,CONVICTION,68.2,BEAR_REJECTION_PENDING,72.42,73.83,70.16,,71,1.61,FAVORABLE,71.0,LIMIT,20,COMPRESSION,2026-09-21,2026-09-21T04:38:51.350315
LABD,LONG,CONVICTION,68.2,BULL_BOUNCE_PENDING,7.0,6.65,8.15,7.92,285,3.29,FAVORABLE,7.14,LIMIT,20,COMPRESSION,2026-09-21,2026-09-21T04:39:42.122504
SWVL,LONG,CONVICTION,68.2,BULL_BOUNCE_PENDING,4.19,3.74,4.4,,218,0.46,FAVORABLE,4.28,LIMIT,19,MINOR,2026-09-21,2026-09-21T04:46:41.281126
SYM,SHORT,CONVICTION,68.1,BEAR_REJECTION_PENDING,42.98,46.75,37.2,,26,1.53,FAVORABLE,42.14,LIMIT,20,CONVICTION,2026-09-21,2026-09-21T04:50:20.133855
GIPR,LONG,CONVICTION,68.0,BULL_BOUNCE_PENDING,0.64,0.59,0.72,,1975,1.62,FAVORABLE,0.6409,LIMIT,12,COMPRESSION,2026-09-21,2026-09-21T04:22:41.557333
VIR,LONG,CONVICTION,68.0,BULL_BOUNCE,10.5,9.97,11.38,11.94,188,1.67,FAVORABLE,10.5,LIMIT,20,COMPRESSION,2026-09-21,2026-09-21T04:23:08.461340
AMLX,LONG,CONVICTION,68.0,BULL_BOUNCE,32.54,30.91,36.98,36.59,61,2.72,FAVORABLE,32.54,LIMIT,10,MINOR,2026-09-21,2026-09-21T04:23:11.189343
STIM,LONG,CONVICTION,68.0,BULL_BOUNCE_PENDING,2.83,2.7,3.22,3.15,778,3.02,FAVORABLE,2.8901,LIMIT,20,COMPRESSION,2026-09-21,2026-09-21T04:23:15.597354
CGEM,LONG,CONVICTION,68.0,BULL_BOUNCE_PENDING,20.97,20.65,21.69,22.25,314,2.26,FAVORABLE,21.4,LIMIT,14,COMPRESSION,2026-09-21,2026-09-21T04:23:24.052375
TOI,LONG,CONVICTION,68.0,BULL_BOUNCE_PENDING,5.08,4.8,5.8,5.76,350,2.52,FAVORABLE,5.185,LIMIT,16,COMPRESSION,2026-09-21,2026-09-21T04:24:27.065636
OKTA,LONG,CONVICTION,68.0,BULL_BOUNCE,182.95,173.64,184.01,,10,0.11,FAVORABLE,182.95,LIMIT,10,MINOR,2026-09-21,2026-09-21T04:26:12.786252
WBD,LONG,CONVICTION,68.0,BULL_BOUNCE_PENDING,29.16,28.0,30.61,,86,1.26,FAVORABLE,29.75,LIMIT,3,MINOR,2026-09-21,2026-09-21T04:27:22.138148
HCA,LONG,CONVICTION,68.0,BULL_BOUNCE_PENDING,423.49,419.37,432.46,491.44,24,2.18,FAVORABLE,427.71,LIMIT,17,CONVICTION,2026-09-21,2026-09-21T04:27:54.413807
HIVE,LONG,CONVICTION,68.0,BULL_BOUNCE,3.44,3.26,3.76,,552,1.77,FAVORABLE,3.44,LIMIT,4,COMPRESSION,2026-09-21,2026-09-21T04:30:04.234387
CAST,LONG,CONVICTION,68.0,BULL_BOUNCE_PENDING,1.37,1.29,1.44,,1183,0.81,FAVORABLE,1.4,LIMIT,4,MINOR,2026-09-21,2026-09-21T04:31:08.156495
IDCC,LONG,CONVICTION,68.0,BULL_BOUNCE,323.05,311.93,344.19,370.0,8,1.9,FAVORABLE,323.0475,LIMIT,20,VACUUM,2026-09-21,2026-09-21T04:33:03.074029
IMAX,LONG,CONVICTION,68.0,BULL_BOUNCE_PENDING,51.71,50.11,54.38,,62,1.65,FAVORABLE,52.77,LIMIT,7,MINOR,2026-09-21,2026-09-21T04:35:10.505624
LFST,LONG,CONVICTION,68.0,BULL_BOUNCE_PENDING,12.55,12.38,12.96,13.31,592,2.41,FAVORABLE,12.81,LIMIT,12,MINOR,2026-09-21,2026-09-21T04:35:16.213632
OIH,LONG,CONVICTION,68.0,BULL_BOUNCE_PENDING,392.03,388.55,418.1,418.1,28,7.48,FAVORABLE,394.1,LIMIT,20,CONVICTION,2026-09-21,2026-09-21T04:35:38.440705
MC,LONG,CONVICTION,68.0,BULL_BOUNCE_PENDING,58.54,55.18,64.7,66.31,29,1.83,FAVORABLE,59.7325,LIMIT,20,COMPRESSION,2026-09-21,2026-09-21T04:39:45.427250
NCNO,LONG,CONVICTION,68.0,BULL_BOUNCE_PENDING,21.33,20.95,23.26,22.96,266,5.14,FAVORABLE,21.65,LIMIT,20,COMPRESSION,2026-09-21,2026-09-21T04:39:48.764570
AMDL,LONG,CONVICTION,68.0,BULL_BOUNCE_PENDING,69.09,66.18,80.23,,34,3.82,FAVORABLE,70.5,LIMIT,3,MINOR,2026-09-21,2026-09-21T04:40:38.962155
ACAD,LONG,CONVICTION,68.0,BULL_BOUNCE_PENDING,26.71,26.48,29.05,27.37,432,10.09,FAVORABLE,27.23,LIMIT,20,COMPRESSION,2026-09-21,2026-09-21T04:42:25.839075
OCUL,LONG,CONVICTION,68.0,BULL_BOUNCE,10.08,9.52,11.09,11.5,177,1.79,FAVORABLE,10.08,LIMIT,20,COMPRESSION,2026-09-21,2026-09-21T04:42:42.294108
BITB,LONG,CONVICTION,68.0,BUY_LOWER_DIRTY,45.66,42.18,47.8,,28,0.61,FAVORABLE,45.66,LIMIT,8,CONVICTION,2026-09-21,2026-09-21T04:43:07.303365
BTC,LONG,CONVICTION,68.0,BUY_LOWER_DIRTY,37.09,34.35,38.96,,36,0.68,FAVORABLE,37.09,LIMIT,9,COMPRESSION,2026-09-21,2026-09-21T04:43:19.437388
IMNM,LONG,CONVICTION,68.0,BULL_BOUNCE_PENDING,24.05,23.73,24.65,26.15,309,1.86,FAVORABLE,24.1631,LIMIT,20,COMPRESSION,2026-09-21,2026-09-21T04:43:50.398524
BBY,LONG,CONVICTION,68.0,BULL_BOUNCE,94.0,90.87,100.62,,31,2.12,FAVORABLE,94.0,LIMIT,20,COMPRESSION,2026-09-21,2026-09-21T04:48:11.407350
CAMT,LONG,CONVICTION,68.0,BULL_BOUNCE_CONFIRMED,152.8,143.59,167.34,174.93,10,1.58,FAVORABLE,152.8,LIMIT,20,CONVICTION,2026-09-21,2026-09-21T04:50:45.876971
TNMG,LONG,CONVICTION,68.0,BULL_BOUNCE_PENDING,3.64,3.47,3.91,,591,1.6,FAVORABLE,3.71,LIMIT,6,MINOR,2026-09-21,2026-09-21T04:53:53.558448
TEM,SHORT,CONVICTION,67.9,BEAR_REJECTION_PENDING,79.97,82.64,72.7,70.44,37,2.72,FAVORABLE,78.4,LIMIT,8,CONVICTION,2026-09-21,2026-09-21T04:23:57.895518
SMCX,LONG,CONVICTION,67.9,BULL_BOUNCE_PENDING,13.13,12.46,15.37,,149,3.34,FAVORABLE,13.4,LIMIT,15,MINOR,2026-09-21,2026-09-21T04:33:43.938702
PLNT,SHORT,CONVICTION,67.9,BEAR_REJECTION_PENDING,49.87,51.15,43.78,45.58,77,4.74,FAVORABLE,49.4925,LIMIT,20,COMPRESSION,2026-09-21,2026-09-21T04:42:43.152640
BITX,LONG,CONVICTION,67.9,BULL_BOUNCE_PENDING,19.46,18.44,21.39,,98,1.89,FAVORABLE,19.86,LIMIT,6,CONVICTION,2026-09-21,2026-09-21T04:43:12.156376
FFIV,LONG,CONVICTION,67.9,BULL_BOUNCE_PENDING,426.56,422.34,434.38,,23,1.85,FAVORABLE,432.03,LIMIT,5,VACUUM,2026-09-21,2026-09-21T04:47:23.959263
GFS,SHORT,CONVICTION,67.8,BEAR_REJECTION_PENDING,49.95,53.71,43.01,,26,1.85,FAVORABLE,48.97,LIMIT,17,CONVICTION,2026-09-21,2026-09-21T04:32:51.509010
BBIO,LONG,CONVICTION,67.8,BULL_BOUNCE_PENDING,65.74,64.99,73.6,72.26,134,10.53,FAVORABLE,66.61,LIMIT,20,CONVICTION,2026-09-21,2026-09-21T04:42:28.441080
CHAI,LONG,CONVICTION,67.7,BULL_BOUNCE_PENDING,0.27,0.26,0.31,0.32,6480,2.58,FAVORABLE,0.2794,LIMIT,20,MINOR,2026-09-21,2026-09-21T04:31:28.731067
VSAT,SHORT,CONVICTION,67.7,BEAR_REJECTION_PENDING,77.52,81.82,67.39,67.39,23,2.36,FAVORABLE,76.5,LIMIT,20,VACUUM,2026-09-21,2026-09-21T04:36:08.563888
KYMR,LONG,CONVICTION,67.7,BULL_BOUNCE_PENDING,116.16,114.68,124.99,124.38,67,5.98,FAVORABLE,117.75,LIMIT,20,MINOR,2026-09-21,2026-09-21T04:38:26.436384
INDI,LONG,CONVICTION,67.7,BULL_BOUNCE_PENDING,3.11,3.05,3.24,3.24,1735,2.26,FAVORABLE,3.15,LIMIT,20,COMPRESSION,2026-09-21,2026-09-21T04:39:40.644906
AEM,LONG,CONVICTION,67.7,BULL_BOUNCE_PENDING,199.44,197.25,204.67,222.81,45,2.38,FAVORABLE,200.0,LIMIT,20,COMPRESSION,2026-09-21,2026-09-21T04:42:56.529341
VRRM,LONG,CONVICTION,67.7,BULL_BOUNCE_PENDING,3.41,3.33,3.88,3.73,1282,6.02,FAVORABLE,3.48,LIMIT,13,COMPRESSION,2026-09-21,2026-09-21T04:54:12.226596
ORBS,LONG,CONVICTION,67.6,BULL_BOUNCE_PENDING,1.04,0.9,1.09,,705,0.37,FAVORABLE,1.06,LIMIT,6,MINOR,2026-09-21,2026-09-21T04:24:57.013775
VSH,SHORT,CONVICTION,67.6,BEAR_REJECTION_PENDING,33.92,35.76,29.94,29.39,54,2.17,FAVORABLE,33.4,LIMIT,11,CONVICTION,2026-09-21,2026-09-21T04:34:08.778820
CEG,LONG,CONVICTION,67.6,BULL_BOUNCE,257.62,246.84,276.51,290.16,9,1.75,FAVORABLE,257.62,LIMIT,20,CONVICTION,2026-09-21,2026-09-21T04:49:25.823626
COTY,LONG,CONVICTION,67.5,BULL_BOUNCE,2.43,2.32,2.66,2.7,876,2.02,FAVORABLE,2.43,LIMIT,20,COMPRESSION,2026-09-21,2026-09-21T04:25:06.834878
CTRI,LONG,CONVICTION,67.5,BULL_BOUNCE_PENDING,18.71,17.19,21.32,,66,1.72,FAVORABLE,19.09,LIMIT,20,COMPRESSION,2026-09-21,2026-09-21T04:32:34.039915
ICE,SHORT,CONVICTION,67.5,BEAR_REJECTION_PENDING,155.79,157.41,146.75,136.0,61,5.57,FAVORABLE,155.47,LIMIT,20,CONVICTION,2026-09-21,2026-09-21T04:50:51.725977
EXE,LONG,CONVICTION,67.4,BULL_BOUNCE_PENDING,87.03,86.3,88.33,93.19,135,1.75,FAVORABLE,87.25,LIMIT,20,COMPRESSION,2026-09-21,2026-09-21T04:34:52.455041
LBRDK,LONG,CONVICTION,67.4,BULL_BOUNCE_PENDING,35.41,33.68,39.83,41.38,57,2.55,FAVORABLE,36.13,LIMIT,5,COMPRESSION,2026-09-21,2026-09-21T04:36:50.277558
JEM,LONG,CONVICTION,67.4,BULL_BOUNCE,3.78,3.51,4.19,,370,1.52,FAVORABLE,3.78,LIMIT,20,MINOR,2026-09-21,2026-09-21T04:46:43.641132
SES,LONG,CONVICTION,67.3,BULL_BOUNCE_PENDING,0.53,0.49,0.58,0.61,2813,1.56,FAVORABLE,0.5399,LIMIT,19,MINOR,2026-09-21,2026-09-21T04:30:13.952401
NWL,LONG,CONVICTION,67.3,BULL_BOUNCE_PENDING,5.4,5.05,5.98,6.31,288,1.68,FAVORABLE,5.51,LIMIT,20,COMPRESSION,2026-09-21,2026-09-21T04:36:57.104177
VNET,LONG,CONVICTION,67.3,BULL_BOUNCE_PENDING,6.45,6.03,7.23,,241,1.89,FAVORABLE,6.58,LIMIT,13,COMPRESSION,2026-09-21,2026-09-21T04:47:11.064183
SHAZ,LONG,CONVICTION,67.2,BULL_BOUNCE,58.2,53.56,65.26,,21,1.52,FAVORABLE,58.2,LIMIT,9,CONVICTION,2026-09-21,2026-09-21T04:35:50.566752
IBP,LONG,CONVICTION,67.2,BULL_BOUNCE_PENDING,196.19,193.12,210.68,222.44,32,4.72,FAVORABLE,197.6325,LIMIT,20,CONVICTION,2026-09-21,2026-09-21T04:36:47.153547
SIL,LONG,CONVICTION,67.2,BULL_BOUNCE_PENDING,93.44,90.94,105.8,108.09,40,4.94,FAVORABLE,95.35,LIMIT,20,VACUUM,2026-09-21,2026-09-21T04:47:04.256168
SBIT,LONG,CONVICTION,67.2,BULL_BOUNCE_PENDING,29.91,28.14,34.61,,56,2.67,FAVORABLE,30.5166,LIMIT,20,COMPRESSION,2026-09-21,2026-09-21T04:48:58.376432
APPF,SHORT,CONVICTION,67.1,BEAR_REJECTION_PENDING,214.91,219.09,184.12,184.12,23,7.37,FAVORABLE,214.6275,LIMIT,20,CONVICTION,2026-09-21,2026-09-21T04:36:23.082936
NUTX,LONG,CONVICTION,67.0,BULL_BOUNCE_CONFIRMED,210.39,202.29,222.54,,12,1.5,FAVORABLE,210.39,LIMIT,20,COMPRESSION,2026-09-21,2026-09-21T04:23:57.501518
NEM,LONG,CONVICTION,67.0,BULL_BOUNCE_PENDING,121.38,120.11,123.43,126.81,78,1.61,FAVORABLE,123.15,LIMIT,20,CONVICTION,2026-09-21,2026-09-21T04:27:12.094132
BEEM,LONG,CONVICTION,67.0,BULL_BOUNCE_PENDING,1.32,1.27,1.53,1.45,1779,3.68,FAVORABLE,1.35,LIMIT,20,MINOR,2026-09-21,2026-09-21T04:31:07.714493
WOLF,LONG,CONVICTION,67.0,CHANNEL_RECLAIM_LONG,26.4,25.25,28.4,30.14,86,1.73,FAVORABLE,26.4,LIMIT,13,MINOR,2026-09-21,2026-09-21T04:31:30.686070
VOYG,LONG,CONVICTION,67.0,BULL_BOUNCE_PENDING,35.48,34.84,37.88,37.88,155,3.72,FAVORABLE,36.0,LIMIT,20,COMPRESSION,2026-09-21,2026-09-21T04:34:08.686822
PARR,LONG,CONVICTION,67.0,BULL_BOUNCE_PENDING,82.93,81.61,85.68,85.9,75,2.08,FAVORABLE,84.37,LIMIT,8,MINOR,2026-09-21,2026-09-21T04:35:44.196733
BETA,LONG,CONVICTION,67.0,BULL_BOUNCE_PENDING,20.64,20.11,23.61,22.99,187,5.58,FAVORABLE,21.06,LIMIT,3,MINOR,2026-09-21,2026-09-21T04:36:28.972955
IESC,LONG,CONVICTION,67.0,BULL_BOUNCE_PENDING,321.42,316.05,365.81,362.5,18,8.27,FAVORABLE,322.1575,LIMIT,16,CONVICTION,2026-09-21,2026-09-21T04:36:47.956549
PBF,LONG,CONVICTION,67.0,BULL_BOUNCE_PENDING,75.46,73.17,80.31,,43,2.12,FAVORABLE,77.0,LIMIT,19,MINOR,2026-09-21,2026-09-21T04:37:00.558188
AA,LONG,CONVICTION,67.0,BULL_BOUNCE_PENDING,44.65,44.06,47.25,47.25,170,4.44,FAVORABLE,44.99,LIMIT,20,CONVICTION,2026-09-21,2026-09-21T04:41:43.471442
XPON,LONG,CONVICTION,67.0,BULL_BOUNCE_PENDING,4.8,4.4,5.46,,248,1.64,FAVORABLE,4.9,LIMIT,17,MINOR,2026-09-21,2026-09-21T04:46:08.027919
AMIX,LONG,CONVICTION,67.0,BULL_BOUNCE_PENDING,4.17,3.92,4.74,4.75,392,2.22,FAVORABLE,4.26,LIMIT,20,MINOR,2026-09-21,2026-09-21T04:46:41.110128
TRUG,LONG,CONVICTION,67.0,CHANNEL_RECLAIM_LONG,0.48,0.4,0.5,,1411,0.34,FAVORABLE,0.4754,LIMIT,7,MINOR,2026-09-21,2026-09-21T04:47:14.718716
PSI,LONG,CONVICTION,67.0,BULL_BOUNCE_PENDING,135.59,133.95,154.31,150.0,61,11.43,FAVORABLE,138.3,LIMIT,16,CONVICTION,2026-09-21,2026-09-21T04:51:23.129574
WCC,SHORT,CONVICTION,67.0,BEAR_REJECTION_PENDING,344.15,357.25,296.39,305.27,7,3.65,FAVORABLE,344.1475,LIMIT,20,CONVICTION,2026-09-21,2026-09-21T04:51:35.022593
YPF,LONG,CONVICTION,66.9,BULL_BOUNCE_CONFIRMED,55.96,53.73,58.76,,44,1.25,FAVORABLE,55.96,LIMIT,12,MINOR,2026-09-21,2026-09-21T04:42:24.414075
QGEN,LONG,CONVICTION,66.9,BULL_BOUNCE_CONFIRMED,44.18,42.69,49.47,47.65,66,3.54,FAVORABLE,44.18,LIMIT,20,COMPRESSION,2026-09-21,2026-09-21T04:46:59.667160
BBNX,LONG,CONVICTION,66.8,BULL_BOUNCE_PENDING,21.43,20.66,22.75,,129,1.71,FAVORABLE,21.87,LIMIT,9,CONVICTION,2026-09-21,2026-09-21T04:23:03.454328
BAC,LONG,CONVICTION,66.8,BULL_BOUNCE_PENDING,56.78,53.45,62.34,64.73,29,1.67,FAVORABLE,57.94,LIMIT,20,COMPRESSION,2026-09-21,2026-09-21T04:26:00.018678
TSLA,LONG,CONVICTION,66.8,BULL_BOUNCE_CONFIRMED,369.34,358.14,392.35,404.61,8,2.05,FAVORABLE,369.34,LIMIT,20,CONVICTION,2026-09-21,2026-09-21T04:27:10.578126
INFQ,LONG,CONVICTION,66.8,BULL_BOUNCE_PENDING,13.29,13.03,14.56,,394,5.04,FAVORABLE,13.47,LIMIT,8,MINOR,2026-09-21,2026-09-21T04:29:53.756367
BEAM,LONG,CONVICTION,66.8,BULL_BOUNCE_CONFIRMED,25.26,23.88,28.95,,72,2.67,FAVORABLE,25.26,LIMIT,16,CONVICTION,2026-09-21,2026-09-21T04:45:23.499835
M,LONG,CONVICTION,66.8,BULL_BOUNCE_PENDING,21.5,20.32,24.2,24.8,84,2.28,FAVORABLE,21.94,LIMIT,20,MINOR,2026-09-21,2026-09-21T04:52:50.080886
NX,SHORT,CONVICTION,66.7,BEAR_REJECTION_PENDING,20.49,21.68,18.56,17.08,84,1.63,FAVORABLE,20.0925,LIMIT,20,COMPRESSION,2026-09-21,2026-09-21T04:23:35.183932
SNOW,LONG,CONVICTION,66.7,BULL_BOUNCE_PENDING,325.75,320.18,353.63,347.38,17,5.0,FAVORABLE,332.25,LIMIT,20,CONVICTION,2026-09-21,2026-09-21T04:29:29.712793
AVL,LONG,CONVICTION,66.7,BULL_BOUNCE_PENDING,37.8,37.11,41.15,43.98,144,4.85,FAVORABLE,38.5,LIMIT,20,CONVICTION,2026-09-21,2026-09-21T04:50:41.735959
FND,SHORT,CONVICTION,66.7,BEAR_REJECTION_PENDING,48.23,50.48,45.82,,44,1.07,FAVORABLE,47.2825,LIMIT,20,COMPRESSION,2026-09-21,2026-09-21T04:51:59.651172
OMER,LONG,CONVICTION,66.6,BULL_BOUNCE_PENDING,17.53,17.18,19.16,19.16,286,4.68,FAVORABLE,17.89,LIMIT,20,MINOR,2026-09-21,2026-09-21T04:23:04.294329
OPTX,LONG,CONVICTION,66.6,BULL_BOUNCE_PENDING,6.64,6.34,7.73,7.34,324,3.52,FAVORABLE,6.78,LIMIT,20,MINOR,2026-09-21,2026-09-21T04:31:36.633080
FNGU,LONG,CONVICTION,66.6,BULL_BOUNCE_CONFIRMED,33.88,31.61,35.57,,44,0.75,FAVORABLE,33.88,LIMIT,9,COMPRESSION,2026-09-21,2026-09-21T04:50:50.154971
MFP,LONG,CONVICTION,66.4,BULL_BOUNCE_PENDING,41.77,41.05,46.66,46.63,138,6.8,FAVORABLE,42.4,LIMIT,20,COMPRESSION,2026-09-21,2026-09-21T04:41:08.601749
NVDU,LONG,CONVICTION,66.3,BULL_BOUNCE_PENDING,138.74,136.56,143.21,148.9,45,2.05,FAVORABLE,140.98,LIMIT,20,COMPRESSION,2026-09-21,2026-09-21T04:38:39.144377
HLI,LONG,CONVICTION,66.3,BULL_BOUNCE_PENDING,129.42,128.12,131.54,145.77,76,1.64,FAVORABLE,130.5475,LIMIT,20,COMPRESSION,2026-09-21,2026-09-21T04:39:38.839296
VIRT,LONG,CONVICTION,66.3,BULL_BOUNCE_PENDING,56.54,54.69,60.75,63.88,54,2.28,FAVORABLE,57.69,LIMIT,20,COMPRESSION,2026-09-21,2026-09-21T04:41:34.015421
COCO,LONG,CONVICTION,66.3,BULL_BOUNCE_PENDING,54.7,53.3,61.7,58.61,71,4.98,FAVORABLE,55.82,LIMIT,20,COMPRESSION,2026-09-21,2026-09-21T04:43:20.966391
FUTU,LONG,CONVICTION,66.3,BULL_BOUNCE_PENDING,112.92,111.69,120.3,120.3,80,5.97,FAVORABLE,114.0,LIMIT,20,CONVICTION,2026-09-21,2026-09-21T04:45:33.399856
ECO,LONG,CONVICTION,66.3,BULL_BOUNCE_PENDING,82.32,81.46,85.0,85.57,117,3.15,FAVORABLE,83.8,LIMIT,20,COMPRESSION,2026-09-21,2026-09-21T04:52:45.475322
QTEX,LONG,CONVICTION,66.2,BULL_BOUNCE,0.87,0.81,0.88,,1712,0.18,FAVORABLE,0.8694,LIMIT,6,MINOR,2026-09-21,2026-09-21T04:24:26.430639
RF,LONG,CONVICTION,66.2,BULL_BOUNCE_PENDING,27.92,26.71,30.68,30.68,82,2.27,FAVORABLE,28.49,LIMIT,20,COMPRESSION,2026-09-21,2026-09-21T04:26:41.133472
MDB,LONG,CONVICTION,66.2,BULL_BOUNCE_PENDING,384.03,377.59,413.24,434.21,15,4.54,FAVORABLE,384.99,LIMIT,14,MINOR,2026-09-21,2026-09-21T04:33:15.284579
RBC,LONG,CONVICTION,66.2,BUY_LOWER_DIRTY,501.01,484.7,517.01,,6,0.98,FAVORABLE,501.0075,LIMIT,20,CONVICTION,2026-09-21,2026-09-21T04:47:40.897295
TEL,LONG,CONVICTION,66.2,BULL_BOUNCE_PENDING,201.31,197.65,206.9,215.25,27,1.52,FAVORABLE,205.42,LIMIT,20,CONVICTION,2026-09-21,2026-09-21T04:50:58.890988
STEP,LONG,CONVICTION,66.1,BULL_BOUNCE_PENDING,45.38,44.52,48.72,51.6,115,3.86,FAVORABLE,46.3075,LIMIT,20,COMPRESSION,2026-09-21,2026-09-21T04:37:17.370239
QLYS,LONG,CONVICTION,66.0,BULL_BOUNCE_PENDING,174.81,171.71,190.43,185.37,32,5.04,FAVORABLE,174.9625,LIMIT,20,MINOR,2026-09-21,2026-09-21T04:23:26.272912
HOOD,SHORT,CONVICTION,66.0,BEAR_REJECTION_PENDING,125.05,135.94,106.14,,9,1.74,FAVORABLE,122.6,LIMIT,5,CONVICTION,2026-09-21,2026-09-21T04:23:34.428931
PI,LONG,CONVICTION,66.0,BULL_BOUNCE_PENDING,180.82,178.24,192.28,203.63,38,4.44,FAVORABLE,181.2275,LIMIT,4,CONVICTION,2026-09-21,2026-09-21T04:23:40.368945
LUMN,LONG,CONVICTION,66.0,BULL_BOUNCE,6.43,6.03,7.13,,246,1.72,FAVORABLE,6.4331,LIMIT,7,COMPRESSION,2026-09-21,2026-09-21T04:25:02.719319
MDT,LONG,CONVICTION,66.0,BULL_BOUNCE_PENDING,91.75,91.03,96.86,93.44,140,7.18,FAVORABLE,92.13,LIMIT,20,CONVICTION,2026-09-21,2026-09-21T04:26:46.617012
APP,LONG,CONVICTION,66.0,BULL_BOUNCE_PENDING,310.18,305.67,329.6,338.45,22,4.3,FAVORABLE,310.8,LIMIT,20,CONVICTION,2026-09-21,2026-09-21T04:27:55.086808
CCC,LONG,CONVICTION,66.0,BULL_BOUNCE_PENDING,6.42,6.14,6.74,,353,1.14,FAVORABLE,6.55,LIMIT,6,COMPRESSION,2026-09-21,2026-09-21T04:28:49.532501
LUNR,LONG,CONVICTION,66.0,BULL_BOUNCE_PENDING,13.9,13.5,16.0,16.02,251,5.3,FAVORABLE,14.18,LIMIT,6,MINOR,2026-09-21,2026-09-21T04:29:19.830237
WDC,LONG,CONVICTION,66.0,BULL_BOUNCE_PENDING,449.5,442.56,466.61,496.16,14,2.46,FAVORABLE,450.17,LIMIT,20,VACUUM,2026-09-21,2026-09-21T04:29:40.090344
NAVN,LONG,CONVICTION,66.0,BULL_BOUNCE_PENDING,21.2,20.72,23.04,23.03,206,3.79,FAVORABLE,21.4,LIMIT,19,MINOR,2026-09-21,2026-09-21T04:31:42.634157
ADSK,LONG,CONVICTION,66.0,BULL_BOUNCE_PENDING,214.69,211.86,222.56,232.08,35,2.78,FAVORABLE,216.95,LIMIT,20,CONVICTION,2026-09-21,2026-09-21T04:34:16.603372
GLOB,LONG,CONVICTION,66.0,BULL_BOUNCE_PENDING,35.75,35.19,39.31,37.72,180,6.44,FAVORABLE,36.0,LIMIT,20,MINOR,2026-09-21,2026-09-21T04:35:03.867610
BAM,SHORT,CONVICTION,66.0,BEAR_REJECTION_PENDING,46.73,48.04,44.39,,76,1.78,FAVORABLE,46.7,LIMIT,20,COMPRESSION,2026-09-21,2026-09-21T04:36:24.935949
FLUT,SHORT,CONVICTION,66.0,BEAR_REJECTION_PENDING,88.8,90.39,84.36,,62,2.79,FAVORABLE,88.5,LIMIT,20,COMPRESSION,2026-09-21,2026-09-21T04:36:41.095527
CBOE,LONG,CONVICTION,66.0,BULL_BOUNCE_PENDING,271.5,268.31,294.48,281.31,31,7.22,FAVORABLE,272.41,LIMIT,20,CONVICTION,2026-09-21,2026-09-21T04:37:37.890904
CLS,LONG,CONVICTION,66.0,BULL_BOUNCE_CONFIRMED,337.81,326.36,358.27,365.7,8,1.79,FAVORABLE,337.81,LIMIT,4,MINOR,2026-09-21,2026-09-21T04:37:43.630922
AVAH,LONG,CONVICTION,66.0,BULL_BOUNCE_PENDING,13.39,11.73,14.06,,60,0.4,FAVORABLE,13.6628,LIMIT,20,COMPRESSION,2026-09-21,2026-09-21T04:39:17.795378
STX,LONG,CONVICTION,66.0,BULL_BOUNCE_PENDING,873.7,860.01,929.5,994.59,7,4.08,FAVORABLE,874.87,LIMIT,20,CONVICTION,2026-09-21,2026-09-21T04:40:09.739846
PINS,LONG,CONVICTION,66.0,BULL_BOUNCE_PENDING,18.68,18.42,20.2,19.98,380,5.79,FAVORABLE,18.77,LIMIT,20,COMPRESSION,2026-09-21,2026-09-21T04:41:19.189317
FETH,LONG,CONVICTION,66.0,BUY_LOWER_DIRTY,26.88,22.66,27.5,,23,0.15,FAVORABLE,26.88,LIMIT,9,COMPRESSION,2026-09-21,2026-09-21T04:43:41.580508
AMTM,LONG,CONVICTION,66.0,BULL_BOUNCE_PENDING,19.8,19.63,22.0,20.24,576,12.65,FAVORABLE,19.89,LIMIT,20,MINOR,2026-09-21,2026-09-21T04:45:20.776832
CX,LONG,CONVICTION,66.0,BULL_BOUNCE_PENDING,9.95,9.42,11.3,11.47,190,2.58,FAVORABLE,10.15,LIMIT,20,COMPRESSION,2026-09-21,2026-09-21T04:45:26.912842
VRSN,LONG,CONVICTION,66.0,BULL_BOUNCE_PENDING,301.54,299.28,305.06,,44,1.55,FAVORABLE,303.12,LIMIT,2,MINOR,2026-09-21,2026-09-21T04:46:32.462580
SOLS,LONG,CONVICTION,66.0,BULL_BOUNCE_PENDING,55.97,52.61,62.21,64.45,29,1.86,FAVORABLE,57.113,LIMIT,20,CONVICTION,2026-09-21,2026-09-21T04:48:41.721408
ZCSH,LONG,CONVICTION,66.0,BULL_BOUNCE_PENDING,118.61,115.7,124.54,,34,2.04,FAVORABLE,120.56,LIMIT,4,VACUUM,2026-09-21,2026-09-21T04:51:02.415993
GOLD,LONG,CONVICTION,66.0,BULL_BOUNCE_CONFIRMED,45.6,44.2,51.07,50.47,71,3.9,FAVORABLE,45.6,LIMIT,20,VACUUM,2026-09-21,2026-09-21T04:51:18.782565
ASML,LONG,CONVICTION,66.0,BULL_BOUNCE_PENDING,1716.76,1700.34,1809.0,1797.72,6,5.62,FAVORABLE,1717.77,LIMIT,20,VACUUM,2026-09-21,2026-09-21T04:53:54.808456
ASX,LONG,CONVICTION,66.0,BULL_BOUNCE_PENDING,42.11,41.64,43.0,44.05,208,1.85,FAVORABLE,42.5,LIMIT,6,COMPRESSION,2026-09-21,2026-09-21T04:53:57.106461
SPAL,LONG,CONVICTION,65.9,BULL_BOUNCE_PENDING,17.71,17.26,19.38,19.38,220,3.68,FAVORABLE,17.96,LIMIT,10,COMPRESSION,2026-09-21,2026-09-21T04:33:46.386247
ONTO,LONG,CONVICTION,65.9,BULL_BOUNCE_CONFIRMED,269.8,255.23,302.43,306.82,6,2.24,FAVORABLE,269.8,LIMIT,14,CONVICTION,2026-09-21,2026-09-21T04:37:00.346187
DAN,LONG,CONVICTION,65.9,BULL_BOUNCE_PENDING,29.52,29.22,30.55,33.17,331,3.4,FAVORABLE,29.8125,LIMIT,20,COMPRESSION,2026-09-21,2026-09-21T04:42:04.618031
BHVN,LONG,CONVICTION,65.9,BUY_LOWER_DIRTY,14.05,11.3,14.36,,36,0.11,FAVORABLE,14.05,LIMIT,17,COMPRESSION,2026-09-21,2026-09-21T04:47:20.984728
SKHZ,LONG,CONVICTION,65.8,BULL_BOUNCE_PENDING,9.23,9.07,9.63,9.79,602,2.41,FAVORABLE,9.39,LIMIT,20,COMPRESSION,2026-09-21,2026-09-21T04:44:10.004561
NBIZ,LONG,CONVICTION,65.7,BULL_BOUNCE_PENDING,5.61,5.19,6.27,,239,1.59,FAVORABLE,5.72,LIMIT,20,MINOR,2026-09-21,2026-09-21T04:33:24.279595
CURI,LONG,CONVICTION,65.7,BULL_BOUNCE_PENDING,2.68,2.57,3.07,3.1,927,3.65,FAVORABLE,2.7322,LIMIT,20,COMPRESSION,2026-09-21,2026-09-21T04:39:26.789371
FRMI,LONG,CONVICTION,65.6,BULL_BOUNCE_CONFIRMED,5.06,4.78,5.31,,352,0.89,FAVORABLE,5.06,LIMIT,10,COMPRESSION,2026-09-21,2026-09-21T04:24:21.169624
HTZ,LONG,CONVICTION,65.6,BULL_BOUNCE_PENDING,1.79,1.55,1.88,,418,0.37,FAVORABLE,1.8279,LIMIT,18,COMPRESSION,2026-09-21,2026-09-21T04:26:29.690888
CNQ,LONG,CONVICTION,65.6,BULL_BOUNCE_PENDING,48.43,47.71,49.65,50.12,139,1.7,FAVORABLE,49.42,LIMIT,20,MINOR,2026-09-21,2026-09-21T04:28:33.527472
ORCU,LONG,CONVICTION,65.6,BULL_BOUNCE_PENDING,7.59,7.18,8.34,8.54,248,1.87,FAVORABLE,7.74,LIMIT,20,MINOR,2026-09-21,2026-09-21T04:39:52.315345
LPTH,LONG,CONVICTION,65.6,BULL_BOUNCE_PENDING,9.93,9.35,11.1,11.43,174,2.04,FAVORABLE,10.13,LIMIT,20,COMPRESSION,2026-09-21,2026-09-21T04:41:07.077746
CE,LONG,CONVICTION,65.6,BULL_BOUNCE_PENDING,44.88,44.23,50.91,48.7,152,9.22,FAVORABLE,45.8,LIMIT,20,COMPRESSION,2026-09-21,2026-09-21T04:49:45.854189
GERN,LONG,CONVICTION,65.5,BULL_BOUNCE_PENDING,1.27,1.18,1.42,,1232,1.91,FAVORABLE,1.291,LIMIT,14,MINOR,2026-09-21,2026-09-21T04:28:13.398841
RNG,LONG,CONVICTION,65.5,BULL_BOUNCE_PENDING,71.63,70.66,75.57,75.57,103,4.09,FAVORABLE,71.8625,LIMIT,20,MINOR,2026-09-21,2026-09-21T04:40:04.570189
MWH,LONG,CONVICTION,65.5,BULL_BOUNCE_PENDING,26.11,24.32,28.92,30.53,56,1.58,FAVORABLE,26.64,LIMIT,19,COMPRESSION,2026-09-21,2026-09-21T04:52:53.126907
AMN,LONG,CONVICTION,65.4,BULL_BOUNCE_PENDING,33.57,33.16,36.25,34.52,239,6.4,FAVORABLE,34.26,LIMIT,16,CONVICTION,2026-09-21,2026-09-21T04:32:08.717735
GAP,LONG,CONVICTION,65.4,BULL_BOUNCE_PENDING,20.15,19.58,21.18,22.4,175,1.81,FAVORABLE,20.56,LIMIT,20,COMPRESSION,2026-09-21,2026-09-21T04:35:01.105606
ORA,LONG,CONVICTION,65.4,BULL_BOUNCE,97.41,93.58,107.0,110.32,26,2.51,FAVORABLE,97.41,LIMIT,20,COMPRESSION,2026-09-21,2026-09-21T04:35:39.392711
SPCG,LONG,CONVICTION,65.4,BULL_BOUNCE_PENDING,14.26,12.91,16.65,,73,1.77,FAVORABLE,14.55,LIMIT,20,MINOR,2026-09-21,2026-09-21T04:37:14.376241
SBLK,LONG,CONVICTION,65.4,BULL_BOUNCE_PENDING,32.33,31.59,33.95,,135,2.19,FAVORABLE,32.99,LIMIT,0,NONE,2026-09-21,2026-09-21T04:42:17.290056
TECL,SHORT,CONVICTION,65.4,BEAR_REJECTION_PENDING,220.0,239.99,186.26,,5,1.69,FAVORABLE,218.2,LIMIT,16,VACUUM,2026-09-21,2026-09-21T04:47:43.572298
BWET,LONG,CONVICTION,65.3,BULL_BOUNCE_PENDING,889.84,856.17,934.33,,2,1.32,FAVORABLE,908.0,LIMIT,0,NONE,2026-09-21,2026-09-21T04:34:32.386395
IRTC,LONG,CONVICTION,65.3,BULL_BOUNCE_PENDING,108.4,106.98,118.08,125.16,70,6.84,FAVORABLE,109.5,LIMIT,18,CONVICTION,2026-09-21,2026-09-21T04:38:20.041428
RRR,LONG,CONVICTION,65.2,BULL_BOUNCE_PENDING,50.36,49.89,56.94,52.43,212,14.01,FAVORABLE,50.9075,LIMIT,20,COMPRESSION,2026-09-21,2026-09-21T04:37:06.115211
SILC,SHORT,CONVICTION,65.1,BEAR_REJECTION_PENDING,47.0,48.24,43.95,40.57,80,2.46,FAVORABLE,46.9,LIMIT,13,CONVICTION,2026-09-21,2026-09-21T04:23:46.448954
PURR,LONG,CONVICTION,65.0,DCB_BREAKOUT,14.59,13.94,15.32,,153,1.12,FAVORABLE,14.59,LIMIT,0,NONE,2026-09-21,2026-09-21T04:23:21.868369
OTLK,LONG,CONVICTION,65.0,BULL_BOUNCE,0.68,0.64,0.75,,2409,1.72,FAVORABLE,0.6801,LIMIT,18,MINOR,2026-09-21,2026-09-21T04:24:08.373069
MBLY,LONG,CONVICTION,65.0,CHANNEL_BREAKOUT,8.11,7.92,8.93,8.99,526,4.32,FAVORABLE,8.11,LIMIT,20,COMPRESSION,2026-09-21,2026-09-21T04:24:31.037645
REI,LONG,CONVICTION,65.0,BULL_BOUNCE_PENDING,1.33,1.3,1.47,1.41,4262,6.14,FAVORABLE,1.353,LIMIT,20,COMPRESSION,2026-09-21,2026-09-21T04:24:54.848769
RDW,LONG,CONVICTION,65.0,CHANNEL_BREAKOUT,10.98,10.71,11.75,11.75,372,2.87,FAVORABLE,10.98,LIMIT,9,COMPRESSION,2026-09-21,2026-09-21T04:26:02.457681
VST,SHORT,CONVICTION,65.0,BEAR_REJECTION_PENDING,144.0,149.12,134.39,,19,1.88,FAVORABLE,142.64,LIMIT,20,CONVICTION,2026-09-21,2026-09-21T04:26:50.766019
CCJ,LONG,CONVICTION,65.0,CHANNEL_BREAKOUT,93.4,91.38,98.33,101.77,49,2.44,FAVORABLE,93.4,LIMIT,20,VACUUM,2026-09-21,2026-09-21T04:27:08.796123
DAL,LONG,CONVICTION,65.0,CHANNEL_BREAKOUT,80.75,79.53,89.0,87.0,81,6.74,FAVORABLE,80.75,LIMIT,20,COMPRESSION,2026-09-21,2026-09-21T04:28:00.681821
URG,LONG,CONVICTION,65.0,BULL_BOUNCE_PENDING,1.17,1.15,1.26,1.26,5592,5.31,FAVORABLE,1.185,LIMIT,20,COMPRESSION,2026-09-21,2026-09-21T04:29:20.276237
SIDU,LONG,CONVICTION,65.0,CHANNEL_BREAKOUT,2.08,2.0,2.31,2.39,1246,2.87,FAVORABLE,2.08,LIMIT,7,MINOR,2026-09-21,2026-09-21T04:29:47.811360
OPTU,LONG,CONVICTION,65.0,DCB_BREAKOUT,1.06,0.99,1.2,,1428,2.0,FAVORABLE,1.06,LIMIT,4,MINOR,2026-09-21,2026-09-21T04:30:20.282418
PGY,LONG,CONVICTION,65.0,BULL_BOUNCE_PENDING,20.25,19.12,23.68,23.18,88,3.06,FAVORABLE,20.66,LIMIT,16,COMPRESSION,2026-09-21,2026-09-21T04:31:23.531060
FLY,LONG,CONVICTION,65.0,BULL_BOUNCE_PENDING,21.15,20.76,23.64,23.64,255,6.36,FAVORABLE,21.38,LIMIT,20,COMPRESSION,2026-09-21,2026-09-21T04:31:49.737168
BTU,LONG,CONVICTION,65.0,BULL_BOUNCE_PENDING,25.31,24.9,27.73,26.95,246,5.97,FAVORABLE,25.65,LIMIT,20,COMPRESSION,2026-09-21,2026-09-21T04:34:31.915394
DDS,LONG,CONVICTION,65.0,BULL_BOUNCE_PENDING,629.79,623.29,644.38,701.78,15,2.24,FAVORABLE,636.26,LIMIT,20,CONVICTION,2026-09-21,2026-09-21T04:34:47.375031
PSX,LONG,CONVICTION,65.0,BULL_BOUNCE_PENDING,273.18,270.81,286.83,,42,5.77,FAVORABLE,273.55,LIMIT,12,MINOR,2026-09-21,2026-09-21T04:37:03.000197
EQPT,LONG,CONVICTION,65.0,CHANNEL_BREAKOUT,18.1,17.76,20.33,19.29,294,6.57,FAVORABLE,18.1,LIMIT,12,COMPRESSION,2026-09-21,2026-09-21T04:37:59.412300
FIGR,LONG,CONVICTION,65.0,CHANNEL_BREAKOUT,36.3,35.49,40.67,38.4,123,5.41,FAVORABLE,36.3,LIMIT,20,MINOR,2026-09-21,2026-09-21T04:38:03.552754
KTB,LONG,CONVICTION,65.0,CHANNEL_BREAKOUT,66.36,65.4,76.1,70.49,103,10.11,FAVORABLE,66.3625,LIMIT,20,COMPRESSION,2026-09-21,2026-09-21T04:38:26.096850
FIX,LONG,CONVICTION,65.0,CHANNEL_BREAKOUT,1680.0,1610.98,1895.09,1844.86,1,3.12,FAVORABLE,1680.0,LIMIT,20,MINOR,2026-09-21,2026-09-21T04:42:11.058042
PWR,LONG,CONVICTION,65.0,BULL_BOUNCE_PENDING,634.63,628.13,672.32,666.75,15,5.8,FAVORABLE,640.02,LIMIT,20,CONVICTION,2026-09-21,2026-09-21T04:42:14.787053
BITU,LONG,CONVICTION,65.0,BULL_BOUNCE_PENDING,15.06,14.24,16.95,16.95,121,2.3,FAVORABLE,15.37,LIMIT,7,CONVICTION,2026-09-21,2026-09-21T04:43:11.290371
BMNU,LONG,CONVICTION,65.0,BULL_BOUNCE_PENDING,21.84,20.51,24.15,,75,1.73,FAVORABLE,22.29,LIMIT,3,MINOR,2026-09-21,2026-09-21T04:43:14.697382
FNV,LONG,CONVICTION,65.0,BULL_BOUNCE_PENDING,262.71,258.11,275.84,,21,2.86,FAVORABLE,267.0,LIMIT,13,VACUUM,2026-09-21,2026-09-21T04:44:39.061753
PSNL,LONG,CONVICTION,65.0,BULL_BOUNCE,16.34,15.83,17.5,17.5,197,2.29,FAVORABLE,16.34,LIMIT,20,MINOR,2026-09-21,2026-09-21T04:44:57.588788
SCCO,LONG,CONVICTION,65.0,BULL_BOUNCE_PENDING,195.83,193.28,201.92,207.46,39,2.39,FAVORABLE,197.04,LIMIT,20,VACUUM,2026-09-21,2026-09-21T04:45:07.888809
AYA,LONG,CONVICTION,65.0,BULL_BOUNCE_PENDING,28.45,27.92,30.07,30.07,188,3.05,FAVORABLE,28.6,LIMIT,16,MINOR,2026-09-21,2026-09-21T04:48:09.506343
SDRL,LONG,CONVICTION,65.0,BULL_BOUNCE_PENDING,46.84,44.54,51.52,54.76,43,2.03,FAVORABLE,47.8,LIMIT,20,MINOR,2026-09-21,2026-09-21T04:48:29.303379
FTFT,LONG,CONVICTION,65.0,BULL_BOUNCE,5.5,3.9,36.62,,62,19.43,FAVORABLE,5.5,LIMIT,12,MINOR,2026-09-21,2026-09-21T04:52:09.961191
BMGL,LONG,CONVICTION,65.0,BULL_BOUNCE_PENDING,4.41,3.94,4.63,,213,0.47,FAVORABLE,4.5,LIMIT,13,COMPRESSION,2026-09-21,2026-09-21T04:52:57.144914
ABSI,LONG,CONVICTION,65.0,CHANNEL_BREAKOUT,9.81,9.6,10.34,10.34,483,2.56,FAVORABLE,9.81,LIMIT,10,COMPRESSION,2026-09-21,2026-09-21T04:53:43.804865
TH,LONG,CONVICTION,65.0,DCB_BREAKOUT,21.7,20.98,22.79,,138,1.5,FAVORABLE,21.7,LIMIT,0,NONE,2026-09-21,2026-09-21T04:53:50.625436
DFDV,LONG,CONVICTION,65.0,CHANNEL_BREAKOUT,6.36,6.06,7.15,7.25,332,2.62,FAVORABLE,6.36,LIMIT,5,COMPRESSION,2026-09-21,2026-09-21T04:54:01.334016
SSRM,LONG,CONVICTION,64.9,BULL_BOUNCE_PENDING,35.61,35.04,37.04,37.66,176,2.53,FAVORABLE,36.024,LIMIT,20,COMPRESSION,2026-09-21,2026-09-21T04:33:52.010802
IMVT,LONG,CONVICTION,64.9,BULL_BOUNCE_PENDING,36.59,36.15,37.25,38.59,228,1.51,FAVORABLE,36.95,LIMIT,20,COMPRESSION,2026-09-21,2026-09-21T04:38:16.812209
CANG,LONG,CONVICTION,64.9,BULL_BOUNCE_PENDING,2.59,2.33,2.72,,388,0.5,FAVORABLE,2.64,LIMIT,0,NONE,2026-09-21,2026-09-21T04:53:13.843140
TSCO,LONG,CONVICTION,64.8,BULL_BOUNCE_PENDING,32.0,31.68,32.97,33.79,307,2.98,FAVORABLE,32.29,LIMIT,20,COMPRESSION,2026-09-21,2026-09-21T04:26:11.054698
RING,LONG,CONVICTION,64.8,BULL_BOUNCE_PENDING,83.12,82.22,86.9,92.84,111,4.2,FAVORABLE,84.09,LIMIT,20,COMPRESSION,2026-09-21,2026-09-21T04:45:01.569794
GOF,SHORT,CONVICTION,64.8,BEAR_REJECTION_PENDING,8.65,9.07,8.22,,240,1.04,FAVORABLE,8.6201,LIMIT,20,COMPRESSION,2026-09-21,2026-09-21T04:45:33.850854
GENB,LONG,CONVICTION,64.8,BULL_BOUNCE_PENDING,16.96,15.68,17.81,,77,0.66,FAVORABLE,17.31,LIMIT,0,NONE,2026-09-21,2026-09-21T04:46:51.471146
LABX,SHORT,CONVICTION,64.8,BEAR_REJECTION_PENDING,11.88,13.51,11.29,,61,0.37,FAVORABLE,11.65,LIMIT,16,CONVICTION,2026-09-21,2026-09-21T04:51:06.437000
GDS,SHORT,CONVICTION,64.7,BEAR_REJECTION_PENDING,33.9,36.29,29.48,,41,1.85,FAVORABLE,33.24,LIMIT,12,CONVICTION,2026-09-21,2026-09-21T04:36:42.942537
CALM,SHORT,CONVICTION,64.7,BEAR_REJECTION_PENDING,73.21,74.46,69.55,,79,2.93,FAVORABLE,72.91,LIMIT,20,COMPRESSION,2026-09-21,2026-09-21T04:41:38.783432
INDP,LONG,CONVICTION,64.7,BULL_BOUNCE_PENDING,3.67,3.54,3.88,4.15,775,1.66,FAVORABLE,3.74,LIMIT,8,MINOR,2026-09-21,2026-09-21T04:52:04.149179
DSGX,LONG,CONVICTION,64.7,BULL_BOUNCE_PENDING,76.25,75.28,87.0,87.0,103,11.09,FAVORABLE,77.29,LIMIT,20,COMPRESSION,2026-09-21,2026-09-21T04:52:44.874319
FTAI,LONG,CONVICTION,64.6,BULL_BOUNCE_PENDING,191.37,188.54,207.61,211.46,35,5.73,FAVORABLE,193.91,LIMIT,20,CONVICTION,2026-09-21,2026-09-21T04:36:42.020530
LSTR,LONG,CONVICTION,64.6,BULL_BOUNCE,171.0,166.63,178.77,182.15,22,1.78,FAVORABLE,171.0,LIMIT,20,COMPRESSION,2026-09-21,2026-09-21T04:38:29.541062
UEC,SHORT,CONVICTION,64.6,BEAR_REJECTION_PENDING,10.1,10.5,9.25,9.14,248,2.11,FAVORABLE,10.05,LIMIT,20,COMPRESSION,2026-09-21,2026-09-21T04:45:52.542891
TSDD,LONG,CONVICTION,64.6,BULL_BOUNCE_PENDING,7.39,7.08,8.13,8.13,322,2.39,FAVORABLE,7.54,LIMIT,20,COMPRESSION,2026-09-21,2026-09-21T04:51:31.027586
GOOGL,SHORT,CONVICTION,64.5,BEAR_REJECTION_PENDING,360.77,364.24,343.12,343.12,28,5.08,FAVORABLE,353.75,LIMIT,20,CONVICTION,2026-09-21,2026-09-21T04:27:33.335249
TMHC,LONG,CONVICTION,64.5,BULL_BOUNCE_PENDING,72.28,71.77,73.47,,195,2.33,FAVORABLE,72.45,LIMIT,2,COMPRESSION,2026-09-21,2026-09-21T04:31:17.596052
BL,LONG,CONVICTION,64.5,BULL_BOUNCE,28.14,26.75,32.25,32.25,71,2.95,FAVORABLE,28.1425,LIMIT,20,COMPRESSION,2026-09-21,2026-09-21T04:39:18.222912
URA,SHORT,CONVICTION,64.4,SHORT_UPPER_DIRTY,42.45,43.95,41.6,,66,0.57,FAVORABLE,42.45,LIMIT,20,CONVICTION,2026-09-21,2026-09-21T04:45:53.486890
TENB,LONG,CONVICTION,64.3,BULL_BOUNCE_PENDING,34.89,33.62,39.85,39.85,78,3.91,FAVORABLE,35.6,LIMIT,10,MINOR,2026-09-21,2026-09-21T04:22:58.694786
SMCI,LONG,CONVICTION,64.3,BULL_BOUNCE_PENDING,39.5,38.69,45.0,43.0,122,6.76,FAVORABLE,40.3065,LIMIT,14,COMPRESSION,2026-09-21,2026-09-21T04:23:35.559933
RXRX,LONG,CONVICTION,64.3,BULL_BOUNCE_PENDING,3.81,3.75,4.12,4.26,1571,4.79,FAVORABLE,3.86,LIMIT,7,COMPRESSION,2026-09-21,2026-09-21T04:29:35.784801
CHEF,LONG,CONVICTION,64.3,BULL_BOUNCE_PENDING,109.24,108.0,111.78,117.42,80,2.05,FAVORABLE,110.8475,LIMIT,3,MINOR,2026-09-21,2026-09-21T04:48:45.932405
IRD,LONG,CONVICTION,64.3,BULL_BOUNCE_PENDING,5.09,4.9,5.8,5.68,538,3.85,FAVORABLE,5.15,LIMIT,20,COMPRESSION,2026-09-21,2026-09-21T04:52:03.623178
BTQ,SHORT,CONVICTION,64.2,BEAR_REJECTION_PENDING,2.73,2.84,2.38,,876,3.08,FAVORABLE,2.68,LIMIT,20,COMPRESSION,2026-09-21,2026-09-21T04:31:28.227067
SPAX,LONG,CONVICTION,64.2,BULL_BOUNCE_PENDING,10.63,10.36,11.74,11.51,369,4.08,FAVORABLE,10.74,LIMIT,19,MINOR,2026-09-21,2026-09-21T04:33:48.712250
SLB,LONG,CONVICTION,64.1,BULL_BOUNCE_PENDING,49.94,49.26,55.94,51.78,147,8.84,FAVORABLE,50.96,LIMIT,20,COMPRESSION,2026-09-21,2026-09-21T04:25:01.984319
NTR,LONG,CONVICTION,64.1,BULL_BOUNCE_PENDING,75.77,75.07,80.68,79.0,141,6.93,FAVORABLE,77.32,LIMIT,20,CONVICTION,2026-09-21,2026-09-21T04:44:53.575781
NAT,LONG,CONVICTION,64.1,BULL_BOUNCE_PENDING,8.18,8.09,8.58,,1223,5.0,FAVORABLE,8.24,LIMIT,0,NONE,2026-09-21,2026-09-21T04:48:26.771373
BMNR,SHORT,CONVICTION,64.0,BEAR_REJECTION_PENDING,27.32,28.91,24.83,23.46,62,1.56,FAVORABLE,26.78,LIMIT,4,CONVICTION,2026-09-21,2026-09-21T04:22:45.829753
VOGX,LONG,CONVICTION,64.0,BULL_BOUNCE_PENDING,31.11,30.2,34.47,33.75,110,3.7,FAVORABLE,31.51,LIMIT,20,MINOR,2026-09-21,2026-09-21T04:23:46.849955
VIVK,LONG,CONVICTION,64.0,BULL_BOUNCE_PENDING,0.61,0.57,0.7,0.71,2353,2.06,FAVORABLE,0.6251,LIMIT,19,MINOR,2026-09-21,2026-09-21T04:25:13.883889
BULL,LONG,CONVICTION,64.0,BULL_BOUNCE_PENDING,8.21,7.58,9.17,9.63,158,1.52,FAVORABLE,8.38,LIMIT,20,COMPRESSION,2026-09-21,2026-09-21T04:25:45.665651
BXSL,LONG,CONVICTION,64.0,BULL_BOUNCE_PENDING,24.5,23.36,27.1,27.41,87,2.28,FAVORABLE,25.0,LIMIT,20,COMPRESSION,2026-09-21,2026-09-21T04:32:19.394289
CAI,LONG,CONVICTION,64.0,BULL_BOUNCE_PENDING,29.83,29.39,34.71,34.04,226,11.07,FAVORABLE,30.2,LIMIT,12,COMPRESSION,2026-09-21,2026-09-21T04:32:21.140827
HUM,LONG,CONVICTION,64.0,BULL_BOUNCE_PENDING,383.73,379.81,405.29,396.41,25,5.5,FAVORABLE,386.22,LIMIT,20,VACUUM,2026-09-21,2026-09-21T04:33:00.983027
XHLD,LONG,CONVICTION,64.0,BULL_BOUNCE_PENDING,9.72,9.27,10.21,,220,1.07,FAVORABLE,9.8,LIMIT,2,MINOR,2026-09-21,2026-09-21T04:36:13.281905
POST,SHORT,CONVICTION,64.0,BEAR_REJECTION_PENDING,77.4,78.25,73.53,,117,4.56,FAVORABLE,76.5725,LIMIT,20,COMPRESSION,2026-09-21,2026-09-21T04:38:42.061039
QURE,LONG,CONVICTION,64.0,BULL_BOUNCE_PENDING,43.89,43.27,47.2,45.68,161,5.37,FAVORABLE,44.2,LIMIT,20,MINOR,2026-09-21,2026-09-21T04:40:02.605029
RLAY,LONG,CONVICTION,64.0,BULL_BOUNCE_PENDING,18.58,18.27,19.95,20.4,323,4.42,FAVORABLE,18.84,LIMIT,17,MINOR,2026-09-21,2026-09-21T04:46:28.008497
MYRG,SHORT,CONVICTION,64.0,BEAR_REJECTION_PENDING,280.01,296.47,266.01,,6,0.85,FAVORABLE,279.2825,LIMIT,20,CONVICTION,2026-09-21,2026-09-21T04:47:36.207301
CYCU,LONG,CONVICTION,64.0,BULL_BOUNCE,3.34,2.97,3.41,,273,0.19,FAVORABLE,3.34,LIMIT,20,COMPRESSION,2026-09-21,2026-09-21T04:47:56.531321
TDS,LONG,CONVICTION,64.0,BULL_BOUNCE_PENDING,35.18,33.57,38.16,39.15,61,1.84,FAVORABLE,35.9025,LIMIT,20,COMPRESSION,2026-09-21,2026-09-21T04:50:20.144856
SAM,LONG,CONVICTION,64.0,BULL_BOUNCE_PENDING,168.74,166.9,181.5,181.5,54,6.96,FAVORABLE,171.5675,LIMIT,20,CONVICTION,2026-09-21,2026-09-21T04:52:31.056251
SDGR,LONG,CONVICTION,64.0,BULL_BOUNCE_PENDING,29.14,28.63,29.92,,194,1.52,FAVORABLE,29.18,LIMIT,7,MINOR,2026-09-21,2026-09-21T04:53:24.870724
HNST,LONG,CONVICTION,63.9,BULL_BOUNCE_PENDING,5.22,5.15,5.63,5.58,1410,5.82,FAVORABLE,5.32,LIMIT,20,COMPRESSION,2026-09-21,2026-09-21T04:23:06.674336
COUR,LONG,CONVICTION,63.9,BULL_BOUNCE_PENDING,5.05,4.99,5.78,5.34,1454,10.55,FAVORABLE,5.1138,LIMIT,20,COMPRESSION,2026-09-21,2026-09-21T04:25:36.322549
CLOU,LONG,CONVICTION,63.9,BULL_BOUNCE_PENDING,27.48,27.24,28.82,28.66,431,5.8,FAVORABLE,27.835,LIMIT,20,COMPRESSION,2026-09-21,2026-09-21T04:34:41.594488
HOOG,LONG,CONVICTION,63.9,BULL_BOUNCE_PENDING,38.84,37.61,40.78,,81,1.59,FAVORABLE,39.38,LIMIT,7,COMPRESSION,2026-09-21,2026-09-21T04:50:28.256870
SWRD,LONG,CONVICTION,63.9,BULL_BOUNCE_PENDING,2.01,1.66,2.11,,283,0.29,FAVORABLE,2.05,LIMIT,1,MINOR,2026-09-21,2026-09-21T04:52:38.259287
RH,LONG,CONVICTION,63.8,BULL_BOUNCE_PENDING,124.32,120.19,131.4,137.01,24,1.71,FAVORABLE,126.856,LIMIT,20,CONVICTION,2026-09-21,2026-09-21T04:46:02.845910
FIVE,LONG,CONVICTION,63.7,BULL_BOUNCE_PENDING,227.75,224.53,243.88,235.06,31,5.01,FAVORABLE,229.86,LIMIT,20,COMPRESSION,2026-09-21,2026-09-21T04:32:45.697998
BWIN,SHORT,CONVICTION,63.7,BEAR_REJECTION_PENDING,32.57,36.55,30.94,,25,0.41,FAVORABLE,31.93,LIMIT,11,VACUUM,2026-09-21,2026-09-21T04:37:37.705904
CHDN,SHORT,CONVICTION,63.7,BEAR_REJECTION_PENDING,82.22,83.91,78.11,,59,2.44,FAVORABLE,81.9125,LIMIT,20,COMPRESSION,2026-09-21,2026-09-21T04:48:45.780405
PNR,SHORT,CONVICTION,63.5,BEAR_REJECTION_PENDING,57.12,58.91,54.26,,55,1.59,FAVORABLE,56.0,LIMIT,20,COMPRESSION,2026-09-21,2026-09-21T04:36:19.739927
LBRT,LONG,CONVICTION,63.5,BULL_BOUNCE_PENDING,18.99,18.71,20.53,20.53,351,5.4,FAVORABLE,19.3325,LIMIT,20,COMPRESSION,2026-09-21,2026-09-21T04:41:04.414752
MTRN,LONG,CONVICTION,63.5,BULL_BOUNCE_PENDING,250.28,247.31,278.71,278.71,33,9.57,FAVORABLE,251.5325,LIMIT,20,CONVICTION,2026-09-21,2026-09-21T04:48:23.842368
FORM,LONG,CONVICTION,63.4,BULL_BOUNCE_PENDING,119.85,116.66,129.28,130.0,31,2.96,FAVORABLE,122.3,LIMIT,20,CONVICTION,2026-09-21,2026-09-21T04:22:24.549573
SUNB,SHORT,CONVICTION,63.4,BEAR_REJECTION_PENDING,75.55,80.23,66.58,65.0,21,1.92,FAVORABLE,74.07,LIMIT,20,CONVICTION,2026-09-21,2026-09-21T04:41:30.350870
LOPE,SHORT,CONVICTION,63.3,BEAR_REJECTION_PENDING,151.83,153.17,147.79,133.94,74,3.01,FAVORABLE,151.2725,LIMIT,20,COMPRESSION,2026-09-21,2026-09-21T04:46:56.589156
KO,LONG,CONVICTION,63.2,BULL_BOUNCE_PENDING,86.92,86.28,88.71,88.48,154,2.75,FAVORABLE,88.2,LIMIT,20,COMPRESSION,2026-09-21,2026-09-21T04:25:29.958000
NU,SHORT,CONVICTION,63.2,BEAR_REJECTION_PENDING,14.01,14.26,12.78,12.34,398,4.9,FAVORABLE,13.86,LIMIT,20,COMPRESSION,2026-09-21,2026-09-21T04:25:40.622105
OBAI,LONG,CONVICTION,63.2,BULL_BOUNCE,0.28,0.25,0.29,,3225,0.43,FAVORABLE,0.2766,LIMIT,6,MINOR,2026-09-21,2026-09-21T04:30:51.046464
ACM,SHORT,CONVICTION,63.2,BEAR_REJECTION_PENDING,63.23,64.41,60.07,,84,2.67,FAVORABLE,61.9875,LIMIT,20,COMPRESSION,2026-09-21,2026-09-21T04:42:56.274343
EEFT,SHORT,CONVICTION,63.2,BEAR_REJECTION_PENDING,66.97,68.2,64.26,63.82,81,2.21,FAVORABLE,65.6602,LIMIT,20,COMPRESSION,2026-09-21,2026-09-21T04:49:51.631729
NYT,LONG,CONVICTION,63.2,BULL_BOUNCE_PENDING,69.41,68.6,79.3,72.01,123,12.25,FAVORABLE,70.2125,LIMIT,20,CONVICTION,2026-09-21,2026-09-21T04:53:09.140045
COMP,LONG,CONVICTION,63.1,BULL_BOUNCE_PENDING,9.99,9.8,10.35,10.94,527,1.92,FAVORABLE,10.19,LIMIT,20,COMPRESSION,2026-09-21,2026-09-21T04:27:57.734812
SE,LONG,CONVICTION,63.1,BULL_BOUNCE_CONFIRMED,103.49,99.1,111.29,117.51,22,1.78,FAVORABLE,103.49,LIMIT,20,CONVICTION,2026-09-21,2026-09-21T04:47:02.700167
RETO,LONG,CONVICTION,63.0,BULL_BOUNCE_PENDING,0.19,0.15,0.2,,2551,0.24,FAVORABLE,0.194,LIMIT,3,COMPRESSION,2026-09-21,2026-09-21T04:22:54.196774
EXK,LONG,CONVICTION,63.0,BULL_BOUNCE_PENDING,9.99,9.74,10.65,11.04,409,2.72,FAVORABLE,10.19,LIMIT,20,COMPRESSION,2026-09-21,2026-09-21T04:24:27.249636
B,SHORT,CONVICTION,63.0,BEAR_REJECTION_PENDING,43.46,44.81,40.0,38.09,73,2.56,FAVORABLE,43.365,LIMIT,20,COMPRESSION,2026-09-21,2026-09-21T04:24:34.037649
FIS,SHORT,CONVICTION,63.0,BEAR_REJECTION_PENDING,36.15,36.61,34.34,,216,3.91,FAVORABLE,35.9,LIMIT,20,COMPRESSION,2026-09-21,2026-09-21T04:26:52.275036
HPQ,LONG,CONVICTION,63.0,BULL_BOUNCE_PENDING,33.29,29.04,34.96,,23,0.39,FAVORABLE,33.97,LIMIT,16,CONVICTION,2026-09-21,2026-09-21T04:28:14.049842
KR,LONG,CONVICTION,63.0,BULL_BOUNCE_PENDING,58.94,58.2,60.52,61.02,135,2.14,FAVORABLE,60.14,LIMIT,20,COMPRESSION,2026-09-21,2026-09-21T04:28:32.850483
WETO,LONG,CONVICTION,63.0,BULL_BOUNCE_PENDING,1.73,1.38,1.81,,289,0.25,FAVORABLE,1.76,LIMIT,5,COMPRESSION,2026-09-21,2026-09-21T04:42:19.633060
CDTG,LONG,CONVICTION,63.0,BULL_BOUNCE,1.24,1.03,1.25,,476,0.05,FAVORABLE,1.24,LIMIT,20,MINOR,2026-09-21,2026-09-21T04:42:30.378083
KMI,LONG,CONVICTION,63.0,BULL_BOUNCE_PENDING,31.13,30.47,33.63,33.15,149,3.74,FAVORABLE,31.77,LIMIT,14,COMPRESSION,2026-09-21,2026-09-21T04:47:29.101274
LNG,LONG,CONVICTION,63.0,BULL_BOUNCE_PENDING,261.65,254.33,280.68,280.68,13,2.6,FAVORABLE,266.99,LIMIT,20,CONVICTION,2026-09-21,2026-09-21T04:47:33.106281
KMT,LONG,CONVICTION,63.0,BULL_BOUNCE_PENDING,29.18,28.25,31.1,32.45,107,2.07,FAVORABLE,29.7725,LIMIT,20,COMPRESSION,2026-09-21,2026-09-21T04:51:22.328572
NUR,LONG,CONVICTION,63.0,BULL_BOUNCE_PENDING,1.18,0.89,1.23,,348,0.2,FAVORABLE,1.2,LIMIT,9,MINOR,2026-09-21,2026-09-21T04:51:55.368634
GMAB,LONG,CONVICTION,63.0,BULL_BOUNCE_PENDING,33.67,32.08,35.36,,62,1.06,FAVORABLE,34.36,LIMIT,9,COMPRESSION,2026-09-21,2026-09-21T04:53:19.787167
GLBE,SHORT,CONVICTION,62.9,SHORT_UPPER_DIRTY,38.05,39.09,36.58,,96,1.42,FAVORABLE,38.055,LIMIT,20,COMPRESSION,2026-09-21,2026-09-21T04:49:56.173274
CSX,SHORT,CONVICTION,62.8,BEAR_REJECTION_PENDING,47.55,48.14,40.2,45.47,170,12.52,FAVORABLE,46.62,LIMIT,20,COMPRESSION,2026-09-21,2026-09-21T04:27:50.019800
OKLO,SHORT,CONVICTION,62.7,BEAR_REJECTION_PENDING,39.65,42.78,34.55,,31,1.63,FAVORABLE,38.87,LIMIT,20,VACUUM,2026-09-21,2026-09-21T04:29:14.393694
FRPT,LONG,CONVICTION,62.7,BULL_BOUNCE_PENDING,60.28,59.05,70.24,63.67,81,8.08,FAVORABLE,61.51,LIMIT,20,COMPRESSION,2026-09-21,2026-09-21T04:36:41.305530
GFL,LONG,CONVICTION,62.7,BULL_BOUNCE_PENDING,41.64,41.09,43.2,43.2,182,2.85,FAVORABLE,42.491,LIMIT,19,COMPRESSION,2026-09-21,2026-09-21T04:48:51.305414
TCRT,SHORT,CONVICTION,62.6,BEAR_REJECTION_PENDING,1.19,1.34,1.13,,698,0.42,FAVORABLE,1.17,LIMIT,8,MINOR,2026-09-21,2026-09-21T04:22:40.144797
JBLU,LONG,CONVICTION,62.6,BULL_BOUNCE_PENDING,4.29,3.65,4.51,,156,0.33,FAVORABLE,4.38,LIMIT,20,COMPRESSION,2026-09-21,2026-09-21T04:28:51.371040
TRMD,LONG,CONVICTION,62.6,BULL_BOUNCE_PENDING,37.07,36.59,37.93,38.51,206,1.78,FAVORABLE,37.67,LIMIT,20,MINOR,2026-09-21,2026-09-21T04:52:34.515267
ESTC,LONG,CONVICTION,62.5,BULL_BOUNCE_PENDING,87.13,85.82,89.98,95.76,76,2.17,FAVORABLE,87.5,LIMIT,20,CONVICTION,2026-09-21,2026-09-21T04:32:44.575468
NDSN,LONG,CONVICTION,62.5,BULL_BOUNCE_PENDING,308.77,306.98,322.68,318.1,55,7.77,FAVORABLE,311.57,LIMIT,20,CONVICTION,2026-09-21,2026-09-21T04:44:51.712780
STNG,LONG,CONVICTION,62.5,BULL_BOUNCE_PENDING,86.23,85.5,89.75,89.46,137,4.84,FAVORABLE,86.9,LIMIT,20,MINOR,2026-09-21,2026-09-21T04:50:17.590852
BNC,LONG,CONVICTION,62.4,BULL_BOUNCE_PENDING,6.43,6.12,7.45,,323,3.3,FAVORABLE,6.56,LIMIT,3,COMPRESSION,2026-09-21,2026-09-21T04:22:25.779176
NUAI,LONG,CONVICTION,62.4,BULL_BOUNCE_PENDING,5.83,5.68,6.61,6.66,653,5.06,FAVORABLE,5.9,LIMIT,20,MINOR,2026-09-21,2026-09-21T04:24:42.802744
GCTS,LONG,CONVICTION,62.3,BULL_BOUNCE_PENDING,2.03,1.93,2.13,,1017,1.03,FAVORABLE,2.07,LIMIT,4,MINOR,2026-09-21,2026-09-21T04:31:36.815083
FSK,SHORT,CONVICTION,62.3,BEAR_REJECTION_PENDING,11.5,12.06,10.62,10.12,178,1.57,FAVORABLE,11.2751,LIMIT,20,COMPRESSION,2026-09-21,2026-09-21T04:32:49.925006
FUN,SHORT,CONVICTION,62.3,BEAR_REJECTION_PENDING,12.42,12.67,11.8,,404,2.51,FAVORABLE,12.33,LIMIT,20,COMPRESSION,2026-09-21,2026-09-21T04:32:50.923008
SVM,LONG,CONVICTION,62.3,BULL_BOUNCE_PENDING,11.71,11.52,12.45,12.69,520,3.82,FAVORABLE,11.85,LIMIT,20,COMPRESSION,2026-09-21,2026-09-21T04:36:00.028858
PSIX,LONG,CONVICTION,62.3,BULL_BOUNCE_PENDING,45.98,45.22,47.15,,130,1.53,FAVORABLE,46.23,LIMIT,1,COMPRESSION,2026-09-21,2026-09-21T04:53:48.019425
QXO,SHORT,CONVICTION,62.1,BEAR_REJECTION_PENDING,11.56,11.7,11.32,,693,1.63,FAVORABLE,11.4399,LIMIT,20,COMPRESSION,2026-09-21,2026-09-21T04:24:31.143645
STUB,LONG,CONVICTION,62.1,BULL_BOUNCE_PENDING,5.92,5.83,6.56,6.6,1098,7.03,FAVORABLE,5.99,LIMIT,20,COMPRESSION,2026-09-21,2026-09-21T04:30:18.688412
TLRY,LONG,CONVICTION,62.1,BULL_BOUNCE_PENDING,3.96,3.59,4.54,,268,1.56,FAVORABLE,4.04,LIMIT,20,COMPRESSION,2026-09-21,2026-09-21T04:30:37.906443
IONS,SHORT,CONVICTION,62.1,BEAR_REJECTION_PENDING,45.49,47.29,39.95,,55,3.08,FAVORABLE,44.6,LIMIT,20,MINOR,2026-09-21,2026-09-21T04:40:59.998731
WIX,LONG,CONVICTION,62.0,BULL_BOUNCE_PENDING,77.68,76.14,83.62,87.8,64,3.86,FAVORABLE,78.0,LIMIT,20,COMPRESSION,2026-09-21,2026-09-21T04:22:28.640400
NVDA,LONG,CONVICTION,62.0,BULL_BOUNCE_PENDING,223.0,221.22,233.0,229.89,56,5.61,FAVORABLE,223.86,LIMIT,13,MINOR,2026-09-21,2026-09-21T04:22:49.234761
ZETA,LONG,CONVICTION,62.0,BULL_BOUNCE_CONFIRMED,30.43,29.65,33.3,32.36,128,3.68,FAVORABLE,30.43,LIMIT,7,CONVICTION,2026-09-21,2026-09-21T04:30:05.689388
VUZI,LONG,CONVICTION,62.0,BULL_BOUNCE_PENDING,2.69,2.54,2.82,,675,0.91,FAVORABLE,2.74,LIMIT,6,COMPRESSION,2026-09-21,2026-09-21T04:31:12.655040
SOAR,LONG,CONVICTION,62.0,BULL_BOUNCE_PENDING,0.18,0.17,0.21,,6872,1.52,FAVORABLE,0.187,LIMIT,5,COMPRESSION,2026-09-21,2026-09-21T04:31:55.176713
CRSR,LONG,CONVICTION,62.0,BULL_BOUNCE_CONFIRMED,13.38,12.84,14.05,,183,1.23,FAVORABLE,13.38,LIMIT,16,MINOR,2026-09-21,2026-09-21T04:32:32.861912
OC,SHORT,CONVICTION,62.0,BEAR_REJECTION_PENDING,123.93,125.95,109.99,118.23,49,6.91,FAVORABLE,123.9025,LIMIT,20,CONVICTION,2026-09-21,2026-09-21T04:33:29.935608
TTWO,LONG,CONVICTION,62.0,BULL_BOUNCE_PENDING,202.26,199.99,233.56,233.56,43,13.76,FAVORABLE,206.25,LIMIT,20,CONVICTION,2026-09-21,2026-09-21T04:33:57.866801
NET,LONG,CONVICTION,62.0,BULL_BOUNCE_PENDING,326.51,321.22,342.84,,18,3.09,FAVORABLE,327.04,LIMIT,2,MINOR,2026-09-21,2026-09-21T04:35:31.987682
AEHR,LONG,CONVICTION,62.0,BULL_BOUNCE_PENDING,96.25,93.96,106.97,111.0,43,4.69,FAVORABLE,96.68,LIMIT,7,MINOR,2026-09-21,2026-09-21T04:36:21.328929
ALOY,LONG,CONVICTION,62.0,BULL_BOUNCE_PENDING,8.77,8.61,10.04,9.25,592,7.46,FAVORABLE,8.95,LIMIT,20,COMPRESSION,2026-09-21,2026-09-21T04:40:34.670997
NXT,LONG,CONVICTION,62.0,BULL_BOUNCE_PENDING,79.75,78.53,91.0,85.79,81,9.2,FAVORABLE,80.49,LIMIT,20,COMPRESSION,2026-09-21,2026-09-21T04:41:38.510431
CMRC,LONG,CONVICTION,62.0,BULL_BOUNCE_PENDING,3.26,3.02,3.43,,419,0.68,FAVORABLE,3.33,LIMIT,16,COMPRESSION,2026-09-21,2026-09-21T04:52:20.903209
BRR,LONG,CONVICTION,62.0,BULL_BOUNCE_PENDING,3.77,3.69,4.11,4.11,1269,4.28,FAVORABLE,3.85,LIMIT,2,COMPRESSION,2026-09-21,2026-09-21T04:53:57.340462
GEMI,LONG,CONVICTION,62.0,BULL_BOUNCE_PENDING,5.87,5.73,6.56,6.47,712,4.92,FAVORABLE,5.95,LIMIT,2,COMPRESSION,2026-09-21,2026-09-21T04:54:06.138031
SG,LONG,CONVICTION,61.9,BULL_BOUNCE_PENDING,7.06,6.8,8.12,7.73,385,4.1,FAVORABLE,7.2,LIMIT,12,COMPRESSION,2026-09-21,2026-09-21T04:44:09.755561
EZPW,LONG,CONVICTION,61.9,BULL_BOUNCE,30.65,29.54,34.7,34.09,89,3.63,FAVORABLE,30.6525,LIMIT,20,COMPRESSION,2026-09-21,2026-09-21T04:45:30.229849
TREX,SHORT,CONVICTION,61.8,BEAR_REJECTION_PENDING,43.09,43.63,39.43,40.24,184,6.74,FAVORABLE,42.6925,LIMIT,20,COMPRESSION,2026-09-21,2026-09-21T04:30:10.462400
RDAC,LONG,CONVICTION,61.8,BULL_BOUNCE_PENDING,5.45,4.93,5.72,,194,0.53,FAVORABLE,5.56,LIMIT,14,MINOR,2026-09-21,2026-09-21T04:49:35.699647
CRCL,SHORT,CONVICTION,61.7,BEAR_REJECTION_PENDING,94.9,102.42,80.47,,13,1.92,FAVORABLE,93.04,LIMIT,20,CONVICTION,2026-09-21,2026-09-21T04:23:29.120938
ALH,SHORT,CONVICTION,61.7,BEAR_REJECTION_PENDING,22.0,22.34,19.72,19.85,293,6.68,FAVORABLE,21.58,LIMIT,20,COMPRESSION,2026-09-21,2026-09-21T04:42:53.829338
MP,LONG,CONVICTION,61.6,BULL_BOUNCE_PENDING,48.31,47.55,49.77,53.33,130,1.9,FAVORABLE,49.3,LIMIT,20,COMPRESSION,2026-09-21,2026-09-21T04:41:11.099296
KEY,LONG,CONVICTION,61.5,BULL_BOUNCE_PENDING,20.44,19.47,22.02,23.65,103,1.62,FAVORABLE,20.86,LIMIT,20,COMPRESSION,2026-09-21,2026-09-21T04:26:49.120016
RHI,SHORT,CONVICTION,61.5,BEAR_REJECTION_PENDING,37.78,38.29,34.68,32.52,195,6.07,FAVORABLE,37.3825,LIMIT,20,COMPRESSION,2026-09-21,2026-09-21T04:33:40.349687
CYTK,SHORT,CONVICTION,61.5,BEAR_REJECTION_PENDING,69.0,69.84,67.43,63.8,119,1.87,FAVORABLE,68.78,LIMIT,20,CONVICTION,2026-09-21,2026-09-21T04:51:45.069614
KBR,LONG,CONVICTION,61.5,BULL_BOUNCE_PENDING,35.24,34.94,39.83,40.24,329,15.12,FAVORABLE,35.54,LIMIT,20,COMPRESSION,2026-09-21,2026-09-21T04:53:22.102712
EXPE,LONG,CONVICTION,61.3,BULL_BOUNCE_PENDING,274.78,271.12,296.5,296.5,27,5.92,FAVORABLE,279.9,LIMIT,20,CONVICTION,2026-09-21,2026-09-21T04:36:38.215519
PAAS,LONG,CONVICTION,61.3,BULL_BOUNCE_PENDING,48.94,47.3,55.29,54.3,60,3.86,FAVORABLE,49.94,LIMIT,20,COMPRESSION,2026-09-21,2026-09-21T04:44:55.171783
XPEV,LONG,CONVICTION,61.3,BULL_BOUNCE_PENDING,10.24,9.51,11.5,11.94,137,1.73,FAVORABLE,10.45,LIMIT,20,COMPRESSION,2026-09-21,2026-09-21T04:47:14.214714
TRGP,LONG,CONVICTION,61.3,BULL_BOUNCE_PENDING,290.28,288.2,293.88,296.85,48,1.73,FAVORABLE,292.19,LIMIT,5,MINOR,2026-09-21,2026-09-21T04:47:45.291302
CRE,LONG,CONVICTION,61.2,BULL_BOUNCE_PENDING,3.17,2.91,3.66,,383,1.88,FAVORABLE,3.235,LIMIT,7,MINOR,2026-09-21,2026-09-21T04:30:51.460466
POET,LONG,CONVICTION,61.1,BULL_BOUNCE_PENDING,7.87,7.74,8.78,8.2,781,7.11,FAVORABLE,8.0,LIMIT,16,COMPRESSION,2026-09-21,2026-09-21T04:25:52.753663
GRAB,SHORT,CONVICTION,61.0,BEAR_REJECTION_PENDING,2.9,3.07,2.75,,593,0.86,FAVORABLE,2.84,LIMIT,19,COMPRESSION,2026-09-21,2026-09-21T04:25:20.300904
DKNG,LONG,CONVICTION,61.0,BULL_BOUNCE_PENDING,21.64,21.32,24.83,24.47,315,10.07,FAVORABLE,21.9,LIMIT,20,COMPRESSION,2026-09-21,2026-09-21T04:26:44.490478
PTEN,LONG,CONVICTION,61.0,BULL_BOUNCE_PENDING,11.62,11.44,11.93,12.23,563,1.75,FAVORABLE,11.79,LIMIT,20,COMPRESSION,2026-09-21,2026-09-21T04:28:11.202837
WEN,LONG,CONVICTION,61.0,BULL_BOUNCE_PENDING,6.61,6.13,7.6,,210,2.09,FAVORABLE,6.74,LIMIT,20,COMPRESSION,2026-09-21,2026-09-21T04:30:23.333422
SBEV,LONG,CONVICTION,61.0,BULL_BOUNCE_PENDING,0.41,0.38,0.43,,2887,0.59,FAVORABLE,0.4201,LIMIT,3,MINOR,2026-09-21,2026-09-21T04:30:39.762446
WTS,LONG,CONVICTION,61.0,BULL_BOUNCE_PENDING,348.91,346.42,383.68,357.99,40,13.96,FAVORABLE,350.6625,LIMIT,20,CONVICTION,2026-09-21,2026-09-21T04:34:13.399364
HYMC,LONG,CONVICTION,61.0,BULL_BOUNCE_PENDING,20.96,20.52,22.45,23.82,226,3.36,FAVORABLE,21.33,LIMIT,20,COMPRESSION,2026-09-21,2026-09-21T04:35:10.426623
DPC,SHORT,CONVICTION,61.0,BEAR_REJECTION_PENDING,41.39,42.51,38.15,,89,2.89,FAVORABLE,40.76,LIMIT,10,COMPRESSION,2026-09-21,2026-09-21T04:36:35.516510
TLN,LONG,CONVICTION,61.0,BULL_BOUNCE_PENDING,288.44,284.74,300.0,300.0,27,3.12,FAVORABLE,292.35,LIMIT,20,CONVICTION,2026-09-21,2026-09-21T04:37:20.643249
VSEC,LONG,CONVICTION,61.0,BULL_BOUNCE_PENDING,174.05,171.18,188.64,188.64,34,5.09,FAVORABLE,174.8325,LIMIT,20,CONVICTION,2026-09-21,2026-09-21T04:37:25.372264
INSW,LONG,CONVICTION,61.0,BULL_BOUNCE_PENDING,111.3,110.17,116.87,,88,4.94,FAVORABLE,111.46,LIMIT,7,MINOR,2026-09-21,2026-09-21T04:38:18.948351
MATX,LONG,CONVICTION,61.0,BULL_BOUNCE_PENDING,232.3,230.61,237.94,238.22,59,3.33,FAVORABLE,232.9225,LIMIT,19,VACUUM,2026-09-21,2026-09-21T04:38:31.491292
LGN,LONG,CONVICTION,61.0,BULL_BOUNCE_PENDING,54.68,53.13,59.21,59.52,64,2.92,FAVORABLE,55.8,LIMIT,17,COMPRESSION,2026-09-21,2026-09-21T04:41:06.144743
GPK,LONG,CONVICTION,61.0,BULL_BOUNCE_PENDING,9.27,9.15,10.32,9.8,809,8.5,FAVORABLE,9.32,LIMIT,20,COMPRESSION,2026-09-21,2026-09-21T04:41:42.296442
MRNY,LONG,CONVICTION,61.0,BULL_BOUNCE_PENDING,33.7,33.15,36.42,36.45,183,4.99,FAVORABLE,34.19,LIMIT,20,MINOR,2026-09-21,2026-09-21T04:43:57.205537
NG,LONG,CONVICTION,61.0,BULL_BOUNCE_PENDING,7.14,6.93,8.0,7.73,462,3.96,FAVORABLE,7.29,LIMIT,20,COMPRESSION,2026-09-21,2026-09-21T04:44:02.586548
AGI,LONG,CONVICTION,61.0,BULL_BOUNCE_PENDING,35.23,34.37,39.67,38.85,115,5.14,FAVORABLE,35.95,LIMIT,20,COMPRESSION,2026-09-21,2026-09-21T04:44:30.262665
ALGT,LONG,CONVICTION,61.0,BULL_BOUNCE_PENDING,76.59,74.36,84.69,81.99,44,3.62,FAVORABLE,78.1575,LIMIT,20,CONVICTION,2026-09-21,2026-09-21T04:45:19.373829
QFIN,SHORT,CONVICTION,61.0,BEAR_REJECTION_PENDING,8.37,8.49,8.11,8.05,817,2.13,FAVORABLE,8.2699,LIMIT,20,COMPRESSION,2026-09-21,2026-09-21T04:46:58.917159
LEA,LONG,CONVICTION,61.0,BULL_BOUNCE_PENDING,119.74,118.54,128.45,128.87,83,7.28,FAVORABLE,120.64,LIMIT,20,CONVICTION,2026-09-21,2026-09-21T04:50:02.604284
GCDT,LONG,CONVICTION,61.0,CHANNEL_RECLAIM_LONG,0.38,0.32,0.4,,1564,0.3,FAVORABLE,0.3847,LIMIT,2,MINOR,2026-09-21,2026-09-21T04:51:58.683173
YMAT,LONG,CONVICTION,61.0,CHANNEL_RECLAIM_LONG,1.37,1.19,1.44,,547,0.37,FAVORABLE,1.37,LIMIT,14,MINOR,2026-09-21,2026-09-21T04:52:20.147208
ERY,LONG,CONVICTION,61.0,BULL_BOUNCE_PENDING,8.78,8.52,9.41,9.73,384,2.42,FAVORABLE,8.96,LIMIT,20,COMPRESSION,2026-09-21,2026-09-21T04:52:27.279233
AENT,LONG,CONVICTION,61.0,CHANNEL_RECLAIM_LONG,4.91,4.65,5.35,5.59,377,1.66,FAVORABLE,4.91,LIMIT,20,MINOR,2026-09-21,2026-09-21T04:52:39.323291
SCNI,LONG,CONVICTION,61.0,BULL_BOUNCE,1.57,1.25,1.64,,313,0.22,FAVORABLE,1.57,LIMIT,17,MINOR,2026-09-21,2026-09-21T04:52:59.017925
BKNG,LONG,CONVICTION,60.9,BULL_BOUNCE_PENDING,168.31,166.37,191.58,173.78,51,11.94,FAVORABLE,168.6,LIMIT,20,CONVICTION,2026-09-21,2026-09-21T04:28:27.769930
BRSL,SHORT,CONVICTION,60.9,BEAR_REJECTION_PENDING,10.32,10.46,10.08,,703,1.69,FAVORABLE,10.18,LIMIT,20,COMPRESSION,2026-09-21,2026-09-21T04:42:55.991342
VERA,LONG,CONVICTION,60.9,BULL_BOUNCE_PENDING,33.28,31.55,38.5,38.66,57,3.01,FAVORABLE,33.9578,LIMIT,20,COMPRESSION,2026-09-21,2026-09-21T04:46:31.633577
TSLQ,LONG,CONVICTION,60.8,BULL_BOUNCE_PENDING,17.82,17.37,19.36,19.71,223,3.45,FAVORABLE,18.0,LIMIT,20,COMPRESSION,2026-09-21,2026-09-21T04:39:00.781597
VCX,SHORT,CONVICTION,60.8,BEAR_REJECTION_PENDING,32.41,33.09,30.75,30.19,147,2.45,FAVORABLE,31.8666,LIMIT,20,COMPRESSION,2026-09-21,2026-09-21T04:40:16.199590
SGMT,LONG,CONVICTION,60.7,BULL_BOUNCE_PENDING,10.93,10.77,11.48,,606,3.31,FAVORABLE,11.09,LIMIT,0,NONE,2026-09-21,2026-09-21T04:23:17.017356
OLED,SHORT,CONVICTION,60.7,BEAR_REJECTION_PENDING,79.87,83.08,75.88,,31,1.24,FAVORABLE,78.3025,LIMIT,20,COMPRESSION,2026-09-21,2026-09-21T04:36:59.258184
ITUB,LONG,CONVICTION,60.7,BULL_BOUNCE_PENDING,8.05,7.64,9.0,9.4,247,2.36,FAVORABLE,8.21,LIMIT,20,MINOR,2026-09-21,2026-09-21T04:50:01.358282
REAX,SHORT,CONVICTION,60.6,BEAR_REJECTION_PENDING,16.88,17.84,16.03,,103,0.87,FAVORABLE,16.5454,LIMIT,20,COMPRESSION,2026-09-21,2026-09-21T04:47:01.114164
WGMI,SHORT,CONVICTION,60.6,BEAR_REJECTION_PENDING,50.82,51.72,46.2,47.17,111,5.15,FAVORABLE,50.4,LIMIT,19,COMPRESSION,2026-09-21,2026-09-21T04:51:57.289168
XP,LONG,CONVICTION,60.5,BULL_BOUNCE_PENDING,19.6,18.59,22.14,22.88,99,2.52,FAVORABLE,20.0,LIMIT,20,COMPRESSION,2026-09-21,2026-09-21T04:29:51.814367
MAT,SHORT,CONVICTION,60.5,BEAR_REJECTION_PENDING,13.42,13.57,12.93,12.95,655,3.25,FAVORABLE,13.34,LIMIT,20,COMPRESSION,2026-09-21,2026-09-21T04:30:23.937420
TNDM,LONG,CONVICTION,60.5,BULL_BOUNCE_PENDING,16.44,15.88,18.77,19.0,178,4.16,FAVORABLE,16.78,LIMIT,20,COMPRESSION,2026-09-21,2026-09-21T04:33:54.475797
AAP,SHORT,CONVICTION,60.5,BEAR_REJECTION_PENDING,43.17,56.46,41.01,,7,0.16,FAVORABLE,42.3204,LIMIT,20,CONVICTION,2026-09-21,2026-09-21T04:39:14.083235
ACHC,SHORT,CONVICTION,60.5,BEAR_REJECTION_PENDING,28.9,40.46,27.45,,8,0.12,FAVORABLE,28.3325,LIMIT,14,CONVICTION,2026-09-21,2026-09-21T04:46:44.279132
WFC,LONG,CONVICTION,60.4,BULL_BOUNCE_PENDING,85.19,84.53,94.96,91.87,151,14.76,FAVORABLE,86.56,LIMIT,20,COMPRESSION,2026-09-21,2026-09-21T04:25:50.538662
PSNYW,LONG,CONVICTION,60.4,BULL_BOUNCE_PENDING,4.49,4.25,5.0,,422,2.16,FAVORABLE,4.58,LIMIT,1,MINOR,2026-09-21,2026-09-21T04:46:40.106126
DE,LONG,CONVICTION,60.3,BULL_BOUNCE_PENDING,683.82,678.7,693.53,700.9,19,1.9,FAVORABLE,687.2262,LIMIT,11,COMPRESSION,2026-09-21,2026-09-21T04:45:28.861846
BTCT,LONG,CONVICTION,60.2,BULL_BOUNCE_PENDING,1.29,1.2,1.35,,1105,0.71,FAVORABLE,1.315,LIMIT,1,COMPRESSION,2026-09-21,2026-09-21T04:22:51.237765
YMM,LONG,CONVICTION,60.2,BULL_BOUNCE_PENDING,7.97,7.79,8.54,8.54,563,3.23,FAVORABLE,8.13,LIMIT,20,COMPRESSION,2026-09-21,2026-09-21T04:44:29.696663
STLA,SHORT,CONVICTION,60.1,BEAR_REJECTION_PENDING,5.0,5.43,4.75,,233,0.58,FAVORABLE,4.9,LIMIT,20,COMPRESSION,2026-09-21,2026-09-21T04:29:24.651786
ADBT,LONG,CONVICTION,60.0,BULL_BOUNCE_PENDING,0.12,0.1,0.13,,3385,0.21,FAVORABLE,0.1272,LIMIT,3,MINOR,2026-09-21,2026-09-21T04:22:50.849765
U,LONG,CONVICTION,60.0,BULL_BOUNCE_PENDING,40.86,40.34,43.01,42.93,192,4.15,FAVORABLE,41.52,LIMIT,15,MINOR,2026-09-21,2026-09-21T04:24:42.241749
XE,SHORT,CONVICTION,60.0,BEAR_REJECTION_PENDING,16.4,17.41,14.74,13.8,98,1.64,FAVORABLE,16.08,LIMIT,20,COMPRESSION,2026-09-21,2026-09-21T04:25:40.752104
MSFT,LONG,CONVICTION,60.0,BULL_BOUNCE_PENDING,491.77,488.82,530.48,503.8,33,13.08,FAVORABLE,494.0,LIMIT,20,CONVICTION,2026-09-21,2026-09-21T04:27:30.948700
BTDR,LONG,CONVICTION,60.0,BULL_BOUNCE_PENDING,13.14,12.88,14.82,15.0,375,6.29,FAVORABLE,13.25,LIMIT,3,MINOR,2026-09-21,2026-09-21T04:27:57.274812
PSKY,LONG,CONVICTION,60.0,BULL_BOUNCE_PENDING,10.58,10.4,11.49,11.2,532,4.83,FAVORABLE,10.8,LIMIT,15,COMPRESSION,2026-09-21,2026-09-21T04:28:07.220830
IBRX,LONG,CONVICTION,60.0,BULL_BOUNCE_PENDING,8.38,7.83,9.64,,181,2.28,FAVORABLE,8.55,LIMIT,6,COMPRESSION,2026-09-21,2026-09-21T04:28:22.838919
RIOT,LONG,CONVICTION,60.0,BULL_BOUNCE_PENDING,23.84,23.41,26.86,27.38,229,6.94,FAVORABLE,24.3,LIMIT,6,COMPRESSION,2026-09-21,2026-09-21T04:29:13.970694
NVTS,LONG,CONVICTION,60.0,BULL_BOUNCE_PENDING,11.59,11.38,12.59,12.73,482,4.83,FAVORABLE,11.8,LIMIT,9,COMPRESSION,2026-09-21,2026-09-21T04:29:30.418794
COHR,LONG,CONVICTION,60.0,BULL_BOUNCE_PENDING,324.88,319.11,340.0,340.0,17,2.62,FAVORABLE,326.15,LIMIT,9,VACUUM,2026-09-21,2026-09-21T04:30:11.934399
TPET,LONG,CONVICTION,60.0,BULL_BOUNCE_CONFIRMED,1.82,1.71,2.08,,928,2.42,FAVORABLE,1.82,LIMIT,7,MINOR,2026-09-21,2026-09-21T04:30:19.525413
ZENA,LONG,CONVICTION,60.0,BULL_BOUNCE,1.46,1.36,1.67,,985,2.07,FAVORABLE,1.46,LIMIT,10,MINOR,2026-09-21,2026-09-21T04:31:28.080066
MRAM,LONG,CONVICTION,60.0,BULL_BOUNCE_PENDING,15.77,15.51,17.29,17.2,392,5.98,FAVORABLE,15.9,LIMIT,20,COMPRESSION,2026-09-21,2026-09-21T04:31:31.870072
BIO,LONG,CONVICTION,60.0,BULL_BOUNCE,376.41,366.65,395.3,,10,1.94,FAVORABLE,376.4075,LIMIT,5,MINOR,2026-09-21,2026-09-21T04:32:19.242290
WFRD,LONG,CONVICTION,60.0,BULL_BOUNCE_PENDING,80.39,78.4,87.66,87.66,50,3.64,FAVORABLE,82.0325,LIMIT,20,CONVICTION,2026-09-21,2026-09-21T04:36:09.247893
TPL,LONG,CONVICTION,60.0,BULL_BOUNCE_PENDING,345.98,341.99,389.06,365.58,25,10.8,FAVORABLE,347.2,LIMIT,20,CONVICTION,2026-09-21,2026-09-21T04:37:21.532251
Z,LONG,CONVICTION,60.0,BULL_BOUNCE_PENDING,29.5,28.89,33.72,32.31,164,6.93,FAVORABLE,30.1,LIMIT,20,COMPRESSION,2026-09-21,2026-09-21T04:37:26.063267
CIEN,LONG,CONVICTION,60.0,BULL_BOUNCE_PENDING,356.77,349.47,386.26,376.89,13,4.04,FAVORABLE,358.0,LIMIT,20,CONVICTION,2026-09-21,2026-09-21T04:37:41.331916
FISV,LONG,CONVICTION,60.0,BULL_BOUNCE_PENDING,47.31,46.76,50.54,54.01,179,5.77,FAVORABLE,47.43,LIMIT,20,COMPRESSION,2026-09-21,2026-09-21T04:39:37.786219
NMAX,LONG,CONVICTION,60.0,BULL_BOUNCE_PENDING,10.14,9.96,11.26,11.26,567,6.36,FAVORABLE,10.32,LIMIT,20,COMPRESSION,2026-09-21,2026-09-21T04:41:15.032308
TER,LONG,CONVICTION,60.0,BULL_BOUNCE_PENDING,378.78,372.91,419.14,419.5,17,6.88,FAVORABLE,380.0,LIMIT,20,CONVICTION,2026-09-21,2026-09-21T04:42:17.620066
CDNA,LONG,CONVICTION,60.0,BULL_BOUNCE_PENDING,52.75,51.78,54.55,,102,1.85,FAVORABLE,53.83,LIMIT,13,COMPRESSION,2026-09-21,2026-09-21T04:45:25.480840
CYPH,LONG,CONVICTION,60.0,BULL_BOUNCE_PENDING,3.73,3.59,3.91,,716,1.34,FAVORABLE,3.76,LIMIT,2,MINOR,2026-09-21,2026-09-21T04:48:05.761337
PD,LONG,CONVICTION,60.0,BULL_BOUNCE_PENDING,13.88,13.72,15.36,14.3,591,8.72,FAVORABLE,13.95,LIMIT,20,COMPRESSION,2026-09-21,2026-09-21T04:48:58.335426
MGNI,LONG,CONVICTION,60.0,BULL_BOUNCE_PENDING,24.5,24.05,26.11,25.69,224,3.62,FAVORABLE,25.0,LIMIT,16,MINOR,2026-09-21,2026-09-21T04:50:04.788289
