ticker,side,tier,fem,mode,entry,stop,t1,t2,shares,rr,last_px,high,low,volume,chg_pct,outcome,result_r,spy_regime,entry_type,n_gaps_above,gap_above_conviction,checked_at,scan_date
FA,SHORT,CONVICTION,100.0,BEAR_REJECTION_PENDING,21.17,23.71,20.11,,39,0.42,20.690000534057617,21.329999923706055,20.55500030517578,1186000.0,-1.0,CLOSED,0.19,HOSTILE,LIMIT,20,COMPRESSION,2026-08-26_1727,2026-08-24
OC,SHORT,CONVICTION,100.0,BEAR_REJECTION_PENDING,148.9,151.99,129.68,141.56,32,6.23,146.97000122070312,149.97000122070312,146.3699951171875,552300.0,-0.74,CLOSED,0.62,HOSTILE,LIMIT,20,CONVICTION,2026-08-26_1727,2026-08-24
TPL,SHORT,CONVICTION,100.0,BEAR_REJECTION_PENDING,389.06,404.59,348.03,348.5,6,2.64,373.45001220703125,386.1199951171875,369.6700134277344,347700.0,-3.44,NO_FILL,0.0,HOSTILE,LIMIT,20,CONVICTION,2026-08-26_1727,2026-08-24
LRN,SHORT,CONVICTION,100.0,BEAR_REJECTION_PENDING,85.02,152.32,80.77,,1,0.06,85.06999969482422,86.7699966430664,84.51000213623047,423000.0,0.84,CLOSED_LOSS,-0.0,HOSTILE,LIMIT,20,CONVICTION,2026-08-26_1727,2026-08-24
RBLX,SHORT,CONVICTION,100.0,BEAR_REJECTION_PENDING,38.88,48.91,36.94,,9,0.19,38.7599983215332,39.97999954223633,38.33000183105469,8335700.0,0.91,CLOSED,0.01,HOSTILE,LIMIT,13,CONVICTION,2026-08-26_1727,2026-08-24
PRIM,SHORT,CONVICTION,100.0,BEAR_REJECTION_PENDING,80.29,83.47,69.81,,31,3.31,75.13999938964844,76.16999816894531,74.12000274658203,987100.0,-4.55,NO_FILL,0.0,HOSTILE,LIMIT,20,CONVICTION,2026-08-26_1727,2026-08-24
ACM,SHORT,CONVICTION,100.0,BEAR_REJECTION_PENDING,65.7,67.39,62.75,60.73,59,1.75,64.98999786376953,65.41999816894531,64.26000213623047,1993100.0,0.31,NO_FILL,0.0,HOSTILE,LIMIT,20,CONVICTION,2026-08-26_1727,2026-08-24
RH,SHORT,CONVICTION,100.0,BEAR_REJECTION_PENDING,155.37,158.3,146.49,145.0,34,3.03,143.33999633789062,155.0,141.50999450683594,1055800.0,-6.51,NO_FILL,0.0,HOSTILE,LIMIT,20,CONVICTION,2026-08-26_1727,2026-08-24
LEU,SHORT,CONVICTION,99.6,BEAR_REJECTION_PENDING,189.0,192.36,165.45,159.0,29,7.0,177.13999938964844,185.6699981689453,173.6699981689453,539900.0,-5.27,NO_FILL,0.0,HOSTILE,LIMIT,20,CONVICTION,2026-08-26_1727,2026-08-24
KKR,SHORT,CONVICTION,97.8,BEAR_REJECTION_PENDING,110.65,114.58,94.64,96.2,25,4.07,107.31999969482422,109.36000061035156,107.08000183105469,2941900.0,-1.07,NO_FILL,0.0,HOSTILE,LIMIT,20,COMPRESSION,2026-08-26_1727,2026-08-24
NTLA,SHORT,CONVICTION,97.0,BEAR_REJECTION_PENDING,13.14,25.69,12.48,,7,0.05,12.5600004196167,12.789999961853027,12.239999771118164,3110500.0,-2.48,NO_FILL,0.0,HOSTILE,LIMIT,20,CONVICTION,2026-08-26_1727,2026-08-24
ISRG,SHORT,CONVICTION,96.8,BEAR_REJECTION_PENDING,387.83,409.16,344.0,329.99,4,2.06,373.57000732421875,384.05999755859375,373.4800109863281,1518800.0,-1.75,NO_FILL,0.0,HOSTILE,LIMIT,20,CONVICTION,2026-08-26_1727,2026-08-24
BSX,SHORT,CONVICTION,96.5,BEAR_REJECTION_PENDING,51.68,57.93,49.1,,16,0.41,49.0099983215332,50.380001068115234,48.77000045776367,22024900.0,-3.28,NO_FILL,0.0,HOSTILE,LIMIT,20,CONVICTION,2026-08-26_1727,2026-08-24
UPWK,SHORT,CONVICTION,96.5,BEAR_REJECTION_PENDING,8.78,10.27,8.34,,67,0.3,8.569999694824219,8.65999984741211,8.479999542236328,1491400.0,-0.46,NO_FILL,0.0,HOSTILE,LIMIT,12,COMPRESSION,2026-08-26_1727,2026-08-24
SUNB,SHORT,CONVICTION,96.5,BEAR_REJECTION_PENDING,77.93,80.23,66.58,72.19,43,4.94,76.37999725341797,77.95999908447266,75.58999633789062,2431800.0,-0.77,CLOSED,0.67,HOSTILE,LIMIT,20,CONVICTION,2026-08-26_1727,2026-08-24
VG,SHORT,CONVICTION,96.4,BEAR_REJECTION_PENDING,14.38,15.78,12.13,,71,1.6,14.390000343322754,14.420000076293945,13.90999984741211,12333000.0,2.1,CLOSED_LOSS,-0.01,HOSTILE,LIMIT,10,CONVICTION,2026-08-26_1727,2026-08-24
CHRW,SHORT,CONVICTION,96.2,BEAR_REJECTION_PENDING,145.86,154.37,123.22,126.24,11,2.66,142.86000061035156,143.77999877929688,141.57000732421875,1095900.0,-0.1,NO_FILL,0.0,HOSTILE,LIMIT,20,CONVICTION,2026-08-26_1727,2026-08-24
NEBX,SHORT,CONVICTION,96.0,BEAR_REJECTION_PENDING,23.43,25.17,20.19,,57,1.87,22.84000015258789,23.559999465942383,20.91200065612793,1931300.0,-1.97,CLOSED,0.34,HOSTILE,LIMIT,20,VACUUM,2026-08-26_1727,2026-08-24
OSIS,SHORT,CONVICTION,95.9,BEAR_REJECTION_PENDING,211.12,222.08,188.5,,9,2.06,204.0500030517578,209.99000549316406,202.0,857500.0,-1.42,NO_FILL,0.0,HOSTILE,LIMIT,19,CONVICTION,2026-08-26_1727,2026-08-24
CPNG,SHORT,CONVICTION,95.0,BEAR_REJECTION_PENDING,16.71,20.49,15.87,,26,0.22,16.440000534057617,16.540000915527344,16.315000534057617,7966800.0,0.37,NO_FILL,0.0,HOSTILE,LIMIT,20,CONVICTION,2026-08-26_1727,2026-08-24
WYFI,SHORT,CONVICTION,95.0,BEAR_REJECTION_PENDING,20.93,27.21,19.88,,15,0.17,20.780000686645508,21.489999771118164,19.75,4141300.0,1.26,TARGET_HIT,1.5,HOSTILE,LIMIT,18,CONVICTION,2026-08-26_1727,2026-08-24
TREX,SHORT,CONVICTION,95.0,BEAR_REJECTION_PENDING,47.19,48.51,40.24,40.2,75,5.26,47.27000045776367,47.959999084472656,46.4900016784668,1651300.0,0.94,CLOSED_LOSS,-0.06,HOSTILE,LIMIT,20,CONVICTION,2026-08-26_1727,2026-08-24
COHX,SHORT,CONVICTION,95.0,BEAR_REJECTION_PENDING,22.3,24.47,21.18,,46,0.51,21.899999618530273,22.700000762939453,19.84000015258789,1017900.0,-1.17,TARGET_HIT,1.5,HOSTILE,LIMIT,12,VACUUM,2026-08-26_1727,2026-08-24
SPCX,SHORT,CONVICTION,94.9,BEAR_REJECTION_PENDING,137.28,140.52,114.97,126.54,30,6.89,135.0,138.3300018310547,133.10000610351562,60188400.0,0.26,CLOSED,0.7,HOSTILE,LIMIT,12,CONVICTION,2026-08-26_1727,2026-08-24
GXO,SHORT,CONVICTION,94.9,BEAR_REJECTION_PENDING,47.34,52.44,44.97,,19,0.46,46.97999954223633,47.08000183105469,45.6150016784668,1573100.0,1.23,NO_FILL,0.0,HOSTILE,LIMIT,20,CONVICTION,2026-08-26_1727,2026-08-24
AAP,SHORT,CONVICTION,94.4,BEAR_REJECTION_PENDING,43.58,56.46,41.41,,7,0.17,43.630001068115234,44.65999984741211,42.52000045776367,3181300.0,2.11,CLOSED_LOSS,-0.0,HOSTILE,LIMIT,7,CONVICTION,2026-08-26_1727,2026-08-24
ACN,SHORT,CONVICTION,93.5,BEAR_REJECTION_PENDING,188.85,194.41,170.37,169.72,18,3.33,186.52999877929688,188.0800018310547,183.42999267578125,7346300.0,0.75,NO_FILL,0.0,HOSTILE,LIMIT,15,CONVICTION,2026-08-26_1727,2026-08-24
EIX,SHORT,CONVICTION,93.0,BEAR_REJECTION_PENDING,73.37,78.89,64.0,,18,1.7,73.97000122070312,74.06999969482422,71.61000061035156,1803400.0,2.84,CLOSED_LOSS,-0.11,HOSTILE,LIMIT,20,CONVICTION,2026-08-26_1727,2026-08-24
EL,SHORT,CONVICTION,92.3,BEAR_REJECTION_PENDING,104.01,110.02,93.74,89.55,16,1.71,104.12999725341797,104.18000030517578,101.22000122070312,4535400.0,2.12,CLOSED_LOSS,-0.02,HOSTILE,LIMIT,5,CONVICTION,2026-08-26_1727,2026-08-24
KDP,SHORT,CONVICTION,91.0,BEAR_REJECTION_PENDING,32.45,34.95,27.45,,39,2.0,32.5099983215332,32.779998779296875,32.189998626708984,8251500.0,0.9,CLOSED_LOSS,-0.02,HOSTILE,LIMIT,12,CONVICTION,2026-08-26_1727,2026-08-24
HCA,SHORT,CONVICTION,91.0,BEAR_REJECTION_PENDING,432.46,474.59,410.84,,2,0.51,429.239990234375,436.5,427.2300109863281,1323600.0,0.03,CLOSED,0.08,HOSTILE,LIMIT,8,CONVICTION,2026-08-26_1727,2026-08-24
CNR,SHORT,CONVICTION,91.0,BEAR_REJECTION_PENDING,95.31,100.43,82.68,82.94,19,2.47,96.20999908447266,97.51000213623047,94.31999969482422,511700.0,1.14,CLOSED_LOSS,-0.18,HOSTILE,LIMIT,16,COMPRESSION,2026-08-26_1727,2026-08-24
SPSC,SHORT,CONVICTION,91.0,BEAR_REJECTION_PENDING,82.24,104.41,78.13,,4,0.19,81.3499984741211,82.5,80.54000091552734,398200.0,-0.43,CLOSED,0.04,HOSTILE,LIMIT,5,CONVICTION,2026-08-26_1727,2026-08-24
VEEV,SHORT,CONVICTION,91.0,BEAR_REJECTION_PENDING,249.75,271.85,211.5,,4,1.73,248.4600067138672,249.24000549316406,242.02999877929688,1570000.0,0.55,NO_FILL,0.0,HOSTILE,LIMIT,14,CONVICTION,2026-08-26_1727,2026-08-24
FDXF,SHORT,CONVICTION,91.0,BEAR_REJECTION_PENDING,139.8,151.04,132.81,,8,0.62,131.27000427246094,137.75,130.25,1229100.0,-4.22,NO_FILL,0.0,HOSTILE,LIMIT,20,COMPRESSION,2026-08-26_1727,2026-08-24
DIS,SHORT,CONVICTION,90.8,BEAR_REJECTION_PENDING,108.7,112.24,97.62,97.62,28,3.13,110.61000061035156,111.87000274658203,108.08000183105469,12658400.0,2.52,CLOSED_LOSS,-0.54,HOSTILE,LIMIT,6,CONVICTION,2026-08-26_1727,2026-08-24
MSGS,SHORT,CONVICTION,90.8,BEAR_REJECTION_PENDING,410.47,421.32,365.29,353.87,9,4.17,402.6099853515625,411.739990234375,399.69000244140625,216000.0,-0.87,CLOSED,0.72,HOSTILE,LIMIT,20,VACUUM,2026-08-26_1727,2026-08-24
MUZ,SHORT,CONVICTION,90.7,BEAR_REJECTION_PENDING,10.02,11.84,9.52,,54,0.27,10.260000228881836,10.699999809265137,9.789999961853027,7680900.0,4.48,CLOSED_LOSS,-0.13,HOSTILE,LIMIT,20,CONVICTION,2026-08-26_1727,2026-08-24
RCEL,SHORT,CONVICTION,90.7,BEAR_REJECTION_PENDING,10.27,13.79,9.76,,28,0.15,9.90999984741211,10.220000267028809,9.65999984741211,222300.0,-3.41,NO_FILL,0.0,HOSTILE,LIMIT,10,CONVICTION,2026-08-26_1727,2026-08-24
BIRK,SHORT,CONVICTION,90.7,BEAR_REJECTION_PENDING,37.59,41.2,35.71,,27,0.52,35.29999923706055,36.349998474121094,34.7599983215332,2666500.0,-4.21,NO_FILL,0.0,HOSTILE,LIMIT,20,CONVICTION,2026-08-26_1727,2026-08-24
B,SHORT,CONVICTION,90.6,BEAR_REJECTION_PENDING,47.88,50.8,41.89,40.88,34,2.05,48.15999984741211,48.5,47.41999816894531,13789100.0,0.67,CLOSED_LOSS,-0.1,HOSTILE,LIMIT,1,CONVICTION,2026-08-26_1727,2026-08-24
NVEC,SHORT,CONVICTION,90.5,BEAR_REJECTION_PENDING,110.02,113.06,98.85,98.85,32,3.66,106.66999816894531,110.80999755859375,105.16999816894531,131500.0,-2.93,CLOSED,1.1,HOSTILE,LIMIT,20,CONVICTION,2026-08-26_1727,2026-08-24
MTDR,SHORT,CONVICTION,90.5,BEAR_REJECTION_PENDING,58.93,63.17,49.86,49.2,23,2.13,57.5,58.33000183105469,56.34000015258789,2827400.0,-0.47,NO_FILL,0.0,HOSTILE,LIMIT,13,CONVICTION,2026-08-26_1727,2026-08-24
BMNR,SHORT,CONVICTION,90.4,BEAR_REJECTION_PENDING,22.88,25.23,21.73,,42,0.49,24.139999389648438,24.940000534057617,23.229999542236328,66618800.0,5.55,CLOSED_LOSS,-0.54,HOSTILE,LIMIT,10,CONVICTION,2026-08-26_1727,2026-08-24
ADSK,SHORT,CONVICTION,90.4,BEAR_REJECTION_PENDING,258.9,269.67,239.6,231.49,9,1.79,254.4199981689453,257.0799865722656,252.32000732421875,1408200.0,0.23,NO_FILL,0.0,HOSTILE,LIMIT,17,COMPRESSION,2026-08-26_1727,2026-08-24
THO,SHORT,CONVICTION,90.1,BEAR_REJECTION_PENDING,80.22,83.41,72.91,69.51,31,2.29,79.41999816894531,80.41000366210938,78.69000244140625,398400.0,-0.09,CLOSED,0.25,HOSTILE,LIMIT,20,CONVICTION,2026-08-26_1727,2026-08-24
NOW,SHORT,CONVICTION,90.0,BEAR_REJECTION_PENDING,129.9,136.45,114.51,114.19,15,2.35,128.0500030517578,130.14999389648438,127.58999633789062,8949300.0,-0.64,CLOSED,0.28,HOSTILE,LIMIT,17,CONVICTION,2026-08-26_1727,2026-08-24
GPN,SHORT,CONVICTION,89.9,BEAR_REJECTION_PENDING,95.15,97.71,85.75,82.02,39,3.68,94.30000305175781,95.87999725341797,93.62999725341797,3307100.0,0.87,CLOSED,0.33,HOSTILE,LIMIT,15,COMPRESSION,2026-08-26_1727,2026-08-24
MSFT,SHORT,CONVICTION,89.7,BEAR_REJECTION_PENDING,490.14,497.88,476.12,437.9,12,1.81,487.30999755859375,490.6099853515625,481.8599853515625,17230800.0,0.68,CLOSED,0.37,HOSTILE,LIMIT,20,CONVICTION,2026-08-26_1727,2026-08-24
CELC,SHORT,CONVICTION,89.6,BEAR_REJECTION_PENDING,94.81,104.31,80.05,,10,1.55,90.79000091552734,93.47000122070312,90.75,514100.0,-3.08,NO_FILL,0.0,HOSTILE,LIMIT,20,CONVICTION,2026-08-26_1727,2026-08-24
EAT,SHORT,CONVICTION,89.4,BEAR_REJECTION_PENDING,248.5,255.28,228.76,215.75,14,2.91,253.94000244140625,254.94000244140625,245.6199951171875,968800.0,3.2,CLOSED_LOSS,-0.8,HOSTILE,LIMIT,11,VACUUM,2026-08-26_1727,2026-08-24
NRG,SHORT,CONVICTION,89.2,BEAR_REJECTION_PENDING,115.67,122.02,102.04,,15,2.15,111.77999877929688,114.45999908447266,111.30000305175781,4776900.0,-1.43,NO_FILL,0.0,HOSTILE,LIMIT,20,COMPRESSION,2026-08-26_1727,2026-08-24
ADBE,SHORT,CONVICTION,89.1,BEAR_REJECTION_PENDING,282.42,294.85,258.25,242.85,8,1.94,276.2699890136719,279.0,273.25,3593200.0,-0.22,NO_FILL,0.0,HOSTILE,LIMIT,6,CONVICTION,2026-08-26_1727,2026-08-24
AGCO,SHORT,CONVICTION,89.0,BEAR_REJECTION_PENDING,108.95,116.75,91.32,,12,2.26,110.12999725341797,110.44000244140625,107.63999938964844,1531500.0,3.11,CLOSED_LOSS,-0.15,HOSTILE,LIMIT,19,CONVICTION,2026-08-26_1727,2026-08-24
NET,SHORT,CONVICTION,88.7,BEAR_REJECTION_PENDING,297.33,305.63,259.18,271.38,12,4.6,280.3500061035156,289.9800109863281,280.18499755859375,2631400.0,-3.83,NO_FILL,0.0,HOSTILE,LIMIT,20,CONVICTION,2026-08-26_1727,2026-08-24
NXT,SHORT,CONVICTION,88.5,BEAR_REJECTION_PENDING,88.48,92.37,77.89,74.14,25,2.73,84.72000122070312,86.95999908447266,83.73999786376953,1940100.0,-2.34,NO_FILL,0.0,HOSTILE,LIMIT,20,COMPRESSION,2026-08-26_1727,2026-08-24
SILC,SHORT,CONVICTION,88.3,BEAR_REJECTION_PENDING,45.39,48.89,38.82,,28,1.88,41.81999969482422,43.369998931884766,41.439998626708984,155400.0,-6.02,NO_FILL,0.0,HOSTILE,LIMIT,20,CONVICTION,2026-08-26_1727,2026-08-24
NVDA,SHORT,CONVICTION,88.3,BEAR_REJECTION_PENDING,219.21,226.14,198.44,190.84,14,3.0,208.47999572753906,215.58999633789062,207.25,135187300.0,-2.99,NO_FILL,0.0,HOSTILE,LIMIT,11,VACUUM,2026-08-26_1727,2026-08-24
ROAD,SHORT,CONVICTION,88.0,BEAR_REJECTION_PENDING,114.41,117.38,105.39,98.93,33,3.04,108.48999786376953,112.16999816894531,108.3499984741211,654300.0,-3.28,NO_FILL,0.0,HOSTILE,LIMIT,20,COMPRESSION,2026-08-26_1727,2026-08-24
AKAM,SHORT,CONVICTION,88.0,BEAR_REJECTION_PENDING,110.86,113.56,104.29,104.29,37,2.43,105.66000366210938,110.0,105.19999694824219,2759300.0,-4.38,NO_FILL,0.0,HOSTILE,LIMIT,20,COMPRESSION,2026-08-26_1727,2026-08-24
DPZ,SHORT,CONVICTION,88.0,BEAR_REJECTION_PENDING,342.96,346.02,332.97,334.51,32,3.26,349.010009765625,349.2900085449219,337.7300109863281,707300.0,3.26,STOPPED,-1.0,HOSTILE,LIMIT,20,COMPRESSION,2026-08-26_1727,2026-08-24
RBA,SHORT,CONVICTION,88.0,BEAR_REJECTION_PENDING,88.76,90.1,80.99,84.77,74,5.82,84.06999969482422,87.5,83.63999938964844,2292300.0,-3.39,NO_FILL,0.0,HOSTILE,LIMIT,20,COMPRESSION,2026-08-26_1727,2026-08-24
MDB,SHORT,CONVICTION,87.9,BEAR_REJECTION_PENDING,433.92,440.62,382.46,413.7,14,7.68,402.69000244140625,425.3290100097656,401.0,1453200.0,-6.55,NO_FILL,0.0,HOSTILE,LIMIT,19,CONVICTION,2026-08-26_1727,2026-08-24
RYAN,SHORT,CONVICTION,87.6,BEAR_REJECTION_PENDING,43.78,44.69,40.14,41.22,109,3.99,44.34000015258789,44.59000015258789,43.14500045776367,1453600.0,2.45,CLOSED_LOSS,-0.62,HOSTILE,LIMIT,20,COMPRESSION,2026-08-26_1727,2026-08-24
CRSP,SHORT,CONVICTION,87.6,BEAR_REJECTION_PENDING,60.65,62.27,55.0,50.99,61,3.49,57.07500076293945,58.9630012512207,56.619998931884766,1118600.0,-4.16,NO_FILL,0.0,HOSTILE,LIMIT,20,COMPRESSION,2026-08-26_1727,2026-08-24
SEZL,SHORT,CONVICTION,87.4,BEAR_REJECTION_PENDING,121.89,131.43,105.51,,10,1.72,117.93000030517578,120.66999816894531,117.23999786376953,310900.0,-1.31,NO_FILL,0.0,HOSTILE,LIMIT,20,CONVICTION,2026-08-26_1727,2026-08-24
WMS,SHORT,CONVICTION,87.3,BEAR_REJECTION_PENDING,143.94,147.14,138.86,125.1,31,1.59,140.4600067138672,145.3350067138672,140.05999755859375,503900.0,-2.28,CLOSED,1.09,HOSTILE,LIMIT,20,CONVICTION,2026-08-26_1727,2026-08-24
CCL,SHORT,CONVICTION,87.2,BEAR_REJECTION_PENDING,26.2,26.82,23.11,,160,4.96,25.709999084472656,26.420000076293945,25.549999237060547,20293600.0,-0.23,CLOSED,0.79,HOSTILE,LIMIT,20,COMPRESSION,2026-08-26_1727,2026-08-24
DOW,SHORT,CONVICTION,87.0,BEAR_REJECTION_PENDING,32.71,34.02,30.69,27.55,76,1.54,31.440000534057617,32.04999923706055,31.270000457763672,8242700.0,-2.51,NO_FILL,0.0,HOSTILE,LIMIT,12,CONVICTION,2026-08-26_1727,2026-08-24
POST,SHORT,CONVICTION,87.0,BEAR_REJECTION_PENDING,82.11,90.68,78.0,,11,0.48,82.37999725341797,83.45999908447266,80.69999694824219,777000.0,2.34,CLOSED_LOSS,-0.03,HOSTILE,LIMIT,20,CONVICTION,2026-08-26_1727,2026-08-24
NTR,SHORT,CONVICTION,87.0,BEAR_REJECTION_PENDING,78.12,83.26,68.41,65.22,19,1.89,74.29000091552734,76.11000061035156,73.48100280761719,2296300.0,-3.0,NO_FILL,0.0,HOSTILE,LIMIT,3,CONVICTION,2026-08-26_1727,2026-08-24
UAMY,SHORT,CONVICTION,86.6,BEAR_REJECTION_PENDING,5.44,6.61,5.17,,85,0.23,5.099999904632568,5.409999847412109,4.940000057220459,7574600.0,-5.95,NO_FILL,0.0,HOSTILE,LIMIT,5,CONVICTION,2026-08-26_1727,2026-08-24
WMG,SHORT,CONVICTION,86.6,BEAR_REJECTION_PENDING,27.67,29.25,24.5,24.12,63,2.01,27.760000228881836,27.899999618530273,27.054000854492188,1066200.0,2.32,CLOSED_LOSS,-0.06,HOSTILE,LIMIT,18,COMPRESSION,2026-08-26_1727,2026-08-24
BWIN,SHORT,CONVICTION,86.4,BEAR_REJECTION_PENDING,32.54,36.55,30.91,,24,0.41,31.299999237060547,32.59000015258789,31.15999984741211,885900.0,-1.88,CLOSED,0.31,HOSTILE,LIMIT,12,CONVICTION,2026-08-26_1727,2026-08-24
MIRM,SHORT,CONVICTION,86.4,BEAR_REJECTION_PENDING,97.0,98.54,82.01,90.4,64,9.73,96.72000122070312,97.8499984741211,95.48999786376953,367600.0,0.43,CLOSED,0.18,HOSTILE,LIMIT,20,COMPRESSION,2026-08-26_1727,2026-08-24
TKO,SHORT,CONVICTION,86.4,BEAR_REJECTION_PENDING,195.78,198.14,178.32,164.21,42,7.41,193.4199981689453,196.19000244140625,192.74000549316406,2041300.0,0.69,CLOSED,1.0,HOSTILE,LIMIT,20,CONVICTION,2026-08-26_1727,2026-08-24
MTRN,SHORT,CONVICTION,86.3,BEAR_REJECTION_PENDING,236.6,247.95,199.67,199.67,8,3.25,229.83999633789062,232.85000610351562,225.8699951171875,216900.0,-0.91,NO_FILL,0.0,HOSTILE,LIMIT,20,CONVICTION,2026-08-26_1727,2026-08-24
APPF,SHORT,CONVICTION,86.3,BEAR_REJECTION_PENDING,228.75,231.52,218.0,194.28,36,3.88,225.10000610351562,228.5800018310547,221.08999633789062,416000.0,0.31,NO_FILL,0.0,HOSTILE,LIMIT,5,CONVICTION,2026-08-26_1727,2026-08-24
AG,SHORT,CONVICTION,86.2,BEAR_REJECTION_PENDING,21.36,22.77,18.4,18.1,70,2.09,20.829999923706055,21.520000457763672,20.520000457763672,9118700.0,-1.37,CLOSED,0.38,HOSTILE,LIMIT,20,CONVICTION,2026-08-26_1727,2026-08-24
AA,SHORT,CONVICTION,86.2,BEAR_REJECTION_PENDING,53.28,58.64,44.74,,18,1.6,49.38999938964844,52.099998474121094,48.744998931884766,5907900.0,-5.46,NO_FILL,0.0,HOSTILE,LIMIT,20,COMPRESSION,2026-08-26_1727,2026-08-24
CHTR,SHORT,CONVICTION,86.0,BEAR_REJECTION_PENDING,153.0,160.43,133.58,133.58,13,2.61,150.3000030517578,153.77000427246094,146.5800018310547,3633400.0,0.2,CLOSED,0.36,HOSTILE,LIMIT,16,VACUUM,2026-08-26_1727,2026-08-24
BKNG,SHORT,CONVICTION,85.9,BEAR_REJECTION_PENDING,210.83,213.12,198.22,189.47,43,5.51,213.36000061035156,215.0500030517578,210.7899932861328,4911300.0,2.14,STOPPED,-1.0,HOSTILE,LIMIT,20,CONVICTION,2026-08-26_1727,2026-08-24
CG,SHORT,CONVICTION,85.9,BEAR_REJECTION_PENDING,50.86,52.27,46.63,43.15,70,3.0,49.13999938964844,49.529998779296875,48.599998474121094,3189400.0,-1.6,NO_FILL,0.0,HOSTILE,LIMIT,20,VACUUM,2026-08-26_1727,2026-08-24
BDX,SHORT,CONVICTION,85.8,BEAR_REJECTION_PENDING,195.14,208.43,167.75,165.16,7,2.06,190.74000549316406,193.07000732421875,190.35000610351562,1311000.0,-0.66,NO_FILL,0.0,HOSTILE,LIMIT,3,CONVICTION,2026-08-26_1727,2026-08-24
GDX,SHORT,CONVICTION,85.8,BEAR_REJECTION_PENDING,104.2,106.41,90.94,94.03,45,6.0,103.54000091552734,104.66000366210938,101.52999877929688,22815300.0,0.2,CLOSED,0.3,HOSTILE,LIMIT,4,CONVICTION,2026-08-26_1727,2026-08-24
GEHC,SHORT,CONVICTION,85.7,BEAR_REJECTION_PENDING,75.72,77.5,69.61,69.32,56,3.44,74.19000244140625,75.23999786376953,73.9800033569336,2500700.0,-0.14,NO_FILL,0.0,HOSTILE,LIMIT,20,COMPRESSION,2026-08-26_1727,2026-08-24
HONA,SHORT,CONVICTION,85.7,BEAR_REJECTION_PENDING,168.5,172.69,161.0,,23,1.79,161.1999969482422,166.85000610351562,160.88999938964844,3110500.0,-2.42,NO_FILL,0.0,HOSTILE,LIMIT,20,MINOR,2026-08-26_1727,2026-08-24
DKS,SHORT,CONVICTION,85.4,BEAR_REJECTION_PENDING,185.52,187.6,177.55,169.44,48,3.84,179.3300018310547,185.6300048828125,175.64999389648438,3935700.0,-2.06,TARGET_HIT,1.5,HOSTILE,LIMIT,20,CONVICTION,2026-08-26_1727,2026-08-24
PAAS,SHORT,CONVICTION,85.3,BEAR_REJECTION_PENDING,54.02,55.48,49.42,47.29,68,3.16,53.630001068115234,53.709999084472656,52.31999969482422,6166200.0,1.27,NO_FILL,0.0,HOSTILE,LIMIT,20,CONVICTION,2026-08-26_1727,2026-08-24
ORKA,SHORT,CONVICTION,85.2,BEAR_REJECTION_PENDING,107.72,110.24,96.02,100.16,39,4.65,102.41999816894531,107.2300033569336,100.63999938964844,992200.0,-4.12,NO_FILL,0.0,HOSTILE,LIMIT,15,CONVICTION,2026-08-26_1727,2026-08-24
BR,SHORT,CONVICTION,85.2,BEAR_REJECTION_PENDING,185.82,197.16,157.64,157.34,8,2.49,185.4499969482422,186.91000366210938,183.0,1409900.0,1.79,CLOSED,0.03,HOSTILE,LIMIT,8,CONVICTION,2026-08-26_1727,2026-08-24
KTB,SHORT,CONVICTION,85.2,BEAR_REJECTION_PENDING,83.53,85.25,71.77,78.65,57,6.82,83.2300033569336,83.72000122070312,81.73999786376953,585700.0,1.49,CLOSED,0.17,HOSTILE,LIMIT,20,CONVICTION,2026-08-26_1727,2026-08-24
WMT,SHORT,CONVICTION,85.0,BEAR_REJECTION_PENDING,105.88,114.87,100.58,,11,0.59,106.48999786376953,106.5999984741211,104.0,35616300.0,2.59,CLOSED_LOSS,-0.07,HOSTILE,LIMIT,20,CONVICTION,2026-08-26_1727,2026-08-24
DDS,SHORT,CONVICTION,85.0,BEAR_REJECTION_PENDING,623.07,639.2,538.72,538.72,6,5.23,642.6300048828125,651.9600219726562,629.0,178000.0,3.48,STOPPED,-1.0,HOSTILE,LIMIT,20,CONVICTION,2026-08-26_1727,2026-08-24
IBIT,SHORT,CONVICTION,85.0,BEAR_REJECTION_PENDING,43.74,45.04,40.73,39.13,76,2.31,44.63999938964844,45.314998626708984,44.08000183105469,96271900.0,2.29,STOPPED,-1.0,HOSTILE,LIMIT,17,CONVICTION,2026-08-26_1727,2026-08-24
NBIS,SHORT,CONVICTION,84.5,BEAR_REJECTION_PENDING,216.79,249.67,205.95,,3,0.33,210.91000366210938,213.75,201.89100646972656,16882300.0,-0.77,NO_FILL,0.0,HOSTILE,LIMIT,20,CONVICTION,2026-08-26_1727,2026-08-24
BRUN,SHORT,CONVICTION,84.3,BEAR_REJECTION_PENDING,19.69,22.74,18.7,,32,0.32,18.0,19.200000762939453,17.110000610351562,2955200.0,-6.74,NO_FILL,0.0,HOSTILE,LIMIT,7,COMPRESSION,2026-08-26_1727,2026-08-24
XE,SHORT,CONVICTION,84.2,BEAR_REJECTION_PENDING,19.38,20.56,17.59,16.7,84,1.52,18.110000610351562,18.979999542236328,17.520000457763672,3669600.0,-4.68,NO_FILL,0.0,HOSTILE,LIMIT,19,COMPRESSION,2026-08-26_1727,2026-08-24
INTU,SHORT,CONVICTION,84.1,BEAR_REJECTION_PENDING,374.85,386.24,324.35,348.01,8,4.43,369.9200134277344,372.9800109863281,365.010009765625,3138900.0,0.66,NO_FILL,0.0,HOSTILE,LIMIT,7,COMPRESSION,2026-08-26_1727,2026-08-24
FUL,SHORT,CONVICTION,84.1,BEAR_REJECTION_PENDING,59.67,62.14,54.43,51.17,40,2.12,57.9900016784668,59.45000076293945,57.77000045776367,546600.0,-1.21,NO_FILL,0.0,HOSTILE,LIMIT,20,MINOR,2026-08-26_1727,2026-08-24
MCHP,SHORT,CONVICTION,84.0,BEAR_REJECTION_PENDING,74.88,76.86,65.97,65.97,50,4.5,74.20999908447266,75.2300033569336,72.7699966430664,11782200.0,-0.36,CLOSED,0.34,HOSTILE,LIMIT,20,CONVICTION,2026-08-26_1727,2026-08-24
NVDU,SHORT,CONVICTION,84.0,BEAR_REJECTION_PENDING,133.67,135.79,129.54,113.95,47,1.95,124.77999877929688,133.0800018310547,123.5,405500.0,-6.19,NO_FILL,0.0,HOSTILE,LIMIT,20,VACUUM,2026-08-26_1727,2026-08-24
LPX,SHORT,CONVICTION,84.0,BEAR_REJECTION_PENDING,74.84,76.37,71.15,67.26,65,2.41,72.62000274658203,74.5199966430664,71.69000244140625,634000.0,-1.2,NO_FILL,0.0,HOSTILE,LIMIT,20,MINOR,2026-08-26_1727,2026-08-24
BITB,SHORT,CONVICTION,83.7,BEAR_REJECTION_PENDING,41.79,43.09,39.04,38.36,76,2.11,42.7400016784668,43.40999984741211,42.2400016784668,2496700.0,2.49,STOPPED,-1.0,HOSTILE,LIMIT,20,CONVICTION,2026-08-26_1727,2026-08-24
SHAZ,SHORT,CONVICTION,83.6,BEAR_REJECTION_PENDING,58.89,67.42,55.95,,11,0.35,58.380001068115234,60.22999954223633,55.84000015258789,1157300.0,1.11,TARGET_HIT,1.5,HOSTILE,LIMIT,6,CONVICTION,2026-08-26_1727,2026-08-24
QCOM,SHORT,CONVICTION,83.5,BEAR_REJECTION_PENDING,161.4,170.62,136.41,,10,2.71,158.52999877929688,160.24000549316406,156.22999572753906,10514800.0,0.18,NO_FILL,0.0,HOSTILE,LIMIT,20,CONVICTION,2026-08-26_1727,2026-08-24
RMD,SHORT,CONVICTION,83.4,BEAR_REJECTION_PENDING,229.75,232.68,197.29,197.29,34,11.09,232.4499969482422,233.22999572753906,228.8699951171875,1113400.0,1.18,STOPPED,-1.0,HOSTILE,LIMIT,20,CONVICTION,2026-08-26_1727,2026-08-24
BLDR,SHORT,CONVICTION,83.2,BEAR_REJECTION_PENDING,71.01,72.89,68.0,66.6,53,1.6,70.22000122070312,72.72000122070312,70.19000244140625,2075100.0,0.07,CLOSED,0.42,HOSTILE,LIMIT,20,COMPRESSION,2026-08-26_1727,2026-08-24
HCC,SHORT,CONVICTION,83.1,BEAR_REJECTION_PENDING,106.77,111.55,96.92,96.0,20,2.06,106.5999984741211,111.19999694824219,105.18499755859375,728800.0,-0.12,CLOSED,0.04,HOSTILE,LIMIT,11,VACUUM,2026-08-26_1727,2026-08-24
PCOR,SHORT,CONVICTION,82.8,BEAR_REJECTION_PENDING,64.76,68.59,56.46,54.75,26,2.17,62.09000015258789,63.68000030517578,61.849998474121094,4730900.0,-2.21,NO_FILL,0.0,HOSTILE,LIMIT,7,CONVICTION,2026-08-26_1727,2026-08-24
BOOT,SHORT,CONVICTION,82.7,BEAR_REJECTION_PENDING,165.89,168.34,153.78,153.78,40,4.95,161.80999755859375,168.83999633789062,160.75,727400.0,-2.27,STOPPED,-1.0,HOSTILE,LIMIT,20,CONVICTION,2026-08-26_1727,2026-08-24
UBER,SHORT,CONVICTION,82.5,BEAR_REJECTION_PENDING,80.19,85.06,71.23,68.32,20,1.84,79.29000091552734,79.5199966430664,77.9000015258789,12105700.0,0.85,NO_FILL,0.0,HOSTILE,LIMIT,13,CONVICTION,2026-08-26_1727,2026-08-24
CBRL,SHORT,CONVICTION,82.5,BEAR_REJECTION_PENDING,58.52,59.66,54.09,52.73,87,3.9,58.02000045776367,58.099998474121094,56.52000045776367,870100.0,1.08,NO_FILL,0.0,HOSTILE,LIMIT,20,COMPRESSION,2026-08-26_1727,2026-08-24
ADM,SHORT,CONVICTION,82.2,BEAR_REJECTION_PENDING,81.91,86.35,69.51,71.58,22,2.79,78.16000366210938,80.33000183105469,77.38999938964844,3496100.0,-2.67,NO_FILL,0.0,HOSTILE,LIMIT,20,COMPRESSION,2026-08-26_1727,2026-08-24
BXC,SHORT,CONVICTION,82.0,BEAR_REJECTION_PENDING,85.43,87.07,74.19,74.19,61,6.87,83.0199966430664,85.8499984741211,82.11000061035156,134900.0,-1.87,CLOSED,1.47,HOSTILE,LIMIT,19,COMPRESSION,2026-08-26_1727,2026-08-24
PL,SHORT,CONVICTION,82.0,BEAR_REJECTION_PENDING,22.46,24.5,18.81,,48,1.79,21.56999969482422,22.05500030517578,21.299999237060547,4167300.0,-2.04,NO_FILL,0.0,HOSTILE,LIMIT,20,VACUUM,2026-08-26_1727,2026-08-24
SNDU,SHORT,CONVICTION,82.0,BEAR_REJECTION_PENDING,21.31,23.3,20.24,,50,0.54,20.229999542236328,20.979999542236328,18.049999237060547,8593000.0,-5.02,NO_FILL,0.0,HOSTILE,LIMIT,17,VACUUM,2026-08-26_1727,2026-08-24
PODD,SHORT,CONVICTION,82.0,BEAR_REJECTION_PENDING,151.12,154.27,144.84,131.21,31,2.0,145.4199981689453,151.75,145.14999389648438,1568500.0,-1.85,CLOSED,1.5,HOSTILE,LIMIT,20,CONVICTION,2026-08-26_1727,2026-08-24
ALNY,SHORT,CONVICTION,82.0,BEAR_REJECTION_PENDING,240.61,243.83,226.27,208.03,31,4.46,236.00999450683594,237.91000366210938,228.58999633789062,2134900.0,-0.29,NO_FILL,0.0,HOSTILE,LIMIT,15,VACUUM,2026-08-26_1727,2026-08-24
APO,SHORT,CONVICTION,81.9,BEAR_REJECTION_PENDING,135.34,141.53,123.0,120.65,16,2.0,132.7899932861328,133.8699951171875,131.7100067138672,1400900.0,0.08,NO_FILL,0.0,HOSTILE,LIMIT,20,CONVICTION,2026-08-26_1727,2026-08-24
AMR,SHORT,CONVICTION,81.9,BEAR_REJECTION_PENDING,212.88,223.51,183.12,182.75,9,2.8,209.92999267578125,218.94000244140625,207.02000427246094,464200.0,-0.04,CLOSED,0.28,HOSTILE,LIMIT,6,CONVICTION,2026-08-26_1727,2026-08-24
META,SHORT,CONVICTION,81.7,BEAR_REJECTION_PENDING,557.48,571.81,520.27,491.87,6,2.6,559.02001953125,561.4199829101562,546.2999877929688,12990600.0,1.55,CLOSED_LOSS,-0.11,HOSTILE,LIMIT,20,COMPRESSION,2026-08-26_1727,2026-08-24
LAC,SHORT,CONVICTION,81.6,BEAR_REJECTION_PENDING,3.21,3.26,2.89,3.06,1921,6.15,3.109999895095825,3.1549999713897705,3.0450000762939453,7839900.0,-1.27,NO_FILL,0.0,HOSTILE,LIMIT,15,COMPRESSION,2026-08-26_1727,2026-08-24
OLLI,SHORT,CONVICTION,81.4,BEAR_REJECTION_PENDING,77.59,79.23,74.5,73.16,60,1.88,76.3499984741211,76.90499877929688,75.80999755859375,856800.0,0.37,NO_FILL,0.0,HOSTILE,LIMIT,20,MINOR,2026-08-26_1727,2026-08-24
PYPL,SHORT,CONVICTION,81.2,BEAR_REJECTION_PENDING,62.78,65.66,58.13,54.84,34,1.62,61.68000030517578,62.18000030517578,61.470001220703125,8571900.0,0.21,NO_FILL,0.0,HOSTILE,LIMIT,20,CONVICTION,2026-08-26_1727,2026-08-24
RZLV,SHORT,CONVICTION,81.2,BEAR_REJECTION_PENDING,2.51,2.62,2.3,2.21,884,1.86,2.430000066757202,2.4700000286102295,2.4100000858306885,7064800.0,-2.02,NO_FILL,0.0,HOSTILE,LIMIT,20,COMPRESSION,2026-08-26_1727,2026-08-24
ECHO,SHORT,CONVICTION,81.2,BEAR_REJECTION_PENDING,87.61,88.75,84.55,,88,2.69,85.31999969482422,87.19000244140625,84.70999908447266,2335100.0,-1.36,NO_FILL,0.0,HOSTILE,LIMIT,20,COMPRESSION,2026-08-26_1727,2026-08-24
FOUR,SHORT,CONVICTION,81.0,BEAR_REJECTION_PENDING,48.46,49.6,44.15,44.52,88,3.79,48.0,48.9900016784668,47.159000396728516,2368500.0,-0.93,CLOSED,0.4,HOSTILE,LIMIT,20,COMPRESSION,2026-08-26_1727,2026-08-24
XMTR,SHORT,CONVICTION,80.8,BEAR_REJECTION_PENDING,85.21,90.18,76.0,,20,1.85,84.58000183105469,86.2249984741211,82.52999877929688,753900.0,1.24,CLOSED,0.13,HOSTILE,LIMIT,20,CONVICTION,2026-08-26_1727,2026-08-24
SHOP,SHORT,CONVICTION,80.6,BEAR_REJECTION_PENDING,151.68,155.95,144.24,136.57,23,1.74,149.8000030517578,151.6300048828125,146.8000030517578,5560000.0,0.64,NO_FILL,0.0,HOSTILE,LIMIT,16,CONVICTION,2026-08-26_1727,2026-08-24
AAL,SHORT,CONVICTION,80.5,BEAR_REJECTION_PENDING,14.18,14.5,11.95,12.66,308,6.87,13.630000114440918,14.069999694824219,13.550000190734863,55810500.0,-1.94,NO_FILL,0.0,HOSTILE,LIMIT,20,COMPRESSION,2026-08-26_1727,2026-08-24
OSK,SHORT,CONVICTION,80.5,BEAR_REJECTION_PENDING,160.23,167.42,137.94,143.83,13,3.1,156.3300018310547,159.0,154.91000366210938,524300.0,-0.48,NO_FILL,0.0,HOSTILE,LIMIT,10,CONVICTION,2026-08-26_1727,2026-08-24
SMCIP,SHORT,CONVICTION,80.3,BEAR_REJECTION_PENDING,63.19,64.88,55.94,55.06,59,4.28,59.75,62.119998931884766,58.560001373291016,1250300.0,-5.08,NO_FILL,0.0,HOSTILE,LIMIT,20,CONVICTION,2026-08-26_1727,2026-08-24
YUM,SHORT,CONVICTION,80.1,BEAR_REJECTION_PENDING,156.05,165.23,138.73,,10,1.89,157.35000610351562,158.0500030517578,154.16000366210938,2277600.0,2.85,CLOSED_LOSS,-0.14,HOSTILE,LIMIT,4,VACUUM,2026-08-26_1727,2026-08-24
MSTZ,SHORT,CONVICTION,79.9,BEAR_REJECTION_PENDING,6.76,8.81,6.42,,48,0.16,6.090000152587891,6.454999923706055,5.5370001792907715,24390300.0,-8.14,NO_FILL,0.0,HOSTILE,LIMIT,9,CONVICTION,2026-08-26_1727,2026-08-24
DAVE,SHORT,CONVICTION,79.8,BEAR_REJECTION_PENDING,365.01,372.7,336.94,324.51,13,3.65,354.7900085449219,363.7300109863281,348.5,320100.0,-1.45,NO_FILL,0.0,HOSTILE,LIMIT,17,CONVICTION,2026-08-26_1727,2026-08-24
PNR,SHORT,CONVICTION,79.6,BEAR_REJECTION_PENDING,65.48,66.44,63.83,63.18,104,1.72,63.310001373291016,64.70999908447266,63.15999984741211,2032600.0,-2.0,NO_FILL,0.0,HOSTILE,LIMIT,20,COMPRESSION,2026-08-26_1727,2026-08-24
WHR,SHORT,CONVICTION,79.5,BEAR_REJECTION_PENDING,41.0,41.7,38.49,38.49,143,3.6,40.130001068115234,40.79999923706055,39.41999816894531,1661000.0,-0.17,NO_FILL,0.0,HOSTILE,LIMIT,19,COMPRESSION,2026-08-26_1727,2026-08-24
ARCB,SHORT,CONVICTION,79.4,BEAR_REJECTION_PENDING,140.47,142.71,125.15,124.57,44,6.84,134.4499969482422,141.55999755859375,131.17999267578125,366400.0,-4.2,CLOSED,1.5,HOSTILE,LIMIT,20,COMPRESSION,2026-08-26_1727,2026-08-24
AUR,SHORT,CONVICTION,79.0,BEAR_REJECTION_PENDING,6.35,6.96,6.04,,163,0.52,5.690000057220459,6.210000038146973,5.619999885559082,40006100.0,-8.67,NO_FILL,0.0,HOSTILE,LIMIT,12,COMPRESSION,2026-08-26_1727,2026-08-24
ZETA,SHORT,CONVICTION,79.0,BEAR_REJECTION_PENDING,29.89,36.92,28.39,,14,0.21,28.469999313354492,29.190000534057617,28.395000457763672,3136500.0,-2.83,NO_FILL,0.0,HOSTILE,LIMIT,3,CONVICTION,2026-08-26_1727,2026-08-24
ELV,SHORT,CONVICTION,79.0,BEAR_REJECTION_PENDING,408.56,486.42,388.13,,1,0.26,402.6300048828125,406.989990234375,398.32000732421875,805500.0,0.52,NO_FILL,0.0,HOSTILE,LIMIT,6,CONVICTION,2026-08-26_1727,2026-08-24
TFX,SHORT,CONVICTION,79.0,BEAR_REJECTION_PENDING,141.61,177.27,134.53,,2,0.2,138.30999755859375,140.27999877929688,137.7100067138672,645100.0,-0.37,NO_FILL,0.0,HOSTILE,LIMIT,3,CONVICTION,2026-08-26_1727,2026-08-24
TPG,SHORT,CONVICTION,78.9,BEAR_REJECTION_PENDING,52.67,54.74,47.0,44.96,48,2.74,52.84000015258789,53.314998626708984,51.59000015258789,2649800.0,0.84,CLOSED_LOSS,-0.08,HOSTILE,LIMIT,20,COMPRESSION,2026-08-26_1727,2026-08-24
GBTC,SHORT,CONVICTION,78.8,BEAR_REJECTION_PENDING,59.72,61.56,55.67,55.31,54,2.21,60.959999084472656,61.90999984741211,60.2400016784668,3641200.0,2.42,STOPPED,-1.0,HOSTILE,LIMIT,20,CONVICTION,2026-08-26_1727,2026-08-24
AYA,SHORT,CONVICTION,78.7,BEAR_REJECTION_PENDING,27.03,28.18,24.25,23.5,86,2.42,26.579999923706055,27.100000381469727,25.969999313354492,943100.0,0.3,CLOSED,0.39,HOSTILE,LIMIT,18,COMPRESSION,2026-08-26_1727,2026-08-24
ASPN,SHORT,CONVICTION,78.6,BEAR_REJECTION_PENDING,5.38,5.58,4.78,4.78,521,3.15,5.010000228881836,5.150000095367432,4.960000038146973,740800.0,-5.08,NO_FILL,0.0,HOSTILE,LIMIT,20,COMPRESSION,2026-08-26_1727,2026-08-24
PLGO,SHORT,CONVICTION,78.6,BEAR_REJECTION_PENDING,24.52,25.16,20.77,22.15,157,5.91,24.020000457763672,24.600000381469727,23.940000534057617,379000.0,-0.08,CLOSED,0.78,HOSTILE,LIMIT,20,COMPRESSION,2026-08-26_1727,2026-08-24
RDDT,SHORT,CONVICTION,78.5,BEAR_REJECTION_PENDING,155.75,159.46,142.98,141.21,26,3.44,152.6999969482422,154.39999389648438,149.1999969482422,3524500.0,-0.0,NO_FILL,0.0,HOSTILE,LIMIT,20,CONVICTION,2026-08-26_1727,2026-08-24
MIAX,SHORT,CONVICTION,78.5,BEAR_REJECTION_PENDING,43.45,44.45,38.24,37.72,100,5.22,44.029998779296875,44.04999923706055,42.4370002746582,826800.0,3.36,CLOSED_LOSS,-0.58,HOSTILE,LIMIT,18,COMPRESSION,2026-08-26_1727,2026-08-24
CNXC,SHORT,CONVICTION,78.5,BEAR_REJECTION_PENDING,25.91,32.23,24.61,,15,0.2,26.030000686645508,26.920000076293945,25.270000457763672,1051500.0,2.48,CLOSED_LOSS,-0.02,HOSTILE,LIMIT,14,COMPRESSION,2026-08-26_1727,2026-08-24
AMTM,SHORT,CONVICTION,78.5,BEAR_REJECTION_PENDING,21.92,22.31,20.78,20.69,253,2.89,20.059999465942383,21.652999877929688,19.992000579833984,2601000.0,-6.65,NO_FILL,0.0,HOSTILE,LIMIT,20,CONVICTION,2026-08-26_1727,2026-08-24
PSN,SHORT,CONVICTION,78.4,BEAR_REJECTION_PENDING,49.97,58.63,47.47,,11,0.29,48.810001373291016,49.89400100708008,48.2400016784668,1252000.0,-0.37,NO_FILL,0.0,HOSTILE,LIMIT,6,MINOR,2026-08-26_1727,2026-08-24
FIS,SHORT,CONVICTION,78.3,BEAR_REJECTION_PENDING,42.23,43.13,39.03,39.24,110,3.52,41.400001525878906,42.20000076293945,41.27000045776367,4969100.0,0.0,NO_FILL,0.0,HOSTILE,LIMIT,20,MINOR,2026-08-26_1727,2026-08-24
CALM,SHORT,CONVICTION,78.2,BEAR_REJECTION_PENDING,84.46,87.5,71.76,70.43,32,4.18,84.5999984741211,87.69000244140625,82.98999786376953,1140900.0,2.17,STOPPED,-1.0,HOSTILE,LIMIT,20,COMPRESSION,2026-08-26_1727,2026-08-24
BOIL,SHORT,CONVICTION,78.2,BEAR_REJECTION_PENDING,19.69,20.83,18.7,,87,0.86,19.559999465942383,19.989999771118164,19.3799991607666,3541400.0,1.35,CLOSED,0.11,HOSTILE,LIMIT,20,COMPRESSION,2026-08-26_1727,2026-08-24
TSEM,SHORT,CONVICTION,78.0,BEAR_REJECTION_PENDING,220.0,226.26,203.07,205.62,15,2.71,211.10000610351562,219.50999450683594,209.39999389648438,1906000.0,-3.32,NO_FILL,0.0,HOSTILE,LIMIT,20,CONVICTION,2026-08-26_1727,2026-08-24
GNRC,SHORT,CONVICTION,78.0,BEAR_REJECTION_PENDING,208.0,213.43,183.6,175.88,18,4.49,203.55999755859375,204.5,199.0,890700.0,-0.95,NO_FILL,0.0,HOSTILE,LIMIT,20,CONVICTION,2026-08-26_1727,2026-08-24
HLI,SHORT,CONVICTION,78.0,BEAR_REJECTION_PENDING,131.63,139.78,118.92,,12,1.56,128.9499969482422,131.36000061035156,128.2100067138672,503300.0,-0.08,NO_FILL,0.0,HOSTILE,LIMIT,20,CONVICTION,2026-08-26_1727,2026-08-24
YSS,SHORT,CONVICTION,78.0,BEAR_REJECTION_PENDING,9.58,10.4,9.1,,122,0.59,9.760000228881836,9.829999923706055,9.109999656677246,3257000.0,3.94,CLOSED_LOSS,-0.22,HOSTILE,LIMIT,18,COMPRESSION,2026-08-26_1727,2026-08-24
FNV,SHORT,CONVICTION,78.0,BEAR_REJECTION_PENDING,272.24,286.07,242.8,238.53,7,2.13,270.1300048828125,270.19000244140625,264.8800048828125,649600.0,1.21,NO_FILL,0.0,HOSTILE,LIMIT,1,VACUUM,2026-08-26_1727,2026-08-24
AAPL,SHORT,CONVICTION,77.9,BEAR_REJECTION_PENDING,316.31,339.88,278.86,,4,1.59,310.3399963378906,313.3599853515625,309.9700012207031,34673600.0,0.07,NO_FILL,0.0,HOSTILE,LIMIT,20,CONVICTION,2026-08-26_1727,2026-08-24
SPCH,SHORT,CONVICTION,77.8,BEAR_REJECTION_PENDING,8.44,9.01,7.57,,173,1.51,8.319999694824219,8.729999542236328,8.079999923706055,21467200.0,0.6,CLOSED,0.21,HOSTILE,LIMIT,7,COMPRESSION,2026-08-26_1727,2026-08-24
BMRN,SHORT,CONVICTION,77.8,BEAR_REJECTION_PENDING,67.74,69.4,64.22,60.43,60,2.12,65.06999969482422,67.18000030517578,64.70999908447266,2264400.0,-2.02,NO_FILL,0.0,HOSTILE,LIMIT,20,COMPRESSION,2026-08-26_1727,2026-08-24
LTH,SHORT,CONVICTION,77.8,BEAR_REJECTION_PENDING,45.2,47.03,42.33,39.86,54,1.56,45.72999954223633,46.17499923706055,45.369998931884766,2587300.0,1.37,CLOSED_LOSS,-0.29,HOSTILE,LIMIT,17,VACUUM,2026-08-26_1727,2026-08-24
WK,SHORT,CONVICTION,77.8,BEAR_REJECTION_PENDING,73.52,75.2,61.43,68.57,59,7.19,74.87999725341797,75.7300033569336,74.16500091552734,678000.0,3.88,STOPPED,-1.0,HOSTILE,LIMIT,20,CONVICTION,2026-08-26_1727,2026-08-24
SPAX,SHORT,CONVICTION,77.7,BEAR_REJECTION_PENDING,8.55,9.17,7.26,,161,2.08,8.430000305175781,8.84000015258789,8.1899995803833,1893700.0,0.6,CLOSED,0.19,HOSTILE,LIMIT,19,COMPRESSION,2026-08-26_1727,2026-08-24
TTWO,SHORT,CONVICTION,77.6,BEAR_REJECTION_PENDING,242.3,245.03,217.0,213.01,36,9.28,233.5,242.3699951171875,232.7100067138672,2712900.0,-3.15,CLOSED,1.5,HOSTILE,LIMIT,20,CONVICTION,2026-08-26_1727,2026-08-24
KYMR,SHORT,CONVICTION,77.5,BEAR_REJECTION_PENDING,122.19,128.44,110.22,106.03,15,1.91,121.05000305175781,121.55999755859375,116.45999908447266,466900.0,1.05,NO_FILL,0.0,HOSTILE,LIMIT,20,MINOR,2026-08-26_1727,2026-08-24
ZSL,SHORT,CONVICTION,77.5,BEAR_REJECTION_PENDING,22.28,24.03,19.4,,57,1.64,21.739999771118164,22.09000015258789,21.200000762939453,3241300.0,-0.46,NO_FILL,0.0,HOSTILE,LIMIT,20,COMPRESSION,2026-08-26_1727,2026-08-24
AVAV,SHORT,CONVICTION,77.4,BEAR_REJECTION_PENDING,164.02,169.13,151.22,151.22,19,2.51,148.1999969482422,159.61000061035156,148.13999938964844,1232900.0,-7.84,NO_FILL,0.0,HOSTILE,LIMIT,20,CONVICTION,2026-08-26_1727,2026-08-24
P,SHORT,CONVICTION,77.2,BEAR_REJECTION_PENDING,110.16,113.31,93.74,93.74,31,5.21,100.44000244140625,107.91899871826172,100.18000030517578,3605800.0,-7.0,NO_FILL,0.0,HOSTILE,LIMIT,18,VACUUM,2026-08-26_1727,2026-08-24
JBLU,SHORT,CONVICTION,77.2,BEAR_REJECTION_PENDING,5.0,5.27,4.58,,372,1.54,4.949999809265137,4.96999979019165,4.829999923706055,17326300.0,1.02,NO_FILL,0.0,HOSTILE,LIMIT,20,COMPRESSION,2026-08-26_1727,2026-08-24
BLSH,SHORT,CONVICTION,77.2,BEAR_REJECTION_PENDING,30.97,32.28,28.44,27.25,76,1.92,30.610000610351562,31.450000762939453,29.899999618530273,1654300.0,0.82,CLOSED,0.27,HOSTILE,LIMIT,19,CONVICTION,2026-08-26_1727,2026-08-24
GLWG,SHORT,CONVICTION,77.2,BEAR_REJECTION_PENDING,12.57,13.33,10.6,,132,2.6,12.529999732971191,12.670000076293945,11.859999656677246,539900.0,1.29,CLOSED,0.05,HOSTILE,LIMIT,20,MINOR,2026-08-26_1727,2026-08-24
HUBS,SHORT,CONVICTION,77.1,BEAR_REJECTION_PENDING,244.8,258.65,207.05,213.54,7,2.72,244.1699981689453,244.99000549316406,237.72500610351562,806500.0,1.74,CLOSED,0.05,HOSTILE,LIMIT,9,COMPRESSION,2026-08-26_1727,2026-08-24
SKHY,SHORT,CONVICTION,76.9,BEAR_REJECTION_PENDING,158.94,164.48,139.22,136.51,18,3.56,155.3699951171875,157.5500030517578,151.5,16711100.0,-1.88,NO_FILL,0.0,HOSTILE,LIMIT,20,CONVICTION,2026-08-26_1727,2026-08-24
AEIS,SHORT,CONVICTION,76.9,BEAR_REJECTION_PENDING,291.72,303.19,247.26,265.79,8,3.88,274.6700134277344,281.2099914550781,269.4800109863281,884900.0,-3.96,NO_FILL,0.0,HOSTILE,LIMIT,20,VACUUM,2026-08-26_1727,2026-08-24
STUB,SHORT,CONVICTION,76.7,BEAR_REJECTION_PENDING,6.9,8.23,6.55,,74,0.26,6.670000076293945,6.815000057220459,6.619999885559082,4775000.0,-1.33,NO_FILL,0.0,HOSTILE,LIMIT,20,COMPRESSION,2026-08-26_1727,2026-08-24
CNC,SHORT,CONVICTION,76.6,BEAR_REJECTION_PENDING,65.84,68.94,56.45,55.2,32,3.03,65.6500015258789,66.0999984741211,64.5199966430664,3490900.0,1.7,CLOSED,0.06,HOSTILE,LIMIT,20,VACUUM,2026-08-26_1727,2026-08-24
NTNX,SHORT,CONVICTION,76.6,BEAR_REJECTION_PENDING,69.07,72.76,60.09,58.01,27,2.43,66.68000030517578,68.87999725341797,66.5999984741211,2964200.0,-1.53,NO_FILL,0.0,HOSTILE,LIMIT,3,COMPRESSION,2026-08-26_1727,2026-08-24
SKHZ,SHORT,CONVICTION,76.6,BEAR_REJECTION_PENDING,11.79,13.34,11.2,,64,0.38,11.779999732971191,12.050000190734863,11.640000343322754,1409800.0,1.9,CLOSED,0.01,HOSTILE,LIMIT,20,COMPRESSION,2026-08-26_1727,2026-08-24
ACHR,SHORT,CONVICTION,76.5,BEAR_REJECTION_PENDING,6.36,6.65,5.36,5.5,346,3.49,6.070000171661377,6.320000171661377,6.0,32544700.0,-2.72,NO_FILL,0.0,HOSTILE,LIMIT,20,COMPRESSION,2026-08-26_1727,2026-08-24
SNDK,SHORT,CONVICTION,76.5,BEAR_REJECTION_PENDING,1529.05,1601.17,1344.29,1299.0,1,2.56,1493.1199951171875,1517.0,1416.56005859375,14032400.0,-2.28,NO_FILL,0.0,HOSTILE,LIMIT,20,CONVICTION,2026-08-26_1727,2026-08-24
PGR,SHORT,CONVICTION,76.5,BEAR_REJECTION_PENDING,224.86,228.13,218.8,198.28,30,1.85,223.9199981689453,224.72999572753906,220.07000732421875,1842500.0,1.57,NO_FILL,0.0,HOSTILE,LIMIT,20,CONVICTION,2026-08-26_1727,2026-08-24
PTCT,SHORT,CONVICTION,76.4,BEAR_REJECTION_PENDING,71.4,74.04,60.89,63.19,37,3.98,71.05999755859375,71.44999694824219,68.0199966430664,897700.0,1.51,CLOSED,0.13,HOSTILE,LIMIT,20,COMPRESSION,2026-08-26_1727,2026-08-24
VSXY,SHORT,CONVICTION,76.4,BEAR_REJECTION_PENDING,86.89,88.18,83.12,78.54,77,2.92,87.12000274658203,89.2699966430664,86.01000213623047,969200.0,0.8,STOPPED,-1.0,HOSTILE,LIMIT,20,CONVICTION,2026-08-26_1727,2026-08-24
SEPN,SHORT,CONVICTION,76.3,BEAR_REJECTION_PENDING,40.8,44.15,35.55,,29,1.57,40.52000045776367,40.900001525878906,38.959999084472656,520500.0,1.3,CLOSED,0.08,HOSTILE,LIMIT,20,MINOR,2026-08-26_1727,2026-08-24
HRI,SHORT,CONVICTION,76.3,BEAR_REJECTION_PENDING,162.52,164.76,152.39,145.08,44,4.52,158.0,163.0500030517578,157.85000610351562,305300.0,-2.41,CLOSED,1.5,HOSTILE,LIMIT,20,CONVICTION,2026-08-26_1727,2026-08-24
BAX,SHORT,CONVICTION,76.3,BEAR_REJECTION_PENDING,26.47,26.86,22.68,23.85,254,9.63,26.489999771118164,26.610000610351562,26.06999969482422,4426600.0,0.68,CLOSED_LOSS,-0.05,HOSTILE,LIMIT,20,COMPRESSION,2026-08-26_1727,2026-08-24
KD,SHORT,CONVICTION,76.3,BEAR_REJECTION_PENDING,12.79,13.32,11.91,10.69,190,1.68,12.75,13.305000305175781,12.595000267028809,4007900.0,1.67,CLOSED,0.08,HOSTILE,LIMIT,20,COMPRESSION,2026-08-26_1727,2026-08-24
RDNT,SHORT,CONVICTION,76.2,BEAR_REJECTION_PENDING,76.96,79.09,73.03,68.62,46,1.84,74.69000244140625,77.5,74.01000213623047,549200.0,-2.77,CLOSED,1.07,HOSTILE,LIMIT,8,COMPRESSION,2026-08-26_1727,2026-08-24
ICLR,SHORT,CONVICTION,76.1,BEAR_REJECTION_PENDING,172.25,174.33,158.65,147.79,48,6.53,173.47999572753906,174.44000244140625,168.3800048828125,420700.0,0.73,STOPPED,-1.0,HOSTILE,LIMIT,20,CONVICTION,2026-08-26_1727,2026-08-24
ALHC,SHORT,CONVICTION,76.1,BEAR_REJECTION_PENDING,13.59,14.03,12.1,,225,3.35,13.430000305175781,13.789999961853027,13.15999984741211,3448000.0,0.83,CLOSED,0.36,HOSTILE,LIMIT,20,COMPRESSION,2026-08-26_1727,2026-08-24
HUBG,SHORT,CONVICTION,76.1,BEAR_REJECTION_PENDING,41.54,43.97,35.76,35.38,41,2.39,40.209999084472656,40.970001220703125,39.41999816894531,801000.0,-1.28,NO_FILL,0.0,HOSTILE,LIMIT,18,CONVICTION,2026-08-26_1727,2026-08-24
ARX,SHORT,CONVICTION,76.0,BEAR_REJECTION_PENDING,19.81,20.18,17.57,16.78,269,6.05,19.65999984741211,19.68000030517578,19.604999542236328,2793700.0,0.56,NO_FILL,0.0,HOSTILE,LIMIT,13,MINOR,2026-08-26_1727,2026-08-24
OLED,SHORT,CONVICTION,76.0,BEAR_REJECTION_PENDING,86.36,87.43,80.42,80.9,93,5.53,84.70999908447266,85.55999755859375,83.97000122070312,612600.0,-1.5,NO_FILL,0.0,HOSTILE,LIMIT,20,COMPRESSION,2026-08-26_1727,2026-08-24
BAM,SHORT,CONVICTION,75.9,BEAR_REJECTION_PENDING,52.51,53.67,48.85,48.85,86,3.16,52.310001373291016,52.630001068115234,51.77000045776367,1305000.0,0.23,CLOSED,0.17,HOSTILE,LIMIT,20,COMPRESSION,2026-08-26_1727,2026-08-24
PGNY,SHORT,CONVICTION,75.5,BEAR_REJECTION_PENDING,26.0,26.41,25.08,24.46,243,2.24,25.450000762939453,25.895000457763672,25.34000015258789,815300.0,-0.78,NO_FILL,0.0,HOSTILE,LIMIT,20,COMPRESSION,2026-08-26_1727,2026-08-24
METU,SHORT,CONVICTION,75.4,BEAR_REJECTION_PENDING,18.77,19.78,17.83,,98,0.93,18.920000076293945,19.06999969482422,18.06999969482422,4674200.0,2.83,CLOSED_LOSS,-0.15,HOSTILE,LIMIT,20,COMPRESSION,2026-08-26_1727,2026-08-24
GPUS,SHORT,CONVICTION,75.3,BEAR_REJECTION_PENDING,0.1,0.11,0.09,,5526,0.26,nan,nan,nan,nan,nan,NO_FILL,0.0,HOSTILE,LIMIT,2,MINOR,2026-08-26_1727,2026-08-24
SKUU,SHORT,CONVICTION,75.3,BEAR_REJECTION_PENDING,22.33,23.39,20.36,19.0,94,1.86,20.989999771118164,21.649999618530273,19.920000076293945,2897200.0,-4.11,NO_FILL,0.0,HOSTILE,LIMIT,20,CONVICTION,2026-08-26_1727,2026-08-24
TENB,SHORT,CONVICTION,75.1,BEAR_REJECTION_PENDING,34.88,35.62,30.5,29.57,135,5.95,33.939998626708984,35.0,33.25,1364600.0,-0.76,CLOSED,1.27,HOSTILE,LIMIT,20,COMPRESSION,2026-08-26_1727,2026-08-24
GO,SHORT,CONVICTION,75.0,BEAR_REJECTION_PENDING,12.08,14.24,11.47,,46,0.28,12.039999961853027,12.0600004196167,11.619999885559082,2207200.0,1.69,NO_FILL,0.0,HOSTILE,LIMIT,5,COMPRESSION,2026-08-26_1727,2026-08-24
GTM,SHORT,CONVICTION,75.0,BEAR_REJECTION_PENDING,4.01,4.09,3.41,3.78,1182,7.09,3.9000000953674316,4.0,3.8450000286102295,3400300.0,-2.09,NO_FILL,0.0,HOSTILE,LIMIT,20,COMPRESSION,2026-08-26_1727,2026-08-24
OKLL,SHORT,CONVICTION,75.0,BEAR_REJECTION_PENDING,2.7,3.01,2.57,,320,0.43,2.440000057220459,2.615000009536743,2.380000114440918,7364600.0,-7.92,NO_FILL,0.0,HOSTILE,LIMIT,12,COMPRESSION,2026-08-26_1727,2026-08-24
RRR,SHORT,CONVICTION,74.8,BEAR_REJECTION_PENDING,61.6,62.83,58.2,57.54,81,2.76,60.779998779296875,61.869998931884766,60.689998626708984,377800.0,-0.51,CLOSED,0.67,HOSTILE,LIMIT,20,MINOR,2026-08-26_1727,2026-08-24
CRM,SHORT,CONVICTION,74.7,BEAR_REJECTION_PENDING,214.3,229.1,188.99,178.8,6,1.71,209.05999755859375,213.1699981689453,207.38999938964844,9580200.0,-0.5,NO_FILL,0.0,HOSTILE,LIMIT,13,CONVICTION,2026-08-26_1727,2026-08-24
WDAY,SHORT,CONVICTION,74.3,BEAR_REJECTION_PENDING,203.96,210.52,177.44,174.3,15,4.04,199.14999389648438,202.75999450683594,198.47999572753906,3107400.0,-0.41,NO_FILL,0.0,HOSTILE,LIMIT,19,MINOR,2026-08-26_1727,2026-08-24
BXSL,SHORT,CONVICTION,74.3,BEAR_REJECTION_PENDING,24.86,25.25,23.16,23.2,259,4.41,24.989999771118164,25.03499984741211,24.600000381469727,1508500.0,1.38,CLOSED_LOSS,-0.33,HOSTILE,LIMIT,20,COMPRESSION,2026-08-26_1727,2026-08-24
LULU,SHORT,CONVICTION,74.1,BEAR_REJECTION_PENDING,123.74,126.13,117.59,110.9,41,2.57,122.77999877929688,123.48999786376953,120.30999755859375,2743400.0,1.21,NO_FILL,0.0,HOSTILE,LIMIT,20,CONVICTION,2026-08-26_1727,2026-08-24
GSHD,SHORT,CONVICTION,74.0,BEAR_REJECTION_PENDING,73.97,85.13,70.27,,8,0.33,73.0,74.41999816894531,72.43000030517578,334100.0,0.66,CLOSED,0.09,HOSTILE,LIMIT,3,CONVICTION,2026-08-26_1727,2026-08-24
GOOG,SHORT,CONVICTION,74.0,BEAR_REJECTION_PENDING,340.34,343.86,324.74,294.7,28,4.43,344.5899963378906,348.0799865722656,339.6199951171875,16450600.0,1.31,STOPPED,-1.0,HOSTILE,LIMIT,20,CONVICTION,2026-08-26_1727,2026-08-24
FCEL,SHORT,CONVICTION,74.0,BEAR_REJECTION_PENDING,18.99,19.7,17.04,16.67,140,2.75,18.75,18.8799991607666,17.440000534057617,7421200.0,-0.58,NO_FILL,0.0,HOSTILE,LIMIT,10,COMPRESSION,2026-08-26_1727,2026-08-24
CBRS,SHORT,CONVICTION,74.0,BEAR_REJECTION_PENDING,191.98,198.67,176.94,174.77,14,2.25,185.42999267578125,192.5,184.13999938964844,5749300.0,-3.17,CLOSED,0.98,HOSTILE,LIMIT,20,COMPRESSION,2026-08-26_1727,2026-08-24
ASH,SHORT,CONVICTION,74.0,BEAR_REJECTION_PENDING,74.11,75.96,67.0,65.89,54,3.86,73.70999908447266,74.01000213623047,72.66999816894531,492900.0,1.45,NO_FILL,0.0,HOSTILE,LIMIT,20,COMPRESSION,2026-08-26_1727,2026-08-24
ANF,SHORT,CONVICTION,74.0,BEAR_REJECTION_PENDING,108.54,110.62,102.51,96.0,47,2.89,112.36000061035156,113.41999816894531,109.83000183105469,1291100.0,5.59,STOPPED,-1.0,HOSTILE,LIMIT,20,COMPRESSION,2026-08-26_1727,2026-08-24
DPC,SHORT,CONVICTION,74.0,BEAR_REJECTION_PENDING,45.77,47.05,43.5,42.84,78,1.77,42.83000183105469,45.849998474121094,42.79999923706055,1177700.0,-5.76,TARGET_HIT,1.5,HOSTILE,LIMIT,20,CONVICTION,2026-08-26_1727,2026-08-24
FLUT,SHORT,CONVICTION,74.0,BEAR_REJECTION_PENDING,104.01,105.67,99.57,100.0,60,2.68,102.58000183105469,104.45999908447266,101.80000305175781,1120400.0,0.08,CLOSED,0.86,HOSTILE,LIMIT,20,CONVICTION,2026-08-26_1727,2026-08-24
PTGX,SHORT,CONVICTION,74.0,BEAR_REJECTION_PENDING,154.94,156.78,149.31,149.31,54,3.06,154.72000122070312,158.0800018310547,149.94000244140625,483300.0,0.26,STOPPED,-1.0,HOSTILE,LIMIT,19,MINOR,2026-08-26_1727,2026-08-24
SEI,SHORT,CONVICTION,74.0,BEAR_REJECTION_PENDING,53.28,54.77,46.11,45.75,67,4.8,53.529998779296875,54.5,50.560001373291016,2432500.0,1.08,CLOSED_LOSS,-0.17,HOSTILE,LIMIT,20,COMPRESSION,2026-08-26_1727,2026-08-24
GPI,SHORT,CONVICTION,74.0,BEAR_REJECTION_PENDING,263.27,266.2,252.83,252.83,34,3.57,259.3800048828125,266.1000061035156,258.510009765625,103100.0,-0.94,CLOSED,1.33,HOSTILE,LIMIT,20,MINOR,2026-08-26_1727,2026-08-24
ETHU,SHORT,CONVICTION,73.9,BEAR_REJECTION_PENDING,26.27,27.7,22.94,22.29,69,2.33,26.600000381469727,27.899999618530273,26.23200035095215,14657900.0,1.8,STOPPED,-1.0,HOSTILE,LIMIT,15,CONVICTION,2026-08-26_1727,2026-08-24
GDDY,SHORT,CONVICTION,73.5,BEAR_REJECTION_PENDING,97.39,98.68,92.25,84.1,77,3.98,100.5199966430664,100.94999694824219,97.11000061035156,1318500.0,3.58,STOPPED,-1.0,HOSTILE,LIMIT,20,COMPRESSION,2026-08-26_1727,2026-08-24
CVLT,SHORT,CONVICTION,73.4,BEAR_REJECTION_PENDING,135.01,136.69,126.14,119.7,59,5.28,131.1300048828125,132.77000427246094,129.89999389648438,427000.0,-2.4,NO_FILL,0.0,HOSTILE,LIMIT,20,CONVICTION,2026-08-26_1727,2026-08-24
DFSC,SHORT,CONVICTION,73.4,BEAR_REJECTION_PENDING,1.64,1.78,1.56,,736,0.6,1.600000023841858,1.659999966621399,1.5,175100.0,-0.62,TARGET_HIT,1.5,HOSTILE,LIMIT,13,MINOR,2026-08-26_1727,2026-08-24
AU,SHORT,CONVICTION,73.4,BEAR_REJECTION_PENDING,119.99,122.16,103.48,103.8,46,7.62,120.47000122070312,121.7699966430664,118.31999969482422,4450900.0,0.52,CLOSED_LOSS,-0.22,HOSTILE,LIMIT,11,VACUUM,2026-08-26_1727,2026-08-24
ORCL,SHORT,CONVICTION,73.2,BEAR_REJECTION_PENDING,148.45,151.27,131.92,131.92,35,5.86,142.4499969482422,145.1199951171875,141.25,14158600.0,-2.74,NO_FILL,0.0,HOSTILE,LIMIT,20,CONVICTION,2026-08-26_1727,2026-08-24
SQM,SHORT,CONVICTION,73.1,BEAR_REJECTION_PENDING,83.61,92.08,70.78,,11,1.51,82.33000183105469,83.87000274658203,81.58000183105469,1260500.0,0.44,CLOSED,0.15,HOSTILE,LIMIT,11,CONVICTION,2026-08-26_1727,2026-08-24
FUTU,SHORT,CONVICTION,73.1,BEAR_REJECTION_PENDING,123.73,132.36,106.5,104.29,11,2.0,115.80999755859375,121.07499694824219,115.0999984741211,1958200.0,-4.53,NO_FILL,0.0,HOSTILE,LIMIT,20,COMPRESSION,2026-08-26_1727,2026-08-24
LYFT,SHORT,CONVICTION,73.0,BEAR_REJECTION_PENDING,17.87,18.42,16.02,16.02,181,3.36,17.68000030517578,17.8700008392334,17.350000381469727,9504700.0,0.91,CLOSED,0.35,HOSTILE,LIMIT,5,COMPRESSION,2026-08-26_1727,2026-08-24
VOYG,SHORT,CONVICTION,73.0,BEAR_REJECTION_PENDING,38.41,39.95,33.49,34.86,64,3.2,35.5,37.880001068115234,35.459999084472656,1056500.0,-6.4,NO_FILL,0.0,HOSTILE,LIMIT,20,COMPRESSION,2026-08-26_1727,2026-08-24
PI,SHORT,CONVICTION,72.9,BEAR_REJECTION_PENDING,166.66,169.0,147.49,151.0,42,8.2,161.00999450683594,164.11000061035156,157.02999877929688,233200.0,-2.74,NO_FILL,0.0,HOSTILE,LIMIT,20,CONVICTION,2026-08-26_1727,2026-08-24
RHI,SHORT,CONVICTION,72.8,BEAR_REJECTION_PENDING,45.71,47.56,38.53,40.91,54,3.88,45.119998931884766,46.70000076293945,45.02000045776367,3348900.0,0.69,CLOSED,0.32,HOSTILE,LIMIT,8,COMPRESSION,2026-08-26_1727,2026-08-24
STLA,SHORT,CONVICTION,72.7,BEAR_REJECTION_PENDING,5.38,5.57,5.11,,506,1.36,5.21999979019165,5.300000190734863,5.139999866485596,25920300.0,-0.95,NO_FILL,0.0,HOSTILE,LIMIT,20,COMPRESSION,2026-08-26_1727,2026-08-24
MORN,SHORT,CONVICTION,72.7,BEAR_REJECTION_PENDING,216.14,219.4,208.73,184.98,30,2.27,217.5,221.1999969482422,215.7100067138672,262800.0,0.71,STOPPED,-1.0,HOSTILE,LIMIT,12,COMPRESSION,2026-08-26_1727,2026-08-24
RPD,SHORT,CONVICTION,72.6,BEAR_REJECTION_PENDING,12.1,12.43,10.67,10.38,305,4.37,12.1899995803833,12.260000228881836,11.734000205993652,1420100.0,1.67,CLOSED_LOSS,-0.27,HOSTILE,LIMIT,20,COMPRESSION,2026-08-26_1727,2026-08-24
MELI,SHORT,CONVICTION,72.5,BEAR_REJECTION_PENDING,1941.45,1963.9,1685.96,1757.9,4,11.38,1947.9000244140625,1990.989990234375,1918.0,459800.0,0.85,STOPPED,-1.0,HOSTILE,LIMIT,14,CONVICTION,2026-08-26_1727,2026-08-24
EFX,SHORT,CONVICTION,72.4,BEAR_REJECTION_PENDING,195.62,199.99,183.56,179.27,22,2.75,194.6300048828125,196.4499969482422,192.07000732421875,1254400.0,1.49,CLOSED,0.23,HOSTILE,LIMIT,20,CONVICTION,2026-08-26_1727,2026-08-24
LMND,SHORT,CONVICTION,72.4,BEAR_REJECTION_PENDING,53.96,57.15,49.0,,31,1.55,53.849998474121094,54.11000061035156,52.52000045776367,1001700.0,1.8,CLOSED,0.03,HOSTILE,LIMIT,13,MINOR,2026-08-26_1727,2026-08-24
MRNX,SHORT,CONVICTION,72.3,BEAR_REJECTION_PENDING,86.21,91.87,74.09,72.62,17,2.14,79.94999694824219,87.30000305175781,69.5,708200.0,-5.41,TARGET_HIT,1.5,HOSTILE,LIMIT,7,COMPRESSION,2026-08-26_1727,2026-08-24
EQX,SHORT,CONVICTION,72.2,BEAR_REJECTION_PENDING,13.75,14.4,11.73,12.13,153,3.1,13.760000228881836,13.90999984741211,13.404999732971191,16849500.0,0.73,CLOSED_LOSS,-0.02,HOSTILE,LIMIT,9,COMPRESSION,2026-08-26_1727,2026-08-24
ULCC,SHORT,CONVICTION,72.2,BEAR_REJECTION_PENDING,6.08,6.29,5.14,5.14,480,4.51,5.789999961853027,6.059999942779541,5.699999809265137,3379300.0,-2.85,NO_FILL,0.0,HOSTILE,LIMIT,20,COMPRESSION,2026-08-26_1727,2026-08-24
TME,SHORT,CONVICTION,72.2,BEAR_REJECTION_PENDING,8.72,9.53,8.28,,123,0.54,8.65999984741211,8.800000190734863,8.609999656677246,10446400.0,-0.46,CLOSED,0.07,HOSTILE,LIMIT,20,COMPRESSION,2026-08-26_1727,2026-08-24
MU,SHORT,CONVICTION,72.0,BEAR_REJECTION_PENDING,935.04,968.02,868.52,797.4,3,2.02,910.4299926757812,936.4500122070312,887.6099853515625,30012600.0,-2.63,CLOSED,0.75,HOSTILE,LIMIT,20,VACUUM,2026-08-26_1727,2026-08-24
AEHR,SHORT,CONVICTION,72.0,BEAR_REJECTION_PENDING,97.01,101.96,84.0,,20,2.63,96.43000030517578,98.29000091552734,92.12000274658203,1804300.0,-0.08,CLOSED,0.12,HOSTILE,LIMIT,15,VACUUM,2026-08-26_1727,2026-08-24
DELL,SHORT,CONVICTION,72.0,BEAR_REJECTION_PENDING,435.45,444.38,418.0,402.54,11,1.95,433.19000244140625,451.57000732421875,424.0,4337900.0,-0.26,STOPPED,-1.0,HOSTILE,LIMIT,19,MINOR,2026-08-26_1727,2026-08-24
TER,SHORT,CONVICTION,72.0,BEAR_REJECTION_PENDING,369.4,377.52,317.0,322.34,12,6.45,364.8999938964844,367.82000732421875,349.010009765625,2661800.0,-0.28,NO_FILL,0.0,HOSTILE,LIMIT,20,CONVICTION,2026-08-26_1727,2026-08-24
JPM,SHORT,CONVICTION,72.0,BEAR_REJECTION_PENDING,355.76,359.94,338.34,341.8,23,4.16,356.3900146484375,358.2799987792969,352.82000732421875,4394400.0,1.25,CLOSED_LOSS,-0.15,HOSTILE,LIMIT,20,MINOR,2026-08-26_1727,2026-08-24
TSCO,SHORT,CONVICTION,72.0,CHANNEL_GAP_BREAKDOWN_SHORT,34.87,34.94,33.4,31.45,1461,21.53,35.91999816894531,36.11000061035156,34.720001220703125,9425200.0,3.02,STOPPED,-1.0,HOSTILE,LIMIT,20,COMPRESSION,2026-08-26_1727,2026-08-24
XOP,SHORT,CONVICTION,72.0,BEAR_REJECTION_PENDING,188.79,191.74,181.39,161.65,33,2.51,186.24000549316406,189.41000366210938,184.30999755859375,2954500.0,-1.23,CLOSED,0.86,HOSTILE,LIMIT,7,COMPRESSION,2026-08-26_1727,2026-08-24
SIMO,SHORT,CONVICTION,72.0,BEAR_REJECTION_PENDING,258.78,268.33,230.59,225.1,10,2.95,243.17999267578125,257.5,238.5399932861328,844500.0,-4.15,NO_FILL,0.0,HOSTILE,LIMIT,20,CONVICTION,2026-08-26_1727,2026-08-24
ACMR,SHORT,CONVICTION,72.0,BEAR_REJECTION_PENDING,80.25,82.89,72.84,67.91,37,2.8,77.34500122070312,79.66999816894531,76.56999969482422,696400.0,-2.0,NO_FILL,0.0,HOSTILE,LIMIT,16,MINOR,2026-08-26_1727,2026-08-24
RVMD,SHORT,CONVICTION,72.0,BEAR_REJECTION_PENDING,211.01,215.86,200.82,194.05,20,2.1,211.5800018310547,211.9499969482422,205.38999938964844,1598000.0,0.99,CLOSED_LOSS,-0.12,HOSTILE,LIMIT,20,VACUUM,2026-08-26_1727,2026-08-24
MAN,SHORT,CONVICTION,72.0,BEAR_REJECTION_PENDING,62.73,63.79,53.41,56.67,94,8.81,61.38999938964844,62.959999084472656,60.869998931884766,674300.0,-0.18,CLOSED,1.26,HOSTILE,LIMIT,14,COMPRESSION,2026-08-26_1727,2026-08-24
AEM,SHORT,CONVICTION,72.0,BEAR_REJECTION_PENDING,217.99,221.75,188.0,196.66,26,7.97,217.88999938964844,220.3000030517578,213.33999633789062,3666200.0,0.06,CLOSED,0.03,HOSTILE,LIMIT,13,CONVICTION,2026-08-26_1727,2026-08-24
ARKB,SHORT,CONVICTION,72.0,BEAR_REJECTION_PENDING,25.62,26.38,23.84,22.87,131,2.34,26.1200008392334,26.530000686645508,25.809999465942383,2292200.0,2.2,STOPPED,-1.0,HOSTILE,LIMIT,20,COMPRESSION,2026-08-26_1727,2026-08-24
JNUG,SHORT,CONVICTION,72.0,BEAR_REJECTION_PENDING,209.0,213.17,178.92,183.2,23,7.22,211.5,216.91000366210938,203.6699981689453,343300.0,1.4,STOPPED,-1.0,HOSTILE,LIMIT,15,CONVICTION,2026-08-26_1727,2026-08-24
URNM,SHORT,CONVICTION,71.9,BEAR_REJECTION_PENDING,60.05,61.36,55.02,55.59,76,3.84,58.720001220703125,59.47999954223633,57.869998931884766,673400.0,-0.25,NO_FILL,0.0,HOSTILE,LIMIT,20,COMPRESSION,2026-08-26_1727,2026-08-24
APMD,SHORT,CONVICTION,71.7,BEAR_REJECTION_PENDING,27.59,28.66,24.51,24.24,93,2.87,25.6299991607666,27.829999923706055,25.329999923706055,244400.0,-7.07,CLOSED,1.5,HOSTILE,LIMIT,20,COMPRESSION,2026-08-26_1727,2026-08-24
SM,SHORT,CONVICTION,71.6,BEAR_REJECTION_PENDING,37.72,38.76,33.95,33.95,95,3.61,36.459999084472656,36.869998931884766,35.630001068115234,3193800.0,-1.41,NO_FILL,0.0,HOSTILE,LIMIT,5,COMPRESSION,2026-08-26_1727,2026-08-24
SLB,SHORT,CONVICTION,71.5,BEAR_REJECTION_PENDING,54.87,56.46,50.76,50.07,62,2.57,54.0,54.09000015258789,52.52000045776367,14376900.0,0.39,NO_FILL,0.0,HOSTILE,LIMIT,17,COMPRESSION,2026-08-26_1727,2026-08-24
KVYO,SHORT,CONVICTION,71.5,BEAR_REJECTION_PENDING,18.67,19.09,17.61,17.25,240,2.54,18.200000762939453,18.780000686645508,18.0049991607666,4206400.0,-0.98,CLOSED,1.12,HOSTILE,LIMIT,5,MINOR,2026-08-26_1727,2026-08-24
AMDL,SHORT,CONVICTION,71.4,BEAR_REJECTION_PENDING,48.51,57.25,46.09,,11,0.28,46.04999923706055,48.31999969482422,44.91999816894531,1215600.0,-3.17,NO_FILL,0.0,HOSTILE,LIMIT,12,MINOR,2026-08-26_1727,2026-08-24
SGML,SHORT,CONVICTION,71.4,BEAR_REJECTION_PENDING,12.61,13.37,11.19,10.7,132,1.88,12.210000038146973,12.779999732971191,11.859999656677246,2693100.0,-1.61,CLOSED,0.53,HOSTILE,LIMIT,11,COMPRESSION,2026-08-26_1727,2026-08-24
NICE,SHORT,CONVICTION,71.3,BEAR_REJECTION_PENDING,100.79,102.77,97.76,90.69,50,1.53,100.25,101.61000061035156,99.83000183105469,258100.0,0.01,CLOSED,0.27,HOSTILE,LIMIT,20,CONVICTION,2026-08-26_1727,2026-08-24
EQPT,SHORT,CONVICTION,71.2,BEAR_REJECTION_PENDING,18.88,19.78,17.42,16.16,111,1.63,18.760000228881836,18.770000457763672,18.165000915527344,1217300.0,1.35,NO_FILL,0.0,HOSTILE,LIMIT,20,COMPRESSION,2026-08-26_1727,2026-08-24
MDT,SHORT,CONVICTION,71.0,BEAR_REJECTION_PENDING,94.75,96.08,86.81,83.51,75,5.98,92.9000015258789,94.05000305175781,92.66000366210938,6010900.0,-0.63,NO_FILL,0.0,HOSTILE,LIMIT,10,CONVICTION,2026-08-26_1727,2026-08-24
MDLN,SHORT,CONVICTION,71.0,BEAR_REJECTION_PENDING,34.65,35.24,33.69,32.93,169,1.63,34.70000076293945,35.04999923706055,34.18000030517578,5826200.0,1.31,CLOSED_LOSS,-0.08,HOSTILE,LIMIT,20,COMPRESSION,2026-08-26_1727,2026-08-24
ESNT,SHORT,CONVICTION,71.0,BEAR_REJECTION_PENDING,68.53,69.39,66.21,58.81,116,2.71,68.47000122070312,69.41000366210938,68.0199966430664,436700.0,0.59,STOPPED,-1.0,HOSTILE,LIMIT,20,COMPRESSION,2026-08-26_1727,2026-08-24
TTAN,SHORT,CONVICTION,70.8,BEAR_REJECTION_PENDING,96.29,97.75,85.8,89.72,68,7.18,95.63500213623047,95.86000061035156,93.69999694824219,587100.0,1.31,NO_FILL,0.0,HOSTILE,LIMIT,19,COMPRESSION,2026-08-26_1727,2026-08-24
LCID,SHORT,CONVICTION,70.7,BEAR_REJECTION_PENDING,5.66,5.82,5.2,5.2,629,2.9,5.090000152587891,5.505000114440918,5.079999923706055,11338100.0,-8.29,NO_FILL,0.0,HOSTILE,LIMIT,20,COMPRESSION,2026-08-26_1727,2026-08-24
BTC,SHORT,CONVICTION,70.7,BEAR_REJECTION_PENDING,34.05,34.82,31.81,32.25,129,2.9,34.84000015258789,35.375,34.42499923706055,3292100.0,2.43,STOPPED,-1.0,HOSTILE,LIMIT,20,CONVICTION,2026-08-26_1727,2026-08-24
FROG,SHORT,CONVICTION,70.6,BEAR_REJECTION_PENDING,94.03,95.71,89.52,88.04,59,2.69,90.13999938964844,91.36000061035156,88.43000030517578,1119900.0,-3.34,NO_FILL,0.0,HOSTILE,LIMIT,9,COMPRESSION,2026-08-26_1727,2026-08-24
NU,SHORT,CONVICTION,70.6,BEAR_REJECTION_PENDING,14.88,16.6,14.14,,58,0.43,14.760000228881836,15.050000190734863,14.34000015258789,42487700.0,1.17,CLOSED,0.07,HOSTILE,LIMIT,15,COMPRESSION,2026-08-26_1727,2026-08-24
SPAL,SHORT,CONVICTION,70.6,BEAR_REJECTION_PENDING,14.0,14.66,12.07,,151,2.93,14.050000190734863,14.75,13.65999984741211,579900.0,0.43,STOPPED,-1.0,HOSTILE,LIMIT,20,COMPRESSION,2026-08-26_1727,2026-08-24
XYZ,SHORT,CONVICTION,70.6,BEAR_REJECTION_PENDING,83.76,84.62,72.09,78.98,116,13.55,81.37999725341797,83.94999694824219,81.0,4068800.0,-0.96,CLOSED,1.5,HOSTILE,LIMIT,9,COMPRESSION,2026-08-26_1727,2026-08-24
FIX,SHORT,CONVICTION,70.6,BEAR_REJECTION_PENDING,1662.76,1696.55,1510.0,1531.51,2,4.52,1609.68994140625,1634.93994140625,1578.3399658203125,451100.0,-1.26,NO_FILL,0.0,HOSTILE,LIMIT,20,VACUUM,2026-08-26_1727,2026-08-24
GAP,SHORT,CONVICTION,70.4,BEAR_REJECTION_PENDING,20.24,20.67,19.19,19.17,229,2.4,20.360000610351562,20.510000228881836,19.780000686645508,5957800.0,2.62,CLOSED_LOSS,-0.28,HOSTILE,LIMIT,20,COMPRESSION,2026-08-26_1727,2026-08-24
PLNT,SHORT,CONVICTION,70.3,BEAR_REJECTION_PENDING,55.28,56.42,50.42,51.71,87,4.28,53.86000061035156,55.369998931884766,53.630001068115234,1544900.0,-0.63,CLOSED,1.25,HOSTILE,LIMIT,7,COMPRESSION,2026-08-26_1727,2026-08-24
RAPP,SHORT,CONVICTION,70.2,BEAR_REJECTION_PENDING,48.58,49.32,45.6,42.99,135,4.05,49.33000183105469,50.34000015258789,47.4370002746582,365400.0,2.26,STOPPED,-1.0,HOSTILE,LIMIT,7,MINOR,2026-08-26_1727,2026-08-24
SVM,SHORT,CONVICTION,70.2,BEAR_REJECTION_PENDING,12.93,13.24,12.03,11.45,330,2.99,12.649999618530273,12.835000038146973,12.295000076293945,2303100.0,-0.24,NO_FILL,0.0,HOSTILE,LIMIT,20,COMPRESSION,2026-08-26_1727,2026-08-24
RAM,SHORT,CONVICTION,70.1,BEAR_REJECTION_PENDING,12.31,13.17,10.53,,116,2.08,11.569999694824219,12.1899995803833,11.050000190734863,15424300.0,-5.55,NO_FILL,0.0,HOSTILE,LIMIT,20,CONVICTION,2026-08-26_1727,2026-08-24
ROIV,SHORT,CONVICTION,70.0,BEAR_REJECTION_PENDING,36.91,37.59,31.64,32.25,147,7.78,36.36000061035156,36.569000244140625,35.70500183105469,5117100.0,0.36,NO_FILL,0.0,HOSTILE,LIMIT,11,MINOR,2026-08-26_1727,2026-08-24
SPT,SHORT,CONVICTION,69.9,BEAR_REJECTION_PENDING,10.19,10.72,8.88,8.75,187,2.45,10.34000015258789,10.470000267028809,10.0,1481700.0,3.5,CLOSED_LOSS,-0.28,HOSTILE,LIMIT,12,COMPRESSION,2026-08-26_1727,2026-08-24
NCLH,SHORT,CONVICTION,69.8,BEAR_REJECTION_PENDING,17.62,18.27,16.73,,152,1.34,17.219999313354492,17.719999313354492,17.030000686645508,14641700.0,-0.29,CLOSED,0.62,HOSTILE,LIMIT,20,COMPRESSION,2026-08-26_1727,2026-08-24
QMCO,SHORT,CONVICTION,69.8,BEAR_REJECTION_PENDING,22.29,24.01,19.15,,58,1.82,21.559999465942383,21.90999984741211,20.479999542236328,924100.0,-1.33,NO_FILL,0.0,HOSTILE,LIMIT,20,COMPRESSION,2026-08-26_1727,2026-08-24
BCO,SHORT,CONVICTION,69.8,BEAR_REJECTION_PENDING,113.56,114.84,105.14,105.14,78,6.57,112.77999877929688,112.83999633789062,109.2300033569336,371100.0,1.21,NO_FILL,0.0,HOSTILE,LIMIT,20,MINOR,2026-08-26_1727,2026-08-24
CBOE,SHORT,CONVICTION,69.8,BEAR_REJECTION_PENDING,302.53,308.55,281.94,288.11,16,3.42,308.0899963378906,309.8299865722656,300.55999755859375,1327600.0,2.44,STOPPED,-1.0,HOSTILE,LIMIT,20,CONVICTION,2026-08-26_1727,2026-08-24
BJDX,SHORT,CONVICTION,69.7,BEAR_REJECTION_PENDING,0.93,0.97,0.88,,2413,1.12,0.8999999761581421,0.9300000071525574,0.8920000195503235,83100.0,-2.56,CLOSED,0.75,HOSTILE,LIMIT,20,COMPRESSION,2026-08-26_1727,2026-08-24
WDCX,SHORT,CONVICTION,69.7,BEAR_REJECTION_PENDING,17.5,18.55,15.77,,95,1.64,16.40999984741211,17.39900016784668,15.239999771118164,1430300.0,-5.05,NO_FILL,0.0,HOSTILE,LIMIT,20,CONVICTION,2026-08-26_1727,2026-08-24
DOMO,SHORT,CONVICTION,69.6,BEAR_REJECTION_PENDING,3.8,3.86,3.31,3.57,1706,8.37,3.759999990463257,3.815999984741211,3.734999895095825,506000.0,0.22,CLOSED,0.67,HOSTILE,LIMIT,20,MINOR,2026-08-26_1727,2026-08-24
FSK,SHORT,CONVICTION,69.4,BEAR_REJECTION_PENDING,12.06,12.19,11.64,10.62,765,3.21,12.050000190734863,12.114999771118164,11.880000114440918,1480200.0,0.5,CLOSED,0.08,HOSTILE,LIMIT,20,COMPRESSION,2026-08-26_1727,2026-08-24
AAUC,SHORT,CONVICTION,69.3,BEAR_REJECTION_PENDING,23.87,24.2,22.95,21.58,306,2.82,23.350000381469727,23.979999542236328,23.079999923706055,690200.0,-0.98,CLOSED,1.5,HOSTILE,LIMIT,16,MINOR,2026-08-26_1727,2026-08-24
ARE,SHORT,CONVICTION,69.3,BEAR_REJECTION_PENDING,54.85,57.93,50.23,46.0,32,1.5,54.040000915527344,54.709999084472656,53.06999969482422,2422900.0,0.48,NO_FILL,0.0,HOSTILE,LIMIT,10,MINOR,2026-08-26_1727,2026-08-24
IT,SHORT,CONVICTION,69.1,BEAR_REJECTION_PENDING,199.82,228.25,189.83,,3,0.35,202.77999877929688,203.02999877929688,194.67999267578125,1292100.0,3.51,CLOSED_LOSS,-0.1,HOSTILE,LIMIT,4,CONVICTION,2026-08-26_1727,2026-08-24
SABR,SHORT,CONVICTION,69.0,BEAR_REJECTION_PENDING,2.17,3.0,2.06,,120,0.13,2.259999990463257,2.259999990463257,2.0950000286102295,3310000.0,6.1,CLOSED_LOSS,-0.11,HOSTILE,LIMIT,13,COMPRESSION,2026-08-26_1727,2026-08-24
PESI,SHORT,CONVICTION,69.0,BEAR_REJECTION_PENDING,17.6,18.2,14.83,16.06,166,4.61,16.299999237060547,17.489999771118164,15.890000343322754,448100.0,-5.78,NO_FILL,0.0,HOSTILE,LIMIT,20,COMPRESSION,2026-08-26_1727,2026-08-24
TMHC,SHORT,CONVICTION,69.0,BEAR_REJECTION_PENDING,73.47,74.24,71.53,71.55,129,2.52,nan,nan,nan,nan,nan,NO_FILL,0.0,HOSTILE,LIMIT,2,MINOR,2026-08-26_1727,2026-08-24
SNK,SHORT,CONVICTION,69.0,BEAR_REJECTION_PENDING,19.6,21.49,16.67,,53,1.56,19.1200008392334,19.649999618530273,18.209999084472656,2807700.0,-0.52,CLOSED,0.25,HOSTILE,LIMIT,20,COMPRESSION,2026-08-26_1727,2026-08-24
SSPC,SHORT,CONVICTION,69.0,BEAR_REJECTION_PENDING,11.91,13.06,10.19,,87,1.5,11.640000343322754,11.949999809265137,11.079999923706055,12217100.0,-0.34,CLOSED,0.23,HOSTILE,LIMIT,20,COMPRESSION,2026-08-26_1727,2026-08-24
TTD,SHORT,CONVICTION,68.9,BEAR_REJECTION_PENDING,13.46,14.21,12.79,,133,0.9,13.270000457763672,13.420000076293945,13.149999618530273,14634900.0,0.53,NO_FILL,0.0,HOSTILE,LIMIT,20,CONVICTION,2026-08-26_1727,2026-08-24
ALGT,SHORT,CONVICTION,68.8,BEAR_REJECTION_PENDING,84.69,86.19,78.46,77.64,66,4.14,81.62999725341797,85.0199966430664,80.22000122070312,843800.0,-3.49,CLOSED,1.5,HOSTILE,LIMIT,20,CONVICTION,2026-08-26_1727,2026-08-24
IBKR,SHORT,CONVICTION,68.8,BEAR_REJECTION_PENDING,95.75,97.37,92.22,88.0,61,2.16,93.05000305175781,94.77999877929688,92.48999786376953,4300800.0,-0.87,NO_FILL,0.0,HOSTILE,LIMIT,6,MINOR,2026-08-26_1727,2026-08-24
AGL,SHORT,CONVICTION,68.6,BEAR_REJECTION_PENDING,97.45,100.42,90.29,88.81,33,2.41,93.79000091552734,97.64199829101562,91.77999877929688,216000.0,-2.89,CLOSED,1.23,HOSTILE,LIMIT,20,VACUUM,2026-08-26_1727,2026-08-24
UEC,SHORT,CONVICTION,68.6,BEAR_REJECTION_PENDING,12.92,13.37,11.54,11.91,223,3.09,12.510000228881836,12.880000114440918,12.289999961853027,9913800.0,-1.26,NO_FILL,0.0,HOSTILE,LIMIT,15,COMPRESSION,2026-08-26_1727,2026-08-24
REZI,SHORT,CONVICTION,68.5,BEAR_REJECTION_PENDING,20.68,21.77,19.03,,91,1.51,19.280000686645508,20.6299991607666,19.270000457763672,3381100.0,-4.88,NO_FILL,0.0,HOSTILE,LIMIT,18,CONVICTION,2026-08-26_1727,2026-08-24
NE,SHORT,CONVICTION,68.4,BEAR_REJECTION_PENDING,46.82,47.94,44.54,44.17,89,2.04,45.97999954223633,46.16999816894531,44.369998931884766,1719900.0,-0.63,NO_FILL,0.0,HOSTILE,LIMIT,20,CONVICTION,2026-08-26_1727,2026-08-24
ETHT,SHORT,CONVICTION,68.4,BEAR_REJECTION_PENDING,17.1,17.87,14.78,14.69,130,3.02,17.170000076293945,17.979999542236328,16.920000076293945,4372200.0,2.02,STOPPED,-1.0,HOSTILE,LIMIT,19,MINOR,2026-08-26_1727,2026-08-24
EROC,SHORT,CONVICTION,68.3,BEAR_REJECTION_PENDING,14.05,14.52,13.12,12.7,212,1.97,13.119999885559082,13.979999542236328,13.010000228881836,1479500.0,-6.15,NO_FILL,0.0,HOSTILE,LIMIT,20,MINOR,2026-08-26_1727,2026-08-24
CRS,SHORT,CONVICTION,68.3,BEAR_REJECTION_PENDING,499.4,506.53,444.34,444.34,14,7.73,477.1000061035156,489.6099853515625,471.07000732421875,761800.0,-3.51,NO_FILL,0.0,HOSTILE,LIMIT,20,CONVICTION,2026-08-26_1727,2026-08-24
KMX,SHORT,CONVICTION,68.3,BEAR_REJECTION_PENDING,63.45,67.27,54.38,54.38,26,2.38,62.79999923706055,63.150001525878906,61.349998474121094,2208800.0,0.95,NO_FILL,0.0,HOSTILE,LIMIT,11,COMPRESSION,2026-08-26_1727,2026-08-24
ELAN,SHORT,CONVICTION,68.2,BEAR_REJECTION_PENDING,24.73,26.35,22.04,,61,1.67,24.420000076293945,24.540000915527344,24.030000686645508,3952100.0,0.7,NO_FILL,0.0,HOSTILE,LIMIT,20,COMPRESSION,2026-08-26_1727,2026-08-24
BYND,SHORT,CONVICTION,68.1,BEAR_REJECTION_PENDING,15.1,16.09,13.46,12.63,100,1.64,14.149999618530273,15.020000457763672,14.050000190734863,1377000.0,-4.39,NO_FILL,0.0,HOSTILE,LIMIT,14,MINOR,2026-08-26_1727,2026-08-24
NESR,SHORT,CONVICTION,68.0,BEAR_REJECTION_PENDING,33.5,34.76,28.28,28.86,79,4.13,33.41999816894531,34.064998626708984,32.150001525878906,2865000.0,0.63,CLOSED,0.06,HOSTILE,LIMIT,20,MINOR,2026-08-26_1727,2026-08-24
PAY,SHORT,CONVICTION,68.0,BEAR_REJECTION_PENDING,40.15,41.61,34.3,34.3,68,4.02,39.939998626708984,40.599998474121094,39.77000045776367,965500.0,-0.15,CLOSED,0.14,HOSTILE,LIMIT,18,COMPRESSION,2026-08-26_1727,2026-08-24
VRNS,SHORT,CONVICTION,68.0,BEAR_REJECTION_PENDING,42.0,42.83,36.35,37.15,120,6.78,41.04999923706055,41.39500045776367,39.97999954223633,1078800.0,-0.44,NO_FILL,0.0,HOSTILE,LIMIT,20,COMPRESSION,2026-08-26_1727,2026-08-24
FRMI,SHORT,CONVICTION,68.0,BEAR_REJECTION_PENDING,5.9,6.05,5.3,,650,3.9,5.619999885559082,5.880000114440918,5.53000020980835,16030200.0,-4.58,NO_FILL,0.0,HOSTILE,LIMIT,14,COMPRESSION,2026-08-26_1727,2026-08-24
QXO,SHORT,CONVICTION,68.0,BEAR_REJECTION_PENDING,13.99,14.36,13.38,,276,1.71,13.40999984741211,13.829999923706055,13.350000381469727,13467000.0,-2.26,NO_FILL,0.0,HOSTILE,LIMIT,20,COMPRESSION,2026-08-26_1727,2026-08-24
JOBY,SHORT,CONVICTION,68.0,BEAR_REJECTION_PENDING,7.51,7.65,7.18,6.85,704,2.32,7.190000057220459,7.480000019073486,7.159999847412109,23635400.0,-3.75,NO_FILL,0.0,HOSTILE,LIMIT,20,COMPRESSION,2026-08-26_1727,2026-08-24
ALP,SHORT,CONVICTION,68.0,BEAR_REJECTION_PENDING,0.15,0.16,0.14,,14064,1.05,0.15299999713897705,0.16200000047683716,0.14800000190734863,3388400.0,2.82,STOPPED,-1.0,HOSTILE,LIMIT,8,COMPRESSION,2026-08-26_1727,2026-08-24
RR,SHORT,CONVICTION,68.0,BEAR_REJECTION_PENDING,1.7,1.73,1.62,1.54,3077,2.46,1.6200000047683716,1.690000057220459,1.600000023841858,4032300.0,-3.57,NO_FILL,0.0,HOSTILE,LIMIT,15,MINOR,2026-08-26_1727,2026-08-24
GRAB,SHORT,CONVICTION,68.0,BEAR_REJECTION_PENDING,3.48,3.52,3.24,3.2,2456,5.9,3.5199999809265137,3.5199999809265137,3.4149999618530273,31475000.0,1.73,CLOSED_LOSS,-1.0,HOSTILE,LIMIT,12,MINOR,2026-08-26_1727,2026-08-24
JNJ,SHORT,CONVICTION,68.0,BEAR_REJECTION_PENDING,272.52,274.95,267.67,248.27,41,2.0,273.0400085449219,273.9800109863281,268.57000732421875,5436100.0,0.75,CLOSED_LOSS,-0.21,HOSTILE,LIMIT,16,MINOR,2026-08-26_1727,2026-08-24
INIO,SHORT,CONVICTION,68.0,BEAR_REJECTION_PENDING,23.3,23.86,21.89,21.89,178,2.52,22.1299991607666,22.899999618530273,21.920000076293945,2020800.0,-4.03,NO_FILL,0.0,HOSTILE,LIMIT,20,COMPRESSION,2026-08-26_1727,2026-08-24
GMEX,SHORT,CONVICTION,68.0,BEAR_REJECTION_PENDING,1.12,1.16,1.07,,2512,1.41,1.0700000524520874,1.1100000143051147,1.0479999780654907,198200.0,-2.73,NO_FILL,0.0,HOSTILE,LIMIT,12,MINOR,2026-08-26_1727,2026-08-24
CDE,SHORT,CONVICTION,68.0,BEAR_REJECTION_PENDING,21.28,22.14,19.3,18.81,116,2.3,20.8799991607666,21.399999618530273,20.360000610351562,38992000.0,-0.95,CLOSED,0.47,HOSTILE,LIMIT,13,COMPRESSION,2026-08-26_1727,2026-08-24
APP,SHORT,CONVICTION,68.0,BEAR_REJECTION_PENDING,304.0,309.97,278.64,279.49,16,4.25,298.5899963378906,307.0,297.5,4579500.0,-1.71,CLOSED,0.91,HOSTILE,LIMIT,20,CONVICTION,2026-08-26_1727,2026-08-24
FLNC,SHORT,CONVICTION,68.0,BEAR_REJECTION_PENDING,11.27,11.56,9.51,9.51,347,6.12,10.859999656677246,11.204999923706055,10.805000305175781,6914400.0,-2.86,NO_FILL,0.0,HOSTILE,LIMIT,20,COMPRESSION,2026-08-26_1727,2026-08-24
GOSS,SHORT,CONVICTION,68.0,BEAR_REJECTION_PENDING,0.15,0.15,0.14,,20232,1.5,0.17499999701976776,0.18700000643730164,0.1459999978542328,47109800.0,19.7,STOPPED,-1.0,HOSTILE,LIMIT,8,MINOR,2026-08-26_1727,2026-08-24
TEAM,SHORT,CONVICTION,68.0,BEAR_REJECTION_PENDING,173.5,176.61,149.32,155.56,32,7.76,171.3300018310547,174.23399353027344,169.0399932861328,2582200.0,-0.08,CLOSED,0.7,HOSTILE,LIMIT,3,VACUUM,2026-08-26_1727,2026-08-24
VUZI,SHORT,CONVICTION,68.0,BEAR_REJECTION_PENDING,2.89,2.97,2.71,2.67,1315,2.3,2.7799999713897705,2.9000000953674316,2.759999990463257,787900.0,-3.5,CLOSED,1.38,HOSTILE,LIMIT,15,MINOR,2026-08-26_1727,2026-08-24
UPST,SHORT,CONVICTION,68.0,BEAR_REJECTION_PENDING,30.25,30.82,28.04,25.93,175,3.89,29.889999389648438,30.5,29.579999923706055,3353300.0,-0.73,CLOSED,0.63,HOSTILE,LIMIT,20,COMPRESSION,2026-08-26_1727,2026-08-24
WOLF,SHORT,CONVICTION,68.0,BEAR_REJECTION_PENDING,25.59,26.84,22.05,22.71,80,2.85,24.760000228881836,25.5,23.3700008392334,3527700.0,-1.32,NO_FILL,0.0,HOSTILE,LIMIT,11,VACUUM,2026-08-26_1727,2026-08-24
MRLN,SHORT,CONVICTION,68.0,BEAR_REJECTION_PENDING,3.3,3.41,3.14,,887,1.47,3.430000066757202,3.5199999809265137,3.180000066757202,1096700.0,3.94,STOPPED,-1.0,HOSTILE,LIMIT,20,COMPRESSION,2026-08-26_1727,2026-08-24
CAI,SHORT,CONVICTION,68.0,BEAR_REJECTION_PENDING,26.19,26.63,24.73,24.82,225,3.3,26.1299991607666,26.65999984741211,25.399999618530273,5802700.0,-0.0,STOPPED,-1.0,HOSTILE,LIMIT,20,MINOR,2026-08-26_1727,2026-08-24
FRVO,SHORT,CONVICTION,68.0,BEAR_REJECTION_PENDING,17.0,17.66,16.15,,152,1.3,15.470000267028809,17.149999618530273,15.3100004196167,4303700.0,-8.89,TARGET_HIT,1.5,HOSTILE,LIMIT,20,COMPRESSION,2026-08-26_1727,2026-08-24
HNGE,SHORT,CONVICTION,68.0,BEAR_REJECTION_PENDING,89.32,90.81,76.11,80.38,66,8.85,89.9800033569336,92.2300033569336,87.45700073242188,2583000.0,1.4,STOPPED,-1.0,HOSTILE,LIMIT,9,VACUUM,2026-08-26_1727,2026-08-24
SPCF,SHORT,CONVICTION,68.0,BEAR_REJECTION_PENDING,14.14,14.81,12.98,12.46,149,1.72,13.90999984741211,14.600000381469727,13.520000457763672,2007900.0,0.36,CLOSED,0.34,HOSTILE,LIMIT,20,COMPRESSION,2026-08-26_1727,2026-08-24
FTI,SHORT,CONVICTION,68.0,BEAR_REJECTION_PENDING,79.0,81.01,67.0,70.43,49,5.96,75.8499984741211,76.87000274658203,74.30000305175781,2296900.0,-2.07,NO_FILL,0.0,HOSTILE,LIMIT,16,MINOR,2026-08-26_1727,2026-08-24
LABU,SHORT,CONVICTION,68.0,BEAR_REJECTION_PENDING,318.0,324.76,287.0,291.5,14,4.58,308.3299865722656,315.3999938964844,293.0,354600.0,-3.0,NO_FILL,0.0,HOSTILE,LIMIT,20,VACUUM,2026-08-26_1727,2026-08-24
MPC,SHORT,CONVICTION,68.0,BEAR_REJECTION_PENDING,366.95,370.68,358.57,354.23,26,2.24,362.5199890136719,367.5,357.9700012207031,2169000.0,0.46,TARGET_HIT,1.5,HOSTILE,LIMIT,3,MINOR,2026-08-26_1727,2026-08-24
SPOT,SHORT,CONVICTION,68.0,BEAR_REJECTION_PENDING,539.0,546.27,522.0,457.0,13,2.34,537.8400268554688,539.9400024414062,527.5750122070312,1351100.0,0.63,CLOSED,0.16,HOSTILE,LIMIT,9,CONVICTION,2026-08-26_1727,2026-08-24
ARES,SHORT,CONVICTION,68.0,BEAR_REJECTION_PENDING,144.07,147.52,128.95,128.09,29,4.39,140.00999450683594,141.6699981689453,139.0800018310547,1573100.0,-0.88,NO_FILL,0.0,HOSTILE,LIMIT,20,CONVICTION,2026-08-26_1727,2026-08-24
VSEC,SHORT,CONVICTION,68.0,BEAR_REJECTION_PENDING,219.97,223.72,212.05,197.17,26,2.11,215.0,217.5800018310547,212.05999755859375,388700.0,-1.19,NO_FILL,0.0,HOSTILE,LIMIT,20,CONVICTION,2026-08-26_1727,2026-08-24
OCTV,SHORT,CONVICTION,68.0,BEAR_REJECTION_PENDING,18.42,18.69,16.72,16.72,370,6.3,18.31999969482422,18.479999542236328,17.65999984741211,1224500.0,1.1,CLOSED,0.37,HOSTILE,LIMIT,20,COMPRESSION,2026-08-26_1727,2026-08-24
QNT,SHORT,CONVICTION,68.0,BEAR_REJECTION_PENDING,56.74,58.36,48.5,52.56,61,5.09,52.06999969482422,55.45000076293945,51.959999084472656,1265400.0,-7.0,NO_FILL,0.0,HOSTILE,LIMIT,20,COMPRESSION,2026-08-26_1727,2026-08-24
SFM,SHORT,CONVICTION,68.0,BEAR_REJECTION_PENDING,81.11,82.02,79.0,75.27,109,2.32,86.12999725341797,86.26000213623047,81.08000183105469,1367700.0,6.2,STOPPED,-1.0,HOSTILE,LIMIT,20,COMPRESSION,2026-08-26_1727,2026-08-24
DRAM,SHORT,CONVICTION,68.0,BEAR_REJECTION_PENDING,55.85,57.91,50.89,48.02,48,2.41,54.279998779296875,55.61000061035156,53.130001068115234,44813400.0,-2.53,NO_FILL,0.0,HOSTILE,LIMIT,20,CONVICTION,2026-08-26_1727,2026-08-24
LABD,SHORT,CONVICTION,68.0,BEAR_REJECTION_PENDING,6.29,6.47,5.97,,552,1.74,6.480000019073486,6.78000020980835,6.329999923706055,18173200.0,3.18,STOPPED,-1.0,HOSTILE,LIMIT,20,COMPRESSION,2026-08-26_1727,2026-08-24
NNE,SHORT,CONVICTION,68.0,BEAR_REJECTION_PENDING,19.32,19.76,18.54,17.92,226,1.76,18.270000457763672,18.87299919128418,17.809999465942383,1400800.0,-3.54,NO_FILL,0.0,HOSTILE,LIMIT,20,MINOR,2026-08-26_1727,2026-08-24
CDNL,SHORT,CONVICTION,68.0,BEAR_REJECTION_PENDING,44.37,46.37,39.73,37.57,49,2.32,41.22999954223633,42.68000030517578,40.709999084472656,323800.0,-5.22,NO_FILL,0.0,HOSTILE,LIMIT,12,COMPRESSION,2026-08-26_1727,2026-08-24
MOD,SHORT,CONVICTION,68.0,BEAR_REJECTION_PENDING,199.99,208.59,170.0,180.01,11,3.49,188.3699951171875,195.6999969482422,183.89999389648438,1436300.0,-3.93,NO_FILL,0.0,HOSTILE,LIMIT,20,CONVICTION,2026-08-26_1727,2026-08-24
EYPT,SHORT,CONVICTION,68.0,BEAR_REJECTION_PENDING,5.28,5.78,4.48,,201,1.62,4.869999885559082,5.349999904632568,4.869999885559082,4155600.0,-6.7,CLOSED,0.82,HOSTILE,LIMIT,20,CONVICTION,2026-08-26_1727,2026-08-24
PWR,SHORT,CONVICTION,68.0,BEAR_REJECTION_PENDING,639.35,647.53,582.0,582.0,12,7.01,616.780029296875,637.3400268554688,610.0,1600000.0,-3.2,NO_FILL,0.0,HOSTILE,LIMIT,20,CONVICTION,2026-08-26_1727,2026-08-24
BBIO,SHORT,CONVICTION,68.0,BEAR_REJECTION_PENDING,83.1,85.01,77.48,71.29,52,2.94,81.06999969482422,81.68000030517578,80.16000366210938,1113400.0,-0.53,NO_FILL,0.0,HOSTILE,LIMIT,18,MINOR,2026-08-26_1727,2026-08-24
YMM,SHORT,CONVICTION,68.0,BEAR_REJECTION_PENDING,8.78,8.91,8.02,8.02,749,5.71,8.430000305175781,8.760000228881836,8.390000343322754,5926300.0,-3.66,NO_FILL,0.0,HOSTILE,LIMIT,20,MINOR,2026-08-26_1727,2026-08-24
WTTR,SHORT,CONVICTION,67.8,BEAR_REJECTION_PENDING,20.11,22.32,19.11,,45,0.46,19.209999084472656,19.639999389648438,18.94499969482422,1257400.0,-2.59,NO_FILL,0.0,HOSTILE,LIMIT,20,MINOR,2026-08-26_1727,2026-08-24
TEM,SHORT,CONVICTION,67.7,BEAR_REJECTION_PENDING,71.55,72.86,61.83,67.74,76,7.39,66.16999816894531,72.0199966430664,65.93000030517578,11929300.0,-6.39,CLOSED,1.5,HOSTILE,LIMIT,14,CONVICTION,2026-08-26_1727,2026-08-24
LGIH,SHORT,CONVICTION,67.6,BEAR_REJECTION_PENDING,59.32,63.99,50.05,,21,1.99,58.25,59.45000076293945,57.810001373291016,184900.0,0.15,CLOSED,0.23,HOSTILE,LIMIT,20,COMPRESSION,2026-08-26_1727,2026-08-24
ELPW,SHORT,CONVICTION,67.6,BEAR_REJECTION_PENDING,4.03,4.33,3.57,,338,1.56,3.880000114440918,3.9830000400543213,3.7899999618530273,53100.0,-2.51,NO_FILL,0.0,HOSTILE,LIMIT,20,COMPRESSION,2026-08-26_1727,2026-08-24
AXON,SHORT,CONVICTION,67.6,BEAR_REJECTION_PENDING,628.62,640.78,547.78,567.49,8,6.65,597.5900268554688,634.9400024414062,595.1099853515625,658500.0,-4.8,CLOSED,1.5,HOSTILE,LIMIT,20,CONVICTION,2026-08-26_1727,2026-08-24
LFTO,SHORT,CONVICTION,67.6,BEAR_REJECTION_PENDING,19.18,20.92,18.22,,57,0.55,19.15999984741211,19.68000030517578,18.75,492200.0,1.91,CLOSED,0.01,HOSTILE,LIMIT,20,COMPRESSION,2026-08-26_1727,2026-08-24
WING,SHORT,CONVICTION,67.6,BEAR_REJECTION_PENDING,118.06,121.07,112.51,,33,1.85,116.83999633789062,118.18000030517578,114.72000122070312,774800.0,0.94,CLOSED,0.41,HOSTILE,LIMIT,20,MINOR,2026-08-26_1727,2026-08-24
WGS,SHORT,CONVICTION,67.5,BEAR_REJECTION_PENDING,88.22,89.87,83.71,78.31,60,2.73,85.19000244140625,86.4000015258789,84.16600036621094,504400.0,-2.15,NO_FILL,0.0,HOSTILE,LIMIT,4,MINOR,2026-08-26_1727,2026-08-24
TDC,SHORT,CONVICTION,67.5,BEAR_REJECTION_PENDING,27.87,28.39,26.86,24.9,191,1.94,27.520000457763672,27.65999984741211,27.18000030517578,3195300.0,-1.08,NO_FILL,0.0,HOSTILE,LIMIT,20,MINOR,2026-08-26_1727,2026-08-24
CDW,SHORT,CONVICTION,67.4,BEAR_REJECTION_PENDING,137.66,140.07,123.11,117.0,41,6.04,132.50999450683594,138.3300018310547,130.72000122070312,1597400.0,-3.45,CLOSED,1.5,HOSTILE,LIMIT,18,CONVICTION,2026-08-26_1727,2026-08-24
MC,SHORT,CONVICTION,67.4,BEAR_REJECTION_PENDING,69.66,73.2,60.25,59.59,28,2.65,68.5,69.22000122070312,67.7300033569336,557900.0,0.31,NO_FILL,0.0,HOSTILE,LIMIT,16,COMPRESSION,2026-08-26_1727,2026-08-24
BLLN,SHORT,CONVICTION,67.3,BEAR_REJECTION_PENDING,97.41,100.8,86.6,89.5,29,3.19,96.73999786376953,97.30000305175781,92.5,548500.0,1.3,NO_FILL,0.0,HOSTILE,LIMIT,12,CONVICTION,2026-08-26_1727,2026-08-24
ALNT,SHORT,CONVICTION,67.2,BEAR_REJECTION_PENDING,97.08,99.65,92.56,90.13,39,1.76,93.08000183105469,95.25,92.75,145600.0,-2.21,NO_FILL,0.0,HOSTILE,LIMIT,20,CONVICTION,2026-08-26_1727,2026-08-24
ORA,SHORT,CONVICTION,67.2,BEAR_REJECTION_PENDING,110.55,114.48,100.45,99.93,25,2.57,105.4000015258789,107.61000061035156,104.12999725341797,846100.0,-2.75,NO_FILL,0.0,HOSTILE,LIMIT,20,COMPRESSION,2026-08-26_1727,2026-08-24
BITU,SHORT,CONVICTION,67.2,BEAR_REJECTION_PENDING,13.5,13.86,11.66,12.35,275,5.07,13.920000076293945,14.359999656677246,13.600000381469727,10599700.0,4.35,STOPPED,-1.0,HOSTILE,LIMIT,20,COMPRESSION,2026-08-26_1727,2026-08-24
AMAT,SHORT,CONVICTION,67.1,BEAR_REJECTION_PENDING,491.64,511.14,444.74,432.16,5,2.41,484.19000244140625,489.739990234375,473.6700134277344,9264700.0,0.45,NO_FILL,0.0,HOSTILE,LIMIT,20,CONVICTION,2026-08-26_1727,2026-08-24
TMC,SHORT,CONVICTION,67.1,BEAR_REJECTION_PENDING,4.88,5.16,4.1,4.07,353,2.74,4.735000133514404,4.769999980926514,4.409999847412109,8789100.0,-0.94,NO_FILL,0.0,HOSTILE,LIMIT,5,COMPRESSION,2026-08-26_1727,2026-08-24
TOI,SHORT,CONVICTION,67.0,BEAR_REJECTION_PENDING,5.27,5.38,5.09,4.57,879,1.58,nan,nan,nan,nan,nan,NO_FILL,0.0,HOSTILE,LIMIT,16,COMPRESSION,2026-08-26_1727,2026-08-24
ORC,SHORT,CONVICTION,67.0,BEAR_REJECTION_PENDING,6.95,7.34,6.26,,258,1.79,6.75,6.760000228881836,6.690000057220459,2706700.0,-1.32,NO_FILL,0.0,HOSTILE,LIMIT,11,COMPRESSION,2026-08-26_1727,2026-08-24
PLAY,SHORT,CONVICTION,67.0,BEAR_REJECTION_PENDING,10.39,10.85,9.59,,217,1.75,10.420000076293945,10.449999809265137,10.050000190734863,815000.0,2.26,CLOSED_LOSS,-0.07,HOSTILE,LIMIT,14,COMPRESSION,2026-08-26_1727,2026-08-24
CURI,SHORT,CONVICTION,67.0,BEAR_REJECTION_PENDING,2.82,2.98,2.36,2.4,590,2.69,2.8399999141693115,2.9000000953674316,2.75,922100.0,2.9,CLOSED_LOSS,-0.12,HOSTILE,LIMIT,20,MINOR,2026-08-26_1727,2026-08-24
BRSL,SHORT,CONVICTION,67.0,BEAR_REJECTION_PENDING,12.3,12.83,10.45,10.86,187,3.47,11.819999694824219,12.140000343322754,11.8100004196167,1473200.0,-2.31,NO_FILL,0.0,HOSTILE,LIMIT,10,COMPRESSION,2026-08-26_1727,2026-08-24
ZLAB,SHORT,CONVICTION,66.8,BEAR_REJECTION_PENDING,26.0,26.53,21.96,22.44,187,7.59,25.639999389648438,25.959999084472656,25.25,1151400.0,0.16,NO_FILL,0.0,HOSTILE,LIMIT,8,COMPRESSION,2026-08-26_1727,2026-08-24
CCJ,SHORT,CONVICTION,66.7,BEAR_REJECTION_PENDING,104.76,106.1,96.17,97.78,74,6.42,102.2699966430664,103.7300033569336,100.29000091552734,2201000.0,-0.47,NO_FILL,0.0,HOSTILE,LIMIT,20,CONVICTION,2026-08-26_1727,2026-08-24
GMED,SHORT,CONVICTION,66.7,BEAR_REJECTION_PENDING,87.54,88.6,80.36,82.35,94,6.77,84.08000183105469,87.2699966430664,83.62000274658203,1132300.0,-3.26,NO_FILL,0.0,HOSTILE,LIMIT,20,COMPRESSION,2026-08-26_1727,2026-08-24
TRAX,SHORT,CONVICTION,66.6,BEAR_REJECTION_PENDING,44.31,45.94,37.14,37.14,61,4.41,43.279998779296875,44.63999938964844,42.560001373291016,677200.0,-0.37,CLOSED,0.63,HOSTILE,LIMIT,20,COMPRESSION,2026-08-26_1727,2026-08-24
BILL,SHORT,CONVICTION,66.6,BEAR_REJECTION_PENDING,48.76,53.97,46.32,,19,0.47,48.15999984741211,48.529998779296875,47.191001892089844,2628400.0,0.75,NO_FILL,0.0,HOSTILE,LIMIT,6,COMPRESSION,2026-08-26_1727,2026-08-24
LGCL,SHORT,CONVICTION,66.5,BEAR_REJECTION_PENDING,0.05,0.13,0.05,,1217,0.03,0.04699999839067459,0.05400000140070915,0.04399999976158142,85346400.0,-8.02,TARGET_HIT,1.5,HOSTILE,LIMIT,3,COMPRESSION,2026-08-26_1727,2026-08-24
TSHA,SHORT,CONVICTION,66.5,BEAR_REJECTION_PENDING,6.1,6.43,5.47,,300,1.89,5.96999979019165,6.074999809265137,5.824999809265137,2588500.0,-0.17,NO_FILL,0.0,HOSTILE,LIMIT,20,COMPRESSION,2026-08-26_1727,2026-08-24
JHX,SHORT,CONVICTION,66.5,BEAR_REJECTION_PENDING,31.11,32.23,27.86,27.0,89,2.9,30.200000762939453,30.530000686645508,29.860000610351562,4557200.0,-0.98,NO_FILL,0.0,HOSTILE,LIMIT,10,MINOR,2026-08-26_1727,2026-08-24
BTQ,SHORT,CONVICTION,66.5,BEAR_REJECTION_PENDING,3.61,3.78,3.01,3.22,606,3.64,3.2899999618530273,3.4800000190734863,3.2799999713897705,1863600.0,-7.06,NO_FILL,0.0,HOSTILE,LIMIT,20,COMPRESSION,2026-08-26_1727,2026-08-24
VRSK,SHORT,CONVICTION,66.2,BEAR_REJECTION_PENDING,189.8,192.78,174.76,163.63,33,5.05,189.5500030517578,192.2100067138672,187.7899932861328,616600.0,1.09,CLOSED,0.08,HOSTILE,LIMIT,20,CONVICTION,2026-08-26_1727,2026-08-24
TRNS,SHORT,CONVICTION,66.1,BEAR_REJECTION_PENDING,94.35,98.49,86.44,81.77,24,1.91,87.37999725341797,93.97000122070312,87.16999816894531,171600.0,-5.54,NO_FILL,0.0,HOSTILE,LIMIT,6,MINOR,2026-08-26_1727,2026-08-24
GPRO,SHORT,CONVICTION,66.1,BEAR_REJECTION_PENDING,0.65,0.7,0.62,,1862,0.61,0.6000000238418579,0.6349999904632568,0.6000000238418579,4899500.0,-7.03,NO_FILL,0.0,HOSTILE,LIMIT,7,COMPRESSION,2026-08-26_1727,2026-08-24
HPQ,SHORT,CONVICTION,66.1,BEAR_REJECTION_PENDING,29.73,30.26,27.91,25.98,188,3.43,28.579999923706055,29.770000457763672,28.290000915527344,13959800.0,-3.12,CLOSED,1.5,HOSTILE,LIMIT,20,COMPRESSION,2026-08-26_1727,2026-08-24
DRI,SHORT,CONVICTION,66.1,BEAR_REJECTION_PENDING,226.03,228.36,214.57,205.93,43,4.93,225.55999755859375,227.27999877929688,224.27999877929688,888600.0,1.79,CLOSED,0.2,HOSTILE,LIMIT,16,MINOR,2026-08-26_1727,2026-08-24
DYN,SHORT,CONVICTION,66.0,BEAR_REJECTION_PENDING,26.62,27.61,24.44,23.92,101,2.21,25.989999771118164,26.135000228881836,25.139999389648438,1370100.0,-0.42,NO_FILL,0.0,HOSTILE,LIMIT,11,COMPRESSION,2026-08-26_1727,2026-08-24
NXE,SHORT,CONVICTION,66.0,BEAR_REJECTION_PENDING,11.1,11.36,10.65,10.0,389,1.75,10.930000305175781,11.260000228881836,10.770000457763672,4579400.0,0.09,CLOSED,0.65,HOSTILE,LIMIT,14,COMPRESSION,2026-08-26_1727,2026-08-24
BE,SHORT,CONVICTION,66.0,BEAR_REJECTION_PENDING,195.61,201.75,186.25,176.67,16,1.52,204.02000427246094,209.9199981689453,185.92999267578125,15248100.0,4.63,STOPPED,-1.0,HOSTILE,LIMIT,20,CONVICTION,2026-08-26_1727,2026-08-24
TLN,SHORT,CONVICTION,66.0,BEAR_REJECTION_PENDING,318.47,325.46,302.55,,14,2.28,305.5350036621094,317.5199890136719,304.0299987792969,835300.0,-2.14,NO_FILL,0.0,HOSTILE,LIMIT,20,COMPRESSION,2026-08-26_1727,2026-08-24
ESTC,SHORT,CONVICTION,65.9,BEAR_REJECTION_PENDING,87.66,90.53,77.72,74.72,34,3.46,83.23999786376953,86.05999755859375,82.94999694824219,2169700.0,-3.14,NO_FILL,0.0,HOSTILE,LIMIT,10,CONVICTION,2026-08-26_1727,2026-08-24
TRI,SHORT,CONVICTION,65.9,BEAR_REJECTION_PENDING,107.64,114.05,91.36,92.55,15,2.54,108.62000274658203,109.45999908447266,105.72000122070312,1476100.0,2.93,CLOSED_LOSS,-0.15,HOSTILE,LIMIT,14,COMPRESSION,2026-08-26_1727,2026-08-24
TNET,SHORT,CONVICTION,65.8,BEAR_REJECTION_PENDING,71.89,74.73,62.45,62.45,35,3.32,69.5999984741211,72.0,69.4000015258789,238400.0,-1.25,CLOSED,0.81,HOSTILE,LIMIT,12,COMPRESSION,2026-08-26_1727,2026-08-24
RCAT,SHORT,CONVICTION,65.8,BEAR_REJECTION_PENDING,9.79,10.49,8.18,,142,2.3,8.930000305175781,9.404999732971191,8.779999732971191,7399400.0,-6.98,NO_FILL,0.0,HOSTILE,LIMIT,20,COMPRESSION,2026-08-26_1727,2026-08-24
DFTX,SHORT,CONVICTION,65.8,BEAR_REJECTION_PENDING,45.7,48.14,38.58,39.25,40,2.92,43.27000045776367,44.459999084472656,41.25,1726800.0,-3.42,NO_FILL,0.0,HOSTILE,LIMIT,5,MINOR,2026-08-26_1727,2026-08-24
EMR,SHORT,CONVICTION,65.7,BEAR_REJECTION_PENDING,160.76,162.31,150.62,148.6,64,6.56,157.57000732421875,158.1999969482422,156.2100067138672,1722000.0,-0.03,NO_FILL,0.0,HOSTILE,LIMIT,20,COMPRESSION,2026-08-26_1727,2026-08-24
SMMT,SHORT,CONVICTION,65.6,BEAR_REJECTION_PENDING,13.48,14.07,12.37,,168,1.87,12.729999542236328,13.210000038146973,12.220000267028809,4389300.0,-3.65,NO_FILL,0.0,HOSTILE,LIMIT,20,COMPRESSION,2026-08-26_1727,2026-08-24
EZPW,SHORT,CONVICTION,65.6,BEAR_REJECTION_PENDING,32.82,34.84,29.52,27.55,49,1.64,35.04999923706055,35.25,32.130001068115234,2693600.0,8.92,STOPPED,-1.0,HOSTILE,LIMIT,15,COMPRESSION,2026-08-26_1727,2026-08-24
SERV,SHORT,CONVICTION,65.5,BEAR_REJECTION_PENDING,5.05,5.54,4.8,,204,0.52,4.670000076293945,4.949999809265137,4.579999923706055,6032000.0,-5.66,NO_FILL,0.0,HOSTILE,LIMIT,11,COMPRESSION,2026-08-26_1727,2026-08-24
MNTS,SHORT,CONVICTION,65.5,BEAR_REJECTION_PENDING,4.41,4.53,4.19,,784,1.7,4.159999847412109,4.329999923706055,4.130000114440918,476300.0,-3.7,NO_FILL,0.0,HOSTILE,LIMIT,20,COMPRESSION,2026-08-26_1727,2026-08-24
AAOI,SHORT,CONVICTION,65.4,BEAR_REJECTION_PENDING,109.75,114.87,99.38,,19,2.03,107.62999725341797,112.45999908447266,102.0999984741211,15016500.0,-1.9,CLOSED,0.41,HOSTILE,LIMIT,20,CONVICTION,2026-08-26_1727,2026-08-24
JLHL,SHORT,CONVICTION,65.3,BEAR_REJECTION_PENDING,6.99,7.49,6.0,,200,1.99,6.309999942779541,7.03000020980835,6.25,271000.0,-9.21,CLOSED,1.36,HOSTILE,LIMIT,8,MINOR,2026-08-26_1727,2026-08-24
ASAN,SHORT,CONVICTION,65.3,BEAR_REJECTION_PENDING,9.71,9.96,8.57,9.0,400,4.57,9.760000228881836,9.890000343322754,9.510000228881836,3826700.0,1.99,CLOSED_LOSS,-0.2,HOSTILE,LIMIT,8,COMPRESSION,2026-08-26_1727,2026-08-24
KGS,SHORT,CONVICTION,65.3,BEAR_REJECTION_PENDING,62.68,67.33,53.21,,21,2.03,59.18000030517578,61.494998931884766,59.060001373291016,1708800.0,-3.69,NO_FILL,0.0,HOSTILE,LIMIT,20,VACUUM,2026-08-26_1727,2026-08-24
AVS,SHORT,CONVICTION,65.3,BEAR_REJECTION_PENDING,8.14,8.3,7.84,7.63,639,1.92,8.135000228881836,8.145000457763672,7.989999771118164,9545200.0,1.43,CLOSED,0.03,HOSTILE,LIMIT,17,MINOR,2026-08-26_1727,2026-08-24
DLO,SHORT,CONVICTION,65.2,BEAR_REJECTION_PENDING,15.28,15.5,14.56,13.61,460,3.32,15.119999885559082,15.390000343322754,14.899999618530273,2012400.0,-0.51,CLOSED,0.73,HOSTILE,LIMIT,4,COMPRESSION,2026-08-26_1727,2026-08-24
HAL,SHORT,CONVICTION,65.1,BEAR_REJECTION_PENDING,35.99,36.41,34.5,32.0,236,3.51,34.630001068115234,35.2599983215332,34.20000076293945,17802400.0,-1.85,NO_FILL,0.0,HOSTILE,LIMIT,20,COMPRESSION,2026-08-26_1727,2026-08-24
SAIL,SHORT,CONVICTION,65.0,BEAR_REJECTION_PENDING,18.97,19.29,17.1,17.49,316,5.92,18.1299991607666,18.775999069213867,18.059999465942383,2376200.0,-4.32,NO_FILL,0.0,HOSTILE,LIMIT,20,COMPRESSION,2026-08-26_1727,2026-08-24
T,SHORT,CONVICTION,65.0,BEAR_REJECTION_PENDING,25.39,25.7,24.9,24.65,324,1.59,25.690000534057617,25.770000457763672,25.209999084472656,26268500.0,1.44,STOPPED,-1.0,HOSTILE,LIMIT,15,COMPRESSION,2026-08-26_1727,2026-08-24
ARR,SHORT,CONVICTION,65.0,BEAR_REJECTION_PENDING,16.43,16.78,14.6,15.01,278,5.09,16.3799991607666,16.389999389648438,16.239999771118164,2607100.0,0.18,NO_FILL,0.0,HOSTILE,LIMIT,20,COMPRESSION,2026-08-26_1727,2026-08-24
BIAF,SHORT,CONVICTION,65.0,BEAR_REJECTION_PENDING,6.1,7.13,5.79,,96,0.29,nan,nan,nan,nan,nan,NO_FILL,0.0,HOSTILE,LIMIT,2,COMPRESSION,2026-08-26_1727,2026-08-24
Z,SHORT,CONVICTION,64.9,BEAR_REJECTION_PENDING,37.17,38.05,35.26,33.72,113,2.17,37.04999923706055,37.150001525878906,35.650001525878906,3164900.0,1.67,NO_FILL,0.0,HOSTILE,LIMIT,10,COMPRESSION,2026-08-26_1727,2026-08-24
SG,SHORT,CONVICTION,64.9,BEAR_REJECTION_PENDING,7.0,7.13,6.61,6.43,752,2.93,7.010000228881836,7.159999847412109,6.815000057220459,4560100.0,0.57,STOPPED,-1.0,HOSTILE,LIMIT,6,COMPRESSION,2026-08-26_1727,2026-08-24
PRAA,SHORT,CONVICTION,64.8,BEAR_REJECTION_PENDING,19.69,20.05,17.57,18.03,277,5.89,20.170000076293945,20.299999237060547,19.649999618530273,318900.0,3.01,STOPPED,-1.0,HOSTILE,LIMIT,20,COMPRESSION,2026-08-26_1727,2026-08-24
DX,SHORT,CONVICTION,64.8,BEAR_REJECTION_PENDING,13.15,13.32,12.14,12.62,601,6.08,13.050000190734863,13.100000381469727,12.9399995803833,5396500.0,-0.31,NO_FILL,0.0,HOSTILE,LIMIT,12,COMPRESSION,2026-08-26_1727,2026-08-24
SOFI,SHORT,CONVICTION,64.8,BEAR_REJECTION_PENDING,18.76,19.02,16.52,18.11,377,8.46,18.239999771118164,18.88800048828125,18.21500015258789,33512900.0,-2.41,CLOSED,1.5,HOSTILE,LIMIT,18,COMPRESSION,2026-08-26_1727,2026-08-24
GPK,SHORT,CONVICTION,64.8,BEAR_REJECTION_PENDING,12.19,12.54,10.48,11.13,282,4.84,11.449999809265137,11.979999542236328,11.390000343322754,4018500.0,-4.18,NO_FILL,0.0,HOSTILE,LIMIT,13,COMPRESSION,2026-08-26_1727,2026-08-24
COCO,SHORT,CONVICTION,64.8,BEAR_REJECTION_PENDING,64.62,66.03,60.63,60.6,70,2.82,63.36000061035156,65.63500213623047,63.10499954223633,693500.0,0.02,CLOSED,0.89,HOSTILE,LIMIT,20,MINOR,2026-08-26_1727,2026-08-24
UUUU,SHORT,CONVICTION,64.7,BEAR_REJECTION_PENDING,15.06,15.35,13.87,14.16,342,4.07,14.880000114440918,15.430000305175781,14.75,5934100.0,-0.8,STOPPED,-1.0,HOSTILE,LIMIT,17,COMPRESSION,2026-08-26_1727,2026-08-24
IAG,SHORT,CONVICTION,64.7,BEAR_REJECTION_PENDING,21.76,22.32,18.5,19.33,177,5.77,21.799999237060547,21.899999618530273,21.280000686645508,7090300.0,2.2,CLOSED_LOSS,-0.07,HOSTILE,LIMIT,8,COMPRESSION,2026-08-26_1727,2026-08-24
CENX,SHORT,CONVICTION,64.7,BEAR_REJECTION_PENDING,46.76,47.82,43.92,39.96,94,2.68,43.65999984741211,46.439998626708984,43.33000183105469,1888400.0,-4.76,NO_FILL,0.0,HOSTILE,LIMIT,20,COMPRESSION,2026-08-26_1727,2026-08-24
OCUL,SHORT,CONVICTION,64.7,BEAR_REJECTION_PENDING,11.5,11.67,10.8,10.65,590,4.13,10.779999732971191,11.050000190734863,10.609999656677246,2358200.0,-4.6,NO_FILL,0.0,HOSTILE,LIMIT,20,MINOR,2026-08-26_1727,2026-08-24
BAH,SHORT,CONVICTION,64.7,BEAR_REJECTION_PENDING,78.8,83.62,70.58,65.87,20,1.7,75.22000122070312,76.83000183105469,74.9000015258789,1908100.0,-2.63,NO_FILL,0.0,HOSTILE,LIMIT,20,VACUUM,2026-08-26_1727,2026-08-24
DUOL,SHORT,CONVICTION,64.6,BEAR_REJECTION_PENDING,149.0,158.65,132.14,126.36,10,1.75,146.83999633789062,149.4499969482422,143.4499969482422,1021100.0,0.52,CLOSED,0.22,HOSTILE,LIMIT,15,MINOR,2026-08-26_1727,2026-08-24
CVNA,SHORT,CONVICTION,64.5,BEAR_REJECTION_PENDING,71.1,76.61,62.12,,18,1.63,72.33000183105469,72.7699966430664,69.81999969482422,9610000.0,3.76,CLOSED_LOSS,-0.22,HOSTILE,LIMIT,20,VACUUM,2026-08-26_1727,2026-08-24
VELO,SHORT,CONVICTION,64.5,BEAR_REJECTION_PENDING,13.6,14.06,12.37,12.08,216,2.66,12.470000267028809,12.71500015258789,12.229999542236328,931900.0,-6.87,NO_FILL,0.0,HOSTILE,LIMIT,20,COMPRESSION,2026-08-26_1727,2026-08-24
XENE,SHORT,CONVICTION,64.5,BEAR_REJECTION_PENDING,61.98,62.66,55.23,56.97,146,9.9,60.560001373291016,61.04499816894531,60.0,628800.0,-1.54,NO_FILL,0.0,HOSTILE,LIMIT,19,COMPRESSION,2026-08-26_1727,2026-08-24
RIVN,SHORT,CONVICTION,64.3,BEAR_REJECTION_PENDING,17.41,17.64,16.08,15.02,428,5.71,16.600000381469727,17.155000686645508,16.56999969482422,21816200.0,-2.75,NO_FILL,0.0,HOSTILE,LIMIT,7,MINOR,2026-08-26_1727,2026-08-24
DNLI,SHORT,CONVICTION,64.2,BEAR_REJECTION_PENDING,25.42,26.43,21.86,21.86,98,3.51,24.200000762939453,25.26799964904785,23.40999984741211,1321100.0,-2.89,NO_FILL,0.0,HOSTILE,LIMIT,14,COMPRESSION,2026-08-26_1727,2026-08-24
AGIO,SHORT,CONVICTION,64.2,BEAR_REJECTION_PENDING,33.75,35.32,31.04,28.8,63,1.73,32.63999938964844,33.25,32.61000061035156,635600.0,-1.36,NO_FILL,0.0,HOSTILE,LIMIT,20,COMPRESSION,2026-08-26_1727,2026-08-24
VCX,SHORT,CONVICTION,64.2,BEAR_REJECTION_PENDING,42.74,44.69,35.98,36.97,51,3.46,44.619998931884766,46.93000030517578,40.2400016784668,1240900.0,6.49,STOPPED,-1.0,HOSTILE,LIMIT,15,MINOR,2026-08-26_1727,2026-08-24
ATAT,SHORT,CONVICTION,64.2,BEAR_REJECTION_PENDING,35.45,37.18,29.58,29.58,57,3.37,34.75,35.185001373291016,34.5,901800.0,0.0,NO_FILL,0.0,HOSTILE,LIMIT,20,COMPRESSION,2026-08-26_1727,2026-08-24
SMWB,SHORT,CONVICTION,64.1,BEAR_REJECTION_PENDING,8.24,8.43,7.69,6.99,542,2.99,8.989999771118164,8.989999771118164,8.260000228881836,753300.0,11.26,STOPPED,-1.0,HOSTILE,LIMIT,20,COMPRESSION,2026-08-26_1727,2026-08-24
GEO,SHORT,CONVICTION,64.1,BEAR_REJECTION_PENDING,33.38,33.8,31.33,32.0,236,4.84,32.18000030517578,33.150001525878906,32.060001373291016,1521500.0,-2.4,NO_FILL,0.0,HOSTILE,LIMIT,1,COMPRESSION,2026-08-26_1727,2026-08-24
DAN,SHORT,CONVICTION,64.1,BEAR_REJECTION_PENDING,32.18,32.86,28.73,28.73,146,5.05,30.149999618530273,31.530000686645508,29.950000762939453,1227500.0,-4.95,NO_FILL,0.0,HOSTILE,LIMIT,17,CONVICTION,2026-08-26_1727,2026-08-24
CAST,SHORT,CONVICTION,64.0,BEAR_REJECTION_PENDING,1.53,1.63,1.45,,983,0.75,1.4700000286102295,1.5800000429153442,1.3799999952316284,1904600.0,-3.29,TARGET_HIT,1.5,HOSTILE,LIMIT,13,COMPRESSION,2026-08-26_1727,2026-08-24
ATRO,SHORT,CONVICTION,64.0,BEAR_REJECTION_PENDING,79.56,83.02,72.86,69.39,28,1.94,74.75,78.12999725341797,74.5199966430664,676000.0,-4.17,NO_FILL,0.0,HOSTILE,LIMIT,20,MINOR,2026-08-26_1727,2026-08-24
PVLA,SHORT,CONVICTION,64.0,BEAR_REJECTION_PENDING,142.65,145.13,127.0,131.26,40,6.31,145.75,146.69000244140625,136.05999755859375,315500.0,2.61,STOPPED,-1.0,HOSTILE,LIMIT,20,CONVICTION,2026-08-26_1727,2026-08-24
MVST,SHORT,CONVICTION,64.0,BEAR_REJECTION_PENDING,0.83,0.88,0.73,,2018,1.94,0.7760000228881836,0.8080000281333923,0.7599999904632568,8704500.0,-4.2,NO_FILL,0.0,HOSTILE,LIMIT,20,COMPRESSION,2026-08-26_1727,2026-08-24
CMCSA,SHORT,CONVICTION,64.0,BEAR_REJECTION_PENDING,27.0,27.33,24.43,25.9,306,7.88,27.020000457763672,27.18000030517578,26.84000015258789,16800400.0,0.78,CLOSED_LOSS,-0.06,HOSTILE,LIMIT,9,COMPRESSION,2026-08-26_1727,2026-08-24
TFC,SHORT,CONVICTION,64.0,BEAR_REJECTION_PENDING,50.68,51.22,43.11,48.98,183,13.89,50.810001373291016,51.38999938964844,50.47999954223633,4137000.0,0.77,STOPPED,-1.0,HOSTILE,LIMIT,20,COMPRESSION,2026-08-26_1727,2026-08-24
EW,SHORT,CONVICTION,64.0,BEAR_REJECTION_PENDING,91.38,92.74,86.89,84.79,73,3.3,90.5,91.11000061035156,89.45999908447266,2722000.0,0.79,NO_FILL,0.0,HOSTILE,LIMIT,20,COMPRESSION,2026-08-26_1727,2026-08-24
PLTR,SHORT,CONVICTION,64.0,BEAR_REJECTION_PENDING,179.02,181.9,174.06,160.07,34,1.72,175.88999938964844,178.75,171.30999755859375,35115500.0,-1.46,NO_FILL,0.0,HOSTILE,LIMIT,17,CONVICTION,2026-08-26_1727,2026-08-24
CRML,SHORT,CONVICTION,64.0,CHANNEL_BREAKDOWN_SHORT,6.82,7.1,6.0,6.0,362,2.96,6.670000076293945,7.071000099182129,6.5,9341400.0,-2.2,CLOSED,0.54,HOSTILE,LIMIT,20,COMPRESSION,2026-08-26_1727,2026-08-24
ANET,SHORT,CONVICTION,64.0,BEAR_REJECTION_PENDING,189.0,191.9,177.6,164.5,34,3.93,188.14999389648438,190.25,186.0,5306400.0,0.27,CLOSED,0.29,HOSTILE,LIMIT,20,CONVICTION,2026-08-26_1727,2026-08-24
MVIS,SHORT,CONVICTION,64.0,BEAR_REJECTION_PENDING,1.7,1.94,1.62,,421,0.36,1.7000000476837158,1.7999999523162842,1.6799999475479126,1865900.0,1.8,CLOSED_LOSS,-0.0,HOSTILE,LIMIT,15,MINOR,2026-08-26_1727,2026-08-24
AAOZ,SHORT,CONVICTION,64.0,BEAR_REJECTION_PENDING,13.47,14.64,11.66,,86,1.56,13.5600004196167,14.539999961853027,12.779999732971191,4084500.0,2.65,CLOSED_LOSS,-0.08,HOSTILE,LIMIT,5,MINOR,2026-08-26_1727,2026-08-24
AVNT,SHORT,CONVICTION,64.0,BEAR_REJECTION_PENDING,45.55,46.63,43.7,40.0,92,1.72,44.41999816894531,44.810001373291016,44.099998474121094,807400.0,-0.54,NO_FILL,0.0,HOSTILE,LIMIT,20,COMPRESSION,2026-08-26_1727,2026-08-24
ULTA,SHORT,CONVICTION,64.0,BEAR_REJECTION_PENDING,525.78,531.18,474.0,488.09,18,9.59,538.760009765625,540.989990234375,526.739990234375,612200.0,3.61,STOPPED,-1.0,HOSTILE,LIMIT,20,CONVICTION,2026-08-26_1727,2026-08-24
COKE,SHORT,CONVICTION,64.0,BEAR_REJECTION_PENDING,190.38,192.58,165.35,178.99,45,11.38,192.60000610351562,193.9499969482422,189.99000549316406,351000.0,2.12,STOPPED,-1.0,HOSTILE,LIMIT,15,COMPRESSION,2026-08-26_1727,2026-08-24
PCTY,SHORT,CONVICTION,64.0,BEAR_REJECTION_PENDING,156.25,163.62,142.63,132.83,13,1.85,152.4499969482422,155.6999969482422,151.21499633789062,575000.0,-0.48,NO_FILL,0.0,HOSTILE,LIMIT,9,COMPRESSION,2026-08-26_1727,2026-08-24
QTWO,SHORT,CONVICTION,64.0,BEAR_REJECTION_PENDING,64.4,65.32,61.54,55.9,108,3.09,64.18000030517578,64.8499984741211,63.45000076293945,1030600.0,0.42,CLOSED,0.24,HOSTILE,LIMIT,20,COMPRESSION,2026-08-26_1727,2026-08-24
DE,SHORT,CONVICTION,64.0,BEAR_REJECTION_PENDING,646.99,652.94,623.26,611.12,16,3.99,648.6400146484375,660.7000122070312,645.77001953125,1228900.0,0.56,STOPPED,-1.0,HOSTILE,LIMIT,10,CONVICTION,2026-08-26_1727,2026-08-24
GDYN,SHORT,CONVICTION,63.9,BEAR_REJECTION_PENDING,8.14,8.33,7.2,7.67,521,4.9,7.860000133514404,8.0,7.829999923706055,1038600.0,-1.5,NO_FILL,0.0,HOSTILE,LIMIT,6,COMPRESSION,2026-08-26_1727,2026-08-24
ACVA,SHORT,CONVICTION,63.9,BEAR_REJECTION_PENDING,7.58,8.08,6.48,6.4,199,2.19,7.46999979019165,7.599999904632568,7.264999866485596,2630300.0,0.54,CLOSED,0.22,HOSTILE,LIMIT,20,COMPRESSION,2026-08-26_1727,2026-08-24
CLOU,SHORT,CONVICTION,63.9,BEAR_REJECTION_PENDING,28.13,28.54,25.49,27.11,243,6.44,27.700000762939453,28.010000228881836,27.68000030517578,136700.0,-1.32,NO_FILL,0.0,HOSTILE,LIMIT,18,COMPRESSION,2026-08-26_1727,2026-08-24
FTH,SHORT,CONVICTION,63.8,BEAR_REJECTION_PENDING,32.19,33.12,29.95,29.95,108,2.42,34.709999084472656,35.04999923706055,30.299999237060547,448500.0,8.47,STOPPED,-1.0,HOSTILE,LIMIT,7,COMPRESSION,2026-08-26_1727,2026-08-24
TOST,SHORT,CONVICTION,63.8,BEAR_REJECTION_PENDING,37.34,38.13,32.7,35.48,127,5.91,36.709999084472656,37.0099983215332,36.38999938964844,7408500.0,0.27,NO_FILL,0.0,HOSTILE,LIMIT,11,COMPRESSION,2026-08-26_1727,2026-08-24
SHMD,SHORT,CONVICTION,63.8,BEAR_REJECTION_PENDING,4.89,5.04,4.42,4.21,689,3.24,4.849999904632568,4.894999980926514,4.510000228881836,697300.0,-0.41,CLOSED,0.27,HOSTILE,LIMIT,20,COMPRESSION,2026-08-26_1727,2026-08-24
BSY,SHORT,CONVICTION,63.8,BEAR_REJECTION_PENDING,37.92,38.44,34.21,31.97,193,7.17,37.68000030517578,37.95000076293945,36.81999969482422,2091300.0,1.34,CLOSED,0.46,HOSTILE,LIMIT,12,COMPRESSION,2026-08-26_1727,2026-08-24
HBM,SHORT,CONVICTION,63.7,BEAR_REJECTION_PENDING,30.12,30.51,28.85,27.47,253,3.22,29.600000381469727,30.59000015258789,29.079999923706055,5756300.0,-1.4,STOPPED,-1.0,HOSTILE,LIMIT,19,COMPRESSION,2026-08-26_1727,2026-08-24
TNDM,SHORT,CONVICTION,63.7,BEAR_REJECTION_PENDING,22.55,23.0,19.82,20.11,222,6.07,22.219999313354492,23.0,22.059999465942383,1064300.0,-0.45,STOPPED,-1.0,HOSTILE,LIMIT,20,MINOR,2026-08-26_1727,2026-08-24
TARS,SHORT,CONVICTION,63.6,BEAR_REJECTION_PENDING,72.81,73.81,67.0,63.24,100,5.83,72.80999755859375,73.08000183105469,71.76499938964844,414000.0,0.21,CLOSED,0.0,HOSTILE,LIMIT,10,COMPRESSION,2026-08-26_1727,2026-08-24
VIA,SHORT,CONVICTION,63.5,BEAR_REJECTION_PENDING,27.53,28.13,26.58,25.14,166,1.58,27.43000030517578,27.709999084472656,26.934999465942383,595300.0,1.63,CLOSED,0.17,HOSTILE,LIMIT,7,COMPRESSION,2026-08-26_1727,2026-08-24
HURN,SHORT,CONVICTION,63.5,BEAR_REJECTION_PENDING,162.64,164.45,151.37,152.28,55,6.24,162.58999633789062,164.99000549316406,161.0,311100.0,0.59,STOPPED,-1.0,HOSTILE,LIMIT,19,CONVICTION,2026-08-26_1727,2026-08-24
PTEN,SHORT,CONVICTION,63.5,BEAR_REJECTION_PENDING,12.4,12.71,11.43,11.43,319,3.1,11.859999656677246,12.15999984741211,11.619999885559082,4986000.0,-3.42,NO_FILL,0.0,HOSTILE,LIMIT,9,COMPRESSION,2026-08-26_1727,2026-08-24
OMH,SHORT,CONVICTION,63.4,BEAR_REJECTION_PENDING,0.09,0.1,0.08,,10850,1.53,0.09799999743700027,0.11299999803304672,0.09300000220537186,10599900.0,5.49,STOPPED,-1.0,HOSTILE,LIMIT,7,COMPRESSION,2026-08-26_1727,2026-08-24
PARR,SHORT,CONVICTION,63.4,BEAR_REJECTION_PENDING,79.5,84.1,68.53,68.53,21,2.38,74.33000183105469,80.4000015258789,74.08999633789062,891400.0,-4.63,CLOSED,1.12,HOSTILE,LIMIT,20,COMPRESSION,2026-08-26_1727,2026-08-24
HL,SHORT,CONVICTION,63.4,BEAR_REJECTION_PENDING,21.22,21.87,18.5,18.99,153,4.16,20.399999618530273,21.06999969482422,20.110000610351562,24502700.0,-1.92,NO_FILL,0.0,HOSTILE,LIMIT,9,MINOR,2026-08-26_1727,2026-08-24
SLDB,SHORT,CONVICTION,63.2,BEAR_REJECTION_PENDING,9.4,9.8,8.4,8.21,250,2.51,9.15999984741211,9.279999732971191,8.859999656677246,1114800.0,-1.51,NO_FILL,0.0,HOSTILE,LIMIT,20,COMPRESSION,2026-08-26_1727,2026-08-24
LEGN,SHORT,CONVICTION,63.2,BEAR_REJECTION_PENDING,22.64,23.04,20.02,20.48,249,6.55,20.940000534057617,22.270000457763672,20.790000915527344,1930100.0,-5.68,NO_FILL,0.0,HOSTILE,LIMIT,15,COMPRESSION,2026-08-26_1727,2026-08-24
RITR,SHORT,CONVICTION,63.0,BEAR_REJECTION_PENDING,0.13,0.17,0.12,,2562,0.16,0.11500000208616257,0.125,0.10100000351667404,349376800.0,-8.22,NO_FILL,0.0,HOSTILE,LIMIT,1,COMPRESSION,2026-08-26_1727,2026-08-24
OI,SHORT,CONVICTION,63.0,BEAR_REJECTION_PENDING,7.28,7.52,6.82,6.43,418,1.93,7.25,7.590000152587891,7.179999828338623,2985800.0,1.54,STOPPED,-1.0,HOSTILE,LIMIT,20,CONVICTION,2026-08-26_1727,2026-08-24
CONL,SHORT,CONVICTION,62.9,BEAR_REJECTION_PENDING,6.18,6.46,5.38,5.31,355,2.85,5.769999980926514,6.610000133514404,5.71999979019165,28628300.0,-4.79,STOPPED,-1.0,HOSTILE,LIMIT,20,COMPRESSION,2026-08-26_1727,2026-08-24
MANE,SHORT,CONVICTION,62.9,BEAR_REJECTION_PENDING,103.13,105.01,93.59,90.09,53,5.08,98.45999908447266,102.75,93.80999755859375,717300.0,-4.24,NO_FILL,0.0,HOSTILE,LIMIT,20,CONVICTION,2026-08-26_1727,2026-08-24
SHPH,SHORT,CONVICTION,62.8,BEAR_REJECTION_PENDING,3.63,3.87,3.15,,417,1.99,3.5199999809265137,3.740000009536743,3.509999990463257,16300.0,-2.22,CLOSED,0.46,HOSTILE,LIMIT,20,MINOR,2026-08-26_1727,2026-08-24
INTA,SHORT,CONVICTION,62.7,BEAR_REJECTION_PENDING,42.85,45.67,36.5,36.5,35,2.25,40.91999816894531,41.75,40.349998474121094,644800.0,-2.59,NO_FILL,0.0,HOSTILE,LIMIT,5,COMPRESSION,2026-08-26_1727,2026-08-24
POWL,SHORT,CONVICTION,62.7,BEAR_REJECTION_PENDING,197.93,206.13,169.62,172.18,12,3.45,188.97999572753906,195.52000427246094,186.16000366210938,405100.0,-2.61,NO_FILL,0.0,HOSTILE,LIMIT,20,CONVICTION,2026-08-26_1727,2026-08-24
ETHE,SHORT,CONVICTION,62.7,BEAR_REJECTION_PENDING,19.77,20.27,18.41,18.26,198,2.7,19.90999984741211,20.395000457763672,19.774999618530273,5231400.0,0.91,STOPPED,-1.0,HOSTILE,LIMIT,17,COMPRESSION,2026-08-26_1727,2026-08-24
MSTY,SHORT,CONVICTION,62.6,BEAR_REJECTION_PENDING,14.5,14.87,13.67,12.59,267,2.22,14.729999542236328,15.260000228881836,14.430000305175781,2567700.0,3.15,STOPPED,-1.0,HOSTILE,LIMIT,20,COMPRESSION,2026-08-26_1727,2026-08-24
EMBC,SHORT,CONVICTION,62.5,BEAR_REJECTION_PENDING,5.38,5.56,4.79,4.53,529,3.1,4.989999771118164,5.275000095367432,4.949999809265137,991800.0,-5.31,NO_FILL,0.0,HOSTILE,LIMIT,8,MINOR,2026-08-26_1727,2026-08-24
EWTX,SHORT,CONVICTION,62.4,BEAR_REJECTION_PENDING,44.73,46.33,37.51,41.0,62,4.5,44.720001220703125,45.439998626708984,42.59000015258789,1042000.0,1.98,CLOSED,0.01,HOSTILE,LIMIT,20,MINOR,2026-08-26_1727,2026-08-24
FORM,SHORT,CONVICTION,62.4,BEAR_REJECTION_PENDING,116.74,120.46,101.96,108.07,26,3.97,107.9000015258789,112.16000366210938,104.7699966430664,1256700.0,-5.72,NO_FILL,0.0,HOSTILE,LIMIT,20,CONVICTION,2026-08-26_1727,2026-08-24
JMKE,SHORT,CONVICTION,62.4,BEAR_REJECTION_PENDING,24.43,25.08,23.08,22.04,153,2.07,23.530000686645508,24.469999313354492,23.030000686645508,2454700.0,-1.75,TARGET_HIT,1.5,HOSTILE,LIMIT,3,COMPRESSION,2026-08-26_1727,2026-08-24
DJT,SHORT,CONVICTION,62.4,BEAR_REJECTION_PENDING,9.22,9.38,8.74,8.5,654,3.17,9.300000190734863,9.354999542236328,8.949999809265137,4216300.0,2.65,CLOSED_LOSS,-0.5,HOSTILE,LIMIT,14,MINOR,2026-08-26_1727,2026-08-24
JACK,SHORT,CONVICTION,62.3,BEAR_REJECTION_PENDING,17.61,17.99,15.33,15.33,261,5.95,17.829999923706055,18.389999389648438,17.25,606400.0,2.3,STOPPED,-1.0,HOSTILE,LIMIT,20,COMPRESSION,2026-08-26_1727,2026-08-24
CGNX,SHORT,CONVICTION,62.3,BEAR_REJECTION_PENDING,62.38,64.34,56.08,55.7,51,3.22,58.540000915527344,59.75,58.220001220703125,1715300.0,-4.28,NO_FILL,0.0,HOSTILE,LIMIT,20,COMPRESSION,2026-08-26_1727,2026-08-24
FBTC,SHORT,CONVICTION,62.3,SHORT_UPPER_DIRTY,67.05,69.18,64.65,,46,1.12,68.55999755859375,69.62999725341797,67.7300033569336,6766300.0,2.25,STOPPED,-1.0,HOSTILE,LIMIT,20,CONVICTION,2026-08-26_1727,2026-08-24
FUN,SHORT,CONVICTION,62.2,BEAR_REJECTION_PENDING,17.06,18.05,14.84,,101,2.26,16.90999984741211,17.0,16.540000915527344,1812500.0,1.08,NO_FILL,0.0,HOSTILE,LIMIT,20,COMPRESSION,2026-08-26_1727,2026-08-24
GHRS,SHORT,CONVICTION,62.1,BEAR_REJECTION_PENDING,28.9,29.72,24.68,25.08,122,5.14,28.100000381469727,28.600000381469727,27.238000869750977,162800.0,-0.81,NO_FILL,0.0,HOSTILE,LIMIT,20,COMPRESSION,2026-08-26_1727,2026-08-24
PAVS,SHORT,CONVICTION,62.1,BEAR_REJECTION_PENDING,5.29,5.59,4.79,4.6,338,1.69,5.150000095367432,5.199999809265137,5.0,28800.0,-0.96,NO_FILL,0.0,HOSTILE,LIMIT,20,MINOR,2026-08-26_1727,2026-08-24
ANDG,SHORT,CONVICTION,62.1,BEAR_REJECTION_PENDING,50.21,51.0,45.51,43.33,126,5.95,49.9900016784668,51.439998626708984,49.0,748900.0,-0.38,STOPPED,-1.0,HOSTILE,LIMIT,5,COMPRESSION,2026-08-26_1727,2026-08-24
SWKS,SHORT,CONVICTION,62.0,BEAR_REJECTION_PENDING,68.3,76.05,64.88,,12,0.44,66.86000061035156,67.22000122070312,65.45999908447266,3636000.0,-0.15,NO_FILL,0.0,HOSTILE,LIMIT,20,COMPRESSION,2026-08-26_1727,2026-08-24
LOOP,SHORT,CONVICTION,62.0,BEAR_REJECTION_PENDING,0.6,0.62,0.57,,4035,1.21,0.6190000176429749,0.6499999761581421,0.5740000009536743,1137900.0,5.45,STOPPED,-1.0,HOSTILE,LIMIT,13,COMPRESSION,2026-08-26_1727,2026-08-24
PWCM,SHORT,CONVICTION,62.0,BEAR_REJECTION_PENDING,1.36,1.43,1.23,1.16,1338,1.69,1.3200000524520874,1.4500000476837158,1.2799999713897705,569500.0,-0.75,STOPPED,-1.0,HOSTILE,LIMIT,1,MINOR,2026-08-26_1727,2026-08-24
BTTC,SHORT,CONVICTION,62.0,BEAR_REJECTION_PENDING,0.56,0.58,0.53,,4982,1.4,0.5659999847412109,0.5979999899864197,0.5450000166893005,1399400.0,2.2,STOPPED,-1.0,HOSTILE,LIMIT,13,COMPRESSION,2026-08-26_1727,2026-08-24
SURG,SHORT,CONVICTION,62.0,BEAR_REJECTION_PENDING,0.17,0.19,0.16,,5224,0.43,0.16899999976158142,0.17000000178813934,0.15700000524520874,1982900.0,1.81,TARGET_HIT,1.5,HOSTILE,LIMIT,13,COMPRESSION,2026-08-26_1727,2026-08-24
DDD,SHORT,CONVICTION,62.0,BEAR_REJECTION_PENDING,3.21,3.31,3.06,2.84,1050,1.58,3.119999885559082,3.180000066757202,3.0999999046325684,1684800.0,-2.19,NO_FILL,0.0,HOSTILE,LIMIT,20,COMPRESSION,2026-08-26_1727,2026-08-24
RYAM,SHORT,CONVICTION,62.0,BEAR_REJECTION_PENDING,8.67,8.89,7.44,7.88,445,5.48,8.329999923706055,8.75,8.260000228881836,1084600.0,-3.81,CLOSED,1.5,HOSTILE,LIMIT,17,COMPRESSION,2026-08-26_1727,2026-08-24
CLPT,SHORT,CONVICTION,62.0,BEAR_REJECTION_PENDING,15.5,15.74,14.91,14.0,408,2.41,15.170000076293945,15.4399995803833,14.649999618530273,422000.0,-0.53,NO_FILL,0.0,HOSTILE,LIMIT,13,COMPRESSION,2026-08-26_1727,2026-08-24
DMRA,SHORT,CONVICTION,62.0,BEAR_REJECTION_PENDING,31.12,31.64,29.05,28.85,194,4.02,30.309999465942383,31.493999481201172,29.700000762939453,319800.0,-1.65,CLOSED,1.5,HOSTILE,LIMIT,18,COMPRESSION,2026-08-26_1727,2026-08-24
SPCE,SHORT,CONVICTION,62.0,BEAR_REJECTION_PENDING,3.07,3.13,2.9,2.77,1632,2.78,3.0,3.109999895095825,2.984999895095825,5056400.0,-1.64,CLOSED,1.17,HOSTILE,LIMIT,16,COMPRESSION,2026-08-26_1727,2026-08-24
QTEX,SHORT,CONVICTION,62.0,BEAR_REJECTION_PENDING,0.91,0.95,0.87,,2863,1.3,0.8659999966621399,0.9399999976158142,0.8610000014305115,1447200.0,-4.84,TARGET_HIT,1.5,HOSTILE,LIMIT,16,MINOR,2026-08-26_1727,2026-08-24
MBLY,SHORT,CONVICTION,62.0,BEAR_REJECTION_PENDING,9.11,9.26,8.46,8.58,688,4.47,8.640000343322754,8.9399995803833,8.550000190734863,4899300.0,-4.42,NO_FILL,0.0,HOSTILE,LIMIT,12,MINOR,2026-08-26_1727,2026-08-24
BTBT,SHORT,CONVICTION,62.0,BEAR_REJECTION_PENDING,1.53,1.57,1.46,1.4,2483,1.86,1.5099999904632568,1.6399999856948853,1.5,48752700.0,-0.73,STOPPED,-1.0,HOSTILE,LIMIT,12,MINOR,2026-08-26_1727,2026-08-24
SOC,SHORT,CONVICTION,62.0,BEAR_REJECTION_PENDING,5.1,5.25,4.45,4.34,689,4.51,4.869999885559082,5.184999942779541,4.855000019073486,7443100.0,-2.79,CLOSED,1.5,HOSTILE,LIMIT,12,MINOR,2026-08-26_1727,2026-08-24
POET,SHORT,CONVICTION,62.0,BEAR_REJECTION_PENDING,8.1,8.31,7.68,7.2,476,2.0,7.75,8.010000228881836,7.679999828338623,9590100.0,-3.39,NO_FILL,0.0,HOSTILE,LIMIT,16,COMPRESSION,2026-08-26_1727,2026-08-24
COIN,SHORT,CONVICTION,62.0,BEAR_REJECTION_PENDING,183.72,186.33,172.35,172.0,38,4.36,179.47999572753906,191.83999633789062,178.52000427246094,13193700.0,-2.07,STOPPED,-1.0,HOSTILE,LIMIT,20,CONVICTION,2026-08-26_1727,2026-08-24
CPOP,SHORT,CONVICTION,62.0,BEAR_REJECTION_PENDING,0.35,0.36,0.33,,6131,1.06,0.3449999988079071,0.3499999940395355,0.33000001311302185,248200.0,1.47,NO_FILL,0.0,HOSTILE,LIMIT,20,MINOR,2026-08-26_1727,2026-08-24
CSGP,SHORT,CONVICTION,62.0,BEAR_REJECTION_PENDING,33.32,33.94,29.47,30.68,160,6.19,32.84000015258789,32.900001525878906,32.290000915527344,5035000.0,0.53,NO_FILL,0.0,HOSTILE,LIMIT,18,COMPRESSION,2026-08-26_1727,2026-08-24
BTDR,SHORT,CONVICTION,62.0,BEAR_REJECTION_PENDING,11.15,11.49,10.23,10.29,291,2.68,10.90999984741211,11.739999771118164,10.8100004196167,12867500.0,-1.71,STOPPED,-1.0,HOSTILE,LIMIT,20,MINOR,2026-08-26_1727,2026-08-24
ENSC,SHORT,CONVICTION,62.0,BEAR_REJECTION_PENDING,0.37,0.4,0.35,,2824,0.52,0.3610000014305115,0.37299999594688416,0.3540000021457672,966700.0,-1.12,CLOSED,0.3,HOSTILE,LIMIT,20,COMPRESSION,2026-08-26_1727,2026-08-24
QBTS,SHORT,CONVICTION,62.0,BEAR_REJECTION_PENDING,20.0,20.39,17.86,18.09,253,5.42,18.68000030517578,19.950000762939453,18.65999984741211,17132600.0,-6.55,NO_FILL,0.0,HOSTILE,LIMIT,20,COMPRESSION,2026-08-26_1727,2026-08-24
AMZN,SHORT,CONVICTION,62.0,BEAR_REJECTION_PENDING,258.05,260.7,233.35,221.25,37,9.3,262.07000732421875,263.32000732421875,259.04998779296875,28070500.0,1.63,STOPPED,-1.0,HOSTILE,LIMIT,20,COMPRESSION,2026-08-26_1727,2026-08-24
OWL,SHORT,CONVICTION,62.0,BEAR_REJECTION_PENDING,11.69,11.91,10.45,10.45,445,5.5,11.680000305175781,11.835000038146973,11.569999694824219,10869400.0,0.69,CLOSED,0.05,HOSTILE,LIMIT,20,COMPRESSION,2026-08-26_1727,2026-08-24
OKLO,SHORT,CONVICTION,62.0,BEAR_REJECTION_PENDING,41.5,42.42,37.26,36.35,108,4.61,39.689998626708984,41.29999923706055,39.41999816894531,7617000.0,-4.22,NO_FILL,0.0,HOSTILE,LIMIT,20,COMPRESSION,2026-08-26_1727,2026-08-24
HUMA,SHORT,CONVICTION,62.0,BEAR_REJECTION_PENDING,0.67,0.69,0.6,0.57,4755,3.09,0.6620000004768372,0.6940000057220459,0.6420000195503235,3757500.0,-0.44,STOPPED,-1.0,HOSTILE,LIMIT,20,COMPRESSION,2026-08-26_1727,2026-08-24
UWMC,SHORT,CONVICTION,62.0,BEAR_REJECTION_PENDING,1.41,1.46,1.27,1.23,1860,2.6,1.4199999570846558,1.4500000476837158,1.350000023841858,10211400.0,1.37,CLOSED_LOSS,-0.2,HOSTILE,LIMIT,20,MINOR,2026-08-26_1727,2026-08-24
SRXH,SHORT,CONVICTION,62.0,BEAR_REJECTION_PENDING,1.87,1.92,1.71,1.71,1970,3.15,1.809999942779541,1.8600000143051147,1.7730000019073486,387600.0,-2.69,NO_FILL,0.0,HOSTILE,LIMIT,14,MINOR,2026-08-26_1727,2026-08-24
VTAK,SHORT,CONVICTION,62.0,BEAR_REJECTION_PENDING,0.21,0.22,0.2,,9734,1.0,0.20999999344348907,0.20999999344348907,0.20000000298023224,403700.0,3.75,NO_FILL,0.0,HOSTILE,LIMIT,7,MINOR,2026-08-26_1727,2026-08-24
SES,SHORT,CONVICTION,62.0,BEAR_REJECTION_PENDING,0.55,0.57,0.5,0.51,5995,2.96,0.5400000214576721,0.5429999828338623,0.5170000195503235,5359600.0,-1.53,NO_FILL,0.0,HOSTILE,LIMIT,20,COMPRESSION,2026-08-26_1727,2026-08-24
MGRX,SHORT,CONVICTION,62.0,BEAR_REJECTION_PENDING,0.36,0.39,0.34,,3813,0.69,0.382999986410141,0.38499999046325684,0.36000001430511475,955700.0,6.42,CLOSED_LOSS,-0.77,HOSTILE,LIMIT,15,MINOR,2026-08-26_1727,2026-08-24
HAO,SHORT,CONVICTION,62.0,BEAR_REJECTION_PENDING,3.52,3.71,3.11,2.94,522,2.16,3.009999990463257,3.4600000381469727,2.950000047683716,101600.0,-12.75,NO_FILL,0.0,HOSTILE,LIMIT,20,MINOR,2026-08-26_1727,2026-08-24
NMRA,SHORT,CONVICTION,62.0,BEAR_REJECTION_PENDING,1.65,1.74,1.5,1.42,1119,1.62,1.524999976158142,1.649999976158142,1.5099999904632568,1155400.0,-6.44,NO_FILL,0.0,HOSTILE,LIMIT,15,MINOR,2026-08-26_1727,2026-08-24
LASE,SHORT,CONVICTION,62.0,BEAR_REJECTION_PENDING,1.27,1.3,1.21,1.1,3425,2.12,1.309999942779541,1.309999942779541,1.2100000381469727,1028000.0,3.15,STOPPED,-1.0,HOSTILE,LIMIT,20,MINOR,2026-08-26_1727,2026-08-24
DGXX,SHORT,CONVICTION,62.0,BEAR_REJECTION_PENDING,3.95,4.11,3.67,3.47,623,1.75,4.0,4.195000171661377,3.9200000762939453,1915500.0,1.52,STOPPED,-1.0,HOSTILE,LIMIT,14,MINOR,2026-08-26_1727,2026-08-24
RARE,SHORT,CONVICTION,62.0,BEAR_REJECTION_PENDING,26.28,26.73,24.08,24.7,220,4.86,25.719999313354492,26.09000015258789,25.299999237060547,1536400.0,-1.08,NO_FILL,0.0,HOSTILE,LIMIT,20,COMPRESSION,2026-08-26_1727,2026-08-24
ZENA,SHORT,CONVICTION,62.0,BEAR_REJECTION_PENDING,2.04,2.11,1.71,1.84,1489,4.92,1.7899999618530273,2.0,1.75,3896100.0,-10.5,NO_FILL,0.0,HOSTILE,LIMIT,20,MINOR,2026-08-26_1727,2026-08-24
CHAI,SHORT,CONVICTION,62.0,BEAR_REJECTION_PENDING,0.27,0.28,0.26,,14619,1.83,0.25999999046325684,0.27399998903274536,0.25600001215934753,434700.0,-2.18,TARGET_HIT,1.5,HOSTILE,LIMIT,20,MINOR,2026-08-26_1727,2026-08-24
ALTO,SHORT,CONVICTION,62.0,BEAR_REJECTION_PENDING,4.39,4.56,4.04,,595,2.08,4.190000057220459,4.349999904632568,4.139999866485596,1446400.0,-3.68,NO_FILL,0.0,HOSTILE,LIMIT,20,COMPRESSION,2026-08-26_1727,2026-08-24
APTV,SHORT,CONVICTION,62.0,BEAR_REJECTION_PENDING,49.55,50.26,47.55,47.68,140,2.8,47.34000015258789,48.25,47.060001373291016,2555600.0,-3.52,NO_FILL,0.0,HOSTILE,LIMIT,20,CONVICTION,2026-08-26_1727,2026-08-24
NASA,SHORT,CONVICTION,62.0,BEAR_REJECTION_PENDING,24.44,24.79,23.65,22.94,286,2.27,23.600000381469727,24.190000534057617,23.549999237060547,820900.0,-2.72,NO_FILL,0.0,HOSTILE,LIMIT,20,MINOR,2026-08-26_1727,2026-08-24
QNST,SHORT,CONVICTION,62.0,BEAR_REJECTION_PENDING,21.03,21.46,19.69,19.75,235,3.16,20.489999771118164,21.219999313354492,20.399999618530273,928700.0,-0.63,CLOSED,1.26,HOSTILE,LIMIT,20,COMPRESSION,2026-08-26_1727,2026-08-24
VSH,SHORT,CONVICTION,62.0,BEAR_REJECTION_PENDING,31.5,32.29,30.0,28.2,126,1.9,30.43000030517578,30.950000762939453,29.8700008392334,2496200.0,-1.93,NO_FILL,0.0,HOSTILE,LIMIT,20,CONVICTION,2026-08-26_1727,2026-08-24
FSM,SHORT,CONVICTION,62.0,BEAR_REJECTION_PENDING,11.95,12.11,10.78,11.14,623,7.3,12.1899995803833,12.359999656677246,11.9399995803833,5476200.0,3.16,STOPPED,-1.0,HOSTILE,LIMIT,20,COMPRESSION,2026-08-26_1727,2026-08-24
VAL,SHORT,CONVICTION,62.0,BEAR_REJECTION_PENDING,89.76,93.37,80.0,80.0,27,2.7,85.80999755859375,86.97000122070312,83.95999908447266,409900.0,-2.49,NO_FILL,0.0,HOSTILE,LIMIT,20,CONVICTION,2026-08-26_1727,2026-08-24
CACI,SHORT,CONVICTION,62.0,BEAR_REJECTION_PENDING,647.93,656.16,552.54,563.21,12,11.59,636.5,644.030029296875,628.1599731445312,287700.0,-1.68,NO_FILL,0.0,HOSTILE,LIMIT,20,CONVICTION,2026-08-26_1727,2026-08-24
SMCL,SHORT,CONVICTION,62.0,BEAR_REJECTION_PENDING,16.75,17.47,15.18,14.27,138,2.17,15.039999961853027,16.360000610351562,14.100000381469727,613200.0,-8.4,NO_FILL,0.0,HOSTILE,LIMIT,10,COMPRESSION,2026-08-26_1727,2026-08-24
ORCU,SHORT,CONVICTION,62.0,BEAR_REJECTION_PENDING,7.79,8.0,7.04,6.87,483,3.62,7.360000133514404,7.659999847412109,7.2230000495910645,2221400.0,-5.4,NO_FILL,0.0,HOSTILE,LIMIT,20,COMPRESSION,2026-08-26_1727,2026-08-24
ALOY,SHORT,CONVICTION,62.0,BEAR_REJECTION_PENDING,12.52,12.95,11.0,11.14,232,3.53,11.09000015258789,12.170000076293945,11.020000457763672,2691500.0,-10.06,NO_FILL,0.0,HOSTILE,LIMIT,18,COMPRESSION,2026-08-26_1727,2026-08-24
SXTC,SHORT,CONVICTION,62.0,BEAR_REJECTION_PENDING,3.84,4.31,3.65,,212,0.41,3.799999952316284,4.0,3.75,140000.0,-0.78,CLOSED,0.09,HOSTILE,LIMIT,15,MINOR,2026-08-26_1727,2026-08-24
TNON,SHORT,CONVICTION,62.0,BEAR_REJECTION_PENDING,6.38,7.04,6.06,,151,0.48,6.309999942779541,6.75,6.199999809265137,293400.0,-0.63,CLOSED,0.11,HOSTILE,LIMIT,12,MINOR,2026-08-26_1727,2026-08-24
XOS,SHORT,CONVICTION,62.0,BEAR_REJECTION_PENDING,3.44,3.64,2.97,2.97,514,2.43,3.490000009536743,3.7269999980926514,3.259999990463257,1268800.0,2.65,STOPPED,-1.0,HOSTILE,LIMIT,15,COMPRESSION,2026-08-26_1727,2026-08-24
ROBN,SHORT,CONVICTION,62.0,BEAR_REJECTION_PENDING,31.0,31.81,29.55,26.78,122,1.78,29.239999771118164,32.470001220703125,29.020000457763672,1033000.0,-5.65,STOPPED,-1.0,HOSTILE,LIMIT,20,COMPRESSION,2026-08-26_1727,2026-08-24
RIGL,SHORT,CONVICTION,61.9,BEAR_REJECTION_PENDING,46.75,47.44,42.9,44.02,145,5.6,45.11000061035156,46.209999084472656,44.5099983215332,542000.0,-1.7,NO_FILL,0.0,HOSTILE,LIMIT,11,COMPRESSION,2026-08-26_1727,2026-08-24
INGM,SHORT,CONVICTION,61.9,BEAR_REJECTION_PENDING,28.05,28.69,24.82,24.82,155,5.03,27.799999237060547,28.610000610351562,27.540000915527344,1079700.0,1.09,CLOSED,0.39,HOSTILE,LIMIT,20,COMPRESSION,2026-08-26_1727,2026-08-24
MRNY,SHORT,CONVICTION,61.9,BEAR_REJECTION_PENDING,34.65,35.73,32.08,32.08,92,2.38,33.150001525878906,34.380001068115234,31.459999084472656,219200.0,-3.24,NO_FILL,0.0,HOSTILE,LIMIT,17,MINOR,2026-08-26_1727,2026-08-24
KHC,SHORT,CONVICTION,61.8,BEAR_REJECTION_PENDING,26.18,27.37,23.74,22.25,84,2.07,25.670000076293945,26.010000228881836,25.579999923706055,11233200.0,0.0,NO_FILL,0.0,HOSTILE,LIMIT,20,COMPRESSION,2026-08-26_1727,2026-08-24
DIOD,SHORT,CONVICTION,61.8,BEAR_REJECTION_PENDING,95.92,98.37,86.88,80.5,40,3.69,89.75,92.22000122070312,88.55999755859375,502300.0,-4.56,NO_FILL,0.0,HOSTILE,LIMIT,20,COMPRESSION,2026-08-26_1727,2026-08-24
FLR,SHORT,CONVICTION,61.8,BEAR_REJECTION_PENDING,52.5,53.6,45.54,44.42,91,6.35,51.279998779296875,53.15999984741211,51.189998626708984,1845100.0,-1.4,CLOSED,1.11,HOSTILE,LIMIT,20,COMPRESSION,2026-08-26_1727,2026-08-24
OMDA,SHORT,CONVICTION,61.8,BEAR_REJECTION_PENDING,23.52,24.01,20.7,21.02,204,5.75,24.079999923706055,24.94300079345703,23.610000610351562,942400.0,2.47,STOPPED,-1.0,HOSTILE,LIMIT,18,MINOR,2026-08-26_1727,2026-08-24
HLNE,SHORT,CONVICTION,61.8,BEAR_REJECTION_PENDING,105.45,106.72,90.15,101.97,78,12.08,105.19999694824219,106.9000015258789,103.93000030517578,513400.0,-0.14,STOPPED,-1.0,HOSTILE,LIMIT,10,CONVICTION,2026-08-26_1727,2026-08-24
KNX,SHORT,CONVICTION,61.8,BEAR_REJECTION_PENDING,72.5,73.16,70.02,70.02,150,3.73,69.12000274658203,72.26000213623047,68.33999633789062,3331800.0,-3.45,NO_FILL,0.0,HOSTILE,LIMIT,20,COMPRESSION,2026-08-26_1727,2026-08-24
RIG,SHORT,CONVICTION,61.7,BEAR_REJECTION_PENDING,6.04,6.51,5.26,,210,1.64,5.769999980926514,5.849999904632568,5.659999847412109,37014600.0,-2.53,NO_FILL,0.0,HOSTILE,LIMIT,20,COMPRESSION,2026-08-26_1727,2026-08-24
FRPT,SHORT,CONVICTION,61.7,BEAR_REJECTION_PENDING,73.01,74.33,66.6,69.06,75,4.84,76.55000305175781,77.12999725341797,73.66999816894531,1428000.0,5.43,STOPPED,-1.0,HOSTILE,LIMIT,20,COMPRESSION,2026-08-26_1727,2026-08-24
COTY,SHORT,CONVICTION,61.5,BEAR_REJECTION_PENDING,2.75,2.8,2.42,2.5,1853,6.12,2.7899999618530273,2.8299999237060547,2.6700000762939453,6801300.0,2.2,STOPPED,-1.0,HOSTILE,LIMIT,7,COMPRESSION,2026-08-26_1727,2026-08-24
COUR,SHORT,CONVICTION,61.5,BEAR_REJECTION_PENDING,6.12,6.2,5.54,5.54,1292,7.5,6.019999980926514,6.210000038146973,5.925000190734863,4449900.0,0.18,STOPPED,-1.0,HOSTILE,LIMIT,6,MINOR,2026-08-26_1727,2026-08-24
OPEN,SHORT,CONVICTION,61.4,BEAR_REJECTION_PENDING,3.58,3.78,3.18,3.07,503,2.0,3.430000066757202,3.569999933242798,3.4100000858306885,32794000.0,-2.28,NO_FILL,0.0,HOSTILE,LIMIT,4,MINOR,2026-08-26_1727,2026-08-24
LQDA,SHORT,CONVICTION,61.3,BEAR_REJECTION_PENDING,70.18,72.62,64.97,62.82,40,2.13,70.2699966430664,71.11000061035156,67.25,1291300.0,2.14,CLOSED_LOSS,-0.04,HOSTILE,LIMIT,20,CONVICTION,2026-08-26_1727,2026-08-24
BTG,SHORT,CONVICTION,61.2,BEAR_REJECTION_PENDING,5.62,5.72,5.16,5.25,1015,4.67,5.71999979019165,5.739999771118164,5.579999923706055,41016800.0,3.81,STOPPED,-1.0,HOSTILE,LIMIT,2,COMPRESSION,2026-08-26_1727,2026-08-24
OBE,SHORT,CONVICTION,61.0,BEAR_REJECTION_PENDING,12.2,14.0,11.59,,55,0.34,11.520000457763672,11.84000015258789,11.380000114440918,439600.0,-3.68,NO_FILL,0.0,HOSTILE,LIMIT,10,COMPRESSION,2026-08-26_1727,2026-08-24
VSAT,SHORT,CONVICTION,61.0,BEAR_REJECTION_PENDING,75.67,78.24,67.39,67.39,39,3.23,72.27999877929688,74.25,71.87000274658203,1433600.0,-2.57,NO_FILL,0.0,HOSTILE,LIMIT,20,VACUUM,2026-08-26_1727,2026-08-24
BABA,SHORT,CONVICTION,61.0,BEAR_REJECTION_PENDING,115.24,119.39,107.6,,24,1.84,118.47000122070312,120.47000122070312,116.4000015258789,23933700.0,2.84,STOPPED,-1.0,HOSTILE,LIMIT,20,CONVICTION,2026-08-26_1727,2026-08-24
MEDP,SHORT,CONVICTION,60.9,BEAR_REJECTION_PENDING,621.5,626.79,605.82,600.0,18,2.97,620.030029296875,622.489990234375,612.0,186200.0,-0.12,CLOSED,0.28,HOSTILE,LIMIT,8,MINOR,2026-08-26_1727,2026-08-24
OII,SHORT,CONVICTION,60.9,BEAR_REJECTION_PENDING,53.91,54.53,52.36,48.52,160,2.49,50.459999084472656,53.369998931884766,49.869998931884766,825400.0,-4.79,NO_FILL,0.0,HOSTILE,LIMIT,20,MINOR,2026-08-26_1727,2026-08-24
BRZE,SHORT,CONVICTION,60.7,BEAR_REJECTION_PENDING,31.68,32.16,27.73,30.19,206,8.17,31.440000534057617,31.899999618530273,30.700000762939453,6207400.0,1.22,CLOSED,0.5,HOSTILE,LIMIT,3,COMPRESSION,2026-08-26_1727,2026-08-24
MATX,SHORT,CONVICTION,60.7,BEAR_REJECTION_PENDING,222.89,225.11,217.33,216.0,45,2.51,222.67999267578125,226.2100067138672,220.6199951171875,428900.0,-0.05,STOPPED,-1.0,HOSTILE,LIMIT,6,MINOR,2026-08-26_1727,2026-08-24
ORIC,SHORT,CONVICTION,60.6,BEAR_REJECTION_PENDING,14.32,14.77,12.59,12.2,220,3.81,13.460000038146973,14.520000457763672,13.4399995803833,1109900.0,-4.74,CLOSED,1.5,HOSTILE,LIMIT,8,MINOR,2026-08-26_1727,2026-08-24
APPN,SHORT,CONVICTION,60.5,BEAR_REJECTION_PENDING,39.07,39.76,35.27,37.3,143,5.45,39.16999816894531,39.599998474121094,38.04999923706055,992600.0,2.27,CLOSED_LOSS,-0.14,HOSTILE,LIMIT,4,COMPRESSION,2026-08-26_1727,2026-08-24
AREC,SHORT,CONVICTION,60.4,BEAR_REJECTION_PENDING,2.75,2.86,2.36,2.5,916,3.61,2.509999990463257,2.680000066757202,2.490000009536743,1571200.0,-7.05,NO_FILL,0.0,HOSTILE,LIMIT,20,MINOR,2026-08-26_1727,2026-08-24
FSLY,SHORT,CONVICTION,60.4,BEAR_REJECTION_PENDING,25.2,26.96,21.73,,56,1.98,22.940000534057617,24.360000610351562,22.8700008392334,3176600.0,-7.16,NO_FILL,0.0,HOSTILE,LIMIT,16,MINOR,2026-08-26_1727,2026-08-24
CBLL,SHORT,CONVICTION,60.3,BEAR_REJECTION_PENDING,24.68,25.08,23.0,21.35,255,4.3,23.940000534057617,24.329999923706055,23.649999618530273,408900.0,-1.07,NO_FILL,0.0,HOSTILE,LIMIT,20,COMPRESSION,2026-08-26_1727,2026-08-24
AGNC,SHORT,CONVICTION,60.3,BEAR_REJECTION_PENDING,11.13,12.03,9.63,,110,1.66,10.979999542236328,11.0,10.84000015258789,14103300.0,0.64,NO_FILL,0.0,HOSTILE,LIMIT,9,COMPRESSION,2026-08-26_1727,2026-08-24
NVCR,SHORT,CONVICTION,60.2,BEAR_REJECTION_PENDING,17.84,18.08,15.04,16.35,424,11.89,16.760000228881836,17.05500030517578,16.329999923706055,1607200.0,-4.5,NO_FILL,0.0,HOSTILE,LIMIT,17,COMPRESSION,2026-08-26_1727,2026-08-24
U,SHORT,CONVICTION,60.2,BEAR_REJECTION_PENDING,47.69,49.7,44.62,42.54,49,1.52,46.15999984741211,46.900001525878906,45.959999084472656,9374600.0,-1.26,NO_FILL,0.0,HOSTILE,LIMIT,1,COMPRESSION,2026-08-26_1727,2026-08-24
UPC,SHORT,CONVICTION,60.2,BEAR_REJECTION_PENDING,5.3,5.63,4.5,,308,2.48,5.360000133514404,5.360000133514404,5.110000133514404,19500.0,3.08,CLOSED_LOSS,-0.18,HOSTILE,LIMIT,20,MINOR,2026-08-26_1727,2026-08-24
ECG,SHORT,CONVICTION,60.2,SHORT_UPPER_DIRTY,125.96,129.34,124.25,,29,0.51,120.5,124.9800033569336,120.0,676700.0,-4.33,NO_FILL,0.0,HOSTILE,LIMIT,20,COMPRESSION,2026-08-26_1727,2026-08-24
GWRE,SHORT,CONVICTION,60.1,BEAR_REJECTION_PENDING,192.97,204.43,175.0,164.0,8,1.57,191.88999938964844,193.22999572753906,187.07000732421875,1550900.0,1.43,CLOSED,0.09,HOSTILE,LIMIT,8,COMPRESSION,2026-08-26_1727,2026-08-24
ASTX,SHORT,CONVICTION,60.1,BEAR_REJECTION_PENDING,13.4,14.1,11.84,,142,2.23,11.510000228881836,13.350000381469727,11.449999809265137,3258300.0,-13.39,NO_FILL,0.0,HOSTILE,LIMIT,20,COMPRESSION,2026-08-26_1727,2026-08-24
CRGY,SHORT,CONVICTION,60.1,BEAR_REJECTION_PENDING,14.43,15.26,13.05,12.08,121,1.68,13.850000381469727,13.9399995803833,13.479999542236328,4529200.0,-2.12,NO_FILL,0.0,HOSTILE,LIMIT,2,COMPRESSION,2026-08-26_1727,2026-08-24
MAIN,SHORT,CONVICTION,60.1,BEAR_REJECTION_PENDING,59.57,64.12,52.48,,21,1.56,58.91999816894531,59.04999923706055,58.099998474121094,342100.0,0.89,NO_FILL,0.0,HOSTILE,LIMIT,20,COMPRESSION,2026-08-26_1727,2026-08-24
XPRO,SHORT,CONVICTION,60.0,BEAR_REJECTION_PENDING,18.23,18.47,17.14,17.14,413,4.51,17.90999984741211,18.020000457763672,17.59000015258789,452500.0,-1.7,NO_FILL,0.0,HOSTILE,LIMIT,7,COMPRESSION,2026-08-26_1727,2026-08-24
GCT,SHORT,CONVICTION,60.0,BEAR_REJECTION_PENDING,50.64,52.06,43.87,42.28,70,4.78,50.5099983215332,50.617000579833984,48.56999969482422,375100.0,1.73,NO_FILL,0.0,HOSTILE,LIMIT,20,MINOR,2026-08-26_1727,2026-08-24
DOCU,SHORT,CONVICTION,60.0,BEAR_REJECTION_PENDING,61.6,62.4,56.43,57.98,124,6.43,62.560001373291016,62.9900016784668,61.310001373291016,1907300.0,2.56,STOPPED,-1.0,HOSTILE,LIMIT,16,MINOR,2026-08-26_1727,2026-08-24
ARQT,SHORT,CONVICTION,60.0,BEAR_REJECTION_PENDING,25.7,27.13,21.45,21.9,69,2.97,24.780000686645508,25.209999084472656,24.489999771118164,1128400.0,-1.67,NO_FILL,0.0,HOSTILE,LIMIT,20,MINOR,2026-08-26_1727,2026-08-24
KSPI,SHORT,CONVICTION,60.0,BEAR_REJECTION_PENDING,108.14,110.28,99.18,91.45,46,4.18,106.45999908447266,107.87999725341797,104.87999725341797,579300.0,0.42,NO_FILL,0.0,HOSTILE,LIMIT,2,COMPRESSION,2026-08-26_1727,2026-08-24
BTSG,SHORT,CONVICTION,60.0,BEAR_REJECTION_PENDING,60.09,63.65,53.29,,28,1.91,59.4900016784668,60.13999938964844,58.25,2191600.0,0.98,CLOSED,0.17,HOSTILE,LIMIT,20,COMPRESSION,2026-08-26_1727,2026-08-24
EPAM,SHORT,CONVICTION,60.0,BEAR_REJECTION_PENDING,111.83,114.91,95.26,99.52,32,5.38,111.26000213623047,112.29000091552734,109.31999969482422,1018700.0,0.54,CLOSED,0.19,HOSTILE,LIMIT,16,CONVICTION,2026-08-26_1727,2026-08-24
