date,ticker,clock_hour,gap_above_size,gap_above_atr_mult,gap_above_conviction,gap_above_tick_width,gap_above_distance_pct,gap_below_size,gap_below_atr_mult,gap_below_conviction,gap_below_tick_width,gap_below_distance_pct,n_gaps_above,n_gaps_below,setup_fired,side,score,tier,spy_regime,atr_14_daily,obv_state
2026-09-25,GLND,6.0,,,,,,0.3385,0.663,MINOR,34,427.0,0,15,BULL_BOUNCE_PENDING,LONG,98.8,CONVICTION,FAVORABLE,0.5103,RISING
2026-09-25,VSH,6.0,1.66,1.032,CONVICTION,166,667.0,0.01,0.006,COMPRESSION,1,1132.0,35,26,BULL_BOUNCE_PENDING,LONG,70.6,CONVICTION,FAVORABLE,1.6081,RISING
2026-09-25,APUS,,0.14,0.187,MINOR,15,259.0,2.63,3.506,CONVICTION,263,180.0,7,4,BULL_BOUNCE_PENDING,LONG,80.3,CONVICTION,FAVORABLE,0.7501,RISING
2026-09-25,AI,6.0,0.02,0.043,MINOR,2,112.0,0.16,0.347,COMPRESSION,17,28.0,11,25,BULL_BOUNCE_PENDING,LONG,67.9,CONVICTION,FAVORABLE,0.4611,FALLING
2026-09-25,BENF,,0.0001,0.0,MINOR,1,60.0,0.11,0.16,MINOR,12,599.0,2,11,BULL_BOUNCE_PENDING,LONG,66.0,CONVICTION,FAVORABLE,0.6863,RISING
2026-09-25,WDAY,6.0,0.8,0.107,MINOR,80,849.0,5.5,0.738,CONVICTION,550,1313.0,27,25,BULL_BOUNCE_PENDING,LONG,80.5,CONVICTION,FAVORABLE,7.4572,FALLING
2026-09-25,ALVO,,0.0149,0.054,MINOR,2,170.0,0.06,0.219,COMPRESSION,7,816.0,2,43,BULL_BOUNCE,LONG,74.2,CONVICTION,FAVORABLE,0.2738,RISING
2026-09-25,NMAX,6.0,0.14,0.24,COMPRESSION,15,323.0,0.405,0.695,COMPRESSION,41,929.0,25,29,BULL_BOUNCE_PENDING,LONG,66.9,CONVICTION,FAVORABLE,0.5827,RISING
2026-09-25,ALMR,6.0,0.22,0.099,COMPRESSION,22,494.0,0.44,0.197,COMPRESSION,45,1015.0,40,47,BULL_BOUNCE_PENDING,LONG,54.0,MARGINAL,FAVORABLE,2.2318,RISING
2026-09-25,VICR,6.0,0.69,0.038,MINOR,69,570.0,10.79,0.597,CONVICTION,1079,1269.0,31,37,BULL_BOUNCE_PENDING,LONG,59.7,MARGINAL,FAVORABLE,18.0704,RISING
2026-09-25,CTNT,6.0,,,,,,0.0014,0.009,COMPRESSION,1,256.0,0,2,,,,NONE,FAVORABLE,0.1536,RISING
2026-09-25,INLF,6.0,0.83,3.598,COMPRESSION,83,18.0,0.05,0.217,MINOR,5,847.0,6,3,BULL_BOUNCE_PENDING,LONG,85.0,CONVICTION,FAVORABLE,0.2307,NEUTRAL
2026-09-25,SUGP,6.0,0.048,0.519,COMPRESSION,5,1171.0,0.0038,0.041,COMPRESSION,1,934.0,2,26,BULL_BOUNCE_PENDING,LONG,61.5,CONVICTION,FAVORABLE,0.0925,FALLING
2026-09-25,GRML,6.0,,,,,,0.8932,0.369,MINOR,90,87.0,0,29,BULL_BOUNCE_PENDING,LONG,85.9,CONVICTION,FAVORABLE,2.4205,RISING
2026-09-25,SDEV,6.0,,,,,,0.02,0.176,COMPRESSION,3,1029.0,0,25,BULL_BOUNCE_PENDING,LONG,77.9,CONVICTION,FAVORABLE,0.1138,RISING
2026-09-25,ONCO,6.0,0.0048,0.038,MINOR,1,1085.0,0.0052,0.041,MINOR,1,1415.0,1,5,BULL_BOUNCE_PENDING,LONG,72.9,CONVICTION,FAVORABLE,0.1268,RISING
2026-09-25,SDST,6.0,0.0059,0.138,COMPRESSION,1,1101.0,0.0004,0.009,COMPRESSION,1,283.0,2,25,BULL_BOUNCE_PENDING,LONG,56.0,MARGINAL,FAVORABLE,0.0429,RISING
2026-09-25,FNGR,6.0,0.0056,0.354,MINOR,1,71.0,0.0001,0.006,MINOR,1,443.0,9,14,BULL_BOUNCE_PENDING,LONG,57.0,MARGINAL,FAVORABLE,0.0158,NEUTRAL
2026-09-25,DCX,6.0,0.0044,0.034,COMPRESSION,1,832.0,0.0002,0.002,MINOR,1,926.0,2,7,BULL_BOUNCE_PENDING,LONG,61.0,CONVICTION,FAVORABLE,0.1278,FALLING
2026-09-25,RETO,6.0,0.0136,0.007,COMPRESSION,2,474.0,0.0001,0.0,MINOR,1,273.0,6,10,BEAR_REJECTION_PENDING,SHORT,60.4,CONVICTION,FAVORABLE,1.88,FALLING
2026-09-25,ATYR,6.0,0.0066,0.2,MINOR,1,103.0,,,,,,11,0,BEAR_REJECTION_PENDING,SHORT,50.0,MARGINAL,FAVORABLE,0.033,FALLING
2026-09-25,INTC,6.0,0.0188,0.003,MINOR,2,771.0,1.32,0.191,CONVICTION,132,143.0,4,46,BULL_BOUNCE_PENDING,LONG,56.6,MARGINAL,FAVORABLE,6.9242,RISING
2026-09-25,NCT,6.0,0.07,0.026,MINOR,7,995.0,0.15,0.056,MINOR,16,256.0,17,8,BULL_BOUNCE_PENDING,LONG,50.0,MARGINAL,FAVORABLE,2.6894,RISING
2026-09-25,TWG,6.0,0.0019,0.034,MINOR,1,1052.0,0.0001,0.002,MINOR,1,91.0,13,1,BULL_BOUNCE_PENDING,LONG,71.0,CONVICTION,FAVORABLE,0.0567,FALLING
2026-09-25,DK,6.0,3.81,0.843,CONVICTION,382,289.0,0.06,0.013,COMPRESSION,7,150.0,45,16,BULL_BOUNCE_PENDING,LONG,74.9,CONVICTION,FAVORABLE,4.5197,FALLING
2026-09-25,SABR,6.0,0.005,0.034,MINOR,1,383.0,0.04,0.272,COMPRESSION,4,1486.0,6,22,BULL_BOUNCE_PENDING,LONG,64.5,CONVICTION,FAVORABLE,0.1468,FALLING
2026-09-25,NRGV,6.0,0.02,0.06,COMPRESSION,2,739.0,0.07,0.21,COMPRESSION,8,393.0,27,49,BULL_BOUNCE_PENDING,LONG,81.5,CONVICTION,FAVORABLE,0.3335,RISING
2026-09-25,CAI,6.0,0.02,0.013,COMPRESSION,3,548.0,0.25,0.165,COMPRESSION,25,632.0,5,56,BULL_BOUNCE_PENDING,LONG,70.0,CONVICTION,FAVORABLE,1.5195,RISING
2026-09-25,VIR,6.0,0.07,0.131,COMPRESSION,8,310.0,0.12,0.224,COMPRESSION,12,616.0,32,33,BULL_BOUNCE_PENDING,LONG,54.0,MARGINAL,FAVORABLE,0.5346,FALLING
2026-09-25,XRX,6.0,0.07,0.345,MINOR,8,119.0,0.01,0.049,COMPRESSION,1,863.0,19,32,BULL_BOUNCE,LONG,65.0,CONVICTION,FAVORABLE,0.2027,NEUTRAL
2026-09-25,MRVI,6.0,0.25,0.678,COMPRESSION,25,601.0,0.03,0.081,COMPRESSION,4,862.0,12,67,BULL_BOUNCE_PENDING,LONG,72.8,CONVICTION,FAVORABLE,0.3689,NEUTRAL
2026-09-25,CDNA,6.0,1.26,0.493,VACUUM,127,99.0,0.04,0.016,MINOR,4,491.0,6,53,BULL_BOUNCE_PENDING,LONG,64.0,CONVICTION,FAVORABLE,2.5573,NEUTRAL
2026-09-25,ARHS,6.0,0.01,0.02,COMPRESSION,1,1426.0,0.62,1.254,COMPRESSION,62,782.0,2,43,BULL_BOUNCE_PENDING,LONG,69.9,CONVICTION,FAVORABLE,0.4945,RISING
2026-09-25,VSTM,6.0,0.08,0.163,COMPRESSION,9,385.0,0.1,0.204,COMPRESSION,10,333.0,23,32,BULL_BOUNCE_PENDING,LONG,54.0,MARGINAL,FAVORABLE,0.4902,NEUTRAL
2026-09-25,TENB,6.0,0.01,0.005,MINOR,2,99.0,0.53,0.24,MINOR,54,1413.0,25,33,BULL_BOUNCE_PENDING,LONG,62.6,CONVICTION,FAVORABLE,2.2043,FALLING
2026-09-25,FIVN,6.0,0.17,0.08,COMPRESSION,18,362.0,0.53,0.25,COMPRESSION,54,884.0,23,53,BULL_BOUNCE_PENDING,LONG,84.6,CONVICTION,FAVORABLE,2.1186,RISING
2026-09-25,ANGX,6.0,0.08,0.214,COMPRESSION,9,372.0,0.05,0.134,COMPRESSION,5,434.0,41,15,BULL_BOUNCE_PENDING,LONG,80.7,CONVICTION,FAVORABLE,0.3736,FALLING
2026-09-25,DC,6.0,0.12,0.355,MINOR,13,119.0,0.14,0.415,COMPRESSION,14,741.0,14,51,BULL_BOUNCE_PENDING,LONG,57.1,MARGINAL,FAVORABLE,0.3377,RISING
2026-09-25,AMPL,6.0,0.004,0.006,MINOR,1,266.0,0.08,0.114,COMPRESSION,9,170.0,15,30,BULL_BOUNCE_PENDING,LONG,69.6,CONVICTION,FAVORABLE,0.7028,NEUTRAL
2026-09-25,DOCN,6.0,6.75,0.664,CONVICTION,675,1233.0,1.36,0.134,CONVICTION,137,738.0,7,81,BULL_BOUNCE_PENDING,LONG,46.0,MARGINAL,FAVORABLE,10.1607,FALLING
2026-09-25,ESTC,6.0,1.79,0.508,CONVICTION,179,491.0,0.55,0.156,COMPRESSION,56,413.0,21,33,BULL_BOUNCE_PENDING,LONG,69.1,CONVICTION,FAVORABLE,3.5235,NEUTRAL
2026-09-25,WGS,6.0,2.64,0.414,CONVICTION,265,761.0,1.92,0.301,VACUUM,193,1147.0,70,25,BULL_BOUNCE_PENDING,LONG,71.3,CONVICTION,FAVORABLE,6.3842,NEUTRAL
2026-09-25,CLMT,6.0,1.48,0.603,CONVICTION,149,517.0,0.505,0.206,COMPRESSION,51,972.0,37,45,BULL_BOUNCE_PENDING,LONG,85.5,CONVICTION,FAVORABLE,2.4553,FALLING
2026-09-25,AUGO,6.0,1.94,0.412,CONVICTION,194,40.0,0.98,0.208,COMPRESSION,99,731.0,54,36,BULL_BOUNCE_PENDING,LONG,67.0,CONVICTION,FAVORABLE,4.7143,NEUTRAL
2026-09-25,CHPT,6.0,0.13,0.161,MINOR,14,55.0,0.005,0.006,COMPRESSION,1,729.0,26,27,BULL_BOUNCE,LONG,63.0,CONVICTION,FAVORABLE,0.8068,NEUTRAL
2026-09-25,FTRE,6.0,0.63,0.619,COMPRESSION,63,1459.0,0.1,0.098,MINOR,11,1404.0,12,42,BULL_BOUNCE,LONG,71.0,CONVICTION,FAVORABLE,1.0184,RISING
2026-09-25,VSAT,6.0,3.89,0.944,VACUUM,390,515.0,3.72,0.903,CONVICTION,372,859.0,46,45,BULL_BOUNCE_CONFIRMED,LONG,89.0,CONVICTION,FAVORABLE,4.1203,RISING
2026-09-25,YEXT,6.0,0.13,0.483,COMPRESSION,13,832.0,0.14,0.521,COMPRESSION,14,1371.0,4,44,BULL_BOUNCE_PENDING,LONG,56.0,MARGINAL,FAVORABLE,0.2689,FALLING
2026-09-25,VIA,6.0,0.31,0.217,COMPRESSION,32,1208.0,0.09,0.063,COMPRESSION,9,417.0,11,45,BULL_BOUNCE_PENDING,LONG,59.8,MARGINAL,FAVORABLE,1.4291,RISING
2026-09-25,RPD,6.0,0.015,0.017,MINOR,2,436.0,0.1,0.116,COMPRESSION,10,607.0,38,31,BULL_BOUNCE_PENDING,LONG,72.7,CONVICTION,FAVORABLE,0.859,FALLING
2026-09-25,OABI,6.0,0.005,0.018,MINOR,1,932.0,0.03,0.111,COMPRESSION,4,466.0,13,29,BULL_BOUNCE_PENDING,LONG,58.7,MARGINAL,FAVORABLE,0.2707,RISING
2026-09-25,BLLN,6.0,0.155,0.023,MINOR,16,260.0,0.69,0.102,COMPRESSION,69,1358.0,10,32,BULL_BOUNCE_PENDING,LONG,49.4,MARGINAL,FAVORABLE,6.7619,FALLING
2026-09-25,CORT,6.0,0.55,0.099,MINOR,55,106.0,17.16,3.086,CONVICTION,1716,508.0,10,53,BEAR_REJECTION_PENDING,SHORT,56.8,MARGINAL,FAVORABLE,5.5604,FALLING
2026-09-25,EMBC,6.0,0.09,0.346,MINOR,9,142.0,0.03,0.115,MINOR,4,18.0,7,39,BULL_BOUNCE_PENDING,LONG,64.0,CONVICTION,FAVORABLE,0.2599,RISING
2026-09-25,BBNX,6.0,7.68,4.526,CONVICTION,768,455.0,0.3,0.177,MINOR,31,211.0,7,16,BEAR_REJECTION_PENDING,SHORT,69.0,CONVICTION,FAVORABLE,1.697,RISING
2026-09-25,OMER,6.0,0.126,0.134,MINOR,13,194.0,1.09,1.155,CONVICTION,109,273.0,30,45,BULL_BOUNCE_PENDING,LONG,88.2,CONVICTION,FAVORABLE,0.9436,RISING
2026-09-25,CVI,6.0,0.01,0.004,MINOR,1,565.0,0.59,0.211,COMPRESSION,60,205.0,24,38,BULL_BOUNCE_PENDING,LONG,71.5,CONVICTION,FAVORABLE,2.8016,FALLING
2026-09-25,SENS,6.0,0.018,0.037,COMPRESSION,2,68.0,0.02,0.041,COMPRESSION,2,725.0,3,53,BULL_BOUNCE_PENDING,LONG,56.0,MARGINAL,FAVORABLE,0.4866,RISING
2026-09-25,GRPN,6.0,0.44,0.407,COMPRESSION,44,734.0,0.57,0.527,COMPRESSION,58,629.0,21,45,BULL_BOUNCE_PENDING,LONG,59.9,MARGINAL,FAVORABLE,1.0824,RISING
2026-09-25,GCT,6.0,0.5037,0.193,MINOR,51,18.0,0.65,0.248,MINOR,65,318.0,4,45,BULL_BOUNCE_PENDING,LONG,65.0,CONVICTION,FAVORABLE,2.6164,NEUTRAL
2026-09-25,ODD,6.0,0.08,0.047,MINOR,8,238.0,2.95,1.72,CONVICTION,296,885.0,13,20,BULL_BOUNCE_PENDING,LONG,90.6,CONVICTION,FAVORABLE,1.7152,NEUTRAL
2026-09-25,PLSE,6.0,0.24,0.052,MINOR,25,110.0,0.4775,0.103,MINOR,48,68.0,15,25,BULL_BOUNCE_PENDING,LONG,68.3,CONVICTION,FAVORABLE,4.6163,NEUTRAL
2026-09-25,PAYS,6.0,0.1,0.15,MINOR,11,648.0,0.02,0.03,MINOR,2,380.0,28,25,BULL_BOUNCE_PENDING,LONG,71.4,CONVICTION,FAVORABLE,0.6646,NEUTRAL
2026-09-25,INSP,6.0,0.4,0.101,COMPRESSION,41,946.0,0.95,0.24,COMPRESSION,96,695.0,44,20,BULL_BOUNCE_PENDING,LONG,100.0,CONVICTION,FAVORABLE,3.9527,NEUTRAL
2026-09-25,EFOR,6.0,0.15,0.086,MINOR,15,327.0,0.67,0.386,COMPRESSION,67,1024.0,22,52,BULL_BOUNCE_PENDING,LONG,66.7,CONVICTION,FAVORABLE,1.7373,FALLING
2026-09-25,SANM,6.0,0.01,0.001,COMPRESSION,2,607.0,0.15,0.014,COMPRESSION,15,317.0,35,64,BULL_BOUNCE_PENDING,LONG,53.0,MARGINAL,FAVORABLE,10.6639,RISING
2026-09-25,APPN,6.0,0.74,0.353,COMPRESSION,75,657.0,0.59,0.281,COMPRESSION,60,601.0,46,26,BULL_BOUNCE_PENDING,LONG,88.5,CONVICTION,FAVORABLE,2.0987,FALLING
2026-09-25,BMNR,6.0,2.095,1.196,CONVICTION,210,246.0,1.57,0.896,CONVICTION,158,185.0,4,57,BULL_BOUNCE_PENDING,LONG,79.5,CONVICTION,FAVORABLE,1.7518,RISING
2026-09-25,CRCL,6.0,3.09,0.47,CONVICTION,310,1032.0,2.315,0.352,CONVICTION,232,535.0,15,68,BULL_BOUNCE_PENDING,LONG,91.8,CONVICTION,FAVORABLE,6.5733,RISING
2026-09-25,IONQ,6.0,0.08,0.029,COMPRESSION,8,895.0,1.3,0.479,CONVICTION,130,1018.0,24,59,BULL_BOUNCE_PENDING,LONG,65.6,CONVICTION,FAVORABLE,2.7144,RISING
2026-09-25,QLYS,6.0,0.79,0.081,MINOR,79,448.0,0.67,0.069,COMPRESSION,67,364.0,35,18,BULL_BOUNCE_PENDING,LONG,69.0,CONVICTION,FAVORABLE,9.7712,FALLING
2026-09-25,MSTR,6.0,8.245,0.901,CONVICTION,825,438.0,7.69,0.84,CONVICTION,770,29.0,19,50,BULL_BOUNCE_PENDING,LONG,81.0,CONVICTION,FAVORABLE,9.151,RISING
2026-09-25,OOMA,6.0,0.28,0.327,COMPRESSION,29,242.0,0.4878,0.57,MINOR,49,1081.0,35,22,DOUBLE_REJECTION_LONG,LONG,74.0,CONVICTION,FAVORABLE,0.8564,RISING
2026-09-25,RKLB,6.0,1.53,0.404,CONVICTION,154,273.0,0.715,0.189,COMPRESSION,72,1292.0,20,59,BEAR_REJECTION_PENDING,SHORT,53.7,MARGINAL,FAVORABLE,3.7917,RISING
2026-09-25,ALNT,6.0,0.92,0.171,COMPRESSION,92,11.0,1.62,0.301,CONVICTION,163,928.0,17,91,BULL_BOUNCE_PENDING,LONG,60.0,CONVICTION,FAVORABLE,5.3747,RISING
2026-09-25,FTK,6.0,0.08,0.046,COMPRESSION,8,430.0,0.9,0.513,COMPRESSION,90,333.0,29,47,BUY_LOWER_DIRTY,LONG,53.5,MARGINAL,FAVORABLE,1.7539,RISING
2026-09-25,SMCI,6.0,0.235,0.099,COMPRESSION,24,664.0,1.54,0.647,CONVICTION,154,372.0,6,67,BULL_BOUNCE_PENDING,LONG,62.9,CONVICTION,FAVORABLE,2.3807,NEUTRAL
2026-09-25,PS,6.0,,,,,,0.78,0.202,COMPRESSION,79,325.0,0,51,BULL_BOUNCE_PENDING,LONG,80.0,CONVICTION,FAVORABLE,3.8532,RISING
2026-09-25,AKAM,6.0,0.36,0.061,COMPRESSION,36,110.0,0.015,0.003,COMPRESSION,2,5.0,13,22,BULL_BOUNCE_PENDING,LONG,50.0,MARGINAL,FAVORABLE,5.8643,RISING
2026-09-25,AXTI,6.0,6.41,1.009,VACUUM,641,808.0,3.42,0.538,CONVICTION,343,649.0,5,55,BULL_BOUNCE_CONFIRMED,LONG,79.0,CONVICTION,FAVORABLE,6.3524,RISING
2026-09-25,USDE,6.0,0.0445,0.026,MINOR,5,185.0,2.86,1.673,CONVICTION,287,1212.0,3,38,BULL_BOUNCE_PENDING,LONG,61.0,CONVICTION,FAVORABLE,1.71,RISING
2026-09-25,NBIS,6.0,0.15,0.009,COMPRESSION,16,817.0,2.42,0.149,CONVICTION,243,903.0,15,61,BULL_BOUNCE_CONFIRMED,LONG,73.4,CONVICTION,FAVORABLE,16.2034,RISING
2026-09-25,PURR,6.0,,,,,,0.99,0.847,CONVICTION,100,150.0,0,28,BULL_BOUNCE_PENDING,LONG,50.0,MARGINAL,FAVORABLE,1.1692,RISING
2026-09-25,BE,6.0,5.9918,0.329,VACUUM,600,461.0,1.02,0.056,CONVICTION,102,247.0,17,31,BEAR_REJECTION_PENDING,SHORT,52.0,MARGINAL,FAVORABLE,18.1925,FALLING
2026-09-25,TSAT,6.0,0.01,0.003,COMPRESSION,1,154.0,0.01,0.003,COMPRESSION,1,652.0,52,66,BULL_BOUNCE_PENDING,LONG,52.0,MARGINAL,FAVORABLE,3.0946,RISING
2026-09-25,MRVL,6.0,2.55,0.196,CONVICTION,256,170.0,7.15,0.55,CONVICTION,716,513.0,6,65,BULL_BOUNCE_CONFIRMED,LONG,79.2,CONVICTION,FAVORABLE,13.004,RISING
2026-09-25,HOOD,6.0,3.485,0.558,CONVICTION,349,846.0,1.0,0.16,CONVICTION,100,56.0,13,66,BUY_LOWER_DIRTY,LONG,41.3,MARGINAL,FAVORABLE,6.2486,RISING
2026-09-25,NUTX,6.0,0.38,0.035,COMPRESSION,38,457.0,2.59,0.235,CONVICTION,260,1444.0,43,45,BULL_BOUNCE_PENDING,LONG,62.0,CONVICTION,FAVORABLE,11.0143,FALLING
2026-09-25,SILC,6.0,0.22,0.071,MINOR,23,43.0,0.385,0.125,COMPRESSION,39,979.0,1,67,BULL_BOUNCE_PENDING,LONG,46.0,MARGINAL,FAVORABLE,3.0899,RISING
2026-09-25,TEM,6.0,3.66,0.797,CONVICTION,366,309.0,1.24,0.27,CONVICTION,124,415.0,1,56,BULL_BOUNCE_PENDING,LONG,73.2,CONVICTION,FAVORABLE,4.5941,RISING
2026-09-25,DELL,6.0,5.51,0.177,CONVICTION,551,369.0,8.12,0.261,VACUUM,813,83.0,25,36,BULL_BOUNCE_CONFIRMED,LONG,66.0,CONVICTION,FAVORABLE,31.1598,NEUTRAL
2026-09-25,HPE,6.0,0.005,0.001,MINOR,1,57.0,1.89,0.486,CONVICTION,190,338.0,1,50,BULL_BOUNCE_PENDING,LONG,51.0,MARGINAL,FAVORABLE,3.89,NEUTRAL
2026-09-25,MRNA,6.0,0.3815,0.032,MINOR,39,5.0,1.91,0.16,VACUUM,191,16.0,3,64,BULL_BOUNCE_PENDING,LONG,73.2,CONVICTION,FAVORABLE,11.9482,RISING
2026-09-25,SMTC,6.0,0.025,0.002,MINOR,3,119.0,3.04,0.252,CONVICTION,304,173.0,5,68,BULL_BOUNCE_PENDING,LONG,66.3,CONVICTION,FAVORABLE,12.0458,RISING
2026-09-25,CRWD,6.0,0.0799,0.007,MINOR,8,132.0,1.93,0.16,CONVICTION,194,265.0,32,13,BULL_BOUNCE_PENDING,LONG,76.5,CONVICTION,FAVORABLE,12.0695,RISING
2026-09-25,LITE,6.0,1.14,0.018,VACUUM,115,585.0,7.96,0.129,VACUUM,797,82.0,7,58,BULL_BOUNCE_PENDING,LONG,72.0,CONVICTION,FAVORABLE,61.6396,RISING
2026-09-25,P,6.0,0.0792,0.012,MINOR,8,189.0,2.81,0.416,CONVICTION,282,917.0,24,32,BULL_BOUNCE_PENDING,LONG,55.0,MARGINAL,FAVORABLE,6.7486,RISING
2026-09-25,PANW,6.0,0.4,0.023,MINOR,40,236.0,0.51,0.03,COMPRESSION,51,580.0,34,46,SHORT_UPPER_DIRTY,SHORT,53.1,MARGINAL,FAVORABLE,17.0653,NEUTRAL
2026-09-25,DDOG,6.0,0.5,0.049,MINOR,50,97.0,3.81,0.371,CONVICTION,382,1244.0,8,60,BEAR_REJECTION_PENDING,SHORT,48.8,MARGINAL,FAVORABLE,10.281,RISING
2026-09-25,ZS,6.0,2.88,0.284,CONVICTION,288,6.0,0.43,0.042,COMPRESSION,43,724.0,6,33,BULL_BOUNCE_PENDING,LONG,56.0,MARGINAL,FAVORABLE,10.1426,NEUTRAL
2026-09-25,ALAB,6.0,9.46,0.399,CONVICTION,947,1113.0,5.95,0.251,CONVICTION,595,1484.0,14,37,BEAR_REJECTION_PENDING,SHORT,52.0,MARGINAL,FAVORABLE,23.701,RISING
2026-09-25,TWLO,6.0,0.1101,0.009,MINOR,12,142.0,0.47,0.037,COMPRESSION,48,362.0,22,60,BULL_BOUNCE_PENDING,LONG,50.0,MARGINAL,FAVORABLE,12.8436,RISING
2026-09-25,TWST,6.0,3.95,0.35,VACUUM,395,3.0,1.41,0.125,CONVICTION,141,848.0,6,44,BULL_BOUNCE_PENDING,LONG,76.0,CONVICTION,FAVORABLE,11.2951,RISING
2026-09-25,YYGH,6.0,0.0099,0.041,MINOR,1,329.0,0.01,0.041,MINOR,2,329.0,3,4,BULL_BOUNCE_PENDING,LONG,57.9,MARGINAL,FAVORABLE,0.2411,RISING
2026-09-25,NET,6.0,0.23,0.013,MINOR,23,55.0,3.4,0.185,CONVICTION,340,917.0,16,63,BULL_BOUNCE,LONG,63.6,CONVICTION,FAVORABLE,18.3552,NEUTRAL
2026-09-25,OTLK,6.0,0.0017,0.04,MINOR,1,75.0,0.0635,1.491,COMPRESSION,7,93.0,25,4,BULL_BOUNCE_PENDING,LONG,57.2,MARGINAL,FAVORABLE,0.0426,NEUTRAL
2026-09-25,STX,6.0,60.83,1.222,CONVICTION,6084,109.0,35.48,0.713,CONVICTION,3549,274.0,9,93,BULL_BOUNCE_CONFIRMED,LONG,74.0,CONVICTION,FAVORABLE,49.7838,RISING
2026-09-25,TSEM,6.0,4.34,0.357,CONVICTION,435,7.0,12.82,1.053,CONVICTION,1283,486.0,30,60,BEAR_REJECTION_PENDING,SHORT,71.1,CONVICTION,FAVORABLE,12.1711,RISING
2026-09-25,SPCE,6.0,0.23,1.293,COMPRESSION,23,278.0,0.055,0.309,COMPRESSION,6,355.0,14,41,BULL_BOUNCE_CONFIRMED,LONG,58.0,MARGINAL,FAVORABLE,0.1779,NEUTRAL
2026-09-25,TGB,6.0,0.09,0.197,COMPRESSION,9,176.0,0.06,0.131,COMPRESSION,7,97.0,37,57,BULL_BOUNCE,LONG,74.0,CONVICTION,FAVORABLE,0.4571,RISING
2026-09-25,RXT,6.0,0.01,0.034,MINOR,2,1074.0,0.1,0.336,COMPRESSION,11,692.0,2,37,BULL_BOUNCE_PENDING,LONG,46.0,MARGINAL,FAVORABLE,0.2977,RISING
2026-09-25,MBGL,6.0,0.09,0.148,COMPRESSION,9,883.0,0.005,0.008,COMPRESSION,1,3.0,50,1,BULL_BOUNCE_PENDING,LONG,66.0,CONVICTION,FAVORABLE,0.6079,FALLING
2026-09-25,JHX,6.0,0.48,0.424,COMPRESSION,49,741.0,0.74,0.653,COMPRESSION,74,180.0,32,20,BEAR_REJECTION_PENDING,SHORT,71.3,CONVICTION,FAVORABLE,1.1332,FALLING
2026-09-25,AREC,6.0,0.03,0.268,COMPRESSION,4,990.0,0.005,0.045,MINOR,1,182.0,23,22,BEAR_REJECTION_PENDING,SHORT,51.1,MARGINAL,FAVORABLE,0.1121,FALLING
2026-09-25,DNN,6.0,0.09,0.602,COMPRESSION,9,1015.0,0.03,0.201,COMPRESSION,4,226.0,49,14,BULL_BOUNCE_PENDING,LONG,69.2,CONVICTION,FAVORABLE,0.1496,FALLING
2026-09-25,FRMI,6.0,0.06,0.168,COMPRESSION,7,237.0,0.005,0.014,MINOR,1,344.0,21,13,BEAR_REJECTION_PENDING,SHORT,42.6,MARGINAL,FAVORABLE,0.3578,RISING
2026-09-25,NXE,6.0,0.13,0.326,COMPRESSION,14,215.0,0.14,0.351,COMPRESSION,14,731.0,59,10,BEAR_REJECTION_PENDING,SHORT,63.7,CONVICTION,FAVORABLE,0.3987,FALLING
2026-09-25,AMKR,6.0,2.295,0.891,CONVICTION,230,649.0,1.375,0.534,CONVICTION,138,427.0,13,99,BULL_BOUNCE_CONFIRMED,LONG,74.0,CONVICTION,FAVORABLE,2.5762,RISING
2026-09-25,TOI,6.0,0.08,0.211,COMPRESSION,9,164.0,0.01,0.026,MINOR,1,106.0,16,17,BULL_BOUNCE_PENDING,LONG,68.0,CONVICTION,FAVORABLE,0.3791,NEUTRAL
2026-09-25,IAUX,6.0,0.02,0.247,COMPRESSION,3,45.0,0.04,0.493,COMPRESSION,5,942.0,20,33,BULL_BOUNCE_PENDING,LONG,51.0,MARGINAL,FAVORABLE,0.0811,RISING
2026-09-25,EOSE,6.0,0.079,0.23,COMPRESSION,8,514.0,0.02,0.058,COMPRESSION,3,1081.0,35,13,BULL_BOUNCE_PENDING,LONG,71.7,CONVICTION,FAVORABLE,0.3436,FALLING
2026-09-25,EXK,6.0,0.06,0.103,COMPRESSION,6,865.0,0.63,1.085,COMPRESSION,64,314.0,28,33,BULL_BOUNCE_CONFIRMED,LONG,70.0,CONVICTION,FAVORABLE,0.5806,RISING
2026-09-25,MBLY,6.0,0.11,0.325,COMPRESSION,11,503.0,0.15,0.443,COMPRESSION,15,942.0,22,20,BULL_BOUNCE_PENDING,LONG,70.8,CONVICTION,FAVORABLE,0.3389,FALLING
2026-09-25,QXO,6.0,0.04,0.074,COMPRESSION,4,1182.0,0.12,0.221,COMPRESSION,12,481.0,43,25,BULL_BOUNCE_PENDING,LONG,66.0,CONVICTION,FAVORABLE,0.543,RISING
2026-09-25,SUNE,6.0,0.03,0.063,MINOR,3,1143.0,1.07,2.244,CONVICTION,107,163.0,22,14,BULL_BOUNCE,LONG,63.0,CONVICTION,FAVORABLE,0.4768,NEUTRAL
2026-09-25,B,6.0,0.09,0.071,COMPRESSION,10,493.0,0.17,0.133,MINOR,18,16.0,33,51,BULL_BOUNCE_PENDING,LONG,51.0,MARGINAL,FAVORABLE,1.2757,FALLING
2026-09-25,UUUU,6.0,0.41,0.609,COMPRESSION,42,962.0,0.17,0.253,COMPRESSION,17,603.0,38,25,BULL_BOUNCE_PENDING,LONG,51.4,MARGINAL,FAVORABLE,0.6732,FALLING
2026-09-25,PMI,6.0,0.21,0.262,COMPRESSION,21,686.0,1.03,1.287,CONVICTION,104,60.0,42,26,BULL_BOUNCE_PENDING,LONG,52.0,MARGINAL,FAVORABLE,0.8004,NEUTRAL
2026-09-25,U,6.0,0.12,0.061,COMPRESSION,12,1140.0,0.07,0.036,MINOR,8,714.0,22,13,BULL_BOUNCE_PENDING,LONG,70.0,CONVICTION,FAVORABLE,1.9663,FALLING
2026-09-25,DX,6.0,0.08,0.326,COMPRESSION,9,623.0,,,,,,86,0,BEAR_REJECTION_PENDING,SHORT,26.9,MARGINAL,FAVORABLE,0.2452,FALLING
2026-09-25,NUAI,6.0,0.0283,0.039,MINOR,3,598.0,1.005,1.4,CONVICTION,101,262.0,16,21,BULL_BOUNCE_PENDING,LONG,51.0,MARGINAL,FAVORABLE,0.7178,RISING
2026-09-25,FAST,6.0,0.005,0.005,MINOR,1,175.0,0.11,0.112,COMPRESSION,11,201.0,6,47,BULL_BOUNCE_PENDING,LONG,65.2,CONVICTION,FAVORABLE,0.9846,NEUTRAL
2026-09-25,QUBT,6.0,0.19,0.479,COMPRESSION,19,1443.0,0.3,0.756,COMPRESSION,31,239.0,9,70,BULL_BOUNCE_PENDING,LONG,56.0,MARGINAL,FAVORABLE,0.3967,RISING
2026-09-25,JOBY,6.0,0.01,0.037,MINOR,2,110.0,0.06,0.221,COMPRESSION,6,110.0,18,41,BULL_BOUNCE_PENDING,LONG,53.1,MARGINAL,FAVORABLE,0.271,RISING
2026-09-25,GPUS,6.0,0.0005,0.033,MINOR,1,737.0,0.0003,0.016,MINOR,1,280.0,11,8,BULL_BOUNCE_PENDING,LONG,47.0,MARGINAL,FAVORABLE,0.0153,RISING
2026-09-25,ORC,6.0,0.02,0.15,COMPRESSION,3,898.0,,,,,,57,0,BEAR_REJECTION_PENDING,SHORT,57.4,MARGINAL,FAVORABLE,0.1335,FALLING
2026-09-25,OFAL,6.0,0.0158,0.177,COMPRESSION,2,1047.0,0.0066,0.074,MINOR,1,111.0,11,4,BULL_BOUNCE_PENDING,LONG,73.0,CONVICTION,FAVORABLE,0.0892,NEUTRAL
2026-09-25,BTE,6.0,0.08,0.476,COMPRESSION,9,416.0,0.01,0.059,COMPRESSION,1,416.0,48,32,BULL_BOUNCE_PENDING,LONG,71.3,CONVICTION,FAVORABLE,0.1682,FALLING
2026-09-25,LCID,6.0,0.01,0.039,COMPRESSION,1,1199.0,0.01,0.039,MINOR,1,24.0,13,8,BEAR_REJECTION_PENDING,SHORT,44.6,MARGINAL,FAVORABLE,0.255,FALLING
2026-09-25,BTBT,6.0,0.0002,0.002,MINOR,1,501.0,0.06,0.513,COMPRESSION,7,53.0,11,27,BULL_BOUNCE_PENDING,LONG,67.6,CONVICTION,FAVORABLE,0.117,RISING
2026-09-25,REI,6.0,0.02,0.333,COMPRESSION,3,635.0,0.01,0.167,COMPRESSION,2,325.0,40,19,BEAR_REJECTION_PENDING,SHORT,55.0,MARGINAL,FAVORABLE,0.06,FALLING
2026-09-25,FFAI,6.0,0.0099,0.059,COMPRESSION,1,606.0,0.0001,0.001,MINOR,1,152.0,9,15,BULL_BOUNCE,LONG,55.0,MARGINAL,FAVORABLE,0.1684,FALLING
2026-09-25,ARBE,6.0,0.0087,0.127,MINOR,1,819.0,0.0122,0.179,MINOR,2,815.0,39,9,BULL_BOUNCE_PENDING,LONG,55.0,MARGINAL,FAVORABLE,0.0683,NEUTRAL
2026-09-25,PLUG,6.0,0.025,0.241,MINOR,3,172.0,0.02,0.192,COMPRESSION,3,1418.0,20,8,BEAR_REJECTION_PENDING,SHORT,40.1,MARGINAL,FAVORABLE,0.1039,RISING
2026-09-25,RR,6.0,0.01,0.123,MINOR,2,488.0,0.01,0.123,MINOR,2,610.0,17,16,BEAR_REJECTION_PENDING,SHORT,42.3,MARGINAL,FAVORABLE,0.0814,FALLING
2026-09-25,GPRO,6.0,0.015,0.093,COMPRESSION,2,276.0,0.3538,2.192,COMPRESSION,36,240.0,9,5,BULL_BOUNCE_PENDING,LONG,70.0,CONVICTION,FAVORABLE,0.1614,NEUTRAL
2026-09-25,ORBS,6.0,0.01,0.078,COMPRESSION,2,96.0,0.0513,0.402,COMPRESSION,6,790.0,7,37,CHANNEL_RECLAIM_LONG,LONG,61.0,CONVICTION,FAVORABLE,0.1277,RISING
2026-09-25,ZBAO,6.0,0.0036,0.164,COMPRESSION,1,686.0,0.0014,0.062,MINOR,1,369.0,17,5,BULL_BOUNCE_PENDING,LONG,70.0,CONVICTION,FAVORABLE,0.022,NEUTRAL
2026-09-25,SLB,6.0,0.12,0.068,COMPRESSION,13,810.0,2.02,1.14,CONVICTION,203,325.0,36,34,BULL_BOUNCE_PENDING,LONG,60.6,CONVICTION,FAVORABLE,1.7726,FALLING
2026-09-25,MVST,6.0,0.0097,0.206,MINOR,1,258.0,0.0116,0.246,COMPRESSION,2,315.0,21,33,BULL_BOUNCE_PENDING,LONG,53.4,MARGINAL,FAVORABLE,0.0471,RISING
2026-09-25,LUMN,6.0,0.07,0.202,COMPRESSION,8,1475.0,0.005,0.014,MINOR,1,288.0,35,12,BEAR_REJECTION_PENDING,SHORT,63.2,CONVICTION,FAVORABLE,0.3457,FALLING
2026-09-25,DNLI,6.0,0.49,0.599,COMPRESSION,50,645.0,0.22,0.269,COMPRESSION,22,787.0,30,26,BULL_BOUNCE_PENDING,LONG,58.6,MARGINAL,FAVORABLE,0.818,NEUTRAL
2026-09-25,COTY,6.0,0.49,4.228,COMPRESSION,49,114.0,0.07,0.604,MINOR,8,190.0,17,29,BULL_BOUNCE_PENDING,LONG,64.2,CONVICTION,FAVORABLE,0.1159,NEUTRAL
2026-09-25,SOC,6.0,2.97,8.845,CONVICTION,297,127.0,0.008,0.024,MINOR,1,177.0,26,3,BULL_BOUNCE_PENDING,LONG,52.7,MARGINAL,FAVORABLE,0.3358,RISING
2026-09-25,KOS,6.0,0.0012,0.008,MINOR,1,362.0,0.05,0.318,COMPRESSION,6,285.0,39,25,BULL_BOUNCE_CONFIRMED,LONG,60.0,CONVICTION,FAVORABLE,0.157,FALLING
2026-09-25,LAES,6.0,0.005,0.044,MINOR,1,880.0,0.005,0.044,MINOR,1,64.0,5,20,BULL_BOUNCE_PENDING,LONG,80.7,CONVICTION,FAVORABLE,0.1139,FALLING
2026-09-25,KTOS,6.0,0.305,0.139,COMPRESSION,31,1016.0,0.6,0.273,COMPRESSION,61,1065.0,26,18,BULL_BOUNCE_PENDING,LONG,51.0,MARGINAL,FAVORABLE,2.195,FALLING
2026-09-25,CMCSA,6.0,0.27,0.346,COMPRESSION,27,1268.0,,,,,,74,0,BEAR_REJECTION_PENDING,SHORT,51.3,MARGINAL,FAVORABLE,0.7806,FALLING
2026-09-25,VIVK,6.0,0.014,0.187,MINOR,2,738.0,,,,,,14,0,BULL_BOUNCE,LONG,63.0,CONVICTION,FAVORABLE,0.0748,NEUTRAL
2026-09-25,OPEN,6.0,0.01,0.069,MINOR,2,78.0,0.005,0.034,MINOR,1,39.0,9,2,BEAR_REJECTION_PENDING,SHORT,47.3,MARGINAL,FAVORABLE,0.145,FALLING
2026-09-25,GLXY,6.0,0.13,0.079,COMPRESSION,14,1469.0,0.5,0.304,COMPRESSION,50,83.0,15,53,BULL_BOUNCE_PENDING,LONG,45.0,MARGINAL,FAVORABLE,1.6421,RISING
2026-09-25,TE,6.0,0.25,0.768,COMPRESSION,25,982.0,0.0049,0.015,MINOR,1,416.0,43,11,CHANNEL_BREAKOUT,LONG,47.0,MARGINAL,FAVORABLE,0.3254,FALLING
2026-09-25,CNH,6.0,0.005,0.009,MINOR,1,565.0,0.21,0.385,COMPRESSION,21,756.0,14,18,BULL_BOUNCE_PENDING,LONG,63.0,CONVICTION,FAVORABLE,0.5453,NEUTRAL
2026-09-25,GRAB,6.0,0.025,0.172,COMPRESSION,3,850.0,0.135,0.927,COMPRESSION,14,269.0,19,11,BULL_BOUNCE_PENDING,LONG,61.8,CONVICTION,FAVORABLE,0.1457,FALLING
2026-09-25,WMT,6.0,0.68,0.366,COMPRESSION,69,4.0,0.23,0.124,COMPRESSION,24,946.0,32,10,BULL_BOUNCE_PENDING,LONG,84.9,CONVICTION,FAVORABLE,1.8598,RISING
2026-09-25,IOVA,6.0,,,,,,0.18,0.304,COMPRESSION,18,360.0,0,25,BULL_BOUNCE_PENDING,LONG,54.0,MARGINAL,FAVORABLE,0.5918,RISING
2026-09-25,BYND,6.0,0.005,0.006,MINOR,1,11.0,0.02,0.023,MINOR,3,43.0,39,13,BULL_BOUNCE_PENDING,LONG,47.0,MARGINAL,FAVORABLE,0.8792,RISING
2026-09-25,CLSK,6.0,0.03,0.033,COMPRESSION,4,1308.0,0.3,0.334,COMPRESSION,30,418.0,7,52,CHANNEL_BREAKOUT,LONG,47.0,MARGINAL,FAVORABLE,0.8989,RISING
2026-09-25,OCGN,6.0,0.005,0.064,MINOR,1,990.0,0.0116,0.148,MINOR,2,397.0,7,15,BULL_BOUNCE_CONFIRMED,LONG,70.0,CONVICTION,FAVORABLE,0.0782,RISING
2026-09-25,SNAP,6.0,0.04,0.152,MINOR,5,248.0,0.09,0.341,COMPRESSION,9,1221.0,19,33,BULL_BOUNCE_PENDING,LONG,78.6,CONVICTION,FAVORABLE,0.2639,FALLING
2026-09-25,AEG,6.0,0.02,0.152,MINOR,2,214.0,0.13,0.986,COMPRESSION,13,101.0,49,31,BULL_BOUNCE_PENDING,LONG,52.4,MARGINAL,FAVORABLE,0.1319,FALLING
2026-09-25,PFE,6.0,0.02,0.044,COMPRESSION,2,377.0,0.14,0.31,COMPRESSION,14,1147.0,4,70,BULL_BOUNCE_PENDING,LONG,79.7,CONVICTION,FAVORABLE,0.4514,RISING
2026-09-25,KO,6.0,0.6,0.484,MINOR,61,73.0,0.825,0.665,COMPRESSION,83,574.0,35,60,BULL_BOUNCE_PENDING,LONG,62.9,CONVICTION,FAVORABLE,1.2397,RISING
2026-09-25,T,6.0,0.065,0.1,COMPRESSION,7,1093.0,0.15,0.231,COMPRESSION,15,12.0,20,46,BULL_BOUNCE_PENDING,LONG,66.5,CONVICTION,FAVORABLE,0.6493,RISING
2026-09-25,COUR,6.0,0.02,0.101,COMPRESSION,2,1423.0,,,,,,48,0,BEAR_REJECTION_PENDING,SHORT,25.8,MARGINAL,FAVORABLE,0.1975,FALLING
2026-09-25,SBET,6.0,0.24,0.37,COMPRESSION,25,271.0,0.38,0.586,COMPRESSION,39,1317.0,4,53,BULL_BOUNCE_PENDING,LONG,63.3,CONVICTION,FAVORABLE,0.6489,RISING
2026-09-25,TSHA,6.0,0.03,0.124,COMPRESSION,4,383.0,0.11,0.456,MINOR,12,1043.0,24,5,BULL_BOUNCE_PENDING,LONG,69.7,CONVICTION,FAVORABLE,0.2414,FALLING
2026-09-25,ACHR,6.0,0.09,0.336,COMPRESSION,9,800.0,0.17,0.634,MINOR,17,261.0,19,48,BULL_BOUNCE_PENDING,LONG,48.0,MARGINAL,FAVORABLE,0.2681,FALLING
2026-09-25,KDP,6.0,0.01,0.015,COMPRESSION,2,10.0,0.502,0.744,COMPRESSION,51,277.0,57,31,BEAR_REJECTION_PENDING,SHORT,59.0,MARGINAL,FAVORABLE,0.6745,FALLING
2026-09-25,NU,6.0,0.27,0.567,COMPRESSION,27,536.0,0.07,0.147,COMPRESSION,7,617.0,29,20,BULL_BOUNCE_PENDING,LONG,65.2,CONVICTION,FAVORABLE,0.476,FALLING
2026-09-25,XE,6.0,0.28,0.218,COMPRESSION,29,659.0,0.0599,0.047,MINOR,6,69.0,42,42,DCB_BREAKOUT,LONG,41.0,MARGINAL,FAVORABLE,1.2835,FALLING
2026-09-25,ABT,6.0,0.34,0.155,COMPRESSION,35,106.0,1.85,0.843,CONVICTION,186,51.0,60,24,BULL_BOUNCE_PENDING,LONG,60.0,CONVICTION,FAVORABLE,2.1957,RISING
2026-09-25,GIS,6.0,0.05,0.046,COMPRESSION,5,363.0,0.195,0.178,COMPRESSION,20,107.0,47,19,BULL_BOUNCE_PENDING,LONG,62.8,CONVICTION,FAVORABLE,1.0975,FALLING
2026-09-25,BULL,6.0,0.03,0.061,COMPRESSION,4,410.0,0.005,0.01,MINOR,1,1455.0,27,13,BULL_BOUNCE_PENDING,LONG,56.0,MARGINAL,FAVORABLE,0.4947,FALLING
2026-09-25,BAX,6.0,0.24,0.318,COMPRESSION,24,1013.0,0.22,0.292,COMPRESSION,22,239.0,28,32,BULL_BOUNCE_PENDING,LONG,67.3,CONVICTION,FAVORABLE,0.7538,FALLING
2026-09-25,MOS,6.0,0.38,0.353,COMPRESSION,39,486.0,0.23,0.214,COMPRESSION,24,507.0,40,34,BULL_BOUNCE_PENDING,LONG,79.9,CONVICTION,FAVORABLE,1.0751,FALLING
2026-09-25,ET,6.0,0.06,0.178,COMPRESSION,7,334.0,0.13,0.385,COMPRESSION,13,298.0,61,18,BULL_BOUNCE_PENDING,LONG,61.0,CONVICTION,FAVORABLE,0.3374,FALLING
2026-09-25,ORCL,6.0,0.9,0.115,COMPRESSION,90,590.0,2.05,0.262,CONVICTION,205,580.0,34,44,BULL_BOUNCE_PENDING,LONG,100.0,CONVICTION,FAVORABLE,7.8243,RISING
2026-09-25,WFC,6.0,0.405,0.182,COMPRESSION,41,71.0,0.51,0.23,COMPRESSION,51,639.0,74,24,BULL_BOUNCE_PENDING,LONG,81.5,CONVICTION,FAVORABLE,2.2196,FALLING
2026-09-25,SMR,6.0,0.01,0.014,COMPRESSION,1,292.0,0.16,0.219,COMPRESSION,17,116.0,24,26,CHANNEL_BREAKOUT,LONG,47.0,MARGINAL,FAVORABLE,0.7304,FALLING
2026-09-25,POET,6.0,0.07,0.149,COMPRESSION,8,176.0,0.05,0.107,COMPRESSION,5,201.0,33,39,BULL_BOUNCE_PENDING,LONG,56.0,MARGINAL,FAVORABLE,0.4692,RISING
2026-09-25,PCG,6.0,0.28,0.588,COMPRESSION,29,194.0,0.005,0.01,MINOR,1,105.0,37,3,BEAR_REJECTION_PENDING,SHORT,51.3,MARGINAL,FAVORABLE,0.4763,FALLING
2026-09-25,RCAT,6.0,0.3,0.643,COMPRESSION,30,1166.0,0.11,0.236,COMPRESSION,11,569.0,23,26,BULL_BOUNCE_PENDING,LONG,56.0,MARGINAL,FAVORABLE,0.4664,FALLING
2026-09-25,FTNT,6.0,0.0025,0.0,MINOR,1,130.0,0.345,0.052,COMPRESSION,35,406.0,16,37,BULL_BOUNCE_PENDING,LONG,62.7,CONVICTION,FAVORABLE,6.6178,NEUTRAL
2026-09-25,KHC,6.0,0.05,0.08,COMPRESSION,6,184.0,0.192,0.307,COMPRESSION,20,108.0,31,16,BULL_BOUNCE_PENDING,LONG,62.8,CONVICTION,FAVORABLE,0.6259,FALLING
2026-09-25,TFC,6.0,0.05,0.046,COMPRESSION,5,690.0,0.11,0.1,COMPRESSION,11,847.0,44,26,BULL_BOUNCE_PENDING,LONG,73.9,CONVICTION,FAVORABLE,1.0975,RISING
2026-09-25,BAC,6.0,0.155,0.113,COMPRESSION,16,1096.0,0.2,0.146,MINOR,21,146.0,38,18,BULL_BOUNCE_PENDING,LONG,70.3,CONVICTION,FAVORABLE,1.3675,FALLING
2026-09-25,JPM,6.0,2.0,0.272,CONVICTION,200,437.0,3.2,0.435,CONVICTION,320,456.0,32,44,BULL_BOUNCE_PENDING,LONG,48.0,MARGINAL,FAVORABLE,7.3628,RISING
2026-09-25,RDW,6.0,0.11,0.147,COMPRESSION,12,415.0,0.3,0.401,COMPRESSION,30,644.0,16,53,BULL_BOUNCE_PENDING,LONG,51.0,MARGINAL,FAVORABLE,0.7472,NEUTRAL
2026-09-25,S,6.0,0.7,0.652,COMPRESSION,70,1349.0,0.08,0.075,COMPRESSION,8,591.0,4,41,BULL_BOUNCE_PENDING,LONG,65.0,CONVICTION,FAVORABLE,1.0728,RISING
2026-09-25,AVTR,6.0,0.18,0.373,COMPRESSION,18,336.0,1.96,4.063,CONVICTION,197,711.0,12,23,BULL_BOUNCE_PENDING,LONG,99.0,CONVICTION,FAVORABLE,0.4824,NEUTRAL
2026-09-25,CLF,6.0,0.07,0.13,COMPRESSION,8,518.0,0.03,0.056,MINOR,4,582.0,20,29,BULL_BOUNCE_PENDING,LONG,63.0,CONVICTION,FAVORABLE,0.5388,NEUTRAL
2026-09-25,JNJ,6.0,2.09,0.408,CONVICTION,209,188.0,0.05,0.01,COMPRESSION,5,23.0,39,54,BULL_BOUNCE_PENDING,LONG,60.0,CONVICTION,FAVORABLE,5.1261,FALLING
2026-09-25,TSCO,6.0,0.01,0.009,COMPRESSION,1,255.0,0.06,0.057,MINOR,7,45.0,51,9,BULL_BOUNCE_PENDING,LONG,51.0,MARGINAL,FAVORABLE,1.0567,NEUTRAL
2026-09-25,ARI,6.0,0.01,0.098,COMPRESSION,1,240.0,0.0091,0.089,MINOR,1,96.0,67,5,BEAR_REJECTION_PENDING,SHORT,46.0,MARGINAL,FAVORABLE,0.1022,FALLING
2026-09-25,EQX,6.0,0.13,0.233,COMPRESSION,14,119.0,0.79,1.417,COMPRESSION,79,212.0,52,32,BULL_BOUNCE_PENDING,LONG,51.0,MARGINAL,FAVORABLE,0.5577,NEUTRAL
2026-09-25,CAPS,6.0,0.0285,1.469,COMPRESSION,3,312.0,0.0001,0.005,MINOR,1,59.0,11,2,CHANNEL_RECLAIM_LONG,LONG,61.0,CONVICTION,FAVORABLE,0.0194,RISING
2026-09-25,CAG,6.0,0.09,0.23,COMPRESSION,9,925.0,0.04,0.102,COMPRESSION,4,1342.0,41,16,BULL_BOUNCE,LONG,58.0,MARGINAL,FAVORABLE,0.3921,FALLING
2026-09-25,OKTA,6.0,0.04,0.004,MINOR,4,119.0,1.53,0.157,CONVICTION,154,1128.0,10,24,BULL_BOUNCE_PENDING,LONG,62.0,CONVICTION,FAVORABLE,9.7293,RISING
2026-09-25,VZ,6.0,0.04,0.035,MINOR,4,360.0,0.32,0.282,COMPRESSION,33,104.0,50,48,BULL_BOUNCE_PENDING,LONG,67.9,CONVICTION,FAVORABLE,1.1343,FALLING
2026-09-25,BKD,6.0,0.03,0.082,COMPRESSION,4,262.0,0.04,0.109,COMPRESSION,5,18.0,43,9,BULL_BOUNCE_PENDING,LONG,68.4,CONVICTION,FAVORABLE,0.3667,FALLING
2026-09-25,NTSK,6.0,1.27,1.3,CONVICTION,128,1419.0,0.09,0.092,COMPRESSION,9,619.0,4,24,BULL_BOUNCE_PENDING,LONG,56.0,MARGINAL,FAVORABLE,0.9766,RISING
2026-09-25,COIN,6.0,0.395,0.034,COMPRESSION,40,1207.0,0.13,0.011,COMPRESSION,13,903.0,7,57,BULL_BOUNCE_PENDING,LONG,56.0,MARGINAL,FAVORABLE,11.7513,RISING
2026-09-25,SOFI,6.0,0.14,0.226,COMPRESSION,15,89.0,0.3694,0.595,MINOR,37,545.0,16,21,CHANNEL_BREAKOUT,LONG,47.0,MARGINAL,FAVORABLE,0.6207,RISING
2026-09-25,CVE,6.0,0.39,0.387,COMPRESSION,40,294.0,0.48,0.476,COMPRESSION,49,1415.0,53,33,BULL_BOUNCE_PENDING,LONG,58.6,MARGINAL,FAVORABLE,1.0089,FALLING
2026-09-25,NOW,6.0,0.82,0.143,COMPRESSION,82,1157.0,4.68,0.818,CONVICTION,468,490.0,38,12,BULL_BOUNCE_PENDING,LONG,78.4,CONVICTION,FAVORABLE,5.7235,FALLING
2026-09-25,NFLX,6.0,3.52,1.548,CONVICTION,352,29.0,0.5,0.22,COMPRESSION,50,138.0,51,6,BEAR_REJECTION_PENDING,SHORT,88.2,CONVICTION,FAVORABLE,2.274,FALLING
2026-09-25,HTZ,6.0,0.03,0.308,COMPRESSION,4,1420.0,0.0079,0.081,MINOR,1,409.0,27,2,BULL_BOUNCE_PENDING,LONG,72.9,CONVICTION,FAVORABLE,0.0975,FALLING
2026-09-25,KVUE,6.0,0.18,0.551,COMPRESSION,18,1.0,1.78,5.445,CONVICTION,178,424.0,53,9,BULL_BOUNCE_PENDING,LONG,91.0,CONVICTION,FAVORABLE,0.3269,FALLING
2026-09-25,HL,6.0,0.76,0.791,COMPRESSION,77,621.0,0.74,0.77,COMPRESSION,75,591.0,51,18,BULL_BOUNCE_PENDING,LONG,51.0,MARGINAL,FAVORABLE,0.961,FALLING
2026-09-25,MS,6.0,2.72,0.519,CONVICTION,272,795.0,0.11,0.021,COMPRESSION,12,176.0,72,25,BEAR_REJECTION_PENDING,SHORT,56.4,MARGINAL,FAVORABLE,5.2413,FALLING
2026-09-25,XOM,6.0,1.4,0.345,CONVICTION,141,80.0,1.045,0.257,CONVICTION,105,395.0,47,68,BULL_BOUNCE_PENDING,LONG,69.1,CONVICTION,FAVORABLE,4.0621,RISING
2026-09-25,DOW,6.0,1.14,1.206,CONVICTION,115,1453.0,0.24,0.254,MINOR,25,42.0,34,18,BULL_BOUNCE_PENDING,LONG,63.7,CONVICTION,FAVORABLE,0.9454,FALLING
2026-09-25,LYFT,6.0,0.12,0.197,COMPRESSION,12,1262.0,0.23,0.378,COMPRESSION,24,210.0,33,17,BULL_BOUNCE_PENDING,LONG,59.0,MARGINAL,FAVORABLE,0.6077,FALLING
2026-09-25,RF,6.0,0.16,0.27,COMPRESSION,17,195.0,0.09,0.152,COMPRESSION,9,73.0,47,14,SHORT_UPPER_DIRTY,SHORT,64.0,CONVICTION,FAVORABLE,0.5936,NEUTRAL
2026-09-25,ARR,6.0,0.1,0.299,COMPRESSION,11,1072.0,0.01,0.03,MINOR,2,67.0,72,4,BEAR_REJECTION_PENDING,SHORT,51.7,MARGINAL,FAVORABLE,0.3339,FALLING
2026-09-25,IAG,6.0,0.32,0.389,COMPRESSION,33,67.0,0.2,0.243,COMPRESSION,20,484.0,45,47,BULL_BOUNCE_PENDING,LONG,59.5,MARGINAL,FAVORABLE,0.8225,RISING
2026-09-25,CPOP,6.0,0.07,0.078,MINOR,7,91.0,0.02,0.022,COMPRESSION,3,529.0,6,45,BULL_BOUNCE_CONFIRMED,LONG,83.9,CONVICTION,FAVORABLE,0.8939,RISING
2026-09-25,C,6.0,0.26,0.068,COMPRESSION,26,934.0,0.55,0.145,COMPRESSION,55,1245.0,28,36,BEAR_REJECTION_PENDING,SHORT,48.6,MARGINAL,FAVORABLE,3.8014,FALLING
2026-09-25,DKNG,6.0,0.0761,0.072,MINOR,8,291.0,0.005,0.005,MINOR,1,76.0,36,7,BULL_BOUNCE_PENDING,LONG,51.0,MARGINAL,FAVORABLE,1.05,FALLING
2026-09-25,MDT,6.0,0.63,0.308,COMPRESSION,63,445.0,1.42,0.694,CONVICTION,143,90.0,71,36,BULL_BOUNCE_PENDING,LONG,90.4,CONVICTION,FAVORABLE,2.0455,FALLING
2026-09-25,KEY,6.0,0.2,0.46,MINOR,20,686.0,0.14,0.322,COMPRESSION,15,267.0,30,20,BULL_BOUNCE_PENDING,LONG,52.1,MARGINAL,FAVORABLE,0.4346,FALLING
2026-09-25,OXY,6.0,0.77,0.461,COMPRESSION,78,61.0,0.71,0.425,COMPRESSION,72,191.0,66,51,BULL_BOUNCE_PENDING,LONG,63.5,CONVICTION,FAVORABLE,1.6693,FALLING
2026-09-25,VST,6.0,4.38,1.021,CONVICTION,438,331.0,7.67,1.788,CONVICTION,768,149.0,46,37,BEAR_REJECTION_PENDING,SHORT,56.7,MARGINAL,FAVORABLE,4.29,FALLING
2026-09-25,FIS,6.0,0.28,0.23,COMPRESSION,29,329.0,0.0025,0.002,MINOR,1,104.0,51,4,BEAR_REJECTION_PENDING,SHORT,59.1,MARGINAL,FAVORABLE,1.2153,FALLING
2026-09-25,DVN,6.0,0.51,0.337,COMPRESSION,51,46.0,0.325,0.215,COMPRESSION,33,344.0,44,60,BULL_BOUNCE_PENDING,LONG,63.6,CONVICTION,FAVORABLE,1.5119,FALLING
2026-09-25,HBM,6.0,2.17,1.585,VACUUM,218,64.0,1.2,0.876,CONVICTION,121,710.0,42,56,BEAR_REJECTION_PENDING,SHORT,78.1,CONVICTION,FAVORABLE,1.3693,RISING
2026-09-25,ASTS,6.0,1.9,0.471,CONVICTION,191,740.0,1.025,0.254,CONVICTION,103,419.0,33,50,BULL_BOUNCE_PENDING,LONG,51.0,MARGINAL,FAVORABLE,4.0322,RISING
2026-09-25,CRWV,6.0,4.6,0.825,CONVICTION,460,1056.0,0.28,0.05,COMPRESSION,28,655.0,19,64,BEAR_REJECTION_PENDING,SHORT,60.7,CONVICTION,FAVORABLE,5.5754,RISING
2026-09-25,AAOI,6.0,15.695,2.346,CONVICTION,1570,543.0,0.03,0.004,COMPRESSION,4,236.0,18,36,CHANNEL_RECLAIM_LONG,LONG,61.0,CONVICTION,FAVORABLE,6.6887,RISING
2026-09-25,FCX,6.0,0.17,0.058,COMPRESSION,18,918.0,0.54,0.186,COMPRESSION,54,17.0,65,52,BULL_BOUNCE_PENDING,LONG,71.0,CONVICTION,FAVORABLE,2.9108,RISING
2026-09-25,HAL,6.0,0.12,0.121,COMPRESSION,12,241.0,2.4,2.426,CONVICTION,240,223.0,62,25,BULL_BOUNCE_PENDING,LONG,68.0,CONVICTION,FAVORABLE,0.9893,FALLING
2026-09-25,CRNX,6.0,,,,,,0.11,0.823,COMPRESSION,11,2.0,0,37,BULL_BOUNCE_PENDING,LONG,76.0,CONVICTION,FAVORABLE,0.1336,NEUTRAL
2026-09-25,DIS,6.0,0.85,0.386,COMPRESSION,85,300.0,1.43,0.649,CONVICTION,144,757.0,38,64,BULL_BOUNCE_PENDING,LONG,69.6,CONVICTION,FAVORABLE,2.2032,FALLING
2026-09-25,PENG,6.0,3.26,1.127,CONVICTION,326,986.0,0.8,0.277,COMPRESSION,81,105.0,25,82,BULL_BOUNCE_CONFIRMED,LONG,78.0,CONVICTION,FAVORABLE,2.893,RISING
2026-09-25,CCJ,6.0,3.58,1.113,CONVICTION,359,504.0,0.91,0.283,COMPRESSION,92,1340.0,84,22,BEAR_REJECTION_PENDING,SHORT,58.3,MARGINAL,FAVORABLE,3.2178,FALLING
2026-09-25,NEE,6.0,0.06,0.047,COMPRESSION,7,594.0,0.23,0.18,COMPRESSION,24,242.0,100,16,BULL_BOUNCE_PENDING,LONG,62.3,CONVICTION,FAVORABLE,1.2798,FALLING
2026-09-25,TSLA,6.0,9.28,0.798,CONVICTION,929,11.0,7.365,0.633,CONVICTION,737,255.0,18,74,BULL_BOUNCE_PENDING,LONG,62.9,CONVICTION,FAVORABLE,11.6293,RISING
2026-09-25,NEM,6.0,1.4,0.331,CONVICTION,140,51.0,1.63,0.386,CONVICTION,163,176.0,46,65,BULL_BOUNCE_PENDING,LONG,51.0,MARGINAL,FAVORABLE,4.2253,FALLING
2026-09-25,MCHP,6.0,0.39,0.158,COMPRESSION,40,232.0,1.42,0.575,CONVICTION,143,35.0,31,58,BULL_BOUNCE_PENDING,LONG,71.5,CONVICTION,FAVORABLE,2.4682,RISING
2026-09-25,GLW,6.0,3.15,0.364,VACUUM,316,62.0,3.505,0.405,CONVICTION,351,197.0,18,81,BULL_BOUNCE_CONFIRMED,LONG,79.0,CONVICTION,FAVORABLE,8.6459,RISING
2026-09-25,EW,6.0,0.83,0.382,COMPRESSION,84,357.0,0.05,0.023,COMPRESSION,5,1315.0,51,21,BULL_BOUNCE,LONG,78.0,CONVICTION,FAVORABLE,2.1706,RISING
2026-09-25,INTU,6.0,1.66,0.126,CONVICTION,167,952.0,4.05,0.307,CONVICTION,406,545.0,81,5,BULL_BOUNCE_PENDING,LONG,99.9,CONVICTION,FAVORABLE,13.2062,FALLING
2026-09-25,ONDS,6.0,0.185,0.516,COMPRESSION,19,1014.0,0.115,0.321,COMPRESSION,12,304.0,9,33,BULL_BOUNCE_CONFIRMED,LONG,78.4,CONVICTION,FAVORABLE,0.3582,RISING
2026-09-25,CVX,6.0,1.62,0.333,CONVICTION,163,195.0,2.615,0.538,CONVICTION,262,1221.0,85,93,BULL_BOUNCE_PENDING,LONG,53.0,MARGINAL,FAVORABLE,4.8596,FALLING
2026-09-25,WBD,6.0,0.005,0.01,MINOR,1,10.0,1.81,3.691,CONVICTION,182,341.0,2,65,BULL_BOUNCE_PENDING,LONG,100.0,CONVICTION,FAVORABLE,0.4904,RISING
2026-09-25,NKE,6.0,0.195,0.217,COMPRESSION,20,916.0,0.05,0.056,COMPRESSION,5,14.0,28,26,BUY_LOWER_DIRTY,LONG,36.5,MARGINAL,FAVORABLE,0.8975,RISING
2026-09-25,PYPL,6.0,7.735,5.51,CONVICTION,774,220.0,0.58,0.413,COMPRESSION,58,1080.0,25,23,BULL_BOUNCE_PENDING,LONG,83.7,CONVICTION,FAVORABLE,1.4039,NEUTRAL
2026-09-25,CPRT,6.0,0.09,0.083,COMPRESSION,9,399.0,0.095,0.088,COMPRESSION,10,121.0,72,16,DOUBLE_REJECTION_LONG,LONG,68.0,CONVICTION,FAVORABLE,1.0813,FALLING
2026-09-25,INIO,6.0,0.015,0.01,COMPRESSION,2,860.0,0.45,0.299,COMPRESSION,45,554.0,40,43,BEAR_REJECTION_PENDING,SHORT,57.0,MARGINAL,FAVORABLE,1.5067,RISING
2026-09-25,ACN,6.0,1.0,0.133,VACUUM,100,81.0,4.45,0.593,CONVICTION,446,370.0,24,12,BULL_BOUNCE_PENDING,LONG,75.5,CONVICTION,FAVORABLE,7.5092,FALLING
2026-09-25,USB,6.0,0.04,0.033,COMPRESSION,5,695.0,0.08,0.065,COMPRESSION,8,312.0,38,18,BEAR_REJECTION_PENDING,SHORT,62.8,CONVICTION,FAVORABLE,1.2215,FALLING
2026-09-25,MSFT,6.0,2.66,0.261,CONVICTION,266,33.0,11.405,1.119,CONVICTION,1141,406.0,30,22,BULL_BOUNCE_PENDING,LONG,82.1,CONVICTION,FAVORABLE,10.1949,NEUTRAL
2026-09-25,AAPL,6.0,0.3,0.042,MINOR,30,21.0,2.52,0.355,CONVICTION,253,37.0,13,40,BULL_BOUNCE_PENDING,LONG,51.0,MARGINAL,FAVORABLE,7.0941,NEUTRAL
2026-09-25,CPNG,6.0,0.14,0.302,COMPRESSION,14,709.0,0.0098,0.021,MINOR,1,49.0,48,19,BULL_BOUNCE_PENDING,LONG,35.0,MARGINAL,FAVORABLE,0.4635,FALLING
2026-09-25,GOOGL,6.0,1.3,0.143,CONVICTION,131,205.0,2.43,0.268,VACUUM,243,228.0,52,44,BEAR_REJECTION_PENDING,SHORT,64.5,CONVICTION,FAVORABLE,9.0764,RISING
2026-09-25,GEHC,6.0,0.91,0.593,COMPRESSION,91,360.0,0.21,0.137,MINOR,22,820.0,58,43,BULL_BOUNCE_PENDING,LONG,64.1,CONVICTION,FAVORABLE,1.5355,FALLING
2026-09-25,CDE,6.0,0.94,0.958,COMPRESSION,95,1361.0,0.36,0.367,COMPRESSION,36,152.0,39,33,BULL_BOUNCE_PENDING,LONG,64.4,CONVICTION,FAVORABLE,0.9808,FALLING
2026-09-25,BMY,6.0,0.59,0.466,COMPRESSION,60,692.0,0.16,0.126,COMPRESSION,16,572.0,41,30,BULL_BOUNCE_PENDING,LONG,66.0,CONVICTION,FAVORABLE,1.2674,NEUTRAL
2026-09-25,GOOG,6.0,1.11,0.127,CONVICTION,112,207.0,5.65,0.644,CONVICTION,566,429.0,44,51,BEAR_REJECTION_PENDING,SHORT,51.9,MARGINAL,FAVORABLE,8.7674,RISING
2026-09-25,DBRG,6.0,,,,,,1.355,36.523,CONVICTION,136,451.0,0,39,BULL_BOUNCE_PENDING,LONG,55.8,MARGINAL,FAVORABLE,0.0371,RISING
2026-09-25,ISRG,6.0,3.15,0.282,CONVICTION,315,1181.0,0.56,0.05,COMPRESSION,57,146.0,24,67,BULL_BOUNCE_PENDING,LONG,74.8,CONVICTION,FAVORABLE,11.1714,RISING
2026-09-25,F,6.0,0.11,0.248,COMPRESSION,12,965.0,0.02,0.045,COMPRESSION,2,237.0,60,15,BULL_BOUNCE_PENDING,LONG,68.7,CONVICTION,FAVORABLE,0.4432,FALLING
2026-09-25,IBM,6.0,0.76,0.099,COMPRESSION,76,194.0,3.56,0.464,CONVICTION,357,432.0,60,31,BEAR_REJECTION_PENDING,SHORT,58.9,MARGINAL,FAVORABLE,7.6671,FALLING
2026-09-25,MU,6.0,3.63,0.078,CONVICTION,363,293.0,29.19,0.631,CONVICTION,2920,471.0,5,71,BEAR_REJECTION_PENDING,SHORT,61.5,CONVICTION,FAVORABLE,46.2775,RISING
2026-09-25,CSGP,6.0,0.275,0.235,COMPRESSION,28,1456.0,0.05,0.043,MINOR,6,579.0,49,8,BEAR_REJECTION_PENDING,SHORT,62.7,CONVICTION,FAVORABLE,1.171,FALLING
2026-09-25,AGNC,6.0,0.09,0.402,COMPRESSION,9,371.0,0.04,0.179,COMPRESSION,5,639.0,32,7,BULL_BOUNCE_PENDING,LONG,62.7,CONVICTION,FAVORABLE,0.2239,FALLING
2026-09-25,CSX,6.0,0.31,0.332,COMPRESSION,32,460.0,0.53,0.568,COMPRESSION,54,1355.0,68,25,BEAR_REJECTION_PENDING,SHORT,62.7,CONVICTION,FAVORABLE,0.9327,FALLING
2026-09-25,HCA,6.0,39.77,2.726,CONVICTION,3978,214.0,1.44,0.099,CONVICTION,144,939.0,64,13,BULL_BOUNCE_PENDING,LONG,88.7,CONVICTION,FAVORABLE,14.5882,FALLING
2026-09-25,RUN,6.0,0.14,0.316,COMPRESSION,14,432.0,0.03,0.068,COMPRESSION,4,813.0,27,8,BULL_BOUNCE,LONG,70.0,CONVICTION,FAVORABLE,0.4425,RISING
2026-09-25,APP,6.0,12.83,0.801,CONVICTION,1284,61.0,1.81,0.113,CONVICTION,182,1126.0,25,32,BEAR_REJECTION_PENDING,SHORT,86.9,CONVICTION,FAVORABLE,16.0099,FALLING
2026-09-25,SLS,6.0,0.01,0.011,MINOR,1,423.0,0.1,0.111,COMPRESSION,10,186.0,14,31,BULL_BOUNCE_PENDING,LONG,67.3,CONVICTION,FAVORABLE,0.9044,FALLING
2026-09-25,COMP,6.0,0.17,0.326,COMPRESSION,17,150.0,0.35,0.672,COMPRESSION,35,449.0,34,30,BEAR_REJECTION_PENDING,SHORT,63.5,CONVICTION,FAVORABLE,0.5207,FALLING
2026-09-25,BTDR,6.0,0.11,0.131,COMPRESSION,11,439.0,0.03,0.036,COMPRESSION,3,618.0,23,44,BULL_BOUNCE_PENDING,LONG,56.0,MARGINAL,FAVORABLE,0.8388,RISING
2026-09-25,CIFR,6.0,1.43,0.981,CONVICTION,143,1058.0,0.25,0.172,COMPRESSION,25,43.0,19,45,BEAR_REJECTION_PENDING,SHORT,66.7,CONVICTION,FAVORABLE,1.4577,RISING
2026-09-25,ERAS,6.0,0.15,0.14,MINOR,16,366.0,0.35,0.327,COMPRESSION,36,883.0,19,15,BULL_BOUNCE_PENDING,LONG,68.4,CONVICTION,FAVORABLE,1.0689,FALLING
2026-09-25,DAL,6.0,0.35,0.153,COMPRESSION,35,760.0,1.38,0.603,CONVICTION,138,207.0,46,64,BULL_BOUNCE_PENDING,LONG,47.0,MARGINAL,FAVORABLE,2.2899,RISING
2026-09-25,TECK,6.0,0.98,0.373,COMPRESSION,99,103.0,3.43,1.305,CONVICTION,343,378.0,41,51,BULL_BOUNCE,LONG,74.0,CONVICTION,FAVORABLE,2.6289,RISING
2026-09-25,PSKY,6.0,0.5,0.907,COMPRESSION,50,1223.0,0.16,0.29,COMPRESSION,17,1287.0,10,18,BULL_BOUNCE_PENDING,LONG,54.0,MARGINAL,FAVORABLE,0.5512,FALLING
2026-09-25,FRSH,6.0,0.348,0.712,COMPRESSION,35,205.0,0.395,0.808,COMPRESSION,40,784.0,29,32,BULL_BOUNCE_PENDING,LONG,75.9,CONVICTION,FAVORABLE,0.4886,NEUTRAL
2026-09-25,NCLH,6.0,0.14,0.261,COMPRESSION,15,790.0,0.07,0.13,MINOR,7,7.0,23,12,BEAR_REJECTION_PENDING,SHORT,46.9,MARGINAL,FAVORABLE,0.5364,FALLING
2026-09-25,KLAC,6.0,10.29,1.265,CONVICTION,1029,245.0,2.31,0.284,CONVICTION,232,603.0,8,58,BEAR_REJECTION_PENDING,SHORT,72.3,CONVICTION,FAVORABLE,8.1363,RISING
2026-09-25,PTEN,6.0,0.14,0.287,COMPRESSION,14,524.0,0.115,0.236,COMPRESSION,12,41.0,61,25,BEAR_REJECTION_PENDING,SHORT,63.4,CONVICTION,FAVORABLE,0.4879,FALLING
2026-09-25,GERN,6.0,0.001,0.015,MINOR,1,198.0,0.06,0.884,MINOR,7,79.0,18,3,BULL_BOUNCE_PENDING,LONG,51.8,MARGINAL,FAVORABLE,0.0679,FALLING
2026-09-25,RGTI,6.0,0.415,0.43,COMPRESSION,42,571.0,0.45,0.467,COMPRESSION,46,205.0,11,57,BULL_BOUNCE_PENDING,LONG,56.0,MARGINAL,FAVORABLE,0.9641,NEUTRAL
2026-09-25,HPQ,6.0,1.0,0.574,CONVICTION,100,702.0,0.11,0.063,COMPRESSION,11,186.0,23,31,BULL_BOUNCE_PENDING,LONG,64.3,CONVICTION,FAVORABLE,1.7407,FALLING
2026-09-25,USAR,6.0,0.12,0.123,COMPRESSION,13,1233.0,0.01,0.01,COMPRESSION,2,122.0,46,31,BULL_BOUNCE_PENDING,LONG,35.0,MARGINAL,FAVORABLE,0.9792,RISING
2026-09-25,AG,6.0,1.03,1.015,CONVICTION,104,633.0,1.07,1.054,CONVICTION,108,290.0,33,54,BULL_BOUNCE_PENDING,LONG,84.3,CONVICTION,FAVORABLE,1.015,RISING
2026-09-25,OI,6.0,0.07,0.275,COMPRESSION,8,1043.0,,,,,,30,0,BEAR_REJECTION_PENDING,SHORT,54.7,MARGINAL,FAVORABLE,0.2541,FALLING
2026-09-25,FLNC,6.0,1.39,2.169,CONVICTION,140,186.0,0.16,0.25,MINOR,17,479.0,2,21,BEAR_REJECTION_PENDING,SHORT,75.0,CONVICTION,FAVORABLE,0.6409,FALLING
2026-09-25,IBRX,6.0,0.14,0.252,COMPRESSION,14,1145.0,0.16,0.288,COMPRESSION,17,12.0,13,31,BULL_BOUNCE_PENDING,LONG,50.7,MARGINAL,FAVORABLE,0.5561,RISING
2026-09-25,AMAT,6.0,8.13,0.428,CONVICTION,813,31.0,11.375,0.599,CONVICTION,1138,554.0,19,86,BEAR_REJECTION_PENDING,SHORT,70.7,CONVICTION,FAVORABLE,19.0043,RISING
2026-09-25,BKNG,6.0,0.63,0.094,COMPRESSION,63,533.0,0.45,0.067,MINOR,46,86.0,32,16,BEAR_REJECTION_PENDING,SHORT,60.0,CONVICTION,FAVORABLE,6.7025,FALLING
2026-09-25,IREN,6.0,0.66,0.24,MINOR,67,266.0,0.86,0.312,COMPRESSION,86,690.0,11,36,BULL_BOUNCE_PENDING,LONG,46.0,MARGINAL,FAVORABLE,2.7541,RISING
2026-09-25,KGC,6.0,0.96,0.759,COMPRESSION,96,1447.0,0.44,0.348,COMPRESSION,45,1329.0,79,42,BULL_BOUNCE_PENDING,LONG,74.5,CONVICTION,FAVORABLE,1.2649,FALLING
2026-09-25,KR,6.0,0.23,0.138,COMPRESSION,23,281.0,0.035,0.021,COMPRESSION,4,64.0,34,41,SHORT_UPPER_DIRTY,SHORT,42.5,MARGINAL,FAVORABLE,1.6653,FALLING
2026-09-25,QCOM,6.0,0.66,0.068,COMPRESSION,66,13.0,11.66,1.196,CONVICTION,1166,811.0,6,63,BULL_BOUNCE_PENDING,LONG,62.0,CONVICTION,FAVORABLE,9.7471,FALLING
2026-09-25,CNQ,6.0,0.605,0.451,COMPRESSION,61,224.0,0.84,0.626,COMPRESSION,84,1107.0,59,64,BULL_BOUNCE_PENDING,LONG,57.0,MARGINAL,FAVORABLE,1.3422,FALLING
2026-09-25,PLTR,6.0,12.975,2.126,CONVICTION,1298,2.0,1.085,0.178,CONVICTION,109,693.0,14,33,BEAR_REJECTION_PENDING,SHORT,72.2,CONVICTION,FAVORABLE,6.1034,RISING
2026-09-25,AMD,6.0,0.11,0.004,MINOR,12,6.0,24.06,0.895,CONVICTION,2406,926.0,2,86,BULL_BOUNCE_PENDING,LONG,48.0,MARGINAL,FAVORABLE,26.8682,RISING
2026-09-25,QBTS,6.0,0.64,0.606,COMPRESSION,65,1254.0,0.37,0.35,COMPRESSION,38,40.0,13,38,BULL_BOUNCE_CONFIRMED,LONG,58.1,MARGINAL,FAVORABLE,1.0561,FALLING
2026-09-25,SOUN,6.0,0.01,0.041,COMPRESSION,1,196.0,0.27,1.094,MINOR,27,799.0,13,25,CHANNEL_RECLAIM_LONG,LONG,61.0,CONVICTION,FAVORABLE,0.2468,RISING
2026-09-25,FNB,6.0,0.07,0.211,COMPRESSION,8,459.0,0.12,0.362,COMPRESSION,13,722.0,44,18,BEAR_REJECTION_PENDING,SHORT,56.3,MARGINAL,FAVORABLE,0.3318,FALLING
2026-09-25,AUR,6.0,0.06,0.175,COMPRESSION,7,1324.0,0.04,0.117,MINOR,5,882.0,14,11,CHANNEL_BREAKOUT,LONG,47.0,MARGINAL,FAVORABLE,0.3433,FALLING
2026-09-25,TTD,6.0,3.87,6.434,CONVICTION,388,952.0,0.0061,0.01,MINOR,1,35.0,20,4,BEAR_REJECTION_PENDING,SHORT,66.1,CONVICTION,FAVORABLE,0.6015,FALLING
2026-09-25,CTSH,6.0,0.58,0.257,COMPRESSION,59,879.0,0.902,0.399,COMPRESSION,91,177.0,54,18,BULL_BOUNCE_PENDING,LONG,72.0,CONVICTION,FAVORABLE,2.26,FALLING
2026-09-25,HBAN,6.0,0.06,0.162,COMPRESSION,6,966.0,0.1,0.27,COMPRESSION,10,535.0,57,11,BEAR_REJECTION_PENDING,SHORT,59.3,MARGINAL,FAVORABLE,0.3702,FALLING
2026-09-25,LRCX,6.0,15.33,1.039,CONVICTION,1533,697.0,4.38,0.297,CONVICTION,438,661.0,31,91,BULL_BOUNCE_CONFIRMED,LONG,90.6,CONVICTION,FAVORABLE,14.7575,RISING
2026-09-25,CCC,6.0,0.11,0.332,COMPRESSION,12,1108.0,0.14,0.423,COMPRESSION,15,1036.0,1,23,BULL_BOUNCE_PENDING,LONG,75.1,CONVICTION,FAVORABLE,0.3309,FALLING
2026-09-25,UAMY,6.0,0.08,0.313,MINOR,9,170.0,0.03,0.117,MINOR,3,89.0,45,20,BULL_BOUNCE_CONFIRMED,LONG,66.8,CONVICTION,FAVORABLE,0.256,RISING
2026-09-25,RIG,6.0,0.02,0.082,COMPRESSION,2,388.0,0.1,0.41,COMPRESSION,11,92.0,34,20,BULL_BOUNCE_PENDING,LONG,66.0,CONVICTION,FAVORABLE,0.2439,FALLING
2026-09-25,JBLU,6.0,0.08,0.425,COMPRESSION,9,822.0,0.21,1.116,COMPRESSION,21,1104.0,37,12,BULL_BOUNCE_PENDING,LONG,62.8,CONVICTION,FAVORABLE,0.1882,NEUTRAL
2026-09-25,RIVN,6.0,0.01,0.015,MINOR,2,241.0,0.135,0.206,COMPRESSION,14,636.0,7,16,BULL_BOUNCE_PENDING,LONG,52.9,MARGINAL,FAVORABLE,0.656,FALLING
2026-09-25,AGEN,6.0,,,,,,0.04,0.079,MINOR,5,732.0,0,29,BULL_BOUNCE_PENDING,LONG,54.0,MARGINAL,FAVORABLE,0.5066,NEUTRAL
2026-09-25,ATAI,6.0,0.0029,0.035,MINOR,1,148.0,1.315,16.076,CONVICTION,132,362.0,4,9,BULL_BOUNCE_PENDING,LONG,100.0,CONVICTION,FAVORABLE,0.0818,FALLING
2026-09-25,CCL,6.0,0.24,0.358,COMPRESSION,25,601.0,1.4,2.09,CONVICTION,140,164.0,28,28,BULL_BOUNCE_PENDING,LONG,76.0,CONVICTION,FAVORABLE,0.67,FALLING
2026-09-25,INTR,6.0,0.22,0.995,COMPRESSION,22,598.0,0.08,0.362,COMPRESSION,8,714.0,35,14,BEAR_REJECTION_PENDING,SHORT,61.5,CONVICTION,FAVORABLE,0.2212,FALLING
2026-09-25,AMZN,6.0,0.47,0.086,COMPRESSION,48,945.0,4.035,0.737,CONVICTION,404,679.0,39,15,BEAR_REJECTION_PENDING,SHORT,65.0,CONVICTION,FAVORABLE,5.4764,RISING
2026-09-25,CMG,6.0,0.01,0.009,COMPRESSION,2,165.0,0.28,0.25,COMPRESSION,29,301.0,27,21,BULL_BOUNCE_PENDING,LONG,65.2,CONVICTION,FAVORABLE,1.1181,FALLING
2026-09-25,RKT,6.0,0.18,0.312,COMPRESSION,18,815.0,0.0099,0.017,MINOR,1,133.0,51,13,BEAR_REJECTION_PENDING,SHORT,62.1,CONVICTION,FAVORABLE,0.5776,FALLING
2026-09-25,ADBE,6.0,3.705,0.37,CONVICTION,371,1046.0,3.935,0.393,CONVICTION,394,1313.0,67,19,BULL_BOUNCE_PENDING,LONG,98.8,CONVICTION,FAVORABLE,10.0106,FALLING
2026-09-25,ON,6.0,0.58,0.162,COMPRESSION,58,190.0,0.62,0.174,COMPRESSION,62,109.0,17,70,BUY_LOWER_DIRTY,LONG,53.1,MARGINAL,FAVORABLE,3.5732,RISING
2026-09-25,KEEL,6.0,0.0091,0.033,MINOR,1,1234.0,0.11,0.403,COMPRESSION,11,605.0,2,36,BULL_BOUNCE_PENDING,LONG,40.0,MARGINAL,FAVORABLE,0.2727,RISING
2026-09-25,WULF,6.0,0.17,0.157,COMPRESSION,17,356.0,1.08,0.995,CONVICTION,108,48.0,13,48,BULL_BOUNCE_PENDING,LONG,74.3,CONVICTION,FAVORABLE,1.0857,RISING
2026-09-25,FCEL,6.0,0.85,0.631,COMPRESSION,85,1205.0,0.52,0.386,COMPRESSION,52,216.0,54,46,BULL_BOUNCE_CONFIRMED,LONG,75.7,CONVICTION,FAVORABLE,1.3461,RISING
2026-09-25,OWL,6.0,0.12,0.291,COMPRESSION,13,1226.0,0.255,0.619,COMPRESSION,26,280.0,58,29,BULL_BOUNCE_PENDING,LONG,52.0,MARGINAL,FAVORABLE,0.4122,FALLING
2026-09-25,NB,6.0,0.02,0.106,MINOR,3,249.0,0.22,1.166,COMPRESSION,22,663.0,36,32,BULL_BOUNCE_CONFIRMED,LONG,71.1,CONVICTION,FAVORABLE,0.1887,RISING
2026-09-25,CSCO,6.0,8.82,3.173,CONVICTION,883,646.0,0.57,0.205,COMPRESSION,58,721.0,31,39,BULL_BOUNCE_PENDING,LONG,71.8,CONVICTION,FAVORABLE,2.7801,FALLING
2026-09-25,MARA,6.0,0.28,0.335,COMPRESSION,28,54.0,0.475,0.568,COMPRESSION,48,681.0,10,41,BULL_BOUNCE_PENDING,LONG,70.0,CONVICTION,FAVORABLE,0.8359,RISING
2026-09-25,RIOT,6.0,0.42,0.307,COMPRESSION,42,160.0,0.76,0.555,COMPRESSION,77,455.0,13,51,BULL_BOUNCE_PENDING,LONG,88.2,CONVICTION,FAVORABLE,1.3695,RISING
2026-09-25,OKLO,6.0,1.13,0.453,VACUUM,114,691.0,0.29,0.116,COMPRESSION,29,121.0,25,37,BEAR_REJECTION_PENDING,SHORT,67.3,CONVICTION,FAVORABLE,2.4969,RISING
2026-09-25,PL,6.0,0.02,0.02,MINOR,2,1328.0,0.27,0.268,COMPRESSION,27,17.0,3,47,BULL_BOUNCE_PENDING,LONG,48.9,MARGINAL,FAVORABLE,1.0082,RISING
2026-09-25,BB,6.0,0.0041,0.01,MINOR,1,471.0,0.21,0.51,COMPRESSION,21,817.0,2,46,DCB_BREAKOUT,LONG,56.9,MARGINAL,FAVORABLE,0.412,RISING
2026-09-25,BTG,6.0,0.33,1.462,COMPRESSION,34,677.0,0.0008,0.004,MINOR,1,658.0,32,34,BULL_BOUNCE_PENDING,LONG,51.0,MARGINAL,FAVORABLE,0.2257,NEUTRAL
2026-09-25,URG,6.0,0.03,0.528,COMPRESSION,4,862.0,0.03,0.528,COMPRESSION,4,862.0,17,9,BULL_BOUNCE_PENDING,LONG,51.0,MARGINAL,FAVORABLE,0.0568,FALLING
2026-09-25,LUNR,6.0,0.66,0.67,COMPRESSION,67,1044.0,0.29,0.295,COMPRESSION,30,1113.0,26,42,BULL_BOUNCE_PENDING,LONG,58.1,MARGINAL,FAVORABLE,0.9847,RISING
2026-09-25,CRML,6.0,0.15,0.207,COMPRESSION,15,24.0,1.44,1.984,CONVICTION,144,239.0,15,44,CHANNEL_BREAKOUT,LONG,47.0,MARGINAL,FAVORABLE,0.7258,RISING
2026-09-25,STLA,6.0,0.15,0.854,COMPRESSION,15,865.0,0.005,0.028,MINOR,1,67.0,45,7,BEAR_REJECTION_PENDING,SHORT,55.8,MARGINAL,FAVORABLE,0.1757,FALLING
2026-09-25,CVNA,6.0,0.49,0.166,MINOR,50,95.0,2.079,0.705,CONVICTION,208,1337.0,51,29,BULL_BOUNCE_PENDING,LONG,57.0,MARGINAL,FAVORABLE,2.9503,FALLING
2026-09-25,WYFI,6.0,4.94,3.781,CONVICTION,495,795.0,0.63,0.482,COMPRESSION,64,439.0,3,65,BULL_BOUNCE_PENDING,LONG,70.5,CONVICTION,FAVORABLE,1.3067,RISING
2026-09-25,WTI,6.0,0.005,0.024,MINOR,1,316.0,0.1,0.484,COMPRESSION,10,711.0,33,25,BULL_BOUNCE_PENDING,LONG,51.0,MARGINAL,FAVORABLE,0.2066,FALLING
2026-09-25,SNOW,6.0,2.84,0.209,CONVICTION,285,567.0,1.57,0.115,CONVICTION,157,19.0,15,17,BULL_BOUNCE,LONG,69.0,CONVICTION,FAVORABLE,13.6082,NEUTRAL
2026-09-25,AVGO,6.0,7.6,0.741,CONVICTION,761,477.0,16.66,1.624,CONVICTION,1666,136.0,22,63,BEAR_REJECTION_PENDING,SHORT,63.4,CONVICTION,FAVORABLE,10.2566,RISING
2026-09-25,NVTS,6.0,0.38,0.546,COMPRESSION,39,407.0,0.41,0.589,COMPRESSION,42,213.0,9,52,BULL_BOUNCE_CONFIRMED,LONG,75.3,CONVICTION,FAVORABLE,0.6963,RISING
2026-09-25,PR,6.0,0.23,0.306,COMPRESSION,24,69.0,0.3,0.399,COMPRESSION,31,1308.0,44,60,BULL_BOUNCE_PENDING,LONG,63.8,CONVICTION,FAVORABLE,0.751,FALLING
2026-09-25,RXRX,6.0,0.07,0.281,COMPRESSION,8,459.0,0.06,0.241,COMPRESSION,7,125.0,11,36,BULL_BOUNCE_PENDING,LONG,67.4,CONVICTION,FAVORABLE,0.2493,RISING
2026-09-25,BBAI,6.0,0.03,0.249,COMPRESSION,3,709.0,0.13,1.077,COMPRESSION,14,426.0,33,12,BULL_BOUNCE_PENDING,LONG,46.0,MARGINAL,FAVORABLE,0.1207,FALLING
2026-09-25,HIMS,6.0,0.2684,0.183,MINOR,27,1367.0,0.51,0.348,COMPRESSION,52,317.0,5,64,BULL_BOUNCE_PENDING,LONG,53.8,MARGINAL,FAVORABLE,1.465,RISING
2026-09-25,CBRS,6.0,0.95,0.078,COMPRESSION,95,24.0,1.63,0.134,CONVICTION,163,524.0,3,70,BULL_BOUNCE_CONFIRMED,LONG,86.8,CONVICTION,FAVORABLE,12.137,RISING
2026-09-25,GTM,6.0,1.98,9.313,CONVICTION,199,357.0,0.11,0.517,COMPRESSION,12,1301.0,16,31,BEAR_REJECTION_PENDING,SHORT,81.0,CONVICTION,FAVORABLE,0.2126,FALLING
2026-09-25,WDC,6.0,29.365,1.15,VACUUM,2937,810.0,8.95,0.35,CONVICTION,895,189.0,39,68,BULL_BOUNCE_CONFIRMED,LONG,70.0,CONVICTION,FAVORABLE,25.5389,RISING
2026-09-25,TOST,6.0,0.31,0.294,COMPRESSION,32,1242.0,0.37,0.351,COMPRESSION,38,827.0,47,36,BULL_BOUNCE_PENDING,LONG,66.3,CONVICTION,FAVORABLE,1.055,FALLING
2026-09-25,RZLV,6.0,0.37,4.666,COMPRESSION,38,1200.0,0.01,0.126,COMPRESSION,2,933.0,16,6,BULL_BOUNCE_PENDING,LONG,52.0,MARGINAL,FAVORABLE,0.0793,RISING
2026-09-25,VG,6.0,0.22,0.314,COMPRESSION,22,591.0,1.51,2.157,CONVICTION,151,1404.0,45,16,BEAR_REJECTION_PENDING,SHORT,50.0,MARGINAL,FAVORABLE,0.7,FALLING
2026-09-25,CCO,6.0,0.01,0.538,COMPRESSION,1,255.0,0.01,0.538,MINOR,2,1319.0,9,5,BUY_LOWER_DIRTY,LONG,48.4,MARGINAL,FAVORABLE,0.0186,FALLING
2026-09-25,HUMA,6.0,0.0001,0.003,COMPRESSION,1,1406.0,0.0001,0.003,MINOR,1,181.0,18,10,BULL_BOUNCE_PENDING,LONG,44.0,MARGINAL,FAVORABLE,0.0304,RISING
2026-09-25,SIDU,6.0,0.06,0.539,MINOR,7,1211.0,0.06,0.539,MINOR,6,148.0,19,26,BULL_BOUNCE_PENDING,LONG,65.0,CONVICTION,FAVORABLE,0.1114,RISING
2026-09-25,QS,6.0,0.02,0.085,MINOR,2,80.0,0.12,0.512,COMPRESSION,13,1483.0,18,10,BULL_BOUNCE_PENDING,LONG,64.7,CONVICTION,FAVORABLE,0.2343,FALLING
2026-09-25,UWMC,6.0,0.04,0.524,COMPRESSION,5,818.0,0.02,0.262,MINOR,3,8.0,19,5,CHANNEL_RECLAIM_LONG,LONG,67.0,CONVICTION,FAVORABLE,0.0763,RISING
2026-09-25,XP,6.0,0.12,0.162,COMPRESSION,12,102.0,0.35,0.471,COMPRESSION,35,92.0,6,32,BULL_BOUNCE_PENDING,LONG,62.2,CONVICTION,FAVORABLE,0.7425,RISING
2026-09-25,INFQ,6.0,0.79,0.848,COMPRESSION,79,1253.0,0.36,0.387,COMPRESSION,36,536.0,10,48,BULL_BOUNCE_PENDING,LONG,80.0,CONVICTION,FAVORABLE,0.9313,NEUTRAL
2026-09-25,NVDA,6.0,3.43,0.635,VACUUM,344,319.0,0.665,0.123,COMPRESSION,67,127.0,9,71,BULL_BOUNCE_CONFIRMED,LONG,82.0,CONVICTION,FAVORABLE,5.4011,RISING
2026-09-25,PATH,6.0,0.03,0.031,COMPRESSION,3,325.0,0.005,0.005,COMPRESSION,1,774.0,25,15,BULL_BOUNCE_PENDING,LONG,78.5,CONVICTION,FAVORABLE,0.9702,NEUTRAL
2026-09-25,BFLY,6.0,0.0015,0.002,MINOR,1,54.0,0.71,1.144,COMPRESSION,71,635.0,18,43,BULL_BOUNCE_PENDING,LONG,56.0,MARGINAL,FAVORABLE,0.6208,RISING
2026-09-25,AMC,6.0,0.03,0.177,MINOR,4,412.0,0.05,0.295,COMPRESSION,5,550.0,7,28,BULL_BOUNCE_PENDING,LONG,54.0,MARGINAL,FAVORABLE,0.1695,NEUTRAL
2026-09-25,ANET,6.0,,,,,,4.08,0.543,CONVICTION,409,274.0,0,74,BULL_BOUNCE_CONFIRMED,LONG,75.8,CONVICTION,FAVORABLE,7.5153,NEUTRAL
2026-09-25,SPCX,6.0,1.5,0.227,CONVICTION,150,666.0,0.16,0.024,COMPRESSION,17,43.0,17,38,BEAR_REJECTION_PENDING,SHORT,68.9,CONVICTION,FAVORABLE,6.5949,FALLING
2026-09-25,STM,6.0,2.52,1.515,CONVICTION,252,158.0,1.11,0.667,CONVICTION,111,219.0,25,85,CHANNEL_BREAKOUT,LONG,53.0,MARGINAL,FAVORABLE,1.6631,RISING
2026-09-25,BATL,6.0,0.02,0.284,COMPRESSION,3,536.0,0.0044,0.062,MINOR,1,273.0,16,12,BEAR_REJECTION_PENDING,SHORT,41.5,MARGINAL,FAVORABLE,0.0704,FALLING
2026-09-25,LAC,6.0,0.025,0.163,MINOR,3,17.0,0.005,0.033,MINOR,1,139.0,41,14,CHANNEL_BREAKOUT,LONG,47.0,MARGINAL,FAVORABLE,0.1535,RISING
2026-09-25,ZETA,6.0,0.19,0.141,MINOR,19,10.0,0.57,0.422,COMPRESSION,58,260.0,14,20,BULL_BOUNCE_PENDING,LONG,56.0,MARGINAL,FAVORABLE,1.3505,FALLING
2026-09-25,HIVE,6.0,0.08,0.456,COMPRESSION,8,1051.0,0.08,0.456,COMPRESSION,9,420.0,9,39,BULL_BOUNCE_PENDING,LONG,48.0,MARGINAL,FAVORABLE,0.1756,RISING
2026-09-25,MVIS,6.0,0.01,0.075,MINOR,2,311.0,0.005,0.037,MINOR,1,214.0,39,10,BULL_BOUNCE_PENDING,LONG,58.0,MARGINAL,FAVORABLE,0.1335,RISING
2026-09-25,LGHL,6.0,0.14,0.098,COMPRESSION,14,1183.0,0.15,0.105,COMPRESSION,15,704.0,12,35,BULL_BOUNCE_PENDING,LONG,49.0,MARGINAL,FAVORABLE,1.4321,RISING
2026-09-25,TREX,6.0,0.8,0.588,COMPRESSION,81,215.0,0.25,0.184,COMPRESSION,25,877.0,47,25,BULL_BOUNCE,LONG,58.3,MARGINAL,FAVORABLE,1.3604,FALLING
2026-09-25,SHOP,6.0,2.2,0.291,CONVICTION,221,364.0,20.94,2.769,CONVICTION,2095,80.0,29,51,BULL_BOUNCE_PENDING,LONG,67.9,CONVICTION,FAVORABLE,7.5621,RISING
2026-09-25,META,6.0,0.04,0.001,MINOR,4,21.0,14.545,0.515,CONVICTION,1455,1242.0,1,60,BULL_BOUNCE_PENDING,LONG,60.0,CONVICTION,FAVORABLE,28.2356,RISING
2026-09-25,SES,6.0,0.0059,0.111,MINOR,1,18.0,0.0095,0.179,COMPRESSION,1,668.0,27,12,BULL_BOUNCE,LONG,71.0,CONVICTION,FAVORABLE,0.053,RISING
2026-09-25,DVLT,6.0,0.0037,0.141,MINOR,1,332.0,0.0001,0.006,MINOR,1,176.0,15,10,BULL_BOUNCE_PENDING,LONG,46.0,MARGINAL,FAVORABLE,0.0263,RISING
2026-09-25,COHR,6.0,11.13,0.545,CONVICTION,1113,415.0,6.05,0.296,CONVICTION,606,68.0,26,67,BULL_BOUNCE_CONFIRMED,LONG,67.2,CONVICTION,FAVORABLE,20.4369,RISING
2026-09-25,JLHL,6.0,0.09,0.354,MINOR,9,525.0,0.03,0.118,MINOR,4,194.0,27,37,BULL_BOUNCE_CONFIRMED,LONG,65.0,CONVICTION,FAVORABLE,0.2541,NEUTRAL
2026-09-25,BJDX,6.0,0.0199,0.205,MINOR,2,521.0,0.0109,0.112,COMPRESSION,2,303.0,2,43,BULL_BOUNCE_CONFIRMED,LONG,57.3,MARGINAL,FAVORABLE,0.097,NEUTRAL
2026-09-25,SLNH,6.0,0.005,0.066,MINOR,1,408.0,0.05,0.657,COMPRESSION,6,472.0,1,35,BULL_BOUNCE_PENDING,LONG,60.0,CONVICTION,FAVORABLE,0.0761,RISING
2026-09-25,STUB,6.0,0.03,0.101,COMPRESSION,4,535.0,0.005,0.017,MINOR,1,148.0,36,3,BEAR_REJECTION_PENDING,SHORT,50.0,MARGINAL,FAVORABLE,0.2985,FALLING
2026-09-25,OPTU,6.0,0.0002,0.002,MINOR,1,388.0,0.0508,0.62,MINOR,6,426.0,28,14,BULL_BOUNCE_PENDING,LONG,46.0,MARGINAL,FAVORABLE,0.082,RISING
2026-09-25,TPET,6.0,0.01,0.055,COMPRESSION,2,57.0,0.02,0.11,MINOR,3,115.0,12,19,BULL_BOUNCE,LONG,60.0,CONVICTION,FAVORABLE,0.1824,NEUTRAL
2026-09-25,FIG,6.0,0.14,0.116,COMPRESSION,15,141.0,0.43,0.358,COMPRESSION,43,1065.0,20,7,BEAR_REJECTION_PENDING,SHORT,59.4,MARGINAL,FAVORABLE,1.2024,FALLING
2026-09-25,AEON,6.0,0.0082,0.206,COMPRESSION,1,962.0,0.0001,0.003,MINOR,1,651.0,29,28,BULL_BOUNCE_PENDING,LONG,53.0,MARGINAL,FAVORABLE,0.0398,NEUTRAL
2026-09-25,VEEE,6.0,0.06,0.03,MINOR,7,56.0,4.58,2.282,CONVICTION,458,14.0,3,22,BULL_BOUNCE_PENDING,LONG,81.0,CONVICTION,FAVORABLE,2.0066,RISING
2026-09-25,MAT,6.0,0.03,0.082,COMPRESSION,3,68.0,0.005,0.014,MINOR,1,23.0,33,14,BEAR_REJECTION_PENDING,SHORT,50.0,MARGINAL,FAVORABLE,0.3679,FALLING
2026-09-25,WEN,6.0,0.03,0.108,MINOR,4,260.0,0.0037,0.013,MINOR,1,477.0,36,1,BULL_BOUNCE_PENDING,LONG,56.7,MARGINAL,FAVORABLE,0.2775,FALLING
2026-09-25,FHB,6.0,0.14,0.307,COMPRESSION,15,955.0,0.04,0.088,COMPRESSION,4,303.0,46,28,BULL_BOUNCE_PENDING,LONG,50.8,MARGINAL,FAVORABLE,0.4557,FALLING
2026-09-25,AAL,6.0,0.058,0.132,COMPRESSION,6,942.0,0.32,0.726,COMPRESSION,32,163.0,16,52,BULL_BOUNCE_PENDING,LONG,58.0,MARGINAL,FAVORABLE,0.4407,RISING
2026-09-25,FPS,6.0,1.19,0.448,CONVICTION,119,1313.0,1.92,0.723,CONVICTION,192,668.0,24,32,SHORT_UPPER_DIRTY,SHORT,62.3,CONVICTION,FAVORABLE,2.6559,RISING
2026-09-25,DFNS,6.0,0.23,0.268,MINOR,24,146.0,1.81,2.111,CONVICTION,181,1173.0,35,27,BULL_BOUNCE_PENDING,LONG,49.0,MARGINAL,FAVORABLE,0.8575,NEUTRAL
2026-09-25,CORZ,6.0,0.63,0.623,COMPRESSION,63,650.0,0.26,0.257,COMPRESSION,27,639.0,15,50,BEAR_REJECTION_PENDING,SHORT,50.1,MARGINAL,FAVORABLE,1.0111,RISING
2026-09-25,MRK,6.0,1.28,0.392,VACUUM,129,86.0,9.7,2.968,CONVICTION,970,69.0,32,54,BULL_BOUNCE_PENDING,LONG,87.0,CONVICTION,FAVORABLE,3.2681,FALLING
2026-09-25,ALC,6.0,0.86,0.653,COMPRESSION,86,859.0,0.35,0.266,COMPRESSION,36,53.0,63,4,BEAR_REJECTION_PENDING,SHORT,62.0,CONVICTION,FAVORABLE,1.3161,FALLING
2026-09-25,CRM,6.0,0.64,0.074,COMPRESSION,64,33.0,24.43,2.839,CONVICTION,2444,285.0,74,23,BULL_BOUNCE_PENDING,LONG,62.0,CONVICTION,FAVORABLE,8.6044,FALLING
2026-09-25,UBER,6.0,0.145,0.078,COMPRESSION,15,877.0,0.0036,0.002,MINOR,1,13.0,42,23,BULL_BOUNCE_PENDING,LONG,56.0,MARGINAL,FAVORABLE,1.8544,FALLING
2026-09-25,MDLN,6.0,3.23,2.35,CONVICTION,324,657.0,0.59,0.429,COMPRESSION,59,700.0,12,34,BEAR_REJECTION_PENDING,SHORT,75.0,CONVICTION,FAVORABLE,1.3743,FALLING
2026-09-25,TLRY,6.0,0.05,0.316,COMPRESSION,5,1127.0,0.04,0.253,COMPRESSION,5,123.0,37,18,BULL_BOUNCE_PENDING,LONG,54.1,MARGINAL,FAVORABLE,0.1584,RISING
2026-09-25,SBEV,6.0,0.0158,0.22,MINOR,2,117.0,0.001,0.014,MINOR,1,486.0,3,13,BULL_BOUNCE_PENDING,LONG,64.0,CONVICTION,FAVORABLE,0.0718,NEUTRAL
2026-09-25,APLD,6.0,1.195,0.737,VACUUM,120,872.0,0.17,0.105,MINOR,18,127.0,26,53,BULL_BOUNCE,LONG,71.0,CONVICTION,FAVORABLE,1.6207,RISING
2026-09-25,GOSS,6.0,0.944,0.665,MINOR,95,1500.0,0.06,0.042,COMPRESSION,7,108.0,32,5,BULL_BOUNCE_PENDING,LONG,68.0,CONVICTION,FAVORABLE,1.4193,FALLING
2026-09-25,ASAN,6.0,0.01,0.015,MINOR,2,954.0,0.11,0.161,COMPRESSION,11,377.0,17,16,BULL_BOUNCE_PENDING,LONG,56.0,MARGINAL,FAVORABLE,0.6831,RISING
2026-09-25,BSX,6.0,0.08,0.057,COMPRESSION,8,1273.0,0.009,0.006,MINOR,1,83.0,20,29,BULL_BOUNCE,LONG,63.0,CONVICTION,FAVORABLE,1.4113,RISING
2026-09-25,KD,6.0,10.69,18.146,CONVICTION,1069,382.0,0.19,0.323,MINOR,19,85.0,20,3,BULL_BOUNCE_PENDING,LONG,64.2,CONVICTION,FAVORABLE,0.5891,FALLING
2026-09-25,SKYQ,6.0,0.04,0.107,MINOR,5,71.0,0.15,0.401,COMPRESSION,16,1312.0,13,16,BULL_BOUNCE_PENDING,LONG,85.5,CONVICTION,FAVORABLE,0.3739,NEUTRAL
2026-09-25,OBAI,6.0,0.016,0.559,COMPRESSION,2,536.0,0.0016,0.056,MINOR,1,401.0,17,6,BULL_BOUNCE_CONFIRMED,LONG,66.0,CONVICTION,FAVORABLE,0.0286,NEUTRAL
2026-09-25,TEAM,6.0,0.01,0.001,MINOR,1,415.0,1.9,0.218,CONVICTION,191,301.0,34,26,BULL_BOUNCE_PENDING,LONG,55.0,MARGINAL,FAVORABLE,8.7091,NEUTRAL
2026-09-25,WNW,6.0,0.02,0.147,COMPRESSION,3,42.0,0.03,0.22,COMPRESSION,4,125.0,8,18,CHANNEL_RECLAIM_LONG,LONG,53.0,MARGINAL,FAVORABLE,0.1362,NEUTRAL
2026-09-25,SLGB,6.0,0.0019,0.036,MINOR,1,250.0,0.0082,0.155,COMPRESSION,1,95.0,7,17,BULL_BOUNCE_PENDING,LONG,69.0,CONVICTION,FAVORABLE,0.0528,NEUTRAL
2026-09-25,LASE,6.0,0.0288,0.228,MINOR,3,1120.0,0.0072,0.057,COMPRESSION,1,1031.0,8,32,BULL_BOUNCE_PENDING,LONG,47.6,MARGINAL,FAVORABLE,0.1261,NEUTRAL
2026-09-25,OSS,6.0,0.11,0.232,COMPRESSION,11,452.0,0.1977,0.417,MINOR,20,648.0,32,55,BULL_BOUNCE,LONG,63.0,CONVICTION,FAVORABLE,0.474,RISING
2026-09-25,SHMD,6.0,0.005,0.019,MINOR,1,414.0,0.035,0.134,MINOR,4,609.0,3,25,BUY_LOWER_DIRTY,LONG,45.0,MARGINAL,FAVORABLE,0.2617,RISING
2026-09-25,ELF,6.0,1.42,0.322,VACUUM,143,197.0,0.77,0.175,COMPRESSION,77,337.0,46,45,BULL_BOUNCE_PENDING,LONG,82.3,CONVICTION,FAVORABLE,4.4078,NEUTRAL
2026-09-25,AMPG,6.0,0.01,0.069,MINOR,2,669.0,0.1083,0.744,MINOR,11,179.0,20,27,CHANNEL_BREAKOUT,LONG,47.0,MARGINAL,FAVORABLE,0.1456,NEUTRAL
2026-09-25,AIM,6.0,0.0096,0.814,COMPRESSION,1,443.0,0.0019,0.161,MINOR,1,49.0,32,13,BEAR_REJECTION_PENDING,SHORT,53.2,MARGINAL,FAVORABLE,0.0118,NEUTRAL
2026-09-25,QMCO,6.0,12.04,5.407,CONVICTION,1204,896.0,0.925,0.415,COMPRESSION,93,1428.0,8,30,BULL_BOUNCE_PENDING,LONG,67.0,CONVICTION,FAVORABLE,2.2269,RISING
2026-09-25,CAST,6.0,0.03,0.241,MINOR,3,382.0,0.01,0.08,MINOR,2,382.0,24,17,BULL_BOUNCE_PENDING,LONG,55.0,MARGINAL,FAVORABLE,0.1245,NEUTRAL
2026-09-25,SAIL,6.0,0.06,0.045,COMPRESSION,7,271.0,0.14,0.106,COMPRESSION,15,972.0,3,50,BULL_BOUNCE_PENDING,LONG,62.0,CONVICTION,FAVORABLE,1.3206,RISING
2026-09-25,GRAF,6.0,,,,,,0.02,0.466,COMPRESSION,2,46.0,0,25,BULL_BOUNCE_PENDING,LONG,60.0,CONVICTION,FAVORABLE,0.0429,NEUTRAL
2026-09-25,ULCC,6.0,0.1,0.349,COMPRESSION,11,1265.0,0.19,0.664,COMPRESSION,19,1214.0,41,19,BEAR_REJECTION_PENDING,SHORT,44.0,MARGINAL,FAVORABLE,0.2863,RISING
2026-09-25,VUZI,6.0,0.07,0.429,COMPRESSION,8,183.0,0.02,0.123,COMPRESSION,3,1392.0,36,34,BULL_BOUNCE_PENDING,LONG,58.0,MARGINAL,FAVORABLE,0.163,RISING
2026-09-25,TMHC,6.0,0.01,0.068,COMPRESSION,2,1.0,13.03,89.003,CONVICTION,1303,127.0,2,27,BULL_BOUNCE_PENDING,LONG,64.5,CONVICTION,FAVORABLE,0.1464,RISING
2026-09-25,VLN,6.0,0.06,0.69,COMPRESSION,7,860.0,0.05,0.575,COMPRESSION,6,860.0,25,31,BULL_BOUNCE,LONG,55.0,MARGINAL,FAVORABLE,0.0869,RISING
2026-09-25,VELO,6.0,0.12,0.167,COMPRESSION,12,1482.0,0.29,0.402,COMPRESSION,29,118.0,48,46,BULL_BOUNCE_PENDING,LONG,62.2,CONVICTION,FAVORABLE,0.7207,RISING
2026-09-25,DGXX,6.0,0.02,0.079,MINOR,3,173.0,0.08,0.314,COMPRESSION,9,994.0,7,25,BULL_BOUNCE_CONFIRMED,LONG,70.0,CONVICTION,FAVORABLE,0.2545,RISING
2026-09-25,UPST,6.0,0.29,0.273,COMPRESSION,29,1216.0,0.49,0.462,MINOR,49,28.0,29,26,BUY_LOWER_DIRTY,LONG,62.8,CONVICTION,FAVORABLE,1.0611,RISING
2026-09-25,UMAC,6.0,0.83,0.475,COMPRESSION,83,969.0,0.75,0.429,COMPRESSION,75,132.0,17,44,BULL_BOUNCE_CONFIRMED,LONG,67.4,CONVICTION,FAVORABLE,1.7464,NEUTRAL
2026-09-25,AMZE,6.0,0.0042,0.266,COMPRESSION,1,901.0,0.0001,0.006,MINOR,1,76.0,12,5,BULL_BOUNCE,LONG,61.0,CONVICTION,FAVORABLE,0.0158,RISING
2026-09-25,RARE,6.0,11.11,12.507,CONVICTION,1111,75.0,0.07,0.079,COMPRESSION,8,109.0,23,22,BULL_BOUNCE_PENDING,LONG,62.0,CONVICTION,FAVORABLE,0.8883,RISING
2026-09-25,INGM,6.0,1.4,1.314,CONVICTION,140,239.0,0.07,0.066,COMPRESSION,8,581.0,27,26,BEAR_REJECTION_PENDING,SHORT,53.1,MARGINAL,FAVORABLE,1.0654,FALLING
2026-09-25,PGY,6.0,0.1,0.083,COMPRESSION,10,989.0,1.28,1.059,CONVICTION,129,622.0,25,19,BULL_BOUNCE_PENDING,LONG,42.0,MARGINAL,FAVORABLE,1.2082,FALLING
2026-09-25,ZENA,6.0,0.06,0.669,MINOR,6,733.0,0.01,0.111,MINOR,2,67.0,10,17,BULL_BOUNCE_CONFIRMED,LONG,66.0,CONVICTION,FAVORABLE,0.0897,NEUTRAL
2026-09-25,CHAI,6.0,0.0019,0.071,MINOR,1,117.0,0.0028,0.108,MINOR,1,434.0,32,22,CHANNEL_RECLAIM_LONG,LONG,53.0,MARGINAL,FAVORABLE,0.0259,NEUTRAL
2026-09-25,BTQ,6.0,0.02,0.107,COMPRESSION,3,427.0,0.005,0.027,MINOR,1,142.0,19,27,DCB_BREAKOUT,LONG,40.8,MARGINAL,FAVORABLE,0.1871,RISING
2026-09-25,OUST,6.0,3.04,1.404,CONVICTION,304,680.0,1.46,0.674,CONVICTION,147,1352.0,6,70,BEAR_REJECTION_PENDING,SHORT,67.9,CONVICTION,FAVORABLE,2.1657,RISING
2026-09-25,PLAY,6.0,0.05,0.096,COMPRESSION,6,60.0,0.01,0.019,MINOR,1,120.0,32,1,BULL_BOUNCE,LONG,71.0,CONVICTION,FAVORABLE,0.5204,RISING
2026-09-25,WOLF,6.0,0.48,0.246,MINOR,49,617.0,0.71,0.365,MINOR,72,168.0,25,52,BULL_BOUNCE_CONFIRMED,LONG,82.8,CONVICTION,FAVORABLE,1.9473,RISING
2026-09-25,EWTX,6.0,0.1,0.046,COMPRESSION,11,805.0,0.7,0.323,COMPRESSION,70,873.0,60,33,BULL_BOUNCE_PENDING,LONG,87.0,CONVICTION,FAVORABLE,2.1661,FALLING
2026-09-25,MRAM,6.0,1.33,1.302,CONVICTION,133,283.0,0.66,0.646,COMPRESSION,67,1144.0,13,42,BUY_LOWER_DIRTY,LONG,38.1,MARGINAL,FAVORABLE,1.0215,RISING
2026-09-25,PTCT,6.0,1.49,0.74,CONVICTION,149,888.0,0.24,0.119,COMPRESSION,25,223.0,62,17,BEAR_REJECTION_PENDING,SHORT,72.5,CONVICTION,FAVORABLE,2.0148,FALLING
2026-09-25,OPTX,6.0,0.02,0.034,MINOR,2,766.0,0.03,0.05,MINOR,4,766.0,36,53,BULL_BOUNCE,LONG,71.0,CONVICTION,FAVORABLE,0.595,RISING
2026-09-25,ASST,6.0,0.01,0.005,MINOR,1,484.0,0.11,0.053,COMPRESSION,11,812.0,7,53,BULL_BOUNCE_PENDING,LONG,82.0,CONVICTION,FAVORABLE,2.0882,RISING
2026-09-25,GCTS,6.0,0.0018,0.014,COMPRESSION,1,683.0,0.04,0.32,COMPRESSION,5,705.0,5,70,BULL_BOUNCE_CONFIRMED,LONG,74.0,CONVICTION,FAVORABLE,0.125,RISING
2026-09-25,UPC,6.0,0.01,0.023,MINOR,1,618.0,0.35,0.812,MINOR,36,341.0,1,19,BULL_BOUNCE_PENDING,LONG,53.0,MARGINAL,FAVORABLE,0.4309,NEUTRAL
2026-09-25,DXYZ,6.0,0.8,0.599,COMPRESSION,81,632.0,0.7,0.524,COMPRESSION,70,971.0,56,37,BULL_BOUNCE_PENDING,LONG,74.5,CONVICTION,FAVORABLE,1.3361,RISING
2026-09-25,NN,6.0,0.02,0.021,MINOR,3,221.0,0.17,0.182,COMPRESSION,17,816.0,17,36,BULL_BOUNCE_PENDING,LONG,81.3,CONVICTION,FAVORABLE,0.9355,FALLING
2026-09-25,NAVN,6.0,0.065,0.043,COMPRESSION,7,659.0,0.01,0.007,MINOR,2,784.0,39,13,BULL_BOUNCE_PENDING,LONG,68.0,CONVICTION,FAVORABLE,1.5071,FALLING
2026-09-25,SERV,6.0,0.06,0.282,MINOR,7,776.0,0.01,0.047,MINOR,2,304.0,21,23,CHANNEL_BREAKOUT,LONG,47.0,MARGINAL,FAVORABLE,0.2124,RISING
2026-09-25,MNTS,6.0,0.07,0.318,COMPRESSION,8,1355.0,0.17,0.771,COMPRESSION,17,1311.0,16,25,BULL_BOUNCE,LONG,70.4,CONVICTION,FAVORABLE,0.2204,NEUTRAL
2026-09-25,BAND,6.0,1.1,0.225,VACUUM,110,1280.0,0.39,0.08,COMPRESSION,40,1186.0,14,34,BULL_BOUNCE_PENDING,LONG,64.0,CONVICTION,FAVORABLE,4.8843,RISING
2026-09-25,XNDU,6.0,1.48,2.382,CONVICTION,149,1459.0,0.011,0.018,MINOR,2,49.0,23,18,BEAR_REJECTION_PENDING,SHORT,57.8,MARGINAL,FAVORABLE,0.6214,FALLING
2026-09-25,FLY,6.0,0.81,0.516,COMPRESSION,81,64.0,0.59,0.376,COMPRESSION,59,822.0,22,85,BULL_BOUNCE_PENDING,LONG,55.5,MARGINAL,FAVORABLE,1.5688,RISING
2026-09-25,IMCC,6.0,0.96,0.92,COMPRESSION,96,95.0,0.03,0.029,COMPRESSION,3,667.0,5,23,BULL_BOUNCE_CONFIRMED,LONG,86.8,CONVICTION,FAVORABLE,1.0438,RISING
2026-09-25,NUWE,6.0,0.0171,0.162,MINOR,2,997.0,0.003,0.028,MINOR,1,289.0,22,27,BULL_BOUNCE,LONG,69.0,CONVICTION,FAVORABLE,0.1054,RISING
2026-09-25,BTTC,6.0,0.0077,0.078,MINOR,1,213.0,0.0026,0.026,MINOR,1,140.0,12,13,BULL_BOUNCE_PENDING,LONG,50.0,MARGINAL,FAVORABLE,0.0982,RISING
2026-09-25,SOAR,6.0,0.0257,1.179,COMPRESSION,3,571.0,0.0001,0.005,MINOR,1,174.0,14,17,BULL_BOUNCE_PENDING,LONG,50.0,MARGINAL,FAVORABLE,0.0218,NEUTRAL
2026-09-25,MRLN,6.0,0.02,0.072,COMPRESSION,3,335.0,0.01,0.036,MINOR,2,168.0,13,2,BEAR_REJECTION_PENDING,SHORT,59.3,MARGINAL,FAVORABLE,0.277,FALLING
2026-09-25,ALTO,6.0,0.02,0.142,COMPRESSION,3,816.0,0.89,6.312,COMPRESSION,89,352.0,46,1,BULL_BOUNCE_PENDING,LONG,77.0,CONVICTION,FAVORABLE,0.141,FALLING
2026-09-25,NCRA,6.0,0.0597,0.284,MINOR,6,581.0,0.0002,0.001,MINOR,1,106.0,27,3,BULL_BOUNCE_PENDING,LONG,50.0,MARGINAL,FAVORABLE,0.2105,NEUTRAL
2026-09-25,VSME,6.0,0.0129,0.125,COMPRESSION,2,902.0,0.0056,0.054,COMPRESSION,1,394.0,37,2,BULL_BOUNCE_PENDING,LONG,69.7,CONVICTION,FAVORABLE,0.1035,NEUTRAL
2026-09-25,AEVA,6.0,0.57,0.625,COMPRESSION,58,1145.0,0.63,0.69,COMPRESSION,63,296.0,11,67,BULL_BOUNCE_PENDING,LONG,51.0,MARGINAL,FAVORABLE,0.9125,NEUTRAL
2026-09-25,BIAF,6.0,0.11,0.037,MINOR,12,64.0,0.99,0.337,CONVICTION,100,1003.0,15,16,BULL_BOUNCE_PENDING,LONG,52.0,MARGINAL,FAVORABLE,2.9374,RISING
2026-09-25,GDC,6.0,0.03,0.153,COMPRESSION,4,694.0,0.03,0.153,MINOR,4,625.0,11,10,BULL_BOUNCE_PENDING,LONG,70.3,CONVICTION,FAVORABLE,0.1963,RISING
2026-09-25,DOMO,6.0,0.03,0.192,COMPRESSION,4,223.0,0.005,0.032,MINOR,1,1337.0,32,6,BULL_BOUNCE_PENDING,LONG,68.0,CONVICTION,FAVORABLE,0.1559,FALLING
2026-09-25,AAOZ,6.0,0.2842,0.162,MINOR,29,91.0,0.125,0.071,COMPRESSION,13,465.0,76,30,BULL_BOUNCE_PENDING,LONG,65.2,CONVICTION,FAVORABLE,1.7577,FALLING
2026-09-25,AGL,6.0,1.34,0.237,CONVICTION,135,950.0,0.215,0.038,MINOR,22,164.0,59,18,BEAR_REJECTION_PENDING,SHORT,67.6,CONVICTION,FAVORABLE,5.6436,FALLING
2026-09-25,ABNB,6.0,2.29,0.424,CONVICTION,229,426.0,0.73,0.135,COMPRESSION,73,1214.0,80,73,BULL_BOUNCE_PENDING,LONG,55.0,MARGINAL,FAVORABLE,5.4002,NEUTRAL
2026-09-25,ALHC,6.0,0.02,0.023,COMPRESSION,2,989.0,0.005,0.006,MINOR,1,73.0,31,2,BEAR_REJECTION_PENDING,SHORT,50.0,MARGINAL,FAVORABLE,0.8802,FALLING
2026-09-25,AMN,6.0,4.67,4.105,CONVICTION,468,489.0,0.21,0.185,COMPRESSION,22,26.0,9,28,BULL_BOUNCE_PENDING,LONG,65.5,CONVICTION,FAVORABLE,1.1377,FALLING
2026-09-25,APTV,6.0,0.81,0.547,COMPRESSION,82,276.0,0.004,0.003,MINOR,1,49.0,47,1,BEAR_REJECTION_PENDING,SHORT,70.7,CONVICTION,FAVORABLE,1.4797,FALLING
2026-09-25,ASH,6.0,0.06,0.031,COMPRESSION,7,546.0,0.44,0.228,COMPRESSION,44,304.0,39,40,BULL_BOUNCE_PENDING,LONG,66.7,CONVICTION,FAVORABLE,1.9327,FALLING
2026-09-25,APA,6.0,0.74,0.45,COMPRESSION,74,80.0,0.61,0.371,COMPRESSION,61,1265.0,34,27,BEAR_REJECTION_PENDING,SHORT,60.5,CONVICTION,FAVORABLE,1.6446,FALLING
2026-09-25,ARKG,6.0,,,,,,0.67,0.369,COMPRESSION,68,316.0,0,88,BULL_BOUNCE_CONFIRMED,LONG,76.0,CONVICTION,FAVORABLE,1.8147,RISING
2026-09-25,AVNT,6.0,0.15,0.152,COMPRESSION,15,606.0,1.97,1.998,CONVICTION,197,191.0,48,48,BULL_BOUNCE_PENDING,LONG,76.0,CONVICTION,FAVORABLE,0.9861,FALLING
2026-09-25,ASTX,6.0,0.0211,0.015,MINOR,3,74.0,0.29,0.209,COMPRESSION,30,808.0,30,51,CHANNEL_BREAKOUT,LONG,47.0,MARGINAL,FAVORABLE,1.3862,RISING
2026-09-25,AVAV,6.0,2.56,0.269,CONVICTION,256,729.0,1.05,0.11,CONVICTION,106,1233.0,27,57,BEAR_REJECTION_PENDING,SHORT,50.8,MARGINAL,FAVORABLE,9.503,NEUTRAL
2026-09-25,BIO,6.0,0.38,0.04,MINOR,38,200.0,5.17,0.545,CONVICTION,517,154.0,2,48,BULL_BOUNCE_PENDING,LONG,54.0,MARGINAL,FAVORABLE,9.4929,RISING
2026-09-25,BXSL,6.0,0.04,0.107,COMPRESSION,4,598.0,0.06,0.161,COMPRESSION,6,585.0,43,23,BULL_BOUNCE_PENDING,LONG,54.0,MARGINAL,FAVORABLE,0.3724,RISING
2026-09-25,AXON,6.0,1.34,0.061,CONVICTION,134,32.0,2.27,0.104,CONVICTION,227,1155.0,75,14,SHORT_UPPER_DIRTY,SHORT,59.7,MARGINAL,FAVORABLE,21.7922,FALLING
2026-09-25,CELH,6.0,0.06,0.049,COMPRESSION,6,714.0,0.075,0.062,COMPRESSION,8,163.0,34,26,BEAR_REJECTION_PENDING,SHORT,50.0,MARGINAL,FAVORABLE,1.2147,FALLING
2026-09-25,CENX,6.0,1.05,0.517,CONVICTION,105,1201.0,0.79,0.389,COMPRESSION,79,362.0,51,14,BULL_BOUNCE_PENDING,LONG,59.3,MARGINAL,FAVORABLE,2.0291,FALLING
2026-09-25,CEVA,6.0,0.1,0.065,COMPRESSION,10,291.0,1.19,0.771,CONVICTION,120,1212.0,9,39,BULL_BOUNCE_PENDING,LONG,46.0,MARGINAL,FAVORABLE,1.5429,RISING
2026-09-25,CONL,6.0,0.58,0.797,COMPRESSION,59,299.0,0.5,0.687,MINOR,50,1249.0,17,28,BULL_BOUNCE_PENDING,LONG,76.1,CONVICTION,FAVORABLE,0.7281,RISING
2026-09-25,COHX,6.0,1.86,0.564,CONVICTION,186,928.0,1.3,0.395,CONVICTION,131,1048.0,27,51,BULL_BOUNCE_PENDING,LONG,68.2,CONVICTION,FAVORABLE,3.2951,RISING
2026-09-25,CRGY,6.0,0.28,0.517,COMPRESSION,29,243.0,0.22,0.406,COMPRESSION,22,1133.0,42,33,BEAR_REJECTION_PENDING,SHORT,65.0,CONVICTION,FAVORABLE,0.5418,FALLING
2026-09-25,CTRI,6.0,0.04,0.057,COMPRESSION,4,456.0,0.17,0.24,COMPRESSION,17,427.0,47,32,BULL_BOUNCE_PENDING,LONG,43.0,MARGINAL,FAVORABLE,0.7075,RISING
2026-09-25,CRSR,6.0,0.005,0.008,MINOR,1,96.0,0.17,0.28,COMPRESSION,17,37.0,11,66,SHORT_UPPER_DIRTY,SHORT,50.3,MARGINAL,FAVORABLE,0.6068,NEUTRAL
2026-09-25,CVSA,6.0,3.66,1.034,CONVICTION,366,470.0,0.61,0.172,COMPRESSION,61,29.0,56,52,BULL_BOUNCE_PENDING,LONG,71.0,CONVICTION,FAVORABLE,3.5402,RISING
2026-09-25,DIOD,6.0,0.99,0.229,COMPRESSION,99,797.0,2.06,0.476,CONVICTION,207,103.0,32,68,BULL_BOUNCE_CONFIRMED,LONG,71.0,CONVICTION,FAVORABLE,4.3271,NEUTRAL
2026-09-25,DKS,6.0,0.51,0.099,COMPRESSION,52,328.0,2.32,0.45,CONVICTION,233,613.0,16,55,BEAR_REJECTION_PENDING,SHORT,49.4,MARGINAL,FAVORABLE,5.1597,RISING
2026-09-25,DUOL,6.0,1.36,0.181,CONVICTION,136,664.0,3.75,0.5,CONVICTION,375,840.0,60,43,BULL_BOUNCE_PENDING,LONG,68.0,CONVICTION,FAVORABLE,7.4987,NEUTRAL
2026-09-25,DOCU,6.0,16.125,5.24,CONVICTION,1613,1132.0,1.82,0.591,CONVICTION,183,1134.0,23,49,BULL_BOUNCE_PENDING,LONG,73.0,CONVICTION,FAVORABLE,3.0773,FALLING
2026-09-25,ESNT,6.0,0.44,0.335,COMPRESSION,44,627.0,0.25,0.19,COMPRESSION,25,848.0,76,29,BEAR_REJECTION_PENDING,SHORT,55.8,MARGINAL,FAVORABLE,1.3136,FALLING
2026-09-25,FLR,6.0,7.57,3.955,CONVICTION,757,59.0,0.67,0.35,COMPRESSION,68,1005.0,47,28,BEAR_REJECTION_PENDING,SHORT,79.0,CONVICTION,FAVORABLE,1.9141,FALLING
2026-09-25,ERO,6.0,0.38,0.184,MINOR,39,180.0,0.49,0.237,COMPRESSION,49,683.0,31,79,SHORT_UPPER_DIRTY,SHORT,53.6,MARGINAL,FAVORABLE,2.0669,RISING
2026-09-25,FIVE,6.0,0.72,0.068,COMPRESSION,72,942.0,0.56,0.053,COMPRESSION,57,884.0,70,29,BULL_BOUNCE_PENDING,LONG,53.6,MARGINAL,FAVORABLE,10.5194,FALLING
2026-09-25,FSK,6.0,0.02,0.072,COMPRESSION,3,627.0,0.02,0.072,COMPRESSION,2,492.0,56,17,BEAR_REJECTION_PENDING,SHORT,50.0,MARGINAL,FAVORABLE,0.2789,FALLING
2026-09-25,FRVO,6.0,0.02,0.016,COMPRESSION,2,764.0,0.36,0.288,COMPRESSION,36,330.0,8,61,CHANNEL_BREAKOUT,LONG,47.0,MARGINAL,FAVORABLE,1.2498,RISING
2026-09-25,FUN,6.0,0.06,0.088,COMPRESSION,6,661.0,0.01,0.015,MINOR,2,135.0,51,1,BEAR_REJECTION_PENDING,SHORT,46.0,MARGINAL,FAVORABLE,0.6788,FALLING
2026-09-25,GH,6.0,1.6938,0.205,VACUUM,170,304.0,9.64,1.164,CONVICTION,965,819.0,19,23,BULL_BOUNCE_PENDING,LONG,54.0,MARGINAL,FAVORABLE,8.2816,NEUTRAL
2026-09-25,GKOS,6.0,1.92,0.262,CONVICTION,192,1335.0,0.5,0.068,COMPRESSION,50,1497.0,66,15,BULL_BOUNCE_PENDING,LONG,82.9,CONVICTION,FAVORABLE,7.3404,FALLING
2026-09-25,GFS,6.0,0.57,0.291,COMPRESSION,58,38.0,0.96,0.489,COMPRESSION,97,617.0,38,97,BULL_BOUNCE,LONG,74.0,CONVICTION,FAVORABLE,1.9614,RISING
2026-09-25,GRAL,6.0,0.4957,0.065,MINOR,50,38.0,0.89,0.117,MINOR,90,1230.0,5,50,BULL_BOUNCE,LONG,74.0,CONVICTION,FAVORABLE,7.6046,RISING
2026-09-25,HALO,6.0,0.01,0.003,MINOR,2,80.0,0.35,0.112,COMPRESSION,35,214.0,3,40,BULL_BOUNCE_PENDING,LONG,54.0,MARGINAL,FAVORABLE,3.1201,RISING
2026-09-25,GWRE,6.0,1.9,0.197,CONVICTION,190,630.0,0.05,0.005,COMPRESSION,5,336.0,38,40,BULL_BOUNCE_PENDING,LONG,87.8,CONVICTION,FAVORABLE,9.6647,FALLING
2026-09-25,GTLB,6.0,1.97,1.027,CONVICTION,198,1228.0,1.005,0.524,CONVICTION,101,26.0,20,23,BULL_BOUNCE_PENDING,LONG,88.5,CONVICTION,FAVORABLE,1.9186,FALLING
2026-09-25,HNGE,6.0,0.3,0.076,COMPRESSION,30,47.0,0.3,0.076,COMPRESSION,30,1220.0,48,12,BULL_BOUNCE_PENDING,LONG,74.3,CONVICTION,FAVORABLE,3.9285,RISING
2026-09-25,HONA,6.0,1.76,0.28,CONVICTION,177,206.0,0.93,0.148,COMPRESSION,94,229.0,50,9,BULL_BOUNCE_PENDING,LONG,68.1,CONVICTION,FAVORABLE,6.2782,FALLING
2026-09-25,IDCC,6.0,5.94,0.577,CONVICTION,594,493.0,1.335,0.13,CONVICTION,134,667.0,44,40,BULL_BOUNCE_PENDING,LONG,48.0,MARGINAL,FAVORABLE,10.2964,RISING
2026-09-25,HUM,6.0,0.02,0.002,COMPRESSION,3,155.0,8.74,0.705,CONVICTION,874,1158.0,47,38,BUY_LOWER_DIRTY,LONG,56.6,MARGINAL,FAVORABLE,12.3902,NEUTRAL
2026-09-25,IRE,6.0,0.01,0.007,COMPRESSION,1,42.0,0.4,0.291,COMPRESSION,41,1214.0,16,31,BULL_BOUNCE_CONFIRMED,LONG,66.0,CONVICTION,FAVORABLE,1.3759,RISING
2026-09-25,KALU,6.0,4.77,0.791,CONVICTION,477,28.0,5.7,0.945,CONVICTION,571,942.0,58,37,BULL_BOUNCE_PENDING,LONG,47.0,MARGINAL,FAVORABLE,6.0299,FALLING
2026-09-25,KGS,6.0,0.31,0.121,COMPRESSION,31,376.0,0.86,0.336,COMPRESSION,86,82.0,49,12,BULL_BOUNCE,LONG,74.0,CONVICTION,FAVORABLE,2.5586,NEUTRAL
2026-09-25,KRMN,6.0,0.24,0.095,COMPRESSION,24,1181.0,0.62,0.245,COMPRESSION,62,1030.0,36,45,CHANNEL_BREAKOUT,LONG,39.0,MARGINAL,FAVORABLE,2.5293,RISING
2026-09-25,KSS,6.0,0.2,0.224,MINOR,20,692.0,0.16,0.179,COMPRESSION,17,127.0,46,22,BULL_BOUNCE_PENDING,LONG,63.9,CONVICTION,FAVORABLE,0.8939,NEUTRAL
2026-09-25,MAIN,6.0,0.09,0.11,COMPRESSION,9,272.0,0.52,0.633,COMPRESSION,52,390.0,104,26,BULL_BOUNCE,LONG,58.2,MARGINAL,FAVORABLE,0.8211,FALLING
2026-09-25,LEU,6.0,0.86,0.084,COMPRESSION,87,1052.0,6.41,0.625,CONVICTION,641,1196.0,44,68,BEAR_REJECTION_PENDING,SHORT,66.9,CONVICTION,FAVORABLE,10.2492,FALLING
2026-09-25,MIRM,6.0,11.675,2.913,CONVICTION,1168,512.0,0.54,0.135,COMPRESSION,55,1400.0,51,28,BULL_BOUNCE_PENDING,LONG,55.3,MARGINAL,FAVORABLE,4.0077,NEUTRAL
2026-09-25,MDB,6.0,5.32,0.274,CONVICTION,532,37.0,3.39,0.175,CONVICTION,339,820.0,29,42,BULL_BOUNCE_PENDING,LONG,85.8,CONVICTION,FAVORABLE,19.3979,RISING
2026-09-25,MTZ,6.0,10.5,0.883,CONVICTION,1050,699.0,2.44,0.205,CONVICTION,244,870.0,55,19,BULL_BOUNCE,LONG,71.0,CONVICTION,FAVORABLE,11.8903,RISING
2026-09-25,NASA,6.0,0.64,0.77,MINOR,64,446.0,0.26,0.313,COMPRESSION,26,187.0,35,78,BULL_BOUNCE_PENDING,LONG,51.0,MARGINAL,FAVORABLE,0.831,RISING
2026-09-25,MUZ,6.0,0.44,0.58,COMPRESSION,44,1140.0,0.0001,0.0,MINOR,1,15.0,42,2,BEAR_REJECTION_PENDING,SHORT,55.4,MARGINAL,FAVORABLE,0.7581,FALLING
2026-09-25,NICE,6.0,0.45,0.081,COMPRESSION,46,326.0,0.07,0.013,COMPRESSION,8,756.0,34,51,BULL_BOUNCE_PENDING,LONG,56.1,MARGINAL,FAVORABLE,5.5321,RISING
2026-09-25,NBIZ,6.0,0.893,0.254,MINOR,90,43.0,0.055,0.016,MINOR,6,37.0,29,4,BULL_BOUNCE_PENDING,LONG,69.4,CONVICTION,FAVORABLE,3.5164,FALLING
2026-09-25,OC,6.0,3.4,0.723,CONVICTION,341,644.0,4.77,1.015,CONVICTION,477,889.0,52,17,BULL_BOUNCE_PENDING,LONG,60.4,CONVICTION,FAVORABLE,4.7004,FALLING
2026-09-25,OLLI,6.0,0.38,0.11,COMPRESSION,38,1479.0,1.24,0.359,CONVICTION,124,872.0,12,81,BULL_BOUNCE_PENDING,LONG,69.7,CONVICTION,FAVORABLE,3.4515,RISING
2026-09-25,OKLL,6.0,0.1093,0.078,MINOR,11,837.0,0.07,0.05,COMPRESSION,7,209.0,23,28,BULL_BOUNCE_CONFIRMED,LONG,66.0,CONVICTION,FAVORABLE,1.3975,RISING
2026-09-25,OMDA,6.0,0.34,0.306,COMPRESSION,34,1215.0,0.17,0.153,COMPRESSION,17,1095.0,65,20,BULL_BOUNCE_PENDING,LONG,62.4,CONVICTION,FAVORABLE,1.1119,RISING
2026-09-25,OSCR,6.0,1.13,0.586,CONVICTION,114,708.0,0.24,0.124,COMPRESSION,24,1451.0,38,20,BULL_BOUNCE_PENDING,LONG,60.1,CONVICTION,FAVORABLE,1.9289,FALLING
2026-09-25,PGNY,6.0,0.25,0.325,COMPRESSION,25,724.0,0.06,0.078,COMPRESSION,6,343.0,58,18,BEAR_REJECTION_PENDING,SHORT,57.2,MARGINAL,FAVORABLE,0.7689,NEUTRAL
2026-09-25,QNST,6.0,0.06,0.073,COMPRESSION,6,504.0,0.02,0.024,COMPRESSION,2,794.0,18,17,BEAR_REJECTION_PENDING,SHORT,50.0,MARGINAL,FAVORABLE,0.8243,FALLING
2026-09-25,PI,6.0,1.33,0.168,CONVICTION,134,136.0,0.63,0.079,COMPRESSION,63,45.0,21,47,BEAR_REJECTION_PENDING,SHORT,77.4,CONVICTION,FAVORABLE,7.9363,RISING
2026-09-25,RCEL,6.0,0.03,0.046,MINOR,4,26.0,0.02,0.031,COMPRESSION,2,466.0,2,62,BULL_BOUNCE_PENDING,LONG,68.0,CONVICTION,FAVORABLE,0.6466,NEUTRAL
2026-09-25,RDDT,6.0,1.66,0.237,CONVICTION,166,33.0,1.28,0.183,VACUUM,129,801.0,21,43,BEAR_REJECTION_PENDING,SHORT,58.7,MARGINAL,FAVORABLE,7.0034,FALLING
2026-09-25,RHI,6.0,0.32,0.207,COMPRESSION,33,556.0,0.07,0.045,COMPRESSION,8,310.0,48,13,BULL_BOUNCE,LONG,75.8,CONVICTION,FAVORABLE,1.5439,RISING
2026-09-25,RDNT,6.0,0.1,0.038,COMPRESSION,10,252.0,1.07,0.404,CONVICTION,107,906.0,57,22,BULL_BOUNCE_PENDING,LONG,79.8,CONVICTION,FAVORABLE,2.648,FALLING
2026-09-25,ROAD,6.0,3.09,0.866,CONVICTION,310,705.0,0.6,0.168,COMPRESSION,60,1087.0,66,13,BULL_BOUNCE_PENDING,LONG,91.5,CONVICTION,FAVORABLE,3.5698,FALLING
2026-09-25,SMCX,6.0,5.39,3.519,CONVICTION,539,1324.0,0.96,0.627,COMPRESSION,97,648.0,2,43,BULL_BOUNCE,LONG,76.7,CONVICTION,FAVORABLE,1.5317,RISING
2026-09-25,SNDQ,6.0,0.35,0.215,MINOR,35,120.0,0.0062,0.004,MINOR,1,223.0,32,5,BULL_BOUNCE_PENDING,LONG,53.0,MARGINAL,FAVORABLE,1.6308,FALLING
2026-09-25,RKLX,6.0,0.27,0.152,COMPRESSION,27,715.0,0.2244,0.126,MINOR,23,294.0,14,62,BULL_BOUNCE_PENDING,LONG,55.5,MARGINAL,FAVORABLE,1.779,RISING
2026-09-25,SPAL,6.0,0.02,0.014,COMPRESSION,2,424.0,0.405,0.275,COMPRESSION,41,1360.0,41,82,BULL_BOUNCE_PENDING,LONG,63.0,CONVICTION,FAVORABLE,1.4703,FALLING
2026-09-25,SPCF,6.0,0.01,0.007,COMPRESSION,2,453.0,0.02,0.014,COMPRESSION,2,61.0,43,46,BULL_BOUNCE_PENDING,LONG,57.3,MARGINAL,FAVORABLE,1.4557,NEUTRAL
2026-09-25,SPAX,6.0,0.01,0.011,MINOR,1,420.0,0.03,0.034,COMPRESSION,3,90.0,35,75,BULL_BOUNCE_PENDING,LONG,63.5,CONVICTION,FAVORABLE,0.8778,FALLING
2026-09-25,SPCH,6.0,0.02,0.023,MINOR,2,855.0,0.05,0.057,COMPRESSION,5,70.0,22,45,BULL_BOUNCE_PENDING,LONG,53.1,MARGINAL,FAVORABLE,0.873,FALLING
2026-09-25,SSRM,6.0,1.23,0.818,CONVICTION,124,508.0,0.12,0.08,COMPRESSION,13,985.0,35,44,BULL_BOUNCE_PENDING,LONG,94.4,CONVICTION,FAVORABLE,1.5038,RISING
2026-09-25,SWKS,6.0,5.19,0.922,CONVICTION,519,296.0,0.98,0.174,COMPRESSION,99,1458.0,15,42,DOUBLE_REJECTION_LONG,LONG,80.0,CONVICTION,FAVORABLE,5.6307,FALLING
2026-09-25,TNDM,6.0,0.06,0.052,COMPRESSION,6,1362.0,0.01,0.009,COMPRESSION,1,605.0,32,11,BULL_BOUNCE_PENDING,LONG,64.0,CONVICTION,FAVORABLE,1.1491,FALLING
2026-09-25,ULTA,6.0,58.42,3.82,CONVICTION,5843,296.0,0.33,0.022,COMPRESSION,33,86.0,5,63,BEAR_REJECTION_PENDING,SHORT,78.7,CONVICTION,FAVORABLE,15.294,FALLING
2026-09-25,TSLL,6.0,0.58,0.95,COMPRESSION,59,953.0,0.38,0.622,COMPRESSION,38,416.0,15,57,BULL_BOUNCE_PENDING,LONG,50.0,MARGINAL,FAVORABLE,0.6105,RISING
2026-09-25,TTWO,6.0,1.83,0.267,CONVICTION,183,1479.0,1.16,0.17,CONVICTION,116,47.0,65,23,BEAR_REJECTION_PENDING,SHORT,56.0,MARGINAL,FAVORABLE,6.8412,FALLING
2026-09-25,VISN,6.0,0.07,0.352,COMPRESSION,8,47.0,0.1,0.503,MINOR,11,236.0,44,10,BEAR_REJECTION_PENDING,SHORT,56.9,MARGINAL,FAVORABLE,0.1989,RISING
2026-09-25,VSXY,6.0,0.96,0.268,COMPRESSION,96,367.0,1.28,0.358,CONVICTION,128,549.0,16,71,BULL_BOUNCE_PENDING,LONG,63.0,CONVICTION,FAVORABLE,3.5798,RISING
2026-09-25,VOYG,6.0,0.05,0.019,COMPRESSION,5,97.0,0.2,0.077,MINOR,20,596.0,30,6,BULL_BOUNCE_PENDING,LONG,80.8,CONVICTION,FAVORABLE,2.5953,FALLING
2026-09-25,TXG,6.0,1.2971,0.248,VACUUM,130,33.0,2.55,0.487,CONVICTION,256,688.0,9,69,BULL_BOUNCE_PENDING,LONG,65.6,CONVICTION,FAVORABLE,5.2313,NEUTRAL
2026-09-25,WTS,6.0,0.74,0.098,COMPRESSION,75,826.0,1.42,0.188,CONVICTION,143,52.0,48,44,BULL_BOUNCE_PENDING,LONG,75.7,CONVICTION,FAVORABLE,7.566,RISING
2026-09-25,XMTR,6.0,0.29,0.058,MINOR,30,10.0,0.2,0.04,COMPRESSION,20,38.0,23,40,BULL_BOUNCE_PENDING,LONG,100.0,CONVICTION,FAVORABLE,5.0316,RISING
2026-09-25,ADM,6.0,0.13,0.053,COMPRESSION,14,451.0,0.28,0.113,COMPRESSION,29,1459.0,72,9,BEAR_REJECTION_PENDING,SHORT,58.7,MARGINAL,FAVORABLE,2.472,FALLING
2026-09-25,ABCL,6.0,0.005,0.008,MINOR,1,138.0,0.48,0.746,COMPRESSION,49,395.0,19,29,BULL_BOUNCE_PENDING,LONG,54.0,MARGINAL,FAVORABLE,0.6438,NEUTRAL
2026-09-25,ADSK,6.0,0.79,0.093,COMPRESSION,79,197.0,6.2,0.731,CONVICTION,621,449.0,76,24,BULL_BOUNCE_PENDING,LONG,72.4,CONVICTION,FAVORABLE,8.4863,FALLING
2026-09-25,APO,6.0,1.62,0.427,CONVICTION,162,999.0,1.85,0.488,CONVICTION,185,688.0,46,22,BULL_BOUNCE_PENDING,LONG,83.3,CONVICTION,FAVORABLE,3.7938,FALLING
2026-09-25,ANF,6.0,2.07,0.355,CONVICTION,207,660.0,19.2,3.289,CONVICTION,1921,218.0,63,26,BULL_BOUNCE_PENDING,LONG,62.8,CONVICTION,FAVORABLE,5.8383,NEUTRAL
2026-09-25,AGQ,6.0,0.87,0.18,COMPRESSION,88,232.0,1.56,0.323,CONVICTION,157,62.0,23,57,BULL_BOUNCE_PENDING,LONG,68.0,CONVICTION,FAVORABLE,4.8329,FALLING
2026-09-25,ARQT,6.0,0.4,0.281,MINOR,40,727.0,0.19,0.133,COMPRESSION,20,266.0,21,42,BULL_BOUNCE_PENDING,LONG,59.0,MARGINAL,FAVORABLE,1.4239,FALLING
2026-09-25,AR,6.0,1.49,1.174,CONVICTION,149,957.0,1.92,1.512,CONVICTION,193,414.0,56,38,BUY_LOWER_DIRTY,LONG,58.9,MARGINAL,FAVORABLE,1.2696,FALLING
2026-09-25,BILL,6.0,0.039,0.021,MINOR,4,33.0,0.6,0.328,COMPRESSION,61,9.0,54,25,BULL_BOUNCE_PENDING,LONG,76.7,CONVICTION,FAVORABLE,1.8309,FALLING
2026-09-25,BIRK,6.0,0.49,0.453,COMPRESSION,50,967.0,0.18,0.166,COMPRESSION,18,393.0,37,43,BEAR_REJECTION_PENDING,SHORT,57.1,MARGINAL,FAVORABLE,1.0811,RISING
2026-09-25,BMRN,6.0,0.68,0.422,COMPRESSION,69,1472.0,0.41,0.254,COMPRESSION,41,182.0,59,33,BULL_BOUNCE_PENDING,LONG,68.4,CONVICTION,FAVORABLE,1.6122,FALLING
2026-09-25,BR,6.0,0.45,0.103,COMPRESSION,46,245.0,3.69,0.845,CONVICTION,369,309.0,58,45,BULL_BOUNCE_PENDING,LONG,80.9,CONVICTION,FAVORABLE,4.3657,FALLING
2026-09-25,BRKR,6.0,0.1,0.033,COMPRESSION,10,525.0,0.66,0.217,COMPRESSION,66,238.0,14,45,BULL_BOUNCE_PENDING,LONG,66.7,CONVICTION,FAVORABLE,3.0429,RISING
2026-09-25,BRZE,6.0,4.13,2.418,CONVICTION,413,578.0,0.55,0.322,COMPRESSION,56,897.0,42,34,BEAR_REJECTION_PENDING,SHORT,79.0,CONVICTION,FAVORABLE,1.7083,NEUTRAL
2026-09-25,BSP,6.0,0.02,0.008,COMPRESSION,2,801.0,0.26,0.107,COMPRESSION,27,288.0,70,2,BULL_BOUNCE_PENDING,LONG,73.7,CONVICTION,FAVORABLE,2.4292,FALLING
2026-09-25,BTU,6.0,0.48,0.361,COMPRESSION,49,870.0,0.45,0.338,COMPRESSION,45,886.0,70,34,BULL_BOUNCE_PENDING,LONG,58.5,MARGINAL,FAVORABLE,1.331,FALLING
2026-09-25,BZ,6.0,0.23,0.432,COMPRESSION,24,279.0,0.1,0.188,COMPRESSION,10,221.0,60,19,BEAR_REJECTION_PENDING,SHORT,62.4,CONVICTION,FAVORABLE,0.5321,FALLING
2026-09-25,CAKE,6.0,0.22,0.06,COMPRESSION,22,220.0,0.63,0.171,COMPRESSION,63,131.0,30,54,BULL_BOUNCE_PENDING,LONG,69.6,CONVICTION,FAVORABLE,3.6785,RISING
2026-09-25,CF,6.0,1.11,0.213,CONVICTION,111,598.0,8.06,1.544,CONVICTION,806,992.0,93,37,BULL_BOUNCE_PENDING,LONG,63.8,CONVICTION,FAVORABLE,5.2209,FALLING
2026-09-25,BWET,6.0,84.0,0.978,CONVICTION,8400,519.0,37.16,0.433,VACUUM,3716,84.0,41,8,BULL_BOUNCE_PENDING,LONG,71.9,CONVICTION,FAVORABLE,85.8875,NEUTRAL
2026-09-25,CHYM,6.0,0.185,0.114,COMPRESSION,19,531.0,0.34,0.21,COMPRESSION,34,1359.0,24,48,BEAR_REJECTION_PENDING,SHORT,60.0,CONVICTION,FAVORABLE,1.6193,FALLING
2026-09-25,CLOU,6.0,0.01,0.014,MINOR,2,10.0,0.28,0.394,COMPRESSION,29,320.0,13,60,BULL_BOUNCE_PENDING,LONG,55.0,MARGINAL,FAVORABLE,0.7112,NEUTRAL
2026-09-25,CNR,6.0,0.96,0.306,COMPRESSION,96,153.0,4.78,1.522,CONVICTION,478,34.0,84,37,BULL_BOUNCE_PENDING,LONG,84.0,CONVICTION,FAVORABLE,3.1405,FALLING
2026-09-25,CRC,6.0,0.5,0.267,COMPRESSION,50,217.0,0.51,0.272,COMPRESSION,52,542.0,77,19,BULL_BOUNCE_PENDING,LONG,60.7,CONVICTION,FAVORABLE,1.8736,FALLING
2026-09-25,CRL,6.0,0.09,0.009,MINOR,9,149.0,1.1,0.11,CONVICTION,111,562.0,4,31,BULL_BOUNCE_PENDING,LONG,71.0,CONVICTION,FAVORABLE,9.9907,NEUTRAL
2026-09-25,CVLT,6.0,12.075,2.222,CONVICTION,1208,805.0,1.37,0.252,CONVICTION,138,273.0,12,86,BULL_BOUNCE_PENDING,LONG,56.0,MARGINAL,FAVORABLE,5.4334,NEUTRAL
2026-09-25,DNTH,6.0,0.86,0.157,COMPRESSION,86,498.0,1.7,0.311,CONVICTION,171,683.0,40,14,BULL_BOUNCE_PENDING,LONG,92.4,CONVICTION,FAVORABLE,5.4693,FALLING
2026-09-25,DDS,6.0,26.34,1.254,CONVICTION,2635,766.0,2.85,0.136,CONVICTION,286,195.0,23,51,BULL_BOUNCE,LONG,71.5,CONVICTION,FAVORABLE,21.0012,NEUTRAL
2026-09-25,DT,6.0,0.26,0.149,MINOR,26,400.0,0.49,0.281,COMPRESSION,50,574.0,1,78,BULL_BOUNCE_PENDING,LONG,56.0,MARGINAL,FAVORABLE,1.745,RISING
2026-09-25,EXE,6.0,0.41,0.158,COMPRESSION,41,83.0,0.015,0.006,MINOR,2,209.0,74,7,BULL_BOUNCE_PENDING,LONG,51.0,MARGINAL,FAVORABLE,2.5941,FALLING
2026-09-25,FOUR,6.0,0.07,0.029,COMPRESSION,8,183.0,0.005,0.002,MINOR,1,171.0,37,5,BULL_BOUNCE,LONG,55.0,MARGINAL,FAVORABLE,2.4279,FALLING
2026-09-25,FANG,6.0,2.54,0.378,CONVICTION,254,46.0,2.54,0.378,CONVICTION,255,163.0,64,54,BEAR_REJECTION_PENDING,SHORT,76.8,CONVICTION,FAVORABLE,6.711,FALLING
2026-09-25,FSLY,6.0,0.07,0.025,MINOR,8,188.0,0.36,0.128,COMPRESSION,36,1225.0,16,14,BULL_BOUNCE_PENDING,LONG,74.0,CONVICTION,FAVORABLE,2.8159,NEUTRAL
2026-09-25,FTI,6.0,0.17,0.073,COMPRESSION,18,127.0,0.25,0.107,COMPRESSION,25,557.0,48,23,BULL_BOUNCE_PENDING,LONG,68.9,CONVICTION,FAVORABLE,2.3429,FALLING
2026-09-25,FSM,6.0,0.11,0.239,COMPRESSION,11,43.0,0.11,0.239,COMPRESSION,11,626.0,37,32,BULL_BOUNCE_PENDING,LONG,87.0,CONVICTION,FAVORABLE,0.4595,RISING
2026-09-25,GAP,6.0,0.03,0.042,COMPRESSION,4,327.0,0.03,0.042,COMPRESSION,4,392.0,25,46,BULL_BOUNCE_PENDING,LONG,67.0,CONVICTION,FAVORABLE,0.712,FALLING
2026-09-25,GLOB,6.0,0.29,0.156,MINOR,29,1011.0,0.55,0.295,COMPRESSION,55,964.0,34,52,BULL_BOUNCE_PENDING,LONG,56.0,MARGINAL,FAVORABLE,1.8648,FALLING
2026-09-25,GMED,6.0,0.5,0.286,COMPRESSION,50,474.0,0.6165,0.353,MINOR,62,105.0,52,15,BULL_BOUNCE_PENDING,LONG,76.4,CONVICTION,FAVORABLE,1.7471,FALLING
2026-09-25,HCC,6.0,1.83,0.457,CONVICTION,183,786.0,2.26,0.564,CONVICTION,227,269.0,44,29,BULL_BOUNCE_PENDING,LONG,67.0,CONVICTION,FAVORABLE,4.006,FALLING
2026-09-25,HP,6.0,0.47,0.324,COMPRESSION,47,156.0,1.05,0.724,CONVICTION,105,419.0,64,28,BEAR_REJECTION_PENDING,SHORT,64.1,CONVICTION,FAVORABLE,1.45,FALLING
2026-09-25,HUBS,6.0,1.96,0.143,CONVICTION,197,654.0,4.62,0.336,CONVICTION,463,593.0,58,19,BULL_BOUNCE_PENDING,LONG,70.0,CONVICTION,FAVORABLE,13.7429,FALLING
2026-09-25,IMAX,6.0,0.04,0.022,MINOR,4,33.0,0.25,0.138,COMPRESSION,25,388.0,1,83,BULL_BOUNCE_PENDING,LONG,74.2,CONVICTION,FAVORABLE,1.8053,NEUTRAL
2026-09-25,IT,6.0,0.165,0.019,MINOR,17,195.0,4.53,0.53,CONVICTION,454,1326.0,30,45,BULL_BOUNCE_PENDING,LONG,69.0,CONVICTION,FAVORABLE,8.5489,FALLING
2026-09-25,HYMC,6.0,0.33,0.23,COMPRESSION,34,24.0,1.6668,1.161,VACUUM,167,953.0,60,44,BUY_LOWER_DIRTY,LONG,40.7,MARGINAL,FAVORABLE,1.4352,FALLING
2026-09-25,KVYO,6.0,0.26,0.276,COMPRESSION,26,1299.0,0.48,0.509,COMPRESSION,49,530.0,27,20,BEAR_REJECTION_PENDING,SHORT,85.0,CONVICTION,FAVORABLE,0.9432,FALLING
2026-09-25,LFST,6.0,0.01,0.02,COMPRESSION,1,653.0,0.01,0.02,COMPRESSION,1,797.0,39,14,BULL_BOUNCE_PENDING,LONG,60.9,CONVICTION,FAVORABLE,0.492,FALLING
2026-09-25,LABU,6.0,6.53,0.308,VACUUM,654,1247.0,5.97,0.282,VACUUM,597,1019.0,31,52,BULL_BOUNCE_CONFIRMED,LONG,85.3,CONVICTION,FAVORABLE,21.1706,NEUTRAL
2026-09-25,LLY,6.0,0.96,0.033,MINOR,97,1.0,9.2,0.321,CONVICTION,921,361.0,14,43,BEAR_REJECTION_PENDING,SHORT,46.4,MARGINAL,FAVORABLE,28.6637,RISING
2026-09-25,LYB,6.0,0.31,0.154,COMPRESSION,32,239.0,1.33,0.659,CONVICTION,133,415.0,64,37,BULL_BOUNCE,LONG,55.0,MARGINAL,FAVORABLE,2.0169,FALLING
2026-09-25,MNDY,6.0,0.13,0.024,COMPRESSION,13,1422.0,1.5,0.279,CONVICTION,150,796.0,55,33,BULL_BOUNCE,LONG,71.0,CONVICTION,FAVORABLE,5.3813,RISING
2026-09-25,MPC,6.0,10.7,0.663,CONVICTION,1070,168.0,5.41,0.335,CONVICTION,542,285.0,65,31,BULL_BOUNCE_PENDING,LONG,82.7,CONVICTION,FAVORABLE,16.1291,RISING
2026-09-25,MTDR,6.0,0.67,0.31,COMPRESSION,68,598.0,0.8,0.37,COMPRESSION,80,587.0,55,37,BULL_BOUNCE_PENDING,LONG,64.3,CONVICTION,FAVORABLE,2.1609,FALLING
2026-09-25,MSTZ,6.0,0.35,0.709,COMPRESSION,36,60.0,0.0015,0.003,MINOR,1,225.0,26,2,BEAR_REJECTION_PENDING,SHORT,54.6,MARGINAL,FAVORABLE,0.4936,FALLING
2026-09-25,MUR,6.0,0.01,0.007,COMPRESSION,1,127.0,0.56,0.393,COMPRESSION,57,38.0,33,50,BULL_BOUNCE_PENDING,LONG,69.8,CONVICTION,FAVORABLE,1.4248,FALLING
2026-09-25,MUSA,6.0,3.85,0.244,CONVICTION,386,103.0,1.11,0.07,CONVICTION,111,825.0,46,29,BULL_BOUNCE,LONG,79.6,CONVICTION,FAVORABLE,15.8019,RISING
2026-09-25,NE,6.0,0.06,0.035,COMPRESSION,6,105.0,0.72,0.426,COMPRESSION,72,514.0,44,42,BULL_BOUNCE_PENDING,LONG,51.0,MARGINAL,FAVORABLE,1.6919,RISING
2026-09-25,NESR,6.0,0.2,0.157,MINOR,20,536.0,2.98,2.339,CONVICTION,299,422.0,15,38,BULL_BOUNCE_CONFIRMED,LONG,58.0,MARGINAL,FAVORABLE,1.2742,NEUTRAL
2026-09-25,NOG,6.0,0.38,0.418,COMPRESSION,38,498.0,0.38,0.418,COMPRESSION,38,647.0,53,23,BULL_BOUNCE_PENDING,LONG,63.3,CONVICTION,FAVORABLE,0.9099,FALLING
2026-09-25,NOV,6.0,0.02,0.032,COMPRESSION,2,50.0,0.24,0.38,COMPRESSION,24,411.0,33,39,BULL_BOUNCE_PENDING,LONG,75.1,CONVICTION,FAVORABLE,0.6311,FALLING
2026-09-25,NSIT,6.0,4.52,0.69,CONVICTION,453,485.0,1.92,0.293,CONVICTION,192,1097.0,21,51,BEAR_REJECTION_PENDING,SHORT,69.0,CONVICTION,FAVORABLE,6.5523,NEUTRAL
2026-09-25,OIH,6.0,1.82,0.175,CONVICTION,182,68.0,4.48,0.431,CONVICTION,449,37.0,57,41,BULL_BOUNCE,LONG,80.5,CONVICTION,FAVORABLE,10.3993,RISING
2026-09-25,ORA,6.0,2.13,0.566,CONVICTION,213,75.0,1.14,0.303,CONVICTION,115,1389.0,48,27,BULL_BOUNCE_PENDING,LONG,72.5,CONVICTION,FAVORABLE,3.7625,FALLING
2026-09-25,ORKA,6.0,1.095,0.205,CONVICTION,110,391.0,8.66,1.623,CONVICTION,866,525.0,25,14,BULL_BOUNCE_PENDING,LONG,91.0,CONVICTION,FAVORABLE,5.3356,FALLING
2026-09-25,NVD,6.0,0.03,0.159,COMPRESSION,3,270.0,0.0035,0.019,MINOR,1,651.0,72,7,BULL_BOUNCE_PENDING,LONG,51.9,MARGINAL,FAVORABLE,0.189,FALLING
2026-09-25,OVV,6.0,0.85,0.414,COMPRESSION,85,167.0,1.07,0.521,CONVICTION,108,646.0,41,63,BULL_BOUNCE_PENDING,LONG,63.1,CONVICTION,FAVORABLE,2.055,FALLING
2026-09-25,PARR,6.0,0.92,0.208,COMPRESSION,93,870.0,1.03,0.233,CONVICTION,104,1073.0,48,33,BEAR_REJECTION_PENDING,SHORT,69.5,CONVICTION,FAVORABLE,4.4212,FALLING
2026-09-25,REPL,6.0,0.09,0.12,MINOR,10,296.0,5.79,7.737,CONVICTION,579,1040.0,46,8,BULL_BOUNCE_PENDING,LONG,82.1,CONVICTION,FAVORABLE,0.7484,NEUTRAL
2026-09-25,RBRK,6.0,0.12,0.021,MINOR,13,153.0,0.86,0.152,COMPRESSION,86,550.0,8,34,BULL_BOUNCE_PENDING,LONG,66.6,CONVICTION,FAVORABLE,5.663,RISING
2026-09-25,RMD,6.0,2.79,0.503,CONVICTION,279,1270.0,0.35,0.063,COMPRESSION,35,1109.0,47,50,BULL_BOUNCE_PENDING,LONG,62.7,CONVICTION,FAVORABLE,5.5491,FALLING
2026-09-25,SMMT,6.0,0.02,0.021,MINOR,2,584.0,0.92,0.977,COMPRESSION,92,565.0,24,26,BULL_BOUNCE_PENDING,LONG,86.6,CONVICTION,FAVORABLE,0.9418,RISING
2026-09-25,SHAZ,6.0,0.73,0.153,COMPRESSION,73,80.0,2.96,0.62,CONVICTION,297,244.0,31,57,BULL_BOUNCE,LONG,71.0,CONVICTION,FAVORABLE,4.7751,RISING
2026-09-25,SM,6.0,1.065,0.663,CONVICTION,107,86.0,0.2,0.125,COMPRESSION,21,463.0,64,38,BEAR_REJECTION_PENDING,SHORT,74.8,CONVICTION,FAVORABLE,1.6063,FALLING
2026-09-25,SNDU,6.0,1.419,0.448,VACUUM,142,61.0,0.05,0.016,COMPRESSION,6,29.0,11,44,BEAR_REJECTION_PENDING,SHORT,61.4,CONVICTION,FAVORABLE,3.1651,RISING
2026-09-25,SNXX,6.0,0.03,0.015,MINOR,4,335.0,0.025,0.012,MINOR,3,304.0,10,26,BULL_BOUNCE_PENDING,LONG,52.5,MARGINAL,FAVORABLE,2.0604,RISING
2026-09-25,SPOT,6.0,1.41,0.072,CONVICTION,142,323.0,1.1746,0.06,VACUUM,118,181.0,47,30,BULL_BOUNCE_PENDING,LONG,79.4,CONVICTION,FAVORABLE,19.5867,FALLING
2026-09-25,SOXS,6.0,1.297,0.307,VACUUM,130,48.0,,,,,,32,0,BEAR_REJECTION_PENDING,SHORT,68.4,CONVICTION,FAVORABLE,4.2205,FALLING
2026-09-25,TARS,6.0,0.91,0.264,COMPRESSION,91,1363.0,0.58,0.168,COMPRESSION,58,175.0,49,27,BEAR_REJECTION_PENDING,SHORT,61.7,CONVICTION,FAVORABLE,3.446,FALLING
2026-09-25,TDW,6.0,0.94,0.301,MINOR,94,181.0,1.47,0.47,CONVICTION,147,289.0,46,30,BULL_BOUNCE_PENDING,LONG,51.0,MARGINAL,FAVORABLE,3.1265,FALLING
2026-09-25,SVM,6.0,0.03,0.049,COMPRESSION,4,1008.0,0.5,0.819,COMPRESSION,50,531.0,65,33,BULL_BOUNCE_PENDING,LONG,58.3,MARGINAL,FAVORABLE,0.6103,FALLING
2026-09-25,TMDX,6.0,0.91,0.208,MINOR,91,294.0,2.15,0.49,CONVICTION,215,594.0,44,23,BULL_BOUNCE_PENDING,LONG,76.0,CONVICTION,FAVORABLE,4.3833,FALLING
2026-09-25,TME,6.0,0.12,0.594,COMPRESSION,13,420.0,0.03,0.148,MINOR,3,96.0,18,11,BEAR_REJECTION_PENDING,SHORT,59.5,MARGINAL,FAVORABLE,0.2021,FALLING
2026-09-25,VAL,6.0,0.3,0.084,COMPRESSION,31,178.0,1.22,0.341,CONVICTION,122,244.0,46,18,BULL_BOUNCE,LONG,58.0,MARGINAL,FAVORABLE,3.5734,FALLING
2026-09-25,WFRD,6.0,1.19,0.347,CONVICTION,119,420.0,2.0,0.584,VACUUM,200,100.0,34,49,BULL_BOUNCE_PENDING,LONG,66.5,CONVICTION,FAVORABLE,3.4257,FALLING
2026-09-25,WHD,6.0,0.47,0.216,COMPRESSION,48,594.0,0.5,0.23,COMPRESSION,50,414.0,62,22,BULL_BOUNCE_PENDING,LONG,62.7,CONVICTION,FAVORABLE,2.1731,FALLING
2026-09-25,UCO,6.0,0.0998,0.052,MINOR,10,205.0,1.45,0.757,CONVICTION,146,670.0,61,47,BULL_BOUNCE_PENDING,LONG,68.4,CONVICTION,FAVORABLE,1.9143,NEUTRAL
2026-09-25,WIX,6.0,0.9,0.171,MINOR,91,755.0,0.39,0.074,COMPRESSION,40,1079.0,29,24,BULL_BOUNCE_PENDING,LONG,66.3,CONVICTION,FAVORABLE,5.2775,FALLING
2026-09-25,WYHG,6.0,0.085,0.162,MINOR,9,1390.0,0.03,0.057,MINOR,4,48.0,16,20,BULL_BOUNCE_CONFIRMED,LONG,54.1,MARGINAL,FAVORABLE,0.5245,NEUTRAL
2026-09-25,XHLD,6.0,0.0233,0.013,MINOR,3,619.0,0.06,0.034,MINOR,7,65.0,17,12,BULL_BOUNCE_PENDING,LONG,55.0,MARGINAL,FAVORABLE,1.7522,RISING
2026-09-25,DAVE,6.0,3.965,0.197,VACUUM,397,1184.0,12.72,0.631,CONVICTION,1273,964.0,33,28,BULL_BOUNCE_PENDING,LONG,64.0,CONVICTION,FAVORABLE,20.1561,NEUTRAL
2026-09-25,BLDR,6.0,0.73,0.289,COMPRESSION,74,1495.0,0.005,0.002,MINOR,1,126.0,57,3,BEAR_REJECTION_PENDING,SHORT,50.0,MARGINAL,FAVORABLE,2.5225,RISING
2026-09-25,XOP,6.0,3.04,0.611,CONVICTION,305,312.0,3.08,0.62,CONVICTION,309,1113.0,94,52,BULL_BOUNCE_PENDING,LONG,73.3,CONVICTION,FAVORABLE,4.9717,FALLING
2026-09-25,CECO,6.0,3.17,0.753,CONVICTION,318,203.0,0.025,0.006,COMPRESSION,3,259.0,30,46,BULL_BOUNCE_PENDING,LONG,77.0,CONVICTION,FAVORABLE,4.2089,RISING
2026-09-25,PNR,6.0,0.37,0.254,COMPRESSION,37,1274.0,0.01,0.007,MINOR,1,23.0,80,5,BEAR_REJECTION_PENDING,SHORT,51.2,MARGINAL,FAVORABLE,1.4567,RISING
2026-09-25,REZI,6.0,0.23,0.354,COMPRESSION,24,82.0,0.19,0.292,MINOR,19,650.0,42,3,BULL_BOUNCE_PENDING,LONG,63.5,CONVICTION,FAVORABLE,0.6501,FALLING
2026-09-25,APPF,6.0,0.155,0.018,COMPRESSION,16,741.0,3.93,0.45,CONVICTION,394,993.0,66,40,BULL_BOUNCE_PENDING,LONG,56.0,MARGINAL,FAVORABLE,8.7294,FALLING
2026-09-25,ARES,6.0,1.05,0.229,CONVICTION,105,864.0,2.85,0.622,CONVICTION,286,309.0,45,29,BULL_BOUNCE_PENDING,LONG,91.2,CONVICTION,FAVORABLE,4.5802,FALLING
2026-09-25,AEHR,6.0,0.7029,0.086,MINOR,71,697.0,3.21,0.393,CONVICTION,322,330.0,10,67,BULL_BOUNCE_CONFIRMED,LONG,74.0,CONVICTION,FAVORABLE,8.1582,RISING
2026-09-25,BAM,6.0,0.16,0.131,COMPRESSION,16,467.0,0.04,0.033,COMPRESSION,4,242.0,93,13,BEAR_REJECTION_PENDING,SHORT,66.3,CONVICTION,FAVORABLE,1.2193,RISING
2026-09-25,BCRX,6.0,0.598,1.546,COMPRESSION,60,860.0,0.23,0.595,COMPRESSION,24,595.0,20,17,BULL_BOUNCE_PENDING,LONG,67.0,CONVICTION,FAVORABLE,0.3868,FALLING
2026-09-25,BCO,6.0,0.71,0.228,COMPRESSION,71,728.0,0.77,0.247,COMPRESSION,78,163.0,52,50,BULL_BOUNCE_PENDING,LONG,61.6,CONVICTION,FAVORABLE,3.1153,FALLING
2026-09-25,BEPC,6.0,0.27,0.317,COMPRESSION,27,583.0,0.13,0.153,COMPRESSION,13,562.0,89,10,BEAR_REJECTION_PENDING,SHORT,48.0,MARGINAL,FAVORABLE,0.8514,RISING
2026-09-25,BETA,6.0,0.12,0.072,COMPRESSION,13,386.0,0.16,0.096,COMPRESSION,17,1069.0,53,41,BULL_BOUNCE_PENDING,LONG,67.1,CONVICTION,FAVORABLE,1.6753,FALLING
2026-09-25,BSY,6.0,0.39,0.308,COMPRESSION,40,445.0,0.29,0.229,COMPRESSION,29,467.0,44,20,BULL_BOUNCE_PENDING,LONG,80.6,CONVICTION,FAVORABLE,1.2668,RISING
2026-09-25,CACI,6.0,3.36,0.187,CONVICTION,337,441.0,27.17,1.516,CONVICTION,2717,1042.0,58,28,BULL_BOUNCE,LONG,57.4,MARGINAL,FAVORABLE,17.9279,FALLING
2026-09-25,BX,6.0,1.7,0.428,CONVICTION,170,837.0,1.97,0.496,CONVICTION,197,407.0,90,14,BULL_BOUNCE_PENDING,LONG,64.0,CONVICTION,FAVORABLE,3.9749,FALLING
2026-09-25,DPC,6.0,0.13,0.047,COMPRESSION,14,220.0,0.01,0.004,MINOR,1,10.0,13,11,BEAR_REJECTION_PENDING,SHORT,50.2,MARGINAL,FAVORABLE,2.7449,RISING
2026-09-25,CHTR,6.0,2.14,0.327,CONVICTION,215,1164.0,0.27,0.041,COMPRESSION,27,45.0,60,7,BULL_BOUNCE_PENDING,LONG,66.4,CONVICTION,FAVORABLE,6.5364,FALLING
2026-09-25,DPZ,6.0,2.41,0.26,CONVICTION,242,1245.0,2.96,0.32,VACUUM,297,4.0,68,20,BEAR_REJECTION_PENDING,SHORT,66.9,CONVICTION,FAVORABLE,9.2543,FALLING
2026-09-25,EIX,6.0,0.26,0.151,COMPRESSION,27,426.0,0.12,0.07,MINOR,13,4.0,47,13,BEAR_REJECTION_PENDING,SHORT,32.9,MARGINAL,FAVORABLE,1.7214,FALLING
2026-09-25,EMR,6.0,0.96,0.275,COMPRESSION,97,306.0,1.16,0.332,CONVICTION,117,334.0,19,71,BULL_BOUNCE_PENDING,LONG,86.0,CONVICTION,FAVORABLE,3.4893,RISING
2026-09-25,EXPE,6.0,0.06,0.005,COMPRESSION,7,670.0,2.025,0.153,CONVICTION,203,1217.0,51,33,BEAR_REJECTION_PENDING,SHORT,78.3,CONVICTION,FAVORABLE,13.2346,FALLING
2026-09-25,FRPT,6.0,0.1,0.043,MINOR,11,919.0,0.33,0.142,COMPRESSION,33,230.0,35,14,BULL_BOUNCE_PENDING,LONG,64.2,CONVICTION,FAVORABLE,2.3196,FALLING
2026-09-25,FLUT,6.0,0.55,0.138,COMPRESSION,55,1030.0,,,,,,93,0,BEAR_REJECTION_PENDING,SHORT,56.0,MARGINAL,FAVORABLE,3.9756,FALLING
2026-09-25,FTAI,6.0,3.29,0.376,CONVICTION,329,323.0,2.26,0.258,VACUUM,226,353.0,21,11,BULL_BOUNCE_PENDING,LONG,72.9,CONVICTION,FAVORABLE,8.7543,RISING
2026-09-25,FORM,6.0,4.77,0.667,CONVICTION,478,23.0,4.62,0.646,CONVICTION,463,464.0,31,72,BULL_BOUNCE_PENDING,LONG,84.0,CONVICTION,FAVORABLE,7.1557,RISING
2026-09-25,GDS,6.0,0.35,0.3,COMPRESSION,36,186.0,0.56,0.479,COMPRESSION,56,284.0,32,65,BULL_BOUNCE_PENDING,LONG,71.5,CONVICTION,FAVORABLE,1.1686,RISING
2026-09-25,GEO,6.0,0.1,0.075,COMPRESSION,10,444.0,0.19,0.143,COMPRESSION,19,1483.0,4,33,BULL_BOUNCE_PENDING,LONG,55.0,MARGINAL,FAVORABLE,1.3283,FALLING
2026-09-25,HLNE,6.0,0.72,0.189,COMPRESSION,72,1162.0,0.38,0.1,COMPRESSION,38,446.0,55,31,BULL_BOUNCE_PENDING,LONG,89.5,CONVICTION,FAVORABLE,3.8111,FALLING
2026-09-25,GNRC,6.0,1.37,0.124,CONVICTION,137,3.0,2.64,0.239,VACUUM,264,498.0,74,11,BULL_BOUNCE_PENDING,LONG,55.5,MARGINAL,FAVORABLE,11.0594,RISING
2026-09-25,IBP,6.0,3.68,0.364,VACUUM,369,749.0,0.94,0.093,COMPRESSION,94,842.0,56,6,BULL_BOUNCE_PENDING,LONG,74.9,CONVICTION,FAVORABLE,10.1181,FALLING
2026-09-25,IESC,6.0,8.215,0.483,VACUUM,822,1414.0,1.1,0.065,CONVICTION,111,523.0,30,45,BULL_BOUNCE_CONFIRMED,LONG,74.0,CONVICTION,FAVORABLE,16.9986,RISING
2026-09-25,LBRDK,6.0,0.27,0.156,COMPRESSION,28,1024.0,0.655,0.378,MINOR,66,1261.0,5,16,BULL_BOUNCE_PENDING,LONG,75.0,CONVICTION,FAVORABLE,1.7313,RISING
2026-09-25,KKR,6.0,1.18,0.38,CONVICTION,119,1140.0,0.8,0.258,COMPRESSION,80,106.0,49,21,BULL_BOUNCE_PENDING,LONG,68.1,CONVICTION,FAVORABLE,3.105,RISING
2026-09-25,LTH,6.0,0.12,0.078,COMPRESSION,12,242.0,0.5,0.327,COMPRESSION,50,1225.0,32,18,BULL_BOUNCE_PENDING,LONG,66.8,CONVICTION,FAVORABLE,1.5306,FALLING
2026-09-25,MDGL,6.0,0.75,0.045,MINOR,75,507.0,10.73,0.637,CONVICTION,1074,399.0,28,18,BULL_BOUNCE_PENDING,LONG,70.0,CONVICTION,FAVORABLE,16.8346,FALLING
2026-09-25,KOPN,6.0,0.115,0.423,COMPRESSION,12,124.0,0.23,0.846,COMPRESSION,24,442.0,24,30,BULL_BOUNCE_CONFIRMED,LONG,66.0,CONVICTION,FAVORABLE,0.2718,RISING
2026-09-25,MELI,6.0,8.998,0.157,CONVICTION,900,991.0,10.865,0.19,CONVICTION,1087,473.0,61,21,BULL_BOUNCE_PENDING,LONG,74.0,CONVICTION,FAVORABLE,57.2908,FALLING
2026-09-25,NIQ,6.0,0.3196,0.537,MINOR,32,558.0,0.25,0.42,COMPRESSION,25,568.0,17,29,BULL_BOUNCE_PENDING,LONG,73.0,CONVICTION,FAVORABLE,0.5949,NEUTRAL
2026-09-25,NBIG,6.0,2.034,0.852,VACUUM,204,853.0,0.6407,0.269,MINOR,65,153.0,4,26,BULL_BOUNCE_PENDING,LONG,65.6,CONVICTION,FAVORABLE,2.3862,RISING
2026-09-25,NWL,6.0,0.02,0.08,COMPRESSION,2,755.0,0.03,0.12,COMPRESSION,4,36.0,28,16,BULL_BOUNCE_PENDING,LONG,61.8,CONVICTION,FAVORABLE,0.25,FALLING
2026-09-25,NEBX,6.0,0.08,0.023,COMPRESSION,9,1361.0,1.34,0.377,VACUUM,134,63.0,6,26,BULL_BOUNCE_PENDING,LONG,65.3,CONVICTION,FAVORABLE,3.5519,RISING
2026-09-25,OLED,6.0,0.57,0.194,COMPRESSION,58,1179.0,0.035,0.012,MINOR,4,8.0,89,3,BUY_LOWER_DIRTY,LONG,43.2,MARGINAL,FAVORABLE,2.9455,RISING
2026-09-25,PLAG,6.0,0.0078,0.137,MINOR,1,110.0,0.0039,0.068,MINOR,1,290.0,15,17,BULL_BOUNCE,LONG,57.8,MARGINAL,FAVORABLE,0.0571,NEUTRAL
2026-09-25,PBF,6.0,1.46,0.309,CONVICTION,146,550.0,2.23,0.472,CONVICTION,223,1070.0,42,26,BULL_BOUNCE,LONG,71.0,CONVICTION,FAVORABLE,4.7266,RISING
2026-09-25,ONTO,6.0,8.48,0.568,CONVICTION,848,183.0,8.57,0.574,CONVICTION,857,276.0,20,99,BEAR_REJECTION_PENDING,SHORT,65.8,CONVICTION,FAVORABLE,14.9195,RISING
2026-09-25,PSX,6.0,2.88,0.311,CONVICTION,288,527.0,4.11,0.443,CONVICTION,412,303.0,43,39,BEAR_REJECTION_PENDING,SHORT,74.4,CONVICTION,FAVORABLE,9.2685,FALLING
2026-09-25,SEPN,6.0,0.22,0.114,MINOR,22,563.0,0.04,0.021,MINOR,5,113.0,28,26,BULL_BOUNCE_PENDING,LONG,66.0,CONVICTION,FAVORABLE,1.9346,FALLING
2026-09-25,RRR,6.0,0.21,0.117,COMPRESSION,22,1028.0,0.88,0.49,COMPRESSION,89,726.0,67,45,BULL_BOUNCE_PENDING,LONG,74.0,CONVICTION,FAVORABLE,1.7973,FALLING
2026-09-25,SEZL,6.0,1.2,0.234,VACUUM,120,1091.0,2.71,0.528,CONVICTION,272,389.0,29,22,BULL_BOUNCE_PENDING,LONG,90.4,CONVICTION,FAVORABLE,5.1326,FALLING
2026-09-25,SION,6.0,0.01,0.015,MINOR,1,166.0,0.0097,0.014,MINOR,1,739.0,25,21,CHANNEL_BREAKOUT,LONG,47.0,MARGINAL,FAVORABLE,0.6719,NEUTRAL
2026-09-25,SPCG,6.0,0.04,0.03,COMPRESSION,4,103.0,0.0001,0.0,MINOR,1,342.0,32,39,BULL_BOUNCE_PENDING,LONG,65.0,CONVICTION,FAVORABLE,1.3439,NEUTRAL
2026-09-25,SNK,6.0,0.02,0.015,COMPRESSION,2,107.0,0.0107,0.008,COMPRESSION,2,529.0,50,27,BULL_BOUNCE_PENDING,LONG,55.5,MARGINAL,FAVORABLE,1.3046,RISING
2026-09-25,SKUU,6.0,0.8884,0.29,MINOR,89,316.0,0.94,0.307,COMPRESSION,95,30.0,27,69,BULL_BOUNCE_CONFIRMED,LONG,68.0,CONVICTION,FAVORABLE,3.0614,RISING
2026-09-25,SRPT,6.0,14.92,10.467,CONVICTION,1492,1498.0,0.05,0.035,MINOR,6,681.0,37,34,BULL_BOUNCE_PENDING,LONG,62.5,CONVICTION,FAVORABLE,1.4254,FALLING
2026-09-25,STEP,6.0,0.2,0.095,COMPRESSION,21,1187.0,0.45,0.214,COMPRESSION,45,576.0,54,14,BULL_BOUNCE_PENDING,LONG,73.6,CONVICTION,FAVORABLE,2.1018,FALLING
2026-09-25,SSPC,6.0,0.03,0.038,COMPRESSION,3,99.0,0.0048,0.006,MINOR,1,122.0,32,22,BEAR_REJECTION_PENDING,SHORT,44.0,MARGINAL,FAVORABLE,0.7935,NEUTRAL
2026-09-25,STIM,6.0,0.02,0.095,COMPRESSION,3,323.0,0.395,1.882,COMPRESSION,40,197.0,37,13,BULL_BOUNCE_PENDING,LONG,70.0,CONVICTION,FAVORABLE,0.2099,FALLING
2026-09-25,THO,6.0,0.61,0.223,COMPRESSION,61,890.0,0.55,0.201,MINOR,55,405.0,55,9,BULL_BOUNCE_PENDING,LONG,59.8,MARGINAL,FAVORABLE,2.7347,FALLING
2026-09-25,SW,6.0,0.94,0.644,COMPRESSION,94,293.0,1.19,0.815,CONVICTION,120,104.0,59,41,BULL_BOUNCE_PENDING,LONG,76.0,CONVICTION,FAVORABLE,1.4607,NEUTRAL
2026-09-25,UGI,6.0,0.01,0.015,COMPRESSION,1,352.0,0.47,0.727,COMPRESSION,47,1204.0,40,19,BEAR_REJECTION_PENDING,SHORT,56.8,MARGINAL,FAVORABLE,0.6469,FALLING
2026-09-25,TLN,6.0,5.15,0.407,CONVICTION,516,484.0,0.46,0.036,MINOR,47,305.0,44,20,SHORT_UPPER_DIRTY,SHORT,59.0,MARGINAL,FAVORABLE,12.665,FALLING
2026-09-25,UPWK,6.0,1.2,3.955,CONVICTION,121,334.0,0.075,0.247,MINOR,8,198.0,29,1,BEAR_REJECTION_PENDING,SHORT,79.9,CONVICTION,FAVORABLE,0.3034,FALLING
2026-09-25,TPL,6.0,2.93,0.189,CONVICTION,294,378.0,8.94,0.575,CONVICTION,894,893.0,69,15,BULL_BOUNCE,LONG,78.1,CONVICTION,FAVORABLE,15.5424,RISING
2026-09-25,WK,6.0,1.25,0.424,CONVICTION,125,534.0,1.63,0.552,CONVICTION,164,1406.0,32,45,BEAR_REJECTION_PENDING,SHORT,70.7,CONVICTION,FAVORABLE,2.9512,FALLING
2026-09-25,VSEC,6.0,6.34,0.741,CONVICTION,635,454.0,0.24,0.028,COMPRESSION,25,1480.0,57,45,BEAR_REJECTION_PENDING,SHORT,87.9,CONVICTION,FAVORABLE,8.5534,FALLING
2026-09-25,Z,6.0,0.38,0.269,COMPRESSION,38,879.0,0.01,0.007,MINOR,1,96.0,37,2,BULL_BOUNCE_PENDING,LONG,50.0,MARGINAL,FAVORABLE,1.4111,FALLING
2026-09-25,WHR,6.0,0.01,0.007,COMPRESSION,1,702.0,0.015,0.01,MINOR,2,192.0,74,2,BULL_BOUNCE,LONG,71.0,CONVICTION,FAVORABLE,1.4428,RISING
2026-09-25,ZLAB,6.0,1.02,1.01,CONVICTION,102,87.0,1.08,1.069,CONVICTION,109,1286.0,33,39,BULL_BOUNCE_PENDING,LONG,50.0,MARGINAL,FAVORABLE,1.01,NEUTRAL
2026-09-25,ACVA,6.0,2.055,5.197,CONVICTION,206,788.0,3.05,7.714,CONVICTION,305,57.0,16,26,BULL_BOUNCE_PENDING,LONG,88.0,CONVICTION,FAVORABLE,0.3954,NEUTRAL
2026-09-25,AGIO,6.0,0.17,0.12,COMPRESSION,17,340.0,0.26,0.183,COMPRESSION,26,565.0,37,18,BULL_BOUNCE_PENDING,LONG,58.0,MARGINAL,FAVORABLE,1.4179,NEUTRAL
2026-09-25,AMRX,6.0,0.3174,0.361,MINOR,32,322.0,0.25,0.284,COMPRESSION,25,511.0,6,43,BULL_BOUNCE_PENDING,LONG,52.0,MARGINAL,FAVORABLE,0.8789,RISING
2026-09-25,ARCB,6.0,1.27,0.264,VACUUM,128,440.0,0.58,0.121,COMPRESSION,59,173.0,71,30,BULL_BOUNCE_PENDING,LONG,60.9,CONVICTION,FAVORABLE,4.808,FALLING
2026-09-25,ATRO,6.0,2.04,0.613,CONVICTION,205,403.0,1.03,0.309,CONVICTION,104,349.0,30,40,BEAR_REJECTION_PENDING,SHORT,50.0,MARGINAL,FAVORABLE,3.3304,RISING
2026-09-25,BORR,6.0,0.01,0.048,MINOR,1,626.0,0.26,1.239,COMPRESSION,26,23.0,13,14,BULL_BOUNCE_PENDING,LONG,49.6,MARGINAL,FAVORABLE,0.2098,RISING
2026-09-25,BDX,6.0,1.64,0.4,CONVICTION,165,483.0,2.13,0.52,CONVICTION,213,641.0,67,63,BULL_BOUNCE_PENDING,LONG,86.4,CONVICTION,FAVORABLE,4.0982,FALLING
2026-09-25,BWIN,6.0,0.01,0.012,COMPRESSION,2,22.0,0.26,0.322,MINOR,26,688.0,16,22,BEAR_REJECTION_PENDING,SHORT,69.5,CONVICTION,FAVORABLE,0.8068,FALLING
2026-09-25,BRUN,6.0,0.89,0.651,COMPRESSION,90,870.0,0.71,0.52,COMPRESSION,71,736.0,24,26,BULL_BOUNCE_PENDING,LONG,74.0,CONVICTION,FAVORABLE,1.3666,RISING
2026-09-25,CBOE,6.0,1.48,0.169,CONVICTION,149,140.0,0.32,0.037,COMPRESSION,32,685.0,52,19,BULL_BOUNCE_PENDING,LONG,52.3,MARGINAL,FAVORABLE,8.7609,RISING
2026-09-25,BW,6.0,0.13,0.232,COMPRESSION,13,500.0,0.06,0.107,COMPRESSION,6,968.0,35,9,BULL_BOUNCE_PENDING,LONG,53.0,MARGINAL,FAVORABLE,0.5593,RISING
2026-09-25,CELC,6.0,0.26,0.067,MINOR,26,45.0,19.01,4.912,CONVICTION,1901,1058.0,46,24,BEAR_REJECTION_PENDING,SHORT,54.2,MARGINAL,FAVORABLE,3.8705,RISING
2026-09-25,CLBK,6.0,0.04,0.179,MINOR,4,355.0,0.1,0.448,COMPRESSION,10,311.0,14,29,BULL_BOUNCE_PENDING,LONG,48.0,MARGINAL,FAVORABLE,0.2232,RISING
2026-09-25,CIEN,6.0,9.53,0.43,CONVICTION,954,776.0,9.63,0.435,CONVICTION,963,1.0,35,45,BULL_BOUNCE_PENDING,LONG,69.0,CONVICTION,FAVORABLE,22.1633,RISING
2026-09-25,CMPS,6.0,0.15,0.158,COMPRESSION,16,226.0,1.265,1.335,CONVICTION,127,1252.0,48,13,BULL_BOUNCE_PENDING,LONG,62.0,CONVICTION,FAVORABLE,0.9474,NEUTRAL
2026-09-25,CNC,6.0,0.11,0.045,COMPRESSION,11,481.0,0.49,0.199,COMPRESSION,50,880.0,45,16,BULL_BOUNCE_PENDING,LONG,65.5,CONVICTION,FAVORABLE,2.4591,FALLING
2026-09-25,COKE,6.0,1.05,0.184,CONVICTION,106,434.0,0.35,0.061,COMPRESSION,35,1283.0,39,27,BULL_BOUNCE_PENDING,LONG,51.0,MARGINAL,FAVORABLE,5.721,FALLING
2026-09-25,CLS,6.0,7.64,0.403,CONVICTION,764,829.0,8.82,0.465,CONVICTION,882,1026.0,7,104,BUY_LOWER_DIRTY,LONG,60.3,CONVICTION,FAVORABLE,18.9618,RISING
2026-09-25,DRI,6.0,4.81,0.985,CONVICTION,482,79.0,2.35,0.481,CONVICTION,235,63.0,69,38,BEAR_REJECTION_PENDING,SHORT,72.0,CONVICTION,FAVORABLE,4.8843,RISING
2026-09-25,DHT,6.0,0.65,0.769,COMPRESSION,65,140.0,0.18,0.213,COMPRESSION,18,772.0,24,40,BULL_BOUNCE_PENDING,LONG,75.4,CONVICTION,FAVORABLE,0.8457,FALLING
2026-09-25,ECHO,6.0,0.88,0.306,COMPRESSION,88,141.0,0.77,0.268,COMPRESSION,78,337.0,42,15,BULL_BOUNCE_PENDING,LONG,76.1,CONVICTION,FAVORABLE,2.8714,FALLING
2026-09-25,EAT,6.0,2.4,0.249,CONVICTION,241,647.0,0.08,0.008,COMPRESSION,9,310.0,48,54,BULL_BOUNCE_PENDING,LONG,41.0,MARGINAL,FAVORABLE,9.6539,FALLING
2026-09-25,ELV,6.0,0.64,0.061,COMPRESSION,64,303.0,2.46,0.233,CONVICTION,246,830.0,28,24,BULL_BOUNCE_PENDING,LONG,86.5,CONVICTION,FAVORABLE,10.5371,FALLING
2026-09-25,EQPT,6.0,0.21,0.192,COMPRESSION,21,798.0,0.01,0.009,MINOR,2,236.0,17,9,BEAR_REJECTION_PENDING,SHORT,51.6,MARGINAL,FAVORABLE,1.0961,FALLING
2026-09-25,EXPD,6.0,0.9,0.229,MINOR,91,509.0,1.04,0.264,CONVICTION,105,1069.0,49,30,BULL_BOUNCE_PENDING,LONG,65.0,CONVICTION,FAVORABLE,3.9378,RISING
2026-09-25,EROC,6.0,0.33,0.294,COMPRESSION,34,77.0,0.14,0.125,COMPRESSION,15,1130.0,37,29,BULL_BOUNCE_PENDING,LONG,76.7,CONVICTION,FAVORABLE,1.1224,RISING
2026-09-25,FIGR,6.0,0.42,0.165,COMPRESSION,42,332.0,0.73,0.286,COMPRESSION,73,296.0,43,16,BUY_LOWER_DIRTY,LONG,60.1,CONVICTION,FAVORABLE,2.5504,RISING
2026-09-25,GDDY,6.0,0.69,0.122,COMPRESSION,70,1285.0,0.065,0.011,MINOR,7,3.0,19,24,BULL_BOUNCE_PENDING,LONG,98.9,CONVICTION,FAVORABLE,5.6562,FALLING
2026-09-25,GPN,6.0,0.64,0.256,COMPRESSION,65,636.0,1.1,0.44,CONVICTION,110,375.0,42,61,BULL_BOUNCE_PENDING,LONG,100.0,CONVICTION,FAVORABLE,2.5011,FALLING
2026-09-25,FRO,6.0,0.425,0.208,COMPRESSION,43,534.0,0.93,0.454,COMPRESSION,93,53.0,57,45,BULL_BOUNCE_PENDING,LONG,71.5,CONVICTION,FAVORABLE,2.0481,NEUTRAL
2026-09-25,HAE,6.0,0.15,0.055,COMPRESSION,15,63.0,12.23,4.464,CONVICTION,1224,330.0,37,29,BULL_BOUNCE_PENDING,LONG,80.4,CONVICTION,FAVORABLE,2.74,RISING
2026-09-25,HUBG,6.0,3.32,2.086,CONVICTION,332,802.0,,,,,,82,0,DCB_BREAKOUT,LONG,41.0,MARGINAL,FAVORABLE,1.5914,FALLING
2026-09-25,IMVT,6.0,0.66,0.443,COMPRESSION,66,1333.0,4.05,2.721,CONVICTION,406,1060.0,29,7,BULL_BOUNCE_PENDING,LONG,87.0,CONVICTION,FAVORABLE,1.4886,FALLING
2026-09-25,IOND,6.0,1.25,0.26,CONVICTION,125,73.0,1.5406,0.321,CONVICTION,155,828.0,30,15,BEAR_REJECTION_PENDING,SHORT,69.0,CONVICTION,FAVORABLE,4.8011,NEUTRAL
2026-09-25,INSW,6.0,2.05,0.464,CONVICTION,206,405.0,2.65,0.599,CONVICTION,265,304.0,41,42,BULL_BOUNCE,LONG,71.0,CONVICTION,FAVORABLE,4.421,RISING
2026-09-25,IRTC,6.0,1.49,0.344,CONVICTION,149,657.0,1.45,0.335,VACUUM,146,152.0,13,25,BULL_BOUNCE_PENDING,LONG,71.5,CONVICTION,FAVORABLE,4.3268,FALLING
2026-09-25,JMKE,6.0,0.11,0.088,COMPRESSION,11,505.0,0.0101,0.008,MINOR,2,29.0,42,3,BEAR_REJECTION_PENDING,SHORT,46.0,MARGINAL,FAVORABLE,1.2558,FALLING
2026-09-25,JBHT,6.0,30.165,3.506,CONVICTION,3017,583.0,2.38,0.277,CONVICTION,238,1055.0,49,22,BULL_BOUNCE_PENDING,LONG,55.0,MARGINAL,FAVORABLE,8.6036,FALLING
2026-09-25,KNX,6.0,0.49,0.203,COMPRESSION,50,733.0,0.27,0.112,COMPRESSION,28,1478.0,49,12,BULL_BOUNCE_PENDING,LONG,69.7,CONVICTION,FAVORABLE,2.4093,RISING
2026-09-25,KSPI,6.0,0.04,0.013,COMPRESSION,5,662.0,0.45,0.151,COMPRESSION,46,235.0,64,52,BULL_BOUNCE_PENDING,LONG,66.0,CONVICTION,FAVORABLE,2.9708,FALLING
2026-09-25,KTB,6.0,0.01,0.004,COMPRESSION,2,514.0,0.11,0.045,COMPRESSION,11,956.0,67,6,BULL_BOUNCE_PENDING,LONG,43.0,MARGINAL,FAVORABLE,2.4466,RISING
2026-09-25,KYMR,6.0,0.56,0.105,MINOR,57,793.0,0.6,0.113,COMPRESSION,60,483.0,33,50,BULL_BOUNCE_PENDING,LONG,54.0,MARGINAL,FAVORABLE,5.3133,FALLING
2026-09-25,LIVN,6.0,0.1,0.047,COMPRESSION,10,391.0,1.12,0.527,CONVICTION,112,1068.0,78,16,BULL_BOUNCE_PENDING,LONG,89.8,CONVICTION,FAVORABLE,2.1257,NEUTRAL
2026-09-25,LASR,6.0,0.72,0.428,COMPRESSION,72,1430.0,0.77,0.457,COMPRESSION,77,54.0,31,52,CHANNEL_RECLAIM_LONG,LONG,61.0,CONVICTION,FAVORABLE,1.6842,RISING
2026-09-25,LSTR,6.0,0.38,0.09,COMPRESSION,38,437.0,0.24,0.057,COMPRESSION,24,510.0,68,14,BULL_BOUNCE_PENDING,LONG,86.3,CONVICTION,FAVORABLE,4.2291,FALLING
2026-09-25,MATX,6.0,0.59,0.088,COMPRESSION,60,414.0,0.03,0.004,COMPRESSION,4,333.0,43,27,BULL_BOUNCE_PENDING,LONG,67.0,CONVICTION,FAVORABLE,6.7215,FALLING
2026-09-25,MIAX,6.0,0.26,0.166,COMPRESSION,26,241.0,0.11,0.07,COMPRESSION,12,1089.0,42,5,BULL_BOUNCE_PENDING,LONG,66.7,CONVICTION,FAVORABLE,1.57,RISING
2026-09-25,MOH,6.0,3.75,0.518,CONVICTION,375,1277.0,4.6,0.635,CONVICTION,460,201.0,63,37,BEAR_REJECTION_PENDING,SHORT,44.5,MARGINAL,FAVORABLE,7.2452,FALLING
2026-09-25,MRX,6.0,0.11,0.034,COMPRESSION,11,512.0,2.24,0.687,CONVICTION,225,1409.0,33,32,BULL_BOUNCE_PENDING,LONG,50.0,MARGINAL,FAVORABLE,3.2585,RISING
2026-09-25,MSGE,6.0,0.44,0.176,COMPRESSION,44,64.0,0.38,0.152,COMPRESSION,38,1327.0,43,40,BULL_BOUNCE_PENDING,LONG,72.2,CONVICTION,FAVORABLE,2.5046,RISING
2026-09-25,MSGS,6.0,8.75,0.988,VACUUM,875,197.0,3.75,0.423,CONVICTION,375,1.0,13,70,BULL_BOUNCE_PENDING,LONG,67.5,CONVICTION,FAVORABLE,8.8584,RISING
2026-09-25,OCTV,6.0,0.23,0.267,COMPRESSION,24,37.0,0.4,0.464,COMPRESSION,40,1083.0,41,59,BULL_BOUNCE_PENDING,LONG,72.4,CONVICTION,FAVORABLE,0.8618,RISING
2026-09-25,PCTY,6.0,1.3,0.296,CONVICTION,131,509.0,4.735,1.077,CONVICTION,474,70.0,38,46,BULL_BOUNCE_PENDING,LONG,89.0,CONVICTION,FAVORABLE,4.3961,FALLING
2026-09-25,POST,6.0,0.07,0.033,COMPRESSION,7,268.0,,,,,,43,0,BEAR_REJECTION_PENDING,SHORT,60.1,CONVICTION,FAVORABLE,2.1463,FALLING
2026-09-25,NVDU,6.0,1.11,0.169,VACUUM,111,4.0,1.52,0.232,CONVICTION,152,59.0,24,102,BEAR_REJECTION_PENDING,SHORT,62.2,CONVICTION,FAVORABLE,6.5594,RISING
2026-09-25,PRAX,6.0,6.36,0.423,VACUUM,637,11.0,4.32,0.287,CONVICTION,432,394.0,25,15,BULL_BOUNCE_PENDING,LONG,86.0,CONVICTION,FAVORABLE,15.0402,FALLING
2026-09-25,RELY,6.0,0.21,0.195,COMPRESSION,22,1223.0,0.26,0.241,COMPRESSION,27,903.0,24,29,BULL_BOUNCE_PENDING,LONG,48.0,MARGINAL,FAVORABLE,1.0786,NEUTRAL
2026-09-25,QNT,6.0,0.0559,0.017,MINOR,6,330.0,0.18,0.054,MINOR,18,52.0,37,34,BEAR_REJECTION_PENDING,SHORT,54.6,MARGINAL,FAVORABLE,3.3028,FALLING
2026-09-25,RYAN,6.0,0.64,0.392,COMPRESSION,64,1233.0,0.36,0.22,MINOR,36,746.0,49,12,BULL_BOUNCE_PENDING,LONG,62.4,CONVICTION,FAVORABLE,1.6329,NEUTRAL
2026-09-25,RUM,6.0,0.14,0.212,COMPRESSION,15,185.0,0.192,0.29,COMPRESSION,20,1141.0,16,24,BULL_BOUNCE_PENDING,LONG,86.0,CONVICTION,FAVORABLE,0.6616,RISING
2026-09-25,RYTM,6.0,1.16,0.305,CONVICTION,116,783.0,5.365,1.411,CONVICTION,537,464.0,37,29,BULL_BOUNCE_PENDING,LONG,60.0,CONVICTION,FAVORABLE,3.8016,NEUTRAL
2026-09-25,SFM,6.0,0.83,0.276,COMPRESSION,83,1088.0,0.005,0.002,MINOR,1,35.0,61,1,BEAR_REJECTION_PENDING,SHORT,54.0,MARGINAL,FAVORABLE,3.01,FALLING
2026-09-25,SMCIP,6.0,0.115,0.034,MINOR,12,76.0,1.82,0.534,CONVICTION,183,219.0,16,49,BULL_BOUNCE_PENDING,LONG,97.4,CONVICTION,FAVORABLE,3.4061,NEUTRAL
2026-09-25,SIMO,6.0,1.43,0.075,CONVICTION,143,4.0,4.58,0.241,CONVICTION,458,623.0,27,71,BEAR_REJECTION_PENDING,SHORT,65.9,CONVICTION,FAVORABLE,18.9939,RISING
2026-09-25,SPHR,6.0,1.57,0.28,VACUUM,157,137.0,2.14,0.382,VACUUM,214,501.0,51,18,BULL_BOUNCE_PENDING,LONG,77.0,CONVICTION,FAVORABLE,5.598,RISING
2026-09-25,SPSC,6.0,0.78,0.223,COMPRESSION,79,512.0,0.54,0.154,COMPRESSION,55,100.0,8,62,BULL_BOUNCE_PENDING,LONG,73.2,CONVICTION,FAVORABLE,3.5026,FALLING
2026-09-25,THC,6.0,0.06,0.008,COMPRESSION,7,494.0,5.28,0.69,CONVICTION,529,446.0,100,19,BULL_BOUNCE_PENDING,LONG,85.7,CONVICTION,FAVORABLE,7.6469,RISING
2026-09-25,SMCL,6.0,7.2447,3.405,CONVICTION,725,1023.0,1.41,0.663,CONVICTION,141,617.0,5,43,BEAR_REJECTION_PENDING,SHORT,60.8,CONVICTION,FAVORABLE,2.1275,NEUTRAL
2026-09-25,TTAN,6.0,14.455,2.743,CONVICTION,1446,1169.0,0.83,0.158,COMPRESSION,83,704.0,13,24,BEAR_REJECTION_PENDING,SHORT,40.4,MARGINAL,FAVORABLE,5.2689,RISING
2026-09-25,UHS,6.0,2.87,0.46,CONVICTION,288,1483.0,1.25,0.2,CONVICTION,125,1129.0,63,29,BULL_BOUNCE_PENDING,LONG,81.6,CONVICTION,FAVORABLE,6.2384,FALLING
2026-09-25,URGN,6.0,0.39,0.185,MINOR,40,59.0,0.7,0.333,MINOR,70,417.0,49,15,BULL_BOUNCE_PENDING,LONG,72.0,CONVICTION,FAVORABLE,2.105,NEUTRAL
2026-09-25,TSLQ,6.0,0.73,0.631,COMPRESSION,74,540.0,0.015,0.013,MINOR,2,36.0,73,5,BUY_LOWER_DIRTY,LONG,45.4,MARGINAL,FAVORABLE,1.1577,FALLING
2026-09-25,VIAV,6.0,1.35,0.623,CONVICTION,136,1410.0,0.2,0.092,MINOR,20,917.0,14,35,BULL_BOUNCE_CONFIRMED,LONG,66.0,CONVICTION,FAVORABLE,2.1672,RISING
2026-09-25,YUM,6.0,0.69,0.17,COMPRESSION,69,923.0,0.59,0.145,COMPRESSION,60,618.0,84,14,BULL_BOUNCE_PENDING,LONG,73.5,CONVICTION,FAVORABLE,4.07,RISING
2026-09-25,CHRW,6.0,0.95,0.236,COMPRESSION,95,172.0,0.2,0.05,COMPRESSION,21,160.0,73,14,BULL_BOUNCE_PENDING,LONG,54.0,MARGINAL,FAVORABLE,4.0253,FALLING
2026-09-25,VEEV,6.0,4.45,0.584,CONVICTION,445,172.0,0.16,0.021,COMPRESSION,17,143.0,18,67,BEAR_REJECTION_PENDING,SHORT,77.7,CONVICTION,FAVORABLE,7.6231,FALLING
2026-09-25,AAP,6.0,9.33,5.245,CONVICTION,933,1308.0,0.02,0.011,MINOR,3,63.0,37,10,BULL_BOUNCE_PENDING,LONG,35.0,MARGINAL,FAVORABLE,1.7789,RISING
2026-09-25,AFRM,6.0,1.26,0.39,CONVICTION,127,529.0,0.04,0.012,MINOR,5,190.0,22,35,BULL_BOUNCE_PENDING,LONG,46.2,MARGINAL,FAVORABLE,3.2346,FALLING
2026-09-25,AVAH,6.0,0.02,0.039,COMPRESSION,2,1026.0,0.62,1.199,COMPRESSION,63,380.0,48,10,BULL_BOUNCE_PENDING,LONG,66.0,CONVICTION,FAVORABLE,0.5169,FALLING
2026-09-25,BL,6.0,0.19,0.142,MINOR,20,158.0,0.38,0.284,COMPRESSION,38,362.0,37,26,BULL_BOUNCE_PENDING,LONG,71.0,CONVICTION,FAVORABLE,1.3377,FALLING
2026-09-25,CDW,6.0,2.235,0.386,CONVICTION,224,320.0,0.038,0.007,COMPRESSION,4,295.0,57,15,BULL_BOUNCE_PENDING,LONG,57.5,MARGINAL,FAVORABLE,5.7894,FALLING
2026-09-25,ARM,6.0,12.55,0.66,CONVICTION,1255,0.0,18.75,0.986,CONVICTION,1875,779.0,33,57,BEAR_REJECTION_PENDING,SHORT,72.5,CONVICTION,FAVORABLE,19.0134,RISING
2026-09-25,CG,6.0,0.375,0.263,COMPRESSION,38,638.0,0.34,0.239,COMPRESSION,34,119.0,29,16,BEAR_REJECTION_PENDING,SHORT,61.2,CONVICTION,FAVORABLE,1.4236,FALLING
2026-09-25,BLSH,6.0,2.35,0.895,CONVICTION,236,41.0,0.8,0.305,COMPRESSION,81,662.0,17,67,BEAR_REJECTION_PENDING,SHORT,72.6,CONVICTION,FAVORABLE,2.6268,RISING
2026-09-25,CLBT,6.0,0.07,0.171,COMPRESSION,8,53.0,0.005,0.012,COMPRESSION,1,1099.0,28,8,BEAR_REJECTION_PENDING,SHORT,64.1,CONVICTION,FAVORABLE,0.4089,FALLING
2026-09-25,CURI,6.0,0.25,2.046,COMPRESSION,25,680.0,0.03,0.245,COMPRESSION,4,906.0,11,37,BULL_BOUNCE_PENDING,LONG,67.6,CONVICTION,FAVORABLE,0.1222,NEUTRAL
2026-09-25,DBX,6.0,0.845,0.6,COMPRESSION,85,208.0,0.41,0.291,COMPRESSION,42,448.0,28,14,BULL_BOUNCE_PENDING,LONG,82.2,CONVICTION,FAVORABLE,1.4085,FALLING
2026-09-25,COHU,6.0,0.46,0.12,COMPRESSION,46,562.0,2.16,0.565,CONVICTION,216,783.0,13,52,BULL_BOUNCE_PENDING,LONG,69.2,CONVICTION,FAVORABLE,3.826,RISING
2026-09-25,DOCS,6.0,0.1,0.098,MINOR,11,165.0,0.08,0.079,MINOR,8,8.0,35,15,BULL_BOUNCE_PENDING,LONG,68.2,CONVICTION,FAVORABLE,1.0154,NEUTRAL
2026-09-25,DINO,6.0,1.84,0.359,CONVICTION,185,847.0,3.27,0.638,CONVICTION,328,206.0,48,17,BULL_BOUNCE_PENDING,LONG,57.0,MARGINAL,FAVORABLE,5.1265,FALLING
2026-09-25,FA,6.0,0.13,0.17,COMPRESSION,13,146.0,0.185,0.242,COMPRESSION,19,422.0,37,25,BUY_LOWER_DIRTY,LONG,54.3,MARGINAL,FAVORABLE,0.7648,FALLING
2026-09-25,FDXF,6.0,0.31,0.063,COMPRESSION,32,1179.0,,,,,,59,0,BULL_BOUNCE,LONG,58.0,MARGINAL,FAVORABLE,4.8965,FALLING
2026-09-25,DRAM,6.0,1.1,0.438,CONVICTION,110,1423.0,1.11,0.442,CONVICTION,111,200.0,24,85,BULL_BOUNCE_CONFIRMED,LONG,86.6,CONVICTION,FAVORABLE,2.5108,RISING
2026-09-25,FICO,6.0,4.48,0.085,CONVICTION,449,581.0,2.03,0.038,VACUUM,203,17.0,52,5,BEAR_REJECTION_PENDING,SHORT,57.7,MARGINAL,FAVORABLE,52.8541,FALLING
2026-09-25,FISV,6.0,0.45,0.247,COMPRESSION,46,987.0,0.005,0.003,MINOR,1,102.0,23,8,BUY_LOWER_DIRTY,LONG,49.4,MARGINAL,FAVORABLE,1.8246,FALLING
2026-09-25,HLI,6.0,0.85,0.192,COMPRESSION,85,206.0,2.41,0.544,CONVICTION,241,199.0,48,23,BULL_BOUNCE_PENDING,LONG,70.4,CONVICTION,FAVORABLE,4.428,FALLING
2026-09-25,FROG,6.0,0.95,0.189,MINOR,96,367.0,0.72,0.144,COMPRESSION,72,50.0,31,36,BULL_BOUNCE,LONG,64.6,CONVICTION,FAVORABLE,5.017,FALLING
2026-09-25,HOG,6.0,0.27,0.279,COMPRESSION,27,253.0,0.11,0.114,COMPRESSION,11,103.0,41,16,BEAR_REJECTION_PENDING,SHORT,64.0,CONVICTION,FAVORABLE,0.9665,FALLING
2026-09-25,INDI,6.0,0.11,0.598,COMPRESSION,11,452.0,0.02,0.109,COMPRESSION,3,97.0,26,11,BULL_BOUNCE_PENDING,LONG,76.0,CONVICTION,FAVORABLE,0.1839,FALLING
2026-09-25,KLAR,6.0,0.1,0.226,COMPRESSION,10,536.0,0.01,0.023,MINOR,2,256.0,31,21,BUY_LOWER_DIRTY,LONG,45.5,MARGINAL,FAVORABLE,0.443,FALLING
2026-09-25,LRN,6.0,1.27,0.571,CONVICTION,128,421.0,0.37,0.166,COMPRESSION,37,801.0,59,43,BULL_BOUNCE_PENDING,LONG,48.2,MARGINAL,FAVORABLE,2.224,FALLING
2026-09-25,LABD,6.0,0.08,0.144,COMPRESSION,9,97.0,0.06,0.108,COMPRESSION,7,1017.0,25,17,BULL_BOUNCE_PENDING,LONG,65.4,CONVICTION,FAVORABLE,0.5562,FALLING
2026-09-25,MC,6.0,0.72,0.325,COMPRESSION,72,988.0,0.3,0.136,COMPRESSION,31,580.0,40,23,BULL_BOUNCE_PENDING,LONG,48.0,MARGINAL,FAVORABLE,2.2128,RISING
2026-09-25,MORN,6.0,1.6,0.218,CONVICTION,160,580.0,3.52,0.48,CONVICTION,352,1033.0,79,68,BEAR_REJECTION_PENDING,SHORT,50.0,MARGINAL,FAVORABLE,7.3332,RISING
2026-09-25,NCNO,6.0,0.16,0.183,COMPRESSION,17,1310.0,0.57,0.652,COMPRESSION,58,626.0,35,56,BULL_BOUNCE_PENDING,LONG,80.8,CONVICTION,FAVORABLE,0.8739,FALLING
2026-09-25,METU,6.0,0.23,0.102,COMPRESSION,24,373.0,0.67,0.297,COMPRESSION,67,809.0,3,66,BULL_BOUNCE_PENDING,LONG,86.7,CONVICTION,FAVORABLE,2.2525,RISING
2026-09-25,NNE,6.0,0.325,0.296,COMPRESSION,33,375.0,0.82,0.748,COMPRESSION,83,378.0,24,56,BULL_BOUNCE_PENDING,LONG,69.0,CONVICTION,FAVORABLE,1.0966,FALLING
2026-09-25,NTNX,6.0,0.66,0.36,COMPRESSION,67,256.0,1.08,0.59,CONVICTION,109,1067.0,35,37,BULL_BOUNCE_PENDING,LONG,89.7,CONVICTION,FAVORABLE,1.8312,NEUTRAL
2026-09-25,ORCU,6.0,0.08,0.096,COMPRESSION,9,1287.0,0.23,0.277,COMPRESSION,24,819.0,28,34,BULL_BOUNCE_PENDING,LONG,82.7,CONVICTION,FAVORABLE,0.83,RISING
2026-09-25,PAYC,6.0,1.86,0.242,CONVICTION,187,785.0,34.24,4.447,CONVICTION,3424,359.0,33,34,BULL_BOUNCE_PENDING,LONG,64.8,CONVICTION,FAVORABLE,7.6999,RISING
2026-09-25,ORCX,6.0,0.27,0.117,COMPRESSION,27,1264.0,0.61,0.264,COMPRESSION,61,841.0,54,33,BULL_BOUNCE_PENDING,LONG,83.6,CONVICTION,FAVORABLE,2.3144,RISING
2026-09-25,PCOR,6.0,1.7085,0.693,CONVICTION,171,75.0,0.42,0.17,COMPRESSION,43,505.0,55,36,BULL_BOUNCE_PENDING,LONG,98.9,CONVICTION,FAVORABLE,2.4639,FALLING
2026-09-25,PEGA,6.0,0.605,0.397,COMPRESSION,61,538.0,0.75,0.493,COMPRESSION,75,856.0,55,23,BULL_BOUNCE_PENDING,LONG,56.0,MARGINAL,FAVORABLE,1.5223,FALLING
2026-09-25,PLGO,6.0,0.01,0.02,COMPRESSION,2,379.0,0.02,0.04,COMPRESSION,2,29.0,67,18,BEAR_REJECTION_PENDING,SHORT,61.4,CONVICTION,FAVORABLE,0.5025,FALLING
2026-09-25,QTWO,6.0,0.14,0.073,MINOR,15,89.0,1.29,0.671,CONVICTION,129,57.0,48,36,BULL_BOUNCE_PENDING,LONG,91.0,CONVICTION,FAVORABLE,1.9218,NEUTRAL
2026-09-25,QURE,6.0,0.34,0.161,COMPRESSION,34,922.0,1.5552,0.735,VACUUM,156,523.0,50,16,BULL_BOUNCE_PENDING,LONG,68.0,CONVICTION,FAVORABLE,2.1164,FALLING
2026-09-25,RAM,6.0,3.2,2.859,CONVICTION,320,200.0,0.46,0.411,COMPRESSION,47,379.0,19,53,BEAR_REJECTION_PENDING,SHORT,76.5,CONVICTION,FAVORABLE,1.1193,RISING
2026-09-25,RBLX,6.0,0.09,0.036,MINOR,10,668.0,1.01,0.407,CONVICTION,101,61.0,18,49,BULL_BOUNCE_PENDING,LONG,84.2,CONVICTION,FAVORABLE,2.4828,RISING
2026-09-25,RNG,6.0,0.065,0.019,MINOR,7,162.0,0.81,0.241,COMPRESSION,82,892.0,14,55,BULL_BOUNCE_PENDING,LONG,64.9,CONVICTION,FAVORABLE,3.3572,NEUTRAL
2026-09-25,TBBB,6.0,0.035,0.023,MINOR,4,37.0,0.4,0.267,COMPRESSION,40,240.0,4,38,BULL_BOUNCE_PENDING,LONG,74.7,CONVICTION,FAVORABLE,1.4962,NEUTRAL
2026-09-25,SKHY,6.0,3.6,0.363,VACUUM,360,120.0,2.91,0.293,CONVICTION,291,13.0,25,103,BULL_BOUNCE_PENDING,LONG,79.3,CONVICTION,FAVORABLE,9.9212,RISING
2026-09-25,TPG,6.0,0.17,0.094,COMPRESSION,17,892.0,0.08,0.044,COMPRESSION,8,321.0,45,34,BULL_BOUNCE_PENDING,LONG,80.5,CONVICTION,FAVORABLE,1.8125,FALLING
2026-09-25,SNDK,6.0,120.34,1.113,VACUUM,12034,36.0,10.81,0.1,CONVICTION,1081,935.0,21,72,BULL_BOUNCE_PENDING,LONG,67.0,CONVICTION,FAVORABLE,108.1659,RISING
2026-09-25,VRNS,6.0,0.06,0.037,MINOR,7,133.0,0.515,0.316,COMPRESSION,52,492.0,14,45,BULL_BOUNCE_PENDING,LONG,53.0,MARGINAL,FAVORABLE,1.6273,FALLING
2026-09-25,TSLG,6.0,0.28,0.919,COMPRESSION,29,881.0,0.21,0.689,COMPRESSION,22,460.0,20,87,BULL_BOUNCE_PENDING,LONG,59.7,MARGINAL,FAVORABLE,0.3046,RISING
2026-09-25,VCX,6.0,0.71,0.434,COMPRESSION,72,751.0,0.1134,0.069,MINOR,12,10.0,47,16,BEAR_REJECTION_PENDING,SHORT,52.4,MARGINAL,FAVORABLE,1.6363,RISING
2026-09-25,VLO,6.0,8.37,0.487,CONVICTION,838,134.0,7.6,0.442,CONVICTION,760,523.0,44,25,BULL_BOUNCE,LONG,71.9,CONVICTION,FAVORABLE,17.1847,RISING
2026-09-25,WMS,6.0,1.23,0.342,CONVICTION,123,437.0,0.88,0.245,COMPRESSION,89,148.0,63,14,BULL_BOUNCE,LONG,80.6,CONVICTION,FAVORABLE,3.5958,RISING
2026-09-25,WU,6.0,0.03,0.153,COMPRESSION,3,231.0,0.005,0.026,MINOR,1,149.0,61,11,BEAR_REJECTION_PENDING,SHORT,50.0,MARGINAL,FAVORABLE,0.196,FALLING
2026-09-25,XYZ,6.0,0.99,0.454,COMPRESSION,99,727.0,2.57,1.179,CONVICTION,258,522.0,37,26,BULL_BOUNCE_PENDING,LONG,76.5,CONVICTION,FAVORABLE,2.1799,FALLING
2026-09-25,WDCX,6.0,0.5,0.258,COMPRESSION,50,518.0,0.61,0.314,COMPRESSION,62,366.0,51,42,BULL_BOUNCE_PENDING,LONG,48.1,MARGINAL,FAVORABLE,1.9406,RISING
2026-09-25,AGCO,6.0,0.95,0.198,COMPRESSION,95,836.0,0.83,0.173,COMPRESSION,83,737.0,111,33,BEAR_REJECTION_PENDING,SHORT,75.9,CONVICTION,FAVORABLE,4.8046,RISING
2026-09-25,YSS,6.0,0.57,0.794,COMPRESSION,58,572.0,0.14,0.195,COMPRESSION,14,1132.0,8,37,BEAR_REJECTION_PENDING,SHORT,53.8,MARGINAL,FAVORABLE,0.7177,FALLING
2026-09-25,AGX,6.0,23.89,1.149,CONVICTION,2389,681.0,4.26,0.205,CONVICTION,427,237.0,66,18,BULL_BOUNCE,LONG,56.6,MARGINAL,FAVORABLE,20.7886,FALLING
2026-09-25,ALB,6.0,3.47,0.651,CONVICTION,347,138.0,3.88,0.728,CONVICTION,388,653.0,69,6,BULL_BOUNCE_PENDING,LONG,86.8,CONVICTION,FAVORABLE,5.3307,FALLING
2026-09-25,ALOY,6.0,0.065,0.108,COMPRESSION,7,1313.0,0.26,0.433,COMPRESSION,26,395.0,37,22,CHANNEL_BREAKOUT,LONG,47.0,MARGINAL,FAVORABLE,0.6,RISING
2026-09-25,ALM,6.0,0.65,0.523,COMPRESSION,65,197.0,0.01,0.008,COMPRESSION,1,841.0,90,17,BEAR_REJECTION_PENDING,SHORT,61.0,CONVICTION,FAVORABLE,1.2431,FALLING
2026-09-25,BTSG,6.0,0.82,0.386,COMPRESSION,83,337.0,0.17,0.08,COMPRESSION,18,182.0,49,12,BULL_BOUNCE_PENDING,LONG,65.3,CONVICTION,FAVORABLE,2.1236,RISING
2026-09-25,AVS,6.0,0.09,0.392,COMPRESSION,9,197.0,0.01,0.044,COMPRESSION,1,184.0,86,59,BULL_BOUNCE_PENDING,LONG,85.5,CONVICTION,FAVORABLE,0.2293,FALLING
2026-09-25,CDNL,6.0,0.35,0.149,COMPRESSION,36,140.0,2.06,0.88,CONVICTION,206,354.0,60,3,BULL_BOUNCE_PENDING,LONG,85.6,CONVICTION,FAVORABLE,2.3417,FALLING
2026-09-25,AMDL,6.0,,,,,,3.6585,0.599,VACUUM,366,35.0,0,74,BULL_BOUNCE_PENDING,LONG,37.0,MARGINAL,FAVORABLE,6.1123,RISING
2026-09-25,CGNX,6.0,0.71,0.319,COMPRESSION,72,45.0,0.14,0.063,COMPRESSION,15,331.0,37,34,BEAR_REJECTION_PENDING,SHORT,52.5,MARGINAL,FAVORABLE,2.2242,RISING
2026-09-25,CXW,6.0,0.22,0.135,COMPRESSION,22,222.0,0.7975,0.489,MINOR,80,613.0,17,23,BULL_BOUNCE_PENDING,LONG,62.4,CONVICTION,FAVORABLE,1.6317,FALLING
2026-09-25,CRS,6.0,11.86,0.754,CONVICTION,1187,760.0,1.91,0.121,CONVICTION,192,503.0,59,20,BEAR_REJECTION_PENDING,SHORT,46.4,MARGINAL,FAVORABLE,15.7368,FALLING
2026-09-25,ECG,6.0,0.98,0.201,COMPRESSION,98,610.0,0.73,0.15,COMPRESSION,74,93.0,22,76,BULL_BOUNCE_PENDING,LONG,84.0,CONVICTION,FAVORABLE,4.8646,RISING
2026-09-25,ELAN,6.0,0.875,1.263,COMPRESSION,88,1264.0,0.32,0.462,COMPRESSION,33,1058.0,31,5,BULL_BOUNCE_PENDING,LONG,63.8,CONVICTION,FAVORABLE,0.6926,FALLING
2026-09-25,ENS,6.0,2.16,0.481,CONVICTION,216,591.0,3.8,0.845,CONVICTION,380,451.0,44,53,CHANNEL_GAP_BREAKDOWN_SHORT,SHORT,75.2,CONVICTION,FAVORABLE,4.4953,RISING
2026-09-25,FUL,6.0,0.52,0.324,COMPRESSION,53,674.0,0.11,0.069,COMPRESSION,11,292.0,45,26,BEAR_REJECTION_PENDING,SHORT,55.0,MARGINAL,FAVORABLE,1.6039,FALLING
2026-09-25,ETON,6.0,0.7295,0.265,MINOR,73,433.0,12.82,4.656,CONVICTION,1282,885.0,10,49,BULL_BOUNCE_PENDING,LONG,60.9,CONVICTION,FAVORABLE,2.7536,NEUTRAL
2026-09-25,GENI,6.0,0.01,0.025,COMPRESSION,1,238.0,0.01,0.025,MINOR,2,272.0,34,7,BULL_BOUNCE_PENDING,LONG,66.0,CONVICTION,FAVORABLE,0.4059,FALLING
2026-09-25,HTFL,6.0,0.51,0.202,COMPRESSION,52,187.0,0.3,0.119,COMPRESSION,31,661.0,17,49,BULL_BOUNCE_PENDING,LONG,84.7,CONVICTION,FAVORABLE,2.5224,RISING
2026-09-25,HUT,6.0,0.08,0.01,MINOR,8,1213.0,2.8,0.351,CONVICTION,281,110.0,33,44,CHANNEL_BREAKOUT,LONG,47.0,MARGINAL,FAVORABLE,7.9861,RISING
2026-09-25,GLWG,6.0,1.59,1.03,CONVICTION,160,1231.0,0.32,0.207,COMPRESSION,33,389.0,21,69,CHANNEL_BREAKOUT,LONG,53.0,MARGINAL,FAVORABLE,1.5435,RISING
2026-09-25,INOD,6.0,0.03,0.008,MINOR,4,4.0,0.73,0.195,COMPRESSION,74,1495.0,1,47,BULL_BOUNCE_CONFIRMED,LONG,70.0,CONVICTION,FAVORABLE,3.7384,RISING
2026-09-25,IONS,6.0,0.04,0.016,MINOR,4,117.0,0.15,0.059,COMPRESSION,16,1020.0,32,12,BULL_BOUNCE_PENDING,LONG,68.4,CONVICTION,FAVORABLE,2.5636,FALLING
2026-09-25,LBRT,6.0,0.12,0.126,COMPRESSION,12,532.0,0.2829,0.298,MINOR,29,262.0,44,10,SHORT_UPPER_DIRTY,SHORT,64.4,CONVICTION,FAVORABLE,0.949,FALLING
2026-09-25,LFTO,6.0,0.08,0.083,COMPRESSION,9,169.0,0.16,0.165,MINOR,17,50.0,50,5,BEAR_REJECTION_PENDING,SHORT,60.5,CONVICTION,FAVORABLE,0.9689,FALLING
2026-09-25,LGN,6.0,0.16,0.057,COMPRESSION,16,1289.0,0.28,0.1,COMPRESSION,29,1476.0,50,22,BULL_BOUNCE_PENDING,LONG,41.0,MARGINAL,FAVORABLE,2.7984,RISING
2026-09-25,MFP,6.0,0.11,0.05,COMPRESSION,12,856.0,0.11,0.05,COMPRESSION,11,123.0,43,15,BEAR_REJECTION_PENDING,SHORT,52.6,MARGINAL,FAVORABLE,2.1889,NEUTRAL
2026-09-25,LQDA,6.0,1.18,0.44,CONVICTION,118,318.0,0.3,0.112,COMPRESSION,31,538.0,7,63,BEAR_REJECTION_PENDING,SHORT,69.9,CONVICTION,FAVORABLE,2.6818,FALLING
2026-09-25,LPTH,6.0,0.13,0.194,COMPRESSION,14,1043.0,0.54,0.806,COMPRESSION,54,111.0,28,39,SHORT_UPPER_DIRTY,SHORT,48.7,MARGINAL,FAVORABLE,0.6703,RISING
2026-09-25,MOD,6.0,8.84,0.911,CONVICTION,885,1039.0,3.46,0.357,CONVICTION,347,425.0,19,70,CHANNEL_BREAKOUT,LONG,53.0,MARGINAL,FAVORABLE,9.704,RISING
2026-09-25,MPWR,6.0,50.545,0.953,CONVICTION,5055,77.0,25.45,0.48,CONVICTION,2546,825.0,25,71,BULL_BOUNCE_PENDING,LONG,70.0,CONVICTION,FAVORABLE,53.0518,RISING
2026-09-25,MP,6.0,0.97,0.38,COMPRESSION,97,752.0,13.68,5.365,CONVICTION,1368,881.0,41,46,BULL_BOUNCE_PENDING,LONG,89.4,CONVICTION,FAVORABLE,2.5498,FALLING
2026-09-25,MXL,6.0,0.13,0.021,MINOR,14,1376.0,2.41,0.393,CONVICTION,241,499.0,5,39,BULL_BOUNCE_CONFIRMED,LONG,80.1,CONVICTION,FAVORABLE,6.1277,RISING
2026-09-25,NRG,6.0,3.46,0.844,CONVICTION,346,1224.0,0.08,0.02,MINOR,8,15.0,78,2,BEAR_REJECTION_PENDING,SHORT,68.9,CONVICTION,FAVORABLE,4.0974,FALLING
2026-09-25,NUVB,6.0,0.03,0.1,MINOR,3,630.0,0.12,0.402,COMPRESSION,13,1173.0,25,16,BULL_BOUNCE_PENDING,LONG,66.3,CONVICTION,FAVORABLE,0.2986,NEUTRAL
2026-09-25,PINS,6.0,0.2,0.242,COMPRESSION,20,871.0,0.12,0.145,COMPRESSION,13,6.0,37,19,BULL_BOUNCE_PENDING,LONG,51.4,MARGINAL,FAVORABLE,0.8264,RISING
2026-09-25,PRIM,6.0,1.14,0.394,VACUUM,115,101.0,2.26,0.781,CONVICTION,226,1387.0,42,3,BULL_BOUNCE_PENDING,LONG,80.4,CONVICTION,FAVORABLE,2.8925,RISING
2026-09-25,PLTD,6.0,0.04,0.229,COMPRESSION,5,815.0,0.005,0.029,MINOR,1,11.0,69,8,BEAR_REJECTION_PENDING,SHORT,58.8,MARGINAL,FAVORABLE,0.175,FALLING
2026-09-25,POWL,6.0,3.2,0.415,CONVICTION,320,13.0,5.45,0.707,CONVICTION,545,247.0,26,115,BULL_BOUNCE_PENDING,LONG,68.3,CONVICTION,FAVORABLE,7.7082,RISING
2026-09-25,PTGX,6.0,0.37,0.072,MINOR,37,505.0,0.72,0.139,MINOR,72,834.0,62,23,BULL_BOUNCE_PENDING,LONG,73.6,CONVICTION,FAVORABLE,5.1621,FALLING
2026-09-25,SEI,6.0,0.2,0.042,COMPRESSION,21,801.0,0.44,0.093,COMPRESSION,44,116.0,19,76,CHANNEL_GAP_BREAKOUT_LONG,LONG,82.4,CONVICTION,FAVORABLE,4.7221,RISING
2026-09-25,SGML,6.0,0.01,0.014,COMPRESSION,1,50.0,1.13,1.528,CONVICTION,114,1028.0,53,33,BULL_BOUNCE_PENDING,LONG,51.9,MARGINAL,FAVORABLE,0.7395,RISING
2026-09-25,SITM,6.0,15.08,0.36,CONVICTION,1509,1032.0,15.63,0.373,CONVICTION,1563,211.0,8,72,BULL_BOUNCE_CONFIRMED,LONG,81.0,CONVICTION,FAVORABLE,41.8847,RISING
2026-09-25,SUNB,6.0,1.9,0.619,CONVICTION,190,633.0,2.5,0.814,CONVICTION,250,916.0,36,38,BEAR_REJECTION_PENDING,SHORT,80.0,CONVICTION,FAVORABLE,3.0704,FALLING
2026-09-25,TGTX,6.0,0.35,0.153,MINOR,36,35.0,0.36,0.157,COMPRESSION,36,81.0,8,52,BULL_BOUNCE_PENDING,LONG,60.7,CONVICTION,FAVORABLE,2.293,RISING
2026-09-25,STRL,6.0,3.66,0.14,CONVICTION,366,202.0,23.05,0.879,CONVICTION,2306,279.0,24,62,BULL_BOUNCE_CONFIRMED,LONG,74.0,CONVICTION,FAVORABLE,26.2303,RISING
2026-09-25,VIRT,6.0,0.13,0.071,COMPRESSION,13,111.0,0.41,0.222,COMPRESSION,42,1084.0,60,12,BULL_BOUNCE_PENDING,LONG,60.1,CONVICTION,FAVORABLE,1.8427,NEUTRAL
2026-09-25,WING,6.0,1.38,0.229,CONVICTION,138,307.0,0.04,0.007,MINOR,4,45.0,26,6,BEAR_REJECTION_PENDING,SHORT,44.9,MARGINAL,FAVORABLE,6.0175,RISING
2026-09-25,WWD,6.0,27.41,2.843,CONVICTION,2742,935.0,1.4,0.145,CONVICTION,140,462.0,42,37,BULL_BOUNCE_PENDING,LONG,52.0,MARGINAL,FAVORABLE,9.6429,RISING
2026-09-25,ZIM,6.0,0.005,0.006,MINOR,1,213.0,7.07,8.523,CONVICTION,707,27.0,7,54,BULL_BOUNCE_PENDING,LONG,84.0,CONVICTION,FAVORABLE,0.8295,NEUTRAL
2026-09-25,CALM,6.0,0.05,0.026,COMPRESSION,5,553.0,,,,,,119,0,BEAR_REJECTION_PENDING,SHORT,28.0,MARGINAL,FAVORABLE,1.9603,FALLING
2026-09-25,NXT,6.0,0.56,0.14,COMPRESSION,57,1293.0,1.07,0.267,CONVICTION,108,799.0,37,21,BUY_LOWER_DIRTY,LONG,47.9,MARGINAL,FAVORABLE,4.009,FALLING
2026-09-25,GCTK,6.0,0.01,0.028,COMPRESSION,1,870.0,0.03,0.083,MINOR,3,913.0,21,8,BULL_BOUNCE_PENDING,LONG,94.1,CONVICTION,FAVORABLE,0.363,NEUTRAL
2026-09-25,GPK,6.0,0.11,0.264,COMPRESSION,11,1014.0,0.12,0.289,MINOR,12,288.0,40,11,BULL_BOUNCE_PENDING,LONG,58.0,MARGINAL,FAVORABLE,0.4159,FALLING
2026-09-25,CAPR,6.0,0.06,0.093,COMPRESSION,7,1221.0,1.16,1.798,CONVICTION,116,833.0,53,20,BULL_BOUNCE_CONFIRMED,LONG,58.0,MARGINAL,FAVORABLE,0.6451,NEUTRAL
2026-09-25,AEIS,6.0,2.65,0.202,VACUUM,266,695.0,0.35,0.027,COMPRESSION,36,464.0,8,57,BULL_BOUNCE_PENDING,LONG,70.0,CONVICTION,FAVORABLE,13.1504,RISING
2026-09-25,AA,6.0,0.07,0.039,COMPRESSION,8,389.0,0.08,0.044,COMPRESSION,8,206.0,85,20,BULL_BOUNCE_PENDING,LONG,70.1,CONVICTION,FAVORABLE,1.8115,FALLING
2026-09-25,ACMR,6.0,0.55,0.109,MINOR,55,315.0,2.945,0.584,CONVICTION,295,844.0,27,65,BULL_BOUNCE_PENDING,LONG,62.0,CONVICTION,FAVORABLE,5.043,RISING
2026-09-25,AIR,6.0,2.98,0.621,CONVICTION,299,161.0,1.5,0.312,CONVICTION,150,522.0,46,55,BULL_BOUNCE_PENDING,LONG,51.0,MARGINAL,FAVORABLE,4.8018,RISING
2026-09-25,ARGX,6.0,5.1,0.227,CONVICTION,511,553.0,59.78,2.657,CONVICTION,5979,269.0,75,32,BULL_BOUNCE_PENDING,LONG,70.0,CONVICTION,FAVORABLE,22.4971,FALLING
2026-09-25,CBRL,6.0,0.32,0.123,COMPRESSION,32,675.0,2.02,0.774,CONVICTION,203,833.0,29,49,BULL_BOUNCE_PENDING,LONG,59.0,MARGINAL,FAVORABLE,2.6109,NEUTRAL
2026-09-25,CGON,6.0,0.26,0.079,COMPRESSION,27,750.0,0.91,0.275,COMPRESSION,92,884.0,54,14,BULL_BOUNCE_PENDING,LONG,86.0,CONVICTION,FAVORABLE,3.3062,FALLING
2026-09-25,DAN,6.0,0.53,0.508,COMPRESSION,53,1133.0,0.36,0.345,MINOR,37,547.0,61,15,BULL_BOUNCE_PENDING,LONG,74.8,CONVICTION,FAVORABLE,1.0426,FALLING
2026-09-25,CHRD,6.0,1.2,0.245,CONVICTION,121,199.0,2.54,0.519,CONVICTION,255,1464.0,49,76,BULL_BOUNCE_PENDING,LONG,83.7,CONVICTION,FAVORABLE,4.891,FALLING
2026-09-25,DFTX,6.0,0.16,0.079,COMPRESSION,16,73.0,11.87,5.841,CONVICTION,1187,148.0,45,16,BULL_BOUNCE_CONFIRMED,LONG,62.0,CONVICTION,FAVORABLE,2.0321,NEUTRAL
2026-09-25,CRDO,6.0,6.19,0.65,CONVICTION,619,945.0,5.02,0.527,CONVICTION,503,1000.0,14,70,BULL_BOUNCE_CONFIRMED,LONG,66.0,CONVICTION,FAVORABLE,9.5291,RISING
2026-09-25,FDMT,6.0,0.19,0.195,MINOR,19,321.0,0.01,0.01,COMPRESSION,1,1498.0,13,34,BULL_BOUNCE_PENDING,LONG,73.4,CONVICTION,FAVORABLE,0.9747,RISING
2026-09-25,EYPT,6.0,0.01,0.031,MINOR,2,113.0,0.05,0.157,MINOR,5,350.0,19,15,BULL_BOUNCE_PENDING,LONG,70.1,CONVICTION,FAVORABLE,0.3182,RISING
2026-09-25,ICLR,6.0,14.7,2.148,CONVICTION,1470,823.0,0.645,0.094,MINOR,65,58.0,13,63,BULL_BOUNCE_PENDING,LONG,62.0,CONVICTION,FAVORABLE,6.8425,FALLING
2026-09-25,FIX,6.0,1.4725,0.021,VACUUM,148,109.0,76.33,1.078,CONVICTION,7633,767.0,52,46,BULL_BOUNCE_PENDING,LONG,47.9,MARGINAL,FAVORABLE,70.7982,RISING
2026-09-25,LIFE,6.0,0.13,0.043,COMPRESSION,13,1092.0,1.095,0.362,VACUUM,110,158.0,23,24,BULL_BOUNCE_PENDING,LONG,58.0,MARGINAL,FAVORABLE,3.0275,FALLING
2026-09-25,MEDP,6.0,0.4,0.028,MINOR,40,128.0,1.79,0.123,CONVICTION,179,104.0,10,44,BULL_BOUNCE,LONG,66.1,CONVICTION,FAVORABLE,14.4991,FALLING
2026-09-25,PPC,6.0,0.01,0.011,COMPRESSION,2,627.0,0.09,0.099,COMPRESSION,9,114.0,54,7,BULL_BOUNCE_PENDING,LONG,55.2,MARGINAL,FAVORABLE,0.9084,FALLING
2026-09-25,OII,6.0,0.68,0.377,COMPRESSION,69,726.0,0.32,0.177,COMPRESSION,33,70.0,37,42,BULL_BOUNCE_PENDING,LONG,62.1,CONVICTION,FAVORABLE,1.8044,RISING
2026-09-25,PWR,6.0,5.09,0.231,CONVICTION,509,505.0,0.09,0.004,MINOR,10,811.0,32,46,BEAR_REJECTION_PENDING,SHORT,60.0,CONVICTION,FAVORABLE,22.0728,RISING
2026-09-25,RVMD,6.0,0.27,0.037,COMPRESSION,28,251.0,0.44,0.061,COMPRESSION,44,1389.0,37,41,BULL_BOUNCE_PENDING,LONG,62.5,CONVICTION,FAVORABLE,7.2623,NEUTRAL
2026-09-25,SBLK,6.0,0.595,0.61,COMPRESSION,60,310.0,0.2,0.205,COMPRESSION,21,417.0,51,29,BULL_BOUNCE_PENDING,LONG,65.3,CONVICTION,FAVORABLE,0.9748,NEUTRAL
2026-09-25,WFF,6.0,0.06,0.312,MINOR,7,47.0,0.0893,0.464,MINOR,9,47.0,3,20,BULL_BOUNCE_PENDING,LONG,55.3,MARGINAL,FAVORABLE,0.1924,NEUTRAL
2026-09-25,WETO,6.0,0.0001,0.0,MINOR,1,674.0,0.0097,0.023,MINOR,1,112.0,7,8,BULL_BOUNCE_PENDING,LONG,78.0,CONVICTION,FAVORABLE,0.4142,RISING
2026-09-25,WMG,6.0,0.18,0.211,COMPRESSION,18,1220.0,0.1,0.117,COMPRESSION,10,267.0,43,33,BEAR_REJECTION_PENDING,SHORT,78.6,CONVICTION,FAVORABLE,0.8542,RISING
2026-09-25,TER,6.0,5.855,0.291,CONVICTION,586,558.0,7.235,0.359,CONVICTION,724,461.0,13,76,BULL_BOUNCE_CONFIRMED,LONG,79.0,CONVICTION,FAVORABLE,20.1501,RISING
2026-09-25,YPF,6.0,0.44,0.22,COMPRESSION,44,229.0,0.1,0.05,COMPRESSION,11,450.0,42,50,BULL_BOUNCE,LONG,70.0,CONVICTION,FAVORABLE,1.997,NEUTRAL
2026-09-25,FAMI,6.0,0.0023,0.085,COMPRESSION,1,196.0,0.0018,0.067,COMPRESSION,1,133.0,10,26,BULL_BOUNCE_PENDING,LONG,47.0,MARGINAL,FAVORABLE,0.027,RISING
2026-09-25,VRSK,6.0,1.28,0.203,CONVICTION,129,304.0,1.08,0.171,CONVICTION,108,318.0,124,10,BULL_BOUNCE_PENDING,LONG,71.2,CONVICTION,FAVORABLE,6.2984,FALLING
2026-09-25,ACAD,6.0,1.05,1.065,CONVICTION,106,982.0,0.02,0.02,COMPRESSION,2,252.0,48,5,BULL_BOUNCE_PENDING,LONG,78.9,CONVICTION,FAVORABLE,0.9862,FALLING
2026-09-25,BBIO,6.0,1.24,0.44,CONVICTION,125,985.0,1.45,0.515,CONVICTION,146,1493.0,47,16,BULL_BOUNCE_PENDING,LONG,90.4,CONVICTION,FAVORABLE,2.8182,FALLING
2026-09-25,AMLX,6.0,0.06,0.038,MINOR,6,625.0,0.05,0.032,COMPRESSION,6,304.0,34,9,BULL_BOUNCE_PENDING,LONG,100.0,CONVICTION,FAVORABLE,1.5819,NEUTRAL
2026-09-25,CDTG,6.0,0.02,0.096,MINOR,3,252.0,0.0003,0.001,COMPRESSION,1,838.0,43,1,BULL_BOUNCE_PENDING,LONG,71.7,CONVICTION,FAVORABLE,0.2074,NEUTRAL
2026-09-25,CHWY,6.0,0.08,0.073,MINOR,9,1249.0,0.12,0.109,COMPRESSION,12,244.0,27,16,BULL_BOUNCE_PENDING,LONG,52.9,MARGINAL,FAVORABLE,1.0967,FALLING
2026-09-25,BOIL,6.0,0.5,0.421,COMPRESSION,50,1318.0,0.44,0.37,MINOR,44,1405.0,43,23,BULL_BOUNCE_PENDING,LONG,78.8,CONVICTION,FAVORABLE,1.1888,RISING
2026-09-25,DOO,6.0,0.25,0.112,COMPRESSION,25,968.0,0.005,0.002,COMPRESSION,1,975.0,109,4,BULL_BOUNCE_PENDING,LONG,51.0,MARGINAL,FAVORABLE,2.2309,FALLING
2026-09-25,CORD,6.0,0.0577,0.148,MINOR,6,188.0,0.0015,0.004,MINOR,1,182.0,32,13,BULL_BOUNCE_PENDING,LONG,67.7,CONVICTION,FAVORABLE,0.391,FALLING
2026-09-25,HSAI,6.0,0.28,0.453,MINOR,29,319.0,0.025,0.04,MINOR,3,518.0,56,33,BULL_BOUNCE_PENDING,LONG,63.0,CONVICTION,FAVORABLE,0.6179,FALLING
2026-09-25,MAN,6.0,1.44,0.606,CONVICTION,144,617.0,0.99,0.417,COMPRESSION,99,633.0,21,33,BULL_BOUNCE_PENDING,LONG,70.3,CONVICTION,FAVORABLE,2.3747,NEUTRAL
2026-09-25,LEGN,6.0,0.21,0.236,COMPRESSION,22,374.0,0.242,0.272,COMPRESSION,25,547.0,21,64,BULL_BOUNCE_PENDING,LONG,69.8,CONVICTION,FAVORABLE,0.8888,RISING
2026-09-25,MANE,6.0,0.57,0.097,COMPRESSION,57,639.0,0.69,0.117,COMPRESSION,69,716.0,23,57,BULL_BOUNCE_PENDING,LONG,54.0,MARGINAL,FAVORABLE,5.8798,NEUTRAL
2026-09-25,MTCH,6.0,0.16,0.119,COMPRESSION,17,191.0,0.23,0.171,COMPRESSION,24,454.0,43,31,BULL_BOUNCE_PENDING,LONG,67.2,CONVICTION,FAVORABLE,1.3461,FALLING
2026-09-25,MNST,6.0,0.35,0.401,COMPRESSION,36,887.0,3.8925,4.457,CONVICTION,390,111.0,63,22,BULL_BOUNCE_PENDING,LONG,84.0,CONVICTION,FAVORABLE,0.8733,NEUTRAL
2026-09-25,OCUL,6.0,0.06,0.103,COMPRESSION,7,122.0,0.01,0.017,COMPRESSION,1,631.0,23,23,BULL_BOUNCE_PENDING,LONG,73.2,CONVICTION,FAVORABLE,0.58,FALLING
2026-09-25,PLNT,6.0,19.13,9.256,CONVICTION,1914,982.0,0.02,0.01,MINOR,3,125.0,26,4,BEAR_REJECTION_PENDING,SHORT,77.0,CONVICTION,FAVORABLE,2.0667,FALLING
2026-09-25,PODD,6.0,0.31,0.065,COMPRESSION,32,242.0,1.655,0.35,VACUUM,166,159.0,36,14,BULL_BOUNCE_PENDING,LONG,56.0,MARGINAL,FAVORABLE,4.7329,FALLING
2026-09-25,RBA,6.0,0.42,0.214,COMPRESSION,43,1436.0,0.58,0.295,COMPRESSION,58,89.0,45,26,BULL_BOUNCE_PENDING,LONG,65.8,CONVICTION,FAVORABLE,1.9664,FALLING
2026-09-25,SRRK,6.0,1.075,0.362,CONVICTION,108,241.0,4.59,1.547,CONVICTION,460,385.0,24,14,BULL_BOUNCE_PENDING,LONG,87.6,CONVICTION,FAVORABLE,2.9668,FALLING
2026-09-25,ROIV,6.0,0.75,0.426,COMPRESSION,75,824.0,0.21,0.119,COMPRESSION,22,1223.0,46,23,BULL_BOUNCE_PENDING,LONG,46.0,MARGINAL,FAVORABLE,1.7585,FALLING
2026-09-25,TDC,6.0,1.24,1.311,VACUUM,124,153.0,0.17,0.18,COMPRESSION,17,136.0,6,43,BEAR_REJECTION_PENDING,SHORT,62.2,CONVICTION,FAVORABLE,0.9457,RISING
2026-09-25,SXTC,6.0,0.02,0.064,MINOR,3,287.0,0.069,0.223,MINOR,7,697.0,10,22,BULL_BOUNCE_PENDING,LONG,53.0,MARGINAL,FAVORABLE,0.3101,NEUTRAL
2026-09-25,SYRE,6.0,0.71,0.177,COMPRESSION,72,42.0,0.78,0.194,COMPRESSION,78,634.0,35,37,BULL_BOUNCE_PENDING,LONG,70.0,CONVICTION,FAVORABLE,4.0148,FALLING
2026-09-25,TNON,6.0,0.09,0.072,MINOR,9,530.0,0.0211,0.017,MINOR,3,64.0,3,11,BULL_BOUNCE_PENDING,LONG,56.0,MARGINAL,FAVORABLE,1.2481,NEUTRAL
2026-09-25,ALH,6.0,0.07,0.112,COMPRESSION,8,604.0,0.04,0.064,COMPRESSION,4,772.0,31,25,BULL_BOUNCE_PENDING,LONG,61.4,CONVICTION,FAVORABLE,0.6243,RISING
2026-09-25,XENE,6.0,0.13,0.044,MINOR,14,105.0,1.88,0.636,CONVICTION,189,531.0,8,33,BULL_BOUNCE_PENDING,LONG,60.0,CONVICTION,FAVORABLE,2.9575,FALLING
2026-09-25,BRSL,6.0,0.06,0.167,COMPRESSION,7,816.0,0.115,0.319,MINOR,12,20.0,29,11,BULL_BOUNCE_CONFIRMED,LONG,70.0,CONVICTION,FAVORABLE,0.36,RISING
2026-09-25,ACM,6.0,0.03,0.016,COMPRESSION,4,488.0,0.01,0.005,MINOR,2,7.0,77,1,BEAR_REJECTION_PENDING,SHORT,56.0,MARGINAL,FAVORABLE,1.9021,FALLING
2026-09-25,ZSL,6.0,0.46,0.32,COMPRESSION,46,29.0,0.28,0.195,COMPRESSION,29,242.0,72,24,BULL_BOUNCE_PENDING,LONG,44.0,MARGINAL,FAVORABLE,1.4361,RISING
2026-09-25,AMR,6.0,1.16,0.105,CONVICTION,116,420.0,1.85,0.168,CONVICTION,185,819.0,56,26,BULL_BOUNCE,LONG,58.4,MARGINAL,FAVORABLE,11.0341,FALLING
2026-09-25,AEM,6.0,0.06,0.009,COMPRESSION,7,469.0,1.54,0.227,CONVICTION,154,384.0,49,69,BULL_BOUNCE_PENDING,LONG,77.1,CONVICTION,FAVORABLE,6.7699,FALLING
2026-09-25,ARE,6.0,0.93,0.487,COMPRESSION,93,103.0,0.85,0.445,COMPRESSION,86,1143.0,56,21,BEAR_REJECTION_PENDING,SHORT,63.7,CONVICTION,FAVORABLE,1.9085,RISING
2026-09-25,ARCT,6.0,0.04,0.03,COMPRESSION,4,524.0,0.02,0.015,COMPRESSION,3,1279.0,48,12,BULL_BOUNCE_PENDING,LONG,55.5,MARGINAL,FAVORABLE,1.3447,NEUTRAL
2026-09-25,ATAT,6.0,0.095,0.104,MINOR,10,1168.0,1.12,1.231,CONVICTION,112,856.0,46,23,BULL_BOUNCE_PENDING,LONG,94.0,CONVICTION,FAVORABLE,0.91,RISING
2026-09-25,ARKB,6.0,0.59,0.683,COMPRESSION,59,397.0,1.45,1.679,CONVICTION,145,872.0,34,89,BULL_BOUNCE_PENDING,LONG,52.8,MARGINAL,FAVORABLE,0.8638,FALLING
2026-09-25,BAH,6.0,0.07,0.029,COMPRESSION,7,419.0,1.24,0.516,CONVICTION,125,1340.0,62,43,BULL_BOUNCE_PENDING,LONG,63.9,CONVICTION,FAVORABLE,2.4032,FALLING
2026-09-25,AU,6.0,0.62,0.167,COMPRESSION,62,917.0,2.47,0.665,CONVICTION,247,57.0,43,62,BULL_BOUNCE_PENDING,LONG,57.0,MARGINAL,FAVORABLE,3.7168,RISING
2026-09-25,BITB,6.0,1.0,0.712,CONVICTION,100,389.0,1.69,1.204,CONVICTION,169,4.0,28,89,BULL_BOUNCE_PENDING,LONG,79.5,CONVICTION,FAVORABLE,1.404,RISING
2026-09-25,BITO,6.0,0.255,0.715,COMPRESSION,26,729.0,0.6,1.684,COMPRESSION,60,804.0,19,83,BULL_BOUNCE_PENDING,LONG,70.4,CONVICTION,FAVORABLE,0.3564,RISING
2026-09-25,BITU,6.0,2.72,2.944,CONVICTION,273,922.0,1.42,1.537,CONVICTION,142,1411.0,20,43,BULL_BOUNCE_PENDING,LONG,63.6,CONVICTION,FAVORABLE,0.9238,RISING
2026-09-25,BITX,6.0,3.38,2.803,CONVICTION,338,663.0,1.82,1.509,CONVICTION,183,1436.0,20,51,BULL_BOUNCE_PENDING,LONG,67.4,CONVICTION,FAVORABLE,1.2057,RISING
2026-09-25,BOOT,6.0,2.48,0.399,CONVICTION,248,1263.0,0.01,0.002,COMPRESSION,2,992.0,37,23,BULL_BOUNCE_PENDING,LONG,47.0,MARGINAL,FAVORABLE,6.2079,RISING
2026-09-25,BMNU,6.0,0.05,0.019,MINOR,6,276.0,2.61,0.969,CONVICTION,261,213.0,16,49,BULL_BOUNCE_PENDING,LONG,53.0,MARGINAL,FAVORABLE,2.6948,RISING
2026-09-25,CNXC,6.0,0.19,0.095,COMPRESSION,20,508.0,0.14,0.07,COMPRESSION,15,1061.0,17,19,BULL_BOUNCE_PENDING,LONG,69.3,CONVICTION,FAVORABLE,2.0068,FALLING
2026-09-25,COCO,6.0,0.01,0.004,COMPRESSION,1,428.0,0.7,0.278,COMPRESSION,71,448.0,18,54,BULL_BOUNCE_PENDING,LONG,47.0,MARGINAL,FAVORABLE,2.5164,RISING
2026-09-25,BTC,6.0,0.83,0.723,COMPRESSION,83,383.0,1.4,1.219,CONVICTION,141,3.0,18,85,BULL_BOUNCE_PENDING,LONG,80.0,CONVICTION,FAVORABLE,1.1487,RISING
2026-09-25,BSOL,6.0,0.52,0.77,COMPRESSION,52,49.0,0.43,0.637,COMPRESSION,43,31.0,15,85,BULL_BOUNCE_PENDING,LONG,50.0,MARGINAL,FAVORABLE,0.675,RISING
2026-09-25,CWK,6.0,0.2,0.408,COMPRESSION,20,961.0,0.05,0.102,COMPRESSION,5,619.0,46,9,BULL_BOUNCE_PENDING,LONG,64.5,CONVICTION,FAVORABLE,0.4896,FALLING
2026-09-25,CRSP,6.0,0.97,0.337,COMPRESSION,97,1341.0,1.69,0.588,CONVICTION,169,301.0,25,66,BULL_BOUNCE_PENDING,LONG,90.2,CONVICTION,FAVORABLE,2.8754,RISING
2026-09-25,EFX,6.0,0.16,0.023,COMPRESSION,16,727.0,0.05,0.007,MINOR,5,40.0,60,1,BEAR_REJECTION_PENDING,SHORT,52.0,MARGINAL,FAVORABLE,6.8635,FALLING
2026-09-25,DLO,6.0,0.02,0.048,COMPRESSION,2,586.0,0.615,1.487,COMPRESSION,62,279.0,52,34,BULL_BOUNCE_PENDING,LONG,67.0,CONVICTION,FAVORABLE,0.4136,NEUTRAL
2026-09-25,EL,6.0,2.72,0.859,CONVICTION,272,1145.0,9.46,2.989,CONVICTION,946,213.0,51,41,BULL_BOUNCE_PENDING,LONG,72.8,CONVICTION,FAVORABLE,3.165,FALLING
2026-09-25,EPAM,6.0,0.28,0.056,COMPRESSION,29,918.0,0.46,0.092,COMPRESSION,46,699.0,70,26,BULL_BOUNCE_PENDING,LONG,79.4,CONVICTION,FAVORABLE,5.0131,FALLING
2026-09-25,ETHA,6.0,0.41,0.532,COMPRESSION,42,734.0,0.41,0.532,COMPRESSION,42,695.0,22,73,BULL_BOUNCE_PENDING,LONG,57.4,MARGINAL,FAVORABLE,0.7714,RISING
2026-09-25,ETH,6.0,0.51,0.527,COMPRESSION,51,615.0,0.52,0.537,COMPRESSION,52,693.0,31,91,BULL_BOUNCE_PENDING,LONG,61.1,CONVICTION,FAVORABLE,0.9686,RISING
2026-09-25,ETHE,6.0,0.442,0.544,COMPRESSION,45,911.0,0.43,0.529,COMPRESSION,43,689.0,30,74,BULL_BOUNCE_PENDING,LONG,52.3,MARGINAL,FAVORABLE,0.813,RISING
2026-09-25,ETHT,6.0,7.65,5.428,CONVICTION,765,824.0,0.73,0.518,COMPRESSION,74,1217.0,35,77,BULL_BOUNCE_PENDING,LONG,65.0,CONVICTION,FAVORABLE,1.4094,RISING
2026-09-25,G,6.0,0.53,0.482,COMPRESSION,54,1025.0,0.36,0.327,COMPRESSION,36,524.0,80,33,BULL_BOUNCE_PENDING,LONG,60.5,CONVICTION,FAVORABLE,1.1004,FALLING
2026-09-25,FBTC,6.0,1.58,0.695,CONVICTION,158,389.0,2.75,1.21,CONVICTION,275,10.0,22,103,BULL_BOUNCE_PENDING,LONG,77.7,CONVICTION,FAVORABLE,2.2731,RISING
2026-09-25,ETHU,6.0,11.27,5.044,CONVICTION,1127,197.0,1.1,0.492,CONVICTION,110,1233.0,19,65,BULL_BOUNCE_PENDING,LONG,77.9,CONVICTION,FAVORABLE,2.2345,RISING
2026-09-25,FETH,6.0,0.51,0.506,COMPRESSION,52,727.0,0.55,0.546,COMPRESSION,56,705.0,43,109,BEAR_REJECTION_PENDING,SHORT,63.4,CONVICTION,FAVORABLE,1.0075,FALLING
2026-09-25,GPI,6.0,0.55,0.047,COMPRESSION,56,218.0,0.0875,0.007,COMPRESSION,9,52.0,75,12,BULL_BOUNCE_PENDING,LONG,51.0,MARGINAL,FAVORABLE,11.6847,FALLING
2026-09-25,IBIT,6.0,1.015,0.678,CONVICTION,102,383.0,1.79,1.195,CONVICTION,179,8.0,13,63,BULL_BOUNCE_PENDING,LONG,80.0,CONVICTION,FAVORABLE,1.4979,RISING
2026-09-25,GBTC,6.0,1.45,0.72,CONVICTION,145,483.0,3.35,1.665,CONVICTION,336,857.0,28,92,BULL_BOUNCE_PENDING,LONG,50.0,MARGINAL,FAVORABLE,2.0125,RISING
2026-09-25,IMNM,6.0,0.43,0.366,MINOR,43,1317.0,0.19,0.162,COMPRESSION,19,1123.0,28,15,BULL_BOUNCE_PENDING,LONG,87.3,CONVICTION,FAVORABLE,1.1746,RISING
2026-09-25,ILMN,6.0,1.7623,0.146,VACUUM,177,10.0,1.885,0.156,CONVICTION,189,1177.0,8,89,BULL_BOUNCE_PENDING,LONG,56.0,MARGINAL,FAVORABLE,12.1057,FALLING
2026-09-25,LPX,6.0,0.93,0.426,COMPRESSION,94,611.0,0.03,0.014,MINOR,4,84.0,40,5,BULL_BOUNCE,LONG,71.0,CONVICTION,FAVORABLE,2.184,RISING
2026-09-25,KOLD,6.0,4.0001,2.425,VACUUM,401,20.0,1.33,0.806,CONVICTION,133,567.0,13,38,BULL_BOUNCE_PENDING,LONG,100.0,CONVICTION,FAVORABLE,1.6498,FALLING
2026-09-25,JNUG,6.0,3.115,0.229,CONVICTION,312,86.0,17.0,1.247,CONVICTION,1700,230.0,57,48,BEAR_REJECTION_PENDING,SHORT,56.0,MARGINAL,FAVORABLE,13.6287,FALLING
2026-09-25,MRNX,6.0,0.3,0.021,MINOR,30,938.0,0.1056,0.007,MINOR,11,480.0,1,66,BULL_BOUNCE_PENDING,LONG,69.0,CONVICTION,FAVORABLE,14.1108,RISING
2026-09-25,MRNY,6.0,2.4,1.159,VACUUM,240,743.0,1.29,0.623,CONVICTION,129,1361.0,2,110,BULL_BOUNCE_PENDING,LONG,56.9,MARGINAL,FAVORABLE,2.0713,RISING
2026-09-25,MSTU,6.0,3.95,0.872,CONVICTION,395,895.0,3.84,0.847,CONVICTION,385,77.0,18,55,BULL_BOUNCE_PENDING,LONG,85.6,CONVICTION,FAVORABLE,4.5315,RISING
2026-09-25,MSTY,6.0,0.19,0.215,MINOR,19,610.0,0.36,0.408,COMPRESSION,36,30.0,26,62,BULL_BOUNCE_PENDING,LONG,63.8,CONVICTION,FAVORABLE,0.8824,RISING
2026-09-25,NG,6.0,0.07,0.157,COMPRESSION,8,1065.0,0.32,0.717,COMPRESSION,33,802.0,47,18,BULL_BOUNCE_PENDING,LONG,51.0,MARGINAL,FAVORABLE,0.4464,FALLING
2026-09-25,NVCR,6.0,0.14,0.188,COMPRESSION,15,204.0,0.04,0.054,COMPRESSION,4,1253.0,33,26,BULL_BOUNCE_PENDING,LONG,64.0,CONVICTION,FAVORABLE,0.745,NEUTRAL
2026-09-25,NTLA,6.0,11.83,18.418,CONVICTION,1183,1208.0,0.02,0.031,COMPRESSION,2,73.0,20,43,BEAR_REJECTION_PENDING,SHORT,61.0,CONVICTION,FAVORABLE,0.6423,NEUTRAL
2026-09-25,PGR,6.0,18.56,4.096,CONVICTION,1857,265.0,2.9,0.64,CONVICTION,291,216.0,68,11,BEAR_REJECTION_PENDING,SHORT,68.0,CONVICTION,FAVORABLE,4.531,FALLING
2026-09-25,SEDG,6.0,1.13,0.395,CONVICTION,114,25.0,1.03,0.36,VACUUM,103,653.0,48,10,BULL_BOUNCE_PENDING,LONG,82.5,CONVICTION,FAVORABLE,2.8621,FALLING
2026-09-25,SG,6.0,0.18,0.387,COMPRESSION,18,1347.0,0.07,0.15,COMPRESSION,8,1190.0,6,49,BULL_BOUNCE_PENDING,LONG,61.5,CONVICTION,FAVORABLE,0.4657,RISING
2026-09-25,TGT,6.0,0.69,0.189,COMPRESSION,69,376.0,3.03,0.832,CONVICTION,304,553.0,48,42,BEAR_REJECTION_PENDING,SHORT,51.3,MARGINAL,FAVORABLE,3.6426,FALLING
2026-09-25,SKHZ,6.0,0.145,0.273,COMPRESSION,15,5.0,0.12,0.226,MINOR,13,149.0,96,15,BEAR_REJECTION_PENDING,SHORT,55.8,MARGINAL,FAVORABLE,0.5311,FALLING
2026-09-25,TKO,6.0,2.2,0.368,CONVICTION,220,29.0,0.92,0.154,COMPRESSION,93,1127.0,41,11,BEAR_REJECTION_PENDING,SHORT,88.5,CONVICTION,FAVORABLE,5.9749,FALLING
2026-09-25,TRI,6.0,0.53,0.13,COMPRESSION,53,534.0,1.21,0.297,CONVICTION,121,893.0,54,68,BEAR_REJECTION_PENDING,SHORT,61.2,CONVICTION,FAVORABLE,4.0786,FALLING
2026-09-25,WRBY,6.0,2.31,1.484,CONVICTION,231,369.0,0.04,0.026,MINOR,4,1123.0,21,28,BULL_BOUNCE_PENDING,LONG,64.0,CONVICTION,FAVORABLE,1.5561,FALLING
2026-09-25,VKTX,6.0,0.16,0.056,MINOR,17,30.0,0.035,0.012,MINOR,4,42.0,35,37,BULL_BOUNCE_PENDING,LONG,84.4,CONVICTION,FAVORABLE,2.8682,RISING
2026-09-25,WPM,6.0,5.4,0.96,CONVICTION,540,486.0,1.15,0.204,CONVICTION,116,623.0,79,40,BULL_BOUNCE_PENDING,LONG,96.0,CONVICTION,FAVORABLE,5.6272,FALLING
2026-09-25,XNCR,6.0,0.1,0.094,COMPRESSION,11,71.0,0.105,0.099,COMPRESSION,11,1282.0,26,23,BULL_BOUNCE_PENDING,LONG,74.4,CONVICTION,FAVORABLE,1.0616,RISING
2026-09-25,YMM,6.0,0.11,0.603,COMPRESSION,12,466.0,0.191,1.047,COMPRESSION,20,172.0,38,14,BULL_BOUNCE_PENDING,LONG,60.3,CONVICTION,FAVORABLE,0.1825,RISING
2026-09-25,ALSN,6.0,3.28,0.849,CONVICTION,329,969.0,0.8,0.207,COMPRESSION,81,255.0,64,20,BULL_BOUNCE_PENDING,LONG,70.0,CONVICTION,FAVORABLE,3.8613,FALLING
2026-09-25,ANDG,6.0,0.13,0.066,COMPRESSION,13,215.0,0.37,0.188,COMPRESSION,38,532.0,25,39,BULL_BOUNCE_PENDING,LONG,83.0,CONVICTION,FAVORABLE,1.9693,RISING
2026-09-25,AGI,6.0,1.23,0.963,CONVICTION,123,469.0,0.3,0.235,COMPRESSION,30,129.0,62,38,BULL_BOUNCE_PENDING,LONG,65.2,CONVICTION,FAVORABLE,1.2775,FALLING
2026-09-25,BABA,6.0,4.31,1.499,CONVICTION,432,124.0,1.27,0.442,CONVICTION,127,1195.0,52,39,BEAR_REJECTION_PENDING,SHORT,81.7,CONVICTION,FAVORABLE,2.8761,RISING
2026-09-25,EGO,6.0,0.25,0.125,MINOR,25,85.0,0.08,0.04,COMPRESSION,8,980.0,46,47,BULL_BOUNCE_PENDING,LONG,71.6,CONVICTION,FAVORABLE,2.0057,RISING
2026-09-25,BABX,6.0,1.36,1.519,CONVICTION,136,296.0,2.75,3.071,CONVICTION,276,17.0,49,36,BULL_BOUNCE_PENDING,LONG,77.3,CONVICTION,FAVORABLE,0.8956,RISING
2026-09-25,COPX,6.0,1.13,0.374,CONVICTION,113,73.0,3.33,1.103,CONVICTION,333,464.0,81,77,BULL_BOUNCE_PENDING,LONG,47.0,MARGINAL,FAVORABLE,3.0204,RISING
2026-09-25,FNV,6.0,14.66,1.943,CONVICTION,1467,9.0,1.02,0.135,CONVICTION,103,80.0,18,50,BEAR_REJECTION_PENDING,SHORT,89.0,CONVICTION,FAVORABLE,7.5447,FALLING
2026-09-25,GEN,6.0,0.2738,0.223,MINOR,28,1070.0,0.87,0.709,COMPRESSION,87,985.0,7,12,BULL_BOUNCE_PENDING,LONG,70.0,CONVICTION,FAVORABLE,1.2268,FALLING
2026-09-25,GDX,6.0,0.37,0.113,COMPRESSION,38,595.0,0.97,0.296,COMPRESSION,97,257.0,36,83,BULL_BOUNCE_PENDING,LONG,71.1,CONVICTION,FAVORABLE,3.2733,FALLING
2026-09-25,GFI,6.0,1.93,1.22,CONVICTION,193,537.0,3.48,2.2,CONVICTION,348,37.0,73,63,BULL_BOUNCE_PENDING,LONG,83.5,CONVICTION,FAVORABLE,1.582,FALLING
2026-09-25,IQV,6.0,0.0275,0.004,MINOR,3,13.0,1.77,0.253,CONVICTION,177,336.0,2,57,BULL_BOUNCE_PENDING,LONG,51.0,MARGINAL,FAVORABLE,6.9886,FALLING
2026-09-25,HMY,6.0,0.37,0.463,COMPRESSION,37,473.0,0.18,0.225,COMPRESSION,18,152.0,48,57,BULL_BOUNCE_PENDING,LONG,55.5,MARGINAL,FAVORABLE,0.7986,FALLING
2026-09-25,KMX,6.0,0.12,0.054,COMPRESSION,13,1054.0,0.89,0.404,COMPRESSION,90,351.0,58,28,BULL_BOUNCE_PENDING,LONG,69.9,CONVICTION,FAVORABLE,2.2049,FALLING
2026-09-25,LB,6.0,0.34,0.107,COMPRESSION,34,379.0,0.06,0.019,COMPRESSION,6,758.0,43,22,BULL_BOUNCE,LONG,79.0,CONVICTION,FAVORABLE,3.1637,RISING
2026-09-25,NDSN,6.0,2.07,0.368,CONVICTION,207,170.0,1.61,0.286,CONVICTION,162,312.0,17,91,BEAR_REJECTION_PENDING,SHORT,59.4,MARGINAL,FAVORABLE,5.6298,NEUTRAL
2026-09-25,OSK,6.0,0.86,0.179,COMPRESSION,87,343.0,0.44,0.092,COMPRESSION,44,220.0,67,20,BULL_BOUNCE_PENDING,LONG,77.3,CONVICTION,FAVORABLE,4.7953,FALLING
2026-09-25,NTR,6.0,0.5,0.221,COMPRESSION,50,538.0,0.17,0.075,COMPRESSION,18,588.0,79,55,BULL_BOUNCE_PENDING,LONG,67.0,CONVICTION,FAVORABLE,2.2675,FALLING
2026-09-25,PAAS,6.0,1.13,0.546,CONVICTION,114,588.0,2.29,1.107,CONVICTION,229,168.0,50,59,BULL_BOUNCE_PENDING,LONG,51.0,MARGINAL,FAVORABLE,2.069,RISING
2026-09-25,PGEN,6.0,0.06,0.159,MINOR,6,127.0,0.07,0.186,MINOR,7,1376.0,1,41,BULL_BOUNCE_PENDING,LONG,62.6,CONVICTION,FAVORABLE,0.3763,NEUTRAL
2026-09-25,PSNL,6.0,0.3,0.647,MINOR,31,448.0,0.1,0.216,COMPRESSION,10,501.0,15,23,BULL_BOUNCE_CONFIRMED,LONG,85.4,CONVICTION,FAVORABLE,0.4636,RISING
2026-09-25,Q,6.0,2.14,0.432,CONVICTION,215,414.0,0.28,0.056,COMPRESSION,29,297.0,47,60,BULL_BOUNCE_PENDING,LONG,71.0,CONVICTION,FAVORABLE,4.9584,RISING
2026-09-25,RGEN,6.0,0.05,0.008,MINOR,6,30.0,0.27,0.044,COMPRESSION,28,1174.0,4,76,BULL_BOUNCE_PENDING,LONG,62.8,CONVICTION,FAVORABLE,6.1474,NEUTRAL
2026-09-25,RING,6.0,0.38,0.13,COMPRESSION,38,728.0,0.82,0.28,COMPRESSION,83,212.0,68,76,BEAR_REJECTION_PENDING,SHORT,55.7,MARGINAL,FAVORABLE,2.9287,FALLING
2026-09-25,RIO,6.0,2.59,1.155,CONVICTION,259,287.0,3.36,1.499,CONVICTION,336,491.0,97,38,BULL_BOUNCE_PENDING,LONG,54.0,MARGINAL,FAVORABLE,2.2421,FALLING
2026-09-25,RVTY,6.0,,,,,,1.08,0.209,CONVICTION,109,557.0,0,77,BULL_BOUNCE_PENDING,LONG,72.3,CONVICTION,FAVORABLE,5.16,RISING
2026-09-25,SBSW,6.0,0.76,1.374,COMPRESSION,76,1092.0,0.1,0.181,COMPRESSION,11,66.0,34,53,BULL_BOUNCE_PENDING,LONG,55.5,MARGINAL,FAVORABLE,0.5533,FALLING
2026-09-25,SCCO,6.0,2.491,0.307,VACUUM,250,17.0,2.4,0.296,CONVICTION,241,173.0,48,89,BULL_BOUNCE_PENDING,LONG,70.9,CONVICTION,FAVORABLE,8.1048,RISING
2026-09-25,SQM,6.0,0.42,0.159,COMPRESSION,43,1324.0,2.78,1.053,CONVICTION,279,1459.0,101,10,BULL_BOUNCE_PENDING,LONG,74.7,CONVICTION,FAVORABLE,2.6401,FALLING
2026-09-25,PSN,6.0,0.28,0.181,COMPRESSION,29,1145.0,0.1632,0.105,MINOR,17,251.0,75,4,BULL_BOUNCE_PENDING,LONG,68.6,CONVICTION,FAVORABLE,1.5474,FALLING
2026-09-25,VALE,6.0,0.46,1.153,COMPRESSION,47,868.0,0.18,0.451,COMPRESSION,18,110.0,92,15,BULL_BOUNCE,LONG,67.9,CONVICTION,FAVORABLE,0.3989,FALLING
2026-09-25,GXO,6.0,0.23,0.158,COMPRESSION,23,147.0,0.51,0.349,COMPRESSION,51,198.0,57,20,BULL_BOUNCE_PENDING,LONG,61.2,CONVICTION,FAVORABLE,1.4602,FALLING
2026-09-25,AIAI,6.0,0.01,0.021,MINOR,1,631.0,0.015,0.031,MINOR,2,255.0,10,32,BULL_BOUNCE_PENDING,LONG,56.0,MARGINAL,FAVORABLE,0.4857,NEUTRAL
2026-09-25,ALGT,6.0,1.06,0.316,CONVICTION,107,956.0,0.42,0.125,COMPRESSION,43,5.0,24,28,BULL_BOUNCE,LONG,74.0,CONVICTION,FAVORABLE,3.3578,RISING
2026-09-25,ALNY,6.0,1.0,0.106,CONVICTION,100,337.0,2.54,0.269,VACUUM,255,109.0,13,24,BULL_BOUNCE_PENDING,LONG,73.8,CONVICTION,FAVORABLE,9.4418,FALLING
2026-09-25,AMTM,6.0,0.07,0.12,COMPRESSION,8,124.0,0.0117,0.02,MINOR,2,41.0,49,1,BEAR_REJECTION_PENDING,SHORT,47.4,MARGINAL,FAVORABLE,0.5842,FALLING
2026-09-25,AXGN,6.0,1.09,0.461,CONVICTION,110,823.0,0.35,0.148,MINOR,35,209.0,34,17,BULL_BOUNCE_PENDING,LONG,78.2,CONVICTION,FAVORABLE,2.3643,NEUTRAL
2026-09-25,BGC,6.0,0.09,0.271,COMPRESSION,9,25.0,0.245,0.737,COMPRESSION,25,844.0,11,32,BULL_BOUNCE_PENDING,LONG,65.0,CONVICTION,FAVORABLE,0.3325,RISING
2026-09-25,BEAM,6.0,2.06,1.321,CONVICTION,206,808.0,0.01,0.006,MINOR,1,1018.0,26,28,BULL_BOUNCE_PENDING,LONG,56.0,MARGINAL,FAVORABLE,1.56,RISING
2026-09-25,BNTX,6.0,9.06,2.743,CONVICTION,907,317.0,2.39,0.724,CONVICTION,240,1302.0,33,52,BEAR_REJECTION_PENDING,SHORT,78.5,CONVICTION,FAVORABLE,3.3025,NEUTRAL
2026-09-25,CX,6.0,0.18,0.64,COMPRESSION,18,427.0,0.02,0.071,COMPRESSION,2,972.0,55,10,BULL_BOUNCE,LONG,58.0,MARGINAL,FAVORABLE,0.2814,FALLING
2026-09-25,DE,6.0,0.45,0.029,MINOR,46,116.0,2.13,0.14,CONVICTION,213,113.0,12,68,BULL_BOUNCE,LONG,80.5,CONVICTION,FAVORABLE,15.2641,RISING
2026-09-25,DXCM,6.0,0.82,0.344,COMPRESSION,82,207.0,0.055,0.023,COMPRESSION,6,51.0,18,43,BULL_BOUNCE,LONG,71.0,CONVICTION,FAVORABLE,2.3836,RISING
2026-09-25,DJT,6.0,0.23,0.61,MINOR,24,1486.0,0.21,0.557,COMPRESSION,22,98.0,12,51,BULL_BOUNCE_PENDING,LONG,56.0,MARGINAL,FAVORABLE,0.3772,RISING
2026-09-25,EZPW,6.0,0.48,0.445,COMPRESSION,49,561.0,0.38,0.352,COMPRESSION,38,380.0,56,28,BULL_BOUNCE_PENDING,LONG,40.5,MARGINAL,FAVORABLE,1.0797,FALLING
2026-09-25,FCFS,6.0,1.42,0.226,VACUUM,143,860.0,1.96,0.313,VACUUM,197,394.0,52,24,BEAR_REJECTION_PENDING,SHORT,49.3,MARGINAL,FAVORABLE,6.2711,RISING
2026-09-25,IBKR,6.0,0.83,0.316,COMPRESSION,83,31.0,1.19,0.453,CONVICTION,119,38.0,49,56,BULL_BOUNCE_PENDING,LONG,65.0,CONVICTION,FAVORABLE,2.627,RISING
2026-09-25,FUTU,6.0,1.45,0.472,CONVICTION,146,920.0,2.51,0.817,CONVICTION,252,753.0,84,60,BEAR_REJECTION_PENDING,SHORT,66.2,CONVICTION,FAVORABLE,3.072,RISING
2026-09-25,GOF,6.0,0.02,0.121,COMPRESSION,3,221.0,0.001,0.006,MINOR,1,10.0,138,1,BEAR_REJECTION_PENDING,SHORT,56.4,MARGINAL,FAVORABLE,0.1655,RISING
2026-09-25,LMND,6.0,0.75,0.34,COMPRESSION,75,699.0,3.88,1.759,CONVICTION,389,899.0,56,28,BEAR_REJECTION_PENDING,SHORT,64.8,CONVICTION,FAVORABLE,2.2055,FALLING
2026-09-25,LULU,6.0,0.01,0.002,MINOR,2,109.0,0.27,0.053,MINOR,27,11.0,6,23,BULL_BOUNCE_PENDING,LONG,47.0,MARGINAL,FAVORABLE,5.0867,RISING
2026-09-25,OSIS,6.0,11.36,1.865,CONVICTION,1137,270.0,1.49,0.245,VACUUM,149,104.0,46,8,BULL_BOUNCE_PENDING,LONG,72.7,CONVICTION,FAVORABLE,6.09,RISING
2026-09-25,PAY,6.0,0.03,0.018,COMPRESSION,3,651.0,0.24,0.146,COMPRESSION,24,319.0,29,34,BULL_BOUNCE_PENDING,LONG,83.7,CONVICTION,FAVORABLE,1.6445,FALLING
2026-09-25,NVAX,6.0,0.01,0.017,MINOR,1,792.0,0.27,0.458,COMPRESSION,28,208.0,8,56,BULL_BOUNCE,LONG,76.8,CONVICTION,FAVORABLE,0.589,RISING
2026-09-25,SDOT,6.0,0.22,0.258,MINOR,23,770.0,0.01,0.012,MINOR,1,53.0,35,1,BEAR_REJECTION_PENDING,SHORT,44.0,MARGINAL,FAVORABLE,0.8533,NEUTRAL
2026-09-25,TFX,6.0,1.29,0.347,CONVICTION,129,1380.0,2.11,0.567,CONVICTION,211,206.0,98,12,BULL_BOUNCE_PENDING,LONG,66.2,CONVICTION,FAVORABLE,3.7189,FALLING
2026-09-25,ROBN,6.0,1.8,0.487,VACUUM,181,140.0,0.4,0.108,COMPRESSION,40,182.0,20,50,BULL_BOUNCE_CONFIRMED,LONG,69.1,CONVICTION,FAVORABLE,3.6961,RISING
2026-09-25,TMC,6.0,0.11,0.459,COMPRESSION,12,1432.0,0.09,0.376,COMPRESSION,9,272.0,27,44,BULL_BOUNCE_PENDING,LONG,48.0,MARGINAL,FAVORABLE,0.2396,RISING
2026-09-25,UCTT,6.0,4.365,1.043,CONVICTION,437,536.0,2.19,0.523,CONVICTION,219,660.0,3,71,BEAR_REJECTION_PENDING,SHORT,68.2,CONVICTION,FAVORABLE,4.1853,RISING
2026-09-25,UEC,6.0,0.35,0.612,COMPRESSION,35,455.0,0.01,0.017,MINOR,1,197.0,48,23,BULL_BOUNCE_PENDING,LONG,51.0,MARGINAL,FAVORABLE,0.5721,FALLING
2026-09-25,URA,6.0,0.34,0.217,COMPRESSION,35,41.0,0.24,0.153,COMPRESSION,24,1155.0,95,25,BULL_BOUNCE_PENDING,LONG,51.0,MARGINAL,FAVORABLE,1.5649,FALLING
2026-09-25,URNM,6.0,0.24,0.134,COMPRESSION,24,172.0,0.92,0.515,COMPRESSION,93,1357.0,100,10,BULL_BOUNCE_PENDING,LONG,51.0,MARGINAL,FAVORABLE,1.7864,FALLING
2026-09-25,ZTS,6.0,1.01,0.597,CONVICTION,102,634.0,0.0793,0.047,MINOR,8,2.0,69,10,BEAR_REJECTION_PENDING,SHORT,52.0,MARGINAL,FAVORABLE,1.693,FALLING
2026-09-25,POOL,6.0,1.53,0.295,CONVICTION,154,1359.0,0.23,0.044,MINOR,23,5.0,82,5,BEAR_REJECTION_PENDING,SHORT,50.9,MARGINAL,FAVORABLE,5.1889,NEUTRAL
2026-09-25,RH,6.0,0.67,0.095,COMPRESSION,68,236.0,0.0179,0.003,MINOR,2,814.0,64,1,BULL_BOUNCE_PENDING,LONG,49.0,MARGINAL,FAVORABLE,7.0187,RISING
2026-09-25,VPG,6.0,2.15,0.647,CONVICTION,216,497.0,1.945,0.585,CONVICTION,195,692.0,33,79,SHORT_UPPER_DIRTY,SHORT,57.0,MARGINAL,FAVORABLE,3.3228,RISING
2026-09-25,LGCL,6.0,0.09,0.242,COMPRESSION,10,190.0,0.0588,0.158,MINOR,6,9.0,21,23,BUY_LOWER_DIRTY,LONG,52.9,MARGINAL,FAVORABLE,0.3725,RISING
2026-09-25,LII,6.0,0.77,0.074,COMPRESSION,77,1454.0,3.14,0.3,CONVICTION,314,147.0,39,15,BULL_BOUNCE,LONG,72.6,CONVICTION,FAVORABLE,10.4652,RISING
2026-09-25,MDA,6.0,0.12,0.089,COMPRESSION,12,323.0,0.94,0.694,COMPRESSION,95,93.0,56,64,BULL_BOUNCE,LONG,72.7,CONVICTION,FAVORABLE,1.3536,RISING
2026-09-25,BTCT,6.0,0.06,0.283,MINOR,7,161.0,0.005,0.024,MINOR,1,282.0,11,12,BULL_BOUNCE_PENDING,LONG,50.0,MARGINAL,FAVORABLE,0.2118,NEUTRAL
2026-09-25,XPON,6.0,0.2913,0.6,MINOR,30,1088.0,0.01,0.021,COMPRESSION,2,1320.0,21,6,BULL_BOUNCE_PENDING,LONG,52.0,MARGINAL,FAVORABLE,0.4854,NEUTRAL
2026-09-25,AEO,6.0,0.11,0.147,COMPRESSION,11,667.0,0.14,0.188,COMPRESSION,14,524.0,8,54,BULL_BOUNCE_PENDING,LONG,48.0,MARGINAL,FAVORABLE,0.7466,RISING
2026-09-25,XRPT,6.0,0.3289,0.076,MINOR,33,1026.0,3.47,0.804,CONVICTION,347,559.0,33,68,BULL_BOUNCE_PENDING,LONG,59.0,MARGINAL,FAVORABLE,4.3175,RISING
2026-09-25,XXRP,6.0,1.2,0.297,VACUUM,121,818.0,3.2,0.793,CONVICTION,321,542.0,18,64,SHORT_UPPER_DIRTY,SHORT,58.6,MARGINAL,FAVORABLE,4.0352,RISING
2026-09-25,UXRP,6.0,1.0605,0.546,VACUUM,107,359.0,1.59,0.819,CONVICTION,160,554.0,32,69,BULL_BOUNCE_PENDING,LONG,53.0,MARGINAL,FAVORABLE,1.9407,RISING
2026-09-25,CART,6.0,2.22,1.185,CONVICTION,222,983.0,0.07,0.037,COMPRESSION,8,1225.0,17,10,BEAR_REJECTION_PENDING,SHORT,54.0,MARGINAL,FAVORABLE,1.8742,FALLING
2026-09-25,CNK,6.0,0.23,0.213,COMPRESSION,23,253.0,0.13,0.12,COMPRESSION,14,309.0,17,54,BULL_BOUNCE_PENDING,LONG,65.1,CONVICTION,FAVORABLE,1.0801,RISING
2026-09-25,BEX,6.0,1.845,0.386,CONVICTION,185,936.0,0.17,0.036,COMPRESSION,18,463.0,19,40,BULL_BOUNCE_PENDING,LONG,73.3,CONVICTION,FAVORABLE,4.7745,RISING
2026-09-25,DASH,6.0,1.58,0.212,CONVICTION,158,744.0,4.59,0.616,CONVICTION,460,483.0,41,20,BULL_BOUNCE_PENDING,LONG,100.0,CONVICTION,FAVORABLE,7.4481,FALLING
2026-09-25,ETSY,6.0,0.43,0.131,COMPRESSION,44,1026.0,0.35,0.106,COMPRESSION,35,909.0,57,14,BULL_BOUNCE_CONFIRMED,LONG,77.3,CONVICTION,FAVORABLE,3.2864,RISING
2026-09-25,DLTR,6.0,0.495,0.12,COMPRESSION,50,389.0,15.14,3.677,CONVICTION,1514,200.0,68,10,BULL_BOUNCE_PENDING,LONG,84.0,CONVICTION,FAVORABLE,4.1171,FALLING
2026-09-25,GGAL,6.0,0.38,0.27,COMPRESSION,39,977.0,0.26,0.185,COMPRESSION,26,1139.0,56,3,BULL_BOUNCE_PENDING,LONG,58.2,MARGINAL,FAVORABLE,1.4054,FALLING
2026-09-25,FLO,6.0,0.04,0.188,COMPRESSION,5,68.0,0.005,0.023,MINOR,1,128.0,32,3,BEAR_REJECTION_PENDING,SHORT,63.8,CONVICTION,FAVORABLE,0.2128,FALLING
2026-09-25,OR,6.0,0.33,0.26,COMPRESSION,33,3.0,0.17,0.134,COMPRESSION,18,616.0,27,47,BULL_BOUNCE_PENDING,LONG,62.5,CONVICTION,FAVORABLE,1.2704,FALLING
2026-09-25,RLAY,6.0,0.225,0.257,COMPRESSION,23,1189.0,0.26,0.297,COMPRESSION,26,948.0,49,25,BULL_BOUNCE_PENDING,LONG,54.0,MARGINAL,FAVORABLE,0.8766,FALLING
2026-09-25,SGHC,6.0,0.18,0.402,COMPRESSION,18,434.0,0.81,1.808,COMPRESSION,82,1160.0,33,9,BULL_BOUNCE_PENDING,LONG,64.9,CONVICTION,FAVORABLE,0.4479,FALLING
2026-09-25,NVDQ,6.0,0.08,0.191,COMPRESSION,9,302.0,0.0097,0.023,MINOR,1,119.0,114,11,BULL_BOUNCE_PENDING,LONG,54.8,MARGINAL,FAVORABLE,0.4181,FALLING
2026-09-25,TNGX,6.0,0.09,0.058,MINOR,9,369.0,0.44,0.283,MINOR,45,808.0,18,35,BULL_BOUNCE_PENDING,LONG,61.3,CONVICTION,FAVORABLE,1.5525,NEUTRAL
2026-09-25,VERA,6.0,0.025,0.011,MINOR,3,172.0,0.18,0.079,COMPRESSION,18,1408.0,13,39,BULL_BOUNCE_PENDING,LONG,56.0,MARGINAL,FAVORABLE,2.2884,FALLING
2026-09-25,VRSN,6.0,0.231,0.029,MINOR,24,384.0,1.01,0.128,CONVICTION,101,69.0,63,45,BULL_BOUNCE_PENDING,LONG,87.8,CONVICTION,FAVORABLE,7.9109,RISING
2026-09-25,YOU,6.0,0.05,0.033,COMPRESSION,5,144.0,0.22,0.146,COMPRESSION,22,804.0,37,5,BULL_BOUNCE_PENDING,LONG,67.3,CONVICTION,FAVORABLE,1.5071,FALLING
2026-09-25,ZURA,6.0,0.01,0.027,COMPRESSION,1,261.0,0.02,0.055,COMPRESSION,3,998.0,37,28,BULL_BOUNCE_PENDING,LONG,86.4,CONVICTION,FAVORABLE,0.3655,FALLING
2026-09-25,ESAB,6.0,2.25,0.857,CONVICTION,225,81.0,0.37,0.141,MINOR,38,380.0,26,26,BEAR_REJECTION_PENDING,SHORT,83.0,CONVICTION,FAVORABLE,2.6261,RISING
2026-09-25,OLN,6.0,0.18,0.303,MINOR,18,226.0,0.0077,0.013,MINOR,1,116.0,43,4,BULL_BOUNCE,LONG,51.0,MARGINAL,FAVORABLE,0.5947,FALLING
2026-09-25,MAIR,6.0,0.25,0.231,COMPRESSION,25,736.0,0.0079,0.007,COMPRESSION,1,188.0,58,7,BEAR_REJECTION_PENDING,SHORT,44.0,MARGINAL,FAVORABLE,1.0841,RISING
2026-09-25,PSNYW,6.0,0.0401,0.098,MINOR,5,167.0,0.99,2.417,COMPRESSION,99,1119.0,22,15,BULL_BOUNCE_PENDING,LONG,50.0,MARGINAL,FAVORABLE,0.4096,NEUTRAL
2026-09-25,SWVL,6.0,0.035,0.032,MINOR,4,654.0,0.275,0.253,MINOR,28,496.0,9,10,BULL_BOUNCE_PENDING,LONG,71.8,CONVICTION,FAVORABLE,1.087,NEUTRAL
2026-09-25,DAIC,6.0,0.135,0.152,MINOR,14,42.0,0.05,0.056,MINOR,5,49.0,26,4,BULL_BOUNCE_PENDING,LONG,54.0,MARGINAL,FAVORABLE,0.8893,RISING
2026-09-25,ACHC,6.0,0.04,0.031,MINOR,4,565.0,0.17,0.13,COMPRESSION,17,993.0,41,15,BULL_BOUNCE_PENDING,LONG,73.7,CONVICTION,FAVORABLE,1.3052,NEUTRAL
2026-09-25,BBD,6.0,0.04,0.362,COMPRESSION,5,88.0,0.07,0.634,COMPRESSION,7,206.0,42,18,BEAR_REJECTION_PENDING,SHORT,62.6,CONVICTION,FAVORABLE,0.1104,FALLING
2026-09-25,EXEL,6.0,0.13,0.078,MINOR,14,21.0,0.34,0.205,COMPRESSION,35,799.0,11,37,BULL_BOUNCE_PENDING,LONG,75.0,CONVICTION,FAVORABLE,1.6624,FALLING
2026-09-25,BNS,6.0,0.56,0.385,MINOR,57,137.0,0.88,0.605,COMPRESSION,89,799.0,12,54,BEAR_REJECTION_PENDING,SHORT,57.0,MARGINAL,FAVORABLE,1.4553,FALLING
2026-09-25,EYE,6.0,0.23,0.287,COMPRESSION,24,1237.0,1.62,2.019,CONVICTION,162,890.0,26,8,BULL_BOUNCE_PENDING,LONG,53.5,MARGINAL,FAVORABLE,0.8025,RISING
2026-09-25,CDNS,6.0,5.03,0.486,CONVICTION,504,271.0,2.68,0.259,CONVICTION,269,522.0,34,125,BULL_BOUNCE_PENDING,LONG,69.8,CONVICTION,FAVORABLE,10.3423,RISING
2026-09-25,GENB,6.0,0.08,0.085,COMPRESSION,8,281.0,0.3,0.318,COMPRESSION,31,838.0,36,23,BULL_BOUNCE_PENDING,LONG,66.0,CONVICTION,FAVORABLE,0.9432,RISING
2026-09-25,GDXJ,6.0,0.34,0.072,COMPRESSION,35,632.0,6.5,1.37,CONVICTION,650,402.0,50,31,BULL_BOUNCE_PENDING,LONG,51.0,MARGINAL,FAVORABLE,4.7454,RISING
2026-09-25,IMMX,6.0,0.05,0.062,COMPRESSION,6,137.0,0.01,0.012,COMPRESSION,1,1341.0,22,22,BULL_BOUNCE_PENDING,LONG,66.0,CONVICTION,FAVORABLE,0.8093,FALLING
2026-09-25,INBX,6.0,3.95,0.456,CONVICTION,396,1452.0,0.23,0.027,MINOR,23,940.0,47,15,BULL_BOUNCE_PENDING,LONG,53.5,MARGINAL,FAVORABLE,8.6692,RISING
2026-09-25,KRYS,6.0,6.98,0.608,CONVICTION,699,183.0,6.79,0.592,VACUUM,680,155.0,21,58,BEAR_REJECTION_PENDING,SHORT,82.7,CONVICTION,FAVORABLE,11.4762,FALLING
2026-09-25,LOPE,6.0,0.7,0.173,COMPRESSION,71,925.0,0.815,0.202,COMPRESSION,82,1141.0,39,14,BULL_BOUNCE,LONG,55.0,MARGINAL,FAVORABLE,4.0395,FALLING
2026-09-25,MCK,6.0,10.23,0.47,CONVICTION,1024,481.0,1.98,0.091,CONVICTION,199,91.0,72,51,BULL_BOUNCE_PENDING,LONG,76.9,CONVICTION,FAVORABLE,21.7548,FALLING
2026-09-25,NLR,6.0,3.11,0.839,CONVICTION,311,326.0,1.44,0.389,CONVICTION,144,519.0,73,11,BULL_BOUNCE_PENDING,LONG,65.1,CONVICTION,FAVORABLE,3.7061,FALLING
2026-09-25,QGEN,6.0,0.94,0.815,COMPRESSION,94,1013.0,1.15,0.997,CONVICTION,115,98.0,14,62,BULL_BOUNCE_PENDING,LONG,78.7,CONVICTION,FAVORABLE,1.1529,RISING
2026-09-25,QFIN,6.0,0.02,0.068,COMPRESSION,3,1118.0,0.03,0.102,MINOR,3,118.0,64,8,BEAR_REJECTION_PENDING,SHORT,50.0,MARGINAL,FAVORABLE,0.2945,FALLING
2026-09-25,REAX,6.0,0.01,0.006,COMPRESSION,2,568.0,0.015,0.01,COMPRESSION,2,420.0,29,19,BEAR_REJECTION_PENDING,SHORT,50.0,MARGINAL,FAVORABLE,1.5683,FALLING
2026-09-25,SE,6.0,1.7,0.466,CONVICTION,170,371.0,0.72,0.197,COMPRESSION,72,868.0,86,16,BULL_BOUNCE_PENDING,LONG,97.1,CONVICTION,FAVORABLE,3.6471,RISING
2026-09-25,SIL,6.0,0.84,0.227,COMPRESSION,85,40.0,4.96,1.339,CONVICTION,496,308.0,61,46,BULL_BOUNCE_PENDING,LONG,58.7,MARGINAL,FAVORABLE,3.7036,FALLING
2026-09-25,SILJ,6.0,0.08,0.064,COMPRESSION,8,763.0,1.66,1.318,CONVICTION,166,75.0,38,71,BEAR_REJECTION_PENDING,SHORT,79.5,CONVICTION,FAVORABLE,1.2595,FALLING
2026-09-25,SNPS,6.0,176.57,11.996,CONVICTION,17657,80.0,4.79,0.325,CONVICTION,479,419.0,38,87,BEAR_REJECTION_PENDING,SHORT,73.0,CONVICTION,FAVORABLE,14.7187,RISING
2026-09-25,VCYT,6.0,6.59,2.785,CONVICTION,659,39.0,0.24,0.101,COMPRESSION,24,1404.0,15,44,BULL_BOUNCE_PENDING,LONG,75.1,CONVICTION,FAVORABLE,2.3662,RISING
2026-09-25,UNG,6.0,0.29,0.873,COMPRESSION,29,358.0,0.11,0.331,COMPRESSION,11,805.0,53,49,BULL_BOUNCE_PENDING,LONG,81.9,CONVICTION,FAVORABLE,0.3322,RISING
2026-09-25,VNET,6.0,0.75,2.161,COMPRESSION,75,130.0,0.38,1.095,COMPRESSION,39,14.0,17,33,BUY_LOWER_DIRTY,LONG,55.1,MARGINAL,FAVORABLE,0.3471,RISING
2026-09-25,XME,6.0,2.41,0.766,CONVICTION,241,322.0,2.19,0.696,CONVICTION,219,227.0,78,34,BULL_BOUNCE_PENDING,LONG,82.7,CONVICTION,FAVORABLE,3.145,FALLING
2026-09-25,RITR,6.0,,,,,,,,,,,0,0,,,,NONE,FAVORABLE,0.0129,NEUTRAL
2026-09-25,TRUG,6.0,0.0095,0.063,COMPRESSION,1,530.0,0.0096,0.064,MINOR,1,25.0,20,11,BULL_BOUNCE_PENDING,LONG,55.0,MARGINAL,FAVORABLE,0.1505,RISING
2026-09-25,BRNX,6.0,0.11,0.277,COMPRESSION,11,83.0,0.05,0.126,MINOR,5,83.0,12,17,BEAR_REJECTION_PENDING,SHORT,63.7,CONVICTION,FAVORABLE,0.3971,FALLING
2026-09-25,XPEV,6.0,0.21,0.665,COMPRESSION,21,236.0,0.01,0.032,MINOR,1,10.0,73,1,BEAR_REJECTION_PENDING,SHORT,54.9,MARGINAL,FAVORABLE,0.3157,RISING
2026-09-25,AROC,6.0,0.06,0.058,COMPRESSION,6,267.0,0.26,0.253,COMPRESSION,26,838.0,32,32,CHANNEL_RECLAIM_LONG,LONG,61.0,CONVICTION,FAVORABLE,1.0257,RISING
2026-09-25,AAON,6.0,1.06,0.296,CONVICTION,107,232.0,0.54,0.151,COMPRESSION,54,884.0,15,53,SHORT_UPPER_DIRTY,SHORT,57.9,MARGINAL,FAVORABLE,3.5832,RISING
2026-09-25,BBWI,6.0,0.28,0.324,COMPRESSION,29,861.0,0.295,0.341,COMPRESSION,30,585.0,48,3,BULL_BOUNCE_PENDING,LONG,66.7,CONVICTION,FAVORABLE,0.8654,RISING
2026-09-25,BHVN,6.0,0.55,0.505,COMPRESSION,56,1338.0,0.22,0.202,COMPRESSION,23,1255.0,30,19,BULL_BOUNCE_PENDING,LONG,61.2,CONVICTION,FAVORABLE,1.0886,FALLING
2026-09-25,DTM,6.0,2.58,0.884,VACUUM,259,455.0,1.01,0.346,CONVICTION,101,115.0,25,10,BULL_BOUNCE_PENDING,LONG,69.5,CONVICTION,FAVORABLE,2.9198,FALLING
2026-09-25,DVA,6.0,0.04,0.007,COMPRESSION,4,483.0,12.24,2.14,CONVICTION,1225,309.0,72,9,BULL_BOUNCE_PENDING,LONG,88.4,CONVICTION,FAVORABLE,5.719,RISING
2026-09-25,IOT,6.0,0.87,0.367,COMPRESSION,87,379.0,0.31,0.131,COMPRESSION,31,926.0,16,29,BULL_BOUNCE_PENDING,LONG,56.6,MARGINAL,FAVORABLE,2.3704,FALLING
2026-09-25,FFIV,6.0,1.79,0.128,CONVICTION,180,110.0,0.97,0.07,COMPRESSION,98,318.0,37,86,BULL_BOUNCE_PENDING,LONG,63.3,CONVICTION,FAVORABLE,13.9416,NEUTRAL
2026-09-25,GEV,6.0,10.46,0.292,CONVICTION,1047,111.0,14.67,0.41,CONVICTION,1467,117.0,18,71,BEAR_REJECTION_PENDING,SHORT,70.2,CONVICTION,FAVORABLE,35.7833,RISING
2026-09-25,IPGP,6.0,1.6,0.552,CONVICTION,160,965.0,0.6,0.207,COMPRESSION,61,1072.0,37,43,BULL_BOUNCE_PENDING,LONG,52.0,MARGINAL,FAVORABLE,2.8982,RISING
2026-09-25,KMI,6.0,0.06,0.084,COMPRESSION,6,793.0,0.18,0.251,COMPRESSION,18,969.0,25,30,BULL_BOUNCE_PENDING,LONG,46.0,MARGINAL,FAVORABLE,0.7166,RISING
2026-09-25,LECO,6.0,4.37,0.582,CONVICTION,438,28.0,2.21,0.294,CONVICTION,222,262.0,48,56,BULL_BOUNCE_PENDING,LONG,75.2,CONVICTION,FAVORABLE,7.5117,RISING
2026-09-25,MLI,6.0,0.2,0.141,MINOR,21,944.0,0.455,0.321,COMPRESSION,46,1347.0,46,20,BULL_BOUNCE_PENDING,LONG,73.6,CONVICTION,FAVORABLE,1.4161,FALLING
2026-09-25,LNG,6.0,6.0,0.76,CONVICTION,600,211.0,1.07,0.136,CONVICTION,108,1171.0,38,45,BULL_BOUNCE_PENDING,LONG,61.8,CONVICTION,FAVORABLE,7.8962,FALLING
2026-09-25,MSFU,6.0,0.48,0.317,COMPRESSION,49,35.0,1.66,1.096,CONVICTION,167,565.0,28,21,BULL_BOUNCE_PENDING,LONG,99.6,CONVICTION,FAVORABLE,1.5152,NEUTRAL
2026-09-25,MYRG,6.0,3.27,0.319,CONVICTION,327,421.0,1.99,0.194,CONVICTION,200,421.0,30,33,BULL_BOUNCE,LONG,63.0,CONVICTION,FAVORABLE,10.2416,RISING
2026-09-25,OKE,6.0,0.88,0.357,COMPRESSION,88,154.0,0.45,0.182,MINOR,45,423.0,37,17,BULL_BOUNCE_PENDING,LONG,59.7,MARGINAL,FAVORABLE,2.468,RISING
2026-09-25,NTAP,6.0,0.075,0.009,MINOR,8,111.0,0.5,0.063,COMPRESSION,50,345.0,16,21,BULL_BOUNCE_PENDING,LONG,80.2,CONVICTION,FAVORABLE,7.9185,RISING
2026-09-25,PAA,6.0,0.14,0.277,COMPRESSION,14,135.0,0.16,0.317,COMPRESSION,17,1024.0,34,36,BULL_BOUNCE_PENDING,LONG,66.5,CONVICTION,FAVORABLE,0.5046,FALLING
2026-09-25,PVH,6.0,1.24,0.497,CONVICTION,124,718.0,0.71,0.284,COMPRESSION,72,228.0,33,65,BULL_BOUNCE,LONG,71.0,CONVICTION,FAVORABLE,2.4971,RISING
2026-09-25,PAGP,6.0,0.12,0.247,COMPRESSION,13,219.0,0.01,0.021,COMPRESSION,2,412.0,18,53,BEAR_REJECTION_PENDING,SHORT,53.9,MARGINAL,FAVORABLE,0.4868,FALLING
2026-09-25,RBC,6.0,3.53,0.274,CONVICTION,353,261.0,7.14,0.554,CONVICTION,715,186.0,41,69,BUY_LOWER_DIRTY,LONG,40.9,MARGINAL,FAVORABLE,12.8989,RISING
2026-09-25,SHLS,6.0,0.16,0.327,COMPRESSION,17,203.0,0.3,0.612,COMPRESSION,31,730.0,51,27,BULL_BOUNCE_PENDING,LONG,58.0,MARGINAL,FAVORABLE,0.49,RISING
2026-09-25,TRGP,6.0,3.43,0.472,CONVICTION,344,168.0,1.06,0.146,CONVICTION,107,252.0,30,30,BULL_BOUNCE_PENDING,LONG,79.9,CONVICTION,FAVORABLE,7.2671,RISING
2026-09-25,URBN,6.0,1.15,0.47,CONVICTION,115,354.0,1.34,0.547,VACUUM,135,75.0,30,36,BULL_BOUNCE_PENDING,LONG,69.8,CONVICTION,FAVORABLE,2.4489,FALLING
2026-09-25,VCTR,6.0,1.35,0.364,CONVICTION,136,592.0,0.32,0.086,COMPRESSION,32,636.0,33,54,BULL_BOUNCE_PENDING,LONG,54.0,MARGINAL,FAVORABLE,3.7119,RISING
2026-09-25,TTMI,6.0,5.37,0.709,CONVICTION,538,428.0,4.08,0.539,CONVICTION,408,561.0,13,58,BULL_BOUNCE_CONFIRMED,LONG,78.0,CONVICTION,FAVORABLE,7.5759,RISING
2026-09-25,WERN,6.0,0.3,0.215,COMPRESSION,31,1026.0,0.2,0.143,COMPRESSION,20,1413.0,81,18,BEAR_REJECTION_PENDING,SHORT,53.1,MARGINAL,FAVORABLE,1.3945,FALLING
2026-09-25,TECL,6.0,12.09,1.187,CONVICTION,1210,812.0,7.605,0.747,CONVICTION,761,641.0,4,128,BULL_BOUNCE_CONFIRMED,LONG,84.0,CONVICTION,FAVORABLE,10.1865,RISING
2026-09-25,WMB,6.0,0.5,0.278,COMPRESSION,50,140.0,0.24,0.133,COMPRESSION,24,482.0,50,14,BULL_BOUNCE_PENDING,LONG,54.2,MARGINAL,FAVORABLE,1.8004,RISING
2026-09-25,WSM,6.0,3.03,0.468,CONVICTION,304,149.0,1.76,0.272,CONVICTION,176,112.0,40,52,BULL_BOUNCE_PENDING,LONG,75.5,CONVICTION,FAVORABLE,6.4698,RISING
2026-09-25,WSO,6.0,21.19,2.545,CONVICTION,2119,717.0,1.69,0.203,CONVICTION,169,211.0,31,18,BULL_BOUNCE,LONG,74.3,CONVICTION,FAVORABLE,8.3266,RISING
2026-09-25,PPCB,6.0,0.0044,0.052,MINOR,1,787.0,0.0137,0.161,MINOR,2,236.0,6,11,BULL_BOUNCE_PENDING,LONG,53.0,MARGINAL,FAVORABLE,0.0851,NEUTRAL
2026-09-25,NCPL,6.0,0.0002,0.001,MINOR,1,284.0,0.23,0.992,COMPRESSION,23,993.0,6,11,BULL_BOUNCE_PENDING,LONG,68.8,CONVICTION,FAVORABLE,0.2319,RISING
2026-09-25,MIMI,6.0,0.0065,0.08,MINOR,1,253.0,0.1031,1.268,COMPRESSION,11,214.0,29,16,BULL_BOUNCE_PENDING,LONG,51.5,MARGINAL,FAVORABLE,0.0813,NEUTRAL
2026-09-25,NMTC,6.0,0.02,0.209,MINOR,3,236.0,0.015,0.157,MINOR,2,205.0,11,8,BULL_BOUNCE_CONFIRMED,LONG,60.0,CONVICTION,FAVORABLE,0.0957,RISING
2026-09-25,CRMG,6.0,0.04,0.064,COMPRESSION,4,107.0,1.59,2.541,CONVICTION,160,119.0,64,16,BULL_BOUNCE_PENDING,LONG,87.0,CONVICTION,FAVORABLE,0.6257,FALLING
2026-09-25,CRWL,6.0,0.58,0.071,MINOR,58,351.0,1.02,0.124,CONVICTION,103,372.0,24,30,BULL_BOUNCE_PENDING,LONG,75.0,CONVICTION,FAVORABLE,8.1929,RISING
2026-09-25,CYPH,6.0,0.0082,0.015,MINOR,1,49.0,0.4,0.731,COMPRESSION,40,244.0,2,22,BULL_BOUNCE,LONG,74.0,CONVICTION,FAVORABLE,0.547,RISING
2026-09-25,AYA,6.0,0.34,0.202,COMPRESSION,34,409.0,1.35,0.802,CONVICTION,136,1370.0,34,50,BULL_BOUNCE_PENDING,LONG,66.5,CONVICTION,FAVORABLE,1.6827,FALLING
2026-09-25,BBY,6.0,0.82,0.266,COMPRESSION,82,657.0,0.95,0.308,COMPRESSION,96,179.0,16,38,BULL_BOUNCE_PENDING,LONG,65.0,CONVICTION,FAVORABLE,3.0843,NEUTRAL
2026-09-25,BHF,6.0,0.32,0.179,COMPRESSION,33,1182.0,0.05,0.028,COMPRESSION,5,1367.0,18,34,BULL_BOUNCE_PENDING,LONG,78.6,CONVICTION,FAVORABLE,1.7875,RISING
2026-09-25,AVGX,6.0,0.16,0.072,COMPRESSION,17,414.0,0.84,0.378,COMPRESSION,85,486.0,39,83,CHANNEL_BREAKOUT,LONG,53.0,MARGINAL,FAVORABLE,2.2199,RISING
2026-09-25,CELU,6.0,0.01,0.074,MINOR,2,604.0,0.01,0.074,MINOR,2,532.0,13,16,BULL_BOUNCE,LONG,63.0,CONVICTION,FAVORABLE,0.1343,NEUTRAL
2026-09-25,BILI,6.0,0.01,0.019,COMPRESSION,1,472.0,0.155,0.295,COMPRESSION,16,17.0,71,16,BULL_BOUNCE_PENDING,LONG,49.3,MARGINAL,FAVORABLE,0.5251,FALLING
2026-09-25,BUG,6.0,0.0672,0.044,MINOR,7,11.0,0.31,0.202,COMPRESSION,31,463.0,12,65,BULL_BOUNCE_PENDING,LONG,67.8,CONVICTION,FAVORABLE,1.5348,RISING
2026-09-25,CIBR,6.0,0.25,0.098,MINOR,25,15.0,0.165,0.065,COMPRESSION,17,333.0,29,56,BULL_BOUNCE_PENDING,LONG,55.0,MARGINAL,FAVORABLE,2.5415,RISING
2026-09-25,MTRN,6.0,6.25,0.659,CONVICTION,625,881.0,4.61,0.486,CONVICTION,461,0.0,29,52,BULL_BOUNCE_PENDING,LONG,84.0,CONVICTION,FAVORABLE,9.4782,RISING
2026-09-25,HACK,6.0,0.1,0.029,MINOR,10,128.0,0.33,0.096,COMPRESSION,33,278.0,33,76,BULL_BOUNCE_PENDING,LONG,57.7,MARGINAL,FAVORABLE,3.4414,RISING
2026-09-25,IGV,6.0,0.61,0.253,COMPRESSION,61,57.0,0.67,0.278,COMPRESSION,68,230.0,28,68,BULL_BOUNCE_PENDING,LONG,51.0,MARGINAL,FAVORABLE,2.4121,FALLING
2026-09-25,NAT,6.0,0.21,0.67,COMPRESSION,21,250.0,0.07,0.223,COMPRESSION,8,368.0,22,20,BULL_BOUNCE_PENDING,LONG,78.0,CONVICTION,FAVORABLE,0.3136,NEUTRAL
2026-09-25,SDRL,6.0,0.03,0.016,COMPRESSION,4,139.0,1.23,0.671,CONVICTION,124,47.0,35,21,BULL_BOUNCE_PENDING,LONG,85.7,CONVICTION,FAVORABLE,1.8321,FALLING
2026-09-25,NEO,6.0,0.01,0.012,MINOR,2,111.0,0.04,0.049,COMPRESSION,4,1210.0,3,55,BULL_BOUNCE_CONFIRMED,LONG,79.0,CONVICTION,FAVORABLE,0.8178,RISING
2026-09-25,MUD,6.0,0.29,0.63,COMPRESSION,30,703.0,,,,,,88,0,BEAR_REJECTION_PENDING,SHORT,28.8,MARGINAL,FAVORABLE,0.4604,FALLING
2026-09-25,TNK,6.0,0.82,0.23,COMPRESSION,83,635.0,0.63,0.177,COMPRESSION,63,291.0,63,26,BEAR_REJECTION_PENDING,SHORT,70.5,CONVICTION,FAVORABLE,3.5681,NEUTRAL
2026-09-25,TYL,6.0,5.0,0.375,CONVICTION,500,985.0,1.37,0.103,CONVICTION,138,240.0,82,37,BULL_BOUNCE_PENDING,LONG,68.1,CONVICTION,FAVORABLE,13.3346,FALLING
2026-09-25,ZM,6.0,0.63,0.207,COMPRESSION,63,491.0,0.52,0.171,COMPRESSION,52,1458.0,80,18,BULL_BOUNCE,LONG,71.0,CONVICTION,FAVORABLE,3.0364,RISING
2026-09-25,SOLT,6.0,25.4,4.499,CONVICTION,2541,1105.0,0.59,0.105,MINOR,60,532.0,25,63,BULL_BOUNCE_PENDING,LONG,50.0,MARGINAL,FAVORABLE,5.6453,RISING
2026-09-25,RRX,6.0,6.24,1.129,CONVICTION,624,327.0,0.71,0.129,MINOR,72,254.0,60,40,BEAR_REJECTION_PENDING,SHORT,59.8,MARGINAL,FAVORABLE,5.5249,RISING
2026-09-25,FGL,6.0,0.095,0.061,MINOR,10,902.0,0.02,0.013,MINOR,2,124.0,1,29,BULL_BOUNCE_CONFIRMED,LONG,79.0,CONVICTION,FAVORABLE,1.5499,RISING
2026-09-25,QNRX,6.0,0.065,0.13,MINOR,7,102.0,0.965,1.937,COMPRESSION,97,408.0,32,6,BULL_BOUNCE_PENDING,LONG,50.0,MARGINAL,FAVORABLE,0.4981,NEUTRAL
2026-09-25,AEMD,6.0,0.2062,0.221,MINOR,21,30.0,0.01,0.011,MINOR,1,470.0,5,12,BULL_BOUNCE,LONG,69.0,CONVICTION,FAVORABLE,0.9315,RISING
2026-09-25,SOLS,6.0,1.42,0.647,CONVICTION,143,611.0,0.06,0.027,COMPRESSION,7,628.0,52,8,BULL_BOUNCE_PENDING,LONG,67.4,CONVICTION,FAVORABLE,2.1936,RISING
2026-09-25,BBW,6.0,0.5,0.408,COMPRESSION,50,102.0,0.0299,0.024,MINOR,3,37.0,63,4,BEAR_REJECTION_PENDING,SHORT,56.9,MARGINAL,FAVORABLE,1.2245,FALLING
2026-09-25,AMZU,6.0,0.545,0.355,COMPRESSION,55,207.0,0.01,0.007,COMPRESSION,1,102.0,41,39,BEAR_REJECTION_PENDING,SHORT,51.0,MARGINAL,FAVORABLE,1.5343,RISING
2026-09-25,CHDN,6.0,0.59,0.214,COMPRESSION,60,1247.0,0.02,0.007,MINOR,2,13.0,62,19,BEAR_REJECTION_PENDING,SHORT,50.0,MARGINAL,FAVORABLE,2.7562,FALLING
2026-09-25,BTCZ,6.0,0.1,0.457,MINOR,10,208.0,0.01,0.046,COMPRESSION,1,35.0,33,11,BULL_BOUNCE_PENDING,LONG,43.0,MARGINAL,FAVORABLE,0.2189,FALLING
2026-09-25,CHKP,6.0,0.94,0.174,MINOR,94,421.0,0.63,0.117,COMPRESSION,63,301.0,11,30,BULL_BOUNCE_PENDING,LONG,83.9,CONVICTION,FAVORABLE,5.4007,FALLING
2026-09-25,CHEF,6.0,1.1,0.28,VACUUM,111,402.0,0.06,0.015,COMPRESSION,7,128.0,15,62,BULL_BOUNCE_PENDING,LONG,68.2,CONVICTION,FAVORABLE,3.923,RISING
2026-09-25,DAR,6.0,0.18,0.078,COMPRESSION,18,557.0,0.09,0.039,COMPRESSION,9,829.0,43,34,BULL_BOUNCE_PENDING,LONG,51.0,MARGINAL,FAVORABLE,2.3002,FALLING
2026-09-25,GFL,6.0,0.28,0.221,COMPRESSION,29,110.0,2.27,1.79,CONVICTION,228,488.0,49,38,BULL_BOUNCE_PENDING,LONG,67.0,CONVICTION,FAVORABLE,1.2682,FALLING
2026-09-25,DUST,6.0,0.85,0.368,COMPRESSION,86,1414.0,1.98,0.858,CONVICTION,199,438.0,34,36,BEAR_REJECTION_PENDING,SHORT,44.0,MARGINAL,FAVORABLE,2.3075,RISING
2026-09-25,GDXD,6.0,3.16,1.722,CONVICTION,316,1282.0,0.8853,0.482,MINOR,89,282.0,51,20,BULL_BOUNCE_PENDING,LONG,50.4,MARGINAL,FAVORABLE,1.8355,RISING
2026-09-25,GGLL,6.0,0.99,0.188,COMPRESSION,99,393.0,1.205,0.229,CONVICTION,121,369.0,50,64,BEAR_REJECTION_PENDING,SHORT,48.4,MARGINAL,FAVORABLE,5.2586,RISING
2026-09-25,PD,6.0,0.08,0.146,COMPRESSION,9,274.0,0.46,0.841,COMPRESSION,46,1244.0,5,60,BEAR_REJECTION_PENDING,SHORT,54.0,MARGINAL,FAVORABLE,0.5472,FALLING
2026-09-25,GLL,6.0,0.11,0.142,COMPRESSION,11,56.0,0.38,0.49,COMPRESSION,38,479.0,66,70,BEAR_REJECTION_PENDING,SHORT,56.6,MARGINAL,FAVORABLE,0.7756,RISING
2026-09-25,SBIT,6.0,0.98,0.434,MINOR,98,238.0,0.09,0.04,COMPRESSION,9,17.0,47,23,BULL_BOUNCE_PENDING,LONG,56.9,MARGINAL,FAVORABLE,2.2584,FALLING
2026-09-25,WAY,6.0,0.12,0.106,COMPRESSION,12,353.0,0.42,0.37,COMPRESSION,43,304.0,61,42,BULL_BOUNCE_PENDING,LONG,81.8,CONVICTION,FAVORABLE,1.1359,FALLING
2026-09-25,YDDL,6.0,0.0183,0.214,MINOR,2,298.0,,,,,,49,0,BEAR_REJECTION_PENDING,SHORT,45.9,MARGINAL,FAVORABLE,0.0855,NEUTRAL
2026-09-25,TZA,6.0,0.15,0.092,COMPRESSION,15,62.0,0.16,0.099,COMPRESSION,16,1480.0,22,50,BULL_BOUNCE_PENDING,LONG,85.2,CONVICTION,FAVORABLE,1.6231,RISING
2026-09-25,AEHL,6.0,,,,,,0.08,0.031,MINOR,9,1441.0,0,22,BULL_BOUNCE_PENDING,LONG,66.5,CONVICTION,FAVORABLE,2.5814,RISING
2026-09-25,DPRO,6.0,0.08,0.214,MINOR,9,878.0,0.49,1.312,COMPRESSION,50,1218.0,13,37,CHANNEL_RECLAIM_LONG,LONG,53.0,MARGINAL,FAVORABLE,0.3735,NEUTRAL
2026-09-25,ASND,6.0,0.74,0.069,COMPRESSION,74,266.0,2.94,0.272,CONVICTION,294,420.0,41,24,BULL_BOUNCE_PENDING,LONG,66.8,CONVICTION,FAVORABLE,10.7998,FALLING
2026-09-25,NEOV,6.0,0.52,1.744,COMPRESSION,52,964.0,0.01,0.034,MINOR,2,898.0,16,10,BULL_BOUNCE_PENDING,LONG,66.0,CONVICTION,FAVORABLE,0.2982,NEUTRAL
2026-09-25,BOX,6.0,0.15,0.145,MINOR,15,254.0,0.53,0.514,COMPRESSION,53,74.0,32,25,BULL_BOUNCE_PENDING,LONG,69.4,CONVICTION,FAVORABLE,1.0317,FALLING
2026-09-25,CAR,6.0,0.5,0.09,COMPRESSION,50,1347.0,0.92,0.165,COMPRESSION,92,81.0,77,8,BULL_BOUNCE,LONG,77.5,CONVICTION,FAVORABLE,5.5775,NEUTRAL
2026-09-25,MIR,6.0,0.02,0.031,COMPRESSION,2,201.0,0.19,0.295,COMPRESSION,19,403.0,41,20,BULL_BOUNCE_PENDING,LONG,82.0,CONVICTION,FAVORABLE,0.6438,NEUTRAL
2026-09-25,JAZZ,6.0,1.31,0.241,VACUUM,132,121.0,1.42,0.261,CONVICTION,142,210.0,38,58,BULL_BOUNCE_PENDING,LONG,47.1,MARGINAL,FAVORABLE,5.4327,FALLING
2026-09-25,FLYE,6.0,0.0101,0.035,MINOR,2,944.0,0.07,0.241,MINOR,8,7.0,13,10,BULL_BOUNCE_CONFIRMED,LONG,52.0,MARGINAL,FAVORABLE,0.2902,NEUTRAL
2026-09-25,VVOS,6.0,0.0274,1.681,COMPRESSION,3,1469.0,0.0001,0.006,MINOR,1,218.0,30,32,BULL_BOUNCE_CONFIRMED,LONG,60.0,CONVICTION,FAVORABLE,0.0163,RISING
2026-09-25,SSM,6.0,0.04,0.093,MINOR,5,180.0,0.0098,0.023,MINOR,1,90.0,29,2,BULL_BOUNCE_PENDING,LONG,47.0,MARGINAL,FAVORABLE,0.4324,RISING
2026-09-25,AUUD,6.0,0.03,0.218,COMPRESSION,4,491.0,0.01,0.073,COMPRESSION,2,1394.0,19,50,BULL_BOUNCE_PENDING,LONG,58.0,MARGINAL,FAVORABLE,0.1378,NEUTRAL
2026-09-25,TSLT,6.0,0.81,0.959,COMPRESSION,81,922.0,0.57,0.675,COMPRESSION,58,485.0,21,82,BULL_BOUNCE_CONFIRMED,LONG,74.1,CONVICTION,FAVORABLE,0.8449,RISING
2026-09-25,BLBD,6.0,1.03,0.508,CONVICTION,104,941.0,7.625,3.763,CONVICTION,763,686.0,52,8,BULL_BOUNCE_PENDING,LONG,60.0,CONVICTION,FAVORABLE,2.0264,FALLING
2026-09-25,AAPU,6.0,0.18,0.097,COMPRESSION,18,20.0,0.64,0.346,COMPRESSION,65,9.0,31,32,BULL_BOUNCE,LONG,72.8,CONVICTION,FAVORABLE,1.8478,NEUTRAL
2026-09-25,BWXT,6.0,2.6,0.61,CONVICTION,260,613.0,2.51,0.588,CONVICTION,251,487.0,70,7,BULL_BOUNCE_PENDING,LONG,86.0,CONVICTION,FAVORABLE,4.2651,RISING
2026-09-25,CNX,6.0,0.19,0.201,COMPRESSION,19,536.0,0.16,0.169,COMPRESSION,16,75.0,39,37,BEAR_REJECTION_PENDING,SHORT,66.0,CONVICTION,FAVORABLE,0.9461,FALLING
2026-09-25,CEG,6.0,8.235,0.851,CONVICTION,824,506.0,0.22,0.023,COMPRESSION,23,49.0,66,57,CHANNEL_RECLAIM_LONG,LONG,43.0,MARGINAL,FAVORABLE,9.6739,FALLING
2026-09-25,DG,6.0,8.89,2.33,CONVICTION,890,1089.0,1.445,0.379,CONVICTION,145,320.0,34,37,BULL_BOUNCE,LONG,62.6,CONVICTION,FAVORABLE,3.816,FALLING
2026-09-25,JAN,6.0,0.62,0.749,MINOR,62,407.0,0.16,0.193,COMPRESSION,17,1427.0,39,27,BEAR_REJECTION_PENDING,SHORT,58.0,MARGINAL,FAVORABLE,0.8278,RISING
2026-09-25,MMED,6.0,0.71,0.747,COMPRESSION,72,629.0,0.43,0.452,COMPRESSION,43,985.0,12,24,BULL_BOUNCE_PENDING,LONG,69.7,CONVICTION,FAVORABLE,0.9503,FALLING
2026-09-25,RDAC,6.0,0.24,0.536,MINOR,25,930.0,0.02,0.045,COMPRESSION,3,1147.0,22,5,BULL_BOUNCE_PENDING,LONG,70.3,CONVICTION,FAVORABLE,0.4478,NEUTRAL
2026-09-25,GME,6.0,0.86,0.935,COMPRESSION,86,544.0,0.14,0.152,COMPRESSION,15,888.0,9,51,BULL_BOUNCE_PENDING,LONG,82.7,CONVICTION,FAVORABLE,0.9195,RISING
2026-09-25,SGRY,6.0,0.18,0.226,COMPRESSION,18,127.0,0.06,0.075,COMPRESSION,7,1380.0,36,33,BULL_BOUNCE_PENDING,LONG,68.0,CONVICTION,FAVORABLE,0.7959,NEUTRAL
2026-09-25,PPBT,6.0,0.12,0.663,MINOR,12,357.0,0.01,0.055,MINOR,2,46.0,24,19,BULL_BOUNCE_CONFIRMED,LONG,51.7,MARGINAL,FAVORABLE,0.1811,NEUTRAL
2026-09-25,PBR,6.0,0.38,0.656,COMPRESSION,38,29.0,0.54,0.932,COMPRESSION,54,19.0,54,57,BULL_BOUNCE_PENDING,LONG,72.0,CONVICTION,FAVORABLE,0.5796,FALLING
2026-09-25,TAL,6.0,0.36,1.014,COMPRESSION,36,1441.0,0.04,0.113,COMPRESSION,5,1482.0,2,47,BULL_BOUNCE_PENDING,LONG,63.3,CONVICTION,FAVORABLE,0.3551,RISING
2026-09-25,ATRC,6.0,,,,,,0.13,0.06,COMPRESSION,13,602.0,0,58,BULL_BOUNCE_PENDING,LONG,68.0,CONVICTION,FAVORABLE,2.1593,FALLING
2026-09-25,BHC,6.0,0.05,0.213,COMPRESSION,5,738.0,0.29,1.238,COMPRESSION,30,1265.0,18,13,BULL_BOUNCE_PENDING,LONG,78.1,CONVICTION,FAVORABLE,0.2343,NEUTRAL
2026-09-25,AXSM,6.0,2.23,0.257,CONVICTION,223,817.0,0.33,0.038,COMPRESSION,34,599.0,56,49,BULL_BOUNCE_PENDING,LONG,44.0,MARGINAL,FAVORABLE,8.6761,FALLING
2026-09-25,BDC,6.0,5.01,1.17,CONVICTION,502,582.0,0.84,0.196,COMPRESSION,84,650.0,68,16,BEAR_REJECTION_PENDING,SHORT,83.0,CONVICTION,FAVORABLE,4.2804,FALLING
2026-09-25,CE,6.0,0.25,0.131,COMPRESSION,25,832.0,0.09,0.047,COMPRESSION,10,277.0,39,9,BULL_BOUNCE_PENDING,LONG,62.0,CONVICTION,FAVORABLE,1.9086,FALLING
2026-09-25,CNM,6.0,0.12,0.093,COMPRESSION,12,1019.0,0.31,0.24,COMPRESSION,31,43.0,37,18,BUY_LOWER_DIRTY,LONG,58.9,MARGINAL,FAVORABLE,1.2943,RISING
2026-09-25,CRBG,6.0,0.005,0.007,MINOR,1,120.0,0.36,0.478,COMPRESSION,37,1464.0,3,50,BULL_BOUNCE_PENDING,LONG,63.6,CONVICTION,FAVORABLE,0.7529,FALLING
2026-09-25,BROS,6.0,0.65,0.426,COMPRESSION,65,1104.0,0.87,0.57,COMPRESSION,87,1142.0,29,18,BEAR_REJECTION_PENDING,SHORT,58.5,MARGINAL,FAVORABLE,1.5276,FALLING
2026-09-25,CRUS,6.0,1.36,0.33,CONVICTION,136,774.0,0.93,0.226,COMPRESSION,94,392.0,34,50,BULL_BOUNCE_PENDING,LONG,77.5,CONVICTION,FAVORABLE,4.1236,RISING
2026-09-25,DY,6.0,8.7,0.692,CONVICTION,870,773.0,1.03,0.082,CONVICTION,104,500.0,91,3,BULL_BOUNCE_PENDING,LONG,85.8,CONVICTION,FAVORABLE,12.577,RISING
2026-09-25,EEFT,6.0,0.13,0.061,COMPRESSION,13,161.0,0.01,0.005,MINOR,2,40.0,58,17,BEAR_REJECTION_PENDING,SHORT,58.8,MARGINAL,FAVORABLE,2.1301,FALLING
2026-09-25,EQH,6.0,0.12,0.102,COMPRESSION,13,559.0,0.47,0.4,COMPRESSION,47,1241.0,18,21,BULL_BOUNCE_PENDING,LONG,63.1,CONVICTION,FAVORABLE,1.1749,FALLING
2026-09-25,GGB,6.0,0.01,0.06,MINOR,1,167.0,0.08,0.481,COMPRESSION,9,251.0,27,19,BULL_BOUNCE_PENDING,LONG,64.9,CONVICTION,FAVORABLE,0.1664,NEUTRAL
2026-09-25,FMC,6.0,0.18,0.294,COMPRESSION,18,1496.0,0.07,0.114,MINOR,8,102.0,44,16,BEAR_REJECTION_PENDING,SHORT,55.6,MARGINAL,FAVORABLE,0.6121,FALLING
2026-09-25,GT,6.0,0.065,0.247,COMPRESSION,7,1082.0,0.02,0.076,MINOR,3,19.0,38,14,BEAR_REJECTION_PENDING,SHORT,46.0,MARGINAL,FAVORABLE,0.2629,FALLING
2026-09-25,GLBE,6.0,1.08,0.748,VACUUM,108,795.0,0.34,0.235,COMPRESSION,35,612.0,26,64,BULL_BOUNCE_PENDING,LONG,53.0,MARGINAL,FAVORABLE,1.4439,RISING
2026-09-25,HRMY,6.0,0.06,0.049,COMPRESSION,7,172.0,0.16,0.13,COMPRESSION,16,1305.0,23,36,BULL_BOUNCE_PENDING,LONG,85.5,CONVICTION,FAVORABLE,1.23,FALLING
2026-09-25,INSM,6.0,0.98,0.19,MINOR,98,1391.0,0.1,0.019,MINOR,10,43.0,30,31,BEAR_REJECTION_PENDING,SHORT,64.3,CONVICTION,FAVORABLE,5.1639,FALLING
2026-09-25,LEA,6.0,2.37,0.614,CONVICTION,238,743.0,2.71,0.702,CONVICTION,272,142.0,47,12,BULL_BOUNCE_PENDING,LONG,74.0,CONVICTION,FAVORABLE,3.8591,FALLING
2026-09-25,ITUB,6.0,0.03,0.127,MINOR,3,87.0,0.16,0.676,COMPRESSION,17,520.0,28,38,BULL_BOUNCE_PENDING,LONG,62.7,CONVICTION,FAVORABLE,0.2368,FALLING
2026-09-25,MGA,6.0,1.3,0.753,CONVICTION,130,440.0,1.83,1.06,CONVICTION,183,568.0,84,18,BULL_BOUNCE_PENDING,LONG,87.6,CONVICTION,FAVORABLE,1.7265,FALLING
2026-09-25,MHK,6.0,0.7,0.162,COMPRESSION,71,554.0,2.39,0.552,CONVICTION,240,319.0,58,46,BULL_BOUNCE_PENDING,LONG,95.7,CONVICTION,FAVORABLE,4.3332,FALLING
2026-09-25,MGNI,6.0,0.12,0.125,COMPRESSION,13,279.0,1.998,2.085,CONVICTION,200,421.0,30,16,BULL_BOUNCE_PENDING,LONG,61.1,CONVICTION,FAVORABLE,0.9582,NEUTRAL
2026-09-25,MLYS,6.0,0.12,0.073,MINOR,13,68.0,0.31,0.188,COMPRESSION,32,621.0,42,24,BULL_BOUNCE_PENDING,LONG,67.2,CONVICTION,FAVORABLE,1.6493,RISING
2026-09-25,NUE,6.0,2.18,0.285,CONVICTION,219,375.0,1.21,0.158,CONVICTION,121,409.0,60,50,BULL_BOUNCE_PENDING,LONG,67.4,CONVICTION,FAVORABLE,7.641,FALLING
2026-09-25,REGN,6.0,13.36,0.72,VACUUM,1337,230.0,6.91,0.372,CONVICTION,691,333.0,53,51,BULL_BOUNCE_PENDING,LONG,70.0,CONVICTION,FAVORABLE,18.5666,FALLING
2026-09-25,QRVO,6.0,0.035,0.007,MINOR,4,116.0,0.34,0.064,COMPRESSION,35,1131.0,27,45,BULL_BOUNCE_PENDING,LONG,78.3,CONVICTION,FAVORABLE,5.2997,FALLING
2026-09-25,PLTZ,6.0,0.095,0.155,COMPRESSION,10,704.0,0.01,0.016,MINOR,2,120.0,32,8,BEAR_REJECTION_PENDING,SHORT,50.9,MARGINAL,FAVORABLE,0.6147,FALLING
2026-09-25,SGI,6.0,0.29,0.13,COMPRESSION,30,383.0,0.025,0.011,MINOR,3,79.0,58,6,SHORT_UPPER_DIRTY,SHORT,47.3,MARGINAL,FAVORABLE,2.2383,FALLING
2026-09-25,STLD,6.0,0.06,0.008,COMPRESSION,7,30.0,0.65,0.088,COMPRESSION,66,1430.0,49,27,BULL_BOUNCE_PENDING,LONG,57.0,MARGINAL,FAVORABLE,7.3729,FALLING
2026-09-25,SLDE,6.0,0.12,0.137,COMPRESSION,13,544.0,0.02,0.023,COMPRESSION,3,335.0,74,37,BULL_BOUNCE_PENDING,LONG,67.0,CONVICTION,FAVORABLE,0.8754,FALLING
2026-09-25,STNE,6.0,0.14,0.368,COMPRESSION,14,897.0,0.06,0.158,COMPRESSION,6,569.0,78,3,BULL_BOUNCE_PENDING,LONG,70.5,CONVICTION,FAVORABLE,0.3806,RISING
2026-09-25,STNG,6.0,0.01,0.004,COMPRESSION,1,582.0,0.39,0.14,COMPRESSION,40,317.0,53,54,BEAR_REJECTION_PENDING,SHORT,78.8,CONVICTION,FAVORABLE,2.7823,FALLING
2026-09-25,TDS,6.0,0.29,0.317,COMPRESSION,30,498.0,0.09,0.098,COMPRESSION,10,99.0,30,41,BULL_BOUNCE_PENDING,LONG,51.0,MARGINAL,FAVORABLE,0.9162,FALLING
2026-09-25,TEX,6.0,0.6,0.288,COMPRESSION,61,171.0,0.87,0.418,COMPRESSION,88,752.0,44,31,BULL_BOUNCE_PENDING,LONG,61.4,CONVICTION,FAVORABLE,2.0818,FALLING
2026-09-25,SYM,6.0,4.0,2.166,CONVICTION,400,974.0,0.53,0.287,COMPRESSION,54,499.0,13,75,BULL_BOUNCE_PENDING,LONG,54.1,MARGINAL,FAVORABLE,1.8467,RISING
2026-09-25,VIST,6.0,0.83,0.276,COMPRESSION,83,573.0,0.94,0.313,MINOR,94,65.0,79,24,BULL_BOUNCE_PENDING,LONG,68.7,CONVICTION,FAVORABLE,3.0057,FALLING
2026-09-25,VSNT,6.0,0.23,0.186,COMPRESSION,23,1457.0,0.13,0.105,COMPRESSION,14,1388.0,55,13,BULL_BOUNCE_PENDING,LONG,62.0,CONVICTION,FAVORABLE,1.2339,FALLING
2026-09-25,WLK,6.0,2.05,0.928,CONVICTION,205,890.0,0.26,0.118,COMPRESSION,27,881.0,66,2,BULL_BOUNCE_PENDING,LONG,64.7,CONVICTION,FAVORABLE,2.2087,RISING
2026-09-25,XRAY,6.0,0.02,0.049,COMPRESSION,2,167.0,0.005,0.012,MINOR,1,73.0,48,5,BULL_BOUNCE_PENDING,LONG,42.8,MARGINAL,FAVORABLE,0.4069,NEUTRAL
2026-09-25,SST,6.0,0.03,0.044,COMPRESSION,4,594.0,0.0251,0.037,COMPRESSION,3,1316.0,19,13,BULL_BOUNCE_CONFIRMED,LONG,56.0,MARGINAL,FAVORABLE,0.6782,NEUTRAL
2026-09-25,HODU,6.0,0.265,0.182,MINOR,27,184.0,0.1806,0.124,COMPRESSION,19,197.0,28,36,BULL_BOUNCE_CONFIRMED,LONG,74.9,CONVICTION,FAVORABLE,1.4524,RISING
2026-09-25,HOOG,6.0,1.73,0.479,VACUUM,174,250.0,0.38,0.105,COMPRESSION,39,88.0,48,41,BULL_BOUNCE_CONFIRMED,LONG,60.0,CONVICTION,FAVORABLE,3.6091,RISING
2026-09-25,CRCA,6.0,0.12,0.037,MINOR,13,45.0,0.88,0.273,COMPRESSION,88,952.0,13,30,BULL_BOUNCE_PENDING,LONG,52.0,MARGINAL,FAVORABLE,3.2233,RISING
2026-09-25,TLYS,6.0,0.11,0.33,MINOR,11,992.0,0.02,0.06,MINOR,3,1370.0,34,29,BULL_BOUNCE_PENDING,LONG,62.7,CONVICTION,FAVORABLE,0.3335,FALLING
2026-09-25,CRCG,6.0,0.025,0.011,MINOR,3,658.0,0.64,0.288,COMPRESSION,65,1060.0,4,36,BULL_BOUNCE,LONG,76.8,CONVICTION,FAVORABLE,2.2186,RISING
2026-09-25,CCUP,6.0,0.11,0.029,MINOR,11,159.0,1.19,0.311,VACUUM,119,998.0,11,34,BULL_BOUNCE_PENDING,LONG,53.0,MARGINAL,FAVORABLE,3.8279,RISING
2026-09-25,ALMS,6.0,0.01,0.016,COMPRESSION,2,41.0,0.35,0.555,MINOR,35,649.0,48,4,BULL_BOUNCE_PENDING,LONG,69.2,CONVICTION,FAVORABLE,0.631,FALLING
2026-09-25,CAMT,6.0,5.68,0.849,CONVICTION,569,1240.0,5.62,0.84,CONVICTION,563,63.0,64,60,BULL_BOUNCE_PENDING,LONG,88.1,CONVICTION,FAVORABLE,6.6936,RISING
2026-09-25,CLYM,6.0,0.17,0.158,COMPRESSION,17,224.0,0.11,0.102,MINOR,11,522.0,23,10,BULL_BOUNCE_PENDING,LONG,69.2,CONVICTION,FAVORABLE,1.0756,FALLING
2026-09-25,AVL,6.0,0.2,0.095,COMPRESSION,20,379.0,1.0,0.475,CONVICTION,100,25.0,34,88,BULL_BOUNCE_PENDING,LONG,59.4,MARGINAL,FAVORABLE,2.1072,RISING
2026-09-25,ARKK,6.0,,,,,,1.82,0.828,CONVICTION,182,235.0,0,141,BULL_BOUNCE_CONFIRMED,LONG,92.7,CONVICTION,FAVORABLE,2.1993,RISING
2026-09-25,CPRI,6.0,0.07,0.085,MINOR,8,1447.0,0.05,0.061,COMPRESSION,6,263.0,22,62,BULL_BOUNCE_PENDING,LONG,54.6,MARGINAL,FAVORABLE,0.8246,FALLING
2026-09-25,DAPP,6.0,1.33,1.466,CONVICTION,133,1034.0,0.05,0.055,COMPRESSION,6,14.0,18,60,BULL_BOUNCE_PENDING,LONG,77.1,CONVICTION,FAVORABLE,0.9074,RISING
2026-09-25,GIL,6.0,0.47,0.248,COMPRESSION,47,1261.0,,,,,,25,0,BEAR_REJECTION_PENDING,SHORT,46.4,MARGINAL,FAVORABLE,1.8936,RISING
2026-09-25,ICE,6.0,1.26,0.381,CONVICTION,126,196.0,0.96,0.29,COMPRESSION,97,649.0,25,36,BEAR_REJECTION_PENDING,SHORT,70.0,CONVICTION,FAVORABLE,3.3066,FALLING
2026-09-25,FNGU,6.0,0.025,0.018,MINOR,3,11.0,0.88,0.629,COMPRESSION,89,610.0,3,123,BULL_BOUNCE_PENDING,LONG,50.0,MARGINAL,FAVORABLE,1.3984,RISING
2026-09-25,NKTR,6.0,1.31,0.378,VACUUM,131,1441.0,0.31,0.089,COMPRESSION,32,626.0,16,26,BULL_BOUNCE_PENDING,LONG,60.0,CONVICTION,FAVORABLE,3.4677,FALLING
2026-09-25,MTSI,6.0,8.93,0.628,CONVICTION,894,934.0,9.44,0.664,CONVICTION,944,434.0,18,92,BULL_BOUNCE_CONFIRMED,LONG,95.3,CONVICTION,FAVORABLE,14.2181,RISING
2026-09-25,SAIA,6.0,1.13,0.099,CONVICTION,113,422.0,15.075,1.319,CONVICTION,1508,750.0,86,4,BULL_BOUNCE_PENDING,LONG,81.6,CONVICTION,FAVORABLE,11.4325,RISING
2026-09-25,TEL,6.0,22.14,3.748,CONVICTION,2215,345.0,1.78,0.301,CONVICTION,179,234.0,21,41,BEAR_REJECTION_PENDING,SHORT,53.5,MARGINAL,FAVORABLE,5.9067,NEUTRAL
2026-09-25,SNX,6.0,0.35,0.03,MINOR,36,257.0,1.46,0.127,VACUUM,147,1167.0,18,40,BULL_BOUNCE_PENDING,LONG,82.8,CONVICTION,FAVORABLE,11.527,RISING
2026-09-25,UNM,6.0,0.02,0.009,MINOR,2,99.0,0.26,0.114,COMPRESSION,27,1094.0,46,32,BULL_BOUNCE_PENDING,LONG,71.2,CONVICTION,FAVORABLE,2.2898,FALLING
2026-09-25,WLY,6.0,1.52,0.814,VACUUM,152,1150.0,0.05,0.027,COMPRESSION,5,95.0,27,36,BEAR_REJECTION_PENDING,SHORT,69.2,CONVICTION,FAVORABLE,1.8668,FALLING
2026-09-25,BAOS,6.0,0.0116,0.282,MINOR,2,36.0,0.0012,0.029,COMPRESSION,1,694.0,7,19,BULL_BOUNCE_CONFIRMED,LONG,65.0,CONVICTION,FAVORABLE,0.0411,NEUTRAL
2026-09-25,VRT,6.0,3.79,0.28,CONVICTION,379,296.0,3.48,0.257,CONVICTION,348,114.0,21,58,BEAR_REJECTION_PENDING,SHORT,70.7,CONVICTION,FAVORABLE,13.5546,RISING
2026-09-25,ADBT,6.0,0.0003,0.006,MINOR,1,123.0,0.0001,0.001,MINOR,1,82.0,2,17,BULL_BOUNCE_PENDING,LONG,52.0,MARGINAL,FAVORABLE,0.0475,RISING
2026-09-25,AOUT,6.0,0.07,0.064,MINOR,8,667.0,0.175,0.159,COMPRESSION,18,1118.0,1,36,BULL_BOUNCE,LONG,63.0,CONVICTION,FAVORABLE,1.0988,NEUTRAL
2026-09-25,ZCSH,6.0,0.195,0.019,MINOR,20,92.0,6.89,0.674,CONVICTION,689,207.0,8,52,BULL_BOUNCE_CONFIRMED,LONG,87.9,CONVICTION,FAVORABLE,10.2214,RISING
2026-09-25,BBCP,6.0,0.21,0.475,COMPRESSION,21,635.0,0.005,0.011,MINOR,1,31.0,45,5,BEAR_REJECTION_PENDING,SHORT,44.4,MARGINAL,FAVORABLE,0.4422,NEUTRAL
2026-09-25,AEHG,6.0,0.08,0.059,MINOR,9,22.0,0.58,0.431,COMPRESSION,58,585.0,9,47,BULL_BOUNCE_PENDING,LONG,53.0,MARGINAL,FAVORABLE,1.3466,RISING
2026-09-25,ARW,6.0,6.61,0.843,CONVICTION,662,39.0,2.13,0.272,CONVICTION,213,198.0,15,66,BEAR_REJECTION_PENDING,SHORT,62.9,CONVICTION,FAVORABLE,7.8443,RISING
2026-09-25,LABX,6.0,0.0399,0.023,MINOR,4,210.0,0.021,0.012,MINOR,3,908.0,3,48,BULL_BOUNCE_PENDING,LONG,57.2,MARGINAL,FAVORABLE,1.7286,RISING
2026-09-25,AS,6.0,0.17,0.172,COMPRESSION,18,968.0,0.2,0.203,COMPRESSION,20,374.0,57,5,BULL_BOUNCE_PENDING,LONG,63.8,CONVICTION,FAVORABLE,0.9861,RISING
2026-09-25,ATI,6.0,5.71,0.69,CONVICTION,572,368.0,2.71,0.328,CONVICTION,272,1139.0,28,28,BEAR_REJECTION_PENDING,SHORT,69.0,CONVICTION,FAVORABLE,8.2734,NEUTRAL
2026-09-25,BEN,6.0,0.1,0.122,COMPRESSION,11,593.0,0.22,0.269,COMPRESSION,23,307.0,26,19,BULL_BOUNCE_PENDING,LONG,64.2,CONVICTION,FAVORABLE,0.8172,FALLING
2026-09-25,BFH,6.0,0.11,0.029,MINOR,11,281.0,0.45,0.119,COMPRESSION,46,985.0,46,27,BULL_BOUNCE_PENDING,LONG,53.1,MARGINAL,FAVORABLE,3.79,NEUTRAL
2026-09-25,BLTE,6.0,2.89,0.356,CONVICTION,289,639.0,0.55,0.068,COMPRESSION,55,1110.0,65,44,CHANNEL_BREAKOUT,LONG,53.0,MARGINAL,FAVORABLE,8.1199,RISING
2026-09-25,GOLD,6.0,0.98,0.386,MINOR,98,549.0,0.1,0.039,MINOR,11,1147.0,52,24,BULL_BOUNCE_PENDING,LONG,56.2,MARGINAL,FAVORABLE,2.5364,FALLING
2026-09-25,ENTG,6.0,8.57,1.328,CONVICTION,857,326.0,2.25,0.349,CONVICTION,225,278.0,17,107,BULL_BOUNCE_PENDING,LONG,80.5,CONVICTION,FAVORABLE,6.4511,RISING
2026-09-25,HRI,6.0,2.06,0.282,CONVICTION,207,263.0,5.25,0.719,CONVICTION,525,1268.0,63,18,BULL_BOUNCE_PENDING,LONG,59.6,MARGINAL,FAVORABLE,7.3066,FALLING
2026-09-25,EWY,6.0,1.32,0.2,CONVICTION,132,530.0,1.22,0.184,CONVICTION,122,191.0,22,120,BULL_BOUNCE_CONFIRMED,LONG,79.2,CONVICTION,FAVORABLE,6.6159,RISING
2026-09-25,KMT,6.0,0.12,0.14,COMPRESSION,12,343.0,0.11,0.128,COMPRESSION,11,702.0,32,29,BULL_BOUNCE_PENDING,LONG,38.0,MARGINAL,FAVORABLE,0.8563,RISING
2026-09-25,NVMI,6.0,0.29,0.02,COMPRESSION,30,273.0,4.47,0.305,CONVICTION,447,170.0,33,70,DCB_BREAKOUT,LONG,40.3,MARGINAL,FAVORABLE,14.6382,RISING
2026-09-25,SIG,6.0,0.02,0.004,MINOR,3,132.0,0.12,0.022,COMPRESSION,13,3.0,36,24,BULL_BOUNCE_PENDING,LONG,58.3,MARGINAL,FAVORABLE,5.3793,FALLING
2026-09-25,RL,6.0,1.21,0.121,CONVICTION,121,555.0,2.27,0.227,CONVICTION,227,394.0,33,46,BUY_LOWER_DIRTY,LONG,48.9,MARGINAL,FAVORABLE,9.9855,RISING
2026-09-25,PSI,6.0,5.11,0.956,CONVICTION,511,301.0,3.81,0.713,CONVICTION,382,441.0,12,116,BEAR_REJECTION_PENDING,SHORT,72.1,CONVICTION,FAVORABLE,5.3436,RISING
2026-09-25,SITE,6.0,1.49,0.466,CONVICTION,150,449.0,0.42,0.131,COMPRESSION,43,140.0,45,10,BULL_BOUNCE,LONG,66.0,CONVICTION,FAVORABLE,3.1983,RISING
2026-09-25,TRU,6.0,3.14,1.121,CONVICTION,315,9.0,1.14,0.407,CONVICTION,115,96.0,81,17,BEAR_REJECTION_PENDING,SHORT,88.0,CONVICTION,FAVORABLE,2.8014,FALLING
2026-09-25,TYRA,6.0,0.06,0.022,COMPRESSION,6,339.0,0.19,0.071,MINOR,20,290.0,59,10,BULL_BOUNCE,LONG,71.0,CONVICTION,FAVORABLE,2.679,RISING
2026-09-25,VAC,6.0,0.59,0.14,COMPRESSION,60,868.0,2.36,0.56,CONVICTION,236,1341.0,43,40,BULL_BOUNCE_PENDING,LONG,52.8,MARGINAL,FAVORABLE,4.2125,FALLING
2026-09-25,TSDD,6.0,0.325,0.677,COMPRESSION,33,546.0,0.0099,0.021,MINOR,1,43.0,87,1,BULL_BOUNCE_PENDING,LONG,59.0,MARGINAL,FAVORABLE,0.48,RISING
2026-09-25,VFC,6.0,0.02,0.044,COMPRESSION,2,467.0,0.31,0.675,COMPRESSION,32,445.0,20,47,BULL_BOUNCE_CONFIRMED,LONG,88.8,CONVICTION,FAVORABLE,0.4593,RISING
2026-09-25,WCC,6.0,5.72,0.462,VACUUM,573,74.0,4.69,0.379,CONVICTION,469,346.0,29,88,BUY_LOWER_DIRTY,LONG,47.6,MARGINAL,FAVORABLE,12.3723,RISING
2026-09-25,XPO,6.0,0.81,0.124,COMPRESSION,81,170.0,1.16,0.178,CONVICTION,116,3.0,57,10,BULL_BOUNCE_PENDING,LONG,66.9,CONVICTION,FAVORABLE,6.5216,FALLING
2026-09-25,AKAN,6.0,0.08,0.205,COMPRESSION,9,146.0,0.18,0.461,COMPRESSION,18,660.0,12,12,BEAR_REJECTION_PENDING,SHORT,48.6,MARGINAL,FAVORABLE,0.3908,RISING
2026-09-25,BNC,6.0,0.075,0.105,COMPRESSION,8,193.0,0.41,0.573,COMPRESSION,42,627.0,20,43,BULL_BOUNCE_PENDING,LONG,77.6,CONVICTION,FAVORABLE,0.7154,RISING
2026-09-25,ABM,6.0,4.59,2.891,CONVICTION,459,153.0,0.4,0.252,COMPRESSION,40,920.0,37,37,BULL_BOUNCE_PENDING,LONG,73.2,CONVICTION,FAVORABLE,1.5879,RISING
2026-09-25,SMU,6.0,0.47,0.13,COMPRESSION,47,48.0,0.24,0.066,COMPRESSION,24,111.0,41,26,BEAR_REJECTION_PENDING,SHORT,61.3,CONVICTION,FAVORABLE,3.6176,FALLING
2026-09-25,EOSU,6.0,0.27,0.212,COMPRESSION,27,1061.0,0.0096,0.008,COMPRESSION,1,597.0,31,44,CHANNEL_BREAKOUT,LONG,65.0,CONVICTION,FAVORABLE,1.2759,FALLING
2026-09-25,BEG,6.0,1.93,0.302,CONVICTION,193,1239.0,0.06,0.009,COMPRESSION,6,441.0,37,56,BULL_BOUNCE_PENDING,LONG,67.2,CONVICTION,FAVORABLE,6.4,RISING
2026-09-25,COGT,6.0,0.45,0.336,COMPRESSION,46,869.0,15.29,11.432,CONVICTION,1529,423.0,21,5,BULL_BOUNCE_PENDING,LONG,88.2,CONVICTION,FAVORABLE,1.3375,NEUTRAL
2026-09-25,CYTK,6.0,0.57,0.238,COMPRESSION,58,357.0,0.33,0.138,COMPRESSION,33,1063.0,68,6,BULL_BOUNCE_PENDING,LONG,61.9,CONVICTION,FAVORABLE,2.3932,FALLING
2026-09-25,DYN,6.0,6.07,4.349,CONVICTION,607,1030.0,0.41,0.294,COMPRESSION,42,751.0,38,12,BULL_BOUNCE_PENDING,LONG,66.0,CONVICTION,FAVORABLE,1.3956,NEUTRAL
2026-09-25,ABVX,6.0,0.71,0.141,COMPRESSION,72,930.0,0.84,0.166,COMPRESSION,85,201.0,64,16,BULL_BOUNCE_PENDING,LONG,63.0,CONVICTION,FAVORABLE,5.0513,FALLING
2026-09-25,ENOV,6.0,0.03,0.028,COMPRESSION,4,1221.0,0.01,0.009,MINOR,2,142.0,14,21,BULL_BOUNCE_PENDING,LONG,40.0,MARGINAL,FAVORABLE,1.0764,RISING
2026-09-25,ENPH,6.0,1.11,0.576,CONVICTION,111,643.0,0.25,0.13,COMPRESSION,25,12.0,38,25,BEAR_REJECTION_PENDING,SHORT,70.0,CONVICTION,FAVORABLE,1.9257,FALLING
2026-09-25,FLEX,6.0,2.9,0.558,VACUUM,290,992.0,1.77,0.341,CONVICTION,178,308.0,16,20,BULL_BOUNCE_CONFIRMED,LONG,68.4,CONVICTION,FAVORABLE,5.1982,FALLING
2026-09-25,GPRK,6.0,0.17,0.379,COMPRESSION,17,583.0,0.43,0.96,COMPRESSION,43,798.0,35,48,BULL_BOUNCE_PENDING,LONG,64.5,CONVICTION,FAVORABLE,0.448,NEUTRAL
2026-09-25,FSLR,6.0,1.97,0.181,CONVICTION,197,925.0,9.485,0.873,CONVICTION,949,706.0,65,34,BEAR_REJECTION_PENDING,SHORT,71.8,CONVICTION,FAVORABLE,10.8706,FALLING
2026-09-25,NUR,6.0,0.06,0.087,MINOR,6,183.0,0.0161,0.023,MINOR,2,127.0,12,13,BEAR_REJECTION_PENDING,SHORT,56.5,MARGINAL,FAVORABLE,0.6919,NEUTRAL
2026-09-25,LYTE,6.0,0.08,0.075,COMPRESSION,9,191.0,0.14,0.131,COMPRESSION,15,148.0,48,79,BULL_BOUNCE_PENDING,LONG,59.8,MARGINAL,FAVORABLE,1.0657,RISING
2026-09-25,NAMS,6.0,1.38,0.88,CONVICTION,138,362.0,0.19,0.121,COMPRESSION,20,1281.0,28,40,BULL_BOUNCE_PENDING,LONG,59.0,MARGINAL,FAVORABLE,1.5673,RISING
2026-09-25,TVTX,6.0,0.01,0.004,MINOR,2,690.0,0.4,0.15,COMPRESSION,40,1361.0,37,32,BULL_BOUNCE_PENDING,LONG,72.1,CONVICTION,FAVORABLE,2.6685,NEUTRAL
2026-09-25,GCDT,6.0,0.0268,0.144,MINOR,3,193.0,0.0039,0.021,MINOR,1,102.0,5,7,BULL_BOUNCE_PENDING,LONG,69.0,CONVICTION,FAVORABLE,0.186,RISING
2026-09-25,FND,6.0,0.66,0.342,COMPRESSION,66,665.0,0.01,0.005,MINOR,2,198.0,52,1,BEAR_REJECTION_PENDING,SHORT,66.0,CONVICTION,FAVORABLE,1.9298,FALLING
2026-09-25,WGMI,6.0,0.32,0.124,COMPRESSION,33,86.0,1.64,0.636,CONVICTION,165,587.0,28,72,BULL_BOUNCE_PENDING,LONG,74.6,CONVICTION,FAVORABLE,2.5772,RISING
2026-09-25,UVIX,6.0,0.91,0.388,COMPRESSION,92,144.0,0.035,0.015,MINOR,4,97.0,56,9,BEAR_REJECTION_PENDING,SHORT,44.0,MARGINAL,FAVORABLE,2.3428,RISING
2026-09-25,JBS,6.0,0.07,0.205,COMPRESSION,7,531.0,0.005,0.015,MINOR,1,46.0,11,5,BULL_BOUNCE_PENDING,LONG,52.7,MARGINAL,FAVORABLE,0.3421,FALLING
2026-09-25,OLB,6.0,0.0014,0.033,MINOR,1,580.0,0.0001,0.002,MINOR,1,505.0,6,5,BULL_BOUNCE_PENDING,LONG,67.0,CONVICTION,FAVORABLE,0.0425,NEUTRAL
2026-09-25,IRD,6.0,0.01,0.017,COMPRESSION,1,616.0,0.005,0.008,MINOR,1,195.0,22,9,BULL_BOUNCE_PENDING,LONG,53.0,MARGINAL,FAVORABLE,0.6049,FALLING
2026-09-25,INDP,6.0,0.001,0.002,MINOR,1,351.0,0.01,0.016,MINOR,2,305.0,4,34,BULL_BOUNCE,LONG,59.0,MARGINAL,FAVORABLE,0.6081,NEUTRAL
2026-09-25,AMBQ,6.0,0.9,0.231,COMPRESSION,91,709.0,0.74,0.19,COMPRESSION,75,518.0,35,62,BULL_BOUNCE_CONFIRMED,LONG,74.0,CONVICTION,FAVORABLE,3.8946,RISING
2026-09-25,AMBA,6.0,1.04,0.224,CONVICTION,105,168.0,0.99,0.213,COMPRESSION,99,608.0,29,52,BULL_BOUNCE_CONFIRMED,LONG,66.0,CONVICTION,FAVORABLE,4.6411,RISING
2026-09-25,ASO,6.0,0.65,0.265,COMPRESSION,65,1217.0,0.21,0.086,COMPRESSION,22,551.0,80,26,BULL_BOUNCE_PENDING,LONG,63.8,CONVICTION,FAVORABLE,2.4523,FALLING
2026-09-25,RAL,6.0,0.73,0.301,MINOR,74,182.0,0.85,0.35,COMPRESSION,86,166.0,14,54,BULL_BOUNCE_PENDING,LONG,63.3,CONVICTION,FAVORABLE,2.428,RISING
2026-09-25,FTFT,6.0,0.0003,0.0,MINOR,1,1146.0,0.05,0.027,MINOR,5,404.0,3,16,BULL_BOUNCE_PENDING,LONG,55.0,MARGINAL,FAVORABLE,1.8572,RISING
2026-09-25,SSL,6.0,0.01,0.017,COMPRESSION,2,128.0,0.81,1.348,COMPRESSION,82,730.0,19,51,BULL_BOUNCE_PENDING,LONG,64.0,CONVICTION,FAVORABLE,0.601,NEUTRAL
2026-09-25,YMAT,6.0,0.0001,0.0,MINOR,1,943.0,0.08,0.173,COMPRESSION,8,340.0,4,22,BULL_BOUNCE_PENDING,LONG,73.0,CONVICTION,FAVORABLE,0.4613,NEUTRAL
2026-09-25,CMRC,6.0,0.05,0.216,COMPRESSION,6,438.0,0.05,0.216,COMPRESSION,5,39.0,40,32,BULL_BOUNCE_PENDING,LONG,66.4,CONVICTION,FAVORABLE,0.2313,FALLING
2026-09-25,BKV,6.0,1.29,1.197,CONVICTION,129,945.0,0.09,0.084,COMPRESSION,9,1092.0,7,28,BULL_BOUNCE_PENDING,LONG,60.5,CONVICTION,FAVORABLE,1.0776,NEUTRAL
2026-09-25,UMC,6.0,2.15,2.116,CONVICTION,216,553.0,0.81,0.797,COMPRESSION,81,1097.0,54,78,BULL_BOUNCE_PENDING,LONG,88.2,CONVICTION,FAVORABLE,1.016,RISING
2026-09-25,PCLA,6.0,2.36,1.53,CONVICTION,236,915.0,3.88,2.516,CONVICTION,388,1366.0,12,15,BULL_BOUNCE_PENDING,LONG,65.0,CONVICTION,FAVORABLE,1.5422,NEUTRAL
2026-09-25,COLD,6.0,0.1,0.196,MINOR,10,564.0,0.18,0.353,COMPRESSION,19,42.0,23,21,BULL_BOUNCE,LONG,63.8,CONVICTION,FAVORABLE,0.5098,FALLING
2026-09-25,COO,6.0,0.02,0.007,MINOR,2,42.0,0.2,0.071,MINOR,21,170.0,12,10,BULL_BOUNCE,LONG,74.0,CONVICTION,FAVORABLE,2.8005,RISING
2026-09-25,HGTY,6.0,0.11,0.236,MINOR,11,332.0,0.94,2.017,COMPRESSION,94,657.0,21,23,BULL_BOUNCE_PENDING,LONG,80.0,CONVICTION,FAVORABLE,0.4661,NEUTRAL
2026-09-25,DBGI,6.0,0.1448,0.122,COMPRESSION,15,1462.0,0.19,0.161,MINOR,19,1059.0,31,14,BULL_BOUNCE_PENDING,LONG,57.4,MARGINAL,FAVORABLE,1.1832,NEUTRAL
2026-09-25,SAM,6.0,0.2,0.032,COMPRESSION,20,308.0,0.67,0.106,COMPRESSION,67,195.0,84,15,BEAR_REJECTION_PENDING,SHORT,66.0,CONVICTION,FAVORABLE,6.3062,FALLING
2026-09-25,NXPI,6.0,3.1,0.395,CONVICTION,310,110.0,1.15,0.147,CONVICTION,115,29.0,37,32,BULL_BOUNCE,LONG,79.6,CONVICTION,FAVORABLE,7.849,RISING
2026-09-25,ERY,6.0,0.07,0.191,MINOR,8,275.0,0.19,0.519,COMPRESSION,19,465.0,28,81,BULL_BOUNCE_PENDING,LONG,80.0,CONVICTION,FAVORABLE,0.3664,RISING
2026-09-25,SHOE,6.0,0.01,0.013,COMPRESSION,1,38.0,0.23,0.3,COMPRESSION,24,537.0,38,32,BULL_BOUNCE_PENDING,LONG,68.0,CONVICTION,FAVORABLE,0.7659,FALLING
2026-09-25,WLTH,6.0,2.12,3.731,CONVICTION,212,185.0,0.07,0.123,COMPRESSION,8,613.0,14,31,BEAR_REJECTION_PENDING,SHORT,79.0,CONVICTION,FAVORABLE,0.5682,FALLING
2026-09-25,TIGO,6.0,0.23,0.094,MINOR,24,74.0,0.44,0.18,MINOR,44,199.0,37,19,BULL_BOUNCE_PENDING,LONG,60.0,CONVICTION,FAVORABLE,2.4414,NEUTRAL
2026-09-25,UAA,6.0,0.04,0.203,COMPRESSION,5,1143.0,0.07,0.355,COMPRESSION,8,242.0,29,3,BULL_BOUNCE_PENDING,LONG,53.6,MARGINAL,FAVORABLE,0.1971,FALLING
2026-09-25,TRMD,6.0,1.58,0.983,CONVICTION,158,310.0,0.025,0.016,COMPRESSION,3,767.0,64,43,BULL_BOUNCE_PENDING,LONG,71.2,CONVICTION,FAVORABLE,1.6068,FALLING
2026-09-25,SWRD,6.0,0.06,0.068,COMPRESSION,7,73.0,0.055,0.062,COMPRESSION,6,934.0,6,20,BULL_BOUNCE_PENDING,LONG,65.3,CONVICTION,FAVORABLE,0.8841,NEUTRAL
2026-09-25,WST,6.0,2.45,0.274,VACUUM,245,450.0,1.47,0.164,CONVICTION,147,263.0,23,59,BULL_BOUNCE_PENDING,LONG,56.0,MARGINAL,FAVORABLE,8.9481,NEUTRAL
2026-09-25,FEIM,6.0,0.135,0.023,MINOR,14,333.0,19.505,3.339,CONVICTION,1951,337.0,7,12,BULL_BOUNCE_CONFIRMED,LONG,70.0,CONVICTION,FAVORABLE,5.841,RISING
2026-09-25,AENT,6.0,0.06,0.118,MINOR,7,852.0,0.07,0.138,MINOR,8,1460.0,22,16,BULL_BOUNCE,LONG,63.0,CONVICTION,FAVORABLE,0.5078,NEUTRAL
2026-09-25,ACI,6.0,2.1,5.364,CONVICTION,210,460.0,0.01,0.026,COMPRESSION,1,301.0,27,19,BEAR_REJECTION_PENDING,SHORT,85.0,CONVICTION,FAVORABLE,0.3915,FALLING
2026-09-25,ALKT,6.0,2.4,2.061,CONVICTION,241,1011.0,0.045,0.039,COMPRESSION,5,35.0,26,11,BULL_BOUNCE_PENDING,LONG,66.0,CONVICTION,FAVORABLE,1.1647,FALLING
2026-09-25,ADI,6.0,12.5,1.142,CONVICTION,1250,530.0,1.325,0.121,CONVICTION,133,207.0,19,58,BEAR_REJECTION_PENDING,SHORT,60.0,CONVICTION,FAVORABLE,10.9417,RISING
2026-09-25,ATEC,6.0,0.11,0.218,MINOR,11,302.0,0.1,0.198,COMPRESSION,11,373.0,28,24,BULL_BOUNCE_PENDING,LONG,81.3,CONVICTION,FAVORABLE,0.5045,FALLING
2026-09-25,DSGX,6.0,0.89,0.278,COMPRESSION,90,857.0,1.64,0.512,CONVICTION,165,306.0,23,51,BULL_BOUNCE_PENDING,LONG,100.0,CONVICTION,FAVORABLE,3.2015,FALLING
2026-09-25,AVT,6.0,0.6126,0.16,MINOR,62,103.0,0.505,0.132,COMPRESSION,51,321.0,6,57,BULL_BOUNCE_PENDING,LONG,62.8,CONVICTION,FAVORABLE,3.82,RISING
2026-09-25,EME,6.0,6.64,0.275,CONVICTION,664,627.0,6.06,0.251,CONVICTION,607,1426.0,47,42,BULL_BOUNCE,LONG,71.0,CONVICTION,FAVORABLE,24.1087,RISING
2026-09-25,JBL,6.0,2.6,0.243,VACUUM,260,164.0,10.17,0.95,CONVICTION,1017,75.0,12,52,BULL_BOUNCE_CONFIRMED,LONG,79.0,CONVICTION,FAVORABLE,10.707,RISING
2026-09-25,HDB,6.0,1.62,2.749,CONVICTION,162,845.0,0.41,0.696,COMPRESSION,42,188.0,43,32,BULL_BOUNCE,LONG,74.0,CONVICTION,FAVORABLE,0.5892,RISING
2026-09-25,ECO,6.0,4.8,1.303,CONVICTION,480,74.0,1.32,0.358,CONVICTION,132,584.0,48,47,BULL_BOUNCE_PENDING,LONG,97.8,CONVICTION,FAVORABLE,3.6831,NEUTRAL
2026-09-25,M,6.0,0.32,0.326,MINOR,33,828.0,0.08,0.082,COMPRESSION,8,148.0,33,26,BULL_BOUNCE_PENDING,LONG,60.2,CONVICTION,FAVORABLE,0.9815,RISING
2026-09-25,MTN,6.0,0.98,0.224,COMPRESSION,99,66.0,0.67,0.153,COMPRESSION,67,284.0,46,12,BULL_BOUNCE_PENDING,LONG,80.3,CONVICTION,FAVORABLE,4.38,RISING
2026-09-25,MWH,6.0,0.34,0.27,COMPRESSION,34,1178.0,0.36,0.286,COMPRESSION,36,76.0,48,15,BULL_BOUNCE,LONG,79.3,CONVICTION,FAVORABLE,1.2575,RISING
2026-09-25,POWI,6.0,0.52,0.22,COMPRESSION,53,764.0,0.74,0.314,COMPRESSION,75,1406.0,19,28,BULL_BOUNCE_PENDING,LONG,71.0,CONVICTION,FAVORABLE,2.3583,RISING
2026-09-25,BMGL,6.0,0.1,0.1,MINOR,11,936.0,0.01,0.01,MINOR,2,53.0,43,3,BULL_BOUNCE_PENDING,LONG,53.3,MARGINAL,FAVORABLE,1.0044,RISING
2026-09-25,SYNA,6.0,4.39,0.943,CONVICTION,440,769.0,0.755,0.162,COMPRESSION,76,18.0,33,49,SHORT_UPPER_DIRTY,SHORT,56.7,MARGINAL,FAVORABLE,4.6537,RISING
2026-09-25,TEN,6.0,1.47,0.696,CONVICTION,147,578.0,0.36,0.17,COMPRESSION,36,567.0,51,44,BULL_BOUNCE_PENDING,LONG,60.4,CONVICTION,FAVORABLE,2.1117,FALLING
2026-09-25,SCNI,6.0,0.49,1.502,COMPRESSION,49,890.0,0.05,0.153,MINOR,5,117.0,22,21,BULL_BOUNCE_PENDING,LONG,59.1,MARGINAL,FAVORABLE,0.3263,RISING
2026-09-25,QNC,6.0,0.04,0.257,COMPRESSION,5,1001.0,0.02,0.129,COMPRESSION,3,1105.0,31,25,BULL_BOUNCE_PENDING,LONG,68.6,CONVICTION,FAVORABLE,0.1554,NEUTRAL
2026-09-25,ELMT,6.0,0.23,0.096,COMPRESSION,23,175.0,0.71,0.295,COMPRESSION,72,1495.0,50,17,BULL_BOUNCE_CONFIRMED,LONG,73.0,CONVICTION,FAVORABLE,2.4059,RISING
2026-09-25,FMX,6.0,1.42,0.526,CONVICTION,143,321.0,0.01,0.004,COMPRESSION,2,861.0,76,21,BUY_LOWER_DIRTY,LONG,54.8,MARGINAL,FAVORABLE,2.6979,RISING
2026-09-25,DRIP,6.0,0.37,0.219,COMPRESSION,37,97.0,0.78,0.463,COMPRESSION,79,350.0,29,101,BULL_BOUNCE_PENDING,LONG,75.3,CONVICTION,FAVORABLE,1.6859,RISING
2026-09-25,MRCY,6.0,0.5,0.142,COMPRESSION,50,924.0,1.07,0.303,VACUUM,107,430.0,29,35,BULL_BOUNCE_PENDING,LONG,84.0,CONVICTION,FAVORABLE,3.53,FALLING
2026-09-25,NYT,6.0,0.2,0.079,COMPRESSION,21,344.0,3.47,1.373,CONVICTION,347,924.0,48,10,BULL_BOUNCE_PENDING,LONG,75.9,CONVICTION,FAVORABLE,2.5264,RISING
2026-09-25,NTRA,6.0,0.42,0.031,MINOR,42,47.0,2.53,0.189,CONVICTION,254,907.0,3,82,BULL_BOUNCE_PENDING,LONG,54.0,MARGINAL,FAVORABLE,13.4143,RISING
2026-09-25,SN,6.0,1.1288,0.16,VACUUM,113,844.0,1.96,0.278,CONVICTION,197,432.0,14,66,BULL_BOUNCE_PENDING,LONG,48.0,MARGINAL,FAVORABLE,7.052,FALLING
2026-09-25,VEEA,6.0,0.1,0.084,MINOR,11,163.0,0.02,0.017,MINOR,3,163.0,18,2,CHANNEL_BREAKOUT,LONG,47.0,MARGINAL,FAVORABLE,1.1839,RISING
2026-09-25,MYSZ,6.0,0.35,1.233,COMPRESSION,35,765.0,0.01,0.035,COMPRESSION,2,383.0,17,14,BULL_BOUNCE_PENDING,LONG,81.5,CONVICTION,FAVORABLE,0.2838,RISING
2026-09-25,W,6.0,0.6,0.127,MINOR,60,107.0,1.55,0.329,VACUUM,156,97.0,25,21,BULL_BOUNCE_PENDING,LONG,76.1,CONVICTION,FAVORABLE,4.715,FALLING
2026-09-25,DGX,6.0,2.72,0.44,VACUUM,273,224.0,18.07,2.923,CONVICTION,1807,367.0,18,37,BEAR_REJECTION_PENDING,SHORT,70.3,CONVICTION,FAVORABLE,6.181,FALLING
2026-09-25,ADPT,6.0,,,,,,0.08,0.065,COMPRESSION,9,356.0,0,51,BULL_BOUNCE_PENDING,LONG,68.7,CONVICTION,FAVORABLE,1.2371,RISING
2026-09-25,CANG,6.0,0.03,0.103,COMPRESSION,4,842.0,0.028,0.096,COMPRESSION,3,307.0,21,24,BULL_BOUNCE_PENDING,LONG,50.0,MARGINAL,FAVORABLE,0.2905,RISING
2026-09-25,CRCD,6.0,0.055,0.199,COMPRESSION,6,54.0,0.015,0.054,MINOR,2,449.0,21,3,BEAR_REJECTION_PENDING,SHORT,64.8,CONVICTION,FAVORABLE,0.2769,FALLING
2026-09-25,DHR,6.0,5.02,0.902,CONVICTION,503,276.0,0.22,0.04,COMPRESSION,22,486.0,10,68,BEAR_REJECTION_PENDING,SHORT,72.2,CONVICTION,FAVORABLE,5.5675,RISING
2026-09-25,KBR,6.0,0.17,0.161,COMPRESSION,18,1442.0,0.05,0.047,MINOR,6,1350.0,63,4,BEAR_REJECTION_PENDING,SHORT,56.2,MARGINAL,FAVORABLE,1.0539,NEUTRAL
2026-09-25,GMAB,6.0,0.015,0.02,MINOR,2,21.0,0.37,0.486,COMPRESSION,38,758.0,12,93,BULL_BOUNCE_PENDING,LONG,64.7,CONVICTION,FAVORABLE,0.7607,RISING
2026-09-25,LH,6.0,2.41,0.276,CONVICTION,242,780.0,8.84,1.014,CONVICTION,885,594.0,67,45,BEAR_REJECTION_PENDING,SHORT,89.0,CONVICTION,FAVORABLE,8.7179,FALLING
2026-09-25,NAMI,6.0,0.12,0.32,COMPRESSION,12,1345.0,,,,,,44,0,BEAR_REJECTION_PENDING,SHORT,44.0,MARGINAL,FAVORABLE,0.3745,RISING
2026-09-25,ETHD,6.0,0.869,0.38,MINOR,87,192.0,0.52,0.228,COMPRESSION,52,139.0,67,5,BULL_BOUNCE_PENDING,LONG,60.9,CONVICTION,FAVORABLE,2.2857,FALLING
2026-09-25,SDGR,6.0,0.03,0.015,MINOR,4,80.0,0.41,0.208,COMPRESSION,42,190.0,6,20,BULL_BOUNCE_PENDING,LONG,60.8,CONVICTION,FAVORABLE,1.9695,RISING
2026-09-25,TMO,6.0,0.14,0.009,MINOR,14,25.0,2.44,0.159,CONVICTION,244,365.0,3,82,BULL_BOUNCE_PENDING,LONG,59.5,MARGINAL,FAVORABLE,15.3457,RISING
2026-09-25,ZD,6.0,0.01,0.006,COMPRESSION,1,405.0,0.225,0.134,COMPRESSION,23,10.0,38,25,BULL_BOUNCE_PENDING,LONG,72.8,CONVICTION,FAVORABLE,1.6769,FALLING
2026-09-25,SU,6.0,0.28,0.145,MINOR,29,33.0,1.11,0.575,CONVICTION,111,1229.0,21,85,BULL_BOUNCE_PENDING,LONG,51.0,MARGINAL,FAVORABLE,1.9299,RISING
2026-09-25,MEDS,6.0,0.09,0.055,MINOR,9,838.0,0.0493,0.03,MINOR,5,568.0,37,9,BULL_BOUNCE_PENDING,LONG,53.6,MARGINAL,FAVORABLE,1.6305,RISING
2026-09-25,LUXE,6.0,0.38,0.637,COMPRESSION,38,762.0,0.29,0.486,COMPRESSION,29,98.0,32,22,BULL_BOUNCE_PENDING,LONG,65.6,CONVICTION,FAVORABLE,0.5969,RISING
2026-09-25,CIFG,,0.03,0.042,MINOR,4,325.0,0.1174,0.163,COMPRESSION,12,135.0,31,43,BULL_BOUNCE_PENDING,LONG,55.0,MARGINAL,FAVORABLE,0.7184,RISING
2026-09-25,CIFU,,0.16,0.092,COMPRESSION,17,731.0,0.29,0.166,COMPRESSION,29,1170.0,43,33,BULL_BOUNCE,LONG,67.0,CONVICTION,FAVORABLE,1.7437,RISING
2026-09-25,CROX,6.0,0.64,0.154,COMPRESSION,64,589.0,3.29,0.794,CONVICTION,329,412.0,41,105,BULL_BOUNCE_PENDING,LONG,85.8,CONVICTION,FAVORABLE,4.1457,NEUTRAL
2026-09-25,DCO,6.0,0.18,0.027,COMPRESSION,19,967.0,2.22,0.327,CONVICTION,223,1287.0,26,68,BUY_LOWER_DIRTY,LONG,56.1,MARGINAL,FAVORABLE,6.7857,FALLING
2026-09-25,DLXY,6.0,0.003,0.006,MINOR,1,1104.0,0.001,0.002,COMPRESSION,1,828.0,23,13,BULL_BOUNCE_PENDING,LONG,64.7,CONVICTION,FAVORABLE,0.4834,RISING
2026-09-25,MANH,6.0,65.17,9.117,CONVICTION,6517,630.0,26.83,3.753,CONVICTION,2684,698.0,25,37,BULL_BOUNCE,LONG,73.3,CONVICTION,FAVORABLE,7.1482,NEUTRAL
2026-09-25,OPCH,6.0,0.03,0.042,MINOR,4,161.0,0.17,0.236,COMPRESSION,17,432.0,49,14,BULL_BOUNCE_PENDING,LONG,74.2,CONVICTION,FAVORABLE,0.7214,FALLING
2026-09-25,FAZ,6.0,0.28,0.209,COMPRESSION,29,546.0,0.23,0.172,COMPRESSION,24,1473.0,37,61,BULL_BOUNCE_PENDING,LONG,68.9,CONVICTION,FAVORABLE,1.3411,RISING
2026-09-25,MTD,6.0,,,,,,10.34,0.249,CONVICTION,1035,746.0,0,123,BULL_BOUNCE_PENDING,LONG,46.0,MARGINAL,FAVORABLE,41.4586,RISING
2026-09-25,PLMR,6.0,0.32,0.076,COMPRESSION,32,800.0,0.43,0.102,COMPRESSION,43,515.0,140,16,BULL_BOUNCE_PENDING,LONG,74.3,CONVICTION,FAVORABLE,4.215,FALLING
2026-09-25,ABSI,6.0,0.0147,0.02,MINOR,2,204.0,0.41,0.563,COMPRESSION,42,437.0,19,30,BULL_BOUNCE_PENDING,LONG,43.0,MARGINAL,FAVORABLE,0.7282,RISING
2026-09-25,BG,6.0,0.08,0.018,COMPRESSION,8,480.0,0.34,0.078,COMPRESSION,35,896.0,64,14,BULL_BOUNCE_PENDING,LONG,58.1,MARGINAL,FAVORABLE,4.3804,FALLING
2026-09-25,SDOW,6.0,0.57,0.793,COMPRESSION,58,91.0,0.17,0.237,COMPRESSION,18,417.0,39,81,BULL_BOUNCE_PENDING,LONG,60.5,CONVICTION,FAVORABLE,0.7188,RISING
2026-09-25,PAAI,6.0,0.009,0.017,MINOR,1,58.0,0.015,0.029,MINOR,2,549.0,2,21,BULL_BOUNCE_PENDING,LONG,46.6,MARGINAL,FAVORABLE,0.5234,
2026-09-25,EBAY,6.0,1.44,0.397,VACUUM,144,463.0,0.22,0.061,COMPRESSION,22,1213.0,20,23,BEAR_REJECTION_PENDING,SHORT,62.7,CONVICTION,FAVORABLE,3.6227,FALLING
2026-09-25,PSIX,6.0,0.6457,0.229,COMPRESSION,65,132.0,3.36,1.191,CONVICTION,336,655.0,1,69,BULL_BOUNCE_PENDING,LONG,57.9,MARGINAL,FAVORABLE,2.8219,RISING
2026-09-25,VGNT,6.0,0.54,0.293,MINOR,55,294.0,0.23,0.125,MINOR,24,208.0,53,29,BULL_BOUNCE_PENDING,LONG,63.8,CONVICTION,FAVORABLE,1.8434,FALLING
2026-09-25,TH,6.0,,,,,,0.26,0.278,COMPRESSION,26,188.0,0,55,DCB_BREAKOUT,LONG,49.0,MARGINAL,FAVORABLE,0.9363,RISING
2026-09-25,ARXS,6.0,0.51,0.21,MINOR,51,760.0,0.66,0.272,COMPRESSION,67,1271.0,16,13,BULL_BOUNCE_PENDING,LONG,72.8,CONVICTION,FAVORABLE,2.4293,RISING
2026-09-25,SECZ,6.0,0.15,0.114,MINOR,16,6.0,0.005,0.004,COMPRESSION,1,1423.0,6,22,BULL_BOUNCE_PENDING,LONG,79.5,CONVICTION,FAVORABLE,1.3113,RISING
2026-09-25,TNMG,6.0,0.13,0.16,MINOR,13,62.0,0.18,0.222,MINOR,19,1408.0,1,3,BULL_BOUNCE_CONFIRMED,LONG,74.0,CONVICTION,FAVORABLE,0.8122,RISING
2026-09-25,MSTX,6.0,1.87,0.903,CONVICTION,187,747.0,1.73,0.836,CONVICTION,174,201.0,11,56,BULL_BOUNCE_PENDING,LONG,84.7,CONVICTION,FAVORABLE,2.0699,RISING
2026-09-25,BRR,6.0,,,,,,0.17,0.621,COMPRESSION,18,484.0,0,29,BULL_BOUNCE_PENDING,LONG,80.5,CONVICTION,FAVORABLE,0.2739,RISING
2026-09-25,BRVE,6.0,0.005,0.002,COMPRESSION,1,92.0,0.06,0.025,COMPRESSION,7,262.0,18,41,BULL_BOUNCE_CONFIRMED,LONG,71.4,CONVICTION,FAVORABLE,2.4466,RISING
2026-09-25,ASML,6.0,62.68,1.139,CONVICTION,6269,308.0,13.15,0.239,CONVICTION,1315,353.0,13,103,BULL_BOUNCE_CONFIRMED,LONG,79.0,CONVICTION,FAVORABLE,55.0221,RISING
2026-09-25,ASX,6.0,0.05,0.028,MINOR,5,132.0,1.11,0.612,CONVICTION,111,419.0,6,100,BULL_BOUNCE_PENDING,LONG,62.0,CONVICTION,FAVORABLE,1.8149,RISING
2026-09-25,BTGO,6.0,0.07,0.109,MINOR,8,345.0,0.25,0.388,COMPRESSION,25,228.0,13,35,BULL_BOUNCE_CONFIRMED,LONG,80.0,CONVICTION,FAVORABLE,0.6448,RISING
2026-09-25,FRNM,6.0,0.015,0.016,COMPRESSION,2,55.0,0.11,0.116,COMPRESSION,11,924.0,16,52,BULL_BOUNCE_PENDING,LONG,75.4,CONVICTION,FAVORABLE,0.9501,RISING
2026-09-25,DFDV,6.0,0.09,0.159,COMPRESSION,9,464.0,0.27,0.476,COMPRESSION,27,945.0,20,41,BULL_BOUNCE_PENDING,LONG,60.3,CONVICTION,FAVORABLE,0.5678,RISING
2026-09-25,ETN,6.0,11.21,0.74,CONVICTION,1121,93.0,5.44,0.359,CONVICTION,544,224.0,12,124,BULL_BOUNCE_PENDING,LONG,51.0,MARGINAL,FAVORABLE,15.1395,RISING
2026-09-25,GEMI,6.0,0.04,0.082,COMPRESSION,5,368.0,0.005,0.01,COMPRESSION,1,237.0,4,14,BULL_BOUNCE,LONG,63.0,CONVICTION,FAVORABLE,0.4866,RISING
2026-09-25,FWDI,6.0,0.102,0.159,MINOR,11,9.0,0.52,0.813,COMPRESSION,53,261.0,22,38,BULL_BOUNCE_CONFIRMED,LONG,76.0,CONVICTION,FAVORABLE,0.6397,RISING
2026-09-25,ODTX,6.0,0.0125,0.005,COMPRESSION,2,639.0,0.17,0.071,COMPRESSION,18,1092.0,26,16,BULL_BOUNCE_PENDING,LONG,54.0,MARGINAL,FAVORABLE,2.3869,RISING
2026-09-25,NVT,6.0,4.48,0.686,CONVICTION,449,279.0,3.13,0.479,CONVICTION,313,242.0,17,85,BULL_BOUNCE_CONFIRMED,LONG,75.6,CONVICTION,FAVORABLE,6.5316,RISING
2026-09-25,MKSI,6.0,7.61,0.665,CONVICTION,762,327.0,5.9,0.515,CONVICTION,591,188.0,37,70,BULL_BOUNCE_PENDING,LONG,78.4,CONVICTION,FAVORABLE,11.4504,RISING
2026-09-25,SCTX,6.0,0.26,0.069,COMPRESSION,27,1275.0,0.63,0.168,COMPRESSION,63,635.0,23,46,BULL_BOUNCE_PENDING,LONG,55.9,MARGINAL,FAVORABLE,3.7473,RISING
2026-09-25,SSMR,6.0,0.22,0.184,COMPRESSION,23,134.0,0.09,0.075,COMPRESSION,9,480.0,48,34,BULL_BOUNCE_PENDING,LONG,60.8,CONVICTION,FAVORABLE,1.1975,RISING
2026-09-25,VITL,6.0,0.08,0.127,COMPRESSION,9,908.0,0.13,0.207,MINOR,14,20.0,36,17,BULL_BOUNCE_PENDING,LONG,50.9,MARGINAL,FAVORABLE,0.6279,RISING
2026-09-25,VRRM,6.0,0.005,0.029,MINOR,1,153.0,0.01,0.058,MINOR,1,3.0,38,4,BEAR_REJECTION_PENDING,SHORT,40.0,MARGINAL,FAVORABLE,0.1721,RISING
2026-09-25,BURL,6.0,0.5,0.054,COMPRESSION,50,392.0,3.73,0.4,CONVICTION,373,800.0,43,58,BULL_BOUNCE_PENDING,LONG,76.2,CONVICTION,FAVORABLE,9.3346,RISING
2026-09-25,HHH,6.0,0.32,0.166,COMPRESSION,32,1100.0,0.38,0.197,COMPRESSION,38,47.0,22,33,BEAR_REJECTION_PENDING,SHORT,52.0,MARGINAL,FAVORABLE,1.9294,FALLING
2026-09-25,CRMU,6.0,0.1019,0.238,COMPRESSION,11,257.0,0.6298,1.473,COMPRESSION,63,478.0,21,35,BEAR_REJECTION_PENDING,SHORT,44.0,MARGINAL,FAVORABLE,0.4277,RISING
2026-09-25,IRDM,6.0,0.25,0.245,COMPRESSION,25,340.0,0.03,0.029,COMPRESSION,3,290.0,28,44,BEAR_REJECTION_PENDING,SHORT,59.1,MARGINAL,FAVORABLE,1.0196,FALLING
2026-09-25,LION,6.0,0.06,0.142,COMPRESSION,7,865.0,0.05,0.118,COMPRESSION,5,1184.0,32,25,BEAR_REJECTION_PENDING,SHORT,51.9,MARGINAL,FAVORABLE,0.4225,FALLING
2026-09-25,MPT,6.0,0.01,0.065,COMPRESSION,1,1142.0,0.0175,0.113,MINOR,2,474.0,45,16,BULL_BOUNCE_PENDING,LONG,54.2,MARGINAL,FAVORABLE,0.1543,RISING
2026-09-25,LSCC,6.0,7.588,1.405,CONVICTION,759,119.0,1.43,0.265,CONVICTION,144,831.0,18,80,BULL_BOUNCE_PENDING,LONG,58.0,MARGINAL,FAVORABLE,5.4026,RISING
2026-09-25,NXST,,1.1,0.153,CONVICTION,110,182.0,2.36,0.329,VACUUM,236,89.0,45,25,BEAR_REJECTION_PENDING,SHORT,50.0,MARGINAL,FAVORABLE,7.1759,FALLING
2026-09-25,NEOG,6.0,0.2,0.397,COMPRESSION,21,1005.0,0.12,0.238,COMPRESSION,12,444.0,17,32,BULL_BOUNCE_PENDING,LONG,80.4,CONVICTION,FAVORABLE,0.5039,RISING
2026-09-25,TQQQ,6.0,1.34,0.469,VACUUM,135,634.0,2.191,0.766,CONVICTION,220,662.0,7,85,BULL_BOUNCE_PENDING,LONG,62.2,CONVICTION,FAVORABLE,2.86,RISING
2026-09-25,RMBS,6.0,3.61,0.698,CONVICTION,361,117.0,2.72,0.526,VACUUM,272,791.0,11,84,BULL_BOUNCE_CONFIRMED,LONG,74.0,CONVICTION,FAVORABLE,5.1734,RISING
2026-09-25,QLD,6.0,0.98,0.411,COMPRESSION,99,167.0,1.86,0.779,CONVICTION,186,465.0,11,141,BULL_BOUNCE_PENDING,LONG,53.2,MARGINAL,FAVORABLE,2.3869,RISING
2026-09-25,DCOY,6.0,0.01,0.014,MINOR,2,364.0,0.19,0.261,COMPRESSION,19,563.0,21,7,BULL_BOUNCE_PENDING,LONG,84.9,CONVICTION,FAVORABLE,0.7267,RISING
2026-09-25,MAZE,6.0,0.81,0.424,MINOR,81,739.0,2.0,1.046,CONVICTION,200,1243.0,13,20,BULL_BOUNCE_PENDING,LONG,72.3,CONVICTION,FAVORABLE,1.9118,FALLING
2026-09-25,USD,6.0,12.49,2.782,CONVICTION,1249,93.0,2.72,0.606,CONVICTION,273,635.0,19,113,BULL_BOUNCE_CONFIRMED,LONG,74.0,CONVICTION,FAVORABLE,4.4891,RISING
2026-09-25,APH,6.0,1.7482,0.628,VACUUM,175,217.0,2.36,0.847,CONVICTION,236,52.0,11,70,BULL_BOUNCE_PENDING,LONG,54.0,MARGINAL,FAVORABLE,2.7847,NEUTRAL
2026-09-25,ARWR,6.0,0.7,0.158,MINOR,71,292.0,0.83,0.187,COMPRESSION,83,1349.0,40,22,BULL_BOUNCE_PENDING,LONG,83.3,CONVICTION,FAVORABLE,4.4364,FALLING
2026-09-25,BLZE,6.0,0.24,0.3,COMPRESSION,25,84.0,0.2,0.25,COMPRESSION,20,252.0,22,39,BULL_BOUNCE,LONG,74.4,CONVICTION,FAVORABLE,0.7992,NEUTRAL
2026-09-25,BHE,6.0,1.41,0.493,CONVICTION,141,951.0,1.17,0.409,CONVICTION,117,749.0,16,94,BEAR_REJECTION_PENDING,SHORT,57.0,MARGINAL,FAVORABLE,2.8586,RISING
2026-09-25,ESI,6.0,0.3,0.224,COMPRESSION,30,1455.0,0.82,0.612,COMPRESSION,83,272.0,36,37,BEAR_REJECTION_PENDING,SHORT,59.5,MARGINAL,FAVORABLE,1.3394,RISING
2026-09-25,JAGX,6.0,0.0045,0.001,MINOR,1,50.0,0.03,0.005,MINOR,4,182.0,8,11,BULL_BOUNCE_PENDING,LONG,62.0,CONVICTION,FAVORABLE,5.8209,RISING
2026-09-25,CHPY,6.0,2.26,1.209,CONVICTION,227,1004.0,1.17,0.626,CONVICTION,118,349.0,52,122,CHANNEL_BREAKOUT,LONG,53.0,MARGINAL,FAVORABLE,1.8696,RISING
2026-09-25,IPDN,6.0,1.12,1.016,CONVICTION,113,1198.0,0.04,0.036,MINOR,5,365.0,14,34,BULL_BOUNCE_PENDING,LONG,61.0,CONVICTION,FAVORABLE,1.1026,RISING
2026-09-25,KLIC,6.0,5.48,1.503,CONVICTION,549,503.0,2.33,0.639,CONVICTION,233,503.0,33,50,BULL_BOUNCE_CONFIRMED,LONG,76.6,CONVICTION,FAVORABLE,3.6459,RISING
2026-09-25,MSOS,6.0,0.02,0.084,COMPRESSION,3,560.0,0.03,0.125,COMPRESSION,3,483.0,21,22,BULL_BOUNCE_PENDING,LONG,80.2,CONVICTION,FAVORABLE,0.2393,RISING
2026-09-25,NOVT,6.0,3.93,0.744,CONVICTION,394,78.0,2.6,0.492,CONVICTION,260,326.0,52,48,BULL_BOUNCE_PENDING,LONG,56.0,MARGINAL,FAVORABLE,5.2824,FALLING
2026-09-25,SRAD,6.0,0.04,0.066,MINOR,4,31.0,0.21,0.347,COMPRESSION,22,260.0,26,12,BULL_BOUNCE_PENDING,LONG,58.7,MARGINAL,FAVORABLE,0.6054,NEUTRAL
2026-09-25,VVV,6.0,0.31,0.304,COMPRESSION,32,1130.0,0.32,0.314,COMPRESSION,33,474.0,48,26,BULL_BOUNCE_PENDING,LONG,66.8,CONVICTION,FAVORABLE,1.0186,FALLING
2026-09-25,SOXX,6.0,46.315,2.707,CONVICTION,4632,556.0,12.01,0.702,CONVICTION,1201,531.0,16,89,BULL_BOUNCE_CONFIRMED,LONG,67.4,CONVICTION,FAVORABLE,17.1085,RISING
2026-09-25,MSS,,0.21,0.839,COMPRESSION,21,335.0,0.11,0.439,MINOR,12,1285.0,2,28,BULL_BOUNCE_PENDING,LONG,56.5,MARGINAL,FAVORABLE,0.2503,RISING
2026-09-25,ARTL,6.0,0.09,0.059,MINOR,9,246.0,0.02,0.013,MINOR,2,492.0,19,14,BULL_BOUNCE,LONG,71.0,CONVICTION,FAVORABLE,1.5232,RISING
2026-09-25,IR,,0.33,0.172,COMPRESSION,33,538.0,0.68,0.355,COMPRESSION,69,235.0,52,17,BULL_BOUNCE_PENDING,LONG,60.5,CONVICTION,FAVORABLE,1.9137,FALLING
2026-09-25,WHLR,6.0,0.905,0.744,COMPRESSION,91,539.0,0.02,0.016,MINOR,3,760.0,19,18,BULL_BOUNCE_PENDING,LONG,68.0,CONVICTION,FAVORABLE,1.2157,RISING
2026-09-25,VSA,6.0,0.16,0.269,MINOR,17,219.0,0.0472,0.079,MINOR,5,693.0,18,16,BULL_BOUNCE_PENDING,LONG,53.6,MARGINAL,FAVORABLE,0.5948,RISING
2026-09-25,SRZN,,1.19,0.44,VACUUM,119,99.0,13.02,4.818,CONVICTION,1302,481.0,7,1,BULL_BOUNCE_PENDING,LONG,100.0,CONVICTION,FAVORABLE,2.7025,RISING
2026-09-25,TMV,,0.18,0.143,MINOR,18,78.0,0.13,0.103,COMPRESSION,14,1464.0,13,93,BULL_BOUNCE_PENDING,LONG,79.1,CONVICTION,FAVORABLE,1.263,FALLING
2026-09-25,SPHL,6.0,0.061,0.254,MINOR,7,287.0,0.38,1.581,COMPRESSION,38,138.0,33,8,BULL_BOUNCE_PENDING,LONG,79.6,CONVICTION,FAVORABLE,0.2403,NEUTRAL
2026-09-25,SVRN,,1.9185,0.413,VACUUM,192,90.0,1.06,0.228,VACUUM,106,896.0,1,16,BULL_BOUNCE_PENDING,LONG,85.6,CONVICTION,FAVORABLE,4.6502,RISING
2026-09-25,A,,0.015,0.003,MINOR,2,58.0,1.4,0.29,CONVICTION,141,875.0,3,123,BULL_BOUNCE_PENDING,LONG,82.0,CONVICTION,FAVORABLE,4.8243,RISING
2026-09-25,GRMN,,2.75,0.411,CONVICTION,275,422.0,1.72,0.257,CONVICTION,172,440.0,14,86,BULL_BOUNCE_PENDING,LONG,46.0,MARGINAL,FAVORABLE,6.6986,FALLING
2026-09-25,HAFN,,0.18,0.49,COMPRESSION,18,360.0,0.06,0.163,COMPRESSION,7,302.0,65,43,BULL_BOUNCE_PENDING,LONG,89.8,CONVICTION,FAVORABLE,0.3674,FALLING
2026-09-25,PRGO,6.0,0.02,0.033,MINOR,2,169.0,0.295,0.481,COMPRESSION,30,512.0,1,50,BULL_BOUNCE_PENDING,LONG,89.9,CONVICTION,FAVORABLE,0.6134,RISING
2026-09-25,KEYS,,8.5205,0.777,VACUUM,853,169.0,6.63,0.604,CONVICTION,663,510.0,2,98,BULL_BOUNCE_PENDING,LONG,52.9,MARGINAL,FAVORABLE,10.9689,RISING
2026-09-25,IONX,,2.555,0.834,CONVICTION,256,574.0,2.09,0.682,CONVICTION,209,1062.0,17,45,CHANNEL_BREAKOUT,LONG,53.0,MARGINAL,FAVORABLE,3.0624,RISING
2026-09-25,RSKD,6.0,,,,,,0.011,0.031,COMPRESSION,2,685.0,0,26,BULL_BOUNCE_PENDING,LONG,65.0,CONVICTION,FAVORABLE,0.3517,RISING
2026-09-25,SNEX,6.0,0.8966,0.379,MINOR,90,171.0,0.12,0.051,COMPRESSION,12,1074.0,6,40,BULL_BOUNCE_PENDING,LONG,56.0,MARGINAL,FAVORABLE,2.3658,RISING
2026-09-25,MGLD,,0.04,0.666,MINOR,5,919.0,0.0196,0.326,MINOR,2,508.0,21,8,BULL_BOUNCE,LONG,74.0,CONVICTION,FAVORABLE,0.0601,RISING
2026-09-25,TEVA,,,,,,,0.11,0.085,COMPRESSION,12,240.0,0,51,BULL_BOUNCE_PENDING,LONG,54.0,MARGINAL,FAVORABLE,1.2934,NEUTRAL
2026-09-25,TRIP,6.0,0.1,0.252,COMPRESSION,10,1427.0,0.05,0.126,MINOR,5,526.0,10,28,BULL_BOUNCE_PENDING,LONG,71.9,CONVICTION,FAVORABLE,0.3961,FALLING
2026-09-25,PPLI,,0.13,0.114,COMPRESSION,13,326.0,0.12,0.105,COMPRESSION,13,3.0,16,12,BULL_BOUNCE_PENDING,LONG,86.5,CONVICTION,FAVORABLE,1.1386,FALLING
2026-09-25,UFPT,6.0,0.49,0.063,COMPRESSION,50,340.0,0.92,0.118,COMPRESSION,93,615.0,24,134,CHANNEL_GAP_BREAKDOWN_SHORT,SHORT,59.2,MARGINAL,FAVORABLE,7.8139,RISING
2026-09-25,CBRG,6.0,0.1,0.241,COMPRESSION,10,1354.0,0.05,0.12,COMPRESSION,5,937.0,4,48,BULL_BOUNCE_PENDING,LONG,47.5,MARGINAL,FAVORABLE,0.415,RISING
2026-09-25,UNH,6.0,1.12,0.113,CONVICTION,113,450.0,0.63,0.064,MINOR,63,95.0,21,51,BULL_BOUNCE_PENDING,LONG,55.1,MARGINAL,FAVORABLE,9.9203,RISING
2026-09-25,V,6.0,3.68,0.644,VACUUM,369,201.0,2.25,0.394,CONVICTION,225,227.0,30,57,BULL_BOUNCE_PENDING,LONG,46.0,MARGINAL,FAVORABLE,5.7168,FALLING
2026-09-25,KORU,6.0,5.9555,2.605,CONVICTION,596,255.0,0.1,0.044,COMPRESSION,11,567.0,16,45,BEAR_REJECTION_PENDING,SHORT,73.0,CONVICTION,FAVORABLE,2.2863,RISING
2026-09-25,MGM,,3.98,3.461,CONVICTION,399,21.0,0.31,0.27,COMPRESSION,31,1352.0,48,13,BEAR_REJECTION_PENDING,SHORT,79.0,CONVICTION,FAVORABLE,1.15,FALLING
2026-09-25,RCL,6.0,2.19,0.232,CONVICTION,219,913.0,3.03,0.321,CONVICTION,304,1079.0,21,71,BEAR_REJECTION_PENDING,SHORT,76.4,CONVICTION,FAVORABLE,9.451,FALLING
2026-09-25,MCD,,0.34,0.071,COMPRESSION,35,1483.0,0.0633,0.013,MINOR,7,57.0,57,31,BEAR_REJECTION_PENDING,SHORT,52.1,MARGINAL,FAVORABLE,4.782,FALLING
