ticker,current_price,phase,consumed_pct,consumed_count,overhead_count,total_in_arc,next_major_top,next_major_bot,next_major_ticks,next_major_tf,next_major_dist_pct,sub_tf_status_str,has_recent_flip,total_bearish_gaps,est_open,stop,target,shares,expected_pct,rr,promoted
A,175.03,BASING,0.0,0,10,10,176.0,175.04,97,1h,0.01,10 bear-built-above · rel-vol 0.8x · regime CHOP,False,12,175.03,172.4046,176.0,38,0.55,0.37,False
AA,42.01,BASING,0.0,0,16,16,48.26,47.25,101,weekly,12.47,54 bear-built-above · rel-vol 0.9x · regime CHOP,False,16,42.01,41.3798,48.26,158,14.88,9.92,False
AAL,13.6833,BASING,0.0,0,13,13,14.83,14.772,6,weekly,7.96,rel-vol 0.8x · regime CHOP,True,13,13.6833,13.4781,14.83,487,8.38,5.59,False
AAOI,101.1,BASING,0.0,0,19,19,124.82,109.125,1570,weekly,7.94,14 bear-built-above · rel-vol 1.1x · regime CHOP,False,19,101.1,99.5835,124.82,65,23.46,15.64,False
AAON,85.66,BASING,0.0,0,13,13,101.02,98.08,294,daily,14.5,9 bear-built-above · rel-vol 0.8x · regime CHOP,True,13,85.66,84.3751,101.02,77,17.93,11.95,False
AAOZ,13.6903,BASING,0.0,0,20,20,14.43,14.35,9,30m,4.82,27 bear-built-above · rel-vol 1.6x · regime CHOP,False,20,13.6903,13.4849,14.43,486,5.4,3.6,False
AAP,39.7054,BASING,0.0,0,20,20,41.73,41.725,1,weekly,5.09,33 bear-built-above · rel-vol 1.1x · regime CHOP,False,20,39.7054,39.1098,41.73,167,5.1,3.4,False
AAPL,330.22,BASING,0.0,0,16,16,338.4,336.965,144,daily,2.04,16 bear-built-above · rel-vol 0.9x · regime CHOP,False,18,330.22,325.2667,338.4,20,2.48,1.65,False
AAPU,43.39,BASING,0.0,0,20,20,45.72,45.22,50,daily,4.22,78 bear-built-above · rel-vol 0.7x · regime CHOP,True,22,43.39,42.7392,45.72,153,5.37,3.58,False
ABCL,14.94,BASING,0.0,0,10,10,15.0,14.96,4,10m,0.13,10 bear-built-above · rel-vol 2.0x · regime CHOP,True,10,14.94,14.7159,15.0,446,0.4,0.27,False
ABM,48.62,BASING,0.0,0,20,20,54.91,50.32,459,daily,3.5,26 bear-built-above · rel-vol 0.8x · regime CHOP,False,20,48.62,47.8907,54.91,137,12.94,8.62,False
ABNB,157.71,BASING,0.0,0,20,20,161.81,159.52,229,daily,1.15,58 bear-built-above · rel-vol 0.9x · regime CHOP,False,23,157.71,155.3444,161.81,42,2.6,1.73,False
ABSI,10.46,BASING,0.0,0,20,20,10.7497,10.735,2,1h,2.63,26 bear-built-above · rel-vol 0.9x · regime CHOP,False,21,10.46,10.3031,10.7497,637,2.77,1.85,False
ABT,101.3,BASING,0.0,0,19,19,120.73,108.61,1213,daily,7.22,10 bear-built-above · rel-vol 0.9x · regime CHOP,False,21,101.3,99.7805,120.73,65,19.18,12.79,False
ABVX,98.36,BASING,0.0,0,16,16,103.45,102.74,72,daily,4.45,17 bear-built-above · rel-vol 1.2x · regime CHOP,False,16,98.36,96.8846,103.45,67,5.17,3.45,False
ACAD,20.275,BASING,0.0,0,19,19,20.68,20.53,15,weekly,1.26,29 bear-built-above · rel-vol 1.2x · regime CHOP,False,19,20.275,19.9709,20.68,328,2.0,1.33,False
ACHC,27.96,BASING,0.0,0,18,18,28.09,28.04,6,weekly,0.29,14 bear-built-above · rel-vol 0.6x · regime CHOP,False,18,27.96,27.5406,28.09,238,0.46,0.31,False
ACHR,5.11,BASING,0.0,0,20,20,5.61,5.515,10,daily,7.93,29 bear-built-above · rel-vol 0.8x · regime CHOP,False,24,5.11,5.0334,5.61,1304,9.78,6.52,False
ACI,11.62,BASING,0.0,0,20,20,14.6,12.5,210,daily,7.57,23 bear-built-above · rel-vol 0.7x · regime CHOP,False,20,11.62,11.4457,14.6,573,25.65,17.1,False
ACM,58.9008,BASING,0.0,0,20,20,66.04,65.59,46,daily,11.36,24 bear-built-above · rel-vol 0.8x · regime CHOP,False,20,58.9008,58.0173,66.04,113,12.12,8.08,False
ACMR,75.61,BASING,0.0,0,20,20,85.88,85.0,88,30m,12.42,27 bear-built-above · rel-vol 0.6x · regime CHOP,False,21,75.61,74.4758,85.88,88,13.58,9.06,False
ACN,178.03,BASING,0.0,0,14,14,196.3741,194.75,163,4h,9.39,11 bear-built-above · rel-vol 1.3x · regime CHOP,False,14,178.03,175.3596,196.3741,37,10.3,6.87,False
ACVA,10.44,BASING,0.0,0,20,20,13.35,11.295,206,daily,8.19,22 bear-built-above · rel-vol 1.5x · regime CHOP,False,21,10.44,10.2834,13.35,638,27.87,18.58,False
ADBE,233.48,BASING,0.0,0,18,18,266.51,262.805,371,weekly,12.56,33 bear-built-above · rel-vol 0.7x · regime CHOP,False,18,233.48,229.9778,266.51,28,14.15,9.43,False
ADBT,0.1057,BASING,0.0,0,19,19,0.113,0.11,1,weekly,4.07,19 bear-built-above · rel-vol 0.1x · regime CHOP,False,19,0.1057,0.1041,0.113,63071,6.91,4.6,False
ADI,399.84,BASING,0.0,0,11,11,417.93,405.43,1250,daily,1.4,6 bear-built-above · rel-vol 0.7x · regime CHOP,True,14,399.84,393.8424,417.93,16,4.52,3.02,False
ADM,79.44,BASING,0.0,0,20,20,85.18,85.05,14,weekly,7.06,52 bear-built-above · rel-vol 0.8x · regime CHOP,False,20,79.44,78.2484,85.18,83,7.23,4.82,False
ADPT,28.77,BASING,0.0,0,7,7,29.6884,29.0,69,1h,0.8,7 bear-built-above · rel-vol 1.1x · regime CHOP,True,7,28.77,28.3384,29.6884,231,3.19,2.13,False
ADSK,203.75,BASING,0.0,0,18,18,209.4,206.96,244,weekly,1.58,71 bear-built-above · rel-vol 1.0x · regime CHOP,False,18,203.75,200.6937,209.4,32,2.77,1.85,False
AEG,8.84,BASING,0.0,0,20,20,9.41,9.39,2,daily,6.22,22 bear-built-above · rel-vol 0.8x · regime CHOP,False,21,8.84,8.7074,9.41,754,6.45,4.3,False
AEHG,9.18,BASING,0.0,0,20,20,9.9471,9.8801,7,5m,7.63,20 bear-built-above · rel-vol 1.0x · regime CHOP,False,21,9.18,9.0423,9.9471,726,8.36,5.57,False
AEHL,8.42,BASING,0.0,0,20,20,9.37,9.01,36,15m,7.01,29 bear-built-above · rel-vol 0.0x · regime CHOP,False,20,8.42,8.2937,9.37,791,11.28,7.52,False
AEHR,101.0465,BASING,0.0,0,20,20,113.76,113.68,8,45m,12.5,27 bear-built-above · rel-vol 0.9x · regime CHOP,True,22,101.0465,99.5308,113.76,65,12.58,8.39,False
AEIS,281.0,BASING,0.0,0,8,8,302.67,300.02,266,1h,6.77,1 bear-built-above · rel-vol 0.7x · regime CHOP,False,8,281.0,276.785,302.67,23,7.71,5.14,False
AEM,186.5,BASING,0.0,0,19,19,204.73,204.67,7,weekly,9.74,38 bear-built-above · rel-vol 0.7x · regime CHOP,False,19,186.5,183.7025,204.73,35,9.77,6.52,False
AEMD,6.2,BASING,0.0,0,13,13,6.69,6.64,6,daily,7.1,13 bear-built-above · rel-vol 0.0x · regime CHOP,False,13,6.2,6.107,6.69,1075,7.9,5.27,False
AENT,4.58,BASING,0.0,0,20,20,4.79,4.73,6,daily,3.28,27 bear-built-above · rel-vol 0.1x · regime CHOP,False,20,4.58,4.5113,4.79,1455,4.59,3.06,False
AEO,18.14,BASING,0.0,0,6,6,22.45,20.65,181,daily,13.84,4 bear-built-above · rel-vol 0.9x · regime CHOP,False,6,18.14,17.8679,22.45,367,23.76,15.84,False
AEON,0.2555,BASING,0.0,0,20,20,0.2862,0.278,1,daily,8.81,29 bear-built-above · rel-vol 0.0x · regime CHOP,False,20,0.2555,0.2517,0.2862,26092,12.02,8.01,False
AEVA,13.95,BASING,0.0,0,20,20,15.35,15.06,29,weekly,7.96,18 bear-built-above · rel-vol 1.3x · regime CHOP,False,20,13.95,13.7407,15.35,477,10.04,6.69,False
AFRM,69.7,BASING,0.0,0,19,19,77.06,75.8,127,weekly,8.75,28 bear-built-above · rel-vol 0.8x · regime CHOP,False,19,69.7,68.6545,77.06,95,10.56,7.04,False
AG,18.18,BASING,0.0,0,17,17,21.18,20.15,104,daily,10.84,17 bear-built-above · rel-vol 1.4x · regime CHOP,False,18,18.18,17.9073,21.18,366,16.5,11.0,False
AGCO,116.01,BASING,0.0,0,20,20,118.02,117.01,101,weekly,0.86,57 bear-built-above · rel-vol 0.7x · regime CHOP,False,22,116.01,114.2699,118.02,57,1.73,1.16,False
AGEN,9.92,BASING,0.0,0,1,1,9.995,9.99,1,30m,0.71,1 bear-built-above · rel-vol 1.4x · regime CHOP,True,1,9.92,9.7712,9.995,672,0.76,0.5,False
AGI,33.4,BASING,0.0,0,17,17,36.93,35.7,123,daily,6.89,37 bear-built-above · rel-vol 1.1x · regime CHOP,False,17,33.4,32.899,36.93,199,10.57,7.05,False
AGIO,33.3,BASING,0.0,0,20,20,39.69,37.36,233,daily,12.19,22 bear-built-above · rel-vol 0.4x · regime CHOP,False,21,33.3,32.8005,39.69,200,19.19,12.79,False
AGL,78.15,BASING,0.0,0,20,20,80.73,79.01,172,weekly,1.1,55 bear-built-above · rel-vol 0.9x · regime CHOP,False,20,78.15,76.9778,80.73,85,3.3,2.2,False
AGNC,9.37,BASING,0.0,0,18,18,10.15,10.06,9,weekly,7.36,43 bear-built-above · rel-vol 1.0x · regime CHOP,False,18,9.37,9.2294,10.15,711,8.32,5.55,False
AGQ,68.76,BASING,0.0,0,19,19,76.45,69.42,704,weekly,0.96,24 bear-built-above · rel-vol 0.8x · regime CHOP,False,19,68.76,67.7286,76.45,96,11.18,7.46,False
AGX,381.75,BASING,0.0,0,20,20,413.74,389.85,2389,weekly,2.12,4 bear-built-above · rel-vol 0.9x · regime CHOP,False,20,381.75,376.0238,413.74,17,8.38,5.59,False
AI,10.34,BASING,0.0,0,13,13,10.65,10.45,21,weekly,1.06,7 bear-built-above · rel-vol 0.7x · regime CHOP,False,13,10.34,10.1849,10.65,644,3.0,2.0,False
AIAI,3.2,BASING,0.0,0,16,16,3.43,3.42,2,10m,6.87,15 bear-built-above · rel-vol 1.2x · regime CHOP,False,16,3.2,3.152,3.43,2083,7.19,4.79,False
AIR,108.038,BASING,0.0,0,18,18,125.48,122.5,299,weekly,13.39,12 bear-built-above · rel-vol 4.8x · regime CHOP,False,18,108.038,106.4174,125.48,61,16.14,10.76,False
AKAM,108.86,BASING,0.0,0,20,20,113.94,112.85,110,daily,3.67,15 bear-built-above · rel-vol 1.1x · regime CHOP,False,20,108.86,107.2271,113.94,61,4.67,3.11,False
AKAN,2.6,BASING,0.0,0,20,20,2.98,2.95,3,weekly,13.46,29 bear-built-above · rel-vol 0.1x · regime CHOP,False,20,2.6,2.561,2.98,2564,14.62,9.74,False
ALAB,356.2357,BASING,0.0,0,20,20,412.97,403.51,947,weekly,13.27,24 bear-built-above · rel-vol 0.7x · regime CHOP,False,26,356.2357,350.8922,412.97,18,15.93,10.62,False
ALB,107.8,BASING,0.0,0,17,17,113.47,110.0,347,daily,2.04,48 bear-built-above · rel-vol 0.7x · regime CHOP,False,17,107.8,106.183,113.47,61,5.26,3.51,False
ALC,65.44,BASING,0.0,0,20,20,75.35,73.58,177,daily,12.44,3 bear-built-above · rel-vol 1.3x · regime CHOP,False,20,65.44,64.4584,75.35,101,15.14,10.1,False
ALGT,77.0,BASING,0.0,0,19,19,79.09,77.14,196,weekly,0.18,28 bear-built-above · rel-vol 0.9x · regime CHOP,False,19,77.0,75.845,79.09,86,2.71,1.81,False
ALH,21.73,BASING,0.0,0,20,20,25.47,24.1,137,weekly,10.91,12 bear-built-above · rel-vol 1.2x · regime CHOP,False,20,21.73,21.4041,25.47,306,17.21,11.47,False
ALHC,7.9562,BASING,0.0,0,20,20,8.21,8.12,10,weekly,2.06,13 bear-built-above · rel-vol 0.6x · regime CHOP,False,20,7.9562,7.8369,8.21,837,3.19,2.13,False
ALKT,13.37,BASING,0.0,0,20,20,13.8,13.6,21,weekly,1.72,44 bear-built-above · rel-vol 0.8x · regime CHOP,False,20,13.37,13.1694,13.8,498,3.22,2.14,False
ALM,13.2,BASING,0.0,0,20,20,13.72,13.21,51,weekly,0.08,36 bear-built-above · rel-vol 0.9x · regime CHOP,False,20,13.2,13.002,13.72,505,3.94,2.63,False
ALMR,32.65,BASING,0.0,0,20,20,36.86,35.2,166,4h,7.81,35 bear-built-above · rel-vol 2.3x · regime CHOP,False,20,32.65,32.1602,36.86,204,12.89,8.6,False
ALMS,7.34,BASING,0.0,0,18,18,7.44,7.43,2,daily,1.23,42 bear-built-above · rel-vol 0.3x · regime CHOP,False,18,7.34,7.2299,7.44,908,1.36,0.91,False
ALNY,255.38,BASING,0.0,0,11,11,259.0,258.0,100,daily,1.03,4 bear-built-above · rel-vol 0.5x · regime CHOP,False,12,255.38,251.5493,259.0,26,1.42,0.94,False
ALOY,8.13,BASING,0.0,0,19,19,8.8,8.56,25,weekly,5.29,24 bear-built-above · rel-vol 1.1x · regime CHOP,False,19,8.13,8.0081,8.8,820,8.24,5.49,False
ALSN,113.01,BASING,0.0,0,20,20,126.94,123.66,329,weekly,9.42,28 bear-built-above · rel-vol 0.9x · regime CHOP,False,20,113.01,111.3149,126.94,58,12.33,8.22,False
ALTO,3.7604,BASING,0.0,0,20,20,4.0,3.98,3,daily,5.84,27 bear-built-above · rel-vol 1.1x · regime CHOP,False,23,3.7604,3.704,4.0,1772,6.37,4.25,False
AMAT,510.58,BASING,0.0,0,20,20,602.5,582.01,2050,weekly,13.99,11 bear-built-above · rel-vol 1.1x · regime CHOP,False,20,510.58,502.9213,602.5,13,18.0,12.0,False
AMBA,68.8,BASING,0.0,0,19,19,78.54,75.88,267,daily,10.29,21 bear-built-above · rel-vol 0.4x · regime CHOP,False,19,68.8,67.768,78.54,96,14.16,9.44,False
AMBQ,65.0,BASING,0.0,0,20,20,77.47,74.12,335,4h,14.03,52 bear-built-above · rel-vol 1.0x · regime CHOP,False,21,65.0,64.025,77.47,102,19.18,12.79,False
AMC,3.08,BASING,0.0,0,17,17,3.47,3.45,3,daily,12.01,15 bear-built-above · rel-vol 1.4x · regime CHOP,False,19,3.08,3.0338,3.47,2164,12.66,8.44,False
AMD,609.31,BASING,0.0,0,20,20,630.63,624.895,574,daily,2.56,35 bear-built-above · rel-vol 0.7x · regime CHOP,True,20,609.31,600.1703,630.63,10,3.5,2.33,False
AMDL,78.39,BASING,0.0,0,20,20,84.22,82.77,146,daily,5.59,44 bear-built-above · rel-vol 0.7x · regime CHOP,True,20,78.39,77.2142,84.22,85,7.44,4.96,False
AMKR,54.23,BASING,0.0,0,17,17,59.78,57.485,230,daily,6.0,7 bear-built-above · rel-vol 0.7x · regime CHOP,False,20,54.23,53.4165,59.78,122,10.23,6.82,False
AMLX,29.27,BASING,0.0,0,20,20,29.49,29.28,21,weekly,0.03,14 bear-built-above · rel-vol 0.8x · regime CHOP,False,20,29.27,28.8309,29.49,227,0.75,0.5,False
AMN,34.5,BASING,0.0,0,15,15,40.92,36.25,468,daily,5.07,9 bear-built-above · rel-vol 1.1x · regime CHOP,False,15,34.5,33.9825,40.92,193,18.61,12.41,False
AMR,166.0,BASING,0.0,0,20,20,174.43,173.81,63,weekly,4.7,40 bear-built-above · rel-vol 0.9x · regime CHOP,False,20,166.0,163.51,174.43,40,5.08,3.39,False
AMTM,18.8,BASING,0.0,0,20,20,19.19,19.0,20,weekly,1.06,45 bear-built-above · rel-vol 1.7x · regime CHOP,False,21,18.8,18.518,19.19,354,2.07,1.38,False
AMZN,247.06,BASING,0.0,0,20,20,274.48,274.01,48,weekly,10.91,34 bear-built-above · rel-vol 1.0x · regime CHOP,False,20,247.06,243.3541,274.48,26,11.1,7.4,False
AMZU,33.49,BASING,0.0,0,19,19,36.4,35.81,59,daily,6.93,42 bear-built-above · rel-vol 0.9x · regime CHOP,False,19,33.49,32.9877,36.4,199,8.69,5.79,False
ANDG,55.47,BASING,0.0,0,11,11,56.275,55.77,51,1h,0.54,rel-vol 2.2x · regime CHOP,False,11,55.47,54.6379,56.275,120,1.45,0.97,False
ANET,203.7148,BASING,0.0,0,11,11,210.5269,210.47,6,10m,3.32,11 bear-built-above · rel-vol 1.0x · regime CHOP,False,12,203.7148,200.6591,210.5269,32,3.34,2.23,False
ANF,133.12,BASING,0.0,0,20,20,160.04,146.96,1308,weekly,10.4,27 bear-built-above · rel-vol 0.8x · regime CHOP,False,24,133.12,131.1232,160.04,50,20.22,13.48,False
AOUT,16.88,BASING,0.0,0,16,16,17.61,17.5,11,5m,3.67,16 bear-built-above · rel-vol 0.2x · regime CHOP,False,16,16.88,16.6268,17.61,394,4.32,2.88,False
APA,42.19,BASING,0.0,0,18,18,44.87,44.13,74,weekly,4.6,21 bear-built-above · rel-vol 1.0x · regime CHOP,False,18,42.19,41.5572,44.87,158,6.35,4.23,False
APH,84.76,BASING,0.0,0,3,3,87.5732,85.825,175,30m,1.26,rel-vol 0.9x · regime CHOP,True,6,84.76,83.4886,87.5732,78,3.32,2.21,False
APLD,25.55,BASING,0.0,0,14,14,26.25,25.6,65,weekly,0.2,22 bear-built-above · rel-vol 1.0x · regime CHOP,False,14,25.55,25.1668,26.25,260,2.74,1.83,False
APO,119.0,BASING,0.0,0,20,20,133.67,132.05,162,weekly,10.97,14 bear-built-above · rel-vol 0.9x · regime CHOP,False,21,119.0,117.215,133.67,56,12.33,8.22,False
APP,306.2,BASING,0.0,0,20,20,417.8,338.45,7936,daily,10.53,21 bear-built-above · rel-vol 0.8x · regime CHOP,False,20,306.2,301.607,417.8,21,36.45,24.3,False
APPF,195.8,BASING,0.0,0,20,20,204.22,203.27,95,weekly,3.82,46 bear-built-above · rel-vol 1.1x · regime CHOP,False,22,195.8,192.863,204.22,34,4.3,2.87,False
APPN,35.29,BASING,0.0,0,20,20,36.01,35.58,43,weekly,0.82,48 bear-built-above · rel-vol 0.6x · regime CHOP,False,20,35.29,34.7606,36.01,188,2.04,1.36,False
APTV,44.14,BASING,0.0,0,20,20,57.0,50.45,655,daily,14.3,14 bear-built-above · rel-vol 0.7x · regime CHOP,False,20,44.14,43.4779,57.0,151,29.13,19.42,False
APUS,4.85,BASING,0.0,0,11,11,5.585,5.575,1,1h,14.95,5 bear-built-above · rel-vol 0.1x · regime CHOP,False,11,4.85,4.7772,5.585,1374,15.15,10.1,False
AR,33.57,BASING,0.0,0,18,18,38.7,38.36,35,daily,14.27,70 bear-built-above · rel-vol 0.8x · regime CHOP,False,18,33.57,33.0665,38.7,198,15.28,10.19,False
ARBE,0.6163,BASING,0.0,0,20,20,0.6685,0.6458,3,daily,4.79,24 bear-built-above · rel-vol 0.2x · regime CHOP,False,20,0.6163,0.6071,0.6685,10817,8.47,5.65,False
ARCB,128.98,BASING,0.0,0,20,20,144.0,143.0,100,4h,10.87,19 bear-built-above · rel-vol 0.8x · regime CHOP,False,20,128.98,127.0453,144.0,51,11.65,7.76,False
ARCT,13.65,BASING,0.0,0,20,20,13.85,13.7,16,weekly,0.37,32 bear-built-above · rel-vol 0.5x · regime CHOP,False,20,13.65,13.4452,13.85,488,1.47,0.98,False
ARE,48.47,BASING,0.0,0,20,20,51.86,50.93,93,daily,5.08,40 bear-built-above · rel-vol 0.8x · regime CHOP,False,22,48.47,47.743,51.86,137,6.99,4.66,False
AREC,1.85,BASING,0.0,0,20,20,2.14,2.11,4,weekly,14.05,22 bear-built-above · rel-vol 0.9x · regime CHOP,False,20,1.85,1.8223,2.14,3603,15.68,10.45,False
ARES,118.98,BASING,0.0,0,20,20,131.64,130.59,105,weekly,9.76,28 bear-built-above · rel-vol 1.0x · regime CHOP,False,22,118.98,117.1953,131.64,56,10.64,7.09,False
ARGX,970.66,BASING,0.0,0,20,20,1033.15,1007.07,2609,daily,3.75,28 bear-built-above · rel-vol 1.3x · regime CHOP,False,22,970.66,956.1001,1033.15,6,6.44,4.29,False
ARKB,27.54,BASING,0.0,0,20,20,29.69,29.1,59,weekly,5.66,57 bear-built-above · rel-vol 0.6x · regime CHOP,False,22,27.54,27.1269,29.69,242,7.81,5.2,False
ARKG,54.6,BASING,0,0,0,0,,,,,0,rel-vol 0.9x · regime CHOP,False,0,54.6,53.781,60.06,122,10.0,6.67,False
ARKK,89.72,BASING,0.0,0,20,20,90.05,89.84,21,weekly,0.13,22 bear-built-above · rel-vol 0.8x · regime CHOP,False,22,89.72,88.3742,90.05,74,0.37,0.25,False
ARM,293.4,BASING,0.0,0,20,20,331.78,319.23,1255,daily,8.8,42 bear-built-above · rel-vol 1.0x · regime CHOP,False,20,293.4,288.999,331.78,22,13.08,8.72,False
AROC,30.38,BASING,0.0,0,18,18,32.77,32.27,50,weekly,6.22,24 bear-built-above · rel-vol 0.7x · regime CHOP,False,18,30.38,29.9243,32.77,219,7.87,5.24,False
ARQT,26.8871,BASING,0.0,0,19,19,31.03,30.85,18,daily,14.74,10 bear-built-above · rel-vol 0.8x · regime CHOP,False,20,26.8871,26.4838,31.03,247,15.41,10.27,False
ARR,14.008,BASING,0.0,0,18,18,15.8,15.7,11,weekly,12.08,47 bear-built-above · rel-vol 0.9x · regime CHOP,False,18,14.008,13.7979,15.8,475,12.79,8.53,False
ARTL,4.0,BASING,0.0,0,20,20,4.54,4.44,10,daily,11.0,40 bear-built-above · rel-vol 0.1x · regime CHOP,False,20,4.0,3.94,4.54,1666,13.5,9.0,False
ARW,230.23,BASING,0.0,0,6,6,234.88,234.83,5,4h,2.0,4 bear-built-above · rel-vol 1.0x · regime CHOP,False,8,230.23,226.7765,234.88,28,2.02,1.35,False
ARWR,62.04,BASING,0.0,0,18,18,65.6,64.8,80,4h,4.45,7 bear-built-above · rel-vol 1.2x · regime CHOP,False,19,62.04,61.1094,65.6,107,5.74,3.83,False
ARXS,49.5,BASING,0.0,0,18,18,55.71,55.2,51,daily,11.52,15 bear-built-above · rel-vol 2.3x · regime CHOP,False,18,49.5,48.7575,55.71,134,12.55,8.36,False
AS,27.23,BASING,0.0,0,19,19,31.05,30.73,33,weekly,12.85,13 bear-built-above · rel-vol 0.8x · regime CHOP,False,19,27.23,26.8215,31.05,244,14.03,9.35,False
ASAN,8.2285,BASING,0.0,0,19,19,9.02,8.76,26,weekly,6.46,35 bear-built-above · rel-vol 1.0x · regime CHOP,False,21,8.2285,8.1051,9.02,810,9.62,6.41,False
ASH,68.44,BASING,0.0,0,20,20,72.93,72.87,7,weekly,6.47,14 bear-built-above · rel-vol 1.0x · regime CHOP,False,24,68.44,67.4134,72.93,97,6.56,4.37,False
ASML,1835.5,BASING,0.0,0,12,12,1984.98,1971.06,1393,1h,7.39,10 bear-built-above · rel-vol 1.2x · regime CHOP,True,13,1835.5,1807.9675,1984.98,3,8.14,5.43,False
ASND,228.07,BASING,0.0,0,18,18,264.92,257.17,775,daily,12.76,25 bear-built-above · rel-vol 0.8x · regime CHOP,False,18,228.07,224.6489,264.92,29,16.16,10.77,False
ASO,47.8192,BASING,0.0,0,19,19,54.25,53.6,65,daily,12.09,44 bear-built-above · rel-vol 0.5x · regime CHOP,False,19,47.8192,47.1019,54.25,139,13.45,8.97,False
ASST,29.3318,BASING,0.0,0,20,20,31.65,31.64,1,30m,7.87,21 bear-built-above · rel-vol 0.4x · regime CHOP,False,20,29.3318,28.8918,31.65,227,7.9,5.27,False
ASTS,59.77,BASING,0.0,0,17,17,68.65,66.75,191,weekly,11.68,17 bear-built-above · rel-vol 1.6x · regime CHOP,False,17,59.77,58.8735,68.65,111,14.86,9.9,False
ASX,44.51,BASING,0.0,0,20,20,45.58,44.99,59,45m,1.08,24 bear-built-above · rel-vol 1.2x · regime CHOP,True,22,44.51,43.8423,45.58,149,2.4,1.6,False
ATAI,7.33,BASING,0.0,0,3,3,7.4416,7.4387,1,45m,1.48,rel-vol 0.7x · regime CHOP,False,3,7.33,7.22,7.4416,909,1.52,1.02,False
ATAT,33.0,BASING,0.0,0,16,16,35.0,34.39,61,30m,4.21,22 bear-built-above · rel-vol 1.8x · regime CHOP,False,16,33.0,32.505,35.0,202,6.06,4.04,False
ATEC,10.24,BASING,0.0,0,11,11,10.66,10.63,3,daily,3.81,1 bear-built-above · rel-vol 0.7x · regime CHOP,False,11,10.24,10.0864,10.66,651,4.1,2.73,False
ATI,188.95,BASING,0.0,0,20,20,198.77,193.06,572,weekly,2.18,1 bear-built-above · rel-vol 1.0x · regime CHOP,True,21,188.95,186.1157,198.77,35,5.2,3.46,False
ATRC,58.05,BASING,0.0,0,16,16,61.96,61.0,97,1h,5.08,16 bear-built-above · rel-vol 0.6x · regime CHOP,False,16,58.05,57.1792,61.96,114,6.74,4.49,False
ATRO,67.98,BASING,0.0,0,19,19,73.98,71.94,205,weekly,5.83,19 bear-built-above · rel-vol 0.8x · regime CHOP,False,19,67.98,66.9603,73.98,98,8.83,5.88,False
AU,94.1,BASING,0.0,0,16,16,99.03,94.63,441,weekly,0.56,18 bear-built-above · rel-vol 0.8x · regime CHOP,False,16,94.1,92.6885,99.03,70,5.24,3.49,False
AUGO,79.36,BASING,0.0,0,20,20,85.34,83.4,194,daily,5.09,40 bear-built-above · rel-vol 0.4x · regime CHOP,False,20,79.36,78.1696,85.34,84,7.54,5.02,False
AUR,5.42,BASING,0.0,0,20,20,6.04,5.94,10,weekly,9.59,12 bear-built-above · rel-vol 1.0x · regime CHOP,False,22,5.42,5.3387,6.04,1230,11.44,7.63,False
AUUD,1.19,BASING,0.0,0,20,20,1.31,1.28,4,daily,7.56,26 bear-built-above · rel-vol 0.1x · regime CHOP,False,21,1.19,1.1722,1.31,5602,10.08,6.72,False
AVAH,12.82,BASING,0.0,0,20,20,13.97,13.9,8,daily,8.42,31 bear-built-above · rel-vol 0.6x · regime CHOP,False,20,12.82,12.6277,13.97,520,8.97,5.98,False
AVAV,143.67,BASING,0.0,0,19,19,152.05,149.77,229,weekly,4.25,46 bear-built-above · rel-vol 0.7x · regime CHOP,False,19,143.67,141.5149,152.05,46,5.83,3.89,False
AVGO,356.4,BASING,0.0,0,20,20,380.0,372.4,761,daily,4.49,23 bear-built-above · rel-vol 0.7x · regime CHOP,False,20,356.4,351.054,380.0,18,6.62,4.41,False
AVGX,38.81,BASING,0.0,0,20,20,45.35,43.39,197,daily,11.8,37 bear-built-above · rel-vol 0.6x · regime CHOP,False,24,38.81,38.2279,45.35,171,16.85,11.23,False
AVL,36.72,BASING,0.0,0,20,20,43.03,41.15,189,daily,12.06,35 bear-built-above · rel-vol 0.8x · regime CHOP,False,20,36.72,36.1692,43.03,181,17.18,11.46,False
AVNT,40.78,BASING,0.0,0,20,20,43.4,43.25,15,weekly,6.06,16 bear-built-above · rel-vol 1.0x · regime CHOP,False,22,40.78,40.1683,43.4,163,6.42,4.28,False
AVS,8.1225,BASING,0.0,0,20,20,8.39,8.3,9,daily,2.19,28 bear-built-above · rel-vol 0.9x · regime CHOP,False,21,8.1225,8.0007,8.39,820,3.29,2.2,False
AVT,103.0,BASING,0.0,0,4,4,104.88,104.35,54,15m,1.31,4 bear-built-above · rel-vol 1.3x · regime CHOP,True,4,103.0,101.455,104.88,64,1.83,1.22,False
AVTR,15.24,BASING,0.0,0,19,19,16.18,16.0,18,weekly,4.99,10 bear-built-above · rel-vol 0.8x · regime CHOP,False,20,15.24,15.0114,16.18,437,6.17,4.11,False
AXG,0.1217,BASING,0.0,0,13,13,0.1469,0.13,2,daily,6.82,9 bear-built-above · rel-vol 2.5x · regime CHOP,False,13,0.1217,0.1199,0.1469,54779,20.71,13.8,False
AXGN,42.43,BASING,0.0,0,20,20,48.28,47.19,110,weekly,11.22,25 bear-built-above · rel-vol 1.1x · regime CHOP,False,22,42.43,41.7935,48.28,157,13.79,9.19,False
AXON,418.0,BASING,0.0,0,20,20,430.11,423.85,626,weekly,1.4,58 bear-built-above · rel-vol 0.9x · regime CHOP,False,20,418.0,411.73,430.11,15,2.9,1.93,False
AXSM,186.2,BASING,0.0,0,20,20,193.89,191.41,248,daily,2.8,31 bear-built-above · rel-vol 2.3x · regime CHOP,False,20,186.2,183.407,193.89,35,4.13,2.75,False
AXTI,79.55,BASING,0.0,0,14,14,91.31,84.9,641,1h,6.73,7 bear-built-above · rel-vol 1.0x · regime CHOP,True,16,79.55,78.3567,91.31,83,14.78,9.86,False
AYA,27.2,BASING,0.0,0,20,20,29.59,29.25,34,4h,7.54,31 bear-built-above · rel-vol 1.0x · regime CHOP,False,20,27.2,26.792,29.59,245,8.79,5.86,False
B,41.32,BASING,0.0,0,16,16,44.59,43.46,114,daily,5.18,31 bear-built-above · rel-vol 1.0x · regime CHOP,False,16,41.32,40.7002,44.59,161,7.91,5.28,False
BABA,108.38,BASING,0.0,0,17,17,116.31,112.0,432,daily,3.34,38 bear-built-above · rel-vol 0.7x · regime CHOP,False,17,108.38,106.7543,116.31,61,7.32,4.88,False
BABX,16.37,BASING,0.0,0,20,20,19.09,17.73,136,daily,8.31,59 bear-built-above · rel-vol 0.7x · regime CHOP,False,20,16.37,16.1244,19.09,407,16.62,11.08,False
BAC,55.12,BASING,0.0,0,18,18,56.7,56.415,29,weekly,2.35,45 bear-built-above · rel-vol 0.9x · regime CHOP,False,20,55.12,54.2932,56.7,120,2.87,1.91,False
BAH,69.6,BASING,0.0,0,20,20,72.95,72.08,88,weekly,3.56,61 bear-built-above · rel-vol 0.9x · regime CHOP,False,20,69.6,68.556,72.95,95,4.81,3.21,False
BAM,45.35,BASING,0.0,0,20,20,52.12,51.2,92,weekly,12.9,39 bear-built-above · rel-vol 1.2x · regime CHOP,False,21,45.35,44.6698,52.12,147,14.93,9.95,False
BAND,62.15,BASING,0.0,0,14,14,71.1,70.0,110,4h,12.63,3 bear-built-above · rel-vol 0.6x · regime CHOP,True,15,62.15,61.2177,71.1,107,14.4,9.6,False
BAOS,0.24,BASING,0.0,0,10,10,0.2861,0.2662,2,10m,10.92,6 bear-built-above · rel-vol 0.0x · regime CHOP,False,10,0.24,0.2364,0.2861,27777,19.21,12.81,False
BAX,23.48,BASING,0.0,0,19,19,25.83,25.59,24,weekly,8.99,rel-vol 1.0x · regime CHOP,False,21,23.48,23.1278,25.83,283,10.01,6.67,False
BB,8.68,BASING,0.0,0,12,12,9.355,9.3509,1,45m,7.73,8 bear-built-above · rel-vol 1.3x · regime CHOP,False,12,8.68,8.5498,9.355,768,7.78,5.18,False
BBAI,2.675,BASING,0.0,0,20,20,2.8,2.75,5,weekly,2.8,35 bear-built-above · rel-vol 0.7x · regime CHOP,False,20,2.675,2.6349,2.8,2492,4.67,3.12,False
BBD,3.35,BASING,0.0,0,20,20,3.41,3.36,6,weekly,0.3,20 bear-built-above · rel-vol 1.1x · regime CHOP,False,20,3.35,3.2997,3.41,1990,1.79,1.19,False
BBIO,66.23,BASING,0.0,0,18,18,74.84,73.6,125,weekly,11.13,24 bear-built-above · rel-vol 1.3x · regime CHOP,False,18,66.23,65.2366,74.84,100,13.0,8.67,False
BBNX,19.79,BASING,0.0,0,20,20,30.43,22.75,768,daily,14.96,32 bear-built-above · rel-vol 0.6x · regime CHOP,False,20,19.79,19.4931,30.43,336,53.76,35.84,False
BBW,25.26,BASING,0.0,0,20,20,29.14,28.79,36,daily,13.97,35 bear-built-above · rel-vol 0.7x · regime CHOP,False,20,25.26,24.8811,29.14,263,15.36,10.24,False
BBWI,16.09,BASING,0.0,0,19,19,18.57,18.29,29,weekly,13.67,44 bear-built-above · rel-vol 0.8x · regime CHOP,False,19,16.09,15.8486,18.57,414,15.41,10.28,False
BBY,88.75,BASING,0.0,0,20,20,90.51,89.06,146,weekly,0.35,56 bear-built-above · rel-vol 0.7x · regime CHOP,False,24,88.75,87.4188,90.51,75,1.98,1.32,False
BCO,103.12,BASING,0.0,0,20,20,114.27,113.56,71,daily,10.12,20 bear-built-above · rel-vol 1.0x · regime CHOP,False,20,103.12,101.5732,114.27,64,10.81,7.21,False
BCRX,8.25,BASING,0.0,0,20,20,9.72,9.122,60,weekly,10.57,31 bear-built-above · rel-vol 1.0x · regime CHOP,False,20,8.25,8.1263,9.72,808,17.82,11.88,False
BDC,109.98,BASING,0.0,0,19,19,122.26,117.25,502,weekly,6.61,45 bear-built-above · rel-vol 0.9x · regime CHOP,False,19,109.98,108.3303,122.26,60,11.17,7.44,False
BDX,181.97,BASING,0.0,0,20,20,189.52,187.88,165,weekly,3.25,12 bear-built-above · rel-vol 0.9x · regime CHOP,False,22,181.97,179.2405,189.52,36,4.15,2.77,False
BE,294.99,BASING,0.0,0,9,9,330.57,327.39,319,1h,10.98,6 bear-built-above · rel-vol 1.3x · regime CHOP,False,12,294.99,290.5652,330.57,22,12.06,8.04,False
BEG,57.11,BASING,0.0,0,15,15,64.64,63.0553,159,45m,10.41,11 bear-built-above · rel-vol 1.7x · regime CHOP,True,15,57.11,56.2533,64.64,116,13.19,8.79,False
BEN,32.85,BASING,0.0,0,15,15,33.02,32.86,17,weekly,0.03,5 bear-built-above · rel-vol 0.9x · regime CHOP,False,16,32.85,32.3573,33.02,202,0.52,0.35,False
BEPC,28.16,BASING,0.0,0,20,20,30.77,30.5,27,weekly,8.31,41 bear-built-above · rel-vol 0.9x · regime CHOP,False,20,28.16,27.7376,30.77,236,9.27,6.18,False
BETA,23.33,BASING,0.0,0,20,20,26.4,26.16,24,daily,12.13,10 bear-built-above · rel-vol 0.6x · regime CHOP,False,21,23.33,22.98,26.4,285,13.16,8.77,False
BEX,41.3,BASING,0.0,0,6,6,42.62,42.5,12,5m,2.91,5 bear-built-above · rel-vol 1.8x · regime CHOP,True,9,41.3,40.6805,42.62,161,3.2,2.13,False
BFH,100.07,BASING,0.0,0,18,18,102.91,102.18,73,weekly,2.11,56 bear-built-above · rel-vol 0.4x · regime CHOP,True,18,100.07,98.5689,102.91,66,2.84,1.89,False
BFLY,9.1309,BASING,0.0,0,17,17,9.96,9.9,7,5m,8.42,11 bear-built-above · rel-vol 1.2x · regime CHOP,True,19,9.1309,8.9939,9.96,730,9.08,6.05,False
BG,108.2196,BASING,0.0,0,18,18,115.58,115.5,8,weekly,6.73,39 bear-built-above · rel-vol 0.5x · regime CHOP,False,18,108.2196,106.5963,115.58,61,6.8,4.53,False
BGC,11.45,BASING,0.0,0,20,20,11.84,11.66,18,weekly,1.83,21 bear-built-above · rel-vol 2.1x · regime CHOP,False,20,11.45,11.2782,11.84,582,3.41,2.27,False
BHC,5.8,BASING,0.0,0,8,8,6.63,6.58,5,4h,13.45,1 bear-built-above · rel-vol 0.6x · regime CHOP,False,8,5.8,5.713,6.63,1149,14.31,9.54,False
BHE,83.3,BASING,0.0,0,16,16,92.05,90.64,141,weekly,8.81,7 bear-built-above · rel-vol 1.0x · regime CHOP,True,16,83.3,82.0505,92.05,80,10.5,7.0,False
BHF,52.8455,BASING,0.0,0,18,18,60.8,60.48,33,weekly,14.45,14 bear-built-above · rel-vol 0.5x · regime CHOP,False,19,52.8455,52.0528,60.8,126,15.05,10.03,False
BHVN,13.44,BASING,0.0,0,20,20,15.46,14.91,56,weekly,10.94,14 bear-built-above · rel-vol 0.5x · regime CHOP,False,21,13.44,13.2384,15.46,496,15.03,10.02,False
BIAF,6.761,BASING,0.0,0,20,20,7.93,7.74,19,weekly,14.48,27 bear-built-above · rel-vol 0.0x · regime CHOP,False,20,6.761,6.6596,7.93,986,17.29,11.53,False
BILI,15.11,BASING,0.0,0,20,20,17.06,16.665,40,weekly,10.29,2 bear-built-above · rel-vol 0.6x · regime CHOP,False,21,15.11,14.8834,17.06,441,12.91,8.6,False
BILL,42.0,BASING,0.0,0,20,20,44.25,43.14,111,weekly,2.71,35 bear-built-above · rel-vol 0.9x · regime CHOP,False,21,42.0,41.37,44.25,158,5.36,3.57,False
BIO,379.55,BASING,0.0,0,14,14,387.54,384.14,341,45m,1.21,14 bear-built-above · rel-vol 1.0x · regime CHOP,True,15,379.55,373.8568,387.54,17,2.11,1.4,False
BIRK,33.04,BASING,0.0,0,19,19,35.65,35.16,50,weekly,6.42,15 bear-built-above · rel-vol 1.3x · regime CHOP,False,19,33.04,32.5444,35.65,201,7.9,5.27,False
BITB,45.02,BASING,0.0,0,20,20,48.59,47.59,100,weekly,5.71,42 bear-built-above · rel-vol 0.6x · regime CHOP,False,21,45.02,44.3447,48.59,148,7.93,5.29,False
BITO,11.12,BASING,0.0,0,18,18,12.4,12.145,26,weekly,9.22,27 bear-built-above · rel-vol 0.8x · regime CHOP,False,25,11.12,10.9532,12.4,599,11.51,7.67,False
BITU,14.97,BASING,0.0,0,19,19,19.67,16.95,273,weekly,13.23,40 bear-built-above · rel-vol 0.9x · regime CHOP,False,21,14.97,14.7454,19.67,445,31.4,20.93,False
BITX,19.31,BASING,0.0,0,19,19,24.77,21.39,338,weekly,10.77,47 bear-built-above · rel-vol 0.6x · regime CHOP,False,21,19.31,19.0203,24.77,345,28.28,18.85,False
BIYA,2.43,BASING,0.0,0,8,8,2.78,2.7,8,weekly,11.11,4 bear-built-above · rel-vol 16.0x · regime CHOP,False,10,2.43,2.3936,2.78,2743,14.4,9.6,False
BJDX,0.92,BASING,0.0,0,18,18,0.9448,0.9201,3,4h,0.01,30 bear-built-above · rel-vol 0.1x · regime CHOP,False,18,0.92,0.9062,0.9448,7246,2.7,1.8,False
BKD,11.08,BASING,0.0,0,18,18,11.58,11.55,3,daily,4.24,14 bear-built-above · rel-vol 1.1x · regime CHOP,False,19,11.08,10.9138,11.58,601,4.51,3.01,False
BKNG,162.96,BASING,0.0,0,12,12,167.9,167.27,63,weekly,2.64,12 bear-built-above · rel-vol 0.7x · regime CHOP,False,12,162.96,160.5156,167.9,40,3.03,2.02,False
BKV,21.63,BASING,0.0,0,19,19,22.97,22.68,29,weekly,4.85,19 bear-built-above · rel-vol 0.6x · regime CHOP,False,19,21.63,21.3056,22.97,308,6.2,4.13,False
BKYI,2.8332,BASING,0.0,0,8,8,2.99,2.96,4,10m,4.48,8 bear-built-above · rel-vol 19.8x · regime CHOP,False,8,2.8332,2.7907,2.99,2353,5.53,3.69,False
BL,26.37,BASING,0.0,0,20,20,27.99,26.89,110,weekly,1.97,28 bear-built-above · rel-vol 1.0x · regime CHOP,False,20,26.37,25.9745,27.99,252,6.14,4.1,False
BLBD,56.36,BASING,0.0,0,17,17,61.84,60.81,104,weekly,7.9,35 bear-built-above · rel-vol 0.9x · regime CHOP,False,17,56.36,55.5146,61.84,118,9.72,6.48,False
BLDR,57.0108,BASING,0.0,0,20,20,58.54,58.06,48,weekly,1.84,48 bear-built-above · rel-vol 0.5x · regime CHOP,False,20,57.0108,56.1556,58.54,116,2.68,1.79,False
BLLN,118.5,BASING,0.0,0,20,20,120.235,120.02,22,30m,1.28,25 bear-built-above · rel-vol 0.7x · regime CHOP,True,20,118.5,116.7225,120.235,56,1.46,0.98,False
BLSH,36.1501,BASING,0.0,0,19,19,41.81,39.46,236,daily,9.16,21 bear-built-above · rel-vol 0.6x · regime CHOP,False,19,36.1501,35.6078,41.81,184,15.66,10.44,False
BLTE,166.505,BASING,0.0,0,20,20,192.71,191.09,163,daily,14.77,50 bear-built-above · rel-vol 0.9x · regime CHOP,False,20,166.505,164.0074,192.71,40,15.74,10.49,False
BLZE,13.13,BASING,0.0,0,20,20,14.06,13.82,25,daily,5.26,33 bear-built-above · rel-vol 0.6x · regime CHOP,False,20,13.13,12.933,14.06,507,7.08,4.72,False
BMNR,26.59,BASING,0.0,0,19,19,30.865,28.77,210,daily,8.2,23 bear-built-above · rel-vol 0.8x · regime CHOP,False,21,26.59,26.1912,30.865,250,16.08,10.72,False
BMNU,21.15,BASING,0.0,0,20,20,22.73,22.21,52,weekly,5.01,28 bear-built-above · rel-vol 0.9x · regime CHOP,False,22,21.15,20.8327,22.73,315,7.47,4.98,False
BMRN,59.87,BASING,0.0,0,20,20,66.27,65.78,49,daily,9.87,42 bear-built-above · rel-vol 0.9x · regime CHOP,False,21,59.87,58.9719,66.27,111,10.69,7.13,False
BMY,63.0,BASING,0.0,0,20,20,66.25,65.66,60,weekly,4.22,18 bear-built-above · rel-vol 1.4x · regime CHOP,False,22,63.0,62.055,66.25,105,5.16,3.44,False
BNC,5.79,BASING,0.0,0,19,19,6.11,5.9,21,weekly,1.9,20 bear-built-above · rel-vol 0.2x · regime CHOP,False,21,5.79,5.7031,6.11,1151,5.53,3.68,False
BNS,92.6829,BASING,0.0,0,11,11,93.48,93.13,36,weekly,0.48,11 bear-built-above · rel-vol 3.0x · regime CHOP,False,11,92.6829,91.2927,93.48,71,0.86,0.57,False
BNTX,98.84,BASING,0.0,0,20,20,111.4,102.34,907,daily,3.54,11 bear-built-above · rel-vol 0.8x · regime CHOP,False,20,98.84,97.3574,111.4,67,12.71,8.47,False
BOIL,19.74,BASING,0.0,0,20,20,21.25,20.15,111,daily,2.08,26 bear-built-above · rel-vol 1.5x · regime CHOP,False,20,19.74,19.4439,21.25,337,7.65,5.1,False
BOOT,121.89,BASING,0.0,0,19,19,123.3,123.24,7,weekly,1.11,32 bear-built-above · rel-vol 0.9x · regime CHOP,False,19,121.89,120.0617,123.3,54,1.16,0.77,False
BOX,32.73,BASING,0.0,0,20,20,37.41,37.38,3,weekly,14.21,10 bear-built-above · rel-vol 1.4x · regime CHOP,False,23,32.73,32.239,37.41,203,14.3,9.53,False
BR,160.95,BASING,0.0,0,20,20,163.77,162.01,177,weekly,0.66,40 bear-built-above · rel-vol 0.9x · regime CHOP,False,23,160.95,158.5357,163.77,41,1.75,1.17,False
BRKR,64.798,BASING,0.0,0,2,2,67.0,66.9,10,weekly,3.24,rel-vol 0.8x · regime CHOP,True,2,64.798,63.826,67.0,102,3.4,2.27,False
BRNX,2.28,BASING,0.0,0,18,18,2.76,2.56,20,daily,12.28,26 bear-built-above · rel-vol 0.1x · regime CHOP,False,18,2.28,2.2458,2.76,2923,21.05,14.04,False
BROS,38.19,BASING,0.0,0,20,20,43.9,43.25,65,weekly,13.25,11 bear-built-above · rel-vol 0.8x · regime CHOP,False,20,38.19,37.6171,43.9,174,14.95,9.97,False
BRR,4.13,BASING,0,0,0,0,,,,,0,rel-vol 1.7x · regime CHOP,False,0,4.13,4.068,4.543,1614,10.0,6.67,False
BRSL,9.93,BASING,0.0,0,20,20,10.8,10.74,7,weekly,8.16,15 bear-built-above · rel-vol 1.1x · regime CHOP,False,20,9.93,9.7811,10.8,671,8.76,5.84,False
BRUN,16.6772,BASING,0.0,0,20,20,19.51,18.62,90,weekly,11.65,21 bear-built-above · rel-vol 0.7x · regime CHOP,False,21,16.6772,16.427,19.51,399,16.99,11.32,False
BRVE,22.73,BASING,0.0,0,17,17,25.6924,25.51,19,30m,12.23,14 bear-built-above · rel-vol 1.3x · regime CHOP,False,17,22.73,22.3891,25.6924,293,13.03,8.69,False
BRZE,23.1,BASING,0.0,0,20,20,30.31,26.18,413,daily,13.33,40 bear-built-above · rel-vol 0.7x · regime CHOP,False,20,23.1,22.7535,30.31,288,31.21,20.81,False
BSOL,16.28,BASING,0.0,0,20,20,18.38,17.03,135,weekly,4.61,42 bear-built-above · rel-vol 0.8x · regime CHOP,False,22,16.28,16.0358,18.38,409,12.9,8.6,False
BSP,32.96,BASING,0.0,0,20,20,33.62,33.54,8,4h,1.76,37 bear-built-above · rel-vol 1.1x · regime CHOP,False,20,32.96,32.4656,33.62,202,2.0,1.33,False
BSX,43.8,BASING,0.0,0,20,20,50.37,50.29,8,weekly,14.82,14 bear-built-above · rel-vol 0.7x · regime CHOP,True,20,43.8,43.143,50.37,152,15.0,10.0,False
BSY,31.12,BASING,0.0,0,19,19,33.71,33.32,40,weekly,7.07,36 bear-built-above · rel-vol 1.2x · regime CHOP,False,19,31.12,30.6532,33.71,214,8.32,5.55,False
BTBT,1.6589,BASING,0.0,0,18,18,1.76,1.735,3,weekly,4.59,21 bear-built-above · rel-vol 0.7x · regime CHOP,False,19,1.6589,1.634,1.76,4018,6.09,4.06,False
BTC,36.7,BASING,0.0,0,18,18,39.58,38.75,83,weekly,5.59,35 bear-built-above · rel-vol 0.6x · regime CHOP,False,19,36.7,36.1495,39.58,181,7.85,5.23,False
BTCT,1.12,BASING,0.0,0,20,20,1.19,1.16,4,weekly,3.57,20 bear-built-above · rel-vol 0.3x · regime CHOP,False,20,1.12,1.1032,1.19,5952,6.25,4.17,False
BTDR,10.91,BASING,0.0,0,20,20,11.51,11.37,15,weekly,4.22,22 bear-built-above · rel-vol 1.5x · regime CHOP,False,21,10.91,10.7463,11.51,611,5.5,3.67,False
BTE,4.5,BASING,0.0,0,20,20,4.84,4.76,9,weekly,5.78,31 bear-built-above · rel-vol 1.2x · regime CHOP,False,22,4.5,4.4325,4.84,1481,7.56,5.04,False
BTGO,7.27,BASING,0.0,0,20,20,7.48,7.295,19,weekly,0.34,16 bear-built-above · rel-vol 0.4x · regime CHOP,False,20,7.27,7.1609,7.48,917,2.89,1.93,False
BTQ,2.87,BASING,0.0,0,17,17,2.95,2.93,3,daily,2.09,1 bear-built-above · rel-vol 0.7x · regime CHOP,True,17,2.87,2.827,2.95,2322,2.79,1.86,False
BTSG,55.21,BASING,0.0,0,20,20,58.73,57.91,83,weekly,4.89,23 bear-built-above · rel-vol 0.7x · regime CHOP,False,20,55.21,54.3819,58.73,120,6.38,4.25,False
BTTC,0.5,BASING,0.0,0,3,3,0.518,0.5161,1,1m,3.22,3 bear-built-above · rel-vol 0.1x · regime CHOP,False,5,0.5,0.4925,0.518,13333,3.6,2.4,False
BTU,24.58,BASING,0.0,0,18,18,28.21,27.73,49,weekly,12.82,44 bear-built-above · rel-vol 0.9x · regime CHOP,False,18,24.58,24.2113,28.21,271,14.77,9.85,False
BUG,45.5,BASING,0.0,0,20,20,46.86,46.68,18,1h,2.59,30 bear-built-above · rel-vol 0.6x · regime CHOP,False,20,45.5,44.8175,46.86,146,2.99,1.99,False
BULL,7.23,BASING,0.0,0,18,18,8.09,8.03,7,daily,11.07,9 bear-built-above · rel-vol 0.9x · regime CHOP,False,19,7.23,7.1216,8.09,922,11.89,7.93,False
BURL,270.04,BASING,0.0,0,16,16,313.99,306.38,762,daily,13.46,1 bear-built-above · rel-vol 0.9x · regime CHOP,True,16,270.04,265.9894,313.99,24,16.28,10.85,False
BWA,60.94,BASING,0.0,0,20,20,66.65,65.4,125,weekly,7.32,15 bear-built-above · rel-vol 0.9x · regime CHOP,False,22,60.94,60.0259,66.65,109,9.37,6.25,False
BWET,733.0,BASING,0.0,0,19,19,834.0,750.0,8400,daily,2.32,13 bear-built-above · rel-vol 0.4x · regime CHOP,False,19,733.0,722.005,834.0,9,13.78,9.19,False
BWIN,31.78,BASING,0.0,0,20,20,36.37,33.63,274,daily,5.82,9 bear-built-above · rel-vol 0.7x · regime CHOP,False,21,31.78,31.3033,36.37,209,14.44,9.63,False
BWXT,138.0,BASING,0.0,0,20,20,150.12,147.52,260,weekly,6.9,32 bear-built-above · rel-vol 1.6x · regime CHOP,False,20,138.0,135.93,150.12,48,8.78,5.86,False
BX,114.46,BASING,0.0,0,20,20,128.51,126.81,170,weekly,10.79,76 bear-built-above · rel-vol 1.4x · regime CHOP,False,20,114.46,112.7431,128.51,58,12.28,8.18,False
BXSL,24.0,BASING,0.0,0,20,20,27.12,26.38,75,daily,9.92,22 bear-built-above · rel-vol 1.1x · regime CHOP,False,20,24.0,23.64,27.12,277,13.0,8.67,False
BZ,14.17,BASING,0.0,0,20,20,16.44,16.03,42,weekly,13.13,20 bear-built-above · rel-vol 0.6x · regime CHOP,False,23,14.17,13.9574,16.44,470,16.02,10.68,False
C,131.01,BASING,0.0,0,20,20,144.89,144.63,26,daily,10.4,29 bear-built-above · rel-vol 0.8x · regime CHOP,False,20,131.01,129.0448,144.89,50,10.59,7.06,False
CACI,608.14,BASING,0.0,0,20,20,647.39,644.03,337,weekly,5.9,38 bear-built-above · rel-vol 1.0x · regime CHOP,False,24,608.14,599.0179,647.39,10,6.45,4.3,False
CAI,31.55,BASING,0.0,0,8,8,31.73,31.64,9,daily,0.29,6 bear-built-above · rel-vol 0.7x · regime CHOP,False,8,31.55,31.0768,31.73,211,0.57,0.38,False
CAKE,107.0,BASING,0.0,0,12,12,112.07,111.87,20,weekly,4.55,rel-vol 1.6x · regime CHOP,False,12,107.0,105.395,112.07,62,4.74,3.16,False
CALM,68.99,BASING,0.0,0,20,20,74.09,73.21,89,daily,6.12,32 bear-built-above · rel-vol 1.7x · regime CHOP,False,20,68.99,67.9551,74.09,96,7.39,4.93,False
CAMT,155.17,BASING,0.0,0,20,20,195.72,177.36,1836,daily,14.3,rel-vol 0.9x · regime CHOP,False,21,155.17,152.8424,195.72,42,26.13,17.42,False
CANG,2.39,BASING,0.0,0,17,17,2.6199,2.5209,10,15m,5.48,17 bear-built-above · rel-vol 1.0x · regime CHOP,False,17,2.39,2.3542,2.6199,2789,9.62,6.41,False
CAPR,10.7634,BASING,0.0,0,1,1,12.06,12.0284,4,1m,11.75,rel-vol 0.9x · regime CHOP,False,2,10.7634,10.6019,12.06,619,12.05,8.03,False
CAPS,0.1563,BASING,0.0,0,3,3,0.2038,0.1753,3,daily,12.16,1 bear-built-above · rel-vol 8.0x · regime CHOP,False,3,0.1563,0.154,0.2038,42653,30.39,20.26,False
CAR,106.79,BASING,0.0,0,19,19,121.74,121.01,73,weekly,13.32,41 bear-built-above · rel-vol 0.8x · regime CHOP,False,19,106.79,105.1882,121.74,62,14.0,9.33,False
CART,43.49,BASING,0.0,0,20,20,49.23,47.01,222,daily,8.09,9 bear-built-above · rel-vol 0.8x · regime CHOP,False,20,43.49,42.8377,49.23,153,13.2,8.8,False
CBOE,263.0,BASING,0.0,0,18,18,298.38,294.48,390,weekly,11.97,14 bear-built-above · rel-vol 2.4x · regime CHOP,False,18,263.0,259.055,298.38,25,13.45,8.97,False
CBRL,51.1215,BASING,0.0,0,19,19,55.66,55.34,32,weekly,8.25,34 bear-built-above · rel-vol 0.7x · regime CHOP,False,19,51.1215,50.3547,55.66,130,8.88,5.92,False
CBRS,188.5,BASING,0.0,0,19,19,212.5,211.55,95,4h,12.23,56 bear-built-above · rel-vol 1.6x · regime CHOP,False,19,188.5,185.6725,212.5,35,12.73,8.49,False
CCC,6.4757,BASING,0.0,0,10,10,6.85,6.77,9,daily,4.54,9 bear-built-above · rel-vol 0.6x · regime CHOP,False,10,6.4757,6.3786,6.85,1029,5.78,3.85,False
CCJ,87.12,BASING,0.0,0,18,18,96.68,93.1,359,weekly,6.86,52 bear-built-above · rel-vol 0.8x · regime CHOP,False,18,87.12,85.8132,96.68,76,10.97,7.32,False
CCL,25.245,BASING,0.0,0,13,13,28.99,28.3,69,daily,12.1,rel-vol 2.9x · regime CHOP,False,13,25.245,24.8663,28.99,264,14.83,9.89,False
CCO,2.34,BASING,0.0,0,13,13,2.42,2.41,1,weekly,2.99,12 bear-built-above · rel-vol 2.7x · regime CHOP,False,13,2.34,2.3049,2.42,2849,3.42,2.28,False
CCUP,21.64,BASING,0.0,0,18,18,24.57,23.475,110,weekly,8.48,60 bear-built-above · rel-vol 0.7x · regime CHOP,False,18,21.64,21.3154,24.57,308,13.54,9.03,False
CDE,17.88,BASING,0.0,0,17,17,19.22,18.17,105,weekly,1.62,30 bear-built-above · rel-vol 1.2x · regime CHOP,False,17,17.88,17.6118,19.22,372,7.49,5.0,False
CDNA,63.95,BASING,0.0,0,14,14,64.555,64.24,32,45m,0.45,14 bear-built-above · rel-vol 0.6x · regime CHOP,False,14,63.95,62.9907,64.555,104,0.95,0.63,False
CDNL,27.37,BASING,0.0,0,20,20,28.02,27.6,42,weekly,0.84,38 bear-built-above · rel-vol 1.2x · regime CHOP,False,20,27.37,26.9595,28.02,243,2.37,1.58,False
CDNS,324.69,BASING,0.0,0,20,20,364.65,334.56,3009,daily,3.04,6 bear-built-above · rel-vol 1.0x · regime CHOP,False,23,324.69,319.8196,364.65,20,12.31,8.2,False
CDTG,1.23,BASING,0.0,0,10,10,1.3093,1.241,7,5m,0.89,9 bear-built-above · rel-vol 0.1x · regime CHOP,False,10,1.23,1.2115,1.3093,5420,6.45,4.3,False
CDW,129.71,BASING,0.0,0,19,19,135.43,134.0,144,weekly,3.31,48 bear-built-above · rel-vol 0.8x · regime CHOP,False,19,129.71,127.7644,135.43,51,4.41,2.94,False
CE,44.84,BASING,0.0,0,18,18,51.16,50.91,25,weekly,13.54,53 bear-built-above · rel-vol 0.8x · regime CHOP,False,18,44.84,44.1674,51.16,148,14.09,9.4,False
CECO,70.6,BASING,0.0,0,20,20,77.51,74.34,318,daily,5.3,14 bear-built-above · rel-vol 0.8x · regime CHOP,False,20,70.6,69.541,77.51,94,9.79,6.53,False
CEG,265.61,BASING,0.0,0,18,18,284.75,276.515,824,weekly,4.11,3 bear-built-above · rel-vol 0.7x · regime CHOP,False,18,265.61,261.6259,284.75,25,7.21,4.8,False
CELC,78.0,BASING,0.0,0,20,20,90.08,88.37,171,daily,13.29,22 bear-built-above · rel-vol 1.4x · regime CHOP,False,20,78.0,76.83,90.08,85,15.49,10.32,False
CELH,27.87,BASING,0.0,0,20,20,30.66,30.6,6,weekly,9.8,21 bear-built-above · rel-vol 0.9x · regime CHOP,False,20,27.87,27.452,30.66,239,10.01,6.67,False
CENX,36.48,BASING,0.0,0,17,17,38.39,38.21,18,weekly,4.74,46 bear-built-above · rel-vol 1.6x · regime CHOP,False,17,36.48,35.9328,38.39,182,5.24,3.49,False
CEVA,34.48,BASING,0.0,0,18,18,39.94,39.25,69,daily,13.83,47 bear-built-above · rel-vol 1.5x · regime CHOP,True,18,34.48,33.9628,39.94,193,15.84,10.56,False
CF,115.71,BASING,0.0,0,20,20,127.7,126.59,111,weekly,9.4,57 bear-built-above · rel-vol 0.9x · regime CHOP,False,20,115.71,113.9743,127.7,57,10.36,6.91,False
CG,39.68,BASING,0.0,0,19,19,42.34,41.965,38,weekly,5.76,8 bear-built-above · rel-vol 1.0x · regime CHOP,False,19,39.68,39.0848,42.34,168,6.7,4.47,False
CGNX,59.76,BASING,0.0,0,20,20,65.65,64.72,94,daily,8.3,6 bear-built-above · rel-vol 0.6x · regime CHOP,False,21,59.76,58.8636,65.65,111,9.86,6.57,False
CGON,70.52,BASING,0.0,0,20,20,77.74,76.87,87,daily,9.0,28 bear-built-above · rel-vol 1.1x · regime CHOP,False,21,70.52,69.4622,77.74,94,10.24,6.83,False
CHDN,76.16,BASING,0.0,0,19,19,79.77,79.4,37,weekly,4.25,50 bear-built-above · rel-vol 1.5x · regime CHOP,False,19,76.16,75.0176,79.77,87,4.74,3.16,False
CHEF,111.5,BASING,0.0,0,11,11,111.83,111.69,15,1h,0.17,11 bear-built-above · rel-vol 0.9x · regime CHOP,True,11,111.5,109.8275,111.83,59,0.3,0.2,False
CHKP,126.93,BASING,0.0,0,20,20,131.24,130.0,125,weekly,2.42,49 bear-built-above · rel-vol 0.7x · regime CHOP,False,21,126.93,125.0261,131.24,52,3.4,2.26,False
CHPT,9.47,BASING,0.0,0,13,13,9.85,9.76,9,30m,3.06,12 bear-built-above · rel-vol 0.2x · regime CHOP,False,14,9.47,9.328,9.85,703,4.01,2.68,False
CHPY,69.76,BASING,0.0,0,17,17,79.61,77.35,227,weekly,10.88,26 bear-built-above · rel-vol 0.9x · regime CHOP,False,17,69.76,68.7136,79.61,95,14.12,9.41,False
CHRD,134.41,BASING,0.0,0,18,18,144.49,143.29,121,weekly,6.61,41 bear-built-above · rel-vol 1.0x · regime CHOP,False,18,134.41,132.3938,144.49,49,7.5,5.0,False
CHRW,149.2827,BASING,0.0,0,19,19,169.0,161.89,712,daily,8.45,14 bear-built-above · rel-vol 0.8x · regime CHOP,False,19,149.2827,147.0435,169.0,44,13.21,8.81,False
CHTR,110.67,BASING,0.0,0,20,20,117.02,116.03,99,daily,4.84,35 bear-built-above · rel-vol 0.9x · regime CHOP,False,20,110.67,109.01,117.02,60,5.74,3.83,False
CHWY,18.2889,BASING,0.0,0,18,18,19.7676,19.7,7,30m,7.72,34 bear-built-above · rel-vol 0.8x · regime CHOP,False,19,18.2889,18.0146,19.7676,364,8.09,5.39,False
CHYM,26.4105,BASING,0.0,0,20,20,26.78,26.52,27,weekly,0.41,30 bear-built-above · rel-vol 0.6x · regime CHOP,False,23,26.4105,26.0143,26.78,252,1.4,0.93,False
CIBR,102.51,BASING,0.0,0,20,20,103.5,103.33,18,30m,0.8,38 bear-built-above · rel-vol 1.1x · regime CHOP,True,20,102.51,100.9724,103.5,65,0.97,0.64,False
CIEN,357.8,BASING,0.0,0,20,20,395.79,386.26,954,weekly,7.95,15 bear-built-above · rel-vol 0.8x · regime CHOP,False,22,357.8,352.433,395.79,18,10.62,7.08,False
CIFR,16.56,BASING,0.0,0,18,18,17.73,17.3,43,weekly,4.47,16 bear-built-above · rel-vol 0.8x · regime CHOP,False,18,16.56,16.3116,17.73,402,7.07,4.71,False
CIFU,9.68,BASING,0.0,0,20,20,11.15,10.61,55,weekly,9.61,35 bear-built-above · rel-vol 1.0x · regime CHOP,False,20,9.68,9.5348,11.15,688,15.19,10.12,False
CLBK,10.0676,BASING,0.0,0,18,18,11.33,11.29,5,weekly,12.14,10 bear-built-above · rel-vol 1.0x · regime CHOP,False,18,10.0676,9.9166,11.33,662,12.54,8.36,False
CLBT,11.2169,BASING,0.0,0,20,20,11.5,11.43,8,daily,1.9,19 bear-built-above · rel-vol 1.2x · regime CHOP,False,20,11.2169,11.0486,11.5,594,2.52,1.68,False
CLF,11.0716,BASING,0.0,0,19,19,12.18,11.74,44,weekly,6.04,22 bear-built-above · rel-vol 1.2x · regime CHOP,False,19,11.0716,10.9055,12.18,602,10.01,6.67,False
CLMT,53.23,BASING,0.0,0,20,20,58.06,56.58,149,daily,6.29,27 bear-built-above · rel-vol 0.6x · regime CHOP,True,20,53.23,52.4315,58.06,125,9.07,6.05,False
CLOU,28.1,BASING,0.0,0,20,20,28.42,28.1484,28,4h,0.17,39 bear-built-above · rel-vol 0.6x · regime CHOP,False,20,28.1,27.6785,28.42,237,1.14,0.76,False
CLRO,4.2171,BASING,0.0,0,19,19,5.1,4.56,54,daily,8.13,18 bear-built-above · rel-vol 0.6x · regime CHOP,False,19,4.2171,4.1538,5.1,1580,20.94,13.96,False
CLS,368.19,BASING,0.0,0,12,12,419.7,412.06,764,daily,11.92,8 bear-built-above · rel-vol 1.0x · regime CHOP,False,15,368.19,362.6671,419.7,18,13.99,9.33,False
CLSK,13.31,BASING,0.0,0,18,18,13.95,13.81,14,weekly,3.76,31 bear-built-above · rel-vol 0.7x · regime CHOP,False,18,13.31,13.1104,13.95,500,4.81,3.21,False
CLYM,11.5,BASING,0.0,0,20,20,11.66,11.57,9,weekly,0.61,40 bear-built-above · rel-vol 0.6x · regime CHOP,False,20,11.5,11.3275,11.66,579,1.39,0.93,False
CMCSA,21.68,BASING,0.0,0,18,18,24.88,24.61,27,daily,13.51,19 bear-built-above · rel-vol 0.7x · regime CHOP,False,18,21.68,21.3548,24.88,307,14.76,9.84,False
CMG,31.93,BASING,0.0,0,17,17,37.02,36.7,33,30m,14.94,17 bear-built-above · rel-vol 1.0x · regime CHOP,False,17,31.93,31.451,37.02,208,15.94,10.63,False
CMPS,13.15,BASING,0.0,0,20,20,13.75,13.6,16,daily,3.42,26 bear-built-above · rel-vol 0.9x · regime CHOP,False,20,13.15,12.9527,13.75,506,4.56,3.04,False
CMRC,3.09,BASING,0.0,0,20,20,3.33,3.28,6,weekly,6.15,23 bear-built-above · rel-vol 0.4x · regime CHOP,False,20,3.09,3.0436,3.33,2157,7.77,5.18,False
CNC,62.21,BASING,0.0,0,20,20,72.47,69.55,293,daily,11.8,33 bear-built-above · rel-vol 0.9x · regime CHOP,False,20,62.21,61.2769,72.47,107,16.49,11.0,False
CNH,13.08,BASING,0.0,0,20,20,13.845,13.84,1,1h,5.81,20 bear-built-above · rel-vol 0.7x · regime CHOP,False,20,13.08,12.8838,13.845,509,5.85,3.9,False
CNK,38.24,BASING,0.0,0,14,14,39.24,38.5,75,30m,0.68,12 bear-built-above · rel-vol 1.0x · regime CHOP,False,14,38.24,37.6664,39.24,174,2.62,1.74,False
CNQ,46.8,BASING,0.0,0,20,20,49.64,49.035,61,weekly,4.78,46 bear-built-above · rel-vol 0.7x · regime CHOP,False,20,46.8,46.098,49.64,142,6.07,4.05,False
CNR,86.55,BASING,0.0,0,20,20,91.08,90.12,96,weekly,4.12,77 bear-built-above · rel-vol 0.9x · regime CHOP,False,20,86.55,85.2518,91.08,77,5.23,3.49,False
CNX,31.31,BASING,0.0,0,19,19,35.39,35.2,19,daily,12.42,22 bear-built-above · rel-vol 1.0x · regime CHOP,False,19,31.31,30.8403,35.39,212,13.03,8.69,False
CNXC,22.1,BASING,0.0,0,14,14,22.8,22.7581,5,15m,2.98,14 bear-built-above · rel-vol 1.7x · regime CHOP,False,14,22.1,21.7685,22.8,301,3.17,2.11,False
COCO,56.55,BASING,0.0,0,19,19,57.66,57.0,66,daily,0.8,31 bear-built-above · rel-vol 0.5x · regime CHOP,False,19,56.55,55.7017,57.66,117,1.96,1.31,False
COGT,31.89,BASING,0.0,0,19,19,34.61,34.16,46,weekly,7.12,19 bear-built-above · rel-vol 0.8x · regime CHOP,False,20,31.89,31.4117,34.61,209,8.53,5.69,False
COHR,294.0,BASING,0.0,0,20,20,333.52,324.605,892,daily,10.41,25 bear-built-above · rel-vol 0.9x · regime CHOP,False,26,294.0,289.59,333.52,22,13.44,8.96,False
COHU,65.85,BASING,0.0,0,18,18,69.11,68.65,46,daily,4.25,15 bear-built-above · rel-vol 0.7x · regime CHOP,True,18,65.85,64.8622,69.11,101,4.95,3.3,False
COHX,23.4,BASING,0.0,0,19,19,28.23,26.37,186,daily,12.69,36 bear-built-above · rel-vol 1.3x · regime CHOP,False,19,23.4,23.049,28.23,284,20.64,13.76,False
COIN,189.083,BASING,0.0,0,20,20,207.5122,207.29,23,1h,9.63,25 bear-built-above · rel-vol 0.6x · regime CHOP,False,21,189.083,186.2468,207.5122,35,9.75,6.5,False
COKE,191.0,BASING,0.0,0,20,20,210.52,207.35,318,daily,8.56,20 bear-built-above · rel-vol 0.6x · regime CHOP,False,20,191.0,188.135,210.52,34,10.22,6.81,False
COLD,13.8905,BASING,0.0,0,19,19,15.27,15.17,10,daily,9.21,16 bear-built-above · rel-vol 0.9x · regime CHOP,False,23,13.8905,13.6821,15.27,479,9.93,6.62,False
COMP,9.04,BASING,0.0,0,20,20,9.38,9.13,25,weekly,1.0,46 bear-built-above · rel-vol 0.9x · regime CHOP,False,22,9.04,8.9044,9.38,737,3.76,2.51,False
CONL,5.9,BASING,0.0,0,20,20,7.3,6.72,59,weekly,13.9,19 bear-built-above · rel-vol 0.6x · regime CHOP,False,21,5.9,5.8115,7.3,1129,23.73,15.82,False
COO,56.63,BASING,0.0,0,6,6,63.6,63.48,13,1h,12.1,2 bear-built-above · rel-vol 1.0x · regime CHOP,False,6,56.63,55.7806,63.6,117,12.31,8.21,False
COPX,86.08,BASING,0.0,0,17,17,95.27,89.66,561,daily,4.16,41 bear-built-above · rel-vol 0.6x · regime CHOP,False,17,86.08,84.7888,95.27,77,10.68,7.12,False
CORD,2.98,BASING,0.0,0,16,16,3.41,3.39,3,daily,13.76,15 bear-built-above · rel-vol 1.8x · regime CHOP,False,16,2.98,2.9353,3.41,2237,14.43,9.62,False
CORT,114.74,BASING,0.0,0,20,20,123.57,122.57,100,daily,6.82,15 bear-built-above · rel-vol 0.5x · regime CHOP,False,20,114.74,113.0189,123.57,58,7.7,5.13,False
COST,924.35,BASING,0.0,0,18,18,1028.24,1026.13,211,weekly,11.01,9 bear-built-above · rel-vol 1.0x · regime CHOP,False,20,924.35,910.4847,1028.24,7,11.24,7.49,False
COTY,2.68,BASING,0.0,0,8,8,2.72,2.7,3,daily,0.75,rel-vol 1.0x · regime CHOP,False,9,2.68,2.6398,2.72,2487,1.49,1.0,False
COUR,4.825,BASING,0.0,0,19,19,5.04,4.95,9,weekly,2.59,35 bear-built-above · rel-vol 2.2x · regime CHOP,False,19,4.825,4.7526,5.04,1381,4.46,2.97,False
CPOP,4.43,BASING,0.0,0,15,15,5.08,4.93,16,daily,11.29,3 bear-built-above · rel-vol 0.1x · regime CHOP,False,15,4.43,4.3636,5.08,1504,14.67,9.78,False
CPRT,27.24,BASING,0.0,0,18,18,27.59,27.45,15,weekly,0.77,46 bear-built-above · rel-vol 0.9x · regime CHOP,False,19,27.24,26.8314,27.59,244,1.28,0.86,False
CRBG,34.43,BASING,0.0,0,5,5,34.87,34.73,15,weekly,0.87,5 bear-built-above · rel-vol 1.3x · regime CHOP,False,8,34.43,33.9136,34.87,193,1.28,0.85,False
CRC,51.09,BASING,0.0,0,18,18,58.61,56.67,194,weekly,10.92,57 bear-built-above · rel-vol 0.7x · regime CHOP,False,18,51.09,50.3237,58.61,130,14.72,9.81,False
CRCD,2.19,BASING,0.0,0,20,20,2.43,2.35,9,45m,7.31,1 bear-built-above · rel-vol 0.4x · regime CHOP,False,20,2.19,2.1572,2.43,3044,10.96,7.31,False
CRCG,12.31,BASING,0.0,0,20,20,13.91,13.2,72,weekly,7.23,37 bear-built-above · rel-vol 0.6x · regime CHOP,False,21,12.31,12.1254,13.91,541,13.0,8.67,False
CRCL,83.65,BASING,0.0,0,20,20,89.0,86.995,201,weekly,4.0,40 bear-built-above · rel-vol 0.5x · regime CHOP,False,24,83.65,82.3953,89.0,79,6.4,4.26,False
CRDO,191.74,BASING,0.0,0,20,20,226.19,220.0,619,daily,14.74,43 bear-built-above · rel-vol 0.7x · regime CHOP,False,22,191.74,188.8639,226.19,34,17.97,11.98,False
CRGY,12.9139,BASING,0.0,0,19,19,13.9,13.62,29,weekly,5.47,47 bear-built-above · rel-vol 0.6x · regime CHOP,False,19,12.9139,12.7202,13.9,516,7.64,5.09,False
CRL,295.96,BASING,0.0,0,6,6,300.5,300.41,9,1h,1.5,5 bear-built-above · rel-vol 0.7x · regime CHOP,True,6,295.96,291.5206,300.5,22,1.53,1.02,False
CRM,225.9603,BASING,0.0,0,20,20,250.54,244.18,636,daily,8.06,56 bear-built-above · rel-vol 1.0x · regime CHOP,False,23,225.9603,222.5709,250.54,29,10.88,7.25,False
CRMG,7.5505,BASING,0.0,0,20,20,8.22,7.6234,60,weekly,0.97,63 bear-built-above · rel-vol 0.4x · regime CHOP,False,21,7.5505,7.4372,8.22,882,8.87,5.91,False
CRML,7.4,BASING,0.0,0,19,19,7.83,7.64,20,weekly,3.24,11 bear-built-above · rel-vol 0.4x · regime CHOP,False,22,7.4,7.289,7.83,900,5.81,3.87,False
CRMU,2.0902,BASING,0.0,0,20,20,2.39,2.27,13,weekly,8.6,25 bear-built-above · rel-vol 1.0x · regime CHOP,False,20,2.0902,2.0588,2.39,3189,14.34,9.56,False
CRNX,84.97,BASING,0,0,0,0,,,,,0,rel-vol 3.2x · regime CHOP,False,0,84.97,83.6954,93.467,78,10.0,6.67,False
CROX,122.68,BASING,0.0,0,20,20,131.72,131.08,64,weekly,6.85,33 bear-built-above · rel-vol 0.7x · regime CHOP,False,20,122.68,120.8398,131.72,54,7.37,4.91,False
CRS,393.0,BASING,0.0,0,18,18,443.19,431.33,1187,weekly,9.75,35 bear-built-above · rel-vol 0.9x · regime CHOP,False,18,393.0,387.105,443.19,16,12.77,8.51,False
CRSP,55.84,BASING,0.0,0,20,20,63.99,63.02,97,weekly,12.86,26 bear-built-above · rel-vol 1.0x · regime CHOP,False,22,55.84,55.0024,63.99,119,14.6,9.73,False
CRSR,13.7999,BASING,0.0,0,5,5,13.86,13.82,4,45m,0.15,4 bear-built-above · rel-vol 0.7x · regime CHOP,False,6,13.7999,13.5929,13.86,483,0.44,0.29,False
CRUS,120.0036,BASING,0.0,0,19,19,129.42,123.51,591,daily,2.92,rel-vol 0.8x · regime CHOP,False,19,120.0036,118.2035,129.42,55,7.85,5.23,False
CRWD,263.79,BASING,0.0,0,5,5,264.42,264.06,37,5m,0.1,5 bear-built-above · rel-vol 0.6x · regime CHOP,True,5,263.79,259.8331,264.42,25,0.24,0.16,False
CRWL,103.62,BASING,0.0,0,1,1,104.4199,104.314,11,5m,0.67,1 bear-built-above · rel-vol 0.3x · regime CHOP,True,2,103.62,102.0657,104.4199,64,0.77,0.51,False
CRWV,86.38,BASING,0.0,0,18,18,94.94,89.91,504,daily,4.09,15 bear-built-above · rel-vol 0.9x · regime CHOP,False,21,86.38,85.0843,94.94,77,9.91,6.61,False
CSCO,106.94,BASING,0.0,0,18,18,122.745,113.925,883,daily,6.53,21 bear-built-above · rel-vol 0.7x · regime CHOP,False,18,106.94,105.3359,122.745,62,14.78,9.85,False
CSGP,27.36,BASING,0.0,0,20,20,28.09,27.675,42,weekly,1.15,32 bear-built-above · rel-vol 0.8x · regime CHOP,False,21,27.36,26.9496,28.09,243,2.67,1.78,False
CSX,46.9906,BASING,0.0,0,20,20,49.41,48.98,43,weekly,4.23,1 bear-built-above · rel-vol 0.7x · regime CHOP,False,22,46.9906,46.2857,49.41,141,5.15,3.43,False
CTSH,56.8,BASING,0.0,0,19,19,57.33,56.84,49,weekly,0.07,15 bear-built-above · rel-vol 1.4x · regime CHOP,False,19,56.8,55.948,57.33,117,0.93,0.62,False
CURI,2.95,BASING,0.0,0,20,20,3.55,3.3,25,daily,11.86,24 bear-built-above · rel-vol 0.6x · regime CHOP,False,21,2.95,2.9058,3.55,2259,20.34,13.56,False
CVE,31.02,BASING,0.0,0,20,20,32.62,32.23,40,weekly,3.9,42 bear-built-above · rel-vol 0.7x · regime CHOP,False,20,31.02,30.5547,32.62,214,5.16,3.44,False
CVI,50.57,BASING,0.0,0,18,18,54.21,54.2,1,1h,7.18,18 bear-built-above · rel-vol 0.8x · regime CHOP,False,18,50.57,49.8115,54.21,131,7.2,4.8,False
CVLT,145.14,BASING,0.0,0,20,20,174.15,162.075,1208,daily,11.67,18 bear-built-above · rel-vol 0.9x · regime CHOP,False,23,145.14,142.9629,174.15,45,19.99,13.33,False
CVNA,63.69,BASING,0.0,0,17,17,73.41,71.91,150,daily,12.91,23 bear-built-above · rel-vol 1.4x · regime CHOP,False,17,63.69,62.7346,73.41,104,15.26,10.17,False
CVS,87.1,BASING,0.0,0,20,20,104.42,99.12,530,daily,13.8,33 bear-built-above · rel-vol 0.9x · regime CHOP,False,24,87.1,85.7935,104.42,76,19.89,13.26,False
CVSA,119.5,BASING,0.0,0,20,20,133.66,130.0,366,daily,8.79,45 bear-built-above · rel-vol 1.1x · regime CHOP,False,20,119.5,117.7075,133.66,55,11.85,7.9,False
CVX,204.57,BASING,0.0,0,20,20,209.51,207.89,163,weekly,1.62,13 bear-built-above · rel-vol 0.6x · regime CHOP,False,21,204.57,201.5014,209.51,32,2.41,1.61,False
CWK,11.75,BASING,0.0,0,19,19,13.66,13.46,20,weekly,14.55,43 bear-built-above · rel-vol 1.0x · regime CHOP,False,19,11.75,11.5738,13.66,567,16.26,10.84,False
CX,9.63,BASING,0.0,0,18,18,10.69,10.51,18,weekly,9.14,18 bear-built-above · rel-vol 0.8x · regime CHOP,False,18,9.63,9.4855,10.69,692,11.01,7.34,False
CXW,32.67,BASING,0.0,0,15,15,35.23,35.01,22,daily,7.16,11 bear-built-above · rel-vol 1.2x · regime CHOP,False,15,32.67,32.1799,35.23,204,7.84,5.22,False
CYPH,3.2,BASING,0.0,0,19,19,3.67,3.6639,1,30m,14.5,14 bear-built-above · rel-vol 0.7x · regime CHOP,False,19,3.2,3.152,3.67,2083,14.69,9.79,False
CYTK,65.9,BASING,0.0,0,20,20,77.9,73.88,403,daily,12.11,26 bear-built-above · rel-vol 1.2x · regime CHOP,False,20,65.9,64.9115,77.9,101,18.21,12.14,False
DAIC,2.82,BASING,0.0,0,20,20,3.24,2.97,27,daily,5.32,16 bear-built-above · rel-vol 0.3x · regime CHOP,False,20,2.82,2.7777,3.24,2364,14.89,9.93,False
DAL,85.39,BASING,0.0,0,20,20,89.35,89.0,35,weekly,4.23,2 bear-built-above · rel-vol 0.8x · regime CHOP,True,20,85.39,84.1091,89.35,78,4.64,3.09,False
DAN,27.3,BASING,0.0,0,20,20,31.08,30.55,53,weekly,11.9,18 bear-built-above · rel-vol 0.9x · regime CHOP,False,20,27.3,26.8905,31.08,244,13.85,9.23,False
DAPP,19.47,BASING,0.0,0,20,20,20.41,20.14,27,weekly,3.44,60 bear-built-above · rel-vol 0.8x · regime CHOP,False,20,19.47,19.1779,20.41,342,4.83,3.22,False
DAR,60.32,BASING,0.0,0,19,19,65.36,65.18,18,weekly,8.06,29 bear-built-above · rel-vol 0.6x · regime CHOP,False,19,60.32,59.4152,65.36,110,8.36,5.57,False
DASH,186.99,BASING,0.0,0,20,20,193.36,188.53,484,weekly,0.82,32 bear-built-above · rel-vol 1.4x · regime CHOP,False,21,186.99,184.1851,193.36,35,3.41,2.27,False
DAVE,326.44,BASING,0.0,0,18,18,374.665,370.7,397,daily,13.56,33 bear-built-above · rel-vol 0.8x · regime CHOP,False,18,326.44,321.5434,374.665,20,14.77,9.85,False
DBGI,4.61,BASING,0.0,0,20,20,5.13,4.96,17,daily,7.59,15 bear-built-above · rel-vol 0.1x · regime CHOP,False,20,4.61,4.5408,5.13,1446,11.28,7.52,False
DBRG,16.0,BASING,0,0,0,0,,,,,0,rel-vol 0.8x · regime CHOP,False,0,16.0,15.76,17.6,416,10.0,6.67,False
DBX,32.65,BASING,0.0,0,18,18,33.92,33.075,85,daily,1.3,15 bear-built-above · rel-vol 0.9x · regime CHOP,False,19,32.65,32.1602,33.92,204,3.89,2.59,False
DCOY,2.08,BASING,0.0,0,17,17,2.3,2.27,3,30m,9.13,14 bear-built-above · rel-vol 0.1x · regime CHOP,False,17,2.08,2.0488,2.3,3205,10.58,7.05,False
DDOG,268.25,BASING,0.0,0,19,19,282.0,280.0,200,1h,4.38,16 bear-built-above · rel-vol 0.8x · regime CHOP,False,23,268.25,264.2262,282.0,24,5.13,3.42,False
DDS,682.01,BASING,0.0,0,3,3,728.12,701.78,2635,daily,2.9,rel-vol 1.8x · regime CHOP,False,3,682.01,671.7799,728.12,9,6.76,4.51,False
DE,680.965,BASING,0.0,0,20,20,687.13,685.59,154,daily,0.68,47 bear-built-above · rel-vol 0.9x · regime CHOP,False,24,680.965,670.7505,687.13,9,0.91,0.6,False
DELL,540.5,BASING,0.0,0,20,20,562.89,551.74,1115,weekly,2.08,41 bear-built-above · rel-vol 0.5x · regime CHOP,True,20,540.5,532.3925,562.89,12,4.14,2.76,False
DFDV,5.61,BASING,0.0,0,20,20,6.04,5.73,31,weekly,2.14,31 bear-built-above · rel-vol 0.7x · regime CHOP,False,21,5.61,5.5259,6.04,1188,7.66,5.11,False
DFNS,7.1,BASING,0.0,0,20,20,7.79,7.31,49,weekly,2.96,27 bear-built-above · rel-vol 0.4x · regime CHOP,False,20,7.1,6.9935,7.79,938,9.72,6.48,False
DFTX,37.8138,BASING,0.0,0,20,20,43.82,43.18,65,daily,14.19,27 bear-built-above · rel-vol 0.8x · regime CHOP,False,20,37.8138,37.2466,43.82,176,15.88,10.59,False
DG,122.5,BASING,0.0,0,20,20,144.84,135.95,890,daily,10.98,15 bear-built-above · rel-vol 1.1x · regime CHOP,False,20,122.5,120.6625,144.84,54,18.24,12.16,False
DGX,231.97,BASING,0.0,0,20,20,244.88,234.76,1013,daily,1.2,72 bear-built-above · rel-vol 1.4x · regime CHOP,False,23,231.97,228.4905,244.88,28,5.57,3.71,False
DGXX,4.1994,BASING,0.0,0,20,20,4.59,4.51,9,daily,7.4,36 bear-built-above · rel-vol 0.7x · regime CHOP,False,22,4.1994,4.1364,4.59,1587,9.3,6.2,False
DHR,226.49,BASING,0.0,0,10,10,247.84,235.02,1282,daily,3.77,3 bear-built-above · rel-vol 0.9x · regime CHOP,False,13,226.49,223.0926,247.84,29,9.43,6.28,False
DHT,22.64,BASING,0.0,0,8,8,23.16,23.0,17,daily,1.59,8 bear-built-above · rel-vol 0.9x · regime CHOP,False,10,22.64,22.3004,23.16,294,2.3,1.53,False
DINO,104.9,BASING,0.0,0,20,20,115.9,114.06,185,daily,8.73,32 bear-built-above · rel-vol 0.7x · regime CHOP,False,20,104.9,103.3265,115.9,63,10.49,6.99,False
DIOD,99.2,BASING,0.0,0,20,20,114.97,109.07,591,daily,9.95,rel-vol 0.9x · regime CHOP,False,22,99.2,97.712,114.97,67,15.9,10.6,False
DIS,105.4,BASING,0.0,0,20,20,109.63,108.78,85,daily,3.21,8 bear-built-above · rel-vol 0.9x · regime CHOP,False,20,105.4,103.819,109.63,63,4.01,2.68,False
DJT,9.11,BASING,0.0,0,17,17,10.134,10.13,1,1h,11.2,12 bear-built-above · rel-vol 1.0x · regime CHOP,False,17,9.11,8.9733,10.134,731,11.24,7.49,False
DK,68.73,BASING,0.0,0,20,20,77.76,77.21,56,weekly,12.34,19 bear-built-above · rel-vol 0.6x · regime CHOP,False,20,68.73,67.699,77.76,96,13.14,8.76,False
DKNG,19.63,BASING,0.0,0,19,19,21.75,21.62,13,weekly,10.14,36 bear-built-above · rel-vol 1.9x · regime CHOP,False,19,19.63,19.3355,21.75,339,10.8,7.2,False
DKS,134.7,BASING,0.0,0,20,20,179.33,142.36,3697,daily,5.69,11 bear-built-above · rel-vol 0.9x · regime CHOP,False,20,134.7,132.6795,179.33,49,33.13,22.09,False
DLO,13.8,BASING,0.0,0,20,20,14.08,13.91,17,weekly,0.8,33 bear-built-above · rel-vol 1.1x · regime CHOP,False,20,13.8,13.593,14.08,483,2.03,1.35,False
DLTR,113.5,BASING,0.0,0,20,20,124.04,123.07,98,daily,8.43,27 bear-built-above · rel-vol 0.9x · regime CHOP,False,20,113.5,111.7975,124.04,58,9.29,6.19,False
DLXY,2.21,BASING,0.0,0,20,20,2.44,2.31,13,daily,4.52,19 bear-built-above · rel-vol 0.0x · regime CHOP,False,20,2.21,2.1768,2.44,3016,10.41,6.94,False
DNA,11.86,BASING,0.0,0,16,16,12.79,12.1,69,daily,2.02,11 bear-built-above · rel-vol 2.7x · regime CHOP,True,17,11.86,11.6821,12.79,562,7.84,5.23,False
DNLI,20.81,BASING,0.0,0,20,20,22.28,21.79,50,weekly,4.71,16 bear-built-above · rel-vol 0.8x · regime CHOP,False,20,20.81,20.4978,22.28,320,7.06,4.71,False
DNN,2.62,BASING,0.0,0,14,14,3.02,2.93,9,weekly,11.83,24 bear-built-above · rel-vol 1.0x · regime CHOP,False,14,2.62,2.5807,3.02,2544,15.27,10.18,False
DNTH,87.95,BASING,0.0,0,20,20,96.81,95.95,86,weekly,9.1,29 bear-built-above · rel-vol 1.2x · regime CHOP,False,21,87.95,86.6308,96.81,75,10.07,6.72,False
DOCN,135.01,BASING,0.0,0,18,18,137.6,137.22,38,45m,1.64,41 bear-built-above · rel-vol 0.7x · regime CHOP,True,18,135.01,132.9848,137.6,49,1.92,1.28,False
DOCS,26.52,BASING,0.0,0,12,12,26.95,26.55,40,4h,0.11,11 bear-built-above · rel-vol 1.2x · regime CHOP,False,15,26.52,26.1222,26.95,251,1.62,1.08,False
DOCU,66.655,BASING,0.0,0,19,19,67.5,66.98,52,weekly,0.49,30 bear-built-above · rel-vol 0.5x · regime CHOP,False,20,66.655,65.6552,67.5,100,1.27,0.85,False
DOMO,3.59,BASING,0.0,0,20,20,3.7,3.67,4,daily,2.23,19 bear-built-above · rel-vol 2.1x · regime CHOP,False,20,3.59,3.5361,3.7,1857,3.06,2.04,False
DOO,57.35,BASING,0.0,0,20,20,60.99,60.74,25,weekly,5.91,18 bear-built-above · rel-vol 1.6x · regime CHOP,False,20,57.35,56.4898,60.99,116,6.35,4.23,False
DOW,27.66,BASING,0.0,0,17,17,28.73,28.52,22,weekly,3.11,28 bear-built-above · rel-vol 0.9x · regime CHOP,False,17,27.66,27.2451,28.73,241,3.87,2.58,False
DPC,41.46,BASING,0.0,0,10,10,45.6,45.07,54,30m,8.71,6 bear-built-above · rel-vol 1.2x · regime CHOP,False,10,41.46,40.8381,45.6,160,9.99,6.66,False
DPZ,301.0,BASING,0.0,0,20,20,347.03,343.91,312,daily,14.26,1 bear-built-above · rel-vol 1.2x · regime CHOP,False,20,301.0,296.485,347.03,22,15.29,10.19,False
DRAM,60.8491,BASING,0.0,0,16,16,80.675,69.52,1116,daily,14.25,16 bear-built-above · rel-vol 0.8x · regime CHOP,False,18,60.8491,59.9364,80.675,109,32.58,21.72,False
DRI,195.11,BASING,0.0,0,19,19,213.69,208.88,482,daily,7.06,62 bear-built-above · rel-vol 1.0x · regime CHOP,False,19,195.11,192.1834,213.69,34,9.52,6.35,False
DRIP,37.662,BASING,0.0,0,14,14,42.0575,41.95,11,45m,11.39,1 bear-built-above · rel-vol 0.7x · regime CHOP,True,14,37.662,37.0971,42.0575,177,11.67,7.78,False
DSGX,79.465,BASING,0.0,0,18,18,87.89,87.0,90,weekly,9.48,9 bear-built-above · rel-vol 0.5x · regime CHOP,False,19,79.465,78.273,87.89,83,10.6,7.07,False
DT,57.56,BASING,0.0,0,13,13,61.64,61.38,26,daily,6.64,12 bear-built-above · rel-vol 0.6x · regime CHOP,False,13,57.56,56.6966,61.64,115,7.09,4.73,False
DTM,121.63,BASING,0.0,0,17,17,125.86,124.58,129,weekly,2.43,38 bear-built-above · rel-vol 0.8x · regime CHOP,False,17,121.63,119.8055,125.86,54,3.48,2.32,False
DUOL,142.09,BASING,0.0,0,20,20,158.82,157.46,136,daily,10.82,58 bear-built-above · rel-vol 0.9x · regime CHOP,False,21,142.09,139.9587,158.82,46,11.77,7.85,False
DUST,38.87,BASING,0.0,0,20,20,48.55,42.37,618,daily,9.0,15 bear-built-above · rel-vol 1.1x · regime CHOP,False,20,38.87,38.2869,48.55,171,24.9,16.6,False
DVA,175.36,BASING,0.0,0,19,19,178.07,176.92,116,daily,0.89,46 bear-built-above · rel-vol 0.9x · regime CHOP,False,19,175.36,172.7296,178.07,38,1.55,1.03,False
DVLT,0.1589,BASING,0.0,0,8,8,0.1606,0.1603,1,45m,0.88,8 bear-built-above · rel-vol 0.5x · regime CHOP,False,8,0.1589,0.1565,0.1606,41955,1.1,0.73,False
DVN,46.72,BASING,0.0,0,18,18,48.61,47.8,82,weekly,2.31,28 bear-built-above · rel-vol 0.8x · regime CHOP,False,18,46.72,46.0192,48.61,142,4.05,2.7,False
DX,11.39,BASING,0.0,0,19,19,12.18,12.1,9,weekly,6.23,39 bear-built-above · rel-vol 0.9x · regime CHOP,False,19,11.39,11.2192,12.18,585,6.94,4.62,False
DXCM,86.27,BASING,0.0,0,20,20,90.82,90.0,82,weekly,4.32,28 bear-built-above · rel-vol 0.8x · regime CHOP,False,21,86.27,84.9759,90.82,77,5.27,3.52,False
DXYZ,30.78,BASING,0.0,0,20,20,32.11,31.31,81,weekly,1.72,19 bear-built-above · rel-vol 0.7x · regime CHOP,False,20,30.78,30.3183,32.11,216,4.32,2.88,False
DY,269.04,BASING,0.0,0,18,18,302.26,293.56,870,weekly,9.11,36 bear-built-above · rel-vol 0.9x · regime CHOP,False,18,269.04,265.0044,302.26,24,12.35,8.23,False
DYN,16.72,BASING,0.0,0,18,18,24.28,18.21,607,weekly,8.91,15 bear-built-above · rel-vol 0.6x · regime CHOP,False,18,16.72,16.4692,24.28,398,45.22,30.14,False
EAT,200.99,BASING,0.0,0,20,20,222.49,220.09,241,daily,9.5,22 bear-built-above · rel-vol 0.9x · regime CHOP,True,21,200.99,197.9752,222.49,33,10.7,7.13,False
EBAY,105.79,BASING,0.0,0,20,20,107.9,107.57,34,weekly,1.68,26 bear-built-above · rel-vol 0.8x · regime CHOP,False,21,105.79,104.2032,107.9,63,1.99,1.33,False
ECG,117.8,BASING,0.0,0,16,16,125.96,124.98,98,weekly,6.1,15 bear-built-above · rel-vol 1.0x · regime CHOP,True,16,117.8,116.033,125.96,56,6.93,4.62,False
ECHO,90.27,BASING,0.0,0,20,20,95.46,94.99,47,daily,5.23,32 bear-built-above · rel-vol 0.9x · regime CHOP,False,22,90.27,88.9159,95.46,73,5.75,3.83,False
ECO,80.54,BASING,0.0,0,20,20,84.95,82.83,213,daily,2.84,14 bear-built-above · rel-vol 0.5x · regime CHOP,True,20,80.54,79.3319,84.95,82,5.48,3.65,False
EEFT,64.2,BASING,0.0,0,19,19,65.61,65.0,61,weekly,1.25,18 bear-built-above · rel-vol 1.1x · regime CHOP,False,19,64.2,63.237,65.61,103,2.2,1.46,False
EFOR,32.9,BASING,0.0,0,13,13,33.64,33.49,15,4h,1.79,10 bear-built-above · rel-vol 0.6x · regime CHOP,False,13,32.9,32.4065,33.64,202,2.25,1.5,False
EFX,140.83,BASING,0.0,0,20,20,148.11,146.68,144,weekly,4.15,49 bear-built-above · rel-vol 1.7x · regime CHOP,False,20,140.83,138.7176,148.11,47,5.17,3.45,False
EGO,39.25,BASING,0.0,0,20,20,41.92,39.54,239,weekly,0.74,40 bear-built-above · rel-vol 1.1x · regime CHOP,False,22,39.25,38.6613,41.92,169,6.8,4.54,False
EIX,53.95,BASING,0.0,0,16,16,70.17,56.77,1340,weekly,5.23,21 bear-built-above · rel-vol 1.2x · regime CHOP,False,16,53.95,53.1408,70.17,123,30.06,20.04,False
EL,94.47,BASING,0.0,0,20,20,109.47,106.75,272,weekly,13.0,32 bear-built-above · rel-vol 0.7x · regime CHOP,False,20,94.47,93.0529,109.47,70,15.88,10.59,False
ELAN,22.85,BASING,0.0,0,20,20,26.22,25.345,88,daily,10.92,1 bear-built-above · rel-vol 1.0x · regime CHOP,True,20,22.85,22.5073,26.22,291,14.75,9.83,False
ELF,101.7,BASING,0.0,0,20,20,104.31,102.89,143,daily,1.17,9 bear-built-above · rel-vol 0.6x · regime CHOP,False,24,101.7,100.1745,104.31,65,2.57,1.71,False
ELMT,19.2149,BASING,0.0,0,20,20,19.64,19.23,42,weekly,0.08,35 bear-built-above · rel-vol 0.3x · regime CHOP,False,20,19.2149,18.9267,19.64,346,2.21,1.47,False
ELV,392.73,BASING,0.0,0,20,20,484.0,444.35,3965,daily,13.14,23 bear-built-above · rel-vol 0.7x · regime CHOP,False,22,392.73,386.839,484.0,16,23.24,15.49,False
EMBC,5.76,BASING,0.0,0,6,6,5.939,5.91,3,1m,2.6,6 bear-built-above · rel-vol 0.9x · regime CHOP,False,6,5.76,5.6736,5.939,1157,3.11,2.07,False
EMBJ,76.87,BASING,0.0,0,19,19,78.58,78.02,57,45m,1.5,16 bear-built-above · rel-vol 1.1x · regime CHOP,False,21,76.87,75.7169,78.58,86,2.22,1.48,False
EME,756.77,BASING,0.0,0,18,18,805.78,799.14,664,daily,5.6,11 bear-built-above · rel-vol 1.2x · regime CHOP,False,18,756.77,745.4185,805.78,8,6.48,4.32,False
EMR,157.24,BASING,0.0,0,20,20,162.05,161.09,97,daily,2.45,19 bear-built-above · rel-vol 1.1x · regime CHOP,False,23,157.24,154.8814,162.05,42,3.06,2.04,False
ENPH,31.9,BASING,0.0,0,16,16,36.35,35.24,111,weekly,10.47,40 bear-built-above · rel-vol 1.2x · regime CHOP,False,16,31.9,31.4215,36.35,208,13.95,9.3,False
ENS,182.1,BASING,0.0,0,20,20,189.76,187.6,216,weekly,3.02,rel-vol 0.7x · regime CHOP,True,20,182.1,179.3685,189.76,36,4.21,2.8,False
ENTG,154.77,BASING,0.0,0,20,20,167.01,165.0,201,30m,6.61,15 bear-built-above · rel-vol 1.2x · regime CHOP,False,21,154.77,152.4485,167.01,43,7.91,5.27,False
EOSE,3.16,BASING,0.0,0,16,16,3.58,3.501,8,daily,10.79,5 bear-built-above · rel-vol 0.8x · regime CHOP,False,16,3.16,3.1126,3.58,2109,13.29,8.86,False
EOSU,4.66,BASING,0.0,0,20,20,4.795,4.78,2,weekly,2.58,33 bear-built-above · rel-vol 1.2x · regime CHOP,False,20,4.66,4.5901,4.795,1430,2.9,1.93,False
EPAM,107.14,BASING,0.0,0,20,20,122.37,120.9,147,daily,12.84,5 bear-built-above · rel-vol 0.6x · regime CHOP,False,23,107.14,105.5329,122.37,62,14.22,9.48,False
EQH,52.19,BASING,0.0,0,20,20,53.84,53.56,29,weekly,2.63,18 bear-built-above · rel-vol 0.6x · regime CHOP,False,22,52.19,51.4071,53.84,127,3.16,2.11,False
EQPT,18.16,BASING,0.0,0,18,18,20.47,20.33,15,weekly,11.95,10 bear-built-above · rel-vol 1.0x · regime CHOP,False,18,18.16,17.8876,20.47,367,12.72,8.48,False
EQX,11.5364,BASING,0.0,0,16,16,12.05,11.92,14,daily,3.33,26 bear-built-above · rel-vol 1.2x · regime CHOP,False,16,11.5364,11.3634,12.05,577,4.45,2.97,False
ERAS,14.95,BASING,0.0,0,17,17,16.7484,16.745,1,30m,12.01,8 bear-built-above · rel-vol 0.7x · regime CHOP,False,17,14.95,14.7257,16.7484,445,12.03,8.02,False
ERO,37.5,BASING,0.0,0,18,18,38.1829,37.83,36,1h,0.88,5 bear-built-above · rel-vol 1.1x · regime CHOP,True,19,37.5,36.9375,38.1829,177,1.82,1.21,False
EROC,12.31,BASING,0.0,0,20,20,12.6,12.52,9,weekly,1.71,38 bear-built-above · rel-vol 0.7x · regime CHOP,False,20,12.31,12.1254,12.6,541,2.36,1.57,False
ERY,9.4886,BASING,0.0,0,19,19,11.06,10.85,22,daily,14.35,6 bear-built-above · rel-vol 1.2x · regime CHOP,False,19,9.4886,9.3463,11.06,702,16.56,11.04,False
ESAB,67.6,BASING,0.0,0,20,20,76.43,75.75,69,weekly,12.06,31 bear-built-above · rel-vol 0.9x · regime CHOP,False,20,67.6,66.586,76.43,98,13.06,8.71,False
ESI,35.97,BASING,0.0,0,10,10,39.82,39.52,30,weekly,9.87,rel-vol 0.8x · regime CHOP,False,10,35.97,35.4305,39.82,185,10.7,7.14,False
ESNT,63.24,BASING,0.0,0,20,20,63.73,63.55,18,weekly,0.49,40 bear-built-above · rel-vol 1.0x · regime CHOP,False,20,63.24,62.2914,63.73,105,0.77,0.52,False
ESTC,88.9,BASING,0.0,0,20,20,99.91,98.0,191,daily,10.24,21 bear-built-above · rel-vol 0.7x · regime CHOP,False,21,88.9,87.5665,99.91,74,12.38,8.26,False
ET,19.9001,BASING,0.0,0,18,18,21.14,21.08,7,weekly,5.93,53 bear-built-above · rel-vol 1.2x · regime CHOP,False,18,19.9001,19.6016,21.14,335,6.23,4.15,False
ETH,25.47,BASING,0.0,0,19,19,27.77,27.26,51,weekly,7.03,34 bear-built-above · rel-vol 0.5x · regime CHOP,False,21,25.47,25.0879,27.77,261,9.03,6.02,False
ETHA,20.12,BASING,0.0,0,20,20,22.2,21.79,42,weekly,8.3,44 bear-built-above · rel-vol 0.5x · regime CHOP,False,23,20.12,19.8182,22.2,331,10.34,6.89,False
ETHD,25.0855,BASING,0.0,0,20,20,25.8001,25.1711,63,15m,0.34,18 bear-built-above · rel-vol 0.7x · regime CHOP,False,22,25.0855,24.7092,25.8001,265,2.85,1.9,False
ETHE,21.44,BASING,0.0,0,19,19,24.02,23.578,45,weekly,9.97,42 bear-built-above · rel-vol 0.8x · regime CHOP,True,21,21.44,21.1184,24.02,310,12.03,8.02,False
ETHT,19.27,BASING,0.0,0,20,20,28.86,21.21,765,weekly,10.07,64 bear-built-above · rel-vol 0.6x · regime CHOP,False,28,19.27,18.9809,28.86,345,49.77,33.18,False
ETHU,29.911,BASING,0.0,0,20,20,42.37,31.1,1127,weekly,3.98,53 bear-built-above · rel-vol 0.7x · regime CHOP,False,26,29.911,29.4623,42.37,222,41.65,27.77,False
ETN,435.1442,BASING,0.0,0,20,20,455.4,444.19,1121,daily,2.08,20 bear-built-above · rel-vol 0.9x · regime CHOP,False,22,435.1442,428.617,455.4,15,4.65,3.1,False
ETON,59.904,BASING,0.0,0,16,16,63.6,62.8705,73,4h,4.95,11 bear-built-above · rel-vol 1.5x · regime CHOP,True,16,59.904,59.0054,63.6,111,6.17,4.11,False
ETSY,69.5,BASING,0.0,0,20,20,76.51,76.08,44,weekly,9.47,36 bear-built-above · rel-vol 0.8x · regime CHOP,False,22,69.5,68.4575,76.51,95,10.09,6.72,False
EVGN,0.426,BASING,0.0,0,6,6,0.5355,0.46,8,1h,7.98,1 bear-built-above · rel-vol 18.7x · regime CHOP,True,7,0.426,0.4196,0.5355,15649,25.7,17.14,False
EW,88.08,BASING,0.0,0,20,20,89.9,89.07,84,weekly,1.12,4 bear-built-above · rel-vol 1.0x · regime CHOP,False,22,88.08,86.7588,89.9,75,2.07,1.38,False
EWTX,39.34,BASING,0.0,0,20,20,44.51,44.41,11,daily,12.89,19 bear-built-above · rel-vol 1.2x · regime CHOP,False,24,39.34,38.7499,44.51,169,13.14,8.76,False
EWY,184.8,BASING,0.0,0,20,20,218.28,193.6,2469,daily,4.76,27 bear-built-above · rel-vol 0.7x · regime CHOP,False,22,184.8,182.028,218.28,36,18.12,12.08,False
EXE,84.18,BASING,0.0,0,20,20,87.49,87.0,49,weekly,3.35,34 bear-built-above · rel-vol 1.0x · regime CHOP,False,20,84.18,82.9173,87.49,79,3.93,2.62,False
EXEL,57.5859,BASING,0.0,0,10,10,59.06,59.01,6,10m,2.47,8 bear-built-above · rel-vol 1.0x · regime CHOP,True,10,57.5859,56.7221,59.06,115,2.56,1.71,False
EXK,8.73,BASING,0.0,0,16,16,9.39,8.85,55,weekly,1.37,55 bear-built-above · rel-vol 1.3x · regime CHOP,False,16,8.73,8.5991,9.39,763,7.56,5.04,False
EXPD,188.16,BASING,0.0,0,20,20,191.98,191.44,54,15m,1.74,15 bear-built-above · rel-vol 0.8x · regime CHOP,False,20,188.16,185.3376,191.98,35,2.03,1.35,False
EXPE,266.0,BASING,0.0,0,20,20,280.7,278.0,270,daily,4.51,29 bear-built-above · rel-vol 1.1x · regime CHOP,False,23,266.0,262.01,280.7,25,5.53,3.68,False
EYE,16.38,BASING,0.0,0,19,19,18.67,18.44,24,daily,12.58,7 bear-built-above · rel-vol 0.7x · regime CHOP,False,19,16.38,16.1343,18.67,407,13.98,9.32,False
EYPT,3.4637,BASING,0.0,0,20,20,3.62,3.58,5,weekly,3.36,46 bear-built-above · rel-vol 0.7x · regime CHOP,False,20,3.4637,3.4117,3.62,1924,4.51,3.01,False
EZPW,30.1,BASING,0.0,0,20,20,32.47,31.99,49,weekly,6.28,33 bear-built-above · rel-vol 0.7x · regime CHOP,False,20,30.1,29.6485,32.47,221,7.87,5.25,False
F,12.3,BASING,0.0,0,16,16,13.97,13.86,12,weekly,12.68,28 bear-built-above · rel-vol 0.7x · regime CHOP,False,16,12.3,12.1155,13.97,542,13.58,9.05,False
FAMI,0.1376,BASING,0,0,0,0,,,,,0,rel-vol 0.0x · regime CHOP,False,1,0.1376,0.1355,0.1514,48449,10.0,6.67,False
FANG,183.95,BASING,0.0,0,20,20,207.23,197.03,1020,daily,7.11,39 bear-built-above · rel-vol 0.6x · regime CHOP,False,20,183.95,181.1907,207.23,36,12.66,8.44,False
FAST,50.1,BASING,0.0,0,9,9,51.675,51.67,1,45m,3.13,8 bear-built-above · rel-vol 1.1x · regime CHOP,True,13,50.1,49.3485,51.675,133,3.14,2.1,False
FAZ,38.01,BASING,0.0,0,18,18,40.54,40.01,54,weekly,5.26,42 bear-built-above · rel-vol 0.6x · regime CHOP,False,18,38.01,37.4398,40.54,175,6.66,4.44,False
FBIN,38.41,BASING,0.0,0,20,20,39.38,38.82,57,weekly,1.07,36 bear-built-above · rel-vol 1.1x · regime CHOP,False,20,38.41,37.8338,39.38,173,2.53,1.68,False
FBTC,72.2,BASING,0.0,0,19,19,77.92,76.34,158,weekly,5.73,48 bear-built-above · rel-vol 0.5x · regime CHOP,False,22,72.2,71.117,77.92,92,7.92,5.28,False
FCEL,17.15,BASING,0.0,0,16,16,19.54,18.69,85,weekly,8.98,13 bear-built-above · rel-vol 1.0x · regime CHOP,False,18,17.15,16.8927,19.54,388,13.94,9.29,False
FCFS,212.82,BASING,0.0,0,20,20,217.45,216.3,115,weekly,1.64,44 bear-built-above · rel-vol 0.7x · regime CHOP,False,20,212.82,209.6277,217.45,31,2.18,1.45,False
FCN,132.09,BASING,0.0,0,20,20,146.92,145.35,157,daily,10.04,44 bear-built-above · rel-vol 1.6x · regime CHOP,False,20,132.09,130.1087,146.92,50,11.23,7.48,False
FCX,71.3,BASING,0.0,0,18,18,79.0,78.83,18,daily,10.56,69 bear-built-above · rel-vol 0.9x · regime CHOP,False,19,71.3,70.2305,79.0,93,10.8,7.2,False
FDMT,14.46,BASING,0.0,0,20,20,15.0,14.81,19,daily,2.42,26 bear-built-above · rel-vol 1.5x · regime CHOP,False,20,14.46,14.2431,15.0,461,3.73,2.49,False
FDXF,112.06,BASING,0.0,0,20,20,128.31,128.0,32,weekly,14.22,19 bear-built-above · rel-vol 0.6x · regime CHOP,False,20,112.06,110.3791,128.31,59,14.5,9.67,False
FEIM,84.15,BASING,0.0,0,12,12,89.2,87.555,165,1h,4.05,12 bear-built-above · rel-vol 1.2x · regime CHOP,False,12,84.15,82.8878,89.2,79,6.0,4.0,False
FETH,26.64,BASING,0.0,0,20,20,29.28,28.77,52,weekly,8.0,55 bear-built-above · rel-vol 0.6x · regime CHOP,False,21,26.64,26.2404,29.28,250,9.91,6.61,False
FFAI,1.3,BASING,0.0,0,15,15,1.44,1.439,1,45m,10.69,11 bear-built-above · rel-vol 4.0x · regime CHOP,False,15,1.3,1.2805,1.44,5128,10.77,7.18,False
FFIV,438.07,BASING,0.0,0,20,20,453.92,452.13,180,daily,3.21,41 bear-built-above · rel-vol 1.2x · regime CHOP,False,20,438.07,431.4989,453.92,15,3.62,2.41,False
FGL,4.05,BASING,0.0,0,13,13,4.33,4.25,9,weekly,4.94,12 bear-built-above · rel-vol 0.1x · regime CHOP,False,13,4.05,3.9892,4.33,1646,6.91,4.61,False
FHB,24.82,BASING,0.0,0,18,18,28.65,28.28,37,daily,13.94,33 bear-built-above · rel-vol 0.9x · regime CHOP,False,18,24.82,24.4477,28.65,268,15.43,10.29,False
FICO,613.0,BASING,0.0,0,20,20,840.89,668.08,17281,daily,8.99,31 bear-built-above · rel-vol 7.2x · regime CHOP,False,20,613.0,603.805,840.89,10,37.18,24.78,False
FIG,20.68,BASING,0.0,0,15,15,20.85,20.72,14,weekly,0.19,14 bear-built-above · rel-vol 0.8x · regime CHOP,False,15,20.68,20.3698,20.85,322,0.82,0.55,False
FIGR,29.65,BASING,0.0,0,16,16,31.9,31.2,70,weekly,5.23,33 bear-built-above · rel-vol 1.0x · regime CHOP,False,16,29.65,29.2052,31.9,224,7.59,5.06,False
FIS,33.45,BASING,0.0,0,20,20,35.41,35.16,25,weekly,5.11,57 bear-built-above · rel-vol 1.2x · regime CHOP,False,20,33.45,32.9483,35.41,199,5.86,3.91,False
FISV,45.55,BASING,0.0,0,20,20,46.48,46.01,47,weekly,1.01,20 bear-built-above · rel-vol 1.1x · regime CHOP,False,20,45.55,44.8667,46.48,146,2.04,1.36,False
FIVE,223.0,BASING,0.0,0,18,18,244.6,243.88,72,weekly,9.36,49 bear-built-above · rel-vol 0.5x · regime CHOP,False,19,223.0,219.655,244.6,29,9.69,6.46,False
FIVN,34.65,BASING,0.0,0,20,20,35.77,34.75,103,daily,0.29,18 bear-built-above · rel-vol 0.8x · regime CHOP,False,20,34.65,34.1302,35.77,192,3.23,2.15,False
FIX,1683.055,BASING,0.0,0,18,18,1760.0,1750.87,914,30m,4.03,5 bear-built-above · rel-vol 0.9x · regime CHOP,False,19,1683.055,1657.8092,1760.0,3,4.57,3.05,False
FLEX,113.83,BASING,0.0,0,11,11,128.2,125.3,290,daily,10.08,2 bear-built-above · rel-vol 0.7x · regime CHOP,True,11,113.83,112.1225,128.2,58,12.62,8.42,False
FLNC,7.847,BASING,0.0,0,2,2,7.94,7.9386,1,5m,1.17,2 bear-built-above · rel-vol 0.8x · regime CHOP,False,2,7.847,7.7293,7.94,849,1.19,0.79,False
FLO,5.7,BASING,0.0,0,20,20,5.94,5.9,5,weekly,3.51,16 bear-built-above · rel-vol 0.8x · regime CHOP,False,20,5.7,5.6145,5.94,1169,4.21,2.81,False
FLR,49.99,BASING,0.0,0,20,20,58.5,50.93,757,daily,1.88,27 bear-built-above · rel-vol 1.2x · regime CHOP,False,21,49.99,49.2401,58.5,133,17.02,11.35,False
FLUT,74.66,BASING,0.0,0,20,20,83.23,82.81,43,weekly,10.92,15 bear-built-above · rel-vol 1.3x · regime CHOP,False,20,74.66,73.5401,83.23,89,11.48,7.65,False
FLY,23.07,BASING,0.0,0,19,19,26.67,26.38,30,weekly,14.35,15 bear-built-above · rel-vol 1.0x · regime CHOP,False,21,23.07,22.7239,26.67,288,15.6,10.4,False
FLYE,1.39,BASING,0.0,0,15,15,1.57,1.55,3,15m,11.51,11 bear-built-above · rel-vol 0.0x · regime CHOP,False,15,1.39,1.3691,1.57,4796,12.95,8.63,False
FMC,9.09,BASING,0.0,0,20,20,9.58,9.49,9,weekly,4.4,28 bear-built-above · rel-vol 0.8x · regime CHOP,False,20,9.09,8.9536,9.58,733,5.39,3.59,False
FNB,17.41,BASING,0.0,0,20,20,18.31,18.24,8,weekly,4.77,24 bear-built-above · rel-vol 1.2x · regime CHOP,False,22,17.41,17.1488,18.31,382,5.17,3.45,False
FND,47.07,BASING,0.0,0,20,20,50.23,49.57,66,weekly,5.31,17 bear-built-above · rel-vol 0.8x · regime CHOP,False,20,47.07,46.364,50.23,141,6.71,4.48,False
FNGR,0.1644,BASING,0.0,0,6,6,0.1723,0.1699,1,weekly,3.35,2 bear-built-above · rel-vol 6.3x · regime CHOP,False,8,0.1644,0.1619,0.1723,40551,4.81,3.2,False
FNGU,34.75,BASING,0.0,0,17,17,35.72,35.2,52,daily,1.29,17 bear-built-above · rel-vol 0.6x · regime CHOP,False,20,34.75,34.2287,35.72,191,2.79,1.86,False
FNV,248.5687,BASING,0.0,0,20,20,277.92,263.26,1467,daily,5.91,25 bear-built-above · rel-vol 0.8x · regime CHOP,False,21,248.5687,244.8402,277.92,26,11.81,7.87,False
FORM,139.0,BASING,0.0,0,5,5,144.545,142.78,177,1h,2.72,rel-vol 1.1x · regime CHOP,True,5,139.0,136.915,144.545,47,3.99,2.66,False
FOUR,37.08,BASING,0.0,0,20,20,38.45,37.91,55,weekly,2.24,24 bear-built-above · rel-vol 0.8x · regime CHOP,False,20,37.08,36.5238,38.45,179,3.69,2.46,False
FPS,37.362,BASING,0.0,0,20,20,38.97,38.55,43,weekly,3.18,21 bear-built-above · rel-vol 0.9x · regime CHOP,False,21,37.362,36.8016,38.97,178,4.3,2.87,False
FRMI,4.3,BASING,0.0,0,20,20,4.52,4.45,7,weekly,3.49,36 bear-built-above · rel-vol 0.9x · regime CHOP,False,20,4.3,4.2355,4.52,1550,5.12,3.41,False
FRNM,15.92,BASING,0.0,0,18,18,17.3,16.65,66,1h,4.59,21 bear-built-above · rel-vol 0.5x · regime CHOP,False,18,15.92,15.6812,17.3,418,8.67,5.78,False
FRO,49.4,BASING,0.0,0,18,18,54.03,51.42,261,daily,4.09,6 bear-built-above · rel-vol 0.7x · regime CHOP,False,18,49.4,48.659,54.03,134,9.37,6.25,False
FROG,88.57,BASING,0.0,0,20,20,98.4,97.45,96,1h,10.03,12 bear-built-above · rel-vol 0.8x · regime CHOP,False,20,88.57,87.2414,98.4,75,11.1,7.4,False
FRPT,57.15,BASING,0.0,0,19,19,57.91,57.17,74,daily,0.03,36 bear-built-above · rel-vol 0.9x · regime CHOP,False,19,57.15,56.2927,57.91,116,1.33,0.89,False
FRSH,12.6977,BASING,0.0,0,20,20,13.36,13.012,35,daily,2.48,8 bear-built-above · rel-vol 1.1x · regime CHOP,False,24,12.6977,12.5072,13.36,525,5.22,3.48,False
FRVO,13.8,BASING,0.0,0,20,20,14.105,13.99,12,daily,1.38,30 bear-built-above · rel-vol 1.2x · regime CHOP,False,20,13.8,13.593,14.105,483,2.21,1.47,False
FSK,11.1,BASING,0.0,0,20,20,12.0,11.56,44,daily,4.14,25 bear-built-above · rel-vol 1.4x · regime CHOP,False,20,11.1,10.9335,12.0,600,8.11,5.41,False
FSLR,176.7901,BASING,0.0,0,19,19,191.97,190.0,197,daily,7.47,37 bear-built-above · rel-vol 1.0x · regime CHOP,False,19,176.7901,174.1382,191.97,37,8.59,5.72,False
FSLY,25.46,BASING,0.0,0,10,10,27.295,27.285,2,45m,7.17,7 bear-built-above · rel-vol 0.5x · regime CHOP,True,10,25.46,25.0781,27.295,261,7.21,4.8,False
FSM,11.4,BASING,0.0,0,20,20,13.56,12.66,91,daily,11.05,22 bear-built-above · rel-vol 0.9x · regime CHOP,False,21,11.4,11.229,13.56,584,18.95,12.63,False
FTAI,170.55,BASING,0.0,0,18,18,175.06,173.375,169,weekly,1.66,30 bear-built-above · rel-vol 0.7x · regime CHOP,False,18,170.55,167.9917,175.06,39,2.64,1.76,False
FTFT,3.8997,BASING,0.0,0,20,20,4.38,4.27,12,weekly,9.5,14 bear-built-above · rel-vol 0.0x · regime CHOP,False,20,3.8997,3.8412,4.38,1709,12.32,8.21,False
FTHM,0.489,BASING,0.0,0,20,20,0.56,0.5031,6,weekly,2.88,34 bear-built-above · rel-vol 0.3x · regime CHOP,False,20,0.489,0.4817,0.56,13633,14.52,9.68,False
FTI,68.85,BASING,0.0,0,19,19,76.34,75.7,65,weekly,9.95,36 bear-built-above · rel-vol 0.8x · regime CHOP,False,19,68.85,67.8172,76.34,96,10.88,7.25,False
FTK,28.5,BASING,0.0,0,20,20,29.53,29.09,45,weekly,2.07,34 bear-built-above · rel-vol 0.7x · regime CHOP,False,21,28.5,28.0725,29.53,233,3.61,2.41,False
FTNT,175.86,BASING,0.0,0,20,20,178.645,177.3,135,daily,0.82,39 bear-built-above · rel-vol 0.6x · regime CHOP,True,20,175.86,173.2221,178.645,37,1.58,1.06,False
FTRE,19.74,BASING,0.0,0,15,15,20.36,19.89,47,1h,0.76,12 bear-built-above · rel-vol 0.8x · regime CHOP,False,16,19.74,19.4439,20.36,337,3.14,2.09,False
FUL,49.6,BASING,0.0,0,18,18,53.89,53.37,53,weekly,7.6,8 bear-built-above · rel-vol 1.8x · regime CHOP,False,18,49.6,48.856,53.89,134,8.65,5.77,False
FUN,10.8688,BASING,0.0,0,20,20,12.32,12.15,17,weekly,11.79,23 bear-built-above · rel-vol 1.6x · regime CHOP,False,20,10.8688,10.7058,12.32,613,13.35,8.9,False
FUTU,112.61,BASING,0.0,0,20,20,121.75,120.3,146,weekly,6.83,36 bear-built-above · rel-vol 1.8x · regime CHOP,False,20,112.61,110.9209,121.75,59,8.12,5.41,False
FWDI,8.03,BASING,0.0,0,20,20,8.42,8.35,8,daily,3.99,22 bear-built-above · rel-vol 0.8x · regime CHOP,False,22,8.03,7.9095,8.42,830,4.86,3.24,False
G,32.24,BASING,0.0,0,19,19,37.32,36.79,54,weekly,14.11,33 bear-built-above · rel-vol 0.8x · regime CHOP,False,19,32.24,31.7564,37.32,206,15.76,10.5,False
GAP,23.32,BASING,0.0,0,9,9,25.92,25.81,12,daily,10.68,2 bear-built-above · rel-vol 1.3x · regime CHOP,False,10,23.32,22.9702,25.92,285,11.15,7.43,False
GBTC,64.11,BASING,0.0,0,19,19,69.82,68.37,145,weekly,6.64,55 bear-built-above · rel-vol 0.7x · regime CHOP,False,22,64.11,63.1484,69.82,103,8.91,5.94,False
GCDT,0.5006,BASING,0.0,0,5,5,0.5722,0.5717,1,1m,14.21,4 bear-built-above · rel-vol 0.1x · regime CHOP,True,5,0.5006,0.4931,0.5722,13317,14.3,9.54,False
GCT,50.8274,BASING,0.0,0,20,20,53.63,53.17,47,weekly,4.61,56 bear-built-above · rel-vol 1.0x · regime CHOP,False,20,50.8274,50.065,53.63,131,5.51,3.68,False
GCTK,1.73,BASING,0.0,0,10,10,1.8,1.74,7,daily,0.58,7 bear-built-above · rel-vol 0.1x · regime CHOP,False,10,1.73,1.7041,1.8,3853,4.05,2.7,False
GCTS,2.1,BASING,0.0,0,20,20,2.23,2.18,5,daily,3.81,31 bear-built-above · rel-vol 0.9x · regime CHOP,False,22,2.1,2.0685,2.23,3174,6.19,4.13,False
GDC,1.35,BASING,0.0,0,20,20,1.57,1.54,4,daily,14.07,22 bear-built-above · rel-vol 0.2x · regime CHOP,False,20,1.35,1.3297,1.57,4938,16.3,10.86,False
GDDY,94.3,BASING,0.0,0,20,20,97.14,96.0,115,weekly,1.8,57 bear-built-above · rel-vol 0.8x · regime CHOP,False,24,94.3,92.8855,97.14,70,3.01,2.01,False
GDS,31.9,BASING,0.0,0,17,17,36.11,35.1,101,daily,10.03,28 bear-built-above · rel-vol 1.2x · regime CHOP,False,18,31.9,31.4215,36.11,208,13.2,8.8,False
GDX,89.51,BASING,0.0,0,18,18,99.47,96.528,295,daily,7.84,44 bear-built-above · rel-vol 0.9x · regime CHOP,False,20,89.51,88.1673,99.47,74,11.13,7.42,False
GDXD,20.98,BASING,0.0,0,20,20,24.72,23.89,83,weekly,13.87,30 bear-built-above · rel-vol 0.4x · regime CHOP,False,21,20.98,20.6653,24.72,317,17.83,11.88,False
GDXJ,115.87,BASING,0.0,0,16,16,129.25,125.01,424,daily,7.89,39 bear-built-above · rel-vol 0.8x · regime CHOP,False,16,115.87,114.132,129.25,57,11.55,7.7,False
GEHC,66.3,BASING,0.0,0,18,18,68.86,67.95,91,weekly,2.49,2 bear-built-above · rel-vol 0.9x · regime CHOP,False,18,66.3,65.3055,68.86,100,3.86,2.57,False
GEMI,5.35,BASING,0.0,0,18,18,5.95,5.91,5,daily,10.47,17 bear-built-above · rel-vol 0.6x · regime CHOP,False,18,5.35,5.2697,5.95,1246,11.21,7.48,False
GEN,21.03,BASING,0.0,0,19,19,21.62,21.49,14,weekly,2.19,13 bear-built-above · rel-vol 2.1x · regime CHOP,False,21,21.03,20.7145,21.62,317,2.81,1.87,False
GENB,15.51,BASING,0.0,0,20,20,16.52,16.44,8,daily,6.0,31 bear-built-above · rel-vol 0.5x · regime CHOP,False,20,15.51,15.2774,16.52,429,6.51,4.34,False
GENI,6.18,BASING,0.0,0,20,20,6.6,6.5,10,4h,5.18,8 bear-built-above · rel-vol 1.2x · regime CHOP,False,21,6.18,6.0873,6.6,1078,6.8,4.53,False
GEO,30.96,BASING,0.0,0,20,20,31.17,31.0,18,weekly,0.13,18 bear-built-above · rel-vol 1.3x · regime CHOP,False,20,30.96,30.4956,31.17,215,0.68,0.45,False
GERN,1.2676,BASING,0.0,0,13,13,1.425,1.42,1,1h,12.02,3 bear-built-above · rel-vol 1.1x · regime CHOP,False,13,1.2676,1.2486,1.425,5259,12.42,8.28,False
GEV,963.71,BASING,0.0,0,20,20,1072.67,1046.895,2578,daily,8.63,14 bear-built-above · rel-vol 0.7x · regime CHOP,False,22,963.71,949.2544,1072.67,6,11.31,7.54,False
GFI,37.23,BASING,0.0,0,16,16,42.19,41.28,91,daily,10.88,16 bear-built-above · rel-vol 2.9x · regime CHOP,False,16,37.23,36.6715,42.19,179,13.32,8.88,False
GFL,42.4584,BASING,0.0,0,20,20,43.23,43.2,3,daily,1.75,19 bear-built-above · rel-vol 1.3x · regime CHOP,False,21,42.4584,41.8215,43.23,157,1.82,1.21,False
GFS,48.07,BASING,0.0,0,20,20,53.44,51.245,220,daily,6.6,7 bear-built-above · rel-vol 0.6x · regime CHOP,False,22,48.07,47.349,53.44,138,11.17,7.45,False
GGAL,37.005,BASING,0.0,0,20,20,38.74,38.09,65,weekly,2.93,36 bear-built-above · rel-vol 1.0x · regime CHOP,False,20,37.005,36.4499,38.74,180,4.69,3.13,False
GGB,4.66,BASING,0.0,0,20,20,4.85,4.75,10,weekly,1.93,30 bear-built-above · rel-vol 1.2x · regime CHOP,False,24,4.66,4.5901,4.85,1430,4.08,2.72,False
GGLL,99.49,BASING,0.0,0,20,20,113.44,112.38,107,daily,12.96,48 bear-built-above · rel-vol 0.7x · regime CHOP,False,21,99.49,97.9976,113.44,67,14.02,9.35,False
GH,177.73,BASING,0.0,0,14,14,180.35,180.1176,24,5m,1.34,14 bear-built-above · rel-vol 0.9x · regime CHOP,True,14,177.73,175.064,180.35,37,1.47,0.98,False
GIL,42.8435,BASING,0.0,0,20,20,46.19,45.72,47,daily,6.71,24 bear-built-above · rel-vol 1.0x · regime CHOP,False,20,42.8435,42.2009,46.19,155,7.81,5.21,False
GIS,33.91,BASING,0.0,0,18,18,36.32,36.27,5,weekly,6.96,25 bear-built-above · rel-vol 0.9x · regime CHOP,False,18,33.91,33.4013,36.32,196,7.11,4.74,False
GKOS,158.55,BASING,0.0,0,20,20,177.47,175.55,192,weekly,10.72,16 bear-built-above · rel-vol 0.8x · regime CHOP,False,21,158.55,156.1718,177.47,42,11.93,7.96,False
GLBE,40.21,BASING,0.0,0,14,14,45.21,44.13,108,30m,9.75,13 bear-built-above · rel-vol 1.0x · regime CHOP,True,16,40.21,39.6069,45.21,165,12.43,8.29,False
GLL,24.4903,BASING,0.0,0,20,20,26.12,24.61,152,daily,0.49,52 bear-built-above · rel-vol 1.1x · regime CHOP,False,24,24.4903,24.1229,26.12,272,6.65,4.44,False
GLND,4.75,BASING,0.0,0,7,7,5.54,5.14,41,daily,8.21,4 bear-built-above · rel-vol 0.6x · regime CHOP,False,7,4.75,4.6787,5.54,1403,16.63,11.09,False
GLOB,34.61,BASING,0.0,0,20,20,39.6,39.31,29,daily,13.58,13 bear-built-above · rel-vol 0.7x · regime CHOP,False,22,34.61,34.0908,39.6,192,14.42,9.61,False
GLW,159.62,BASING,0.0,0,18,18,173.281,168.0,529,45m,5.25,10 bear-built-above · rel-vol 0.9x · regime CHOP,True,20,159.62,157.2257,173.281,41,8.56,5.71,False
GLWG,14.34,BASING,0.0,0,20,20,17.19,15.6,160,daily,8.79,12 bear-built-above · rel-vol 1.4x · regime CHOP,False,20,14.34,14.1249,17.19,464,19.87,13.25,False
GLXY,23.41,BASING,0.0,0,20,20,24.24,23.965,28,weekly,2.37,22 bear-built-above · rel-vol 0.8x · regime CHOP,False,21,23.41,23.0588,24.24,284,3.55,2.36,False
GMAB,35.54,BASING,0.0,0,2,2,35.585,35.58,1,10m,0.11,2 bear-built-above · rel-vol 1.8x · regime CHOP,True,4,35.54,35.0069,35.585,187,0.13,0.08,False
GME,24.07,BASING,0.0,0,18,18,27.22,26.36,86,daily,9.51,13 bear-built-above · rel-vol 0.8x · regime CHOP,False,20,24.07,23.709,27.22,276,13.09,8.72,False
GMED,75.69,BASING,0.0,0,19,19,82.97,82.07,91,weekly,8.43,rel-vol 1.0x · regime CHOP,False,19,75.69,74.5546,82.97,88,9.62,6.41,False
GNRC,212.5,BASING,0.0,0,5,5,233.94,229.38,457,weekly,7.94,rel-vol 0.9x · regime CHOP,True,5,212.5,209.3125,233.94,31,10.09,6.73,False
GOF,8.53,BASING,0.0,0,20,20,9.69,9.61,9,weekly,12.66,31 bear-built-above · rel-vol 0.7x · regime CHOP,False,20,8.53,8.402,9.69,781,13.6,9.07,False
GOLD,42.88,BASING,0.0,0,20,20,43.95,43.11,85,weekly,0.54,36 bear-built-above · rel-vol 0.4x · regime CHOP,False,20,42.88,42.2368,43.95,155,2.5,1.66,False
GOOG,339.29,BASING,0.0,0,16,16,383.86,381.225,264,daily,12.36,36 bear-built-above · rel-vol 0.8x · regime CHOP,False,16,339.29,334.2006,383.86,19,13.14,8.76,False
GOOGL,343.31,BASING,0.0,0,20,20,388.0,385.24,276,daily,12.21,30 bear-built-above · rel-vol 0.8x · regime CHOP,False,20,343.31,338.1603,388.0,19,13.02,8.68,False
GOSS,11.35,BASING,0.0,0,11,11,13.72,12.776,95,daily,12.56,10 bear-built-above · rel-vol 1.4x · regime CHOP,False,11,11.35,11.1798,13.72,587,20.88,13.92,False
GPI,244.0,BASING,0.0,0,19,19,252.18,250.32,187,45m,2.59,25 bear-built-above · rel-vol 1.4x · regime CHOP,False,19,244.0,240.34,252.18,27,3.35,2.23,False
GPK,9.21,BASING,0.0,0,20,20,9.36,9.23,13,weekly,0.22,14 bear-built-above · rel-vol 0.9x · regime CHOP,False,20,9.21,9.0719,9.36,723,1.63,1.09,False
GPN,83.33,BASING,0.0,0,20,20,85.71,85.05,66,weekly,2.06,27 bear-built-above · rel-vol 0.8x · regime CHOP,False,23,83.33,82.08,85.71,80,2.86,1.9,False
GPRK,10.69,BASING,0.0,0,20,20,11.97,11.8,17,daily,10.38,9 bear-built-above · rel-vol 0.6x · regime CHOP,False,21,10.69,10.5297,11.97,623,11.97,7.98,False
GPRO,1.32,BASING,0.0,0,7,7,1.4891,1.48,1,45m,12.12,2 bear-built-above · rel-vol 0.1x · regime CHOP,False,10,1.32,1.3002,1.4891,5050,12.81,8.54,False
GPUS,0.1604,BASING,0.0,0,9,9,0.1653,0.1644,1,weekly,2.49,9 bear-built-above · rel-vol 0.4x · regime CHOP,False,9,0.1604,0.158,0.1653,41562,3.05,2.04,False
GRAB,3.14,BASING,0.0,0,12,12,3.42,3.395,3,weekly,8.12,1 bear-built-above · rel-vol 1.0x · regime CHOP,True,12,3.14,3.0929,3.42,2123,8.92,5.94,False
GRAF,10.82,BASING,0,0,0,0,,,,,0,rel-vol 0.0x · regime CHOP,False,0,10.82,10.6577,11.902,616,10.0,6.67,False
GRAL,136.57,BASING,0.0,0,2,2,137.095,136.98,12,1m,0.3,2 bear-built-above · rel-vol 0.7x · regime CHOP,True,2,136.57,134.5214,137.095,48,0.38,0.26,False
GRML,10.49,BASING,0.0,0,19,19,11.85,10.5,135,daily,0.1,27 bear-built-above · rel-vol 0.3x · regime CHOP,False,19,10.49,10.3326,11.85,635,12.96,8.64,False
GRPN,19.95,BASING,0.0,0,20,20,22.95,22.51,44,daily,12.83,22 bear-built-above · rel-vol 0.8x · regime CHOP,False,21,19.95,19.6507,22.95,334,15.04,10.03,False
GT,5.0331,BASING,0.0,0,19,19,5.75,5.685,7,daily,12.95,30 bear-built-above · rel-vol 0.7x · regime CHOP,True,19,5.0331,4.9576,5.75,1324,14.24,9.5,False
GTLB,46.4832,BASING,0.0,0,20,20,46.845,46.71,14,weekly,0.49,28 bear-built-above · rel-vol 0.7x · regime CHOP,False,21,46.4832,45.786,46.845,143,0.78,0.52,False
GTM,3.63,BASING,0.0,0,20,20,6.04,4.06,199,daily,11.85,24 bear-built-above · rel-vol 1.3x · regime CHOP,False,20,3.63,3.5755,6.04,1836,66.39,44.26,False
GVA,116.27,BASING,0.0,0,17,17,126.08,124.63,146,daily,7.19,4 bear-built-above · rel-vol 1.0x · regime CHOP,True,17,116.27,114.5259,126.08,57,8.44,5.62,False
GWRE,142.51,BASING,0.0,0,20,20,162.42,160.52,190,weekly,12.64,36 bear-built-above · rel-vol 0.9x · regime CHOP,False,21,142.51,140.3723,162.42,46,13.97,9.31,False
GXO,44.743,BASING,0.0,0,15,15,51.63,51.035,60,daily,14.06,7 bear-built-above · rel-vol 0.9x · regime CHOP,False,15,44.743,44.0719,51.63,148,15.39,10.26,False
HACK,119.64,BASING,0.0,0,20,20,122.7,122.21,50,30m,2.15,38 bear-built-above · rel-vol 0.7x · regime CHOP,False,20,119.64,117.8454,122.7,55,2.56,1.71,False
HAE,105.8,BASING,0.0,0,20,20,106.82,106.67,15,daily,0.82,29 bear-built-above · rel-vol 0.8x · regime CHOP,False,20,105.8,104.213,106.82,63,0.96,0.64,False
HAFN,9.72,BASING,0.0,0,19,19,9.85,9.75,10,daily,0.31,19 bear-built-above · rel-vol 1.6x · regime CHOP,False,20,9.72,9.5742,9.85,685,1.34,0.89,False
HAL,31.53,BASING,0.0,0,17,17,33.64,33.52,12,weekly,6.31,73 bear-built-above · rel-vol 0.9x · regime CHOP,False,17,31.53,31.0571,33.64,211,6.69,4.46,False
HALO,111.52,BASING,0.0,0,20,20,115.2405,113.485,176,1h,1.76,24 bear-built-above · rel-vol 1.2x · regime CHOP,True,20,111.52,109.8472,115.2405,59,3.34,2.22,False
HBAN,15.3732,BASING,0.0,0,20,20,18.24,17.405,84,daily,13.22,29 bear-built-above · rel-vol 0.9x · regime CHOP,False,20,15.3732,15.1426,18.24,433,18.65,12.43,False
HBM,26.8957,BASING,0.0,0,19,19,27.14,27.135,1,4h,0.89,7 bear-built-above · rel-vol 1.0x · regime CHOP,False,21,26.8957,26.4923,27.14,247,0.91,0.61,False
HCA,431.63,BASING,0.0,0,18,18,472.23,432.46,3978,daily,0.19,24 bear-built-above · rel-vol 0.6x · regime CHOP,False,18,431.63,425.1556,472.23,15,9.41,6.27,False
HCC,88.3,BASING,0.0,0,18,18,97.77,95.94,183,weekly,8.65,18 bear-built-above · rel-vol 1.1x · regime CHOP,False,18,88.3,86.9755,97.77,75,10.72,7.15,False
HDB,22.8,BASING,0.0,0,20,20,26.38,24.76,162,weekly,8.6,15 bear-built-above · rel-vol 0.8x · regime CHOP,False,21,22.8,22.458,26.38,292,15.7,10.47,False
HGTY,13.55,BASING,0.0,0,15,15,13.61,13.59,2,4h,0.3,15 bear-built-above · rel-vol 0.5x · regime CHOP,False,15,13.55,13.3468,13.61,492,0.44,0.3,False
HHH,74.5,BASING,0.0,0,6,6,82.25,80.37,188,daily,7.88,rel-vol 1.4x · regime CHOP,False,7,74.5,73.3825,82.25,89,10.4,6.94,False
HIMS,28.85,BASING,0.0,0,7,7,29.265,29.255,2,45m,1.4,6 bear-built-above · rel-vol 0.7x · regime CHOP,False,7,28.85,28.4173,29.265,231,1.44,0.96,False
HIVE,3.0193,BASING,0.0,0,20,20,3.16,3.1,7,weekly,2.67,16 bear-built-above · rel-vol 0.7x · regime CHOP,False,22,3.0193,2.974,3.16,2208,4.66,3.11,False
HL,17.25,BASING,0.0,0,17,17,19.78,19.02,77,weekly,10.26,34 bear-built-above · rel-vol 1.0x · regime CHOP,False,17,17.25,16.9913,19.78,386,14.67,9.78,False
HLI,127.46,BASING,0.0,0,18,18,129.07,128.72,35,weekly,0.99,24 bear-built-above · rel-vol 0.8x · regime CHOP,False,18,127.46,125.5481,129.07,52,1.26,0.84,False
HLNE,85.87,BASING,0.0,0,20,20,95.98,95.26,72,weekly,10.94,25 bear-built-above · rel-vol 1.3x · regime CHOP,False,21,85.87,84.582,95.98,77,11.77,7.85,False
HMY,18.14,BASING,0.0,0,18,18,20.29,19.92,37,weekly,9.81,20 bear-built-above · rel-vol 0.8x · regime CHOP,False,18,18.14,17.8679,20.29,367,11.85,7.9,False
HNGE,95.2635,BASING,0.0,0,1,1,96.415,96.25,17,1m,1.04,1 bear-built-above · rel-vol 0.9x · regime CHOP,True,1,95.2635,93.8345,96.415,69,1.21,0.81,False
HODU,14.46,BASING,0.0,0,19,19,15.0101,14.67,35,weekly,1.45,27 bear-built-above · rel-vol 0.5x · regime CHOP,False,19,14.46,14.2431,15.0101,461,3.8,2.54,False
HOG,24.82,BASING,0.0,0,20,20,25.93,25.66,27,weekly,3.38,12 bear-built-above · rel-vol 1.2x · regime CHOP,False,23,24.82,24.4477,25.93,268,4.47,2.98,False
HONA,155.5,BASING,0.0,0,20,20,203.64,156.47,4717,daily,0.62,42 bear-built-above · rel-vol 0.6x · regime CHOP,False,20,155.5,153.1675,203.64,42,30.96,20.64,False
HOOD,118.9,BASING,0.0,0,13,13,135.26,131.775,349,daily,10.83,11 bear-built-above · rel-vol 0.7x · regime CHOP,False,13,118.9,117.1165,135.26,56,13.76,9.17,False
HOOG,35.98,BASING,0.0,0,20,20,38.54,37.2,134,daily,3.39,38 bear-built-above · rel-vol 0.3x · regime CHOP,False,21,35.98,35.4403,38.54,185,7.12,4.74,False
HP,36.61,BASING,0.0,0,20,20,40.91,40.44,47,weekly,10.46,64 bear-built-above · rel-vol 0.8x · regime CHOP,False,22,36.61,36.0609,40.91,182,11.75,7.83,False
HPE,61.52,BASING,0.0,0,20,20,63.045,62.9,15,1m,2.24,28 bear-built-above · rel-vol 0.5x · regime CHOP,True,20,61.52,60.5972,63.045,108,2.48,1.65,False
HPQ,30.62,BASING,0.0,0,20,20,34.4,33.4,100,weekly,9.08,24 bear-built-above · rel-vol 0.7x · regime CHOP,False,22,30.62,30.1607,34.4,217,12.34,8.23,False
HRI,127.24,BASING,0.0,0,19,19,135.36,134.36,100,weekly,5.6,45 bear-built-above · rel-vol 1.0x · regime CHOP,False,19,127.24,125.3314,135.36,52,6.38,4.25,False
HRMY,39.29,BASING,0.0,0,20,20,41.93,41.87,7,weekly,6.57,37 bear-built-above · rel-vol 0.7x · regime CHOP,False,23,39.29,38.7006,41.93,169,6.72,4.48,False
HSAI,15.88,BASING,0.0,0,18,18,16.25,16.0,25,weekly,0.76,44 bear-built-above · rel-vol 0.6x · regime CHOP,False,18,15.88,15.6418,16.25,419,2.33,1.55,False
HTFL,49.83,BASING,0.0,0,11,11,50.3323,50.0,34,30m,0.34,11 bear-built-above · rel-vol 1.0x · regime CHOP,True,11,49.83,49.0825,50.3323,133,1.01,0.67,False
HTZ,1.68,BASING,0.0,0,20,20,1.74,1.73,2,weekly,2.98,20 bear-built-above · rel-vol 0.8x · regime CHOP,False,20,1.68,1.6548,1.74,3968,3.57,2.38,False
HUBG,30.25,BASING,0.0,0,19,19,36.04,32.72,332,weekly,8.17,47 bear-built-above · rel-vol 0.9x · regime CHOP,False,19,30.25,29.7963,36.04,220,19.14,12.76,False
HUBS,197.0,BASING,0.0,0,18,18,213.74,200.0,1375,weekly,1.52,50 bear-built-above · rel-vol 0.8x · regime CHOP,False,18,197.0,194.045,213.74,33,8.5,5.66,False
HUM,386.87,BASING,0.0,0,20,20,428.8,424.54,426,30m,9.74,21 bear-built-above · rel-vol 1.8x · regime CHOP,False,20,386.87,381.067,428.8,17,10.84,7.23,False
HUMA,0.544,BASING,0.0,0,19,19,0.5573,0.55,1,weekly,1.1,26 bear-built-above · rel-vol 0.9x · regime CHOP,False,19,0.544,0.5358,0.5573,12254,2.44,1.63,False
HUT,93.0,BASING,0.0,0,20,20,96.82,95.93,89,weekly,3.15,26 bear-built-above · rel-vol 0.6x · regime CHOP,False,20,93.0,91.605,96.82,71,4.11,2.74,False
HYMC,19.49,BASING,0.0,0,19,19,21.48,20.26,122,weekly,3.95,45 bear-built-above · rel-vol 1.0x · regime CHOP,False,19,19.49,19.1976,21.48,342,10.21,6.81,False
IAG,18.88,BASING,0.0,0,17,17,19.89,19.57,33,daily,3.65,49 bear-built-above · rel-vol 1.2x · regime CHOP,False,17,18.88,18.5968,19.89,353,5.35,3.57,False
IAUX,1.69,BASING,0.0,0,20,20,2.05,1.89,16,daily,11.83,19 bear-built-above · rel-vol 0.6x · regime CHOP,False,21,1.69,1.6646,2.05,3944,21.3,14.2,False
IBIT,46.99,BASING,0.0,0,19,19,50.7,49.685,102,weekly,5.74,40 bear-built-above · rel-vol 0.6x · regime CHOP,False,25,46.99,46.2852,50.7,141,7.9,5.26,False
IBKR,86.77,BASING,0.0,0,17,17,89.24,87.802,144,weekly,1.19,46 bear-built-above · rel-vol 0.7x · regime CHOP,False,18,86.77,85.4684,89.24,76,2.85,1.9,False
IBM,220.0,BASING,0.0,0,18,18,290.23,226.365,6387,daily,2.89,62 bear-built-above · rel-vol 0.7x · regime CHOP,False,18,220.0,216.7,290.23,30,31.92,21.28,False
IBP,195.0,BASING,0.0,0,18,18,211.75,208.15,360,1h,6.74,31 bear-built-above · rel-vol 0.6x · regime CHOP,False,18,195.0,192.075,211.75,34,8.59,5.73,False
IBRX,8.84,BASING,0.0,0,10,10,9.78,9.64,14,weekly,9.05,8 bear-built-above · rel-vol 0.8x · regime CHOP,False,11,8.84,8.7074,9.78,754,10.63,7.09,False
ICE,152.19,BASING,0.0,0,19,19,161.26,160.0,126,weekly,5.13,19 bear-built-above · rel-vol 0.6x · regime CHOP,False,19,152.19,149.9072,161.26,43,5.96,3.97,False
ICLR,169.31,BASING,0.0,0,20,20,202.92,188.22,1470,daily,11.17,22 bear-built-above · rel-vol 1.4x · regime CHOP,False,22,169.31,166.7704,202.92,39,19.85,13.23,False
IDCC,325.42,BASING,0.0,0,20,20,350.13,344.19,594,daily,5.77,17 bear-built-above · rel-vol 0.7x · regime CHOP,True,21,325.42,320.5387,350.13,20,7.59,5.06,False
IESC,324.44,BASING,0.0,0,18,18,350.0,346.48,352,30m,6.79,18 bear-built-above · rel-vol 0.6x · regime CHOP,False,18,324.44,319.5734,350.0,20,7.88,5.25,False
IGV,105.11,BASING,0.0,0,20,20,115.7,113.4,230,daily,7.89,15 bear-built-above · rel-vol 0.8x · regime CHOP,False,24,105.11,103.5333,115.7,63,10.08,6.72,False
ILMN,273.01,BASING,0.0,0,3,3,278.23,277.8,44,1m,1.75,3 bear-built-above · rel-vol 0.6x · regime CHOP,True,3,273.01,268.9149,278.23,24,1.91,1.27,False
IMAX,56.57,BASING,0.0,0,9,9,56.72,56.6892,4,45m,0.21,9 bear-built-above · rel-vol 1.3x · regime CHOP,True,9,56.57,55.7214,56.72,117,0.27,0.18,False
IMCC,2.47,BASING,0.0,0,14,14,2.6343,2.615,2,15m,5.87,14 bear-built-above · rel-vol 0.2x · regime CHOP,True,14,2.47,2.4329,2.6343,2699,6.65,4.43,False
IMMX,10.58,BASING,0.0,0,14,14,10.97,10.82,16,weekly,2.27,10 bear-built-above · rel-vol 3.5x · regime CHOP,False,16,10.58,10.4213,10.97,630,3.69,2.46,False
IMNM,21.89,BASING,0.0,0,20,20,22.182,22.01,18,45m,0.55,17 bear-built-above · rel-vol 0.7x · regime CHOP,False,20,21.89,21.5617,22.182,304,1.33,0.89,False
IMVT,33.45,BASING,0.0,0,20,20,37.29,36.35,94,daily,8.67,30 bear-built-above · rel-vol 0.8x · regime CHOP,False,20,33.45,32.9483,37.29,199,11.48,7.65,False
INBX,104.83,BASING,0.0,0,20,20,121.17,117.22,396,weekly,11.82,29 bear-built-above · rel-vol 0.7x · regime CHOP,False,20,104.83,103.2575,121.17,63,15.59,10.39,False
INDI,3.0,BASING,0.0,0,19,19,3.35,3.24,11,weekly,8.0,32 bear-built-above · rel-vol 1.6x · regime CHOP,False,19,3.0,2.955,3.35,2222,11.67,7.78,False
INFQ,13.89,BASING,0.0,0,16,16,14.2608,14.25,2,30m,2.59,16 bear-built-above · rel-vol 0.5x · regime CHOP,False,17,13.89,13.6817,14.2608,479,2.67,1.78,False
INGM,27.15,BASING,0.0,0,10,10,30.4,29.56,84,daily,8.88,rel-vol 0.7x · regime CHOP,False,11,27.15,26.7427,30.4,245,11.97,7.98,False
INIO,18.657,BASING,0.0,0,20,20,19.9,19.57,33,1h,4.89,24 bear-built-above · rel-vol 1.1x · regime CHOP,False,21,18.657,18.3771,19.9,357,6.66,4.44,False
INLF,4.31,BASING,0.0,0,20,20,4.66,4.635,3,4h,7.54,22 bear-built-above · rel-vol 0.1x · regime CHOP,False,20,4.31,4.2453,4.66,1546,8.12,5.41,False
INOD,66.79,BASING,0.0,0,20,20,69.21,68.66,55,daily,2.8,25 bear-built-above · rel-vol 0.7x · regime CHOP,False,22,66.79,65.7882,69.21,99,3.62,2.42,False
INSM,116.06,BASING,0.0,0,20,20,117.83,116.825,101,weekly,0.66,26 bear-built-above · rel-vol 0.8x · regime CHOP,False,20,116.06,114.3191,117.83,57,1.53,1.02,False
INSP,73.18,BASING,0.0,0,20,20,75.72,75.32,41,daily,2.92,26 bear-built-above · rel-vol 1.0x · regime CHOP,False,23,73.18,72.0823,75.72,91,3.47,2.31,False
INSW,110.93,BASING,0.0,0,2,2,112.72,112.56,16,5m,1.47,2 bear-built-above · rel-vol 0.6x · regime CHOP,True,2,110.93,109.2661,112.72,60,1.61,1.08,False
INTC,115.63,BASING,0.0,0,18,18,128.32,127.0,132,weekly,9.83,27 bear-built-above · rel-vol 0.8x · regime CHOP,False,24,115.63,113.8956,128.32,57,10.97,7.32,False
INTR,5.11,BASING,0.0,0,20,20,5.71,5.49,22,weekly,7.44,18 bear-built-above · rel-vol 1.4x · regime CHOP,False,20,5.11,5.0334,5.71,1304,11.74,7.83,False
INTU,267.82,BASING,0.0,0,18,18,275.79,270.15,565,weekly,0.87,72 bear-built-above · rel-vol 1.0x · regime CHOP,False,18,267.82,263.8027,275.79,24,2.98,1.98,False
IOND,81.5,BASING,0.0,0,20,20,86.41,85.16,125,daily,4.49,36 bear-built-above · rel-vol 0.5x · regime CHOP,False,20,81.5,80.2775,86.41,81,6.02,4.02,False
IONQ,44.14,BASING,0.0,0,16,16,48.87,47.54,133,daily,7.7,14 bear-built-above · rel-vol 0.8x · regime CHOP,False,16,44.14,43.4779,48.87,151,10.72,7.14,False
IONS,45.89,BASING,0.0,0,20,20,51.44,51.37,8,daily,11.94,21 bear-built-above · rel-vol 0.8x · regime CHOP,False,20,45.89,45.2017,51.44,145,12.09,8.06,False
IOT,37.8,BASING,0.0,0,18,18,41.65,40.78,87,daily,7.88,13 bear-built-above · rel-vol 0.7x · regime CHOP,False,20,37.8,37.233,41.65,176,10.19,6.79,False
IOVA,14.28,BASING,0.0,0,13,13,15.095,15.09,1,15m,5.67,13 bear-built-above · rel-vol 4.5x · regime CHOP,True,13,14.28,14.0658,15.095,466,5.71,3.8,False
IPDN,3.6101,BASING,0.0,0,20,20,3.89,3.8,10,daily,5.26,16 bear-built-above · rel-vol 0.0x · regime CHOP,False,20,3.6101,3.5559,3.89,1846,7.75,5.17,False
IPGP,78.52,BASING,0.0,0,20,20,86.49,84.89,160,daily,8.11,8 bear-built-above · rel-vol 0.7x · regime CHOP,False,21,78.52,77.3422,86.49,84,10.15,6.77,False
IQV,268.99,BASING,0.0,0,20,20,273.0,271.46,155,1h,0.92,32 bear-built-above · rel-vol 0.7x · regime CHOP,False,23,268.99,264.9552,273.0,24,1.49,0.99,False
IR,76.48,BASING,0.0,0,17,17,83.34,82.78,57,weekly,8.24,5 bear-built-above · rel-vol 1.1x · regime CHOP,True,17,76.48,75.3328,83.34,87,8.97,5.98,False
IRD,4.97,BASING,0.0,0,20,20,5.18,5.17,1,weekly,4.02,21 bear-built-above · rel-vol 0.3x · regime CHOP,False,20,4.97,4.8954,5.18,1341,4.23,2.82,False
IRDM,47.96,BASING,0.0,0,20,20,50.09,49.84,25,weekly,3.92,26 bear-built-above · rel-vol 0.8x · regime CHOP,False,20,47.96,47.2406,50.09,139,4.44,2.96,False
IRE,9.47,BASING,0.0,0,20,20,10.7,10.365,34,weekly,9.45,16 bear-built-above · rel-vol 1.0x · regime CHOP,False,20,9.47,9.328,10.7,703,12.99,8.66,False
IREN,41.64,BASING,0.0,0,16,16,44.125,43.36,77,weekly,4.13,17 bear-built-above · rel-vol 0.9x · regime CHOP,False,17,41.64,41.0154,44.125,160,5.97,3.98,False
IRTC,114.22,BASING,0.0,0,4,4,119.57,118.08,149,daily,3.38,rel-vol 0.8x · regime CHOP,True,4,114.22,112.5067,119.57,58,4.68,3.12,False
ISRG,412.0,BASING,0.0,0,18,18,450.06,446.91,315,weekly,8.47,11 bear-built-above · rel-vol 0.8x · regime CHOP,False,20,412.0,405.82,450.06,16,9.24,6.16,False
IT,185.85,BASING,0.0,0,11,11,212.7,212.6,10,daily,14.39,rel-vol 0.7x · regime CHOP,True,14,185.85,183.0623,212.7,35,14.45,9.63,False
ITUB,8.09,BASING,0.0,0,20,20,9.11,9.0,11,4h,11.25,27 bear-built-above · rel-vol 0.8x · regime CHOP,False,20,8.09,7.9686,9.11,824,12.61,8.41,False
JAGX,5.08,BASING,0.0,0,20,20,6.02,5.37,65,daily,5.71,24 bear-built-above · rel-vol 0.2x · regime CHOP,False,23,5.08,5.0038,6.02,1312,18.5,12.34,False
JAN,29.96,BASING,0.0,0,20,20,31.83,31.57,26,4h,5.37,1 bear-built-above · rel-vol 1.0x · regime CHOP,False,20,29.96,29.5106,31.83,222,6.24,4.16,False
JAZZ,233.91,BASING,0.0,0,20,20,237.95,235.67,229,weekly,0.75,36 bear-built-above · rel-vol 1.0x · regime CHOP,False,21,233.91,230.4013,237.95,28,1.73,1.15,False
JBHT,229.24,BASING,0.0,0,18,18,273.05,242.885,3017,daily,5.95,23 bear-built-above · rel-vol 0.8x · regime CHOP,False,18,229.24,225.8014,273.05,29,19.11,12.74,False
JBL,318.0,BASING,0.0,0,19,19,365.77,359.78,600,daily,13.14,20 bear-built-above · rel-vol 1.3x · regime CHOP,False,19,318.0,313.23,365.77,20,15.02,10.01,False
JBLU,4.29,BASING,0.0,0,19,19,4.8,4.72,9,weekly,10.02,28 bear-built-above · rel-vol 0.9x · regime CHOP,False,19,4.29,4.2256,4.8,1554,11.89,7.93,False
JBS,11.6,BASING,0.0,0,13,13,13.14,13.07,8,daily,12.67,10 bear-built-above · rel-vol 1.1x · regime CHOP,False,14,11.6,11.426,13.14,574,13.28,8.85,False
JHX,25.04,BASING,0.0,0,20,20,28.47,27.99,49,weekly,11.78,39 bear-built-above · rel-vol 0.8x · regime CHOP,False,24,25.04,24.6644,28.47,266,13.7,9.13,False
JLHL,4.0,BASING,0.0,0,6,6,5.73,4.03,171,daily,0.75,4 bear-built-above · rel-vol 1.2x · regime CHOP,False,6,4.0,3.94,5.73,1666,43.25,28.83,False
JMKE,17.0,BASING,0.0,0,20,20,18.2,18.09,11,daily,6.41,30 bear-built-above · rel-vol 1.3x · regime CHOP,False,21,17.0,16.745,18.2,392,7.06,4.71,False
JNJ,268.5,BASING,0.0,0,20,20,271.22,270.17,106,weekly,0.62,20 bear-built-above · rel-vol 0.9x · regime CHOP,False,22,268.5,264.4725,271.22,24,1.01,0.68,False
JNUG,154.0,BASING,0.0,0,20,20,168.0,154.31,1369,1h,0.2,24 bear-built-above · rel-vol 1.0x · regime CHOP,False,20,154.0,151.69,168.0,43,9.09,6.06,False
JOBY,6.01,BASING,0.0,0,20,20,6.29,6.21,9,weekly,3.33,26 bear-built-above · rel-vol 0.9x · regime CHOP,False,20,6.01,5.9198,6.29,1109,4.66,3.11,False
JPM,336.44,BASING,0.0,0,16,16,356.23,354.23,200,weekly,5.29,29 bear-built-above · rel-vol 0.9x · regime CHOP,False,17,336.44,331.3934,356.23,19,5.88,3.92,False
KALA,0.6315,BASING,0.0,0,8,8,0.6901,0.6785,2,weekly,7.44,5 bear-built-above · rel-vol 14.6x · regime CHOP,False,8,0.6315,0.622,0.6901,10556,9.28,6.19,False
KALU,151.51,BASING,0.0,0,20,20,157.2,152.43,477,weekly,0.61,26 bear-built-above · rel-vol 1.1x · regime CHOP,False,20,151.51,149.2373,157.2,44,3.76,2.5,False
KBR,35.13,BASING,0.0,0,20,20,40.0,39.83,18,weekly,13.38,10 bear-built-above · rel-vol 1.6x · regime CHOP,False,20,35.13,34.6031,40.0,189,13.86,9.24,False
KD,11.29,BASING,0.0,0,19,19,22.93,12.24,1069,weekly,8.41,24 bear-built-above · rel-vol 1.1x · regime CHOP,False,19,11.29,11.1206,22.93,590,103.1,68.73,False
KDP,31.03,BASING,0.0,0,20,20,34.78,32.45,233,weekly,4.58,30 bear-built-above · rel-vol 1.0x · regime CHOP,False,20,31.03,30.5646,34.78,214,12.09,8.06,False
KEEL,3.57,BASING,0.0,0,19,19,3.8,3.74,6,weekly,4.76,17 bear-built-above · rel-vol 0.6x · regime CHOP,False,19,3.57,3.5164,3.8,1867,6.44,4.3,False
KEY,20.12,BASING,0.0,0,20,20,20.61,20.56,6,weekly,2.19,27 bear-built-above · rel-vol 0.9x · regime CHOP,False,23,20.12,19.8182,20.61,331,2.44,1.62,False
KEYS,360.65,BASING,0.0,0,14,14,362.59,361.62,97,45m,0.27,13 bear-built-above · rel-vol 0.9x · regime CHOP,False,14,360.65,355.2402,362.59,18,0.54,0.36,False
KGC,24.7038,BASING,0.0,0,13,13,29.13,28.17,96,weekly,14.03,25 bear-built-above · rel-vol 0.8x · regime CHOP,False,13,24.7038,24.3332,29.13,269,17.92,11.94,False
KGS,51.75,BASING,0.0,0,20,20,56.24,55.7,54,daily,7.63,33 bear-built-above · rel-vol 1.1x · regime CHOP,False,20,51.75,50.9738,56.24,128,8.68,5.78,False
KHC,23.5,BASING,0.0,0,16,16,25.42,24.995,43,daily,6.36,26 bear-built-above · rel-vol 0.5x · regime CHOP,False,16,23.5,23.1475,25.42,283,8.17,5.45,False
KKR,93.0455,BASING,0.0,0,20,20,107.73,106.55,119,weekly,14.51,28 bear-built-above · rel-vol 0.9x · regime CHOP,False,20,93.0455,91.6498,107.73,71,15.78,10.52,False
KLAC,195.21,BASING,0.0,0,20,20,231.52,221.55,997,weekly,13.49,23 bear-built-above · rel-vol 0.8x · regime CHOP,False,20,195.21,192.2818,231.52,34,18.6,12.4,False
KLAR,12.38,BASING,0.0,0,19,19,12.8,12.62,19,weekly,1.94,26 bear-built-above · rel-vol 0.7x · regime CHOP,False,19,12.38,12.1943,12.8,538,3.39,2.26,False
KLIC,95.0,BASING,0.0,0,17,17,106.08,105.0,108,1h,10.53,rel-vol 0.5x · regime CHOP,True,17,95.0,93.575,106.08,70,11.66,7.78,False
KMT,31.01,BASING,0.0,0,18,18,33.13,32.45,68,weekly,4.64,20 bear-built-above · rel-vol 0.8x · regime CHOP,False,18,31.01,30.5449,33.13,214,6.84,4.56,False
KMX,59.23,BASING,0.0,0,20,20,66.94,66.08,86,daily,11.57,12 bear-built-above · rel-vol 4.2x · regime CHOP,False,20,59.23,58.3415,66.94,112,13.02,8.68,False
KNX,64.19,BASING,0.0,0,20,20,70.79,70.3,50,daily,9.52,32 bear-built-above · rel-vol 0.7x · regime CHOP,False,21,64.19,63.2271,70.79,103,10.28,6.85,False
KO,87.07,BASING,0.0,0,20,20,87.81,87.605,21,weekly,0.61,42 bear-built-above · rel-vol 0.9x · regime CHOP,False,20,87.07,85.7639,87.81,76,0.85,0.57,False
KOD,90.76,BASING,0.0,0,2,2,91.805,91.63,18,1m,0.96,2 bear-built-above · rel-vol 2.0x · regime CHOP,True,2,90.76,89.3986,91.805,73,1.15,0.77,False
KOLD,28.15,BASING,0.0,0,20,20,45.24,29.85,1539,weekly,6.04,27 bear-built-above · rel-vol 1.0x · regime CHOP,False,20,28.15,27.7277,45.24,236,60.71,40.47,False
KOPN,4.73,BASING,0.0,0,20,20,5.32,5.04,29,daily,6.55,22 bear-built-above · rel-vol 0.9x · regime CHOP,False,21,4.73,4.6591,5.32,1409,12.47,8.32,False
KOS,2.55,BASING,0.0,0,18,18,2.73,2.65,9,weekly,3.92,26 bear-built-above · rel-vol 0.9x · regime CHOP,False,18,2.55,2.5117,2.73,2614,7.06,4.71,False
KR,60.7206,BASING,0.0,0,16,16,68.68,67.07,162,daily,10.46,5 bear-built-above · rel-vol 1.3x · regime CHOP,True,17,60.7206,59.8098,68.68,109,13.11,8.74,False
KRMN,33.0,BASING,0.0,0,20,20,35.69,35.03,66,weekly,6.15,41 bear-built-above · rel-vol 0.7x · regime CHOP,False,20,33.0,32.505,35.69,202,8.15,5.43,False
KRYS,335.06,BASING,0.0,0,18,18,358.24,351.26,699,daily,4.83,17 bear-built-above · rel-vol 0.8x · regime CHOP,False,18,335.06,330.0341,358.24,19,6.92,4.61,False
KSPI,95.75,BASING,0.0,0,20,20,107.21,106.83,38,daily,11.57,23 bear-built-above · rel-vol 0.5x · regime CHOP,False,21,95.75,94.3137,107.21,69,11.97,7.98,False
KSS,18.4,BASING,0.0,0,11,11,18.61,18.41,20,daily,0.05,rel-vol 0.8x · regime CHOP,False,13,18.4,18.124,18.61,362,1.14,0.76,False
KTOS,43.22,BASING,0.0,0,19,19,45.62,44.97,65,weekly,4.05,58 bear-built-above · rel-vol 1.3x · regime CHOP,False,19,43.22,42.5717,45.62,154,5.55,3.7,False
KVUE,17.926,BASING,0.0,0,20,20,18.74,18.625,12,weekly,3.9,2 bear-built-above · rel-vol 0.7x · regime CHOP,False,20,17.926,17.6571,18.74,371,4.54,3.03,False
KVYO,15.25,BASING,0.0,0,20,20,22.25,17.33,493,daily,13.64,20 bear-built-above · rel-vol 1.1x · regime CHOP,False,20,15.25,15.0213,22.25,437,45.9,30.6,False
KYMR,111.0,BASING,0.0,0,20,20,125.55,124.99,57,daily,12.6,34 bear-built-above · rel-vol 0.6x · regime CHOP,True,21,111.0,109.335,125.55,60,13.11,8.74,False
LABD,7.1,BASING,0.0,0,20,20,8.25,8.15,10,daily,14.79,28 bear-built-above · rel-vol 2.2x · regime CHOP,False,21,7.1,6.9935,8.25,938,16.2,10.8,False
LABU,261.0,BASING,0.0,0,20,20,299.6,293.07,654,daily,12.29,19 bear-built-above · rel-vol 1.0x · regime CHOP,True,20,261.0,257.085,299.6,25,14.79,9.86,False
LABX,15.05,BASING,0.0,0,20,20,16.5399,16.5,4,4h,9.63,40 bear-built-above · rel-vol 0.6x · regime CHOP,False,22,15.05,14.8243,16.5399,442,9.9,6.6,False
LAES,2.32,BASING,0.0,0,1,1,2.565,2.56,1,30m,10.34,rel-vol 0.7x · regime CHOP,True,1,2.32,2.2852,2.565,2873,10.56,7.04,False
LASE,0.86,BASING,0.0,0,8,8,0.8795,0.8728,1,10m,1.49,8 bear-built-above · rel-vol 0.2x · regime CHOP,False,12,0.86,0.8471,0.8795,7751,2.27,1.51,False
LASR,39.0889,BASING,0.0,0,20,20,40.33,40.0,33,weekly,2.33,31 bear-built-above · rel-vol 0.8x · regime CHOP,False,20,39.0889,38.5026,40.33,170,3.18,2.12,False
LB,80.49,BASING,0.0,0,20,20,85.96,85.62,34,weekly,6.37,54 bear-built-above · rel-vol 1.3x · regime CHOP,False,23,80.49,79.2826,85.96,82,6.8,4.53,False
LBRDK,36.13,BASING,0.0,0,5,5,41.94,41.38,56,weekly,14.53,rel-vol 7.5x · regime CHOP,False,5,36.13,35.5881,41.94,184,16.08,10.72,False
LBRT,18.64,BASING,0.0,0,18,18,20.96,20.53,43,weekly,10.14,10 bear-built-above · rel-vol 0.8x · regime CHOP,False,18,18.64,18.3604,20.96,357,12.45,8.3,False
LEA,119.32,BASING,0.0,0,17,17,130.82,128.45,238,weekly,7.65,40 bear-built-above · rel-vol 0.9x · regime CHOP,False,17,119.32,117.5302,130.82,55,9.64,6.43,False
LECO,270.81,BASING,0.0,0,19,19,281.23,277.89,335,daily,2.61,7 bear-built-above · rel-vol 0.8x · regime CHOP,False,19,270.81,266.7478,281.23,24,3.85,2.57,False
LEGN,18.96,BASING,0.0,0,20,20,20.49,20.22,27,daily,6.65,3 bear-built-above · rel-vol 0.9x · regime CHOP,False,21,18.96,18.6756,20.49,351,8.07,5.38,False
LEU,139.0,BASING,0.0,0,20,20,147.07,143.69,338,weekly,3.37,48 bear-built-above · rel-vol 0.7x · regime CHOP,False,20,139.0,136.915,147.07,47,5.81,3.87,False
LFST,11.88,BASING,0.0,0,20,20,12.55,12.5,6,daily,5.22,16 bear-built-above · rel-vol 0.6x · regime CHOP,False,20,11.88,11.7018,12.55,561,5.64,3.76,False
LFTO,15.95,BASING,0.0,0,20,20,16.35,16.27,9,daily,2.01,33 bear-built-above · rel-vol 0.6x · regime CHOP,False,21,15.95,15.7107,16.35,417,2.51,1.67,False
LGN,53.7,BASING,0.0,0,18,18,59.37,59.21,16,weekly,10.26,13 bear-built-above · rel-vol 1.3x · regime CHOP,False,18,53.7,52.8945,59.37,124,10.56,7.04,False
LH,308.81,BASING,0.0,0,20,20,320.99,311.54,945,daily,0.88,34 bear-built-above · rel-vol 0.7x · regime CHOP,False,22,308.81,304.1778,320.99,21,3.94,2.63,False
LIFE,34.25,BASING,0.0,0,20,20,38.74,38.4,35,10m,12.12,13 bear-built-above · rel-vol 0.6x · regime CHOP,False,20,34.25,33.7362,38.74,194,13.11,8.74,False
LII,360.16,BASING,0.0,0,20,20,418.02,413.05,497,daily,14.69,30 bear-built-above · rel-vol 1.2x · regime CHOP,False,20,360.16,354.7576,418.02,18,16.07,10.71,False
LION,11.15,BASING,0.0,0,20,20,11.99,11.93,7,weekly,7.0,8 bear-built-above · rel-vol 1.0x · regime CHOP,False,20,11.15,10.9827,11.99,597,7.53,5.02,False
LITE,975.0,BASING,0.0,0,20,20,1001.19,1000.05,115,1h,2.57,22 bear-built-above · rel-vol 1.3x · regime CHOP,False,22,975.0,960.375,1001.19,6,2.69,1.79,False
LIVN,76.99,BASING,0.0,0,19,19,78.49,78.39,10,daily,1.82,20 bear-built-above · rel-vol 0.9x · regime CHOP,False,19,76.99,75.8351,78.49,86,1.95,1.3,False
LLY,1188.0,BASING,0.0,0,5,5,1213.935,1213.72,22,45m,2.16,1 bear-built-above · rel-vol 0.7x · regime CHOP,True,6,1188.0,1170.18,1213.935,5,2.18,1.46,False
LMND,44.65,BASING,0.0,0,20,20,60.96,49.21,1175,daily,10.21,53 bear-built-above · rel-vol 1.0x · regime CHOP,False,20,44.65,43.9802,60.96,149,36.53,24.35,False
LNG,267.29,BASING,0.0,0,18,18,286.68,280.68,600,weekly,5.01,31 bear-built-above · rel-vol 0.7x · regime CHOP,False,18,267.29,263.2807,286.68,24,7.25,4.84,False
LOPE,147.59,BASING,0.0,0,20,20,159.31,156.67,265,4h,6.15,21 bear-built-above · rel-vol 0.7x · regime CHOP,False,20,147.59,145.3761,159.31,45,7.94,5.29,False
LPTH,10.1,BASING,0.0,0,18,18,11.23,11.1,14,weekly,9.9,2 bear-built-above · rel-vol 0.5x · regime CHOP,False,18,10.1,9.9485,11.23,660,11.19,7.46,False
LPX,65.76,BASING,0.0,0,18,18,71.26,70.33,94,weekly,6.95,21 bear-built-above · rel-vol 0.9x · regime CHOP,False,18,65.76,64.7736,71.26,101,8.36,5.58,False
LQDA,70.81,BASING,0.0,0,20,20,74.99,73.55,144,daily,3.87,29 bear-built-above · rel-vol 1.2x · regime CHOP,True,20,70.81,69.7478,74.99,94,5.9,3.94,False
LRCX,322.11,BASING,0.0,0,20,20,350.33,335.0,1533,weekly,4.0,14 bear-built-above · rel-vol 0.8x · regime CHOP,False,21,322.11,317.2783,350.33,20,8.76,5.84,False
LRN,75.59,BASING,0.0,0,20,20,151.56,85.02,6655,daily,12.48,54 bear-built-above · rel-vol 0.8x · regime CHOP,False,20,75.59,74.4562,151.56,88,100.5,67.0,False
LSCC,126.45,BASING,0.0,0,10,10,155.27,145.1,1018,daily,14.75,rel-vol 0.9x · regime CHOP,True,10,126.45,124.5533,155.27,52,22.79,15.19,False
LSTR,168.42,BASING,0.0,0,20,20,172.78,172.4,38,weekly,2.36,4 bear-built-above · rel-vol 1.1x · regime CHOP,False,20,168.42,165.8937,172.78,39,2.59,1.73,False
LTH,40.08,BASING,0.0,0,16,16,40.75,40.63,12,weekly,1.37,4 bear-built-above · rel-vol 0.8x · regime CHOP,False,16,40.08,39.4788,40.75,166,1.67,1.11,False
LULU,97.3,BASING,0.0,0,20,20,121.15,100.61,2055,daily,3.4,34 bear-built-above · rel-vol 0.6x · regime CHOP,False,20,97.3,95.8405,121.15,68,24.51,16.34,False
LUMN,5.54,BASING,0.0,0,19,19,5.71,5.65,6,weekly,1.99,32 bear-built-above · rel-vol 0.8x · regime CHOP,False,19,5.54,5.4569,5.71,1203,3.07,2.05,False
LUNR,14.63,BASING,0.0,0,20,20,15.61,15.31,30,daily,4.65,14 bear-built-above · rel-vol 0.9x · regime CHOP,False,21,14.63,14.4106,15.61,455,6.7,4.47,False
LUXE,9.61,BASING,0.0,0,20,20,10.27,9.89,38,daily,2.91,18 bear-built-above · rel-vol 0.5x · regime CHOP,False,20,9.61,9.4658,10.27,693,6.87,4.58,False
LYB,58.18,BASING,0.0,0,19,19,61.93,61.62,32,weekly,5.91,32 bear-built-above · rel-vol 1.0x · regime CHOP,False,19,58.18,57.3073,61.93,114,6.45,4.3,False
LYFT,15.0997,BASING,0.0,0,20,20,16.24,15.77,47,daily,4.44,8 bear-built-above · rel-vol 0.9x · regime CHOP,False,20,15.0997,14.8732,16.24,441,7.55,5.03,False
LYTE,24.53,BASING,0.0,0,20,20,25.44,24.64,81,weekly,0.45,73 bear-built-above · rel-vol 0.9x · regime CHOP,False,20,24.53,24.1621,25.44,271,3.71,2.47,False
M,23.5312,BASING,0.0,0,19,19,24.52,24.2,33,daily,2.84,rel-vol 0.9x · regime CHOP,False,22,23.5312,23.1782,24.52,283,4.2,2.8,False
MAIN,55.94,BASING,0.0,0,20,20,63.8,63.5,30,weekly,13.51,17 bear-built-above · rel-vol 1.2x · regime CHOP,False,20,55.94,55.1009,63.8,119,14.05,9.37,False
MAIR,24.89,BASING,0.0,0,20,20,26.07,25.82,25,daily,3.74,2 bear-built-above · rel-vol 1.3x · regime CHOP,False,20,24.89,24.5166,26.07,267,4.74,3.16,False
MAN,56.33,BASING,0.0,0,20,20,61.98,60.54,144,weekly,7.47,9 bear-built-above · rel-vol 0.8x · regime CHOP,False,20,56.33,55.4851,61.98,118,10.03,6.69,False
MANE,117.82,BASING,0.0,0,20,20,123.69,123.12,57,4h,4.5,17 bear-built-above · rel-vol 0.7x · regime CHOP,False,20,117.82,116.0527,123.69,56,4.98,3.32,False
MANH,200.11,BASING,0.0,0,20,20,288.01,222.84,6517,daily,11.36,54 bear-built-above · rel-vol 0.8x · regime CHOP,False,21,200.11,197.1084,288.01,33,43.93,29.28,False
MARA,12.0,BASING,0.0,0,19,19,12.55,12.47,9,weekly,3.92,14 bear-built-above · rel-vol 0.6x · regime CHOP,False,19,12.0,11.82,12.55,555,4.58,3.06,False
MAT,13.22,BASING,0.0,0,20,20,14.53,14.47,6,weekly,9.46,5 bear-built-above · rel-vol 1.0x · regime CHOP,False,20,13.22,13.0217,14.53,504,9.91,6.61,False
MATX,226.43,BASING,0.0,0,20,20,234.72,234.13,60,daily,3.4,31 bear-built-above · rel-vol 1.1x · regime CHOP,False,20,226.43,223.0335,234.72,29,3.66,2.44,False
MAZE,27.05,BASING,0.0,0,20,20,30.88,30.07,81,1h,11.16,10 bear-built-above · rel-vol 0.8x · regime CHOP,False,20,27.05,26.6442,30.88,246,14.16,9.44,False
MBGL,17.79,BASING,0.0,0,20,20,17.87,17.8,8,weekly,0.06,35 bear-built-above · rel-vol 1.1x · regime CHOP,False,20,17.79,17.5231,17.87,374,0.45,0.3,False
MBLY,7.37,BASING,0.0,0,20,20,8.25,8.14,11,weekly,10.45,25 bear-built-above · rel-vol 0.9x · regime CHOP,False,20,7.37,7.2595,8.25,904,11.94,7.96,False
MC,58.18,BASING,0.0,0,20,20,64.03,63.31,72,weekly,8.82,16 bear-built-above · rel-vol 1.2x · regime CHOP,False,20,58.18,57.3073,64.03,114,10.06,6.7,False
MCHP,79.0,BASING,0.0,0,20,20,86.26,83.85,242,daily,6.14,9 bear-built-above · rel-vol 0.9x · regime CHOP,False,24,79.0,77.815,86.26,84,9.19,6.13,False
MCK,864.82,BASING,0.0,0,20,20,978.71,948.1,3062,daily,9.63,29 bear-built-above · rel-vol 0.5x · regime CHOP,False,22,864.82,851.8477,978.71,7,13.17,8.78,False
MDA,29.94,BASING,0.0,0,20,20,33.26,32.1119,115,4h,7.25,43 bear-built-above · rel-vol 1.7x · regime CHOP,False,20,29.94,29.4909,33.26,222,11.09,7.39,False
MDB,337.0,BASING,0.0,0,14,14,386.95,337.19,4976,weekly,0.06,9 bear-built-above · rel-vol 2.9x · regime CHOP,False,14,337.0,331.945,386.95,19,14.82,9.88,False
MDGL,508.0,BASING,0.0,0,19,19,516.56,515.1,146,weekly,1.4,26 bear-built-above · rel-vol 1.0x · regime CHOP,False,19,508.0,500.38,516.56,13,1.69,1.12,False
MDLN,35.14,BASING,0.0,0,7,7,40.53,37.3,324,daily,6.15,rel-vol 1.4x · regime CHOP,False,7,35.14,34.6129,40.53,189,15.34,10.23,False
MDT,87.0,BASING,0.0,0,20,20,92.13,91.5,63,weekly,5.17,48 bear-built-above · rel-vol 1.8x · regime CHOP,False,20,87.0,85.695,92.13,76,5.9,3.93,False
MEDP,624.0,BASING,0.0,0,8,8,628.93,628.53,40,1h,0.73,8 bear-built-above · rel-vol 1.1x · regime CHOP,True,8,624.0,614.64,628.93,10,0.79,0.53,False
MEDS,3.62,BASING,0.0,0,15,15,3.74,3.73,2,4h,3.04,11 bear-built-above · rel-vol 0.1x · regime CHOP,False,16,3.62,3.5657,3.74,1841,3.31,2.21,False
MELI,1730.09,BASING,0.0,0,19,19,1826.58,1799.885,2670,daily,4.03,49 bear-built-above · rel-vol 0.8x · regime CHOP,False,19,1730.09,1704.1386,1826.58,3,5.58,3.72,False
META,734.98,BASING,0.0,0,20,20,751.66,750.04,163,daily,2.05,38 bear-built-above · rel-vol 1.0x · regime CHOP,True,23,734.98,723.9553,751.66,9,2.27,1.51,False
METU,31.6332,BASING,0.0,0,20,20,44.1,34.36,975,daily,8.62,19 bear-built-above · rel-vol 1.0x · regime CHOP,True,26,31.6332,31.1587,44.1,210,39.41,26.27,False
MFP,40.69,BASING,0.0,0,20,20,42.45,42.16,30,weekly,3.61,84 bear-built-above · rel-vol 0.7x · regime CHOP,False,20,40.69,40.0796,42.45,163,4.33,2.88,False
MGA,64.0,BASING,0.0,0,20,20,66.13,64.83,130,weekly,1.3,15 bear-built-above · rel-vol 0.7x · regime CHOP,False,22,64.0,63.04,66.13,104,3.33,2.22,False
MGNI,25.81,BASING,0.0,0,3,3,26.1095,26.09,2,1m,1.08,3 bear-built-above · rel-vol 1.7x · regime CHOP,True,3,25.81,25.4228,26.1095,258,1.16,0.77,False
MHK,124.84,BASING,0.0,0,20,20,151.87,134.9,1697,daily,8.06,6 bear-built-above · rel-vol 0.9x · regime CHOP,False,22,124.84,122.9674,151.87,53,21.65,14.43,False
MIAX,33.75,BASING,0.0,0,19,19,34.9,34.62,29,weekly,2.58,22 bear-built-above · rel-vol 0.9x · regime CHOP,False,19,33.75,33.2437,34.9,197,3.41,2.27,False
MIMI,0.8415,BASING,0.0,0,20,20,0.9595,0.9594,1,1h,14.01,29 bear-built-above · rel-vol 0.1x · regime CHOP,False,20,0.8415,0.8289,0.9595,7922,14.02,9.35,False
MIR,14.57,BASING,0.0,0,20,20,15.59,15.46,13,weekly,6.11,25 bear-built-above · rel-vol 1.0x · regime CHOP,False,20,14.57,14.3514,15.59,457,7.0,4.67,False
MIRM,88.75,BASING,0.0,0,17,17,105.79,94.115,1168,daily,6.05,13 bear-built-above · rel-vol 0.9x · regime CHOP,False,17,88.75,87.4188,105.79,75,19.2,12.8,False
MKSI,266.02,BASING,0.0,0,20,20,279.11,271.5,762,weekly,2.06,rel-vol 0.6x · regime CHOP,True,20,266.02,262.0297,279.11,25,4.92,3.28,False
MLI,60.79,BASING,0.0,0,15,15,63.71,62.0,172,45m,1.99,7 bear-built-above · rel-vol 0.5x · regime CHOP,False,15,60.79,59.8781,63.71,109,4.8,3.2,False
MLYS,24.54,BASING,0.0,0,18,18,25.86,25.46,40,weekly,3.75,29 bear-built-above · rel-vol 1.2x · regime CHOP,False,18,24.54,24.1719,25.86,271,5.38,3.59,False
MMED,20.04,BASING,0.0,0,20,20,22.5,21.79,72,weekly,8.73,33 bear-built-above · rel-vol 1.1x · regime CHOP,False,20,20.04,19.7394,22.5,332,12.28,8.18,False
MNDY,75.71,BASING,0.0,0,20,20,83.66,81.2,246,weekly,7.25,47 bear-built-above · rel-vol 2.1x · regime CHOP,False,22,75.71,74.5743,83.66,88,10.5,7.0,False
MNST,41.821,BASING,0.0,0,20,20,43.11,42.07,104,weekly,0.6,38 bear-built-above · rel-vol 1.1x · regime CHOP,False,24,41.821,41.1937,43.11,159,3.08,2.05,False
MNTS,3.7,BASING,0.0,0,20,20,4.21,4.18,4,weekly,12.97,37 bear-built-above · rel-vol 2.1x · regime CHOP,False,20,3.7,3.6445,4.21,1801,13.78,9.19,False
MOD,184.3,BASING,0.0,0,18,18,198.07,195.1,297,daily,5.86,16 bear-built-above · rel-vol 1.4x · regime CHOP,False,18,184.3,181.5355,198.07,36,7.47,4.98,False
MOH,188.8,BASING,0.0,0,20,20,189.64,189.38,26,daily,0.31,39 bear-built-above · rel-vol 1.1x · regime CHOP,False,21,188.8,185.968,189.64,35,0.44,0.3,False
MORN,186.35,BASING,0.0,0,19,19,195.98,193.9,208,weekly,4.05,63 bear-built-above · rel-vol 0.9x · regime CHOP,False,19,186.35,183.5547,195.98,35,5.17,3.45,False
MOS,22.5,BASING,0.0,0,17,17,25.19,24.81,39,weekly,10.27,51 bear-built-above · rel-vol 0.6x · regime CHOP,False,17,22.5,22.1625,25.19,296,11.96,7.97,False
MP,45.79,BASING,0.0,0,17,17,48.585,47.68,91,weekly,4.13,37 bear-built-above · rel-vol 1.4x · regime CHOP,False,17,45.79,45.1031,48.585,145,6.1,4.07,False
MPC,390.1656,BASING,0.0,0,20,20,402.38,391.68,1070,daily,0.39,42 bear-built-above · rel-vol 0.6x · regime CHOP,False,20,390.1656,384.3131,402.38,17,3.13,2.09,False
MPT,3.51,BASING,0.0,0,20,20,3.9,3.78,13,daily,7.69,20 bear-built-above · rel-vol 1.0x · regime CHOP,False,20,3.51,3.4573,3.9,1899,11.11,7.41,False
MPWR,1352.86,BASING,0.0,0,12,12,1415.99,1365.445,5055,daily,0.93,5 bear-built-above · rel-vol 0.6x · regime CHOP,False,14,1352.86,1332.5671,1415.99,4,4.67,3.11,False
MRCY,83.25,BASING,0.0,0,14,14,91.36,90.86,50,weekly,9.14,2 bear-built-above · rel-vol 1.2x · regime CHOP,False,14,83.25,82.0012,91.36,80,9.74,6.49,False
MRK,150.0,BASING,0.0,0,13,13,153.13,153.11,2,15m,2.07,6 bear-built-above · rel-vol 0.8x · regime CHOP,True,13,150.0,147.75,153.13,44,2.09,1.39,False
MRNA,196.3611,BASING,0.0,0,19,19,206.86,206.67,20,1m,5.25,20 bear-built-above · rel-vol 0.9x · regime CHOP,True,19,196.3611,193.4157,206.86,33,5.35,3.56,False
MRNX,157.13,BASING,0.0,0,1,1,162.4,160.5501,185,1m,2.18,1 bear-built-above · rel-vol 0.8x · regime CHOP,True,1,157.13,154.773,162.4,42,3.35,2.24,False
MRNY,42.2519,BASING,0.0,0,2,2,45.9,43.5,240,daily,2.95,rel-vol 1.0x · regime CHOP,True,2,42.2519,41.6181,45.9,157,8.63,5.76,False
MRVI,7.6499,BASING,0.0,0,8,8,8.37,8.12,25,daily,6.15,rel-vol 0.7x · regime CHOP,True,8,7.6499,7.5352,8.37,871,9.41,6.28,False
MRVL,262.5,BASING,0.0,0,19,19,307.86,279.04,2882,daily,6.3,16 bear-built-above · rel-vol 0.9x · regime CHOP,True,19,262.5,258.5625,307.86,25,17.28,11.52,False
MRX,71.25,BASING,0.0,0,20,20,76.71,76.6,11,daily,7.51,30 bear-built-above · rel-vol 1.1x · regime CHOP,False,21,71.25,70.1813,76.71,93,7.66,5.11,False
MS,192.6223,BASING,0.0,0,20,20,214.38,211.66,272,weekly,9.88,62 bear-built-above · rel-vol 0.9x · regime CHOP,False,26,192.6223,189.733,214.38,34,11.3,7.53,False
MSFT,508.4,BASING,0.0,0,20,20,541.55,530.48,1107,daily,4.34,42 bear-built-above · rel-vol 1.0x · regime CHOP,False,24,508.4,500.774,541.55,13,6.52,4.35,False
MSFU,38.69,BASING,0.0,0,20,20,45.46,42.19,328,daily,9.05,32 bear-built-above · rel-vol 1.0x · regime CHOP,False,21,38.69,38.1096,45.46,172,17.5,11.67,False
MSGE,81.65,BASING,0.0,0,20,20,88.87,87.7,118,4h,7.41,23 bear-built-above · rel-vol 0.8x · regime CHOP,False,20,81.65,80.4253,88.87,81,8.84,5.9,False
MSGS,413.84,BASING,0.0,0,16,16,414.17,414.01,17,4h,0.04,14 bear-built-above · rel-vol 1.0x · regime CHOP,True,16,413.84,407.6324,414.17,16,0.08,0.05,False
MSGY,4.62,BASING,0.0,0,20,20,6.23,5.0,124,45m,8.23,13 bear-built-above · rel-vol 6.3x · regime CHOP,False,20,4.62,4.5507,6.23,1443,34.85,23.23,False
MSOS,4.76,BASING,0.0,0,18,18,5.49,5.47,3,daily,14.92,33 bear-built-above · rel-vol 1.1x · regime CHOP,False,20,4.76,4.6886,5.49,1400,15.34,10.22,False
MSS,1.76,BASING,0.0,0,4,4,2.06,1.85,21,daily,5.11,3 bear-built-above · rel-vol 0.1x · regime CHOP,False,4,1.76,1.7336,2.06,3787,17.05,11.36,False
MSTR,155.14,BASING,0.0,0,20,20,177.42,169.175,825,weekly,9.05,22 bear-built-above · rel-vol 0.7x · regime CHOP,False,24,155.14,152.8129,177.42,42,14.36,9.57,False
MSTU,40.36,BASING,0.0,0,20,20,42.84,42.24,61,weekly,4.66,20 bear-built-above · rel-vol 0.9x · regime CHOP,False,21,40.36,39.7546,42.84,165,6.14,4.1,False
MSTX,18.56,BASING,0.0,0,20,20,19.67,19.455,22,weekly,4.82,14 bear-built-above · rel-vol 0.8x · regime CHOP,False,21,18.56,18.2816,19.67,359,5.98,3.99,False
MSTY,16.15,BASING,0.0,0,20,20,17.23,16.84,40,daily,4.27,31 bear-built-above · rel-vol 0.8x · regime CHOP,False,22,16.15,15.9077,17.23,412,6.69,4.46,False
MSTZ,2.701,BASING,0.0,0,17,17,2.8315,2.75,9,45m,1.81,8 bear-built-above · rel-vol 1.3x · regime CHOP,False,17,2.701,2.6605,2.8315,2468,4.83,3.22,False
MTCH,40.1,BASING,0.0,0,20,20,40.55,40.13,42,weekly,0.07,44 bear-built-above · rel-vol 0.9x · regime CHOP,False,20,40.1,39.4985,40.55,166,1.12,0.75,False
MTD,1542.0,BASING,0.0,0,2,2,1551.2,1550.0275,118,1m,0.52,2 bear-built-above · rel-vol 0.7x · regime CHOP,False,4,1542.0,1518.87,1551.2,4,0.6,0.4,False
MTDR,51.59,BASING,0.0,0,18,18,56.81,56.14,68,weekly,8.82,35 bear-built-above · rel-vol 0.7x · regime CHOP,False,19,51.59,50.8162,56.81,129,10.12,6.75,False
MTN,140.85,BASING,0.0,0,20,20,150.0,149.14,87,daily,5.89,6 bear-built-above · rel-vol 2.2x · regime CHOP,False,21,140.85,138.7372,150.0,47,6.5,4.33,False
MTRN,268.56,BASING,0.0,0,20,20,284.96,278.71,625,daily,3.78,1 bear-built-above · rel-vol 0.6x · regime CHOP,False,20,268.56,264.5316,284.96,24,6.11,4.07,False
MTSI,284.27,BASING,0.0,0,20,20,320.48,311.55,894,daily,9.6,20 bear-built-above · rel-vol 0.7x · regime CHOP,False,20,284.27,280.0059,320.48,23,12.74,8.49,False
MTZ,210.77,BASING,0.0,0,18,18,239.64,229.14,1050,weekly,8.72,16 bear-built-above · rel-vol 0.9x · regime CHOP,False,18,210.77,207.6085,239.64,31,13.7,9.13,False
MU,1071.55,BASING,0.0,0,14,14,1213.56,1139.075,7449,daily,6.3,11 bear-built-above · rel-vol 0.8x · regime CHOP,False,18,1071.55,1055.4768,1213.56,6,13.25,8.84,False
MUD,9.06,BASING,0.0,0,17,17,9.73,9.44,30,weekly,4.19,13 bear-built-above · rel-vol 0.8x · regime CHOP,False,17,9.06,8.9241,9.73,735,7.4,4.93,False
MUR,35.95,BASING,0.0,0,18,18,41.52,39.59,193,daily,10.13,17 bear-built-above · rel-vol 1.0x · regime CHOP,False,18,35.95,35.4108,41.52,185,15.49,10.33,False
MUSA,507.42,BASING,0.0,0,19,19,526.09,522.24,386,weekly,2.92,40 bear-built-above · rel-vol 0.6x · regime CHOP,False,19,507.42,499.8087,526.09,13,3.68,2.45,False
MVST,0.6598,BASING,0.0,0,20,20,0.6881,0.6745,2,daily,2.23,24 bear-built-above · rel-vol 0.8x · regime CHOP,False,20,0.6598,0.6499,0.6881,10104,4.29,2.86,False
MWH,24.23,BASING,0.0,0,15,15,25.2,24.89,31,weekly,2.72,7 bear-built-above · rel-vol 1.2x · regime CHOP,False,15,24.23,23.8666,25.2,275,4.0,2.67,False
MXL,93.08,BASING,0.0,0,3,3,100.15,100.02,14,1h,7.46,rel-vol 1.0x · regime CHOP,True,5,93.08,91.6838,100.15,71,7.6,5.06,False
MYRG,288.31,BASING,0.0,0,20,20,310.87,307.6,327,weekly,6.69,14 bear-built-above · rel-vol 0.9x · regime CHOP,False,20,288.31,283.9853,310.87,23,7.82,5.22,False
MYSZ,1.63,BASING,0.0,0,20,20,1.72,1.69,4,weekly,3.68,16 bear-built-above · rel-vol 0.0x · regime CHOP,False,20,1.63,1.6055,1.72,4089,5.52,3.68,False
NAMI,2.3403,BASING,0,0,0,0,,,,,0,rel-vol 0.5x · regime CHOP,True,0,2.3403,2.3052,2.5743,2848,10.0,6.67,False
NAMS,23.81,BASING,0.0,0,17,17,25.4,24.02,138,weekly,0.88,2 bear-built-above · rel-vol 0.6x · regime CHOP,False,17,23.81,23.4528,25.4,279,6.68,4.45,False
NASA,23.95,BASING,0.0,0,20,20,26.4,25.76,64,daily,7.56,27 bear-built-above · rel-vol 1.3x · regime CHOP,False,22,23.95,23.5907,26.4,278,10.23,6.82,False
NAT,7.931,BASING,0.0,0,5,5,8.2,8.14,6,daily,2.64,5 bear-built-above · rel-vol 0.7x · regime CHOP,True,5,7.931,7.812,8.2,840,3.39,2.26,False
NAVN,20.7,BASING,0.0,0,20,20,25.89,21.39,450,daily,3.33,25 bear-built-above · rel-vol 0.7x · regime CHOP,False,21,20.7,20.3895,25.89,322,25.07,16.71,False
NB,3.49,BASING,0.0,0,20,20,3.54,3.525,2,weekly,1.0,17 bear-built-above · rel-vol 0.9x · regime CHOP,False,20,3.49,3.4377,3.54,1910,1.43,0.96,False
NBIG,18.99,BASING,0.0,0,19,19,20.0,19.96,4,45m,5.11,17 bear-built-above · rel-vol 1.1x · regime CHOP,False,21,18.99,18.7051,20.0,351,5.32,3.55,False
NBIS,242.09,BASING,0.0,0,12,12,268.85,268.7,16,daily,10.99,5 bear-built-above · rel-vol 0.9x · regime CHOP,True,15,242.09,238.4587,268.85,27,11.05,7.37,False
NBIZ,19.9,BASING,0.0,0,20,20,20.47,20.37,10,15m,2.36,29 bear-built-above · rel-vol 1.2x · regime CHOP,False,20,19.9,19.6015,20.47,335,2.86,1.91,False
NCI,2.0495,BASING,0.0,0,8,8,2.13,2.1295,1,1h,3.9,5 bear-built-above · rel-vol 6.2x · regime CHOP,False,10,2.0495,2.0188,2.13,3252,3.93,2.62,False
NCNO,17.8,BASING,0.0,0,20,20,19.41,19.01,40,weekly,6.8,32 bear-built-above · rel-vol 1.6x · regime CHOP,False,20,17.8,17.533,19.41,374,9.04,6.03,False
NCPL,1.32,BASING,0.0,0,3,3,1.4706,1.46,2,5m,10.61,2 bear-built-above · rel-vol 1.5x · regime CHOP,False,3,1.32,1.3002,1.4706,5050,11.41,7.61,False
NDSN,329.53,BASING,0.0,0,9,9,335.89,335.73,16,1h,1.88,7 bear-built-above · rel-vol 0.9x · regime CHOP,True,9,329.53,324.587,335.89,20,1.93,1.29,False
NE,41.95,BASING,0.0,0,19,19,43.74,43.29,46,daily,3.19,49 bear-built-above · rel-vol 1.0x · regime CHOP,False,19,41.95,41.3208,43.74,158,4.27,2.84,False
NEBX,28.25,BASING,0.0,0,20,20,30.3333,29.2567,108,4h,3.56,24 bear-built-above · rel-vol 0.9x · regime CHOP,False,22,28.25,27.8262,30.3333,235,7.37,4.92,False
NEE,76.23,BASING,0.0,0,18,18,85.91,85.38,54,daily,12.0,72 bear-built-above · rel-vol 1.0x · regime CHOP,False,19,76.23,75.0866,85.91,87,12.7,8.47,False
NEM,117.11,BASING,0.0,0,17,17,123.55,122.15,140,daily,4.3,46 bear-built-above · rel-vol 0.7x · regime CHOP,False,17,117.11,115.3533,123.55,56,5.5,3.67,False
NEO,18.9,BASING,0.0,0,20,20,19.33,19.02,31,weekly,0.63,23 bear-built-above · rel-vol 1.3x · regime CHOP,False,20,18.9,18.6165,19.33,352,2.28,1.52,False
NEOG,12.78,BASING,0.0,0,18,18,13.015,13.01,1,1h,1.8,13 bear-built-above · rel-vol 3.6x · regime CHOP,False,19,12.78,12.5883,13.015,521,1.84,1.23,False
NEOV,2.58,BASING,0.0,0,5,5,3.17,2.65,52,daily,2.71,4 bear-built-above · rel-vol 1.4x · regime CHOP,False,5,2.58,2.5413,3.17,2583,22.87,15.25,False
NESR,26.55,BASING,0.0,0,20,20,29.81,28.62,119,daily,7.8,13 bear-built-above · rel-vol 2.9x · regime CHOP,False,22,26.55,26.1517,29.81,251,12.28,8.19,False
NET,352.26,BASING,0.0,0,15,15,358.76,358.04,72,45m,1.64,15 bear-built-above · rel-vol 0.7x · regime CHOP,True,15,352.26,346.9761,358.76,18,1.85,1.23,False
NFLX,70.43,BASING,0.0,0,19,19,75.31,71.79,352,daily,1.93,35 bear-built-above · rel-vol 1.0x · regime CHOP,False,19,70.43,69.3736,75.31,94,6.93,4.62,False
NG,6.6891,BASING,0.0,0,18,18,7.13,6.72,42,weekly,0.46,31 bear-built-above · rel-vol 0.8x · regime CHOP,False,18,6.6891,6.5888,7.13,996,6.59,4.39,False
NICE,106.81,BASING,0.0,0,20,20,117.79,117.34,46,daily,9.86,48 bear-built-above · rel-vol 1.0x · regime CHOP,False,20,106.81,105.2079,117.79,62,10.28,6.85,False
NIQ,17.39,BASING,0.0,0,20,20,17.83,17.65,18,weekly,1.5,46 bear-built-above · rel-vol 0.8x · regime CHOP,False,22,17.39,17.1291,17.83,383,2.53,1.69,False
NIVF,0.2157,BASING,0.0,0,2,2,0.2318,0.2297,1,10m,6.49,1 bear-built-above · rel-vol 13.4x · regime CHOP,False,2,0.2157,0.2125,0.2318,30907,7.46,4.98,False
NKTR,59.86,BASING,0.0,0,19,19,60.82,60.18,65,1h,0.53,19 bear-built-above · rel-vol 1.3x · regime CHOP,False,19,59.86,58.9621,60.82,111,1.6,1.07,False
NLR,104.16,BASING,0.0,0,20,20,113.22,110.11,311,weekly,5.71,61 bear-built-above · rel-vol 1.1x · regime CHOP,False,20,104.16,102.5976,113.22,64,8.7,5.8,False
NMAX,10.74,BASING,0.0,0,14,14,11.4,11.26,15,daily,4.84,3 bear-built-above · rel-vol 0.5x · regime CHOP,False,14,10.74,10.5789,11.4,620,6.15,4.1,False
NN,13.8413,BASING,0.0,0,20,20,14.38,14.25,14,weekly,2.95,30 bear-built-above · rel-vol 1.1x · regime CHOP,False,20,13.8413,13.6337,14.38,481,3.89,2.59,False
NNE,16.0,BASING,0.0,0,17,17,18.17,17.845,33,daily,11.53,36 bear-built-above · rel-vol 0.9x · regime CHOP,False,18,16.0,15.76,18.17,416,13.56,9.04,False
NOG,22.74,BASING,0.0,0,19,19,25.05,24.67,38,weekly,8.49,43 bear-built-above · rel-vol 1.2x · regime CHOP,False,19,22.74,22.3989,25.05,293,10.16,6.77,False
NOV,18.98,BASING,0.0,0,20,20,19.5,19.2,31,daily,1.16,49 bear-built-above · rel-vol 1.2x · regime CHOP,False,20,18.98,18.6953,19.5,351,2.74,1.83,False
NOVT,141.22,BASING,0.0,0,16,16,146.56,142.63,394,weekly,1.0,26 bear-built-above · rel-vol 0.5x · regime CHOP,False,16,141.22,139.1017,146.56,47,3.78,2.52,False
NOW,129.14,BASING,0.0,0,20,20,135.62,129.94,569,weekly,0.62,53 bear-built-above · rel-vol 0.8x · regime CHOP,False,21,129.14,127.2029,135.62,51,5.02,3.35,False
NRG,97.9971,BASING,0.0,0,20,20,113.46,110.0,346,weekly,12.25,53 bear-built-above · rel-vol 0.9x · regime CHOP,False,20,97.9971,96.5271,113.46,68,15.78,10.52,False
NRGV,4.01,BASING,0.0,0,18,18,4.4,4.35,6,weekly,8.48,14 bear-built-above · rel-vol 1.1x · regime CHOP,False,20,4.01,3.9498,4.4,1662,9.73,6.48,False
NSIT,155.64,BASING,0.0,0,20,20,171.99,167.47,453,weekly,7.6,37 bear-built-above · rel-vol 0.6x · regime CHOP,False,20,155.64,153.3054,171.99,42,10.51,7.0,False
NTAP,210.99,BASING,0.0,0,4,4,212.0,211.25,75,15m,0.12,4 bear-built-above · rel-vol 1.0x · regime CHOP,True,4,210.99,207.8252,212.0,31,0.48,0.32,False
NTLA,12.2,BASING,0.0,0,15,15,25.56,13.73,1183,weekly,12.54,7 bear-built-above · rel-vol 1.2x · regime CHOP,False,15,12.2,12.017,25.56,546,109.51,73.01,False
NTNX,70.09,BASING,0.0,0,3,3,72.4,70.96,145,4h,1.24,2 bear-built-above · rel-vol 1.0x · regime CHOP,False,5,70.09,69.0387,72.4,95,3.3,2.2,False
NTR,71.1,BASING,0.0,0,19,19,77.09,76.59,50,weekly,7.72,68 bear-built-above · rel-vol 0.6x · regime CHOP,False,19,71.1,70.0335,77.09,93,8.42,5.62,False
NTRA,417.83,BASING,0.0,0,1,1,418.775,418.75,3,1m,0.22,1 bear-built-above · rel-vol 1.3x · regime CHOP,True,1,417.83,411.5625,418.775,15,0.23,0.15,False
NTSK,17.25,BASING,0.0,0,20,20,17.58,17.27,31,weekly,0.12,33 bear-built-above · rel-vol 0.7x · regime CHOP,False,22,17.25,16.9913,17.58,386,1.91,1.28,False
NU,12.45,BASING,0.0,0,18,18,13.59,12.53,107,weekly,0.64,32 bear-built-above · rel-vol 1.1x · regime CHOP,False,18,12.45,12.2632,13.59,535,9.16,6.1,False
NUAI,6.7787,BASING,0.0,0,20,20,6.87,6.86,1,30m,1.2,15 bear-built-above · rel-vol 0.8x · regime CHOP,False,20,6.7787,6.677,6.87,983,1.35,0.9,False
NUE,236.24,BASING,0.0,0,20,20,264.25,254.26,1000,daily,7.63,32 bear-built-above · rel-vol 1.2x · regime CHOP,False,20,236.24,232.6964,264.25,28,11.86,7.9,False
NUR,1.015,BASING,0.0,0,20,20,1.07,1.04,4,weekly,2.46,13 bear-built-above · rel-vol 0.2x · regime CHOP,False,20,1.015,0.9998,1.07,6568,5.42,3.61,False
NUTX,210.1,BASING,0.0,0,20,20,217.285,216.56,73,10m,3.07,27 bear-built-above · rel-vol 0.9x · regime CHOP,True,20,210.1,206.9485,217.285,31,3.42,2.28,False
NUVB,5.6,BASING,0.0,0,20,20,5.74,5.68,7,weekly,1.43,28 bear-built-above · rel-vol 0.6x · regime CHOP,False,20,5.6,5.516,5.74,1190,2.5,1.67,False
NUWE,0.7099,BASING,0.0,0,19,19,0.7758,0.77,1,weekly,8.47,19 bear-built-above · rel-vol 0.0x · regime CHOP,False,19,0.7099,0.6993,0.7758,9390,9.28,6.19,False
NVAX,10.8,BASING,0.0,0,7,7,11.45,11.44,1,1h,5.93,5 bear-built-above · rel-vol 0.7x · regime CHOP,True,9,10.8,10.638,11.45,617,6.02,4.01,False
NVCR,15.99,BASING,0.0,0,20,20,16.67,16.53,15,daily,3.38,29 bear-built-above · rel-vol 0.7x · regime CHOP,False,22,15.99,15.7501,16.67,416,4.25,2.84,False
NVD,3.625,BASING,0.0,0,20,20,4.38,3.94,44,daily,8.69,26 bear-built-above · rel-vol 1.0x · regime CHOP,False,20,3.625,3.5706,4.38,1839,20.83,13.89,False
NVDA,228.23,BASING,0.0,0,12,12,236.43,233.0,344,1h,2.09,11 bear-built-above · rel-vol 0.9x · regime CHOP,False,17,228.23,224.8065,236.43,29,3.59,2.4,False
NVDQ,8.14,BASING,0.0,0,18,18,9.93,8.905,103,daily,9.4,47 bear-built-above · rel-vol 1.2x · regime CHOP,False,18,8.14,8.0179,9.93,819,21.99,14.66,False
NVDU,145.61,BASING,0.0,0,20,20,156.8301,154.56,228,4h,6.15,59 bear-built-above · rel-vol 1.0x · regime CHOP,False,20,145.61,143.4259,156.8301,45,7.71,5.14,False
NVMI,381.0,BASING,0.0,0,16,16,418.94,403.38,1557,daily,5.87,6 bear-built-above · rel-vol 0.3x · regime CHOP,False,16,381.0,375.285,418.94,17,9.96,6.64,False
NVT,161.68,BASING,0.0,0,20,20,180.55,171.98,858,daily,6.37,6 bear-built-above · rel-vol 0.8x · regime CHOP,False,20,161.68,159.2548,180.55,41,11.67,7.78,False
NVTS,11.63,BASING,0.0,0,18,18,12.97,12.59,39,weekly,8.25,30 bear-built-above · rel-vol 2.8x · regime CHOP,False,18,11.63,11.4556,12.97,573,11.52,7.68,False
NWL,5.32,BASING,0.0,0,20,20,5.43,5.41,2,weekly,1.69,25 bear-built-above · rel-vol 0.7x · regime CHOP,False,22,5.32,5.2402,5.43,1253,2.07,1.38,False
NXE,9.09,BASING,0.0,0,20,20,10.64,10.35,30,daily,13.86,28 bear-built-above · rel-vol 0.7x · regime CHOP,False,20,9.09,8.9536,10.64,733,17.05,11.37,False
NXPI,236.47,BASING,0.0,0,17,17,259.12,252.96,616,daily,6.97,8 bear-built-above · rel-vol 0.7x · regime CHOP,False,21,236.47,232.9229,259.12,28,9.58,6.39,False
NXST,161.58,BASING,0.0,0,20,20,186.14,185.79,35,weekly,14.98,20 bear-built-above · rel-vol 0.8x · regime CHOP,False,20,161.58,159.1563,186.14,41,15.2,10.13,False
NXT,79.38,BASING,0.0,0,18,18,80.85,79.86,99,weekly,0.6,13 bear-built-above · rel-vol 0.9x · regime CHOP,False,18,79.38,78.1893,80.85,83,1.85,1.23,False
NYT,62.71,BASING,0.0,0,18,18,75.58,70.22,536,daily,11.98,36 bear-built-above · rel-vol 1.0x · regime CHOP,False,18,62.71,61.7694,75.58,106,20.52,13.68,False
OABI,4.83,BASING,0.0,0,17,17,5.165,5.16,1,1h,6.83,9 bear-built-above · rel-vol 1.0x · regime CHOP,True,17,4.83,4.7576,5.165,1380,6.94,4.62,False
OC,118.36,BASING,0.0,0,18,18,131.9,128.5,341,weekly,8.57,36 bear-built-above · rel-vol 0.9x · regime CHOP,False,18,118.36,116.5846,131.9,56,11.44,7.63,False
OCGN,1.1,BASING,0.0,0,1,1,1.155,1.15,1,1h,4.55,rel-vol 0.8x · regime CHOP,True,1,1.1,1.0835,1.155,6060,5.0,3.33,False
OCTV,18.63,BASING,0.0,0,18,18,19.05,18.88,18,daily,1.34,15 bear-built-above · rel-vol 0.7x · regime CHOP,False,18,18.63,18.3505,19.05,357,2.25,1.5,False
OCUL,7.89,BASING,0.0,0,10,10,8.525,8.51,2,10m,7.86,8 bear-built-above · rel-vol 1.7x · regime CHOP,False,10,7.89,7.7716,8.525,844,8.05,5.37,False
ODD,17.9,BASING,0.0,0,20,20,18.35,18.13,23,weekly,1.28,21 bear-built-above · rel-vol 0.5x · regime CHOP,False,21,17.9,17.6315,18.35,372,2.51,1.68,False
ODTX,22.44,BASING,0.0,0,20,20,23.34,22.99,36,daily,2.45,21 bear-built-above · rel-vol 0.5x · regime CHOP,False,20,22.44,22.1034,23.34,297,4.01,2.67,False
OFAL,0.509,BASING,0.0,0,17,17,0.594,0.5782,2,weekly,13.6,15 bear-built-above · rel-vol 0.1x · regime CHOP,False,18,0.509,0.5014,0.594,13097,16.7,11.13,False
OI,5.64,BASING,0.0,0,20,20,6.53,6.46,8,weekly,14.54,11 bear-built-above · rel-vol 1.2x · regime CHOP,False,20,5.64,5.5554,6.53,1182,15.78,10.52,False
OIH,379.0,BASING,0.0,0,18,18,420.67,418.1,257,weekly,10.32,71 bear-built-above · rel-vol 1.1x · regime CHOP,False,18,379.0,373.315,420.67,17,10.99,7.33,False
OII,44.22,BASING,0.0,0,20,20,51.09,50.41,69,weekly,14.0,37 bear-built-above · rel-vol 1.1x · regime CHOP,False,22,44.22,43.5567,51.09,150,15.54,10.36,False
OKE,86.7829,BASING,0.0,0,18,18,93.46,92.58,88,weekly,6.68,49 bear-built-above · rel-vol 1.2x · regime CHOP,False,18,86.7829,85.4812,93.46,76,7.69,5.13,False
OKLL,9.625,BASING,0.0,0,20,20,10.14,9.79,36,weekly,1.71,25 bear-built-above · rel-vol 0.7x · regime CHOP,False,20,9.625,9.4806,10.14,692,5.35,3.57,False
OKLO,37.1,BASING,0.0,0,20,20,38.04,37.2,84,weekly,0.27,35 bear-built-above · rel-vol 0.8x · regime CHOP,False,20,37.1,36.5435,38.04,179,2.53,1.69,False
OKTA,206.36,BASING,0.0,0,3,3,209.79,209.75,4,30m,1.64,3 bear-built-above · rel-vol 0.7x · regime CHOP,True,4,206.36,203.2646,209.79,32,1.66,1.11,False
OLB,0.1929,BASING,0.0,0,12,12,0.204,0.2034,1,weekly,5.44,7 bear-built-above · rel-vol 0.0x · regime CHOP,False,15,0.1929,0.19,0.204,34560,5.75,3.84,False
OLED,76.16,BASING,0.0,0,20,20,82.67,82.1,58,weekly,7.8,27 bear-built-above · rel-vol 0.7x · regime CHOP,False,20,76.16,75.0176,82.67,87,8.55,5.7,False
OLLI,86.58,BASING,0.0,0,11,11,97.31,96.93,38,daily,11.95,rel-vol 0.8x · regime CHOP,True,11,86.58,85.2813,97.31,77,12.39,8.26,False
OMDA,19.37,BASING,0.0,0,20,20,19.66,19.6,6,weekly,1.19,51 bear-built-above · rel-vol 0.8x · regime CHOP,False,22,19.37,19.0795,19.66,344,1.5,1.0,False
OMER,18.74,BASING,0.0,0,20,20,20.08,19.83,25,daily,5.82,40 bear-built-above · rel-vol 0.6x · regime CHOP,False,21,18.74,18.4589,20.08,355,7.15,4.77,False
ON,75.42,BASING,0.0,0,20,20,83.34,79.99,336,daily,6.06,15 bear-built-above · rel-vol 0.8x · regime CHOP,False,23,75.42,74.2887,83.34,88,10.5,7.0,False
ONDS,7.51,BASING,0.0,0,12,12,8.71,8.525,19,weekly,13.52,10 bear-built-above · rel-vol 0.8x · regime CHOP,False,12,7.51,7.3973,8.71,887,15.98,10.65,False
ONTO,305.0,BASING,0.0,0,17,17,342.1,332.4,971,daily,8.98,rel-vol 0.8x · regime CHOP,True,20,305.0,300.425,342.1,21,12.16,8.11,False
OPCH,22.81,BASING,0.0,0,20,20,23.9,23.88,2,daily,4.69,18 bear-built-above · rel-vol 0.8x · regime CHOP,False,20,22.81,22.4678,23.9,292,4.78,3.19,False
OPEN,2.4,BASING,0.0,0,14,14,2.57,2.54,3,weekly,5.83,12 bear-built-above · rel-vol 0.9x · regime CHOP,False,14,2.4,2.364,2.57,2777,7.08,4.72,False
OPTU,1.05,BASING,0.0,0,19,19,1.205,1.2,1,1h,14.29,22 bear-built-above · rel-vol 0.8x · regime CHOP,False,19,1.05,1.0343,1.205,6349,14.76,9.84,False
OPTX,7.75,BASING,0.0,0,16,16,7.89,7.87,2,daily,1.55,11 bear-built-above · rel-vol 1.4x · regime CHOP,False,16,7.75,7.6338,7.89,860,1.81,1.2,False
OR,34.34,BASING,0.0,0,19,19,36.07,35.74,33,daily,4.08,45 bear-built-above · rel-vol 0.7x · regime CHOP,False,19,34.34,33.8249,36.07,194,5.04,3.36,False
ORA,91.27,BASING,0.0,0,18,18,93.63,92.89,74,weekly,1.77,52 bear-built-above · rel-vol 0.5x · regime CHOP,False,18,91.27,89.9009,93.63,73,2.59,1.72,False
ORBS,1.172,BASING,0.0,0,9,9,1.25,1.23,3,4h,4.95,6 bear-built-above · rel-vol 1.0x · regime CHOP,False,9,1.172,1.1544,1.25,5688,6.66,4.44,False
ORCL,138.18,BASING,0.0,0,20,20,144.56,139.54,503,daily,0.98,52 bear-built-above · rel-vol 1.3x · regime CHOP,False,21,138.18,136.1073,144.56,48,4.62,3.08,False
ORCU,6.68,BASING,0.0,0,19,19,7.32,6.82,50,daily,2.1,38 bear-built-above · rel-vol 1.9x · regime CHOP,False,19,6.68,6.5798,7.32,998,9.58,6.39,False
ORCX,18.72,BASING,0.0,0,20,20,20.49,19.08,141,daily,1.92,56 bear-built-above · rel-vol 1.4x · regime CHOP,False,21,18.72,18.4392,20.49,356,9.46,6.3,False
ORIC,13.37,BASING,0.0,0,6,6,14.4,14.16,25,30m,5.91,1 bear-built-above · rel-vol 0.7x · regime CHOP,False,6,13.37,13.1694,14.4,498,7.7,5.14,False
ORKA,81.0,BASING,0.0,0,19,19,84.46,83.94,52,weekly,3.63,22 bear-built-above · rel-vol 1.4x · regime CHOP,False,19,81.0,79.785,84.46,82,4.27,2.85,False
OSCR,29.8,BASING,0.0,0,20,20,32.13,31.0,114,weekly,4.03,15 bear-built-above · rel-vol 0.7x · regime CHOP,False,20,29.8,29.353,32.13,223,7.82,5.21,False
OSIS,192.3,BASING,0.0,0,20,20,218.09,206.73,1137,daily,7.5,35 bear-built-above · rel-vol 0.7x · regime CHOP,False,20,192.3,189.4155,218.09,34,13.41,8.94,False
OSK,131.68,BASING,0.0,0,20,20,132.75,131.73,103,weekly,0.04,55 bear-built-above · rel-vol 1.0x · regime CHOP,False,20,131.68,129.7048,132.75,50,0.81,0.54,False
OSS,8.73,BASING,0.0,0,19,19,9.28,9.05,23,weekly,3.67,38 bear-built-above · rel-vol 1.1x · regime CHOP,False,19,8.73,8.5991,9.28,763,6.3,4.2,False
OUST,40.21,BASING,0.0,0,15,15,48.13,45.09,304,daily,12.14,14 bear-built-above · rel-vol 1.2x · regime CHOP,False,16,40.21,39.6069,48.13,165,19.7,13.13,False
OVV,58.83,BASING,0.0,0,20,20,62.37,61.52,85,weekly,4.57,56 bear-built-above · rel-vol 0.6x · regime CHOP,False,20,58.83,57.9475,62.37,113,6.02,4.01,False
OWL,9.27,BASING,0.0,0,18,18,10.56,10.44,13,weekly,12.62,48 bear-built-above · rel-vol 0.6x · regime CHOP,False,18,9.27,9.131,10.56,719,13.92,9.28,False
OXY,54.8869,BASING,0.0,0,20,20,58.84,58.07,78,weekly,5.8,43 bear-built-above · rel-vol 0.9x · regime CHOP,False,20,54.8869,54.0636,58.84,121,7.2,4.8,False
P,130.782,BASING,0.0,0,2,2,130.99,130.94,6,1m,0.12,2 bear-built-above · rel-vol 0.6x · regime CHOP,True,3,130.782,128.8203,130.99,50,0.16,0.11,False
PAA,23.86,BASING,0.0,0,20,20,24.49,24.34,15,daily,2.01,60 bear-built-above · rel-vol 0.7x · regime CHOP,False,22,23.86,23.5021,24.49,279,2.64,1.76,False
PAAI,1.4003,BASING,0.0,0,8,8,1.58,1.5601,2,10m,11.41,6 bear-built-above · rel-vol 0.1x · regime CHOP,False,8,1.4003,1.3793,1.58,4760,12.83,8.56,False
PAAS,46.46,BASING,0.0,0,15,15,52.06,50.93,114,daily,9.62,35 bear-built-above · rel-vol 0.8x · regime CHOP,False,15,46.46,45.7631,52.06,143,12.05,8.04,False
PAGP,25.8531,BASING,0.0,0,20,20,27.67,27.55,13,weekly,6.56,34 bear-built-above · rel-vol 1.1x · regime CHOP,False,21,25.8531,25.4653,27.67,257,7.03,4.69,False
PANW,387.0,BASING,0.0,0,20,20,391.65,390.1,155,30m,0.8,26 bear-built-above · rel-vol 0.7x · regime CHOP,True,21,387.0,381.195,391.65,17,1.2,0.8,False
PARR,78.5,BASING,0.0,0,20,20,84.37,83.45,93,weekly,6.31,16 bear-built-above · rel-vol 0.8x · regime CHOP,False,20,78.5,77.3225,84.37,84,7.48,4.99,False
PATH,12.31,BASING,0.0,0,19,19,12.46,12.32,15,weekly,0.08,22 bear-built-above · rel-vol 0.6x · regime CHOP,False,19,12.31,12.1254,12.46,541,1.22,0.81,False
PAY,30.0,BASING,0.0,0,20,20,32.3,32.27,3,daily,7.57,13 bear-built-above · rel-vol 0.7x · regime CHOP,False,24,30.0,29.55,32.3,222,7.67,5.11,False
PAYC,218.58,BASING,0.0,0,20,20,250.85,248.13,272,daily,13.52,20 bear-built-above · rel-vol 1.0x · regime CHOP,False,25,218.58,215.3013,250.85,30,14.76,9.84,False
PBF,75.86,BASING,0.0,0,8,8,80.53,80.31,22,1h,5.87,1 bear-built-above · rel-vol 0.6x · regime CHOP,False,8,75.86,74.7221,80.53,87,6.16,4.1,False
PBR,20.63,BASING,0.0,0,20,20,22.01,21.77,25,daily,5.53,8 bear-built-above · rel-vol 0.8x · regime CHOP,False,20,20.63,20.3205,22.01,323,6.69,4.46,False
PCG,12.18,BASING,0.0,0,20,20,16.6,13.27,334,daily,8.95,39 bear-built-above · rel-vol 0.9x · regime CHOP,False,20,12.18,11.9973,16.6,547,36.29,24.19,False
PCLA,6.93,BASING,0.0,0,20,20,10.11,7.75,236,daily,11.83,19 bear-built-above · rel-vol 0.1x · regime CHOP,False,20,6.93,6.826,10.11,962,45.89,30.59,False
PCOR,49.54,BASING,0.0,0,15,15,56.07,55.7,37,45m,12.43,5 bear-built-above · rel-vol 1.5x · regime CHOP,False,15,49.54,48.7969,56.07,134,13.18,8.79,False
PCTY,142.51,BASING,0.0,0,15,15,152.25,150.95,131,weekly,5.92,3 bear-built-above · rel-vol 0.9x · regime CHOP,False,18,142.51,140.3723,152.25,46,6.83,4.56,False
PD,14.99,BASING,0.0,0,5,5,15.44,15.36,9,weekly,2.47,rel-vol 1.0x · regime CHOP,False,8,14.99,14.7652,15.44,444,3.0,2.0,False
PDFS,49.77,BASING,0.0,0,20,20,55.52,53.37,216,weekly,7.23,5 bear-built-above · rel-vol 0.9x · regime CHOP,False,20,49.77,49.0235,55.52,133,11.55,7.7,False
PEGA,32.342,BASING,0.0,0,20,20,33.745,32.97,78,weekly,1.94,31 bear-built-above · rel-vol 0.6x · regime CHOP,False,20,32.342,31.8569,33.745,206,4.34,2.89,False
PENG,56.21,BASING,0.0,0,17,17,65.97,62.67,330,daily,11.49,6 bear-built-above · rel-vol 0.8x · regime CHOP,True,19,56.21,55.3668,65.97,118,17.36,11.58,False
PFE,28.79,BASING,0.0,0,14,14,29.5,29.48,2,daily,2.4,13 bear-built-above · rel-vol 1.0x · regime CHOP,False,17,28.79,28.3581,29.5,231,2.47,1.64,False
PGEN,8.0701,BASING,0.0,0,5,5,8.09,8.079,2,45m,0.11,5 bear-built-above · rel-vol 1.0x · regime CHOP,False,5,8.0701,7.949,8.09,826,0.25,0.16,False
PGNY,24.79,BASING,0.0,0,20,20,30.21,28.1,211,daily,13.35,57 bear-built-above · rel-vol 1.3x · regime CHOP,False,22,24.79,24.4181,30.21,268,21.86,14.58,False
PGR,210.52,BASING,0.0,0,20,20,240.0,237.93,207,weekly,13.02,13 bear-built-above · rel-vol 1.0x · regime CHOP,False,21,210.52,207.3622,240.0,31,14.0,9.34,False
PGY,17.47,BASING,0.0,0,14,14,19.8499,19.81,4,10m,13.39,10 bear-built-above · rel-vol 1.1x · regime CHOP,False,14,17.47,17.208,19.8499,381,13.62,9.08,False
PI,176.45,BASING,0.0,0,20,20,199.54,192.28,726,daily,8.97,28 bear-built-above · rel-vol 0.5x · regime CHOP,False,22,176.45,173.8032,199.54,37,13.09,8.72,False
PL,16.43,BASING,0.0,0,13,13,17.43,17.17,26,daily,4.5,9 bear-built-above · rel-vol 0.8x · regime CHOP,False,13,16.43,16.1836,17.43,405,6.09,4.06,False
PLAG,0.7,BASING,0.0,0,16,16,0.76,0.7495,2,daily,7.07,22 bear-built-above · rel-vol 0.0x · regime CHOP,False,16,0.7,0.6895,0.76,9523,8.57,5.71,False
PLAY,6.5,BASING,0.0,0,20,20,6.62,6.59,4,weekly,1.38,33 bear-built-above · rel-vol 0.4x · regime CHOP,False,20,6.5,6.4025,6.62,1025,1.85,1.23,False
PLGO,23.88,BASING,0.0,0,20,20,26.54,25.51,103,30m,6.83,3 bear-built-above · rel-vol 0.8x · regime CHOP,False,20,23.88,23.5218,26.54,279,11.14,7.43,False
PLMR,123.18,BASING,0.0,0,20,20,137.36,136.0,137,daily,10.41,86 bear-built-above · rel-vol 0.9x · regime CHOP,False,20,123.18,121.3323,137.36,54,11.51,7.67,False
PLNT,40.77,BASING,0.0,0,20,20,63.96,44.83,1914,daily,9.96,26 bear-built-above · rel-vol 1.0x · regime CHOP,False,20,40.77,40.1585,63.96,163,56.88,37.92,False
PLSE,49.5,BASING,0.0,0,20,20,53.98,52.24,174,1h,5.54,22 bear-built-above · rel-vol 0.7x · regime CHOP,False,20,49.5,48.7575,53.98,134,9.05,6.03,False
PLTD,4.78,BASING,0.0,0,20,20,5.08,5.04,5,weekly,5.44,45 bear-built-above · rel-vol 0.7x · regime CHOP,False,20,4.78,4.7083,5.08,1394,6.28,4.18,False
PLTR,186.85,BASING,0.0,0,20,20,205.045,192.07,1298,daily,2.79,23 bear-built-above · rel-vol 0.6x · regime CHOP,False,21,186.85,184.0472,205.045,35,9.74,6.49,False
PLTZ,7.97,BASING,0.0,0,20,20,8.89,8.77,13,weekly,10.04,16 bear-built-above · rel-vol 0.4x · regime CHOP,False,20,7.97,7.8504,8.89,836,11.54,7.7,False
PMI,4.7397,BASING,0.0,0,20,20,4.91,4.78,13,1h,0.85,24 bear-built-above · rel-vol 0.1x · regime CHOP,False,20,4.7397,4.6686,4.91,1406,3.59,2.4,False
PNR,53.47,BASING,0.0,0,20,20,61.67,61.14,54,weekly,14.34,26 bear-built-above · rel-vol 0.7x · regime CHOP,False,20,53.47,52.6679,61.67,124,15.34,10.22,False
PODD,132.84,BASING,0.0,0,20,20,166.34,133.26,3309,daily,0.32,27 bear-built-above · rel-vol 0.9x · regime CHOP,False,20,132.84,130.8474,166.34,50,25.22,16.81,False
POET,7.71,BASING,0.0,0,20,20,9.4,8.78,63,daily,13.88,28 bear-built-above · rel-vol 0.8x · regime CHOP,False,20,7.71,7.5943,9.4,864,21.92,14.61,False
POOL,162.52,BASING,0.0,0,20,20,188.07,185.94,213,weekly,14.41,48 bear-built-above · rel-vol 0.7x · regime CHOP,False,20,162.52,160.0822,188.07,41,15.72,10.48,False
POST,73.43,BASING,0.0,0,20,20,84.64,84.39,25,weekly,14.93,22 bear-built-above · rel-vol 0.8x · regime CHOP,False,20,73.43,72.3286,84.64,90,15.27,10.18,False
POWI,51.08,BASING,0.0,0,16,16,55.18,54.66,53,weekly,7.01,16 bear-built-above · rel-vol 1.3x · regime CHOP,False,16,51.08,50.3138,55.18,130,8.03,5.35,False
POWL,189.0,BASING,0.0,0,20,20,197.67,194.47,320,weekly,2.89,27 bear-built-above · rel-vol 0.6x · regime CHOP,False,20,189.0,186.165,197.67,35,4.59,3.06,False
PPC,27.34,BASING,0.0,0,20,20,31.69,31.37,33,weekly,14.74,34 bear-built-above · rel-vol 1.1x · regime CHOP,False,20,27.34,26.9299,31.69,243,15.91,10.61,False
PPLI,40.74,BASING,0.0,0,20,20,41.58,41.51,8,weekly,1.89,rel-vol 1.5x · regime CHOP,False,20,40.74,40.1289,41.58,163,2.06,1.37,False
PR,21.2465,BASING,0.0,0,20,20,22.76,22.53,24,weekly,6.04,36 bear-built-above · rel-vol 0.8x · regime CHOP,False,20,21.2465,20.9278,22.76,313,7.12,4.75,False
PRAX,281.0843,BASING,0.0,0,17,17,297.08,296.81,27,1h,5.59,19 bear-built-above · rel-vol 0.8x · regime CHOP,False,17,281.0843,276.868,297.08,23,5.69,3.79,False
PRCH,16.55,BASING,0.0,0,14,14,17.88,17.7,18,daily,6.95,4 bear-built-above · rel-vol 1.2x · regime CHOP,True,15,16.55,16.3018,17.88,402,8.04,5.36,False
PRGO,15.0,BASING,0.0,0,12,12,20.19,16.995,320,daily,13.3,11 bear-built-above · rel-vol 0.9x · regime CHOP,False,14,15.0,14.775,20.19,444,34.6,23.07,False
PRIM,74.6,BASING,0.0,0,20,20,101.99,84.95,1704,daily,13.87,13 bear-built-above · rel-vol 1.3x · regime CHOP,False,20,74.6,73.481,101.99,89,36.72,24.48,False
PS,53.43,BASING,0.0,0,20,20,59.2971,58.85,45,30m,10.14,38 bear-built-above · rel-vol 0.4x · regime CHOP,False,20,53.43,52.6285,59.2971,124,10.98,7.32,False
PSI,151.4,BASING,0.0,0,20,20,159.42,154.31,511,weekly,1.92,13 bear-built-above · rel-vol 0.4x · regime CHOP,True,20,151.4,149.129,159.42,44,5.3,3.53,False
PSIX,47.1,BASING,0.0,0,6,6,47.21,47.14,8,1m,0.08,6 bear-built-above · rel-vol 0.6x · regime CHOP,False,7,47.1,46.3935,47.21,141,0.23,0.16,False
PSKY,10.0,BASING,0.0,0,18,18,11.99,11.49,50,weekly,14.9,24 bear-built-above · rel-vol 0.8x · regime CHOP,False,18,10.0,9.85,11.99,666,19.9,13.27,False
PSN,41.55,BASING,0.0,0,20,20,60.26,46.99,1327,daily,13.09,31 bear-built-above · rel-vol 0.8x · regime CHOP,False,20,41.55,40.9267,60.26,160,45.03,30.02,False
PSNL,16.36,BASING,0.0,0,20,20,17.8,17.5,31,1h,6.97,12 bear-built-above · rel-vol 0.5x · regime CHOP,False,20,16.36,16.1146,17.8,407,8.8,5.87,False
PSX,252.197,BASING,0.0,0,20,20,272.24,269.36,288,daily,6.81,39 bear-built-above · rel-vol 0.6x · regime CHOP,False,20,252.197,248.414,272.24,26,7.95,5.3,False
PTCT,64.8398,BASING,0.0,0,19,19,69.3,67.81,149,weekly,4.58,20 bear-built-above · rel-vol 0.7x · regime CHOP,False,19,64.8398,63.8672,69.3,102,6.88,4.59,False
PTEN,10.4972,BASING,0.0,0,19,19,11.78,11.64,14,weekly,10.89,60 bear-built-above · rel-vol 1.0x · regime CHOP,False,19,10.4972,10.3397,11.78,635,12.22,8.15,False
PTGX,140.97,BASING,0.0,0,20,20,144.64,144.27,37,daily,2.34,25 bear-built-above · rel-vol 0.7x · regime CHOP,False,23,140.97,138.8554,144.64,47,2.6,1.74,False
PURR,11.9,BASING,0.0,0,20,20,12.85,12.51,34,weekly,5.13,29 bear-built-above · rel-vol 0.6x · regime CHOP,False,21,11.9,11.7215,12.85,560,7.98,5.32,False
PVH,75.6,BASING,0.0,0,16,16,97.18,78.16,1903,daily,3.39,5 bear-built-above · rel-vol 0.7x · regime CHOP,False,16,75.6,74.466,97.18,88,28.54,19.03,False
PWP,16.45,BASING,0.0,0,17,17,17.5,17.38,13,weekly,5.65,9 bear-built-above · rel-vol 6.0x · regime CHOP,False,17,16.45,16.2033,17.5,405,6.38,4.26,False
PWR,652.0,BASING,0.0,0,20,20,677.41,672.32,509,daily,3.12,7 bear-built-above · rel-vol 0.9x · regime CHOP,True,20,652.0,642.22,677.41,10,3.9,2.6,False
PYPL,53.96,BASING,0.0,0,18,18,54.28,54.11,18,daily,0.28,24 bear-built-above · rel-vol 0.6x · regime CHOP,False,18,53.96,53.1506,54.28,123,0.59,0.4,False
Q,125.61,BASING,0.0,0,15,15,128.88,126.74,215,weekly,0.9,7 bear-built-above · rel-vol 0.4x · regime CHOP,False,15,125.61,123.7258,128.88,53,2.6,1.74,False
QBTS,16.51,BASING,0.0,0,17,17,17.41,17.01,40,weekly,3.03,16 bear-built-above · rel-vol 0.9x · regime CHOP,False,17,16.51,16.2624,17.41,403,5.45,3.63,False
QCOM,183.9969,BASING,0.0,0,20,20,221.9,207.34,1457,daily,12.69,34 bear-built-above · rel-vol 0.7x · regime CHOP,False,23,183.9969,181.2369,221.9,36,20.6,13.73,False
QFIN,6.81,BASING,0.0,0,20,20,7.3,7.23,7,weekly,6.17,37 bear-built-above · rel-vol 1.3x · regime CHOP,False,20,6.81,6.7078,7.3,978,7.2,4.8,False
QGEN,44.4,BASING,0.0,0,19,19,50.41,49.47,94,weekly,11.42,15 bear-built-above · rel-vol 2.2x · regime CHOP,False,20,44.4,43.734,50.41,150,13.54,9.02,False
QLD,95.26,BASING,0.0,0,20,20,100.0,99.02,99,daily,3.95,43 bear-built-above · rel-vol 0.8x · regime CHOP,True,21,95.26,93.8311,100.0,69,4.98,3.32,False
QLYS,178.35,BASING,0.0,0,20,20,182.94,182.1,85,daily,2.1,23 bear-built-above · rel-vol 0.7x · regime CHOP,False,21,178.35,175.6747,182.94,37,2.57,1.72,False
QMCO,32.8294,BASING,0.0,0,16,16,45.11,33.07,1204,daily,0.73,20 bear-built-above · rel-vol 1.2x · regime CHOP,False,16,32.8294,32.337,45.11,203,37.41,24.94,False
QNC,1.78,BASING,0.0,0,2,2,1.8,1.7945,1,5m,0.81,2 bear-built-above · rel-vol 2.9x · regime CHOP,False,2,1.78,1.7533,1.8,3745,1.12,0.75,False
QNST,14.44,BASING,0.0,0,14,14,15.28,15.22,6,daily,5.4,14 bear-built-above · rel-vol 0.8x · regime CHOP,False,16,14.44,14.2234,15.28,461,5.82,3.88,False
QNT,48.98,BASING,0.0,0,20,20,49.53,49.0,54,weekly,0.04,23 bear-built-above · rel-vol 1.0x · regime CHOP,False,20,48.98,48.2453,49.53,136,1.12,0.75,False
QRVO,116.75,BASING,0.0,0,19,19,117.97,117.81,16,weekly,0.91,19 bear-built-above · rel-vol 0.5x · regime CHOP,False,20,116.75,114.9988,117.97,57,1.04,0.7,False
QS,4.59,BASING,0.0,0,20,20,4.91,4.83,9,weekly,5.23,25 bear-built-above · rel-vol 1.1x · regime CHOP,False,20,4.59,4.5211,4.91,1452,6.97,4.65,False
QTWO,55.12,BASING,0.0,0,20,20,56.13,55.31,83,weekly,0.34,34 bear-built-above · rel-vol 0.9x · regime CHOP,False,23,55.12,54.2932,56.13,120,1.83,1.22,False
QUBT,8.48,BASING,0.0,0,20,20,8.96,8.82,15,weekly,4.01,23 bear-built-above · rel-vol 0.6x · regime CHOP,False,23,8.48,8.3528,8.96,786,5.66,3.77,False
QURE,24.65,BASING,0.0,0,4,4,61.65,27.79,3386,weekly,12.74,2 bear-built-above · rel-vol 10.5x · regime CHOP,False,5,24.65,24.2802,61.65,270,150.1,100.07,False
QXO,11.81,BASING,0.0,0,19,19,12.24,12.12,13,daily,2.62,35 bear-built-above · rel-vol 1.2x · regime CHOP,False,21,11.81,11.6328,12.24,564,3.64,2.43,False
RAL,69.98,BASING,0.0,0,12,12,71.97,71.24,74,daily,1.8,1 bear-built-above · rel-vol 0.5x · regime CHOP,False,12,69.98,68.9303,71.97,95,2.84,1.9,False
RAM,13.96,BASING,0.0,0,20,20,18.0,14.8,320,weekly,6.02,16 bear-built-above · rel-vol 0.7x · regime CHOP,False,20,13.96,13.7506,18.0,477,28.94,19.29,False
RARE,15.04,BASING,0.0,0,12,12,15.35,15.34,1,1m,1.99,12 bear-built-above · rel-vol 0.8x · regime CHOP,False,12,15.04,14.8144,15.35,443,2.06,1.37,False
RBA,81.39,BASING,0.0,0,20,20,82.49,81.87,62,weekly,0.59,24 bear-built-above · rel-vol 0.7x · regime CHOP,False,20,81.39,80.1692,82.49,81,1.35,0.9,False
RBC,501.94,BASING,0.0,0,20,20,520.54,517.01,353,daily,3.0,8 bear-built-above · rel-vol 0.8x · regime CHOP,False,20,501.94,494.4109,520.54,13,3.71,2.47,False
RBLX,42.3,BASING,0.0,0,20,20,46.44,43.6,284,weekly,3.07,25 bear-built-above · rel-vol 1.6x · regime CHOP,False,21,42.3,41.6655,46.44,157,9.79,6.52,False
RBRK,114.74,BASING,0.0,0,4,4,115.69,115.57,13,10m,0.72,4 bear-built-above · rel-vol 0.6x · regime CHOP,False,4,114.74,113.0189,115.69,58,0.83,0.55,False
RCEL,11.911,BASING,0.0,0,3,3,11.97,11.96,1,1h,0.41,3 bear-built-above · rel-vol 0.8x · regime CHOP,True,3,11.911,11.7323,11.97,559,0.5,0.33,False
RDAC,5.6,BASING,0.0,0,6,6,6.29,6.05,25,daily,8.04,3 bear-built-above · rel-vol 0.0x · regime CHOP,False,8,5.6,5.516,6.29,1190,12.32,8.21,False
RDDT,146.12,BASING,0.0,0,20,20,149.84,149.0,85,weekly,1.97,46 bear-built-above · rel-vol 1.0x · regime CHOP,False,20,146.12,143.9282,149.84,45,2.55,1.7,False
RDNT,70.4213,BASING,0.0,0,20,20,70.79,70.65,15,weekly,0.32,41 bear-built-above · rel-vol 0.6x · regime CHOP,False,21,70.4213,69.365,70.79,94,0.52,0.35,False
RDW,10.76,BASING,0.0,0,13,13,12.4,12.29,12,daily,14.22,11 bear-built-above · rel-vol 1.1x · regime CHOP,False,13,10.76,10.5986,12.4,619,15.24,10.16,False
REAX,16.15,BASING,0.0,0,20,20,17.61,17.37,24,daily,7.55,13 bear-built-above · rel-vol 0.5x · regime CHOP,False,20,16.15,15.9077,17.61,412,9.04,6.03,False
REGN,750.25,BASING,0.0,0,20,20,786.03,778.09,794,weekly,3.71,36 bear-built-above · rel-vol 1.1x · regime CHOP,False,20,750.25,738.9963,786.03,8,4.77,3.18,False
REI,1.2898,BASING,0.0,0,19,19,1.69,1.36,33,daily,5.44,10 bear-built-above · rel-vol 0.8x · regime CHOP,False,19,1.2898,1.2705,1.69,5168,31.03,20.69,False
RELY,21.79,BASING,0.0,0,20,20,24.07,23.86,22,daily,9.5,6 bear-built-above · rel-vol 0.7x · regime CHOP,False,20,21.79,21.4631,24.07,305,10.46,6.98,False
REPL,13.0,BASING,0.0,0,19,19,15.04,14.9,14,weekly,14.62,4 bear-built-above · rel-vol 2.1x · regime CHOP,False,19,13.0,12.805,15.04,512,15.69,10.46,False
RETO,0.0921,BASING,0,0,0,0,,,,,0,rel-vol 1.1x · regime CHOP,False,0,0.0921,0.0907,0.1013,72385,10.0,6.67,False
REZI,18.12,BASING,0.0,0,20,20,19.64,19.48,17,daily,7.51,25 bear-built-above · rel-vol 0.7x · regime CHOP,False,20,18.12,17.8482,19.64,367,8.39,5.59,False
RF,26.89,BASING,0.0,0,20,20,27.62,27.57,6,weekly,2.53,49 bear-built-above · rel-vol 1.5x · regime CHOP,False,21,26.89,26.4867,27.62,247,2.71,1.81,False
RGEN,194.57,BASING,0.0,0,9,9,197.24,197.11,13,30m,1.31,9 bear-built-above · rel-vol 1.1x · regime CHOP,True,11,194.57,191.6514,197.24,34,1.37,0.91,False
RGTI,15.77,BASING,0.0,0,19,19,17.91,17.495,42,weekly,10.94,17 bear-built-above · rel-vol 0.8x · regime CHOP,False,19,15.77,15.5335,17.91,422,13.57,9.05,False
RH,122.6838,BASING,0.0,0,17,17,124.17,122.75,143,weekly,0.05,49 bear-built-above · rel-vol 0.6x · regime CHOP,False,17,122.6838,120.8435,124.17,54,1.21,0.81,False
RHI,36.88,BASING,0.0,0,20,20,42.58,41.94,65,weekly,13.72,3 bear-built-above · rel-vol 0.7x · regime CHOP,False,24,36.88,36.3268,42.58,180,15.46,10.3,False
RIG,5.22,BASING,0.0,0,16,16,5.64,5.62,2,weekly,7.66,21 bear-built-above · rel-vol 0.9x · regime CHOP,False,16,5.22,5.1417,5.64,1277,8.05,5.36,False
RING,77.71,BASING,0.0,0,20,20,81.35,77.76,359,weekly,0.06,39 bear-built-above · rel-vol 0.5x · regime CHOP,False,24,77.71,76.5443,81.35,85,4.68,3.12,False
RIOT,21.55,BASING,0.0,0,20,20,23.0,22.5,50,weekly,4.41,33 bear-built-above · rel-vol 0.7x · regime CHOP,True,21,21.55,21.2267,23.0,309,6.73,4.49,False
RIVN,15.06,BASING,0.0,0,17,17,15.45,15.26,19,daily,1.33,15 bear-built-above · rel-vol 1.4x · regime CHOP,False,17,15.06,14.8341,15.45,442,2.59,1.73,False
RKLB,70.33,BASING,0.0,0,16,16,81.01,79.16,186,daily,12.56,11 bear-built-above · rel-vol 1.0x · regime CHOP,False,16,70.33,69.275,81.01,94,15.19,10.12,False
RKLX,17.32,BASING,0.0,0,18,18,19.67,19.6274,5,30m,13.32,21 bear-built-above · rel-vol 0.7x · regime CHOP,False,18,17.32,17.0602,19.67,384,13.57,9.05,False
RKT,11.95,BASING,0.0,0,20,20,13.18,13.0,18,weekly,8.79,28 bear-built-above · rel-vol 1.0x · regime CHOP,False,20,11.95,11.7707,13.18,557,10.29,6.86,False
RL,355.92,BASING,0.0,0,17,17,388.92,384.91,401,weekly,8.15,5 bear-built-above · rel-vol 0.6x · regime CHOP,True,17,355.92,350.5812,388.92,18,9.27,6.18,False
RLAY,18.23,BASING,0.0,0,20,20,20.175,19.95,23,daily,9.43,19 bear-built-above · rel-vol 1.0x · regime CHOP,False,20,18.23,17.9566,20.175,365,10.67,7.11,False
RMBS,103.34,BASING,0.0,0,20,20,112.1,108.49,361,weekly,4.98,14 bear-built-above · rel-vol 0.5x · regime CHOP,False,20,103.34,101.7899,112.1,64,8.48,5.65,False
RMD,222.83,BASING,0.0,0,20,20,252.87,250.08,279,weekly,12.23,2 bear-built-above · rel-vol 0.8x · regime CHOP,False,20,222.83,219.4875,252.87,29,13.48,8.99,False
RNG,74.7,BASING,0.0,0,20,20,76.16,76.13,4,daily,1.91,44 bear-built-above · rel-vol 0.9x · regime CHOP,True,20,74.7,73.5795,76.16,89,1.95,1.3,False
ROAD,91.9,BASING,0.0,0,18,18,99.67,96.58,310,weekly,5.09,24 bear-built-above · rel-vol 1.5x · regime CHOP,False,18,91.9,90.5215,99.67,72,8.45,5.64,False
ROBN,35.67,BASING,0.0,0,20,20,38.33,37.29,104,daily,4.54,30 bear-built-above · rel-vol 0.4x · regime CHOP,False,25,35.67,35.135,38.33,186,7.46,4.97,False
ROIV,36.75,BASING,0.0,0,20,20,39.77,39.02,75,weekly,6.18,33 bear-built-above · rel-vol 0.7x · regime CHOP,False,20,36.75,36.1987,39.77,181,8.22,5.48,False
RPD,11.7103,BASING,0.0,0,20,20,12.55,12.27,29,4h,4.78,17 bear-built-above · rel-vol 0.5x · regime CHOP,False,20,11.7103,11.5346,12.55,569,7.17,4.78,False
RRR,48.85,BASING,0.0,0,19,19,52.79,52.43,36,daily,7.33,55 bear-built-above · rel-vol 0.9x · regime CHOP,False,19,48.85,48.1172,52.79,136,8.07,5.38,False
RRX,155.89,BASING,0.0,0,20,20,162.29,156.05,624,weekly,0.1,17 bear-built-above · rel-vol 0.6x · regime CHOP,False,20,155.89,153.5516,162.29,42,4.11,2.74,False
RSKD,7.6193,BASING,0.0,0,20,20,7.78,7.72,7,daily,1.32,25 bear-built-above · rel-vol 0.9x · regime CHOP,False,20,7.6193,7.505,7.78,874,2.11,1.41,False
RUM,7.78,BASING,0.0,0,19,19,8.36,8.13,23,weekly,4.5,32 bear-built-above · rel-vol 0.6x · regime CHOP,False,20,7.78,7.6633,8.36,856,7.46,4.97,False
RUN,7.74,BASING,0.0,0,20,20,8.11,7.96,15,weekly,2.84,37 bear-built-above · rel-vol 1.1x · regime CHOP,False,20,7.74,7.6239,8.11,861,4.78,3.19,False
RVMD,204.0913,BASING,0.0,0,10,10,216.6193,216.25,37,45m,5.96,7 bear-built-above · rel-vol 0.9x · regime CHOP,True,10,204.0913,201.0299,216.6193,32,6.14,4.09,False
RVTY,152.75,BASING,0,0,0,0,,,,,0,rel-vol 0.7x · regime CHOP,True,0,152.75,150.4588,168.025,43,10.0,6.67,False
RXRX,4.01,BASING,0.0,0,9,9,4.19,4.12,8,weekly,2.74,4 bear-built-above · rel-vol 1.1x · regime CHOP,True,12,4.01,3.9498,4.19,1662,4.49,2.99,False
RXT,3.9992,BASING,0.0,0,3,3,4.1697,4.16,1,5m,4.02,3 bear-built-above · rel-vol 0.7x · regime CHOP,False,3,3.9992,3.9392,4.1697,1667,4.26,2.84,False
RYAN,37.85,BASING,0.0,0,20,20,41.91,41.27,64,weekly,9.04,10 bear-built-above · rel-vol 0.5x · regime CHOP,False,20,37.85,37.2822,41.91,176,10.73,7.15,False
RYTM,95.71,BASING,0.0,0,18,18,107.17,106.01,116,weekly,10.76,39 bear-built-above · rel-vol 1.2x · regime CHOP,False,18,95.71,94.2743,107.17,69,11.97,7.98,False
RZLV,2.11,BASING,0.0,0,19,19,2.18,2.155,3,weekly,2.13,19 bear-built-above · rel-vol 0.6x · regime CHOP,False,19,2.11,2.0783,2.18,3159,3.32,2.21,False
S,23.36,BASING,0.0,0,10,10,28.26,24.99,328,daily,6.98,9 bear-built-above · rel-vol 0.8x · regime CHOP,False,12,23.36,23.0096,28.26,285,20.98,13.98,False
SABR,2.1199,BASING,0.0,0,20,20,2.99,2.21,79,daily,4.25,32 bear-built-above · rel-vol 0.9x · regime CHOP,False,20,2.1199,2.0881,2.99,3144,41.04,27.36,False
SAIA,336.32,BASING,0.0,0,18,18,394.44,382.92,1152,daily,13.86,42 bear-built-above · rel-vol 0.6x · regime CHOP,False,18,336.32,331.2752,394.44,19,17.28,11.52,False
SAIL,20.6,BASING,0.0,0,20,20,22.78,22.72,7,daily,10.29,19 bear-built-above · rel-vol 0.6x · regime CHOP,False,21,20.6,20.291,22.78,323,10.58,7.06,False
SAM,162.49,BASING,0.0,0,20,20,163.77,162.69,109,weekly,0.12,51 bear-built-above · rel-vol 0.9x · regime CHOP,False,20,162.49,160.0526,163.77,41,0.79,0.53,False
SANM,222.0,BASING,0.0,0,16,16,224.77,224.42,36,daily,1.09,14 bear-built-above · rel-vol 1.0x · regime CHOP,True,16,222.0,218.67,224.77,30,1.25,0.83,False
SBET,9.37,BASING,0.0,0,19,19,9.63,9.5,14,weekly,1.39,33 bear-built-above · rel-vol 0.7x · regime CHOP,False,19,9.37,9.2294,9.63,711,2.77,1.85,False
SBEV,0.4201,BASING,0.0,0,2,2,0.43,0.4222,1,45m,0.5,rel-vol 0.2x · regime CHOP,False,2,0.4201,0.4138,0.43,15869,2.36,1.57,False
SBLK,29.46,BASING,0.0,0,20,20,31.73,31.135,60,daily,5.69,63 bear-built-above · rel-vol 0.8x · regime CHOP,False,24,29.46,29.0181,31.73,226,7.71,5.14,False
SCCO,202.55,BASING,0.0,0,20,20,206.14,203.6125,253,45m,0.52,28 bear-built-above · rel-vol 0.8x · regime CHOP,False,20,202.55,199.5118,206.14,32,1.77,1.18,False
SCNI,1.35,BASING,0.0,0,15,15,1.415,1.38,4,1m,2.22,7 bear-built-above · rel-vol 0.0x · regime CHOP,False,15,1.35,1.3297,1.415,4938,4.81,3.21,False
SCTX,23.04,BASING,0.0,0,15,15,26.53,26.27,27,daily,14.02,10 bear-built-above · rel-vol 1.6x · regime CHOP,False,15,23.04,22.6944,26.53,289,15.15,10.1,False
SDEV,2.9205,BASING,0.0,0,4,4,3.29,3.28,2,10m,12.31,1 bear-built-above · rel-vol 16.2x · regime CHOP,False,4,2.9205,2.8767,3.29,2282,12.65,8.43,False
SDGR,31.17,BASING,0,0,0,0,,,,,0,rel-vol 0.8x · regime CHOP,True,0,31.17,30.7025,34.287,213,10.0,6.67,False
SDOW,25.14,BASING,0.0,0,18,18,25.95,25.38,58,weekly,0.95,55 bear-built-above · rel-vol 1.0x · regime CHOP,False,20,25.14,24.7629,25.95,265,3.22,2.15,False
SDRL,44.57,BASING,0.0,0,20,20,45.58,44.85,73,daily,0.63,53 bear-built-above · rel-vol 1.0x · regime CHOP,False,20,44.57,43.9014,45.58,149,2.27,1.51,False
SDST,0.1033,BASING,0.0,0,5,5,0.1094,0.1092,1,1m,5.71,5 bear-built-above · rel-vol 0.2x · regime CHOP,False,5,0.1033,0.1018,0.1094,64536,5.86,3.9,False
SE,99.39,BASING,0.0,0,18,18,106.24,104.54,170,weekly,5.18,40 bear-built-above · rel-vol 1.5x · regime CHOP,False,21,99.39,97.8992,106.24,67,6.89,4.59,False
SECZ,15.7,BASING,0.0,0,20,20,16.7,16.59,11,30m,5.67,27 bear-built-above · rel-vol 0.8x · regime CHOP,True,20,15.7,15.4645,16.7,424,6.37,4.25,False
SEDG,31.675,BASING,0.0,0,16,16,33.35,32.22,114,daily,1.72,40 bear-built-above · rel-vol 0.9x · regime CHOP,False,16,31.675,31.1999,33.35,210,5.29,3.53,False
SEI,67.5,BASING,0.0,0,9,9,76.8,76.6,21,weekly,13.48,7 bear-built-above · rel-vol 0.8x · regime CHOP,False,9,67.5,66.4875,76.8,98,13.78,9.19,False
SEPN,39.13,BASING,0.0,0,20,20,43.93,43.15,79,daily,10.27,12 bear-built-above · rel-vol 1.7x · regime CHOP,False,20,39.13,38.5431,43.93,170,12.27,8.18,False
SES,0.538,BASING,0.0,0,20,20,0.5953,0.5845,2,30m,8.64,21 bear-built-above · rel-vol 0.8x · regime CHOP,False,21,0.538,0.5299,0.5953,12391,10.65,7.1,False
SEZL,107.5,BASING,0.0,0,20,20,111.38,110.45,93,weekly,2.74,40 bear-built-above · rel-vol 0.7x · regime CHOP,False,20,107.5,105.8875,111.38,62,3.61,2.41,False
SFM,64.7018,BASING,0.0,0,19,19,73.46,72.63,83,daily,12.25,34 bear-built-above · rel-vol 0.9x · regime CHOP,False,19,64.7018,63.7313,73.46,103,13.54,9.02,False
SG,8.71,BASING,0.0,0,14,14,12.57,9.74,283,daily,11.83,5 bear-built-above · rel-vol 1.4x · regime CHOP,False,16,8.71,8.5794,12.57,765,44.32,29.54,False
SGHC,11.6,BASING,0.0,0,20,20,12.68,12.5,18,weekly,7.76,30 bear-built-above · rel-vol 1.3x · regime CHOP,False,22,11.6,11.426,12.68,574,9.31,6.21,False
SGI,62.26,BASING,0.0,0,19,19,63.92,62.77,115,weekly,0.82,22 bear-built-above · rel-vol 0.8x · regime CHOP,False,19,62.26,61.3261,63.92,107,2.67,1.78,False
SGRY,14.41,BASING,0.0,0,20,20,16.05,15.88,17,4h,10.2,29 bear-built-above · rel-vol 0.6x · regime CHOP,False,20,14.41,14.1938,16.05,462,11.38,7.59,False
SHAK,58.0,BASING,0.0,0,20,20,63.65,63.32,33,weekly,9.17,6 bear-built-above · rel-vol 1.6x · regime CHOP,False,20,58.0,57.13,63.65,114,9.74,6.49,False
SHAZ,53.6,BASING,0.0,0,19,19,54.68,54.17,51,weekly,1.06,28 bear-built-above · rel-vol 0.7x · regime CHOP,False,19,53.6,52.796,54.68,124,2.01,1.34,False
SHMD,4.49,BASING,0.0,0,8,8,5.09,5.06,4,4h,12.69,7 bear-built-above · rel-vol 1.4x · regime CHOP,False,8,4.49,4.4226,5.09,1484,13.36,8.91,False
SHOE,13.07,BASING,0.0,0,20,20,14.57,14.405,17,4h,10.21,16 bear-built-above · rel-vol 0.6x · regime CHOP,False,20,13.07,12.874,14.57,510,11.48,7.65,False
SHOP,149.09,BASING,0.0,0,12,12,167.44,165.16,229,daily,10.78,rel-vol 0.8x · regime CHOP,True,13,149.09,146.8536,167.44,44,12.31,8.21,False
SIDU,1.88,BASING,0.0,0,16,16,1.995,1.99,1,30m,5.85,14 bear-built-above · rel-vol 1.2x · regime CHOP,False,16,1.88,1.8518,1.995,3546,6.12,4.08,False
SIG,104.32,BASING,0,0,0,0,,,,,0,rel-vol 0.5x · regime CHOP,True,2,104.32,102.7552,114.752,63,10.0,6.67,False
SIL,87.81,BASING,0.0,0,16,16,100.11,96.8,332,daily,10.24,56 bear-built-above · rel-vol 0.8x · regime CHOP,False,16,87.81,86.4929,100.11,75,14.01,9.34,False
SILJ,27.79,BASING,0.0,0,17,17,31.94,30.65,130,daily,10.29,45 bear-built-above · rel-vol 1.0x · regime CHOP,False,17,27.79,27.3731,31.94,239,14.93,9.96,False
SIMO,276.56,BASING,0.0,0,20,20,294.76,294.1163,65,4h,6.35,20 bear-built-above · rel-vol 0.6x · regime CHOP,True,21,276.56,272.4116,294.76,24,6.58,4.39,False
SITE,89.93,BASING,0.0,0,19,19,97.81,96.32,150,daily,7.11,46 bear-built-above · rel-vol 0.9x · regime CHOP,False,19,89.93,88.5811,97.81,74,8.76,5.84,False
SITM,651.43,BASING,0.0,0,20,20,725.0,709.92,1509,daily,8.98,22 bear-built-above · rel-vol 0.7x · regime CHOP,False,20,651.43,641.6585,725.0,10,11.29,7.53,False
SKHY,186.2955,BASING,0.0,0,20,20,188.31,186.68,163,weekly,0.21,22 bear-built-above · rel-vol 0.7x · regime CHOP,False,20,186.2955,183.5011,188.31,35,1.08,0.72,False
SKHZ,9.5,BASING,0.0,0,20,20,9.89,9.79,11,daily,3.05,16 bear-built-above · rel-vol 0.5x · regime CHOP,False,20,9.5,9.3575,9.89,701,4.11,2.74,False
SKUU,28.86,BASING,0.0,0,20,20,29.81,28.98,83,weekly,0.42,46 bear-built-above · rel-vol 0.4x · regime CHOP,False,20,28.86,28.4271,29.81,231,3.29,2.19,False
SKYQ,2.49,BASING,0.0,0,20,20,2.91,2.7,21,daily,8.43,28 bear-built-above · rel-vol 0.2x · regime CHOP,False,20,2.49,2.4527,2.91,2677,16.87,11.24,False
SLB,49.93,BASING,0.0,0,20,20,51.49,50.58,92,daily,1.3,29 bear-built-above · rel-vol 2.0x · regime CHOP,False,20,49.93,49.181,51.49,133,3.12,2.08,False
SLDE,22.5004,BASING,0.0,0,20,20,24.95,24.83,13,weekly,10.35,62 bear-built-above · rel-vol 0.7x · regime CHOP,False,20,22.5004,22.1629,24.95,296,10.89,7.26,False
SLGB,0.2653,BASING,0.0,0,15,15,0.2989,0.295,1,daily,11.19,6 bear-built-above · rel-vol 0.1x · regime CHOP,False,15,0.2653,0.2613,0.2989,25128,12.66,8.44,False
SLNH,1.2131,BASING,0.0,0,2,2,1.305,1.3,1,30m,7.16,2 bear-built-above · rel-vol 0.6x · regime CHOP,False,2,1.2131,1.1949,1.305,5495,7.58,5.05,False
SLS,11.5,BASING,0.0,0,20,20,11.59,11.51,9,weekly,0.09,17 bear-built-above · rel-vol 0.5x · regime CHOP,False,20,11.5,11.3275,11.59,579,0.78,0.52,False
SLXN,0.26,BASING,0.0,0,8,8,0.2919,0.2729,2,4h,4.96,8 bear-built-above · rel-vol 8.6x · regime CHOP,False,8,0.26,0.2561,0.2919,25641,12.27,8.18,False
SM,33.17,BASING,0.0,0,19,19,36.97,35.905,107,weekly,8.25,55 bear-built-above · rel-vol 0.8x · regime CHOP,False,20,33.17,32.6724,36.97,200,11.46,7.64,False
SMCI,41.01,BASING,0.0,0,20,20,47.42,46.9,53,daily,14.36,30 bear-built-above · rel-vol 0.7x · regime CHOP,False,22,41.01,40.3948,47.42,162,15.63,10.42,False
SMCIP,69.39,BASING,0.0,0,20,20,70.68,70.35,34,1h,1.38,24 bear-built-above · rel-vol 1.0x · regime CHOP,False,20,69.39,68.3491,70.68,96,1.86,1.24,False
SMCL,19.1,BASING,0.0,0,20,20,20.16,20.04,13,1h,4.92,43 bear-built-above · rel-vol 0.9x · regime CHOP,False,20,19.1,18.8135,20.16,349,5.55,3.7,False
SMCX,13.67,BASING,0.0,0,20,20,15.26,14.75,51,45m,7.9,40 bear-built-above · rel-vol 0.4x · regime CHOP,False,21,13.67,13.4649,15.26,487,11.63,7.75,False
SMMT,16.59,BASING,0.0,0,11,11,16.7485,16.74,1,45m,0.9,8 bear-built-above · rel-vol 3.8x · regime CHOP,True,11,16.59,16.3411,16.7485,401,0.96,0.64,False
SMR,7.84,BASING,0.0,0,20,20,8.42,8.21,21,weekly,4.72,23 bear-built-above · rel-vol 0.8x · regime CHOP,False,20,7.84,7.7224,8.42,850,7.4,4.93,False
SMTC,181.9,BASING,0.0,0,7,7,182.29,182.27,2,15m,0.2,7 bear-built-above · rel-vol 0.8x · regime CHOP,False,8,181.9,179.1715,182.29,36,0.21,0.14,False
SMU,15.62,BASING,0.0,0,20,20,18.22,17.5,72,weekly,12.04,40 bear-built-above · rel-vol 0.6x · regime CHOP,False,20,15.62,15.3857,18.22,426,16.65,11.1,False
SN,182.44,BASING,0.0,0,16,16,191.1988,190.07,113,1h,4.18,6 bear-built-above · rel-vol 0.4x · regime CHOP,False,16,182.44,179.7034,191.1988,36,4.8,3.2,False
SNAP,5.35,BASING,0.0,0,14,14,5.62,5.58,5,daily,4.3,11 bear-built-above · rel-vol 0.7x · regime CHOP,False,15,5.35,5.2697,5.62,1246,5.05,3.36,False
SNDK,1724.0,BASING,0.0,0,18,18,1777.8,1736.64,4116,weekly,0.73,32 bear-built-above · rel-vol 0.6x · regime CHOP,False,18,1724.0,1698.14,1777.8,3,3.12,2.08,False
SNDQ,10.86,BASING,0.0,0,19,19,11.815,11.8101,1,45m,8.75,13 bear-built-above · rel-vol 0.6x · regime CHOP,False,19,10.86,10.6971,11.815,613,8.79,5.86,False
SNDU,25.4,BASING,0.0,0,20,20,27.12,25.71,141,weekly,1.22,24 bear-built-above · rel-vol 0.6x · regime CHOP,False,21,25.4,25.019,27.12,262,6.77,4.51,False
SNEX,65.25,BASING,0.0,0,19,19,75.41,67.24,818,daily,3.05,30 bear-built-above · rel-vol 0.7x · regime CHOP,False,19,65.25,64.2712,75.41,102,15.57,10.38,False
SNOW,330.92,BASING,0.0,0,20,20,356.47,353.63,285,daily,6.86,17 bear-built-above · rel-vol 1.0x · regime CHOP,False,20,330.92,325.9562,356.47,20,7.72,5.15,False
SNPS,418.88,BASING,0.0,0,20,20,604.37,427.8,17657,daily,2.13,11 bear-built-above · rel-vol 0.9x · regime CHOP,False,21,418.88,412.5968,604.37,15,44.28,29.52,False
SNX,258.19,BASING,0.0,0,19,19,283.46,262.12,2134,daily,1.52,29 bear-built-above · rel-vol 0.9x · regime CHOP,False,19,258.19,254.3171,283.46,25,9.79,6.52,False
SNXX,16.44,BASING,0.0,0,19,19,17.56,16.68,88,weekly,1.46,17 bear-built-above · rel-vol 0.6x · regime CHOP,False,21,16.44,16.1934,17.56,405,6.81,4.54,False
SOAR,0.351,BASING,0.0,0,2,2,0.4011,0.401,1,1m,14.25,rel-vol 2.6x · regime CHOP,False,2,0.351,0.3457,0.4011,18993,14.27,9.52,False
SOC,3.46,BASING,0.0,0,19,19,3.97,3.88,10,daily,12.14,15 bear-built-above · rel-vol 1.6x · regime CHOP,False,19,3.46,3.4081,3.97,1926,14.74,9.83,False
SOFI,15.95,BASING,0.0,0,19,19,16.58,16.32,26,weekly,2.32,31 bear-built-above · rel-vol 0.8x · regime CHOP,False,19,15.95,15.7107,16.58,417,3.95,2.63,False
SOLS,56.345,BASING,0.0,0,19,19,61.53,60.11,143,weekly,6.68,23 bear-built-above · rel-vol 0.8x · regime CHOP,False,19,56.345,55.4998,61.53,118,9.2,6.13,False
SOLT,75.53,BASING,0.0,0,20,20,108.2,82.8,2541,weekly,9.63,47 bear-built-above · rel-vol 0.8x · regime CHOP,False,20,75.53,74.397,108.2,88,43.25,28.84,False
SOUN,5.9,BASING,0.0,0,19,19,6.05,5.94,11,weekly,0.68,27 bear-built-above · rel-vol 0.7x · regime CHOP,False,19,5.9,5.8115,6.05,1129,2.54,1.69,False
SOXS,33.4046,BASING,0.0,0,14,14,34.3595,34.31,5,10m,2.71,14 bear-built-above · rel-vol 1.2x · regime CHOP,False,14,33.4046,32.9035,34.3595,199,2.86,1.91,False
SOXX,566.33,BASING,0.0,0,19,19,653.955,607.64,4632,daily,7.29,25 bear-built-above · rel-vol 0.7x · regime CHOP,True,19,566.33,557.8351,653.955,11,15.47,10.31,False
SPAL,16.77,BASING,0.0,0,20,20,17.46,17.44,2,4h,4.0,38 bear-built-above · rel-vol 1.0x · regime CHOP,False,20,16.77,16.5184,17.46,397,4.11,2.74,False
SPAX,10.0,BASING,0.0,0,20,20,11.49,11.455,4,1h,14.55,38 bear-built-above · rel-vol 1.0x · regime CHOP,False,20,10.0,9.85,11.49,666,14.9,9.93,False
SPCE,3.05,BASING,0.0,0,20,20,3.56,3.33,23,weekly,9.18,24 bear-built-above · rel-vol 0.7x · regime CHOP,False,22,3.05,3.0042,3.56,2185,16.72,11.15,False
SPCF,16.45,BASING,0.0,0,20,20,17.07,17.06,2,4h,3.71,36 bear-built-above · rel-vol 1.2x · regime CHOP,False,20,16.45,16.2033,17.07,405,3.77,2.51,False
SPCG,15.48,BASING,0.0,0,20,20,16.66,16.65,2,4h,7.56,9 bear-built-above · rel-vol 2.2x · regime CHOP,False,20,15.48,15.2478,16.66,430,7.62,5.08,False
SPCH,9.84,BASING,0.0,0,19,19,10.7,10.68,2,4h,8.54,28 bear-built-above · rel-vol 1.0x · regime CHOP,False,20,9.84,9.6924,10.7,677,8.74,5.83,False
SPCX,149.32,BASING,0.0,0,14,14,160.42,158.92,150,daily,6.43,8 bear-built-above · rel-vol 0.9x · regime CHOP,False,15,149.32,147.0802,160.42,44,7.43,4.96,False
SPHL,2.28,BASING,0.0,0,19,19,2.4,2.3,11,4h,0.88,27 bear-built-above · rel-vol 0.0x · regime CHOP,False,19,2.28,2.2458,2.4,2923,5.26,3.51,False
SPHR,134.95,BASING,0.0,0,20,20,141.13,139.83,130,weekly,3.62,79 bear-built-above · rel-vol 0.8x · regime CHOP,False,20,134.95,132.9257,141.13,49,4.58,3.05,False
SPOT,493.66,BASING,0.0,0,19,19,508.9,507.03,188,weekly,2.71,27 bear-built-above · rel-vol 1.1x · regime CHOP,False,19,493.66,486.2551,508.9,13,3.09,2.06,False
SPSC,82.15,BASING,0.0,0,20,20,103.89,82.24,2166,daily,0.11,17 bear-built-above · rel-vol 0.7x · regime CHOP,False,23,82.15,80.9177,103.89,81,26.46,17.64,False
SQM,66.065,BASING,0.0,0,20,20,66.89,66.08,82,weekly,0.02,59 bear-built-above · rel-vol 1.0x · regime CHOP,False,20,66.065,65.074,66.89,100,1.25,0.83,False
SRAD,11.5659,BASING,0.0,0,20,20,14.54,13.02,152,weekly,12.57,18 bear-built-above · rel-vol 1.2x · regime CHOP,False,20,11.5659,11.3924,14.54,576,25.71,17.14,False
SRPT,18.64,BASING,0.0,0,20,20,36.18,21.26,1492,weekly,14.06,34 bear-built-above · rel-vol 0.5x · regime CHOP,False,20,18.64,18.3604,36.18,357,94.1,62.73,False
SRRK,47.75,BASING,0.0,0,20,20,51.85,50.775,108,daily,6.34,35 bear-built-above · rel-vol 0.5x · regime CHOP,False,21,47.75,47.0337,51.85,139,8.59,5.72,False
SRZN,31.98,BASING,0.0,0,2,2,32.15,32.09,6,1m,0.34,2 bear-built-above · rel-vol 0.7x · regime CHOP,True,2,31.98,31.5003,32.15,208,0.53,0.35,False
SSL,13.7735,BASING,0.0,0,20,20,15.11,14.53,59,1h,5.49,36 bear-built-above · rel-vol 0.6x · regime CHOP,True,21,13.7735,13.5669,15.11,484,9.7,6.47,False
SSMR,14.92,BASING,0.0,0,20,20,15.73,15.51,23,daily,3.95,18 bear-built-above · rel-vol 0.4x · regime CHOP,False,20,14.92,14.6962,15.73,446,5.43,3.62,False
SSRM,34.1357,BASING,0.0,0,20,20,38.89,37.66,124,daily,10.32,32 bear-built-above · rel-vol 0.7x · regime CHOP,False,20,34.1357,33.6237,38.89,195,13.93,9.29,False
SST,2.69,BASING,0.0,0,17,17,3.0127,2.9512,7,1h,9.71,12 bear-built-above · rel-vol 0.1x · regime CHOP,False,17,2.69,2.6496,3.0127,2478,12.0,8.0,False
STEP,43.15,BASING,0.0,0,19,19,44.36,43.84,52,weekly,1.6,41 bear-built-above · rel-vol 0.7x · regime CHOP,False,19,43.15,42.5027,44.36,154,2.8,1.87,False
STIM,2.39,BASING,0.0,0,20,20,2.74,2.7,5,weekly,12.97,22 bear-built-above · rel-vol 1.0x · regime CHOP,False,20,2.39,2.3542,2.74,2789,14.64,9.76,False
STLA,4.48,BASING,0.0,0,20,20,5.05,4.9,15,daily,9.37,40 bear-built-above · rel-vol 1.7x · regime CHOP,False,20,4.48,4.4128,5.05,1488,12.72,8.48,False
STLD,224.5791,BASING,0.0,0,20,20,255.77,253.41,237,weekly,12.84,28 bear-built-above · rel-vol 1.2x · regime CHOP,False,20,224.5791,221.2104,255.77,29,13.89,9.26,False
STM,53.26,BASING,0.0,0,20,20,64.76,54.4,1037,daily,2.14,15 bear-built-above · rel-vol 1.1x · regime CHOP,True,21,53.26,52.4611,64.76,125,21.59,14.39,False
STNE,9.132,BASING,0.0,0,20,20,10.1,9.96,14,weekly,9.07,27 bear-built-above · rel-vol 1.1x · regime CHOP,False,20,9.132,8.995,10.1,730,10.6,7.07,False
STNG,83.57,BASING,0.0,0,20,20,87.16,86.21,96,daily,3.16,37 bear-built-above · rel-vol 1.3x · regime CHOP,False,20,83.57,82.3164,87.16,79,4.3,2.86,False
STRL,510.9166,BASING,0.0,0,20,20,585.0,575.38,963,daily,12.62,37 bear-built-above · rel-vol 0.7x · regime CHOP,False,22,510.9166,503.2529,585.0,13,14.5,9.67,False
STUB,5.25,BASING,0.0,0,20,20,5.44,5.4,5,weekly,2.86,10 bear-built-above · rel-vol 1.3x · regime CHOP,False,20,5.25,5.1712,5.44,1269,3.62,2.41,False
STX,913.409,BASING,0.0,0,20,20,1025.36,994.59,3077,daily,8.89,15 bear-built-above · rel-vol 0.7x · regime CHOP,True,23,913.409,899.7079,1025.36,7,12.26,8.17,False
SU,67.6432,BASING,0.0,0,20,20,68.77,67.75,102,daily,0.16,51 bear-built-above · rel-vol 0.5x · regime CHOP,False,20,67.6432,66.6286,68.77,98,1.67,1.11,False
SUGP,0.5077,BASING,0.0,0,8,8,0.5558,0.5297,3,daily,4.33,6 bear-built-above · rel-vol 1.8x · regime CHOP,False,10,0.5077,0.5001,0.5558,13131,9.47,6.32,False
SUNB,73.62,BASING,0.0,0,20,20,74.37,74.07,31,weekly,0.61,26 bear-built-above · rel-vol 0.7x · regime CHOP,False,20,73.62,72.5157,74.37,90,1.02,0.68,False
SUNE,2.3397,BASING,0.0,0,20,20,2.4,2.36,5,weekly,0.87,28 bear-built-above · rel-vol 0.0x · regime CHOP,False,20,2.3397,2.3046,2.4,2849,2.58,1.72,False
SVRN,73.7,BASING,0,0,0,0,,,,,0,rel-vol 1.5x · regime CHOP,False,0,73.7,72.5945,81.07,90,10.0,6.67,False
SW,44.38,BASING,0.0,0,20,20,48.29,47.35,94,weekly,6.69,34 bear-built-above · rel-vol 0.8x · regime CHOP,False,22,44.38,43.7143,48.29,150,8.81,5.87,False
SWKS,88.44,BASING,0.0,0,10,10,95.59,90.4,519,daily,2.22,7 bear-built-above · rel-vol 0.5x · regime CHOP,False,13,88.44,87.1134,95.59,75,8.08,5.39,False
SWRD,2.2202,BASING,0.0,0,7,7,2.61,2.51,11,daily,13.05,rel-vol 0.1x · regime CHOP,False,7,2.2202,2.1869,2.61,3002,17.56,11.7,False
SWVL,4.05,BASING,0.0,0,9,9,4.4,4.2,21,15m,3.7,8 bear-built-above · rel-vol 0.0x · regime CHOP,False,9,4.05,3.9892,4.4,1646,8.64,5.76,False
SYM,41.6,BASING,0.0,0,19,19,46.52,43.61,292,daily,4.83,38 bear-built-above · rel-vol 0.6x · regime CHOP,False,19,41.6,40.976,46.52,160,11.83,7.88,False
SYNA,100.79,BASING,0.0,0,19,19,109.71,105.32,440,daily,4.49,9 bear-built-above · rel-vol 0.6x · regime CHOP,False,19,100.79,99.2782,109.71,66,8.85,5.9,False
SYRE,84.72,BASING,0.0,0,20,20,107.36,93.605,1376,daily,10.49,34 bear-built-above · rel-vol 0.9x · regime CHOP,False,20,84.72,83.4492,107.36,78,26.72,17.82,False
T,24.5,BASING,0.0,0,19,19,28.04,27.35,69,daily,11.63,26 bear-built-above · rel-vol 0.9x · regime CHOP,False,19,24.5,24.1325,28.04,272,14.45,9.63,False
TAL,11.691,BASING,0.0,0,20,20,12.67,12.55,12,4h,7.35,18 bear-built-above · rel-vol 0.3x · regime CHOP,False,21,11.691,11.5156,12.67,570,8.37,5.58,False
TARS,76.69,BASING,0.0,0,20,20,87.22,86.31,91,daily,12.54,2 bear-built-above · rel-vol 0.5x · regime CHOP,False,22,76.69,75.5396,87.22,86,13.73,9.15,False
TBBB,52.4,BASING,0.0,0,11,11,54.0,53.335,67,1h,1.78,11 bear-built-above · rel-vol 2.2x · regime CHOP,False,11,52.4,51.614,54.0,127,3.05,2.04,False
TDC,28.99,BASING,0.0,0,8,8,31.15,29.91,124,4h,3.17,5 bear-built-above · rel-vol 0.9x · regime CHOP,False,11,28.99,28.5551,31.15,229,7.45,4.97,False
TDIC,2.09,BASING,0.0,0,20,20,2.37,2.36,2,1h,12.92,12 bear-built-above · rel-vol 0.1x · regime CHOP,False,20,2.09,2.0586,2.37,3189,13.4,8.93,False
TDS,33.57,BASING,0.0,0,18,18,38.45,38.16,30,weekly,13.67,15 bear-built-above · rel-vol 1.3x · regime CHOP,False,18,33.57,33.0665,38.45,198,14.54,9.69,False
TDW,81.75,BASING,0.0,0,20,20,86.69,85.99,71,weekly,5.19,79 bear-built-above · rel-vol 0.8x · regime CHOP,False,20,81.75,80.5237,86.69,81,6.04,4.03,False
TEAM,176.49,BASING,0.0,0,18,18,187.74,182.11,563,weekly,3.18,45 bear-built-above · rel-vol 1.4x · regime CHOP,False,23,176.49,173.8427,187.74,37,6.37,4.25,False
TECK,65.61,BASING,0.0,0,19,19,70.34,65.9,444,daily,0.44,25 bear-built-above · rel-vol 1.0x · regime CHOP,True,21,65.61,64.6258,70.34,101,7.21,4.81,False
TECL,229.1,BASING,0.0,0,20,20,265.1,253.01,1210,daily,10.44,23 bear-built-above · rel-vol 0.9x · regime CHOP,False,20,229.1,225.6635,265.1,29,15.71,10.48,False
TEL,212.59,BASING,0.0,0,19,19,243.18,221.04,2215,daily,3.97,15 bear-built-above · rel-vol 0.9x · regime CHOP,False,19,212.59,209.4012,243.18,31,14.39,9.59,False
TEM,83.18,BASING,0.0,0,6,6,85.5156,85.485,4,30m,2.77,6 bear-built-above · rel-vol 0.9x · regime CHOP,True,6,83.18,81.9323,85.5156,80,2.81,1.87,False
TEN,47.2,BASING,0.0,0,18,18,50.92,49.45,147,daily,4.77,35 bear-built-above · rel-vol 0.8x · regime CHOP,True,18,47.2,46.492,50.92,141,7.88,5.25,False
TENB,35.06,BASING,0.0,0,13,13,35.755,35.735,3,45m,1.93,7 bear-built-above · rel-vol 0.4x · regime CHOP,True,14,35.06,34.5341,35.755,190,1.98,1.32,False
TER,402.18,BASING,0.0,0,20,20,467.5,461.0,650,daily,14.63,28 bear-built-above · rel-vol 1.0x · regime CHOP,False,21,402.18,396.1473,467.5,16,16.24,10.83,False
TEVA,39.9,BASING,0.0,0,5,5,39.9701,39.97,1,10m,0.18,5 bear-built-above · rel-vol 1.3x · regime CHOP,False,5,39.9,39.3015,39.9701,167,0.18,0.12,False
TEX,53.37,BASING,0.0,0,18,18,57.33,56.74,59,weekly,6.31,69 bear-built-above · rel-vol 2.0x · regime CHOP,False,18,53.37,52.5694,57.33,124,7.42,4.95,False
TFC,46.5,BASING,0.0,0,20,20,47.66,47.55,11,weekly,2.26,41 bear-built-above · rel-vol 1.0x · regime CHOP,False,20,46.5,45.8025,47.66,143,2.49,1.66,False
TFX,126.32,BASING,0.0,0,18,18,137.95,136.66,129,weekly,8.19,7 bear-built-above · rel-vol 1.2x · regime CHOP,False,18,126.32,124.4252,137.95,52,9.21,6.14,False
TGB,8.87,BASING,0.0,0,20,20,9.06,8.97,9,daily,1.13,32 bear-built-above · rel-vol 0.9x · regime CHOP,False,21,8.87,8.7369,9.06,751,2.14,1.43,False
TGT,156.7,BASING,0.0,0,20,20,162.71,162.02,69,daily,3.4,23 bear-built-above · rel-vol 1.2x · regime CHOP,False,21,156.7,154.3495,162.71,42,3.84,2.56,False
TGTX,55.5471,BASING,0.0,0,19,19,56.07,55.556,52,45m,0.02,18 bear-built-above · rel-vol 0.9x · regime CHOP,False,19,55.5471,54.7139,56.07,120,0.94,0.63,False
TH,19.41,BASING,0.0,0,20,20,20.36,20.15,22,4h,3.81,25 bear-built-above · rel-vol 0.6x · regime CHOP,False,23,19.41,19.1188,20.36,343,4.89,3.26,False
THC,257.6,BASING,0.0,0,20,20,259.71,258.0,171,weekly,0.16,7 bear-built-above · rel-vol 0.6x · regime CHOP,False,22,257.6,253.736,259.71,25,0.82,0.55,False
THO,70.16,BASING,0.0,0,19,19,77.85,77.24,61,daily,10.09,31 bear-built-above · rel-vol 0.9x · regime CHOP,False,19,70.16,69.1076,77.85,95,10.96,7.31,False
TIGO,91.73,BASING,0.0,0,20,20,92.63,92.0,63,weekly,0.29,16 bear-built-above · rel-vol 0.9x · regime CHOP,False,21,91.73,90.3541,92.63,72,0.98,0.65,False
TJGC,33.47,BASING,0.0,0,13,13,36.76,34.9,186,1m,4.27,13 bear-built-above · rel-vol 0.1x · regime CHOP,False,13,33.47,32.968,36.76,199,9.83,6.55,False
TKO,177.58,BASING,0.0,0,19,19,187.79,185.59,220,daily,4.51,53 bear-built-above · rel-vol 0.7x · regime CHOP,False,19,177.58,174.9163,187.79,37,5.75,3.83,False
TLN,317.0,BASING,0.0,0,15,15,356.92,350.89,604,daily,10.69,7 bear-built-above · rel-vol 1.2x · regime CHOP,False,15,317.0,312.245,356.92,21,12.59,8.4,False
TLRY,3.9685,BASING,0.0,0,19,19,4.59,4.54,5,weekly,14.4,44 bear-built-above · rel-vol 1.0x · regime CHOP,False,19,3.9685,3.909,4.59,1679,15.66,10.44,False
TLYS,4.65,BASING,0.0,0,16,16,4.81,4.7,11,daily,1.08,8 bear-built-above · rel-vol 0.2x · regime CHOP,False,16,4.65,4.5803,4.81,1433,3.44,2.29,False
TMC,3.7792,BASING,0.0,0,17,17,3.93,3.865,7,weekly,2.27,14 bear-built-above · rel-vol 1.1x · regime CHOP,False,17,3.7792,3.7225,3.93,1764,3.99,2.66,False
TMDX,84.07,BASING,0.0,0,20,20,87.0,86.09,91,daily,2.4,20 bear-built-above · rel-vol 0.6x · regime CHOP,False,20,84.07,82.8089,87.0,79,3.49,2.32,False
TME,7.99,BASING,0.0,0,20,20,9.48,8.72,76,daily,9.14,15 bear-built-above · rel-vol 1.1x · regime CHOP,False,21,7.99,7.8701,9.48,834,18.65,12.43,False
TMHC,72.45,BASING,0.0,0,2,2,73.87,73.47,41,daily,1.41,rel-vol 3.1x · regime CHOP,False,4,72.45,71.3633,73.87,92,1.96,1.31,False
TMO,683.0,BASING,0,0,0,0,,,,,0,rel-vol 0.8x · regime CHOP,True,2,683.0,672.755,751.3,9,10.0,6.67,False
TMV,48.25,BASING,0.0,0,19,19,49.53,49.515,2,45m,2.62,28 bear-built-above · rel-vol 1.2x · regime CHOP,False,19,48.25,47.5262,49.53,138,2.65,1.77,False
TNDM,16.7,BASING,0.0,0,19,19,19.11,18.77,34,daily,12.4,15 bear-built-above · rel-vol 0.9x · regime CHOP,False,19,16.7,16.4495,19.11,399,14.43,9.62,False
TNGX,24.4703,BASING,0.0,0,20,20,25.63,25.54,9,30m,4.37,19 bear-built-above · rel-vol 1.0x · regime CHOP,False,20,24.4703,24.1032,25.63,272,4.74,3.16,False
TNK,96.81,BASING,0.0,0,20,20,100.92,100.1,83,weekly,3.4,42 bear-built-above · rel-vol 0.7x · regime CHOP,False,21,96.81,95.3578,100.92,68,4.25,2.83,False
TNMG,4.17,BASING,0.0,0,9,9,4.6,4.46,14,45m,6.95,6 bear-built-above · rel-vol 0.1x · regime CHOP,False,9,4.17,4.1075,4.6,1598,10.31,6.87,False
TOI,5.185,BASING,0.0,0,16,16,5.35,5.27,9,weekly,1.64,rel-vol 0.7x · regime CHOP,False,16,5.185,5.1072,5.35,1285,3.18,2.12,False
TOST,30.53,BASING,0.0,0,20,20,33.95,33.64,32,weekly,10.19,1 bear-built-above · rel-vol 0.8x · regime CHOP,False,22,30.53,30.0721,33.95,218,11.2,7.47,False
TPET,1.69,BASING,0.0,0,17,17,1.94,1.92,3,30m,13.61,14 bear-built-above · rel-vol 0.1x · regime CHOP,False,17,1.69,1.6646,1.94,3944,14.79,9.86,False
TPG,43.5,BASING,0.0,0,19,19,47.69,47.52,17,weekly,9.24,32 bear-built-above · rel-vol 0.8x · regime CHOP,False,21,43.5,42.8475,47.69,153,9.63,6.42,False
TPL,329.01,BASING,0.0,0,17,17,352.67,349.74,294,weekly,6.3,52 bear-built-above · rel-vol 0.7x · regime CHOP,False,17,329.01,324.0748,352.67,20,7.19,4.79,False
TQQQ,77.47,BASING,0.0,0,18,18,86.56,85.22,135,daily,10.0,28 bear-built-above · rel-vol 1.0x · regime CHOP,True,23,77.47,76.3079,86.56,86,11.73,7.82,False
TREX,44.06,BASING,0.0,0,20,20,48.29,47.3,100,daily,7.35,18 bear-built-above · rel-vol 1.0x · regime CHOP,False,21,44.06,43.3991,48.29,151,9.6,6.4,False
TRGP,273.49,BASING,0.0,0,20,20,292.19,288.76,344,weekly,5.58,58 bear-built-above · rel-vol 1.0x · regime CHOP,False,22,273.49,269.3877,292.19,24,6.84,4.56,False
TRI,96.24,BASING,0.0,0,20,20,106.21,105.68,53,weekly,9.81,37 bear-built-above · rel-vol 0.9x · regime CHOP,False,20,96.24,94.7964,106.21,69,10.36,6.91,False
TRIP,8.42,BASING,0.0,0,9,9,9.2,9.17,3,daily,8.91,7 bear-built-above · rel-vol 0.7x · regime CHOP,False,10,8.42,8.2937,9.2,791,9.26,6.18,False
TRMD,37.46,BASING,0.0,0,19,19,37.71,37.47,25,daily,0.03,10 bear-built-above · rel-vol 0.6x · regime CHOP,False,20,37.46,36.8981,37.71,177,0.67,0.44,False
TRU,63.99,BASING,0.0,0,18,18,69.17,67.28,190,weekly,5.14,40 bear-built-above · rel-vol 1.5x · regime CHOP,False,18,63.99,63.0301,69.17,104,8.1,5.4,False
TSCO,31.51,BASING,0.0,0,20,20,32.2,32.12,9,weekly,1.94,36 bear-built-above · rel-vol 0.8x · regime CHOP,False,20,31.51,31.0373,32.2,211,2.19,1.46,False
TSDD,8.14,BASING,0.0,0,18,18,8.339,8.33,1,4h,2.33,20 bear-built-above · rel-vol 0.6x · regime CHOP,False,19,8.14,8.0179,8.339,819,2.44,1.63,False
TSEM,234.59,BASING,0.0,0,11,11,263.73,249.785,1395,daily,6.48,rel-vol 0.6x · regime CHOP,False,13,234.59,231.0711,263.73,28,12.42,8.28,False
TSHA,4.99,BASING,0.0,0,20,20,5.77,5.7,7,weekly,14.23,10 bear-built-above · rel-vol 1.7x · regime CHOP,False,20,4.99,4.9152,5.77,1336,15.63,10.42,False
TSLA,354.5,BASING,0.0,0,14,14,371.635,368.06,358,weekly,3.83,19 bear-built-above · rel-vol 0.8x · regime CHOP,False,14,354.5,349.1825,371.635,18,4.83,3.22,False
TSLG,4.49,BASING,0.0,0,20,20,4.97,4.86,11,weekly,8.24,23 bear-built-above · rel-vol 0.8x · regime CHOP,False,20,4.49,4.4226,4.97,1484,10.69,7.13,False
TSLL,8.98,BASING,0.0,0,15,15,10.96,9.02,195,daily,0.45,11 bear-built-above · rel-vol 0.8x · regime CHOP,False,15,8.98,8.8453,10.96,742,22.05,14.7,False
TSLQ,19.45,BASING,0.0,0,20,20,20.11,19.71,40,4h,1.34,22 bear-built-above · rel-vol 0.5x · regime CHOP,False,23,19.45,19.1582,20.11,342,3.39,2.26,False
TSLT,12.56,BASING,0.0,0,20,20,15.35,12.67,268,daily,0.88,44 bear-built-above · rel-vol 0.6x · regime CHOP,False,22,12.56,12.3716,15.35,530,22.21,14.81,False
TTAN,63.6,BASING,0.0,0,8,8,81.58,67.125,1446,daily,5.54,5 bear-built-above · rel-vol 0.7x · regime CHOP,False,8,63.6,62.646,81.58,104,28.27,18.85,False
TTD,12.14,BASING,0.0,0,20,20,17.67,13.8,388,daily,13.67,43 bear-built-above · rel-vol 0.9x · regime CHOP,False,20,12.14,11.9579,17.67,549,45.55,30.37,False
TTMI,122.56,BASING,0.0,0,20,20,140.21,134.84,538,daily,10.02,26 bear-built-above · rel-vol 1.2x · regime CHOP,False,22,122.56,120.7216,140.21,54,14.4,9.6,False
TTWO,203.9091,BASING,0.0,0,19,19,235.39,233.56,183,weekly,14.54,15 bear-built-above · rel-vol 0.8x · regime CHOP,False,19,203.9091,200.8505,235.39,32,15.44,10.29,False
TVTX,59.99,BASING,0.0,0,20,20,62.86,60.37,250,daily,0.63,31 bear-built-above · rel-vol 1.0x · regime CHOP,False,20,59.99,59.0902,62.86,111,4.78,3.19,False
TWG,0.1164,BASING,0.0,0,1,1,0.127,0.12,1,5m,3.09,1 bear-built-above · rel-vol 0.6x · regime CHOP,False,1,0.1164,0.1147,0.127,57273,9.11,6.07,False
TWLO,290.72,BASING,0.0,0,15,15,303.56,303.425,14,30m,4.37,15 bear-built-above · rel-vol 1.2x · regime CHOP,True,15,290.72,286.3592,303.56,22,4.42,2.94,False
TWST,191.0,BASING,0,0,0,0,,,,,0,rel-vol 1.8x · regime CHOP,False,0,191.0,188.135,210.1,34,10.0,6.67,False
TXG,92.17,BASING,0,0,0,0,,,,,0,rel-vol 1.2x · regime CHOP,False,0,92.17,90.7875,101.387,72,10.0,6.67,False
TYL,316.4,BASING,0.0,0,20,20,364.03,359.03,500,weekly,13.47,51 bear-built-above · rel-vol 1.1x · regime CHOP,False,22,316.4,311.654,364.03,21,15.05,10.04,False
TYRA,22.4,BASING,0.0,0,16,16,25.57,25.27,31,daily,12.81,13 bear-built-above · rel-vol 0.3x · regime CHOP,False,16,22.4,22.064,25.57,297,14.15,9.43,False
TZA,46.52,BASING,0.0,0,20,20,54.3,52.05,225,daily,11.89,37 bear-built-above · rel-vol 0.7x · regime CHOP,False,22,46.52,45.8222,54.3,143,16.72,11.15,False
U,39.61,BASING,0.0,0,20,20,41.55,40.69,86,weekly,2.73,43 bear-built-above · rel-vol 1.3x · regime CHOP,False,21,39.61,39.0159,41.55,168,4.9,3.27,False
UAA,4.282,BASING,0.0,0,17,17,4.43,4.4,3,weekly,2.76,33 bear-built-above · rel-vol 0.9x · regime CHOP,False,17,4.282,4.2178,4.43,1556,3.46,2.3,False
UAMY,4.185,BASING,0.0,0,19,19,4.5,4.41,9,weekly,5.38,37 bear-built-above · rel-vol 0.8x · regime CHOP,False,19,4.185,4.1222,4.5,1592,7.53,5.02,False
UCO,53.0,BASING,0.0,0,12,12,53.78,53.38,40,1m,0.72,12 bear-built-above · rel-vol 0.8x · regime CHOP,True,14,53.0,52.205,53.78,125,1.47,0.98,False
UCTT,80.46,BASING,0.0,0,14,14,86.525,82.16,437,daily,2.11,9 bear-built-above · rel-vol 1.1x · regime CHOP,True,14,80.46,79.2531,86.525,82,7.54,5.03,False
UEC,9.32,BASING,0.0,0,16,16,10.45,10.1,35,weekly,8.37,21 bear-built-above · rel-vol 1.9x · regime CHOP,False,16,9.32,9.1802,10.45,715,12.12,8.08,False
UFPT,296.92,BASING,0.0,0,20,20,312.84,307.05,579,daily,3.41,9 bear-built-above · rel-vol 0.8x · regime CHOP,False,20,296.92,292.4662,312.84,22,5.36,3.57,False
UHS,175.73,BASING,0.0,0,20,20,202.31,200.04,228,daily,13.83,33 bear-built-above · rel-vol 0.8x · regime CHOP,False,23,175.73,173.094,202.31,37,15.13,10.08,False
ULCC,6.1,BASING,0.0,0,20,20,6.69,6.59,11,weekly,8.03,3 bear-built-above · rel-vol 0.9x · regime CHOP,False,22,6.1,6.0085,6.69,1092,9.67,6.45,False
ULTA,547.89,BASING,0.0,0,19,19,624.7,566.28,5843,daily,3.36,16 bear-built-above · rel-vol 0.8x · regime CHOP,False,19,547.89,539.6716,624.7,12,14.02,9.35,False
UMAC,24.8902,BASING,0.0,0,10,10,27.43,26.6,83,weekly,6.87,2 bear-built-above · rel-vol 1.0x · regime CHOP,True,10,24.8902,24.5168,27.43,267,10.2,6.8,False
UMC,24.3,BASING,0.0,0,20,20,27.73,25.58,216,daily,5.27,37 bear-built-above · rel-vol 1.0x · regime CHOP,True,22,24.3,23.9355,27.73,274,14.12,9.41,False
UNG,10.41,BASING,0.0,0,20,20,11.05,10.79,27,daily,3.65,34 bear-built-above · rel-vol 1.1x · regime CHOP,False,21,10.41,10.2538,11.05,640,6.15,4.1,False
UNM,88.24,BASING,0.0,0,20,20,92.09,91.37,72,weekly,3.55,58 bear-built-above · rel-vol 0.9x · regime CHOP,False,22,88.24,86.9164,92.09,75,4.36,2.91,False
UPC,4.14,BASING,0.0,0,8,8,4.75,4.7,5,weekly,13.53,rel-vol 0.0x · regime CHOP,False,8,4.14,4.0779,4.75,1610,14.73,9.82,False
UPST,23.29,BASING,0.0,0,20,20,23.81,23.43,38,weekly,0.6,26 bear-built-above · rel-vol 0.9x · regime CHOP,False,20,23.29,22.9406,23.81,286,2.23,1.49,False
UPWK,8.1,BASING,0.0,0,20,20,10.215,8.82,140,daily,8.89,6 bear-built-above · rel-vol 0.6x · regime CHOP,False,20,8.1,7.9785,10.215,823,26.11,17.41,False
URA,40.03,BASING,0.0,0,17,17,40.91,40.47,44,weekly,1.1,75 bear-built-above · rel-vol 0.9x · regime CHOP,False,17,40.03,39.4295,40.91,166,2.2,1.47,False
URBN,75.64,BASING,0.0,0,18,18,78.58,77.43,115,weekly,2.37,9 bear-built-above · rel-vol 0.9x · regime CHOP,False,20,75.64,74.5054,78.58,88,3.89,2.59,False
URG,1.1201,BASING,0.0,0,5,5,1.29,1.26,4,weekly,12.49,3 bear-built-above · rel-vol 1.2x · regime CHOP,False,5,1.1201,1.1033,1.29,5951,15.17,10.11,False
URGN,40.45,BASING,0.0,0,20,20,41.35,40.74,61,weekly,0.72,34 bear-built-above · rel-vol 0.9x · regime CHOP,False,20,40.45,39.8433,41.35,164,2.22,1.48,False
URNM,48.06,BASING,0.0,0,18,18,49.13,48.45,68,weekly,0.81,86 bear-built-above · rel-vol 0.5x · regime CHOP,False,18,48.06,47.3391,49.13,138,2.23,1.48,False
USB,58.3,BASING,0.0,0,20,20,59.33,59.12,22,weekly,1.41,18 bear-built-above · rel-vol 1.0x · regime CHOP,False,27,58.3,57.4255,59.33,114,1.77,1.18,False
USD,96.19,BASING,0.0,0,20,20,110.49,98.0,1249,daily,1.88,20 bear-built-above · rel-vol 0.8x · regime CHOP,True,21,96.19,94.7471,110.49,69,14.87,9.91,False
USDE,14.8947,BASING,0.0,0,16,16,16.7999,16.775,3,45m,12.62,11 bear-built-above · rel-vol 0.8x · regime CHOP,True,16,14.8947,14.6713,16.7999,447,12.79,8.53,False
UVIX,35.45,BASING,0.0,0,20,20,37.63,36.47,117,weekly,2.88,43 bear-built-above · rel-vol 0.8x · regime CHOP,False,20,35.45,34.9183,37.63,188,6.15,4.1,False
UWMC,1.25,BASING,0.0,0,12,12,1.35,1.31,5,weekly,4.8,4 bear-built-above · rel-vol 0.7x · regime CHOP,False,12,1.25,1.2312,1.35,5333,8.0,5.33,False
UXRP,17.29,BASING,0.0,0,20,20,19.19,18.02,118,daily,4.22,37 bear-built-above · rel-vol 0.7x · regime CHOP,False,20,17.29,17.0306,19.19,385,10.99,7.33,False
VAC,104.68,BASING,0.0,0,20,20,120.99,119.5,149,weekly,14.16,9 bear-built-above · rel-vol 0.8x · regime CHOP,False,20,104.68,103.1098,120.99,63,15.58,10.39,False
VAL,78.5,BASING,0.0,0,17,17,89.74,87.99,175,daily,12.09,67 bear-built-above · rel-vol 0.4x · regime CHOP,False,17,78.5,77.3225,89.74,84,14.32,9.55,False
VALE,13.6314,BASING,0.0,0,17,17,15.23,14.77,47,weekly,8.35,41 bear-built-above · rel-vol 0.9x · regime CHOP,False,18,13.6314,13.4269,15.23,489,11.73,7.82,False
VCTR,110.4,BASING,0.0,0,18,18,113.73,112.38,136,weekly,1.79,rel-vol 0.6x · regime CHOP,False,19,110.4,108.744,113.73,60,3.02,2.01,False
VCX,29.51,BASING,0.0,0,20,20,33.5,32.79,72,weekly,11.11,48 bear-built-above · rel-vol 1.0x · regime CHOP,False,20,29.51,29.0674,33.5,225,13.52,9.01,False
VCYT,46.08,BASING,0.0,0,13,13,55.36,48.77,659,daily,5.84,7 bear-built-above · rel-vol 1.1x · regime CHOP,False,13,46.08,45.3888,55.36,144,20.14,13.43,False
VEEA,2.45,BASING,0.0,0,20,20,2.86,2.8,7,daily,14.29,24 bear-built-above · rel-vol 0.0x · regime CHOP,False,20,2.45,2.4133,2.86,2721,16.73,11.16,False
VEEE,13.03,BASING,0.0,0,20,20,13.95,13.87,9,weekly,6.45,43 bear-built-above · rel-vol 0.0x · regime CHOP,False,20,13.03,12.8345,13.95,511,7.06,4.71,False
VEEV,278.57,BASING,0.0,0,14,14,284.01,279.56,445,daily,0.36,1 bear-built-above · rel-vol 0.7x · regime CHOP,True,16,278.57,274.3914,284.01,23,1.95,1.3,False
VELO,10.8509,BASING,0.0,0,20,20,12.52,12.4127,11,4h,14.39,16 bear-built-above · rel-vol 0.9x · regime CHOP,False,21,10.8509,10.6881,12.52,614,15.38,10.25,False
VERA,32.375,BASING,0.0,0,18,18,33.63,33.25,39,1h,2.7,16 bear-built-above · rel-vol 0.6x · regime CHOP,False,18,32.375,31.8894,33.63,205,3.88,2.58,False
VFC,14.72,BASING,0.0,0,8,8,17.24,16.04,120,daily,8.97,rel-vol 1.4x · regime CHOP,True,8,14.72,14.4992,17.24,452,17.12,11.41,False
VG,12.55,BASING,0.0,0,18,18,14.02,13.8,22,weekly,9.96,38 bear-built-above · rel-vol 0.7x · regime CHOP,False,18,12.55,12.3618,14.02,531,11.71,7.81,False
VGNT,45.66,BASING,0.0,0,20,20,47.09,46.55,55,daily,1.95,21 bear-built-above · rel-vol 0.7x · regime CHOP,False,20,45.66,44.9751,47.09,146,3.13,2.09,False
VIA,29.23,BASING,0.0,0,6,6,33.14,32.83,32,daily,12.32,3 bear-built-above · rel-vol 0.6x · regime CHOP,False,8,29.23,28.7916,33.14,228,13.38,8.92,False
VIAV,41.8,BASING,0.0,0,13,13,44.65,43.3,136,daily,3.59,4 bear-built-above · rel-vol 1.1x · regime CHOP,False,16,41.8,41.173,44.65,159,6.82,4.55,False
VICR,291.0,BASING,0.0,0,14,14,300.0,296.0,400,4h,1.72,3 bear-built-above · rel-vol 0.6x · regime CHOP,True,14,291.0,286.635,300.0,22,3.09,2.06,False
VIRT,53.7,BASING,0.0,0,20,20,59.93,59.32,61,daily,10.47,43 bear-built-above · rel-vol 1.4x · regime CHOP,False,20,53.7,52.8945,59.93,124,11.6,7.73,False
VISN,5.9,BASING,0.0,0,20,20,6.22,6.17,5,weekly,4.58,20 bear-built-above · rel-vol 0.9x · regime CHOP,False,20,5.9,5.8115,6.22,1129,5.42,3.62,False
VIST,66.75,BASING,0.0,0,18,18,72.27,71.44,83,weekly,7.03,38 bear-built-above · rel-vol 0.5x · regime CHOP,False,18,66.75,65.7488,72.27,99,8.27,5.51,False
VITL,9.41,BASING,0.0,0,20,20,9.95,9.84,11,weekly,4.57,23 bear-built-above · rel-vol 1.5x · regime CHOP,False,20,9.41,9.2689,9.95,708,5.74,3.83,False
VIVK,0.5182,BASING,0.0,0,19,19,0.5351,0.52,2,weekly,0.35,16 bear-built-above · rel-vol 0.1x · regime CHOP,False,19,0.5182,0.5104,0.5351,12865,3.26,2.17,False
VKTX,32.0,BASING,0.0,0,20,20,41.65,36.75,490,daily,14.84,30 bear-built-above · rel-vol 1.1x · regime CHOP,False,20,32.0,31.52,41.65,208,30.16,20.1,False
VLN,1.87,BASING,0.0,0,12,12,2.08,2.02,7,weekly,8.02,1 bear-built-above · rel-vol 0.6x · regime CHOP,False,12,1.87,1.8419,2.08,3565,11.23,7.49,False
VLO,387.18,BASING,0.0,0,20,20,412.0,409.59,242,daily,5.79,24 bear-built-above · rel-vol 0.7x · regime CHOP,False,21,387.18,381.3723,412.0,17,6.41,4.27,False
VNET,5.78,BASING,0.0,0,20,20,6.64,6.58,6,weekly,13.84,12 bear-built-above · rel-vol 1.5x · regime CHOP,False,20,5.78,5.6933,6.64,1153,14.88,9.92,False
VOYG,31.05,BASING,0.0,0,20,20,37.53,33.23,431,daily,7.02,38 bear-built-above · rel-vol 1.1x · regime CHOP,False,21,31.05,30.5843,37.53,214,20.87,13.91,False
VPG,71.8,BASING,0.0,0,20,20,97.42,73.56,2386,daily,2.45,10 bear-built-above · rel-vol 0.7x · regime CHOP,False,20,71.8,70.723,97.42,92,35.68,23.79,False
VRNS,47.11,BASING,0.0,0,20,20,47.98,47.9,8,45m,1.68,21 bear-built-above · rel-vol 0.6x · regime CHOP,False,21,47.11,46.4033,47.98,141,1.85,1.23,False
VRSK,165.94,BASING,0.0,0,19,19,175.41,174.13,129,weekly,4.94,34 bear-built-above · rel-vol 1.3x · regime CHOP,False,19,165.94,163.4509,175.41,40,5.71,3.8,False
VRSN,280.15,BASING,0.0,0,20,20,287.25,284.02,324,weekly,1.38,58 bear-built-above · rel-vol 1.0x · regime CHOP,False,21,280.15,275.9477,287.25,23,2.53,1.69,False
VRT,248.45,BASING,0.0,0,18,18,257.06,249.39,768,weekly,0.38,11 bear-built-above · rel-vol 0.6x · regime CHOP,False,18,248.45,244.7232,257.06,26,3.47,2.31,False
VSA,2.31,BASING,0.0,0,20,20,2.66,2.58,9,daily,11.69,17 bear-built-above · rel-vol 0.0x · regime CHOP,False,20,2.31,2.2753,2.66,2886,15.15,10.1,False
VSAT,69.412,BASING,0.0,0,20,20,73.02,71.51,151,weekly,3.02,52 bear-built-above · rel-vol 0.9x · regime CHOP,False,20,69.412,68.3708,73.02,96,5.2,3.47,False
VSEC,171.59,BASING,0.0,0,19,19,194.98,188.64,635,weekly,9.94,54 bear-built-above · rel-vol 0.8x · regime CHOP,False,19,171.59,169.0162,194.98,38,13.63,9.09,False
VSH,32.23,BASING,0.0,0,20,20,35.58,33.92,166,daily,5.24,19 bear-built-above · rel-vol 0.7x · regime CHOP,False,20,32.23,31.7465,35.58,206,10.39,6.93,False
VSME,0.924,BASING,0.0,0,4,4,0.968,0.9386,3,5m,1.58,4 bear-built-above · rel-vol 0.0x · regime CHOP,False,4,0.924,0.9101,0.968,7215,4.76,3.17,False
VSNT,32.27,BASING,0.0,0,19,19,36.33,36.065,27,daily,11.76,26 bear-built-above · rel-vol 0.8x · regime CHOP,False,19,32.27,31.786,36.33,206,12.58,8.39,False
VST,141.54,BASING,0.0,0,20,20,148.38,144.0,438,weekly,1.74,7 bear-built-above · rel-vol 1.1x · regime CHOP,False,20,141.54,139.4169,148.38,47,4.83,3.22,False
VSXY,88.8799,BASING,0.0,0,20,20,98.71,97.93,78,daily,10.18,5 bear-built-above · rel-vol 0.5x · regime CHOP,False,20,88.8799,87.5467,98.71,75,11.06,7.37,False
VVOS,0.1461,BASING,0.0,0,5,5,0.1546,0.1518,1,5m,3.9,5 bear-built-above · rel-vol 8.5x · regime CHOP,False,5,0.1461,0.1439,0.1546,45630,5.82,3.88,False
VVV,29.7,BASING,0.0,0,17,17,32.03,31.72,32,weekly,6.8,5 bear-built-above · rel-vol 1.2x · regime CHOP,False,17,29.7,29.2545,32.03,224,7.85,5.23,False
VZ,46.1,BASING,0.0,0,18,18,47.08,47.04,4,weekly,2.04,42 bear-built-above · rel-vol 0.9x · regime CHOP,False,18,46.1,45.4085,47.08,144,2.13,1.42,False
W,102.26,BASING,0.0,0,20,20,107.35,105.21,215,daily,2.88,15 bear-built-above · rel-vol 1.0x · regime CHOP,False,24,102.26,100.7261,107.35,65,4.98,3.32,False
WAY,25.07,BASING,0.0,0,20,20,26.6835,26.04,65,1h,3.87,11 bear-built-above · rel-vol 1.0x · regime CHOP,False,20,25.07,24.694,26.6835,265,6.44,4.29,False
WBD,30.83,BASING,0.0,0,7,7,30.865,30.86,1,30m,0.1,7 bear-built-above · rel-vol 1.1x · regime CHOP,True,7,30.83,30.3675,30.865,216,0.11,0.08,False
WCC,365.8,BASING,0.0,0,11,11,378.805,378.42,39,1h,3.45,6 bear-built-above · rel-vol 0.7x · regime CHOP,True,12,365.8,360.313,378.805,18,3.56,2.37,False
WDAY,187.44,BASING,0.0,0,20,20,189.45,189.17,29,weekly,0.92,11 bear-built-above · rel-vol 0.7x · regime CHOP,False,23,187.44,184.6284,189.45,35,1.07,0.71,False
WDC,453.27,BASING,0.0,0,20,20,525.525,496.16,2937,daily,9.46,31 bear-built-above · rel-vol 0.9x · regime CHOP,False,20,453.27,446.4709,525.525,14,15.94,10.63,False
WDCX,17.2808,BASING,0.0,0,18,18,19.17,18.67,50,daily,8.04,21 bear-built-above · rel-vol 0.7x · regime CHOP,False,18,17.2808,17.0216,19.17,385,10.93,7.29,False
WETO,1.3,BASING,0.0,0,5,5,1.3303,1.33,1,45m,2.31,3 bear-built-above · rel-vol 1.4x · regime CHOP,False,5,1.3,1.2805,1.3303,5128,2.33,1.55,False
WFC,80.76,BASING,0.0,0,18,18,82.97,82.695,28,weekly,2.4,47 bear-built-above · rel-vol 0.9x · regime CHOP,False,19,80.76,79.5486,82.97,82,2.74,1.82,False
WFRD,80.41,BASING,0.0,0,19,19,88.85,87.66,119,weekly,9.02,46 bear-built-above · rel-vol 0.8x · regime CHOP,False,19,80.41,79.2038,88.85,82,10.5,7.0,False
WGMI,46.97,BASING,0.0,0,17,17,48.22,47.6,62,weekly,1.34,35 bear-built-above · rel-vol 1.2x · regime CHOP,False,17,46.97,46.2655,48.22,141,2.66,1.77,False
WGS,75.69,BASING,0.0,0,20,20,85.1,83.0,210,4h,9.66,36 bear-built-above · rel-vol 1.8x · regime CHOP,False,22,75.69,74.5546,85.1,88,12.43,8.29,False
WHD,63.72,BASING,0.0,0,20,20,69.54,69.07,48,weekly,8.4,29 bear-built-above · rel-vol 0.9x · regime CHOP,False,21,63.72,62.7642,69.54,104,9.13,6.09,False
WHLR,3.07,BASING,0.0,0,12,12,3.4945,3.43,7,1m,11.73,10 bear-built-above · rel-vol 0.1x · regime CHOP,False,12,3.07,3.0239,3.4945,2171,13.83,9.22,False
WHR,30.77,BASING,0.0,0,20,20,31.71,31.53,18,weekly,2.47,45 bear-built-above · rel-vol 0.8x · regime CHOP,False,20,30.77,30.3085,31.71,216,3.05,2.04,False
WING,108.3878,BASING,0.0,0,15,15,114.71,113.775,94,daily,4.97,5 bear-built-above · rel-vol 1.4x · regime CHOP,False,15,108.3878,106.762,114.71,61,5.83,3.89,False
WIX,70.9,BASING,0.0,0,20,20,73.79,71.43,236,weekly,0.75,35 bear-built-above · rel-vol 0.6x · regime CHOP,False,20,70.9,69.8365,73.79,94,4.08,2.72,False
WK,65.15,BASING,0.0,0,20,20,69.64,67.77,188,weekly,4.02,56 bear-built-above · rel-vol 1.7x · regime CHOP,False,22,65.15,64.1728,69.64,102,6.89,4.59,False
WLK,63.39,BASING,0.0,0,19,19,66.84,65.59,125,daily,3.47,52 bear-built-above · rel-vol 2.2x · regime CHOP,False,19,63.39,62.4391,66.84,105,5.44,3.63,False
WLTH,10.1,BASING,0.0,0,16,16,12.59,10.47,212,daily,3.66,11 bear-built-above · rel-vol 0.5x · regime CHOP,False,17,10.1,9.9485,12.59,660,24.65,16.44,False
WLY,47.74,BASING,0.0,0,18,18,55.72,54.2,152,4h,13.53,5 bear-built-above · rel-vol 0.5x · regime CHOP,False,18,47.74,47.0239,55.72,139,16.72,11.14,False
WMB,68.63,BASING,0.0,0,19,19,72.05,71.55,50,weekly,4.25,37 bear-built-above · rel-vol 0.9x · regime CHOP,False,19,68.63,67.6005,72.05,97,4.98,3.32,False
WMG,27.7,BASING,0.0,0,18,18,30.8,30.62,18,daily,10.54,23 bear-built-above · rel-vol 1.2x · regime CHOP,False,18,27.7,27.2845,30.8,240,11.19,7.46,False
WMS,128.49,BASING,0.0,0,19,19,136.99,135.76,124,weekly,5.66,28 bear-built-above · rel-vol 0.8x · regime CHOP,False,19,128.49,126.5627,136.99,51,6.62,4.41,False
WMT,106.98,BASING,0.0,0,16,16,121.03,119.58,146,daily,11.78,29 bear-built-above · rel-vol 1.2x · regime CHOP,False,16,106.98,105.3753,121.03,62,13.13,8.76,False
WOLF,28.06,BASING,0.0,0,14,14,32.65,32.1,55,daily,14.4,12 bear-built-above · rel-vol 0.9x · regime CHOP,False,16,28.06,27.6391,32.65,237,16.36,10.91,False
WPM,135.95,BASING,0.0,0,20,20,156.76,151.36,540,daily,11.34,52 bear-built-above · rel-vol 1.3x · regime CHOP,False,20,135.95,133.9107,156.76,49,15.31,10.2,False
WRBY,27.4648,BASING,0.0,0,14,14,28.7199,28.69,3,4h,4.46,2 bear-built-above · rel-vol 1.5x · regime CHOP,True,15,27.4648,27.0528,28.7199,242,4.57,3.05,False
WSM,229.78,BASING,0.0,0,20,20,235.09,232.06,304,weekly,0.99,13 bear-built-above · rel-vol 0.6x · regime CHOP,False,22,229.78,226.3333,235.09,29,2.31,1.54,False
WSO,301.3579,BASING,0.0,0,18,18,364.37,343.18,2119,daily,13.88,55 bear-built-above · rel-vol 1.3x · regime CHOP,False,18,301.3579,296.8375,364.37,22,20.91,13.94,False
WST,376.63,BASING,0.0,0,8,8,392.88,390.43,245,1h,3.66,5 bear-built-above · rel-vol 0.9x · regime CHOP,False,8,376.63,370.9805,392.88,17,4.31,2.88,False
WTI,3.4923,BASING,0.0,0,17,17,3.84,3.74,10,weekly,7.09,22 bear-built-above · rel-vol 1.0x · regime CHOP,False,17,3.4923,3.4399,3.84,1908,9.96,6.64,False
WTS,357.69,BASING,0.0,0,17,17,384.42,383.68,75,weekly,7.27,8 bear-built-above · rel-vol 0.6x · regime CHOP,False,17,357.69,352.3247,384.42,18,7.47,4.98,False
WU,6.01,BASING,0.0,0,20,20,6.18,6.14,5,weekly,2.16,27 bear-built-above · rel-vol 0.9x · regime CHOP,False,20,6.01,5.9198,6.18,1109,2.83,1.89,False
WULF,15.24,BASING,0.0,0,19,19,15.74,15.5,25,weekly,1.71,15 bear-built-above · rel-vol 0.8x · regime CHOP,False,19,15.24,15.0114,15.74,437,3.28,2.19,False
WYFI,18.78,BASING,0.0,0,20,20,19.6,19.45,16,weekly,3.57,29 bear-built-above · rel-vol 0.6x · regime CHOP,False,20,18.78,18.4983,19.6,354,4.37,2.91,False
WYHG,3.775,BASING,0.0,0,19,19,4.19,4.16,4,weekly,10.2,40 bear-built-above · rel-vol 0.0x · regime CHOP,False,19,3.775,3.7184,4.19,1766,10.99,7.33,False
XENE,37.22,BASING,0.0,0,17,17,42.32,42.27,5,10m,13.57,26 bear-built-above · rel-vol 1.2x · regime CHOP,False,17,37.22,36.6617,42.32,179,13.7,9.13,False
XHLD,0.76,BASING,0.0,0,10,10,0.808,0.8048,1,5m,5.89,10 bear-built-above · rel-vol 1.8x · regime CHOP,False,10,0.76,0.7486,0.808,8771,6.32,4.21,False
XME,103.9,BASING,0.0,0,20,20,113.63,111.22,241,weekly,7.05,51 bear-built-above · rel-vol 1.5x · regime CHOP,False,20,103.9,102.3415,113.63,64,9.36,6.24,False
XMTR,104.23,BASING,0.0,0,7,7,105.295,105.23,7,10m,0.96,7 bear-built-above · rel-vol 1.0x · regime CHOP,False,8,104.23,102.6666,105.295,63,1.02,0.68,False
XNCR,25.17,BASING,0.0,0,12,12,29.0,28.714,29,daily,14.08,rel-vol 1.1x · regime CHOP,True,12,25.17,24.7925,29.0,264,15.22,10.14,False
XNDU,4.8,BASING,0.0,0,20,20,4.98,4.905,8,weekly,2.19,18 bear-built-above · rel-vol 1.7x · regime CHOP,False,20,4.8,4.728,4.98,1388,3.75,2.5,False
XOM,160.92,BASING,0.0,0,17,17,169.66,165.77,389,daily,3.01,22 bear-built-above · rel-vol 0.6x · regime CHOP,True,18,160.92,158.5062,169.66,41,5.43,3.62,False
XOP,178.7,BASING,0.0,0,19,19,190.61,187.57,305,weekly,4.96,61 bear-built-above · rel-vol 0.9x · regime CHOP,False,19,178.7,176.0195,190.61,37,6.66,4.44,False
XP,20.27,BASING,0.0,0,10,10,21.71,20.95,77,4h,3.35,7 bear-built-above · rel-vol 0.9x · regime CHOP,False,12,20.27,19.9659,21.71,328,7.1,4.74,False
XPEV,9.6401,BASING,0.0,0,20,20,10.61,10.4,21,weekly,7.88,54 bear-built-above · rel-vol 1.9x · regime CHOP,False,20,9.6401,9.4955,10.61,691,10.06,6.71,False
XPO,177.5,BASING,0.0,0,18,18,190.06,188.21,185,daily,6.03,25 bear-built-above · rel-vol 0.7x · regime CHOP,False,18,177.5,174.8375,190.06,37,7.08,4.72,False
XRPT,38.0,BASING,0.0,0,20,20,42.12,39.48,265,daily,3.89,37 bear-built-above · rel-vol 0.9x · regime CHOP,False,20,38.0,37.43,42.12,175,10.84,7.23,False
XXRP,35.04,BASING,0.0,0,19,19,39.24,36.75,250,daily,4.88,40 bear-built-above · rel-vol 0.8x · regime CHOP,False,19,35.04,34.5144,39.24,190,11.99,7.99,False
XYZ,74.5,BASING,0.0,0,19,19,82.58,81.59,99,weekly,9.52,35 bear-built-above · rel-vol 1.3x · regime CHOP,False,20,74.5,73.3825,82.58,89,10.85,7.23,False
YETI,41.47,BASING,0.0,0,20,20,50.56,46.0,457,daily,10.92,8 bear-built-above · rel-vol 0.7x · regime CHOP,False,20,41.47,40.8479,50.56,160,21.92,14.61,False
YEXT,6.48,BASING,0.0,0,9,9,7.16,7.03,13,4h,8.49,5 bear-built-above · rel-vol 0.8x · regime CHOP,True,10,6.48,6.3828,7.16,1028,10.49,7.0,False
YMAT,1.54,BASING,0.0,0,7,7,1.65,1.62,3,10m,5.19,7 bear-built-above · rel-vol 0.0x · regime CHOP,False,7,1.54,1.5169,1.65,4329,7.14,4.76,False
YMM,8.218,BASING,0.0,0,19,19,8.65,8.54,12,weekly,3.92,13 bear-built-above · rel-vol 1.7x · regime CHOP,False,19,8.218,8.0947,8.65,811,5.26,3.5,False
YOU,41.15,BASING,0.0,0,18,18,44.33,43.85,48,daily,6.56,rel-vol 1.0x · regime CHOP,True,18,41.15,40.5328,44.33,162,7.73,5.15,False
YPF,50.31,BASING,0.0,0,20,20,54.96,54.52,44,weekly,8.37,45 bear-built-above · rel-vol 0.9x · regime CHOP,False,21,50.31,49.5554,54.96,132,9.24,6.16,False
YSS,8.87,BASING,0.0,0,19,19,10.18,9.99,19,daily,12.63,18 bear-built-above · rel-vol 0.4x · regime CHOP,False,19,8.87,8.7369,10.18,751,14.77,9.85,False
YUM,138.0,BASING,0.0,0,17,17,150.71,150.02,69,weekly,8.71,2 bear-built-above · rel-vol 0.7x · regime CHOP,False,17,138.0,135.93,150.71,48,9.21,6.14,False
YYGH,1.52,BASING,0.0,0,3,3,1.5799,1.57,1,45m,3.29,rel-vol 0.5x · regime CHOP,False,3,1.52,1.4972,1.5799,4385,3.94,2.63,False
Z,27.47,BASING,0.0,0,20,20,28.43,28.24,20,weekly,2.8,19 bear-built-above · rel-vol 1.6x · regime CHOP,False,20,27.47,27.0579,28.43,242,3.49,2.33,False
ZBAO,0.0819,BASING,0.0,0,7,7,0.097,0.0934,1,daily,14.04,6 bear-built-above · rel-vol 0.2x · regime CHOP,False,8,0.0819,0.0807,0.097,81400,18.44,12.29,False
ZCSH,37.3007,BASING,0.0,0,20,20,38.55,38.17,38,daily,2.33,54 bear-built-above · rel-vol 1.0x · regime CHOP,False,20,37.3007,36.7412,38.55,178,3.35,2.23,False
ZD,56.33,BASING,0.0,0,20,20,56.51,56.38,13,weekly,0.09,23 bear-built-above · rel-vol 0.7x · regime CHOP,False,20,56.33,55.4851,56.51,118,0.32,0.21,False
ZENA,1.44,BASING,0.0,0,19,19,1.49,1.48,2,daily,2.78,26 bear-built-above · rel-vol 1.1x · regime CHOP,False,19,1.44,1.4184,1.49,4629,3.47,2.31,False
ZETA,29.0,BASING,0.0,0,17,17,36.74,33.3,345,daily,14.83,15 bear-built-above · rel-vol 0.6x · regime CHOP,False,17,29.0,28.565,36.74,229,26.69,17.79,False
ZIM,28.69,BASING,0.0,0,16,16,30.11,30.101,1,5m,4.92,16 bear-built-above · rel-vol 1.8x · regime CHOP,False,16,28.69,28.2597,30.11,232,4.95,3.3,False
ZLAB,25.93,BASING,0.0,0,19,19,28.95,28.1,85,daily,8.37,12 bear-built-above · rel-vol 0.6x · regime CHOP,False,23,25.93,25.541,28.95,257,11.65,7.76,False
ZM,88.55,BASING,0.0,0,20,20,95.36,94.73,63,daily,6.98,57 bear-built-above · rel-vol 0.8x · regime CHOP,False,20,88.55,87.2218,95.36,75,7.69,5.13,False
ZS,198.6971,BASING,0.0,0,16,16,213.475,206.0,748,daily,3.68,14 bear-built-above · rel-vol 0.4x · regime CHOP,False,21,198.6971,195.7166,213.475,33,7.44,4.96,False
ZSL,26.93,BASING,0.0,0,18,18,29.35,27.07,229,daily,0.52,16 bear-built-above · rel-vol 0.6x · regime CHOP,False,19,26.93,26.526,29.35,247,8.99,5.99,False
ZTS,70.49,BASING,0.0,0,20,20,75.81,74.8,102,weekly,6.11,14 bear-built-above · rel-vol 0.8x · regime CHOP,False,20,70.49,69.4326,75.81,94,7.55,5.03,False
ZURA,4.07,BASING,0.0,0,19,19,4.33,4.32,1,daily,6.14,19 bear-built-above · rel-vol 1.2x · regime CHOP,False,20,4.07,4.009,4.33,1638,6.39,4.26,False
