ticker,current_price,phase,consumed_pct,consumed_count,overhead_count,total_in_arc,next_major_top,next_major_bot,next_major_ticks,next_major_tf,next_major_dist_pct,sub_tf_status_str,has_recent_flip,total_bearish_gaps,est_open,stop,target,shares,expected_pct,rr,promoted
AA,46.58,BASING,0.0,0,15,15,48.26,47.25,101,weekly,1.44,67 bear-built-above · rel-vol 1.0x · regime FAVORABLE,False,15,46.58,45.8813,48.26,143,3.61,2.4,False
AAL,12.97,BASING,0.0,0,20,20,13.64,13.37,28,weekly,3.08,19 bear-built-above · rel-vol 1.3x · regime FAVORABLE,False,20,12.97,12.7755,13.64,514,5.17,3.44,False
AAOI,95.39,BASING,0.0,0,19,19,124.82,109.125,1570,weekly,14.4,33 bear-built-above · rel-vol 1.1x · regime FAVORABLE,False,19,95.39,93.9591,124.82,69,30.85,20.57,False
AAON,75.15,BASING,0.0,0,16,16,79.795,75.54,426,weekly,0.52,60 bear-built-above · rel-vol 1.1x · regime FAVORABLE,False,16,75.15,74.0228,79.795,88,6.18,4.12,False
AAOZ,15.91,BASING,0.0,0,4,4,18.2063,18.1,11,4h,13.76,rel-vol 0.4x · regime FAVORABLE,False,4,15.91,15.6714,18.2063,419,14.43,9.62,False
AAP,45.12,BASING,0.0,0,4,4,56.18,46.85,933,daily,3.83,3 bear-built-above · rel-vol 0.7x · regime FAVORABLE,False,4,45.12,44.4432,56.18,147,24.51,16.34,False
AAPL,330.59,BASING,0.0,0,18,18,338.19,333.43,476,daily,0.86,29 bear-built-above · rel-vol 0.9x · regime FAVORABLE,False,21,330.59,325.6311,338.19,20,2.3,1.53,False
AAPU,44.1,BASING,0.0,0,18,18,47.14,45.83,132,daily,3.92,49 bear-built-above · rel-vol 0.7x · regime FAVORABLE,False,21,44.1,43.4385,47.14,151,6.89,4.6,False
ABCL,10.99,BASING,0.0,0,20,20,11.375,11.3563,2,45m,3.33,31 bear-built-above · rel-vol 0.8x · regime FAVORABLE,False,20,10.99,10.8252,11.375,606,3.5,2.34,False
ABM,49.59,BASING,0.0,0,16,16,54.91,50.32,459,daily,1.47,13 bear-built-above · rel-vol 1.4x · regime FAVORABLE,False,17,49.59,48.8462,54.91,134,10.73,7.15,False
ABNB,168.2601,BASING,0.0,0,19,19,189.0,188.22,79,weekly,11.86,51 bear-built-above · rel-vol 0.6x · regime FAVORABLE,False,19,168.2601,165.7362,189.0,39,12.33,8.22,False
ABT,101.92,BASING,0.0,0,17,17,120.73,108.61,1213,daily,6.56,14 bear-built-above · rel-vol 1.0x · regime FAVORABLE,False,17,101.92,100.3912,120.73,65,18.46,12.3,False
ABVX,112.4,BASING,0.0,0,19,19,118.0,115.77,224,45m,3.0,57 bear-built-above · rel-vol 1.2x · regime FAVORABLE,False,19,112.4,110.714,118.0,59,4.98,3.32,False
ACAD,27.5,BASING,0.0,0,20,20,29.11,29.05,6,weekly,5.64,4 bear-built-above · rel-vol 1.2x · regime FAVORABLE,False,21,27.5,27.0875,29.11,242,5.85,3.9,False
ACHC,28.14,BASING,0.0,0,20,20,28.36,28.15,22,daily,0.04,20 bear-built-above · rel-vol 0.7x · regime FAVORABLE,False,20,28.14,27.7179,28.36,236,0.78,0.52,False
ACHR,5.42,BASING,0.0,0,20,20,6.3,6.21,9,weekly,14.58,29 bear-built-above · rel-vol 1.2x · regime FAVORABLE,False,24,5.42,5.3387,6.3,1230,16.24,10.82,False
ACHV,7.21,BASING,0.0,0,20,20,8.48,8.17,32,1h,13.31,17 bear-built-above · rel-vol 0.9x · regime FAVORABLE,False,20,7.21,7.1018,8.48,924,17.61,11.74,False
ACI,12.5601,BASING,0.0,0,14,14,12.707,12.69,2,45m,1.03,14 bear-built-above · rel-vol 1.5x · regime FAVORABLE,False,14,12.5601,12.3717,12.707,530,1.17,0.78,False
ACM,64.6318,BASING,0.0,0,20,20,73.3,68.25,505,daily,5.6,34 bear-built-above · rel-vol 0.6x · regime FAVORABLE,False,20,64.6318,63.6623,73.3,103,13.41,8.94,False
ACMR,66.98,BASING,0.0,0,20,20,72.0,67.57,444,weekly,0.88,47 bear-built-above · rel-vol 1.0x · regime FAVORABLE,False,21,66.98,65.9753,72.0,99,7.49,5.0,False
ACN,191.99,BASING,0.0,0,19,19,219.42,215.0,442,daily,11.98,46 bear-built-above · rel-vol 1.1x · regime FAVORABLE,False,19,191.99,189.1102,219.42,34,14.29,9.52,False
ACVA,10.44,BASING,0.0,0,3,3,13.35,11.295,206,daily,8.19,rel-vol 1.8x · regime FAVORABLE,False,4,10.44,10.2834,13.35,638,27.87,18.58,False
ADBE,261.4,BASING,0.0,0,20,20,266.51,262.805,371,weekly,0.54,20 bear-built-above · rel-vol 1.1x · regime FAVORABLE,False,22,261.4,257.479,266.51,25,1.95,1.3,False
ADBT,0.1451,BASING,0,0,0,0,,,,,0,rel-vol 5.2x · regime FAVORABLE,False,0,0.1451,0.1429,0.1596,45945,10.0,6.67,False
ADI,359.0,BASING,0.0,0,20,20,417.93,405.43,1250,daily,12.93,35 bear-built-above · rel-vol 1.3x · regime FAVORABLE,False,24,359.0,353.615,417.93,18,16.42,10.94,False
ADSK,221.29,BASING,0.0,0,18,18,237.52,232.08,544,daily,4.88,18 bear-built-above · rel-vol 1.3x · regime FAVORABLE,False,18,221.29,217.9706,237.52,30,7.33,4.89,False
AEG,9.06,BASING,0.0,0,20,20,9.41,9.39,2,daily,3.64,20 bear-built-above · rel-vol 1.1x · regime FAVORABLE,False,22,9.06,8.9241,9.41,735,3.86,2.58,False
AEHG,6.45,BASING,0.0,0,20,20,7.68,6.72,96,weekly,4.19,50 bear-built-above · rel-vol 1.3x · regime FAVORABLE,False,20,6.45,6.3533,7.68,1033,19.07,12.71,False
AEHL,4.94,BASING,0.0,0,19,19,5.609,5.5,11,1h,11.34,7 bear-built-above · rel-vol 0.3x · regime FAVORABLE,False,19,4.94,4.8659,5.609,1349,13.54,9.03,False
AEHR,83.29,BASING,0.0,0,19,19,90.39,85.5,490,weekly,2.65,29 bear-built-above · rel-vol 1.1x · regime FAVORABLE,False,19,83.29,82.0406,90.39,80,8.52,5.68,False
AEIS,256.93,BASING,0.0,0,19,19,287.25,267.15,2011,weekly,3.98,41 bear-built-above · rel-vol 1.3x · regime FAVORABLE,False,19,256.93,253.0761,287.25,25,11.8,7.87,False
AEM,196.0,BASING,0.0,0,16,16,200.36,197.55,282,weekly,0.79,35 bear-built-above · rel-vol 0.7x · regime FAVORABLE,False,16,196.0,193.06,200.36,34,2.22,1.48,False
AEMD,1.5203,BASING,0.0,0,20,20,1.69,1.67,3,daily,9.85,11 bear-built-above · rel-vol 0.0x · regime FAVORABLE,False,22,1.5203,1.4975,1.69,4385,11.16,7.44,False
AENT,5.78,BASING,0.0,0,18,18,6.42,6.04,38,daily,4.5,17 bear-built-above · rel-vol 1.0x · regime FAVORABLE,False,18,5.78,5.6933,6.42,1153,11.07,7.38,False
AEO,15.4217,BASING,0.0,0,12,12,17.22,17.11,11,daily,10.95,11 bear-built-above · rel-vol 1.0x · regime FAVORABLE,True,12,15.4217,15.1904,17.22,432,11.66,7.77,False
AEON,0.2734,BASING,0.0,0,4,4,0.2885,0.284,1,5m,3.88,4 bear-built-above · rel-vol 0.4x · regime FAVORABLE,False,4,0.2734,0.2693,0.2885,24384,5.52,3.68,False
AESI,13.14,BASING,0.0,0,20,20,13.82,13.66,17,weekly,3.96,36 bear-built-above · rel-vol 1.1x · regime FAVORABLE,False,20,13.14,12.9429,13.82,507,5.18,3.45,False
AEVA,14.8,BASING,0.0,0,20,20,15.71,15.69,3,4h,6.01,20 bear-built-above · rel-vol 0.8x · regime FAVORABLE,False,20,14.8,14.578,15.71,450,6.15,4.1,False
AFRM,73.01,BASING,0.0,0,19,19,77.06,75.8,127,weekly,3.82,20 bear-built-above · rel-vol 0.7x · regime FAVORABLE,False,19,73.01,71.9149,77.06,91,5.55,3.7,False
AG,18.67,BASING,0.0,0,19,19,19.56,18.82,74,weekly,0.8,63 bear-built-above · rel-vol 1.0x · regime FAVORABLE,False,23,18.67,18.39,19.56,357,4.77,3.18,False
AGCO,123.9,BASING,0.0,0,20,20,136.5,135.44,107,weekly,9.31,26 bear-built-above · rel-vol 0.7x · regime FAVORABLE,False,22,123.9,122.0415,136.5,53,10.17,6.78,False
AGEN,7.11,BASING,0.0,0,10,10,7.23,7.21,3,10m,1.41,10 bear-built-above · rel-vol 0.7x · regime FAVORABLE,True,10,7.11,7.0034,7.23,937,1.69,1.13,False
AGI,35.44,BASING,0.0,0,18,18,36.93,35.7,123,daily,0.73,31 bear-built-above · rel-vol 0.8x · regime FAVORABLE,False,18,35.44,34.9084,36.93,188,4.2,2.8,False
AGIO,33.22,BASING,0.0,0,20,20,39.69,37.36,233,daily,12.46,18 bear-built-above · rel-vol 0.9x · regime FAVORABLE,False,21,33.22,32.7217,39.69,200,19.48,12.98,False
AGL,92.38,BASING,0.0,0,12,12,105.0,100.59,441,30m,8.89,9 bear-built-above · rel-vol 1.0x · regime FAVORABLE,False,12,92.38,90.9943,105.0,72,13.66,9.11,False
AGNC,10.08,BASING,0.0,0,15,15,10.9,10.74,17,weekly,6.55,7 bear-built-above · rel-vol 1.4x · regime FAVORABLE,False,15,10.08,9.9288,10.9,661,8.13,5.42,False
AGQ,73.04,BASING,0.0,0,18,18,76.79,73.44,336,weekly,0.55,58 bear-built-above · rel-vol 0.9x · regime FAVORABLE,False,22,73.04,71.9444,76.79,91,5.13,3.42,False
AGX,392.56,BASING,0.0,0,20,20,417.99,416.0,200,weekly,5.97,35 bear-built-above · rel-vol 1.1x · regime FAVORABLE,False,20,392.56,386.6716,417.99,16,6.48,4.32,False
AI,11.16,BASING,0.0,0,5,5,13.13,12.76,38,daily,14.34,3 bear-built-above · rel-vol 1.0x · regime FAVORABLE,True,6,11.16,10.9926,13.13,597,17.65,11.77,False
AIAI,3.45,BASING,0.0,0,20,20,3.95,3.88,8,daily,12.46,20 bear-built-above · rel-vol 0.3x · regime FAVORABLE,False,20,3.45,3.3982,3.95,1932,14.49,9.66,False
AIM,0.2121,BASING,0.0,0,11,11,0.229,0.2269,1,daily,6.98,11 bear-built-above · rel-vol 0.1x · regime FAVORABLE,True,11,0.2121,0.2089,0.229,31431,7.97,5.31,False
AIR,120.08,BASING,0.0,0,19,19,125.48,122.5,299,weekly,2.02,51 bear-built-above · rel-vol 0.8x · regime FAVORABLE,False,19,120.08,118.2788,125.48,55,4.5,3.0,False
AKAM,105.3265,BASING,0.0,0,17,17,106.79,105.57,123,daily,0.23,33 bear-built-above · rel-vol 1.5x · regime FAVORABLE,False,17,105.3265,103.7466,106.79,63,1.39,0.93,False
AKAN,2.68,BASING,0.0,0,19,19,3.07,3.04,3,weekly,13.43,18 bear-built-above · rel-vol 0.1x · regime FAVORABLE,False,19,2.68,2.6398,3.07,2487,14.55,9.7,False
ALAB,255.7,BASING,0.0,0,17,17,291.22,269.25,2198,weekly,5.3,43 bear-built-above · rel-vol 1.8x · regime FAVORABLE,False,18,255.7,251.8645,291.22,26,13.89,9.26,False
ALB,115.29,BASING,0.0,0,18,18,117.52,116.06,146,weekly,0.67,63 bear-built-above · rel-vol 0.9x · regime FAVORABLE,False,18,115.29,113.5607,117.52,57,1.93,1.29,False
ALC,66.84,BASING,0.0,0,20,20,70.5,69.64,86,weekly,4.19,20 bear-built-above · rel-vol 1.4x · regime FAVORABLE,False,20,66.84,65.8374,70.5,99,5.48,3.65,False
ALGT,77.0,BASING,0.0,0,19,19,85.75,84.69,107,weekly,9.99,20 bear-built-above · rel-vol 1.2x · regime FAVORABLE,False,19,77.0,75.845,85.75,86,11.36,7.58,False
ALH,21.27,BASING,0.0,0,20,20,25.47,24.1,137,weekly,13.31,28 bear-built-above · rel-vol 0.4x · regime FAVORABLE,False,20,21.27,20.9509,25.47,313,19.75,13.16,False
ALHC,12.94,BASING,0.0,0,20,20,14.85,14.55,30,weekly,12.44,23 bear-built-above · rel-vol 1.3x · regime FAVORABLE,False,20,12.94,12.7459,14.85,515,14.76,9.84,False
ALKT,19.7933,BASING,0.0,0,20,20,21.19,21.03,17,daily,6.25,24 bear-built-above · rel-vol 1.0x · regime FAVORABLE,False,20,19.7933,19.4964,21.19,336,7.06,4.7,False
ALM,14.85,BASING,0.0,0,17,17,17.1,17.06,5,30m,14.88,9 bear-built-above · rel-vol 1.0x · regime FAVORABLE,False,17,14.85,14.6273,17.1,448,15.15,10.1,False
ALMR,27.99,BASING,0.0,0,14,14,30.775,30.49,29,1h,8.93,8 bear-built-above · rel-vol 1.3x · regime FAVORABLE,False,14,27.99,27.5701,30.775,238,9.95,6.63,False
ALMS,9.22,BASING,0.0,0,20,20,21.81,9.93,1188,daily,7.7,6 bear-built-above · rel-vol 1.0x · regime FAVORABLE,False,20,9.22,9.0817,21.81,723,136.55,91.03,False
ALNY,247.33,BASING,0.0,0,19,19,259.0,258.0,100,daily,4.31,22 bear-built-above · rel-vol 0.6x · regime FAVORABLE,False,19,247.33,243.6201,259.0,26,4.72,3.15,False
ALOY,8.67,BASING,0.0,0,19,19,9.54,9.25,29,daily,6.69,32 bear-built-above · rel-vol 1.0x · regime FAVORABLE,False,19,8.67,8.5399,9.54,768,10.03,6.69,False
ALSN,123.49,BASING,0.0,0,20,20,126.94,123.66,329,weekly,0.14,36 bear-built-above · rel-vol 0.9x · regime FAVORABLE,False,20,123.49,121.6376,126.94,53,2.79,1.86,False
ALTO,3.98,BASING,0.0,0,20,20,4.0624,4.005,6,15m,0.63,17 bear-built-above · rel-vol 0.9x · regime FAVORABLE,False,20,3.98,3.9203,4.0624,1675,2.07,1.38,False
AMAT,424.61,BASING,0.0,0,17,17,492.32,481.875,1045,weekly,13.49,51 bear-built-above · rel-vol 1.3x · regime FAVORABLE,False,17,424.61,418.2409,492.32,15,15.95,10.63,False
AMBA,64.12,BASING,0.0,0,19,19,73.73,72.69,105,weekly,13.37,31 bear-built-above · rel-vol 0.9x · regime FAVORABLE,False,19,64.12,63.1582,73.73,103,14.99,9.99,False
AMBQ,60.8,BASING,0.0,0,20,20,66.91,64.5,241,daily,6.09,22 bear-built-above · rel-vol 0.8x · regime FAVORABLE,False,21,60.8,59.888,66.91,109,10.05,6.7,False
AMC,2.4733,BASING,0.0,0,17,17,2.63,2.62,1,daily,5.93,13 bear-built-above · rel-vol 0.8x · regime FAVORABLE,False,19,2.4733,2.4362,2.63,2695,6.34,4.22,False
AMD,490.0,BASING,0.0,0,20,20,510.71,493.41,1730,daily,0.7,33 bear-built-above · rel-vol 1.4x · regime FAVORABLE,False,20,490.0,482.65,510.71,13,4.23,2.82,False
AMDL,51.79,BASING,0.0,0,18,18,56.34,52.64,371,daily,1.64,41 bear-built-above · rel-vol 1.2x · regime FAVORABLE,False,18,51.79,51.0131,56.34,128,8.79,5.86,False
AMIX,4.41,BASING,0.0,0,18,18,4.59,4.47,13,weekly,1.36,13 bear-built-above · rel-vol 0.0x · regime FAVORABLE,False,20,4.41,4.3438,4.59,1511,4.08,2.72,False
AMKR,47.17,BASING,0.0,0,18,18,49.265,47.32,195,weekly,0.32,37 bear-built-above · rel-vol 1.3x · regime FAVORABLE,False,18,47.17,46.4625,49.265,141,4.44,2.96,False
AMLX,33.69,BASING,0.0,0,16,16,37.14,36.98,17,1h,9.77,rel-vol 0.5x · regime FAVORABLE,False,16,33.69,33.1846,37.14,197,10.24,6.83,False
AMN,34.19,BASING,0.0,0,9,9,40.92,36.25,468,daily,6.03,1 bear-built-above · rel-vol 1.0x · regime FAVORABLE,False,9,34.19,33.6771,40.92,194,19.68,13.12,False
AMPG,3.39,BASING,0.0,0,19,19,3.68,3.67,2,daily,8.26,21 bear-built-above · rel-vol 0.4x · regime FAVORABLE,False,19,3.39,3.3392,3.68,1966,8.55,5.7,False
AMPL,13.65,BASING,0.0,0,17,17,14.1,13.83,27,daily,1.32,rel-vol 1.0x · regime FAVORABLE,True,17,13.65,13.4452,14.1,488,3.3,2.2,False
AMR,198.76,BASING,0.0,0,20,20,225.41,222.03,338,weekly,11.71,41 bear-built-above · rel-vol 1.0x · regime FAVORABLE,False,20,198.76,195.7786,225.41,33,13.41,8.94,False
AMRX,17.22,BASING,0.0,0,20,20,17.44,17.27,18,weekly,0.29,7 bear-built-above · rel-vol 1.0x · regime FAVORABLE,False,21,17.22,16.9617,17.44,387,1.28,0.85,False
AMTM,19.7939,BASING,0.0,0,19,19,20.6,20.24,37,30m,2.25,6 bear-built-above · rel-vol 0.8x · regime FAVORABLE,False,19,19.7939,19.497,20.6,336,4.07,2.71,False
AMZN,251.57,BASING,0.0,0,20,20,256.675,253.54,314,weekly,0.78,25 bear-built-above · rel-vol 1.1x · regime FAVORABLE,False,23,251.57,247.7964,256.675,26,2.03,1.35,False
AMZU,35.25,BASING,0.0,0,20,20,36.57,35.68,90,weekly,1.22,54 bear-built-above · rel-vol 1.0x · regime FAVORABLE,False,22,35.25,34.7212,36.57,189,3.74,2.5,False
ANDG,56.52,BASING,0.0,0,8,8,59.55,56.96,259,30m,0.78,rel-vol 0.6x · regime FAVORABLE,False,8,56.52,55.6722,59.55,117,5.36,3.57,False
ANET,187.77,BASING,0.0,0,20,20,196.82,189.82,700,weekly,1.09,21 bear-built-above · rel-vol 1.1x · regime FAVORABLE,False,21,187.77,184.9535,196.82,35,4.82,3.21,False
ANF,141.0,BASING,0.0,0,20,20,160.04,146.96,1308,weekly,4.23,66 bear-built-above · rel-vol 0.6x · regime FAVORABLE,False,24,141.0,138.885,160.04,47,13.5,9.0,False
ANRO,32.99,BASING,0.0,0,19,19,34.89,34.69,21,weekly,5.15,37 bear-built-above · rel-vol 1.0x · regime FAVORABLE,False,21,32.99,32.4952,34.89,202,5.76,3.84,False
AOUT,15.28,BASING,0.0,0,20,20,15.81,15.67,15,4h,2.55,20 bear-built-above · rel-vol 0.3x · regime FAVORABLE,True,20,15.28,15.0508,15.81,436,3.47,2.31,False
APA,45.12,BASING,0.0,0,2,2,46.255,46.235,3,1m,2.47,2 bear-built-above · rel-vol 1.3x · regime FAVORABLE,False,2,45.12,44.4432,46.255,147,2.52,1.68,False
APLD,24.36,BASING,0.0,0,18,18,26.42,24.58,185,weekly,0.9,36 bear-built-above · rel-vol 1.0x · regime FAVORABLE,False,18,24.36,23.9946,26.42,273,8.46,5.64,False
APO,127.17,BASING,0.0,0,20,20,133.67,132.05,162,weekly,3.84,19 bear-built-above · rel-vol 0.9x · regime FAVORABLE,False,24,127.17,125.2625,133.67,52,5.11,3.41,False
APP,327.0,BASING,0.0,0,20,20,417.8,338.45,7936,daily,3.5,40 bear-built-above · rel-vol 1.1x · regime FAVORABLE,False,20,327.0,322.095,417.8,20,27.77,18.51,False
APPF,221.87,BASING,0.0,0,20,20,247.96,245.81,216,weekly,10.79,rel-vol 0.8x · regime FAVORABLE,True,23,221.87,218.542,247.96,30,11.76,7.84,False
APPN,38.29,BASING,0.0,0,20,20,40.82,40.08,75,daily,4.67,rel-vol 1.3x · regime FAVORABLE,False,23,38.29,37.7156,40.82,174,6.61,4.4,False
APTV,44.2,BASING,0.0,0,20,20,57.0,50.45,655,daily,14.14,43 bear-built-above · rel-vol 0.8x · regime FAVORABLE,False,20,44.2,43.537,57.0,150,28.96,19.31,False
AQST,4.95,BASING,0.0,0,6,6,5.15,5.13,3,daily,3.64,6 bear-built-above · rel-vol 0.8x · regime FAVORABLE,True,6,4.95,4.8758,5.15,1346,4.04,2.69,False
AR,38.602,BASING,0.0,0,16,16,40.66,39.17,149,daily,1.47,6 bear-built-above · rel-vol 1.3x · regime FAVORABLE,False,16,38.602,38.023,40.66,172,5.33,3.55,False
ARBE,0.7255,BASING,0.0,0,19,19,0.744,0.7421,1,1h,2.29,20 bear-built-above · rel-vol 0.3x · regime FAVORABLE,False,19,0.7255,0.7146,0.744,9189,2.55,1.7,False
ARCB,135.7,BASING,0.0,0,20,20,154.3,154.06,25,weekly,13.53,12 bear-built-above · rel-vol 0.8x · regime FAVORABLE,False,20,135.7,133.6645,154.3,49,13.71,9.14,False
ARCT,15.16,BASING,0.0,0,20,20,15.62,15.46,16,1h,1.98,21 bear-built-above · rel-vol 0.4x · regime FAVORABLE,False,20,15.16,14.9326,15.62,439,3.03,2.02,False
ARE,51.96,BASING,0.0,0,20,20,57.64,56.94,71,4h,9.58,9 bear-built-above · rel-vol 0.9x · regime FAVORABLE,True,20,51.96,51.1806,57.64,128,10.93,7.29,False
AREC,2.08,BASING,0.0,0,19,19,2.14,2.11,4,weekly,1.44,31 bear-built-above · rel-vol 0.9x · regime FAVORABLE,False,19,2.08,2.0488,2.14,3205,2.88,1.92,False
ARES,131.61,BASING,0.0,0,20,20,140.15,139.38,78,weekly,5.9,35 bear-built-above · rel-vol 0.9x · regime FAVORABLE,False,22,131.61,129.6359,140.15,50,6.49,4.33,False
ARGX,989.84,BASING,0.0,0,20,20,1033.15,1007.07,2609,daily,1.74,39 bear-built-above · rel-vol 0.7x · regime FAVORABLE,False,25,989.84,974.9924,1033.15,6,4.38,2.92,False
ARI,6.5701,BASING,0.0,0,20,20,10.54,7.02,352,daily,6.85,37 bear-built-above · rel-vol 0.7x · regime FAVORABLE,False,20,6.5701,6.4715,10.54,1014,60.42,40.28,False
ARKB,25.46,BASING,0.0,0,19,19,27.8,25.89,191,weekly,1.69,37 bear-built-above · rel-vol 1.8x · regime FAVORABLE,False,23,25.46,25.0781,27.8,261,9.19,6.13,False
ARKG,46.72,BASING,0.0,0,20,20,47.64,47.18,47,weekly,0.98,18 bear-built-above · rel-vol 1.7x · regime FAVORABLE,True,22,46.72,46.0192,47.64,142,1.97,1.31,False
ARKK,83.18,BASING,0.0,0,20,20,88.19,85.19,300,daily,2.42,15 bear-built-above · rel-vol 1.0x · regime FAVORABLE,False,23,83.18,81.9323,88.19,80,6.02,4.02,False
ARM,239.45,BASING,0.0,0,18,18,261.5,242.38,1913,weekly,1.22,27 bear-built-above · rel-vol 1.6x · regime FAVORABLE,False,18,239.45,235.8582,261.5,27,9.21,6.14,False
AROC,30.49,BASING,0.0,0,18,18,32.77,32.27,50,weekly,5.84,44 bear-built-above · rel-vol 1.5x · regime FAVORABLE,False,18,30.49,30.0326,32.77,218,7.48,4.99,False
ARQT,24.3456,BASING,0.0,0,20,20,25.15,24.96,19,1h,2.52,5 bear-built-above · rel-vol 1.1x · regime FAVORABLE,False,21,24.3456,23.9804,25.15,273,3.3,2.2,False
ARR,15.26,BASING,0.0,0,18,18,16.7,16.425,28,weekly,7.63,44 bear-built-above · rel-vol 1.8x · regime FAVORABLE,False,18,15.26,15.0311,16.7,436,9.44,6.29,False
ARW,213.28,BASING,0.0,0,18,18,234.83,228.22,662,daily,7.0,39 bear-built-above · rel-vol 1.3x · regime FAVORABLE,False,18,213.28,210.0808,234.83,31,10.1,6.74,False
AS,27.55,BASING,0.0,0,19,19,31.05,30.73,33,weekly,11.54,19 bear-built-above · rel-vol 0.9x · regime FAVORABLE,False,19,27.55,27.1367,31.05,241,12.7,8.47,False
ASAN,9.61,BASING,0.0,0,9,9,11.11,10.66,45,daily,10.93,5 bear-built-above · rel-vol 1.3x · regime FAVORABLE,True,9,9.61,9.4658,11.11,693,15.61,10.41,False
ASH,69.69,BASING,0.0,0,20,20,70.91,70.51,40,weekly,1.18,42 bear-built-above · rel-vol 1.4x · regime FAVORABLE,False,24,69.69,68.6446,70.91,95,1.75,1.17,False
ASM,6.17,BASING,0.0,0,16,16,6.49,6.23,26,weekly,0.97,43 bear-built-above · rel-vol 0.8x · regime FAVORABLE,False,16,6.17,6.0774,6.49,1080,5.19,3.46,False
ASND,265.05,BASING,0.0,0,18,18,275.61,275.43,19,1h,3.92,5 bear-built-above · rel-vol 0.8x · regime FAVORABLE,False,18,265.05,261.0743,275.61,25,3.98,2.66,False
ASO,53.98,BASING,0.0,0,20,20,54.95,54.22,74,4h,0.44,29 bear-built-above · rel-vol 1.0x · regime FAVORABLE,False,20,53.98,53.1703,54.95,123,1.8,1.2,False
ASST,27.9,BASING,0.0,0,20,20,28.6919,28.33,37,45m,1.54,35 bear-built-above · rel-vol 0.9x · regime FAVORABLE,False,20,27.9,27.4815,28.6919,238,2.84,1.89,False
ASTS,59.4,BASING,0.0,0,16,16,68.65,66.75,191,weekly,12.37,25 bear-built-above · rel-vol 0.7x · regime FAVORABLE,False,16,59.4,58.509,68.65,112,15.57,10.38,False
ASTX,9.98,BASING,0.0,0,20,20,11.1,10.49,61,daily,5.11,48 bear-built-above · rel-vol 0.7x · regime FAVORABLE,False,20,9.98,9.8303,11.1,668,11.22,7.48,False
ATAI,7.33,BASING,0.0,0,5,5,7.4416,7.4387,1,45m,1.48,rel-vol 0.7x · regime FAVORABLE,False,5,7.33,7.22,7.4416,909,1.52,1.02,False
ATAT,32.46,BASING,0.0,0,18,18,35.0,34.39,61,30m,5.95,18 bear-built-above · rel-vol 0.9x · regime FAVORABLE,False,18,32.46,31.9731,35.0,205,7.83,5.22,False
ATEC,10.76,BASING,0.0,0,12,12,12.15,12.11,5,daily,12.55,4 bear-built-above · rel-vol 2.1x · regime FAVORABLE,False,12,10.76,10.5986,12.15,619,12.92,8.61,False
ATI,189.0,BASING,0.0,0,20,20,210.01,207.57,244,weekly,9.83,59 bear-built-above · rel-vol 0.9x · regime FAVORABLE,False,21,189.0,186.165,210.01,35,11.12,7.41,False
ATRC,55.55,BASING,0.0,0,1,1,55.93,55.92,1,1m,0.67,1 bear-built-above · rel-vol 1.2x · regime FAVORABLE,True,1,55.55,54.7167,55.93,120,0.68,0.46,False
ATRO,70.96,BASING,0.0,0,20,20,78.0,76.63,138,weekly,7.99,23 bear-built-above · rel-vol 1.4x · regime FAVORABLE,False,20,70.96,69.8956,78.0,93,9.92,6.61,False
AU,99.5,BASING,0.0,0,18,18,104.42,100.48,394,weekly,0.98,45 bear-built-above · rel-vol 0.9x · regime FAVORABLE,False,18,99.5,98.0075,104.42,67,4.94,3.3,False
AUGO,85.7452,BASING,0.0,0,20,20,97.92,95.94,199,daily,11.89,8 bear-built-above · rel-vol 1.5x · regime FAVORABLE,False,21,85.7452,84.459,97.92,77,14.2,9.47,False
AUR,6.4,BASING,0.0,0,11,11,6.93,6.48,45,daily,1.25,8 bear-built-above · rel-vol 0.7x · regime FAVORABLE,False,13,6.4,6.304,6.93,1041,8.28,5.52,False
AUUD,1.01,BASING,0.0,0,1,1,1.25,1.11,14,daily,9.9,rel-vol 0.2x · regime FAVORABLE,False,1,1.01,0.9949,1.25,6600,23.76,15.84,False
AVAV,151.2,BASING,0.0,0,20,20,172.67,170.11,256,daily,12.51,23 bear-built-above · rel-vol 1.4x · regime FAVORABLE,False,22,151.2,148.932,172.67,44,14.2,9.47,False
AVGO,343.92,BASING,0.0,0,18,18,361.99,349.63,1237,weekly,1.66,49 bear-built-above · rel-vol 1.3x · regime FAVORABLE,False,18,343.92,338.7612,361.99,19,5.25,3.5,False
AVGX,36.56,BASING,0.0,0,20,20,40.3804,37.57,282,weekly,2.76,36 bear-built-above · rel-vol 0.9x · regime FAVORABLE,False,20,36.56,36.0116,40.3804,182,10.45,6.97,False
AVL,34.52,BASING,0.0,0,19,19,38.42,35.66,277,weekly,3.3,47 bear-built-above · rel-vol 1.2x · regime FAVORABLE,False,19,34.52,34.0022,38.42,193,11.3,7.53,False
AVNT,41.16,BASING,0.0,0,20,20,43.4,43.25,15,weekly,5.08,31 bear-built-above · rel-vol 1.3x · regime FAVORABLE,False,24,41.16,40.5426,43.4,161,5.44,3.63,False
AVS,8.48,BASING,0.0,0,13,13,9.4678,9.0,47,daily,6.13,rel-vol 0.9x · regime FAVORABLE,True,14,8.48,8.3528,9.4678,786,11.65,7.77,False
AVT,92.34,BASING,0.0,0,20,20,96.4,96.16,25,1h,4.14,41 bear-built-above · rel-vol 1.3x · regime FAVORABLE,False,21,92.34,90.9549,96.4,72,4.4,2.93,False
AVTR,15.16,BASING,0.0,0,2,2,16.18,16.0,18,weekly,5.54,1 bear-built-above · rel-vol 1.3x · regime FAVORABLE,True,3,15.16,14.9326,16.18,439,6.73,4.49,False
AXGN,43.73,BASING,0.0,0,20,20,48.28,47.19,110,weekly,7.91,38 bear-built-above · rel-vol 1.4x · regime FAVORABLE,False,21,43.73,43.074,48.28,152,10.4,6.94,False
AXON,491.0,BASING,0.0,0,20,20,515.67,506.03,964,weekly,3.06,33 bear-built-above · rel-vol 0.8x · regime FAVORABLE,False,21,491.0,483.635,515.67,13,5.02,3.35,False
AXSM,216.0,BASING,0.0,0,17,17,241.97,241.29,69,4h,11.71,59 bear-built-above · rel-vol 1.3x · regime FAVORABLE,True,17,216.0,212.76,241.97,30,12.02,8.02,False
AXTI,57.41,BASING,0.0,0,20,20,64.48,59.68,481,weekly,3.95,41 bear-built-above · rel-vol 1.1x · regime FAVORABLE,False,21,57.41,56.5488,64.48,116,12.31,8.21,False
AYA,26.91,BASING,0.0,0,20,20,30.21,30.065,15,30m,11.72,27 bear-built-above · rel-vol 2.3x · regime FAVORABLE,False,20,26.91,26.5064,30.21,247,12.26,8.18,False
B,42.1,BASING,0.0,0,18,18,43.68,42.47,122,weekly,0.88,34 bear-built-above · rel-vol 0.7x · regime FAVORABLE,False,18,42.1,41.4685,43.68,158,3.75,2.5,False
BABA,109.27,BASING,0.0,0,20,20,119.34,118.9,44,weekly,8.81,40 bear-built-above · rel-vol 0.6x · regime FAVORABLE,False,26,109.27,107.6309,119.34,61,9.22,6.14,False
BABX,16.9052,BASING,0.0,0,20,20,19.53,19.43,11,weekly,14.94,83 bear-built-above · rel-vol 0.4x · regime FAVORABLE,False,20,16.9052,16.6516,19.53,394,15.53,10.35,False
BAC,58.89,BASING,0.0,0,17,17,62.69,62.335,36,daily,5.85,73 bear-built-above · rel-vol 2.0x · regime FAVORABLE,False,19,58.89,58.0067,62.69,113,6.45,4.3,False
BAH,79.12,BASING,0.0,0,13,13,89.95,89.18,77,daily,12.71,5 bear-built-above · rel-vol 1.1x · regime FAVORABLE,False,13,79.12,77.9332,89.95,84,13.69,9.13,False
BAM,47.8,BASING,0.0,0,20,20,52.12,51.2,92,weekly,7.11,24 bear-built-above · rel-vol 1.5x · regime FAVORABLE,False,24,47.8,47.083,52.12,139,9.04,6.03,False
BAND,51.17,BASING,0.0,0,19,19,56.79,56.595,20,1h,10.6,30 bear-built-above · rel-vol 1.7x · regime FAVORABLE,False,19,51.17,50.4025,56.79,130,10.98,7.32,False
BAOS,0.2602,BASING,0.0,0,19,19,0.3012,0.29,2,daily,11.45,10 bear-built-above · rel-vol 0.1x · regime FAVORABLE,False,19,0.2602,0.2563,0.3012,25621,15.76,10.5,False
BATL,1.319,BASING,0.0,0,11,11,1.63,1.47,16,weekly,11.45,6 bear-built-above · rel-vol 1.3x · regime FAVORABLE,False,11,1.319,1.2992,1.63,5054,23.58,15.72,False
BAX,23.68,BASING,0.0,0,20,20,25.83,25.59,24,weekly,8.07,25 bear-built-above · rel-vol 1.2x · regime FAVORABLE,False,24,23.68,23.3248,25.83,281,9.08,6.05,False
BB,7.68,BASING,0.0,0,18,18,8.12,8.03,9,daily,4.56,25 bear-built-above · rel-vol 1.1x · regime FAVORABLE,False,18,7.68,7.5648,8.12,868,5.73,3.82,False
BBAI,2.8609,BASING,0.0,0,18,18,3.22,3.15,8,weekly,10.11,7 bear-built-above · rel-vol 0.9x · regime FAVORABLE,False,18,2.8609,2.818,3.22,2330,12.55,8.37,False
BBCP,10.29,BASING,0.0,0,20,20,10.34,10.3,4,45m,0.1,22 bear-built-above · rel-vol 1.0x · regime FAVORABLE,False,20,10.29,10.1356,10.34,647,0.49,0.32,False
BBD,3.51,BASING,0.0,0,17,17,3.86,3.74,12,daily,6.55,10 bear-built-above · rel-vol 0.7x · regime FAVORABLE,False,17,3.51,3.4573,3.86,1899,9.97,6.65,False
BBIO,72.15,BASING,0.0,0,20,20,74.84,73.6,125,weekly,2.01,43 bear-built-above · rel-vol 1.0x · regime FAVORABLE,False,20,72.15,71.0678,74.84,92,3.73,2.49,False
BBW,27.18,BASING,0.0,0,19,19,29.43,29.19,24,weekly,7.4,62 bear-built-above · rel-vol 0.5x · regime FAVORABLE,False,19,27.18,26.7723,29.43,245,8.28,5.52,False
BBWI,17.96,BASING,0.0,0,19,19,18.57,18.29,29,weekly,1.84,37 bear-built-above · rel-vol 0.8x · regime FAVORABLE,False,19,17.96,17.6906,18.57,371,3.4,2.26,False
BBY,94.95,BASING,0.0,0,4,4,97.44,96.62,82,weekly,1.76,rel-vol 1.1x · regime FAVORABLE,True,5,94.95,93.5258,97.44,70,2.62,1.75,False
BCO,109.35,BASING,0.0,0,20,20,130.13,123.0,713,daily,12.48,45 bear-built-above · rel-vol 1.1x · regime FAVORABLE,False,20,109.35,107.7097,130.13,60,19.0,12.67,False
BCRX,8.23,BASING,0.0,0,19,19,9.72,9.122,60,weekly,10.84,27 bear-built-above · rel-vol 1.5x · regime FAVORABLE,False,19,8.23,8.1066,9.72,810,18.1,12.07,False
BDC,113.41,BASING,0.0,0,20,20,122.26,117.25,502,weekly,3.39,32 bear-built-above · rel-vol 1.9x · regime FAVORABLE,False,20,113.41,111.7088,122.26,58,7.8,5.2,False
BDX,182.91,BASING,0.0,0,20,20,189.52,187.88,165,weekly,2.72,rel-vol 1.0x · regime FAVORABLE,False,22,182.91,180.1663,189.52,36,3.61,2.41,False
BE,251.98,BASING,0.0,0,19,19,267.76,257.05,1071,weekly,2.01,29 bear-built-above · rel-vol 1.1x · regime FAVORABLE,False,19,251.98,248.2003,267.76,26,6.26,4.17,False
BEAM,24.01,BASING,0.0,0,19,19,28.82,26.76,206,weekly,11.45,48 bear-built-above · rel-vol 0.8x · regime FAVORABLE,False,19,24.01,23.6499,28.82,277,20.03,13.36,False
BEEM,1.4,BASING,0.0,0,20,20,1.4798,1.4789,1,4h,5.64,14 bear-built-above · rel-vol 0.2x · regime FAVORABLE,False,20,1.4,1.379,1.4798,4761,5.7,3.8,False
BEG,45.5,BASING,0.0,0,20,20,52.2,46.03,618,4h,1.16,21 bear-built-above · rel-vol 1.6x · regime FAVORABLE,False,21,45.5,44.8175,52.2,146,14.73,9.82,False
BEN,33.15,BASING,0.0,0,20,20,34.58,34.48,11,weekly,4.01,34 bear-built-above · rel-vol 0.9x · regime FAVORABLE,False,20,33.15,32.6527,34.58,201,4.31,2.88,False
BEPC,29.6852,BASING,0.0,0,19,19,30.77,30.5,27,weekly,2.74,52 bear-built-above · rel-vol 1.3x · regime FAVORABLE,False,19,29.6852,29.2399,30.77,224,3.65,2.44,False
BETA,20.8,BASING,0.0,0,20,20,23.71,23.61,11,4h,13.51,19 bear-built-above · rel-vol 1.2x · regime FAVORABLE,False,21,20.8,20.488,23.71,320,13.99,9.33,False
BEX,31.27,BASING,0.0,0,20,20,36.13,32.59,354,weekly,4.22,22 bear-built-above · rel-vol 1.2x · regime FAVORABLE,False,23,31.27,30.801,36.13,213,15.54,10.36,False
BFH,109.23,BASING,0.0,0,8,8,115.0,113.0,200,1h,3.45,rel-vol 1.1x · regime FAVORABLE,False,8,109.23,107.5915,115.0,61,5.28,3.52,False
BGC,12.16,BASING,0.0,0,3,3,12.175,12.17,1,10m,0.08,3 bear-built-above · rel-vol 1.3x · regime FAVORABLE,False,3,12.16,11.9776,12.175,548,0.12,0.08,False
BHC,6.05,BASING,0.0,0,20,20,6.63,6.58,5,4h,8.76,9 bear-built-above · rel-vol 1.8x · regime FAVORABLE,False,20,6.05,5.9592,6.63,1101,9.59,6.39,False
BHF,50.0,BASING,0.0,0,20,20,52.24,52.11,14,daily,4.22,43 bear-built-above · rel-vol 1.4x · regime FAVORABLE,False,20,50.0,49.25,52.24,133,4.48,2.99,False
BHVN,12.67,BASING,0.0,0,17,17,14.62,13.525,110,daily,6.75,6 bear-built-above · rel-vol 0.5x · regime FAVORABLE,False,17,12.67,12.48,14.62,526,15.39,10.26,False
BIAF,7.49,BASING,0.0,0,20,20,7.95,7.93,3,weekly,5.87,28 bear-built-above · rel-vol 0.0x · regime FAVORABLE,False,20,7.49,7.3777,7.95,890,6.14,4.09,False
BILI,15.5,BASING,0.0,0,20,20,17.06,16.665,40,weekly,7.52,28 bear-built-above · rel-vol 0.6x · regime FAVORABLE,False,20,15.5,15.2675,17.06,430,10.06,6.71,False
BILL,49.78,BASING,0.0,0,19,19,54.48,54.01,47,daily,8.5,rel-vol 0.9x · regime FAVORABLE,False,21,49.78,49.0333,54.48,133,9.44,6.29,False
BIO,368.55,BASING,0.0,0,20,20,371.675,371.61,7,1h,0.83,17 bear-built-above · rel-vol 1.2x · regime FAVORABLE,False,21,368.55,363.0217,371.675,18,0.85,0.57,False
BIRK,30.85,BASING,0.0,0,20,20,35.65,35.16,50,weekly,13.97,57 bear-built-above · rel-vol 0.9x · regime FAVORABLE,False,20,30.85,30.3873,35.65,216,15.56,10.37,False
BITB,41.66,BASING,0.0,0,19,19,45.51,42.39,312,weekly,1.75,36 bear-built-above · rel-vol 0.7x · regime FAVORABLE,False,23,41.66,41.0351,45.51,160,9.24,6.16,False
BITO,10.31,BASING,0.0,0,19,19,11.6,10.8,80,weekly,4.75,49 bear-built-above · rel-vol 1.0x · regime FAVORABLE,False,24,10.31,10.1554,11.6,646,12.51,8.34,False
BITU,13.03,BASING,0.0,0,18,18,15.33,14.62,72,weekly,12.2,53 bear-built-above · rel-vol 0.9x · regime FAVORABLE,False,22,13.03,12.8345,15.33,511,17.65,11.77,False
BITX,16.76,BASING,0.0,0,18,18,19.52,18.58,95,weekly,10.86,63 bear-built-above · rel-vol 0.7x · regime FAVORABLE,False,24,16.76,16.5086,19.52,397,16.47,10.98,False
BJDX,0.85,BASING,0.0,0,19,19,0.8973,0.864,4,weekly,1.65,24 bear-built-above · rel-vol 0.1x · regime FAVORABLE,False,19,0.85,0.8372,0.8973,7843,5.56,3.71,False
BKD,11.91,BASING,0.0,0,18,18,12.545,12.54,1,1h,5.29,19 bear-built-above · rel-vol 0.6x · regime FAVORABLE,False,18,11.91,11.7314,12.545,559,5.33,3.55,False
BKNG,175.88,BASING,0.0,0,15,15,193.29,191.58,171,weekly,8.93,15 bear-built-above · rel-vol 1.4x · regime FAVORABLE,False,15,175.88,173.2418,193.29,37,9.9,6.6,False
BKV,23.86,BASING,0.0,0,20,20,26.55,25.26,129,daily,5.87,33 bear-built-above · rel-vol 0.6x · regime FAVORABLE,False,20,23.86,23.5021,26.55,279,11.27,7.52,False
BL,30.29,BASING,0.0,0,20,20,32.47,32.25,22,weekly,6.47,20 bear-built-above · rel-vol 0.8x · regime FAVORABLE,False,21,30.29,29.8356,32.47,220,7.2,4.8,False
BLBD,62.41,BASING,0.0,0,16,16,76.93,70.07,687,daily,12.27,20 bear-built-above · rel-vol 0.6x · regime FAVORABLE,False,16,62.41,61.4738,76.93,106,23.27,15.51,False
BLDR,59.78,BASING,0.0,0,20,20,67.72,66.99,74,weekly,12.06,24 bear-built-above · rel-vol 1.2x · regime FAVORABLE,False,20,59.78,58.8833,67.72,111,13.28,8.85,False
BLLN,100.82,BASING,0.0,0,13,13,142.07,105.16,3691,daily,4.3,10 bear-built-above · rel-vol 0.7x · regime FAVORABLE,False,13,100.82,99.3077,142.07,66,40.91,27.28,False
BLSH,36.0,BASING,0.0,0,20,20,41.81,39.46,236,daily,9.61,26 bear-built-above · rel-vol 1.4x · regime FAVORABLE,False,21,36.0,35.46,41.81,185,16.14,10.76,False
BLTE,173.0,BASING,0.0,0,20,20,192.71,191.09,163,daily,10.46,57 bear-built-above · rel-vol 0.9x · regime FAVORABLE,False,20,173.0,170.405,192.71,38,11.39,7.6,False
BMGL,6.49,BASING,0.0,0,15,15,7.14,7.0,14,4h,7.86,11 bear-built-above · rel-vol 19.8x · regime FAVORABLE,False,15,6.49,6.3926,7.14,1027,10.02,6.68,False
BMNR,24.65,BASING,0.0,0,20,20,28.77,27.75,102,weekly,12.58,35 bear-built-above · rel-vol 0.9x · regime FAVORABLE,False,22,24.65,24.2802,28.77,270,16.71,11.14,False
BMNU,18.77,BASING,0.0,0,20,20,19.135,19.1,4,1h,1.76,32 bear-built-above · rel-vol 1.0x · regime FAVORABLE,False,21,18.77,18.4885,19.135,355,1.94,1.3,False
BMRN,65.68,BASING,0.0,0,19,19,71.29,70.61,69,weekly,7.51,9 bear-built-above · rel-vol 0.7x · regime FAVORABLE,False,19,65.68,64.6948,71.29,101,8.54,5.69,False
BMY,63.98,BASING,0.0,0,19,19,66.25,65.66,60,weekly,2.63,26 bear-built-above · rel-vol 0.9x · regime FAVORABLE,False,20,63.98,63.0203,66.25,104,3.55,2.37,False
BNC,5.1,BASING,0.0,0,20,20,6.36,5.86,50,4h,14.9,24 bear-built-above · rel-vol 1.2x · regime FAVORABLE,True,21,5.1,5.0235,6.36,1307,24.71,16.47,False
BNS,93.43,BASING,0.0,0,15,15,95.6535,94.81,85,1h,1.48,1 bear-built-above · rel-vol 0.9x · regime FAVORABLE,False,15,93.43,92.0286,95.6535,71,2.38,1.59,False
BNTX,98.02,BASING,0.0,0,18,18,111.4,102.34,907,daily,4.41,14 bear-built-above · rel-vol 0.7x · regime FAVORABLE,False,18,98.02,96.5497,111.4,68,13.65,9.1,False
BOIL,20.18,BASING,0.0,0,19,19,21.81,21.26,55,weekly,5.35,13 bear-built-above · rel-vol 1.0x · regime FAVORABLE,False,19,20.18,19.8773,21.81,330,8.08,5.38,False
BOOT,144.98,BASING,0.0,0,17,17,152.6,151.01,160,daily,4.16,22 bear-built-above · rel-vol 0.9x · regime FAVORABLE,False,18,144.98,142.8053,152.6,45,5.26,3.5,False
BOX,34.4206,BASING,0.0,0,20,20,35.19,34.86,33,daily,1.28,8 bear-built-above · rel-vol 0.8x · regime FAVORABLE,False,22,34.4206,33.9043,35.19,193,2.24,1.49,False
BR,174.39,BASING,0.0,0,16,16,178.38,175.91,247,daily,0.87,8 bear-built-above · rel-vol 0.7x · regime FAVORABLE,False,18,174.39,171.7741,178.38,38,2.29,1.53,False
BRKR,52.24,BASING,0.0,0,20,20,62.09,54.07,803,daily,3.5,38 bear-built-above · rel-vol 1.4x · regime FAVORABLE,False,23,52.24,51.4564,62.09,127,18.86,12.57,False
BRNX,2.7005,BASING,0.0,0,8,8,2.85,2.78,8,1m,2.94,8 bear-built-above · rel-vol 0.2x · regime FAVORABLE,True,8,2.7005,2.66,2.85,2468,5.54,3.69,False
BROS,44.2861,BASING,0.0,0,18,18,49.91,49.6,31,weekly,12.0,40 bear-built-above · rel-vol 0.8x · regime FAVORABLE,False,18,44.2861,43.6218,49.91,150,12.7,8.47,False
BRSL,10.69,BASING,0.0,0,20,20,11.57,11.47,10,weekly,7.3,20 bear-built-above · rel-vol 1.0x · regime FAVORABLE,False,20,10.69,10.5297,11.57,623,8.23,5.49,False
BRUN,14.57,BASING,0.0,0,20,20,16.63,15.74,89,weekly,8.03,36 bear-built-above · rel-vol 1.3x · regime FAVORABLE,False,20,14.57,14.3514,16.63,457,14.14,9.43,False
BRZE,25.31,BASING,0.0,0,20,20,30.31,26.18,413,daily,3.44,16 bear-built-above · rel-vol 0.8x · regime FAVORABLE,False,24,25.31,24.9303,30.31,263,19.76,13.17,False
BSOL,13.79,BASING,0.0,0,20,20,14.95,14.62,34,1h,6.02,39 bear-built-above · rel-vol 0.7x · regime FAVORABLE,False,23,13.79,13.5831,14.95,483,8.41,5.61,False
BSP,41.0,BASING,0.0,0,20,20,48.13,46.83,131,daily,14.22,11 bear-built-above · rel-vol 2.4x · regime FAVORABLE,False,20,41.0,40.385,48.13,162,17.39,11.59,False
BSX,45.1,BASING,0.0,0,19,19,50.37,50.29,8,weekly,11.51,25 bear-built-above · rel-vol 1.0x · regime FAVORABLE,False,19,45.1,44.4235,50.37,147,11.69,7.79,False
BSY,31.91,BASING,0.0,0,19,19,33.71,33.32,40,weekly,4.42,23 bear-built-above · rel-vol 1.2x · regime FAVORABLE,False,19,31.91,31.4313,33.71,208,5.64,3.76,False
BTBT,1.49,BASING,0.0,0,20,20,1.59,1.52,8,weekly,2.01,21 bear-built-above · rel-vol 0.7x · regime FAVORABLE,False,21,1.49,1.4676,1.59,4474,6.71,4.47,False
BTC,33.98,BASING,0.0,0,18,18,37.08,34.52,256,weekly,1.59,40 bear-built-above · rel-vol 1.0x · regime FAVORABLE,False,24,33.98,33.4703,37.08,196,9.12,6.08,False
BTCT,1.45,BASING,0.0,0,20,20,1.61,1.595,2,1m,10.0,18 bear-built-above · rel-vol 0.1x · regime FAVORABLE,False,20,1.45,1.4283,1.61,4597,11.03,7.36,False
BTCZ,3.57,BASING,0.0,0,7,7,4.135,3.64,50,daily,1.96,rel-vol 1.8x · regime FAVORABLE,False,10,3.57,3.5164,4.135,1867,15.83,10.55,False
BTDR,11.59,BASING,0.0,0,20,20,13.29,12.83,46,weekly,10.7,27 bear-built-above · rel-vol 0.8x · regime FAVORABLE,False,20,11.59,11.4162,13.29,575,14.67,9.78,False
BTE,5.03,BASING,0.0,0,5,5,5.0593,5.05,1,1h,0.4,3 bear-built-above · rel-vol 1.2x · regime FAVORABLE,True,5,5.03,4.9546,5.0593,1325,0.58,0.39,False
BTG,5.17,BASING,0.0,0,20,20,6.01,5.68,34,daily,9.86,49 bear-built-above · rel-vol 0.5x · regime FAVORABLE,False,21,5.17,5.0924,6.01,1289,16.25,10.83,False
BTQ,2.83,BASING,0.0,0,19,19,2.95,2.93,3,daily,3.53,29 bear-built-above · rel-vol 1.3x · regime FAVORABLE,False,19,2.83,2.7875,2.95,2355,4.24,2.83,False
BTSG,59.9858,BASING,0.0,0,20,20,61.99,61.33,67,daily,2.24,31 bear-built-above · rel-vol 1.5x · regime FAVORABLE,False,20,59.9858,59.086,61.99,111,3.34,2.23,False
BTU,27.63,BASING,0.0,0,18,18,31.96,30.43,154,daily,10.13,62 bear-built-above · rel-vol 1.2x · regime FAVORABLE,False,18,27.63,27.2156,31.96,241,15.67,10.45,False
BUG,43.8,BASING,0.0,0,9,9,44.4496,44.39,6,5m,1.35,9 bear-built-above · rel-vol 2.1x · regime FAVORABLE,False,9,43.8,43.143,44.4496,152,1.48,0.99,False
BULL,8.89,BASING,0.0,0,20,20,9.22,9.12,11,weekly,2.59,28 bear-built-above · rel-vol 0.6x · regime FAVORABLE,False,20,8.89,8.7567,9.22,749,3.71,2.47,False
BW,7.03,BASING,0.0,0,18,18,7.51,7.33,18,daily,4.27,26 bear-built-above · rel-vol 1.3x · regime FAVORABLE,False,18,7.03,6.9245,7.51,948,6.83,4.55,False
BWET,772.0,BASING,0.0,0,4,4,804.98,803.0,199,10m,4.02,4 bear-built-above · rel-vol 1.5x · regime FAVORABLE,True,4,772.0,760.42,804.98,8,4.27,2.85,False
BWIN,32.34,BASING,0.0,0,4,4,36.37,33.63,274,daily,3.99,rel-vol 11.3x · regime FAVORABLE,True,6,32.34,31.8549,36.37,206,12.46,8.31,False
BWXT,148.82,BASING,0.0,0,19,19,171.54,168.11,343,daily,12.96,80 bear-built-above · rel-vol 1.1x · regime FAVORABLE,False,19,148.82,146.5877,171.54,44,15.27,10.18,False
BX,126.86,BASING,0.0,0,18,18,136.15,135.59,57,weekly,6.88,55 bear-built-above · rel-vol 0.9x · regime FAVORABLE,False,21,126.86,124.9571,136.15,52,7.32,4.88,False
BXSL,24.645,BASING,0.0,0,20,20,27.12,26.38,75,daily,7.04,11 bear-built-above · rel-vol 1.0x · regime FAVORABLE,False,21,24.645,24.2753,27.12,270,10.04,6.7,False
BYND,10.3246,BASING,0.0,0,20,20,10.9,10.77,14,daily,4.31,24 bear-built-above · rel-vol 0.8x · regime FAVORABLE,False,20,10.3246,10.1697,10.9,645,5.57,3.72,False
BZ,15.45,BASING,0.0,0,20,20,16.44,16.03,42,weekly,3.75,29 bear-built-above · rel-vol 4.2x · regime FAVORABLE,False,21,15.45,15.2182,16.44,431,6.41,4.27,False
C,135.14,BASING,0.0,0,20,20,138.82,137.355,147,daily,1.64,48 bear-built-above · rel-vol 1.8x · regime FAVORABLE,False,20,135.14,133.1129,138.82,49,2.72,1.82,False
CACI,637.16,BASING,0.0,0,20,20,647.39,644.03,337,weekly,1.08,9 bear-built-above · rel-vol 1.3x · regime FAVORABLE,False,22,637.16,627.6026,647.39,10,1.61,1.07,False
CAI,25.54,BASING,0.0,0,20,20,26.38,26.15,24,daily,2.39,1 bear-built-above · rel-vol 0.7x · regime FAVORABLE,False,21,25.54,25.1569,26.38,261,3.29,2.19,False
CAKE,103.8992,BASING,0.0,0,20,20,107.21,105.92,129,daily,1.94,29 bear-built-above · rel-vol 0.7x · regime FAVORABLE,False,20,103.8992,102.3407,107.21,64,3.19,2.12,False
CALM,75.02,BASING,0.0,0,20,20,80.21,79.77,44,weekly,6.33,11 bear-built-above · rel-vol 0.8x · regime FAVORABLE,False,20,75.02,73.8947,80.21,88,6.92,4.61,False
CAMT,133.84,BASING,0.0,0,20,20,147.97,136.94,1103,weekly,2.32,55 bear-built-above · rel-vol 1.8x · regime FAVORABLE,False,20,133.84,131.8324,147.97,49,10.56,7.04,False
CAPR,8.8,BASING,0.0,0,12,12,9.4,9.15,25,weekly,3.98,6 bear-built-above · rel-vol 0.4x · regime FAVORABLE,False,12,8.8,8.668,9.4,757,6.82,4.55,False
CAR,118.7,BASING,0.0,0,19,19,121.74,121.01,73,weekly,1.95,69 bear-built-above · rel-vol 1.2x · regime FAVORABLE,False,19,118.7,116.9195,121.74,56,2.56,1.71,False
CART,49.4193,BASING,0.0,0,20,20,50.92,50.475,45,weekly,2.14,21 bear-built-above · rel-vol 0.8x · regime FAVORABLE,False,22,49.4193,48.678,50.92,134,3.04,2.02,False
CAST,1.3416,BASING,0.0,0,20,20,1.465,1.46,1,15m,8.83,20 bear-built-above · rel-vol 0.0x · regime FAVORABLE,False,20,1.3416,1.3215,1.465,4969,9.2,6.13,False
CBOE,284.5,BASING,0.0,0,18,18,298.38,294.48,390,weekly,3.51,22 bear-built-above · rel-vol 0.8x · regime FAVORABLE,False,18,284.5,280.2325,298.38,23,4.88,3.25,False
CBRL,50.25,BASING,0.0,0,20,20,55.66,55.34,32,weekly,10.13,30 bear-built-above · rel-vol 0.9x · regime FAVORABLE,False,20,50.25,49.4962,55.66,132,10.77,7.18,False
CBRS,180.4,BASING,0.0,0,17,17,191.93,181.21,1072,weekly,0.45,43 bear-built-above · rel-vol 0.7x · regime FAVORABLE,False,17,180.4,177.694,191.93,36,6.39,4.26,False
CCC,6.75,BASING,0.0,0,7,7,7.83,7.72,12,daily,14.37,6 bear-built-above · rel-vol 2.1x · regime FAVORABLE,False,8,6.75,6.6487,7.83,987,16.0,10.67,False
CCJ,93.9379,BASING,0.0,0,18,18,100.41,98.33,208,daily,4.68,60 bear-built-above · rel-vol 1.3x · regime FAVORABLE,False,18,93.9379,92.5288,100.41,70,6.89,4.59,False
CCL,22.38,BASING,0.0,0,16,16,23.51,23.27,25,weekly,3.98,26 bear-built-above · rel-vol 0.9x · regime FAVORABLE,False,16,22.38,22.0443,23.51,297,5.05,3.37,False
CCO,2.38,BASING,0.0,0,3,3,2.42,2.41,1,weekly,1.26,2 bear-built-above · rel-vol 0.5x · regime FAVORABLE,False,3,2.38,2.3443,2.42,2801,1.68,1.12,False
CCUP,27.01,BASING,0.0,0,19,19,28.84,27.36,149,1m,1.3,25 bear-built-above · rel-vol 0.5x · regime FAVORABLE,False,21,27.01,26.6049,28.84,246,6.78,4.52,False
CDE,19.7,BASING,0.0,0,20,20,22.64,21.7,95,weekly,10.15,40 bear-built-above · rel-vol 0.7x · regime FAVORABLE,False,23,19.7,19.4045,22.64,338,14.92,9.95,False
CDNA,52.69,BASING,0,0,0,0,,,,,0,rel-vol 0.7x · regime FAVORABLE,True,0,52.69,51.8996,57.959,126,10.0,6.67,False
CDNL,33.55,BASING,0.0,0,20,20,35.65,34.53,112,weekly,2.92,33 bear-built-above · rel-vol 1.0x · regime FAVORABLE,False,20,33.55,33.0467,35.65,198,6.26,4.17,False
CDNS,277.9505,BASING,0.0,0,19,19,292.7,291.34,137,weekly,4.82,55 bear-built-above · rel-vol 1.0x · regime FAVORABLE,False,19,277.9505,273.7812,292.7,23,5.31,3.54,False
CDT,0.2183,BASING,0.0,0,12,12,0.25,0.2202,3,weekly,0.87,12 bear-built-above · rel-vol 1.6x · regime FAVORABLE,False,12,0.2183,0.215,0.25,30539,14.52,9.68,False
CDTG,1.2703,BASING,0.0,0,18,18,1.41,1.38,4,daily,8.64,22 bear-built-above · rel-vol 0.0x · regime FAVORABLE,False,18,1.2703,1.2512,1.41,5248,11.0,7.33,False
CDW,151.7,BASING,0.0,0,7,7,174.38,172.8,158,daily,13.91,3 bear-built-above · rel-vol 0.7x · regime FAVORABLE,True,9,151.7,149.4245,174.38,43,14.95,9.97,False
CE,45.92,BASING,0.0,0,17,17,51.16,50.91,25,weekly,10.87,rel-vol 1.2x · regime FAVORABLE,False,17,45.92,45.2312,51.16,145,11.41,7.61,False
CECO,71.0,BASING,0.0,0,19,19,77.51,74.34,318,daily,4.7,40 bear-built-above · rel-vol 1.7x · regime FAVORABLE,False,19,71.0,69.935,77.51,93,9.17,6.11,False
CEG,264.36,BASING,0.0,0,17,17,284.75,276.515,824,weekly,4.6,58 bear-built-above · rel-vol 1.5x · regime FAVORABLE,False,17,264.36,260.3946,284.75,25,7.71,5.14,False
CELC,83.61,BASING,0.0,0,20,20,122.96,95.0,2796,daily,13.62,33 bear-built-above · rel-vol 2.0x · regime FAVORABLE,False,20,83.61,82.3559,122.96,79,47.06,31.38,False
CELH,28.4615,BASING,0.0,0,20,20,32.98,32.3,68,weekly,13.49,15 bear-built-above · rel-vol 1.0x · regime FAVORABLE,False,20,28.4615,28.0346,32.98,234,15.88,10.58,False
CELU,1.41,BASING,0.0,0,4,4,1.63,1.62,1,1h,14.89,rel-vol 0.0x · regime FAVORABLE,False,4,1.41,1.3888,1.63,4728,15.6,10.4,False
CENX,41.51,BASING,0.0,0,19,19,44.05,43.0,105,weekly,3.59,42 bear-built-above · rel-vol 0.9x · regime FAVORABLE,False,19,41.51,40.8873,44.05,160,6.12,4.08,False
CEVA,27.62,BASING,0.0,0,20,20,32.71,31.25,147,daily,13.14,20 bear-built-above · rel-vol 0.8x · regime FAVORABLE,False,20,27.62,27.2057,32.71,241,18.43,12.29,False
CF,133.0,BASING,0.0,0,17,17,141.3395,140.12,122,30m,5.35,18 bear-built-above · rel-vol 0.8x · regime FAVORABLE,False,17,133.0,131.005,141.3395,50,6.27,4.18,False
CG,41.82,BASING,0.0,0,19,19,42.34,41.965,38,weekly,0.35,28 bear-built-above · rel-vol 1.0x · regime FAVORABLE,False,19,41.82,41.1927,42.34,159,1.24,0.83,False
CGEM,20.4,BASING,0.0,0,20,20,21.61,21.31,31,daily,4.46,40 bear-built-above · rel-vol 1.8x · regime FAVORABLE,False,20,20.4,20.094,21.61,326,5.93,3.95,False
CGNX,59.3632,BASING,0.0,0,20,20,62.49,61.105,139,weekly,2.93,52 bear-built-above · rel-vol 1.2x · regime FAVORABLE,False,24,59.3632,58.4728,62.49,112,5.27,3.51,False
CGON,73.3,BASING,0.0,0,13,13,80.68,79.5,119,45m,8.46,4 bear-built-above · rel-vol 1.2x · regime FAVORABLE,True,13,73.3,72.2005,80.68,90,10.07,6.71,False
CHAI,0.27,BASING,0.0,0,13,13,0.3064,0.305,1,15m,12.96,7 bear-built-above · rel-vol 0.0x · regime FAVORABLE,False,13,0.27,0.266,0.3064,24691,13.48,8.99,False
CHDN,83.6,BASING,0.0,0,19,19,89.9,89.31,60,weekly,6.83,25 bear-built-above · rel-vol 1.2x · regime FAVORABLE,False,19,83.6,82.346,89.9,79,7.54,5.02,False
CHEF,112.84,BASING,0.0,0,20,20,114.455,114.27,19,4h,1.27,19 bear-built-above · rel-vol 0.7x · regime FAVORABLE,False,21,112.84,111.1474,114.455,59,1.43,0.95,False
CHKP,138.01,BASING,0.0,0,20,20,145.87,144.93,94,daily,5.01,21 bear-built-above · rel-vol 2.0x · regime FAVORABLE,False,20,138.01,135.9398,145.87,48,5.7,3.8,False
CHPT,8.79,BASING,0.0,0,20,20,9.06,8.88,18,weekly,1.02,20 bear-built-above · rel-vol 0.3x · regime FAVORABLE,False,20,8.79,8.6581,9.06,758,3.07,2.05,False
CHRD,151.5,BASING,0.0,0,20,20,155.43,155.25,19,1h,2.48,36 bear-built-above · rel-vol 1.1x · regime FAVORABLE,True,21,151.5,149.2275,155.43,44,2.59,1.73,False
CHRW,153.81,BASING,0.0,0,17,17,169.0,161.89,712,daily,5.25,13 bear-built-above · rel-vol 1.3x · regime FAVORABLE,False,17,153.81,151.5028,169.0,43,9.88,6.58,False
CHTR,143.2,BASING,0.0,0,20,20,151.96,151.94,3,weekly,6.1,33 bear-built-above · rel-vol 0.8x · regime FAVORABLE,False,20,143.2,141.052,151.96,46,6.12,4.08,False
CHWY,21.37,BASING,0.0,0,15,15,23.27,21.85,142,daily,2.25,19 bear-built-above · rel-vol 1.5x · regime FAVORABLE,False,15,21.37,21.0495,23.27,311,8.89,5.93,False
CHYM,33.75,BASING,0.0,0,20,20,35.7,35.46,25,30m,5.07,22 bear-built-above · rel-vol 1.3x · regime FAVORABLE,False,20,33.75,33.2437,35.7,197,5.78,3.85,False
CIBR,98.94,BASING,0.0,0,17,17,102.44,102.125,32,30m,3.22,10 bear-built-above · rel-vol 1.7x · regime FAVORABLE,True,17,98.94,97.4559,102.44,67,3.54,2.36,False
CIEN,318.5,BASING,0.0,0,16,16,336.92,326.98,994,daily,2.66,62 bear-built-above · rel-vol 1.0x · regime FAVORABLE,False,16,318.5,313.7225,336.92,20,5.78,3.86,False
CIFR,15.53,BASING,0.0,0,19,19,16.85,15.635,122,weekly,0.68,42 bear-built-above · rel-vol 1.0x · regime FAVORABLE,False,19,15.53,15.297,16.85,429,8.5,5.67,False
CLBK,11.4,BASING,0.0,0,7,7,11.7,11.66,4,4h,2.28,4 bear-built-above · rel-vol 0.9x · regime FAVORABLE,True,7,11.4,11.229,11.7,584,2.63,1.75,False
CLBT,11.67,BASING,0.0,0,16,16,13.46,13.38,9,4h,14.65,5 bear-built-above · rel-vol 1.1x · regime FAVORABLE,False,16,11.67,11.4949,13.46,571,15.34,10.23,False
CLF,11.6779,BASING,0.0,0,19,19,12.06,11.84,23,weekly,1.39,17 bear-built-above · rel-vol 1.0x · regime FAVORABLE,False,20,11.6779,11.5027,12.06,570,3.27,2.18,False
CLMT,55.77,BASING,0.0,0,15,15,58.1146,58.0,12,1h,4.0,15 bear-built-above · rel-vol 1.1x · regime FAVORABLE,True,15,55.77,54.9335,58.1146,119,4.2,2.8,False
CLOU,28.1,BASING,0.0,0,20,20,28.5,28.21,29,4h,0.39,6 bear-built-above · rel-vol 0.5x · regime FAVORABLE,False,20,28.1,27.6785,28.5,237,1.42,0.95,False
CLS,315.88,BASING,0.0,0,20,20,329.05,323.15,591,daily,2.3,49 bear-built-above · rel-vol 1.1x · regime FAVORABLE,False,22,315.88,311.1418,329.05,21,4.17,2.78,False
CLSK,13.02,BASING,0.0,0,20,20,14.865,14.85,2,1h,14.06,32 bear-built-above · rel-vol 1.0x · regime FAVORABLE,False,20,13.02,12.8247,14.865,512,14.17,9.45,False
CLYM,14.55,BASING,0.0,0,20,20,16.075,16.03,5,15m,10.17,31 bear-built-above · rel-vol 0.7x · regime FAVORABLE,False,20,14.55,14.3318,16.075,458,10.48,6.99,False
CMCSA,24.91,BASING,0.0,0,18,18,27.56,27.45,11,weekly,10.2,29 bear-built-above · rel-vol 1.6x · regime FAVORABLE,False,18,24.91,24.5363,27.56,267,10.64,7.09,False
CMG,37.0,BASING,0.0,0,18,18,37.57,37.41,17,daily,1.11,rel-vol 0.8x · regime FAVORABLE,False,18,37.0,36.445,37.57,180,1.54,1.03,False
CMPS,14.5,BASING,0.0,0,20,20,14.7,14.61,9,1h,0.76,24 bear-built-above · rel-vol 1.0x · regime FAVORABLE,False,21,14.5,14.2825,14.7,459,1.38,0.92,False
CMRC,3.7,BASING,0.0,0,4,4,4.05,4.01,5,weekly,8.38,rel-vol 0.9x · regime FAVORABLE,False,4,3.7,3.6445,4.05,1801,9.46,6.31,False
CNC,69.11,BASING,0.0,0,3,3,72.47,69.55,293,daily,0.64,1 bear-built-above · rel-vol 1.0x · regime FAVORABLE,False,3,69.11,68.0734,72.47,96,4.86,3.24,False
CNH,13.75,BASING,0.0,0,19,19,13.85,13.845,1,1h,0.69,19 bear-built-above · rel-vol 0.6x · regime FAVORABLE,False,19,13.75,13.5437,13.85,484,0.73,0.48,False
CNK,34.83,BASING,0.0,0,20,20,37.4,37.17,23,daily,6.72,26 bear-built-above · rel-vol 0.7x · regime FAVORABLE,False,22,34.83,34.3075,37.4,191,7.38,4.92,False
CNM,40.81,BASING,0.0,0,18,18,41.6,41.0,61,daily,0.47,10 bear-built-above · rel-vol 1.2x · regime FAVORABLE,False,18,40.81,40.1979,41.6,163,1.94,1.29,False
CNQ,50.81,BASING,0.0,0,12,12,52.21,52.15,7,30m,2.64,12 bear-built-above · rel-vol 1.2x · regime FAVORABLE,True,12,50.81,50.0479,52.21,131,2.76,1.84,False
CNR,96.31,BASING,0.0,0,20,20,97.47,97.16,32,weekly,0.88,39 bear-built-above · rel-vol 0.8x · regime FAVORABLE,False,21,96.31,94.8654,97.47,69,1.2,0.8,False
CNX,35.39,BASING,0.0,0,20,20,39.29,38.91,39,daily,9.95,29 bear-built-above · rel-vol 1.3x · regime FAVORABLE,False,20,35.39,34.8591,39.29,188,11.02,7.35,False
CNXC,29.2,BASING,0.0,0,20,20,32.16,31.77,39,daily,8.8,22 bear-built-above · rel-vol 1.0x · regime FAVORABLE,False,20,29.2,28.762,32.16,228,10.14,6.76,False
COCO,55.03,BASING,0.0,0,19,19,58.715,58.61,11,daily,6.51,8 bear-built-above · rel-vol 2.3x · regime FAVORABLE,False,19,55.03,54.2045,58.715,121,6.7,4.46,False
COGT,33.37,BASING,0.0,0,19,19,34.61,34.16,46,weekly,2.37,16 bear-built-above · rel-vol 0.9x · regime FAVORABLE,False,19,33.37,32.8695,34.61,199,3.72,2.48,False
COHR,267.7715,BASING,0.0,0,19,19,303.18,283.75,1944,daily,5.97,33 bear-built-above · rel-vol 1.6x · regime FAVORABLE,False,19,267.7715,263.7549,303.18,24,13.22,8.82,False
COHU,50.9,BASING,0.0,0,20,20,56.09,52.232,386,daily,2.62,64 bear-built-above · rel-vol 1.0x · regime FAVORABLE,False,21,50.9,50.1365,56.09,130,10.2,6.8,False
COHX,19.75,BASING,0.0,0,19,19,21.1522,21.02,14,30m,6.43,35 bear-built-above · rel-vol 1.4x · regime FAVORABLE,False,19,19.75,19.4537,21.1522,337,7.1,4.73,False
COIN,182.51,BASING,0.0,0,20,20,207.5122,207.29,23,1h,13.58,62 bear-built-above · rel-vol 1.3x · regime FAVORABLE,False,24,182.51,179.7723,207.5122,36,13.7,9.13,False
COKE,200.52,BASING,0.0,0,4,4,210.52,207.35,318,daily,3.41,rel-vol 1.5x · regime FAVORABLE,True,4,200.52,197.5122,210.52,33,4.99,3.32,False
COLD,14.97,BASING,0.0,0,14,14,16.25,16.1,15,daily,7.55,rel-vol 1.2x · regime FAVORABLE,False,16,14.97,14.7454,16.25,445,8.55,5.7,False
COMP,10.69,BASING,0.0,0,20,20,11.06,10.94,13,weekly,2.34,11 bear-built-above · rel-vol 1.3x · regime FAVORABLE,False,21,10.69,10.5297,11.06,623,3.46,2.31,False
CONL,5.72,BASING,0.0,0,20,20,6.72,6.565,16,daily,14.77,24 bear-built-above · rel-vol 1.4x · regime FAVORABLE,False,21,5.72,5.6342,6.72,1165,17.48,11.66,False
COO,54.19,BASING,0.0,0,5,5,54.56,54.54,3,30m,0.65,5 bear-built-above · rel-vol 1.6x · regime FAVORABLE,False,5,54.19,53.3772,54.56,123,0.68,0.46,False
COPX,84.0,BASING,0.0,0,16,16,88.53,85.62,291,weekly,1.93,64 bear-built-above · rel-vol 1.1x · regime FAVORABLE,False,16,84.0,82.74,88.53,79,5.39,3.6,False
CORD,3.37,BASING,0.0,0,17,17,4.19,3.85,35,daily,14.24,6 bear-built-above · rel-vol 1.1x · regime FAVORABLE,True,17,3.37,3.3195,4.19,1978,24.33,16.22,False
CORT,111.8,BASING,0.0,0,20,20,123.57,122.57,100,daily,9.63,31 bear-built-above · rel-vol 1.5x · regime FAVORABLE,False,20,111.8,110.123,123.57,59,10.53,7.02,False
CORZ,17.09,BASING,0.0,0,17,17,20.13,19.5,63,daily,14.1,25 bear-built-above · rel-vol 0.9x · regime FAVORABLE,False,17,17.09,16.8336,20.13,390,17.79,11.86,False
COTY,2.723,BASING,0.0,0,16,16,3.04,3.03,2,30m,11.27,13 bear-built-above · rel-vol 0.7x · regime FAVORABLE,False,17,2.723,2.6822,3.04,2448,11.64,7.76,False
COUR,5.39,BASING,0.0,0,19,19,5.8,5.78,2,weekly,7.24,35 bear-built-above · rel-vol 1.2x · regime FAVORABLE,False,19,5.39,5.3091,5.8,1236,7.61,5.07,False
CPNG,15.05,BASING,0.0,0,18,18,15.29,15.24,5,weekly,1.26,28 bear-built-above · rel-vol 0.8x · regime FAVORABLE,False,18,15.05,14.8243,15.29,442,1.59,1.06,False
CPRI,14.1,BASING,0.0,0,20,20,15.25,15.1,16,weekly,7.09,rel-vol 1.3x · regime FAVORABLE,True,20,14.1,13.8885,15.25,472,8.16,5.44,False
CPRT,31.77,BASING,0.0,0,19,19,32.6,32.36,25,daily,1.86,20 bear-built-above · rel-vol 1.1x · regime FAVORABLE,False,19,31.77,31.2934,32.6,209,2.61,1.74,False
CRBG,34.5,BASING,0.0,0,3,3,34.96,34.95,1,10m,1.3,3 bear-built-above · rel-vol 1.8x · regime FAVORABLE,True,5,34.5,33.9825,34.96,193,1.33,0.89,False
CRC,56.01,BASING,0.0,0,20,20,58.61,56.67,194,weekly,1.18,26 bear-built-above · rel-vol 1.2x · regime FAVORABLE,False,20,56.01,55.1698,58.61,119,4.64,3.09,False
CRCA,23.01,BASING,0.0,0,19,19,24.45,23.35,110,45m,1.48,36 bear-built-above · rel-vol 0.7x · regime FAVORABLE,False,22,23.01,22.6649,24.45,289,6.26,4.17,False
CRCG,15.5,BASING,0.0,0,19,19,16.55,15.72,83,45m,1.42,39 bear-built-above · rel-vol 0.9x · regime FAVORABLE,False,22,15.5,15.2675,16.55,430,6.77,4.52,False
CRCL,92.0,BASING,0.0,0,20,20,104.97,101.88,310,daily,10.74,41 bear-built-above · rel-vol 1.1x · regime FAVORABLE,False,21,92.0,90.62,104.97,72,14.1,9.4,False
CRDO,150.1,BASING,0.0,0,18,18,162.95,153.691,926,weekly,2.39,18 bear-built-above · rel-vol 1.4x · regime FAVORABLE,False,19,150.1,147.8485,162.95,44,8.56,5.71,False
CRE,2.7,BASING,0.0,0,20,20,2.96,2.88,9,30m,6.67,21 bear-built-above · rel-vol 0.0x · regime FAVORABLE,False,20,2.7,2.6595,2.96,2469,9.63,6.42,False
CRGY,14.76,BASING,0.0,0,7,7,15.99,15.9,9,weekly,7.72,4 bear-built-above · rel-vol 1.1x · regime FAVORABLE,False,7,14.76,14.5386,15.99,451,8.33,5.56,False
CRL,273.11,BASING,0.0,0,20,20,291.5,288.5,300,weekly,5.64,32 bear-built-above · rel-vol 1.6x · regime FAVORABLE,False,20,273.11,269.0134,291.5,24,6.73,4.49,False
CRM,255.0,BASING,0.0,0,20,20,282.5,279.0,350,daily,9.41,22 bear-built-above · rel-vol 0.8x · regime FAVORABLE,False,21,255.0,251.175,282.5,26,10.78,7.19,False
CRMG,9.78,BASING,0.0,0,20,20,11.06,10.8,26,daily,10.43,42 bear-built-above · rel-vol 0.5x · regime FAVORABLE,False,21,9.78,9.6333,11.06,681,13.09,8.73,False
CRML,6.401,BASING,0.0,0,14,14,7.07,6.81,27,daily,6.39,19 bear-built-above · rel-vol 0.7x · regime FAVORABLE,False,14,6.401,6.305,7.07,1041,10.45,6.97,False
CRNX,84.97,BASING,0,0,0,0,,,,,0,rel-vol 3.2x · regime FAVORABLE,False,0,84.97,83.6954,93.467,78,10.0,6.67,False
CRS,420.38,BASING,0.0,0,20,20,475.33,470.17,516,weekly,11.84,65 bear-built-above · rel-vol 0.9x · regime FAVORABLE,False,20,420.38,414.0743,475.33,15,13.07,8.71,False
CRSP,52.55,BASING,0.0,0,18,18,57.72,56.55,118,weekly,7.61,65 bear-built-above · rel-vol 1.0x · regime FAVORABLE,False,18,52.55,51.7617,57.72,126,9.84,6.56,False
CRSR,12.8492,BASING,0.0,0,14,14,13.6,13.02,59,10m,1.33,11 bear-built-above · rel-vol 1.0x · regime FAVORABLE,False,14,12.8492,12.6565,13.6,518,5.84,3.9,False
CRUS,116.38,BASING,0.0,0,19,19,129.42,123.51,591,daily,6.13,21 bear-built-above · rel-vol 0.9x · regime FAVORABLE,False,19,116.38,114.6343,129.42,57,11.2,7.47,False
CRWD,231.1,BASING,0.0,0,17,17,235.432,233.4,204,15m,1.0,17 bear-built-above · rel-vol 2.2x · regime FAVORABLE,True,18,231.1,227.6335,235.432,28,1.87,1.25,False
CRWL,81.81,BASING,0.0,0,20,20,85.27,85.0181,26,1h,3.92,34 bear-built-above · rel-vol 4.4x · regime FAVORABLE,True,20,81.81,80.5829,85.27,81,4.23,2.82,False
CRWV,82.21,BASING,0.0,0,20,20,88.99,82.98,601,weekly,0.94,32 bear-built-above · rel-vol 1.2x · regime FAVORABLE,False,20,82.21,80.9768,88.99,81,8.25,5.5,False
CSCO,109.45,BASING,0.0,0,16,16,122.745,113.925,883,daily,4.09,34 bear-built-above · rel-vol 0.9x · regime FAVORABLE,False,16,109.45,107.8083,122.745,60,12.15,8.1,False
CSGP,31.85,BASING,0.0,0,12,12,32.22,31.945,28,weekly,0.3,rel-vol 0.9x · regime FAVORABLE,False,12,31.85,31.3723,32.22,209,1.16,0.77,False
CSTL,33.44,BASING,0.0,0,7,7,35.48,34.8,68,1h,4.07,rel-vol 0.5x · regime FAVORABLE,True,7,33.44,32.9384,35.48,199,6.1,4.07,False
CSX,48.63,BASING,0.0,0,20,20,49.41,48.98,43,weekly,0.72,15 bear-built-above · rel-vol 0.9x · regime FAVORABLE,False,22,48.63,47.9006,49.41,137,1.6,1.07,False
CTRI,19.57,BASING,0.0,0,18,18,20.16,19.65,52,weekly,0.41,34 bear-built-above · rel-vol 1.0x · regime FAVORABLE,False,18,19.57,19.2765,20.16,340,3.01,2.01,False
CTSH,63.82,BASING,0.0,0,11,11,70.91,70.41,50,daily,10.33,2 bear-built-above · rel-vol 1.2x · regime FAVORABLE,False,11,63.82,62.8627,70.91,104,11.11,7.41,False
CURI,2.75,BASING,0.0,0,19,19,2.9,2.81,9,daily,2.18,rel-vol 0.7x · regime FAVORABLE,False,20,2.75,2.7087,2.9,2424,5.45,3.64,False
CVE,33.55,BASING,0.0,0,5,5,33.7524,33.75,1,15m,0.6,5 bear-built-above · rel-vol 2.8x · regime FAVORABLE,True,5,33.55,33.0467,33.7524,198,0.6,0.4,False
CVI,50.5,BASING,0.0,0,12,12,51.5858,50.53,106,30m,0.06,12 bear-built-above · rel-vol 1.5x · regime FAVORABLE,False,12,50.5,49.7425,51.5858,132,2.15,1.43,False
CVLT,139.5,BASING,0.0,0,20,20,147.085,144.32,277,daily,3.46,7 bear-built-above · rel-vol 1.5x · regime FAVORABLE,False,22,139.5,137.4075,147.085,47,5.44,3.62,False
CVNA,70.4,BASING,0.0,0,20,20,73.41,71.91,150,daily,2.14,38 bear-built-above · rel-vol 0.8x · regime FAVORABLE,False,21,70.4,69.344,73.41,94,4.28,2.85,False
CVSA,125.48,BASING,0.0,0,20,20,133.66,130.0,366,daily,3.6,24 bear-built-above · rel-vol 0.8x · regime FAVORABLE,False,20,125.48,123.5978,133.66,53,6.52,4.35,False
CVX,212.8,BASING,0.0,0,20,20,217.09,217.0,10,30m,1.97,23 bear-built-above · rel-vol 1.2x · regime FAVORABLE,True,22,212.8,209.608,217.09,31,2.02,1.34,False
CWK,12.7,BASING,0.0,0,20,20,13.66,13.46,20,weekly,5.98,39 bear-built-above · rel-vol 0.7x · regime FAVORABLE,False,21,12.7,12.5095,13.66,524,7.56,5.04,False
CX,10.45,BASING,0.0,0,20,20,10.69,10.51,18,weekly,0.57,18 bear-built-above · rel-vol 1.9x · regime FAVORABLE,False,22,10.45,10.2932,10.69,637,2.3,1.53,False
CXW,34.23,BASING,0.0,0,16,16,34.815,34.79,3,15m,1.64,16 bear-built-above · rel-vol 0.8x · regime FAVORABLE,True,16,34.23,33.7165,34.815,194,1.71,1.14,False
CYCU,3.64,BASING,0.0,0,3,3,3.85,3.67,19,daily,0.82,rel-vol 0.2x · regime FAVORABLE,False,4,3.64,3.5854,3.85,1831,5.77,3.85,False
CYPH,2.4132,BASING,0.0,0,20,20,2.68,2.6569,3,1m,10.1,25 bear-built-above · rel-vol 0.8x · regime FAVORABLE,True,22,2.4132,2.377,2.68,2762,11.06,7.37,False
CYTK,73.0,BASING,0.0,0,20,20,77.9,73.88,403,daily,1.21,32 bear-built-above · rel-vol 0.9x · regime FAVORABLE,False,21,73.0,71.905,77.9,91,6.71,4.47,False
DAIC,2.21,BASING,0.0,0,20,20,2.53,2.43,10,weekly,9.95,25 bear-built-above · rel-vol 0.0x · regime FAVORABLE,False,20,2.21,2.1768,2.53,3016,14.48,9.65,False
DAN,30.3,BASING,0.0,0,19,19,35.47,33.175,230,daily,9.49,32 bear-built-above · rel-vol 0.9x · regime FAVORABLE,False,19,30.3,29.8455,35.47,220,17.06,11.38,False
DAR,65.2,BASING,0.0,0,20,20,67.685,67.56,13,1h,3.62,21 bear-built-above · rel-vol 0.8x · regime FAVORABLE,True,20,65.2,64.222,67.685,102,3.81,2.54,False
DASH,202.09,BASING,0.0,0,20,20,211.73,208.94,279,weekly,3.39,4 bear-built-above · rel-vol 0.6x · regime FAVORABLE,False,21,202.09,199.0587,211.73,32,4.77,3.18,False
DAVE,365.41,BASING,0.0,0,20,20,430.16,385.97,4419,daily,5.63,18 bear-built-above · rel-vol 0.8x · regime FAVORABLE,False,20,365.41,359.9289,430.16,18,17.72,11.81,False
DBGI,5.0,BASING,0.0,0,8,8,5.17,5.04,13,5m,0.8,4 bear-built-above · rel-vol 0.5x · regime FAVORABLE,False,8,5.0,4.925,5.17,1333,3.4,2.27,False
DBRG,15.88,BASING,0.0,0,8,8,15.99,15.935,6,1h,0.35,3 bear-built-above · rel-vol 1.1x · regime FAVORABLE,False,10,15.88,15.6418,15.99,419,0.69,0.46,False
DBX,37.31,BASING,0,0,0,0,,,,,0,rel-vol 1.2x · regime FAVORABLE,True,0,37.31,36.7504,41.041,178,10.0,6.67,False
DDD,3.23,BASING,0.0,0,20,20,3.71,3.66,5,weekly,13.31,22 bear-built-above · rel-vol 0.9x · regime FAVORABLE,False,24,3.23,3.1816,3.71,2063,14.86,9.91,False
DDOG,227.59,BASING,0.0,0,19,19,283.17,229.29,5389,daily,0.75,27 bear-built-above · rel-vol 0.8x · regime FAVORABLE,False,20,227.59,224.1762,283.17,29,24.42,16.28,False
DDS,652.39,BASING,0.0,0,18,18,728.12,701.78,2635,daily,7.57,15 bear-built-above · rel-vol 0.7x · regime FAVORABLE,True,18,652.39,642.6042,728.12,10,11.61,7.74,False
DE,682.0325,BASING,0.0,0,20,20,694.41,693.53,88,daily,1.69,15 bear-built-above · rel-vol 0.7x · regime FAVORABLE,False,23,682.0325,671.802,694.41,9,1.81,1.21,False
DELL,527.8,BASING,0.0,0,20,20,569.3,551.0,1830,45m,4.4,36 bear-built-above · rel-vol 1.0x · regime FAVORABLE,False,22,527.8,519.883,569.3,12,7.86,5.24,False
DFNS,9.1101,BASING,0.0,0,20,20,10.24,10.01,24,weekly,9.88,25 bear-built-above · rel-vol 0.2x · regime FAVORABLE,False,20,9.1101,8.9734,10.24,731,12.4,8.27,False
DFSC,1.3201,BASING,0.0,0,20,20,1.43,1.41,3,weekly,6.81,26 bear-built-above · rel-vol 0.2x · regime FAVORABLE,False,20,1.3201,1.3003,1.43,5050,8.33,5.55,False
DFTX,40.15,BASING,0.0,0,20,20,43.82,43.18,65,daily,7.55,15 bear-built-above · rel-vol 3.8x · regime FAVORABLE,False,20,40.15,39.5478,43.82,166,9.14,6.09,False
DG,129.1,BASING,0.0,0,19,19,144.84,135.95,890,daily,5.31,14 bear-built-above · rel-vol 1.1x · regime FAVORABLE,False,19,129.1,127.1635,144.84,51,12.19,8.13,False
DGXX,3.7044,BASING,0.0,0,19,19,3.75,3.73,3,weekly,0.69,19 bear-built-above · rel-vol 0.7x · regime FAVORABLE,False,20,3.7044,3.6488,3.75,1799,1.23,0.82,False
DINO,107.44,BASING,0.0,0,10,10,109.37,109.33,5,5m,1.76,10 bear-built-above · rel-vol 1.3x · regime FAVORABLE,True,10,107.44,105.8284,109.37,62,1.8,1.2,False
DIOD,90.31,BASING,0.0,0,18,18,104.0,103.01,99,daily,14.06,26 bear-built-above · rel-vol 1.6x · regime FAVORABLE,False,18,90.31,88.9553,104.0,73,15.16,10.11,False
DIS,107.75,BASING,0.0,0,18,18,124.0,123.21,80,weekly,14.35,11 bear-built-above · rel-vol 1.0x · regime FAVORABLE,False,18,107.75,106.1337,124.0,61,15.08,10.05,False
DJT,8.75,BASING,0.0,0,19,19,9.38,9.37,2,30m,7.09,43 bear-built-above · rel-vol 0.8x · regime FAVORABLE,False,19,8.75,8.6188,9.38,761,7.2,4.8,False
DK,74.47,BASING,0.0,0,11,11,77.42,77.3,13,5m,3.8,11 bear-built-above · rel-vol 1.2x · regime FAVORABLE,False,11,74.47,73.3529,77.42,89,3.96,2.64,False
DKNG,24.84,BASING,0.0,0,18,18,26.17,26.0,18,weekly,4.67,rel-vol 0.9x · regime FAVORABLE,True,18,24.84,24.4674,26.17,268,5.35,3.57,False
DKS,130.78,BASING,0.0,0,20,20,179.33,142.36,3697,daily,8.85,31 bear-built-above · rel-vol 0.5x · regime FAVORABLE,False,20,130.78,128.8183,179.33,50,37.12,24.75,False
DLO,14.7328,BASING,0.0,0,20,20,15.7,15.63,7,daily,6.09,20 bear-built-above · rel-vol 0.5x · regime FAVORABLE,False,21,14.7328,14.5118,15.7,452,6.56,4.38,False
DLTR,119.4254,BASING,0.0,0,20,20,124.04,123.07,98,daily,3.05,47 bear-built-above · rel-vol 1.2x · regime FAVORABLE,False,20,119.4254,117.634,124.04,55,3.86,2.58,False
DNLI,21.22,BASING,0.0,0,20,20,22.28,21.79,50,weekly,2.69,24 bear-built-above · rel-vol 0.9x · regime FAVORABLE,False,20,21.22,20.9017,22.28,314,5.0,3.33,False
DNN,2.88,BASING,0.0,0,16,16,3.02,2.93,9,weekly,1.74,28 bear-built-above · rel-vol 0.9x · regime FAVORABLE,False,16,2.88,2.8368,3.02,2314,4.86,3.24,False
DNTH,107.69,BASING,0.0,0,20,20,111.62,111.54,8,15m,3.58,26 bear-built-above · rel-vol 1.1x · regime FAVORABLE,False,21,107.69,106.0746,111.62,61,3.65,2.43,False
DOCN,120.17,BASING,0.0,0,20,20,122.95,120.21,275,daily,0.03,26 bear-built-above · rel-vol 1.2x · regime FAVORABLE,False,21,120.17,118.3675,122.95,55,2.31,1.54,False
DOCS,26.35,BASING,0.0,0,5,5,26.95,26.55,40,4h,0.76,1 bear-built-above · rel-vol 0.9x · regime FAVORABLE,False,7,26.35,25.9548,26.95,253,2.28,1.52,False
DOCU,69.0567,BASING,0.0,0,12,12,92.9,76.775,1613,daily,11.18,8 bear-built-above · rel-vol 0.9x · regime FAVORABLE,False,16,69.0567,68.0208,92.9,96,34.53,23.02,False
DOMO,3.89,BASING,0.0,0,20,20,4.1906,4.19,1,4h,7.71,13 bear-built-above · rel-vol 1.9x · regime FAVORABLE,False,20,3.89,3.8317,4.1906,1713,7.73,5.15,False
DOO,60.7,BASING,0.0,0,20,20,60.99,60.74,25,weekly,0.07,57 bear-built-above · rel-vol 1.1x · regime FAVORABLE,False,20,60.7,59.7895,60.99,109,0.48,0.32,False
DOW,28.95,BASING,0.0,0,18,18,33.85,32.71,115,weekly,12.99,28 bear-built-above · rel-vol 0.9x · regime FAVORABLE,False,18,28.95,28.5158,33.85,230,16.93,11.28,False
DPC,40.382,BASING,0.0,0,20,20,42.3,41.39,91,weekly,2.5,26 bear-built-above · rel-vol 0.6x · regime FAVORABLE,False,20,40.382,39.7763,42.3,165,4.75,3.17,False
DPRO,5.5,BASING,0.0,0,19,19,5.61,5.52,10,weekly,0.36,28 bear-built-above · rel-vol 0.5x · regime FAVORABLE,False,19,5.5,5.4175,5.61,1212,2.0,1.33,False
DPZ,320.64,BASING,0.0,0,20,20,347.03,343.91,312,daily,7.26,58 bear-built-above · rel-vol 0.8x · regime FAVORABLE,False,20,320.64,315.8304,347.03,20,8.23,5.49,False
DRAM,55.2262,BASING,0.0,0,18,18,63.04,57.495,555,weekly,4.11,22 bear-built-above · rel-vol 1.3x · regime FAVORABLE,False,18,55.2262,54.3978,63.04,120,14.15,9.43,False
DRI,218.57,BASING,0.0,0,14,14,225.56,224.56,100,daily,2.74,1 bear-built-above · rel-vol 1.3x · regime FAVORABLE,True,16,218.57,215.2914,225.56,30,3.2,2.13,False
DRIP,33.01,BASING,0.0,0,20,20,34.97,34.29,68,weekly,3.88,5 bear-built-above · rel-vol 2.0x · regime FAVORABLE,False,20,33.01,32.5148,34.97,201,5.94,3.96,False
DSGX,80.02,BASING,0.0,0,9,9,87.89,87.0,90,weekly,8.72,rel-vol 1.8x · regime FAVORABLE,True,9,80.02,78.8197,87.89,83,9.84,6.56,False
DT,53.93,BASING,0.0,0,17,17,56.19,55.92,27,daily,3.69,rel-vol 0.8x · regime FAVORABLE,True,19,53.93,53.121,56.19,123,4.19,2.79,False
DTM,127.85,BASING,0.0,0,16,16,145.69,144.09,160,weekly,12.7,18 bear-built-above · rel-vol 0.9x · regime FAVORABLE,False,16,127.85,125.9322,145.69,52,13.95,9.3,False
DUOL,151.3762,BASING,0.0,0,20,20,176.66,170.05,661,weekly,12.34,22 bear-built-above · rel-vol 1.2x · regime FAVORABLE,False,23,151.3762,149.1056,176.66,44,16.7,11.14,False
DUST,36.22,BASING,0.0,0,20,20,40.99,37.51,349,daily,3.56,3 bear-built-above · rel-vol 0.6x · regime FAVORABLE,True,20,36.22,35.6767,40.99,184,13.17,8.78,False
DVA,189.32,BASING,0.0,0,9,9,227.99,205.25,2275,daily,8.41,1 bear-built-above · rel-vol 1.2x · regime FAVORABLE,True,9,189.32,186.4802,227.99,35,20.43,13.62,False
DVLT,0.195,BASING,0.0,0,12,12,0.206,0.2028,1,daily,4.0,9 bear-built-above · rel-vol 0.5x · regime FAVORABLE,False,14,0.195,0.1921,0.206,34188,5.64,3.76,False
DVN,49.62,BASING,0.0,0,20,20,51.35,51.1824,17,30m,3.15,18 bear-built-above · rel-vol 1.4x · regime FAVORABLE,True,22,49.62,48.8757,51.35,134,3.49,2.32,False
DX,12.41,BASING,0.0,0,19,19,14.12,14.03,9,weekly,13.05,32 bear-built-above · rel-vol 1.3x · regime FAVORABLE,False,19,12.41,12.2239,14.12,537,13.78,9.19,False
DXCM,84.82,BASING,0.0,0,20,20,87.9,86.59,132,weekly,2.09,17 bear-built-above · rel-vol 0.7x · regime FAVORABLE,False,22,84.82,83.5477,87.9,78,3.63,2.42,False
DXST,2.5214,BASING,0.0,0,20,20,2.95,2.65,31,daily,5.1,15 bear-built-above · rel-vol 0.0x · regime FAVORABLE,True,20,2.5214,2.4836,2.95,2644,17.0,11.33,False
DXYZ,31.33,BASING,0.0,0,20,20,34.74,33.17,158,daily,5.87,36 bear-built-above · rel-vol 0.8x · regime FAVORABLE,False,27,31.33,30.86,34.74,212,10.88,7.26,False
DY,288.5787,BASING,0.0,0,17,17,351.8,326.91,2489,daily,13.28,66 bear-built-above · rel-vol 1.1x · regime FAVORABLE,False,17,288.5787,284.25,351.8,23,21.91,14.61,False
DYN,18.52,BASING,0.0,0,20,20,24.28,20.31,398,daily,9.67,17 bear-built-above · rel-vol 1.1x · regime FAVORABLE,False,20,18.52,18.2422,24.28,359,31.1,20.73,False
EAT,214.16,BASING,0.0,0,20,20,240.93,236.22,472,daily,10.3,28 bear-built-above · rel-vol 1.6x · regime FAVORABLE,True,20,214.16,210.9476,240.93,31,12.5,8.33,False
ECG,111.23,BASING,0.0,0,18,18,118.43,111.27,717,weekly,0.04,32 bear-built-above · rel-vol 0.7x · regime FAVORABLE,False,18,111.23,109.5615,118.43,59,6.47,4.32,False
ECHO,94.97,BASING,0.0,0,11,11,102.27,102.15,12,30m,7.56,5 bear-built-above · rel-vol 1.1x · regime FAVORABLE,False,11,94.97,93.5455,102.27,70,7.69,5.12,False
ECO,79.6,BASING,0.0,0,2,2,79.9471,79.75,20,1m,0.19,2 bear-built-above · rel-vol 2.1x · regime FAVORABLE,True,2,79.6,78.406,79.9471,83,0.44,0.29,False
EDRY,66.3295,BASING,0.0,0,11,11,69.92,69.77,16,45m,5.19,11 bear-built-above · rel-vol 2.3x · regime FAVORABLE,True,11,66.3295,65.3346,69.92,100,5.41,3.61,False
EEFT,71.2524,BASING,0.0,0,20,20,82.19,77.05,514,daily,8.14,33 bear-built-above · rel-vol 0.7x · regime FAVORABLE,False,21,71.2524,70.1836,82.19,93,15.35,10.23,False
EFOR,33.6774,BASING,0.0,0,6,6,34.24,34.2,4,5m,1.55,6 bear-built-above · rel-vol 1.6x · regime FAVORABLE,True,6,33.6774,33.1722,34.24,197,1.67,1.11,False
EFX,173.0,BASING,0.0,0,20,20,187.0,177.05,995,daily,2.34,5 bear-built-above · rel-vol 1.3x · regime FAVORABLE,False,20,173.0,170.405,187.0,38,8.09,5.39,False
EGO,41.2501,BASING,0.0,0,20,20,43.06,41.64,143,weekly,0.95,64 bear-built-above · rel-vol 1.3x · regime FAVORABLE,False,20,41.2501,40.6313,43.06,161,4.39,2.93,False
EIX,56.24,BASING,0.0,0,16,16,70.17,56.77,1340,weekly,0.94,29 bear-built-above · rel-vol 0.6x · regime FAVORABLE,False,17,56.24,55.3964,70.17,118,24.77,16.51,False
EL,98.25,BASING,0.0,0,20,20,109.47,106.75,272,weekly,8.65,19 bear-built-above · rel-vol 0.5x · regime FAVORABLE,False,22,98.25,96.7763,109.47,67,11.42,7.61,False
ELAN,23.1936,BASING,0.0,0,19,19,26.22,25.345,88,daily,9.28,23 bear-built-above · rel-vol 0.8x · regime FAVORABLE,False,19,23.1936,22.8457,26.22,287,13.05,8.7,False
ELF,95.82,BASING,0.0,0,18,18,100.08,98.09,199,daily,2.37,56 bear-built-above · rel-vol 1.1x · regime FAVORABLE,False,21,95.82,94.3827,100.08,69,4.45,2.96,False
ELMT,21.27,BASING,0.0,0,20,20,22.6,22.595,1,4h,6.23,24 bear-built-above · rel-vol 13.8x · regime FAVORABLE,False,20,21.27,20.9509,22.6,313,6.25,4.17,False
ELV,423.0,BASING,0.0,0,7,7,484.0,444.35,3965,daily,5.05,5 bear-built-above · rel-vol 1.1x · regime FAVORABLE,True,8,423.0,416.655,484.0,15,14.42,9.61,False
EMBC,5.23,BASING,0.0,0,20,20,5.55,5.45,10,daily,4.21,16 bear-built-above · rel-vol 0.7x · regime FAVORABLE,False,20,5.23,5.1516,5.55,1274,6.12,4.08,False
EMR,148.3,BASING,0.0,0,20,20,152.19,148.38,382,weekly,0.05,26 bear-built-above · rel-vol 1.0x · regime FAVORABLE,False,22,148.3,146.0755,152.19,44,2.62,1.75,False
ENOV,18.4721,BASING,0.0,0,20,20,20.53,20.5,4,daily,10.98,25 bear-built-above · rel-vol 2.0x · regime FAVORABLE,False,20,18.4721,18.195,20.53,360,11.14,7.43,False
ENPH,36.5,BASING,0.0,0,19,19,40.48,40.14,34,weekly,9.97,31 bear-built-above · rel-vol 0.9x · regime FAVORABLE,False,19,36.5,35.9525,40.48,182,10.9,7.27,False
ENS,169.35,BASING,0.0,0,17,17,179.45,173.1,635,weekly,2.21,74 bear-built-above · rel-vol 0.9x · regime FAVORABLE,False,17,169.35,166.8097,179.45,39,5.96,3.98,False
ENTG,127.89,BASING,0.0,0,20,20,140.37,129.39,1099,weekly,1.17,36 bear-built-above · rel-vol 1.6x · regime FAVORABLE,False,22,127.89,125.9716,140.37,52,9.76,6.51,False
EOSE,3.78,BASING,0.0,0,20,20,3.95,3.82,14,weekly,1.06,31 bear-built-above · rel-vol 0.8x · regime FAVORABLE,False,20,3.78,3.7233,3.95,1763,4.5,3.0,False
EOSU,7.1734,BASING,0.0,0,20,20,7.72,7.22,50,weekly,0.65,41 bear-built-above · rel-vol 0.4x · regime FAVORABLE,False,20,7.1734,7.0658,7.72,929,7.62,5.08,False
EPAM,123.59,BASING,0.0,0,20,20,164.45,139.16,2529,daily,12.6,17 bear-built-above · rel-vol 1.4x · regime FAVORABLE,True,22,123.59,121.7361,164.45,53,33.06,22.04,False
EQH,53.67,BASING,0.0,0,8,8,54.23,53.87,36,weekly,0.37,5 bear-built-above · rel-vol 1.4x · regime FAVORABLE,False,10,53.67,52.865,54.23,124,1.04,0.7,False
EQPT,18.26,BASING,0.0,0,20,20,20.47,20.33,15,weekly,11.34,23 bear-built-above · rel-vol 0.8x · regime FAVORABLE,False,21,18.26,17.9861,20.47,365,12.1,8.07,False
EQX,11.75,BASING,0.0,0,16,16,12.4,11.94,47,weekly,1.62,72 bear-built-above · rel-vol 1.0x · regime FAVORABLE,False,16,11.75,11.5738,12.4,567,5.53,3.69,False
ERAS,16.04,BASING,0.0,0,19,19,18.03,17.87,17,weekly,11.41,11 bear-built-above · rel-vol 0.6x · regime FAVORABLE,False,20,16.04,15.7994,18.03,415,12.41,8.27,False
ERO,33.29,BASING,0.0,0,20,20,35.47,33.68,179,weekly,1.17,26 bear-built-above · rel-vol 0.9x · regime FAVORABLE,False,21,33.29,32.7906,35.47,200,6.55,4.37,False
EROC,11.4001,BASING,0.0,0,20,20,12.7,11.8,90,weekly,3.51,29 bear-built-above · rel-vol 1.4x · regime FAVORABLE,False,20,11.4001,11.2291,12.7,584,11.4,7.6,False
ERY,8.79,BASING,0.0,0,20,20,9.13,9.0,14,weekly,2.39,4 bear-built-above · rel-vol 3.7x · regime FAVORABLE,False,20,8.79,8.6581,9.13,758,3.87,2.58,False
ESAB,67.52,BASING,0.0,0,20,20,70.69,68.44,225,weekly,1.36,63 bear-built-above · rel-vol 1.5x · regime FAVORABLE,False,20,67.52,66.5072,70.69,98,4.69,3.13,False
ESNT,68.8,BASING,0.0,0,17,17,69.59,69.44,16,daily,0.93,5 bear-built-above · rel-vol 1.0x · regime FAVORABLE,False,19,68.8,67.768,69.59,96,1.15,0.77,False
ESTC,85.11,BASING,0.0,0,20,20,91.81,89.98,183,weekly,5.72,33 bear-built-above · rel-vol 0.8x · regime FAVORABLE,False,22,85.11,83.8333,91.81,78,7.87,5.25,False
ET,21.5,BASING,0.0,0,16,16,21.73,21.61,13,daily,0.51,16 bear-built-above · rel-vol 0.9x · regime FAVORABLE,False,17,21.5,21.1775,21.73,310,1.07,0.71,False
ETH,23.6,BASING,0.0,0,20,20,26.46,25.81,66,daily,9.36,40 bear-built-above · rel-vol 1.1x · regime FAVORABLE,False,24,23.6,23.246,26.46,282,12.12,8.08,False
ETHA,18.66,BASING,0.0,0,19,19,21.11,20.6,51,daily,10.4,54 bear-built-above · rel-vol 0.8x · regime FAVORABLE,False,27,18.66,18.3801,21.11,357,13.13,8.75,False
ETHE,19.87,BASING,0.0,0,20,20,22.86,22.27,59,daily,12.08,45 bear-built-above · rel-vol 1.6x · regime FAVORABLE,False,25,19.87,19.572,22.86,335,15.05,10.03,False
ETHT,16.82,BASING,0.0,0,20,20,20.69,18.92,177,daily,12.49,70 bear-built-above · rel-vol 0.6x · regime FAVORABLE,False,23,16.82,16.5677,20.69,396,23.01,15.34,False
ETHU,26.166,BASING,0.0,0,20,20,29.52,26.6,292,1h,1.66,54 bear-built-above · rel-vol 0.8x · regime FAVORABLE,False,23,26.166,25.7735,29.52,254,12.82,8.55,False
ETON,57.62,BASING,0.0,0,20,20,63.6,62.8705,73,4h,9.11,23 bear-built-above · rel-vol 0.6x · regime FAVORABLE,True,20,57.62,56.7557,63.6,115,10.38,6.92,False
ETSY,75.8,BASING,0.0,0,20,20,76.51,76.08,44,weekly,0.37,11 bear-built-above · rel-vol 0.9x · regime FAVORABLE,False,21,75.8,74.663,76.51,87,0.94,0.62,False
EW,85.52,BASING,0.0,0,20,20,89.9,89.07,84,weekly,4.15,25 bear-built-above · rel-vol 1.1x · regime FAVORABLE,False,21,85.52,84.2372,89.9,77,5.12,3.41,False
EWTX,44.65,BASING,0.0,0,20,20,48.5,48.09,41,30m,7.7,18 bear-built-above · rel-vol 1.0x · regime FAVORABLE,True,20,44.65,43.9802,48.5,149,8.62,5.75,False
EWY,176.85,BASING,0.0,0,19,19,218.28,193.6,2469,daily,9.47,51 bear-built-above · rel-vol 1.7x · regime FAVORABLE,False,19,176.85,174.1972,218.28,37,23.43,15.62,False
EXE,93.97,BASING,0.0,0,17,17,103.89,102.72,118,weekly,9.31,34 bear-built-above · rel-vol 1.1x · regime FAVORABLE,False,17,93.97,92.5605,103.89,70,10.56,7.04,False
EXEL,56.26,BASING,0.0,0,20,20,57.43,56.76,68,daily,0.89,28 bear-built-above · rel-vol 0.8x · regime FAVORABLE,False,20,56.26,55.4161,57.43,118,2.08,1.39,False
EXK,9.67,BASING,0.0,0,16,16,10.18,9.72,46,weekly,0.52,40 bear-built-above · rel-vol 0.7x · regime FAVORABLE,False,16,9.67,9.525,10.18,689,5.27,3.52,False
EXPD,193.61,BASING,0.0,0,1,1,193.805,193.7942,2,1m,0.1,1 bear-built-above · rel-vol 1.3x · regime FAVORABLE,True,1,193.61,190.7058,193.805,34,0.1,0.07,False
EXPE,287.25,BASING,0.0,0,20,20,298.04,296.5,155,weekly,3.22,17 bear-built-above · rel-vol 1.1x · regime FAVORABLE,False,22,287.25,282.9412,298.04,23,3.76,2.5,False
EYE,17.6897,BASING,0.0,0,13,13,19.3,19.11,20,weekly,8.03,rel-vol 1.1x · regime FAVORABLE,False,13,17.6897,17.4244,19.3,376,9.1,6.07,False
EYPT,4.25,BASING,0.0,0,20,20,13.53,4.87,866,daily,14.59,38 bear-built-above · rel-vol 0.3x · regime FAVORABLE,False,20,4.25,4.1863,13.53,1568,218.35,145.57,False
EZPW,32.3,BASING,0.0,0,18,18,36.9999,36.75,25,1h,13.78,33 bear-built-above · rel-vol 0.5x · regime FAVORABLE,False,18,32.3,31.8155,36.9999,206,14.55,9.7,False
F,13.86,BASING,0.0,0,19,19,14.2,14.18,2,4h,2.31,30 bear-built-above · rel-vol 0.7x · regime FAVORABLE,False,19,13.86,13.6521,14.2,481,2.45,1.64,False
FA,22.28,BASING,0.0,0,5,5,24.01,23.77,25,daily,6.69,2 bear-built-above · rel-vol 0.9x · regime FAVORABLE,True,5,22.28,21.9458,24.01,299,7.76,5.18,False
FAMI,0.1338,BASING,0.0,0,2,2,0.1378,0.1348,1,1m,0.75,2 bear-built-above · rel-vol 0.1x · regime FAVORABLE,True,2,0.1338,0.1318,0.1378,49825,2.99,1.99,False
FANG,205.72,BASING,0.0,0,20,20,214.3,214.16,15,1h,4.1,20 bear-built-above · rel-vol 0.9x · regime FAVORABLE,False,20,205.72,202.6342,214.3,32,4.17,2.78,False
FAST,49.36,BASING,0.0,0,20,20,49.46,49.44,3,1h,0.16,9 bear-built-above · rel-vol 1.1x · regime FAVORABLE,False,24,49.36,48.6196,49.46,135,0.2,0.14,False
FBTC,66.86,BASING,0.0,0,19,19,73.02,68.02,500,weekly,1.73,49 bear-built-above · rel-vol 0.8x · regime FAVORABLE,False,26,66.86,65.8571,73.02,99,9.21,6.14,False
FCEL,15.2,BASING,0.0,0,19,19,16.57,16.07,50,daily,5.72,43 bear-built-above · rel-vol 0.6x · regime FAVORABLE,False,19,15.2,14.972,16.57,438,9.01,6.01,False
FCFS,221.79,BASING,0.0,0,20,20,236.43,235.01,143,4h,5.96,51 bear-built-above · rel-vol 0.9x · regime FAVORABLE,False,20,221.79,218.4631,236.43,30,6.6,4.4,False
FCX,67.91,BASING,0.0,0,19,19,76.23,71.21,503,daily,4.86,59 bear-built-above · rel-vol 0.7x · regime FAVORABLE,False,19,67.91,66.8914,76.23,98,12.25,8.17,False
FDMT,13.56,BASING,0.0,0,20,20,14.57,14.44,14,daily,6.49,37 bear-built-above · rel-vol 0.9x · regime FAVORABLE,False,20,13.56,13.3566,14.57,491,7.45,4.97,False
FDXF,129.2,BASING,0.0,0,20,20,133.45,132.81,64,weekly,2.79,16 bear-built-above · rel-vol 1.3x · regime FAVORABLE,False,20,129.2,127.262,133.45,51,3.29,2.19,False
FEIM,86.02,BASING,0.0,0,12,12,86.9375,86.76,18,5m,0.86,12 bear-built-above · rel-vol 2.0x · regime FAVORABLE,True,12,86.02,84.7297,86.9375,77,1.07,0.71,False
FETH,24.63,BASING,0.0,0,20,20,27.92,27.22,71,daily,10.52,40 bear-built-above · rel-vol 0.9x · regime FAVORABLE,False,24,24.63,24.2605,27.92,270,13.36,8.91,False
FFAI,1.7199,BASING,0.0,0,14,14,1.98,1.97,2,10m,14.54,10 bear-built-above · rel-vol 0.9x · regime FAVORABLE,False,14,1.7199,1.6941,1.98,3876,15.12,10.08,False
FFIV,411.49,BASING,0.0,0,16,16,424.7,421.48,322,1h,2.43,7 bear-built-above · rel-vol 1.2x · regime FAVORABLE,False,16,411.49,405.3177,424.7,16,3.21,2.14,False
FGL,4.9,BASING,0.0,0,20,20,5.45,5.33,13,weekly,8.78,15 bear-built-above · rel-vol 0.5x · regime FAVORABLE,False,20,4.9,4.8265,5.45,1360,11.22,7.48,False
FHB,25.78,BASING,0.0,0,20,20,30.01,29.29,73,weekly,13.62,13 bear-built-above · rel-vol 0.9x · regime FAVORABLE,False,21,25.78,25.3933,30.01,258,16.41,10.94,False
FICO,999.95,BASING,0.0,0,20,20,1153.57,1136.27,1730,weekly,13.63,5 bear-built-above · rel-vol 0.7x · regime FAVORABLE,False,20,999.95,984.9508,1153.57,6,15.36,10.24,False
FIG,23.48,BASING,0.0,0,20,20,25.22,24.69,53,daily,5.15,38 bear-built-above · rel-vol 1.0x · regime FAVORABLE,False,20,23.48,23.1278,25.22,283,7.41,4.94,False
FIGR,35.75,BASING,0.0,0,20,20,40.73,40.67,6,4h,13.76,14 bear-built-above · rel-vol 0.6x · regime FAVORABLE,False,22,35.75,35.2137,40.73,186,13.93,9.29,False
FIS,38.06,BASING,0.0,0,20,20,42.28,41.89,40,daily,10.06,46 bear-built-above · rel-vol 1.5x · regime FAVORABLE,False,20,38.06,37.4891,42.28,175,11.09,7.39,False
FISV,50.95,BASING,0.0,0,20,20,62.15,57.82,433,daily,13.48,26 bear-built-above · rel-vol 1.2x · regime FAVORABLE,False,20,50.95,50.1857,62.15,130,21.98,14.65,False
FIVE,247.13,BASING,0.0,0,20,20,265.1,258.27,684,1h,4.51,7 bear-built-above · rel-vol 0.7x · regime FAVORABLE,False,21,247.13,243.423,265.1,26,7.27,4.85,False
FIVN,31.85,BASING,0.0,0,20,20,33.27,32.6,68,weekly,2.35,9 bear-built-above · rel-vol 1.2x · regime FAVORABLE,False,20,31.85,31.3723,33.27,209,4.46,2.97,False
FIX,1565.2,BASING,0.0,0,16,16,1639.0,1582.8,5621,weekly,1.12,37 bear-built-above · rel-vol 1.0x · regime FAVORABLE,False,16,1565.2,1541.722,1639.0,4,4.72,3.14,False
FLEX,109.2,BASING,0.0,0,19,19,128.2,125.3,290,daily,14.74,33 bear-built-above · rel-vol 1.0x · regime FAVORABLE,False,19,109.2,107.562,128.2,61,17.4,11.6,False
FLNC,9.2998,BASING,0.0,0,19,19,9.93,9.41,52,weekly,1.18,37 bear-built-above · rel-vol 1.0x · regime FAVORABLE,False,19,9.2998,9.1603,9.93,716,6.78,4.52,False
FLO,6.01,BASING,0.0,0,20,20,6.45,6.36,9,daily,5.82,17 bear-built-above · rel-vol 1.0x · regime FAVORABLE,False,20,6.01,5.9198,6.45,1109,7.32,4.88,False
FLR,53.04,BASING,0.0,0,9,9,54.2,53.51,70,weekly,0.89,7 bear-built-above · rel-vol 0.9x · regime FAVORABLE,False,14,53.04,52.2444,54.2,125,2.19,1.46,False
FLUT,100.34,BASING,0.0,0,17,17,123.0,110.04,1296,daily,9.67,2 bear-built-above · rel-vol 0.8x · regime FAVORABLE,True,17,100.34,98.8349,123.0,66,22.58,15.06,False
FLY,21.28,BASING,0.0,0,18,18,24.45,23.64,81,weekly,11.09,33 bear-built-above · rel-vol 0.9x · regime FAVORABLE,False,18,21.28,20.9608,24.45,313,14.9,9.93,False
FLYE,1.85,BASING,0.0,0,11,11,2.1092,2.1,1,45m,13.51,8 bear-built-above · rel-vol 0.0x · regime FAVORABLE,False,12,1.85,1.8223,2.1092,3603,14.01,9.34,False
FMC,11.08,BASING,0.0,0,19,19,11.4,11.22,18,weekly,1.26,15 bear-built-above · rel-vol 1.0x · regime FAVORABLE,True,19,11.08,10.9138,11.4,601,2.89,1.93,False
FMX,121.26,BASING,0.0,0,18,18,122.91,121.49,143,daily,0.19,15 bear-built-above · rel-vol 1.3x · regime FAVORABLE,False,18,121.26,119.4411,122.91,54,1.36,0.91,False
FNB,18.19,BASING,0.0,0,20,20,19.045,18.96,9,4h,4.23,11 bear-built-above · rel-vol 1.3x · regime FAVORABLE,False,23,18.19,17.9171,19.045,366,4.7,3.13,False
FND,47.65,BASING,0.0,0,19,19,50.23,49.57,66,weekly,4.03,29 bear-built-above · rel-vol 0.8x · regime FAVORABLE,False,19,47.65,46.9352,50.23,139,5.41,3.61,False
FNGR,0.1501,BASING,0.0,0,20,20,0.1723,0.1699,1,weekly,13.19,9 bear-built-above · rel-vol 0.1x · regime FAVORABLE,False,20,0.1501,0.1478,0.1723,44414,14.79,9.86,False
FNGU,31.58,BASING,0.0,0,20,20,33.02,32.89,14,weekly,4.15,39 bear-built-above · rel-vol 0.7x · regime FAVORABLE,False,24,31.58,31.1063,33.02,211,4.56,3.04,False
FNV,263.14,BASING,0.0,0,14,14,277.92,263.26,1467,daily,0.05,12 bear-built-above · rel-vol 0.8x · regime FAVORABLE,False,17,263.14,259.1929,277.92,25,5.62,3.74,False
FORM,101.05,BASING,0.0,0,17,17,107.09,104.24,286,weekly,3.16,32 bear-built-above · rel-vol 1.1x · regime FAVORABLE,False,17,101.05,99.5343,107.09,65,5.98,3.98,False
FOUR,45.35,BASING,0.0,0,20,20,53.38,47.45,593,daily,4.63,5 bear-built-above · rel-vol 1.3x · regime FAVORABLE,False,22,45.35,44.6698,53.38,147,17.71,11.8,False
FPS,29.7,BASING,0.0,0,17,17,33.18,32.92,26,weekly,10.84,28 bear-built-above · rel-vol 2.2x · regime FAVORABLE,False,19,29.7,29.2545,33.18,224,11.72,7.81,False
FRMI,5.09,BASING,0.0,0,13,13,5.92,5.84,9,weekly,14.73,12 bear-built-above · rel-vol 0.9x · regime FAVORABLE,False,13,5.09,5.0137,5.92,1309,16.31,10.87,False
FROG,93.0,BASING,0.0,0,20,20,98.4,97.45,96,1h,4.78,4 bear-built-above · rel-vol 1.0x · regime FAVORABLE,False,20,93.0,91.605,98.4,71,5.81,3.87,False
FRPT,63.77,BASING,0.0,0,18,18,70.82,70.24,58,weekly,10.15,40 bear-built-above · rel-vol 0.8x · regime FAVORABLE,False,18,63.77,62.8135,70.82,104,11.06,7.37,False
FRSH,12.64,BASING,0.0,0,20,20,13.36,13.012,35,daily,2.94,rel-vol 1.0x · regime FAVORABLE,True,23,12.64,12.4504,13.36,527,5.7,3.8,False
FRVO,14.98,BASING,0.0,0,20,20,15.59,15.31,28,weekly,2.2,31 bear-built-above · rel-vol 0.6x · regime FAVORABLE,False,20,14.98,14.7553,15.59,445,4.07,2.71,False
FSK,12.1,BASING,0.0,0,20,20,12.97,12.8,17,weekly,5.79,11 bear-built-above · rel-vol 1.4x · regime FAVORABLE,False,20,12.1,11.9185,12.97,550,7.19,4.79,False
FSLR,206.3,BASING,0.0,0,20,20,209.03,207.04,200,daily,0.36,19 bear-built-above · rel-vol 0.7x · regime FAVORABLE,False,20,206.3,203.2055,209.03,32,1.32,0.88,False
FSLY,24.9,BASING,0.0,0,11,11,29.04,28.6,44,daily,14.86,6 bear-built-above · rel-vol 1.4x · regime FAVORABLE,True,11,24.9,24.5265,29.04,267,16.63,11.08,False
FSM,11.65,BASING,0.0,0,17,17,13.56,12.66,91,daily,8.67,14 bear-built-above · rel-vol 0.6x · regime FAVORABLE,False,17,11.65,11.4753,13.56,572,16.39,10.93,False
FTAI,175.21,BASING,0.0,0,19,19,186.06,180.0,607,weekly,2.73,60 bear-built-above · rel-vol 1.6x · regime FAVORABLE,False,19,175.21,172.5819,186.06,38,6.19,4.13,False
FTFT,6.252,BASING,0.0,0,5,5,7.0932,7.08,2,45m,13.24,rel-vol 8.6x · regime FAVORABLE,True,6,6.252,6.1582,7.0932,1066,13.45,8.97,False
FTH,39.09,BASING,0.0,0,3,3,39.76,39.65,11,30m,1.43,3 bear-built-above · rel-vol 0.9x · regime FAVORABLE,True,3,39.09,38.5037,39.76,170,1.71,1.14,False
FTI,74.28,BASING,0.0,0,20,20,76.34,75.7,65,weekly,1.91,32 bear-built-above · rel-vol 1.3x · regime FAVORABLE,False,20,74.28,73.1658,76.34,89,2.77,1.85,False
FTNT,169.5759,BASING,0.0,0,18,18,172.99,172.58,41,30m,1.77,12 bear-built-above · rel-vol 1.4x · regime FAVORABLE,False,20,169.5759,167.0323,172.99,39,2.01,1.34,False
FUL,50.97,BASING,0.0,0,20,20,51.6,51.0,61,weekly,0.06,28 bear-built-above · rel-vol 1.1x · regime FAVORABLE,False,20,50.97,50.2054,51.6,130,1.24,0.82,False
FUN,13.43,BASING,0.0,0,19,19,14.29,13.99,30,daily,4.17,37 bear-built-above · rel-vol 0.9x · regime FAVORABLE,False,19,13.43,13.2286,14.29,496,6.4,4.27,False
FUTU,109.68,BASING,0.0,0,18,18,121.75,120.3,146,weekly,9.68,106 bear-built-above · rel-vol 0.5x · regime FAVORABLE,False,18,109.68,108.0348,121.75,60,11.0,7.34,False
G,36.87,BASING,0.0,0,20,20,49.55,42.04,751,daily,14.02,5 bear-built-above · rel-vol 1.1x · regime FAVORABLE,False,21,36.87,36.3169,49.55,180,34.39,22.93,False
GAP,20.9892,BASING,0.0,0,19,19,21.51,21.18,34,weekly,0.91,44 bear-built-above · rel-vol 0.8x · regime FAVORABLE,False,19,20.9892,20.6744,21.51,317,2.48,1.65,False
GBTC,59.4,BASING,0.0,0,16,16,65.37,60.89,449,weekly,2.51,52 bear-built-above · rel-vol 0.9x · regime FAVORABLE,False,20,59.4,58.509,65.37,112,10.05,6.7,False
GCDT,0.4292,BASING,0.0,0,10,10,0.5161,0.4709,5,daily,9.72,7 bear-built-above · rel-vol 0.0x · regime FAVORABLE,False,10,0.4292,0.4228,0.5161,15532,20.25,13.5,False
GCT,51.75,BASING,0.0,0,3,3,52.9,51.89,101,1h,0.27,3 bear-built-above · rel-vol 1.1x · regime FAVORABLE,False,3,51.75,50.9738,52.9,128,2.22,1.48,False
GCTS,1.8448,BASING,0.0,0,19,19,2.45,2.07,39,daily,12.21,13 bear-built-above · rel-vol 0.8x · regime FAVORABLE,False,19,1.8448,1.8171,2.45,3613,32.81,21.87,False
GDDY,103.5,BASING,0.0,0,16,16,113.54,112.85,70,weekly,9.03,1 bear-built-above · rel-vol 1.1x · regime FAVORABLE,False,18,103.5,101.9475,113.54,64,9.7,6.47,False
GDX,93.42,BASING,0.0,0,20,20,97.1,94.14,296,weekly,0.77,57 bear-built-above · rel-vol 1.0x · regime FAVORABLE,False,25,93.42,92.0187,97.1,71,3.94,2.63,False
GDXD,19.63,BASING,0.0,0,4,4,24.37,21.21,316,daily,8.05,3 bear-built-above · rel-vol 0.8x · regime FAVORABLE,True,5,19.63,19.3355,24.37,339,24.15,16.1,False
GDXJ,119.5,BASING,0.0,0,19,19,125.41,121.0,441,weekly,1.26,70 bear-built-above · rel-vol 1.1x · regime FAVORABLE,False,19,119.5,117.7075,125.41,55,4.95,3.3,False
GEHC,64.98,BASING,0.0,0,19,19,68.86,67.95,91,weekly,4.57,53 bear-built-above · rel-vol 1.0x · regime FAVORABLE,False,19,64.98,64.0053,68.86,102,5.97,3.98,False
GEN,31.37,BASING,0.0,0,8,8,31.405,31.39,2,45m,0.06,8 bear-built-above · rel-vol 1.2x · regime FAVORABLE,True,10,31.37,30.8995,31.405,212,0.11,0.07,False
GENB,16.16,BASING,0.0,0,13,13,16.8,16.36,45,15m,1.24,9 bear-built-above · rel-vol 1.0x · regime FAVORABLE,True,14,16.16,15.9176,16.8,412,3.96,2.64,False
GENI,6.85,BASING,0.0,0,20,20,7.03,6.99,5,daily,2.04,30 bear-built-above · rel-vol 0.9x · regime FAVORABLE,False,21,6.85,6.7472,7.03,973,2.63,1.75,False
GEO,30.85,BASING,0.0,0,19,19,31.77,31.56,22,weekly,2.3,15 bear-built-above · rel-vol 0.6x · regime FAVORABLE,False,19,30.85,30.3873,31.77,216,2.98,1.99,False
GERN,1.3693,BASING,0.0,0,19,19,1.51,1.5,2,daily,9.55,12 bear-built-above · rel-vol 1.3x · regime FAVORABLE,False,19,1.3693,1.3488,1.51,4868,10.28,6.85,False
GEV,872.64,BASING,0.0,0,17,17,950.56,881.51,6905,weekly,1.02,56 bear-built-above · rel-vol 1.6x · regime FAVORABLE,False,17,872.64,859.5504,950.56,7,8.93,5.95,False
GFI,42.71,BASING,0.0,0,18,18,45.1,43.17,193,weekly,1.08,43 bear-built-above · rel-vol 0.7x · regime FAVORABLE,False,19,42.71,42.0694,45.1,156,5.6,3.73,False
GFL,42.61,BASING,0.0,0,18,18,42.99,42.98,2,1h,0.87,18 bear-built-above · rel-vol 0.9x · regime FAVORABLE,True,18,42.61,41.9708,42.99,156,0.89,0.59,False
GFS,43.8,BASING,0.0,0,17,17,46.3,44.37,193,weekly,1.3,30 bear-built-above · rel-vol 1.1x · regime FAVORABLE,False,17,43.8,43.143,46.3,152,5.71,3.81,False
GGAL,42.8,BASING,0.0,0,19,19,43.86,43.48,39,weekly,1.59,32 bear-built-above · rel-vol 0.9x · regime FAVORABLE,False,19,42.8,42.158,43.86,155,2.48,1.65,False
GGB,4.88,BASING,0.0,0,20,20,5.03,4.92,12,weekly,0.82,22 bear-built-above · rel-vol 1.0x · regime FAVORABLE,False,22,4.88,4.8068,5.03,1366,3.07,2.05,False
GGLL,101.45,BASING,0.0,0,16,16,113.44,112.38,107,daily,10.77,25 bear-built-above · rel-vol 1.6x · regime FAVORABLE,False,16,101.45,99.9283,113.44,65,11.82,7.88,False
GH,167.79,BASING,0.0,0,9,9,172.62,172.51,12,1h,2.81,rel-vol 0.8x · regime FAVORABLE,True,9,167.79,165.2731,172.62,39,2.88,1.92,False
GIL,47.45,BASING,0.0,0,19,19,48.45,47.85,61,weekly,0.84,68 bear-built-above · rel-vol 1.4x · regime FAVORABLE,False,19,47.45,46.7383,48.45,140,2.11,1.4,False
GIS,36.4739,BASING,0.0,0,15,15,40.58,40.0,58,daily,9.67,33 bear-built-above · rel-vol 1.4x · regime FAVORABLE,False,15,36.4739,35.9268,40.58,182,11.26,7.51,False
GKOS,171.0,BASING,0.0,0,20,20,177.47,175.55,192,weekly,2.66,31 bear-built-above · rel-vol 1.4x · regime FAVORABLE,False,20,171.0,168.435,177.47,38,3.78,2.52,False
GLBE,37.49,BASING,0.0,0,20,20,38.37,37.89,48,weekly,1.07,22 bear-built-above · rel-vol 1.5x · regime FAVORABLE,False,21,37.49,36.9276,38.37,177,2.35,1.56,False
GLL,23.668,BASING,0.0,0,20,20,26.12,24.61,152,daily,3.98,4 bear-built-above · rel-vol 0.9x · regime FAVORABLE,False,22,23.668,23.313,26.12,281,10.36,6.91,False
GLOB,40.76,BASING,0.0,0,14,14,47.73,46.26,147,daily,13.49,3 bear-built-above · rel-vol 0.9x · regime FAVORABLE,False,14,40.76,40.1486,47.73,163,17.1,11.4,False
GLW,143.0,BASING,0.0,0,19,19,159.24,150.645,860,weekly,5.35,39 bear-built-above · rel-vol 1.9x · regime FAVORABLE,False,19,143.0,140.855,159.24,46,11.36,7.57,False
GLWG,11.59,BASING,0.0,0,19,19,15.985,13.03,296,daily,12.42,25 bear-built-above · rel-vol 3.0x · regime FAVORABLE,False,19,11.59,11.4162,15.985,575,37.92,25.28,False
GLXY,23.58,BASING,0.0,0,17,17,24.4,24.13,27,weekly,2.33,44 bear-built-above · rel-vol 0.6x · regime FAVORABLE,False,19,23.58,23.2263,24.4,282,3.48,2.32,False
GME,21.57,BASING,0.0,0,19,19,28.55,23.57,499,daily,9.27,12 bear-built-above · rel-vol 1.0x · regime FAVORABLE,False,19,21.57,21.2464,28.55,309,32.36,21.57,False
GMED,75.74,BASING,0.0,0,19,19,82.97,82.07,91,weekly,8.36,18 bear-built-above · rel-vol 1.6x · regime FAVORABLE,False,19,75.74,74.6039,82.97,88,9.55,6.36,False
GNRC,178.0,BASING,0.0,0,18,18,186.99,179.64,736,weekly,0.92,54 bear-built-above · rel-vol 1.3x · regime FAVORABLE,False,18,178.0,175.33,186.99,37,5.05,3.37,False
GO,11.68,BASING,0.0,0,10,10,14.17,13.03,115,daily,11.56,8 bear-built-above · rel-vol 0.7x · regime FAVORABLE,False,11,11.68,11.5048,14.17,570,21.32,14.21,False
GOF,8.83,BASING,0.0,0,20,20,9.69,9.61,9,weekly,8.83,61 bear-built-above · rel-vol 0.8x · regime FAVORABLE,False,20,8.83,8.6975,9.69,755,9.74,6.49,False
GOLD,47.47,BASING,0.0,0,20,20,52.42,51.07,136,weekly,7.58,31 bear-built-above · rel-vol 0.8x · regime FAVORABLE,False,21,47.47,46.758,52.42,140,10.43,6.95,False
GOOG,341.79,BASING,0.0,0,20,20,383.86,381.225,264,daily,11.54,17 bear-built-above · rel-vol 1.4x · regime FAVORABLE,False,20,341.79,336.6632,383.86,19,12.31,8.21,False
GOOGL,345.35,BASING,0.0,0,17,17,388.0,385.24,276,daily,11.55,23 bear-built-above · rel-vol 1.5x · regime FAVORABLE,False,20,345.35,340.1698,388.0,19,12.35,8.23,False
GOSS,10.7,BASING,0.0,0,7,7,11.576,10.71,87,45m,0.09,7 bear-built-above · rel-vol 1.1x · regime FAVORABLE,False,7,10.7,10.5395,11.576,623,8.19,5.46,False
GPI,284.01,BASING,0.0,0,20,20,299.15,296.25,290,30m,4.31,24 bear-built-above · rel-vol 0.8x · regime FAVORABLE,False,20,284.01,279.7498,299.15,23,5.33,3.55,False
GPK,9.52,BASING,0.0,0,20,20,10.43,10.32,11,weekly,8.4,32 bear-built-above · rel-vol 1.2x · regime FAVORABLE,False,20,9.52,9.3772,10.43,700,9.56,6.37,False
GPN,90.19,BASING,0.0,0,20,20,100.77,98.98,179,weekly,9.75,12 bear-built-above · rel-vol 1.0x · regime FAVORABLE,False,22,90.19,88.8371,100.77,73,11.73,7.82,False
GPRK,11.47,BASING,0.0,0,20,20,11.97,11.8,17,daily,2.88,47 bear-built-above · rel-vol 0.6x · regime FAVORABLE,False,21,11.47,11.298,11.97,581,4.36,2.91,False
GPRO,1.31,BASING,0.0,0,17,17,1.38,1.37,1,weekly,4.58,12 bear-built-above · rel-vol 0.2x · regime FAVORABLE,False,20,1.31,1.2904,1.38,5089,5.34,3.56,False
GPUS,0.198,BASING,0.0,0,4,4,0.2299,0.2157,2,daily,8.94,3 bear-built-above · rel-vol 1.3x · regime FAVORABLE,False,4,0.198,0.195,0.2299,33670,16.11,10.74,False
GRAF,10.82,BASING,0.0,0,3,3,11.355,11.055,31,45m,2.17,rel-vol 0.0x · regime FAVORABLE,False,3,10.82,10.6577,11.355,616,4.94,3.3,False
GRAL,75.53,BASING,0.0,0,20,20,80.0,79.85,16,10m,5.72,27 bear-built-above · rel-vol 1.7x · regime FAVORABLE,False,20,75.53,74.397,80.0,88,5.92,3.95,False
GT,5.31,BASING,0.0,0,19,19,5.37,5.34,4,weekly,0.56,38 bear-built-above · rel-vol 1.2x · regime FAVORABLE,False,19,5.31,5.2303,5.37,1255,1.13,0.75,False
GTLB,48.71,BASING,0.0,0,20,20,56.38,54.41,198,weekly,11.7,21 bear-built-above · rel-vol 0.6x · regime FAVORABLE,True,23,48.71,47.9794,56.38,136,15.75,10.5,False
GTM,4.15,BASING,0.0,0,12,12,4.37,4.34,4,45m,4.58,6 bear-built-above · rel-vol 1.2x · regime FAVORABLE,False,12,4.15,4.0878,4.37,1606,5.3,3.53,False
GWRE,151.51,BASING,0.0,0,20,20,198.0,167.55,3045,daily,10.59,19 bear-built-above · rel-vol 1.1x · regime FAVORABLE,False,21,151.51,149.2373,198.0,44,30.68,20.46,False
GXO,46.3844,BASING,0.0,0,16,16,56.22,52.255,397,weekly,12.66,11 bear-built-above · rel-vol 1.2x · regime FAVORABLE,False,16,46.3844,45.6886,56.22,143,21.2,14.14,False
HACK,118.7342,BASING,0.0,0,19,19,121.92,121.72,21,1h,2.51,4 bear-built-above · rel-vol 3.2x · regime FAVORABLE,False,19,118.7342,116.9532,121.92,56,2.68,1.79,False
HAE,106.31,BASING,0.0,0,14,14,108.8,108.4,40,daily,1.97,3 bear-built-above · rel-vol 1.2x · regime FAVORABLE,False,14,106.31,104.7154,108.8,62,2.34,1.56,False
HAL,35.15,BASING,0.0,0,20,20,39.55,38.75,80,weekly,10.24,35 bear-built-above · rel-vol 0.9x · regime FAVORABLE,False,20,35.15,34.6227,39.55,189,12.52,8.35,False
HALO,107.29,BASING,0.0,0,20,20,109.91,109.0,91,daily,1.59,25 bear-built-above · rel-vol 0.6x · regime FAVORABLE,False,20,107.29,105.6806,109.91,62,2.44,1.63,False
HBAN,16.67,BASING,0.0,0,20,20,18.24,17.405,84,daily,4.41,14 bear-built-above · rel-vol 1.0x · regime FAVORABLE,False,20,16.67,16.42,18.24,399,9.42,6.28,False
HBM,25.65,BASING,0.0,0,17,17,28.82,26.65,218,daily,3.9,28 bear-built-above · rel-vol 0.8x · regime FAVORABLE,False,18,25.65,25.2652,28.82,259,12.36,8.24,False
HCA,423.0,BASING,0.0,0,6,6,472.23,432.46,3978,daily,2.24,2 bear-built-above · rel-vol 1.0x · regime FAVORABLE,False,6,423.0,416.655,472.23,15,11.64,7.76,False
HCC,95.46,BASING,0.0,0,20,20,97.77,95.94,183,weekly,0.5,28 bear-built-above · rel-vol 1.3x · regime FAVORABLE,False,20,95.46,94.0281,97.77,69,2.42,1.61,False
HDB,22.95,BASING,0.0,0,20,20,26.38,24.76,162,weekly,7.89,17 bear-built-above · rel-vol 0.8x · regime FAVORABLE,False,20,22.95,22.6058,26.38,290,14.95,9.96,False
HIMS,28.59,BASING,0.0,0,19,19,30.489,30.44,5,45m,6.47,20 bear-built-above · rel-vol 1.1x · regime FAVORABLE,False,19,28.59,28.1611,30.489,233,6.64,4.43,False
HIVE,2.94,BASING,0.0,0,20,20,3.03,2.99,4,weekly,1.7,22 bear-built-above · rel-vol 0.5x · regime FAVORABLE,False,21,2.94,2.8959,3.03,2267,3.06,2.04,False
HL,18.68,BASING,0.0,0,19,19,19.78,19.02,77,weekly,1.82,50 bear-built-above · rel-vol 1.0x · regime FAVORABLE,False,22,18.68,18.3998,19.78,356,5.89,3.93,False
HLI,137.82,BASING,0.0,0,20,20,147.19,145.77,142,daily,5.77,4 bear-built-above · rel-vol 1.1x · regime FAVORABLE,False,21,137.82,135.7527,147.19,48,6.8,4.53,False
HLNE,96.27,BASING,0.0,0,20,20,103.06,102.92,15,weekly,6.91,21 bear-built-above · rel-vol 0.9x · regime FAVORABLE,False,25,96.27,94.8259,103.06,69,7.05,4.7,False
HMY,19.39,BASING,0.0,0,17,17,22.39,21.03,136,daily,8.46,26 bear-built-above · rel-vol 1.0x · regime FAVORABLE,False,17,19.39,19.0992,22.39,343,15.47,10.31,False
HNGE,94.8,BASING,0.0,0,20,20,95.7844,95.5,29,1h,0.74,28 bear-built-above · rel-vol 1.3x · regime FAVORABLE,True,20,94.8,93.378,95.7844,70,1.04,0.69,False
HNST,5.55,BASING,0.0,0,20,20,5.74,5.635,11,daily,1.53,21 bear-built-above · rel-vol 0.7x · regime FAVORABLE,False,20,5.55,5.4667,5.74,1201,3.42,2.28,False
HODU,13.31,BASING,0.0,0,20,20,15.14,15.02,13,1h,12.85,17 bear-built-above · rel-vol 0.5x · regime FAVORABLE,False,20,13.31,13.1104,15.14,500,13.75,9.17,False
HONA,163.5852,BASING,0.0,0,19,19,169.5,169.0,50,4h,3.31,8 bear-built-above · rel-vol 1.1x · regime FAVORABLE,False,19,163.5852,161.1314,169.5,40,3.62,2.41,False
HOOD,111.2,BASING,0.0,0,20,20,125.13,125.07,7,30m,12.47,27 bear-built-above · rel-vol 0.8x · regime FAVORABLE,False,20,111.2,109.532,125.13,59,12.53,8.35,False
HOOG,32.1,BASING,0.0,0,20,20,35.39,35.29,11,1h,9.94,26 bear-built-above · rel-vol 0.6x · regime FAVORABLE,False,21,32.1,31.6185,35.39,207,10.25,6.83,False
HP,42.63,BASING,0.0,0,20,20,46.04,44.63,141,1h,4.69,27 bear-built-above · rel-vol 1.0x · regime FAVORABLE,False,21,42.63,41.9905,46.04,156,8.0,5.33,False
HPE,55.41,BASING,0.0,0,20,20,56.37,55.605,77,daily,0.35,23 bear-built-above · rel-vol 1.3x · regime FAVORABLE,False,22,55.41,54.5788,56.37,120,1.73,1.16,False
HPQ,33.82,BASING,0.0,0,20,20,39.1,36.56,254,daily,8.1,31 bear-built-above · rel-vol 1.2x · regime FAVORABLE,True,20,33.82,33.3127,39.1,197,15.61,10.41,False
HRI,140.42,BASING,0.0,0,19,19,147.69,144.8,289,1h,3.12,38 bear-built-above · rel-vol 1.4x · regime FAVORABLE,False,19,140.42,138.3137,147.69,47,5.18,3.45,False
HRMY,41.54,BASING,0.0,0,13,13,42.35,42.205,15,1h,1.6,13 bear-built-above · rel-vol 1.3x · regime FAVORABLE,False,16,41.54,40.9169,42.35,160,1.95,1.3,False
HSAI,16.83,BASING,0.0,0,18,18,17.31,17.06,25,weekly,1.37,80 bear-built-above · rel-vol 0.6x · regime FAVORABLE,False,18,16.83,16.5775,17.31,396,2.85,1.9,False
HTFL,49.54,BASING,0.0,0,16,16,50.035,50.01,3,45m,0.95,11 bear-built-above · rel-vol 0.7x · regime FAVORABLE,False,16,49.54,48.7969,50.035,134,1.0,0.67,False
HTZ,1.96,BASING,0.0,0,19,19,2.04,2.01,4,weekly,2.55,24 bear-built-above · rel-vol 1.1x · regime FAVORABLE,False,19,1.96,1.9306,2.04,3401,4.08,2.72,False
HUBG,35.26,BASING,0.0,0,17,17,39.61,39.55,7,weekly,12.17,12 bear-built-above · rel-vol 2.4x · regime FAVORABLE,False,17,35.26,34.7311,39.61,189,12.34,8.22,False
HUBS,246.11,BASING,0.0,0,16,16,252.43,247.6,484,daily,0.61,19 bear-built-above · rel-vol 1.2x · regime FAVORABLE,False,16,246.11,242.4184,252.43,27,2.57,1.71,False
HUM,408.0,BASING,0.0,0,17,17,428.8,424.54,426,30m,4.05,13 bear-built-above · rel-vol 0.8x · regime FAVORABLE,False,17,408.0,401.88,428.8,16,5.1,3.4,False
HUMA,0.5622,BASING,0.0,0,17,17,0.5949,0.5905,1,daily,5.03,11 bear-built-above · rel-vol 0.5x · regime FAVORABLE,False,17,0.5622,0.5538,0.5949,11858,5.82,3.88,False
HUT,89.17,BASING,0.0,0,20,20,95.85,91.675,418,weekly,2.81,44 bear-built-above · rel-vol 1.3x · regime FAVORABLE,False,20,89.17,87.8324,95.85,74,7.49,4.99,False
HYMC,20.6,BASING,0.0,0,16,16,22.81,21.58,124,daily,4.76,27 bear-built-above · rel-vol 0.9x · regime FAVORABLE,False,16,20.6,20.291,22.81,323,10.73,7.15,False
IAG,19.5,BASING,0.0,0,17,17,20.26,19.79,48,weekly,1.49,24 bear-built-above · rel-vol 1.1x · regime FAVORABLE,False,17,19.5,19.2075,20.26,341,3.9,2.6,False
IAUX,1.72,BASING,0.0,0,16,16,2.05,1.89,16,daily,9.88,10 bear-built-above · rel-vol 0.6x · regime FAVORABLE,False,16,1.72,1.6942,2.05,3875,19.19,12.79,False
IBIT,43.51,BASING,0.0,0,18,18,47.49,44.25,325,weekly,1.7,51 bear-built-above · rel-vol 0.8x · regime FAVORABLE,False,25,43.51,42.8573,47.49,153,9.15,6.1,False
IBKR,90.05,BASING,0.0,0,20,20,92.62,91.76,86,weekly,1.9,20 bear-built-above · rel-vol 1.0x · regime FAVORABLE,False,20,90.05,88.6992,92.62,74,2.85,1.9,False
IBP,199.67,BASING,0.0,0,20,20,204.28,200.3,398,weekly,0.32,52 bear-built-above · rel-vol 2.2x · regime FAVORABLE,False,20,199.67,196.6749,204.28,33,2.31,1.54,False
IBRX,8.28,BASING,0.0,0,5,5,10.0,9.45,56,daily,14.13,rel-vol 1.1x · regime FAVORABLE,True,7,8.28,8.1558,10.0,805,20.77,13.85,False
IBTA,42.395,BASING,0.0,0,17,17,45.15,44.86,29,daily,5.81,16 bear-built-above · rel-vol 1.0x · regime FAVORABLE,False,17,42.395,41.7591,45.15,157,6.5,4.33,False
ICE,159.16,BASING,0.0,0,19,19,161.26,160.0,126,weekly,0.53,10 bear-built-above · rel-vol 0.7x · regime FAVORABLE,False,19,159.16,156.7726,161.26,41,1.32,0.88,False
ICLR,168.93,BASING,0.0,0,20,20,202.92,188.22,1470,daily,11.42,25 bear-built-above · rel-vol 1.9x · regime FAVORABLE,False,22,168.93,166.3961,202.92,39,20.12,13.41,False
IDCC,340.9756,BASING,0.0,0,20,20,350.13,344.19,594,daily,0.94,27 bear-built-above · rel-vol 1.7x · regime FAVORABLE,False,20,340.9756,335.861,350.13,19,2.68,1.79,False
IESC,322.8,BASING,0.0,0,18,18,325.57,323.38,219,weekly,0.18,44 bear-built-above · rel-vol 0.9x · regime FAVORABLE,False,18,322.8,317.958,325.57,20,0.86,0.57,False
IGV,105.1,BASING,0.0,0,20,20,115.7,113.4,230,daily,7.9,25 bear-built-above · rel-vol 1.3x · regime FAVORABLE,False,24,105.1,103.5235,115.7,63,10.09,6.72,False
ILMN,203.67,BASING,0.0,0,19,19,225.49,224.73,77,daily,10.34,39 bear-built-above · rel-vol 1.1x · regime FAVORABLE,False,19,203.67,200.6149,225.49,32,10.71,7.14,False
IMAX,53.43,BASING,0.0,0,6,6,53.9,53.75,15,daily,0.6,rel-vol 1.1x · regime FAVORABLE,True,6,53.43,52.6285,53.9,124,0.88,0.59,False
IMMX,12.21,BASING,0.0,0,17,17,12.28,12.24,4,5m,0.25,10 bear-built-above · rel-vol 0.7x · regime FAVORABLE,False,18,12.21,12.0269,12.28,546,0.57,0.38,False
IMNM,24.53,BASING,0.0,0,20,20,26.76,26.15,62,weekly,6.6,44 bear-built-above · rel-vol 0.7x · regime FAVORABLE,False,21,24.53,24.1621,26.76,271,9.09,6.06,False
IMVT,37.66,BASING,0.0,0,20,20,39.25,38.59,66,weekly,2.47,28 bear-built-above · rel-vol 1.0x · regime FAVORABLE,False,20,37.66,37.0951,39.25,177,4.22,2.81,False
INBX,110.47,BASING,0.0,0,19,19,121.17,117.22,396,weekly,6.11,14 bear-built-above · rel-vol 0.6x · regime FAVORABLE,False,19,110.47,108.813,121.17,60,9.69,6.46,False
INDI,3.12,BASING,0.0,0,20,20,3.35,3.24,11,weekly,3.85,23 bear-built-above · rel-vol 0.8x · regime FAVORABLE,False,20,3.12,3.0732,3.35,2136,7.37,4.91,False
INDP,3.27,BASING,0.0,0,2,2,3.7701,3.6802,9,30m,12.54,1 bear-built-above · rel-vol 0.7x · regime FAVORABLE,True,2,3.27,3.2209,3.7701,2038,15.29,10.2,False
INFQ,12.5,BASING,0.0,0,20,20,13.12,12.6,52,weekly,0.8,27 bear-built-above · rel-vol 1.0x · regime FAVORABLE,False,20,12.5,12.3125,13.12,533,4.96,3.31,False
INGM,26.85,BASING,0.0,0,20,20,27.55,26.89,67,weekly,0.15,27 bear-built-above · rel-vol 1.2x · regime FAVORABLE,False,20,26.85,26.4473,27.55,248,2.61,1.74,False
INIO,18.0,BASING,0.0,0,20,20,20.35,19.24,112,weekly,6.89,20 bear-built-above · rel-vol 1.5x · regime FAVORABLE,False,20,18.0,17.73,20.35,370,13.06,8.7,False
INOD,55.25,BASING,0.0,0,20,20,63.97,62.82,115,weekly,13.7,23 bear-built-above · rel-vol 1.0x · regime FAVORABLE,False,23,55.25,54.4213,63.97,120,15.78,10.52,False
INSM,124.6439,BASING,0.0,0,20,20,144.48,143.3,118,weekly,14.97,16 bear-built-above · rel-vol 0.9x · regime FAVORABLE,False,20,124.6439,122.7742,144.48,53,15.91,10.61,False
INSP,74.01,BASING,0.0,0,3,3,74.75,74.68,7,30m,0.91,3 bear-built-above · rel-vol 1.9x · regime FAVORABLE,False,5,74.01,72.8999,74.75,90,1.0,0.67,False
INSW,106.4,BASING,0.0,0,13,13,107.3428,107.2,15,1h,0.75,13 bear-built-above · rel-vol 1.6x · regime FAVORABLE,True,15,106.4,104.804,107.3428,62,0.89,0.59,False
INTC,97.27,BASING,0.0,0,19,19,109.84,105.98,386,weekly,8.95,24 bear-built-above · rel-vol 1.1x · regime FAVORABLE,False,25,97.27,95.8109,109.84,68,12.92,8.62,False
INTR,5.58,BASING,0.0,0,20,20,6.17,6.1,8,weekly,9.32,17 bear-built-above · rel-vol 0.9x · regime FAVORABLE,False,20,5.58,5.4963,6.17,1194,10.57,7.05,False
INTU,332.97,BASING,0.0,0,20,20,358.06,356.05,201,weekly,6.93,17 bear-built-above · rel-vol 0.9x · regime FAVORABLE,False,20,332.97,327.9755,358.06,20,7.54,5.02,False
IOND,79.86,BASING,0.0,0,20,20,83.0,82.5,50,4h,3.31,44 bear-built-above · rel-vol 0.8x · regime FAVORABLE,False,20,79.86,78.6621,83.0,83,3.93,2.62,False
IONQ,37.09,BASING,0.0,0,19,19,40.47,39.51,97,daily,6.52,41 bear-built-above · rel-vol 1.0x · regime FAVORABLE,False,19,37.09,36.5337,40.47,179,9.11,6.08,False
IONS,51.45,BASING,0.0,0,20,20,58.09,54.21,389,weekly,5.36,47 bear-built-above · rel-vol 2.0x · regime FAVORABLE,False,20,51.45,50.6783,58.09,129,12.91,8.6,False
IOT,42.39,BASING,0.0,0,12,12,45.78,45.77,1,4h,7.97,9 bear-built-above · rel-vol 1.3x · regime FAVORABLE,False,15,42.39,41.7542,45.78,157,8.0,5.33,False
IOVA,9.25,BASING,0.0,0,8,8,10.585,10.482,11,weekly,13.32,6 bear-built-above · rel-vol 1.4x · regime FAVORABLE,False,8,9.25,9.1113,10.585,720,14.43,9.62,False
IPDN,3.1,BASING,0.0,0,4,4,3.6293,3.21,42,45m,3.55,1 bear-built-above · rel-vol 0.2x · regime FAVORABLE,False,4,3.1,3.0535,3.6293,2150,17.07,11.38,False
IPGP,74.9,BASING,0.0,0,18,18,79.21,76.17,304,weekly,1.7,70 bear-built-above · rel-vol 0.6x · regime FAVORABLE,False,18,74.9,73.7765,79.21,89,5.75,3.84,False
IPST,3.27,BASING,0.0,0,20,20,3.7,3.51,20,weekly,7.34,31 bear-built-above · rel-vol 0.0x · regime FAVORABLE,False,20,3.27,3.2209,3.7,2038,13.15,8.77,False
IQV,265.67,BASING,0.0,0,11,11,269.12,268.48,64,30m,1.06,6 bear-built-above · rel-vol 1.0x · regime FAVORABLE,False,14,265.67,261.685,269.12,25,1.3,0.87,False
IRD,5.95,BASING,0.0,0,14,14,6.04,6.02,3,daily,1.18,14 bear-built-above · rel-vol 0.6x · regime FAVORABLE,True,17,5.95,5.8608,6.04,1120,1.51,1.01,False
IRE,10.2,BASING,0.0,0,20,20,10.82,10.51,32,weekly,3.04,41 bear-built-above · rel-vol 0.6x · regime FAVORABLE,False,20,10.2,10.047,10.82,653,6.08,4.05,False
IRTC,114.01,BASING,0.0,0,9,9,119.57,118.08,149,daily,3.57,4 bear-built-above · rel-vol 1.1x · regime FAVORABLE,False,9,114.01,112.2999,119.57,58,4.88,3.25,False
ISRG,373.13,BASING,0.0,0,20,20,407.12,396.1,1102,daily,6.16,20 bear-built-above · rel-vol 1.1x · regime FAVORABLE,False,20,373.13,367.5331,407.12,17,9.11,6.07,False
IT,197.07,BASING,0.0,0,9,9,225.98,224.81,117,daily,14.08,1 bear-built-above · rel-vol 1.4x · regime FAVORABLE,False,11,197.07,194.1139,225.98,33,14.67,9.78,False
ITUB,8.1,BASING,0.0,0,19,19,8.33,8.23,10,weekly,1.6,24 bear-built-above · rel-vol 1.2x · regime FAVORABLE,False,19,8.1,7.9785,8.33,823,2.84,1.89,False
JAN,31.07,BASING,0.0,0,9,9,32.05,31.43,62,4h,1.16,3 bear-built-above · rel-vol 0.8x · regime FAVORABLE,False,9,31.07,30.604,32.05,214,3.15,2.1,False
JAZZ,244.0,BASING,0.0,0,18,18,250.68,248.9,179,1h,2.01,28 bear-built-above · rel-vol 0.5x · regime FAVORABLE,False,18,244.0,240.34,250.68,27,2.74,1.83,False
JBHT,274.99,BASING,0.0,0,20,20,288.3,287.7,61,weekly,4.62,2 bear-built-above · rel-vol 1.1x · regime FAVORABLE,True,20,274.99,270.8652,288.3,24,4.84,3.23,False
JBL,298.0,BASING,0.0,0,18,18,312.64,302.47,1017,weekly,1.5,31 bear-built-above · rel-vol 0.9x · regime FAVORABLE,False,18,298.0,293.53,312.64,22,4.91,3.28,False
JBLU,4.36,BASING,0.0,0,16,16,4.8,4.72,9,weekly,8.26,10 bear-built-above · rel-vol 0.8x · regime FAVORABLE,False,16,4.36,4.2946,4.8,1529,10.09,6.73,False
JEM,3.91,BASING,0.0,0,20,20,4.18,4.04,14,daily,3.32,24 bear-built-above · rel-vol 0.0x · regime FAVORABLE,False,20,3.91,3.8514,4.18,1705,6.91,4.6,False
JHX,28.25,BASING,0.0,0,20,20,29.86,29.38,49,daily,4.0,34 bear-built-above · rel-vol 1.0x · regime FAVORABLE,False,23,28.25,27.8262,29.86,235,5.7,3.8,False
JLHL,5.89,BASING,0.0,0,20,20,6.09,6.0,9,weekly,1.87,50 bear-built-above · rel-vol 0.1x · regime FAVORABLE,False,22,5.89,5.8016,6.09,1131,3.4,2.26,False
JMKE,21.6,BASING,0.0,0,20,20,24.84,24.7,15,45m,14.35,24 bear-built-above · rel-vol 0.8x · regime FAVORABLE,False,20,21.6,21.276,24.84,308,15.0,10.0,False
JNJ,266.7088,BASING,0.0,0,20,20,275.13,271.28,386,daily,1.71,30 bear-built-above · rel-vol 0.8x · regime FAVORABLE,False,21,266.7088,262.7082,275.13,24,3.16,2.1,False
JNUG,165.81,BASING,0.0,0,20,20,183.83,171.07,1277,weekly,3.17,38 bear-built-above · rel-vol 1.3x · regime FAVORABLE,False,20,165.81,163.3228,183.83,40,10.87,7.25,False
JOBY,6.26,BASING,0.0,0,20,20,6.39,6.3,9,weekly,0.64,35 bear-built-above · rel-vol 1.2x · regime FAVORABLE,False,20,6.26,6.1661,6.39,1064,2.08,1.38,False
JPM,348.05,BASING,0.0,0,17,17,356.23,354.23,200,weekly,1.78,40 bear-built-above · rel-vol 1.7x · regime FAVORABLE,False,17,348.05,342.8293,356.23,19,2.35,1.57,False
KD,13.68,BASING,0.0,0,2,2,13.94,13.78,17,weekly,0.73,rel-vol 1.0x · regime FAVORABLE,False,4,13.68,13.4748,13.94,487,1.9,1.27,False
KDP,31.57,BASING,0.0,0,19,19,34.78,32.45,233,weekly,2.79,34 bear-built-above · rel-vol 0.8x · regime FAVORABLE,False,19,31.57,31.0965,34.78,211,10.17,6.78,False
KEEL,3.3681,BASING,0.0,0,17,17,3.54,3.45,9,weekly,2.43,25 bear-built-above · rel-vol 0.7x · regime FAVORABLE,False,17,3.3681,3.3176,3.54,1979,5.1,3.4,False
KEY,21.93,BASING,0.0,0,20,20,22.18,22.0201,16,4h,0.41,2 bear-built-above · rel-vol 1.6x · regime FAVORABLE,False,23,21.93,21.6011,22.18,303,1.14,0.76,False
KGC,28.09,BASING,0.0,0,16,16,29.13,28.18,95,weekly,0.32,73 bear-built-above · rel-vol 0.9x · regime FAVORABLE,False,16,28.09,27.6686,29.13,237,3.7,2.47,False
KGS,56.63,BASING,0.0,0,19,19,63.31,61.27,204,weekly,8.19,39 bear-built-above · rel-vol 1.9x · regime FAVORABLE,False,19,56.63,55.7806,63.31,117,11.8,7.86,False
KHC,24.19,BASING,0.0,0,19,19,24.6,24.41,20,weekly,0.91,26 bear-built-above · rel-vol 0.9x · regime FAVORABLE,False,19,24.19,23.8271,24.6,275,1.69,1.13,False
KKR,102.41,BASING,0.0,0,20,20,107.73,106.55,119,weekly,4.04,27 bear-built-above · rel-vol 0.9x · regime FAVORABLE,False,20,102.41,100.8738,107.73,65,5.19,3.46,False
KLAR,14.1,BASING,0.0,0,20,20,19.51,15.66,386,daily,11.06,17 bear-built-above · rel-vol 0.5x · regime FAVORABLE,False,20,14.1,13.8885,19.51,472,38.37,25.58,False
KMB,99.21,BASING,0.0,0,20,20,118.85,104.69,1416,weekly,5.52,26 bear-built-above · rel-vol 1.5x · regime FAVORABLE,False,20,99.21,97.7218,118.85,67,19.8,13.2,False
KMI,30.92,BASING,0.0,0,15,15,33.69,33.63,6,weekly,8.76,28 bear-built-above · rel-vol 1.3x · regime FAVORABLE,False,15,30.92,30.4562,33.69,215,8.96,5.97,False
KMT,29.1634,BASING,0.0,0,18,18,31.22,31.1,12,weekly,6.64,26 bear-built-above · rel-vol 0.7x · regime FAVORABLE,False,18,29.1634,28.7259,31.22,228,7.05,4.7,False
KMX,61.69,BASING,0.0,0,20,20,72.12,69.485,264,daily,12.64,24 bear-built-above · rel-vol 0.8x · regime FAVORABLE,False,20,61.69,60.7646,72.12,108,16.91,11.27,False
KNX,68.43,BASING,0.0,0,20,20,76.43,76.18,25,weekly,11.33,11 bear-built-above · rel-vol 1.1x · regime FAVORABLE,False,21,68.43,67.4036,76.43,97,11.69,7.79,False
KO,88.77,BASING,0.0,0,11,11,90.15,90.0,16,1m,1.39,10 bear-built-above · rel-vol 1.0x · regime FAVORABLE,False,12,88.77,87.4384,90.15,75,1.55,1.04,False
KOLD,28.63,BASING,0.0,0,18,18,45.24,29.85,1539,weekly,4.26,34 bear-built-above · rel-vol 0.9x · regime FAVORABLE,False,18,28.63,28.2005,45.24,232,58.02,38.68,False
KOPN,4.3409,BASING,0.0,0,18,18,5.04,4.925,12,weekly,13.46,29 bear-built-above · rel-vol 0.8x · regime FAVORABLE,False,21,4.3409,4.2758,5.04,1535,16.1,10.74,False
KOS,2.97,BASING,0.0,0,6,6,3.185,3.18,1,1h,7.07,4 bear-built-above · rel-vol 1.4x · regime FAVORABLE,False,8,2.97,2.9255,3.185,2244,7.24,4.83,False
KRMN,34.63,BASING,0.0,0,20,20,35.28,34.74,54,weekly,0.32,39 bear-built-above · rel-vol 1.3x · regime FAVORABLE,False,20,34.63,34.1106,35.28,192,1.88,1.25,False
KRYS,340.03,BASING,0.0,0,19,19,358.24,351.26,699,daily,3.3,41 bear-built-above · rel-vol 1.2x · regime FAVORABLE,False,19,340.03,334.9295,358.24,19,5.36,3.57,False
KSPI,99.63,BASING,0.0,0,20,20,119.01,114.0,502,daily,14.42,27 bear-built-above · rel-vol 1.0x · regime FAVORABLE,False,23,99.63,98.1355,119.01,66,19.45,12.97,False
KSS,17.19,BASING,0.0,0,20,20,18.61,18.41,20,daily,7.1,47 bear-built-above · rel-vol 0.6x · regime FAVORABLE,False,21,17.19,16.9322,18.61,387,8.26,5.51,False
KTB,67.42,BASING,0.0,0,17,17,76.99,76.1,90,weekly,12.87,56 bear-built-above · rel-vol 1.0x · regime FAVORABLE,False,17,67.42,66.4087,76.99,98,14.19,9.46,False
KTOS,47.43,BASING,0.0,0,19,19,52.0,51.695,31,weekly,8.99,39 bear-built-above · rel-vol 1.0x · regime FAVORABLE,False,19,47.43,46.7186,52.0,140,9.64,6.42,False
KVUE,17.9112,BASING,0.0,0,18,18,18.74,18.625,12,weekly,3.99,45 bear-built-above · rel-vol 1.6x · regime FAVORABLE,False,18,17.9112,17.6425,18.74,372,4.63,3.08,False
KVYO,17.38,BASING,0.0,0,18,18,18.61,18.35,26,weekly,5.58,12 bear-built-above · rel-vol 1.0x · regime FAVORABLE,False,18,17.38,17.1193,18.61,383,7.08,4.72,False
KYMR,113.25,BASING,0.0,0,20,20,125.55,124.99,57,daily,10.37,35 bear-built-above · rel-vol 0.8x · regime FAVORABLE,False,20,113.25,111.5512,125.55,58,10.86,7.24,False
LABD,7.36,BASING,0.0,0,20,20,8.43,8.26,17,daily,12.23,13 bear-built-above · rel-vol 1.0x · regime FAVORABLE,False,22,7.36,7.2496,8.43,905,14.54,9.69,False
LABU,269.01,BASING,0.0,0,20,20,290.97,287.83,315,weekly,7.0,57 bear-built-above · rel-vol 0.6x · regime FAVORABLE,False,20,269.01,264.9749,290.97,24,8.16,5.44,False
LABX,8.07,BASING,0.0,0,20,20,10.58,9.09,150,weekly,12.64,37 bear-built-above · rel-vol 2.2x · regime FAVORABLE,False,20,8.07,7.9489,10.58,826,31.1,20.74,False
LAC,2.87,BASING,0.0,0,20,20,3.19,3.1,9,daily,8.01,29 bear-built-above · rel-vol 1.0x · regime FAVORABLE,False,20,2.87,2.827,3.19,2322,11.15,7.43,False
LASE,0.7965,BASING,0.0,0,16,16,0.809,0.8089,1,45m,1.56,16 bear-built-above · rel-vol 2.1x · regime FAVORABLE,False,17,0.7965,0.7846,0.809,8369,1.57,1.05,False
LASR,38.68,BASING,0.0,0,20,20,44.69,44.36,33,daily,14.68,24 bear-built-above · rel-vol 0.9x · regime FAVORABLE,False,20,38.68,38.0998,44.69,172,15.54,10.36,False
LB,85.23,BASING,0.0,0,20,20,91.0,88.645,236,30m,4.01,27 bear-built-above · rel-vol 1.0x · regime FAVORABLE,False,22,85.23,83.9515,91.0,78,6.77,4.51,False
LBGJ,2.05,BASING,0.0,0,19,19,2.32,2.265,6,1h,10.49,8 bear-built-above · rel-vol 0.2x · regime FAVORABLE,False,19,2.05,2.0192,2.32,3252,13.17,8.78,False
LBRDK,36.13,BASING,0.0,0,5,5,41.94,41.38,56,weekly,14.53,rel-vol 7.5x · regime FAVORABLE,False,5,36.13,35.5881,41.94,184,16.08,10.72,False
LBRT,19.93,BASING,0.0,0,19,19,20.96,20.53,43,weekly,3.01,44 bear-built-above · rel-vol 1.0x · regime FAVORABLE,False,19,19.93,19.631,20.96,334,5.17,3.45,False
LBRX,44.84,BASING,0.0,0,20,20,49.39,49.07,33,4h,9.43,53 bear-built-above · rel-vol 0.9x · regime FAVORABLE,False,20,44.84,44.1674,49.39,148,10.15,6.76,False
LCID,4.12,BASING,0.0,0,20,20,4.22,4.16,6,weekly,0.97,20 bear-built-above · rel-vol 1.4x · regime FAVORABLE,False,20,4.12,4.0582,4.22,1618,2.43,1.62,False
LEA,128.87,BASING,0.0,0,19,19,146.33,140.4,594,daily,8.95,47 bear-built-above · rel-vol 0.9x · regime FAVORABLE,False,19,128.87,126.9369,146.33,51,13.55,9.03,False
LECO,252.3,BASING,0.0,0,18,18,271.52,267.15,438,daily,5.89,51 bear-built-above · rel-vol 0.9x · regime FAVORABLE,False,18,252.3,248.5155,271.52,26,7.62,5.08,False
LEGN,18.55,BASING,0.0,0,20,20,20.49,20.22,27,daily,9.0,22 bear-built-above · rel-vol 1.7x · regime FAVORABLE,False,21,18.55,18.2718,20.49,359,10.46,6.97,False
LEU,148.11,BASING,0.0,0,20,20,152.31,150.0,232,weekly,1.28,32 bear-built-above · rel-vol 1.4x · regime FAVORABLE,False,20,148.11,145.8884,152.31,45,2.84,1.89,False
LFST,13.5,BASING,0.0,0,1,1,13.55,13.545,1,1m,0.33,1 bear-built-above · rel-vol 1.3x · regime FAVORABLE,True,1,13.5,13.2975,13.55,493,0.37,0.25,False
LFTO,18.66,BASING,0.0,0,20,20,21.61,21.0,61,weekly,12.54,12 bear-built-above · rel-vol 0.6x · regime FAVORABLE,False,20,18.66,18.3801,21.61,357,15.81,10.54,False
LGCL,3.05,BASING,0.0,0,19,19,3.15,3.11,5,weekly,1.97,16 bear-built-above · rel-vol 0.1x · regime FAVORABLE,False,19,3.05,3.0042,3.15,2185,3.28,2.19,False
LGHL,8.05,BASING,0.0,0,20,20,8.706,8.3,41,weekly,3.11,23 bear-built-above · rel-vol 0.3x · regime FAVORABLE,False,20,8.05,7.9293,8.706,828,8.15,5.43,False
LGN,52.78,BASING,0.0,0,18,18,54.58,53.48,111,daily,1.33,29 bear-built-above · rel-vol 1.2x · regime FAVORABLE,False,18,52.78,51.9883,54.58,126,3.41,2.27,False
LIFE,38.6837,BASING,0.0,0,2,2,39.76,39.63,13,weekly,2.45,2 bear-built-above · rel-vol 0.7x · regime FAVORABLE,False,2,38.6837,38.1034,39.76,172,2.78,1.85,False
LII,365.99,BASING,0.0,0,20,20,418.02,413.05,497,daily,12.86,29 bear-built-above · rel-vol 1.2x · regime FAVORABLE,False,20,365.99,360.5002,418.02,18,14.22,9.48,False
LITE,838.99,BASING,0.0,0,20,20,897.56,860.875,3669,weekly,2.61,20 bear-built-above · rel-vol 1.2x · regime FAVORABLE,True,21,838.99,826.4052,897.56,7,6.98,4.65,False
LIVN,80.38,BASING,0.0,0,20,20,82.0,81.44,57,1h,1.32,12 bear-built-above · rel-vol 1.0x · regime FAVORABLE,True,20,80.38,79.1743,82.0,82,2.02,1.34,False
LLY,1146.79,BASING,0.0,0,13,13,1174.61,1168.47,614,weekly,1.89,1 bear-built-above · rel-vol 0.9x · regime FAVORABLE,False,14,1146.79,1129.5882,1174.61,5,2.43,1.62,False
LMND,49.8208,BASING,0.0,0,18,18,54.94,54.45,49,daily,9.29,40 bear-built-above · rel-vol 0.9x · regime FAVORABLE,False,18,49.8208,49.0735,54.94,133,10.28,6.85,False
LNG,275.01,BASING,0.0,0,18,18,286.68,280.68,600,weekly,2.06,34 bear-built-above · rel-vol 0.9x · regime FAVORABLE,False,18,275.01,270.8848,286.68,24,4.24,2.83,False
LOPE,153.48,BASING,0.0,0,20,20,159.31,156.67,265,4h,2.08,28 bear-built-above · rel-vol 1.3x · regime FAVORABLE,True,20,153.48,151.1778,159.31,43,3.8,2.53,False
LPTH,9.01,BASING,0.0,0,18,18,9.68,9.365,32,daily,3.94,17 bear-built-above · rel-vol 0.9x · regime FAVORABLE,False,18,9.01,8.8749,9.68,739,7.44,4.96,False
LPX,66.79,BASING,0.0,0,18,18,71.26,70.33,94,weekly,5.3,19 bear-built-above · rel-vol 0.9x · regime FAVORABLE,False,18,66.79,65.7882,71.26,99,6.69,4.46,False
LQDA,65.305,BASING,0.0,0,20,20,74.44,73.26,118,weekly,12.18,28 bear-built-above · rel-vol 0.9x · regime FAVORABLE,False,20,65.305,64.3254,74.44,102,13.99,9.33,False
LRCX,273.2,BASING,0.0,0,18,18,298.22,274.995,2323,weekly,0.66,41 bear-built-above · rel-vol 1.7x · regime FAVORABLE,False,18,273.2,269.102,298.22,24,9.16,6.11,False
LRN,82.7,BASING,0.0,0,18,18,151.56,85.02,6655,daily,2.81,27 bear-built-above · rel-vol 0.8x · regime FAVORABLE,False,18,82.7,81.4595,151.56,80,83.26,55.51,False
LSTR,172.09,BASING,0.0,0,17,17,180.26,178.77,149,daily,3.88,50 bear-built-above · rel-vol 1.2x · regime FAVORABLE,False,17,172.09,169.5086,180.26,38,4.75,3.17,False
LTH,42.0,BASING,0.0,0,20,20,44.8,44.35,45,daily,5.6,7 bear-built-above · rel-vol 0.9x · regime FAVORABLE,False,20,42.0,41.37,44.8,158,6.67,4.44,False
LULU,99.9,BASING,0.0,0,17,17,121.15,100.61,2055,daily,0.71,33 bear-built-above · rel-vol 0.7x · regime FAVORABLE,False,17,99.9,98.4015,121.15,66,21.27,14.18,False
LUMN,7.0,BASING,0.0,0,13,13,7.68,7.55,13,daily,7.86,6 bear-built-above · rel-vol 1.1x · regime FAVORABLE,False,14,7.0,6.895,7.68,952,9.71,6.48,False
LUNR,13.86,BASING,0.0,0,20,20,14.35,13.88,47,weekly,0.14,42 bear-built-above · rel-vol 0.7x · regime FAVORABLE,False,20,13.86,13.6521,14.35,481,3.54,2.36,False
LYB,62.92,BASING,0.0,0,20,20,67.53,66.37,116,daily,5.48,25 bear-built-above · rel-vol 1.6x · regime FAVORABLE,False,20,62.92,61.9762,67.53,105,7.33,4.88,False
LYFT,15.78,BASING,0.0,0,17,17,18.33,18.085,25,weekly,14.61,31 bear-built-above · rel-vol 1.0x · regime FAVORABLE,False,17,15.78,15.5433,18.33,422,16.16,10.77,False
LYTE,23.47,BASING,0.0,0,20,20,24.66,23.96,70,weekly,2.09,51 bear-built-above · rel-vol 1.0x · regime FAVORABLE,False,20,23.47,23.1179,24.66,284,5.07,3.38,False
M,22.58,BASING,0.0,0,18,18,24.52,24.2,33,daily,7.17,1 bear-built-above · rel-vol 1.4x · regime FAVORABLE,True,22,22.58,22.2413,24.52,295,8.59,5.73,False
MAIN,56.4,BASING,0.0,0,20,20,63.8,63.5,30,weekly,12.59,15 bear-built-above · rel-vol 1.3x · regime FAVORABLE,False,20,56.4,55.554,63.8,118,13.12,8.75,False
MAIR,23.5901,BASING,0.0,0,20,20,25.21,24.75,47,weekly,4.92,18 bear-built-above · rel-vol 0.9x · regime FAVORABLE,False,20,23.5901,23.2362,25.21,282,6.87,4.58,False
MAN,59.15,BASING,0.0,0,20,20,61.98,60.54,144,weekly,2.35,15 bear-built-above · rel-vol 0.8x · regime FAVORABLE,False,20,59.15,58.2627,61.98,112,4.78,3.19,False
MANE,101.95,BASING,0.0,0,20,20,112.71,111.28,143,weekly,9.15,25 bear-built-above · rel-vol 1.1x · regime FAVORABLE,False,20,101.95,100.4207,112.71,65,10.55,7.04,False
MARA,11.25,BASING,0.0,0,18,18,11.615,11.5,12,daily,2.22,33 bear-built-above · rel-vol 1.0x · regime FAVORABLE,False,18,11.25,11.0813,11.615,592,3.24,2.16,False
MAT,14.03,BASING,0.0,0,20,20,21.06,15.8,526,daily,12.62,17 bear-built-above · rel-vol 0.9x · regime FAVORABLE,False,20,14.03,13.8195,21.06,475,50.11,33.4,False
MBGL,20.26,BASING,0.0,0,19,19,20.9053,20.59,32,45m,1.63,16 bear-built-above · rel-vol 1.0x · regime FAVORABLE,False,19,20.26,19.9561,20.9053,329,3.19,2.12,False
MBLY,8.155,BASING,0.0,0,17,17,9.03,8.93,10,weekly,9.5,11 bear-built-above · rel-vol 1.3x · regime FAVORABLE,False,17,8.155,8.0327,9.03,817,10.73,7.15,False
MC,62.71,BASING,0.0,0,17,17,64.03,63.31,72,weekly,0.96,40 bear-built-above · rel-vol 0.8x · regime FAVORABLE,False,17,62.71,61.7694,64.03,106,2.1,1.4,False
MCHP,71.19,BASING,0.0,0,20,20,74.2,71.48,272,weekly,0.41,24 bear-built-above · rel-vol 1.3x · regime FAVORABLE,False,24,71.19,70.1221,74.2,93,4.23,2.82,False
MCK,902.18,BASING,0.0,0,20,20,978.71,948.1,3062,daily,5.09,2 bear-built-above · rel-vol 0.7x · regime FAVORABLE,False,22,902.18,888.6473,978.71,7,8.48,5.66,False
MDA,29.1,BASING,0.0,0,20,20,30.92,30.68,25,weekly,5.43,28 bear-built-above · rel-vol 0.5x · regime FAVORABLE,False,23,29.1,28.6635,30.92,229,6.25,4.17,False
MDB,381.75,BASING,0.0,0,8,8,434.65,434.21,44,30m,13.74,5 bear-built-above · rel-vol 0.9x · regime FAVORABLE,True,10,381.75,376.0238,434.65,17,13.86,9.24,False
MDGL,540.06,BASING,0.0,0,14,14,593.87,592.21,166,weekly,9.66,11 bear-built-above · rel-vol 0.7x · regime FAVORABLE,False,14,540.06,531.9591,593.87,12,9.96,6.64,False
MDLN,32.86,BASING,0.0,0,20,20,40.53,37.3,324,daily,13.51,37 bear-built-above · rel-vol 0.7x · regime FAVORABLE,False,20,32.86,32.3671,40.53,202,23.34,15.56,False
MDT,93.79,BASING,0.0,0,20,20,99.49,96.86,263,weekly,3.27,15 bear-built-above · rel-vol 1.2x · regime FAVORABLE,False,22,93.79,92.3832,99.49,71,6.08,4.05,False
MEDP,595.41,BASING,0.0,0,20,20,611.57,605.79,579,daily,1.74,8 bear-built-above · rel-vol 1.0x · regime FAVORABLE,False,22,595.41,586.4788,611.57,11,2.71,1.81,False
MELI,1890.0,BASING,0.0,0,18,18,1954.0,1945.002,900,weekly,2.91,38 bear-built-above · rel-vol 1.1x · regime FAVORABLE,False,18,1890.0,1861.65,1954.0,3,3.39,2.26,False
META,659.17,BASING,0.0,0,18,18,751.67,669.15,8252,daily,1.51,16 bear-built-above · rel-vol 1.0x · regime FAVORABLE,False,20,659.17,649.2824,751.67,10,14.03,9.36,False
METU,25.96,BASING,0.0,0,18,18,27.58,26.215,137,daily,0.98,17 bear-built-above · rel-vol 0.9x · regime FAVORABLE,False,18,25.96,25.5706,27.58,256,6.24,4.16,False
MFP,41.535,BASING,0.0,0,20,20,45.21,44.96,25,weekly,8.25,54 bear-built-above · rel-vol 0.9x · regime FAVORABLE,False,20,41.535,40.912,45.21,160,8.85,5.9,False
MGA,64.89,BASING,0.0,0,20,20,68.3509,68.245,11,4h,5.17,43 bear-built-above · rel-vol 0.8x · regime FAVORABLE,False,24,64.89,63.9166,68.3509,102,5.33,3.56,False
MGNI,23.84,BASING,0.0,0,19,19,24.63,24.44,19,daily,2.52,14 bear-built-above · rel-vol 0.7x · regime FAVORABLE,True,19,23.84,23.4824,24.63,279,3.31,2.21,False
MHK,128.01,BASING,0.0,0,20,20,151.87,134.9,1697,daily,5.38,16 bear-built-above · rel-vol 1.2x · regime FAVORABLE,False,23,128.01,126.0898,151.87,52,18.64,12.43,False
MIAX,41.77,BASING,0.0,0,17,17,44.34,44.12,23,daily,5.63,32 bear-built-above · rel-vol 0.8x · regime FAVORABLE,False,17,41.77,41.1435,44.34,159,6.15,4.1,False
MIMI,0.9924,BASING,0.0,0,5,5,1.02,1.015,1,30m,2.28,5 bear-built-above · rel-vol 0.0x · regime FAVORABLE,False,6,0.9924,0.9775,1.02,6717,2.78,1.85,False
MIR,15.3,BASING,0.0,0,20,20,15.98,15.6,39,weekly,1.96,33 bear-built-above · rel-vol 0.8x · regime FAVORABLE,False,20,15.3,15.0705,15.98,435,4.44,2.96,False
MIRM,96.75,BASING,0.0,0,19,19,105.95,105.29,66,weekly,8.83,58 bear-built-above · rel-vol 1.0x · regime FAVORABLE,False,19,96.75,95.2987,105.95,68,9.51,6.34,False
MLI,59.51,BASING,0.0,0,19,19,60.48,60.0,48,weekly,0.82,21 bear-built-above · rel-vol 1.6x · regime FAVORABLE,False,19,59.51,58.6173,60.48,112,1.63,1.09,False
MLYS,28.92,BASING,0.0,0,18,18,30.5,30.04,47,daily,3.87,15 bear-built-above · rel-vol 1.1x · regime FAVORABLE,False,18,28.92,28.4862,30.5,230,5.46,3.64,False
MMED,22.26,BASING,0.0,0,11,11,23.5499,23.03,52,30m,3.46,11 bear-built-above · rel-vol 2.1x · regime FAVORABLE,True,11,22.26,21.9261,23.5499,299,5.79,3.86,False
MNDY,94.55,BASING,0.0,0,20,20,97.33,94.79,254,daily,0.25,25 bear-built-above · rel-vol 1.4x · regime FAVORABLE,False,20,94.55,93.1317,97.33,70,2.94,1.96,False
MNPR,108.39,BASING,0.0,0,20,20,114.38,112.38,200,daily,3.68,36 bear-built-above · rel-vol 0.7x · regime FAVORABLE,True,20,108.39,106.7642,114.38,61,5.53,3.68,False
MNST,44.08,BASING,0.0,0,20,20,46.86,46.51,36,weekly,5.51,1 bear-built-above · rel-vol 0.9x · regime FAVORABLE,False,22,44.08,43.4188,46.86,151,6.31,4.2,False
MNTS,4.0189,BASING,0.0,0,18,18,4.69,4.5,20,daily,11.97,14 bear-built-above · rel-vol 0.9x · regime FAVORABLE,False,19,4.0189,3.9586,4.69,1658,16.7,11.13,False
MOD,182.18,BASING,0.0,0,19,19,202.33,202.15,19,30m,10.96,24 bear-built-above · rel-vol 1.2x · regime FAVORABLE,False,19,182.18,179.4473,202.33,36,11.06,7.37,False
MOH,214.07,BASING,0.0,0,8,8,221.74,217.99,375,daily,1.83,rel-vol 1.1x · regime FAVORABLE,True,8,214.07,210.8589,221.74,31,3.58,2.39,False
MORN,200.5134,BASING,0.0,0,20,20,209.4,207.8,160,weekly,3.63,32 bear-built-above · rel-vol 1.2x · regime FAVORABLE,False,20,200.5134,197.5057,209.4,33,4.43,2.95,False
MOS,25.0515,BASING,0.0,0,20,20,26.21,25.97,25,daily,3.67,19 bear-built-above · rel-vol 1.1x · regime FAVORABLE,False,20,25.0515,24.6757,26.21,266,4.62,3.08,False
MP,50.22,BASING,0.0,0,19,19,54.3,53.33,97,daily,6.19,68 bear-built-above · rel-vol 0.8x · regime FAVORABLE,False,26,50.22,49.4667,54.3,132,8.12,5.42,False
MPC,397.5,BASING,0.0,0,11,11,404.7499,404.395,36,45m,1.73,11 bear-built-above · rel-vol 1.5x · regime FAVORABLE,False,11,397.5,391.5375,404.7499,16,1.82,1.22,False
MPWR,1139.0,BASING,0.0,0,18,18,1230.64,1184.43,4622,weekly,3.99,45 bear-built-above · rel-vol 1.6x · regime FAVORABLE,False,18,1139.0,1121.915,1230.64,5,8.05,5.36,False
MRAM,14.88,BASING,0.0,0,19,19,16.22,15.24,98,weekly,2.42,25 bear-built-above · rel-vol 1.0x · regime FAVORABLE,False,19,14.88,14.6568,16.22,448,9.01,6.0,False
MRCY,81.03,BASING,0.0,0,19,19,91.36,90.86,50,weekly,12.13,30 bear-built-above · rel-vol 0.7x · regime FAVORABLE,False,19,81.03,79.8145,91.36,82,12.75,8.5,False
MRK,143.21,BASING,0.0,0,18,18,153.1,149.54,357,daily,4.42,29 bear-built-above · rel-vol 0.7x · regime FAVORABLE,False,20,143.21,141.0618,153.1,46,6.91,4.6,False
MRLN,3.08,BASING,0.0,0,20,20,3.38,3.3,9,daily,7.14,18 bear-built-above · rel-vol 1.2x · regime FAVORABLE,False,20,3.08,3.0338,3.38,2164,9.74,6.49,False
MRNA,145.22,BASING,0.0,0,9,9,162.7659,162.6,17,15m,11.97,7 bear-built-above · rel-vol 0.3x · regime FAVORABLE,False,9,145.22,143.0417,162.7659,45,12.08,8.05,False
MRNX,84.24,BASING,0.0,0,20,20,93.9235,93.29,64,30m,10.74,14 bear-built-above · rel-vol 0.3x · regime FAVORABLE,False,20,84.24,82.9764,93.9235,79,11.5,7.66,False
MRNY,32.64,BASING,0.0,0,20,20,34.91,33.9,101,daily,3.86,11 bear-built-above · rel-vol 0.3x · regime FAVORABLE,False,20,32.64,32.1504,34.91,204,6.95,4.64,False
MRVI,6.685,BASING,0.0,0,20,20,6.95,6.81,15,daily,1.87,45 bear-built-above · rel-vol 0.5x · regime FAVORABLE,False,20,6.685,6.5847,6.95,997,3.96,2.64,False
MRVL,218.5,BASING,0.0,0,15,15,227.0,218.82,819,weekly,0.15,30 bear-built-above · rel-vol 0.9x · regime FAVORABLE,False,16,218.5,215.2225,227.0,30,3.89,2.59,False
MRX,70.0001,BASING,0.0,0,20,20,73.0,71.61,140,weekly,2.3,44 bear-built-above · rel-vol 1.4x · regime FAVORABLE,False,20,70.0001,68.9501,73.0,95,4.29,2.86,False
MS,207.1055,BASING,0.0,0,19,19,214.38,211.66,272,weekly,2.2,45 bear-built-above · rel-vol 1.9x · regime FAVORABLE,False,25,207.1055,203.9989,214.38,32,3.51,2.34,False
MSFT,499.15,BASING,0.0,0,20,20,541.55,530.48,1107,daily,6.28,19 bear-built-above · rel-vol 1.1x · regime FAVORABLE,False,24,499.15,491.6627,541.55,13,8.49,5.66,False
MSFU,37.82,BASING,0.0,0,20,20,45.46,42.19,328,daily,11.55,41 bear-built-above · rel-vol 1.2x · regime FAVORABLE,False,23,37.82,37.2527,45.46,176,20.2,13.47,False
MSGE,80.39,BASING,0.0,0,20,20,82.43,81.46,98,daily,1.33,5 bear-built-above · rel-vol 1.7x · regime FAVORABLE,True,20,80.39,79.1842,82.43,82,2.54,1.69,False
MSGS,391.41,BASING,0.0,0,20,20,419.22,410.47,875,4h,4.87,7 bear-built-above · rel-vol 1.4x · regime FAVORABLE,False,20,391.41,385.5389,419.22,17,7.11,4.74,False
MSTR,130.49,BASING,0.0,0,20,20,159.09,148.465,1063,weekly,13.78,49 bear-built-above · rel-vol 0.7x · regime FAVORABLE,False,20,130.49,128.5327,159.09,51,21.92,14.61,False
MSTU,30.4,BASING,0.0,0,20,20,36.42,34.57,186,45m,13.72,41 bear-built-above · rel-vol 0.4x · regime FAVORABLE,False,20,30.4,29.944,36.42,219,19.8,13.2,False
MSTY,14.7,BASING,0.0,0,20,20,15.44,15.0,44,1h,2.04,46 bear-built-above · rel-vol 0.9x · regime FAVORABLE,False,24,14.7,14.4795,15.44,453,5.03,3.36,False
MSTZ,4.32,BASING,0.0,0,11,11,4.53,4.385,15,daily,1.5,8 bear-built-above · rel-vol 0.9x · regime FAVORABLE,False,11,4.32,4.2552,4.53,1543,4.86,3.24,False
MTCH,43.49,BASING,0.0,0,3,3,43.6873,43.5,19,10m,0.02,3 bear-built-above · rel-vol 0.9x · regime FAVORABLE,False,4,43.49,42.8377,43.6873,153,0.45,0.3,False
MTDR,61.18,BASING,0.0,0,5,5,64.0,63.54,47,1h,3.86,4 bear-built-above · rel-vol 1.2x · regime FAVORABLE,True,5,61.18,60.2623,64.0,108,4.61,3.07,False
MTN,140.51,BASING,0.0,0,20,20,141.93,140.67,127,weekly,0.11,rel-vol 1.6x · regime FAVORABLE,True,22,140.51,138.4023,141.93,47,1.01,0.67,False
MTRN,240.0,BASING,0.0,0,20,20,256.7,245.66,1104,daily,2.36,60 bear-built-above · rel-vol 1.3x · regime FAVORABLE,False,20,240.0,236.4,256.7,27,6.96,4.64,False
MTSI,239.62,BASING,0.0,0,17,17,273.0,258.81,1419,weekly,8.01,24 bear-built-above · rel-vol 1.7x · regime FAVORABLE,False,17,239.62,236.0257,273.0,27,13.93,9.29,False
MTZ,230.9,BASING,0.0,0,16,16,266.26,264.99,127,weekly,14.76,37 bear-built-above · rel-vol 0.9x · regime FAVORABLE,False,16,230.9,227.4365,266.26,28,15.31,10.21,False
MUD,10.71,BASING,0.0,0,20,20,12.27,11.735,54,daily,9.57,16 bear-built-above · rel-vol 1.2x · regime FAVORABLE,False,20,10.71,10.5494,12.27,622,14.57,9.71,False
MUR,38.75,BASING,0.0,0,20,20,41.52,39.59,193,daily,2.17,16 bear-built-above · rel-vol 1.0x · regime FAVORABLE,False,20,38.75,38.1688,41.52,172,7.15,4.77,False
MUSA,529.4779,BASING,0.0,0,18,18,607.76,595.61,1215,weekly,12.49,7 bear-built-above · rel-vol 1.1x · regime FAVORABLE,False,18,529.4779,521.5357,607.76,12,14.78,9.86,False
MUZ,9.39,BASING,0.0,0,20,20,11.78,10.76,102,daily,14.59,14 bear-built-above · rel-vol 1.0x · regime FAVORABLE,True,20,9.39,9.2492,11.78,709,25.45,16.97,False
MVIS,1.63,BASING,0.0,0,12,12,1.81,1.77,5,daily,8.59,10 bear-built-above · rel-vol 1.1x · regime FAVORABLE,False,12,1.63,1.6055,1.81,4089,11.04,7.36,False
MVST,0.59,BASING,0.0,0,20,20,0.5975,0.595,1,weekly,0.85,24 bear-built-above · rel-vol 1.1x · regime FAVORABLE,False,20,0.59,0.5811,0.5975,11299,1.27,0.85,False
MWH,25.24,BASING,0.0,0,20,20,29.97,28.92,105,daily,14.58,17 bear-built-above · rel-vol 0.7x · regime FAVORABLE,False,20,25.24,24.8614,29.97,264,18.74,12.49,False
MXL,64.5,BASING,0.0,0,16,16,70.955,67.52,344,daily,4.68,26 bear-built-above · rel-vol 1.3x · regime FAVORABLE,False,16,64.5,63.5325,70.955,103,10.01,6.67,False
MYRG,271.0,BASING,0.0,0,20,20,290.71,280.75,996,weekly,3.6,48 bear-built-above · rel-vol 1.0x · regime FAVORABLE,False,20,271.0,266.935,290.71,24,7.27,4.85,False
NAMS,22.36,BASING,0.0,0,19,19,25.4,24.02,138,weekly,7.42,20 bear-built-above · rel-vol 0.8x · regime FAVORABLE,False,19,22.36,22.0246,25.4,298,13.6,9.06,False
NASA,22.5914,BASING,0.0,0,18,18,23.44,22.88,57,weekly,1.28,65 bear-built-above · rel-vol 0.8x · regime FAVORABLE,False,18,22.5914,22.2525,23.44,295,3.76,2.5,False
NAT,7.65,BASING,0.0,0,8,8,7.685,7.6831,1,5m,0.43,8 bear-built-above · rel-vol 1.6x · regime FAVORABLE,True,8,7.65,7.5353,7.685,871,0.46,0.31,False
NAVN,21.37,BASING,0.0,0,17,17,25.89,21.39,450,daily,0.09,16 bear-built-above · rel-vol 1.7x · regime FAVORABLE,False,20,21.37,21.0495,25.89,311,21.15,14.1,False
NB,3.6695,BASING,0.0,0,18,18,3.805,3.75,6,weekly,2.19,26 bear-built-above · rel-vol 0.8x · regime FAVORABLE,False,18,3.6695,3.6145,3.805,1816,3.69,2.46,False
NBIG,14.76,BASING,0.0,0,18,18,16.9,15.06,184,weekly,2.03,36 bear-built-above · rel-vol 1.1x · regime FAVORABLE,False,18,14.76,14.5386,16.9,451,14.5,9.67,False
NBIS,210.11,BASING,0.0,0,18,18,224.55,212.19,1237,weekly,0.99,26 bear-built-above · rel-vol 0.8x · regime FAVORABLE,False,18,210.11,206.9584,224.55,31,6.87,4.58,False
NBIZ,6.8,BASING,0.0,0,14,14,7.62,7.61,1,daily,11.91,4 bear-built-above · rel-vol 0.9x · regime FAVORABLE,False,14,6.8,6.698,7.62,980,12.06,8.04,False
NCLH,14.6,BASING,0.0,0,19,19,16.65,16.43,22,weekly,12.53,36 bear-built-above · rel-vol 1.1x · regime FAVORABLE,False,19,14.6,14.381,16.65,456,14.04,9.36,False
NCNO,22.26,BASING,0.0,0,12,12,23.63,23.26,37,daily,4.49,7 bear-built-above · rel-vol 0.8x · regime FAVORABLE,False,13,22.26,21.9261,23.63,299,6.15,4.1,False
NCPL,0.4106,BASING,0.0,0,18,18,0.4502,0.4459,1,weekly,8.6,11 bear-built-above · rel-vol 0.0x · regime FAVORABLE,False,18,0.4106,0.4044,0.4502,16236,9.64,6.43,False
NCRA,2.29,BASING,0.0,0,11,11,2.5999,2.54,6,4h,10.92,5 bear-built-above · rel-vol 0.1x · regime FAVORABLE,False,11,2.29,2.2557,2.5999,2911,13.53,9.02,False
NCTY,3.73,BASING,0.0,0,15,15,4.18,4.11,7,weekly,10.19,10 bear-built-above · rel-vol 0.4x · regime FAVORABLE,False,15,3.73,3.674,4.18,1787,12.06,8.04,False
NDSN,308.31,BASING,0.0,0,20,20,314.47,309.23,525,weekly,0.3,31 bear-built-above · rel-vol 0.7x · regime FAVORABLE,False,20,308.31,303.6853,314.47,21,2.0,1.33,False
NE,43.88,BASING,0.0,0,18,18,50.02,49.0,103,daily,11.67,40 bear-built-above · rel-vol 0.9x · regime FAVORABLE,False,18,43.88,43.2218,50.02,151,13.99,9.33,False
NEBX,21.8237,BASING,0.0,0,19,19,25.02,22.36,266,weekly,2.46,27 bear-built-above · rel-vol 0.7x · regime FAVORABLE,False,19,21.8237,21.4963,25.02,305,14.65,9.76,False
NEE,81.64,BASING,0.0,0,18,18,93.36,91.115,225,weekly,11.61,18 bear-built-above · rel-vol 1.0x · regime FAVORABLE,False,18,81.64,80.4154,93.36,81,14.36,9.57,False
NEM,121.46,BASING,0.0,0,20,20,126.53,123.43,310,weekly,1.62,83 bear-built-above · rel-vol 0.8x · regime FAVORABLE,False,21,121.46,119.6381,126.53,54,4.17,2.78,False
NEOV,3.5,BASING,0.0,0,20,20,3.68,3.57,12,weekly,2.0,34 bear-built-above · rel-vol 0.7x · regime FAVORABLE,False,21,3.5,3.4475,3.68,1904,5.14,3.43,False
NESR,32.8,BASING,0.0,0,20,20,33.54,33.145,40,weekly,1.05,33 bear-built-above · rel-vol 1.1x · regime FAVORABLE,False,20,32.8,32.308,33.54,203,2.26,1.5,False
NET,326.8,BASING,0.0,0,20,20,330.36,330.01,36,30m,0.98,25 bear-built-above · rel-vol 1.4x · regime FAVORABLE,False,22,326.8,321.898,330.36,20,1.09,0.73,False
NFLX,79.68,BASING,0.0,0,18,18,86.02,85.725,30,weekly,7.59,22 bear-built-above · rel-vol 1.1x · regime FAVORABLE,False,18,79.68,78.4848,86.02,83,7.96,5.3,False
NG,7.17,BASING,0.0,0,18,18,7.5,7.23,27,weekly,0.84,37 bear-built-above · rel-vol 1.0x · regime FAVORABLE,False,18,7.17,7.0625,7.5,929,4.6,3.07,False
NGNE,35.19,BASING,0.0,0,20,20,37.88,37.51,38,daily,6.59,30 bear-built-above · rel-vol 0.9x · regime FAVORABLE,False,20,35.19,34.6621,37.88,189,7.64,5.1,False
NICE,105.04,BASING,0.0,0,5,5,123.96,106.102,1786,daily,1.01,rel-vol 1.4x · regime FAVORABLE,True,5,105.04,103.4644,123.96,63,18.01,12.01,False
NIQ,18.63,BASING,0.0,0,13,13,19.4721,19.1525,32,1h,2.8,7 bear-built-above · rel-vol 1.0x · regime FAVORABLE,False,16,18.63,18.3505,19.4721,357,4.52,3.01,False
NKE,36.8524,BASING,0.0,0,18,18,40.75,39.515,124,daily,7.23,28 bear-built-above · rel-vol 1.0x · regime FAVORABLE,False,18,36.8524,36.2996,40.75,180,10.58,7.05,False
NKTR,68.5,BASING,0.0,0,18,18,73.32,72.01,131,daily,5.12,48 bear-built-above · rel-vol 1.5x · regime FAVORABLE,False,18,68.5,67.4725,73.32,97,7.04,4.69,False
NLR,110.0,BASING,0.0,0,18,18,113.22,110.11,311,weekly,0.1,42 bear-built-above · rel-vol 1.2x · regime FAVORABLE,False,18,110.0,108.35,113.22,60,2.93,1.95,False
NMAX,11.55,BASING,0.0,0,13,13,12.67,12.54,14,daily,8.57,8 bear-built-above · rel-vol 1.3x · regime FAVORABLE,False,15,11.55,11.3768,12.67,577,9.7,6.46,False
NMTC,1.5251,BASING,0.0,0,20,20,1.77,1.7,8,weekly,11.47,45 bear-built-above · rel-vol 0.0x · regime FAVORABLE,False,20,1.5251,1.5022,1.77,4371,16.06,10.71,False
NN,15.0625,BASING,0.0,0,17,17,17.55,17.25,31,weekly,14.52,10 bear-built-above · rel-vol 0.8x · regime FAVORABLE,False,17,15.0625,14.8366,17.55,442,16.51,11.01,False
NNE,15.92,BASING,0.0,0,18,18,18.17,17.845,33,daily,12.09,34 bear-built-above · rel-vol 0.9x · regime FAVORABLE,False,18,15.92,15.6812,18.17,418,14.13,9.42,False
NOG,26.0,BASING,0.0,0,20,20,27.95,27.16,79,daily,4.46,21 bear-built-above · rel-vol 0.7x · regime FAVORABLE,False,20,26.0,25.61,27.95,256,7.5,5.0,False
NOV,20.54,BASING,0.0,0,20,20,21.1,21.05,6,weekly,2.48,33 bear-built-above · rel-vol 1.1x · regime FAVORABLE,False,22,20.54,20.2319,21.1,324,2.73,1.82,False
NOW,139.0,BASING,0.0,0,20,20,170.848,159.6,1125,weekly,14.82,19 bear-built-above · rel-vol 1.0x · regime FAVORABLE,False,20,139.0,136.915,170.848,47,22.91,15.27,False
NRG,109.0,BASING,0.0,0,20,20,113.46,110.0,346,weekly,0.92,74 bear-built-above · rel-vol 1.1x · regime FAVORABLE,False,20,109.0,107.365,113.46,61,4.09,2.73,False
NRGV,4.07,BASING,0.0,0,19,19,4.28,4.1,19,daily,0.74,28 bear-built-above · rel-vol 1.3x · regime FAVORABLE,False,19,4.07,4.009,4.28,1638,5.16,3.44,False
NSIT,161.78,BASING,0.0,0,16,16,171.99,167.47,453,weekly,3.52,15 bear-built-above · rel-vol 1.3x · regime FAVORABLE,False,18,161.78,159.3533,171.99,41,6.31,4.21,False
NTAP,188.05,BASING,0.0,0,20,20,193.78,193.2,59,1h,2.74,41 bear-built-above · rel-vol 0.8x · regime FAVORABLE,False,20,188.05,185.2293,193.78,35,3.05,2.03,False
NTLA,11.81,BASING,0.0,0,16,16,12.21,11.93,29,daily,1.02,23 bear-built-above · rel-vol 0.8x · regime FAVORABLE,False,16,11.81,11.6328,12.21,564,3.39,2.26,False
NTNX,68.22,BASING,0.0,0,9,9,69.84,69.6,25,daily,2.02,rel-vol 0.9x · regime FAVORABLE,False,11,68.22,67.1967,69.84,97,2.37,1.58,False
NTR,79.43,BASING,0.0,0,20,20,82.85,80.68,217,daily,1.57,21 bear-built-above · rel-vol 1.2x · regime FAVORABLE,False,20,79.43,78.2386,82.85,83,4.31,2.87,False
NTRA,342.9936,BASING,0,0,0,0,,,,,0,rel-vol 0.9x · regime FAVORABLE,True,0,342.9936,337.8487,377.293,19,10.0,6.67,False
NTSK,16.62,BASING,0.0,0,17,17,18.29,18.13,17,weekly,9.09,12 bear-built-above · rel-vol 2.5x · regime FAVORABLE,False,19,16.62,16.3707,18.29,401,10.05,6.7,False
NU,14.4,BASING,0.0,0,19,19,16.515,15.92,60,daily,10.56,27 bear-built-above · rel-vol 0.7x · regime FAVORABLE,False,19,14.4,14.184,16.515,462,14.69,9.79,False
NUAI,5.6,BASING,0.0,0,20,20,6.48,6.06,43,daily,8.21,26 bear-built-above · rel-vol 0.8x · regime FAVORABLE,False,20,5.6,5.516,6.48,1190,15.71,10.48,False
NUE,254.0,BASING,0.0,0,20,20,268.91,267.4,152,weekly,5.28,21 bear-built-above · rel-vol 0.7x · regime FAVORABLE,False,20,254.0,250.19,268.91,26,5.87,3.91,False
NUR,1.3303,BASING,0.0,0,15,15,1.47,1.4,8,weekly,5.24,13 bear-built-above · rel-vol 0.1x · regime FAVORABLE,False,15,1.3303,1.3103,1.47,5011,10.5,7.0,False
NUTX,215.0,BASING,0.0,0,4,4,217.21,217.0,22,15m,0.93,4 bear-built-above · rel-vol 1.6x · regime FAVORABLE,False,4,215.0,211.775,217.21,31,1.03,0.69,False
NUVB,5.93,BASING,0.0,0,20,20,6.07,5.94,13,weekly,0.17,11 bear-built-above · rel-vol 2.0x · regime FAVORABLE,False,20,5.93,5.8411,6.07,1124,2.36,1.57,False
NUWE,0.8283,BASING,0.0,0,7,7,0.8889,0.88,1,weekly,6.24,rel-vol 0.1x · regime FAVORABLE,False,7,0.8283,0.8159,0.8889,8048,7.32,4.88,False
NVAX,9.57,BASING,0.0,0,20,20,12.6,10.43,217,daily,8.99,16 bear-built-above · rel-vol 0.6x · regime FAVORABLE,False,20,9.57,9.4265,12.6,696,31.66,21.11,False
NVCR,16.2,BASING,0.0,0,20,20,16.85,16.56,30,daily,2.22,27 bear-built-above · rel-vol 0.8x · regime FAVORABLE,False,22,16.2,15.957,16.85,411,4.01,2.67,False
NVD,4.25,BASING,0.0,0,13,13,4.7,4.48,22,daily,5.41,8 bear-built-above · rel-vol 0.9x · regime FAVORABLE,False,13,4.25,4.1863,4.7,1568,10.59,7.06,False
NVDA,211.34,BASING,0.0,0,19,19,223.67,220.525,315,daily,4.35,38 bear-built-above · rel-vol 1.0x · regime FAVORABLE,False,24,211.34,208.1699,223.67,31,5.83,3.89,False
NVDQ,9.57,BASING,0.0,0,17,17,10.67,10.17,50,daily,6.27,7 bear-built-above · rel-vol 0.9x · regime FAVORABLE,False,18,9.57,9.4265,10.67,696,11.49,7.66,False
NVDU,126.94,BASING,0.0,0,20,20,141.2749,137.68,360,daily,8.46,67 bear-built-above · rel-vol 0.9x · regime FAVORABLE,False,20,126.94,125.0359,141.2749,52,11.29,7.53,False
NVMI,337.2,BASING,0.0,0,18,18,371.81,347.11,2470,weekly,2.94,60 bear-built-above · rel-vol 1.8x · regime FAVORABLE,False,18,337.2,332.142,371.81,19,10.26,6.84,False
NVTS,10.85,BASING,0.0,0,20,20,11.63,10.89,75,weekly,0.37,26 bear-built-above · rel-vol 0.9x · regime FAVORABLE,False,20,10.85,10.6872,11.63,614,7.19,4.79,False
NWL,5.77,BASING,0.0,0,20,20,6.0,5.98,2,daily,3.64,21 bear-built-above · rel-vol 1.2x · regime FAVORABLE,False,22,5.77,5.6834,6.0,1155,3.99,2.66,False
NXE,9.5,BASING,0.0,0,16,16,9.85,9.55,30,weekly,0.53,24 bear-built-above · rel-vol 1.1x · regime FAVORABLE,False,16,9.5,9.3575,9.85,701,3.68,2.46,False
NXPI,224.23,BASING,0.0,0,20,20,230.22,226.755,347,weekly,1.13,22 bear-built-above · rel-vol 1.5x · regime FAVORABLE,False,24,224.23,220.8665,230.22,29,2.67,1.78,False
NXT,82.7458,BASING,0.0,0,18,18,91.56,91.0,57,daily,9.98,14 bear-built-above · rel-vol 0.8x · regime FAVORABLE,False,18,82.7458,81.5046,91.56,80,10.65,7.1,False
NYT,69.81,BASING,0.0,0,18,18,75.58,70.22,536,daily,0.59,7 bear-built-above · rel-vol 1.3x · regime FAVORABLE,True,18,69.81,68.7629,75.58,95,8.27,5.51,False
OBAI,0.3198,BASING,0.0,0,20,20,0.3434,0.3417,1,weekly,6.85,25 bear-built-above · rel-vol 0.1x · regime FAVORABLE,False,20,0.3198,0.315,0.3434,20846,7.38,4.92,False
OC,128.95,BASING,0.0,0,20,20,143.13,141.7,144,weekly,9.89,35 bear-built-above · rel-vol 1.0x · regime FAVORABLE,False,21,128.95,127.0157,143.13,51,11.0,7.33,False
OCGN,1.05,BASING,0,0,0,0,,,,,0,rel-vol 1.0x · regime FAVORABLE,False,0,1.05,1.0343,1.155,6349,10.0,6.67,False
OCTV,18.4,BASING,0.0,0,20,20,19.59,19.18,42,weekly,4.24,25 bear-built-above · rel-vol 1.1x · regime FAVORABLE,False,20,18.4,18.124,19.59,362,6.47,4.31,False
OCUL,10.72,BASING,0.0,0,20,20,11.15,11.09,7,4h,3.45,19 bear-built-above · rel-vol 0.6x · regime FAVORABLE,False,21,10.72,10.5592,11.15,621,4.01,2.67,False
ODD,18.7,BASING,0.0,0,7,7,19.19,19.18,2,10m,2.57,7 bear-built-above · rel-vol 0.9x · regime FAVORABLE,False,7,18.7,18.4195,19.19,356,2.62,1.75,False
OFAL,0.6052,BASING,0.0,0,12,12,0.78,0.6636,12,weekly,9.65,10 bear-built-above · rel-vol 0.4x · regime FAVORABLE,False,12,0.6052,0.5961,0.78,11015,28.88,19.26,False
OI,6.41,BASING,0.0,0,20,20,7.14,7.02,13,weekly,9.52,39 bear-built-above · rel-vol 1.0x · regime FAVORABLE,False,20,6.41,6.3139,7.14,1040,11.39,7.59,False
OIH,401.88,BASING,0.0,0,19,19,441.99,434.115,788,daily,8.02,66 bear-built-above · rel-vol 1.4x · regime FAVORABLE,False,19,401.88,395.8518,441.99,16,9.98,6.65,False
OII,46.56,BASING,0.0,0,20,20,51.09,50.41,69,weekly,8.27,69 bear-built-above · rel-vol 1.2x · regime FAVORABLE,False,20,46.56,45.8616,51.09,143,9.73,6.49,False
OKE,96.97,BASING,0.0,0,12,12,104.53,102.95,158,weekly,6.17,9 bear-built-above · rel-vol 1.1x · regime FAVORABLE,False,12,96.97,95.5155,104.53,68,7.8,5.2,False
OKLL,9.3,BASING,0.0,0,20,20,9.5,9.44,7,weekly,1.51,34 bear-built-above · rel-vol 1.3x · regime FAVORABLE,False,20,9.3,9.1605,9.5,716,2.15,1.43,False
OKLO,35.9,BASING,0.0,0,20,20,39.88,38.79,110,daily,8.05,39 bear-built-above · rel-vol 1.2x · regime FAVORABLE,False,20,35.9,35.3615,39.88,185,11.09,7.39,False
OKTA,183.0,BASING,0.0,0,17,17,188.6,188.57,4,10m,3.04,17 bear-built-above · rel-vol 1.6x · regime FAVORABLE,True,20,183.0,180.255,188.6,36,3.06,2.04,False
OLB,0.256,BASING,0.0,0,20,20,0.2823,0.2641,2,daily,3.16,19 bear-built-above · rel-vol 0.1x · regime FAVORABLE,False,20,0.256,0.2522,0.2823,26041,10.27,6.85,False
OLED,76.0,BASING,0.0,0,20,20,82.67,82.1,58,weekly,8.03,72 bear-built-above · rel-vol 1.7x · regime FAVORABLE,False,20,76.0,74.86,82.67,87,8.78,5.85,False
OLLI,77.02,BASING,0.0,0,9,9,81.1676,80.59,58,1h,4.64,4 bear-built-above · rel-vol 1.2x · regime FAVORABLE,False,9,77.02,75.8647,81.1676,86,5.39,3.59,False
OLN,16.88,BASING,0.0,0,20,20,18.6,18.43,18,1h,9.18,18 bear-built-above · rel-vol 0.7x · regime FAVORABLE,False,20,16.88,16.6268,18.6,394,10.19,6.79,False
OMDA,20.47,BASING,0.0,0,20,20,22.77,22.43,34,weekly,9.57,34 bear-built-above · rel-vol 0.9x · regime FAVORABLE,False,24,20.47,20.1629,22.77,325,11.24,7.49,False
OMER,17.4,BASING,0.0,0,20,20,19.23,19.1648,7,1h,10.14,44 bear-built-above · rel-vol 1.1x · regime FAVORABLE,False,21,17.4,17.139,19.23,383,10.52,7.01,False
ON,71.4,BASING,0.0,0,16,16,74.81,72.381,243,weekly,1.37,31 bear-built-above · rel-vol 1.5x · regime FAVORABLE,False,18,71.4,70.329,74.81,93,4.78,3.18,False
ONDS,7.2,BASING,0.0,0,16,16,7.9,7.89,2,weekly,9.58,14 bear-built-above · rel-vol 1.4x · regime FAVORABLE,False,16,7.2,7.092,7.9,925,9.72,6.48,False
ONTO,253.38,BASING,0.0,0,18,18,271.63,256.41,1522,weekly,1.2,38 bear-built-above · rel-vol 0.9x · regime FAVORABLE,False,18,253.38,249.5793,271.63,26,7.2,4.8,False
OOMA,22.9,BASING,0.0,0,20,20,23.53,23.21,33,30m,1.35,19 bear-built-above · rel-vol 1.0x · regime FAVORABLE,False,20,22.9,22.5565,23.53,291,2.75,1.83,False
OPEN,2.75,BASING,0.0,0,20,20,3.0,2.865,14,daily,4.18,27 bear-built-above · rel-vol 1.3x · regime FAVORABLE,False,20,2.75,2.7087,3.0,2424,9.09,6.06,False
OPTU,0.96,BASING,0.0,0,5,5,1.02,1.0,3,weekly,4.17,5 bear-built-above · rel-vol 0.6x · regime FAVORABLE,False,5,0.96,0.9456,1.02,6944,6.25,4.17,False
OPTX,6.9,BASING,0.0,0,18,18,7.1297,7.0175,12,45m,1.7,29 bear-built-above · rel-vol 1.5x · regime FAVORABLE,False,18,6.9,6.7965,7.1297,966,3.33,2.22,False
OR,34.7874,BASING,0.0,0,20,20,36.03,35.52,51,weekly,2.11,36 bear-built-above · rel-vol 1.0x · regime FAVORABLE,False,20,34.7874,34.2656,36.03,191,3.57,2.38,False
ORA,92.03,BASING,0.0,0,17,17,94.89,92.67,222,weekly,0.7,71 bear-built-above · rel-vol 1.3x · regime FAVORABLE,False,17,92.03,90.6496,94.89,72,3.11,2.07,False
ORBS,0.9419,BASING,0.0,0,20,20,0.9734,0.9551,2,weekly,1.4,25 bear-built-above · rel-vol 0.6x · regime FAVORABLE,False,23,0.9419,0.9278,0.9734,7077,3.34,2.23,False
ORC,6.25,BASING,0.0,0,18,18,6.69,6.56,14,weekly,4.96,28 bear-built-above · rel-vol 1.4x · regime FAVORABLE,False,18,6.25,6.1562,6.69,1066,7.04,4.69,False
ORCL,143.41,BASING,0.0,0,18,18,150.28,144.79,550,weekly,0.96,44 bear-built-above · rel-vol 1.5x · regime FAVORABLE,False,18,143.41,141.2588,150.28,46,4.79,3.19,False
ORCU,7.24,BASING,0.0,0,19,19,8.045,7.43,62,weekly,2.62,40 bear-built-above · rel-vol 1.4x · regime FAVORABLE,False,19,7.24,7.1314,8.045,920,11.12,7.41,False
ORCX,20.16,BASING,0.0,0,20,20,22.38,20.72,166,weekly,2.78,44 bear-built-above · rel-vol 1.2x · regime FAVORABLE,False,22,20.16,19.8576,22.38,330,11.01,7.34,False
ORKA,95.93,BASING,0.0,0,20,20,107.96,106.75,121,weekly,11.28,5 bear-built-above · rel-vol 1.0x · regime FAVORABLE,False,20,95.93,94.4911,107.96,69,12.54,8.36,False
OSCR,33.59,BASING,0.0,0,20,20,34.1,34.08,3,10m,1.46,20 bear-built-above · rel-vol 1.1x · regime FAVORABLE,True,20,33.59,33.0862,34.1,198,1.52,1.01,False
OSIS,199.95,BASING,0.0,0,20,20,218.09,206.73,1137,daily,3.39,35 bear-built-above · rel-vol 0.7x · regime FAVORABLE,False,20,199.95,196.9507,218.09,33,9.07,6.05,False
OSK,143.4,BASING,0.0,0,20,20,152.04,150.0,204,daily,4.6,76 bear-built-above · rel-vol 1.0x · regime FAVORABLE,False,24,143.4,141.249,152.04,46,6.03,4.02,False
OSS,8.7,BASING,0.0,0,20,20,9.19,8.73,46,weekly,0.34,24 bear-built-above · rel-vol 1.0x · regime FAVORABLE,False,21,8.7,8.5695,9.19,766,5.63,3.75,False
OUST,33.74,BASING,0.0,0,18,18,38.42,37.365,106,weekly,10.74,30 bear-built-above · rel-vol 1.2x · regime FAVORABLE,False,19,33.74,33.2339,38.42,197,13.87,9.25,False
OVV,65.36,BASING,0.0,0,16,16,67.17,65.5,168,1h,0.21,11 bear-built-above · rel-vol 1.7x · regime FAVORABLE,False,16,65.36,64.3796,67.17,101,2.77,1.85,False
OXY,62.1,BASING,0.0,0,7,7,67.25,67.24,2,1h,8.28,4 bear-built-above · rel-vol 1.3x · regime FAVORABLE,True,9,62.1,61.1685,67.25,107,8.29,5.53,False
P,94.2,BASING,0.0,0,20,20,108.55,107.34,121,weekly,13.95,47 bear-built-above · rel-vol 0.9x · regime FAVORABLE,False,20,94.2,92.787,108.55,70,15.23,10.16,False
PAA,26.36,BASING,0,0,0,0,,,,,0,rel-vol 1.7x · regime FAVORABLE,False,0,26.36,25.9646,28.996,252,10.0,6.67,False
PAAS,48.61,BASING,0.0,0,18,18,50.34,48.74,161,weekly,0.27,78 bear-built-above · rel-vol 0.7x · regime FAVORABLE,False,18,48.61,47.8808,50.34,137,3.56,2.37,False
PAGP,28.33,BASING,0.0,0,2,2,28.41,28.4,2,1m,0.25,2 bear-built-above · rel-vol 1.0x · regime FAVORABLE,False,4,28.33,27.905,28.41,235,0.28,0.19,False
PANW,368.44,BASING,0.0,0,19,19,386.9,386.0,90,45m,4.77,17 bear-built-above · rel-vol 1.9x · regime FAVORABLE,True,19,368.44,362.9134,386.9,18,5.01,3.34,False
PARR,81.5,BASING,0.0,0,20,20,83.36,83.15,21,1h,2.02,27 bear-built-above · rel-vol 1.2x · regime FAVORABLE,True,20,81.5,80.2775,83.36,81,2.28,1.52,False
PATH,14.49,BASING,0.0,0,19,19,18.22,16.24,199,daily,12.08,26 bear-built-above · rel-vol 0.9x · regime FAVORABLE,False,19,14.49,14.2727,18.22,460,25.74,17.16,False
PAY,37.0,BASING,0.0,0,20,20,39.94,39.34,60,daily,6.32,11 bear-built-above · rel-vol 0.9x · regime FAVORABLE,False,22,37.0,36.445,39.94,180,7.95,5.3,False
PAYC,223.06,BASING,0.0,0,20,20,231.67,227.36,431,weekly,1.93,14 bear-built-above · rel-vol 1.3x · regime FAVORABLE,False,24,223.06,219.7141,231.67,29,3.86,2.57,False
PAYS,12.9535,BASING,0.0,0,20,20,13.47,13.37,11,1h,3.22,27 bear-built-above · rel-vol 0.7x · regime FAVORABLE,False,20,12.9535,12.7592,13.47,514,3.99,2.66,False
PBF,70.36,BASING,0.0,0,20,20,77.55,77.0,55,daily,9.44,21 bear-built-above · rel-vol 2.5x · regime FAVORABLE,False,20,70.36,69.3046,77.55,94,10.22,6.81,False
PBR,21.24,BASING,0.0,0,14,14,22.01,21.77,25,daily,2.5,10 bear-built-above · rel-vol 0.6x · regime FAVORABLE,False,16,21.24,20.9214,22.01,313,3.63,2.42,False
PCG,13.65,BASING,0.0,0,16,16,16.6,14.3,231,weekly,4.76,9 bear-built-above · rel-vol 0.7x · regime FAVORABLE,False,16,13.65,13.4452,16.6,488,21.61,14.41,False
PCLA,7.21,BASING,0.0,0,14,14,10.11,7.75,236,daily,7.49,12 bear-built-above · rel-vol 0.3x · regime FAVORABLE,False,14,7.21,7.1018,10.11,924,40.22,26.81,False
PCOR,57.4,BASING,0.0,0,20,20,60.59,59.5,110,daily,3.66,5 bear-built-above · rel-vol 0.7x · regime FAVORABLE,False,20,57.4,56.539,60.59,116,5.56,3.7,False
PCTY,147.9,BASING,0.0,0,19,19,152.25,150.95,131,weekly,2.06,10 bear-built-above · rel-vol 1.4x · regime FAVORABLE,True,21,147.9,145.6815,152.25,45,2.94,1.96,False
PD,14.76,BASING,0.0,0,5,5,15.44,15.36,9,weekly,4.07,rel-vol 1.3x · regime FAVORABLE,False,8,14.76,14.5386,15.44,451,4.61,3.07,False
PEGA,38.1494,BASING,0.0,0,9,9,43.24,42.23,102,daily,10.7,6 bear-built-above · rel-vol 1.0x · regime FAVORABLE,True,9,38.1494,37.5772,43.24,174,13.34,8.9,False
PENG,46.8111,BASING,0.0,0,19,19,51.16,47.21,395,weekly,0.85,38 bear-built-above · rel-vol 1.0x · regime FAVORABLE,False,19,46.8111,46.1089,51.16,142,9.29,6.19,False
PFE,27.59,BASING,0.0,0,20,20,28.45,28.015,44,daily,1.54,25 bear-built-above · rel-vol 0.9x · regime FAVORABLE,False,24,27.59,27.1761,28.45,241,3.12,2.08,False
PFSA,2.65,BASING,0.0,0,20,20,3.0,2.98,3,daily,12.45,23 bear-built-above · rel-vol 0.0x · regime FAVORABLE,False,20,2.65,2.6102,3.0,2515,13.21,8.81,False
PGEN,6.8892,BASING,0.0,0,20,20,7.48,7.435,5,30m,7.92,9 bear-built-above · rel-vol 0.7x · regime FAVORABLE,True,20,6.8892,6.7859,7.48,967,8.58,5.72,False
PGNY,27.9515,BASING,0.0,0,12,12,30.21,28.1,211,daily,0.53,rel-vol 1.0x · regime FAVORABLE,False,14,27.9515,27.5322,30.21,238,8.08,5.39,False
PGR,221.02,BASING,0.0,0,20,20,240.0,237.93,207,weekly,7.65,5 bear-built-above · rel-vol 0.7x · regime FAVORABLE,False,22,221.02,217.7047,240.0,30,8.59,5.72,False
PGY,21.1288,BASING,0.0,0,20,20,24.19,24.0,20,daily,13.59,27 bear-built-above · rel-vol 1.1x · regime FAVORABLE,False,20,21.1288,20.8119,24.19,315,14.49,9.66,False
PHVS,39.25,BASING,0.0,0,8,8,40.66,40.57,9,45m,3.36,6 bear-built-above · rel-vol 1.0x · regime FAVORABLE,True,8,39.25,38.6613,40.66,169,3.59,2.39,False
PI,173.09,BASING,0.0,0,20,20,199.54,192.28,726,daily,11.09,28 bear-built-above · rel-vol 1.3x · regime FAVORABLE,True,23,173.09,170.4937,199.54,38,15.28,10.19,False
PINS,19.65,BASING,0.0,0,19,19,23.19,22.09,111,weekly,12.42,33 bear-built-above · rel-vol 1.0x · regime FAVORABLE,False,19,19.65,19.3552,23.19,339,18.02,12.01,False
PL,16.1046,BASING,0.0,0,19,19,18.12,17.85,27,weekly,10.84,52 bear-built-above · rel-vol 0.8x · regime FAVORABLE,False,19,16.1046,15.863,18.12,413,12.51,8.34,False
PLAG,0.6824,BASING,0.0,0,20,20,0.7828,0.7203,7,daily,5.55,26 bear-built-above · rel-vol 0.1x · regime FAVORABLE,False,20,0.6824,0.6722,0.7828,9769,14.71,9.81,False
PLAY,7.31,BASING,0.0,0,12,12,7.4999,7.44,6,45m,1.78,12 bear-built-above · rel-vol 4.4x · regime FAVORABLE,False,12,7.31,7.2003,7.4999,911,2.6,1.73,False
PLGO,24.92,BASING,0.0,0,20,20,26.54,25.51,103,30m,2.37,31 bear-built-above · rel-vol 1.2x · regime FAVORABLE,False,20,24.92,24.5462,26.54,267,6.5,4.33,False
PLNT,52.49,BASING,0.0,0,14,14,53.33,52.74,59,weekly,0.48,rel-vol 1.0x · regime FAVORABLE,False,14,52.49,51.7026,53.33,127,1.6,1.07,False
PLSE,54.21,BASING,0.0,0,18,18,57.25,57.1345,12,30m,5.39,18 bear-built-above · rel-vol 0.8x · regime FAVORABLE,False,18,54.21,53.3969,57.25,122,5.61,3.74,False
PLTR,170.46,BASING,0.0,0,18,18,205.045,192.07,1298,daily,12.68,30 bear-built-above · rel-vol 1.0x · regime FAVORABLE,False,21,170.46,167.9031,205.045,39,20.29,13.53,False
PLTZ,9.66,BASING,0.0,0,20,20,9.97,9.78,20,daily,1.24,20 bear-built-above · rel-vol 1.7x · regime FAVORABLE,False,20,9.66,9.5151,9.97,690,3.21,2.14,False
PLUG,2.0596,BASING,0.0,0,19,19,2.1,2.06,5,weekly,0.02,16 bear-built-above · rel-vol 1.0x · regime FAVORABLE,False,19,2.0596,2.0287,2.1,3236,1.96,1.31,False
PMI,6.04,BASING,0.0,0,20,20,6.56,6.55,1,10m,8.44,23 bear-built-above · rel-vol 0.1x · regime FAVORABLE,False,20,6.04,5.9494,6.56,1103,8.61,5.74,False
PNR,56.4,BASING,0.0,0,20,20,75.68,64.33,1136,daily,14.06,56 bear-built-above · rel-vol 0.6x · regime FAVORABLE,False,20,56.4,55.554,75.68,118,34.18,22.79,False
PODD,137.8,BASING,0.0,0,20,20,142.28,140.26,203,daily,1.79,27 bear-built-above · rel-vol 1.3x · regime FAVORABLE,False,20,137.8,135.733,142.28,48,3.25,2.17,False
POET,7.43,BASING,0.0,0,20,20,7.92,7.71,21,45m,3.77,16 bear-built-above · rel-vol 1.0x · regime FAVORABLE,False,20,7.43,7.3185,7.92,897,6.59,4.4,False
POST,79.37,BASING,0.0,0,20,20,90.23,85.44,480,daily,7.65,28 bear-built-above · rel-vol 1.4x · regime FAVORABLE,False,20,79.37,78.1795,90.23,83,13.68,9.12,False
POWI,48.51,BASING,0.0,0,18,18,51.19,49.82,137,weekly,2.7,48 bear-built-above · rel-vol 0.7x · regime FAVORABLE,False,18,48.51,47.7823,51.19,137,5.52,3.68,False
POWL,171.0,BASING,0.0,0,19,19,197.67,194.47,320,weekly,13.73,36 bear-built-above · rel-vol 0.9x · regime FAVORABLE,False,19,171.0,168.435,197.67,38,15.6,10.4,False
PPBT,1.73,BASING,0.0,0,12,12,1.9999,1.97,3,45m,13.87,10 bear-built-above · rel-vol 0.0x · regime FAVORABLE,False,12,1.73,1.7041,1.9999,3853,15.6,10.4,False
PPC,30.25,BASING,0.0,0,19,19,31.69,31.37,33,weekly,3.7,29 bear-built-above · rel-vol 0.8x · regime FAVORABLE,False,19,30.25,29.7963,31.69,220,4.76,3.17,False
PPCB,0.8794,BASING,0.0,0,20,20,0.921,0.9,3,weekly,2.34,34 bear-built-above · rel-vol 0.1x · regime FAVORABLE,False,20,0.8794,0.8662,0.921,7580,4.73,3.15,False
PR,23.76,BASING,0.0,0,14,14,23.79,23.785,1,45m,0.11,14 bear-built-above · rel-vol 1.1x · regime FAVORABLE,False,14,23.76,23.4036,23.79,280,0.13,0.08,False
PRAX,335.0,BASING,0.0,0,20,20,367.85,363.4,446,daily,8.48,14 bear-built-above · rel-vol 1.2x · regime FAVORABLE,False,21,335.0,329.975,367.85,19,9.81,6.54,False
PRIM,74.17,BASING,0.0,0,20,20,101.99,84.95,1704,daily,14.53,11 bear-built-above · rel-vol 2.0x · regime FAVORABLE,False,20,74.17,73.0575,101.99,89,37.51,25.01,False
PSI,129.54,BASING,0.0,0,20,20,138.75,131.04,772,weekly,1.16,67 bear-built-above · rel-vol 1.5x · regime FAVORABLE,False,20,129.54,127.5969,138.75,51,7.11,4.74,False
PSKY,10.78,BASING,0.0,0,12,12,11.99,11.49,50,weekly,6.59,8 bear-built-above · rel-vol 1.1x · regime FAVORABLE,False,12,10.78,10.6183,11.99,618,11.22,7.48,False
PSN,46.94,BASING,0.0,0,18,18,60.26,46.99,1327,daily,0.11,38 bear-built-above · rel-vol 0.9x · regime FAVORABLE,False,18,46.94,46.2359,60.26,142,28.38,18.92,False
PSNL,16.29,BASING,0.0,0,20,20,17.8,17.5,31,1h,7.43,15 bear-built-above · rel-vol 0.5x · regime FAVORABLE,False,20,16.29,16.0456,17.8,409,9.27,6.18,False
PSNYW,4.26,BASING,0.0,0,20,20,5.0,4.83,17,weekly,13.38,10 bear-built-above · rel-vol 0.0x · regime FAVORABLE,False,23,4.26,4.1961,5.0,1564,17.37,11.58,False
PSX,257.3,BASING,0.0,0,20,20,261.64,261.4465,20,45m,1.61,20 bear-built-above · rel-vol 1.3x · regime FAVORABLE,True,20,257.3,253.4405,261.64,25,1.69,1.12,False
PTCT,66.5,BASING,0.0,0,20,20,69.3,67.81,149,weekly,1.97,28 bear-built-above · rel-vol 1.2x · regime FAVORABLE,False,21,66.5,65.5025,69.3,100,4.21,2.81,False
PTEN,12.38,BASING,0.0,0,16,16,12.585,12.575,2,30m,1.58,16 bear-built-above · rel-vol 1.1x · regime FAVORABLE,False,16,12.38,12.1943,12.585,538,1.66,1.1,False
PTGX,148.95,BASING,0.0,0,20,20,152.0,150.35,166,1h,0.94,6 bear-built-above · rel-vol 1.2x · regime FAVORABLE,False,20,148.95,146.7157,152.0,44,2.05,1.37,False
PURR,11.47,BASING,0.0,0,20,20,12.75,12.65,10,30m,10.29,21 bear-built-above · rel-vol 0.6x · regime FAVORABLE,False,22,11.47,11.298,12.75,581,11.16,7.44,False
PVLA,151.7,BASING,0.0,0,20,20,156.53,155.52,101,15m,2.52,30 bear-built-above · rel-vol 1.1x · regime FAVORABLE,False,20,151.7,149.4245,156.53,43,3.18,2.12,False
PWR,619.94,BASING,0.0,0,20,20,631.79,622.02,977,weekly,0.34,29 bear-built-above · rel-vol 1.1x · regime FAVORABLE,False,22,619.94,610.6409,631.79,10,1.91,1.27,False
PYPL,53.645,BASING,0.0,0,19,19,61.47,53.735,774,daily,0.17,45 bear-built-above · rel-vol 0.7x · regime FAVORABLE,False,19,53.645,52.8403,61.47,124,14.59,9.72,False
Q,117.5212,BASING,0.0,0,17,17,128.88,126.74,215,weekly,7.84,48 bear-built-above · rel-vol 0.9x · regime FAVORABLE,False,17,117.5212,115.7584,128.88,56,9.67,6.44,False
QBTS,16.6,BASING,0.0,0,17,17,19.025,18.73,30,daily,12.83,39 bear-built-above · rel-vol 0.7x · regime FAVORABLE,False,17,16.6,16.351,19.025,401,14.61,9.74,False
QCOM,178.45,BASING,0.0,0,19,19,204.9,201.7,321,daily,13.03,52 bear-built-above · rel-vol 1.2x · regime FAVORABLE,False,21,178.45,175.7732,204.9,37,14.82,9.88,False
QFIN,8.5,BASING,0.0,0,20,20,11.09,9.76,133,daily,14.82,35 bear-built-above · rel-vol 0.3x · regime FAVORABLE,False,20,8.5,8.3725,11.09,784,30.47,20.31,False
QGEN,42.09,BASING,0.0,0,20,20,43.04,42.5,54,weekly,0.97,41 bear-built-above · rel-vol 0.8x · regime FAVORABLE,False,22,42.09,41.4587,43.04,158,2.26,1.5,False
QLYS,172.91,BASING,0.0,0,20,20,186.14,183.25,289,daily,5.98,5 bear-built-above · rel-vol 1.7x · regime FAVORABLE,True,22,172.91,170.3163,186.14,38,7.65,5.1,False
QMCO,23.0,BASING,0.0,0,18,18,24.24,23.54,70,daily,2.35,18 bear-built-above · rel-vol 0.8x · regime FAVORABLE,False,18,23.0,22.655,24.24,289,5.39,3.59,False
QNC,1.93,BASING,0.0,0,20,20,2.13,2.09,5,weekly,8.29,11 bear-built-above · rel-vol 7.1x · regime FAVORABLE,False,20,1.93,1.901,2.13,3454,10.36,6.91,False
QNRX,6.8503,BASING,0.0,0,20,20,7.15,7.09,7,daily,3.5,33 bear-built-above · rel-vol 0.0x · regime FAVORABLE,False,20,6.8503,6.7475,7.15,973,4.37,2.92,False
QNST,18.48,BASING,0.0,0,20,20,20.1,19.94,17,daily,7.9,28 bear-built-above · rel-vol 0.7x · regime FAVORABLE,False,20,18.48,18.2028,20.1,360,8.77,5.84,False
QNT,48.78,BASING,0.0,0,20,20,56.6,55.0,161,weekly,12.75,39 bear-built-above · rel-vol 1.2x · regime FAVORABLE,False,20,48.78,48.0483,56.6,136,16.03,10.69,False
QRVO,108.1,BASING,0.0,0,20,20,119.76,119.64,13,15m,10.68,43 bear-built-above · rel-vol 1.6x · regime FAVORABLE,True,22,108.1,106.4785,119.76,61,10.79,7.19,False
QS,5.15,BASING,0.0,0,20,20,5.98,5.81,18,weekly,12.82,37 bear-built-above · rel-vol 0.7x · regime FAVORABLE,False,20,5.15,5.0728,5.98,1294,16.12,10.74,False
QTEX,0.8699,BASING,0.0,0,12,12,0.9799,0.94,4,weekly,8.06,10 bear-built-above · rel-vol 0.4x · regime FAVORABLE,False,14,0.8699,0.8569,0.9799,7663,12.65,8.43,False
QTWO,61.95,BASING,0.0,0,20,20,64.08,63.36,72,daily,2.28,8 bear-built-above · rel-vol 0.9x · regime FAVORABLE,False,21,61.95,61.0207,64.08,107,3.44,2.29,False
QUBT,7.93,BASING,0.0,0,19,19,8.92,8.62,31,weekly,8.7,19 bear-built-above · rel-vol 0.8x · regime FAVORABLE,False,19,7.93,7.811,8.92,840,12.48,8.32,False
QURE,44.9,BASING,0.0,0,20,20,46.0,45.68,33,30m,1.74,26 bear-built-above · rel-vol 0.6x · regime FAVORABLE,False,20,44.9,44.2265,46.0,148,2.45,1.63,False
QXO,11.99,BASING,0.0,0,19,19,12.31,12.11,21,weekly,1.0,39 bear-built-above · rel-vol 0.9x · regime FAVORABLE,False,19,11.99,11.8102,12.31,556,2.67,1.78,False
RAL,65.2514,BASING,0.0,0,20,20,66.65,65.64,102,daily,0.6,19 bear-built-above · rel-vol 1.3x · regime FAVORABLE,False,20,65.2514,64.2726,66.65,102,2.14,1.43,False
RAM,11.67,BASING,0.0,0,9,9,13.36,12.15,121,15m,4.11,10 bear-built-above · rel-vol 1.0x · regime FAVORABLE,False,9,11.67,11.4949,13.36,571,14.48,9.65,False
RARE,13.6,BASING,0.0,0,20,20,25.96,14.85,1111,daily,9.19,29 bear-built-above · rel-vol 1.2x · regime FAVORABLE,False,20,13.6,13.396,25.96,490,90.88,60.59,False
RBA,84.03,BASING,0.0,0,20,20,94.72,94.3,43,weekly,12.22,1 bear-built-above · rel-vol 0.9x · regime FAVORABLE,True,20,84.03,82.7695,94.72,79,12.72,8.48,False
RBC,481.25,BASING,0.0,0,18,18,520.54,517.01,353,daily,7.43,11 bear-built-above · rel-vol 1.5x · regime FAVORABLE,False,18,481.25,474.0312,520.54,13,8.16,5.44,False
RBLX,50.4299,BASING,0.0,0,20,20,52.5,52.41,10,daily,3.93,10 bear-built-above · rel-vol 1.8x · regime FAVORABLE,False,20,50.4299,49.6735,52.5,132,4.1,2.74,False
RBRK,97.3,BASING,0.0,0,18,18,101.99,98.95,304,daily,1.7,24 bear-built-above · rel-vol 1.5x · regime FAVORABLE,False,19,97.3,95.8405,101.99,68,4.82,3.21,False
RCAT,7.8,BASING,0.0,0,16,16,8.015,8.01,1,45m,2.69,39 bear-built-above · rel-vol 1.0x · regime FAVORABLE,False,16,7.8,7.683,8.015,854,2.76,1.84,False
RCEL,10.19,BASING,0.0,0,20,20,13.72,10.27,346,daily,0.79,29 bear-built-above · rel-vol 0.9x · regime FAVORABLE,False,20,10.19,10.0371,13.72,654,34.64,23.09,False
RDAC,5.65,BASING,0.0,0,19,19,6.29,6.05,25,daily,7.08,20 bear-built-above · rel-vol 0.1x · regime FAVORABLE,False,19,5.65,5.5653,6.29,1179,11.33,7.55,False
RDDT,160.0,BASING,0.0,0,20,20,181.0,180.59,41,4h,12.87,40 bear-built-above · rel-vol 0.7x · regime FAVORABLE,False,21,160.0,157.6,181.0,41,13.13,8.75,False
RDNT,75.49,BASING,0.0,0,5,5,82.79,82.25,55,weekly,8.95,1 bear-built-above · rel-vol 1.9x · regime FAVORABLE,False,7,75.49,74.3576,82.79,88,9.67,6.45,False
RDW,10.42,BASING,0.0,0,19,19,12.02,11.75,27,weekly,12.76,26 bear-built-above · rel-vol 0.8x · regime FAVORABLE,False,19,10.42,10.2637,12.02,639,15.36,10.24,False
REAX,19.81,BASING,0.0,0,20,20,22.59,22.55,4,1h,13.83,32 bear-built-above · rel-vol 0.7x · regime FAVORABLE,False,20,19.81,19.5129,22.59,336,14.03,9.36,False
REGN,793.08,BASING,0.0,0,20,20,919.73,875.0,4474,daily,10.33,60 bear-built-above · rel-vol 0.9x · regime FAVORABLE,False,20,793.08,781.1838,919.73,8,15.97,10.65,False
REI,1.52,BASING,0.0,0,5,5,1.5307,1.53,1,45m,0.66,5 bear-built-above · rel-vol 1.4x · regime FAVORABLE,False,5,1.52,1.4972,1.5307,4385,0.7,0.47,False
RELY,22.32,BASING,0.0,0,20,20,24.07,23.86,22,daily,6.9,33 bear-built-above · rel-vol 1.0x · regime FAVORABLE,False,20,22.32,21.9852,24.07,298,7.84,5.23,False
REPL,13.06,BASING,0.0,0,19,19,15.04,14.9,14,weekly,14.09,34 bear-built-above · rel-vol 1.0x · regime FAVORABLE,False,19,13.06,12.8641,15.04,510,15.16,10.11,False
REZI,19.43,BASING,0.0,0,17,17,24.44,22.25,220,daily,14.51,7 bear-built-above · rel-vol 0.9x · regime FAVORABLE,False,17,19.43,19.1385,24.44,343,25.78,17.19,False
RF,30.03,BASING,0.0,0,20,20,30.94,30.68,27,1h,2.16,13 bear-built-above · rel-vol 0.8x · regime FAVORABLE,False,24,30.03,29.5796,30.94,222,3.03,2.02,False
RGEN,168.0,BASING,0.0,0,20,20,176.27,174.17,211,weekly,3.67,14 bear-built-above · rel-vol 0.5x · regime FAVORABLE,True,24,168.0,165.48,176.27,39,4.92,3.28,False
RGTI,15.09,BASING,0.0,0,18,18,15.81,15.63,18,daily,3.58,30 bear-built-above · rel-vol 0.8x · regime FAVORABLE,False,18,15.09,14.8636,15.81,441,4.77,3.18,False
RH,134.8803,BASING,0.0,0,20,20,149.49,147.99,150,weekly,9.72,38 bear-built-above · rel-vol 1.2x · regime FAVORABLE,False,20,134.8803,132.8571,149.49,49,10.83,7.22,False
RHI,38.73,BASING,0.0,0,20,20,42.58,41.94,65,weekly,8.29,27 bear-built-above · rel-vol 1.1x · regime FAVORABLE,False,22,38.73,38.149,42.58,172,9.94,6.63,False
RIG,5.51,BASING,0.0,0,20,20,6.48,6.29,20,daily,14.16,18 bear-built-above · rel-vol 1.1x · regime FAVORABLE,False,20,5.51,5.4273,6.48,1209,17.6,11.74,False
RING,85.04,BASING,0.0,0,20,20,99.05,92.84,621,daily,9.17,21 bear-built-above · rel-vol 0.7x · regime FAVORABLE,False,23,85.04,83.7644,99.05,78,16.47,10.98,False
RIO,95.86,BASING,0.0,0,18,18,99.96,97.64,232,weekly,1.86,51 bear-built-above · rel-vol 0.8x · regime FAVORABLE,False,18,95.86,94.4221,99.96,69,4.28,2.85,False
RIOT,20.5,BASING,0.0,0,20,20,21.47,20.95,52,weekly,2.2,38 bear-built-above · rel-vol 0.7x · regime FAVORABLE,False,21,20.5,20.1925,21.47,325,4.73,3.15,False
RITR,0.0826,BASING,0.0,0,5,5,0.1016,0.0928,1,daily,12.35,4 bear-built-above · rel-vol 0.1x · regime FAVORABLE,False,5,0.0826,0.0814,0.1016,80710,23.0,15.33,False
RIVN,15.68,BASING,0.0,0,18,18,16.03,15.865,17,daily,1.18,16 bear-built-above · rel-vol 0.8x · regime FAVORABLE,False,18,15.68,15.4448,16.03,425,2.23,1.49,False
RKLB,61.94,BASING,0.0,0,19,19,72.57,71.21,136,weekly,14.97,38 bear-built-above · rel-vol 0.9x · regime FAVORABLE,False,19,61.94,61.0109,72.57,107,17.16,11.44,False
RKLX,13.92,BASING,0.0,0,20,20,14.39,14.18,22,weekly,1.87,27 bear-built-above · rel-vol 0.7x · regime FAVORABLE,False,20,13.92,13.7112,14.39,478,3.38,2.25,False
RKT,13.21,BASING,0.0,0,17,17,14.63,14.29,35,daily,8.18,34 bear-built-above · rel-vol 1.2x · regime FAVORABLE,False,17,13.21,13.0119,14.63,504,10.75,7.17,False
RL,341.43,BASING,0.0,0,18,18,388.92,384.91,401,weekly,12.73,24 bear-built-above · rel-vol 0.8x · regime FAVORABLE,False,18,341.43,336.3086,388.92,19,13.91,9.27,False
RLAY,19.1646,BASING,0.0,0,17,17,20.175,19.95,23,daily,4.1,rel-vol 0.8x · regime FAVORABLE,False,17,19.1646,18.8771,20.175,347,5.27,3.51,False
RMD,224.08,BASING,0.0,0,20,20,252.87,250.08,279,weekly,11.6,9 bear-built-above · rel-vol 0.7x · regime FAVORABLE,False,20,224.08,220.7188,252.87,29,12.85,8.57,False
RNG,72.43,BASING,0.0,0,20,20,76.5,75.57,94,1h,4.34,5 bear-built-above · rel-vol 1.4x · regime FAVORABLE,False,20,72.43,71.3436,76.5,92,5.62,3.75,False
ROAD,96.94,BASING,0.0,0,20,20,110.1,108.89,121,weekly,12.33,28 bear-built-above · rel-vol 1.0x · regime FAVORABLE,False,20,96.94,95.4859,110.1,68,13.58,9.05,False
ROBN,32.14,BASING,0.0,0,20,20,33.85,33.68,18,4h,4.79,27 bear-built-above · rel-vol 0.9x · regime FAVORABLE,False,23,32.14,31.6579,33.85,207,5.32,3.55,False
ROIV,40.82,BASING,0.0,0,16,16,43.3,43.1,20,30m,5.59,16 bear-built-above · rel-vol 0.9x · regime FAVORABLE,False,16,40.82,40.2077,43.3,163,6.08,4.05,False
RPD,12.34,BASING,0.0,0,20,20,13.09,12.94,16,daily,4.86,11 bear-built-above · rel-vol 2.2x · regime FAVORABLE,False,22,12.34,12.1549,13.09,540,6.08,4.05,False
RR,1.63,BASING,0.0,0,20,20,1.74,1.73,2,daily,6.13,17 bear-built-above · rel-vol 0.5x · regime FAVORABLE,False,20,1.63,1.6055,1.74,4089,6.75,4.5,False
RRR,54.41,BASING,0.0,0,20,20,57.15,56.94,22,weekly,4.65,39 bear-built-above · rel-vol 0.9x · regime FAVORABLE,False,20,54.41,53.5938,57.15,122,5.04,3.36,False
RRX,156.86,BASING,0.0,0,20,20,174.52,172.43,210,daily,9.93,25 bear-built-above · rel-vol 1.4x · regime FAVORABLE,False,20,156.86,154.5071,174.52,42,11.26,7.51,False
RUM,7.8616,BASING,0.0,0,20,20,8.98,8.77,22,weekly,11.55,19 bear-built-above · rel-vol 5.0x · regime FAVORABLE,False,21,7.8616,7.7437,8.98,848,14.23,9.48,False
RUN,8.27,BASING,0.0,0,20,20,8.56,8.39,17,weekly,1.45,47 bear-built-above · rel-vol 1.0x · regime FAVORABLE,False,20,8.27,8.1459,8.56,806,3.51,2.34,False
RVMD,206.7532,BASING,0.0,0,20,20,216.6193,216.25,37,45m,4.59,17 bear-built-above · rel-vol 0.7x · regime FAVORABLE,True,20,206.7532,203.6519,216.6193,32,4.77,3.18,False
RVTY,128.49,BASING,0.0,0,20,20,130.03,128.5,154,daily,0.01,21 bear-built-above · rel-vol 1.2x · regime FAVORABLE,False,22,128.49,126.5627,130.03,51,1.2,0.8,False
RXRX,3.34,BASING,0.0,0,16,16,3.415,3.41,1,45m,2.1,15 bear-built-above · rel-vol 1.1x · regime FAVORABLE,False,16,3.34,3.2899,3.415,1996,2.25,1.5,False
RXT,3.42,BASING,0.0,0,18,18,3.95,3.795,16,daily,10.96,15 bear-built-above · rel-vol 1.6x · regime FAVORABLE,False,18,3.42,3.3687,3.95,1949,15.5,10.33,False
RYAN,39.4491,BASING,0.0,0,20,20,41.91,41.27,64,weekly,4.62,18 bear-built-above · rel-vol 1.4x · regime FAVORABLE,False,24,39.4491,38.8574,41.91,168,6.24,4.16,False
RYTM,102.4848,BASING,0.0,0,20,20,107.17,106.01,116,weekly,3.44,25 bear-built-above · rel-vol 1.7x · regime FAVORABLE,False,22,102.4848,100.9475,107.17,65,4.57,3.05,False
RZLV,2.27,BASING,0.0,0,18,18,2.89,2.52,38,daily,11.01,14 bear-built-above · rel-vol 0.4x · regime FAVORABLE,False,18,2.27,2.2359,2.89,2936,27.31,18.21,False
S,22.2442,BASING,0.0,0,20,20,28.26,24.99,328,daily,12.34,27 bear-built-above · rel-vol 1.9x · regime FAVORABLE,False,23,22.2442,21.9105,28.26,299,27.04,18.03,False
SA,29.61,BASING,0.0,0,20,20,31.01,29.68,134,weekly,0.24,82 bear-built-above · rel-vol 0.6x · regime FAVORABLE,False,20,29.61,29.1658,31.01,225,4.73,3.15,False
SABR,2.175,BASING,0.0,0,14,14,2.99,2.21,79,daily,1.61,13 bear-built-above · rel-vol 1.5x · regime FAVORABLE,False,14,2.175,2.1424,2.99,3065,37.47,24.98,False
SAIL,19.9443,BASING,0.0,0,15,15,22.78,22.72,7,daily,13.92,1 bear-built-above · rel-vol 2.5x · regime FAVORABLE,False,20,19.9443,19.6451,22.78,334,14.22,9.48,False
SAM,171.34,BASING,0.0,0,20,20,183.13,181.5,163,weekly,5.93,20 bear-built-above · rel-vol 1.1x · regime FAVORABLE,False,20,171.34,168.7699,183.13,38,6.88,4.59,False
SANM,196.04,BASING,0.0,0,19,19,206.84,206.5,35,daily,5.34,53 bear-built-above · rel-vol 0.9x · regime FAVORABLE,False,19,196.04,193.0994,206.84,34,5.51,3.67,False
SBET,8.78,BASING,0.0,0,17,17,9.75,9.51,25,weekly,8.31,54 bear-built-above · rel-vol 0.9x · regime FAVORABLE,False,19,8.78,8.6483,9.75,759,11.05,7.37,False
SBEV,0.4201,BASING,0.0,0,3,3,0.43,0.4222,1,45m,0.5,rel-vol 0.2x · regime FAVORABLE,False,3,0.4201,0.4138,0.43,15869,2.36,1.57,False
SBIT,36.94,BASING,0.0,0,10,10,42.7,37.68,503,daily,2.0,1 bear-built-above · rel-vol 0.6x · regime FAVORABLE,False,12,36.94,36.3859,42.7,180,15.59,10.4,False
SBLK,30.96,BASING,0.0,0,20,20,32.42,31.35,108,daily,1.26,19 bear-built-above · rel-vol 1.2x · regime FAVORABLE,False,21,30.96,30.4956,32.42,215,4.72,3.14,False
SBSW,11.63,BASING,0.0,0,20,20,12.54,11.91,63,weekly,2.41,24 bear-built-above · rel-vol 0.8x · regime FAVORABLE,False,20,11.63,11.4556,12.54,573,7.82,5.22,False
SCCO,188.35,BASING,0.0,0,20,20,209.26,196.83,1243,daily,4.5,56 bear-built-above · rel-vol 0.8x · regime FAVORABLE,False,20,188.35,185.5247,209.26,35,11.1,7.4,False
SCNI,1.87,BASING,0.0,0,9,9,2.11,2.071,4,10m,10.75,4 bear-built-above · rel-vol 17.1x · regime FAVORABLE,False,9,1.87,1.8419,2.11,3565,12.83,8.56,False
SDOT,12.06,BASING,0.0,0,20,20,12.39,12.17,23,weekly,0.91,39 bear-built-above · rel-vol 0.0x · regime FAVORABLE,False,20,12.06,11.8791,12.39,552,2.74,1.82,False
SDRL,47.72,BASING,0.0,0,13,13,56.39,54.76,164,1h,14.75,6 bear-built-above · rel-vol 1.7x · regime FAVORABLE,False,13,47.72,47.0042,56.39,139,18.17,12.11,False
SE,107.72,BASING,0.0,0,19,19,112.25,111.29,96,daily,3.31,35 bear-built-above · rel-vol 0.8x · regime FAVORABLE,False,20,107.72,106.1042,112.25,61,4.21,2.8,False
SEDG,34.95,BASING,0.0,0,19,19,46.5,39.935,657,daily,14.26,28 bear-built-above · rel-vol 1.1x · regime FAVORABLE,False,21,34.95,34.4258,46.5,190,33.05,22.03,False
SEI,60.4469,BASING,0.0,0,20,20,65.69,62.89,280,daily,4.04,49 bear-built-above · rel-vol 1.2x · regime FAVORABLE,False,21,60.4469,59.5402,65.69,110,8.67,5.78,False
SEPN,40.55,BASING,0.0,0,13,13,43.93,43.15,79,daily,6.41,rel-vol 1.1x · regime FAVORABLE,False,13,40.55,39.9417,43.93,164,8.34,5.56,False
SERV,4.34,BASING,0.0,0,19,19,4.48,4.43,6,weekly,2.07,40 bear-built-above · rel-vol 0.6x · regime FAVORABLE,False,19,4.34,4.2749,4.48,1536,3.23,2.15,False
SES,0.6002,BASING,0.0,0,12,12,0.7,0.69,2,daily,14.96,11 bear-built-above · rel-vol 2.7x · regime FAVORABLE,False,12,0.6002,0.5912,0.7,11107,16.63,11.09,False
SEZL,119.3,BASING,0.0,0,20,20,168.54,132.36,3618,daily,10.95,2 bear-built-above · rel-vol 0.7x · regime FAVORABLE,False,20,119.3,117.5105,168.54,55,41.27,27.52,False
SFM,75.1,BASING,0.0,0,20,20,104.55,81.49,2306,daily,8.51,29 bear-built-above · rel-vol 0.9x · regime FAVORABLE,False,20,75.1,73.9735,104.55,88,39.21,26.14,False
SG,7.2,BASING,0.0,0,11,11,8.27,8.12,16,daily,12.78,5 bear-built-above · rel-vol 0.9x · regime FAVORABLE,False,12,7.2,7.092,8.27,925,14.86,9.91,False
SGHC,13.89,BASING,0.0,0,7,7,15.58,15.55,3,daily,11.95,1 bear-built-above · rel-vol 0.7x · regime FAVORABLE,False,7,13.89,13.6817,15.58,479,12.17,8.11,False
SGI,67.86,BASING,0.0,0,19,19,72.1,69.45,265,daily,2.34,19 bear-built-above · rel-vol 0.6x · regime FAVORABLE,False,19,67.86,66.8421,72.1,98,6.25,4.17,False
SGLY,1.35,BASING,0.0,0,20,20,1.59,1.5,10,daily,11.11,25 bear-built-above · rel-vol 0.1x · regime FAVORABLE,False,20,1.35,1.3297,1.59,4938,17.78,11.85,False
SGML,9.07,BASING,0.0,0,16,16,9.5,9.2,31,weekly,1.43,31 bear-built-above · rel-vol 1.1x · regime FAVORABLE,False,16,9.07,8.9339,9.5,735,4.74,3.16,False
SGMT,10.86,BASING,0.0,0,17,17,11.18,11.15,3,45m,2.67,17 bear-built-above · rel-vol 0.5x · regime FAVORABLE,True,17,10.86,10.6971,11.18,613,2.95,1.96,False
SGRY,14.04,BASING,0.0,0,20,20,15.19,15.05,14,daily,7.19,18 bear-built-above · rel-vol 0.9x · regime FAVORABLE,False,20,14.04,13.8294,15.19,474,8.19,5.46,False
SHAZ,52.01,BASING,0.0,0,20,20,56.77,54.91,187,weekly,5.58,40 bear-built-above · rel-vol 1.1x · regime FAVORABLE,False,21,52.01,51.2298,56.77,128,9.15,6.1,False
SHLS,6.91,BASING,0.0,0,20,20,7.15,7.05,11,weekly,2.03,21 bear-built-above · rel-vol 1.2x · regime FAVORABLE,False,21,6.91,6.8064,7.15,964,3.47,2.32,False
SHMD,3.2,BASING,0.0,0,19,19,3.29,3.22,7,weekly,0.63,28 bear-built-above · rel-vol 0.5x · regime FAVORABLE,False,19,3.2,3.152,3.29,2083,2.81,1.87,False
SHOE,12.91,BASING,0.0,0,20,20,13.38,13.35,4,daily,3.41,42 bear-built-above · rel-vol 1.1x · regime FAVORABLE,False,20,12.91,12.7164,13.38,516,3.64,2.43,False
SHOP,132.39,BASING,0.0,0,18,18,145.09,141.705,339,weekly,7.04,20 bear-built-above · rel-vol 1.0x · regime FAVORABLE,False,18,132.39,130.4041,145.09,50,9.59,6.4,False
SIDU,1.96,BASING,0.0,0,19,19,2.06,2.02,5,daily,3.06,21 bear-built-above · rel-vol 0.9x · regime FAVORABLE,False,19,1.96,1.9306,2.06,3401,5.1,3.4,False
SIG,100.75,BASING,0.0,0,4,4,101.87,101.85,3,4h,1.09,3 bear-built-above · rel-vol 1.3x · regime FAVORABLE,True,8,100.75,99.2387,101.87,66,1.11,0.74,False
SIL,92.88,BASING,0.0,0,19,19,96.36,93.27,310,weekly,0.42,80 bear-built-above · rel-vol 1.1x · regime FAVORABLE,False,19,92.88,91.4868,96.36,71,3.75,2.5,False
SILJ,29.08,BASING,0.0,0,16,16,30.49,29.36,113,weekly,0.96,72 bear-built-above · rel-vol 0.9x · regime FAVORABLE,False,16,29.08,28.6438,30.49,229,4.85,3.23,False
SIMO,239.5,BASING,0.0,0,18,18,272.22,267.96,427,daily,11.88,41 bear-built-above · rel-vol 1.7x · regime FAVORABLE,False,18,239.5,235.9075,272.22,27,13.66,9.11,False
SION,8.1,BASING,0.0,0,1,1,8.342,8.12,23,1m,0.25,1 bear-built-above · rel-vol 0.8x · regime FAVORABLE,False,1,8.1,7.9785,8.342,823,2.99,1.99,False
SITE,89.34,BASING,0.0,0,20,20,92.82,92.19,63,weekly,3.19,50 bear-built-above · rel-vol 1.7x · regime FAVORABLE,False,20,89.34,87.9999,92.82,74,3.9,2.6,False
SITM,565.0,BASING,0.0,0,19,19,628.5,595.0,3350,weekly,5.31,45 bear-built-above · rel-vol 1.4x · regime FAVORABLE,False,19,565.0,556.525,628.5,11,11.24,7.49,False
SKHY,175.29,BASING,0.0,0,20,20,184.67,175.63,904,weekly,0.19,31 bear-built-above · rel-vol 1.2x · regime FAVORABLE,False,20,175.29,172.6607,184.67,38,5.35,3.57,False
SKHZ,10.19,BASING,0.0,0,20,20,11.655,11.48,18,daily,12.66,rel-vol 0.9x · regime FAVORABLE,False,20,10.19,10.0371,11.655,654,14.38,9.58,False
SKUU,25.87,BASING,0.0,0,20,20,29.255,26.07,319,weekly,0.77,22 bear-built-above · rel-vol 0.9x · regime FAVORABLE,False,20,25.87,25.482,29.255,257,13.08,8.72,False
SKYQ,3.24,BASING,0.0,0,6,6,3.83,3.5,34,daily,8.02,5 bear-built-above · rel-vol 2.3x · regime FAVORABLE,False,6,3.24,3.1914,3.83,2057,18.21,12.14,False
SLDB,8.87,BASING,0.0,0,20,20,9.54,9.36,18,daily,5.52,31 bear-built-above · rel-vol 1.2x · regime FAVORABLE,False,21,8.87,8.7369,9.54,751,7.55,5.04,False
SLDE,26.35,BASING,0,0,0,0,,,,,0,rel-vol 2.2x · regime FAVORABLE,True,0,26.35,25.9548,28.985,253,10.0,6.67,False
SLNH,1.1305,BASING,0.0,0,17,17,1.19,1.15,5,weekly,1.72,21 bear-built-above · rel-vol 0.7x · regime FAVORABLE,False,17,1.1305,1.1135,1.19,5897,5.26,3.51,False
SLS,11.73,BASING,0.0,0,15,15,13.1893,13.176,2,45m,12.33,7 bear-built-above · rel-vol 1.3x · regime FAVORABLE,True,17,11.73,11.5541,13.1893,568,12.44,8.29,False
SM,39.1676,BASING,0.0,0,10,10,43.21,42.92,29,weekly,9.58,6 bear-built-above · rel-vol 1.3x · regime FAVORABLE,False,10,39.1676,38.5801,43.21,170,10.32,6.88,False
SMCI,36.66,BASING,0.0,0,13,13,39.665,37.43,224,weekly,2.1,28 bear-built-above · rel-vol 1.0x · regime FAVORABLE,False,14,36.66,36.1101,39.665,181,8.2,5.46,False
SMCIP,62.24,BASING,0.0,0,20,20,66.63,62.31,432,weekly,0.11,52 bear-built-above · rel-vol 0.8x · regime FAVORABLE,False,20,62.24,61.3064,66.63,107,7.05,4.7,False
SMCL,15.71,BASING,0.0,0,20,20,18.78,16.42,236,weekly,4.52,59 bear-built-above · rel-vol 0.8x · regime FAVORABLE,False,20,15.71,15.4744,18.78,424,19.54,13.03,False
SMCX,11.19,BASING,0.0,0,20,20,13.47,11.755,172,weekly,5.05,46 bear-built-above · rel-vol 0.8x · regime FAVORABLE,False,21,11.19,11.0221,13.47,595,20.38,13.58,False
SMMT,18.28,BASING,0.0,0,19,19,18.64,18.31,34,45m,0.16,19 bear-built-above · rel-vol 1.1x · regime FAVORABLE,False,22,18.28,18.0058,18.64,364,1.97,1.31,False
SMR,8.45,BASING,0.0,0,20,20,10.21,9.66,56,daily,14.32,20 bear-built-above · rel-vol 1.0x · regime FAVORABLE,False,20,8.45,8.3232,10.21,788,20.83,13.89,False
SMTC,147.99,BASING,0.0,0,20,20,162.89,155.31,758,daily,4.95,38 bear-built-above · rel-vol 0.9x · regime FAVORABLE,False,22,147.99,145.7702,162.89,45,10.07,6.71,False
SMTK,2.3,BASING,0.0,0,14,14,2.44,2.42,3,1h,5.22,12 bear-built-above · rel-vol 0.7x · regime FAVORABLE,False,14,2.3,2.2655,2.44,2898,6.09,4.06,False
SMU,4.75,BASING,0.0,0,19,19,4.96,4.81,16,weekly,1.26,47 bear-built-above · rel-vol 1.3x · regime FAVORABLE,False,19,4.75,4.6787,4.96,1403,4.42,2.95,False
SMWB,8.608,BASING,0.0,0,20,20,10.39,9.71,68,daily,12.8,20 bear-built-above · rel-vol 0.8x · regime FAVORABLE,False,21,8.608,8.4789,10.39,774,20.7,13.8,False
SN,169.8,BASING,0.0,0,20,20,174.41,172.67,175,daily,1.69,26 bear-built-above · rel-vol 1.1x · regime FAVORABLE,False,20,169.8,167.253,174.41,39,2.71,1.81,False
SNAP,5.76,BASING,0.0,0,10,10,6.05,6.03,2,1h,4.69,8 bear-built-above · rel-vol 0.8x · regime FAVORABLE,True,12,5.76,5.6736,6.05,1157,5.03,3.36,False
SNDK,1553.0,BASING,0.0,0,18,18,1751.3,1725.435,2587,daily,11.1,20 bear-built-above · rel-vol 0.8x · regime FAVORABLE,False,18,1553.0,1529.705,1751.3,4,12.77,8.51,False
SNDQ,14.47,BASING,0.0,0,15,15,15.46,14.76,71,daily,2.0,7 bear-built-above · rel-vol 0.9x · regime FAVORABLE,False,15,14.47,14.253,15.46,460,6.84,4.56,False
SNDU,21.2,BASING,0.0,0,20,20,23.52,21.22,231,weekly,0.09,32 bear-built-above · rel-vol 0.6x · regime FAVORABLE,False,20,21.2,20.882,23.52,314,10.94,7.3,False
SNK,15.45,BASING,0.0,0,14,14,17.57,17.56,2,4h,13.66,5 bear-built-above · rel-vol 0.8x · regime FAVORABLE,False,14,15.45,15.2182,17.57,431,13.72,9.15,False
SNOW,329.56,BASING,0.0,0,20,20,356.47,353.63,285,daily,7.3,33 bear-built-above · rel-vol 0.9x · regime FAVORABLE,False,21,329.56,324.6166,356.47,20,8.17,5.44,False
SNPS,380.22,BASING,0.0,0,17,17,604.37,427.8,17657,daily,12.51,58 bear-built-above · rel-vol 1.0x · regime FAVORABLE,False,17,380.22,374.5167,604.37,17,58.95,39.3,False
SNX,261.0,BASING,0.0,0,14,14,264.46,261.83,263,weekly,0.32,12 bear-built-above · rel-vol 1.2x · regime FAVORABLE,False,15,261.0,257.085,264.46,25,1.33,0.88,False
SNXX,13.71,BASING,0.0,0,20,20,15.27,13.73,154,weekly,0.15,16 bear-built-above · rel-vol 0.7x · regime FAVORABLE,False,20,13.71,13.5044,15.27,486,11.38,7.59,False
SNYR,0.0915,BASING,0.0,0,11,11,0.1025,0.1006,1,weekly,9.95,10 bear-built-above · rel-vol 0.2x · regime FAVORABLE,False,11,0.0915,0.0901,0.1025,72859,12.02,8.01,False
SOAR,0.1985,BASING,0.0,0,17,17,0.2219,0.2218,1,15m,11.74,13 bear-built-above · rel-vol 2.6x · regime FAVORABLE,False,17,0.1985,0.1955,0.2219,33585,11.79,7.86,False
SOC,5.1,BASING,0.0,0,3,3,5.31,5.305,1,5m,4.02,3 bear-built-above · rel-vol 1.0x · regime FAVORABLE,False,6,5.1,5.0235,5.31,1307,4.12,2.75,False
SOFI,17.45,BASING,0.0,0,20,20,18.01,17.97,5,daily,2.98,14 bear-built-above · rel-vol 0.8x · regime FAVORABLE,False,20,17.45,17.1883,18.01,382,3.21,2.14,False
SOLS,58.0675,BASING,0.0,0,19,19,61.53,60.11,143,weekly,3.52,65 bear-built-above · rel-vol 1.0x · regime FAVORABLE,False,19,58.0675,57.1965,61.53,114,5.96,3.98,False
SOLT,55.71,BASING,0.0,0,20,20,62.44,62.03,41,daily,11.34,41 bear-built-above · rel-vol 0.5x · regime FAVORABLE,False,20,55.71,54.8743,62.44,119,12.08,8.05,False
SOUN,6.36,BASING,0.0,0,20,20,7.11,7.015,10,weekly,10.3,20 bear-built-above · rel-vol 1.2x · regime FAVORABLE,False,20,6.36,6.2646,7.11,1048,11.79,7.86,False
SOXS,51.93,BASING,0.0,0,7,7,58.095,58.0,10,1h,11.69,rel-vol 1.2x · regime FAVORABLE,True,9,51.93,51.151,58.095,128,11.87,7.91,False
SPAL,16.69,BASING,0.0,0,20,20,16.71,16.7,2,1h,0.06,58 bear-built-above · rel-vol 0.9x · regime FAVORABLE,False,20,16.69,16.4397,16.71,399,0.12,0.08,False
SPAX,9.98,BASING,0.0,0,20,20,10.97,10.81,17,weekly,8.32,39 bear-built-above · rel-vol 0.9x · regime FAVORABLE,False,20,9.98,9.8303,10.97,668,9.92,6.61,False
SPCE,3.0,BASING,0.0,0,13,13,3.56,3.33,23,weekly,11.0,8 bear-built-above · rel-vol 1.0x · regime FAVORABLE,False,14,3.0,2.955,3.56,2222,18.67,12.44,False
SPCF,16.345,BASING,0.0,0,20,20,16.74,16.44,30,weekly,0.58,67 bear-built-above · rel-vol 0.6x · regime FAVORABLE,False,20,16.345,16.0998,16.74,407,2.42,1.61,False
SPCG,15.89,BASING,0.0,0,19,19,17.94,17.88,7,30m,12.52,29 bear-built-above · rel-vol 0.5x · regime FAVORABLE,False,19,15.89,15.6517,17.94,419,12.9,8.6,False
SPCH,9.84,BASING,0.0,0,19,19,10.88,10.73,16,weekly,9.04,22 bear-built-above · rel-vol 0.9x · regime FAVORABLE,False,20,9.84,9.6924,10.88,677,10.57,7.05,False
SPCX,148.25,BASING,0.0,0,17,17,160.42,158.92,150,daily,7.2,9 bear-built-above · rel-vol 0.9x · regime FAVORABLE,True,19,148.25,146.0263,160.42,44,8.21,5.47,False
SPHR,147.4,BASING,0.0,0,20,20,158.47,158.16,32,30m,7.3,13 bear-built-above · rel-vol 1.0x · regime FAVORABLE,False,21,147.4,145.189,158.47,45,7.51,5.01,False
SPOT,555.75,BASING,0.0,0,20,20,645.33,637.79,755,daily,14.76,6 bear-built-above · rel-vol 1.1x · regime FAVORABLE,False,22,555.75,547.4137,645.33,11,16.12,10.75,False
SPSC,83.11,BASING,0.0,0,20,20,87.7,86.92,79,4h,4.58,20 bear-built-above · rel-vol 1.4x · regime FAVORABLE,False,22,83.11,81.8633,87.7,80,5.52,3.68,False
SQM,69.73,BASING,0.0,0,20,20,79.78,76.43,335,daily,9.61,63 bear-built-above · rel-vol 1.0x · regime FAVORABLE,False,20,69.73,68.684,79.78,95,14.41,9.61,False
SRPT,20.89,BASING,0.0,0,13,13,36.18,21.26,1492,weekly,1.77,10 bear-built-above · rel-vol 0.7x · regime FAVORABLE,False,15,20.89,20.5767,36.18,319,73.19,48.8,False
SRRK,51.0,BASING,0.0,0,20,20,57.0,56.505,50,30m,10.79,41 bear-built-above · rel-vol 3.1x · regime FAVORABLE,False,22,51.0,50.235,57.0,130,11.76,7.84,False
SRXH,1.69,BASING,0.0,0,19,19,1.71,1.7,2,weekly,0.59,rel-vol 1.2x · regime FAVORABLE,True,20,1.69,1.6646,1.71,3944,1.18,0.79,False
SSL,14.55,BASING,0.0,0,9,9,14.8789,14.7856,10,5m,1.62,9 bear-built-above · rel-vol 1.0x · regime FAVORABLE,False,9,14.55,14.3318,14.8789,458,2.26,1.51,False
SSM,2.0,BASING,0.0,0,18,18,2.11,2.02,9,weekly,1.0,4 bear-built-above · rel-vol 0.0x · regime FAVORABLE,False,18,2.0,1.97,2.11,3333,5.5,3.67,False
SSPC,9.38,BASING,0.0,0,9,9,9.8093,9.8,1,15m,4.48,6 bear-built-above · rel-vol 0.9x · regime FAVORABLE,False,12,9.38,9.2393,9.8093,710,4.58,3.05,False
SSRM,34.5,BASING,0.0,0,17,17,36.24,34.91,134,weekly,1.19,55 bear-built-above · rel-vol 1.0x · regime FAVORABLE,False,18,34.5,33.9825,36.24,193,5.04,3.36,False
SST,3.2,BASING,0.0,0,12,12,3.42,3.41,1,weekly,6.56,6 bear-built-above · rel-vol 0.2x · regime FAVORABLE,False,12,3.2,3.152,3.42,2083,6.87,4.58,False
STEP,51.41,BASING,0.0,0,4,4,56.24,56.2,4,1h,9.32,2 bear-built-above · rel-vol 1.9x · regime FAVORABLE,True,4,51.41,50.6388,56.24,129,9.4,6.26,False
STIM,2.9,BASING,0.0,0,20,20,3.27,3.22,5,daily,11.03,17 bear-built-above · rel-vol 5.5x · regime FAVORABLE,True,20,2.9,2.8565,3.27,2298,12.76,8.51,False
STKH,2.13,BASING,0.0,0,20,20,2.45,2.4,6,weekly,12.68,31 bear-built-above · rel-vol 0.0x · regime FAVORABLE,False,20,2.13,2.098,2.45,3129,15.02,10.02,False
STLA,5.18,BASING,0.0,0,19,19,5.4,5.26,15,weekly,1.54,35 bear-built-above · rel-vol 1.0x · regime FAVORABLE,False,19,5.18,5.1023,5.4,1287,4.25,2.83,False
STLD,234.8,BASING,0.0,0,20,20,255.77,253.41,237,weekly,7.93,34 bear-built-above · rel-vol 0.9x · regime FAVORABLE,False,21,234.8,231.278,255.77,28,8.93,5.95,False
STM,48.09,BASING,0.0,0,16,16,64.76,54.4,1037,daily,13.12,41 bear-built-above · rel-vol 1.2x · regime FAVORABLE,False,16,48.09,47.3687,64.76,138,34.66,23.11,False
STNE,9.83,BASING,0.0,0,20,20,10.1,9.96,14,weekly,1.32,37 bear-built-above · rel-vol 0.5x · regime FAVORABLE,False,20,9.83,9.6825,10.1,678,2.75,1.83,False
STNG,85.46,BASING,0.0,0,7,7,86.18,86.17,2,1m,0.83,6 bear-built-above · rel-vol 1.2x · regime FAVORABLE,True,8,85.46,84.1781,86.18,78,0.84,0.56,False
STRL,472.2,BASING,0.0,0,20,20,493.76,472.87,2089,weekly,0.14,23 bear-built-above · rel-vol 1.4x · regime FAVORABLE,False,21,472.2,465.117,493.76,14,4.57,3.04,False
STUB,6.03,BASING,0.0,0,20,20,6.6,6.56,5,daily,8.79,34 bear-built-above · rel-vol 0.9x · regime FAVORABLE,False,20,6.03,5.9396,6.6,1105,9.45,6.3,False
STX,804.49,BASING,0.0,0,20,20,830.17,805.55,2463,weekly,0.13,22 bear-built-above · rel-vol 1.2x · regime FAVORABLE,False,22,804.49,792.4226,830.17,8,3.19,2.13,False
SUGP,0.71,BASING,0.0,0,16,16,0.8916,0.8001,10,daily,12.69,3 bear-built-above · rel-vol 0.2x · regime FAVORABLE,False,17,0.71,0.6993,0.8916,9389,25.58,17.05,False
SUNB,71.94,BASING,0.0,0,20,20,79.83,77.93,190,daily,8.33,16 bear-built-above · rel-vol 0.6x · regime FAVORABLE,False,20,71.94,70.8609,79.83,92,10.97,7.31,False
SUNE,3.12,BASING,0.0,0,12,12,3.37,3.2,17,daily,2.56,8 bear-built-above · rel-vol 0.1x · regime FAVORABLE,False,12,3.12,3.0732,3.37,2136,8.01,5.34,False
SURG,0.156,BASING,0.0,0,20,20,0.1731,0.1621,2,daily,3.88,25 bear-built-above · rel-vol 1.2x · regime FAVORABLE,False,20,0.156,0.1537,0.1731,42721,10.93,7.28,False
SVM,11.44,BASING,0.0,0,18,18,12.55,12.12,44,daily,5.94,26 bear-built-above · rel-vol 0.8x · regime FAVORABLE,False,19,11.44,11.2684,12.55,582,9.7,6.47,False
SW,43.75,BASING,0.0,0,20,20,48.29,47.35,94,weekly,8.23,13 bear-built-above · rel-vol 1.0x · regime FAVORABLE,False,20,43.75,43.0938,48.29,152,10.38,6.92,False
SWKS,78.77,BASING,0.0,0,20,20,95.59,90.4,519,daily,14.76,33 bear-built-above · rel-vol 1.7x · regime FAVORABLE,True,23,78.77,77.5884,95.59,84,21.35,14.24,False
SWVL,5.24,BASING,0.0,0,19,19,5.649,5.55,10,45m,5.92,17 bear-built-above · rel-vol 0.1x · regime FAVORABLE,False,19,5.24,5.1614,5.649,1272,7.81,5.2,False
SXTC,2.5,BASING,0.0,0,20,20,2.55,2.5237,3,4h,0.95,43 bear-built-above · rel-vol 0.2x · regime FAVORABLE,False,20,2.5,2.4625,2.55,2666,2.0,1.33,False
SYM,41.28,BASING,0.0,0,18,18,46.52,43.61,292,daily,5.64,30 bear-built-above · rel-vol 0.8x · regime FAVORABLE,False,18,41.28,40.6608,46.52,161,12.69,8.46,False
SYNA,95.06,BASING,0.0,0,19,19,99.57,95.74,383,weekly,0.72,31 bear-built-above · rel-vol 0.5x · regime FAVORABLE,False,19,95.06,93.6341,99.57,70,4.74,3.16,False
SYRE,90.8,BASING,0.0,0,16,16,107.36,93.605,1376,daily,3.09,2 bear-built-above · rel-vol 0.9x · regime FAVORABLE,False,16,90.8,89.438,107.36,73,18.24,12.16,False
T,26.3755,BASING,0.0,0,20,20,28.04,27.35,69,daily,3.69,20 bear-built-above · rel-vol 1.2x · regime FAVORABLE,False,21,26.3755,25.9799,28.04,252,6.31,4.21,False
TAL,11.6945,BASING,0.0,0,17,17,12.67,12.55,12,4h,7.32,14 bear-built-above · rel-vol 1.0x · regime FAVORABLE,False,17,11.6945,11.5191,12.67,570,8.34,5.56,False
TARS,79.45,BASING,0.0,0,20,20,87.22,86.31,91,daily,8.63,36 bear-built-above · rel-vol 0.9x · regime FAVORABLE,False,24,79.45,78.2583,87.22,83,9.78,6.52,False
TDC,29.09,BASING,0.0,0,5,5,31.15,29.91,124,4h,2.82,rel-vol 1.1x · regime FAVORABLE,True,7,29.09,28.6536,31.15,229,7.08,4.72,False
TDS,37.4,BASING,0.0,0,19,19,39.59,39.15,45,weekly,4.68,7 bear-built-above · rel-vol 0.9x · regime FAVORABLE,True,19,37.4,36.839,39.59,178,5.86,3.9,False
TDW,88.58,BASING,0.0,0,20,20,92.77,91.99,79,4h,3.85,37 bear-built-above · rel-vol 1.4x · regime FAVORABLE,True,20,88.58,87.2513,92.77,75,4.73,3.15,False
TE,4.4,BASING,0.0,0,18,18,4.91,4.71,21,daily,7.05,17 bear-built-above · rel-vol 0.8x · regime FAVORABLE,False,18,4.4,4.334,4.91,1515,11.59,7.73,False
TEAM,188.98,BASING,0.0,0,20,20,200.06,200.05,1,daily,5.86,29 bear-built-above · rel-vol 1.0x · regime FAVORABLE,True,22,188.98,186.1453,200.06,35,5.86,3.91,False
TECK,64.15,BASING,0.0,0,17,17,70.34,65.9,444,daily,2.73,26 bear-built-above · rel-vol 1.1x · regime FAVORABLE,False,19,64.15,63.1878,70.34,103,9.65,6.43,False
TECL,195.75,BASING,0.0,0,17,17,239.87,211.27,2860,daily,7.93,45 bear-built-above · rel-vol 1.7x · regime FAVORABLE,False,17,195.75,192.8137,239.87,34,22.54,15.03,False
TEL,203.37,BASING,0.0,0,20,20,243.18,221.04,2215,daily,8.69,25 bear-built-above · rel-vol 1.1x · regime FAVORABLE,False,21,203.37,200.3194,243.18,32,19.58,13.05,False
TEM,61.01,BASING,0.0,0,17,17,64.04,63.42,63,daily,3.95,24 bear-built-above · rel-vol 0.6x · regime FAVORABLE,False,20,61.01,60.0948,64.04,109,4.97,3.31,False
TEN,49.86,BASING,0,0,0,0,,,,,0,rel-vol 2.4x · regime FAVORABLE,True,0,49.86,49.1121,54.846,133,10.0,6.67,False
TENB,34.87,BASING,0.0,0,20,20,35.47,35.09,38,daily,0.63,11 bear-built-above · rel-vol 2.3x · regime FAVORABLE,False,21,34.87,34.3469,35.47,191,1.72,1.15,False
TER,328.92,BASING,0.0,0,17,17,365.03,347.115,1792,weekly,5.53,54 bear-built-above · rel-vol 1.9x · regime FAVORABLE,False,18,328.92,323.9862,365.03,20,10.98,7.32,False
TEX,58.68,BASING,0.0,0,19,19,60.82,59.06,176,weekly,0.65,53 bear-built-above · rel-vol 1.0x · regime FAVORABLE,False,19,58.68,57.7998,60.82,113,3.65,2.43,False
TFC,49.75,BASING,0.0,0,20,20,51.43,50.83,61,4h,2.17,36 bear-built-above · rel-vol 0.8x · regime FAVORABLE,False,23,49.75,49.0037,51.43,134,3.38,2.25,False
TFX,130.3,BASING,0.0,0,18,18,137.95,136.66,129,weekly,4.88,34 bear-built-above · rel-vol 1.7x · regime FAVORABLE,False,18,130.3,128.3455,137.95,51,5.87,3.91,False
TGB,7.75,BASING,0.0,0,17,17,8.14,7.84,31,weekly,1.16,30 bear-built-above · rel-vol 0.8x · regime FAVORABLE,False,17,7.75,7.6338,8.14,860,5.03,3.35,False
TGT,159.0,BASING,0.0,0,20,20,162.71,162.02,69,daily,1.9,26 bear-built-above · rel-vol 0.7x · regime FAVORABLE,True,20,159.0,156.615,162.71,41,2.33,1.56,False
TGTX,54.04,BASING,0.0,0,14,14,59.06,58.97,10,30m,9.12,12 bear-built-above · rel-vol 0.8x · regime FAVORABLE,False,14,54.04,53.2294,59.06,123,9.29,6.19,False
TH,18.55,BASING,0.0,0,20,20,19.55,19.2,36,daily,3.5,45 bear-built-above · rel-vol 0.8x · regime FAVORABLE,False,20,18.55,18.2718,19.55,359,5.39,3.59,False
THC,264.51,BASING,0.0,0,20,20,278.59,277.66,93,daily,4.97,10 bear-built-above · rel-vol 0.8x · regime FAVORABLE,False,21,264.51,260.5423,278.59,25,5.32,3.55,False
THO,73.36,BASING,0.0,0,20,20,77.85,77.24,61,daily,5.29,23 bear-built-above · rel-vol 1.3x · regime FAVORABLE,True,20,73.36,72.2596,77.85,90,6.12,4.08,False
TIGO,95.43,BASING,0.0,0,20,20,104.32,103.4,92,1h,8.35,15 bear-built-above · rel-vol 0.7x · regime FAVORABLE,False,20,95.43,93.9986,104.32,69,9.32,6.21,False
TKO,193.72,BASING,0.0,0,20,20,211.62,208.83,279,daily,7.8,31 bear-built-above · rel-vol 1.0x · regime FAVORABLE,False,21,193.72,190.8142,211.62,34,9.24,6.16,False
TLN,289.5,BASING,0.0,0,18,18,312.74,300.0,1275,weekly,3.63,48 bear-built-above · rel-vol 1.4x · regime FAVORABLE,False,19,289.5,285.1575,312.74,23,8.03,5.35,False
TLRY,4.1369,BASING,0.0,0,18,18,4.59,4.54,5,weekly,9.74,19 bear-built-above · rel-vol 1.2x · regime FAVORABLE,False,18,4.1369,4.0748,4.59,1611,10.95,7.3,False
TLYS,4.84,BASING,0.0,0,1,1,5.0,4.9901,1,10m,3.1,rel-vol 0.6x · regime FAVORABLE,True,1,4.84,4.7674,5.0,1377,3.31,2.2,False
TMC,3.88,BASING,0.0,0,16,16,4.28,4.17,12,daily,7.47,17 bear-built-above · rel-vol 0.7x · regime FAVORABLE,False,16,3.88,3.8218,4.28,1718,10.31,6.87,False
TMDX,87.0,BASING,0.0,0,18,18,95.07,94.07,100,30m,8.13,5 bear-built-above · rel-vol 1.4x · regime FAVORABLE,False,18,87.0,85.695,95.07,76,9.28,6.18,False
TMHC,72.45,BASING,0.0,0,2,2,73.87,73.47,41,daily,1.41,rel-vol 3.1x · regime FAVORABLE,False,3,72.45,71.3633,73.87,92,1.96,1.31,False
TNDM,16.8497,BASING,0.0,0,19,19,19.11,18.77,34,daily,11.4,23 bear-built-above · rel-vol 1.5x · regime FAVORABLE,False,19,16.8497,16.597,19.11,395,13.41,8.94,False
TNGX,24.54,BASING,0.0,0,16,16,26.285,26.26,3,1h,7.01,rel-vol 0.9x · regime FAVORABLE,True,16,24.54,24.1719,26.285,271,7.11,4.74,False
TNON,5.29,BASING,0.0,0,19,19,5.93,5.565,37,daily,5.2,29 bear-built-above · rel-vol 0.3x · regime FAVORABLE,False,19,5.29,5.2107,5.93,1260,12.1,8.07,False
TOI,5.185,BASING,0.0,0,16,16,5.35,5.27,9,weekly,1.64,rel-vol 0.7x · regime FAVORABLE,False,16,5.185,5.1072,5.35,1285,3.18,2.12,False
TOST,33.3,BASING,0.0,0,20,20,33.95,33.64,32,weekly,1.02,10 bear-built-above · rel-vol 0.8x · regime FAVORABLE,False,20,33.3,32.8005,33.95,200,1.95,1.3,False
TPET,1.96,BASING,0.0,0,17,17,2.16,2.1592,1,45m,10.16,14 bear-built-above · rel-vol 1.4x · regime FAVORABLE,False,17,1.96,1.9306,2.16,3401,10.2,6.8,False
TPG,47.98,BASING,0.0,0,20,20,52.65,52.15,50,weekly,8.69,37 bear-built-above · rel-vol 1.0x · regime FAVORABLE,False,22,47.98,47.2603,52.65,138,9.73,6.49,False
TPL,365.29,BASING,0.0,0,20,20,402.58,389.06,1352,weekly,6.51,53 bear-built-above · rel-vol 1.0x · regime FAVORABLE,False,20,365.29,359.8107,402.58,18,10.21,6.81,False
TREX,43.7,BASING,0.0,0,20,20,44.95,44.15,81,weekly,1.03,50 bear-built-above · rel-vol 1.1x · regime FAVORABLE,False,23,43.7,43.0445,44.95,152,2.86,1.91,False
TRI,105.0,BASING,0.0,0,20,20,106.21,105.68,53,weekly,0.65,1 bear-built-above · rel-vol 1.2x · regime FAVORABLE,True,22,105.0,103.425,106.21,63,1.15,0.77,False
TRMD,33.85,BASING,0.0,0,19,19,36.44,35.11,133,daily,3.72,28 bear-built-above · rel-vol 1.5x · regime FAVORABLE,False,19,33.85,33.3422,36.44,196,7.65,5.1,False
TRU,78.83,BASING,0.0,0,20,20,89.9,89.25,66,weekly,13.22,1 bear-built-above · rel-vol 1.1x · regime FAVORABLE,False,23,78.83,77.6475,89.9,84,14.04,9.36,False
TRUG,0.6097,BASING,0.0,0,7,7,0.6977,0.6975,1,1m,14.4,5 bear-built-above · rel-vol 0.6x · regime FAVORABLE,False,7,0.6097,0.6006,0.6977,10934,14.43,9.62,False
TSAT,49.11,BASING,0.0,0,20,20,50.55,49.3,125,daily,0.39,17 bear-built-above · rel-vol 0.8x · regime FAVORABLE,False,20,49.11,48.3734,50.55,135,2.93,1.95,False
TSCO,33.7244,BASING,0.0,0,20,20,38.17,37.755,42,daily,11.95,31 bear-built-above · rel-vol 0.8x · regime FAVORABLE,False,20,33.7244,33.2185,38.17,197,13.18,8.79,False
TSDD,8.07,BASING,0.0,0,20,20,8.29,8.13,16,weekly,0.74,20 bear-built-above · rel-vol 2.0x · regime FAVORABLE,False,22,8.07,7.9489,8.29,826,2.73,1.82,False
TSEM,192.52,BASING,0.0,0,18,18,211.52,197.22,1431,weekly,2.44,41 bear-built-above · rel-vol 1.3x · regime FAVORABLE,True,18,192.52,189.6322,211.52,34,9.87,6.58,False
TSHA,5.1,BASING,0.0,0,20,20,5.77,5.7,7,weekly,11.76,35 bear-built-above · rel-vol 2.7x · regime FAVORABLE,False,25,5.1,5.0235,5.77,1307,13.14,8.76,False
TSLA,357.2,BASING,0.0,0,17,17,391.06,381.78,929,daily,6.88,24 bear-built-above · rel-vol 0.8x · regime FAVORABLE,False,17,357.2,351.842,391.06,18,9.48,6.32,False
TSLG,4.6003,BASING,0.0,0,20,20,4.78,4.67,12,daily,1.52,31 bear-built-above · rel-vol 1.2x · regime FAVORABLE,False,20,4.6003,4.5313,4.78,1449,3.91,2.6,False
TSLL,9.28,BASING,0.0,0,16,16,9.64,9.4,25,daily,1.29,12 bear-built-above · rel-vol 0.6x · regime FAVORABLE,False,16,9.28,9.1408,9.64,718,3.88,2.59,False
TSLQ,19.28,BASING,0.0,0,18,18,19.71,19.36,36,weekly,0.41,28 bear-built-above · rel-vol 0.9x · regime FAVORABLE,False,18,19.28,18.9908,19.71,345,2.23,1.49,False
TSLT,12.89,BASING,0.0,0,20,20,13.41,13.08,34,daily,1.47,40 bear-built-above · rel-vol 0.7x · regime FAVORABLE,False,20,12.89,12.6966,13.41,517,4.03,2.69,False
TTAN,58.36,BASING,0.0,0,13,13,61.005,60.8701,14,45m,4.3,13 bear-built-above · rel-vol 1.9x · regime FAVORABLE,False,13,58.36,57.4846,61.005,114,4.53,3.02,False
TTD,14.75,BASING,0.0,0,10,10,15.61,15.585,3,30m,5.66,7 bear-built-above · rel-vol 1.1x · regime FAVORABLE,False,10,14.75,14.5288,15.61,451,5.83,3.89,False
TTMI,113.22,BASING,0.0,0,18,18,126.44,117.61,883,weekly,3.88,35 bear-built-above · rel-vol 1.2x · regime FAVORABLE,False,18,113.22,111.5217,126.44,58,11.68,7.78,False
TTWO,221.48,BASING,0.0,0,20,20,235.39,233.56,183,weekly,5.45,24 bear-built-above · rel-vol 0.8x · regime FAVORABLE,False,22,221.48,218.1578,235.39,30,6.28,4.19,False
TVTX,65.85,BASING,0.0,0,20,20,66.75,66.71,5,30m,1.31,29 bear-built-above · rel-vol 0.8x · regime FAVORABLE,True,20,65.85,64.8622,66.75,101,1.37,0.91,False
TWLO,230.3,BASING,0.0,0,20,20,245.825,245.51,32,45m,6.6,7 bear-built-above · rel-vol 0.8x · regime FAVORABLE,True,20,230.3,226.8455,245.825,28,6.74,4.49,False
TWST,131.0,BASING,0.0,0,20,20,141.38,139.99,139,weekly,6.86,7 bear-built-above · rel-vol 1.1x · regime FAVORABLE,False,20,131.0,129.035,141.38,50,7.92,5.28,False
TXG,70.02,BASING,0.0,0,2,2,71.54,70.11,144,5m,0.13,2 bear-built-above · rel-vol 1.2x · regime FAVORABLE,True,2,70.02,68.9697,71.54,95,2.17,1.45,False
TYL,359.54,BASING,0.0,0,20,20,379.27,372.03,725,daily,3.47,5 bear-built-above · rel-vol 0.8x · regime FAVORABLE,False,21,359.54,354.1469,379.27,18,5.49,3.66,False
TYRA,25.04,BASING,0.0,0,17,17,25.48,25.25,24,1h,0.84,24 bear-built-above · rel-vol 2.0x · regime FAVORABLE,False,17,25.04,24.6644,25.48,266,1.76,1.17,False
TZA,44.21,BASING,0.0,0,9,9,45.7,45.6,11,daily,3.14,6 bear-built-above · rel-vol 1.5x · regime FAVORABLE,True,11,44.21,43.5468,45.7,150,3.37,2.25,False
UAA,5.0,BASING,0.0,0,19,19,5.87,5.6,28,daily,12.0,12 bear-built-above · rel-vol 1.1x · regime FAVORABLE,False,19,5.0,4.925,5.87,1333,17.4,11.6,False
UBER,72.09,BASING,0.0,0,19,19,78.82,78.17,65,weekly,8.43,30 bear-built-above · rel-vol 1.1x · regime FAVORABLE,False,20,72.09,71.0087,78.82,92,9.34,6.22,False
UCO,53.13,BASING,0,0,0,0,,,,,0,rel-vol 1.5x · regime FAVORABLE,True,2,53.13,52.3331,58.443,125,10.0,6.67,False
UCTT,66.39,BASING,0.0,0,17,17,74.04,68.12,593,weekly,2.61,33 bear-built-above · rel-vol 0.8x · regime FAVORABLE,False,17,66.39,65.3941,74.04,100,11.52,7.68,False
UEC,10.25,BASING,0.0,0,17,17,10.45,10.26,19,weekly,0.1,34 bear-built-above · rel-vol 1.1x · regime FAVORABLE,False,17,10.25,10.0962,10.45,650,1.95,1.3,False
UGI,37.27,BASING,0.0,0,20,20,40.39,39.95,44,4h,7.19,35 bear-built-above · rel-vol 0.8x · regime FAVORABLE,False,21,37.27,36.711,40.39,178,8.37,5.58,False
UHS,173.25,BASING,0.0,0,20,20,175.5857,175.02,57,1h,1.02,20 bear-built-above · rel-vol 1.0x · regime FAVORABLE,False,23,173.25,170.6513,175.5857,38,1.35,0.9,False
ULCC,5.63,BASING,0.0,0,20,20,6.35,6.22,13,daily,10.48,16 bear-built-above · rel-vol 0.9x · regime FAVORABLE,False,22,5.63,5.5455,6.35,1184,12.79,8.53,False
ULTA,548.65,BASING,0.0,0,16,16,624.7,566.28,5843,daily,3.21,12 bear-built-above · rel-vol 0.6x · regime FAVORABLE,False,16,548.65,540.4203,624.7,12,13.86,9.24,False
UMAC,22.8,BASING,0.0,0,20,20,24.32,23.85,47,daily,4.61,24 bear-built-above · rel-vol 0.5x · regime FAVORABLE,False,21,22.8,22.458,24.32,292,6.67,4.44,False
UNG,10.41,BASING,0.0,0,20,20,11.87,11.58,29,weekly,11.24,11 bear-built-above · rel-vol 1.6x · regime FAVORABLE,False,20,10.41,10.2538,11.87,640,14.02,9.35,False
UNM,94.92,BASING,0.0,0,12,12,95.85,95.15,70,45m,0.24,5 bear-built-above · rel-vol 2.1x · regime FAVORABLE,False,12,94.92,93.4962,95.85,70,0.98,0.65,False
UPC,4.5267,BASING,0.0,0,6,6,4.9,4.78,13,weekly,5.6,4 bear-built-above · rel-vol 0.5x · regime FAVORABLE,False,6,4.5267,4.4588,4.9,1472,8.25,5.5,False
UPST,25.94,BASING,0.0,0,18,18,29.08,28.62,46,weekly,10.33,35 bear-built-above · rel-vol 1.2x · regime FAVORABLE,False,18,25.94,25.5509,29.08,257,12.1,8.07,False
UPWK,8.68,BASING,0.0,0,20,20,10.215,8.82,140,daily,1.61,7 bear-built-above · rel-vol 1.5x · regime FAVORABLE,False,20,8.68,8.5498,10.215,768,17.68,11.79,False
URA,42.05,BASING,0.0,0,16,16,43.53,42.245,129,weekly,0.46,47 bear-built-above · rel-vol 1.2x · regime FAVORABLE,False,16,42.05,41.4192,43.53,158,3.52,2.35,False
URBN,77.01,BASING,0.0,0,20,20,78.58,77.43,115,weekly,0.55,27 bear-built-above · rel-vol 0.7x · regime FAVORABLE,True,24,77.01,75.8548,78.58,86,2.04,1.36,False
URGN,42.64,BASING,0.0,0,20,20,45.25,44.5,75,1h,4.36,55 bear-built-above · rel-vol 0.6x · regime FAVORABLE,False,20,42.64,42.0004,45.25,156,6.12,4.08,False
URNM,50.7,BASING,0.0,0,18,18,52.38,51.18,121,weekly,0.95,68 bear-built-above · rel-vol 0.8x · regime FAVORABLE,False,18,50.7,49.9395,52.38,131,3.31,2.21,False
USAR,15.5,BASING,0.0,0,17,17,17.61,17.49,13,weekly,12.84,35 bear-built-above · rel-vol 0.8x · regime FAVORABLE,False,18,15.5,15.2675,17.61,430,13.61,9.08,False
USB,62.51,BASING,0.0,0,20,20,62.84,62.8,5,weekly,0.46,7 bear-built-above · rel-vol 1.4x · regime FAVORABLE,False,23,62.51,61.5724,62.84,106,0.53,0.35,False
USDE,7.0801,BASING,0.0,0,20,20,7.28,7.26,3,4h,2.54,24 bear-built-above · rel-vol 0.2x · regime FAVORABLE,False,20,7.0801,6.9739,7.28,941,2.82,1.88,False
UUUU,12.2985,BASING,0.0,0,19,19,12.95,12.54,42,weekly,1.96,42 bear-built-above · rel-vol 1.4x · regime FAVORABLE,False,19,12.2985,12.114,12.95,542,5.3,3.53,False
UVIX,41.25,BASING,0.0,0,20,20,43.62,43.05,58,weekly,4.36,16 bear-built-above · rel-vol 1.7x · regime FAVORABLE,False,20,41.25,40.6313,43.62,161,5.75,3.83,False
UWMC,1.3307,BASING,0.0,0,15,15,1.47,1.46,2,weekly,9.72,11 bear-built-above · rel-vol 1.2x · regime FAVORABLE,False,15,1.3307,1.3107,1.47,5009,10.47,6.98,False
UXRP,15.63,BASING,0.0,0,20,20,16.33,16.3,3,4h,4.29,30 bear-built-above · rel-vol 0.8x · regime FAVORABLE,False,20,15.63,15.3956,16.33,426,4.48,2.99,False
V,374.14,BASING,0.0,0,19,19,383.9,381.14,276,daily,1.87,15 bear-built-above · rel-vol 1.0x · regime FAVORABLE,False,21,374.14,368.5279,383.9,17,2.61,1.74,False
VAC,102.14,BASING,0.0,0,20,20,106.62,105.51,111,weekly,3.3,46 bear-built-above · rel-vol 0.6x · regime FAVORABLE,False,20,102.14,100.6079,106.62,65,4.39,2.92,False
VAL,81.27,BASING,0.0,0,18,18,96.33,93.02,332,daily,14.46,31 bear-built-above · rel-vol 1.1x · regime FAVORABLE,False,18,81.27,80.051,96.33,82,18.53,12.35,False
VALE,14.51,BASING,0.0,0,16,16,15.23,14.77,47,weekly,1.79,58 bear-built-above · rel-vol 0.7x · regime FAVORABLE,False,16,14.51,14.2923,15.23,459,4.96,3.31,False
VBIO,2.2659,BASING,0.0,0,20,20,2.5,2.4,11,daily,5.92,28 bear-built-above · rel-vol 0.3x · regime FAVORABLE,False,21,2.2659,2.2319,2.5,2942,10.33,6.89,False
VCTR,109.08,BASING,0.0,0,20,20,113.73,112.38,136,weekly,3.03,18 bear-built-above · rel-vol 1.3x · regime FAVORABLE,True,20,109.08,107.4438,113.73,61,4.26,2.84,False
VCX,32.65,BASING,0.0,0,20,20,39.84,36.88,297,weekly,12.96,37 bear-built-above · rel-vol 0.6x · regime FAVORABLE,False,20,32.65,32.1602,39.84,204,22.02,14.68,False
VCYT,41.21,BASING,0.0,0,20,20,42.33,41.81,52,weekly,1.46,21 bear-built-above · rel-vol 0.8x · regime FAVORABLE,False,20,41.21,40.5919,42.33,161,2.72,1.81,False
VEEV,262.39,BASING,0.0,0,19,19,274.79,271.62,318,weekly,3.52,16 bear-built-above · rel-vol 0.8x · regime FAVORABLE,False,23,262.39,258.4541,274.79,25,4.73,3.15,False
VELO,9.91,BASING,0.0,0,20,20,10.53,10.06,47,weekly,1.51,44 bear-built-above · rel-vol 0.8x · regime FAVORABLE,False,20,9.91,9.7614,10.53,672,6.26,4.17,False
VERA,34.5,BASING,0.0,0,20,20,39.12,38.5,62,daily,11.59,9 bear-built-above · rel-vol 0.9x · regime FAVORABLE,False,20,34.5,33.9825,39.12,193,13.39,8.93,False
VFC,13.14,BASING,0.0,0,18,18,13.67,13.51,17,weekly,2.82,3 bear-built-above · rel-vol 1.2x · regime FAVORABLE,False,18,13.14,12.9429,13.67,507,4.03,2.69,False
VG,15.39,BASING,0.0,0,17,17,16.89,16.02,88,daily,4.09,13 bear-built-above · rel-vol 1.4x · regime FAVORABLE,True,18,15.39,15.1592,16.89,433,9.75,6.5,False
VICR,185.18,BASING,0.0,0,17,17,203.64,202.0,164,daily,9.08,19 bear-built-above · rel-vol 1.1x · regime FAVORABLE,False,17,185.18,182.4023,203.64,36,9.97,6.65,False
VIRT,59.09,BASING,0.0,0,20,20,64.43,63.88,56,weekly,8.11,54 bear-built-above · rel-vol 0.5x · regime FAVORABLE,False,21,59.09,58.2037,64.43,112,9.04,6.02,False
VISN,6.428,BASING,0.0,0,14,14,11.61,6.8,481,daily,5.79,8 bear-built-above · rel-vol 1.1x · regime FAVORABLE,False,14,6.428,6.3316,11.61,1037,80.62,53.74,False
VIST,77.0,BASING,0.0,0,16,16,78.35,78.3,5,5m,1.69,16 bear-built-above · rel-vol 1.0x · regime FAVORABLE,True,17,77.0,75.845,78.35,86,1.75,1.17,False
VIVK,0.71,BASING,0.0,0,20,20,0.7872,0.77,2,weekly,8.45,15 bear-built-above · rel-vol 0.1x · regime FAVORABLE,False,20,0.71,0.6993,0.7872,9389,10.87,7.25,False
VKTX,31.53,BASING,0.0,0,20,20,31.98,31.7,29,weekly,0.54,44 bear-built-above · rel-vol 1.0x · regime FAVORABLE,False,20,31.53,31.0571,31.98,211,1.43,0.95,False
VLN,1.61,BASING,0.0,0,20,20,1.91,1.83,8,daily,13.66,33 bear-built-above · rel-vol 0.8x · regime FAVORABLE,False,20,1.61,1.5858,1.91,4140,18.63,12.42,False
VLO,385.1,BASING,0.0,0,7,7,393.31,393.15,17,5m,2.09,7 bear-built-above · rel-vol 1.9x · regime FAVORABLE,True,7,385.1,379.3235,393.31,17,2.13,1.42,False
VMAR,7.51,BASING,0.0,0,20,20,8.28,8.12,17,daily,8.12,17 bear-built-above · rel-vol 0.2x · regime FAVORABLE,False,20,7.51,7.3973,8.28,887,10.25,6.84,False
VNET,6.2,BASING,0.0,0,20,20,7.75,7.0,75,daily,12.9,42 bear-built-above · rel-vol 0.5x · regime FAVORABLE,False,20,6.2,6.107,7.75,1075,25.0,16.67,False
VOGX,32.275,BASING,0.0,0,20,20,32.97,32.72,25,30m,1.38,22 bear-built-above · rel-vol 0.5x · regime FAVORABLE,False,20,32.275,31.7909,32.97,206,2.15,1.44,False
VOYG,33.61,BASING,0.0,0,20,20,38.4,37.88,52,weekly,12.7,26 bear-built-above · rel-vol 0.8x · regime FAVORABLE,False,24,33.61,33.1058,38.4,198,14.25,9.5,False
VPG,60.65,BASING,0.0,0,20,20,63.74,62.36,139,weekly,2.82,57 bear-built-above · rel-vol 0.8x · regime FAVORABLE,False,20,60.65,59.7402,63.74,109,5.09,3.4,False
VRNS,47.74,BASING,0.0,0,3,3,48.63,47.75,89,1h,0.02,rel-vol 1.7x · regime FAVORABLE,False,4,47.74,47.0239,48.63,139,1.86,1.24,False
VRSN,299.6,BASING,0.0,0,14,14,306.86,305.3,157,daily,1.9,11 bear-built-above · rel-vol 1.0x · regime FAVORABLE,False,14,299.6,295.106,306.86,22,2.42,1.62,False
VRT,236.2575,BASING,0.0,0,18,18,257.06,237.39,1968,weekly,0.48,39 bear-built-above · rel-vol 2.1x · regime FAVORABLE,True,18,236.2575,232.7136,257.06,28,8.81,5.87,False
VSAT,71.68,BASING,0.0,0,20,20,81.41,77.52,390,daily,8.15,41 bear-built-above · rel-vol 0.7x · regime FAVORABLE,False,20,71.68,70.6048,81.41,93,13.57,9.05,False
VSEC,187.61,BASING,0.0,0,19,19,194.98,188.64,635,weekly,0.55,57 bear-built-above · rel-vol 0.9x · regime FAVORABLE,False,19,187.61,184.7959,194.98,35,3.93,2.62,False
VSH,30.6,BASING,0.0,0,20,20,32.09,31.17,93,weekly,1.86,44 bear-built-above · rel-vol 0.7x · regime FAVORABLE,False,20,30.6,30.141,32.09,217,4.87,3.25,False
VSNT,37.565,BASING,0.0,0,20,20,38.61,38.38,23,weekly,2.17,22 bear-built-above · rel-vol 0.9x · regime FAVORABLE,False,21,37.565,37.0015,38.61,177,2.78,1.85,False
VST,140.58,BASING,0.0,0,18,18,148.38,144.0,438,weekly,2.43,56 bear-built-above · rel-vol 1.2x · regime FAVORABLE,False,18,140.58,138.4713,148.38,47,5.55,3.7,False
VSXY,74.5209,BASING,0.0,0,20,20,84.01,76.86,716,daily,3.14,30 bear-built-above · rel-vol 1.0x · regime FAVORABLE,False,20,74.5209,73.4031,84.01,89,12.73,8.49,False
VUZI,2.4719,BASING,0.0,0,20,20,2.9,2.785,12,4h,12.67,25 bear-built-above · rel-vol 0.6x · regime FAVORABLE,False,22,2.4719,2.4348,2.9,2696,17.32,11.55,False
VVOS,0.1678,BASING,0.0,0,20,20,0.196,0.1686,3,daily,0.48,28 bear-built-above · rel-vol 0.0x · regime FAVORABLE,False,20,0.1678,0.1653,0.196,39729,16.81,11.2,False
VZ,51.12,BASING,0.0,0,12,12,51.375,51.37,1,45m,0.49,12 bear-built-above · rel-vol 1.0x · regime FAVORABLE,False,13,51.12,50.3532,51.375,130,0.5,0.33,False
WAY,24.9,BASING,0.0,0,20,20,25.07,25.0,8,weekly,0.4,4 bear-built-above · rel-vol 1.5x · regime FAVORABLE,False,21,24.9,24.5265,25.07,267,0.68,0.46,False
WBD,28.0413,BASING,0.0,0,5,5,29.71,29.46,25,daily,5.06,1 bear-built-above · rel-vol 0.8x · regime FAVORABLE,True,5,28.0413,27.6207,29.71,237,5.95,3.97,False
WCC,336.73,BASING,0.0,0,20,20,355.47,342.12,1336,weekly,1.6,27 bear-built-above · rel-vol 1.2x · regime FAVORABLE,False,20,336.73,331.6791,355.47,19,5.57,3.71,False
WDAY,193.6001,BASING,0.0,0,20,20,218.73,217.7401,99,4h,12.47,8 bear-built-above · rel-vol 0.8x · regime FAVORABLE,False,22,193.6001,190.6961,218.73,34,12.98,8.65,False
WDC,426.9,BASING,0.0,0,18,18,447.18,426.94,2025,weekly,0.01,53 bear-built-above · rel-vol 1.2x · regime FAVORABLE,False,18,426.9,420.4965,447.18,15,4.75,3.17,False
WDCX,15.45,BASING,0.0,0,18,18,17.13,15.52,161,weekly,0.45,32 bear-built-above · rel-vol 1.0x · regime FAVORABLE,False,18,15.45,15.2182,17.13,431,10.87,7.25,False
WEN,7.62,BASING,0.0,0,20,20,9.04,7.865,118,daily,3.22,18 bear-built-above · rel-vol 0.7x · regime FAVORABLE,False,20,7.62,7.5057,9.04,874,18.64,12.42,False
WERN,37.58,BASING,0.0,0,12,12,39.82,39.56,26,daily,5.27,8 bear-built-above · rel-vol 1.0x · regime FAVORABLE,False,15,37.58,37.0163,39.82,177,5.96,3.97,False
WETO,2.29,BASING,0.0,0,12,12,2.55,2.44,11,weekly,6.55,11 bear-built-above · rel-vol 0.1x · regime FAVORABLE,False,12,2.29,2.2557,2.55,2911,11.35,7.57,False
WFC,88.9597,BASING,0.0,0,20,20,95.81,94.96,86,daily,6.74,31 bear-built-above · rel-vol 1.2x · regime FAVORABLE,True,22,88.9597,87.6253,95.81,74,7.7,5.13,False
WFF,1.96,BASING,0.0,0,17,17,2.03,1.97,6,weekly,0.51,17 bear-built-above · rel-vol 0.0x · regime FAVORABLE,False,17,1.96,1.9306,2.03,3401,3.57,2.38,False
WFRD,84.48,BASING,0.0,0,19,19,88.85,87.66,119,weekly,3.76,36 bear-built-above · rel-vol 1.3x · regime FAVORABLE,False,19,84.48,83.2128,88.85,78,5.17,3.45,False
WGMI,45.15,BASING,0.0,0,18,18,51.46,50.82,65,weekly,12.56,34 bear-built-above · rel-vol 1.3x · regime FAVORABLE,False,18,45.15,44.4727,51.46,147,13.98,9.32,False
WGS,89.5,BASING,0.0,0,6,6,91.88,91.665,22,4h,2.42,rel-vol 1.1x · regime FAVORABLE,False,7,89.5,88.1575,91.88,74,2.66,1.77,False
WHD,67.04,BASING,0.0,0,20,20,73.72,72.46,127,daily,8.08,47 bear-built-above · rel-vol 1.0x · regime FAVORABLE,False,20,67.04,66.0344,73.72,99,9.96,6.64,False
WHR,34.0,BASING,0.0,0,20,20,39.3,39.08,22,weekly,14.94,52 bear-built-above · rel-vol 1.5x · regime FAVORABLE,False,20,34.0,33.49,39.3,196,15.59,10.39,False
WING,114.71,BASING,0.0,0,20,20,121.5,120.7,80,1h,5.22,5 bear-built-above · rel-vol 1.3x · regime FAVORABLE,False,20,114.71,112.9893,121.5,58,5.92,3.95,False
WIX,83.33,BASING,0.0,0,16,16,92.58,92.46,13,1h,10.96,19 bear-built-above · rel-vol 1.3x · regime FAVORABLE,False,16,83.33,82.08,92.58,80,11.1,7.4,False
WK,73.49,BASING,0.0,0,20,20,76.55,75.3,125,weekly,2.46,7 bear-built-above · rel-vol 1.4x · regime FAVORABLE,False,21,73.49,72.3876,76.55,90,4.16,2.78,False
WLK,69.57,BASING,0.0,0,20,20,74.75,72.7,205,daily,4.5,46 bear-built-above · rel-vol 1.4x · regime FAVORABLE,False,20,69.57,68.5264,74.75,95,7.45,4.96,False
WLTH,10.7332,BASING,0.0,0,1,1,12.46,12.27,20,1h,14.32,rel-vol 1.6x · regime FAVORABLE,False,2,10.7332,10.5722,12.46,621,16.09,10.73,False
WLY,48.43,BASING,0.0,0,16,16,55.72,54.2,152,4h,11.91,6 bear-built-above · rel-vol 0.9x · regime FAVORABLE,False,16,48.43,47.7035,55.72,137,15.05,10.04,False
WMB,71.91,BASING,0.0,0,20,20,72.85,72.51,34,weekly,0.83,25 bear-built-above · rel-vol 1.2x · regime FAVORABLE,False,20,71.91,70.8314,72.85,92,1.31,0.87,False
WMG,29.5,BASING,0.0,0,12,12,30.8,30.62,18,daily,3.8,5 bear-built-above · rel-vol 1.1x · regime FAVORABLE,False,14,29.5,29.0575,30.8,225,4.41,2.94,False
WMS,125.33,BASING,0.0,0,18,18,136.99,135.76,124,weekly,8.32,47 bear-built-above · rel-vol 1.3x · regime FAVORABLE,False,18,125.33,123.45,136.99,53,9.3,6.2,False
WMT,108.61,BASING,0.0,0,16,16,130.85,124.408,645,daily,14.55,17 bear-built-above · rel-vol 0.8x · regime FAVORABLE,False,16,108.61,106.9809,130.85,61,20.48,13.65,False
WNC,12.41,BASING,0.0,0,20,20,13.61,13.46,15,daily,8.46,37 bear-built-above · rel-vol 1.6x · regime FAVORABLE,False,20,12.41,12.2239,13.61,537,9.67,6.45,False
WNW,2.38,BASING,0.0,0,15,15,2.79,2.64,15,daily,10.92,4 bear-built-above · rel-vol 0.0x · regime FAVORABLE,False,15,2.38,2.3443,2.79,2801,17.23,11.48,False
WOLF,23.84,BASING,0.0,0,20,20,25.92,24.0,193,weekly,0.67,42 bear-built-above · rel-vol 0.8x · regime FAVORABLE,False,23,23.84,23.4824,25.92,279,8.72,5.82,False
WPM,148.67,BASING,0.0,0,20,20,154.12,149.67,446,weekly,0.67,45 bear-built-above · rel-vol 0.7x · regime FAVORABLE,False,21,148.67,146.4399,154.12,44,3.67,2.44,False
WRBY,25.71,BASING,0.0,0,20,20,29.27,26.96,231,daily,4.86,rel-vol 1.5x · regime FAVORABLE,False,20,25.71,25.3243,29.27,259,13.85,9.23,False
WSHP,5.4003,BASING,0.0,0,7,7,6.24,6.1,15,1h,12.96,2 bear-built-above · rel-vol 0.1x · regime FAVORABLE,False,7,5.4003,5.3193,6.24,1234,15.55,10.37,False
WSM,230.0,BASING,0.0,0,20,20,235.09,232.06,304,weekly,0.9,rel-vol 0.8x · regime FAVORABLE,False,22,230.0,226.55,235.09,28,2.21,1.48,False
WSO,310.0,BASING,0.0,0,17,17,364.37,343.18,2119,daily,10.7,17 bear-built-above · rel-vol 1.0x · regime FAVORABLE,False,17,310.0,305.35,364.37,21,17.54,11.69,False
WST,355.2,BASING,0.0,0,4,4,392.88,390.43,245,1h,9.92,1 bear-built-above · rel-vol 1.4x · regime FAVORABLE,True,5,355.2,349.872,392.88,18,10.61,7.07,False
WTI,4.0293,BASING,0.0,0,12,12,4.2297,4.2205,1,30m,4.75,11 bear-built-above · rel-vol 1.8x · regime FAVORABLE,True,12,4.0293,3.9689,4.2297,1654,4.97,3.32,False
WTS,351.93,BASING,0.0,0,20,20,384.42,383.68,75,weekly,9.02,28 bear-built-above · rel-vol 1.1x · regime FAVORABLE,False,20,351.93,346.651,384.42,18,9.23,6.15,False
WU,7.02,BASING,0.0,0,19,19,7.69,7.085,61,daily,0.93,27 bear-built-above · rel-vol 0.7x · regime FAVORABLE,False,19,7.02,6.9147,7.69,949,9.54,6.36,False
WULF,15.27,BASING,0.0,0,19,19,16.74,15.53,121,weekly,1.7,26 bear-built-above · rel-vol 1.2x · regime FAVORABLE,False,19,15.27,15.0409,16.74,436,9.63,6.42,False
WVVIP,2.78,BASING,0.0,0,6,6,3.31,3.15,17,daily,13.31,4 bear-built-above · rel-vol 0.0x · regime FAVORABLE,False,6,2.78,2.7383,3.31,2398,19.06,12.71,False
WWD,324.67,BASING,0.0,0,18,18,385.42,358.01,2742,daily,10.27,42 bear-built-above · rel-vol 2.0x · regime FAVORABLE,False,18,324.67,319.8,385.42,20,18.71,12.47,False
WYFI,17.67,BASING,0.0,0,20,20,19.14,17.81,134,weekly,0.79,49 bear-built-above · rel-vol 0.6x · regime FAVORABLE,False,21,17.67,17.405,19.14,377,8.32,5.55,False
WYHG,4.32,BASING,0.0,0,19,19,4.97,4.88,9,15m,12.96,22 bear-built-above · rel-vol 0.0x · regime FAVORABLE,False,19,4.32,4.2552,4.97,1543,15.05,10.03,False
XE,15.65,BASING,0.0,0,17,17,17.26,16.98,29,daily,8.5,19 bear-built-above · rel-vol 1.4x · regime FAVORABLE,False,17,15.65,15.4153,17.26,425,10.29,6.86,False
XENE,58.25,BASING,0.0,0,20,20,59.75,58.95,80,weekly,1.2,2 bear-built-above · rel-vol 0.6x · regime FAVORABLE,False,20,58.25,57.3762,59.75,114,2.58,1.72,False
XHLD,8.67,BASING,0.0,0,18,18,8.91,8.815,10,45m,1.67,18 bear-built-above · rel-vol 1.8x · regime FAVORABLE,False,18,8.67,8.5399,8.91,768,2.77,1.85,False
XME,110.2,BASING,0.0,0,20,20,113.63,111.22,241,weekly,0.93,70 bear-built-above · rel-vol 0.9x · regime FAVORABLE,False,20,110.2,108.547,113.63,60,3.11,2.08,False
XMTR,85.03,BASING,0.0,0,19,19,86.11,85.27,85,weekly,0.28,63 bear-built-above · rel-vol 1.0x · regime FAVORABLE,False,19,85.03,83.7545,86.11,78,1.27,0.85,False
XNCR,24.53,BASING,0.0,0,20,20,25.33,25.12,21,daily,2.41,21 bear-built-above · rel-vol 0.6x · regime FAVORABLE,False,20,24.53,24.1621,25.33,271,3.26,2.17,False
XNDU,8.04,BASING,0.0,0,18,18,8.62,8.37,25,weekly,4.1,33 bear-built-above · rel-vol 1.3x · regime FAVORABLE,False,18,8.04,7.9194,8.62,829,7.21,4.81,False
XOM,166.0,BASING,0.0,0,7,7,168.78,168.7,9,30m,1.63,6 bear-built-above · rel-vol 1.0x · regime FAVORABLE,False,10,166.0,163.51,168.78,40,1.67,1.12,False
XOP,193.56,BASING,0.0,0,20,20,198.04,197.96,8,45m,2.27,26 bear-built-above · rel-vol 1.4x · regime FAVORABLE,False,20,193.56,190.6566,198.04,34,2.31,1.54,False
XOS,2.58,BASING,0.0,0,20,20,3.05,2.96,9,weekly,14.73,26 bear-built-above · rel-vol 0.0x · regime FAVORABLE,False,21,2.58,2.5413,3.05,2583,18.22,12.14,False
XP,20.54,BASING,0.0,0,6,6,21.71,20.95,77,4h,2.0,rel-vol 0.8x · regime FAVORABLE,False,10,20.54,20.2319,21.71,324,5.7,3.8,False
XPEV,10.39,BASING,0.0,0,17,17,12.19,11.83,36,daily,13.86,17 bear-built-above · rel-vol 0.6x · regime FAVORABLE,False,18,10.39,10.2341,12.19,641,17.32,11.55,False
XPO,180.49,BASING,0.0,0,18,18,190.06,188.21,185,daily,4.28,22 bear-built-above · rel-vol 1.1x · regime FAVORABLE,False,18,180.49,177.7827,190.06,36,5.3,3.53,False
XPON,4.82,BASING,0.0,0,20,20,5.07,5.0,8,weekly,3.73,22 bear-built-above · rel-vol 0.1x · regime FAVORABLE,False,20,4.82,4.7477,5.07,1383,5.19,3.46,False
XRAY,10.42,BASING,0.0,0,17,17,10.99,10.89,10,daily,4.51,36 bear-built-above · rel-vol 0.9x · regime FAVORABLE,False,17,10.42,10.2637,10.99,639,5.47,3.65,False
XRPT,34.4,BASING,0.0,0,20,20,36.15,34.65,150,1h,0.73,40 bear-built-above · rel-vol 0.8x · regime FAVORABLE,False,20,34.4,33.884,36.15,193,5.09,3.39,False
XRX,3.2908,BASING,0.0,0,14,14,3.43,3.375,6,weekly,2.56,14 bear-built-above · rel-vol 1.0x · regime FAVORABLE,False,14,3.2908,3.2414,3.43,2025,4.23,2.82,False
XXRP,32.29,BASING,0.0,0,20,20,33.55,32.3,125,45m,0.03,36 bear-built-above · rel-vol 1.3x · regime FAVORABLE,False,20,32.29,31.8056,33.55,206,3.9,2.6,False
XYZ,78.47,BASING,0.0,0,18,18,82.58,81.59,99,weekly,3.98,20 bear-built-above · rel-vol 0.9x · regime FAVORABLE,False,18,78.47,77.293,82.58,84,5.24,3.49,False
YDDL,1.55,BASING,0.0,0,20,20,1.63,1.61,2,weekly,3.87,23 bear-built-above · rel-vol 0.0x · regime FAVORABLE,False,20,1.55,1.5268,1.63,4301,5.16,3.44,False
YMAT,1.98,BASING,0.0,0,17,17,2.07,2.0525,2,daily,3.66,13 bear-built-above · rel-vol 0.0x · regime FAVORABLE,False,17,1.98,1.9503,2.07,3367,4.55,3.03,False
YMM,8.0,BASING,0.0,0,20,20,8.65,8.54,12,weekly,6.75,39 bear-built-above · rel-vol 0.4x · regime FAVORABLE,False,20,8.0,7.88,8.65,833,8.13,5.42,False
YOU,42.0,BASING,0.0,0,17,17,48.28,47.95,33,daily,14.17,30 bear-built-above · rel-vol 1.3x · regime FAVORABLE,False,17,42.0,41.37,48.28,158,14.95,9.97,False
YPF,56.55,BASING,0.0,0,7,7,57.0,56.9001,10,30m,0.62,6 bear-built-above · rel-vol 1.1x · regime FAVORABLE,False,7,56.55,55.7017,57.0,117,0.8,0.53,False
YSS,7.8,BASING,0.0,0,20,20,8.93,8.8,13,daily,12.82,22 bear-built-above · rel-vol 0.8x · regime FAVORABLE,False,20,7.8,7.683,8.93,854,14.49,9.66,False
YUM,145.5,BASING,0.0,0,20,20,150.71,150.02,69,weekly,3.11,27 bear-built-above · rel-vol 0.9x · regime FAVORABLE,False,20,145.5,143.3175,150.71,45,3.58,2.39,False
YYGH,1.52,BASING,0.0,0,3,3,1.5799,1.57,1,45m,3.29,rel-vol 0.5x · regime FAVORABLE,False,3,1.52,1.4972,1.5799,4385,3.94,2.63,False
Z,33.39,BASING,0.0,0,20,20,34.59,33.72,88,weekly,0.99,22 bear-built-above · rel-vol 0.7x · regime FAVORABLE,False,21,33.39,32.8892,34.59,199,3.59,2.4,False
ZBIO,32.5602,BASING,0.0,0,8,8,33.555,33.49,7,15m,2.86,7 bear-built-above · rel-vol 0.9x · regime FAVORABLE,False,8,32.5602,32.0718,33.555,204,3.06,2.04,False
ZCSH,93.55,BASING,0.0,0,9,9,100.22,93.99,624,daily,0.47,8 bear-built-above · rel-vol 1.1x · regime FAVORABLE,True,9,93.55,92.1467,100.22,71,7.13,4.75,False
ZETA,30.49,BASING,0.0,0,19,19,36.74,33.3,345,daily,9.22,26 bear-built-above · rel-vol 0.6x · regime FAVORABLE,False,19,30.49,30.0326,36.74,218,20.5,13.67,False
ZIM,29.8,BASING,0.0,0,3,3,30.28,30.275,1,1h,1.59,3 bear-built-above · rel-vol 0.5x · regime FAVORABLE,False,3,29.8,29.353,30.28,223,1.61,1.07,False
ZLAB,25.0,BASING,0.0,0,20,20,28.95,28.1,85,daily,12.4,35 bear-built-above · rel-vol 1.1x · regime FAVORABLE,False,25,25.0,24.625,28.95,266,15.8,10.53,False
ZM,94.9,BASING,0.0,0,18,18,104.83,103.5,133,daily,9.06,63 bear-built-above · rel-vol 1.0x · regime FAVORABLE,False,18,94.9,93.4765,104.83,70,10.46,6.98,False
ZS,189.35,BASING,0.0,0,18,18,213.95,209.51,444,daily,10.65,14 bear-built-above · rel-vol 2.3x · regime FAVORABLE,False,20,189.35,186.5097,213.95,35,12.99,8.66,False
ZSL,25.71,BASING,0.0,0,15,15,29.35,27.07,229,daily,5.29,10 bear-built-above · rel-vol 1.4x · regime FAVORABLE,True,15,25.71,25.3243,29.35,259,14.16,9.44,False
ZSTK,4.7,BASING,0.0,0,20,20,4.94,4.85,10,4h,3.19,14 bear-built-above · rel-vol 0.1x · regime FAVORABLE,False,20,4.7,4.6295,4.94,1418,5.11,3.4,False
ZTS,73.8,BASING,0.0,0,20,20,75.81,74.8,102,weekly,1.36,31 bear-built-above · rel-vol 0.8x · regime FAVORABLE,False,20,73.8,72.693,75.81,90,2.72,1.82,False
ZURA,5.26,BASING,0.0,0,20,20,5.71,5.6,12,daily,6.46,18 bear-built-above · rel-vol 0.6x · regime FAVORABLE,False,21,5.26,5.1811,5.71,1267,8.56,5.7,False
