ticker,current_price,phase,consumed_pct,consumed_count,overhead_count,total_in_arc,next_major_top,next_major_bot,next_major_ticks,next_major_tf,next_major_dist_pct,sub_tf_status_str,has_recent_flip,total_bearish_gaps,est_open,stop,target,shares,expected_pct,rr,promoted
AA,44.99,BASING,0.0,0,14,14,48.26,47.25,101,weekly,5.02,43 bear-built-above · rel-vol 2.8x · regime FAVORABLE,False,14,44.99,44.3152,48.26,148,7.27,4.85,False
AAL,13.15,BASING,0.0,0,19,19,13.64,13.37,28,weekly,1.67,rel-vol 0.7x · regime FAVORABLE,True,19,13.15,12.9527,13.64,506,3.73,2.48,False
AAOI,108.19,BASING,0.0,0,15,15,124.82,109.125,1570,weekly,0.86,1 bear-built-above · rel-vol 1.4x · regime FAVORABLE,True,16,108.19,106.5671,124.82,61,15.37,10.25,False
AAON,76.7575,BASING,0.0,0,15,15,79.795,76.76,304,weekly,0.0,28 bear-built-above · rel-vol 1.3x · regime FAVORABLE,False,15,76.7575,75.6061,79.795,86,3.96,2.64,False
AAOZ,12.21,BASING,0.0,0,20,20,19.48,13.1,639,daily,7.29,24 bear-built-above · rel-vol 0.6x · regime FAVORABLE,False,20,12.21,12.0269,19.48,546,59.54,39.69,False
AAP,42.3204,BASING,0.0,0,19,19,56.18,46.85,933,daily,10.7,18 bear-built-above · rel-vol 1.2x · regime FAVORABLE,False,19,42.3204,41.6856,56.18,157,32.75,21.83,False
AAPL,335.26,BASING,0.0,0,6,6,340.03,339.73,30,daily,1.33,3 bear-built-above · rel-vol 2.0x · regime FAVORABLE,False,11,335.26,330.2311,340.03,19,1.42,0.95,False
AAPU,45.01,BASING,0.0,0,18,18,47.14,45.83,132,daily,1.82,13 bear-built-above · rel-vol 0.4x · regime FAVORABLE,False,21,45.01,44.3348,47.14,148,4.73,3.15,False
ABCL,13.03,BASING,0.0,0,4,4,13.09,13.07,2,30m,0.31,4 bear-built-above · rel-vol 1.1x · regime FAVORABLE,True,4,13.03,12.8345,13.09,511,0.46,0.31,False
ABM,49.7725,BASING,0.0,0,20,20,54.91,50.32,459,daily,1.1,20 bear-built-above · rel-vol 2.5x · regime FAVORABLE,False,20,49.7725,49.0259,54.91,133,10.32,6.88,False
ABNB,166.22,BASING,0.0,0,20,20,189.0,188.22,79,weekly,13.24,21 bear-built-above · rel-vol 2.1x · regime FAVORABLE,False,20,166.22,163.7267,189.0,40,13.7,9.14,False
ABSI,9.81,BASING,0.0,0,10,10,10.6,10.34,26,weekly,5.4,rel-vol 2.4x · regime FAVORABLE,True,12,9.81,9.6629,10.6,679,8.05,5.37,False
ABT,102.61,BASING,0.0,0,20,20,120.73,108.61,1213,daily,5.85,2 bear-built-above · rel-vol 3.1x · regime FAVORABLE,False,20,102.61,101.0708,120.73,64,17.66,11.77,False
ABVX,105.19,BASING,0.0,0,20,20,113.58,113.0,58,daily,7.42,44 bear-built-above · rel-vol 0.8x · regime FAVORABLE,False,20,105.19,103.6121,113.58,63,7.98,5.32,False
ACAD,27.23,BASING,0.0,0,20,20,27.45,27.37,8,daily,0.51,23 bear-built-above · rel-vol 3.6x · regime FAVORABLE,False,22,27.23,26.8215,27.45,244,0.81,0.54,False
ACHC,28.3325,BASING,0.0,0,14,14,40.26,32.5,776,daily,14.71,6 bear-built-above · rel-vol 1.9x · regime FAVORABLE,False,14,28.3325,27.9075,40.26,235,42.1,28.07,False
ACHR,5.34,BASING,0.0,0,16,16,5.58,5.41,17,weekly,1.31,4 bear-built-above · rel-vol 1.9x · regime FAVORABLE,False,16,5.34,5.2599,5.58,1248,4.49,3.0,False
ACI,12.36,BASING,0.0,0,16,16,14.6,12.5,210,daily,1.13,15 bear-built-above · rel-vol 2.0x · regime FAVORABLE,False,16,12.36,12.1746,14.6,539,18.12,12.08,False
ACM,61.9875,BASING,0.0,0,20,20,73.3,68.25,505,daily,10.1,22 bear-built-above · rel-vol 1.7x · regime FAVORABLE,False,20,61.9875,61.0577,73.3,107,18.25,12.17,False
ACMR,69.92,BASING,0.0,0,19,19,79.41,77.25,216,weekly,10.48,15 bear-built-above · rel-vol 1.9x · regime FAVORABLE,False,20,69.92,68.8712,79.41,95,13.57,9.05,False
ACN,192.11,BASING,0.0,0,11,11,219.42,215.0,442,daily,11.92,8 bear-built-above · rel-vol 2.4x · regime FAVORABLE,False,14,192.11,189.2284,219.42,34,14.22,9.48,False
ACVA,10.5,BASING,0.0,0,3,3,13.35,11.295,206,daily,7.57,rel-vol 0.9x · regime FAVORABLE,True,4,10.5,10.3425,13.35,634,27.14,18.1,False
ADBE,248.1761,BASING,0.0,0,19,19,266.51,262.805,371,weekly,5.89,56 bear-built-above · rel-vol 1.9x · regime FAVORABLE,False,19,248.1761,244.4535,266.51,26,7.39,4.92,False
ADBT,0.1272,BASING,0.0,0,3,3,0.1398,0.1397,1,10m,9.83,3 bear-built-above · rel-vol 0.7x · regime FAVORABLE,False,3,0.1272,0.1253,0.1398,52410,9.91,6.6,False
ADI,379.0,BASING,0.0,0,20,20,417.93,405.43,1250,daily,6.97,6 bear-built-above · rel-vol 2.1x · regime FAVORABLE,False,23,379.0,373.315,417.93,17,10.27,6.85,False
ADM,85.32,BASING,0.0,0,20,20,87.82,87.73,9,1h,2.82,21 bear-built-above · rel-vol 2.7x · regime FAVORABLE,True,20,85.32,84.0402,87.82,78,2.93,1.95,False
ADPT,28.61,BASING,0.0,0,4,4,28.9098,28.7,21,30m,0.31,4 bear-built-above · rel-vol 1.5x · regime FAVORABLE,True,4,28.61,28.1808,28.9098,233,1.05,0.7,False
ADSK,216.95,BASING,0.0,0,18,18,237.52,232.08,544,daily,6.97,40 bear-built-above · rel-vol 2.0x · regime FAVORABLE,False,18,216.95,213.6957,237.52,30,9.48,6.32,False
AEG,9.11,BASING,0.0,0,18,18,9.41,9.39,2,daily,3.07,9 bear-built-above · rel-vol 0.6x · regime FAVORABLE,False,19,9.11,8.9733,9.41,731,3.29,2.2,False
AEHG,8.46,BASING,0.0,0,11,11,10.26,9.02,125,weekly,6.62,10 bear-built-above · rel-vol 0.8x · regime FAVORABLE,False,12,8.46,8.3331,10.26,788,21.28,14.18,False
AEHL,8.1755,BASING,0.0,0,20,20,9.133,9.1,4,1h,11.31,15 bear-built-above · rel-vol 0.1x · regime FAVORABLE,False,20,8.1755,8.0529,9.133,815,11.71,7.81,False
AEHR,96.68,BASING,0.0,0,6,6,97.2,97.0049,20,30m,0.34,4 bear-built-above · rel-vol 0.7x · regime FAVORABLE,True,7,96.68,95.2298,97.2,68,0.54,0.36,False
AEIS,262.45,BASING,0.0,0,19,19,287.25,267.15,2011,weekly,1.79,26 bear-built-above · rel-vol 2.2x · regime FAVORABLE,False,19,262.45,258.5132,287.25,25,9.45,6.3,False
AEM,200.0,BASING,0.0,0,19,19,232.73,229.12,361,daily,14.56,12 bear-built-above · rel-vol 0.7x · regime FAVORABLE,False,19,200.0,197.0,232.73,33,16.36,10.91,False
AEMD,6.6006,BASING,0.0,0,1,1,7.13,6.97,17,1m,5.6,1 bear-built-above · rel-vol 0.3x · regime FAVORABLE,False,1,6.6006,6.5016,7.13,1010,8.02,5.35,False
AENT,4.91,BASING,0.0,0,20,20,5.41,5.35,7,45m,8.96,11 bear-built-above · rel-vol 0.2x · regime FAVORABLE,False,20,4.91,4.8364,5.41,1357,10.18,6.79,False
AEO,15.1,BASING,0.0,0,8,8,17.22,17.11,11,daily,13.31,7 bear-built-above · rel-vol 0.9x · regime FAVORABLE,False,8,15.1,14.8735,17.22,441,14.04,9.36,False
AEON,0.263,BASING,0.0,0,6,6,0.2862,0.278,1,daily,5.7,6 bear-built-above · rel-vol 0.1x · regime FAVORABLE,False,7,0.263,0.2591,0.2862,25348,8.82,5.88,False
AEVA,15.18,BASING,0.0,0,20,20,15.31,15.23,9,1h,0.33,9 bear-built-above · rel-vol 1.9x · regime FAVORABLE,False,20,15.18,14.9523,15.31,439,0.86,0.57,False
AFRM,71.93,BASING,0.0,0,20,20,77.06,75.8,127,weekly,5.38,14 bear-built-above · rel-vol 0.7x · regime FAVORABLE,False,20,71.93,70.8511,77.06,92,7.13,4.75,False
AG,19.85,BASING,0.0,0,19,19,22.66,21.36,131,daily,7.61,13 bear-built-above · rel-vol 1.3x · regime FAVORABLE,False,21,19.85,19.5523,22.66,335,14.16,9.44,False
AGCO,119.7925,BASING,0.0,0,20,20,136.5,135.44,107,weekly,13.06,31 bear-built-above · rel-vol 1.4x · regime FAVORABLE,False,21,119.7925,117.9956,136.5,55,13.95,9.3,False
AGEN,7.8056,BASING,0.0,0,6,6,7.85,7.83,2,1h,0.31,6 bear-built-above · rel-vol 2.2x · regime FAVORABLE,True,6,7.8056,7.6885,7.85,854,0.57,0.38,False
AGI,35.95,BASING,0.0,0,18,18,39.61,38.85,76,daily,8.07,14 bear-built-above · rel-vol 1.8x · regime FAVORABLE,False,20,35.95,35.4108,39.61,185,10.18,6.79,False
AGIO,32.4208,BASING,0.0,0,20,20,33.42,33.29,14,daily,2.68,12 bear-built-above · rel-vol 1.8x · regime FAVORABLE,False,21,32.4208,31.9345,33.42,205,3.08,2.05,False
AGL,89.26,BASING,0.0,0,20,20,105.0,100.59,441,30m,12.69,26 bear-built-above · rel-vol 1.8x · regime FAVORABLE,False,20,89.26,87.9211,105.0,74,17.63,11.76,False
AGNC,9.93,BASING,0.0,0,12,12,10.15,10.06,9,weekly,1.31,4 bear-built-above · rel-vol 6.1x · regime FAVORABLE,False,13,9.93,9.7811,10.15,671,2.22,1.48,False
AGQ,81.12,BASING,0.0,0,14,14,83.93,83.62,32,45m,3.08,9 bear-built-above · rel-vol 0.8x · regime FAVORABLE,False,16,81.12,79.9032,83.93,82,3.46,2.31,False
AGRO,11.46,BASING,0.0,0,20,20,13.11,12.94,17,weekly,12.91,26 bear-built-above · rel-vol 1.0x · regime FAVORABLE,False,20,11.46,11.2881,13.11,581,14.4,9.6,False
AGX,389.0,BASING,0.0,0,20,20,413.74,389.85,2389,weekly,0.22,21 bear-built-above · rel-vol 1.4x · regime FAVORABLE,False,20,389.0,383.165,413.74,17,6.36,4.24,False
AI,10.53,BASING,0.0,0,10,10,12.26,11.9,36,daily,13.01,7 bear-built-above · rel-vol 1.7x · regime FAVORABLE,False,11,10.53,10.372,12.26,633,16.43,10.95,False
AIAI,3.59,BASING,0.0,0,17,17,4.13,4.0655,7,5m,13.25,12 bear-built-above · rel-vol 1.3x · regime FAVORABLE,False,17,3.59,3.5361,4.13,1857,15.04,10.03,False
AIM,0.2069,BASING,0.0,0,8,8,0.2217,0.2121,1,weekly,2.51,5 bear-built-above · rel-vol 0.1x · regime FAVORABLE,False,8,0.2069,0.2038,0.2217,32221,7.15,4.77,False
AIR,113.0,BASING,0.0,0,18,18,125.48,122.5,299,weekly,8.41,45 bear-built-above · rel-vol 3.8x · regime FAVORABLE,False,18,113.0,111.305,125.48,58,11.04,7.36,False
AKAM,104.3445,BASING,0.0,0,18,18,112.84,112.19,66,daily,7.52,22 bear-built-above · rel-vol 1.5x · regime FAVORABLE,False,18,104.3445,102.7793,112.84,63,8.14,5.43,False
AKAN,2.97,BASING,0.0,0,10,10,3.36,3.332,3,5m,12.19,9 bear-built-above · rel-vol 4.2x · regime FAVORABLE,False,11,2.97,2.9255,3.36,2244,13.13,8.75,False
ALAB,312.0,BASING,0.0,0,5,5,338.32,337.6,72,30m,8.21,rel-vol 1.9x · regime FAVORABLE,True,5,312.0,307.32,338.32,21,8.44,5.62,False
ALB,112.934,BASING,0.0,0,18,18,117.52,116.06,146,weekly,2.77,24 bear-built-above · rel-vol 2.0x · regime FAVORABLE,False,18,112.934,111.24,117.52,59,4.06,2.71,False
ALC,65.05,BASING,0.0,0,17,17,75.35,73.58,177,daily,13.11,31 bear-built-above · rel-vol 2.3x · regime FAVORABLE,False,17,65.05,64.0742,75.35,102,15.83,10.56,False
ALGT,78.1575,BASING,0.0,0,18,18,85.75,84.69,107,weekly,8.36,22 bear-built-above · rel-vol 1.5x · regime FAVORABLE,False,18,78.1575,76.9851,85.75,85,9.71,6.48,False
ALH,21.58,BASING,0.0,0,20,20,25.47,24.1,137,weekly,11.68,4 bear-built-above · rel-vol 1.0x · regime FAVORABLE,False,20,21.58,21.2563,25.47,308,18.03,12.02,False
ALHC,8.37,BASING,0.0,0,18,18,8.49,8.485,1,10m,1.37,15 bear-built-above · rel-vol 2.7x · regime FAVORABLE,False,18,8.37,8.2444,8.49,796,1.43,0.96,False
ALKT,19.13,BASING,0.0,0,20,20,19.88,19.56,33,daily,2.25,18 bear-built-above · rel-vol 2.3x · regime FAVORABLE,False,20,19.13,18.843,19.88,348,3.92,2.61,False
ALMR,38.0,BASING,0,0,0,0,,,,,0,rel-vol 5.1x · regime FAVORABLE,False,0,38.0,37.43,41.8,175,10.0,6.67,False
ALMS,7.82,BASING,0.0,0,11,11,8.16,8.15,1,1h,4.22,11 bear-built-above · rel-vol 1.4x · regime FAVORABLE,False,11,7.82,7.7027,8.16,852,4.35,2.9,False
ALNY,239.6,BASING,0.0,0,20,20,249.99,246.99,300,daily,3.08,21 bear-built-above · rel-vol 1.6x · regime FAVORABLE,False,20,239.6,236.006,249.99,27,4.34,2.89,False
ALOY,8.95,BASING,0.0,0,20,20,9.54,9.25,29,daily,3.35,4 bear-built-above · rel-vol 2.2x · regime FAVORABLE,False,23,8.95,8.8157,9.54,744,6.59,4.39,False
ALSN,117.1025,BASING,0.0,0,19,19,126.94,123.66,329,weekly,5.6,45 bear-built-above · rel-vol 3.4x · regime FAVORABLE,False,19,117.1025,115.346,126.94,56,8.4,5.6,False
ALTO,4.0,BASING,0.0,0,20,20,4.365,4.34,3,30m,8.5,12 bear-built-above · rel-vol 2.2x · regime FAVORABLE,False,20,4.0,3.94,4.365,1666,9.13,6.08,False
AMAT,455.54,BASING,0.0,0,18,18,492.32,481.875,1045,weekly,5.78,8 bear-built-above · rel-vol 2.2x · regime FAVORABLE,False,19,455.54,448.7069,492.32,14,8.07,5.38,False
AMBA,67.25,BASING,0.0,0,20,20,73.73,72.69,105,weekly,8.09,13 bear-built-above · rel-vol 0.8x · regime FAVORABLE,False,20,67.25,66.2412,73.73,99,9.64,6.42,False
AMBQ,66.0,BASING,0.0,0,13,13,77.47,74.12,335,4h,12.3,rel-vol 5.1x · regime FAVORABLE,False,14,66.0,65.01,77.47,101,17.38,11.59,False
AMC,2.7,BASING,0.0,0,7,7,3.06,3.03,4,4h,12.22,rel-vol 2.8x · regime FAVORABLE,False,7,2.7,2.6595,3.06,2469,13.33,8.89,False
AMD,574.01,BASING,0.0,0,1,1,575.9,575.65,25,45m,0.29,rel-vol 1.7x · regime FAVORABLE,False,1,574.01,565.3999,575.9,11,0.33,0.22,False
AMDL,70.5,BASING,0.0,0,2,2,80.4,80.2293,18,45m,13.8,rel-vol 1.6x · regime FAVORABLE,True,2,70.5,69.4425,80.4,94,14.04,9.36,False
AMIX,4.26,BASING,0.0,0,20,20,4.59,4.47,13,weekly,4.93,15 bear-built-above · rel-vol 0.0x · regime FAVORABLE,False,20,4.26,4.1961,4.59,1564,7.75,5.16,False
AMKR,51.92,BASING,0.0,0,9,9,59.78,57.485,230,daily,10.72,rel-vol 1.3x · regime FAVORABLE,True,11,51.92,51.1412,59.78,128,15.14,10.09,False
AMLX,32.54,BASING,0.0,0,10,10,37.14,36.98,17,1h,13.64,rel-vol 1.0x · regime FAVORABLE,False,10,32.54,32.0519,37.14,204,14.14,9.42,False
AMN,34.26,BASING,0.0,0,16,16,40.92,36.25,468,daily,5.81,10 bear-built-above · rel-vol 1.8x · regime FAVORABLE,False,16,34.26,33.7461,40.92,194,19.44,12.96,False
AMR,174.2225,BASING,0.0,0,20,20,184.73,177.34,739,daily,1.79,29 bear-built-above · rel-vol 1.8x · regime FAVORABLE,False,20,174.2225,171.6092,184.73,38,6.03,4.02,False
AMRC,23.3515,BASING,0.0,0,12,12,25.35,24.41,95,daily,4.53,3 bear-built-above · rel-vol 1.7x · regime FAVORABLE,False,12,23.3515,23.0012,25.35,285,8.56,5.71,False
AMRX,17.85,BASING,0.0,0,9,9,21.0,20.5,50,30m,14.85,5 bear-built-above · rel-vol 3.2x · regime FAVORABLE,False,10,17.85,17.5823,21.0,373,17.65,11.76,False
AMTM,19.89,BASING,0.0,0,19,19,20.6,20.24,37,30m,1.76,5 bear-built-above · rel-vol 2.3x · regime FAVORABLE,False,19,19.89,19.5917,20.6,335,3.57,2.38,False
AMZE,0.1338,BASING,0.0,0,15,15,0.1439,0.1424,1,30m,6.43,15 bear-built-above · rel-vol 10.3x · regime FAVORABLE,False,15,0.1338,0.1318,0.1439,49825,7.55,5.03,False
AMZN,255.86,BASING,0.0,0,19,19,258.51,256.78,174,weekly,0.36,3 bear-built-above · rel-vol 1.6x · regime FAVORABLE,False,19,255.86,252.0221,258.51,26,1.04,0.69,False
AMZU,36.27,BASING,0.0,0,17,17,37.15,36.67,48,weekly,1.1,4 bear-built-above · rel-vol 0.9x · regime FAVORABLE,False,17,36.27,35.726,37.15,183,2.43,1.62,False
ANDG,56.0,BASING,0.0,0,8,8,59.55,56.96,259,30m,1.71,rel-vol 1.7x · regime FAVORABLE,False,8,56.0,55.16,59.55,119,6.34,4.23,False
ANET,199.85,BASING,0.0,0,20,20,201.505,201.29,22,1h,0.72,22 bear-built-above · rel-vol 2.1x · regime FAVORABLE,True,20,199.85,196.8522,201.505,33,0.83,0.55,False
ANF,136.49,BASING,0.0,0,20,20,160.04,146.96,1308,weekly,7.67,47 bear-built-above · rel-vol 0.6x · regime FAVORABLE,False,24,136.49,134.4427,160.04,48,17.25,11.5,False
AOSL,25.2,BASING,0.0,0,14,14,25.78,25.4,39,weekly,0.79,11 bear-built-above · rel-vol 2.9x · regime FAVORABLE,False,14,25.2,24.822,25.78,264,2.3,1.53,False
AOUT,16.4,BASING,0.0,0,1,1,17.67,17.6,8,daily,7.32,rel-vol 0.4x · regime FAVORABLE,False,1,16.4,16.154,17.67,406,7.74,5.16,False
APA,44.9838,BASING,0.0,0,20,20,46.155,46.15,1,5m,2.59,22 bear-built-above · rel-vol 2.2x · regime FAVORABLE,False,21,44.9838,44.309,46.155,148,2.6,1.74,False
APO,125.99,BASING,0.0,0,20,20,145.82,143.88,194,weekly,14.2,4 bear-built-above · rel-vol 2.3x · regime FAVORABLE,False,22,125.99,124.1001,145.82,52,15.74,10.49,False
APP,310.8,BASING,0.0,0,20,20,417.8,338.45,7936,daily,8.9,16 bear-built-above · rel-vol 2.3x · regime FAVORABLE,False,20,310.8,306.138,417.8,21,34.43,22.95,False
APPF,214.6275,BASING,0.0,0,20,20,247.96,245.81,216,weekly,14.53,42 bear-built-above · rel-vol 1.6x · regime FAVORABLE,False,22,214.6275,211.4081,247.96,31,15.53,10.35,False
APPN,37.52,BASING,0.0,0,20,20,40.82,40.08,75,daily,6.82,15 bear-built-above · rel-vol 1.4x · regime FAVORABLE,False,23,37.52,36.9572,40.82,177,8.8,5.86,False
APTV,43.94,BASING,0.0,0,20,20,57.0,50.45,655,daily,14.82,25 bear-built-above · rel-vol 2.7x · regime FAVORABLE,False,21,43.94,43.2809,57.0,151,29.72,19.81,False
AR,34.92,BASING,0.0,0,19,19,40.66,39.17,149,daily,12.17,57 bear-built-above · rel-vol 2.1x · regime FAVORABLE,False,19,34.92,34.3962,40.66,190,16.44,10.96,False
ARBE,0.6833,BASING,0.0,0,20,20,0.739,0.7303,1,daily,6.88,26 bear-built-above · rel-vol 0.1x · regime FAVORABLE,False,20,0.6833,0.6731,0.739,9756,8.15,5.43,False
ARCB,128.8,BASING,0.0,0,20,20,134.86,132.64,223,weekly,2.98,25 bear-built-above · rel-vol 2.3x · regime FAVORABLE,False,20,128.8,126.868,134.86,51,4.7,3.14,False
ARCT,16.41,BASING,0.0,0,7,7,16.98,16.92,6,1h,3.11,7 bear-built-above · rel-vol 0.7x · regime FAVORABLE,False,7,16.41,16.1639,16.98,406,3.47,2.32,False
ARE,53.595,BASING,0.0,0,20,20,57.64,56.94,71,4h,6.24,22 bear-built-above · rel-vol 2.1x · regime FAVORABLE,False,22,53.595,52.7911,57.64,124,7.55,5.03,False
AREC,2.07,BASING,0.0,0,20,20,2.14,2.11,4,weekly,1.93,21 bear-built-above · rel-vol 1.6x · regime FAVORABLE,False,21,2.07,2.0389,2.14,3220,3.38,2.25,False
ARES,123.8,BASING,0.0,0,20,20,131.64,130.59,105,weekly,5.48,23 bear-built-above · rel-vol 3.7x · regime FAVORABLE,False,22,123.8,121.943,131.64,53,6.33,4.22,False
ARGX,990.32,BASING,0.0,0,20,20,1033.15,1007.07,2609,daily,1.69,3 bear-built-above · rel-vol 1.0x · regime FAVORABLE,False,25,990.32,975.4652,1033.15,6,4.32,2.88,False
ARKB,27.78,BASING,0.0,0,10,10,29.69,29.1,59,weekly,4.75,rel-vol 0.9x · regime FAVORABLE,False,14,27.78,27.3633,29.69,239,6.88,4.58,False
ARKG,52.2,BASING,0,0,0,0,,,,,0,rel-vol 1.5x · regime FAVORABLE,True,2,52.2,51.417,57.42,127,10.0,6.67,False
ARKK,89.2,BASING,0,0,0,0,,,,,0,rel-vol 1.0x · regime FAVORABLE,True,3,89.2,87.862,98.12,74,10.0,6.67,False
ARM,289.29,BASING,0.0,0,12,12,323.39,311.43,1196,weekly,7.65,1 bear-built-above · rel-vol 1.7x · regime FAVORABLE,True,12,289.29,284.9506,323.39,23,11.79,7.86,False
AROC,31.5625,BASING,0.0,0,19,19,35.76,35.16,61,weekly,11.4,18 bear-built-above · rel-vol 2.1x · regime FAVORABLE,False,19,31.5625,31.0891,35.76,211,13.3,8.87,False
ARQT,25.2207,BASING,0.0,0,20,20,28.58,28.18,40,4h,11.73,11 bear-built-above · rel-vol 6.0x · regime FAVORABLE,False,20,25.2207,24.8424,28.58,264,13.32,8.88,False
ARR,14.744,BASING,0.0,0,19,19,16.7,16.425,28,weekly,11.4,46 bear-built-above · rel-vol 2.5x · regime FAVORABLE,False,19,14.744,14.5228,16.7,452,13.27,8.84,False
ARW,219.3125,BASING,0.0,0,18,18,234.83,228.22,662,daily,4.06,7 bear-built-above · rel-vol 2.0x · regime FAVORABLE,False,18,219.3125,216.0228,234.83,30,7.08,4.72,False
ARXS,52.01,BASING,0.0,0,15,15,52.45,52.02,43,weekly,0.02,6 bear-built-above · rel-vol 4.7x · regime FAVORABLE,False,15,52.01,51.2298,52.45,128,0.85,0.56,False
AS,27.4491,BASING,0.0,0,19,19,28.07,27.79,29,weekly,1.24,7 bear-built-above · rel-vol 1.4x · regime FAVORABLE,False,19,27.4491,27.0374,28.07,242,2.26,1.51,False
ASAN,9.51,BASING,0.0,0,15,15,11.11,10.66,45,daily,12.09,13 bear-built-above · rel-vol 1.8x · regime FAVORABLE,False,16,9.51,9.3674,11.11,701,16.82,11.22,False
ASH,69.0575,BASING,0.0,0,20,20,70.91,70.51,40,weekly,2.1,31 bear-built-above · rel-vol 1.8x · regime FAVORABLE,False,24,69.0575,68.0216,70.91,96,2.68,1.79,False
ASML,1717.77,BASING,0.0,0,19,19,1871.68,1809.0,6269,daily,5.31,6 bear-built-above · rel-vol 2.0x · regime FAVORABLE,False,21,1717.77,1692.0034,1871.68,3,8.96,5.97,False
ASND,236.72,BASING,0.0,0,19,19,264.92,257.17,775,daily,8.64,20 bear-built-above · rel-vol 2.1x · regime FAVORABLE,False,19,236.72,233.1692,264.92,28,11.91,7.94,False
ASO,48.2925,BASING,0.0,0,19,19,54.25,53.6,65,daily,10.99,35 bear-built-above · rel-vol 1.6x · regime FAVORABLE,False,19,48.2925,47.5681,54.25,138,12.34,8.22,False
ASST,30.98,BASING,0,0,0,0,,,,,0,rel-vol 1.4x · regime FAVORABLE,True,0,30.98,30.5153,34.078,215,10.0,6.67,False
ASTS,59.71,BASING,0.0,0,16,16,68.65,66.75,191,weekly,11.79,10 bear-built-above · rel-vol 2.0x · regime FAVORABLE,False,16,59.71,58.8143,68.65,111,14.97,9.98,False
ASTX,10.01,BASING,0.0,0,15,15,10.175,10.16,2,10m,1.5,2 bear-built-above · rel-vol 1.8x · regime FAVORABLE,False,15,10.01,9.8598,10.175,666,1.65,1.1,False
ASX,42.5,BASING,0.0,0,6,6,43.25,42.71,54,daily,0.49,rel-vol 2.9x · regime FAVORABLE,False,8,42.5,41.8625,43.25,156,1.76,1.18,False
ATAI,7.33,BASING,0.0,0,4,4,7.4416,7.4387,1,45m,1.48,rel-vol 0.7x · regime FAVORABLE,False,4,7.33,7.22,7.4416,909,1.52,1.02,False
ATAT,32.15,BASING,0.0,0,17,17,35.0,34.39,61,30m,6.97,2 bear-built-above · rel-vol 0.8x · regime FAVORABLE,False,17,32.15,31.6677,35.0,207,8.86,5.91,False
ATEC,10.35,BASING,0.0,0,13,13,10.66,10.63,3,daily,2.71,7 bear-built-above · rel-vol 1.2x · regime FAVORABLE,False,14,10.35,10.1947,10.66,644,3.0,2.0,False
ATI,191.6325,BASING,0.0,0,20,20,198.77,193.06,572,weekly,0.74,13 bear-built-above · rel-vol 1.9x · regime FAVORABLE,False,21,191.6325,188.758,198.77,34,3.72,2.48,False
ATRC,58.16,BASING,0.0,0,9,9,59.42,59.415,1,30m,2.16,9 bear-built-above · rel-vol 6.2x · regime FAVORABLE,True,9,58.16,57.2876,59.42,114,2.17,1.44,False
ATRO,65.71,BASING,0.0,0,19,19,73.98,71.94,205,weekly,9.48,15 bear-built-above · rel-vol 3.1x · regime FAVORABLE,False,19,65.71,64.7243,73.98,101,12.59,8.39,False
AU,103.83,BASING,0.0,0,16,16,126.87,115.07,1181,daily,10.83,11 bear-built-above · rel-vol 2.6x · regime FAVORABLE,False,16,103.83,102.2725,126.87,64,22.19,14.79,False
AUGO,90.0,BASING,0.0,0,10,10,97.92,95.94,199,daily,6.6,5 bear-built-above · rel-vol 1.5x · regime FAVORABLE,False,10,90.0,88.65,97.92,74,8.8,5.87,False
AUR,6.36,BASING,0.0,0,8,8,6.93,6.48,45,daily,1.89,5 bear-built-above · rel-vol 1.5x · regime FAVORABLE,False,10,6.36,6.2646,6.93,1048,8.96,5.97,False
AUUD,1.06,BASING,0.0,0,1,1,1.25,1.11,14,daily,4.72,rel-vol 0.2x · regime FAVORABLE,False,1,1.06,1.0441,1.25,6289,17.92,11.95,False
AVAH,13.6628,BASING,0.0,0,20,20,13.97,13.9,8,daily,1.74,24 bear-built-above · rel-vol 1.8x · regime FAVORABLE,False,20,13.6628,13.4579,13.97,487,2.25,1.5,False
AVAV,160.062,BASING,0.0,0,18,18,181.13,175.53,560,daily,9.66,5 bear-built-above · rel-vol 1.1x · regime FAVORABLE,False,18,160.062,157.6611,181.13,41,13.16,8.77,False
AVGO,362.37,BASING,0.0,0,19,19,380.0,372.4,761,daily,2.77,15 bear-built-above · rel-vol 1.6x · regime FAVORABLE,False,23,362.37,356.9345,380.0,18,4.87,3.24,False
AVGX,40.49,BASING,0.0,0,20,20,45.35,43.39,197,daily,7.16,17 bear-built-above · rel-vol 0.9x · regime FAVORABLE,False,22,40.49,39.8826,45.35,164,12.0,8.0,False
AVL,38.5,BASING,0.0,0,20,20,43.03,41.15,189,daily,6.88,18 bear-built-above · rel-vol 1.4x · regime FAVORABLE,False,21,38.5,37.9225,43.03,173,11.77,7.84,False
AVNT,40.3575,BASING,0.0,0,20,20,41.41,40.79,62,weekly,1.07,20 bear-built-above · rel-vol 1.5x · regime FAVORABLE,False,22,40.3575,39.7521,41.41,165,2.61,1.74,False
AVS,8.0113,BASING,0.0,0,19,19,8.39,8.3,9,daily,3.6,74 bear-built-above · rel-vol 1.0x · regime FAVORABLE,False,22,8.0113,7.8911,8.39,832,4.73,3.15,False
AVT,97.8816,BASING,0.0,0,7,7,99.63,99.0,63,5m,1.14,7 bear-built-above · rel-vol 2.2x · regime FAVORABLE,False,8,97.8816,96.4134,99.63,68,1.79,1.19,False
AVTR,15.51,BASING,0.0,0,12,12,16.18,16.0,18,weekly,3.16,11 bear-built-above · rel-vol 1.9x · regime FAVORABLE,False,13,15.51,15.2774,16.18,429,4.32,2.88,False
AXGN,44.23,BASING,0.0,0,20,20,48.28,47.19,110,weekly,6.69,20 bear-built-above · rel-vol 0.9x · regime FAVORABLE,False,22,44.23,43.5665,48.28,150,9.16,6.1,False
AXON,449.56,BASING,0.0,0,20,20,515.67,506.03,964,weekly,12.56,23 bear-built-above · rel-vol 1.2x · regime FAVORABLE,False,21,449.56,442.8166,515.67,14,14.71,9.8,False
AXSM,207.78,BASING,0.0,0,17,17,214.28,212.05,223,daily,2.06,63 bear-built-above · rel-vol 1.4x · regime FAVORABLE,False,17,207.78,204.6633,214.28,32,3.13,2.09,False
AXTI,73.3,BASING,0.0,0,2,2,82.49,82.43,6,1h,12.46,rel-vol 2.0x · regime FAVORABLE,True,5,73.3,72.2005,82.49,90,12.54,8.36,False
AYA,28.6,BASING,0.0,0,16,16,30.21,30.065,15,30m,5.12,13 bear-built-above · rel-vol 3.2x · regime FAVORABLE,False,16,28.6,28.171,30.21,233,5.63,3.75,False
B,43.365,BASING,0.0,0,19,19,52.05,47.3,475,daily,9.07,24 bear-built-above · rel-vol 1.2x · regime FAVORABLE,False,19,43.365,42.7145,52.05,153,20.03,13.35,False
BABA,114.87,BASING,0.0,0,20,20,119.34,118.9,44,weekly,3.51,rel-vol 1.2x · regime FAVORABLE,False,26,114.87,113.147,119.34,58,3.89,2.59,False
BABX,18.61,BASING,0.0,0,20,20,20.4,20.16,24,weekly,8.33,1 bear-built-above · rel-vol 1.5x · regime FAVORABLE,True,21,18.61,18.3308,20.4,358,9.62,6.41,False
BAC,57.94,BASING,0.0,0,18,18,62.49,62.335,16,weekly,7.59,23 bear-built-above · rel-vol 1.5x · regime FAVORABLE,False,20,57.94,57.0709,62.49,115,7.85,5.24,False
BAH,77.25,BASING,0.0,0,19,19,85.67,84.0,168,1h,8.74,32 bear-built-above · rel-vol 1.3x · regime FAVORABLE,False,19,77.25,76.0913,85.67,86,10.9,7.27,False
BAM,46.7,BASING,0.0,0,20,20,52.12,51.2,92,weekly,9.64,14 bear-built-above · rel-vol 1.5x · regime FAVORABLE,False,21,46.7,45.9995,52.12,142,11.61,7.74,False
BAND,49.94,BASING,0.0,0,17,17,56.79,56.595,20,1h,13.33,9 bear-built-above · rel-vol 1.5x · regime FAVORABLE,False,17,49.94,49.1909,56.79,133,13.72,9.14,False
BAOS,0.2747,BASING,0.0,0,3,3,0.2857,0.2792,1,daily,1.64,3 bear-built-above · rel-vol 0.1x · regime FAVORABLE,False,3,0.2747,0.2706,0.2857,24268,4.0,2.67,False
BATL,1.2097,BASING,0.0,0,17,17,1.2799,1.275,1,45m,5.4,15 bear-built-above · rel-vol 0.7x · regime FAVORABLE,False,17,1.2097,1.1916,1.2799,5511,5.8,3.87,False
BAX,22.8,BASING,0.0,0,20,20,25.83,25.59,24,weekly,12.24,14 bear-built-above · rel-vol 1.8x · regime FAVORABLE,False,25,22.8,22.458,25.83,292,13.29,8.86,False
BB,8.1,BASING,0.0,0,6,6,8.43,8.41,2,30m,3.83,1 bear-built-above · rel-vol 1.4x · regime FAVORABLE,False,6,8.1,7.9785,8.43,823,4.07,2.72,False
BBAI,2.84,BASING,0.0,0,18,18,3.22,3.15,8,weekly,10.92,4 bear-built-above · rel-vol 1.3x · regime FAVORABLE,False,18,2.84,2.7974,3.22,2347,13.38,8.92,False
BBCP,9.76,BASING,0.0,0,20,20,10.43,10.22,21,weekly,4.71,22 bear-built-above · rel-vol 1.1x · regime FAVORABLE,False,20,9.76,9.6136,10.43,683,6.86,4.58,False
BBIO,66.61,BASING,0.0,0,19,19,74.84,73.6,125,weekly,10.49,31 bear-built-above · rel-vol 1.9x · regime FAVORABLE,False,19,66.61,65.6108,74.84,100,12.36,8.24,False
BBNX,21.87,BASING,0.0,0,9,9,30.43,22.75,768,daily,4.02,8 bear-built-above · rel-vol 1.1x · regime FAVORABLE,False,11,21.87,21.5419,30.43,304,39.14,26.09,False
BBW,24.7,BASING,0.0,0,20,20,25.47,25.4,8,daily,2.83,20 bear-built-above · rel-vol 0.7x · regime FAVORABLE,False,20,24.7,24.3295,25.47,269,3.12,2.08,False
BBWI,17.55,BASING,0.0,0,18,18,18.57,18.29,29,weekly,4.22,19 bear-built-above · rel-vol 1.2x · regime FAVORABLE,False,18,17.55,17.2868,18.57,379,5.81,3.87,False
BBY,94.0,BASING,0.0,0,20,20,97.44,96.62,82,weekly,2.79,16 bear-built-above · rel-vol 1.1x · regime FAVORABLE,False,22,94.0,92.59,97.44,70,3.66,2.44,False
BCO,106.115,BASING,0.0,0,20,20,106.56,106.31,25,daily,0.18,36 bear-built-above · rel-vol 3.2x · regime FAVORABLE,False,20,106.115,104.5233,106.56,62,0.42,0.28,False
BCRX,8.6,BASING,0.0,0,19,19,9.72,9.122,60,weekly,6.07,rel-vol 2.9x · regime FAVORABLE,False,19,8.6,8.471,9.72,775,13.02,8.68,False
BDC,110.9175,BASING,0.0,0,20,20,122.26,117.25,502,weekly,5.71,22 bear-built-above · rel-vol 1.4x · regime FAVORABLE,False,20,110.9175,109.2537,122.26,60,10.23,6.82,False
BDX,180.94,BASING,0.0,0,20,20,189.52,187.88,165,weekly,3.84,20 bear-built-above · rel-vol 3.4x · regime FAVORABLE,False,22,180.94,178.2259,189.52,36,4.74,3.16,False
BE,274.3,BASING,0.0,0,18,18,292.0,286.0082,600,1h,4.27,12 bear-built-above · rel-vol 4.5x · regime FAVORABLE,True,21,274.3,270.1855,292.0,24,6.45,4.3,False
BEAM,25.26,BASING,0.0,0,16,16,28.82,26.76,206,weekly,5.94,rel-vol 1.2x · regime FAVORABLE,False,16,25.26,24.8811,28.82,263,14.09,9.4,False
BEEM,1.35,BASING,0.0,0,20,20,1.56,1.53,4,daily,13.33,21 bear-built-above · rel-vol 0.3x · regime FAVORABLE,False,20,1.35,1.3297,1.56,4938,15.56,10.37,False
BEG,51.26,BASING,0.0,0,20,20,58.46,56.53,193,daily,10.28,15 bear-built-above · rel-vol 0.7x · regime FAVORABLE,False,21,51.26,50.4911,58.46,130,14.05,9.36,False
BEN,33.01,BASING,0.0,0,20,20,33.65,33.19,47,weekly,0.55,18 bear-built-above · rel-vol 2.3x · regime FAVORABLE,False,20,33.01,32.5148,33.65,201,1.94,1.29,False
BEPC,30.03,BASING,0.0,0,19,19,30.77,30.5,27,weekly,1.57,12 bear-built-above · rel-vol 1.6x · regime FAVORABLE,False,19,30.03,29.5796,30.77,222,2.46,1.64,False
BETA,21.06,BASING,0.0,0,3,3,23.71,23.61,11,4h,12.11,rel-vol 7.1x · regime FAVORABLE,False,4,21.06,20.7441,23.71,316,12.58,8.39,False
BEX,36.79,BASING,0.0,0,14,14,41.52,39.675,185,daily,7.84,7 bear-built-above · rel-vol 1.0x · regime FAVORABLE,False,16,36.79,36.2381,41.52,181,12.86,8.57,False
BFH,108.5325,BASING,0.0,0,17,17,115.0,113.0,200,1h,4.12,11 bear-built-above · rel-vol 2.7x · regime FAVORABLE,True,17,108.5325,106.9045,115.0,61,5.96,3.97,False
BFLY,8.15,BASING,0.0,0,10,10,8.43,8.34,9,weekly,2.33,rel-vol 1.2x · regime FAVORABLE,False,10,8.15,8.0278,8.43,817,3.44,2.29,False
BG,115.58,BASING,0.0,0,19,19,120.77,120.52,25,daily,4.27,29 bear-built-above · rel-vol 3.4x · regime FAVORABLE,False,19,115.58,113.8463,120.77,57,4.49,2.99,False
BGC,12.2225,BASING,0.0,0,1,1,12.305,12.3,1,15m,0.63,1 bear-built-above · rel-vol 2.4x · regime FAVORABLE,False,1,12.2225,12.0392,12.305,545,0.67,0.45,False
BHC,5.78,BASING,0.0,0,9,9,6.63,6.58,5,4h,13.84,1 bear-built-above · rel-vol 0.7x · regime FAVORABLE,False,9,5.78,5.6933,6.63,1153,14.71,9.8,False
BHF,49.9475,BASING,0.0,0,20,20,52.24,52.11,14,daily,4.33,9 bear-built-above · rel-vol 1.3x · regime FAVORABLE,False,20,49.9475,49.1983,52.24,133,4.59,3.06,False
BHVN,14.05,BASING,0.0,0,17,17,15.46,14.91,56,weekly,6.12,rel-vol 1.6x · regime FAVORABLE,False,20,14.05,13.8392,15.46,474,10.04,6.69,False
BIAF,8.72,BASING,0.0,0,19,19,9.9,9.73,17,45m,11.58,14 bear-built-above · rel-vol 1.1x · regime FAVORABLE,False,19,8.72,8.5892,9.9,764,13.53,9.02,False
BILI,15.05,BASING,0.0,0,19,19,17.06,16.665,40,weekly,10.73,21 bear-built-above · rel-vol 0.8x · regime FAVORABLE,False,19,15.05,14.8243,17.06,442,13.36,8.9,False
BILL,47.5725,BASING,0.0,0,20,20,54.48,54.01,47,daily,13.53,37 bear-built-above · rel-vol 2.2x · regime FAVORABLE,False,23,47.5725,46.8589,54.48,140,14.52,9.68,False
BIO,376.4075,BASING,0.0,0,5,5,379.88,379.52,37,10m,0.83,4 bear-built-above · rel-vol 1.2x · regime FAVORABLE,True,6,376.4075,370.7614,379.88,17,0.92,0.62,False
BIRK,30.69,BASING,0.0,0,19,19,35.65,35.16,50,weekly,14.57,9 bear-built-above · rel-vol 1.1x · regime FAVORABLE,False,19,30.69,30.2296,35.65,217,16.16,10.77,False
BITB,45.66,BASING,0.0,0,8,8,48.59,47.59,100,weekly,4.23,rel-vol 1.2x · regime FAVORABLE,False,12,45.66,44.9751,48.59,146,6.42,4.28,False
BITO,11.24,BASING,0.0,0,6,6,12.4,12.145,26,weekly,8.05,rel-vol 1.2x · regime FAVORABLE,True,10,11.24,11.0714,12.4,593,10.32,6.88,False
BITU,15.37,BASING,0.0,0,7,7,19.67,16.95,273,weekly,10.28,rel-vol 1.2x · regime FAVORABLE,False,11,15.37,15.1394,19.67,433,27.98,18.65,False
BITX,19.86,BASING,0.0,0,6,6,24.77,21.39,338,weekly,7.7,1 bear-built-above · rel-vol 1.1x · regime FAVORABLE,True,11,19.86,19.5621,24.77,335,24.72,16.48,False
BJDX,0.935,BASING,0.0,0,6,6,1.025,1.01,2,daily,8.02,2 bear-built-above · rel-vol 0.3x · regime FAVORABLE,False,6,0.935,0.921,1.025,7130,9.63,6.42,False
BKD,11.4,BASING,0.0,0,17,17,11.58,11.55,3,daily,1.32,25 bear-built-above · rel-vol 1.6x · regime FAVORABLE,False,17,11.4,11.229,11.58,584,1.58,1.05,False
BKNG,168.6,BASING,0.0,0,14,14,193.29,191.58,171,weekly,13.63,17 bear-built-above · rel-vol 2.6x · regime FAVORABLE,False,14,168.6,166.071,193.29,39,14.64,9.76,False
BKV,23.39,BASING,0.0,0,7,7,26.55,25.26,129,daily,7.99,6 bear-built-above · rel-vol 1.2x · regime FAVORABLE,False,7,23.39,23.0391,26.55,285,13.51,9.01,False
BL,28.1425,BASING,0.0,0,20,20,32.47,32.25,22,weekly,14.6,41 bear-built-above · rel-vol 1.7x · regime FAVORABLE,False,20,28.1425,27.7204,32.47,236,15.38,10.25,False
BLBD,60.43,BASING,0.0,0,18,18,61.84,60.81,104,weekly,0.63,18 bear-built-above · rel-vol 1.7x · regime FAVORABLE,False,18,60.43,59.5236,61.84,110,2.33,1.56,False
BLDR,58.2,BASING,0.0,0,16,16,60.37,59.54,83,weekly,2.3,8 bear-built-above · rel-vol 7.4x · regime FAVORABLE,False,16,58.2,57.327,60.37,114,3.73,2.49,False
BLLN,105.92,BASING,0.0,0,10,10,106.13,106.04,9,1h,0.11,9 bear-built-above · rel-vol 3.1x · regime FAVORABLE,True,10,105.92,104.3312,106.13,62,0.2,0.13,False
BLSH,39.34,BASING,0.0,0,8,8,41.81,39.46,236,daily,0.31,rel-vol 1.7x · regime FAVORABLE,True,9,39.34,38.7499,41.81,169,6.28,4.19,False
BLSM,25.74,BASING,0.0,0,16,16,27.8,26.51,129,4h,2.99,16 bear-built-above · rel-vol 3.8x · regime FAVORABLE,True,16,25.74,25.3539,27.8,259,8.0,5.34,False
BLTE,170.96,BASING,0.0,0,20,20,173.79,172.98,82,weekly,1.18,27 bear-built-above · rel-vol 0.5x · regime FAVORABLE,False,20,170.96,168.3956,173.79,38,1.66,1.1,False
BMGL,4.5,BASING,0.0,0,12,12,5.65,5.0,66,4h,11.11,6 bear-built-above · rel-vol 0.0x · regime FAVORABLE,False,12,4.5,4.4325,5.65,1481,25.56,17.04,False
BMNR,26.78,BASING,0.0,0,3,3,28.77,27.75,102,weekly,3.62,rel-vol 1.4x · regime FAVORABLE,True,11,26.78,26.3783,28.77,248,7.43,4.95,False
BMNU,22.29,BASING,0.0,0,3,3,24.2,24.15,6,1h,8.34,1 bear-built-above · rel-vol 1.2x · regime FAVORABLE,True,5,22.29,21.9556,24.2,299,8.57,5.71,False
BMRN,64.65,BASING,0.0,0,20,20,71.29,70.61,69,weekly,9.22,14 bear-built-above · rel-vol 2.3x · regime FAVORABLE,False,20,64.65,63.6803,71.29,103,10.27,6.85,False
BMY,63.1,BASING,0.0,0,19,19,66.25,65.66,60,weekly,4.06,1 bear-built-above · rel-vol 4.0x · regime FAVORABLE,False,19,63.1,62.1535,66.25,105,4.99,3.33,False
BNC,6.56,BASING,0.0,0,3,3,6.89,6.82,7,weekly,3.96,rel-vol 1.2x · regime FAVORABLE,True,5,6.56,6.4616,6.89,1016,5.03,3.35,False
BNS,94.07,BASING,0.0,0,13,13,95.6535,94.81,85,1h,0.79,rel-vol 0.5x · regime FAVORABLE,True,13,94.07,92.6589,95.6535,70,1.68,1.12,False
BNTX,97.02,BASING,0.0,0,19,19,111.4,102.34,907,daily,5.48,38 bear-built-above · rel-vol 1.0x · regime FAVORABLE,False,19,97.02,95.5647,111.4,68,14.82,9.88,False
BOIL,20.0,BASING,0.0,0,13,13,21.81,21.26,55,weekly,6.3,7 bear-built-above · rel-vol 0.9x · regime FAVORABLE,False,13,20.0,19.7,21.81,333,9.05,6.03,False
BOOT,122.9225,BASING,0.0,0,19,19,128.96,128.66,31,1h,4.67,21 bear-built-above · rel-vol 1.5x · regime FAVORABLE,False,19,122.9225,121.0787,128.96,54,4.91,3.27,False
BOX,33.7225,BASING,0.0,0,19,19,37.41,37.38,3,weekly,10.85,25 bear-built-above · rel-vol 1.5x · regime FAVORABLE,False,23,33.7225,33.2167,37.41,197,10.93,7.29,False
BR,163.13,BASING,0.0,0,20,20,178.38,175.91,247,daily,7.83,52 bear-built-above · rel-vol 2.9x · regime FAVORABLE,False,23,163.13,160.683,178.38,40,9.35,6.23,False
BRKR,61.3,BASING,0.0,0,17,17,70.67,69.462,121,daily,13.31,14 bear-built-above · rel-vol 1.3x · regime FAVORABLE,False,17,61.3,60.3805,70.67,108,15.29,10.19,False
BRNX,2.44,BASING,0.0,0,20,20,2.76,2.56,20,daily,4.92,21 bear-built-above · rel-vol 0.1x · regime FAVORABLE,False,20,2.44,2.4034,2.76,2732,13.11,8.74,False
BROS,40.5,BASING,0.0,0,20,20,43.9,43.25,65,weekly,6.79,20 bear-built-above · rel-vol 1.6x · regime FAVORABLE,False,20,40.5,39.8925,43.9,164,8.4,5.6,False
BRR,3.85,BASING,0.0,0,2,2,4.36,4.11,25,weekly,6.75,rel-vol 6.2x · regime FAVORABLE,True,2,3.85,3.7923,4.36,1731,13.25,8.83,False
BRSL,10.18,BASING,0.0,0,20,20,11.57,11.47,10,weekly,12.67,28 bear-built-above · rel-vol 1.2x · regime FAVORABLE,False,20,10.18,10.0273,11.57,654,13.65,9.1,False
BRUN,17.67,BASING,0.0,0,8,8,19.51,18.62,90,weekly,5.38,rel-vol 2.3x · regime FAVORABLE,False,8,17.67,17.405,19.51,377,10.41,6.94,False
BRVE,28.76,BASING,0.0,0,16,16,29.2,29.1,10,45m,1.18,7 bear-built-above · rel-vol 4.9x · regime FAVORABLE,False,16,28.76,28.3286,29.2,231,1.53,1.02,False
BRZE,24.2658,BASING,0.0,0,20,20,30.31,26.18,413,daily,7.89,33 bear-built-above · rel-vol 0.7x · regime FAVORABLE,False,23,24.2658,23.9018,30.31,274,24.91,16.61,False
BSOL,15.9287,BASING,0.0,0,8,8,18.38,17.03,135,weekly,6.91,rel-vol 2.1x · regime FAVORABLE,True,12,15.9287,15.6898,18.38,418,15.39,10.26,False
BSP,38.4913,BASING,0.0,0,20,20,39.14,38.74,40,4h,0.65,42 bear-built-above · rel-vol 1.7x · regime FAVORABLE,False,20,38.4913,37.9139,39.14,173,1.69,1.12,False
BSX,43.47,BASING,0.0,0,19,19,48.7,48.58,13,30m,11.76,5 bear-built-above · rel-vol 1.3x · regime FAVORABLE,False,20,43.47,42.8179,48.7,153,12.03,8.02,False
BSY,32.5775,BASING,0.0,0,19,19,33.71,33.32,40,weekly,2.28,rel-vol 3.7x · regime FAVORABLE,False,19,32.5775,32.0888,33.71,204,3.48,2.32,False
BTBT,1.75,BASING,0.0,0,1,1,2.0095,2.0,1,45m,14.29,rel-vol 1.2x · regime FAVORABLE,False,1,1.75,1.7237,2.0095,3809,14.83,9.89,False
BTC,37.09,BASING,0.0,0,9,9,39.58,38.75,83,weekly,4.48,rel-vol 1.2x · regime FAVORABLE,False,14,37.09,36.5337,39.58,179,6.71,4.48,False
BTCT,1.315,BASING,0.0,0,1,1,1.45,1.42,4,weekly,7.98,1 bear-built-above · rel-vol 1.7x · regime FAVORABLE,False,1,1.315,1.2953,1.45,5069,10.27,6.84,False
BTCZ,2.955,BASING,0.0,0,17,17,3.27,3.26,2,30m,10.32,23 bear-built-above · rel-vol 1.5x · regime FAVORABLE,False,17,2.955,2.9107,3.27,2256,10.66,7.11,False
BTDR,13.25,BASING,0.0,0,3,3,14.58,14.53,6,30m,9.66,rel-vol 1.6x · regime FAVORABLE,True,3,13.25,13.0512,14.58,503,10.04,6.69,False
BTE,4.8972,BASING,0.0,0,20,20,5.105,5.06,5,1h,3.32,22 bear-built-above · rel-vol 1.3x · regime FAVORABLE,False,21,4.8972,4.8237,5.105,1361,4.24,2.83,False
BTG,5.49,BASING,0.0,0,6,6,6.01,5.68,34,daily,3.46,rel-vol 0.9x · regime FAVORABLE,True,6,5.49,5.4077,6.01,1214,9.47,6.31,False
BTGO,7.81,BASING,0.0,0,8,8,8.12,7.99,13,daily,2.3,6 bear-built-above · rel-vol 5.1x · regime FAVORABLE,False,8,7.81,7.6928,8.12,853,3.97,2.65,False
BTQ,2.68,BASING,0.0,0,20,20,2.83,2.73,11,weekly,1.87,6 bear-built-above · rel-vol 1.2x · regime FAVORABLE,False,20,2.68,2.6398,2.83,2487,5.6,3.73,False
BTSG,56.7775,BASING,0.0,0,20,20,58.73,57.91,83,weekly,1.99,18 bear-built-above · rel-vol 3.7x · regime FAVORABLE,False,20,56.7775,55.9258,58.73,117,3.44,2.29,False
BTTC,0.6426,BASING,0.0,0,1,1,0.7328,0.6723,7,daily,4.62,rel-vol 17.4x · regime FAVORABLE,False,3,0.6426,0.633,0.7328,10374,14.04,9.36,False
BTU,25.65,BASING,0.0,0,17,17,28.21,27.73,49,weekly,8.11,30 bear-built-above · rel-vol 3.6x · regime FAVORABLE,False,17,25.65,25.2652,28.21,259,9.98,6.65,False
BUG,44.65,BASING,0.0,0,20,20,45.6718,45.65,3,30m,2.24,25 bear-built-above · rel-vol 0.5x · regime FAVORABLE,False,20,44.65,43.9802,45.6718,149,2.29,1.53,False
BULL,8.38,BASING,0.0,0,20,20,9.22,9.12,11,weekly,8.83,27 bear-built-above · rel-vol 1.1x · regime FAVORABLE,False,23,8.38,8.2543,9.22,795,10.02,6.68,False
BW,7.66,BASING,0.0,0,19,19,8.28,8.15,13,weekly,6.4,8 bear-built-above · rel-vol 1.5x · regime FAVORABLE,False,23,7.66,7.5451,8.28,870,8.09,5.4,False
BWET,908.0,BASING,0,0,0,0,,,,,0,rel-vol 0.7x · regime FAVORABLE,True,0,908.0,894.38,998.8,7,10.0,6.67,False
BWIN,31.93,BASING,0.0,0,11,11,36.37,33.63,274,daily,5.32,7 bear-built-above · rel-vol 1.5x · regime FAVORABLE,False,13,31.93,31.451,36.37,208,13.91,9.27,False
BWXT,147.9454,BASING,0.0,0,19,19,171.54,168.11,343,daily,13.63,30 bear-built-above · rel-vol 2.4x · regime FAVORABLE,False,19,147.9454,145.7262,171.54,45,15.95,10.63,False
BX,126.24,BASING,0.0,0,19,19,128.51,126.81,170,weekly,0.45,15 bear-built-above · rel-vol 1.8x · regime FAVORABLE,False,23,126.24,124.3464,128.51,52,1.8,1.2,False
BXSL,25.0,BASING,0.0,0,20,20,27.12,26.38,75,daily,5.52,12 bear-built-above · rel-vol 1.0x · regime FAVORABLE,False,21,25.0,24.625,27.12,266,8.48,5.65,False
BYND,11.56,BASING,0.0,0,20,20,15.6,13.164,244,daily,13.88,7 bear-built-above · rel-vol 1.1x · regime FAVORABLE,False,20,11.56,11.3866,15.6,576,34.95,23.3,False
BZ,14.8,BASING,0.0,0,20,20,16.44,16.03,42,weekly,8.31,44 bear-built-above · rel-vol 0.6x · regime FAVORABLE,False,21,14.8,14.578,16.44,450,11.08,7.39,False
C,132.0892,BASING,0.0,0,17,17,132.7,132.35,35,daily,0.2,12 bear-built-above · rel-vol 2.1x · regime FAVORABLE,False,17,132.0892,130.1079,132.7,50,0.46,0.31,False
CACI,631.0,BASING,0.0,0,20,20,647.39,644.03,337,weekly,2.06,18 bear-built-above · rel-vol 1.8x · regime FAVORABLE,False,22,631.0,621.535,647.39,10,2.6,1.73,False
CAG,15.13,BASING,0.0,0,18,18,16.98,16.68,31,daily,10.24,12 bear-built-above · rel-vol 2.1x · regime FAVORABLE,False,18,15.13,14.9031,16.98,440,12.23,8.15,False
CAI,30.2,BASING,0.0,0,12,12,34.85,34.71,15,weekly,14.93,10 bear-built-above · rel-vol 2.5x · regime FAVORABLE,False,12,30.2,29.747,34.85,220,15.4,10.26,False
CAKE,96.1906,BASING,0.0,0,20,20,107.21,105.92,129,daily,10.11,13 bear-built-above · rel-vol 1.1x · regime FAVORABLE,False,20,96.1906,94.7477,107.21,69,11.46,7.64,False
CALM,72.91,BASING,0.0,0,20,20,80.21,79.77,44,weekly,9.41,46 bear-built-above · rel-vol 2.0x · regime FAVORABLE,False,20,72.91,71.8163,80.21,91,10.01,6.67,False
CAMT,152.8,BASING,0.0,0,20,20,168.8,163.12,569,daily,6.75,rel-vol 0.5x · regime FAVORABLE,False,20,152.8,150.508,168.8,43,10.47,6.98,False
CANG,2.64,BASING,0,0,0,0,,,,,0,rel-vol 1.8x · regime FAVORABLE,False,1,2.64,2.6004,2.904,2525,10.0,6.67,False
CAPR,9.06,BASING,0.0,0,20,20,9.89,9.83,7,daily,8.5,26 bear-built-above · rel-vol 0.5x · regime FAVORABLE,False,20,9.06,8.9241,9.89,735,9.16,6.11,False
CAR,117.026,BASING,0.0,0,20,20,121.74,121.01,73,weekly,3.4,42 bear-built-above · rel-vol 3.2x · regime FAVORABLE,False,20,117.026,115.2706,121.74,56,4.03,2.69,False
CART,45.37,BASING,0.0,0,20,20,49.23,47.01,222,daily,3.61,29 bear-built-above · rel-vol 2.1x · regime FAVORABLE,False,21,45.37,44.6894,49.23,146,8.51,5.67,False
CAST,1.4,BASING,0.0,0,4,4,1.43,1.41,3,10m,0.71,4 bear-built-above · rel-vol 0.7x · regime FAVORABLE,False,5,1.4,1.379,1.43,4761,2.14,1.43,False
CBOE,272.41,BASING,0.0,0,18,18,298.38,294.48,390,weekly,8.1,16 bear-built-above · rel-vol 1.8x · regime FAVORABLE,False,18,272.41,268.3238,298.38,24,9.53,6.36,False
CBRL,45.0625,BASING,0.0,0,20,20,51.145,50.92,23,daily,13.0,15 bear-built-above · rel-vol 1.4x · regime FAVORABLE,False,21,45.0625,44.3866,51.145,147,13.5,9.0,False
CBRS,201.73,BASING,0.0,0,5,5,212.5,211.55,95,4h,4.87,2 bear-built-above · rel-vol 1.7x · regime FAVORABLE,False,9,201.73,198.704,212.5,33,5.34,3.56,False
CCC,6.55,BASING,0.0,0,6,6,6.76,6.67,9,daily,1.83,5 bear-built-above · rel-vol 2.4x · regime FAVORABLE,False,6,6.55,6.4517,6.76,1017,3.21,2.14,False
CCJ,93.4,BASING,0.0,0,15,15,100.41,98.33,208,daily,5.28,19 bear-built-above · rel-vol 2.9x · regime FAVORABLE,False,15,93.4,91.999,100.41,71,7.51,5.0,False
CCL,22.18,BASING,0.0,0,18,18,22.75,22.315,44,weekly,0.61,20 bear-built-above · rel-vol 1.3x · regime FAVORABLE,False,19,22.18,21.8473,22.75,300,2.57,1.71,False
CCO,2.38,BASING,0.0,0,1,1,2.42,2.41,1,weekly,1.26,rel-vol 2.8x · regime FAVORABLE,False,2,2.38,2.3443,2.42,2801,1.68,1.12,False
CCUP,28.1,BASING,0.0,0,20,20,30.31,29.89,42,45m,6.37,30 bear-built-above · rel-vol 0.8x · regime FAVORABLE,False,23,28.1,27.6785,30.31,237,7.86,5.24,False
CDE,19.78,BASING,0.0,0,19,19,22.64,21.7,95,weekly,9.71,4 bear-built-above · rel-vol 1.6x · regime FAVORABLE,False,20,19.78,19.4833,22.64,337,14.46,9.64,False
CDNA,53.83,BASING,0.0,0,13,13,54.0,53.97,4,daily,0.26,13 bear-built-above · rel-vol 1.2x · regime FAVORABLE,False,13,53.83,53.0225,54.0,123,0.32,0.21,False
CDNL,30.87,BASING,0.0,0,15,15,35.65,34.53,112,weekly,11.86,7 bear-built-above · rel-vol 1.9x · regime FAVORABLE,False,15,30.87,30.407,35.65,215,15.48,10.32,False
CDNS,283.01,BASING,0.0,0,20,20,289.37,288.0,138,weekly,1.76,27 bear-built-above · rel-vol 1.6x · regime FAVORABLE,False,20,283.01,278.7648,289.37,23,2.25,1.5,False
CDTG,1.24,BASING,0.0,0,20,20,1.33,1.25,9,daily,0.81,19 bear-built-above · rel-vol 0.0x · regime FAVORABLE,False,20,1.24,1.2214,1.33,5376,7.26,4.84,False
CDW,146.09,BASING,0.0,0,20,20,154.83,153.0,184,4h,4.73,21 bear-built-above · rel-vol 1.7x · regime FAVORABLE,False,23,146.09,143.8987,154.83,45,5.98,3.99,False
CE,45.8,BASING,0.0,0,18,18,46.81,46.28,54,daily,1.05,10 bear-built-above · rel-vol 2.5x · regime FAVORABLE,False,18,45.8,45.113,46.81,145,2.21,1.47,False
CECO,69.48,BASING,0.0,0,18,18,77.51,74.34,318,daily,6.99,12 bear-built-above · rel-vol 1.6x · regime FAVORABLE,False,18,69.48,68.4378,77.51,95,11.56,7.7,False
CEG,257.62,BASING,0.0,0,18,18,284.75,276.515,824,weekly,7.33,48 bear-built-above · rel-vol 2.3x · regime FAVORABLE,False,18,257.62,253.7557,284.75,25,10.53,7.02,False
CELC,81.15,BASING,0.0,0,20,20,90.08,88.37,171,daily,8.9,25 bear-built-above · rel-vol 1.7x · regime FAVORABLE,False,20,81.15,79.9327,90.08,82,11.0,7.34,False
CELH,28.3,BASING,0.0,0,20,20,32.98,32.3,68,weekly,14.13,3 bear-built-above · rel-vol 1.6x · regime FAVORABLE,False,20,28.3,27.8755,32.98,235,16.54,11.02,False
CELU,1.3138,BASING,0.0,0,15,15,1.41,1.32,9,weekly,0.47,15 bear-built-above · rel-vol 0.0x · regime FAVORABLE,False,16,1.3138,1.2941,1.41,5074,7.32,4.88,False
CENX,39.29,BASING,0.0,0,20,20,44.05,43.0,105,weekly,9.44,32 bear-built-above · rel-vol 2.5x · regime FAVORABLE,False,20,39.29,38.7006,44.05,169,12.12,8.08,False
CERT,8.4225,BASING,0.0,0,18,18,9.26,9.16,10,daily,8.76,12 bear-built-above · rel-vol 3.0x · regime FAVORABLE,False,21,8.4225,8.2962,9.26,791,9.94,6.63,False
CEVA,30.95,BASING,0.0,0,16,16,32.71,31.25,147,daily,0.97,rel-vol 1.3x · regime FAVORABLE,False,16,30.95,30.4857,32.71,215,5.69,3.79,False
CF,127.42,BASING,0.0,0,19,19,141.3395,140.12,122,30m,9.97,46 bear-built-above · rel-vol 1.7x · regime FAVORABLE,False,19,127.42,125.5087,141.3395,52,10.92,7.28,False
CG,40.69,BASING,0.0,0,20,20,42.34,41.965,38,weekly,3.13,16 bear-built-above · rel-vol 1.8x · regime FAVORABLE,False,21,40.69,40.0796,42.34,163,4.06,2.7,False
CGEM,21.4,BASING,0.0,0,14,14,21.88,21.69,19,daily,1.36,rel-vol 3.6x · regime FAVORABLE,True,14,21.4,21.079,21.88,311,2.24,1.5,False
CGNX,60.9468,BASING,0.0,0,20,20,62.49,61.56,93,weekly,1.01,27 bear-built-above · rel-vol 1.3x · regime FAVORABLE,False,22,60.9468,60.0326,62.49,109,2.53,1.69,False
CGON,74.62,BASING,0.0,0,9,9,80.68,79.5,119,45m,6.54,4 bear-built-above · rel-vol 2.4x · regime FAVORABLE,True,10,74.62,73.5007,80.68,89,8.12,5.41,False
CHAI,0.2794,BASING,0.0,0,20,20,0.2871,0.2856,1,30m,2.22,9 bear-built-above · rel-vol 0.1x · regime FAVORABLE,False,20,0.2794,0.2752,0.2871,23860,2.76,1.84,False
CHDN,81.9125,BASING,0.0,0,19,19,89.9,89.31,60,weekly,9.03,19 bear-built-above · rel-vol 1.9x · regime FAVORABLE,False,19,81.9125,80.6838,89.9,81,9.75,6.5,False
CHEF,110.8475,BASING,0.0,0,2,2,117.45,117.42,4,10m,5.93,1 bear-built-above · rel-vol 1.4x · regime FAVORABLE,True,2,110.8475,109.1848,117.45,60,5.96,3.97,False
CHKP,132.71,BASING,0.0,0,20,20,145.87,144.93,94,daily,9.21,34 bear-built-above · rel-vol 1.7x · regime FAVORABLE,False,21,132.71,130.7194,145.87,50,9.92,6.61,False
CHPT,10.35,BASING,0,0,0,0,,,,,0,rel-vol 0.7x · regime FAVORABLE,True,2,10.35,10.1947,11.385,644,10.0,6.67,False
CHRD,144.74,BASING,0.0,0,20,20,147.03,146.27,76,daily,1.06,40 bear-built-above · rel-vol 2.7x · regime FAVORABLE,False,21,144.74,142.5689,147.03,46,1.58,1.05,False
CHRW,152.99,BASING,0.0,0,19,19,169.0,161.89,712,daily,5.82,41 bear-built-above · rel-vol 1.5x · regime FAVORABLE,False,19,152.99,150.6952,169.0,43,10.46,6.98,False
CHTR,129.3,BASING,0.0,0,20,20,133.37,131.23,215,daily,1.49,65 bear-built-above · rel-vol 2.4x · regime FAVORABLE,False,20,129.3,127.3605,133.37,51,3.15,2.1,False
CHYM,30.38,BASING,0.0,0,20,20,33.61,33.36,25,daily,9.81,27 bear-built-above · rel-vol 2.5x · regime FAVORABLE,False,22,30.38,29.9243,33.61,219,10.63,7.09,False
CIBR,99.6775,BASING,0.0,0,11,11,102.3933,102.1,30,30m,2.43,11 bear-built-above · rel-vol 0.9x · regime FAVORABLE,True,11,99.6775,98.1823,102.3933,66,2.72,1.82,False
CIEN,358.0,BASING,0.0,0,19,19,395.79,386.26,954,weekly,7.89,4 bear-built-above · rel-vol 1.8x · regime FAVORABLE,False,19,358.0,352.63,395.79,18,10.56,7.04,False
CIFR,18.88,BASING,0.0,0,6,6,21.81,20.38,143,daily,7.94,rel-vol 1.2x · regime FAVORABLE,True,7,18.88,18.5968,21.81,353,15.52,10.35,False
CLBK,11.22,BASING,0.0,0,14,14,11.58,11.31,27,1h,0.8,10 bear-built-above · rel-vol 4.2x · regime FAVORABLE,False,14,11.22,11.0517,11.58,594,3.21,2.14,False
CLBT,11.62,BASING,0.0,0,12,12,12.0121,12.0,2,1h,3.27,4 bear-built-above · rel-vol 0.6x · regime FAVORABLE,False,12,11.62,11.4457,12.0121,573,3.37,2.25,False
CLF,12.58,BASING,0.0,0,12,12,13.27,13.2,8,daily,4.93,8 bear-built-above · rel-vol 1.6x · regime FAVORABLE,False,14,12.58,12.3913,13.27,529,5.48,3.66,False
CLMT,58.46,BASING,0.0,0,2,2,59.05,58.97,8,15m,0.87,2 bear-built-above · rel-vol 2.1x · regime FAVORABLE,False,2,58.46,57.5831,59.05,114,1.01,0.67,False
CLOU,27.835,BASING,0.0,0,20,20,28.84,28.82,2,daily,3.54,11 bear-built-above · rel-vol 0.4x · regime FAVORABLE,False,20,27.835,27.4175,28.84,239,3.61,2.41,False
CLS,337.81,BASING,0.0,0,4,4,365.89,365.7,19,45m,8.26,rel-vol 1.0x · regime FAVORABLE,True,7,337.81,332.7428,365.89,19,8.31,5.54,False
CLSK,14.77,BASING,0.0,0,4,4,16.28,16.25,4,4h,10.02,rel-vol 1.7x · regime FAVORABLE,True,4,14.77,14.5484,16.28,451,10.22,6.82,False
CLYM,14.25,BASING,0.0,0,18,18,16.075,16.03,5,15m,12.49,9 bear-built-above · rel-vol 2.3x · regime FAVORABLE,True,18,14.25,14.0362,16.075,467,12.81,8.54,False
CMCSA,22.72,BASING,0.0,0,17,17,22.91,22.74,18,daily,0.09,63 bear-built-above · rel-vol 2.5x · regime FAVORABLE,False,17,22.72,22.3792,22.91,293,0.84,0.56,False
CMG,33.6,BASING,0.0,0,16,16,37.57,37.41,17,daily,11.34,17 bear-built-above · rel-vol 1.8x · regime FAVORABLE,False,16,33.6,33.096,37.57,198,11.82,7.88,False
CMPS,15.19,BASING,0,0,0,0,,,,,0,rel-vol 1.3x · regime FAVORABLE,True,1,15.19,14.9621,16.709,438,10.0,6.67,False
CMRC,3.33,BASING,0.0,0,16,16,3.58,3.48,11,daily,4.5,16 bear-built-above · rel-vol 1.6x · regime FAVORABLE,False,17,3.33,3.2801,3.58,2002,7.51,5.01,False
CNC,65.11,BASING,0.0,0,15,15,72.47,69.55,293,daily,6.82,13 bear-built-above · rel-vol 2.9x · regime FAVORABLE,False,15,65.11,64.1333,72.47,102,11.3,7.54,False
CNH,13.47,BASING,0.0,0,7,7,13.55,13.52,4,daily,0.37,7 bear-built-above · rel-vol 1.0x · regime FAVORABLE,False,7,13.47,13.268,13.55,494,0.59,0.4,False
CNK,34.9925,BASING,0.0,0,20,20,37.4,37.17,23,daily,6.22,1 bear-built-above · rel-vol 1.4x · regime FAVORABLE,False,21,34.9925,34.4676,37.4,190,6.88,4.59,False
CNM,42.6125,BASING,0.0,0,19,19,48.95,48.54,42,weekly,13.91,11 bear-built-above · rel-vol 1.4x · regime FAVORABLE,False,19,42.6125,41.9733,48.95,156,14.87,9.91,False
CNQ,49.42,BASING,0.0,0,19,19,50.9,50.58,33,15m,2.35,25 bear-built-above · rel-vol 0.9x · regime FAVORABLE,True,19,49.42,48.6787,50.9,134,2.99,2.0,False
CNR,91.0825,BASING,0.0,0,20,20,93.32,92.4,92,daily,1.45,56 bear-built-above · rel-vol 2.8x · regime FAVORABLE,False,22,91.0825,89.7163,93.32,73,2.46,1.64,False
CNX,32.8875,BASING,0.0,0,19,19,33.52,33.31,22,daily,1.28,39 bear-built-above · rel-vol 3.9x · regime FAVORABLE,False,19,32.8875,32.3942,33.52,202,1.92,1.28,False
CNXC,27.8675,BASING,0.0,0,16,16,28.34,28.055,29,daily,0.67,7 bear-built-above · rel-vol 3.6x · regime FAVORABLE,False,16,27.8675,27.4495,28.34,239,1.7,1.13,False
COCO,55.82,BASING,0.0,0,19,19,56.24,56.05,20,daily,0.41,5 bear-built-above · rel-vol 2.2x · regime FAVORABLE,False,19,55.82,54.9827,56.24,119,0.75,0.5,False
COGT,32.0,BASING,0.0,0,20,20,34.61,34.16,46,weekly,6.75,26 bear-built-above · rel-vol 2.6x · regime FAVORABLE,False,20,32.0,31.52,34.61,208,8.16,5.44,False
COHR,326.15,BASING,0.0,0,9,9,351.2,340.0,1120,45m,4.25,rel-vol 1.7x · regime FAVORABLE,True,11,326.15,321.2577,351.2,20,7.68,5.12,False
COHU,59.44,BASING,0.0,0,14,14,64.08,62.91,118,weekly,5.84,rel-vol 1.4x · regime FAVORABLE,False,14,59.44,58.5484,64.08,112,7.81,5.2,False
COHX,29.08,BASING,0.0,0,5,5,33.41,31.16,225,daily,7.15,rel-vol 1.6x · regime FAVORABLE,True,5,29.08,28.6438,33.41,229,14.89,9.93,False
COIN,199.18,BASING,0.0,0,3,3,223.14,222.745,40,daily,11.83,rel-vol 2.0x · regime FAVORABLE,True,5,199.18,196.1923,223.14,33,12.03,8.02,False
COKE,193.0867,BASING,0.0,0,20,20,210.52,207.35,318,daily,7.39,18 bear-built-above · rel-vol 4.0x · regime FAVORABLE,False,21,193.0867,190.1904,210.52,34,9.03,6.02,False
COLD,14.41,BASING,0.0,0,20,20,16.25,16.1,15,daily,11.73,12 bear-built-above · rel-vol 1.9x · regime FAVORABLE,False,24,14.41,14.1938,16.25,462,12.77,8.51,False
COMP,10.19,BASING,0.0,0,19,19,10.51,10.35,17,weekly,1.57,16 bear-built-above · rel-vol 2.0x · regime FAVORABLE,False,20,10.19,10.0371,10.51,654,3.14,2.09,False
CONL,6.64,BASING,0.0,0,5,5,7.3,6.72,59,weekly,1.2,rel-vol 2.3x · regime FAVORABLE,True,9,6.64,6.5404,7.3,1004,9.94,6.63,False
COO,55.29,BASING,0.0,0,12,12,63.6,63.48,13,1h,14.81,9 bear-built-above · rel-vol 2.1x · regime FAVORABLE,False,12,55.29,54.4607,63.6,120,15.03,10.02,False
COPX,87.9,BASING,0.0,0,13,13,95.27,89.66,561,daily,2.0,16 bear-built-above · rel-vol 0.6x · regime FAVORABLE,False,13,87.9,86.5815,95.27,75,8.38,5.59,False
CORD,3.28,BASING,0.0,0,20,20,3.48,3.475,1,45m,5.95,19 bear-built-above · rel-vol 1.2x · regime FAVORABLE,False,20,3.28,3.2308,3.48,2032,6.1,4.07,False
CORT,111.4758,BASING,0.0,0,19,19,123.57,122.57,100,daily,9.95,4 bear-built-above · rel-vol 10.1x · regime FAVORABLE,False,19,111.4758,109.8037,123.57,59,10.85,7.23,False
CORZ,18.4,BASING,0.0,0,13,13,20.13,19.5,63,daily,5.98,rel-vol 1.2x · regime FAVORABLE,True,13,18.4,18.124,20.13,362,9.4,6.27,False
COTY,2.43,BASING,0.0,0,20,20,3.15,2.66,49,daily,9.47,22 bear-built-above · rel-vol 1.5x · regime FAVORABLE,False,20,2.43,2.3936,3.15,2743,29.63,19.75,False
COUR,5.1138,BASING,0.0,0,19,19,5.8,5.78,2,weekly,13.03,27 bear-built-above · rel-vol 1.4x · regime FAVORABLE,False,19,5.1138,5.0371,5.8,1303,13.42,8.95,False
CPNG,14.41,BASING,0.0,0,15,15,15.12,14.98,14,weekly,3.96,15 bear-built-above · rel-vol 1.5x · regime FAVORABLE,False,15,14.41,14.1938,15.12,462,4.93,3.28,False
CPOP,4.13,BASING,0.0,0,2,2,4.32,4.14,19,45m,0.24,2 bear-built-above · rel-vol 14.6x · regime FAVORABLE,True,3,4.13,4.068,4.32,1614,4.6,3.07,False
CPRI,14.75,BASING,0.0,0,11,11,16.02,15.7,33,daily,6.44,1 bear-built-above · rel-vol 4.0x · regime FAVORABLE,False,11,14.75,14.5288,16.02,451,8.61,5.74,False
CPRT,29.22,BASING,0.0,0,19,19,32.6,32.36,25,daily,10.75,42 bear-built-above · rel-vol 2.6x · regime FAVORABLE,False,19,29.22,28.7817,32.6,228,11.57,7.71,False
CRBG,34.8075,BASING,0.0,0,3,3,34.88,34.81,8,daily,0.01,3 bear-built-above · rel-vol 2.4x · regime FAVORABLE,True,5,34.8075,34.2854,34.88,191,0.21,0.14,False
CRC,54.0675,BASING,0.0,0,19,19,58.61,56.67,194,weekly,4.81,45 bear-built-above · rel-vol 2.0x · regime FAVORABLE,False,19,54.0675,53.2565,58.61,123,8.4,5.6,False
CRCA,23.69,BASING,0.0,0,20,20,24.82,24.6,22,30m,3.84,31 bear-built-above · rel-vol 1.0x · regime FAVORABLE,False,22,23.69,23.3346,24.82,281,4.77,3.18,False
CRCD,1.719,BASING,0.0,0,20,20,1.8798,1.87,1,45m,8.78,25 bear-built-above · rel-vol 1.8x · regime FAVORABLE,False,20,1.719,1.6932,1.8798,3878,9.35,6.24,False
CRCG,16.15,BASING,0.0,0,20,20,19.23,18.41,83,15m,13.99,33 bear-built-above · rel-vol 1.2x · regime FAVORABLE,False,23,16.15,15.9077,19.23,412,19.07,12.71,False
CRCL,93.04,BASING,0.0,0,20,20,104.97,101.88,310,daily,9.5,14 bear-built-above · rel-vol 1.8x · regime FAVORABLE,False,23,93.04,91.6444,104.97,71,12.82,8.55,False
CRDO,181.55,BASING,0.0,0,9,9,206.63,188.635,1800,daily,3.9,3 bear-built-above · rel-vol 1.6x · regime FAVORABLE,True,11,181.55,178.8268,206.63,36,13.81,9.21,False
CRE,3.235,BASING,0.0,0,7,7,3.91,3.37,54,daily,4.17,rel-vol 0.0x · regime FAVORABLE,False,7,3.235,3.1865,3.91,2060,20.87,13.91,False
CRGY,13.9,BASING,0.0,0,19,19,14.11,14.02,9,daily,0.86,16 bear-built-above · rel-vol 3.2x · regime FAVORABLE,False,19,13.9,13.6915,14.11,479,1.51,1.01,False
CRL,278.06,BASING,0.0,0,20,20,291.5,288.5,300,weekly,3.75,11 bear-built-above · rel-vol 1.7x · regime FAVORABLE,False,20,278.06,273.8891,291.5,23,4.83,3.22,False
CRM,238.68,BASING,0.0,0,20,20,250.54,244.18,636,daily,2.3,42 bear-built-above · rel-vol 1.3x · regime FAVORABLE,False,21,238.68,235.0998,250.54,27,4.97,3.31,False
CRMG,8.6,BASING,0.0,0,19,19,9.46,9.02,45,daily,4.88,16 bear-built-above · rel-vol 0.3x · regime FAVORABLE,False,19,8.6,8.471,9.46,775,10.0,6.67,False
CRML,8.88,BASING,0.0,0,11,11,9.26,9.07,19,daily,2.14,rel-vol 1.3x · regime FAVORABLE,False,14,8.88,8.7468,9.26,750,4.28,2.85,False
CRNX,84.97,BASING,0,0,0,0,,,,,0,rel-vol 3.2x · regime FAVORABLE,False,0,84.97,83.6954,93.467,78,10.0,6.67,False
CROX,122.24,BASING,0.0,0,20,20,131.72,131.08,64,weekly,7.23,10 bear-built-above · rel-vol 2.1x · regime FAVORABLE,False,20,122.24,120.4064,131.72,54,7.76,5.17,False
CRS,407.5,BASING,0.0,0,20,20,443.19,431.33,1187,weekly,5.85,41 bear-built-above · rel-vol 1.7x · regime FAVORABLE,False,20,407.5,401.3875,443.19,16,8.76,5.84,False
CRSP,56.8,BASING,0.0,0,10,10,63.99,63.02,97,weekly,10.95,5 bear-built-above · rel-vol 2.2x · regime FAVORABLE,False,12,56.8,55.948,63.99,117,12.66,8.44,False
CRSR,13.38,BASING,0.0,0,16,16,13.6799,13.62,6,30m,1.79,13 bear-built-above · rel-vol 1.3x · regime FAVORABLE,True,16,13.38,13.1793,13.6799,498,2.24,1.49,False
CRUS,118.92,BASING,0.0,0,19,19,129.42,123.51,591,daily,3.86,17 bear-built-above · rel-vol 2.0x · regime FAVORABLE,False,19,118.92,117.1362,129.42,56,8.83,5.89,False
CRWD,236.78,BASING,0.0,0,9,9,242.66,242.5,16,5m,2.42,9 bear-built-above · rel-vol 1.5x · regime FAVORABLE,True,9,236.78,233.2283,242.66,28,2.48,1.66,False
CRWL,84.16,BASING,0.0,0,20,20,85.885,85.765,13,4h,1.91,25 bear-built-above · rel-vol 0.7x · regime FAVORABLE,False,20,84.16,82.8976,85.885,79,2.05,1.37,False
CRWV,82.86,BASING,0.0,0,11,11,88.99,82.98,601,daily,0.14,7 bear-built-above · rel-vol 2.6x · regime FAVORABLE,False,14,82.86,81.6171,88.99,80,7.4,4.93,False
CSCO,109.89,BASING,0.0,0,17,17,122.745,113.925,883,daily,3.67,10 bear-built-above · rel-vol 2.7x · regime FAVORABLE,False,17,109.89,108.2416,122.745,60,11.7,7.8,False
CSGP,29.13,BASING,0.0,0,20,20,32.22,31.945,28,weekly,9.66,35 bear-built-above · rel-vol 2.4x · regime FAVORABLE,False,20,29.13,28.693,32.22,228,10.61,7.07,False
CSTL,35.34,BASING,0.0,0,20,20,38.94,38.85,9,daily,9.93,25 bear-built-above · rel-vol 1.6x · regime FAVORABLE,True,20,35.34,34.8099,38.94,188,10.19,6.79,False
CSX,46.62,BASING,0.0,0,19,19,49.41,48.98,43,weekly,5.06,42 bear-built-above · rel-vol 2.5x · regime FAVORABLE,False,23,46.62,45.9207,49.41,143,5.98,3.99,False
CTNT,0.0488,BASING,0.0,0,2,2,0.0507,0.0502,1,1m,2.87,1 bear-built-above · rel-vol 5.1x · regime FAVORABLE,False,2,0.0488,0.0481,0.0507,136612,3.89,2.6,False
CTRI,19.09,BASING,0.0,0,18,18,20.16,19.65,52,weekly,2.93,31 bear-built-above · rel-vol 1.5x · regime FAVORABLE,False,18,19.09,18.8037,20.16,349,5.61,3.74,False
CTSH,60.1303,BASING,0.0,0,20,20,62.88,62.3,59,daily,3.61,34 bear-built-above · rel-vol 3.0x · regime FAVORABLE,False,20,60.1303,59.2283,62.88,110,4.57,3.05,False
CURI,2.7322,BASING,0.0,0,20,20,2.9,2.81,9,daily,2.85,15 bear-built-above · rel-vol 0.7x · regime FAVORABLE,False,21,2.7322,2.6912,2.9,2440,6.14,4.09,False
CVE,32.52,BASING,0.0,0,17,17,32.66,32.65,1,45m,0.4,15 bear-built-above · rel-vol 0.9x · regime FAVORABLE,False,17,32.52,32.0322,32.66,205,0.43,0.29,False
CVI,53.6925,BASING,0.0,0,2,2,53.89,53.86,4,10m,0.31,2 bear-built-above · rel-vol 1.6x · regime FAVORABLE,True,2,53.6925,52.8871,53.89,124,0.37,0.25,False
CVLT,144.5375,BASING,0.0,0,5,5,174.15,162.075,1208,daily,12.13,2 bear-built-above · rel-vol 2.2x · regime FAVORABLE,False,8,144.5375,142.3694,174.15,46,20.49,13.66,False
CVNA,65.84,BASING,0.0,0,19,19,73.41,71.91,150,daily,9.22,17 bear-built-above · rel-vol 2.0x · regime FAVORABLE,True,19,65.84,64.8524,73.41,101,11.5,7.67,False
CVSA,126.7225,BASING,0.0,0,20,20,133.66,130.0,366,daily,2.59,8 bear-built-above · rel-vol 2.1x · regime FAVORABLE,False,20,126.7225,124.8217,133.66,52,5.47,3.65,False
CVX,208.32,BASING,0.0,0,20,20,215.3,215.09,22,30m,3.25,53 bear-built-above · rel-vol 4.8x · regime FAVORABLE,False,20,208.32,205.1952,215.3,32,3.35,2.23,False
CWK,12.4025,BASING,0.0,0,19,19,13.66,13.46,20,weekly,8.53,10 bear-built-above · rel-vol 1.7x · regime FAVORABLE,False,19,12.4025,12.2165,13.66,537,10.14,6.76,False
CX,10.15,BASING,0.0,0,19,19,10.69,10.51,18,weekly,3.55,24 bear-built-above · rel-vol 1.1x · regime FAVORABLE,False,19,10.15,9.9977,10.69,656,5.32,3.55,False
CXW,35.2325,BASING,0.0,0,9,9,36.32,36.205,12,10m,2.76,9 bear-built-above · rel-vol 1.9x · regime FAVORABLE,False,9,35.2325,34.704,36.32,189,3.09,2.06,False
CYCU,3.34,BASING,0.0,0,20,20,3.85,3.6,25,weekly,7.78,20 bear-built-above · rel-vol 0.3x · regime FAVORABLE,False,21,3.34,3.2899,3.85,1996,15.27,10.18,False
CYPH,3.76,BASING,0.0,0,2,2,3.8,3.785,2,5m,0.66,2 bear-built-above · rel-vol 1.8x · regime FAVORABLE,True,2,3.76,3.7036,3.8,1773,1.06,0.71,False
CYTK,68.78,BASING,0.0,0,20,20,77.9,73.88,403,daily,7.41,32 bear-built-above · rel-vol 2.5x · regime FAVORABLE,False,23,68.78,67.7483,77.9,96,13.26,8.84,False
DAIC,3.51,BASING,0.0,0,17,17,4.04,4.0199,3,45m,14.53,14 bear-built-above · rel-vol 0.2x · regime FAVORABLE,False,17,3.51,3.4573,4.04,1899,15.1,10.07,False
DAL,80.75,BASING,0.0,0,19,19,89.35,89.0,35,weekly,10.22,rel-vol 3.9x · regime FAVORABLE,False,21,80.75,79.5387,89.35,82,10.65,7.1,False
DAN,29.8125,BASING,0.0,0,16,16,35.47,33.175,230,daily,11.28,20 bear-built-above · rel-vol 2.9x · regime FAVORABLE,False,16,29.8125,29.3653,35.47,223,18.98,12.65,False
DAPP,21.0,BASING,0.0,0,7,7,24.49,23.16,133,daily,10.29,rel-vol 0.9x · regime FAVORABLE,False,7,21.0,20.685,24.49,317,16.62,11.08,False
DAR,65.21,BASING,0.0,0,20,20,66.5,66.28,22,45m,1.64,14 bear-built-above · rel-vol 1.5x · regime FAVORABLE,True,20,65.21,64.2318,66.5,102,1.98,1.32,False
DASH,192.88,BASING,0.0,0,20,20,211.73,208.94,279,weekly,8.33,15 bear-built-above · rel-vol 2.0x · regime FAVORABLE,False,21,192.88,189.9868,211.73,34,9.77,6.52,False
DAVE,337.8225,BASING,0.0,0,19,19,430.16,385.97,4419,daily,14.25,40 bear-built-above · rel-vol 1.4x · regime FAVORABLE,False,19,337.8225,332.7552,430.16,19,27.33,18.22,False
DBGI,4.7,BASING,0.0,0,2,2,5.17,4.93,25,daily,4.89,2 bear-built-above · rel-vol 0.2x · regime FAVORABLE,False,2,4.7,4.6295,5.17,1418,10.0,6.67,False
DBRG,15.88,BASING,0.0,0,12,12,15.9,15.89,1,daily,0.06,7 bear-built-above · rel-vol 0.8x · regime FAVORABLE,False,13,15.88,15.6418,15.9,419,0.13,0.08,False
DBX,36.4825,BASING,0.0,0,19,19,36.625,36.62,1,1h,0.38,19 bear-built-above · rel-vol 2.2x · regime FAVORABLE,False,19,36.4825,35.9353,36.625,182,0.39,0.26,False
DCO,166.25,BASING,0.0,0,20,20,183.93,183.74,19,daily,10.52,15 bear-built-above · rel-vol 2.3x · regime FAVORABLE,False,20,166.25,163.7562,183.93,40,10.63,7.09,False
DCX,0.1336,BASING,0.0,0,2,2,0.1399,0.1395,1,1m,4.42,2 bear-built-above · rel-vol 4.2x · regime FAVORABLE,False,2,0.1336,0.1316,0.1399,49900,4.72,3.14,False
DDOG,230.49,BASING,0.0,0,18,18,260.0,259.5,50,1h,12.59,7 bear-built-above · rel-vol 1.4x · regime FAVORABLE,True,21,230.49,227.0327,260.0,28,12.8,8.54,False
DDS,636.26,BASING,0.0,0,20,20,650.57,644.38,620,weekly,1.28,21 bear-built-above · rel-vol 1.0x · regime FAVORABLE,False,20,636.26,626.7161,650.57,10,2.25,1.5,False
DE,687.2262,BASING,0.0,0,11,11,694.41,693.53,88,daily,0.92,rel-vol 1.6x · regime FAVORABLE,False,15,687.2262,676.9178,694.41,9,1.05,0.7,False
DELL,585.26,BASING,0.0,0,6,6,587.8195,587.71,11,5m,0.42,6 bear-built-above · rel-vol 1.1x · regime FAVORABLE,True,6,585.26,576.4811,587.8195,11,0.44,0.29,False
DFDV,6.36,BASING,0.0,0,5,5,7.36,7.15,21,daily,12.42,rel-vol 3.7x · regime FAVORABLE,True,5,6.36,6.2646,7.36,1048,15.72,10.48,False
DFNS,7.78,BASING,0.0,0,19,19,8.07,7.96,12,10m,2.31,19 bear-built-above · rel-vol 0.3x · regime FAVORABLE,False,19,7.78,7.6633,8.07,856,3.73,2.49,False
DFTX,39.0,BASING,0.0,0,20,20,43.82,43.18,65,daily,10.72,17 bear-built-above · rel-vol 1.5x · regime FAVORABLE,False,20,39.0,38.415,43.82,170,12.36,8.24,False
DG,122.7,BASING,0.0,0,20,20,144.84,135.95,890,daily,10.8,18 bear-built-above · rel-vol 1.7x · regime FAVORABLE,False,20,122.7,120.8595,144.84,54,18.04,12.03,False
DGX,246.45,BASING,0.0,0,11,11,247.45,246.52,93,daily,0.03,11 bear-built-above · rel-vol 1.9x · regime FAVORABLE,False,13,246.45,242.7532,247.45,27,0.41,0.27,False
DGXX,4.2,BASING,0.0,0,9,9,4.68,4.64,5,30m,10.48,rel-vol 3.1x · regime FAVORABLE,True,10,4.2,4.137,4.68,1587,11.43,7.62,False
DHR,211.81,BASING,0.0,0,20,20,247.84,235.02,1282,daily,10.96,10 bear-built-above · rel-vol 2.5x · regime FAVORABLE,False,24,211.81,208.6328,247.84,31,17.01,11.34,False
DHT,23.11,BASING,0.0,0,4,4,23.4453,23.26,19,45m,0.65,4 bear-built-above · rel-vol 1.2x · regime FAVORABLE,True,5,23.11,22.7633,23.4453,288,1.45,0.97,False
DINO,115.9141,BASING,0.0,0,5,5,117.07,117.05,2,1h,0.98,5 bear-built-above · rel-vol 2.2x · regime FAVORABLE,True,5,115.9141,114.1754,117.07,57,1.0,0.66,False
DIOD,92.0,BASING,0.0,0,20,20,93.34,92.37,97,weekly,0.4,19 bear-built-above · rel-vol 1.3x · regime FAVORABLE,False,21,92.0,90.62,93.34,72,1.46,0.97,False
DIS,103.4,BASING,0.0,0,19,19,109.63,108.78,85,daily,5.2,36 bear-built-above · rel-vol 2.3x · regime FAVORABLE,False,19,103.4,101.849,109.63,64,6.03,4.02,False
DJT,8.98,BASING,0.0,0,16,16,10.134,10.13,1,1h,12.81,4 bear-built-above · rel-vol 1.3x · regime FAVORABLE,False,18,8.98,8.8453,10.134,742,12.85,8.57,False
DK,78.1899,BASING,0.0,0,10,10,79.95,79.835,12,1h,2.1,10 bear-built-above · rel-vol 4.7x · regime FAVORABLE,False,10,78.1899,77.0171,79.95,85,2.25,1.5,False
DKNG,21.9,BASING,0.0,0,18,18,25.26,24.83,44,weekly,13.38,18 bear-built-above · rel-vol 1.8x · regime FAVORABLE,False,18,21.9,21.5715,25.26,304,15.34,10.23,False
DKS,121.8174,BASING,0.0,0,20,20,135.03,131.87,316,weekly,8.25,43 bear-built-above · rel-vol 0.4x · regime FAVORABLE,False,20,121.8174,119.9901,135.03,54,10.85,7.23,False
DLO,14.27,BASING,0.0,0,20,20,15.7,15.63,7,daily,9.53,28 bear-built-above · rel-vol 0.8x · regime FAVORABLE,False,21,14.27,14.0559,15.7,467,10.02,6.68,False
DLTR,111.96,BASING,0.0,0,20,20,124.04,123.07,98,daily,9.92,27 bear-built-above · rel-vol 2.1x · regime FAVORABLE,False,20,111.96,110.2806,124.04,59,10.79,7.19,False
DLXY,0.6635,BASING,0.0,0,9,9,0.7245,0.7155,1,4h,7.84,8 bear-built-above · rel-vol 1.1x · regime FAVORABLE,False,9,0.6635,0.6535,0.7245,10047,9.19,6.13,False
DNLI,20.0,BASING,0.0,0,20,20,22.28,21.79,50,weekly,8.95,27 bear-built-above · rel-vol 2.2x · regime FAVORABLE,False,20,20.0,19.7,22.28,333,11.4,7.6,False
DNN,2.88,BASING,0.0,0,14,14,3.02,2.93,9,weekly,1.74,16 bear-built-above · rel-vol 1.3x · regime FAVORABLE,False,14,2.88,2.8368,3.02,2314,4.86,3.24,False
DNTH,96.81,BASING,0.0,0,20,20,98.45,98.41,5,15m,1.65,15 bear-built-above · rel-vol 3.8x · regime FAVORABLE,False,24,96.81,95.3578,98.45,68,1.69,1.13,False
DOCN,130.998,BASING,0.0,0,12,12,134.99,134.01,99,45m,2.3,4 bear-built-above · rel-vol 3.6x · regime FAVORABLE,False,13,130.998,129.033,134.99,50,3.05,2.03,False
DOCS,26.12,BASING,0.0,0,7,7,27.4,26.31,109,daily,0.73,3 bear-built-above · rel-vol 2.7x · regime FAVORABLE,True,11,26.12,25.7282,27.4,255,4.9,3.27,False
DOCU,69.0706,BASING,0.0,0,20,20,92.9,76.775,1613,daily,11.15,22 bear-built-above · rel-vol 1.9x · regime FAVORABLE,False,22,69.0706,68.0345,92.9,96,34.5,23.0,False
DOMO,3.8147,BASING,0.0,0,20,20,3.92,3.87,5,daily,1.45,19 bear-built-above · rel-vol 1.5x · regime FAVORABLE,False,20,3.8147,3.7575,3.92,1747,2.76,1.84,False
DOO,58.01,BASING,0.0,0,20,20,60.99,60.74,25,weekly,4.71,59 bear-built-above · rel-vol 0.4x · regime FAVORABLE,False,20,58.01,57.1398,60.99,114,5.14,3.42,False
DOW,28.7,BASING,0.0,0,15,15,33.85,32.71,115,weekly,13.97,17 bear-built-above · rel-vol 1.5x · regime FAVORABLE,False,15,28.7,28.2695,33.85,232,17.94,11.96,False
DPC,40.76,BASING,0.0,0,10,10,42.3,41.39,91,weekly,1.55,5 bear-built-above · rel-vol 1.8x · regime FAVORABLE,False,10,40.76,40.1486,42.3,163,3.78,2.52,False
DPRO,5.64,BASING,0.0,0,12,12,5.655,5.645,2,10m,0.09,2 bear-built-above · rel-vol 0.7x · regime FAVORABLE,False,12,5.64,5.5554,5.655,1182,0.27,0.18,False
DPZ,294.61,BASING,0.0,0,20,20,335.41,333.0,242,daily,13.03,70 bear-built-above · rel-vol 1.9x · regime FAVORABLE,False,20,294.61,290.1909,335.41,22,13.85,9.23,False
DRAM,61.05,BASING,0.0,0,11,11,80.675,69.52,1116,daily,13.87,rel-vol 1.1x · regime FAVORABLE,False,12,61.05,60.1342,80.675,109,32.15,21.43,False
DRI,211.0,BASING,0.0,0,20,20,225.56,224.56,100,daily,6.43,15 bear-built-above · rel-vol 1.7x · regime FAVORABLE,False,22,211.0,207.835,225.56,31,6.9,4.6,False
DRIP,34.44,BASING,0.0,0,20,20,35.8,34.63,117,daily,0.55,rel-vol 0.8x · regime FAVORABLE,False,22,34.44,33.9234,35.8,193,3.95,2.63,False
DSGX,77.29,BASING,0.0,0,20,20,87.89,87.0,90,weekly,12.56,18 bear-built-above · rel-vol 1.4x · regime FAVORABLE,False,20,77.29,76.1307,87.89,86,13.71,9.14,False
DT,56.1618,BASING,0.0,0,5,5,61.64,61.38,26,daily,9.29,4 bear-built-above · rel-vol 1.8x · regime FAVORABLE,True,5,56.1618,55.3194,61.64,118,9.75,6.5,False
DTM,125.8575,BASING,0.0,0,15,15,145.69,144.09,160,weekly,14.49,16 bear-built-above · rel-vol 1.6x · regime FAVORABLE,False,15,125.8575,123.9696,145.69,52,15.76,10.51,False
DUOL,142.28,BASING,0.0,0,20,20,158.82,157.46,136,daily,10.67,74 bear-built-above · rel-vol 1.2x · regime FAVORABLE,False,21,142.28,140.1458,158.82,46,11.62,7.75,False
DUST,34.34,BASING,0.0,0,20,20,40.99,37.51,349,daily,9.23,45 bear-built-above · rel-vol 0.6x · regime FAVORABLE,False,20,34.34,33.8249,40.99,194,19.37,12.91,False
DVA,183.86,BASING,0.0,0,19,19,227.99,205.25,2275,daily,11.63,16 bear-built-above · rel-vol 2.8x · regime FAVORABLE,False,19,183.86,181.1021,227.99,36,24.0,16.0,False
DVLT,0.1574,BASING,0.0,0,8,8,0.159,0.158,1,10m,0.38,8 bear-built-above · rel-vol 1.4x · regime FAVORABLE,False,8,0.1574,0.155,0.159,42354,1.02,0.68,False
DVN,48.2,BASING,0.0,0,20,20,50.56,50.47,10,30m,4.71,38 bear-built-above · rel-vol 3.3x · regime FAVORABLE,True,20,48.2,47.477,50.56,138,4.9,3.26,False
DX,12.0968,BASING,0.0,0,18,18,13.25,13.15,10,daily,8.71,27 bear-built-above · rel-vol 2.7x · regime FAVORABLE,False,18,12.0968,11.9153,13.25,551,9.53,6.36,False
DXCM,89.6,BASING,0.0,0,8,8,90.82,90.0,82,weekly,0.45,rel-vol 3.6x · regime FAVORABLE,False,8,89.6,88.256,90.82,74,1.36,0.91,False
DXST,2.5287,BASING,0.0,0,20,20,2.95,2.65,31,daily,4.8,20 bear-built-above · rel-vol 0.0x · regime FAVORABLE,False,20,2.5287,2.4908,2.95,2636,16.66,11.11,False
DXYZ,31.27,BASING,0.0,0,19,19,32.11,31.31,81,weekly,0.13,13 bear-built-above · rel-vol 1.1x · regime FAVORABLE,False,26,31.27,30.801,32.11,213,2.69,1.79,False
DY,297.59,BASING,0.0,0,17,17,351.8,326.91,2489,daily,9.85,32 bear-built-above · rel-vol 1.4x · regime FAVORABLE,False,17,297.59,293.1261,351.8,22,18.22,12.14,False
DYN,17.06,BASING,0.0,0,18,18,24.28,18.21,607,weekly,6.74,17 bear-built-above · rel-vol 1.5x · regime FAVORABLE,False,18,17.06,16.8041,24.28,390,42.32,28.21,False
EAT,198.0,BASING,0.0,0,20,20,222.49,220.09,241,daily,11.16,28 bear-built-above · rel-vol 6.2x · regime FAVORABLE,False,21,198.0,195.03,222.49,33,12.37,8.25,False
EBAY,111.84,BASING,0.0,0,11,11,115.3,113.86,144,daily,1.81,7 bear-built-above · rel-vol 4.0x · regime FAVORABLE,False,12,111.84,110.1624,115.3,59,3.09,2.06,False
ECG,115.9725,BASING,0.0,0,17,17,125.96,124.98,98,weekly,7.77,15 bear-built-above · rel-vol 1.4x · regime FAVORABLE,False,17,115.9725,114.2329,125.96,57,8.61,5.74,False
ECHO,94.11,BASING,0.0,0,10,10,102.27,102.15,12,30m,8.54,4 bear-built-above · rel-vol 3.1x · regime FAVORABLE,False,11,94.11,92.6984,102.27,70,8.67,5.78,False
ECO,83.8,BASING,0.0,0,20,20,85.66,85.0,66,daily,1.43,29 bear-built-above · rel-vol 1.7x · regime FAVORABLE,True,20,83.8,82.543,85.66,79,2.22,1.48,False
EDRY,69.46,BASING,0.0,0,7,7,72.5,72.13,38,10m,3.84,7 bear-built-above · rel-vol 0.8x · regime FAVORABLE,False,7,69.46,68.4181,72.5,95,4.38,2.92,False
EEFT,65.6602,BASING,0.0,0,20,20,67.86,67.43,43,daily,2.7,54 bear-built-above · rel-vol 1.4x · regime FAVORABLE,False,20,65.6602,64.6753,67.86,101,3.35,2.23,False
EFOR,32.7625,BASING,0.0,0,20,20,33.63,33.45,18,4h,2.1,27 bear-built-above · rel-vol 2.3x · regime FAVORABLE,False,20,32.7625,32.2711,33.63,203,2.65,1.77,False
EFX,158.87,BASING,0.0,0,19,19,187.0,177.05,995,daily,11.44,46 bear-built-above · rel-vol 2.6x · regime FAVORABLE,False,19,158.87,156.487,187.0,41,17.71,11.8,False
EGO,43.28,BASING,0.0,0,20,20,47.99,47.94,6,1h,10.77,21 bear-built-above · rel-vol 2.7x · regime FAVORABLE,False,22,43.28,42.6308,47.99,154,10.88,7.26,False
EIX,55.45,BASING,0.0,0,16,16,70.17,56.77,1340,weekly,2.38,20 bear-built-above · rel-vol 1.3x · regime FAVORABLE,False,16,55.45,54.6183,70.17,120,26.55,17.7,False
EL,93.43,BASING,0.0,0,20,20,109.47,106.75,272,weekly,14.26,20 bear-built-above · rel-vol 1.8x · regime FAVORABLE,False,21,93.43,92.0286,109.47,71,17.17,11.45,False
ELAN,22.45,BASING,0.0,0,18,18,26.22,25.345,88,daily,12.9,18 bear-built-above · rel-vol 1.6x · regime FAVORABLE,False,18,22.45,22.1133,26.22,296,16.79,11.2,False
ELF,96.3953,BASING,0.0,0,16,16,100.08,98.09,199,daily,1.76,10 bear-built-above · rel-vol 1.2x · regime FAVORABLE,False,18,96.3953,94.9494,100.08,69,3.82,2.55,False
ELMT,22.62,BASING,0.0,0,11,11,22.7981,22.7,10,4h,0.35,11 bear-built-above · rel-vol 1.0x · regime FAVORABLE,False,11,22.62,22.2807,22.7981,294,0.79,0.52,False
ELV,410.95,BASING,0.0,0,13,13,484.0,444.35,3965,daily,8.13,12 bear-built-above · rel-vol 1.8x · regime FAVORABLE,False,15,410.95,404.7858,484.0,16,17.78,11.85,False
EME,750.09,BASING,0.0,0,16,16,805.78,799.14,664,daily,6.54,21 bear-built-above · rel-vol 2.3x · regime FAVORABLE,False,16,750.09,738.8387,805.78,8,7.42,4.95,False
EMR,149.92,BASING,0.0,0,20,20,155.18,153.77,141,weekly,2.57,6 bear-built-above · rel-vol 1.8x · regime FAVORABLE,False,22,149.92,147.6712,155.18,44,3.51,2.34,False
ENPH,35.07,BASING,0.0,0,18,18,36.35,35.24,111,weekly,0.48,29 bear-built-above · rel-vol 1.7x · regime FAVORABLE,False,18,35.07,34.544,36.35,190,3.65,2.43,False
ENS,178.1225,BASING,0.0,0,19,19,189.76,187.6,216,weekly,5.32,19 bear-built-above · rel-vol 2.9x · regime FAVORABLE,False,19,178.1225,175.4507,189.76,37,6.53,4.36,False
ENTG,142.2475,BASING,0.0,0,20,20,162.04,153.47,857,daily,7.89,rel-vol 1.6x · regime FAVORABLE,False,24,142.2475,140.1138,162.04,46,13.91,9.28,False
EOSE,4.03,BASING,0.0,0,9,9,4.4,4.39,2,45m,8.93,rel-vol 1.0x · regime FAVORABLE,True,9,4.03,3.9696,4.4,1654,9.18,6.12,False
EOSU,7.99,BASING,0.0,0,18,18,8.67,8.01,67,daily,0.25,1 bear-built-above · rel-vol 0.8x · regime FAVORABLE,False,18,7.99,7.8701,8.67,834,8.51,5.67,False
EPAM,114.5,BASING,0.0,0,20,20,129.12,125.01,411,daily,9.18,64 bear-built-above · rel-vol 1.6x · regime FAVORABLE,False,20,114.5,112.7825,129.12,58,12.77,8.51,False
EQH,53.9525,BASING,0.0,0,11,11,55.67,55.55,13,weekly,2.96,9 bear-built-above · rel-vol 4.1x · regime FAVORABLE,True,14,53.9525,53.1432,55.67,123,3.18,2.12,False
EQPT,18.1,BASING,0.0,0,12,12,20.47,20.33,15,weekly,12.32,2 bear-built-above · rel-vol 4.1x · regime FAVORABLE,False,12,18.1,17.8285,20.47,368,13.09,8.73,False
EQX,12.45,BASING,0.0,0,18,18,14.33,13.75,59,daily,10.44,8 bear-built-above · rel-vol 2.1x · regime FAVORABLE,False,18,12.45,12.2632,14.33,535,15.1,10.07,False
ERAS,14.77,BASING,0.0,0,9,9,16.7484,16.745,1,30m,13.37,6 bear-built-above · rel-vol 1.9x · regime FAVORABLE,False,9,14.77,14.5484,16.7484,451,13.39,8.93,False
ERO,34.93,BASING,0.0,0,20,20,38.25,35.75,250,daily,2.35,8 bear-built-above · rel-vol 0.7x · regime FAVORABLE,False,22,34.93,34.4061,38.25,190,9.5,6.34,False
EROC,13.25,BASING,0.0,0,16,16,14.07,13.74,34,4h,3.7,rel-vol 3.0x · regime FAVORABLE,False,16,13.25,13.0512,14.07,503,6.19,4.13,False
ERY,8.96,BASING,0.0,0,20,20,9.13,9.0,14,weekly,0.45,rel-vol 1.4x · regime FAVORABLE,False,20,8.96,8.8256,9.13,744,1.9,1.26,False
ESAB,64.75,BASING,0.0,0,20,20,70.69,68.44,225,weekly,5.7,22 bear-built-above · rel-vol 1.3x · regime FAVORABLE,False,20,64.75,63.7788,70.69,102,9.17,6.12,False
ESNT,67.1925,BASING,0.0,0,20,20,68.73,68.29,44,daily,1.63,17 bear-built-above · rel-vol 3.3x · regime FAVORABLE,False,22,67.1925,66.1846,68.73,99,2.29,1.53,False
ESTC,87.5,BASING,0.0,0,20,20,91.81,89.98,183,weekly,2.83,7 bear-built-above · rel-vol 1.1x · regime FAVORABLE,False,22,87.5,86.1875,91.81,76,4.93,3.28,False
ET,21.15,BASING,0.0,0,19,19,21.73,21.61,13,daily,2.17,26 bear-built-above · rel-vol 1.9x · regime FAVORABLE,False,19,21.15,20.8327,21.73,315,2.74,1.83,False
ETH,25.83,BASING,0.0,0,8,8,27.77,27.26,51,weekly,5.54,rel-vol 1.1x · regime FAVORABLE,True,11,25.83,25.4425,27.77,258,7.51,5.01,False
ETHA,20.42,BASING,0.0,0,5,5,24.88,23.17,171,daily,13.47,rel-vol 1.6x · regime FAVORABLE,True,9,20.42,20.1137,24.88,326,21.84,14.56,False
ETHD,24.59,BASING,0.0,0,20,20,25.799,25.28,52,1h,2.81,44 bear-built-above · rel-vol 1.7x · regime FAVORABLE,False,20,24.59,24.2211,25.799,271,4.92,3.28,False
ETHE,21.68,BASING,0.0,0,7,7,24.02,23.578,45,weekly,8.75,rel-vol 1.5x · regime FAVORABLE,True,7,21.68,21.3548,24.02,307,10.79,7.2,False
ETHT,20.01,BASING,0.0,0,5,5,28.86,21.21,765,weekly,6.0,rel-vol 0.9x · regime FAVORABLE,True,12,20.01,19.7099,28.86,333,44.23,29.49,False
ETHU,31.1,BASING,0.0,0,1,1,42.37,31.13,1124,daily,0.1,rel-vol 1.1x · regime FAVORABLE,True,6,31.1,30.6335,42.37,214,36.24,24.16,False
ETN,432.09,BASING,0.0,0,9,9,455.4,444.19,1121,daily,2.8,rel-vol 2.2x · regime FAVORABLE,False,12,432.09,425.6086,455.4,15,5.39,3.6,False
ETON,55.35,BASING,0.0,0,19,19,63.6,62.8705,73,4h,13.59,38 bear-built-above · rel-vol 1.7x · regime FAVORABLE,False,19,55.35,54.5198,63.6,120,14.91,9.94,False
ETSY,72.69,BASING,0.0,0,20,20,76.51,76.08,44,weekly,4.66,17 bear-built-above · rel-vol 2.1x · regime FAVORABLE,False,21,72.69,71.5996,76.51,91,5.26,3.5,False
EW,88.26,BASING,0.0,0,20,20,89.9,89.07,84,weekly,0.92,11 bear-built-above · rel-vol 1.4x · regime FAVORABLE,False,22,88.26,86.9361,89.9,75,1.86,1.24,False
EWTX,45.75,BASING,0.0,0,20,20,46.345,46.21,14,10m,1.01,23 bear-built-above · rel-vol 1.6x · regime FAVORABLE,False,20,45.75,45.0637,46.345,145,1.3,0.87,False
EWY,185.97,BASING,0.0,0,20,20,218.28,193.6,2469,daily,4.1,10 bear-built-above · rel-vol 0.8x · regime FAVORABLE,False,21,185.97,183.1805,218.28,35,17.37,11.58,False
EXE,87.25,BASING,0.0,0,19,19,93.97,93.192,78,daily,6.81,65 bear-built-above · rel-vol 2.8x · regime FAVORABLE,False,19,87.25,85.9412,93.97,76,7.7,5.13,False
EXEL,57.5,BASING,0.0,0,4,4,59.6,58.8,81,10m,2.26,3 bear-built-above · rel-vol 2.4x · regime FAVORABLE,False,4,57.5,56.6375,59.6,115,3.65,2.43,False
EXK,10.19,BASING,0.0,0,16,16,11.15,10.65,50,daily,4.51,11 bear-built-above · rel-vol 0.9x · regime FAVORABLE,False,16,10.19,10.0371,11.15,654,9.42,6.28,False
EXPD,190.94,BASING,0.0,0,11,11,192.9,192.0,91,10m,0.56,11 bear-built-above · rel-vol 2.8x · regime FAVORABLE,False,11,190.94,188.0759,192.9,34,1.03,0.68,False
EXPE,279.9,BASING,0.0,0,20,20,298.04,296.5,155,weekly,5.93,11 bear-built-above · rel-vol 1.8x · regime FAVORABLE,False,22,279.9,275.7015,298.04,23,6.48,4.32,False
EYE,16.875,BASING,0.0,0,20,20,19.3,19.11,20,weekly,13.24,14 bear-built-above · rel-vol 2.2x · regime FAVORABLE,False,20,16.875,16.6219,19.3,395,14.37,9.58,False
EZPW,30.6525,BASING,0.0,0,20,20,32.47,31.99,49,weekly,4.36,35 bear-built-above · rel-vol 1.5x · regime FAVORABLE,False,20,30.6525,30.1927,32.47,217,5.93,3.95,False
F,13.27,BASING,0.0,0,16,16,13.97,13.86,12,weekly,4.45,31 bear-built-above · rel-vol 2.3x · regime FAVORABLE,False,16,13.27,13.0709,13.97,502,5.28,3.52,False
FA,20.7175,BASING,0.0,0,20,20,23.59,21.17,242,daily,2.18,24 bear-built-above · rel-vol 1.6x · regime FAVORABLE,False,20,20.7175,20.4067,23.59,321,13.87,9.24,False
FAMI,0.1229,BASING,0.0,0,5,5,0.1271,0.1247,1,1h,1.46,5 bear-built-above · rel-vol 0.1x · regime FAVORABLE,False,7,0.1229,0.1211,0.1271,54244,3.42,2.28,False
FANG,192.5,BASING,0.0,0,19,19,207.23,197.03,1020,daily,2.35,34 bear-built-above · rel-vol 2.6x · regime FAVORABLE,False,19,192.5,189.6125,207.23,34,7.65,5.1,False
FAST,49.6,BASING,0.0,0,13,13,50.14,50.135,1,45m,1.08,4 bear-built-above · rel-vol 1.9x · regime FAVORABLE,False,21,49.6,48.856,50.14,134,1.09,0.73,False
FAZ,34.29,BASING,0.0,0,14,14,39.51,39.23,29,weekly,14.41,6 bear-built-above · rel-vol 0.6x · regime FAVORABLE,False,14,34.29,33.7756,39.51,194,15.22,10.15,False
FBTC,72.84,BASING,0.0,0,11,11,77.92,76.34,158,weekly,4.81,1 bear-built-above · rel-vol 1.3x · regime FAVORABLE,True,16,72.84,71.7474,77.92,91,6.97,4.65,False
FCEL,18.5,BASING,0.0,0,9,9,19.54,18.69,85,weekly,1.03,rel-vol 1.2x · regime FAVORABLE,True,9,18.5,18.2225,19.54,360,5.62,3.75,False
FCFS,219.2,BASING,0.0,0,20,20,236.43,235.01,143,4h,7.21,44 bear-built-above · rel-vol 1.5x · regime FAVORABLE,False,20,219.2,215.912,236.43,30,7.86,5.24,False
FCX,71.85,BASING,0.0,0,20,20,79.0,78.83,18,daily,9.71,rel-vol 1.0x · regime FAVORABLE,False,23,71.85,70.7722,79.0,92,9.95,6.63,False
FDMT,15.22,BASING,0.0,0,1,1,15.78,15.76,2,1h,3.55,rel-vol 2.1x · regime FAVORABLE,False,1,15.22,14.9917,15.78,438,3.68,2.45,False
FDXF,120.5,BASING,0.0,0,20,20,128.31,128.0,32,weekly,6.22,37 bear-built-above · rel-vol 4.0x · regime FAVORABLE,False,20,120.5,118.6925,128.31,55,6.48,4.32,False
FEIM,85.53,BASING,0.0,0,6,6,88.1,87.6,50,30m,2.42,6 bear-built-above · rel-vol 1.9x · regime FAVORABLE,True,6,85.53,84.2471,88.1,77,3.0,2.0,False
FETH,26.88,BASING,0.0,0,9,9,32.85,30.585,227,daily,13.78,rel-vol 1.1x · regime FAVORABLE,True,13,26.88,26.4768,32.85,248,22.21,14.81,False
FFAI,1.79,BASING,0.0,0,10,10,2.06,2.05,2,45m,14.53,8 bear-built-above · rel-vol 1.3x · regime FAVORABLE,False,10,1.79,1.7631,2.06,3724,15.08,10.06,False
FFIV,432.03,BASING,0.0,0,5,5,434.995,433.995,100,10m,0.45,2 bear-built-above · rel-vol 2.3x · regime FAVORABLE,False,5,432.03,425.5495,434.995,15,0.69,0.46,False
FGL,4.36,BASING,0.0,0,8,8,4.985,4.89,10,daily,12.16,6 bear-built-above · rel-vol 0.3x · regime FAVORABLE,False,8,4.36,4.2946,4.985,1529,14.33,9.56,False
FHB,25.7625,BASING,0.0,0,20,20,30.01,29.29,73,weekly,13.69,rel-vol 2.1x · regime FAVORABLE,False,20,25.7625,25.3761,30.01,258,16.49,10.99,False
FICO,949.0,BASING,0.0,0,20,20,966.3,965.14,116,daily,1.7,26 bear-built-above · rel-vol 2.2x · regime FAVORABLE,False,20,949.0,934.765,966.3,7,1.82,1.22,False
FIG,22.76,BASING,0.0,0,20,20,25.22,24.69,53,daily,8.48,18 bear-built-above · rel-vol 2.2x · regime FAVORABLE,False,20,22.76,22.4186,25.22,292,10.81,7.21,False
FIGR,36.3,BASING,0.0,0,20,20,40.73,40.67,6,4h,12.04,12 bear-built-above · rel-vol 3.0x · regime FAVORABLE,False,20,36.3,35.7555,40.73,183,12.2,8.14,False
FIS,35.9,BASING,0.0,0,20,20,36.43,36.15,29,daily,0.7,38 bear-built-above · rel-vol 1.5x · regime FAVORABLE,False,20,35.9,35.3615,36.43,185,1.48,0.98,False
FISV,47.43,BASING,0.0,0,19,19,50.99,50.54,46,daily,6.56,16 bear-built-above · rel-vol 1.7x · regime FAVORABLE,False,19,47.43,46.7186,50.99,140,7.51,5.0,False
FIVE,229.86,BASING,0.0,0,19,19,244.6,243.88,72,weekly,6.1,22 bear-built-above · rel-vol 1.6x · regime FAVORABLE,False,19,229.86,226.4121,244.6,29,6.41,4.28,False
FIVN,32.47,BASING,0.0,0,14,14,34.5,34.44,7,daily,6.07,14 bear-built-above · rel-vol 2.4x · regime FAVORABLE,False,14,32.47,31.9829,34.5,205,6.25,4.17,False
FIX,1680.0,BASING,0.0,0,18,18,1760.0,1750.87,914,30m,4.22,7 bear-built-above · rel-vol 2.3x · regime FAVORABLE,False,20,1680.0,1654.8,1760.0,3,4.76,3.17,False
FLEX,108.9,BASING,0.0,0,20,20,125.52,124.15,137,1h,14.0,27 bear-built-above · rel-vol 3.0x · regime FAVORABLE,False,20,108.9,107.2665,125.52,61,15.26,10.17,False
FLNC,7.44,BASING,0.0,0,8,8,9.05,7.66,140,daily,2.96,7 bear-built-above · rel-vol 2.0x · regime FAVORABLE,False,8,7.44,7.3284,9.05,896,21.64,14.43,False
FLO,5.95,BASING,0.0,0,20,20,6.45,6.36,9,daily,6.89,12 bear-built-above · rel-vol 1.6x · regime FAVORABLE,False,20,5.95,5.8608,6.45,1120,8.4,5.6,False
FLR,54.9025,BASING,0.0,0,5,5,56.62,56.55,8,daily,3.0,2 bear-built-above · rel-vol 1.8x · regime FAVORABLE,False,7,54.9025,54.079,56.62,121,3.13,2.09,False
FLUT,88.5,BASING,0.0,0,20,20,104.96,97.705,726,daily,10.4,22 bear-built-above · rel-vol 2.6x · regime FAVORABLE,False,20,88.5,87.1725,104.96,75,18.6,12.4,False
FLY,21.38,BASING,0.0,0,20,20,24.45,23.64,81,weekly,10.57,5 bear-built-above · rel-vol 3.5x · regime FAVORABLE,False,21,21.38,21.0593,24.45,311,14.36,9.57,False
FLYE,1.63,BASING,0.0,0,14,14,1.84,1.8,5,weekly,10.43,1 bear-built-above · rel-vol 0.0x · regime FAVORABLE,False,14,1.63,1.6055,1.84,4089,12.88,8.59,False
FMC,10.2,BASING,0.0,0,20,20,11.4,11.22,18,weekly,10.0,33 bear-built-above · rel-vol 2.7x · regime FAVORABLE,False,20,10.2,10.047,11.4,653,11.76,7.84,False
FMX,118.72,BASING,0.0,0,16,16,122.91,121.49,143,daily,2.33,15 bear-built-above · rel-vol 1.3x · regime FAVORABLE,False,16,118.72,116.9392,122.91,56,3.53,2.35,False
FNB,17.9325,BASING,0.0,0,20,20,18.31,18.24,8,weekly,1.71,21 bear-built-above · rel-vol 2.0x · regime FAVORABLE,False,22,17.9325,17.6635,18.31,371,2.11,1.4,False
FND,47.2825,BASING,0.0,0,20,20,50.23,49.57,66,weekly,4.84,3 bear-built-above · rel-vol 1.3x · regime FAVORABLE,False,20,47.2825,46.5733,50.23,140,6.23,4.16,False
FNGR,0.1376,BASING,0.0,0,7,7,0.143,0.1423,1,30m,3.42,7 bear-built-above · rel-vol 0.1x · regime FAVORABLE,False,7,0.1376,0.1355,0.143,48449,3.92,2.62,False
FNGU,33.88,BASING,0.0,0,9,9,34.24,34.2,4,4h,0.94,1 bear-built-above · rel-vol 0.6x · regime FAVORABLE,True,15,33.88,33.3718,34.24,196,1.06,0.71,False
FNV,267.0,BASING,0.0,0,13,13,269.2,267.63,157,1h,0.24,11 bear-built-above · rel-vol 1.4x · regime FAVORABLE,False,20,267.0,262.995,269.2,24,0.82,0.55,False
FORM,122.3,BASING,0.0,0,17,17,134.05,129.28,478,daily,5.71,rel-vol 2.1x · regime FAVORABLE,False,17,122.3,120.4655,134.05,54,9.61,6.41,False
FOUR,39.5,BASING,0.0,0,19,19,45.32,45.06,26,daily,14.08,28 bear-built-above · rel-vol 1.6x · regime FAVORABLE,False,19,39.5,38.9075,45.32,168,14.73,9.82,False
FPS,40.27,BASING,0.0,0,13,13,45.75,44.56,119,weekly,10.65,rel-vol 2.2x · regime FAVORABLE,False,17,40.27,39.666,45.75,165,13.61,9.07,False
FRMI,5.06,BASING,0.0,0,9,9,5.41,5.275,14,daily,4.25,9 bear-built-above · rel-vol 2.9x · regime FAVORABLE,False,9,5.06,4.9841,5.41,1317,6.92,4.61,False
FRNM,16.96,BASING,0,0,0,0,,,,,0,rel-vol 5.9x · regime FAVORABLE,True,0,16.96,16.7056,18.656,393,10.0,6.67,False
FRO,50.8383,BASING,0.0,0,20,20,54.03,51.42,261,daily,1.14,39 bear-built-above · rel-vol 1.5x · regime FAVORABLE,False,20,50.8383,50.0757,54.03,131,6.28,4.19,False
FROG,92.5,BASING,0.0,0,20,20,98.4,97.45,96,1h,5.35,12 bear-built-above · rel-vol 1.0x · regime FAVORABLE,False,20,92.5,91.1125,98.4,72,6.38,4.25,False
FRPT,61.51,BASING,0.0,0,18,18,70.82,70.24,58,weekly,14.19,11 bear-built-above · rel-vol 1.5x · regime FAVORABLE,False,18,61.51,60.5874,70.82,108,15.14,10.09,False
FRSH,12.3,BASING,0.0,0,19,19,13.36,13.012,35,daily,5.79,5 bear-built-above · rel-vol 1.4x · regime FAVORABLE,False,22,12.3,12.1155,13.36,542,8.62,5.75,False
FRVO,17.08,BASING,0.0,0,20,20,18.89,18.76,13,4h,9.84,2 bear-built-above · rel-vol 1.3x · regime FAVORABLE,False,20,17.08,16.8238,18.89,390,10.6,7.06,False
FSK,11.2751,BASING,0.0,0,20,20,13.13,12.1,104,daily,7.32,24 bear-built-above · rel-vol 1.9x · regime FAVORABLE,False,20,11.2751,11.106,13.13,591,16.45,10.97,False
FSLR,198.903,BASING,0.0,0,20,20,206.45,203.71,274,weekly,2.42,22 bear-built-above · rel-vol 1.4x · regime FAVORABLE,False,20,198.903,195.9195,206.45,33,3.79,2.53,False
FSLY,23.8495,BASING,0.0,0,8,8,27.425,27.4,3,45m,14.89,6 bear-built-above · rel-vol 1.6x · regime FAVORABLE,True,8,23.8495,23.4918,27.425,279,14.99,9.99,False
FSM,11.96,BASING,0.0,0,20,20,13.56,12.66,91,daily,5.85,8 bear-built-above · rel-vol 1.2x · regime FAVORABLE,False,21,11.96,11.7806,13.56,557,13.38,8.92,False
FTAI,193.91,BASING,0.0,0,17,17,209.7,207.61,209,weekly,7.07,4 bear-built-above · rel-vol 1.0x · regime FAVORABLE,False,17,193.91,191.0014,209.7,34,8.14,5.43,False
FTFT,5.5,BASING,0.0,0,12,12,6.255,5.65,61,daily,2.73,7 bear-built-above · rel-vol 0.1x · regime FAVORABLE,False,13,5.5,5.4175,6.255,1212,13.73,9.15,False
FTH,34.5,BASING,0.0,0,18,18,39.09,38.75,35,4h,12.32,8 bear-built-above · rel-vol 5.3x · regime FAVORABLE,False,18,34.5,33.9825,39.09,193,13.3,8.87,False
FTI,72.5,BASING,0.0,0,20,20,76.34,75.7,65,weekly,4.41,29 bear-built-above · rel-vol 3.1x · regime FAVORABLE,False,20,72.5,71.4125,76.34,91,5.3,3.53,False
FTNT,169.64,BASING,0.0,0,16,16,172.76,172.46,30,30m,1.66,16 bear-built-above · rel-vol 2.7x · regime FAVORABLE,True,18,169.64,167.0954,172.76,39,1.84,1.23,False
FUL,49.7,BASING,0.0,0,18,18,51.6,51.0,61,weekly,2.62,31 bear-built-above · rel-vol 2.6x · regime FAVORABLE,False,18,49.7,48.9545,51.6,134,3.82,2.55,False
FUN,12.33,BASING,0.0,0,20,20,13.12,13.06,6,weekly,5.92,46 bear-built-above · rel-vol 1.4x · regime FAVORABLE,False,20,12.33,12.145,13.12,540,6.41,4.27,False
FUTU,114.0,BASING,0.0,0,20,20,121.75,120.3,146,weekly,5.53,2 bear-built-above · rel-vol 0.7x · regime FAVORABLE,False,21,114.0,112.29,121.75,58,6.8,4.53,False
G,34.1425,BASING,0.0,0,20,20,37.32,36.79,54,weekly,7.75,47 bear-built-above · rel-vol 1.8x · regime FAVORABLE,False,20,34.1425,33.6304,37.32,195,9.31,6.2,False
GAP,20.56,BASING,0.0,0,18,18,23.48,22.98,50,daily,11.77,23 bear-built-above · rel-vol 1.0x · regime FAVORABLE,False,18,20.56,20.2516,23.48,324,14.2,9.47,False
GBTC,64.74,BASING,0.0,0,9,9,69.82,68.37,145,weekly,5.61,rel-vol 1.3x · regime FAVORABLE,False,13,64.74,63.7689,69.82,102,7.85,5.23,False
GCDT,0.3847,BASING,0.0,0,2,2,0.4327,0.4146,2,4h,7.77,rel-vol 0.0x · regime FAVORABLE,False,2,0.3847,0.3789,0.4327,17329,12.48,8.32,False
GCTS,2.07,BASING,0.0,0,4,4,2.19,2.1707,2,1h,4.86,3 bear-built-above · rel-vol 1.2x · regime FAVORABLE,False,5,2.07,2.0389,2.19,3220,5.8,3.86,False
GDDY,97.46,BASING,0.0,0,20,20,98.15,97.48,68,daily,0.02,38 bear-built-above · rel-vol 2.8x · regime FAVORABLE,False,22,97.46,95.9981,98.15,68,0.71,0.47,False
GDS,33.24,BASING,0.0,0,10,10,36.11,35.1,101,daily,5.6,rel-vol 1.4x · regime FAVORABLE,True,10,33.24,32.7414,36.11,200,8.63,5.76,False
GDX,95.85,BASING,0.0,0,20,20,115.34,107.49,786,daily,12.14,11 bear-built-above · rel-vol 0.8x · regime FAVORABLE,False,22,95.85,94.4123,115.34,69,20.33,13.56,False
GDXD,17.91,BASING,0.0,0,20,20,19.5806,19.5,9,45m,8.88,19 bear-built-above · rel-vol 0.8x · regime FAVORABLE,False,21,17.91,17.6413,19.5806,372,9.33,6.22,False
GDXJ,124.47,BASING,0.0,0,16,16,129.25,125.01,424,daily,0.43,28 bear-built-above · rel-vol 0.9x · regime FAVORABLE,False,16,124.47,122.6029,129.25,53,3.84,2.56,False
GEHC,63.8721,BASING,0.0,0,20,20,68.86,67.95,91,weekly,6.38,18 bear-built-above · rel-vol 2.4x · regime FAVORABLE,False,20,63.8721,62.914,68.86,104,7.81,5.21,False
GEMI,5.95,BASING,0.0,0,1,1,7.11,6.56,56,daily,10.25,rel-vol 4.6x · regime FAVORABLE,False,1,5.95,5.8608,7.11,1120,19.5,13.0,False
GEN,29.0,BASING,0.0,0,20,20,30.96,30.9,7,daily,6.55,40 bear-built-above · rel-vol 2.9x · regime FAVORABLE,False,26,29.0,28.565,30.96,229,6.76,4.51,False
GENB,17.31,BASING,0,0,0,0,,,,,0,rel-vol 0.8x · regime FAVORABLE,False,0,17.31,17.0503,19.041,385,10.0,6.67,False
GENI,5.78,BASING,0.0,0,20,20,6.48,6.44,5,daily,11.42,13 bear-built-above · rel-vol 3.2x · regime FAVORABLE,False,22,5.78,5.6933,6.48,1153,12.11,8.07,False
GERN,1.291,BASING,0.0,0,14,14,1.425,1.42,1,1h,9.99,11 bear-built-above · rel-vol 1.6x · regime FAVORABLE,False,14,1.291,1.2716,1.425,5163,10.38,6.92,False
GEV,955.0,BASING,0.0,0,14,14,1072.67,1046.895,2578,daily,9.62,rel-vol 1.8x · regime FAVORABLE,True,17,955.0,940.675,1072.67,6,12.32,8.21,False
GFI,43.39,BASING,0.0,0,16,16,47.03,45.9,114,daily,5.78,25 bear-built-above · rel-vol 0.9x · regime FAVORABLE,False,17,43.39,42.7392,47.03,153,8.39,5.59,False
GFL,42.491,BASING,0.0,0,19,19,43.23,43.2,3,daily,1.67,18 bear-built-above · rel-vol 1.9x · regime FAVORABLE,False,19,42.491,41.8536,43.23,156,1.74,1.16,False
GFS,48.97,BASING,0.0,0,17,17,53.44,51.245,220,daily,4.65,rel-vol 1.6x · regime FAVORABLE,False,21,48.97,48.2355,53.44,136,9.13,6.09,False
GGAL,42.5,BASING,0.0,0,18,18,43.86,43.48,39,weekly,2.31,31 bear-built-above · rel-vol 0.7x · regime FAVORABLE,False,18,42.5,41.8625,43.86,156,3.2,2.13,False
GGB,5.0,BASING,0.0,0,11,11,5.095,5.05,5,1h,1.0,11 bear-built-above · rel-vol 1.4x · regime FAVORABLE,False,12,5.0,4.925,5.095,1333,1.9,1.27,False
GGLL,106.44,BASING,0.0,0,13,13,128.86,122.16,671,daily,14.77,3 bear-built-above · rel-vol 1.7x · regime FAVORABLE,False,13,106.44,104.8434,128.86,62,21.06,14.04,False
GH,183.5,BASING,0,0,0,0,,,,,0,rel-vol 1.7x · regime FAVORABLE,False,0,183.5,180.7475,201.85,36,10.0,6.67,False
GIL,46.9,BASING,0.0,0,20,20,48.45,47.85,61,weekly,2.03,35 bear-built-above · rel-vol 1.4x · regime FAVORABLE,False,20,46.9,46.1965,48.45,142,3.3,2.2,False
GIPR,0.6409,BASING,0.0,0,12,12,0.7222,0.7202,1,4h,12.37,10 bear-built-above · rel-vol 7.1x · regime FAVORABLE,False,12,0.6409,0.6313,0.7222,10402,12.69,8.46,False
GIS,36.35,BASING,0.0,0,18,18,40.58,40.0,58,daily,10.04,14 bear-built-above · rel-vol 1.8x · regime FAVORABLE,False,18,36.35,35.8047,40.58,183,11.64,7.76,False
GKOS,163.8125,BASING,0.0,0,20,20,177.47,175.55,192,weekly,7.17,22 bear-built-above · rel-vol 2.1x · regime FAVORABLE,False,21,163.8125,161.3553,177.47,40,8.34,5.56,False
GLBE,38.055,BASING,0.0,0,20,20,39.95,39.66,30,weekly,4.22,8 bear-built-above · rel-vol 1.6x · regime FAVORABLE,False,21,38.055,37.4842,39.95,175,4.98,3.32,False
GLL,22.7591,BASING,0.0,0,20,20,26.12,24.61,152,daily,8.13,41 bear-built-above · rel-vol 0.5x · regime FAVORABLE,False,25,22.7591,22.4177,26.12,292,14.77,9.84,False
GLOB,36.0,BASING,0.0,0,20,20,39.6,39.31,29,daily,9.19,30 bear-built-above · rel-vol 2.0x · regime FAVORABLE,False,20,36.0,35.46,39.6,185,10.0,6.67,False
GLW,154.1474,BASING,0.0,0,18,18,173.281,168.0,529,45m,8.99,14 bear-built-above · rel-vol 1.6x · regime FAVORABLE,False,18,154.1474,151.8352,173.281,43,12.41,8.28,False
GLWG,13.459,BASING,0.0,0,18,18,15.25,14.27,99,45m,6.03,13 bear-built-above · rel-vol 1.7x · regime FAVORABLE,False,18,13.459,13.2571,15.25,495,13.31,8.87,False
GLXY,25.18,BASING,0.0,0,11,11,28.53,27.54,100,daily,9.37,6 bear-built-above · rel-vol 1.4x · regime FAVORABLE,False,12,25.18,24.8023,28.53,264,13.3,8.87,False
GMAB,34.36,BASING,0.0,0,8,8,34.73,34.445,29,1h,0.25,8 bear-built-above · rel-vol 1.3x · regime FAVORABLE,False,11,34.36,33.8446,34.73,194,1.08,0.72,False
GME,22.8,BASING,0.0,0,15,15,28.55,23.57,499,daily,3.38,10 bear-built-above · rel-vol 1.2x · regime FAVORABLE,True,16,22.8,22.458,28.55,292,25.22,16.81,False
GMED,74.0825,BASING,0.0,0,19,19,82.97,82.07,91,weekly,10.78,20 bear-built-above · rel-vol 2.1x · regime FAVORABLE,False,19,74.0825,72.9713,82.97,89,12.0,8.0,False
GNRC,210.5,BASING,0.0,0,8,8,233.94,229.38,457,weekly,8.97,3 bear-built-above · rel-vol 2.1x · regime FAVORABLE,False,8,210.5,207.3425,233.94,31,11.14,7.42,False
GOF,8.6201,BASING,0.0,0,20,20,9.69,9.61,9,weekly,11.48,52 bear-built-above · rel-vol 0.7x · regime FAVORABLE,False,20,8.6201,8.4908,9.69,773,12.41,8.27,False
GOLD,45.6,BASING,0.0,0,20,20,52.42,51.07,136,weekly,12.0,16 bear-built-above · rel-vol 1.9x · regime FAVORABLE,False,21,45.6,44.916,52.42,146,14.96,9.97,False
GOOG,348.75,BASING,0.0,0,15,15,383.86,381.225,264,daily,9.31,4 bear-built-above · rel-vol 2.0x · regime FAVORABLE,False,16,348.75,343.5188,383.86,19,10.07,6.71,False
GOOGL,353.75,BASING,0.0,0,20,20,388.0,385.24,276,daily,8.9,rel-vol 1.9x · regime FAVORABLE,True,21,353.75,348.4438,388.0,18,9.68,6.45,False
GOSS,11.4,BASING,0.0,0,7,7,13.72,12.776,95,daily,12.07,5 bear-built-above · rel-vol 1.6x · regime FAVORABLE,False,7,11.4,11.229,13.72,584,20.35,13.57,False
GPI,246.4225,BASING,0.0,0,19,19,254.95,253.2,175,daily,2.75,37 bear-built-above · rel-vol 2.1x · regime FAVORABLE,False,19,246.4225,242.7262,254.95,27,3.46,2.31,False
GPK,9.32,BASING,0.0,0,20,20,10.43,10.32,11,weekly,10.73,22 bear-built-above · rel-vol 2.0x · regime FAVORABLE,False,20,9.32,9.1802,10.43,715,11.91,7.94,False
GPN,85.06,BASING,0.0,0,20,20,97.52,96.95,57,weekly,13.98,35 bear-built-above · rel-vol 2.2x · regime FAVORABLE,False,22,85.06,83.7841,97.52,78,14.65,9.77,False
GPRK,11.0102,BASING,0.0,0,20,20,11.97,11.8,17,daily,7.17,23 bear-built-above · rel-vol 0.5x · regime FAVORABLE,False,22,11.0102,10.845,11.97,605,8.72,5.81,False
GPRO,1.29,BASING,0.0,0,11,11,1.38,1.37,1,weekly,6.2,6 bear-built-above · rel-vol 0.2x · regime FAVORABLE,False,14,1.29,1.2707,1.38,5167,6.98,4.65,False
GPUS,0.179,BASING,0.0,0,3,3,0.1883,0.1872,1,daily,4.58,3 bear-built-above · rel-vol 0.6x · regime FAVORABLE,False,3,0.179,0.1763,0.1883,37243,5.2,3.46,False
GRAB,2.84,BASING,0.0,0,19,19,3.05,3.009,5,weekly,5.95,16 bear-built-above · rel-vol 2.0x · regime FAVORABLE,False,20,2.84,2.7974,3.05,2347,7.39,4.93,False
GRAF,10.82,BASING,0.0,0,3,3,11.355,11.055,31,45m,2.17,rel-vol 0.0x · regime FAVORABLE,False,3,10.82,10.6577,11.355,616,4.94,3.3,False
GRAL,81.0,BASING,0.0,0,2,2,81.48,81.44,5,45m,0.54,2 bear-built-above · rel-vol 3.5x · regime FAVORABLE,False,2,81.0,79.785,81.48,82,0.59,0.4,False
GT,5.11,BASING,0.0,0,20,20,5.37,5.34,4,weekly,4.5,31 bear-built-above · rel-vol 1.8x · regime FAVORABLE,False,20,5.11,5.0334,5.37,1304,5.09,3.39,False
GTLB,48.98,BASING,0.0,0,14,14,56.38,54.41,198,weekly,11.09,7 bear-built-above · rel-vol 1.0x · regime FAVORABLE,False,16,48.98,48.2453,56.38,136,15.11,10.07,False
GTM,3.82,BASING,0.0,0,17,17,6.04,4.06,199,daily,6.28,8 bear-built-above · rel-vol 2.8x · regime FAVORABLE,False,17,3.82,3.7627,6.04,1745,58.12,38.74,False
GWRE,144.2925,BASING,0.0,0,20,20,162.42,160.52,190,weekly,11.25,28 bear-built-above · rel-vol 1.3x · regime FAVORABLE,False,20,144.2925,142.1281,162.42,46,12.56,8.38,False
GXO,45.9225,BASING,0.0,0,17,17,56.22,52.255,397,weekly,13.79,17 bear-built-above · rel-vol 1.1x · regime FAVORABLE,False,17,45.9225,45.2337,56.22,145,22.42,14.95,False
HACK,118.3595,BASING,0.0,0,19,19,122.0,121.18,82,4h,2.38,18 bear-built-above · rel-vol 1.0x · regime FAVORABLE,True,19,118.3595,116.5841,122.0,56,3.08,2.05,False
HAE,108.4025,BASING,0.0,0,9,9,108.655,108.5,16,5m,0.09,9 bear-built-above · rel-vol 2.1x · regime FAVORABLE,False,9,108.4025,106.7765,108.655,61,0.23,0.16,False
HAL,33.46,BASING,0.0,0,16,16,38.18,37.89,29,daily,13.24,49 bear-built-above · rel-vol 1.6x · regime FAVORABLE,False,16,33.46,32.9581,38.18,199,14.11,9.4,False
HALO,113.0,BASING,0,0,0,0,,,,,0,rel-vol 5.4x · regime FAVORABLE,True,0,113.0,111.305,124.3,58,10.0,6.67,False
HBAN,15.9222,BASING,0.0,0,20,20,18.24,17.405,84,daily,9.31,13 bear-built-above · rel-vol 2.0x · regime FAVORABLE,False,20,15.9222,15.6834,18.24,418,14.56,9.7,False
HBM,26.93,BASING,0.0,0,20,20,27.14,27.135,1,4h,0.76,1 bear-built-above · rel-vol 1.9x · regime FAVORABLE,False,23,26.93,26.526,27.14,247,0.78,0.52,False
HCA,427.71,BASING,0.0,0,16,16,472.23,432.46,3978,daily,1.11,12 bear-built-above · rel-vol 3.5x · regime FAVORABLE,False,16,427.71,421.2943,472.23,15,10.41,6.94,False
HCC,87.9325,BASING,0.0,0,20,20,97.77,95.94,183,weekly,9.11,30 bear-built-above · rel-vol 3.1x · regime FAVORABLE,False,20,87.9325,86.6135,97.77,75,11.19,7.46,False
HDB,23.11,BASING,0.0,0,19,19,26.38,24.76,162,weekly,7.14,4 bear-built-above · rel-vol 0.8x · regime FAVORABLE,False,19,23.11,22.7633,26.38,288,14.15,9.43,False
HGTY,14.11,BASING,0,0,0,0,,,,,0,rel-vol 1.5x · regime FAVORABLE,True,0,14.11,13.8983,15.521,472,10.0,6.67,False
HIMS,28.19,BASING,0.0,0,13,13,30.489,30.44,5,45m,7.98,5 bear-built-above · rel-vol 1.0x · regime FAVORABLE,False,13,28.19,27.7672,30.489,236,8.16,5.44,False
HIVE,3.44,BASING,0.0,0,4,4,3.76,3.68,8,daily,6.98,rel-vol 1.6x · regime FAVORABLE,True,5,3.44,3.3884,3.76,1937,9.3,6.2,False
HL,18.92,BASING,0.0,0,20,20,19.78,19.02,77,weekly,0.53,38 bear-built-above · rel-vol 1.6x · regime FAVORABLE,False,21,18.92,18.6362,19.78,352,4.55,3.03,False
HLI,130.5475,BASING,0.0,0,20,20,147.19,145.77,142,daily,11.66,33 bear-built-above · rel-vol 2.4x · regime FAVORABLE,False,20,130.5475,128.5893,147.19,51,12.75,8.5,False
HLNE,88.01,BASING,0.0,0,20,20,95.98,95.26,72,weekly,8.24,47 bear-built-above · rel-vol 1.7x · regime FAVORABLE,False,20,88.01,86.6899,95.98,75,9.06,6.04,False
HMY,20.07,BASING,0.0,0,15,15,24.5,22.36,215,daily,11.41,15 bear-built-above · rel-vol 2.3x · regime FAVORABLE,False,16,20.07,19.769,24.5,332,22.07,14.72,False
HNGE,95.36,BASING,0.0,0,7,7,97.49,96.6,90,1h,1.3,1 bear-built-above · rel-vol 2.3x · regime FAVORABLE,False,7,95.36,93.9296,97.49,69,2.23,1.49,False
HNST,5.32,BASING,0.0,0,20,20,5.74,5.635,11,daily,5.92,20 bear-built-above · rel-vol 1.3x · regime FAVORABLE,False,20,5.32,5.2402,5.74,1253,7.89,5.26,False
HODU,16.25,BASING,0.0,0,5,5,17.2088,17.1519,6,10m,5.55,rel-vol 1.6x · regime FAVORABLE,False,5,16.25,16.0063,17.2088,410,5.9,3.93,False
HOG,25.9,BASING,0.0,0,20,20,26.5,26.38,13,daily,1.85,29 bear-built-above · rel-vol 1.7x · regime FAVORABLE,False,23,25.9,25.5115,26.5,257,2.32,1.54,False
HONA,165.0,BASING,0.0,0,11,11,167.13,166.99,14,daily,1.21,5 bear-built-above · rel-vol 3.2x · regime FAVORABLE,False,11,165.0,162.525,167.13,40,1.29,0.86,False
HOOD,122.6,BASING,0.0,0,5,5,147.08,139.87,722,daily,14.09,rel-vol 1.6x · regime FAVORABLE,True,6,122.6,120.761,147.08,54,19.97,13.31,False
HOOG,39.38,BASING,0.0,0,7,7,41.13,40.67,47,30m,3.28,rel-vol 1.6x · regime FAVORABLE,False,8,39.38,38.7893,41.13,169,4.44,2.96,False
HP,40.86,BASING,0.0,0,20,20,41.46,41.36,11,daily,1.22,46 bear-built-above · rel-vol 2.0x · regime FAVORABLE,False,21,40.86,40.2471,41.46,163,1.47,0.98,False
HPE,62.0,BASING,0.0,0,3,3,62.08,62.04,4,10m,0.06,3 bear-built-above · rel-vol 1.0x · regime FAVORABLE,True,5,62.0,61.07,62.08,107,0.13,0.09,False
HPQ,33.97,BASING,0.0,0,16,16,39.1,36.56,254,daily,7.62,14 bear-built-above · rel-vol 2.0x · regime FAVORABLE,False,16,33.97,33.4605,39.1,196,15.1,10.07,False
HRI,135.4,BASING,0.0,0,18,18,140.96,137.71,325,weekly,1.71,15 bear-built-above · rel-vol 6.9x · regime FAVORABLE,False,18,135.4,133.369,140.96,49,4.11,2.74,False
HRMY,41.9,BASING,0.0,0,16,16,42.59,42.57,3,daily,1.6,16 bear-built-above · rel-vol 3.7x · regime FAVORABLE,False,19,41.9,41.2715,42.59,159,1.65,1.1,False
HSAI,16.96,BASING,0.0,0,16,16,17.31,17.02,29,weekly,0.35,15 bear-built-above · rel-vol 0.8x · regime FAVORABLE,False,16,16.96,16.7056,17.31,393,2.06,1.38,False
HTFL,50.68,BASING,0,0,0,0,,,,,0,rel-vol 3.1x · regime FAVORABLE,True,0,50.68,49.9198,55.748,131,10.0,6.67,False
HTZ,1.8279,BASING,0.0,0,18,18,2.04,2.01,4,weekly,9.96,14 bear-built-above · rel-vol 1.1x · regime FAVORABLE,False,18,1.8279,1.8005,2.04,3647,11.6,7.74,False
HUBG,32.7225,BASING,0.0,0,17,17,35.99,35.26,74,daily,7.75,23 bear-built-above · rel-vol 1.1x · regime FAVORABLE,False,17,32.7225,32.2317,35.99,203,9.99,6.66,False
HUBS,215.43,BASING,0.0,0,13,13,236.46,234.5,197,daily,8.85,18 bear-built-above · rel-vol 5.5x · regime FAVORABLE,False,13,215.43,212.1986,236.46,30,9.76,6.51,False
HUM,386.22,BASING,0.0,0,20,20,407.02,405.29,173,daily,4.94,39 bear-built-above · rel-vol 1.7x · regime FAVORABLE,False,20,386.22,380.4267,407.02,17,5.39,3.59,False
HUMA,0.61,BASING,0.0,0,18,18,0.6501,0.65,1,weekly,6.56,rel-vol 1.3x · regime FAVORABLE,False,18,0.61,0.6008,0.6501,10928,6.57,4.38,False
HUT,103.01,BASING,0.0,0,3,3,107.63,103.9,373,weekly,0.86,rel-vol 1.5x · regime FAVORABLE,True,5,103.01,101.4648,107.63,64,4.49,2.99,False
HYMC,21.33,BASING,0.0,0,16,16,22.81,21.58,124,daily,1.17,5 bear-built-above · rel-vol 2.9x · regime FAVORABLE,False,16,21.33,21.01,22.81,312,6.94,4.63,False
IAG,20.45,BASING,0.0,0,18,18,24.25,22.52,174,daily,10.12,5 bear-built-above · rel-vol 4.0x · regime FAVORABLE,False,19,20.45,20.1432,24.25,325,18.58,12.39,False
IAUX,1.8,BASING,0.0,0,20,20,2.05,1.89,16,daily,5.0,23 bear-built-above · rel-vol 1.7x · regime FAVORABLE,False,22,1.8,1.773,2.05,3703,13.89,9.26,False
IBIT,47.42,BASING,0.0,0,6,6,50.7,49.685,102,weekly,4.78,1 bear-built-above · rel-vol 1.5x · regime FAVORABLE,True,12,47.42,46.7087,50.7,140,6.92,4.61,False
IBKR,91.5,BASING,0.0,0,20,20,92.62,91.76,86,weekly,0.28,1 bear-built-above · rel-vol 1.6x · regime FAVORABLE,False,21,91.5,90.1275,92.62,72,1.22,0.82,False
IBM,231.0,BASING,0.0,0,20,20,246.19,240.5,569,daily,4.11,39 bear-built-above · rel-vol 2.5x · regime FAVORABLE,False,20,231.0,227.535,246.19,28,6.58,4.38,False
IBP,197.6325,BASING,0.0,0,18,18,204.28,200.0,429,weekly,1.2,12 bear-built-above · rel-vol 2.0x · regime FAVORABLE,False,18,197.6325,194.668,204.28,33,3.36,2.24,False
IBRX,8.55,BASING,0.0,0,6,6,9.78,9.64,14,weekly,12.75,3 bear-built-above · rel-vol 2.0x · regime FAVORABLE,False,8,8.55,8.4218,9.78,779,14.39,9.59,False
ICE,155.47,BASING,0.0,0,20,20,161.26,160.0,126,weekly,2.91,32 bear-built-above · rel-vol 1.3x · regime FAVORABLE,False,20,155.47,153.1379,161.26,42,3.72,2.48,False
ICLR,164.11,BASING,0.0,0,20,20,202.92,188.22,1470,daily,14.69,20 bear-built-above · rel-vol 1.4x · regime FAVORABLE,False,22,164.11,161.6484,202.92,40,23.65,15.77,False
IDCC,323.0475,BASING,0.0,0,20,20,350.13,344.19,594,daily,6.54,46 bear-built-above · rel-vol 2.8x · regime FAVORABLE,True,20,323.0475,318.2018,350.13,20,8.38,5.59,False
IESC,322.1575,BASING,0.0,0,14,14,325.57,323.38,219,weekly,0.38,13 bear-built-above · rel-vol 2.3x · regime FAVORABLE,False,14,322.1575,317.3251,325.57,20,1.06,0.71,False
IGV,104.87,BASING,0.0,0,20,20,115.7,113.4,230,daily,8.13,2 bear-built-above · rel-vol 0.7x · regime FAVORABLE,False,24,104.87,103.297,115.7,63,10.33,6.88,False
ILMN,242.7827,BASING,0,0,0,0,,,,,0,rel-vol 9.0x · regime FAVORABLE,False,0,242.7827,239.141,267.061,27,10.0,6.67,False
IMAX,52.77,BASING,0.0,0,7,7,53.9,53.75,15,daily,1.86,2 bear-built-above · rel-vol 1.4x · regime FAVORABLE,True,7,52.77,51.9785,53.9,126,2.14,1.43,False
IMCC,3.24,BASING,0.0,0,1,1,3.33,3.25,9,1m,0.31,1 bear-built-above · rel-vol 19.7x · regime FAVORABLE,True,1,3.24,3.1914,3.33,2057,2.78,1.85,False
IMMX,12.75,BASING,0.0,0,14,14,14.95,14.54,42,1h,14.04,2 bear-built-above · rel-vol 2.7x · regime FAVORABLE,False,15,12.75,12.5587,14.95,522,17.25,11.5,False
IMNM,24.1631,BASING,0.0,0,20,20,26.76,26.15,62,weekly,8.22,18 bear-built-above · rel-vol 3.6x · regime FAVORABLE,False,20,24.1631,23.8007,26.76,275,10.75,7.16,False
IMVT,36.95,BASING,0.0,0,20,20,39.25,38.59,66,weekly,4.44,5 bear-built-above · rel-vol 2.3x · regime FAVORABLE,False,20,36.95,36.3957,39.25,180,6.22,4.15,False
INBX,109.35,BASING,0.0,0,20,20,121.17,117.22,396,weekly,7.2,12 bear-built-above · rel-vol 1.3x · regime FAVORABLE,False,20,109.35,107.7097,121.17,60,10.81,7.21,False
INDI,3.15,BASING,0.0,0,20,20,3.35,3.24,11,weekly,2.86,25 bear-built-above · rel-vol 2.3x · regime FAVORABLE,False,20,3.15,3.1027,3.35,2116,6.35,4.23,False
INDP,3.74,BASING,0.0,0,8,8,3.91,3.88,4,1h,3.74,6 bear-built-above · rel-vol 0.8x · regime FAVORABLE,True,9,3.74,3.6839,3.91,1782,4.55,3.03,False
INFQ,13.47,BASING,0.0,0,7,7,13.6747,13.67,1,5m,1.48,6 bear-built-above · rel-vol 1.9x · regime FAVORABLE,False,7,13.47,13.268,13.6747,494,1.52,1.01,False
INGM,26.67,BASING,0.0,0,19,19,27.55,26.89,67,weekly,0.82,13 bear-built-above · rel-vol 2.7x · regime FAVORABLE,False,19,26.67,26.27,27.55,249,3.3,2.2,False
INIO,21.27,BASING,0.0,0,18,18,23.16,22.68,49,weekly,6.63,5 bear-built-above · rel-vol 2.3x · regime FAVORABLE,False,18,21.27,20.9509,23.16,313,8.89,5.92,False
INOD,58.2,BASING,0.0,0,19,19,63.97,62.82,115,weekly,7.94,rel-vol 1.9x · regime FAVORABLE,False,23,58.2,57.327,63.97,114,9.91,6.61,False
INSM,120.5,BASING,0.0,0,20,20,139.44,138.46,98,daily,14.9,24 bear-built-above · rel-vol 1.7x · regime FAVORABLE,False,20,120.5,118.6925,139.44,55,15.72,10.48,False
INSP,78.7247,BASING,0,0,0,0,,,,,0,rel-vol 2.9x · regime FAVORABLE,True,1,78.7247,77.5438,86.5972,84,10.0,6.67,False
INSW,111.46,BASING,0.0,0,7,7,111.97,111.765,21,45m,0.27,7 bear-built-above · rel-vol 2.5x · regime FAVORABLE,False,7,111.46,109.7881,111.97,59,0.46,0.31,False
INTC,114.52,BASING,0.0,0,8,8,122.2,116.3,591,daily,1.55,rel-vol 1.8x · regime FAVORABLE,False,15,114.52,112.8022,122.2,58,6.71,4.47,False
INTR,5.345,BASING,0.0,0,20,20,5.71,5.49,22,weekly,2.71,31 bear-built-above · rel-vol 0.9x · regime FAVORABLE,False,20,5.345,5.2648,5.71,1247,6.83,4.55,False
INTU,302.55,BASING,0.0,0,17,17,383.93,312.285,7165,daily,3.22,48 bear-built-above · rel-vol 1.9x · regime FAVORABLE,False,17,302.55,298.0118,383.93,22,26.9,17.93,False
IOND,84.64,BASING,0,0,0,0,,,,,0,rel-vol 5.1x · regime FAVORABLE,True,0,84.64,83.3704,93.104,78,10.0,6.67,False
IONQ,39.97,BASING,0.0,0,8,8,44.86,43.33,154,weekly,8.41,rel-vol 1.2x · regime FAVORABLE,True,8,39.97,39.3704,44.86,166,12.23,8.16,False
IONS,44.6,BASING,0.0,0,20,20,47.0,46.5,50,1h,4.26,34 bear-built-above · rel-vol 2.0x · regime FAVORABLE,False,20,44.6,43.931,47.0,149,5.38,3.59,False
IOT,39.97,BASING,0.0,0,11,11,41.65,40.78,87,daily,2.03,6 bear-built-above · rel-vol 1.0x · regime FAVORABLE,False,12,39.97,39.3704,41.65,166,4.2,2.8,False
IOVA,10.35,BASING,0.0,0,4,4,12.22,10.67,156,daily,3.09,3 bear-built-above · rel-vol 1.6x · regime FAVORABLE,False,4,10.35,10.1947,12.22,644,18.07,12.05,False
IPGP,76.5475,BASING,0.0,0,20,20,79.21,76.55,266,weekly,0.0,27 bear-built-above · rel-vol 1.7x · regime FAVORABLE,False,21,76.5475,75.3993,79.21,87,3.48,2.32,False
IPI,37.44,BASING,0.0,0,20,20,43.64,42.87,78,1h,14.5,44 bear-built-above · rel-vol 1.3x · regime FAVORABLE,False,20,37.44,36.8784,43.64,178,16.56,11.04,False
IQV,266.42,BASING,0.0,0,12,12,268.19,268.155,4,45m,0.65,12 bear-built-above · rel-vol 3.6x · regime FAVORABLE,False,15,266.42,262.4237,268.19,25,0.66,0.44,False
IRD,5.15,BASING,0.0,0,20,20,5.82,5.8,3,daily,12.62,13 bear-built-above · rel-vol 1.1x · regime FAVORABLE,False,21,5.15,5.0728,5.82,1294,13.01,8.67,False
IRE,12.7,BASING,0.0,0,9,9,14.2,14.16,4,30m,11.5,rel-vol 0.8x · regime FAVORABLE,True,9,12.7,12.5095,14.2,524,11.81,7.87,False
IREN,47.64,BASING,0.0,0,6,6,56.87,54.72,215,daily,14.86,rel-vol 1.1x · regime FAVORABLE,True,7,47.64,46.9254,56.87,139,19.37,12.92,False
IRTC,109.5,BASING,0.0,0,17,17,119.57,118.08,149,daily,7.84,15 bear-built-above · rel-vol 1.4x · regime FAVORABLE,False,17,109.5,107.8575,119.57,60,9.2,6.13,False
ISRG,393.36,BASING,0.0,0,18,18,407.12,396.1,1102,daily,0.7,5 bear-built-above · rel-vol 2.1x · regime FAVORABLE,False,20,393.36,387.4596,407.12,16,3.5,2.33,False
IT,185.78,BASING,0.0,0,20,20,212.7,212.6,10,daily,14.44,25 bear-built-above · rel-vol 2.2x · regime FAVORABLE,False,23,185.78,182.9933,212.7,35,14.49,9.66,False
ITUB,8.21,BASING,0.0,0,20,20,9.11,9.0,11,4h,9.62,14 bear-built-above · rel-vol 0.9x · regime FAVORABLE,False,20,8.21,8.0869,9.11,812,10.96,7.31,False
JAN,30.34,BASING,0.0,0,20,20,31.83,31.57,26,4h,4.05,24 bear-built-above · rel-vol 5.0x · regime FAVORABLE,False,20,30.34,29.8849,31.83,219,4.91,3.27,False
JAZZ,241.25,BASING,0.0,0,20,20,250.68,248.9,179,1h,3.17,19 bear-built-above · rel-vol 2.0x · regime FAVORABLE,False,20,241.25,237.6312,250.68,27,3.91,2.61,False
JBHT,231.01,BASING,0.0,0,10,10,273.05,242.885,3017,daily,5.14,8 bear-built-above · rel-vol 2.0x · regime FAVORABLE,False,10,231.01,227.5448,273.05,28,18.2,12.13,False
JBL,305.5,BASING,0.0,0,14,14,322.77,320.17,260,daily,4.8,6 bear-built-above · rel-vol 3.7x · regime FAVORABLE,False,14,305.5,300.9175,322.77,21,5.65,3.77,False
JBLU,4.38,BASING,0.0,0,17,17,4.8,4.72,9,weekly,7.76,6 bear-built-above · rel-vol 1.0x · regime FAVORABLE,False,17,4.38,4.3143,4.8,1522,9.59,6.39,False
JBS,12.15,BASING,0.0,0,15,15,13.54,13.35,19,daily,9.88,1 bear-built-above · rel-vol 1.4x · regime FAVORABLE,False,16,12.15,11.9678,13.54,548,11.44,7.63,False
JEM,3.78,BASING,0.0,0,19,19,4.18,4.04,14,daily,6.88,19 bear-built-above · rel-vol 0.0x · regime FAVORABLE,False,19,3.78,3.7233,4.18,1763,10.58,7.05,False
JHX,25.95,BASING,0.0,0,20,20,28.47,27.99,49,weekly,7.86,18 bear-built-above · rel-vol 6.1x · regime FAVORABLE,False,25,25.95,25.5607,28.47,256,9.71,6.47,False
JLHL,5.5,BASING,0.0,0,20,20,6.09,6.0,9,weekly,9.09,34 bear-built-above · rel-vol 0.1x · regime FAVORABLE,False,20,5.5,5.4175,6.09,1212,10.73,7.15,False
JMKE,19.5881,BASING,0.0,0,20,20,20.13,20.09,4,daily,2.56,18 bear-built-above · rel-vol 2.7x · regime FAVORABLE,False,20,19.5881,19.2943,20.13,340,2.77,1.84,False
JNJ,270.0,BASING,0.0,0,20,20,275.13,271.28,386,daily,0.47,3 bear-built-above · rel-vol 2.5x · regime FAVORABLE,False,21,270.0,265.95,275.13,24,1.9,1.27,False
JNUG,179.51,BASING,0.0,0,20,20,183.83,180.36,347,weekly,0.47,43 bear-built-above · rel-vol 0.6x · regime FAVORABLE,False,21,179.51,176.8173,183.83,37,2.41,1.6,False
JOBY,6.24,BASING,0.0,0,15,15,6.695,6.69,1,45m,7.21,rel-vol 0.9x · regime FAVORABLE,False,15,6.24,6.1464,6.695,1068,7.29,4.86,False
JPM,351.2,BASING,0.0,0,19,19,356.23,354.23,200,weekly,0.86,16 bear-built-above · rel-vol 2.6x · regime FAVORABLE,False,19,351.2,345.932,356.23,18,1.43,0.95,False
KALU,150.1325,BASING,0.0,0,20,20,157.2,152.43,477,weekly,1.53,32 bear-built-above · rel-vol 3.0x · regime FAVORABLE,False,20,150.1325,147.8805,157.2,44,4.71,3.14,False
KBR,35.54,BASING,0.0,0,19,19,40.0,39.83,18,weekly,12.07,19 bear-built-above · rel-vol 2.3x · regime FAVORABLE,False,19,35.54,35.0069,40.0,187,12.55,8.37,False
KD,12.09,BASING,0.0,0,19,19,22.93,12.24,1069,weekly,1.24,19 bear-built-above · rel-vol 2.6x · regime FAVORABLE,False,19,12.09,11.9086,22.93,551,89.66,59.77,False
KDP,30.82,BASING,0.0,0,19,19,34.78,32.45,233,weekly,5.29,15 bear-built-above · rel-vol 2.3x · regime FAVORABLE,False,20,30.82,30.3577,34.78,216,12.85,8.57,False
KEEL,4.13,BASING,0.0,0,4,4,4.58,4.57,1,45m,10.65,1 bear-built-above · rel-vol 1.9x · regime FAVORABLE,True,5,4.13,4.068,4.58,1614,10.9,7.26,False
KEY,20.86,BASING,0.0,0,20,20,20.95,20.9,6,daily,0.19,6 bear-built-above · rel-vol 1.5x · regime FAVORABLE,False,23,20.86,20.5471,20.95,319,0.43,0.29,False
KGC,27.9411,BASING,0.0,0,15,15,29.13,28.17,96,weekly,0.82,24 bear-built-above · rel-vol 0.9x · regime FAVORABLE,False,15,27.9411,27.522,29.13,238,4.26,2.84,False
KGS,58.7275,BASING,0.0,0,18,18,63.31,61.27,204,weekly,4.33,47 bear-built-above · rel-vol 2.1x · regime FAVORABLE,False,18,58.7275,57.8466,63.31,113,7.8,5.2,False
KHC,24.45,BASING,0.0,0,20,20,25.42,24.995,43,daily,2.23,18 bear-built-above · rel-vol 1.1x · regime FAVORABLE,False,20,24.45,24.0832,25.42,272,3.97,2.64,False
KKR,98.81,BASING,0.0,0,20,20,107.73,106.55,119,weekly,7.83,14 bear-built-above · rel-vol 1.5x · regime FAVORABLE,False,20,98.81,97.3278,107.73,67,9.03,6.02,False
KLAC,180.69,BASING,0.0,0,16,16,205.76,195.47,1029,daily,8.18,5 bear-built-above · rel-vol 2.1x · regime FAVORABLE,False,19,180.69,177.9796,205.76,36,13.87,9.25,False
KLAR,13.92,BASING,0.0,0,6,6,19.51,15.66,386,daily,12.5,rel-vol 0.6x · regime FAVORABLE,False,6,13.92,13.7112,19.51,478,40.16,26.77,False
KMI,31.77,BASING,0.0,0,12,12,33.69,33.63,6,weekly,5.85,6 bear-built-above · rel-vol 2.7x · regime FAVORABLE,False,13,31.77,31.2934,33.69,209,6.04,4.03,False
KMT,29.7725,BASING,0.0,0,18,18,33.13,32.45,68,weekly,8.99,3 bear-built-above · rel-vol 1.8x · regime FAVORABLE,False,18,29.7725,29.3259,33.13,223,11.28,7.52,False
KMX,57.2125,BASING,0.0,0,20,20,62.42,62.3,13,weekly,8.89,36 bear-built-above · rel-vol 2.5x · regime FAVORABLE,False,20,57.2125,56.3543,62.42,116,9.1,6.07,False
KNX,66.6775,BASING,0.0,0,20,20,67.97,67.27,71,weekly,0.89,27 bear-built-above · rel-vol 1.1x · regime FAVORABLE,False,23,66.6775,65.6773,67.97,99,1.94,1.29,False
KO,88.2,BASING,0.0,0,20,20,89.35,88.71,65,daily,0.58,20 bear-built-above · rel-vol 1.8x · regime FAVORABLE,False,22,88.2,86.877,89.35,75,1.3,0.87,False
KOLD,28.97,BASING,0.0,0,18,18,45.24,29.85,1539,weekly,3.04,44 bear-built-above · rel-vol 1.0x · regime FAVORABLE,False,19,28.97,28.5354,45.24,230,56.16,37.44,False
KOPN,4.76,BASING,0.0,0,9,9,5.04,4.925,12,weekly,3.47,rel-vol 2.7x · regime FAVORABLE,False,9,4.76,4.6886,5.04,1400,5.88,3.92,False
KOS,2.68,BASING,0.0,0,18,18,3.0,2.98,3,30m,11.19,24 bear-built-above · rel-vol 1.3x · regime FAVORABLE,False,18,2.68,2.6398,3.0,2487,11.94,7.96,False
KR,60.14,BASING,0.0,0,17,17,68.68,67.07,162,daily,11.52,19 bear-built-above · rel-vol 1.7x · regime FAVORABLE,False,17,60.14,59.2379,68.68,110,14.2,9.47,False
KRMN,36.1699,BASING,0.0,0,20,20,39.69,39.45,24,daily,9.07,9 bear-built-above · rel-vol 3.3x · regime FAVORABLE,False,20,36.1699,35.6274,39.69,184,9.73,6.49,False
KRYS,336.6675,BASING,0.0,0,16,16,358.24,351.26,699,daily,4.33,14 bear-built-above · rel-vol 3.6x · regime FAVORABLE,False,16,336.6675,331.6175,358.24,19,6.41,4.27,False
KSPI,97.53,BASING,0.0,0,20,20,107.21,106.83,38,daily,9.54,13 bear-built-above · rel-vol 0.6x · regime FAVORABLE,False,22,97.53,96.067,107.21,68,9.93,6.62,False
KSS,16.53,BASING,0.0,0,18,18,17.23,16.84,40,weekly,1.88,8 bear-built-above · rel-vol 0.9x · regime FAVORABLE,False,18,16.53,16.2821,17.23,403,4.23,2.82,False
KTB,66.3625,BASING,0.0,0,20,20,76.99,76.1,90,weekly,14.67,8 bear-built-above · rel-vol 2.2x · regime FAVORABLE,False,20,66.3625,65.3671,76.99,100,16.01,10.68,False
KTOS,48.2,BASING,0.0,0,10,10,52.0,51.695,31,weekly,7.25,4 bear-built-above · rel-vol 1.7x · regime FAVORABLE,False,10,48.2,47.477,52.0,138,7.88,5.26,False
KVUE,17.63,BASING,0.0,0,18,18,18.74,18.625,12,weekly,5.64,24 bear-built-above · rel-vol 1.0x · regime FAVORABLE,False,18,17.63,17.3655,18.74,378,6.3,4.2,False
KVYO,15.5,BASING,0.0,0,19,19,22.25,17.33,493,daily,11.81,24 bear-built-above · rel-vol 1.8x · regime FAVORABLE,False,19,15.5,15.2675,22.25,430,43.55,29.03,False
KYMR,117.75,BASING,0.0,0,20,20,125.55,124.99,57,daily,6.15,14 bear-built-above · rel-vol 2.7x · regime FAVORABLE,False,20,117.75,115.9838,125.55,56,6.62,4.42,False
LABD,7.14,BASING,0.0,0,20,20,7.63,7.35,29,daily,2.94,40 bear-built-above · rel-vol 0.6x · regime FAVORABLE,False,23,7.14,7.0329,7.63,933,6.86,4.58,False
LABU,268.0,BASING,0.0,0,20,20,290.97,287.83,315,weekly,7.4,12 bear-built-above · rel-vol 1.5x · regime FAVORABLE,False,20,268.0,263.98,290.97,24,8.57,5.71,False
LABX,11.65,BASING,0.0,0,15,15,13.44,12.09,135,daily,3.78,rel-vol 1.5x · regime FAVORABLE,True,15,11.65,11.4753,13.44,572,15.36,10.24,False
LAC,2.9,BASING,0.0,0,20,20,3.19,3.1,9,daily,6.9,10 bear-built-above · rel-vol 1.0x · regime FAVORABLE,False,21,2.9,2.8565,3.19,2298,10.0,6.67,False
LAES,2.29,BASING,0.0,0,6,6,2.38,2.31,7,weekly,0.87,3 bear-built-above · rel-vol 0.8x · regime FAVORABLE,True,6,2.29,2.2557,2.38,2911,3.93,2.62,False
LASR,40.4,BASING,0.0,0,19,19,44.69,44.36,33,daily,9.8,rel-vol 1.1x · regime FAVORABLE,False,20,40.4,39.794,44.69,165,10.62,7.08,False
LB,86.04,BASING,0.0,0,15,15,91.0,88.645,236,30m,3.03,7 bear-built-above · rel-vol 1.3x · regime FAVORABLE,False,15,86.04,84.7494,91.0,77,5.76,3.84,False
LBRDK,36.13,BASING,0.0,0,5,5,41.94,41.38,56,weekly,14.53,rel-vol 7.5x · regime FAVORABLE,False,5,36.13,35.5881,41.94,184,16.08,10.72,False
LBRT,19.3325,BASING,0.0,0,19,19,20.96,20.53,43,weekly,6.19,34 bear-built-above · rel-vol 1.5x · regime FAVORABLE,False,19,19.3325,19.0425,20.96,344,8.42,5.61,False
LCID,4.13,BASING,0.0,0,13,13,4.22,4.15,7,weekly,0.48,9 bear-built-above · rel-vol 1.2x · regime FAVORABLE,False,13,4.13,4.068,4.22,1614,2.18,1.45,False
LEA,120.64,BASING,0.0,0,18,18,130.82,128.45,238,weekly,6.47,51 bear-built-above · rel-vol 2.7x · regime FAVORABLE,False,18,120.64,118.8304,130.82,55,8.44,5.63,False
LECO,257.2025,BASING,0.0,0,17,17,271.52,267.15,438,daily,3.87,rel-vol 2.1x · regime FAVORABLE,False,17,257.2025,253.3445,271.52,25,5.57,3.71,False
LEGN,17.75,BASING,0.0,0,19,19,20.49,20.22,27,daily,13.92,25 bear-built-above · rel-vol 1.5x · regime FAVORABLE,False,19,17.75,17.4838,20.49,375,15.44,10.29,False
LEU,147.8,BASING,0.0,0,20,20,152.31,150.0,232,weekly,1.49,23 bear-built-above · rel-vol 2.0x · regime FAVORABLE,False,20,147.8,145.583,152.31,45,3.05,2.03,False
LFST,12.81,BASING,0.0,0,12,12,13.315,13.31,1,30m,3.9,12 bear-built-above · rel-vol 3.3x · regime FAVORABLE,False,13,12.81,12.6179,13.315,520,3.94,2.63,False
LFTO,16.39,BASING,0.0,0,20,20,17.42,17.4,3,daily,6.16,23 bear-built-above · rel-vol 7.4x · regime FAVORABLE,False,20,16.39,16.1441,17.42,406,6.28,4.19,False
LGCL,3.06,BASING,0.0,0,20,20,3.25,3.17,9,daily,3.59,15 bear-built-above · rel-vol 0.1x · regime FAVORABLE,False,20,3.06,3.0141,3.25,2178,6.21,4.14,False
LGHL,7.44,BASING,0.0,0,3,3,8.706,8.3,41,weekly,11.56,2 bear-built-above · rel-vol 1.1x · regime FAVORABLE,True,3,7.44,7.3284,8.706,896,17.02,11.34,False
LGN,55.8,BASING,0.0,0,14,14,59.37,59.21,16,weekly,6.11,1 bear-built-above · rel-vol 1.6x · regime FAVORABLE,False,14,55.8,54.963,59.37,119,6.4,4.27,False
LH,320.95,BASING,0.0,0,20,20,335.11,332.7,242,weekly,3.66,11 bear-built-above · rel-vol 2.3x · regime FAVORABLE,False,22,320.95,316.1357,335.11,20,4.41,2.94,False
LIFE,36.5,BASING,0.0,0,7,7,39.76,39.63,13,weekly,8.58,7 bear-built-above · rel-vol 1.7x · regime FAVORABLE,False,7,36.5,35.9525,39.76,182,8.93,5.95,False
LII,359.23,BASING,0.0,0,20,20,418.02,413.05,497,daily,14.98,14 bear-built-above · rel-vol 1.8x · regime FAVORABLE,False,20,359.23,353.8416,418.02,18,16.37,10.91,False
LITE,951.0,BASING,0.0,0,11,11,980.055,959.44,2062,daily,0.89,4 bear-built-above · rel-vol 2.1x · regime FAVORABLE,False,13,951.0,936.735,980.055,7,3.06,2.04,False
LIVN,78.0125,BASING,0.0,0,18,18,82.0,81.44,57,1h,4.39,14 bear-built-above · rel-vol 2.2x · regime FAVORABLE,False,18,78.0125,76.8423,82.0,85,5.11,3.41,False
LLY,1149.06,BASING,0.0,0,15,15,1174.61,1168.47,614,weekly,1.69,5 bear-built-above · rel-vol 1.9x · regime FAVORABLE,False,17,1149.06,1131.8241,1174.61,5,2.22,1.48,False
LMND,47.92,BASING,0.0,0,20,20,60.96,49.21,1175,daily,2.69,11 bear-built-above · rel-vol 1.4x · regime FAVORABLE,False,20,47.92,47.2012,60.96,139,27.21,18.14,False
LNG,266.99,BASING,0.0,0,19,19,286.68,280.68,600,weekly,5.13,33 bear-built-above · rel-vol 1.4x · regime FAVORABLE,False,19,266.99,262.9852,286.68,24,7.37,4.92,False
LOPE,151.2725,BASING,0.0,0,20,20,159.31,156.67,265,4h,3.57,25 bear-built-above · rel-vol 1.7x · regime FAVORABLE,False,21,151.2725,149.0034,159.31,44,5.31,3.54,False
LPTH,10.13,BASING,0.0,0,16,16,11.23,11.1,14,weekly,9.58,13 bear-built-above · rel-vol 1.2x · regime FAVORABLE,False,16,10.13,9.9781,11.23,658,10.86,7.24,False
LPX,65.3175,BASING,0.0,0,18,18,71.26,70.33,94,weekly,7.67,4 bear-built-above · rel-vol 1.1x · regime FAVORABLE,False,18,65.3175,64.3377,71.26,102,9.1,6.07,False
LQDA,66.9,BASING,0.0,0,20,20,74.44,73.26,118,weekly,9.51,23 bear-built-above · rel-vol 3.2x · regime FAVORABLE,False,20,66.9,65.8965,74.44,99,11.27,7.51,False
LRCX,294.2,BASING,0.0,0,19,19,350.33,335.0,1533,weekly,13.87,15 bear-built-above · rel-vol 2.3x · regime FAVORABLE,False,19,294.2,289.787,350.33,22,19.08,12.72,False
LRN,78.9025,BASING,0.0,0,18,18,151.56,85.02,6655,daily,7.75,42 bear-built-above · rel-vol 2.5x · regime FAVORABLE,False,18,78.9025,77.719,151.56,84,92.09,61.39,False
LSTR,171.0,BASING,0.0,0,17,17,172.78,172.4,38,weekly,0.82,5 bear-built-above · rel-vol 1.4x · regime FAVORABLE,False,17,171.0,168.435,172.78,38,1.04,0.69,False
LTH,40.7475,BASING,0.0,0,20,20,41.5,41.38,12,weekly,1.55,10 bear-built-above · rel-vol 4.4x · regime FAVORABLE,False,20,40.7475,40.1363,41.5,163,1.85,1.23,False
LULU,98.66,BASING,0.0,0,18,18,121.15,100.61,2055,daily,1.98,11 bear-built-above · rel-vol 1.0x · regime FAVORABLE,False,18,98.66,97.1801,121.15,67,22.8,15.2,False
LUMN,6.4331,BASING,0.0,0,7,7,6.84,6.77,8,weekly,5.24,6 bear-built-above · rel-vol 2.3x · regime FAVORABLE,False,8,6.4331,6.3366,6.84,1036,6.33,4.22,False
LUNR,14.18,BASING,0.0,0,6,6,16.18,16.0,18,daily,12.83,1 bear-built-above · rel-vol 2.3x · regime FAVORABLE,False,6,14.18,13.9673,16.18,470,14.1,9.4,False
LUXE,10.02,BASING,0.0,0,1,1,10.32,10.255,7,4h,2.35,rel-vol 2.7x · regime FAVORABLE,False,1,10.02,9.8697,10.32,665,2.99,2.0,False
LYB,61.8,BASING,0.0,0,19,19,64.1,63.54,56,daily,2.82,35 bear-built-above · rel-vol 2.2x · regime FAVORABLE,False,19,61.8,60.873,64.1,107,3.72,2.48,False
LYFT,15.2,BASING,0.0,0,15,15,16.24,15.77,47,daily,3.75,19 bear-built-above · rel-vol 1.4x · regime FAVORABLE,False,15,15.2,14.972,16.24,438,6.84,4.56,False
LYTE,26.69,BASING,0.0,0,7,7,27.84,27.13,72,daily,1.65,rel-vol 0.6x · regime FAVORABLE,False,7,26.69,26.2897,27.84,249,4.31,2.87,False
M,21.94,BASING,0.0,0,20,20,24.52,24.2,33,daily,10.3,9 bear-built-above · rel-vol 1.3x · regime FAVORABLE,False,26,21.94,21.6109,24.52,303,11.76,7.84,False
MAIN,56.5,BASING,0.0,0,20,20,63.8,63.5,30,weekly,12.39,28 bear-built-above · rel-vol 1.2x · regime FAVORABLE,False,21,56.5,55.6525,63.8,117,12.92,8.61,False
MAIR,24.0,BASING,0.0,0,20,20,25.21,24.75,47,weekly,3.12,12 bear-built-above · rel-vol 0.8x · regime FAVORABLE,False,20,24.0,23.64,25.21,277,5.04,3.36,False
MAN,57.8,BASING,0.0,0,20,20,61.98,60.54,144,weekly,4.74,11 bear-built-above · rel-vol 1.7x · regime FAVORABLE,False,21,57.8,56.933,61.98,115,7.23,4.82,False
MANE,106.75,BASING,0.0,0,9,9,112.71,111.28,143,weekly,4.24,4 bear-built-above · rel-vol 2.9x · regime FAVORABLE,False,9,106.75,105.1487,112.71,62,5.58,3.72,False
MANH,211.46,BASING,0.0,0,20,20,288.01,222.84,6517,daily,5.38,10 bear-built-above · rel-vol 2.1x · regime FAVORABLE,False,22,211.46,208.2881,288.01,31,36.2,24.13,False
MARA,13.54,BASING,0.0,0,3,3,13.6978,13.69,1,4h,1.11,rel-vol 1.6x · regime FAVORABLE,True,4,13.54,13.3369,13.6978,492,1.17,0.78,False
MAT,13.34,BASING,0.0,0,20,20,14.53,14.47,6,weekly,8.47,9 bear-built-above · rel-vol 2.3x · regime FAVORABLE,False,21,13.34,13.1399,14.53,499,8.92,5.95,False
MATX,232.9225,BASING,0.0,0,19,19,240.21,237.94,228,45m,2.15,19 bear-built-above · rel-vol 2.3x · regime FAVORABLE,False,19,232.9225,229.4287,240.21,28,3.13,2.09,False
MBGL,19.5,BASING,0.0,0,20,20,20.05,19.96,9,4h,2.36,20 bear-built-above · rel-vol 2.6x · regime FAVORABLE,False,20,19.5,19.2075,20.05,341,2.82,1.88,False
MBLY,8.11,BASING,0.0,0,17,17,8.25,8.14,11,weekly,0.37,10 bear-built-above · rel-vol 2.6x · regime FAVORABLE,False,17,8.11,7.9883,8.25,822,1.73,1.15,False
MC,59.7325,BASING,0.0,0,17,17,64.03,63.31,72,weekly,5.99,36 bear-built-above · rel-vol 2.3x · regime FAVORABLE,False,17,59.7325,58.8365,64.03,111,7.19,4.8,False
MCHP,73.85,BASING,0.0,0,20,20,76.08,74.79,129,weekly,1.27,8 bear-built-above · rel-vol 2.0x · regime FAVORABLE,False,23,73.85,72.7422,76.08,90,3.02,2.01,False
MCK,877.0,BASING,0.0,0,20,20,978.71,948.1,3062,daily,8.11,19 bear-built-above · rel-vol 2.7x · regime FAVORABLE,True,22,877.0,863.845,978.71,7,11.6,7.73,False
MDA,30.2915,BASING,0.0,0,19,19,30.92,30.68,25,weekly,1.28,10 bear-built-above · rel-vol 1.3x · regime FAVORABLE,False,19,30.2915,29.8371,30.92,220,2.07,1.38,False
MDB,384.99,BASING,0.0,0,12,12,435.29,434.21,109,1h,12.78,8 bear-built-above · rel-vol 0.7x · regime FAVORABLE,False,15,384.99,379.2151,435.29,17,13.07,8.71,False
MDGL,531.52,BASING,0.0,0,18,18,593.87,592.21,166,weekly,11.42,7 bear-built-above · rel-vol 1.6x · regime FAVORABLE,False,18,531.52,523.5472,593.87,12,11.73,7.82,False
MDLN,31.65,BASING,0.0,0,20,20,32.53,32.4,14,weekly,2.37,25 bear-built-above · rel-vol 2.6x · regime FAVORABLE,False,20,31.65,31.1752,32.53,210,2.78,1.85,False
MDT,92.13,BASING,0.0,0,19,19,99.49,96.86,263,weekly,5.13,18 bear-built-above · rel-vol 1.7x · regime FAVORABLE,False,20,92.13,90.748,99.49,72,7.99,5.33,False
MEDP,612.3275,BASING,0.0,0,8,8,616.94,615.41,154,30m,0.5,8 bear-built-above · rel-vol 2.4x · regime FAVORABLE,False,9,612.3275,603.1426,616.94,10,0.75,0.5,False
MEDS,3.97,BASING,0.0,0,15,15,4.68,4.55,13,1h,14.61,12 bear-built-above · rel-vol 1.1x · regime FAVORABLE,True,15,3.97,3.9104,4.68,1679,17.88,11.92,False
MELI,1799.2708,BASING,0.0,0,18,18,1954.0,1945.002,900,weekly,8.1,29 bear-built-above · rel-vol 2.4x · regime FAVORABLE,False,18,1799.2708,1772.2817,1954.0,3,8.6,5.73,False
META,683.06,BASING,0.0,0,8,8,737.43,727.5,993,daily,6.51,4 bear-built-above · rel-vol 1.5x · regime FAVORABLE,False,10,683.06,672.8141,737.43,9,7.96,5.31,False
METU,27.83,BASING,0.0,0,12,12,30.7,30.31,40,weekly,8.91,5 bear-built-above · rel-vol 0.8x · regime FAVORABLE,True,12,27.83,27.4125,30.7,239,10.31,6.88,False
MFP,42.4,BASING,0.0,0,20,20,46.77,46.66,12,weekly,10.05,20 bear-built-above · rel-vol 3.1x · regime FAVORABLE,False,20,42.4,41.764,46.77,157,10.31,6.87,False
MGA,63.13,BASING,0.0,0,20,20,66.13,64.83,130,weekly,2.69,36 bear-built-above · rel-vol 1.0x · regime FAVORABLE,False,23,63.13,62.1831,66.13,105,4.75,3.17,False
MGNI,25.0,BASING,0.0,0,16,16,26.25,26.115,14,30m,4.46,16 bear-built-above · rel-vol 1.6x · regime FAVORABLE,False,18,25.0,24.625,26.25,266,5.0,3.33,False
MHK,126.0925,BASING,0.0,0,20,20,151.87,134.9,1697,daily,6.98,23 bear-built-above · rel-vol 1.9x · regime FAVORABLE,False,22,126.0925,124.2011,151.87,52,20.44,13.63,False
MIAX,38.79,BASING,0.0,0,18,18,41.77,41.48,30,daily,6.93,32 bear-built-above · rel-vol 4.3x · regime FAVORABLE,False,18,38.79,38.2081,41.77,171,7.68,5.12,False
MIMI,0.8167,BASING,0.0,0,19,19,0.927,0.92,1,daily,12.65,16 bear-built-above · rel-vol 0.0x · regime FAVORABLE,False,19,0.8167,0.8044,0.927,8162,13.51,9.0,False
MIR,15.7003,BASING,0.0,0,20,20,15.98,15.76,23,weekly,0.38,22 bear-built-above · rel-vol 2.0x · regime FAVORABLE,False,20,15.7003,15.4648,15.98,424,1.78,1.19,False
MIRM,91.83,BASING,0.0,0,15,15,105.79,94.115,1168,daily,2.49,23 bear-built-above · rel-vol 2.9x · regime FAVORABLE,False,15,91.83,90.4526,105.79,72,15.2,10.13,False
MKSI,261.0,BASING,0.0,0,20,20,279.11,271.5,762,weekly,4.02,19 bear-built-above · rel-vol 1.7x · regime FAVORABLE,False,20,261.0,257.085,279.11,25,6.94,4.63,False
MLI,60.07,BASING,0.0,0,17,17,63.71,62.0,172,45m,3.21,3 bear-built-above · rel-vol 5.1x · regime FAVORABLE,False,17,60.07,59.169,63.71,110,6.06,4.04,False
MLYS,28.02,BASING,0.0,0,20,20,30.5,30.04,47,daily,7.21,11 bear-built-above · rel-vol 2.9x · regime FAVORABLE,False,20,28.02,27.5997,30.5,237,8.85,5.9,False
MMED,21.79,BASING,0.0,0,6,6,23.78,23.32,47,10m,7.02,5 bear-built-above · rel-vol 1.2x · regime FAVORABLE,False,6,21.79,21.4631,23.78,305,9.13,6.09,False
MNDY,85.5,BASING,0.0,0,20,20,98.13,98.0,13,4h,14.62,28 bear-built-above · rel-vol 1.2x · regime FAVORABLE,False,21,85.5,84.2175,98.13,77,14.77,9.85,False
MNST,44.33,BASING,0.0,0,20,20,46.86,46.51,36,weekly,4.92,11 bear-built-above · rel-vol 1.9x · regime FAVORABLE,False,22,44.33,43.6651,46.86,150,5.71,3.8,False
MNTS,4.23,BASING,0.0,0,20,20,4.84,4.77,8,weekly,12.77,17 bear-built-above · rel-vol 1.6x · regime FAVORABLE,False,20,4.23,4.1665,4.84,1576,14.42,9.61,False
MOD,190.8,BASING,0.0,0,11,11,202.33,202.15,19,30m,5.95,rel-vol 1.1x · regime FAVORABLE,False,12,190.8,187.938,202.33,34,6.04,4.03,False
MOH,200.7875,BASING,0.0,0,20,20,221.74,217.99,375,daily,8.57,38 bear-built-above · rel-vol 1.4x · regime FAVORABLE,False,21,200.7875,197.7757,221.74,33,10.44,6.96,False
MORN,203.8325,BASING,0.0,0,20,20,209.4,207.8,160,weekly,1.95,rel-vol 2.7x · regime FAVORABLE,False,22,203.8325,200.775,209.4,32,2.73,1.82,False
MOS,24.56,BASING,0.0,0,14,14,25.19,24.81,39,weekly,1.02,13 bear-built-above · rel-vol 1.4x · regime FAVORABLE,True,14,24.56,24.1916,25.19,271,2.57,1.71,False
MP,49.3,BASING,0.0,0,17,17,50.51,49.77,74,weekly,0.95,11 bear-built-above · rel-vol 1.8x · regime FAVORABLE,False,19,49.3,48.5605,50.51,135,2.45,1.64,False
MPC,425.3,BASING,0.0,0,4,4,425.8686,425.5717,30,15m,0.06,4 bear-built-above · rel-vol 3.5x · regime FAVORABLE,True,4,425.3,418.9205,425.8686,15,0.13,0.09,False
MPWR,1243.01,BASING,0.0,0,14,14,1316.28,1298.38,1790,weekly,4.45,rel-vol 2.2x · regime FAVORABLE,False,15,1243.01,1224.3648,1316.28,5,5.89,3.93,False
MRAM,15.9,BASING,0.0,0,20,20,17.46,17.29,18,daily,8.74,13 bear-built-above · rel-vol 1.7x · regime FAVORABLE,False,20,15.9,15.6615,17.46,419,9.81,6.54,False
MRCY,85.3,BASING,0.0,0,16,16,91.36,90.86,50,weekly,6.52,15 bear-built-above · rel-vol 2.2x · regime FAVORABLE,False,16,85.3,84.0205,91.36,78,7.1,4.74,False
MRK,146.89,BASING,0.0,0,20,20,153.1,149.54,357,daily,1.8,4 bear-built-above · rel-vol 2.9x · regime FAVORABLE,False,21,146.89,144.6866,153.1,45,4.23,2.82,False
MRLN,1.97,BASING,0.0,0,20,20,2.1081,2.07,4,30m,5.08,21 bear-built-above · rel-vol 3.2x · regime FAVORABLE,False,20,1.97,1.9405,2.1081,3384,7.01,4.67,False
MRNA,157.15,BASING,0.0,0,12,12,159.8803,159.7748,11,45m,1.67,12 bear-built-above · rel-vol 0.9x · regime FAVORABLE,True,12,157.15,154.7928,159.8803,42,1.74,1.16,False
MRNX,96.38,BASING,0.0,0,8,8,102.11,99.85,227,15m,3.6,8 bear-built-above · rel-vol 0.4x · regime FAVORABLE,True,8,96.38,94.9343,102.11,69,5.95,3.96,False
MRNY,34.19,BASING,0.0,0,20,20,34.52,34.37,16,4h,0.53,11 bear-built-above · rel-vol 0.7x · regime FAVORABLE,False,20,34.19,33.6771,34.52,194,0.97,0.64,False
MRVI,6.97,BASING,0.0,0,20,20,7.64,7.58,6,daily,8.75,21 bear-built-above · rel-vol 0.7x · regime FAVORABLE,False,20,6.97,6.8655,7.64,956,9.61,6.41,False
MRVL,250.43,BASING,0.0,0,6,6,307.86,279.04,2882,daily,11.42,1 bear-built-above · rel-vol 1.1x · regime FAVORABLE,True,10,250.43,246.6736,307.86,26,22.93,15.29,False
MRX,74.39,BASING,0.0,0,13,13,75.72,75.0,72,daily,0.82,rel-vol 0.9x · regime FAVORABLE,True,13,74.39,73.2742,75.72,89,1.79,1.19,False
MS,203.7,BASING,0.0,0,20,20,214.38,211.66,272,weekly,3.91,48 bear-built-above · rel-vol 1.6x · regime FAVORABLE,False,25,203.7,200.6445,214.38,32,5.24,3.5,False
MSFT,494.0,BASING,0.0,0,19,19,541.55,530.48,1107,daily,7.38,7 bear-built-above · rel-vol 1.9x · regime FAVORABLE,False,25,494.0,486.59,541.55,13,9.63,6.42,False
MSFU,36.89,BASING,0.0,0,19,19,45.46,42.19,328,daily,14.37,14 bear-built-above · rel-vol 0.6x · regime FAVORABLE,False,22,36.89,36.3366,45.46,180,23.23,15.49,False
MSGE,79.08,BASING,0.0,0,20,20,82.43,81.46,98,daily,3.01,5 bear-built-above · rel-vol 3.4x · regime FAVORABLE,False,20,79.08,77.8938,82.43,84,4.24,2.82,False
MSGS,399.0,BASING,0.0,0,14,14,419.22,410.47,875,4h,2.87,rel-vol 2.1x · regime FAVORABLE,False,14,399.0,393.015,419.22,16,5.07,3.38,False
MSTR,158.2,BASING,0.0,0,4,4,177.42,169.175,825,weekly,6.94,rel-vol 2.0x · regime FAVORABLE,True,12,158.2,155.827,177.42,42,12.15,8.1,False
MSTU,45.31,BASING,0.0,0,4,4,52.8,48.85,395,daily,7.81,rel-vol 1.3x · regime FAVORABLE,True,5,45.31,44.6303,52.8,147,16.53,11.02,False
MSTX,20.9,BASING,0.0,0,4,4,24.31,22.44,187,daily,7.37,1 bear-built-above · rel-vol 1.2x · regime FAVORABLE,True,7,20.9,20.5865,24.31,318,16.32,10.88,False
MSTY,17.1623,BASING,0.0,0,8,8,19.38,19.19,19,daily,11.81,1 bear-built-above · rel-vol 1.8x · regime FAVORABLE,True,10,17.1623,16.9049,19.38,388,12.92,8.61,False
MSTZ,2.6,BASING,0.0,0,19,19,2.95,2.945,1,45m,13.27,14 bear-built-above · rel-vol 2.3x · regime FAVORABLE,False,19,2.6,2.561,2.95,2564,13.46,8.97,False
MTCH,43.12,BASING,0.0,0,9,9,43.96,43.8,17,1h,1.58,9 bear-built-above · rel-vol 1.8x · regime FAVORABLE,False,10,43.12,42.4732,43.96,154,1.95,1.3,False
MTD,1398.1,BASING,0.0,0,13,13,1460.63,1424.115,3652,4h,1.86,8 bear-built-above · rel-vol 2.6x · regime FAVORABLE,False,16,1398.1,1377.1285,1460.63,4,4.47,2.98,False
MTDR,56.96,BASING,0.0,0,20,20,64.17,60.34,383,daily,5.93,43 bear-built-above · rel-vol 1.3x · regime FAVORABLE,True,20,56.96,56.1056,64.17,117,12.66,8.44,False
MTN,139.7975,BASING,0.0,0,20,20,150.0,149.14,87,daily,6.68,2 bear-built-above · rel-vol 2.3x · regime FAVORABLE,False,22,139.7975,137.7005,150.0,47,7.3,4.87,False
MTRN,251.5325,BASING,0.0,0,20,20,284.96,278.71,625,daily,10.8,14 bear-built-above · rel-vol 1.7x · regime FAVORABLE,False,20,251.5325,247.7595,284.96,26,13.29,8.86,False
MTSI,280.0,BASING,0.0,0,20,20,320.48,311.55,894,daily,11.27,rel-vol 2.1x · regime FAVORABLE,False,20,280.0,275.8,320.48,23,14.46,9.64,False
MTZ,217.94,BASING,0.0,0,17,17,239.64,229.14,1050,weekly,5.14,24 bear-built-above · rel-vol 1.7x · regime FAVORABLE,False,17,217.94,214.6709,239.64,30,9.96,6.64,False
MU,1034.93,BASING,0.0,0,10,10,1213.56,1139.075,7449,daily,10.06,rel-vol 1.4x · regime FAVORABLE,True,14,1034.93,1019.4061,1213.56,6,17.26,11.51,False
MUD,9.53,BASING,0.0,0,19,19,10.61,10.37,25,daily,8.81,50 bear-built-above · rel-vol 1.1x · regime FAVORABLE,False,19,9.53,9.387,10.61,699,11.33,7.56,False
MUR,37.3875,BASING,0.0,0,15,15,41.52,39.59,193,daily,5.89,25 bear-built-above · rel-vol 2.7x · regime FAVORABLE,False,15,37.3875,36.8267,41.52,178,11.05,7.37,False
MUSA,526.0925,BASING,0.0,0,20,20,607.76,595.61,1215,weekly,13.21,6 bear-built-above · rel-vol 1.6x · regime FAVORABLE,False,21,526.0925,518.2011,607.76,12,15.52,10.35,False
MUZ,7.36,BASING,0.0,0,18,18,8.33,8.2,14,daily,11.41,33 bear-built-above · rel-vol 1.4x · regime FAVORABLE,False,18,7.36,7.2496,8.33,905,13.18,8.79,False
MVIS,1.7201,BASING,0.0,0,9,9,1.94,1.93,2,1h,12.2,2 bear-built-above · rel-vol 0.8x · regime FAVORABLE,False,9,1.7201,1.6943,1.94,3875,12.78,8.52,False
MVST,0.637,BASING,0.0,0,20,20,0.7221,0.71,2,weekly,11.46,11 bear-built-above · rel-vol 2.0x · regime FAVORABLE,False,20,0.637,0.6274,0.7221,10465,13.36,8.91,False
MWH,26.64,BASING,0.0,0,19,19,29.97,28.92,105,daily,8.56,2 bear-built-above · rel-vol 1.1x · regime FAVORABLE,False,20,26.64,26.2404,29.97,250,12.5,8.33,False
MXL,83.49,BASING,0.0,0,4,4,86.81,86.8,2,1h,3.96,2 bear-built-above · rel-vol 2.1x · regime FAVORABLE,True,5,83.49,82.2376,86.81,79,3.98,2.65,False
MYRG,279.2825,BASING,0.0,0,20,20,290.71,280.75,996,weekly,0.53,7 bear-built-above · rel-vol 1.8x · regime FAVORABLE,False,20,279.2825,275.0933,290.71,23,4.09,2.73,False
MYSZ,1.77,BASING,0.0,0,7,7,2.32,1.97,35,daily,11.3,2 bear-built-above · rel-vol 0.1x · regime FAVORABLE,False,7,1.77,1.7434,2.32,3766,31.07,20.72,False
NAMI,1.88,BASING,0.0,0,11,11,2.71,2.07,65,daily,10.11,7 bear-built-above · rel-vol 0.1x · regime FAVORABLE,False,11,1.88,1.8518,2.71,3546,44.15,29.43,False
NAMS,22.35,BASING,0.0,0,15,15,25.4,24.02,138,weekly,7.47,rel-vol 1.4x · regime FAVORABLE,False,15,22.35,22.0147,25.4,298,13.65,9.1,False
NASA,24.16,BASING,0.0,0,20,20,24.64,24.19,45,weekly,0.12,15 bear-built-above · rel-vol 2.6x · regime FAVORABLE,False,21,24.16,23.7976,24.64,275,1.99,1.32,False
NAT,8.24,BASING,0,0,0,0,,,,,0,rel-vol 1.0x · regime FAVORABLE,True,0,8.24,8.1164,9.064,809,10.0,6.67,False
NAVN,21.4,BASING,0.0,0,19,19,23.2619,23.0387,23,45m,7.66,16 bear-built-above · rel-vol 2.3x · regime FAVORABLE,False,20,21.4,21.079,23.2619,311,8.7,5.8,False
NB,3.77,BASING,0.0,0,18,18,4.04,4.0,5,daily,6.1,13 bear-built-above · rel-vol 1.0x · regime FAVORABLE,False,18,3.77,3.7134,4.04,1768,7.16,4.77,False
NBIG,17.22,BASING,0.0,0,20,20,21.74,18.91,283,daily,9.81,9 bear-built-above · rel-vol 1.5x · regime FAVORABLE,False,21,17.22,16.9617,21.74,387,26.25,17.5,False
NBIS,227.65,BASING,0.0,0,18,18,240.35,232.0,835,daily,1.91,12 bear-built-above · rel-vol 1.4x · regime FAVORABLE,False,19,227.65,224.2353,240.35,29,5.58,3.72,False
NBIZ,5.72,BASING,0.0,0,20,20,5.99,5.82,17,45m,1.75,19 bear-built-above · rel-vol 0.9x · regime FAVORABLE,False,20,5.72,5.6342,5.99,1165,4.72,3.15,False
NCI,13.935,BASING,0.0,0,10,10,41.12,15.28,2584,1h,9.65,9 bear-built-above · rel-vol 3.4x · regime FAVORABLE,True,10,13.935,13.726,41.12,478,195.08,130.06,False
NCLH,14.35,BASING,0.0,0,19,19,14.82,14.51,32,weekly,1.11,11 bear-built-above · rel-vol 1.5x · regime FAVORABLE,False,19,14.35,14.1347,14.82,464,3.28,2.18,False
NCNO,21.65,BASING,0.0,0,20,20,23.63,23.26,37,daily,7.44,19 bear-built-above · rel-vol 0.8x · regime FAVORABLE,False,22,21.65,21.3252,23.63,307,9.15,6.1,False
NCPL,0.791,BASING,0.0,0,6,6,0.84,0.8302,1,10m,4.96,6 bear-built-above · rel-vol 2.5x · regime FAVORABLE,False,6,0.791,0.7791,0.84,8428,6.19,4.13,False
NCRA,2.1,BASING,0.0,0,13,13,2.29,2.24,5,daily,6.67,12 bear-built-above · rel-vol 0.0x · regime FAVORABLE,False,13,2.1,2.0685,2.29,3174,9.05,6.03,False
NCTY,3.98,BASING,0.0,0,5,5,4.18,4.11,7,weekly,3.27,2 bear-built-above · rel-vol 0.4x · regime FAVORABLE,False,5,3.98,3.9203,4.18,1675,5.03,3.35,False
NDSN,311.57,BASING,0.0,0,20,20,324.59,322.68,191,weekly,3.57,6 bear-built-above · rel-vol 2.2x · regime FAVORABLE,False,20,311.57,306.8965,324.59,21,4.18,2.79,False
NE,44.2625,BASING,0.0,0,18,18,50.02,49.0,103,daily,10.7,42 bear-built-above · rel-vol 1.8x · regime FAVORABLE,False,18,44.2625,43.5986,50.02,150,13.01,8.67,False
NEBX,25.57,BASING,0.0,0,15,15,32.37,28.22,415,daily,10.36,5 bear-built-above · rel-vol 1.6x · regime FAVORABLE,False,16,25.57,25.1865,32.37,260,26.59,17.73,False
NEM,123.15,BASING,0.0,0,17,17,126.53,123.43,310,weekly,0.23,45 bear-built-above · rel-vol 2.5x · regime FAVORABLE,False,18,123.15,121.3028,126.53,54,2.74,1.83,False
NEO,20.1,BASING,0,0,0,0,,,,,0,rel-vol 2.4x · regime FAVORABLE,False,0,20.1,19.7985,22.11,331,10.0,6.67,False
NEOV,3.61,BASING,0.0,0,7,7,4.12,4.09,4,4h,13.3,rel-vol 0.9x · regime FAVORABLE,False,8,3.61,3.5558,4.12,1846,14.13,9.42,False
NESR,32.9,BASING,0.0,0,20,20,33.54,33.145,40,weekly,0.74,9 bear-built-above · rel-vol 1.9x · regime FAVORABLE,False,20,32.9,32.4065,33.54,202,1.95,1.3,False
NET,327.04,BASING,0.0,0,2,2,331.25,331.0,25,1h,1.21,rel-vol 1.5x · regime FAVORABLE,True,7,327.04,322.1344,331.25,20,1.29,0.86,False
NFLX,71.7,BASING,0.0,0,20,20,75.31,71.79,352,daily,0.13,39 bear-built-above · rel-vol 3.7x · regime FAVORABLE,False,20,71.7,70.6245,75.31,92,5.03,3.36,False
NG,7.29,BASING,0.0,0,19,19,8.1,7.73,37,daily,6.04,17 bear-built-above · rel-vol 2.1x · regime FAVORABLE,False,19,7.29,7.1806,8.1,914,11.11,7.41,False
NICE,105.27,BASING,0.0,0,15,15,123.96,106.102,1786,daily,0.79,11 bear-built-above · rel-vol 1.7x · regime FAVORABLE,False,17,105.27,103.691,123.96,63,17.75,11.84,False
NIQ,18.383,BASING,0.0,0,12,12,18.5,18.44,6,daily,0.31,7 bear-built-above · rel-vol 1.8x · regime FAVORABLE,False,15,18.383,18.1073,18.5,362,0.64,0.42,False
NKTR,67.5,BASING,0.0,0,18,18,73.32,72.01,131,daily,6.68,15 bear-built-above · rel-vol 3.4x · regime FAVORABLE,False,18,67.5,66.4875,73.32,98,8.62,5.75,False
NLR,107.71,BASING,0.0,0,19,19,113.22,110.11,311,weekly,2.23,42 bear-built-above · rel-vol 1.2x · regime FAVORABLE,False,19,107.71,106.0943,113.22,61,5.12,3.41,False
NMAX,10.32,BASING,0.0,0,20,20,11.4,11.26,15,daily,9.11,19 bear-built-above · rel-vol 4.1x · regime FAVORABLE,False,20,10.32,10.1652,11.4,645,10.47,6.98,False
NMTC,1.37,BASING,0.0,0,5,5,1.3999,1.3815,2,1h,0.84,1 bear-built-above · rel-vol 0.2x · regime FAVORABLE,False,5,1.37,1.3495,1.3999,4866,2.18,1.45,False
NN,14.3,BASING,0.0,0,17,17,15.12,15.11,1,weekly,5.66,6 bear-built-above · rel-vol 2.5x · regime FAVORABLE,False,17,14.3,14.0855,15.12,466,5.73,3.82,False
NOG,25.0,BASING,0.0,0,19,19,27.95,27.16,79,daily,8.64,36 bear-built-above · rel-vol 1.8x · regime FAVORABLE,False,19,25.0,24.625,27.95,266,11.8,7.87,False
NOV,20.1,BASING,0.0,0,17,17,20.53,20.32,22,daily,1.09,16 bear-built-above · rel-vol 2.7x · regime FAVORABLE,False,17,20.1,19.7985,20.53,331,2.14,1.43,False
NOW,135.91,BASING,0.0,0,20,20,153.89,153.07,82,weekly,12.63,18 bear-built-above · rel-vol 1.2x · regime FAVORABLE,False,20,135.91,133.8714,153.89,49,13.23,8.82,False
NRG,104.5,BASING,0.0,0,20,20,113.46,110.0,346,weekly,5.26,51 bear-built-above · rel-vol 1.3x · regime FAVORABLE,False,20,104.5,102.9325,113.46,63,8.57,5.72,False
NRGV,4.435,BASING,0.0,0,2,2,5.03,5.02,2,1h,13.19,rel-vol 3.5x · regime FAVORABLE,False,3,4.435,4.3685,5.03,1503,13.42,8.94,False
NSIT,154.9125,BASING,0.0,0,20,20,171.99,167.47,453,weekly,8.11,24 bear-built-above · rel-vol 3.4x · regime FAVORABLE,False,20,154.9125,152.5888,171.99,43,11.02,7.35,False
NTAP,198.3383,BASING,0.0,0,1,1,199.52,199.0,53,5m,0.33,1 bear-built-above · rel-vol 1.9x · regime FAVORABLE,True,1,198.3383,195.3632,199.52,33,0.6,0.4,False
NTLA,12.33,BASING,0.0,0,11,11,25.56,13.73,1183,weekly,11.35,3 bear-built-above · rel-vol 2.3x · regime FAVORABLE,False,11,12.33,12.145,25.56,540,107.3,71.53,False
NTNX,69.796,BASING,0.0,0,8,8,72.4,70.96,145,4h,1.67,7 bear-built-above · rel-vol 2.0x · regime FAVORABLE,False,10,69.796,68.7491,72.4,95,3.73,2.49,False
NTR,77.32,BASING,0.0,0,20,20,82.85,80.68,217,daily,4.35,9 bear-built-above · rel-vol 0.9x · regime FAVORABLE,False,20,77.32,76.1602,82.85,86,7.15,4.77,False
NTRA,368.4,BASING,0,0,0,0,,,,,0,rel-vol 2.8x · regime FAVORABLE,True,0,368.4,362.874,405.24,18,10.0,6.67,False
NTSK,17.5,BASING,0.0,0,11,11,18.29,18.13,17,weekly,3.6,6 bear-built-above · rel-vol 2.4x · regime FAVORABLE,False,13,17.5,17.2375,18.29,380,4.51,3.01,False
NU,13.86,BASING,0.0,0,20,20,14.62,14.35,27,weekly,3.54,50 bear-built-above · rel-vol 1.0x · regime FAVORABLE,False,21,13.86,13.6521,14.62,481,5.48,3.66,False
NUAI,5.9,BASING,0.0,0,18,18,6.48,6.06,43,daily,2.71,3 bear-built-above · rel-vol 1.4x · regime FAVORABLE,False,18,5.9,5.8115,6.48,1129,9.83,6.55,False
NUE,248.99,BASING,0.0,0,20,20,264.25,254.26,1000,daily,2.12,36 bear-built-above · rel-vol 2.6x · regime FAVORABLE,False,20,248.99,245.2552,264.25,26,6.13,4.09,False
NUR,1.2,BASING,0.0,0,9,9,1.25,1.21,5,10m,0.83,6 bear-built-above · rel-vol 0.1x · regime FAVORABLE,False,9,1.2,1.182,1.25,5555,4.17,2.78,False
NUTX,210.39,BASING,0.0,0,20,20,214.32,213.94,38,daily,1.69,29 bear-built-above · rel-vol 1.5x · regime FAVORABLE,True,20,210.39,207.2341,214.32,31,1.87,1.25,False
NUVB,5.9,BASING,0.0,0,20,20,6.52,6.44,8,daily,9.15,10 bear-built-above · rel-vol 0.9x · regime FAVORABLE,False,20,5.9,5.8115,6.52,1129,10.51,7.01,False
NUWE,0.8405,BASING,0.0,0,18,18,0.9025,0.9001,1,4h,7.09,17 bear-built-above · rel-vol 0.3x · regime FAVORABLE,False,18,0.8405,0.8279,0.9025,7931,7.38,4.92,False
NVAX,10.03,BASING,0.0,0,7,7,12.6,10.43,217,daily,3.99,3 bear-built-above · rel-vol 1.9x · regime FAVORABLE,True,7,10.03,9.8796,12.6,664,25.62,17.08,False
NVCR,16.69,BASING,0.0,0,20,20,17.89,17.68,22,45m,5.93,2 bear-built-above · rel-vol 1.0x · regime FAVORABLE,False,22,16.69,16.4397,17.89,399,7.19,4.79,False
NVD,3.78,BASING,0.0,0,18,18,4.38,3.94,44,daily,4.23,52 bear-built-above · rel-vol 0.6x · regime FAVORABLE,False,18,3.78,3.7233,4.38,1763,15.87,10.58,False
NVDA,223.86,BASING,0.0,0,7,7,225.73,225.275,46,daily,0.63,rel-vol 1.4x · regime FAVORABLE,False,12,223.86,220.5021,225.73,29,0.84,0.56,False
NVDQ,8.5,BASING,0.0,0,15,15,9.93,8.905,103,daily,4.76,58 bear-built-above · rel-vol 1.0x · regime FAVORABLE,False,15,8.5,8.3725,9.93,784,16.82,11.22,False
NVDU,140.98,BASING,0.0,0,20,20,144.11,143.21,91,daily,1.58,rel-vol 0.5x · regime FAVORABLE,False,21,140.98,138.8653,144.11,47,2.22,1.48,False
NVMI,362.98,BASING,0.0,0,16,16,418.94,403.38,1557,daily,11.13,rel-vol 4.3x · regime FAVORABLE,False,16,362.98,357.5353,418.94,18,15.42,10.28,False
NVT,157.84,BASING,0.0,0,20,20,180.55,171.98,858,daily,8.96,3 bear-built-above · rel-vol 1.3x · regime FAVORABLE,False,20,157.84,155.4724,180.55,42,14.39,9.59,False
NVTS,11.8,BASING,0.0,0,7,7,12.97,12.59,39,weekly,6.69,rel-vol 1.8x · regime FAVORABLE,True,8,11.8,11.623,12.97,564,9.92,6.61,False
NWL,5.51,BASING,0.0,0,20,20,5.85,5.77,9,weekly,4.72,32 bear-built-above · rel-vol 1.4x · regime FAVORABLE,False,22,5.51,5.4273,5.85,1209,6.17,4.11,False
NX,20.0925,BASING,0.0,0,20,20,21.57,20.7,88,weekly,3.02,30 bear-built-above · rel-vol 1.7x · regime FAVORABLE,False,23,20.0925,19.7911,21.57,331,7.35,4.9,False
NXE,9.55,BASING,0.0,0,20,20,10.64,10.35,30,daily,8.38,14 bear-built-above · rel-vol 1.5x · regime FAVORABLE,False,20,9.55,9.4068,10.64,698,11.41,7.61,False
NXPI,230.2,BASING,0.0,0,20,20,259.12,252.96,616,daily,9.89,12 bear-built-above · rel-vol 1.6x · regime FAVORABLE,False,23,230.2,226.747,259.12,28,12.56,8.38,False
NXT,80.49,BASING,0.0,0,18,18,91.56,91.0,57,daily,13.06,10 bear-built-above · rel-vol 2.5x · regime FAVORABLE,False,18,80.49,79.2826,91.56,82,13.75,9.17,False
NYT,70.2125,BASING,0.0,0,18,18,75.58,70.22,536,daily,0.01,22 bear-built-above · rel-vol 3.3x · regime FAVORABLE,False,18,70.2125,69.1593,75.58,94,7.64,5.1,False
OBAI,0.2766,BASING,0.0,0,6,6,0.2928,0.2826,2,5m,2.17,6 bear-built-above · rel-vol 0.1x · regime FAVORABLE,False,6,0.2766,0.2725,0.2928,24102,5.86,3.9,False
OC,123.9025,BASING,0.0,0,20,20,131.9,128.5,341,weekly,3.71,26 bear-built-above · rel-vol 1.6x · regime FAVORABLE,False,20,123.9025,122.044,131.9,53,6.45,4.3,False
OCGN,1.06,BASING,0.0,0,6,6,1.22,1.211,1,10m,14.25,5 bear-built-above · rel-vol 1.9x · regime FAVORABLE,False,6,1.06,1.0441,1.22,6289,15.09,10.06,False
OCTV,18.86,BASING,0.0,0,13,13,19.59,19.18,42,weekly,1.7,rel-vol 6.1x · regime FAVORABLE,False,13,18.86,18.5771,19.59,353,3.87,2.58,False
OCUL,10.08,BASING,0.0,0,20,20,10.52,10.15,37,30m,0.69,17 bear-built-above · rel-vol 1.9x · regime FAVORABLE,False,21,10.08,9.9288,10.52,661,4.37,2.91,False
ODD,18.3,BASING,0.0,0,18,18,19.38,19.06,33,30m,4.15,18 bear-built-above · rel-vol 2.0x · regime FAVORABLE,False,18,18.3,18.0255,19.38,364,5.9,3.93,False
ODTX,24.38,BASING,0.0,0,5,5,27.7,27.1597,55,10m,11.4,rel-vol 7.4x · regime FAVORABLE,False,5,24.38,24.0143,27.7,273,13.62,9.08,False
OFAL,0.5701,BASING,0.0,0,19,19,0.61,0.603,1,daily,5.77,13 bear-built-above · rel-vol 0.0x · regime FAVORABLE,False,19,0.5701,0.5615,0.61,11693,7.0,4.67,False
OI,6.0725,BASING,0.0,0,20,20,6.53,6.46,8,weekly,6.38,26 bear-built-above · rel-vol 2.4x · regime FAVORABLE,False,20,6.0725,5.9814,6.53,1097,7.53,5.02,False
OIH,394.1,BASING,0.0,0,19,19,420.67,418.1,257,weekly,6.09,38 bear-built-above · rel-vol 0.5x · regime FAVORABLE,False,19,394.1,388.1885,420.67,16,6.74,4.49,False
OII,46.29,BASING,0.0,0,20,20,51.09,50.41,69,weekly,8.9,30 bear-built-above · rel-vol 2.8x · regime FAVORABLE,False,21,46.29,45.5956,51.09,144,10.37,6.91,False
OKE,93.46,BASING,0.0,0,19,19,104.53,102.95,158,weekly,10.15,16 bear-built-above · rel-vol 3.2x · regime FAVORABLE,True,19,93.46,92.0581,104.53,71,11.84,7.9,False
OKLL,10.71,BASING,0.0,0,16,16,11.24,11.19,6,45m,4.48,7 bear-built-above · rel-vol 0.9x · regime FAVORABLE,False,16,10.71,10.5494,11.24,622,4.95,3.3,False
OKLO,38.87,BASING,0.0,0,20,20,42.57,41.44,114,daily,6.61,4 bear-built-above · rel-vol 1.3x · regime FAVORABLE,False,20,38.87,38.2869,42.57,171,9.52,6.35,False
OKTA,182.95,BASING,0.0,0,10,10,191.45,189.79,166,15m,3.74,10 bear-built-above · rel-vol 1.3x · regime FAVORABLE,True,10,182.95,180.2057,191.45,36,4.65,3.1,False
OLB,0.1977,BASING,0.0,0,20,20,0.217,0.2023,2,daily,2.33,21 bear-built-above · rel-vol 0.1x · regime FAVORABLE,False,20,0.1977,0.1947,0.217,33721,9.76,6.51,False
OLED,78.3025,BASING,0.0,0,20,20,82.67,82.1,58,weekly,4.85,28 bear-built-above · rel-vol 2.5x · regime FAVORABLE,False,20,78.3025,77.128,82.67,85,5.58,3.72,False
OLLI,75.84,BASING,0.0,0,15,15,81.1676,80.59,58,1h,6.26,10 bear-built-above · rel-vol 1.1x · regime FAVORABLE,False,15,75.84,74.7024,81.1676,87,7.02,4.68,False
OMDA,20.5,BASING,0.0,0,20,20,22.77,22.43,34,weekly,9.41,13 bear-built-above · rel-vol 4.8x · regime FAVORABLE,False,24,20.5,20.1925,22.77,325,11.07,7.38,False
OMER,17.89,BASING,0.0,0,20,20,19.23,19.1648,7,1h,7.13,11 bear-built-above · rel-vol 1.4x · regime FAVORABLE,True,21,17.89,17.6216,19.23,372,7.49,4.99,False
ON,70.99,BASING,0.0,0,18,18,74.81,72.381,243,weekly,1.96,16 bear-built-above · rel-vol 2.1x · regime FAVORABLE,False,23,70.99,69.9251,74.81,93,5.38,3.59,False
ONDS,7.48,BASING,0.0,0,9,9,8.71,8.525,19,weekly,13.97,1 bear-built-above · rel-vol 1.1x · regime FAVORABLE,False,9,7.48,7.3678,8.71,891,16.44,10.96,False
ONTO,269.8,BASING,0.0,0,13,13,293.33,284.85,848,weekly,5.58,rel-vol 2.3x · regime FAVORABLE,False,13,269.8,265.753,293.33,24,8.72,5.81,False
OOMA,22.86,BASING,0.0,0,14,14,23.53,23.21,33,30m,1.53,8 bear-built-above · rel-vol 1.9x · regime FAVORABLE,False,14,22.86,22.5171,23.53,291,2.93,1.95,False
OPCH,24.3025,BASING,0.0,0,18,18,27.77,26.97,81,daily,10.98,11 bear-built-above · rel-vol 2.8x · regime FAVORABLE,False,18,24.3025,23.938,27.77,274,14.27,9.51,False
OPEN,2.61,BASING,0.0,0,19,19,2.79,2.74,5,weekly,4.98,7 bear-built-above · rel-vol 1.3x · regime FAVORABLE,False,19,2.61,2.5708,2.79,2554,6.9,4.6,False
OPTU,1.06,BASING,0.0,0,3,3,1.205,1.2,1,1h,13.21,rel-vol 3.1x · regime FAVORABLE,False,3,1.06,1.0441,1.205,6289,13.68,9.12,False
OPTX,6.78,BASING,0.0,0,16,16,7.1,6.89,21,weekly,1.62,29 bear-built-above · rel-vol 2.5x · regime FAVORABLE,False,16,6.78,6.6783,7.1,983,4.72,3.15,False
OR,36.94,BASING,0.0,0,17,17,37.31,37.19,13,weekly,0.68,1 bear-built-above · rel-vol 1.5x · regime FAVORABLE,True,17,36.94,36.3859,37.31,180,1.0,0.67,False
ORA,97.41,BASING,0.0,0,16,16,98.81,98.14,68,daily,0.75,rel-vol 2.0x · regime FAVORABLE,False,16,97.41,95.9488,98.81,68,1.44,0.96,False
ORBS,1.06,BASING,0.0,0,5,5,1.13,1.12,1,30m,5.66,rel-vol 1.3x · regime FAVORABLE,False,7,1.06,1.0441,1.13,6289,6.6,4.4,False
ORCL,148.49,BASING,0.0,0,16,16,175.07,170.23,485,daily,14.64,18 bear-built-above · rel-vol 1.3x · regime FAVORABLE,False,18,148.49,146.2627,175.07,44,17.9,11.93,False
ORCU,7.74,BASING,0.0,0,20,20,8.35,8.34,1,45m,7.75,17 bear-built-above · rel-vol 1.0x · regime FAVORABLE,False,20,7.74,7.6239,8.35,861,7.88,5.25,False
ORCX,21.59,BASING,0.0,0,20,20,23.31,23.265,5,45m,7.76,31 bear-built-above · rel-vol 0.7x · regime FAVORABLE,False,22,21.59,21.2661,23.31,308,7.97,5.31,False
ORKA,94.96,BASING,0.0,0,20,20,107.96,106.75,121,weekly,12.42,10 bear-built-above · rel-vol 2.3x · regime FAVORABLE,False,20,94.96,93.5356,107.96,70,13.69,9.13,False
OSCR,32.21,BASING,0.0,0,3,3,33.77,33.76,2,15m,4.81,2 bear-built-above · rel-vol 1.9x · regime FAVORABLE,True,3,32.21,31.7268,33.77,206,4.84,3.23,False
OSIS,197.71,BASING,0.0,0,20,20,218.09,206.73,1137,daily,4.56,23 bear-built-above · rel-vol 1.1x · regime FAVORABLE,False,20,197.71,194.7443,218.09,33,10.31,6.87,False
OSK,146.6125,BASING,0.0,0,20,20,170.02,168.18,185,weekly,14.71,15 bear-built-above · rel-vol 2.5x · regime FAVORABLE,False,23,146.6125,144.4133,170.02,45,15.97,10.64,False
OSS,9.5886,BASING,0.0,0,20,20,10.42,10.12,31,daily,5.54,rel-vol 1.0x · regime FAVORABLE,False,23,9.5886,9.4448,10.42,695,8.67,5.78,False
OTLK,0.6801,BASING,0.0,0,18,18,0.7101,0.6932,2,4h,1.93,16 bear-built-above · rel-vol 0.9x · regime FAVORABLE,False,19,0.6801,0.6699,0.7101,9802,4.41,2.94,False
OUST,36.18,BASING,0.0,0,9,9,38.42,37.365,106,weekly,3.28,1 bear-built-above · rel-vol 1.3x · regime FAVORABLE,True,10,36.18,35.6373,38.42,184,6.19,4.13,False
OVV,62.37,BASING,0.0,0,20,20,66.97,65.6,138,1h,5.18,22 bear-built-above · rel-vol 1.9x · regime FAVORABLE,False,20,62.37,61.4344,66.97,106,7.38,4.92,False
OWL,9.92,BASING,0.0,0,18,18,10.56,10.44,13,weekly,5.24,33 bear-built-above · rel-vol 1.0x · regime FAVORABLE,False,18,9.92,9.7712,10.56,672,6.45,4.3,False
OXY,58.57,BASING,0.0,0,20,20,62.658,62.55,11,45m,6.8,40 bear-built-above · rel-vol 1.8x · regime FAVORABLE,False,22,58.57,57.6914,62.658,113,6.98,4.65,False
P,105.47,BASING,0.0,0,1,1,108.55,107.34,121,weekly,1.77,rel-vol 11.0x · regime FAVORABLE,False,1,105.47,103.888,108.55,63,2.92,1.95,False
PAA,25.39,BASING,0.0,0,17,17,25.77,25.7,8,daily,1.22,17 bear-built-above · rel-vol 2.2x · regime FAVORABLE,False,17,25.39,25.0092,25.77,262,1.5,1.0,False
PAAI,1.39,BASING,0.0,0,2,2,1.4,1.3901,1,1m,0.01,2 bear-built-above · rel-vol 7.9x · regime FAVORABLE,False,2,1.39,1.3691,1.4,4796,0.72,0.48,False
PAAS,49.94,BASING,0.0,0,18,18,52.06,50.93,114,daily,1.98,17 bear-built-above · rel-vol 0.9x · regime FAVORABLE,False,18,49.94,49.1909,52.06,133,4.25,2.83,False
PAGP,27.91,BASING,0.0,0,3,3,28.0,27.98,2,daily,0.25,3 bear-built-above · rel-vol 0.7x · regime FAVORABLE,False,4,27.91,27.4914,28.0,238,0.32,0.21,False
PANW,364.2,BASING,0.0,0,20,20,386.9,386.0,90,45m,5.99,10 bear-built-above · rel-vol 2.0x · regime FAVORABLE,True,20,364.2,358.737,386.9,18,6.23,4.16,False
PARR,84.37,BASING,0.0,0,8,8,87.08,87.03,5,10m,3.15,8 bear-built-above · rel-vol 2.3x · regime FAVORABLE,True,8,84.37,83.1044,87.08,79,3.21,2.14,False
PATH,13.43,BASING,0.0,0,18,18,14.23,13.95,29,daily,3.87,13 bear-built-above · rel-vol 0.6x · regime FAVORABLE,False,19,13.43,13.2286,14.23,496,5.96,3.97,False
PAY,35.04,BASING,0.0,0,20,20,39.94,39.34,60,daily,12.27,32 bear-built-above · rel-vol 1.2x · regime FAVORABLE,False,22,35.04,34.5144,39.94,190,13.98,9.32,False
PAYC,226.28,BASING,0.0,0,20,20,231.67,227.36,431,weekly,0.48,11 bear-built-above · rel-vol 3.1x · regime FAVORABLE,False,25,226.28,222.8858,231.67,29,2.38,1.59,False
PBF,77.0,BASING,0.0,0,19,19,78.29,78.245,5,10m,1.62,19 bear-built-above · rel-vol 2.5x · regime FAVORABLE,False,19,77.0,75.845,78.29,86,1.68,1.12,False
PBR,20.77,BASING,0.0,0,20,20,22.01,21.77,25,daily,4.81,47 bear-built-above · rel-vol 0.7x · regime FAVORABLE,False,22,20.77,20.4584,22.01,320,5.97,3.98,False
PCG,13.22,BASING,0.0,0,17,17,16.6,14.3,231,weekly,8.17,8 bear-built-above · rel-vol 0.7x · regime FAVORABLE,False,17,13.22,13.0217,16.6,504,25.57,17.04,False
PCLA,6.86,BASING,0.0,0,10,10,10.11,7.75,236,daily,12.97,7 bear-built-above · rel-vol 0.1x · regime FAVORABLE,False,10,6.86,6.7571,10.11,971,47.38,31.58,False
PCOR,51.97,BASING,0.0,0,20,20,58.01,57.4,61,weekly,10.45,42 bear-built-above · rel-vol 1.0x · regime FAVORABLE,False,20,51.97,51.1904,58.01,128,11.62,7.75,False
PCTY,143.24,BASING,0.0,0,20,20,152.25,150.95,131,weekly,5.38,24 bear-built-above · rel-vol 2.0x · regime FAVORABLE,False,23,143.24,141.0914,152.25,46,6.29,4.19,False
PD,13.95,BASING,0.0,0,20,20,15.44,15.36,9,weekly,10.11,19 bear-built-above · rel-vol 1.7x · regime FAVORABLE,False,23,13.95,13.7407,15.44,477,10.68,7.12,False
PEGA,35.0525,BASING,0.0,0,18,18,37.63,36.84,79,daily,5.1,30 bear-built-above · rel-vol 1.7x · regime FAVORABLE,False,18,35.0525,34.5267,37.63,190,7.35,4.9,False
PENG,54.42,BASING,0.0,0,9,9,63.08,59.82,326,daily,9.92,rel-vol 1.7x · regime FAVORABLE,False,11,54.42,53.6037,63.08,122,15.91,10.61,False
PFE,27.64,BASING,0.0,0,20,20,28.45,28.015,44,daily,1.36,6 bear-built-above · rel-vol 2.2x · regime FAVORABLE,False,24,27.64,27.2254,28.45,241,2.93,1.95,False
PGEN,7.79,BASING,0.0,0,3,3,7.93,7.89,5,1h,1.28,3 bear-built-above · rel-vol 2.2x · regime FAVORABLE,False,3,7.79,7.6731,7.93,855,1.8,1.2,False
PGNY,27.3,BASING,0.0,0,20,20,30.21,28.1,211,daily,2.93,14 bear-built-above · rel-vol 2.8x · regime FAVORABLE,False,24,27.3,26.8905,30.21,244,10.66,7.11,False
PGR,212.7369,BASING,0.0,0,20,20,240.0,237.93,207,weekly,11.84,21 bear-built-above · rel-vol 3.0x · regime FAVORABLE,False,22,212.7369,209.5458,240.0,31,12.82,8.54,False
PGY,20.66,BASING,0.0,0,15,15,23.71,23.68,4,daily,14.62,5 bear-built-above · rel-vol 1.0x · regime FAVORABLE,False,17,20.66,20.3501,23.71,322,14.76,9.84,False
PI,181.2275,BASING,0.0,0,4,4,199.54,192.28,726,daily,6.1,2 bear-built-above · rel-vol 1.5x · regime FAVORABLE,False,6,181.2275,178.5091,199.54,36,10.1,6.74,False
PINS,18.77,BASING,0.0,0,20,20,20.4,20.2,20,weekly,7.62,13 bear-built-above · rel-vol 2.3x · regime FAVORABLE,False,21,18.77,18.4885,20.4,355,8.68,5.79,False
PL,16.65,BASING,0.0,0,11,11,18.12,17.85,27,weekly,7.21,2 bear-built-above · rel-vol 0.9x · regime FAVORABLE,False,12,16.65,16.4002,18.12,400,8.83,5.89,False
PLAG,0.6569,BASING,0.0,0,20,20,0.7828,0.7203,7,daily,9.65,29 bear-built-above · rel-vol 0.1x · regime FAVORABLE,False,20,0.6569,0.647,0.7828,10148,19.17,12.78,False
PLGO,23.54,BASING,0.0,0,20,20,24.06,24.0,6,daily,1.95,76 bear-built-above · rel-vol 3.1x · regime FAVORABLE,False,20,23.54,23.1869,24.06,283,2.21,1.47,False
PLMR,136.0025,BASING,0.0,0,20,20,148.79,148.09,70,daily,8.89,33 bear-built-above · rel-vol 2.1x · regime FAVORABLE,False,20,136.0025,133.9625,148.79,49,9.4,6.27,False
PLNT,49.4925,BASING,0.0,0,20,20,53.33,52.74,59,weekly,6.56,22 bear-built-above · rel-vol 2.2x · regime FAVORABLE,False,20,49.4925,48.7501,53.33,134,7.75,5.17,False
PLSE,53.87,BASING,0.0,0,11,11,57.25,57.1345,12,30m,6.06,8 bear-built-above · rel-vol 1.3x · regime FAVORABLE,False,11,53.87,53.0619,57.25,123,6.27,4.18,False
PLTR,178.49,BASING,0.0,0,14,14,205.045,192.07,1298,daily,7.61,2 bear-built-above · rel-vol 1.4x · regime FAVORABLE,False,16,178.49,175.8127,205.045,37,14.88,9.92,False
PLTZ,8.79,BASING,0.0,0,20,20,9.97,9.78,20,daily,11.26,31 bear-built-above · rel-vol 0.7x · regime FAVORABLE,False,20,8.79,8.6581,9.97,758,13.42,8.95,False
PMI,5.08,BASING,0.0,0,20,20,5.77,5.62,15,30m,10.63,6 bear-built-above · rel-vol 0.0x · regime FAVORABLE,False,20,5.08,5.0038,5.77,1312,13.58,9.06,False
PNR,56.0,BASING,0.0,0,20,20,75.68,64.33,1136,daily,14.87,5 bear-built-above · rel-vol 1.4x · regime FAVORABLE,False,20,56.0,55.16,75.68,119,35.14,23.43,False
PODD,139.89,BASING,0.0,0,20,20,150.54,149.32,122,45m,6.74,15 bear-built-above · rel-vol 1.4x · regime FAVORABLE,False,20,139.89,137.7916,150.54,47,7.61,5.08,False
POET,8.0,BASING,0.0,0,15,15,9.4,8.78,63,daily,9.75,1 bear-built-above · rel-vol 0.9x · regime FAVORABLE,True,17,8.0,7.88,9.4,833,17.5,11.67,False
POOL,167.9575,BASING,0.0,0,20,20,188.07,185.94,213,weekly,10.71,19 bear-built-above · rel-vol 2.9x · regime FAVORABLE,False,20,167.9575,165.4381,188.07,39,11.97,7.98,False
POST,76.5725,BASING,0.0,0,20,20,90.23,85.44,480,daily,11.58,12 bear-built-above · rel-vol 2.1x · regime FAVORABLE,False,20,76.5725,75.4239,90.23,87,17.84,11.89,False
POWI,50.85,BASING,0.0,0,16,16,55.18,54.66,53,weekly,7.49,5 bear-built-above · rel-vol 1.8x · regime FAVORABLE,False,17,50.85,50.0872,55.18,131,8.52,5.68,False
POWL,187.5,BASING,0.0,0,15,15,197.67,194.47,320,weekly,3.72,rel-vol 1.6x · regime FAVORABLE,True,15,187.5,184.6875,197.67,35,5.42,3.62,False
PPBT,1.4,BASING,0.0,0,16,16,1.5899,1.5,9,1h,7.14,1 bear-built-above · rel-vol 0.0x · regime FAVORABLE,False,16,1.4,1.379,1.5899,4761,13.56,9.04,False
PPC,29.8475,BASING,0.0,0,19,19,31.69,31.37,33,weekly,5.1,28 bear-built-above · rel-vol 1.5x · regime FAVORABLE,False,19,29.8475,29.3998,31.69,223,6.17,4.12,False
PPCB,0.62,BASING,0.0,0,16,16,0.644,0.634,2,1h,2.26,16 bear-built-above · rel-vol 0.0x · regime FAVORABLE,False,16,0.62,0.6107,0.644,10752,3.87,2.58,False
PR,22.72,BASING,0.0,0,20,20,23.9,23.745,16,daily,4.51,32 bear-built-above · rel-vol 2.5x · regime FAVORABLE,True,20,22.72,22.3792,23.9,293,5.19,3.46,False
PRAX,304.92,BASING,0.0,0,18,18,343.0,342.25,75,weekly,12.24,11 bear-built-above · rel-vol 2.4x · regime FAVORABLE,False,18,304.92,300.3462,343.0,21,12.49,8.33,False
PRIM,77.1325,BASING,0.0,0,15,15,101.99,84.95,1704,daily,10.14,5 bear-built-above · rel-vol 2.3x · regime FAVORABLE,False,15,77.1325,75.9755,101.99,86,32.23,21.48,False
PS,49.0,BASING,0.0,0,6,6,52.0,51.7,30,1h,5.51,5 bear-built-above · rel-vol 4.3x · regime FAVORABLE,False,6,49.0,48.265,52.0,136,6.12,4.08,False
PSI,138.3,BASING,0.0,0,16,16,159.42,154.31,511,weekly,11.58,rel-vol 0.9x · regime FAVORABLE,False,16,138.3,136.2255,159.42,48,15.27,10.18,False
PSIX,46.23,BASING,0.0,0,1,1,47.8,47.1543,65,1h,2.0,rel-vol 1.9x · regime FAVORABLE,False,1,46.23,45.5365,47.8,144,3.4,2.26,False
PSKY,10.82,BASING,0.0,0,10,10,11.99,11.49,50,weekly,6.19,8 bear-built-above · rel-vol 5.2x · regime FAVORABLE,False,12,10.82,10.6577,11.99,616,10.81,7.21,False
PSN,46.5797,BASING,0.0,0,20,20,60.26,46.99,1327,daily,0.88,14 bear-built-above · rel-vol 2.6x · regime FAVORABLE,False,20,46.5797,45.881,60.26,143,29.37,19.58,False
PSNL,16.34,BASING,0.0,0,20,20,17.8,17.5,31,1h,7.1,rel-vol 1.0x · regime FAVORABLE,False,20,16.34,16.0949,17.8,407,8.94,5.96,False
PSNYW,4.58,BASING,0.0,0,1,1,5.32,5.0,33,daily,9.17,rel-vol 0.1x · regime FAVORABLE,False,1,4.58,4.5113,5.32,1455,16.16,10.77,False
PSX,273.55,BASING,0.0,0,12,12,276.11,276.1,1,45m,0.93,12 bear-built-above · rel-vol 3.3x · regime FAVORABLE,True,12,273.55,269.4468,276.11,24,0.94,0.62,False
PTCT,65.3725,BASING,0.0,0,19,19,69.3,67.81,149,weekly,3.73,9 bear-built-above · rel-vol 3.8x · regime FAVORABLE,False,19,65.3725,64.3919,69.3,101,6.01,4.01,False
PTEN,11.79,BASING,0.0,0,20,20,12.02,11.93,9,daily,1.19,26 bear-built-above · rel-vol 2.0x · regime FAVORABLE,False,20,11.79,11.6131,12.02,565,1.95,1.3,False
PTGX,142.9975,BASING,0.0,0,20,20,143.7,143.09,61,daily,0.06,26 bear-built-above · rel-vol 3.1x · regime FAVORABLE,False,20,142.9975,140.8525,143.7,46,0.49,0.33,False
PURR,14.82,BASING,0,0,0,0,,,,,0,rel-vol 2.0x · regime FAVORABLE,True,0,14.82,14.5977,16.302,449,10.0,6.67,False
PVH,73.3525,BASING,0.0,0,16,16,97.18,78.16,1903,daily,6.55,6 bear-built-above · rel-vol 1.1x · regime FAVORABLE,False,16,73.3525,72.2522,97.18,90,32.48,21.66,False
PWR,640.02,BASING,0.0,0,20,20,677.41,672.32,509,daily,5.05,15 bear-built-above · rel-vol 1.4x · regime FAVORABLE,False,22,640.02,630.4197,677.41,10,5.84,3.89,False
PYPL,52.41,BASING,0.0,0,18,18,61.47,53.735,774,daily,2.53,29 bear-built-above · rel-vol 2.2x · regime FAVORABLE,False,18,52.41,51.6238,61.47,127,17.29,11.52,False
Q,120.05,BASING,0.0,0,16,16,128.88,126.74,215,weekly,5.57,19 bear-built-above · rel-vol 2.3x · regime FAVORABLE,False,16,120.05,118.2492,128.88,55,7.36,4.9,False
QBTS,17.458,BASING,0.0,0,10,10,20.39,19.75,65,weekly,13.13,rel-vol 1.2x · regime FAVORABLE,True,10,17.458,17.1961,20.39,381,16.79,11.2,False
QCOM,180.05,BASING,0.0,0,17,17,204.9,201.7,321,daily,12.02,13 bear-built-above · rel-vol 3.9x · regime FAVORABLE,False,19,180.05,177.3493,204.9,37,13.8,9.2,False
QFIN,8.2699,BASING,0.0,0,20,20,8.84,8.6,25,daily,3.99,16 bear-built-above · rel-vol 1.1x · regime FAVORABLE,False,20,8.2699,8.1459,8.84,806,6.89,4.6,False
QGEN,44.18,BASING,0.0,0,20,20,50.41,49.47,94,weekly,11.97,11 bear-built-above · rel-vol 0.8x · regime FAVORABLE,False,22,44.18,43.5173,50.41,150,14.1,9.4,False
QLYS,174.9625,BASING,0.0,0,20,20,179.0,178.44,57,1h,1.99,34 bear-built-above · rel-vol 2.0x · regime FAVORABLE,False,21,174.9625,172.3381,179.0,38,2.31,1.54,False
QMCO,25.11,BASING,0.0,0,8,8,25.46,25.42,4,10m,1.23,8 bear-built-above · rel-vol 1.8x · regime FAVORABLE,False,8,25.11,24.7333,25.46,265,1.39,0.93,False
QNC,1.67,BASING,0.0,0,12,12,1.925,1.92,1,10m,14.97,10 bear-built-above · rel-vol 2.8x · regime FAVORABLE,False,12,1.67,1.6449,1.925,3992,15.27,10.18,False
QNRX,7.1831,BASING,0.0,0,4,4,7.7,7.33,38,15m,2.05,rel-vol 0.0x · regime FAVORABLE,False,4,7.1831,7.0754,7.7,928,7.2,4.8,False
QNST,17.5525,BASING,0.0,0,18,18,20.1,19.94,17,daily,13.6,9 bear-built-above · rel-vol 2.4x · regime FAVORABLE,False,18,17.5525,17.2892,20.1,379,14.51,9.68,False
QNT,52.48,BASING,0.0,0,20,20,56.6,55.0,161,weekly,4.8,17 bear-built-above · rel-vol 3.9x · regime FAVORABLE,False,20,52.48,51.6928,56.6,127,7.85,5.23,False
QRVO,117.1775,BASING,0.0,0,1,1,117.245,117.2,5,1h,0.02,1 bear-built-above · rel-vol 2.3x · regime FAVORABLE,True,2,117.1775,115.4198,117.245,56,0.06,0.04,False
QS,5.12,BASING,0.0,0,14,14,5.98,5.81,18,weekly,13.48,2 bear-built-above · rel-vol 1.1x · regime FAVORABLE,False,14,5.12,5.0432,5.98,1302,16.8,11.2,False
QTEX,0.8694,BASING,0.0,0,5,5,0.9799,0.94,4,weekly,8.12,3 bear-built-above · rel-vol 0.8x · regime FAVORABLE,False,7,0.8694,0.8564,0.9799,7668,12.71,8.47,False
QTWO,58.7325,BASING,0.0,0,20,20,61.95,61.11,85,daily,4.05,38 bear-built-above · rel-vol 3.0x · regime FAVORABLE,False,23,58.7325,57.8515,61.95,113,5.48,3.65,False
QUBT,8.84,BASING,0.0,0,4,4,9.01,8.92,9,weekly,0.9,rel-vol 1.5x · regime FAVORABLE,False,4,8.84,8.7074,9.01,754,1.92,1.28,False
QURE,44.2,BASING,0.0,0,20,20,45.15,44.7,45,1h,1.13,19 bear-built-above · rel-vol 1.7x · regime FAVORABLE,False,20,44.2,43.537,45.15,150,2.15,1.43,False
QXO,11.4399,BASING,0.0,0,18,18,12.31,12.01,31,weekly,4.98,25 bear-built-above · rel-vol 1.9x · regime FAVORABLE,False,18,11.4399,11.2683,12.31,582,7.61,5.07,False
RAL,67.9625,BASING,0.0,0,19,19,71.97,71.24,74,daily,4.82,6 bear-built-above · rel-vol 1.6x · regime FAVORABLE,False,19,67.9625,66.9431,71.97,98,5.9,3.93,False
RAM,14.15,BASING,0.0,0,13,13,18.0,14.8,320,weekly,4.59,rel-vol 0.8x · regime FAVORABLE,False,14,14.15,13.9377,18.0,471,27.21,18.14,False
RARE,14.66,BASING,0.0,0,12,12,25.96,14.85,1111,daily,1.3,5 bear-built-above · rel-vol 2.2x · regime FAVORABLE,True,12,14.66,14.4401,25.96,454,77.08,51.39,False
RBA,83.2025,BASING,0.0,0,20,20,94.72,94.3,43,weekly,13.34,12 bear-built-above · rel-vol 2.6x · regime FAVORABLE,False,20,83.2025,81.9545,94.72,80,13.84,9.23,False
RBC,501.0075,BASING,0.0,0,18,18,520.54,517.01,353,daily,3.19,rel-vol 2.0x · regime FAVORABLE,False,18,501.0075,493.4924,520.54,13,3.9,2.6,False
RBLX,48.34,BASING,0.0,0,20,20,50.24,50.11,14,daily,3.66,18 bear-built-above · rel-vol 1.3x · regime FAVORABLE,False,20,48.34,47.6149,50.24,137,3.93,2.62,False
RBRK,106.7,BASING,0,0,0,0,,,,,0,rel-vol 1.3x · regime FAVORABLE,False,2,106.7,105.0995,117.37,62,10.0,6.67,False
RCAT,6.93,BASING,0.0,0,17,17,7.96,7.66,30,weekly,10.53,8 bear-built-above · rel-vol 3.3x · regime FAVORABLE,False,17,6.93,6.826,7.96,962,14.86,9.91,False
RCEL,10.97,BASING,0.0,0,18,18,11.03,10.99,4,1h,0.18,18 bear-built-above · rel-vol 1.3x · regime FAVORABLE,False,19,10.97,10.8055,11.03,607,0.55,0.36,False
RDAC,5.56,BASING,0.0,0,13,13,6.29,6.05,25,daily,8.81,12 bear-built-above · rel-vol 0.0x · regime FAVORABLE,False,13,5.56,5.4766,6.29,1199,13.13,8.75,False
RDDT,153.15,BASING,0.0,0,20,20,157.6,154.71,289,daily,1.02,43 bear-built-above · rel-vol 3.0x · regime FAVORABLE,False,21,153.15,150.8528,157.6,43,2.91,1.94,False
RDIB,15.77,BASING,0.0,0,20,20,18.09,17.57,52,4h,11.41,12 bear-built-above · rel-vol 0.0x · regime FAVORABLE,False,20,15.77,15.5335,18.09,422,14.71,9.81,False
RDNT,76.0025,BASING,0.0,0,18,18,82.79,82.25,55,weekly,8.22,15 bear-built-above · rel-vol 1.7x · regime FAVORABLE,False,21,76.0025,74.8625,82.79,87,8.93,5.95,False
RDW,10.98,BASING,0.0,0,8,8,12.02,11.75,27,weekly,7.01,1 bear-built-above · rel-vol 2.7x · regime FAVORABLE,True,8,10.98,10.8153,12.02,607,9.47,6.31,False
REAX,16.5454,BASING,0.0,0,20,20,17.61,17.37,24,daily,4.98,33 bear-built-above · rel-vol 1.1x · regime FAVORABLE,False,20,16.5454,16.2972,17.61,402,6.43,4.29,False
REGN,784.85,BASING,0.0,0,20,20,919.73,875.0,4474,daily,11.49,3 bear-built-above · rel-vol 3.5x · regime FAVORABLE,False,21,784.85,773.0773,919.73,8,17.19,11.46,False
REI,1.353,BASING,0.0,0,18,18,1.69,1.36,33,daily,0.52,7 bear-built-above · rel-vol 3.1x · regime FAVORABLE,False,18,1.353,1.3327,1.69,4927,24.91,16.61,False
RELY,22.8255,BASING,0.0,0,20,20,26.17,25.96,22,weekly,13.73,rel-vol 2.2x · regime FAVORABLE,False,21,22.8255,22.4831,26.17,292,14.65,9.77,False
REPL,13.16,BASING,0.0,0,19,19,15.04,14.9,14,weekly,13.22,9 bear-built-above · rel-vol 1.0x · regime FAVORABLE,False,19,13.16,12.9626,15.04,506,14.29,9.52,False
RETO,0.1856,BASING,0.0,0,3,3,0.209,0.2018,1,daily,8.73,1 bear-built-above · rel-vol 3.6x · regime FAVORABLE,False,3,0.1856,0.1828,0.209,35919,12.61,8.41,False
REZI,18.3725,BASING,0.0,0,20,20,19.64,19.48,17,daily,6.03,25 bear-built-above · rel-vol 3.0x · regime FAVORABLE,False,20,18.3725,18.0969,19.64,362,6.9,4.6,False
RF,28.49,BASING,0.0,0,20,20,29.68,29.57,11,daily,3.79,20 bear-built-above · rel-vol 2.1x · regime FAVORABLE,False,23,28.49,28.0626,29.68,234,4.18,2.78,False
RGEN,176.8875,BASING,0.0,0,15,15,186.9,186.71,19,30m,5.55,9 bear-built-above · rel-vol 1.4x · regime FAVORABLE,False,18,176.8875,174.2342,186.9,37,5.66,3.77,False
RGTI,16.12,BASING,0.0,0,7,7,17.91,17.495,42,weekly,8.53,rel-vol 1.2x · regime FAVORABLE,True,7,16.12,15.8782,17.91,413,11.1,7.4,False
RH,126.856,BASING,0.0,0,20,20,134.07,131.4,267,weekly,3.58,48 bear-built-above · rel-vol 0.9x · regime FAVORABLE,False,21,126.856,124.9532,134.07,52,5.69,3.79,False
RHI,37.3825,BASING,0.0,0,20,20,42.58,41.94,65,weekly,12.19,16 bear-built-above · rel-vol 1.4x · regime FAVORABLE,False,23,37.3825,36.8218,42.58,178,13.9,9.27,False
RIG,5.63,BASING,0.0,0,19,19,6.48,6.29,20,daily,11.72,11 bear-built-above · rel-vol 1.0x · regime FAVORABLE,False,19,5.63,5.5455,6.48,1184,15.1,10.07,False
RING,84.09,BASING,0.0,0,20,20,99.05,92.84,621,daily,10.41,34 bear-built-above · rel-vol 0.6x · regime FAVORABLE,False,25,84.09,82.8286,99.05,79,17.79,11.86,False
RIO,98.23,BASING,0.0,0,16,16,103.74,99.835,391,daily,1.63,1 bear-built-above · rel-vol 0.7x · regime FAVORABLE,False,16,98.23,96.7566,103.74,67,5.61,3.74,False
RIOT,24.3,BASING,0.0,0,6,6,27.35,26.865,49,daily,10.56,rel-vol 1.6x · regime FAVORABLE,True,8,24.3,23.9355,27.35,274,12.55,8.37,False
RIVN,15.1259,BASING,0.0,0,11,11,15.1891,15.18,1,30m,0.36,10 bear-built-above · rel-vol 1.7x · regime FAVORABLE,False,11,15.1259,14.899,15.1891,440,0.42,0.28,False
RKLB,65.7,BASING,0.0,0,14,14,72.57,71.21,136,weekly,8.39,2 bear-built-above · rel-vol 1.8x · regime FAVORABLE,False,15,65.7,64.7145,72.57,101,10.46,6.97,False
RKLX,15.5554,BASING,0.0,0,7,7,15.64,15.62,3,5m,0.42,5 bear-built-above · rel-vol 1.6x · regime FAVORABLE,False,7,15.5554,15.3221,15.64,428,0.54,0.36,False
RKT,12.5093,BASING,0.0,0,18,18,13.18,13.0,18,weekly,3.92,23 bear-built-above · rel-vol 1.7x · regime FAVORABLE,False,18,12.5093,12.3217,13.18,532,5.36,3.57,False
RL,331.8459,BASING,0.0,0,18,18,339.09,335.72,337,weekly,1.17,22 bear-built-above · rel-vol 1.5x · regime FAVORABLE,False,18,331.8459,326.8682,339.09,20,2.18,1.46,False
RLAY,18.84,BASING,0.0,0,17,17,20.175,19.95,23,daily,5.89,5 bear-built-above · rel-vol 3.0x · regime FAVORABLE,False,17,18.84,18.5574,20.175,353,7.09,4.72,False
RMD,224.99,BASING,0.0,0,19,19,252.87,250.08,279,weekly,11.15,20 bear-built-above · rel-vol 2.7x · regime FAVORABLE,False,19,224.99,221.6151,252.87,29,12.39,8.26,False
RNG,71.8625,BASING,0.0,0,20,20,76.5,75.57,94,1h,5.16,4 bear-built-above · rel-vol 1.9x · regime FAVORABLE,True,20,71.8625,70.7846,76.5,92,6.45,4.3,False
ROAD,94.3325,BASING,0.0,0,18,18,99.67,96.58,310,weekly,2.38,15 bear-built-above · rel-vol 1.8x · regime FAVORABLE,False,18,94.3325,92.9175,99.67,70,5.66,3.77,False
ROBN,39.04,BASING,0.0,0,8,8,41.19,40.89,30,30m,4.74,1 bear-built-above · rel-vol 1.5x · regime FAVORABLE,True,12,39.04,38.4544,41.19,170,5.51,3.67,False
ROIV,39.2726,BASING,0.0,0,12,12,43.3,43.1,20,30m,9.75,9 bear-built-above · rel-vol 3.1x · regime FAVORABLE,False,12,39.2726,38.6835,43.3,169,10.25,6.84,False
RPD,11.9862,BASING,0.0,0,20,20,13.09,12.94,16,daily,7.96,16 bear-built-above · rel-vol 2.6x · regime FAVORABLE,False,22,11.9862,11.8064,13.09,556,9.21,6.14,False
RR,1.69,BASING,0.0,0,10,10,1.74,1.73,2,daily,2.37,rel-vol 0.9x · regime FAVORABLE,False,11,1.69,1.6646,1.74,3944,2.96,1.97,False
RRR,50.9075,BASING,0.0,0,18,18,57.15,56.94,22,weekly,11.85,63 bear-built-above · rel-vol 2.1x · regime FAVORABLE,False,18,50.9075,50.1439,57.15,130,12.26,8.17,False
RRX,148.5,BASING,0.0,0,20,20,162.29,156.05,624,weekly,5.08,35 bear-built-above · rel-vol 1.4x · regime FAVORABLE,False,20,148.5,146.2725,162.29,44,9.29,6.19,False
RUM,9.2,BASING,0.0,0,8,8,9.43,9.3,13,daily,1.09,rel-vol 2.0x · regime FAVORABLE,False,10,9.2,9.062,9.43,724,2.5,1.67,False
RUN,8.66,BASING,0.0,0,16,16,8.71,8.7,2,30m,0.46,5 bear-built-above · rel-vol 1.6x · regime FAVORABLE,False,17,8.66,8.5301,8.71,769,0.58,0.38,False
RVMD,191.03,BASING,0.0,0,20,20,203.77,203.5,28,weekly,6.53,27 bear-built-above · rel-vol 2.9x · regime FAVORABLE,False,20,191.03,188.1645,203.77,34,6.67,4.45,False
RVTY,144.86,BASING,0.0,0,20,20,146.73,146.5,23,daily,1.13,21 bear-built-above · rel-vol 1.7x · regime FAVORABLE,False,20,144.86,142.6871,146.73,46,1.29,0.86,False
RXRX,3.86,BASING,0.0,0,5,5,4.19,4.12,8,weekly,6.74,1 bear-built-above · rel-vol 2.6x · regime FAVORABLE,True,7,3.86,3.8021,4.19,1727,8.55,5.7,False
RXT,3.875,BASING,0.0,0,1,1,3.9108,3.9102,1,45m,0.91,1 bear-built-above · rel-vol 1.9x · regime FAVORABLE,True,1,3.875,3.8169,3.9108,1720,0.92,0.62,False
RYAN,40.2725,BASING,0.0,0,20,20,41.91,41.27,64,weekly,2.48,7 bear-built-above · rel-vol 2.4x · regime FAVORABLE,False,24,40.2725,39.6684,41.91,165,4.07,2.71,False
RYTM,97.71,BASING,0.0,0,20,20,107.17,106.01,116,weekly,8.49,38 bear-built-above · rel-vol 2.0x · regime FAVORABLE,False,20,97.71,96.2443,107.17,68,9.68,6.45,False
RZLV,2.29,BASING,0.0,0,6,6,2.89,2.52,38,daily,10.04,3 bear-built-above · rel-vol 0.4x · regime FAVORABLE,False,6,2.29,2.2557,2.89,2911,26.2,17.47,False
S,22.62,BASING,0.0,0,19,19,28.26,24.99,328,daily,10.48,16 bear-built-above · rel-vol 1.4x · regime FAVORABLE,False,20,22.62,22.2807,28.26,294,24.93,16.62,False
SAIA,342.2175,BASING,0.0,0,17,17,394.44,382.92,1152,daily,11.89,13 bear-built-above · rel-vol 1.0x · regime FAVORABLE,False,17,342.2175,337.0842,394.44,19,15.26,10.17,False
SAIL,19.9761,BASING,0.0,0,8,8,22.78,22.72,7,daily,13.74,rel-vol 1.2x · regime FAVORABLE,False,10,19.9761,19.6765,22.78,333,14.04,9.36,False
SAM,171.5675,BASING,0.0,0,20,20,183.13,181.5,163,weekly,5.79,8 bear-built-above · rel-vol 5.5x · regime FAVORABLE,False,20,171.5675,168.994,183.13,38,6.74,4.49,False
SANM,199.5575,BASING,0.0,0,17,17,206.84,206.5,35,daily,3.48,35 bear-built-above · rel-vol 1.6x · regime FAVORABLE,False,17,199.5575,196.5641,206.84,33,3.65,2.43,False
SBET,9.64,BASING,0.0,0,2,2,10.46,10.22,25,daily,6.02,rel-vol 1.7x · regime FAVORABLE,True,2,9.64,9.4954,10.46,691,8.51,5.67,False
SBEV,0.4201,BASING,0.0,0,2,2,0.43,0.4222,1,45m,0.5,rel-vol 0.2x · regime FAVORABLE,False,2,0.4201,0.4138,0.43,15869,2.36,1.57,False
SBIT,30.5166,BASING,0.0,0,18,18,33.72,33.69,4,30m,10.4,32 bear-built-above · rel-vol 1.5x · regime FAVORABLE,False,18,30.5166,30.0589,33.72,218,10.5,7.0,False
SBLK,32.99,BASING,0,0,0,0,,,,,0,rel-vol 1.5x · regime FAVORABLE,True,0,32.99,32.4952,36.289,202,10.0,6.67,False
SBSW,11.56,BASING,0.0,0,18,18,12.54,11.78,76,weekly,1.9,35 bear-built-above · rel-vol 1.1x · regime FAVORABLE,False,18,11.56,11.3866,12.54,576,8.48,5.65,False
SCCO,197.04,BASING,0.0,0,20,20,204.4145,201.9235,250,4h,2.48,rel-vol 1.2x · regime FAVORABLE,False,21,197.04,194.0844,204.4145,33,3.74,2.5,False
SCNI,1.57,BASING,0.0,0,17,17,1.8101,1.776,4,45m,13.12,14 bear-built-above · rel-vol 0.1x · regime FAVORABLE,False,17,1.57,1.5465,1.8101,4246,15.29,10.2,False
SCTX,33.0,BASING,0.0,0,1,1,35.94,35.695,25,15m,8.17,rel-vol 6.9x · regime FAVORABLE,False,1,33.0,32.505,35.94,202,8.91,5.94,False
SDGR,29.18,BASING,0.0,0,7,7,29.95,29.92,3,5m,2.54,7 bear-built-above · rel-vol 2.9x · regime FAVORABLE,True,7,29.18,28.7423,29.95,228,2.64,1.76,False
SDOT,11.3,BASING,0.0,0,17,17,12.39,12.17,23,weekly,7.7,11 bear-built-above · rel-vol 0.1x · regime FAVORABLE,False,17,11.3,11.1305,12.39,589,9.65,6.43,False
SDRL,47.8,BASING,0.0,0,17,17,56.39,54.76,164,1h,14.56,16 bear-built-above · rel-vol 1.4x · regime FAVORABLE,False,17,47.8,47.083,56.39,139,17.97,11.98,False
SDST,0.1269,BASING,0.0,0,1,1,0.143,0.1371,1,weekly,8.04,rel-vol 1.1x · regime FAVORABLE,False,1,0.1269,0.125,0.143,52534,12.69,8.46,False
SE,103.49,BASING,0.0,0,18,18,106.24,104.54,170,weekly,1.01,34 bear-built-above · rel-vol 1.2x · regime FAVORABLE,False,20,103.49,101.9376,106.24,64,2.66,1.77,False
SECZ,11.49,BASING,0.0,0,2,2,13.0,12.96,4,30m,12.79,rel-vol 7.5x · regime FAVORABLE,True,2,11.49,11.3177,13.0,580,13.14,8.76,False
SEDG,35.2,BASING,0.0,0,7,7,46.5,39.935,657,daily,13.45,2 bear-built-above · rel-vol 1.0x · regime FAVORABLE,False,8,35.2,34.672,46.5,189,32.1,21.4,False
SEI,70.7,BASING,0.0,0,18,18,82.17,77.95,422,daily,10.25,rel-vol 1.8x · regime FAVORABLE,True,19,70.7,69.6395,82.17,94,16.22,10.82,False
SENS,9.75,BASING,0.0,0,11,11,9.9,9.76,15,daily,0.1,rel-vol 2.5x · regime FAVORABLE,False,11,9.75,9.6037,9.9,683,1.54,1.03,False
SEPN,38.69,BASING,0.0,0,20,20,43.93,43.15,79,daily,11.53,25 bear-built-above · rel-vol 1.4x · regime FAVORABLE,False,20,38.69,38.1096,43.93,172,13.54,9.03,False
SERV,4.46,BASING,0.0,0,18,18,5.51,5.085,43,daily,14.01,2 bear-built-above · rel-vol 1.4x · regime FAVORABLE,False,18,4.46,4.3931,5.51,1494,23.54,15.7,False
SES,0.5399,BASING,0.0,0,19,19,0.5617,0.5615,1,45m,4.0,12 bear-built-above · rel-vol 1.2x · regime FAVORABLE,False,19,0.5399,0.5318,0.5617,12347,4.04,2.69,False
SEZL,117.3,BASING,0.0,0,20,20,168.54,132.36,3618,daily,12.84,9 bear-built-above · rel-vol 1.2x · regime FAVORABLE,False,20,117.3,115.5405,168.54,56,43.68,29.12,False
SFM,71.0,BASING,0.0,0,19,19,104.55,81.49,2306,daily,14.77,32 bear-built-above · rel-vol 1.4x · regime FAVORABLE,False,19,71.0,69.935,104.55,93,47.25,31.5,False
SG,7.2,BASING,0.0,0,12,12,8.27,8.12,16,daily,12.78,6 bear-built-above · rel-vol 1.2x · regime FAVORABLE,False,13,7.2,7.092,8.27,925,14.86,9.91,False
SGHC,12.68,BASING,0.0,0,20,20,13.88,13.77,12,daily,8.6,26 bear-built-above · rel-vol 1.3x · regime FAVORABLE,False,21,12.68,12.4898,13.88,525,9.46,6.31,False
SGI,63.3575,BASING,0.0,0,18,18,72.1,69.45,265,daily,9.62,29 bear-built-above · rel-vol 1.6x · regime FAVORABLE,False,18,63.3575,62.4071,72.1,105,13.8,9.2,False
SGML,10.1395,BASING,0.0,0,18,18,12.39,10.775,162,weekly,6.27,rel-vol 1.6x · regime FAVORABLE,False,21,10.1395,9.9874,12.39,657,22.2,14.8,False
SGMT,11.09,BASING,0,0,0,0,,,,,0,rel-vol 1.9x · regime FAVORABLE,True,0,11.09,10.9237,12.199,601,10.0,6.67,False
SGRY,13.25,BASING,0.0,0,18,18,15.19,15.05,14,daily,13.58,17 bear-built-above · rel-vol 1.1x · regime FAVORABLE,False,18,13.25,13.0512,15.19,503,14.64,9.76,False
SHAZ,58.2,BASING,0.0,0,9,9,66.34,65.26,108,4h,12.13,4 bear-built-above · rel-vol 1.4x · regime FAVORABLE,False,9,58.2,57.327,66.34,114,13.99,9.32,False
SHLS,7.52,BASING,0.0,0,14,14,8.23,8.13,10,daily,8.11,3 bear-built-above · rel-vol 1.4x · regime FAVORABLE,False,15,7.52,7.4072,8.23,886,9.44,6.29,False
SHMD,3.67,BASING,0.0,0,2,2,3.768,3.76,1,15m,2.45,rel-vol 0.7x · regime FAVORABLE,False,2,3.67,3.6149,3.768,1816,2.67,1.78,False
SHOE,13.07,BASING,0.0,0,20,20,13.31,13.29,3,10m,1.68,13 bear-built-above · rel-vol 2.6x · regime FAVORABLE,False,20,13.07,12.874,13.31,510,1.84,1.22,False
SHOP,129.0,BASING,0.0,0,19,19,145.09,141.705,339,weekly,9.85,12 bear-built-above · rel-vol 1.4x · regime FAVORABLE,False,21,129.0,127.065,145.09,51,12.47,8.32,False
SIDU,2.08,BASING,0.0,0,5,5,2.37,2.31,7,weekly,11.06,2 bear-built-above · rel-vol 2.0x · regime FAVORABLE,False,6,2.08,2.0488,2.37,3205,13.94,9.29,False
SIG,100.3825,BASING,0.0,0,17,17,101.45,100.95,50,daily,0.57,16 bear-built-above · rel-vol 1.6x · regime FAVORABLE,False,21,100.3825,98.8768,101.45,66,1.06,0.71,False
SIL,95.35,BASING,0.0,0,17,17,116.99,108.09,890,daily,13.36,28 bear-built-above · rel-vol 0.7x · regime FAVORABLE,False,17,95.35,93.9197,116.99,69,22.7,15.13,False
SILC,46.9,BASING,0.0,0,13,13,48.65,47.04,161,daily,0.3,3 bear-built-above · rel-vol 0.6x · regime FAVORABLE,False,13,46.9,46.1965,48.65,142,3.73,2.49,False
SILJ,30.26,BASING,0.0,0,17,17,31.94,30.65,130,daily,1.29,13 bear-built-above · rel-vol 0.8x · regime FAVORABLE,False,17,30.26,29.8061,31.94,220,5.55,3.7,False
SIMO,271.39,BASING,0.0,0,18,18,294.63,293.6625,97,1h,8.21,16 bear-built-above · rel-vol 1.1x · regime FAVORABLE,False,18,271.39,267.3191,294.63,24,8.56,5.71,False
SION,6.11,BASING,0.0,0,19,19,46.86,6.46,4040,weekly,5.73,11 bear-built-above · rel-vol 2.5x · regime FAVORABLE,False,19,6.11,6.0183,46.86,1091,666.94,444.63,False
SITE,90.47,BASING,0.0,0,19,19,92.82,92.19,63,weekly,1.9,22 bear-built-above · rel-vol 1.5x · regime FAVORABLE,False,19,90.47,89.1129,92.82,73,2.6,1.73,False
SITM,615.0,BASING,0.0,0,13,13,635.66,626.3445,932,45m,1.84,11 bear-built-above · rel-vol 2.6x · regime FAVORABLE,False,13,615.0,605.775,635.66,10,3.36,2.24,False
SKHY,190.0,BASING,0.0,0,18,18,196.55,193.28,328,4h,1.73,7 bear-built-above · rel-vol 3.7x · regime FAVORABLE,True,18,190.0,187.15,196.55,35,3.45,2.3,False
SKHZ,9.39,BASING,0.0,0,20,20,9.74,9.635,11,daily,2.61,84 bear-built-above · rel-vol 1.1x · regime FAVORABLE,False,20,9.39,9.2492,9.74,709,3.73,2.48,False
SKUU,30.34,BASING,0.0,0,19,19,33.099,31.8691,123,4h,5.04,10 bear-built-above · rel-vol 0.8x · regime FAVORABLE,True,19,30.34,29.8849,33.099,219,9.09,6.06,False
SKYQ,2.71,BASING,0.0,0,20,20,2.97,2.89,9,daily,6.64,28 bear-built-above · rel-vol 0.3x · regime FAVORABLE,False,20,2.71,2.6694,2.97,2460,9.59,6.4,False
SLB,50.96,BASING,0.0,0,18,18,56.06,55.94,13,weekly,9.77,38 bear-built-above · rel-vol 1.7x · regime FAVORABLE,False,18,50.96,50.1956,56.06,130,10.01,6.67,False
SLDE,25.0,BASING,0.0,0,20,20,27.02,26.75,27,1h,7.0,30 bear-built-above · rel-vol 3.0x · regime FAVORABLE,False,20,25.0,24.625,27.02,266,8.08,5.39,False
SLNH,1.26,BASING,0.0,0,1,1,1.325,1.32,1,15m,4.76,rel-vol 1.9x · regime FAVORABLE,True,1,1.26,1.2411,1.325,5291,5.16,3.44,False
SLS,11.85,BASING,0.0,0,12,12,13.1893,13.176,2,45m,11.19,4 bear-built-above · rel-vol 1.8x · regime FAVORABLE,False,13,11.85,11.6723,13.1893,562,11.3,7.53,False
SLXN,0.4105,BASING,0.0,0,5,5,1.035,0.4541,59,daily,10.62,4 bear-built-above · rel-vol 2.8x · regime FAVORABLE,True,5,0.4105,0.4043,1.035,16240,152.13,101.42,False
SM,36.49,BASING,0.0,0,18,18,38.16,37.57,59,daily,2.96,30 bear-built-above · rel-vol 1.8x · regime FAVORABLE,False,18,36.49,35.9427,38.16,182,4.58,3.05,False
SMCI,40.3065,BASING,0.0,0,14,14,45.235,45.0,24,daily,11.64,6 bear-built-above · rel-vol 1.3x · regime FAVORABLE,False,19,40.3065,39.7019,45.235,165,12.23,8.15,False
SMCIP,65.96,BASING,0.0,0,20,20,67.9,66.66,125,4h,1.06,27 bear-built-above · rel-vol 1.6x · regime FAVORABLE,False,20,65.96,64.9706,67.9,101,2.94,1.96,False
SMCL,18.63,BASING,0.0,0,20,20,21.38,21.359,3,30m,14.65,20 bear-built-above · rel-vol 1.2x · regime FAVORABLE,False,20,18.63,18.3505,21.38,357,14.76,9.84,False
SMCX,13.4,BASING,0.0,0,15,15,15.38,15.37,2,30m,14.7,8 bear-built-above · rel-vol 0.9x · regime FAVORABLE,False,16,13.4,13.199,15.38,497,14.78,9.85,False
SMMT,18.28,BASING,0.0,0,20,20,18.64,18.31,34,45m,0.16,23 bear-built-above · rel-vol 2.0x · regime FAVORABLE,False,22,18.28,18.0058,18.64,364,1.97,1.31,False
SMR,8.4798,BASING,0.0,0,14,14,10.21,9.66,56,daily,13.92,11 bear-built-above · rel-vol 1.6x · regime FAVORABLE,False,14,8.4798,8.3526,10.21,786,20.4,13.6,False
SMTC,191.8,BASING,0,0,0,0,,,,,0,rel-vol 1.6x · regime FAVORABLE,False,3,191.8,188.923,210.98,34,10.0,6.67,False
SMTK,1.71,BASING,0,0,0,0,,,,,0,rel-vol 0.6x · regime FAVORABLE,False,0,1.71,1.6844,1.881,3898,10.0,6.67,False
SMU,4.67,BASING,0.0,0,10,10,4.83,4.8296,1,30m,3.42,9 bear-built-above · rel-vol 2.2x · regime FAVORABLE,False,10,4.67,4.5999,4.83,1427,3.43,2.28,False
SMWB,8.15,BASING,0.0,0,19,19,8.97,8.61,37,4h,5.64,13 bear-built-above · rel-vol 0.9x · regime FAVORABLE,False,21,8.15,8.0278,8.97,817,10.06,6.71,False
SN,169.06,BASING,0.0,0,20,20,174.91,172.67,225,30m,2.14,5 bear-built-above · rel-vol 3.1x · regime FAVORABLE,True,20,169.06,166.5241,174.91,39,3.46,2.31,False
SNAP,5.3991,BASING,0.0,0,20,20,5.65,5.64,2,daily,4.46,21 bear-built-above · rel-vol 0.8x · regime FAVORABLE,False,23,5.3991,5.3181,5.65,1234,4.65,3.1,False
SNDK,1818.57,BASING,0.0,0,4,4,2109.73,2085.17,2456,daily,14.66,rel-vol 1.7x · regime FAVORABLE,True,8,1818.57,1791.2914,2109.73,3,16.01,10.67,False
SNDQ,10.045,BASING,0.0,0,16,16,11.19,11.18,1,10m,11.3,11 bear-built-above · rel-vol 1.7x · regime FAVORABLE,False,16,10.045,9.8943,11.19,663,11.4,7.6,False
SNDU,28.5932,BASING,0.0,0,4,4,31.1938,31.1101,9,1h,8.8,rel-vol 1.1x · regime FAVORABLE,True,15,28.5932,28.1643,31.1938,233,9.1,6.06,False
SNK,14.0,BASING,0.0,0,20,20,16.1,16.0632,4,4h,14.74,24 bear-built-above · rel-vol 0.9x · regime FAVORABLE,False,20,14.0,13.79,16.1,476,15.0,10.0,False
SNOW,332.25,BASING,0.0,0,20,20,356.47,353.63,285,daily,6.43,22 bear-built-above · rel-vol 0.8x · regime FAVORABLE,False,20,332.25,327.2663,356.47,20,7.29,4.86,False
SNPS,387.8,BASING,0.0,0,18,18,604.37,427.8,17657,daily,10.31,27 bear-built-above · rel-vol 1.6x · regime FAVORABLE,False,18,387.8,381.983,604.37,17,55.85,37.23,False
SNX,266.1575,BASING,0.0,0,2,2,284.56,284.49,7,weekly,6.89,rel-vol 4.4x · regime FAVORABLE,False,2,266.1575,262.1651,284.56,25,6.91,4.61,False
SNXX,18.48,BASING,0.0,0,1,1,20.8528,20.85,1,45m,12.82,rel-vol 1.3x · regime FAVORABLE,True,1,18.48,18.2028,20.8528,360,12.84,8.56,False
SOAR,0.187,BASING,0.0,0,5,5,0.22,0.1943,3,daily,3.9,3 bear-built-above · rel-vol 0.1x · regime FAVORABLE,True,5,0.187,0.1842,0.22,35650,17.65,11.76,False
SOC,4.5571,BASING,0.0,0,18,18,4.59,4.56,4,45m,0.06,19 bear-built-above · rel-vol 1.9x · regime FAVORABLE,False,18,4.5571,4.4887,4.59,1462,0.72,0.48,False
SOFI,17.2673,BASING,0.0,0,20,20,18.01,17.97,5,daily,4.07,10 bear-built-above · rel-vol 1.1x · regime FAVORABLE,False,23,17.2673,17.0083,18.01,386,4.3,2.87,False
SOLS,57.113,BASING,0.0,0,19,19,61.53,60.11,143,weekly,5.25,29 bear-built-above · rel-vol 1.1x · regime FAVORABLE,False,19,57.113,56.2563,61.53,116,7.73,5.16,False
SOLT,73.17,BASING,0.0,0,2,2,108.2,82.8,2541,weekly,13.16,1 bear-built-above · rel-vol 1.9x · regime FAVORABLE,True,2,73.17,72.0725,108.2,91,47.87,31.92,False
SOUN,6.01,BASING,0.0,0,18,18,6.26,6.25,1,weekly,3.99,15 bear-built-above · rel-vol 0.8x · regime FAVORABLE,False,18,6.01,5.9198,6.26,1109,4.16,2.77,False
SOXS,38.9013,BASING,0.0,0,15,15,44.99,44.11,89,daily,13.39,6 bear-built-above · rel-vol 1.1x · regime FAVORABLE,False,15,38.9013,38.3178,44.99,171,15.65,10.43,False
SPAL,17.96,BASING,0.0,0,8,8,19.55,19.38,18,daily,7.91,3 bear-built-above · rel-vol 1.6x · regime FAVORABLE,False,8,17.96,17.6906,19.55,371,8.85,5.9,False
SPAX,10.74,BASING,0.0,0,19,19,11.81,11.74,8,daily,9.31,2 bear-built-above · rel-vol 1.6x · regime FAVORABLE,False,19,10.74,10.5789,11.81,620,9.96,6.64,False
SPCE,3.07,BASING,0.0,0,11,11,3.56,3.33,23,weekly,8.47,7 bear-built-above · rel-vol 2.9x · regime FAVORABLE,False,12,3.07,3.0239,3.56,2171,15.96,10.64,False
SPCF,17.67,BASING,0.0,0,15,15,19.58,19.4,18,daily,9.79,1 bear-built-above · rel-vol 0.8x · regime FAVORABLE,True,15,17.67,17.405,19.58,377,10.81,7.21,False
SPCG,14.55,BASING,0.0,0,20,20,16.66,16.65,2,4h,14.43,14 bear-built-above · rel-vol 0.6x · regime FAVORABLE,False,20,14.55,14.3318,16.66,458,14.5,9.67,False
SPCH,10.59,BASING,0.0,0,17,17,11.67,11.605,7,daily,9.58,1 bear-built-above · rel-vol 1.1x · regime FAVORABLE,False,18,10.59,10.4312,11.67,629,10.2,6.8,False
SPCX,154.5,BASING,0.0,0,14,14,185.0,176.042,896,daily,13.94,1 bear-built-above · rel-vol 3.8x · regime FAVORABLE,True,14,154.5,152.1825,185.0,43,19.74,13.16,False
SPHR,145.1,BASING,0.0,0,20,20,158.47,158.16,32,30m,9.0,16 bear-built-above · rel-vol 1.5x · regime FAVORABLE,False,20,145.1,142.9235,158.47,45,9.21,6.14,False
SPOT,513.0,BASING,0.0,0,14,14,528.84,527.43,142,daily,2.81,34 bear-built-above · rel-vol 1.2x · regime FAVORABLE,False,14,513.0,505.305,528.84,12,3.09,2.06,False
SPSC,79.7425,BASING,0.0,0,20,20,103.89,82.24,2166,daily,3.13,52 bear-built-above · rel-vol 2.0x · regime FAVORABLE,False,22,79.7425,78.5464,103.89,83,30.28,20.19,False
SQM,68.9662,BASING,0.0,0,19,19,79.78,76.43,335,daily,10.82,26 bear-built-above · rel-vol 1.8x · regime FAVORABLE,False,19,68.9662,67.9317,79.78,96,15.68,10.45,False
SRPT,20.02,BASING,0.0,0,15,15,36.18,21.26,1492,weekly,6.19,9 bear-built-above · rel-vol 1.9x · regime FAVORABLE,False,16,20.02,19.7197,36.18,333,80.72,53.81,False
SRRK,46.85,BASING,0.0,0,20,20,51.85,50.775,108,daily,8.38,31 bear-built-above · rel-vol 1.8x · regime FAVORABLE,False,20,46.85,46.1472,51.85,142,10.67,7.11,False
SSL,13.67,BASING,0.0,0,20,20,15.11,14.53,59,1h,6.29,30 bear-built-above · rel-vol 0.6x · regime FAVORABLE,True,21,13.67,13.4649,15.11,487,10.53,7.02,False
SSM,1.47,BASING,0.0,0,6,6,1.49,1.48,2,4h,0.68,5 bear-built-above · rel-vol 8.5x · regime FAVORABLE,False,6,1.47,1.4479,1.49,4535,1.36,0.91,False
SSMR,17.7,BASING,0.0,0,6,6,17.91,17.82,9,4h,0.68,rel-vol 9.1x · regime FAVORABLE,False,6,17.7,17.4345,17.91,376,1.19,0.79,False
SSPC,8.52,BASING,0.0,0,20,20,9.78,9.77,1,30m,14.67,26 bear-built-above · rel-vol 1.2x · regime FAVORABLE,False,20,8.52,8.3922,9.78,782,14.79,9.86,False
SSRM,36.024,BASING,0.0,0,20,20,38.89,37.66,124,daily,4.54,20 bear-built-above · rel-vol 1.9x · regime FAVORABLE,False,20,36.024,35.4836,38.89,185,7.96,5.3,False
SST,3.24,BASING,0.0,0,12,12,3.42,3.41,1,weekly,5.25,11 bear-built-above · rel-vol 0.3x · regime FAVORABLE,False,12,3.24,3.1914,3.42,2057,5.56,3.7,False
STEP,46.3075,BASING,0.0,0,20,20,48.92,48.72,21,weekly,5.21,30 bear-built-above · rel-vol 2.2x · regime FAVORABLE,False,20,46.3075,45.6129,48.92,143,5.64,3.76,False
STIM,2.8901,BASING,0.0,0,20,20,3.27,3.22,5,daily,11.41,18 bear-built-above · rel-vol 0.9x · regime FAVORABLE,False,20,2.8901,2.8467,3.27,2306,13.14,8.76,False
STLA,4.9,BASING,0.0,0,19,19,5.4,5.225,18,weekly,6.63,33 bear-built-above · rel-vol 1.7x · regime FAVORABLE,False,19,4.9,4.8265,5.4,1360,10.2,6.8,False
STLD,235.26,BASING,0.0,0,20,20,255.77,253.41,237,weekly,7.71,10 bear-built-above · rel-vol 2.7x · regime FAVORABLE,True,20,235.26,231.7311,255.77,28,8.72,5.81,False
STM,51.51,BASING,0.0,0,18,18,64.76,54.4,1037,daily,5.61,4 bear-built-above · rel-vol 1.8x · regime FAVORABLE,False,19,51.51,50.7373,64.76,129,25.72,17.15,False
STNE,9.68,BASING,0.0,0,20,20,10.1,9.96,14,weekly,2.89,36 bear-built-above · rel-vol 1.3x · regime FAVORABLE,False,20,9.68,9.5348,10.1,688,4.34,2.89,False
STNG,86.9,BASING,0.0,0,20,20,87.2,87.0,21,45m,0.12,24 bear-built-above · rel-vol 1.7x · regime FAVORABLE,False,20,86.9,85.5965,87.2,76,0.35,0.23,False
STRL,530.0,BASING,0.0,0,12,12,634.63,600.42,3422,daily,13.29,rel-vol 1.7x · regime FAVORABLE,False,12,530.0,522.05,634.63,12,19.74,13.16,False
STUB,5.99,BASING,0.0,0,20,20,6.6,6.56,5,daily,9.52,11 bear-built-above · rel-vol 2.8x · regime FAVORABLE,False,20,5.99,5.9002,6.6,1112,10.18,6.79,False
STX,875.01,BASING,0.0,0,20,20,1025.36,994.59,3077,daily,13.67,3 bear-built-above · rel-vol 1.9x · regime FAVORABLE,True,20,875.01,861.8849,1025.36,7,17.18,11.46,False
SU,69.01,BASING,0.0,0,20,20,69.31,69.11,21,30m,0.14,21 bear-built-above · rel-vol 0.6x · regime FAVORABLE,True,20,69.01,67.9749,69.31,96,0.43,0.29,False
SUGP,0.48,BASING,0.0,0,7,7,0.5321,0.5319,1,4h,10.81,3 bear-built-above · rel-vol 0.1x · regime FAVORABLE,False,7,0.48,0.4728,0.5321,13888,10.85,7.24,False
SUNB,74.07,BASING,0.0,0,20,20,79.83,77.93,190,daily,5.21,rel-vol 1.2x · regime FAVORABLE,True,20,74.07,72.9589,79.83,90,7.78,5.18,False
SUNE,2.5445,BASING,0.0,0,20,20,2.91,2.85,7,daily,12.01,10 bear-built-above · rel-vol 0.0x · regime FAVORABLE,False,20,2.5445,2.5063,2.91,2620,14.36,9.58,False
SVM,11.85,BASING,0.0,0,19,19,12.55,12.12,44,daily,2.28,16 bear-built-above · rel-vol 1.1x · regime FAVORABLE,False,19,11.85,11.6723,12.55,562,5.91,3.94,False
SW,44.33,BASING,0.0,0,20,20,50.8,48.26,254,daily,8.87,14 bear-built-above · rel-vol 2.0x · regime FAVORABLE,False,21,44.33,43.6651,50.8,150,14.6,9.73,False
SWKS,89.9144,BASING,0.0,0,3,3,95.59,90.4,519,daily,0.54,rel-vol 2.7x · regime FAVORABLE,True,6,89.9144,88.5657,95.59,74,6.31,4.21,False
SWRD,2.05,BASING,0.0,0,1,1,2.0554,2.0511,1,5m,0.05,1 bear-built-above · rel-vol 0.2x · regime FAVORABLE,False,5,2.05,2.0192,2.0554,3252,0.26,0.18,False
SWVL,4.28,BASING,0.0,0,19,19,5.02,4.83,19,daily,12.85,13 bear-built-above · rel-vol 0.0x · regime FAVORABLE,False,19,4.28,4.2158,5.02,1557,17.29,11.53,False
SXTC,2.51,BASING,0.0,0,11,11,2.671,2.64,4,15m,5.18,11 bear-built-above · rel-vol 0.1x · regime FAVORABLE,False,11,2.51,2.4723,2.671,2656,6.41,4.28,False
SYM,42.14,BASING,0.0,0,15,15,46.52,43.61,292,daily,3.49,15 bear-built-above · rel-vol 2.3x · regime FAVORABLE,False,16,42.14,41.5079,46.52,158,10.39,6.93,False
SYNA,94.66,BASING,0.0,0,19,19,99.57,95.74,383,weekly,1.14,16 bear-built-above · rel-vol 1.1x · regime FAVORABLE,False,19,94.66,93.2401,99.57,70,5.19,3.46,False
SYRE,90.25,BASING,0.0,0,20,20,107.36,93.605,1376,daily,3.72,18 bear-built-above · rel-vol 2.5x · regime FAVORABLE,False,20,90.25,88.8962,107.36,73,18.96,12.64,False
T,25.4,BASING,0.0,0,19,19,28.04,27.35,69,daily,7.68,24 bear-built-above · rel-vol 2.3x · regime FAVORABLE,False,20,25.4,25.019,28.04,262,10.39,6.93,False
TAL,11.81,BASING,0.0,0,10,10,12.67,12.55,12,4h,6.27,5 bear-built-above · rel-vol 1.1x · regime FAVORABLE,False,10,11.81,11.6328,12.67,564,7.28,4.85,False
TARS,78.09,BASING,0.0,0,20,20,87.22,86.31,91,daily,10.53,19 bear-built-above · rel-vol 0.9x · regime FAVORABLE,False,22,78.09,76.9186,87.22,85,11.69,7.79,False
TBBB,51.35,BASING,0.0,0,4,4,51.9,51.75,15,1h,0.78,rel-vol 0.9x · regime FAVORABLE,False,4,51.35,50.5798,51.9,129,1.07,0.71,False
TCRT,1.17,BASING,0.0,0,8,8,1.33,1.2,14,1h,2.56,6 bear-built-above · rel-vol 13.6x · regime FAVORABLE,False,8,1.17,1.1524,1.33,5698,13.68,9.12,False
TDC,28.8925,BASING,0.0,0,6,6,31.15,29.91,124,4h,3.52,4 bear-built-above · rel-vol 1.4x · regime FAVORABLE,False,8,28.8925,28.4591,31.15,230,7.81,5.21,False
TDS,35.9025,BASING,0.0,0,19,19,39.59,39.15,45,weekly,9.05,10 bear-built-above · rel-vol 2.1x · regime FAVORABLE,False,19,35.9025,35.364,39.59,185,10.27,6.85,False
TDW,86.6925,BASING,0.0,0,20,20,92.77,91.99,79,4h,6.11,50 bear-built-above · rel-vol 1.7x · regime FAVORABLE,False,22,86.6925,85.3921,92.77,76,7.01,4.67,False
TEAM,192.95,BASING,0.0,0,5,5,224.88,220.88,400,daily,14.48,1 bear-built-above · rel-vol 2.4x · regime FAVORABLE,True,8,192.95,190.0557,224.88,34,16.55,11.03,False
TECK,65.5,BASING,0.0,0,19,19,70.34,65.9,444,daily,0.61,17 bear-built-above · rel-vol 0.7x · regime FAVORABLE,False,21,65.5,64.5175,70.34,101,7.39,4.93,False
TECL,218.2,BASING,0.0,0,16,16,238.8,220.0,1881,1h,0.82,rel-vol 1.0x · regime FAVORABLE,False,18,218.2,214.927,238.8,30,9.44,6.29,False
TEL,205.42,BASING,0.0,0,19,19,243.18,221.04,2215,daily,7.6,19 bear-built-above · rel-vol 2.0x · regime FAVORABLE,False,19,205.42,202.3387,243.18,32,18.38,12.25,False
TEM,78.4,BASING,0.0,0,8,8,88.71,85.05,366,daily,8.48,5 bear-built-above · rel-vol 1.2x · regime FAVORABLE,True,9,78.4,77.224,88.71,85,13.15,8.77,False
TEN,52.08,BASING,0.0,0,5,5,52.5,52.32,18,5m,0.46,5 bear-built-above · rel-vol 1.6x · regime FAVORABLE,False,5,52.08,51.2988,52.5,128,0.81,0.54,False
TENB,35.6,BASING,0.0,0,10,10,37.545,37.52,3,10m,5.39,6 bear-built-above · rel-vol 0.9x · regime FAVORABLE,False,11,35.6,35.066,37.545,187,5.46,3.64,False
TER,380.0,BASING,0.0,0,19,19,425.0,419.145,586,daily,10.3,10 bear-built-above · rel-vol 1.7x · regime FAVORABLE,False,22,380.0,374.3,425.0,17,11.84,7.89,False
TEX,59.0375,BASING,0.0,0,20,20,60.82,59.06,176,weekly,0.04,14 bear-built-above · rel-vol 1.4x · regime FAVORABLE,False,20,59.0375,58.1519,60.82,112,3.02,2.01,False
TFC,48.56,BASING,0.0,0,20,20,50.4,50.35,5,weekly,3.69,17 bear-built-above · rel-vol 2.5x · regime FAVORABLE,True,23,48.56,47.8316,50.4,137,3.79,2.53,False
TFX,124.5,BASING,0.0,0,20,20,137.95,136.66,129,weekly,9.77,29 bear-built-above · rel-vol 2.6x · regime FAVORABLE,False,20,124.5,122.6325,137.95,53,10.8,7.2,False
TGB,8.65,BASING,0.0,0,20,20,9.18,9.15,3,weekly,5.78,rel-vol 1.2x · regime FAVORABLE,False,23,8.65,8.5203,9.18,770,6.13,4.08,False
TGT,158.49,BASING,0.0,0,20,20,162.71,162.02,69,daily,2.23,2 bear-built-above · rel-vol 1.7x · regime FAVORABLE,False,21,158.49,156.1127,162.71,42,2.66,1.78,False
TGTX,57.3,BASING,0.0,0,1,1,59.06,58.97,10,30m,2.91,rel-vol 2.5x · regime FAVORABLE,True,1,57.3,56.4405,59.06,116,3.07,2.05,False
TH,21.7,BASING,0,0,0,0,,,,,0,rel-vol 2.2x · regime FAVORABLE,False,3,21.7,21.3745,23.87,307,10.0,6.67,False
THC,261.9925,BASING,0.0,0,20,20,278.59,277.66,93,daily,5.98,8 bear-built-above · rel-vol 3.7x · regime FAVORABLE,False,22,261.9925,258.0626,278.59,25,6.34,4.22,False
THO,67.51,BASING,0.0,0,20,20,68.84,68.58,27,daily,1.58,49 bear-built-above · rel-vol 2.6x · regime FAVORABLE,False,20,67.51,66.4973,68.84,98,1.97,1.31,False
TIGO,93.91,BASING,0.0,0,20,20,95.69,94.78,91,daily,0.93,21 bear-built-above · rel-vol 1.8x · regime FAVORABLE,True,20,93.91,92.5014,95.69,70,1.9,1.26,False
TJGC,17.0,BASING,0.0,0,2,2,18.1108,17.88,24,10m,5.18,2 bear-built-above · rel-vol 1.3x · regime FAVORABLE,False,2,17.0,16.745,18.1108,392,6.53,4.36,False
TKO,189.28,BASING,0.0,0,20,20,211.62,208.83,279,daily,10.33,20 bear-built-above · rel-vol 3.2x · regime FAVORABLE,False,20,189.28,186.4408,211.62,35,11.8,7.87,False
TLN,292.35,BASING,0.0,0,20,20,312.74,300.0,1275,weekly,2.62,51 bear-built-above · rel-vol 1.6x · regime FAVORABLE,False,20,292.35,287.9648,312.74,22,6.97,4.65,False
TLRY,4.04,BASING,0.0,0,18,18,4.59,4.54,5,weekly,12.38,7 bear-built-above · rel-vol 0.9x · regime FAVORABLE,False,19,4.04,3.9794,4.59,1650,13.61,9.08,False
TLYS,4.14,BASING,0.0,0,20,20,4.81,4.7,11,daily,13.53,21 bear-built-above · rel-vol 0.6x · regime FAVORABLE,False,20,4.14,4.0779,4.81,1610,16.18,10.79,False
TMDX,86.4225,BASING,0.0,0,18,18,95.07,94.07,100,30m,8.85,7 bear-built-above · rel-vol 2.0x · regime FAVORABLE,False,18,86.4225,85.1262,95.07,77,10.01,6.67,False
TMHC,72.45,BASING,0.0,0,2,2,73.87,73.47,41,daily,1.41,rel-vol 3.1x · regime FAVORABLE,False,4,72.45,71.3633,73.87,92,1.96,1.31,False
TMO,659.98,BASING,0.0,0,3,3,662.12,661.975,15,30m,0.3,3 bear-built-above · rel-vol 2.3x · regime FAVORABLE,False,6,659.98,650.0803,662.12,10,0.32,0.22,False
TNDM,16.78,BASING,0.0,0,19,19,19.11,18.77,34,daily,11.86,14 bear-built-above · rel-vol 1.4x · regime FAVORABLE,False,19,16.78,16.5283,19.11,397,13.89,9.26,False
TNGX,21.75,BASING,0.0,0,20,20,23.49,23.33,17,daily,7.26,34 bear-built-above · rel-vol 2.5x · regime FAVORABLE,False,21,21.75,21.4237,23.49,306,8.0,5.33,False
TNK,100.87,BASING,0.0,0,20,20,102.88,102.68,20,45m,1.79,20 bear-built-above · rel-vol 1.4x · regime FAVORABLE,False,20,100.87,99.3569,102.88,66,1.99,1.33,False
TNMG,3.71,BASING,0.0,0,6,6,3.93,3.91,3,1h,5.39,6 bear-built-above · rel-vol 11.6x · regime FAVORABLE,False,6,3.71,3.6543,3.93,1796,5.93,3.95,False
TNON,4.0,BASING,0.0,0,20,20,4.1201,4.09,4,45m,2.25,22 bear-built-above · rel-vol 0.0x · regime FAVORABLE,False,20,4.0,3.94,4.1201,1666,3.0,2.0,False
TOI,5.185,BASING,0.0,0,16,16,5.35,5.27,9,weekly,1.64,rel-vol 0.7x · regime FAVORABLE,False,16,5.185,5.1072,5.35,1285,3.18,2.12,False
TOST,29.75,BASING,0.0,0,17,17,33.95,33.64,32,weekly,13.08,38 bear-built-above · rel-vol 2.0x · regime FAVORABLE,False,17,29.75,29.3038,33.95,224,14.12,9.41,False
TPET,1.82,BASING,0.0,0,7,7,1.94,1.92,3,30m,5.49,6 bear-built-above · rel-vol 0.2x · regime FAVORABLE,False,7,1.82,1.7927,1.94,3663,6.59,4.4,False
TPG,46.79,BASING,0.0,0,20,20,52.65,52.15,50,weekly,11.46,7 bear-built-above · rel-vol 1.0x · regime FAVORABLE,False,23,46.79,46.0881,52.65,142,12.52,8.35,False
TPL,347.2,BASING,0.0,0,18,18,402.58,389.06,1352,weekly,12.06,38 bear-built-above · rel-vol 3.7x · regime FAVORABLE,False,18,347.2,341.992,402.58,19,15.95,10.63,False
TREX,42.6925,BASING,0.0,0,20,20,44.95,44.15,81,weekly,3.41,16 bear-built-above · rel-vol 1.6x · regime FAVORABLE,False,23,42.6925,42.0521,44.95,156,5.29,3.53,False
TRGP,292.19,BASING,0.0,0,5,5,292.61,292.41,20,10m,0.08,4 bear-built-above · rel-vol 3.3x · regime FAVORABLE,True,7,292.19,287.8071,292.61,22,0.14,0.1,False
TRI,94.39,BASING,0.0,0,20,20,106.21,105.68,53,weekly,11.96,33 bear-built-above · rel-vol 2.6x · regime FAVORABLE,False,20,94.39,92.9741,106.21,70,12.52,8.35,False
TRMD,37.67,BASING,0.0,0,20,20,38.52,38.51,2,10m,2.23,20 bear-built-above · rel-vol 1.2x · regime FAVORABLE,False,21,37.67,37.105,38.52,176,2.26,1.5,False
TRU,72.4325,BASING,0.0,0,20,20,83.63,79.88,375,daily,10.28,44 bear-built-above · rel-vol 3.5x · regime FAVORABLE,False,22,72.4325,71.346,83.63,92,15.46,10.31,False
TRUG,0.4754,BASING,0.0,0,7,7,0.5094,0.5091,1,5m,7.09,7 bear-built-above · rel-vol 5.2x · regime FAVORABLE,False,7,0.4754,0.4683,0.5094,14023,7.15,4.77,False
TSAT,48.93,BASING,0.0,0,20,20,54.4,54.28,12,1h,10.93,23 bear-built-above · rel-vol 1.4x · regime FAVORABLE,False,20,48.93,48.196,54.4,136,11.18,7.45,False
TSCO,32.29,BASING,0.0,0,20,20,34.0,33.79,22,daily,4.65,32 bear-built-above · rel-vol 1.7x · regime FAVORABLE,False,20,32.29,31.8056,34.0,206,5.3,3.53,False
TSDD,7.54,BASING,0.0,0,16,16,8.29,8.13,16,weekly,7.82,34 bear-built-above · rel-vol 1.3x · regime FAVORABLE,False,16,7.54,7.4269,8.29,884,9.95,6.63,False
TSEM,228.99,BASING,0.0,0,15,15,263.73,249.785,1395,daily,9.08,rel-vol 5.3x · regime FAVORABLE,False,16,228.99,225.5551,263.73,29,15.17,10.11,False
TSHA,5.02,BASING,0.0,0,20,20,5.77,5.7,7,weekly,13.55,2 bear-built-above · rel-vol 3.0x · regime FAVORABLE,False,21,5.02,4.9447,5.77,1328,14.94,9.96,False
TSLA,370.14,BASING,0.0,0,19,19,391.06,381.78,929,daily,3.14,2 bear-built-above · rel-vol 1.3x · regime FAVORABLE,False,19,370.14,364.5879,391.06,18,5.65,3.77,False
TSLG,4.92,BASING,0.0,0,20,20,5.2899,5.28,1,45m,7.32,4 bear-built-above · rel-vol 1.1x · regime FAVORABLE,False,21,4.92,4.8462,5.2899,1355,7.52,5.01,False
TSLL,9.89,BASING,0.0,0,17,17,10.28,10.13,15,45m,2.43,3 bear-built-above · rel-vol 0.8x · regime FAVORABLE,False,18,9.89,9.7416,10.28,674,3.94,2.63,False
TSLQ,18.0,BASING,0.0,0,20,20,19.71,19.36,36,weekly,7.56,28 bear-built-above · rel-vol 0.8x · regime FAVORABLE,False,20,18.0,17.73,19.71,370,9.5,6.33,False
TSLT,13.76,BASING,0.0,0,18,18,14.91,14.87,5,30m,8.07,1 bear-built-above · rel-vol 0.8x · regime FAVORABLE,True,19,13.76,13.5536,14.91,484,8.36,5.57,False
TTAN,55.031,BASING,0.0,0,20,20,61.005,60.8701,14,45m,10.61,26 bear-built-above · rel-vol 0.8x · regime FAVORABLE,False,20,55.031,54.2055,61.005,121,10.86,7.24,False
TTD,14.07,BASING,0.0,0,5,5,15.61,15.585,3,30m,10.77,2 bear-built-above · rel-vol 6.2x · regime FAVORABLE,False,5,14.07,13.859,15.61,473,10.95,7.3,False
TTMI,121.94,BASING,0.0,0,20,20,140.21,134.84,538,daily,10.58,15 bear-built-above · rel-vol 1.4x · regime FAVORABLE,False,23,121.94,120.1109,140.21,54,14.98,9.99,False
TTWO,206.25,BASING,0.0,0,20,20,235.39,233.56,183,weekly,13.24,52 bear-built-above · rel-vol 2.0x · regime FAVORABLE,False,20,206.25,203.1562,235.39,32,14.13,9.42,False
TVTX,62.76,BASING,0.0,0,20,20,64.85,64.735,12,10m,3.15,36 bear-built-above · rel-vol 1.6x · regime FAVORABLE,False,20,62.76,61.8186,64.85,106,3.33,2.22,False
TWLO,244.0,BASING,0.0,0,5,5,244.8,244.44,37,45m,0.18,5 bear-built-above · rel-vol 2.3x · regime FAVORABLE,True,5,244.0,240.34,244.8,27,0.33,0.22,False
TWST,172.0,BASING,0,0,0,0,,,,,0,rel-vol 1.8x · regime FAVORABLE,True,0,172.0,169.42,189.2,38,10.0,6.67,False
TXG,77.79,BASING,0.0,0,1,1,79.68,79.65,4,15m,2.39,1 bear-built-above · rel-vol 1.0x · regime FAVORABLE,False,1,77.79,76.6232,79.68,85,2.43,1.62,False
TYL,344.18,BASING,0.0,0,20,20,364.03,359.03,500,weekly,4.31,39 bear-built-above · rel-vol 2.1x · regime FAVORABLE,False,25,344.18,339.0173,364.03,19,5.77,3.84,False
TYRA,25.73,BASING,0.0,0,6,6,32.21,29.0,322,daily,12.71,3 bear-built-above · rel-vol 1.7x · regime FAVORABLE,False,6,25.73,25.344,32.21,259,25.18,16.79,False
TZA,44.1209,BASING,0.0,0,19,19,50.699,50.6,10,1h,14.68,27 bear-built-above · rel-vol 0.8x · regime FAVORABLE,False,19,44.1209,43.4591,50.699,151,14.91,9.94,False
U,41.52,BASING,0.0,0,13,13,43.45,43.01,45,daily,3.59,10 bear-built-above · rel-vol 1.6x · regime FAVORABLE,False,14,41.52,40.8972,43.45,160,4.65,3.1,False
UCO,51.95,BASING,0.0,0,16,16,54.06,54.0452,2,45m,4.03,30 bear-built-above · rel-vol 0.6x · regime FAVORABLE,False,19,51.95,51.1708,54.06,128,4.06,2.71,False
UCTT,70.95,BASING,0.0,0,19,19,76.43,74.64,180,weekly,5.2,18 bear-built-above · rel-vol 1.7x · regime FAVORABLE,False,19,70.95,69.8858,76.43,93,7.72,5.15,False
UEC,10.05,BASING,0.0,0,17,17,10.45,10.1,35,weekly,0.5,17 bear-built-above · rel-vol 1.9x · regime FAVORABLE,False,17,10.05,9.8993,10.45,663,3.98,2.65,False
UGI,37.57,BASING,0.0,0,19,19,38.16,38.01,15,daily,1.17,28 bear-built-above · rel-vol 2.3x · regime FAVORABLE,False,19,37.57,37.0065,38.16,177,1.57,1.05,False
UHS,176.69,BASING,0.0,0,18,18,202.31,200.04,228,daily,13.22,14 bear-built-above · rel-vol 2.5x · regime FAVORABLE,False,21,176.69,174.0396,202.31,37,14.5,9.67,False
ULCC,5.9285,BASING,0.0,0,20,20,6.69,6.59,11,weekly,11.16,1 bear-built-above · rel-vol 1.3x · regime FAVORABLE,False,22,5.9285,5.8396,6.69,1124,12.84,8.56,False
ULTA,540.9505,BASING,0.0,0,16,16,624.7,566.28,5843,daily,4.68,6 bear-built-above · rel-vol 1.6x · regime FAVORABLE,False,16,540.9505,532.8362,624.7,12,15.48,10.32,False
UMAC,23.5,BASING,0.0,0,18,18,27.43,26.6,83,weekly,13.19,1 bear-built-above · rel-vol 0.9x · regime FAVORABLE,True,18,23.5,23.1475,27.43,283,16.72,11.15,False
UMC,24.45,BASING,0.0,0,19,19,27.73,25.58,216,daily,4.62,8 bear-built-above · rel-vol 2.5x · regime FAVORABLE,False,21,24.45,24.0832,27.73,272,13.42,8.94,False
UNG,10.4197,BASING,0.0,0,15,15,11.87,11.58,29,weekly,11.14,3 bear-built-above · rel-vol 1.5x · regime FAVORABLE,False,17,10.4197,10.2634,11.87,639,13.92,9.28,False
UNH,378.6,BASING,0.0,0,17,17,393.52,392.4,113,weekly,3.65,18 bear-built-above · rel-vol 1.7x · regime FAVORABLE,False,20,378.6,372.921,393.52,17,3.94,2.63,False
UNM,95.1925,BASING,0.0,0,4,4,95.92,95.9,2,10m,0.74,4 bear-built-above · rel-vol 3.3x · regime FAVORABLE,True,4,95.1925,93.7646,95.92,70,0.76,0.51,False
UPC,4.18,BASING,0,0,0,0,,,,,0,rel-vol 0.2x · regime FAVORABLE,False,0,4.18,4.1173,4.598,1594,10.0,6.67,False
UPST,25.45,BASING,0.0,0,18,18,29.08,28.62,46,weekly,12.46,7 bear-built-above · rel-vol 1.6x · regime FAVORABLE,False,18,25.45,25.0682,29.08,261,14.26,9.51,False
UPWK,8.36,BASING,0.0,0,20,20,10.215,8.82,140,daily,5.5,16 bear-built-above · rel-vol 1.7x · regime FAVORABLE,False,20,8.36,8.2346,10.215,797,22.19,14.79,False
URA,42.45,BASING,0.0,0,15,15,46.86,45.59,127,daily,7.4,28 bear-built-above · rel-vol 1.2x · regime FAVORABLE,False,15,42.45,41.8133,46.86,157,10.39,6.93,False
URBN,75.02,BASING,0.0,0,20,20,78.58,77.43,115,weekly,3.21,28 bear-built-above · rel-vol 1.6x · regime FAVORABLE,False,24,75.02,73.8947,78.58,88,4.75,3.16,False
URG,1.185,BASING,0.0,0,16,16,1.29,1.26,4,weekly,6.33,10 bear-built-above · rel-vol 3.2x · regime FAVORABLE,False,16,1.185,1.1672,1.29,5625,8.86,5.91,False
URGN,43.25,BASING,0.0,0,20,20,49.89,49.71,18,daily,14.94,19 bear-built-above · rel-vol 1.0x · regime FAVORABLE,False,20,43.25,42.6013,49.89,154,15.35,10.24,False
URNM,51.25,BASING,0.0,0,15,15,56.98,55.36,162,daily,8.02,33 bear-built-above · rel-vol 0.5x · regime FAVORABLE,False,15,51.25,50.4813,56.98,130,11.18,7.45,False
USB,60.3,BASING,0.0,0,19,19,62.84,62.8,5,weekly,4.15,11 bear-built-above · rel-vol 2.0x · regime FAVORABLE,False,25,60.3,59.3955,62.84,110,4.21,2.81,False
USDE,12.04,BASING,0,0,0,0,,,,,0,rel-vol 1.3x · regime FAVORABLE,True,0,12.04,11.8594,13.244,553,10.0,6.67,False
UUUU,12.1,BASING,0.0,0,20,20,12.95,12.54,42,weekly,3.64,24 bear-built-above · rel-vol 1.6x · regime FAVORABLE,False,22,12.1,11.9185,12.95,550,7.02,4.68,False
UVIX,36.5,BASING,0.0,0,19,19,39.05,37.39,166,daily,2.44,38 bear-built-above · rel-vol 1.0x · regime FAVORABLE,False,19,36.5,35.9525,39.05,182,6.99,4.66,False
UWMC,1.2604,BASING,0.0,0,15,15,1.35,1.31,5,weekly,3.94,9 bear-built-above · rel-vol 1.3x · regime FAVORABLE,False,16,1.2604,1.2415,1.35,5289,7.11,4.74,False
UXRP,17.0,BASING,0.0,0,20,20,20.0,18.8,120,weekly,10.59,9 bear-built-above · rel-vol 1.0x · regime FAVORABLE,False,22,17.0,16.745,20.0,392,17.65,11.76,False
V,368.76,BASING,0.0,0,18,18,383.9,381.14,276,daily,3.36,11 bear-built-above · rel-vol 3.1x · regime FAVORABLE,True,20,368.76,363.2286,383.9,18,4.11,2.74,False
VAC,103.0225,BASING,0.0,0,20,20,106.62,105.51,111,weekly,2.41,4 bear-built-above · rel-vol 1.6x · regime FAVORABLE,False,20,103.0225,101.4772,106.62,64,3.49,2.33,False
VAL,83.7575,BASING,0.0,0,18,18,96.33,93.02,332,daily,11.06,20 bear-built-above · rel-vol 1.1x · regime FAVORABLE,False,18,83.7575,82.5011,96.33,79,15.01,10.01,False
VALE,14.32,BASING,0.0,0,17,17,15.23,14.77,47,weekly,3.14,40 bear-built-above · rel-vol 0.6x · regime FAVORABLE,False,17,14.32,14.1052,15.23,465,6.35,4.24,False
VCTR,106.5575,BASING,0.0,0,20,20,113.73,112.38,136,weekly,5.46,4 bear-built-above · rel-vol 2.3x · regime FAVORABLE,True,20,106.5575,104.9591,113.73,62,6.73,4.49,False
VCX,31.8666,BASING,0.0,0,20,20,39.84,36.05,380,daily,13.13,33 bear-built-above · rel-vol 1.1x · regime FAVORABLE,False,20,31.8666,31.3886,39.84,209,25.02,16.68,False
VCYT,39.73,BASING,0.0,0,20,20,44.67,44.21,47,daily,11.28,7 bear-built-above · rel-vol 2.0x · regime FAVORABLE,False,20,39.73,39.134,44.67,167,12.43,8.29,False
VEEA,4.3,BASING,0.0,0,3,3,4.5646,4.55,2,45m,5.81,3 bear-built-above · rel-vol 0.2x · regime FAVORABLE,False,3,4.3,4.2355,4.5646,1550,6.15,4.1,False
VEEV,258.25,BASING,0.0,0,20,20,274.79,271.62,318,weekly,5.18,18 bear-built-above · rel-vol 3.1x · regime FAVORABLE,False,24,258.25,254.3762,274.79,25,6.4,4.27,False
VELO,10.65,BASING,0.0,0,19,19,10.79,10.6677,13,4h,0.17,16 bear-built-above · rel-vol 1.1x · regime FAVORABLE,False,19,10.65,10.4902,10.79,625,1.31,0.88,False
VERA,33.9578,BASING,0.0,0,20,20,39.12,38.5,62,daily,13.38,14 bear-built-above · rel-vol 1.5x · regime FAVORABLE,False,20,33.9578,33.4484,39.12,196,15.2,10.13,False
VFC,12.805,BASING,0.0,0,18,18,13.67,13.51,17,weekly,5.51,10 bear-built-above · rel-vol 1.4x · regime FAVORABLE,False,18,12.805,12.6129,13.67,520,6.76,4.5,False
VG,13.92,BASING,0.0,0,20,20,14.65,14.42,24,daily,3.59,32 bear-built-above · rel-vol 1.2x · regime FAVORABLE,False,21,13.92,13.7112,14.65,478,5.24,3.5,False
VGNT,45.8625,BASING,0.0,0,19,19,46.89,46.075,82,weekly,0.46,9 bear-built-above · rel-vol 3.4x · regime FAVORABLE,False,19,45.8625,45.1746,46.89,145,2.24,1.49,False
VIAV,36.0,BASING,0.0,0,18,18,38.205,36.05,216,daily,0.14,15 bear-built-above · rel-vol 2.7x · regime FAVORABLE,False,19,36.0,35.46,38.205,185,6.13,4.08,False
VICR,227.0,BASING,0.0,0,7,7,260.2,247.62,1258,daily,9.08,rel-vol 2.3x · regime FAVORABLE,True,7,227.0,223.595,260.2,29,14.63,9.75,False
VIR,10.5,BASING,0.0,0,20,20,12.1,11.94,17,daily,13.71,19 bear-built-above · rel-vol 3.0x · regime FAVORABLE,False,21,10.5,10.3425,12.1,634,15.24,10.16,False
VIRT,57.69,BASING,0.0,0,20,20,64.43,63.88,56,weekly,10.73,32 bear-built-above · rel-vol 1.0x · regime FAVORABLE,False,21,57.69,56.8246,64.43,115,11.68,7.79,False
VISN,6.61,BASING,0.0,0,14,14,11.61,6.8,481,daily,2.87,9 bear-built-above · rel-vol 3.0x · regime FAVORABLE,False,14,6.61,6.5109,11.61,1008,75.64,50.43,False
VIST,72.52,BASING,0.0,0,20,20,74.26,73.31,96,daily,1.09,59 bear-built-above · rel-vol 0.9x · regime FAVORABLE,False,21,72.52,71.4322,74.26,91,2.4,1.6,False
VITL,12.0005,BASING,0.0,0,13,13,12.24,12.01,24,weekly,0.08,rel-vol 2.9x · regime FAVORABLE,False,13,12.0005,11.8205,12.24,555,2.0,1.33,False
VIVK,0.6251,BASING,0.0,0,19,19,0.7001,0.7,1,daily,11.98,11 bear-built-above · rel-vol 0.1x · regime FAVORABLE,False,19,0.6251,0.6157,0.7001,10664,12.0,8.0,False
VKTX,28.9942,BASING,0.0,0,17,17,31.98,31.7,29,weekly,9.33,30 bear-built-above · rel-vol 1.4x · regime FAVORABLE,False,17,28.9942,28.5593,31.98,229,10.3,6.87,False
VLN,1.7,BASING,0.0,0,19,19,1.91,1.83,8,daily,7.65,rel-vol 1.1x · regime FAVORABLE,False,20,1.7,1.6745,1.91,3921,12.35,8.24,False
VLO,410.0,BASING,0.0,0,10,10,414.0,410.64,337,45m,0.16,10 bear-built-above · rel-vol 3.0x · regime FAVORABLE,False,11,410.0,403.85,414.0,16,0.98,0.65,False
VMAR,7.4914,BASING,0.0,0,20,20,8.28,8.12,17,daily,8.39,15 bear-built-above · rel-vol 0.1x · regime FAVORABLE,False,20,7.4914,7.379,8.28,889,10.53,7.02,False
VNET,6.58,BASING,0.0,0,13,13,7.75,7.0,75,daily,6.38,rel-vol 1.1x · regime FAVORABLE,False,16,6.58,6.4813,7.75,1013,17.78,11.85,False
VOGX,31.51,BASING,0.0,0,20,20,35.12,34.47,65,4h,9.39,19 bear-built-above · rel-vol 2.7x · regime FAVORABLE,False,20,31.51,31.0373,35.12,211,11.46,7.64,False
VOYG,36.0,BASING,0.0,0,20,20,38.4,37.88,52,weekly,5.22,11 bear-built-above · rel-vol 4.6x · regime FAVORABLE,False,23,36.0,35.46,38.4,185,6.67,4.44,False
VPG,64.0,BASING,0.0,0,20,20,97.42,73.56,2386,daily,14.94,19 bear-built-above · rel-vol 0.9x · regime FAVORABLE,False,21,64.0,63.04,97.42,104,52.22,34.81,False
VRME,0.8301,BASING,0.0,0,9,9,0.8355,0.8305,1,45m,0.05,8 bear-built-above · rel-vol 7.2x · regime FAVORABLE,True,9,0.8301,0.8176,0.8355,8031,0.65,0.43,False
VRNS,47.68,BASING,0.0,0,3,3,48.63,47.75,89,1h,0.15,rel-vol 1.4x · regime FAVORABLE,False,4,47.68,46.9648,48.63,139,1.99,1.33,False
VRRM,3.48,BASING,0.0,0,13,13,3.55,3.52,3,weekly,1.15,2 bear-built-above · rel-vol 5.4x · regime FAVORABLE,False,13,3.48,3.4278,3.55,1915,2.01,1.34,False
VRSK,176.01,BASING,0.0,0,17,17,200.35,197.86,249,daily,12.41,59 bear-built-above · rel-vol 2.6x · regime FAVORABLE,False,17,176.01,173.3698,200.35,37,13.83,9.22,False
VRSN,303.12,BASING,0.0,0,2,2,306.09,305.825,27,5m,0.89,2 bear-built-above · rel-vol 2.1x · regime FAVORABLE,True,2,303.12,298.5732,306.09,21,0.98,0.65,False
VRT,255.52,BASING,0.0,0,17,17,262.89,259.1,379,daily,1.4,12 bear-built-above · rel-vol 1.5x · regime FAVORABLE,False,18,255.52,251.6872,262.89,26,2.88,1.92,False
VSAT,76.5,BASING,0.0,0,20,20,81.41,77.52,390,daily,1.33,3 bear-built-above · rel-vol 2.6x · regime FAVORABLE,False,20,76.5,75.3525,81.41,87,6.42,4.28,False
VSEC,174.8325,BASING,0.0,0,19,19,194.98,188.64,635,weekly,7.9,32 bear-built-above · rel-vol 2.1x · regime FAVORABLE,False,19,174.8325,172.21,194.98,38,11.52,7.68,False
VSH,33.4,BASING,0.0,0,11,11,37.75,37.12,64,daily,11.14,5 bear-built-above · rel-vol 1.1x · regime FAVORABLE,False,12,33.4,32.899,37.75,199,13.02,8.68,False
VSME,0.8932,BASING,0.0,0,20,20,1.02,0.9659,6,daily,8.14,16 bear-built-above · rel-vol 0.0x · regime FAVORABLE,False,20,0.8932,0.8798,1.02,7463,14.2,9.46,False
VSNT,35.2,BASING,0.0,0,20,20,38.61,38.38,23,weekly,9.03,32 bear-built-above · rel-vol 3.6x · regime FAVORABLE,False,20,35.2,34.672,38.61,189,9.69,6.46,False
VST,142.64,BASING,0.0,0,18,18,148.38,144.0,438,weekly,0.95,19 bear-built-above · rel-vol 1.2x · regime FAVORABLE,False,21,142.64,140.5004,148.38,46,4.02,2.68,False
VSXY,77.9325,BASING,0.0,0,1,1,87.85,86.89,96,daily,11.49,rel-vol 2.0x · regime FAVORABLE,False,2,77.9325,76.7635,87.85,85,12.73,8.48,False
VUZI,2.74,BASING,0.0,0,6,6,2.94,2.9,5,weekly,5.84,3 bear-built-above · rel-vol 1.7x · regime FAVORABLE,False,7,2.74,2.6989,2.94,2433,7.3,4.87,False
VZ,48.19,BASING,0.0,0,19,19,51.3,51.25,5,30m,6.35,40 bear-built-above · rel-vol 2.2x · regime FAVORABLE,True,19,48.19,47.4671,51.3,138,6.45,4.3,False
W,102.45,BASING,0.0,0,15,15,105.99,105.2,79,1h,2.68,6 bear-built-above · rel-vol 1.3x · regime FAVORABLE,False,19,102.45,100.9133,105.99,65,3.46,2.3,False
WAY,26.6835,BASING,0.0,0,20,20,30.27,29.98,29,weekly,12.35,15 bear-built-above · rel-vol 1.1x · regime FAVORABLE,False,21,26.6835,26.2832,30.27,249,13.44,8.96,False
WBD,30.0,BASING,0,0,0,0,,,,,0,rel-vol 2.4x · regime FAVORABLE,True,5,30.0,29.55,33.0,222,10.0,6.67,False
WCC,344.1475,BASING,0.0,0,15,15,355.47,344.15,1133,weekly,0.0,9 bear-built-above · rel-vol 1.3x · regime FAVORABLE,False,15,344.1475,338.9853,355.47,19,3.29,2.19,False
WDAY,195.0,BASING,0.0,0,18,18,218.73,217.7401,99,4h,11.66,3 bear-built-above · rel-vol 2.1x · regime FAVORABLE,False,23,195.0,192.075,218.73,34,12.17,8.11,False
WDC,452.46,BASING,0.0,0,17,17,525.525,496.16,2937,daily,9.66,10 bear-built-above · rel-vol 2.2x · regime FAVORABLE,False,18,452.46,445.6731,525.525,14,16.15,10.77,False
WDCX,17.25,BASING,0.0,0,20,20,19.17,18.67,50,daily,8.23,9 bear-built-above · rel-vol 1.3x · regime FAVORABLE,False,22,17.25,16.9913,19.17,386,11.13,7.42,False
WEN,6.74,BASING,0.0,0,18,18,7.63,7.6,4,weekly,12.76,13 bear-built-above · rel-vol 2.3x · regime FAVORABLE,False,18,6.74,6.6389,7.63,989,13.2,8.8,False
WERN,35.6725,BASING,0.0,0,20,20,37.56,36.04,153,daily,1.03,32 bear-built-above · rel-vol 1.5x · regime FAVORABLE,False,23,35.6725,35.1374,37.56,186,5.29,3.53,False
WETO,1.76,BASING,0.0,0,5,5,1.86,1.8,7,daily,2.27,5 bear-built-above · rel-vol 0.3x · regime FAVORABLE,False,5,1.76,1.7336,1.86,3787,5.68,3.79,False
WFC,86.56,BASING,0.0,0,17,17,95.81,94.96,86,daily,9.7,34 bear-built-above · rel-vol 1.8x · regime FAVORABLE,False,19,86.56,85.2616,95.81,77,10.69,7.12,False
WFRD,82.0325,BASING,0.0,0,19,19,88.85,87.66,119,weekly,6.86,33 bear-built-above · rel-vol 2.8x · regime FAVORABLE,False,19,82.0325,80.802,88.85,81,8.31,5.54,False
WGMI,50.4,BASING,0.0,0,19,19,51.46,50.82,65,weekly,0.83,rel-vol 0.5x · regime FAVORABLE,False,20,50.4,49.644,51.46,132,2.1,1.4,False
WGS,101.1,BASING,0.0,0,11,11,108.08,104.93,315,weekly,3.79,8 bear-built-above · rel-vol 1.5x · regime FAVORABLE,False,13,101.1,99.5835,108.08,65,6.9,4.6,False
WHD,66.6825,BASING,0.0,0,20,20,69.54,69.07,48,weekly,3.58,22 bear-built-above · rel-vol 3.7x · regime FAVORABLE,False,20,66.6825,65.6823,69.54,99,4.29,2.86,False
WHR,32.23,BASING,0.0,0,20,20,36.83,36.16,68,daily,12.19,37 bear-built-above · rel-vol 1.4x · regime FAVORABLE,False,20,32.23,31.7465,36.83,206,14.27,9.51,False
WING,104.0,BASING,0.0,0,20,20,114.71,113.775,94,daily,9.4,27 bear-built-above · rel-vol 1.4x · regime FAVORABLE,False,20,104.0,102.44,114.71,64,10.3,6.87,False
WIX,78.0,BASING,0.0,0,17,17,82.89,80.16,274,1h,2.77,40 bear-built-above · rel-vol 1.1x · regime FAVORABLE,False,17,78.0,76.83,82.89,85,6.27,4.18,False
WK,73.18,BASING,0.0,0,20,20,76.55,75.3,125,weekly,2.9,8 bear-built-above · rel-vol 2.0x · regime FAVORABLE,False,21,73.18,72.0823,76.55,91,4.61,3.07,False
WLK,69.065,BASING,0.0,0,20,20,74.75,72.7,205,daily,5.26,16 bear-built-above · rel-vol 1.1x · regime FAVORABLE,False,20,69.065,68.029,74.75,96,8.23,5.49,False
WLTH,10.4458,BASING,0.0,0,8,8,12.59,10.47,212,daily,0.23,7 bear-built-above · rel-vol 5.0x · regime FAVORABLE,False,9,10.4458,10.2891,12.59,638,20.53,13.68,False
WLY,47.89,BASING,0.0,0,17,17,55.72,54.2,152,4h,13.18,15 bear-built-above · rel-vol 1.7x · regime FAVORABLE,True,17,47.89,47.1716,55.72,139,16.35,10.9,False
WMB,72.3,BASING,0.0,0,20,20,72.85,72.51,34,weekly,0.29,14 bear-built-above · rel-vol 2.3x · regime FAVORABLE,False,20,72.3,71.2155,72.85,92,0.76,0.51,False
WMG,28.0175,BASING,0.0,0,20,20,30.8,30.62,18,daily,9.29,17 bear-built-above · rel-vol 2.7x · regime FAVORABLE,False,21,28.0175,27.5972,30.8,237,9.93,6.62,False
WMS,126.0525,BASING,0.0,0,20,20,136.99,135.76,124,weekly,7.7,10 bear-built-above · rel-vol 2.8x · regime FAVORABLE,False,20,126.0525,124.1617,136.99,52,8.68,5.78,False
WMT,106.55,BASING,0.0,0,16,16,121.03,119.58,146,daily,12.23,27 bear-built-above · rel-vol 1.8x · regime FAVORABLE,False,16,106.55,104.9517,121.03,62,13.59,9.06,False
WOLF,26.4,BASING,0.0,0,13,13,28.88,28.4,49,daily,7.58,rel-vol 1.5x · regime FAVORABLE,False,18,26.4,26.004,28.88,252,9.39,6.26,False
WPM,151.0,BASING,0.0,0,20,20,154.12,151.01,312,weekly,0.01,11 bear-built-above · rel-vol 0.8x · regime FAVORABLE,False,21,151.0,148.735,154.12,44,2.07,1.38,False
WRBY,22.7,BASING,0.0,0,20,20,25.4328,25.38,6,1h,11.81,15 bear-built-above · rel-vol 2.0x · regime FAVORABLE,False,20,22.7,22.3595,25.4328,293,12.04,8.03,False
WS,33.3325,BASING,0.0,0,20,20,39.62,38.03,159,daily,14.09,14 bear-built-above · rel-vol 3.0x · regime FAVORABLE,False,20,33.3325,32.8325,39.62,200,18.86,12.58,False
WSHP,5.43,BASING,0.0,0,9,9,6.055,5.96,10,10m,9.76,1 bear-built-above · rel-vol 0.2x · regime FAVORABLE,False,9,5.43,5.3485,6.055,1227,11.51,7.67,False
WSM,224.2,BASING,0.0,0,20,20,235.09,232.06,304,weekly,3.51,16 bear-built-above · rel-vol 2.0x · regime FAVORABLE,False,23,224.2,220.837,235.09,29,4.86,3.24,False
WST,362.31,BASING,0.0,0,17,17,392.88,390.43,245,1h,7.76,14 bear-built-above · rel-vol 2.6x · regime FAVORABLE,True,17,362.31,356.8754,392.88,18,8.44,5.63,False
WTI,3.82,BASING,0.0,0,20,20,4.042,4.01,4,1h,4.97,27 bear-built-above · rel-vol 1.3x · regime FAVORABLE,False,23,3.82,3.7627,4.042,1745,5.81,3.87,False
WTS,350.6625,BASING,0.0,0,17,17,356.02,351.15,488,weekly,0.14,10 bear-built-above · rel-vol 2.9x · regime FAVORABLE,False,17,350.6625,345.4026,356.02,19,1.53,1.02,False
WU,6.23,BASING,0.0,0,15,15,7.69,7.085,61,daily,13.72,26 bear-built-above · rel-vol 3.2x · regime FAVORABLE,False,15,6.23,6.1366,7.69,1070,23.43,15.62,False
WULF,17.5,BASING,0.0,0,8,8,18.88,18.5,38,daily,5.71,rel-vol 1.1x · regime FAVORABLE,True,9,17.5,17.2375,18.88,380,7.89,5.26,False
WVVIP,2.92,BASING,0.0,0,15,15,3.45,3.2,25,5m,9.59,14 bear-built-above · rel-vol 0.0x · regime FAVORABLE,False,15,2.92,2.8762,3.45,2283,18.15,12.1,False
WWD,321.74,BASING,0.0,0,16,16,337.26,326.59,1068,weekly,1.51,33 bear-built-above · rel-vol 2.4x · regime FAVORABLE,False,16,321.74,316.9139,337.26,20,4.82,3.22,False
WYFI,19.15,BASING,0.0,0,8,8,20.28,20.2075,8,45m,5.52,2 bear-built-above · rel-vol 0.8x · regime FAVORABLE,False,10,19.15,18.8627,20.28,348,5.9,3.93,False
WYHG,4.21,BASING,0.0,0,20,20,4.88,4.795,9,1h,13.9,21 bear-built-above · rel-vol 0.0x · regime FAVORABLE,False,20,4.21,4.1468,4.88,1583,15.91,10.61,False
XE,16.08,BASING,0.0,0,17,17,17.26,16.98,29,daily,5.6,3 bear-built-above · rel-vol 2.3x · regime FAVORABLE,False,17,16.08,15.8388,17.26,414,7.34,4.89,False
XENE,40.1488,BASING,0.0,0,11,11,57.35,44.02,1333,daily,9.64,10 bear-built-above · rel-vol 11.6x · regime FAVORABLE,False,11,40.1488,39.5466,57.35,166,42.84,28.56,False
XHLD,9.8,BASING,0.0,0,2,2,9.97,9.8508,12,10m,0.52,2 bear-built-above · rel-vol 1.8x · regime FAVORABLE,False,2,9.8,9.653,9.97,680,1.73,1.16,False
XME,108.64,BASING,0.0,0,20,20,113.63,111.22,241,weekly,2.37,42 bear-built-above · rel-vol 1.0x · regime FAVORABLE,False,23,108.64,107.0104,113.63,61,4.59,3.06,False
XMTR,97.18,BASING,0.0,0,15,15,104.85,103.21,165,30m,6.2,6 bear-built-above · rel-vol 2.5x · regime FAVORABLE,False,15,97.18,95.7223,104.85,68,7.89,5.26,False
XNCR,25.01,BASING,0.0,0,20,20,29.0,28.714,29,daily,14.81,1 bear-built-above · rel-vol 3.4x · regime FAVORABLE,False,20,25.01,24.6349,29.0,266,15.95,10.64,False
XOM,162.25,BASING,0.0,0,20,20,169.66,165.77,389,daily,2.17,49 bear-built-above · rel-vol 2.5x · regime FAVORABLE,False,24,162.25,159.8162,169.66,41,4.57,3.04,False
XOP,188.5,BASING,0.0,0,18,18,197.24,196.86,38,45m,4.44,61 bear-built-above · rel-vol 0.9x · regime FAVORABLE,False,18,188.5,185.6725,197.24,35,4.64,3.09,False
XOS,2.55,BASING,0.0,0,20,20,2.71,2.68,3,weekly,5.1,14 bear-built-above · rel-vol 0.2x · regime FAVORABLE,False,20,2.55,2.5117,2.71,2614,6.27,4.18,False
XP,20.0,BASING,0.0,0,20,20,21.71,20.95,77,4h,4.75,16 bear-built-above · rel-vol 1.1x · regime FAVORABLE,False,21,20.0,19.7,21.71,333,8.55,5.7,False
XPEV,10.45,BASING,0.0,0,19,19,12.19,11.83,36,daily,13.21,22 bear-built-above · rel-vol 0.8x · regime FAVORABLE,False,19,10.45,10.2932,12.19,637,16.65,11.1,False
XPO,174.2525,BASING,0.0,0,17,17,182.18,178.52,366,weekly,2.45,31 bear-built-above · rel-vol 1.8x · regime FAVORABLE,False,17,174.2525,171.6387,182.18,38,4.55,3.03,False
XPON,4.9,BASING,0.0,0,17,17,5.07,5.0,8,weekly,2.04,14 bear-built-above · rel-vol 0.0x · regime FAVORABLE,False,17,4.9,4.8265,5.07,1360,3.47,2.31,False
XRAY,9.63,BASING,0.0,0,17,17,10.38,10.28,11,daily,6.75,12 bear-built-above · rel-vol 2.1x · regime FAVORABLE,False,17,9.63,9.4855,10.38,692,7.79,5.19,False
XRPT,37.75,BASING,0.0,0,17,17,44.07,41.25,282,weekly,9.27,7 bear-built-above · rel-vol 1.2x · regime FAVORABLE,True,17,37.75,37.1837,44.07,176,16.74,11.16,False
XXRP,35.4,BASING,0.0,0,9,9,41.6,39.1,250,weekly,10.45,6 bear-built-above · rel-vol 1.5x · regime FAVORABLE,False,9,35.4,34.869,41.6,188,17.51,11.68,False
XYZ,76.2732,BASING,0.0,0,20,20,82.58,81.59,99,weekly,6.97,25 bear-built-above · rel-vol 1.5x · regime FAVORABLE,False,20,76.2732,75.1291,82.58,87,8.27,5.51,False
YMAT,1.37,BASING,0.0,0,14,14,1.56,1.47,10,15m,7.3,7 bear-built-above · rel-vol 0.0x · regime FAVORABLE,False,14,1.37,1.3495,1.56,4866,13.87,9.25,False
YMM,8.13,BASING,0.0,0,20,20,8.65,8.54,12,weekly,5.04,5 bear-built-above · rel-vol 0.6x · regime FAVORABLE,False,20,8.13,8.0081,8.65,820,6.4,4.26,False
YOU,38.5,BASING,0.0,0,20,20,41.58,40.67,91,daily,5.64,40 bear-built-above · rel-vol 2.0x · regime FAVORABLE,False,20,38.5,37.9225,41.58,173,8.0,5.33,False
YPF,55.96,BASING,0.0,0,12,12,57.9,57.01,90,1h,1.88,12 bear-built-above · rel-vol 0.7x · regime FAVORABLE,False,12,55.96,55.1206,57.9,119,3.47,2.31,False
YSS,8.48,BASING,0.0,0,13,13,9.32,9.22,10,weekly,8.73,10 bear-built-above · rel-vol 5.8x · regime FAVORABLE,False,16,8.48,8.3528,9.32,786,9.91,6.6,False
YUM,138.0,BASING,0.0,0,17,17,150.71,150.02,69,weekly,8.71,38 bear-built-above · rel-vol 2.1x · regime FAVORABLE,False,17,138.0,135.93,150.71,48,9.21,6.14,False
YYGH,1.52,BASING,0.0,0,3,3,1.5799,1.57,1,45m,3.29,rel-vol 0.5x · regime FAVORABLE,False,3,1.52,1.4972,1.5799,4385,3.94,2.63,False
Z,30.1,BASING,0.0,0,19,19,34.59,33.72,88,weekly,12.03,22 bear-built-above · rel-vol 1.9x · regime FAVORABLE,False,19,30.1,29.6485,34.59,221,14.92,9.94,False
ZBIO,31.5,BASING,0.0,0,20,20,34.65,31.79,286,4h,0.92,21 bear-built-above · rel-vol 3.8x · regime FAVORABLE,False,20,31.5,31.0275,34.65,211,10.0,6.67,False
ZCSH,120.56,BASING,0.0,0,2,2,124.47,122.5,197,1h,1.61,2 bear-built-above · rel-vol 1.8x · regime FAVORABLE,True,2,120.56,118.7516,124.47,55,3.24,2.16,False
ZD,57.4925,BASING,0.0,0,20,20,59.13,58.79,35,45m,2.26,21 bear-built-above · rel-vol 4.0x · regime FAVORABLE,False,20,57.4925,56.6301,59.13,115,2.85,1.9,False
ZENA,1.46,BASING,0.0,0,8,8,1.5675,1.56,1,5m,6.85,7 bear-built-above · rel-vol 1.3x · regime FAVORABLE,False,8,1.46,1.4381,1.5675,4566,7.36,4.91,False
ZETA,30.43,BASING,0.0,0,7,7,36.74,33.3,345,daily,9.43,4 bear-built-above · rel-vol 1.2x · regime FAVORABLE,False,7,30.43,29.9735,36.74,219,20.74,13.82,False
ZIM,30.12,BASING,0.0,0,11,11,30.26,30.23,4,45m,0.37,11 bear-built-above · rel-vol 1.4x · regime FAVORABLE,False,11,30.12,29.6682,30.26,221,0.46,0.31,False
ZLAB,26.4,BASING,0.0,0,13,13,31.23,30.1,113,daily,14.02,4 bear-built-above · rel-vol 1.0x · regime FAVORABLE,False,16,26.4,26.004,31.23,252,18.3,12.2,False
ZM,89.02,BASING,0.0,0,18,18,95.36,94.73,63,daily,6.41,45 bear-built-above · rel-vol 1.6x · regime FAVORABLE,False,18,89.02,87.6847,95.36,74,7.12,4.75,False
ZS,198.28,BASING,0.0,0,5,5,213.95,209.51,444,daily,5.66,1 bear-built-above · rel-vol 1.4x · regime FAVORABLE,False,10,198.28,195.3058,213.95,33,7.9,5.27,False
ZSL,23.11,BASING,0.0,0,18,18,27.23,25.64,159,daily,10.95,36 bear-built-above · rel-vol 0.8x · regime FAVORABLE,False,18,23.11,22.7633,27.23,288,17.83,11.89,False
ZTG,1.63,BASING,0.0,0,5,5,1.8503,1.85,1,1h,13.5,3 bear-built-above · rel-vol 5.0x · regime FAVORABLE,True,5,1.63,1.6055,1.8503,4089,13.52,9.01,False
ZTS,71.77,BASING,0.0,0,19,19,75.81,74.8,102,weekly,4.22,28 bear-built-above · rel-vol 2.1x · regime FAVORABLE,False,19,71.77,70.6934,75.81,92,5.63,3.75,False
ZURA,4.5001,BASING,0.0,0,20,20,5.105,5.1026,1,4h,13.39,24 bear-built-above · rel-vol 0.9x · regime FAVORABLE,False,21,4.5001,4.4326,5.105,1481,13.44,8.96,False
