ticker,current_price,phase,consumed_pct,consumed_count,overhead_count,total_in_arc,next_major_top,next_major_bot,next_major_ticks,next_major_tf,next_major_dist_pct,sub_tf_status_str,has_recent_flip,total_bearish_gaps,est_open,stop,target,shares,expected_pct,rr,promoted
AA,50.05,BASING,0.0,0,15,15,58.35,55.715,264,daily,11.32,24 bear-built-above · rel-vol 0.6x · regime FAVORABLE,False,15,50.05,49.2992,58.35,133,16.58,11.06,False
AAL,12.94,BASING,0.0,0,20,20,13.64,13.37,28,weekly,3.32,24 bear-built-above · rel-vol 1.3x · regime FAVORABLE,False,20,12.94,12.7459,13.64,515,5.41,3.61,False
AAOI,106.88,BASING,0.0,0,19,19,124.82,109.125,1570,weekly,2.1,2 bear-built-above · rel-vol 0.7x · regime FAVORABLE,True,19,106.88,105.2768,124.82,62,16.79,11.19,False
AAON,79.0,BASING,0.0,0,17,17,87.83,86.77,107,daily,9.84,12 bear-built-above · rel-vol 1.1x · regime FAVORABLE,False,17,79.0,77.815,87.83,84,11.18,7.45,False
AAOZ,13.29,BASING,0.0,0,20,20,14.82,14.77,6,daily,11.14,25 bear-built-above · rel-vol 0.3x · regime FAVORABLE,False,20,13.29,13.0906,14.82,501,11.51,7.67,False
AAP,44.05,BASING,0.0,0,1,1,56.18,46.85,933,daily,6.36,rel-vol 0.5x · regime FAVORABLE,False,1,44.05,43.3892,56.18,151,27.54,18.36,False
AAPL,318.49,BASING,0.0,0,20,20,338.19,333.43,476,daily,4.69,22 bear-built-above · rel-vol 1.0x · regime FAVORABLE,False,22,318.49,313.7126,338.19,20,6.19,4.12,False
AAPU,40.93,BASING,0.0,0,20,20,47.14,45.83,132,daily,11.97,38 bear-built-above · rel-vol 1.2x · regime FAVORABLE,False,22,40.93,40.316,47.14,162,15.17,10.11,False
ABCL,11.34,BASING,0.0,0,20,20,11.57,11.5,8,daily,1.41,17 bear-built-above · rel-vol 0.2x · regime FAVORABLE,False,20,11.34,11.1699,11.57,587,2.03,1.35,False
ABNB,181.94,BASING,0.0,0,19,19,189.0,188.22,79,weekly,3.45,24 bear-built-above · rel-vol 0.7x · regime FAVORABLE,False,19,181.94,179.2109,189.0,36,3.88,2.59,False
ABT,107.66,BASING,0.0,0,18,18,120.73,108.61,1213,daily,0.88,13 bear-built-above · rel-vol 0.9x · regime FAVORABLE,False,18,107.66,106.0451,120.73,61,12.14,8.09,False
ACAD,28.02,BASING,0.0,0,20,20,29.11,29.05,6,weekly,3.68,31 bear-built-above · rel-vol 1.1x · regime FAVORABLE,False,23,28.02,27.5997,29.11,237,3.89,2.59,False
ACDC,5.15,BASING,0.0,0,4,4,5.83,5.77,7,weekly,12.04,1 bear-built-above · rel-vol 0.5x · regime FAVORABLE,False,4,5.15,5.0728,5.83,1294,13.2,8.8,False
ACHC,28.13,BASING,0.0,0,16,16,28.95,28.355,60,10m,0.8,4 bear-built-above · rel-vol 0.5x · regime FAVORABLE,False,16,28.13,27.7081,28.95,236,2.92,1.94,False
ACHR,5.63,BASING,0.0,0,20,20,6.3,6.21,9,weekly,10.3,21 bear-built-above · rel-vol 0.4x · regime FAVORABLE,False,21,5.63,5.5455,6.3,1184,11.9,7.93,False
ACM,66.58,BASING,0.0,0,20,20,73.3,68.25,505,daily,2.51,13 bear-built-above · rel-vol 0.5x · regime FAVORABLE,False,20,66.58,65.5813,73.3,100,10.09,6.73,False
ACMR,76.0,BASING,0.0,0,20,20,79.41,77.25,216,weekly,1.64,rel-vol 0.7x · regime FAVORABLE,False,21,76.0,74.86,79.41,87,4.49,2.99,False
ACN,184.0,BASING,0.0,0,18,18,209.36,208.605,76,daily,13.37,26 bear-built-above · rel-vol 1.0x · regime FAVORABLE,False,18,184.0,181.24,209.36,36,13.78,9.19,False
ACVA,7.1,BASING,0.0,0,10,10,8.04,7.81,23,4h,10.0,4 bear-built-above · rel-vol 0.5x · regime FAVORABLE,False,11,7.1,6.9935,8.04,938,13.24,8.83,False
ADBE,263.0,BASING,0.0,0,20,20,285.48,274.47,1101,daily,4.36,39 bear-built-above · rel-vol 1.5x · regime FAVORABLE,False,23,263.0,259.055,285.48,25,8.55,5.7,False
ADBT,0.3233,BASING,0.0,0,1,1,0.3437,0.3334,2,daily,3.12,1 bear-built-above · rel-vol 2.5x · regime FAVORABLE,False,1,0.3233,0.3185,0.3437,20620,6.31,4.21,False
ADM,84.2,BASING,0.0,0,11,11,85.49,85.4,9,1h,1.43,9 bear-built-above · rel-vol 0.7x · regime FAVORABLE,True,11,84.2,82.937,85.49,79,1.53,1.02,False
ADSK,216.67,BASING,0.0,0,18,18,237.52,232.08,544,daily,7.11,32 bear-built-above · rel-vol 2.0x · regime FAVORABLE,False,18,216.67,213.4199,237.52,30,9.62,6.42,False
AEG,9.19,BASING,0.0,0,20,20,9.41,9.39,2,daily,2.18,8 bear-built-above · rel-vol 1.5x · regime FAVORABLE,True,21,9.19,9.0521,9.41,725,2.39,1.6,False
AEHG,7.28,BASING,0.0,0,20,20,8.09,7.64,46,daily,4.95,4 bear-built-above · rel-vol 3.5x · regime FAVORABLE,False,20,7.28,7.1708,8.09,915,11.13,7.42,False
AEHL,7.81,BASING,0.0,0,17,17,9.28,8.928,36,daily,14.31,16 bear-built-above · rel-vol 0.4x · regime FAVORABLE,False,17,7.81,7.6928,9.28,853,18.82,12.55,False
AEHR,88.4,BASING,0.0,0,18,18,101.73,95.76,597,weekly,8.33,1 bear-built-above · rel-vol 1.7x · regime FAVORABLE,True,18,88.4,87.074,101.73,75,15.08,10.05,False
AEIS,280.9,BASING,0.0,0,19,19,287.09,285.8,129,daily,1.74,1 bear-built-above · rel-vol 0.7x · regime FAVORABLE,False,19,280.9,276.6865,287.09,23,2.2,1.47,False
AEM,202.03,BASING,0.0,0,18,18,206.25,205.065,119,weekly,1.5,19 bear-built-above · rel-vol 0.5x · regime FAVORABLE,False,18,202.03,198.9995,206.25,32,2.09,1.39,False
AEMD,1.7904,BASING,0,0,0,0,,,,,0,rel-vol 0.1x · regime FAVORABLE,False,0,1.7904,1.7635,1.9694,3723,10.0,6.67,False
AEO,17.3747,BASING,0.0,0,17,17,18.1,17.97,14,daily,3.43,11 bear-built-above · rel-vol 1.1x · regime FAVORABLE,False,17,17.3747,17.1141,18.1,383,4.17,2.78,False
AEON,0.2391,BASING,0.0,0,15,15,0.2614,0.2502,2,30m,4.64,8 bear-built-above · rel-vol 0.2x · regime FAVORABLE,False,15,0.2391,0.2355,0.2614,27882,9.33,6.22,False
AEVA,15.93,BASING,0.0,0,20,20,18.29,17.72,58,weekly,11.24,rel-vol 0.8x · regime FAVORABLE,False,21,15.93,15.691,18.29,418,14.81,9.88,False
AFRM,71.76,BASING,0.0,0,19,19,77.06,75.8,127,weekly,5.63,34 bear-built-above · rel-vol 0.7x · regime FAVORABLE,False,19,71.76,70.6836,77.06,92,7.39,4.92,False
AG,20.74,BASING,0.0,0,20,20,22.66,21.36,131,daily,2.99,20 bear-built-above · rel-vol 0.8x · regime FAVORABLE,False,21,20.74,20.4289,22.66,321,9.26,6.17,False
AGCO,133.4,BASING,0.0,0,5,5,136.5,135.44,107,weekly,1.53,rel-vol 1.7x · regime FAVORABLE,False,8,133.4,131.399,136.5,49,2.32,1.55,False
AGEN,8.1,BASING,0.0,0,2,2,8.5903,8.59,1,10m,6.05,1 bear-built-above · rel-vol 0.9x · regime FAVORABLE,False,2,8.1,7.9785,8.5903,823,6.05,4.04,False
AGI,36.65,BASING,0.0,0,19,19,43.36,41.65,172,daily,13.64,21 bear-built-above · rel-vol 0.7x · regime FAVORABLE,False,20,36.65,36.1002,43.36,181,18.31,12.21,False
AGIO,32.75,BASING,0.0,0,20,20,39.69,37.36,233,daily,14.08,11 bear-built-above · rel-vol 0.5x · regime FAVORABLE,False,21,32.75,32.2587,39.69,203,21.19,14.13,False
AGL,88.5,BASING,0.0,0,20,20,92.54,91.81,74,weekly,3.74,16 bear-built-above · rel-vol 0.5x · regime FAVORABLE,False,20,88.5,87.1725,92.54,75,4.56,3.04,False
AGNC,10.8,BASING,0.0,0,9,9,11.97,11.83,15,daily,9.54,1 bear-built-above · rel-vol 1.1x · regime FAVORABLE,False,10,10.8,10.638,11.97,617,10.83,7.22,False
AGQ,80.92,BASING,0.0,0,13,13,82.29,81.7,60,daily,0.96,11 bear-built-above · rel-vol 1.0x · regime FAVORABLE,False,13,80.92,79.7062,82.29,82,1.69,1.13,False
AGX,414.0,BASING,0.0,0,18,18,459.96,452.3,766,daily,9.25,12 bear-built-above · rel-vol 0.8x · regime FAVORABLE,False,18,414.0,407.79,459.96,16,11.1,7.4,False
AI,10.4,BASING,0.0,0,5,5,12.26,11.9,36,daily,14.42,4 bear-built-above · rel-vol 1.3x · regime FAVORABLE,False,5,10.4,10.244,12.26,641,17.88,11.92,False
AIAI,4.1282,BASING,0.0,0,14,14,4.71,4.705,1,4h,13.97,6 bear-built-above · rel-vol 0.4x · regime FAVORABLE,False,14,4.1282,4.0663,4.71,1614,14.09,9.4,False
AIM,0.2316,BASING,0.0,0,8,8,0.2337,0.2329,1,daily,0.54,6 bear-built-above · rel-vol 0.9x · regime FAVORABLE,False,8,0.2316,0.2282,0.2337,28779,0.88,0.59,False
AIR,126.54,BASING,0.0,0,19,19,133.19,131.16,204,weekly,3.65,26 bear-built-above · rel-vol 0.6x · regime FAVORABLE,False,19,126.54,124.6419,133.19,52,5.26,3.5,False
AKAM,104.7,BASING,0.0,0,19,19,110.42,110.0,43,weekly,5.06,37 bear-built-above · rel-vol 0.6x · regime FAVORABLE,False,19,104.7,103.1295,110.42,63,5.46,3.64,False
AKAN,3.38,BASING,0.0,0,8,8,3.89,3.81,9,weekly,12.72,5 bear-built-above · rel-vol 8.0x · regime FAVORABLE,False,8,3.38,3.3293,3.89,1972,15.09,10.06,False
ALB,127.25,BASING,0.0,0,16,16,147.84,143.4,444,daily,12.69,26 bear-built-above · rel-vol 1.6x · regime FAVORABLE,False,16,127.25,125.3413,147.84,52,16.18,10.79,False
ALC,70.505,BASING,0.0,0,19,19,75.35,73.58,177,daily,4.36,24 bear-built-above · rel-vol 0.9x · regime FAVORABLE,False,19,70.505,69.4474,75.35,94,6.87,4.58,False
ALM,17.47,BASING,0.0,0,7,7,17.84,17.59,25,daily,0.69,4 bear-built-above · rel-vol 0.9x · regime FAVORABLE,False,9,17.47,17.208,17.84,381,2.12,1.41,False
ALMR,30.86,BASING,0.0,0,14,14,33.0,32.7,30,daily,5.96,rel-vol 0.4x · regime FAVORABLE,False,14,30.86,30.3971,33.0,216,6.93,4.62,False
ALMS,11.2,BASING,0.0,0,5,5,11.29,11.27,2,45m,0.63,5 bear-built-above · rel-vol 1.0x · regime FAVORABLE,False,5,11.2,11.032,11.29,595,0.8,0.54,False
ALNY,259.0,BASING,0.0,0,11,11,287.0,286.0,100,1h,10.42,8 bear-built-above · rel-vol 0.8x · regime FAVORABLE,False,11,259.0,255.115,287.0,25,10.81,7.21,False
ALOY,10.0,BASING,0.0,0,17,17,10.4,10.32,9,weekly,3.2,11 bear-built-above · rel-vol 0.6x · regime FAVORABLE,False,17,10.0,9.85,10.4,666,4.0,2.67,False
ALP,0.1047,BASING,0.0,0,1,1,0.1103,0.1096,1,15m,4.68,1 bear-built-above · rel-vol 1.0x · regime FAVORABLE,False,1,0.1047,0.1031,0.1103,63673,5.35,3.57,False
ALSN,131.24,BASING,0.0,0,12,12,140.0,131.36,864,1h,0.09,rel-vol 0.7x · regime FAVORABLE,True,12,131.24,129.2714,140.0,50,6.67,4.45,False
ALTO,4.03,BASING,0.0,0,20,20,4.365,4.34,3,30m,7.69,14 bear-built-above · rel-vol 0.4x · regime FAVORABLE,False,20,4.03,3.9696,4.365,1654,8.31,5.54,False
AMC,2.63,BASING,0.0,0,16,16,2.74,2.73,2,15m,3.8,13 bear-built-above · rel-vol 2.9x · regime FAVORABLE,False,16,2.63,2.5905,2.74,2534,4.18,2.79,False
AMD,483.5,BASING,0.0,0,17,17,506.0,487.56,1844,daily,0.84,1 bear-built-above · rel-vol 1.1x · regime FAVORABLE,True,17,483.5,476.2475,506.0,13,4.65,3.1,False
AMDL,50.9,BASING,0.0,0,14,14,56.97,52.72,425,daily,3.58,rel-vol 1.1x · regime FAVORABLE,True,14,50.9,50.1365,56.97,130,11.93,7.95,False
AMIX,4.56,BASING,0.0,0,20,20,5.24,5.2,5,weekly,14.04,11 bear-built-above · rel-vol 0.0x · regime FAVORABLE,False,20,4.56,4.4916,5.24,1461,14.91,9.94,False
AMKR,48.4759,BASING,0.0,0,16,16,50.26,48.79,147,weekly,0.65,rel-vol 1.0x · regime FAVORABLE,False,16,48.4759,47.7488,50.26,137,3.68,2.45,False
AMLX,34.47,BASING,0.0,0,20,20,37.14,36.98,17,1h,7.28,4 bear-built-above · rel-vol 0.2x · regime FAVORABLE,True,20,34.47,33.953,37.14,193,7.75,5.16,False
AMN,33.8,BASING,0.0,0,17,17,40.92,36.25,468,daily,7.25,6 bear-built-above · rel-vol 1.0x · regime FAVORABLE,False,17,33.8,33.293,40.92,197,21.07,14.04,False
AMPG,3.36,BASING,0.0,0,17,17,3.68,3.67,2,daily,9.23,3 bear-built-above · rel-vol 0.4x · regime FAVORABLE,False,17,3.36,3.3096,3.68,1984,9.52,6.35,False
AMR,225.41,BASING,0.0,0,20,20,248.98,245.16,382,daily,8.76,19 bear-built-above · rel-vol 0.7x · regime FAVORABLE,False,20,225.41,222.0289,248.98,29,10.46,6.97,False
AMRX,17.44,BASING,0.0,0,20,20,17.87,17.57,31,daily,0.75,17 bear-built-above · rel-vol 0.8x · regime FAVORABLE,False,21,17.44,17.1784,17.87,382,2.47,1.64,False
AMTM,20.11,BASING,0.0,0,19,19,20.31,20.24,8,weekly,0.65,9 bear-built-above · rel-vol 0.4x · regime FAVORABLE,False,19,20.11,19.8084,20.31,331,0.99,0.66,False
AMZN,256.66,BASING,0.0,0,20,20,274.48,274.01,48,weekly,6.76,18 bear-built-above · rel-vol 0.9x · regime FAVORABLE,False,20,256.66,252.8101,274.48,25,6.94,4.63,False
AMZU,36.56,BASING,0.0,0,19,19,40.19,40.13,6,daily,9.76,39 bear-built-above · rel-vol 0.7x · regime FAVORABLE,False,21,36.56,36.0116,40.19,182,9.93,6.62,False
ANDG,56.315,BASING,0.0,0,12,12,59.55,56.96,259,30m,1.15,12 bear-built-above · rel-vol 1.3x · regime FAVORABLE,True,12,56.315,55.4703,59.55,118,5.74,3.83,False
ANET,195.0,BASING,0.0,0,20,20,201.09,200.0,110,daily,2.56,4 bear-built-above · rel-vol 0.7x · regime FAVORABLE,False,20,195.0,192.075,201.09,34,3.12,2.08,False
ANF,150.01,BASING,0,0,0,0,,,,,0,rel-vol 0.6x · regime FAVORABLE,True,1,150.01,147.7599,165.011,44,10.0,6.67,False
AOUT,14.56,BASING,0.0,0,5,5,14.87,14.75,12,10m,1.3,5 bear-built-above · rel-vol 16.0x · regime FAVORABLE,False,5,14.56,14.3416,14.87,457,2.13,1.42,False
APA,43.06,BASING,0.0,0,20,20,44.18,43.68,50,daily,1.44,27 bear-built-above · rel-vol 0.8x · regime FAVORABLE,False,21,43.06,42.4141,44.18,154,2.6,1.73,False
APLD,26.2539,BASING,0.0,0,17,17,27.21,26.65,57,weekly,1.51,7 bear-built-above · rel-vol 0.9x · regime FAVORABLE,False,18,26.2539,25.8601,27.21,253,3.64,2.43,False
APO,133.67,BASING,0.0,0,20,20,145.82,143.88,194,weekly,7.64,14 bear-built-above · rel-vol 0.6x · regime FAVORABLE,False,23,133.67,131.6649,145.82,49,9.09,6.06,False
APP,319.0,BASING,0.0,0,20,20,417.8,338.45,7936,daily,6.1,20 bear-built-above · rel-vol 0.7x · regime FAVORABLE,False,20,319.0,314.215,417.8,20,30.97,20.65,False
APPF,215.0,BASING,0.0,0,20,20,247.96,245.81,216,weekly,14.33,40 bear-built-above · rel-vol 0.9x · regime FAVORABLE,False,22,215.0,211.775,247.96,31,15.33,10.22,False
APPN,38.3,BASING,0.0,0,20,20,40.82,40.08,75,daily,4.65,42 bear-built-above · rel-vol 1.4x · regime FAVORABLE,False,23,38.3,37.7255,40.82,174,6.58,4.39,False
APTV,47.95,BASING,0.0,0,20,20,57.0,50.45,655,daily,5.21,rel-vol 0.8x · regime FAVORABLE,False,20,47.95,47.2308,57.0,139,18.87,12.58,False
AQST,5.39,BASING,0.0,0,1,1,5.44,5.435,1,5m,0.83,1 bear-built-above · rel-vol 0.5x · regime FAVORABLE,False,2,5.39,5.3091,5.44,1236,0.93,0.62,False
AR,39.157,BASING,0.0,0,15,15,40.66,39.17,149,daily,0.03,11 bear-built-above · rel-vol 0.8x · regime FAVORABLE,False,16,39.157,38.5696,40.66,170,3.84,2.56,False
ARBE,0.6593,BASING,0.0,0,20,20,0.715,0.7,2,weekly,6.17,5 bear-built-above · rel-vol 0.5x · regime HOSTILE,False,22,0.6593,0.6494,0.715,10111,8.45,5.63,False
ARCT,15.89,BASING,0.0,0,3,3,17.07,16.77,31,15m,5.54,3 bear-built-above · rel-vol 0.3x · regime FAVORABLE,False,3,15.89,15.6517,17.07,419,7.43,4.95,False
ARE,52.65,BASING,0.0,0,20,20,57.64,56.94,71,4h,8.15,15 bear-built-above · rel-vol 0.5x · regime FAVORABLE,False,21,52.65,51.8603,57.64,126,9.48,6.32,False
AREC,2.4,BASING,0.0,0,19,19,2.68,2.67,2,weekly,11.25,8 bear-built-above · rel-vol 1.0x · regime FAVORABLE,False,19,2.4,2.364,2.68,2777,11.67,7.78,False
ARES,140.11,BASING,0.0,0,20,20,155.89,154.59,130,weekly,10.33,14 bear-built-above · rel-vol 0.5x · regime FAVORABLE,False,23,140.11,138.0084,155.89,47,11.26,7.51,False
ARGX,1005.55,BASING,0.0,0,20,20,1053.46,1040.31,1316,daily,3.46,47 bear-built-above · rel-vol 0.4x · regime FAVORABLE,False,24,1005.55,990.4667,1053.46,6,4.76,3.18,False
ARI,6.88,BASING,0.0,0,7,7,10.54,7.02,352,daily,2.03,2 bear-built-above · rel-vol 0.4x · regime FAVORABLE,False,7,6.88,6.7768,10.54,968,53.2,35.47,False
ARKB,26.04,BASING,0.0,0,20,20,29.69,29.1,59,weekly,11.75,29 bear-built-above · rel-vol 1.2x · regime FAVORABLE,False,24,26.04,25.6494,29.69,256,14.02,9.34,False
ARKG,46.85,BASING,0.0,0,20,20,47.64,47.18,47,weekly,0.7,13 bear-built-above · rel-vol 0.4x · regime FAVORABLE,False,20,46.85,46.1472,47.64,142,1.69,1.12,False
ARKK,85.26,BASING,0.0,0,20,20,86.3,86.22,8,30m,1.13,40 bear-built-above · rel-vol 0.7x · regime FAVORABLE,False,25,85.26,83.9811,86.3,78,1.22,0.81,False
ARM,255.0,BASING,0.0,0,17,17,271.43,257.0,1444,daily,0.78,6 bear-built-above · rel-vol 1.1x · regime FAVORABLE,False,17,255.0,251.175,271.43,26,6.44,4.3,False
ARQT,24.1,BASING,0.0,0,20,20,25.08,24.8,28,weekly,2.9,6 bear-built-above · rel-vol 1.0x · regime FAVORABLE,False,22,24.1,23.7385,25.08,276,4.07,2.71,False
ARR,16.37,BASING,0.0,0,20,20,16.7,16.425,28,weekly,0.34,rel-vol 0.9x · regime FAVORABLE,False,23,16.37,16.1244,16.7,407,2.02,1.34,False
ARTW,3.3,BASING,0,0,0,0,,,,,0,rel-vol 0.1x · regime FAVORABLE,True,0,3.3,3.2505,3.63,2020,10.0,6.67,False
AS,29.2503,BASING,0.0,0,19,19,31.05,30.73,33,weekly,5.06,33 bear-built-above · rel-vol 0.8x · regime FAVORABLE,False,19,29.2503,28.8115,31.05,227,6.15,4.1,False
ASAN,8.62,BASING,0.0,0,17,17,10.09,8.81,128,daily,2.2,16 bear-built-above · rel-vol 3.3x · regime FAVORABLE,False,17,8.62,8.4907,10.09,773,17.05,11.37,False
ASH,72.93,BASING,0.0,0,20,20,87.38,80.7,668,daily,10.65,37 bear-built-above · rel-vol 0.7x · regime FAVORABLE,False,22,72.93,71.8361,87.38,91,19.81,13.21,False
ASST,26.54,BASING,0.0,0,13,13,29.6,29.0,61,daily,9.27,12 bear-built-above · rel-vol 1.0x · regime FAVORABLE,False,14,26.54,26.1419,29.6,251,11.53,7.69,False
ASTS,62.45,BASING,0.0,0,16,16,68.65,66.75,191,weekly,6.89,3 bear-built-above · rel-vol 1.0x · regime FAVORABLE,False,16,62.45,61.5132,68.65,106,9.93,6.62,False
ASTX,11.19,BASING,0.0,0,8,8,12.57,12.53,5,30m,11.97,4 bear-built-above · rel-vol 1.1x · regime FAVORABLE,False,8,11.19,11.0221,12.57,595,12.33,8.22,False
ATAI,7.28,BASING,0.0,0,7,7,7.4,7.3995,1,5m,1.64,2 bear-built-above · rel-vol 1.4x · regime FAVORABLE,False,7,7.28,7.1708,7.4,915,1.65,1.1,False
ATAT,35.0,BASING,0.0,0,18,18,39.27,38.53,75,4h,10.09,9 bear-built-above · rel-vol 0.3x · regime FAVORABLE,True,18,35.0,34.475,39.27,190,12.2,8.13,False
ATI,210.0,BASING,0.0,0,20,20,230.36,227.75,262,daily,8.45,rel-vol 1.0x · regime FAVORABLE,False,20,210.0,206.85,230.36,31,9.7,6.46,False
ATRC,52.37,BASING,0,0,0,0,,,,,0,rel-vol 1.0x · regime FAVORABLE,False,0,52.37,51.5844,57.607,127,10.0,6.67,False
ATRO,76.43,BASING,0.0,0,20,20,78.0,76.63,138,weekly,0.26,1 bear-built-above · rel-vol 0.5x · regime FAVORABLE,False,21,76.43,75.2836,78.0,87,2.05,1.37,False
AU,108.76,BASING,0.0,0,20,20,126.87,115.07,1181,daily,5.8,24 bear-built-above · rel-vol 0.8x · regime FAVORABLE,False,23,108.76,107.1286,126.87,61,16.65,11.1,False
AUGO,84.91,BASING,0.0,0,20,20,97.92,95.94,199,daily,12.99,14 bear-built-above · rel-vol 0.9x · regime FAVORABLE,False,20,84.91,83.6363,97.92,78,15.32,10.21,False
AUR,6.29,BASING,0.0,0,15,15,6.93,6.48,45,daily,3.02,10 bear-built-above · rel-vol 0.7x · regime FAVORABLE,False,17,6.29,6.1956,6.93,1059,10.17,6.78,False
AUUD,1.01,BASING,0.0,0,2,2,1.25,1.11,14,daily,9.9,1 bear-built-above · rel-vol 0.0x · regime FAVORABLE,False,3,1.01,0.9949,1.25,6600,23.76,15.84,False
AVAH,13.555,BASING,0.0,0,12,12,13.73,13.725,1,10m,1.25,12 bear-built-above · rel-vol 0.5x · regime FAVORABLE,False,12,13.555,13.3517,13.73,491,1.29,0.86,False
AVAV,145.0,BASING,0.0,0,17,17,147.94,145.71,223,weekly,0.49,5 bear-built-above · rel-vol 1.2x · regime FAVORABLE,False,17,145.0,142.825,147.94,45,2.03,1.35,False
AVGO,359.75,BASING,0.0,0,18,18,380.0,372.4,761,daily,3.52,17 bear-built-above · rel-vol 1.4x · regime FAVORABLE,False,19,359.75,354.3537,380.0,18,5.63,3.75,False
AVGX,40.07,BASING,0.0,0,20,20,45.35,43.39,197,daily,8.29,20 bear-built-above · rel-vol 1.7x · regime FAVORABLE,False,20,40.07,39.4689,45.35,166,13.18,8.78,False
AVL,38.03,BASING,0.0,0,19,19,43.03,41.15,189,daily,8.2,24 bear-built-above · rel-vol 1.5x · regime FAVORABLE,False,19,38.03,37.4596,43.03,175,13.15,8.77,False
AVNT,43.4,BASING,0.0,0,20,20,46.89,46.61,29,daily,7.4,9 bear-built-above · rel-vol 0.6x · regime FAVORABLE,False,23,43.4,42.749,46.89,153,8.04,5.36,False
AVS,8.12,BASING,0.0,0,20,20,9.4678,9.0,47,daily,10.84,39 bear-built-above · rel-vol 1.2x · regime FAVORABLE,False,21,8.12,7.9982,9.4678,821,16.6,11.07,False
AVTR,14.97,BASING,0.0,0,17,17,16.18,16.0,18,weekly,6.88,16 bear-built-above · rel-vol 1.2x · regime FAVORABLE,False,17,14.97,14.7454,16.18,445,8.08,5.39,False
AXGN,48.25,BASING,0.0,0,20,20,51.73,51.55,18,daily,6.84,36 bear-built-above · rel-vol 0.7x · regime FAVORABLE,False,22,48.25,47.5262,51.73,138,7.21,4.81,False
AXON,516.3084,BASING,0.0,0,18,18,600.73,590.87,987,weekly,14.44,31 bear-built-above · rel-vol 0.8x · regime FAVORABLE,False,19,516.3084,508.5638,600.73,12,16.35,10.9,False
AXSM,206.68,BASING,0.0,0,17,17,213.67,212.01,166,weekly,2.58,13 bear-built-above · rel-vol 0.7x · regime FAVORABLE,False,17,206.68,203.5798,213.67,32,3.38,2.25,False
AXTI,61.71,BASING,0.0,0,19,19,70.74,66.63,411,weekly,7.97,5 bear-built-above · rel-vol 1.1x · regime FAVORABLE,True,19,61.71,60.7844,70.74,108,14.63,9.76,False
AYA,28.83,BASING,0.0,0,6,6,29.66,28.91,75,daily,0.28,6 bear-built-above · rel-vol 0.8x · regime FAVORABLE,False,6,28.83,28.3975,29.66,231,2.88,1.92,False
B,44.3,BASING,0.0,0,17,17,52.05,47.3,475,daily,6.77,23 bear-built-above · rel-vol 0.5x · regime FAVORABLE,False,19,44.3,43.6355,52.05,150,17.49,11.66,False
BABA,111.99,BASING,0.0,0,20,20,119.34,118.9,44,weekly,6.17,9 bear-built-above · rel-vol 0.6x · regime FAVORABLE,True,25,111.99,110.3101,119.34,59,6.56,4.38,False
BABX,17.81,BASING,0.0,0,20,20,20.4,20.16,24,weekly,13.19,47 bear-built-above · rel-vol 0.7x · regime FAVORABLE,False,20,17.81,17.5428,20.4,374,14.54,9.69,False
BAC,62.14,BASING,0.0,0,19,19,62.81,62.68,14,daily,0.87,21 bear-built-above · rel-vol 0.9x · regime FAVORABLE,True,19,62.14,61.2079,62.81,107,1.08,0.72,False
BAH,72.8,BASING,0.0,0,19,19,75.24,75.05,19,weekly,3.09,25 bear-built-above · rel-vol 0.8x · regime FAVORABLE,False,19,72.8,71.708,75.24,91,3.35,2.23,False
BAM,50.6,BASING,0.0,0,20,20,52.12,51.2,92,weekly,1.19,17 bear-built-above · rel-vol 1.4x · regime FAVORABLE,False,24,50.6,49.841,52.12,131,3.0,2.0,False
BAND,43.66,BASING,0.0,0,18,18,50.76,50.0,76,30m,14.52,22 bear-built-above · rel-vol 0.7x · regime FAVORABLE,False,18,43.66,43.0051,50.76,152,16.26,10.84,False
BAOS,0.2975,BASING,0.0,0,8,8,0.3481,0.34,1,weekly,14.29,6 bear-built-above · rel-vol 8.1x · regime FAVORABLE,False,8,0.2975,0.293,0.3481,22408,17.01,11.34,False
BATL,1.32,BASING,0.0,0,8,8,1.63,1.47,16,weekly,11.36,3 bear-built-above · rel-vol 0.6x · regime FAVORABLE,True,8,1.32,1.3002,1.63,5050,23.48,15.66,False
BAX,25.87,BASING,0.0,0,20,20,26.13,25.91,22,weekly,0.15,6 bear-built-above · rel-vol 0.7x · regime FAVORABLE,False,21,25.87,25.482,26.13,257,1.01,0.67,False
BB,7.72,BASING,0.0,0,19,19,8.12,8.03,9,daily,4.02,14 bear-built-above · rel-vol 0.8x · regime FAVORABLE,False,19,7.72,7.6042,8.12,863,5.18,3.45,False
BBAI,2.91,BASING,0.0,0,18,18,3.22,3.15,8,weekly,8.25,24 bear-built-above · rel-vol 0.6x · regime FAVORABLE,False,18,2.91,2.8664,3.22,2290,10.65,7.1,False
BBIO,74.84,BASING,0.0,0,20,20,76.6,76.2,40,weekly,1.82,25 bear-built-above · rel-vol 0.8x · regime FAVORABLE,False,21,74.84,73.7174,76.6,89,2.35,1.57,False
BBW,29.43,BASING,0.0,0,8,8,38.36,33.24,512,daily,12.95,3 bear-built-above · rel-vol 0.6x · regime FAVORABLE,False,8,29.43,28.9886,38.36,226,30.34,20.23,False
BBWI,19.32,BASING,0.0,0,15,15,21.96,21.75,22,weekly,12.58,2 bear-built-above · rel-vol 0.9x · regime FAVORABLE,False,15,19.32,19.0302,21.96,345,13.66,9.11,False
BBY,90.4,BASING,0.0,0,5,5,97.44,96.62,82,weekly,6.88,1 bear-built-above · rel-vol 1.0x · regime FAVORABLE,False,9,90.4,89.044,97.44,73,7.79,5.19,False
BCO,108.87,BASING,0.0,0,20,20,130.13,123.0,713,daily,12.98,5 bear-built-above · rel-vol 0.8x · regime FAVORABLE,False,20,108.87,107.237,130.13,61,19.53,13.02,False
BCRX,10.02,BASING,0.0,0,20,20,10.72,10.69,4,daily,6.69,8 bear-built-above · rel-vol 0.5x · regime FAVORABLE,False,20,10.02,9.8697,10.72,665,6.99,4.66,False
BDC,122.2,BASING,0.0,0,20,20,141.2,138.27,293,daily,13.15,rel-vol 0.9x · regime FAVORABLE,False,20,122.2,120.367,141.2,54,15.55,10.37,False
BDX,184.74,BASING,0.0,0,20,20,189.52,187.88,165,weekly,1.7,27 bear-built-above · rel-vol 0.9x · regime FAVORABLE,False,24,184.74,181.9689,189.52,36,2.59,1.72,False
BE,262.3,BASING,0.0,0,12,12,294.5,291.25,325,1h,11.04,7 bear-built-above · rel-vol 1.4x · regime FAVORABLE,False,13,262.3,258.3655,294.5,25,12.28,8.18,False
BEAM,30.61,BASING,0.0,0,20,20,32.68,31.69,99,weekly,3.53,3 bear-built-above · rel-vol 0.8x · regime FAVORABLE,False,22,30.61,30.1508,32.68,217,6.76,4.51,False
BEEM,1.3983,BASING,0.0,0,18,18,1.56,1.53,4,daily,9.42,8 bear-built-above · rel-vol 0.1x · regime FAVORABLE,False,18,1.3983,1.3773,1.56,4767,11.56,7.71,False
BEN,34.72,BASING,0.0,0,4,4,35.15,35.141,1,30m,1.21,rel-vol 1.6x · regime FAVORABLE,False,4,34.72,34.1992,35.15,192,1.24,0.83,False
BEPC,31.75,BASING,0.0,0,18,18,32.29,32.0,29,weekly,0.79,13 bear-built-above · rel-vol 0.8x · regime FAVORABLE,False,18,31.75,31.2737,32.29,209,1.7,1.13,False
BETA,22.31,BASING,0.0,0,19,19,24.61,24.49,13,weekly,9.77,rel-vol 1.2x · regime FAVORABLE,False,19,22.31,21.9753,24.61,298,10.31,6.87,False
BEX,34.91,BASING,0.0,0,9,9,41.52,39.675,185,daily,13.65,6 bear-built-above · rel-vol 1.7x · regime FAVORABLE,True,9,34.91,34.3863,41.52,190,18.93,12.62,False
BFH,110.87,BASING,0.0,0,10,10,115.0,113.0,200,1h,1.92,rel-vol 1.7x · regime FAVORABLE,False,10,110.87,109.207,115.0,60,3.73,2.48,False
BFLY,7.3,BASING,0.0,0,18,18,8.43,8.34,9,weekly,14.25,18 bear-built-above · rel-vol 0.6x · regime FAVORABLE,False,18,7.3,7.1905,8.43,913,15.48,10.32,False
BHC,6.5855,BASING,0.0,0,20,20,7.45,7.39,7,daily,12.22,13 bear-built-above · rel-vol 0.6x · regime FAVORABLE,False,21,6.5855,6.4867,7.45,1012,13.13,8.75,False
BHF,53.58,BASING,0.0,0,17,17,61.91,61.115,80,weekly,14.06,9 bear-built-above · rel-vol 0.5x · regime FAVORABLE,False,17,53.58,52.7763,61.91,124,15.55,10.36,False
BHVN,15.13,BASING,0.0,0,19,19,19.51,16.78,274,daily,10.91,29 bear-built-above · rel-vol 0.6x · regime FAVORABLE,False,23,15.13,14.9031,19.51,440,28.95,19.3,False
BIAF,11.55,BASING,0.0,0,5,5,12.3,12.15,16,4h,5.19,4 bear-built-above · rel-vol 2.8x · regime FAVORABLE,False,6,11.55,11.3768,12.3,577,6.49,4.33,False
BILI,15.75,BASING,0.0,0,20,20,17.06,16.665,40,weekly,5.81,15 bear-built-above · rel-vol 3.2x · regime FAVORABLE,False,20,15.75,15.5137,17.06,423,8.32,5.54,False
BILL,49.16,BASING,0.0,0,20,20,54.48,54.01,47,daily,9.87,17 bear-built-above · rel-vol 0.5x · regime FAVORABLE,False,22,49.16,48.4226,54.48,135,10.82,7.21,False
BIO,386.05,BASING,0.0,0,13,13,387.9,386.11,179,daily,0.02,10 bear-built-above · rel-vol 0.5x · regime FAVORABLE,False,14,386.05,380.2593,387.9,17,0.48,0.32,False
BIRK,34.2,BASING,0.0,0,16,16,35.65,35.16,50,weekly,2.81,9 bear-built-above · rel-vol 0.5x · regime FAVORABLE,False,16,34.2,33.687,35.65,194,4.24,2.83,False
BITB,42.61,BASING,0.0,0,20,20,48.59,47.59,100,weekly,11.69,21 bear-built-above · rel-vol 0.8x · regime FAVORABLE,False,23,42.61,41.9708,48.59,156,14.03,9.36,False
BITO,10.56,BASING,0.0,0,20,20,11.6,10.8,80,weekly,2.27,12 bear-built-above · rel-vol 0.8x · regime FAVORABLE,False,23,10.56,10.4016,11.6,631,9.85,6.57,False
BITU,13.64,BASING,0.0,0,14,14,15.33,14.62,72,weekly,7.18,10 bear-built-above · rel-vol 0.9x · regime FAVORABLE,False,18,13.64,13.4354,15.33,488,12.39,8.26,False
BITX,17.61,BASING,0.0,0,19,19,19.52,18.58,95,weekly,5.51,14 bear-built-above · rel-vol 1.1x · regime FAVORABLE,False,23,17.61,17.3458,19.52,378,10.85,7.23,False
BJDX,0.85,BASING,0.0,0,2,2,0.9,0.88,3,10m,3.53,2 bear-built-above · rel-vol 0.1x · regime HOSTILE,False,2,0.85,0.8372,0.9,7843,5.88,3.92,False
BKD,11.77,BASING,0.0,0,18,18,12.64,12.47,17,weekly,5.95,11 bear-built-above · rel-vol 0.6x · regime FAVORABLE,False,18,11.77,11.5934,12.64,566,7.39,4.93,False
BKNG,191.58,BASING,0.0,0,20,20,205.63,203.98,166,weekly,6.47,33 bear-built-above · rel-vol 1.3x · regime FAVORABLE,False,20,191.58,188.7063,205.63,34,7.33,4.89,False
BL,32.71,BASING,0.0,0,15,15,36.29,36.16,14,weekly,10.55,14 bear-built-above · rel-vol 0.6x · regime FAVORABLE,False,16,32.71,32.2193,36.29,203,10.94,7.3,False
BLBD,63.25,BASING,0.0,0,7,7,76.93,70.07,687,daily,10.78,rel-vol 1.0x · regime FAVORABLE,False,7,63.25,62.3012,76.93,105,21.63,14.42,False
BLDR,65.37,BASING,0.0,0,20,20,67.72,66.99,74,weekly,2.48,13 bear-built-above · rel-vol 1.3x · regime FAVORABLE,False,20,65.37,64.3894,67.72,101,3.59,2.4,False
BLLN,99.2,BASING,0.0,0,5,5,142.07,105.16,3691,daily,6.01,1 bear-built-above · rel-vol 1.6x · regime FAVORABLE,True,5,99.2,97.712,142.07,67,43.22,28.81,False
BLSH,35.27,BASING,0.0,0,16,16,41.81,39.46,236,daily,11.88,12 bear-built-above · rel-vol 0.6x · regime FAVORABLE,False,17,35.27,34.741,41.81,189,18.54,12.36,False
BLTE,193.61,BASING,0,0,0,0,,,,,0,rel-vol 3.6x · regime FAVORABLE,True,0,193.61,190.7058,212.971,34,10.0,6.67,False
BMNR,24.92,BASING,0.0,0,9,9,28.77,27.75,102,weekly,11.36,7 bear-built-above · rel-vol 1.1x · regime FAVORABLE,False,11,24.92,24.5462,28.77,267,15.45,10.3,False
BMNU,19.52,BASING,0.0,0,18,18,20.109,20.0,11,1h,2.46,10 bear-built-above · rel-vol 1.1x · regime FAVORABLE,False,20,19.52,19.2272,20.109,341,3.02,2.01,False
BMRN,66.35,BASING,0.0,0,20,20,71.29,70.61,69,weekly,6.42,8 bear-built-above · rel-vol 1.1x · regime FAVORABLE,False,20,66.35,65.3547,71.29,100,7.45,4.96,False
BMY,66.83,BASING,0.0,0,20,20,68.08,67.24,85,daily,0.61,18 bear-built-above · rel-vol 0.6x · regime FAVORABLE,False,20,66.83,65.8276,68.08,99,1.87,1.25,False
BNC,5.79,BASING,0.0,0,2,2,6.36,5.86,50,4h,1.21,rel-vol 2.1x · regime FAVORABLE,False,7,5.79,5.7031,6.36,1151,9.84,6.56,False
BNS,93.82,BASING,0.0,0,20,20,95.6535,94.81,85,1h,1.06,24 bear-built-above · rel-vol 0.5x · regime FAVORABLE,True,20,93.82,92.4127,95.6535,71,1.95,1.3,False
BNTX,102.66,BASING,0.0,0,20,20,112.56,111.69,88,daily,8.8,14 bear-built-above · rel-vol 0.4x · regime FAVORABLE,False,20,102.66,101.1201,112.56,64,9.64,6.43,False
BOIL,20.8,BASING,0.0,0,7,7,21.81,21.26,55,weekly,2.21,rel-vol 0.8x · regime FAVORABLE,True,7,20.8,20.488,21.81,320,4.86,3.24,False
BOOT,153.5,BASING,0.0,0,17,17,177.58,175.64,195,weekly,14.42,10 bear-built-above · rel-vol 0.8x · regime FAVORABLE,False,17,153.5,151.1975,177.58,43,15.69,10.46,False
BOX,35.0412,BASING,0.0,0,10,10,37.41,37.38,3,weekly,6.67,9 bear-built-above · rel-vol 0.5x · regime FAVORABLE,True,13,35.0412,34.5156,37.41,190,6.76,4.51,False
BOXL,6.03,BASING,0.0,0,4,4,6.24,6.18,7,1h,2.49,4 bear-built-above · rel-vol 0.0x · regime FAVORABLE,False,4,6.03,5.9396,6.24,1105,3.48,2.32,False
BR,172.88,BASING,0.0,0,20,20,178.38,175.91,247,daily,1.75,19 bear-built-above · rel-vol 1.0x · regime FAVORABLE,False,23,172.88,170.2868,178.38,38,3.18,2.12,False
BRKR,58.5,BASING,0.0,0,13,13,67.0,66.9,10,weekly,14.36,6 bear-built-above · rel-vol 0.7x · regime FAVORABLE,False,14,58.5,57.6225,67.0,113,14.53,9.69,False
BRNX,2.47,BASING,0.0,0,3,3,3.04,2.83,21,daily,14.57,2 bear-built-above · rel-vol 1.5x · regime FAVORABLE,False,3,2.47,2.4329,3.04,2699,23.08,15.38,False
BROS,46.0,BASING,0.0,0,17,17,49.91,49.6,31,weekly,7.83,32 bear-built-above · rel-vol 0.7x · regime FAVORABLE,False,17,46.0,45.31,49.91,144,8.5,5.67,False
BRSL,11.3,BASING,0.0,0,20,20,12.77,12.3,47,daily,8.85,6 bear-built-above · rel-vol 0.7x · regime FAVORABLE,False,20,11.3,11.1305,12.77,589,13.01,8.67,False
BRUN,17.83,BASING,0.0,0,17,17,19.51,18.62,90,weekly,4.43,rel-vol 0.6x · regime FAVORABLE,False,17,17.83,17.5625,19.51,373,9.42,6.28,False
BRZE,31.79,BASING,0.0,0,20,20,35.38,35.02,36,weekly,10.16,33 bear-built-above · rel-vol 0.8x · regime FAVORABLE,False,23,31.79,31.3132,35.38,209,11.29,7.53,False
BSOL,14.15,BASING,0.0,0,20,20,16.63,16.25,38,daily,14.84,19 bear-built-above · rel-vol 0.8x · regime FAVORABLE,False,22,14.15,13.9377,16.63,471,17.53,11.68,False
BSP,40.0,BASING,0.0,0,20,20,43.59,43.11,49,daily,7.77,21 bear-built-above · rel-vol 0.6x · regime FAVORABLE,False,20,40.0,39.4,43.59,166,8.97,5.98,False
BSX,47.6,BASING,0.0,0,19,19,57.64,53.13,451,daily,11.62,12 bear-built-above · rel-vol 0.8x · regime FAVORABLE,False,19,47.6,46.886,57.64,140,21.09,14.06,False
BSY,33.64,BASING,0.0,0,17,17,35.59,35.24,36,daily,4.76,41 bear-built-above · rel-vol 1.2x · regime FAVORABLE,False,17,33.64,33.1354,35.59,198,5.8,3.86,False
BTBT,1.64,BASING,0,0,0,0,,,,,0,rel-vol 1.2x · regime FAVORABLE,True,0,1.64,1.6154,1.804,4065,10.0,6.67,False
BTC,34.62,BASING,0.0,0,20,20,39.58,38.75,83,weekly,11.93,31 bear-built-above · rel-vol 0.5x · regime FAVORABLE,False,26,34.62,34.1007,39.58,192,14.33,9.55,False
BTCT,1.71,BASING,0.0,0,19,19,1.85,1.76,10,daily,2.92,14 bear-built-above · rel-vol 0.1x · regime FAVORABLE,False,19,1.71,1.6844,1.85,3898,8.19,5.46,False
BTCZ,3.44,BASING,0.0,0,15,15,4.135,3.64,50,daily,5.81,20 bear-built-above · rel-vol 0.8x · regime FAVORABLE,False,15,3.44,3.3884,4.135,1937,20.2,13.47,False
BTE,4.98,BASING,0.0,0,8,8,5.295,5.2901,1,1h,6.23,6 bear-built-above · rel-vol 1.0x · regime FAVORABLE,False,9,4.98,4.9053,5.295,1338,6.33,4.22,False
BTG,5.54,BASING,0.0,0,12,12,6.01,5.68,34,daily,2.53,8 bear-built-above · rel-vol 0.8x · regime FAVORABLE,False,12,5.54,5.4569,6.01,1203,8.48,5.66,False
BTQ,3.04,BASING,0.0,0,17,17,3.52,3.47,5,weekly,14.14,8 bear-built-above · rel-vol 0.5x · regime FAVORABLE,False,17,3.04,2.9944,3.52,2192,15.79,10.53,False
BTSG,60.642,BASING,0.0,0,13,13,70.58,69.47,111,daily,14.56,7 bear-built-above · rel-vol 0.8x · regime FAVORABLE,False,13,60.642,59.7324,70.58,109,16.39,10.93,False
BTTC,0.419,BASING,0.0,0,20,20,0.4389,0.4203,2,weekly,0.31,25 bear-built-above · rel-vol 0.0x · regime FAVORABLE,False,20,0.419,0.4127,0.4389,15910,4.75,3.17,False
BTU,28.85,BASING,0.0,0,11,11,31.96,30.43,154,daily,5.48,7 bear-built-above · rel-vol 1.0x · regime FAVORABLE,False,11,28.85,28.4173,31.96,231,10.78,7.19,False
BUG,40.6,BASING,0.0,0,20,20,44.13,43.795,34,30m,7.87,27 bear-built-above · rel-vol 0.5x · regime FAVORABLE,False,23,40.6,39.991,44.13,164,8.69,5.8,False
BULL,9.6073,BASING,0.0,0,18,18,9.85,9.81,4,45m,2.11,20 bear-built-above · rel-vol 0.7x · regime FAVORABLE,False,21,9.6073,9.4632,9.85,693,2.53,1.68,False
BW,7.1957,BASING,0.0,0,18,18,8.28,8.15,13,weekly,13.26,16 bear-built-above · rel-vol 0.5x · regime FAVORABLE,False,18,7.1957,7.0878,8.28,926,15.07,10.05,False
BWET,510.0,BASING,0.0,0,2,2,516.5,515.4,111,5m,1.06,2 bear-built-above · rel-vol 0.4x · regime FAVORABLE,False,2,510.0,502.35,516.5,13,1.27,0.85,False
BWIN,30.88,BASING,0.0,0,20,20,36.37,33.63,274,daily,8.91,12 bear-built-above · rel-vol 0.6x · regime FAVORABLE,False,23,30.88,30.4168,36.37,215,17.78,11.85,False
BWXT,156.9603,BASING,0.0,0,15,15,171.54,168.11,343,daily,7.1,28 bear-built-above · rel-vol 0.6x · regime FAVORABLE,False,15,156.9603,154.6059,171.54,42,9.29,6.19,False
BX,135.57,BASING,0.0,0,18,18,142.39,141.55,84,weekly,4.41,33 bear-built-above · rel-vol 0.8x · regime FAVORABLE,False,23,135.57,133.5365,142.39,49,5.03,3.35,False
BXSL,24.9458,BASING,0.0,0,13,13,27.12,26.38,75,daily,5.75,3 bear-built-above · rel-vol 0.7x · regime FAVORABLE,False,14,24.9458,24.5716,27.12,267,8.72,5.81,False
BYND,11.65,BASING,0.0,0,20,20,15.6,13.164,244,daily,13.0,18 bear-built-above · rel-vol 0.6x · regime FAVORABLE,False,20,11.65,11.4753,15.6,572,33.91,22.6,False
BZ,16.5,BASING,0.0,0,20,20,17.8,17.7,11,daily,7.27,18 bear-built-above · rel-vol 0.6x · regime FAVORABLE,False,22,16.5,16.2525,17.8,404,7.88,5.25,False
C,136.3,BASING,0.0,0,20,20,144.89,144.63,26,daily,6.11,12 bear-built-above · rel-vol 0.7x · regime FAVORABLE,True,21,136.3,134.2555,144.89,48,6.3,4.2,False
CACI,623.61,BASING,0.0,0,20,20,647.39,644.03,337,weekly,3.27,9 bear-built-above · rel-vol 0.8x · regime FAVORABLE,False,22,623.61,614.2559,647.39,10,3.81,2.54,False
CAI,25.02,BASING,0.0,0,20,20,25.63,25.35,28,weekly,1.32,7 bear-built-above · rel-vol 0.9x · regime FAVORABLE,False,22,25.02,24.6447,25.63,266,2.44,1.63,False
CAKE,107.75,BASING,0.0,0,20,20,112.07,111.87,20,weekly,3.82,11 bear-built-above · rel-vol 0.7x · regime FAVORABLE,False,20,107.75,106.1337,112.07,61,4.01,2.67,False
CALM,74.63,BASING,0.0,0,20,20,80.21,79.77,44,weekly,6.89,49 bear-built-above · rel-vol 1.0x · regime FAVORABLE,False,20,74.63,73.5105,80.21,89,7.48,4.98,False
CAMT,146.31,BASING,0.0,0,18,18,168.8,163.12,569,daily,11.49,1 bear-built-above · rel-vol 0.7x · regime FAVORABLE,False,18,146.31,144.1154,168.8,45,15.37,10.25,False
CAPR,9.45,BASING,0.0,0,11,11,9.89,9.83,7,daily,4.02,11 bear-built-above · rel-vol 0.2x · regime FAVORABLE,False,11,9.45,9.3082,9.89,705,4.66,3.1,False
CAR,138.55,BASING,0.0,0,20,20,163.64,154.85,879,daily,11.76,35 bear-built-above · rel-vol 0.8x · regime FAVORABLE,False,20,138.55,136.4718,163.64,48,18.11,12.07,False
CART,50.63,BASING,0.0,0,7,7,51.9,51.8,11,30m,2.31,7 bear-built-above · rel-vol 0.7x · regime FAVORABLE,False,9,50.63,49.8706,51.9,131,2.51,1.67,False
CAST,1.3503,BASING,0.0,0,5,5,1.51,1.47,5,daily,8.86,4 bear-built-above · rel-vol 0.0x · regime FAVORABLE,False,5,1.3503,1.33,1.51,4937,11.83,7.88,False
CBOE,298.38,BASING,0.0,0,15,15,333.56,328.54,502,weekly,10.11,20 bear-built-above · rel-vol 0.8x · regime FAVORABLE,False,15,298.38,293.9043,333.56,22,11.79,7.86,False
CBRL,54.69,BASING,0.0,0,20,20,55.66,55.34,32,weekly,1.19,16 bear-built-above · rel-vol 1.0x · regime FAVORABLE,False,21,54.69,53.8697,55.66,121,1.77,1.18,False
CBRS,209.7,BASING,0.0,0,8,8,220.01,217.675,234,daily,3.8,1 bear-built-above · rel-vol 1.6x · regime FAVORABLE,False,8,209.7,206.5545,220.01,31,4.92,3.28,False
CCC,7.55,BASING,0.0,0,8,8,8.72,8.63,9,weekly,14.3,rel-vol 1.6x · regime FAVORABLE,True,9,7.55,7.4367,8.72,883,15.5,10.33,False
CCJ,101.18,BASING,0.0,0,16,16,113.88,112.28,160,daily,10.97,5 bear-built-above · rel-vol 0.6x · regime FAVORABLE,False,16,101.18,99.6623,113.88,65,12.55,8.37,False
CCL,23.19,BASING,0.0,0,16,16,24.76,24.5,27,weekly,5.65,29 bear-built-above · rel-vol 0.9x · regime FAVORABLE,False,16,23.19,22.8422,24.76,287,6.77,4.51,False
CCO,2.38,BASING,0.0,0,2,2,2.42,2.41,1,weekly,1.26,rel-vol 0.4x · regime FAVORABLE,False,3,2.38,2.3443,2.42,2801,1.68,1.12,False
CDE,20.94,BASING,0.0,0,20,20,22.64,21.7,95,weekly,3.63,20 bear-built-above · rel-vol 0.9x · regime FAVORABLE,False,23,20.94,20.6259,22.64,318,8.12,5.41,False
CDNA,50.5,BASING,0.0,0,2,2,51.13,51.02,11,5m,1.03,2 bear-built-above · rel-vol 1.2x · regime FAVORABLE,False,2,50.5,49.7425,51.13,132,1.25,0.83,False
CDNL,36.43,BASING,0.0,0,20,20,38.04,37.86,18,weekly,3.93,13 bear-built-above · rel-vol 0.4x · regime FAVORABLE,False,20,36.43,35.8835,38.04,182,4.42,2.95,False
CDNS,294.81,BASING,0.0,0,18,18,364.65,334.56,3009,daily,13.48,26 bear-built-above · rel-vol 1.9x · regime FAVORABLE,False,18,294.81,290.3879,364.65,22,23.69,15.79,False
CDTG,1.31,BASING,0.0,0,2,2,1.37,1.36,2,15m,3.82,2 bear-built-above · rel-vol 7.3x · regime FAVORABLE,False,2,1.31,1.2904,1.37,5089,4.58,3.05,False
CDW,152.38,BASING,0.0,0,13,13,174.38,172.8,158,daily,13.4,11 bear-built-above · rel-vol 0.8x · regime FAVORABLE,False,15,152.38,150.0943,174.38,43,14.44,9.63,False
CE,44.3672,BASING,0.0,0,18,18,51.16,50.91,25,weekly,14.75,23 bear-built-above · rel-vol 0.9x · regime FAVORABLE,False,18,44.3672,43.7017,51.16,150,15.31,10.21,False
CECO,74.1,BASING,0.0,0,20,20,80.68,80.3,39,4h,8.37,8 bear-built-above · rel-vol 0.8x · regime FAVORABLE,False,20,74.1,72.9885,80.68,89,8.88,5.92,False
CEG,300.0,BASING,0.0,0,3,3,342.52,334.67,785,weekly,11.56,rel-vol 1.2x · regime FAVORABLE,True,6,300.0,295.5,342.52,22,14.17,9.45,False
CELC,95.7,BASING,0.0,0,19,19,107.58,106.7,88,weekly,11.49,8 bear-built-above · rel-vol 0.7x · regime FAVORABLE,False,19,95.7,94.2645,107.58,69,12.41,8.28,False
CELH,30.7445,BASING,0.0,0,20,20,32.98,32.3,68,weekly,5.06,19 bear-built-above · rel-vol 0.6x · regime FAVORABLE,False,23,30.7445,30.2833,32.98,216,7.27,4.85,False
CELU,1.57,BASING,0.0,0,20,20,1.86,1.8,7,4h,14.65,13 bear-built-above · rel-vol 0.0x · regime FAVORABLE,False,20,1.57,1.5465,1.86,4246,18.47,12.31,False
CENX,46.78,BASING,0.0,0,20,20,53.23,52.84,39,30m,12.95,15 bear-built-above · rel-vol 0.5x · regime FAVORABLE,False,20,46.78,46.0783,53.23,142,13.79,9.19,False
CEVA,27.11,BASING,0.0,0,20,20,27.99,27.38,61,weekly,1.0,2 bear-built-above · rel-vol 0.7x · regime FAVORABLE,False,20,27.11,26.7034,27.99,245,3.25,2.16,False
CF,135.51,BASING,0.0,0,20,20,139.0803,138.6,49,30m,2.28,23 bear-built-above · rel-vol 1.0x · regime FAVORABLE,False,21,135.51,133.4774,139.0803,49,2.63,1.76,False
CG,46.97,BASING,0.0,0,20,20,49.09,48.81,29,weekly,3.92,15 bear-built-above · rel-vol 0.5x · regime FAVORABLE,False,20,46.97,46.2655,49.09,141,4.51,3.01,False
CGNX,62.26,BASING,0.0,0,20,20,65.65,64.72,94,daily,3.95,rel-vol 0.6x · regime FAVORABLE,False,22,62.26,61.3261,65.65,107,5.44,3.63,False
CGON,74.67,BASING,0.0,0,15,15,80.68,79.5,119,45m,6.47,6 bear-built-above · rel-vol 0.4x · regime FAVORABLE,False,16,74.67,73.5499,80.68,89,8.05,5.37,False
CHAI,0.277,BASING,0.0,0,19,19,0.3064,0.305,1,15m,10.11,6 bear-built-above · rel-vol 0.1x · regime FAVORABLE,False,19,0.277,0.2728,0.3064,24067,10.61,7.08,False
CHDN,87.07,BASING,0.0,0,20,20,98.65,95.565,309,weekly,9.76,32 bear-built-above · rel-vol 0.7x · regime FAVORABLE,False,20,87.07,85.7639,98.65,76,13.3,8.87,False
CHKP,137.05,BASING,0.0,0,12,12,145.87,144.93,94,daily,5.75,6 bear-built-above · rel-vol 0.9x · regime FAVORABLE,False,12,137.05,134.9943,145.87,48,6.44,4.29,False
CHPT,10.11,BASING,0.0,0,3,3,10.13,10.12,2,10m,0.1,3 bear-built-above · rel-vol 4.1x · regime FAVORABLE,True,5,10.11,9.9583,10.13,659,0.2,0.13,False
CHRW,147.64,BASING,0.0,0,20,20,169.0,161.89,712,daily,9.65,21 bear-built-above · rel-vol 0.9x · regime FAVORABLE,False,20,147.64,145.4254,169.0,45,14.47,9.65,False
CHTR,151.91,BASING,0.0,0,6,6,156.5,156.23,28,10m,2.84,6 bear-built-above · rel-vol 0.7x · regime FAVORABLE,False,6,151.91,149.6313,156.5,43,3.02,2.01,False
CHWY,23.6599,BASING,0.0,0,14,14,26.02,25.71,31,weekly,8.66,8 bear-built-above · rel-vol 1.1x · regime FAVORABLE,True,14,23.6599,23.305,26.02,281,9.98,6.65,False
CHYM,33.06,BASING,0,0,0,0,,,,,0,rel-vol 0.4x · regime FAVORABLE,False,0,33.06,32.5641,36.366,201,10.0,6.67,False
CIBR,93.0,BASING,0.0,0,20,20,96.2,95.71,50,daily,2.91,43 bear-built-above · rel-vol 0.6x · regime FAVORABLE,False,20,93.0,91.605,96.2,71,3.44,2.29,False
CIEN,323.0,BASING,0.0,0,4,4,360.33,357.25,308,daily,10.6,2 bear-built-above · rel-vol 1.4x · regime FAVORABLE,False,4,323.0,318.155,360.33,20,11.56,7.7,False
CIFR,17.58,BASING,0.0,0,7,7,20.4098,19.63,78,4h,11.66,3 bear-built-above · rel-vol 0.8x · regime FAVORABLE,False,7,17.58,17.3163,20.4098,379,16.1,10.73,False
CLBK,11.7,BASING,0.0,0,5,5,11.925,11.92,1,45m,1.88,2 bear-built-above · rel-vol 0.5x · regime FAVORABLE,False,5,11.7,11.5245,11.925,569,1.92,1.28,False
CLBT,11.45,BASING,0.0,0,20,20,11.655,11.65,1,1h,1.75,31 bear-built-above · rel-vol 0.6x · regime FAVORABLE,False,20,11.45,11.2782,11.655,582,1.79,1.19,False
CLF,12.4577,BASING,0.0,0,11,11,13.27,13.2,8,daily,5.96,4 bear-built-above · rel-vol 0.5x · regime FAVORABLE,False,11,12.4577,12.2708,13.27,535,6.52,4.35,False
CLMT,53.5,BASING,0.0,0,1,1,53.87,53.76,11,5m,0.49,1 bear-built-above · rel-vol 0.5x · regime FAVORABLE,False,1,53.5,52.6975,53.87,124,0.69,0.46,False
CLOU,28.35,BASING,0.0,0,20,20,28.84,28.82,2,daily,1.66,24 bear-built-above · rel-vol 0.3x · regime FAVORABLE,False,20,28.35,27.9247,28.84,235,1.73,1.15,False
CLS,313.8,BASING,0.0,0,9,9,337.58,330.37,721,daily,5.28,1 bear-built-above · rel-vol 0.9x · regime FAVORABLE,False,10,313.8,309.093,337.58,21,7.58,5.05,False
CLSK,12.49,BASING,0.0,0,10,10,13.76,13.51,25,weekly,8.17,8 bear-built-above · rel-vol 0.8x · regime FAVORABLE,False,10,12.49,12.3026,13.76,533,10.17,6.78,False
CLYM,15.52,BASING,0.0,0,10,10,17.14,16.9113,23,15m,8.96,8 bear-built-above · rel-vol 0.9x · regime FAVORABLE,True,10,15.52,15.2872,17.14,429,10.44,6.96,False
CMG,36.62,BASING,0.0,0,20,20,37.57,37.41,17,daily,2.16,35 bear-built-above · rel-vol 0.7x · regime FAVORABLE,False,20,36.62,36.0707,37.57,182,2.59,1.73,False
CMPS,13.12,BASING,0.0,0,17,17,14.63,14.595,4,daily,11.24,12 bear-built-above · rel-vol 0.4x · regime FAVORABLE,False,17,13.12,12.9232,14.63,508,11.51,7.67,False
CNC,66.8748,BASING,0.0,0,9,9,72.47,69.55,293,daily,4.0,6 bear-built-above · rel-vol 0.8x · regime FAVORABLE,False,9,66.8748,65.8717,72.47,99,8.37,5.58,False
CNH,14.29,BASING,0.0,0,1,1,14.41,14.405,1,5m,0.8,1 bear-built-above · rel-vol 1.1x · regime FAVORABLE,True,1,14.29,14.0756,14.41,466,0.84,0.56,False
CNK,35.04,BASING,0.0,0,20,20,37.4,37.17,23,daily,6.08,8 bear-built-above · rel-vol 0.7x · regime FAVORABLE,False,21,35.04,34.5144,37.4,190,6.74,4.49,False
CNM,44.32,BASING,0.0,0,17,17,48.95,48.54,42,weekly,9.52,rel-vol 0.7x · regime FAVORABLE,False,17,44.32,43.6552,48.95,150,10.45,6.96,False
CNQ,51.2,BASING,0.0,0,17,17,51.655,51.65,1,45m,0.88,15 bear-built-above · rel-vol 1.1x · regime FAVORABLE,False,20,51.2,50.432,51.655,130,0.89,0.59,False
CNR,99.62,BASING,0.0,0,17,17,110.18,109.67,52,daily,10.09,10 bear-built-above · rel-vol 0.8x · regime FAVORABLE,False,21,99.62,98.1257,110.18,66,10.6,7.07,False
CNX,37.49,BASING,0.0,0,18,18,39.29,38.91,39,daily,3.79,14 bear-built-above · rel-vol 1.0x · regime FAVORABLE,False,18,37.49,36.9276,39.29,177,4.8,3.2,False
CNXC,32.16,BASING,0.0,0,9,9,32.85,32.48,38,daily,1.0,7 bear-built-above · rel-vol 0.7x · regime FAVORABLE,False,9,32.16,31.6776,32.85,207,2.15,1.43,False
COCO,55.13,BASING,0.0,0,19,19,58.715,58.61,11,daily,6.31,38 bear-built-above · rel-vol 1.9x · regime FAVORABLE,False,19,55.13,54.303,58.715,120,6.5,4.34,False
COHR,280.06,BASING,0.0,0,18,18,295.39,289.44,595,daily,3.35,4 bear-built-above · rel-vol 0.7x · regime FAVORABLE,False,18,280.06,275.8591,295.39,23,5.47,3.65,False
COHU,52.4379,BASING,0.0,0,20,20,54.37,52.57,180,weekly,0.25,rel-vol 0.9x · regime FAVORABLE,False,21,52.4379,51.6513,54.37,127,3.68,2.46,False
COHX,22.36,BASING,0.0,0,16,16,25.06,24.19,87,daily,8.18,3 bear-built-above · rel-vol 1.1x · regime FAVORABLE,False,16,22.36,22.0246,25.06,298,12.08,8.05,False
COIN,181.0,BASING,0.0,0,20,20,207.5122,207.29,23,1h,14.52,17 bear-built-above · rel-vol 0.8x · regime FAVORABLE,False,21,181.0,178.285,207.5122,36,14.65,9.77,False
COKE,189.33,BASING,0.0,0,20,20,210.52,207.35,318,daily,9.52,19 bear-built-above · rel-vol 1.0x · regime FAVORABLE,False,21,189.33,186.49,210.52,35,11.19,7.46,False
COMP,10.94,BASING,0.0,0,20,20,11.75,11.63,12,weekly,6.31,10 bear-built-above · rel-vol 0.9x · regime FAVORABLE,False,21,10.94,10.7759,11.75,609,7.4,4.94,False
CONL,5.7189,BASING,0.0,0,16,16,6.72,6.565,16,daily,14.79,7 bear-built-above · rel-vol 0.8x · regime FAVORABLE,False,18,5.7189,5.6331,6.72,1165,17.51,11.67,False
COPX,91.96,BASING,0.0,0,20,20,94.42,94.4,2,weekly,2.65,18 bear-built-above · rel-vol 0.4x · regime FAVORABLE,False,22,91.96,90.5806,94.42,72,2.68,1.78,False
CORD,3.01,BASING,0.0,0,20,20,3.48,3.37,11,daily,11.96,20 bear-built-above · rel-vol 0.4x · regime FAVORABLE,False,20,3.01,2.9648,3.48,2214,15.61,10.41,False
CORT,111.62,BASING,0.0,0,20,20,113.88,113.64,24,weekly,1.81,12 bear-built-above · rel-vol 0.7x · regime FAVORABLE,False,20,111.62,109.9457,113.88,59,2.02,1.35,False
COUR,5.86,BASING,0.0,0,20,20,6.01,5.93,9,daily,1.19,21 bear-built-above · rel-vol 1.1x · regime FAVORABLE,False,20,5.86,5.7721,6.01,1137,2.56,1.71,False
CPNG,15.31,BASING,0.0,0,17,17,15.51,15.46,5,daily,0.98,30 bear-built-above · rel-vol 0.8x · regime FAVORABLE,False,17,15.31,15.0804,15.51,435,1.31,0.87,False
CPRT,33.52,BASING,0.0,0,6,6,37.63,37.39,25,weekly,11.55,3 bear-built-above · rel-vol 0.7x · regime FAVORABLE,False,7,33.52,33.0172,37.63,198,12.26,8.17,False
CRBG,34.47,BASING,0.0,0,4,4,34.97,34.52,45,5m,0.15,4 bear-built-above · rel-vol 0.6x · regime FAVORABLE,False,6,34.47,33.953,34.97,193,1.45,0.97,False
CRC,54.22,BASING,0.0,0,20,20,58.61,56.67,194,weekly,4.52,rel-vol 1.3x · regime FAVORABLE,False,20,54.22,53.4067,58.61,122,8.1,5.4,False
CRCA,27.31,BASING,0.0,0,20,20,30.08,28.41,167,daily,4.03,20 bear-built-above · rel-vol 0.9x · regime FAVORABLE,False,20,27.31,26.9003,30.08,244,10.14,6.76,False
CRCG,18.37,BASING,0.0,0,14,14,19.98,18.78,120,daily,2.23,11 bear-built-above · rel-vol 0.8x · regime FAVORABLE,False,14,18.37,18.0945,19.98,362,8.76,5.84,False
CRCL,99.46,BASING,0.0,0,17,17,112.22,108.72,350,weekly,9.31,10 bear-built-above · rel-vol 0.9x · regime FAVORABLE,False,18,99.46,97.9681,112.22,67,12.83,8.55,False
CRDO,172.56,BASING,0.0,0,8,8,206.63,188.635,1800,daily,9.32,5 bear-built-above · rel-vol 1.7x · regime FAVORABLE,False,10,172.56,169.9716,206.63,38,19.74,13.16,False
CRE,2.93,BASING,0.0,0,11,11,3.01,2.9488,7,30m,0.64,9 bear-built-above · rel-vol 0.0x · regime FAVORABLE,False,11,2.93,2.8861,3.01,2275,2.73,1.82,False
CRGY,13.79,BASING,0.0,0,15,15,13.96,13.85,12,daily,0.44,14 bear-built-above · rel-vol 0.8x · regime FAVORABLE,False,16,13.79,13.5831,13.96,483,1.23,0.82,False
CRL,288.5,BASING,0.0,0,20,20,296.41,291.66,475,daily,1.1,20 bear-built-above · rel-vol 0.8x · regime FAVORABLE,False,20,288.5,284.1725,296.41,23,2.74,1.83,False
CRM,255.41,BASING,0.0,0,20,20,282.5,279.0,350,daily,9.24,31 bear-built-above · rel-vol 0.6x · regime FAVORABLE,False,21,255.41,251.5788,282.5,26,10.61,7.07,False
CRMD,8.43,BASING,0.0,0,7,7,11.17,8.735,244,daily,3.62,5 bear-built-above · rel-vol 0.5x · regime FAVORABLE,False,9,8.43,8.3035,11.17,790,32.5,21.67,False
CRMG,9.95,BASING,0.0,0,20,20,11.06,10.8,26,daily,8.54,21 bear-built-above · rel-vol 0.4x · regime FAVORABLE,True,21,9.95,9.8007,11.06,670,11.16,7.44,False
CRML,7.2749,BASING,0.0,0,9,9,8.04,7.99,5,daily,9.83,8 bear-built-above · rel-vol 0.8x · regime FAVORABLE,False,10,7.2749,7.1658,8.04,916,10.52,7.01,False
CRNX,84.97,BASING,0,0,0,0,,,,,0,rel-vol 3.2x · regime FAVORABLE,False,0,84.97,83.6954,93.467,78,10.0,6.67,False
CRS,475.33,BASING,0.0,0,20,20,492.38,489.42,296,weekly,2.96,5 bear-built-above · rel-vol 0.6x · regime FAVORABLE,False,21,475.33,468.2,492.38,14,3.59,2.39,False
CRSP,55.68,BASING,0.0,0,20,20,63.99,63.02,97,weekly,13.18,9 bear-built-above · rel-vol 0.6x · regime FAVORABLE,False,20,55.68,54.8448,63.99,119,14.92,9.95,False
CRSR,12.57,BASING,0.0,0,16,16,12.99,12.74,25,weekly,1.35,8 bear-built-above · rel-vol 0.6x · regime FAVORABLE,False,16,12.57,12.3815,12.99,530,3.34,2.23,False
CRUS,114.69,BASING,0.0,0,19,19,129.42,123.51,591,daily,7.69,rel-vol 1.3x · regime FAVORABLE,False,19,114.69,112.9697,129.42,58,12.84,8.56,False
CRWD,211.1,BASING,0.0,0,13,13,215.06,215.05,1,45m,1.87,13 bear-built-above · rel-vol 0.8x · regime FAVORABLE,True,15,211.1,207.9335,215.06,31,1.88,1.25,False
CRWL,70.07,BASING,0.0,0,20,20,75.95,75.52,44,1h,7.78,31 bear-built-above · rel-vol 0.5x · regime FAVORABLE,False,20,70.07,69.0189,75.95,95,8.39,5.59,False
CRWV,89.9,BASING,0.0,0,16,16,106.0,101.4,460,daily,12.79,rel-vol 0.8x · regime FAVORABLE,True,17,89.9,88.5515,106.0,74,17.91,11.94,False
CSCO,109.0,BASING,0.0,0,15,15,122.745,113.925,883,daily,4.52,9 bear-built-above · rel-vol 0.6x · regime FAVORABLE,False,15,109.0,107.365,122.745,61,12.61,8.41,False
CSGP,30.91,BASING,0.0,0,20,20,32.22,31.945,28,weekly,3.35,20 bear-built-above · rel-vol 0.6x · regime FAVORABLE,False,20,30.91,30.4463,32.22,215,4.24,2.83,False
CSX,48.58,BASING,0.0,0,20,20,51.28,51.05,24,weekly,5.08,34 bear-built-above · rel-vol 0.8x · regime FAVORABLE,False,20,48.58,47.8513,51.28,137,5.56,3.71,False
CTRI,20.54,BASING,0.0,0,18,18,22.62,22.44,18,daily,9.25,6 bear-built-above · rel-vol 0.7x · regime FAVORABLE,False,18,20.54,20.2319,22.62,324,10.13,6.75,False
CTSH,61.54,BASING,0.0,0,15,15,70.91,70.41,50,daily,14.41,12 bear-built-above · rel-vol 0.7x · regime FAVORABLE,False,15,61.54,60.6169,70.91,108,15.23,10.15,False
CURI,2.73,BASING,0.0,0,20,20,2.9,2.81,9,daily,2.93,22 bear-built-above · rel-vol 0.3x · regime FAVORABLE,False,20,2.73,2.689,2.9,2442,6.23,4.15,False
CVE,32.92,BASING,0.0,0,7,7,33.03,33.025,1,1h,0.32,5 bear-built-above · rel-vol 0.7x · regime FAVORABLE,False,8,32.92,32.4262,33.03,202,0.33,0.22,False
CVI,43.95,BASING,0,0,0,0,,,,,0,rel-vol 1.1x · regime FAVORABLE,False,1,43.95,43.2908,48.345,151,10.0,6.67,False
CVLT,136.405,BASING,0.0,0,20,20,147.085,144.32,277,daily,5.8,rel-vol 0.6x · regime FAVORABLE,False,22,136.405,134.3589,147.085,48,7.83,5.22,False
CVNA,74.2,BASING,0.0,0,17,17,85.488,85.042,45,daily,14.61,10 bear-built-above · rel-vol 0.5x · regime FAVORABLE,False,18,74.2,73.087,85.488,89,15.21,10.14,False
CVSA,128.09,BASING,0.0,0,20,20,133.66,130.0,366,daily,1.49,38 bear-built-above · rel-vol 0.7x · regime FAVORABLE,False,20,128.09,126.1686,133.66,52,4.35,2.9,False
CVX,211.79,BASING,0.0,0,13,13,212.445,212.42,3,45m,0.3,13 bear-built-above · rel-vol 0.7x · regime FAVORABLE,False,16,211.79,208.6131,212.445,31,0.31,0.21,False
CWK,13.66,BASING,0.0,0,20,20,14.12,13.97,15,weekly,2.27,14 bear-built-above · rel-vol 1.0x · regime FAVORABLE,False,22,13.66,13.4551,14.12,488,3.37,2.24,False
CX,10.94,BASING,0.0,0,20,20,11.33,11.3,3,weekly,3.29,2 bear-built-above · rel-vol 0.6x · regime FAVORABLE,False,20,10.94,10.7759,11.33,609,3.56,2.38,False
CXW,34.2,BASING,0.0,0,5,5,34.81,34.5,32,45m,0.88,5 bear-built-above · rel-vol 0.6x · regime FAVORABLE,False,5,34.2,33.687,34.81,194,1.78,1.19,False
CYCU,3.5268,BASING,0.0,0,20,20,3.85,3.6,25,weekly,2.08,18 bear-built-above · rel-vol 0.3x · regime FAVORABLE,False,20,3.5268,3.4739,3.85,1890,9.16,6.11,False
CYPH,2.46,BASING,0.0,0,11,11,2.58,2.565,2,10m,4.27,11 bear-built-above · rel-vol 1.8x · regime FAVORABLE,True,14,2.46,2.4231,2.58,2710,4.88,3.25,False
DAIC,3.13,BASING,0.0,0,11,11,3.338,3.33,1,15m,6.39,11 bear-built-above · rel-vol 0.2x · regime FAVORABLE,False,11,3.13,3.0831,3.338,2129,6.65,4.43,False
DAN,32.04,BASING,0.0,0,11,11,35.47,33.175,230,daily,3.54,3 bear-built-above · rel-vol 1.0x · regime FAVORABLE,False,11,32.04,31.5594,35.47,208,10.71,7.14,False
DAPP,20.47,BASING,0.0,0,15,15,24.49,23.16,133,daily,13.14,6 bear-built-above · rel-vol 1.7x · regime FAVORABLE,False,15,20.47,20.1629,24.49,325,19.64,13.09,False
DAR,64.4125,BASING,0.0,0,20,20,65.75,65.19,57,daily,1.21,20 bear-built-above · rel-vol 0.7x · regime FAVORABLE,False,20,64.4125,63.4463,65.75,103,2.08,1.38,False
DASH,208.2,BASING,0.0,0,18,18,222.0,221.5,50,daily,6.39,31 bear-built-above · rel-vol 1.0x · regime FAVORABLE,False,20,208.2,205.077,222.0,32,6.63,4.42,False
DAVE,380.03,BASING,0.0,0,15,15,430.16,385.97,4419,daily,1.56,12 bear-built-above · rel-vol 0.8x · regime FAVORABLE,True,15,380.03,374.3295,430.16,17,13.19,8.79,False
DBX,35.2231,BASING,0.0,0,7,7,36.0309,35.54,50,1h,0.9,5 bear-built-above · rel-vol 0.7x · regime FAVORABLE,False,7,35.2231,34.6948,36.0309,189,2.29,1.53,False
DDOG,211.62,BASING,0.0,0,19,19,283.17,229.29,5389,daily,8.35,37 bear-built-above · rel-vol 0.6x · regime FAVORABLE,False,23,211.62,208.4457,283.17,31,33.81,22.54,False
DDS,656.0,BASING,0.0,0,5,5,728.12,701.78,2635,daily,6.98,2 bear-built-above · rel-vol 0.5x · regime FAVORABLE,False,5,656.0,646.16,728.12,10,10.99,7.33,False
DE,698.2714,BASING,0.0,0,7,7,702.5,700.9,161,45m,0.38,7 bear-built-above · rel-vol 0.8x · regime FAVORABLE,False,10,698.2714,687.7973,702.5,9,0.61,0.4,False
DELL,515.4,BASING,0.0,0,15,15,522.4395,518.8,364,45m,0.66,15 bear-built-above · rel-vol 1.3x · regime FAVORABLE,False,17,515.4,507.669,522.4395,12,1.37,0.91,False
DFNS,9.9,BASING,0.0,0,19,19,11.82,10.75,108,daily,8.59,14 bear-built-above · rel-vol 0.4x · regime FAVORABLE,False,19,9.9,9.7515,11.82,673,19.39,12.93,False
DFSC,1.5,BASING,0.0,0,20,20,1.71,1.69,3,daily,12.67,18 bear-built-above · rel-vol 0.0x · regime FAVORABLE,False,20,1.5,1.4775,1.71,4444,14.0,9.33,False
DFTX,38.48,BASING,0.0,0,20,20,40.98,40.61,37,weekly,5.54,16 bear-built-above · rel-vol 0.5x · regime FAVORABLE,False,20,38.48,37.9028,40.98,173,6.5,4.33,False
DG,133.4,BASING,0.0,0,8,8,144.84,135.95,890,daily,1.91,rel-vol 0.7x · regime FAVORABLE,False,8,133.4,131.399,144.84,49,8.58,5.72,False
DGXX,3.72,BASING,0.0,0,20,20,4.0,3.995,1,daily,7.39,4 bear-built-above · rel-vol 0.4x · regime FAVORABLE,False,21,3.72,3.6642,4.0,1792,7.53,5.02,False
DINO,106.5,BASING,0.0,0,2,2,107.775,107.75,3,15m,1.17,2 bear-built-above · rel-vol 0.8x · regime FAVORABLE,True,2,106.5,104.9025,107.775,62,1.2,0.8,False
DIOD,91.79,BASING,0.0,0,20,20,94.04,92.22,183,weekly,0.47,rel-vol 0.5x · regime FAVORABLE,False,20,91.79,90.4132,94.04,72,2.45,1.63,False
DIS,104.5,BASING,0.0,0,20,20,108.1,107.78,32,weekly,3.14,40 bear-built-above · rel-vol 0.8x · regime FAVORABLE,False,20,104.5,102.9325,108.1,63,3.44,2.3,False
DJT,9.02,BASING,0.0,0,18,18,9.335,9.31,3,30m,3.22,22 bear-built-above · rel-vol 1.1x · regime FAVORABLE,False,18,9.02,8.8847,9.335,739,3.49,2.33,False
DK,74.01,BASING,0.0,0,1,1,74.17,74.1473,3,5m,0.19,1 bear-built-above · rel-vol 0.9x · regime FAVORABLE,False,3,74.01,72.8999,74.17,90,0.22,0.14,False
DKNG,23.92,BASING,0.0,0,20,20,25.26,24.83,44,weekly,3.8,25 bear-built-above · rel-vol 0.9x · regime FAVORABLE,False,20,23.92,23.5612,25.26,278,5.6,3.73,False
DKS,139.1641,BASING,0.0,0,20,20,179.33,142.36,3697,daily,2.3,6 bear-built-above · rel-vol 0.4x · regime FAVORABLE,False,20,139.1641,137.0766,179.33,47,28.86,19.24,False
DLO,15.4005,BASING,0.0,0,18,18,15.7,15.63,7,daily,1.49,18 bear-built-above · rel-vol 0.5x · regime FAVORABLE,False,19,15.4005,15.1695,15.7,432,1.94,1.3,False
DLTR,131.42,BASING,0.0,0,20,20,134.005,133.69,32,4h,1.73,4 bear-built-above · rel-vol 0.5x · regime FAVORABLE,False,24,131.42,129.4487,134.005,50,1.97,1.31,False
DNLI,22.31,BASING,0.0,0,20,20,24.0,23.72,29,weekly,6.32,35 bear-built-above · rel-vol 0.7x · regime FAVORABLE,False,20,22.31,21.9753,24.0,298,7.58,5.05,False
DNN,3.44,BASING,0.0,0,14,14,3.825,3.82,1,1h,11.05,5 bear-built-above · rel-vol 0.8x · regime FAVORABLE,False,14,3.44,3.3884,3.825,1937,11.19,7.46,False
DNTH,108.1,BASING,0.0,0,15,15,111.1,110.08,102,weekly,1.83,rel-vol 1.1x · regime FAVORABLE,True,16,108.1,106.4785,111.1,61,2.78,1.85,False
DOCN,112.24,BASING,0.0,0,17,17,115.64,115.45,19,weekly,2.86,rel-vol 0.7x · regime FAVORABLE,False,17,112.24,110.5564,115.64,59,3.03,2.02,False
DOCS,26.1,BASING,0.0,0,10,10,27.4,26.31,109,daily,0.8,8 bear-built-above · rel-vol 0.6x · regime FAVORABLE,False,11,26.1,25.7085,27.4,255,4.98,3.32,False
DOCU,68.06,BASING,0.0,0,7,7,92.9,76.775,1613,daily,12.8,3 bear-built-above · rel-vol 2.4x · regime FAVORABLE,False,8,68.06,67.0391,92.9,97,36.5,24.33,False
DOMO,3.85,BASING,0.0,0,14,14,3.98,3.92,7,4h,1.82,3 bear-built-above · rel-vol 2.5x · regime FAVORABLE,False,14,3.85,3.7923,3.98,1731,3.38,2.25,False
DOO,67.32,BASING,0.0,0,4,4,67.57,67.56,1,1h,0.36,4 bear-built-above · rel-vol 2.2x · regime FAVORABLE,True,4,67.32,66.3102,67.57,99,0.37,0.25,False
DPC,44.88,BASING,0.0,0,20,20,51.46,50.15,132,daily,11.74,rel-vol 0.9x · regime FAVORABLE,False,20,44.88,44.2068,51.46,148,14.66,9.77,False
DPRO,6.14,BASING,0.0,0,5,5,6.5,6.4927,1,45m,5.74,5 bear-built-above · rel-vol 1.4x · regime FAVORABLE,False,5,6.14,6.0479,6.5,1085,5.86,3.91,False
DPZ,341.2,BASING,0.0,0,19,19,347.03,343.91,312,daily,0.79,18 bear-built-above · rel-vol 0.8x · regime FAVORABLE,False,19,341.2,336.082,347.03,19,1.71,1.14,False
DRAM,60.55,BASING,0.0,0,14,14,80.675,69.52,1116,daily,14.81,2 bear-built-above · rel-vol 1.1x · regime FAVORABLE,False,17,60.55,59.6417,80.675,110,33.24,22.16,False
DRI,216.88,BASING,0.0,0,20,20,218.04,216.95,110,daily,0.03,10 bear-built-above · rel-vol 0.7x · regime FAVORABLE,False,23,216.88,213.6268,218.04,30,0.53,0.36,False
DT,51.14,BASING,0.0,0,17,17,56.19,55.92,27,daily,9.35,41 bear-built-above · rel-vol 0.6x · regime FAVORABLE,False,17,51.14,50.3729,56.19,130,9.87,6.58,False
DTM,129.63,BASING,0.0,0,16,16,145.69,144.09,160,weekly,11.15,8 bear-built-above · rel-vol 0.6x · regime FAVORABLE,False,16,129.63,127.6855,145.69,51,12.39,8.26,False
DUOL,153.02,BASING,0.0,0,20,20,176.66,170.05,661,weekly,11.13,43 bear-built-above · rel-vol 0.9x · regime FAVORABLE,False,22,153.02,150.7247,176.66,43,15.45,10.3,False
DUST,33.0,BASING,0.0,0,20,20,40.99,37.51,349,daily,13.67,22 bear-built-above · rel-vol 1.0x · regime FAVORABLE,False,20,33.0,32.505,40.99,202,24.21,16.14,False
DVA,183.99,BASING,0.0,0,14,14,227.99,205.25,2275,daily,11.55,rel-vol 0.7x · regime FAVORABLE,False,14,183.99,181.2302,227.99,36,23.91,15.94,False
DVLT,0.2121,BASING,0.0,0,2,2,0.214,0.2136,1,5m,0.71,2 bear-built-above · rel-vol 5.0x · regime FAVORABLE,False,2,0.2121,0.2089,0.214,31431,0.9,0.6,False
DVN,48.87,BASING,0.0,0,4,4,51.01,50.99,2,1h,4.34,1 bear-built-above · rel-vol 0.9x · regime FAVORABLE,False,5,48.87,48.1369,51.01,136,4.38,2.92,False
DX,12.9,BASING,0.0,0,20,20,14.12,14.03,9,weekly,8.76,7 bear-built-above · rel-vol 0.6x · regime FAVORABLE,False,20,12.9,12.7065,14.12,516,9.46,6.3,False
DXCM,86.99,BASING,0.0,0,20,20,90.82,90.0,82,weekly,3.46,23 bear-built-above · rel-vol 0.6x · regime FAVORABLE,False,22,86.99,85.6851,90.82,76,4.4,2.94,False
DXST,2.5919,BASING,0.0,0,12,12,2.95,2.65,31,daily,2.24,4 bear-built-above · rel-vol 0.0x · regime FAVORABLE,False,12,2.5919,2.553,2.95,2572,13.82,9.21,False
DXYZ,32.85,BASING,0.0,0,6,6,34.74,33.17,158,daily,0.97,1 bear-built-above · rel-vol 0.5x · regime FAVORABLE,False,10,32.85,32.3573,34.74,202,5.75,3.84,False
EAT,230.22,BASING,0.0,0,20,20,240.93,236.22,472,daily,2.61,7 bear-built-above · rel-vol 0.8x · regime FAVORABLE,False,20,230.22,226.7667,240.93,28,4.65,3.1,False
ECG,117.24,BASING,0.0,0,17,17,125.96,124.98,98,weekly,6.6,3 bear-built-above · rel-vol 0.5x · regime FAVORABLE,False,17,117.24,115.4814,125.96,56,7.44,4.96,False
ECHO,91.38,BASING,0.0,0,15,15,92.84,92.51,33,45m,1.24,rel-vol 0.9x · regime FAVORABLE,False,15,91.38,90.0093,92.84,72,1.6,1.07,False
EEFT,73.81,BASING,0.0,0,18,18,82.19,77.05,514,daily,4.39,6 bear-built-above · rel-vol 1.0x · regime FAVORABLE,False,19,73.81,72.7028,82.19,90,11.35,7.57,False
EFX,178.0,BASING,0.0,0,20,20,192.51,191.14,138,weekly,7.38,27 bear-built-above · rel-vol 2.6x · regime FAVORABLE,False,20,178.0,175.33,192.51,37,8.15,5.43,False
EGO,42.8,BASING,0.0,0,20,20,44.84,43.0,185,daily,0.47,32 bear-built-above · rel-vol 0.6x · regime FAVORABLE,True,22,42.8,42.158,44.84,155,4.77,3.18,False
EIX,56.66,BASING,0.0,0,17,17,70.17,56.77,1340,weekly,0.19,33 bear-built-above · rel-vol 0.7x · regime FAVORABLE,False,17,56.66,55.8101,70.17,117,23.84,15.9,False
EL,104.0,BASING,0.0,0,19,19,109.47,106.75,272,weekly,2.64,rel-vol 1.2x · regime FAVORABLE,False,21,104.0,102.44,109.47,64,5.26,3.51,False
ELAN,24.5,BASING,0.0,0,20,20,26.22,25.345,88,daily,3.45,5 bear-built-above · rel-vol 0.6x · regime FAVORABLE,False,21,24.5,24.1325,26.22,272,7.02,4.68,False
ELF,109.31,BASING,0.0,0,3,3,126.99,125.29,170,daily,14.62,2 bear-built-above · rel-vol 0.9x · regime FAVORABLE,True,3,109.31,107.6703,126.99,60,16.17,10.78,False
ELPW,3.06,BASING,0.0,0,12,12,3.27,3.24,3,30m,5.88,12 bear-built-above · rel-vol 0.1x · regime FAVORABLE,False,12,3.06,3.0141,3.27,2178,6.86,4.58,False
ELV,407.5,BASING,0.0,0,20,20,484.0,444.35,3965,daily,9.04,16 bear-built-above · rel-vol 1.3x · regime FAVORABLE,False,22,407.5,401.3875,484.0,16,18.77,12.52,False
EMR,152.82,BASING,0.0,0,20,20,155.18,153.77,141,weekly,0.62,17 bear-built-above · rel-vol 0.9x · regime FAVORABLE,False,22,152.82,150.5277,155.18,43,1.54,1.03,False
ENS,181.91,BASING,0.0,0,15,15,189.76,187.6,216,weekly,3.13,5 bear-built-above · rel-vol 0.6x · regime FAVORABLE,False,15,181.91,179.1813,189.76,36,4.32,2.88,False
ENSC,0.4551,BASING,0.0,0,3,3,0.5243,0.5202,1,daily,14.3,rel-vol 0.2x · regime FAVORABLE,False,3,0.4551,0.4483,0.5243,14648,15.21,10.14,False
ENTG,139.99,BASING,0.0,0,20,20,162.04,153.47,857,daily,9.63,rel-vol 0.9x · regime FAVORABLE,False,24,139.99,137.8902,162.04,47,15.75,10.5,False
EOSE,3.86,BASING,0.0,0,12,12,4.02,4.0,2,weekly,3.63,3 bear-built-above · rel-vol 1.0x · regime FAVORABLE,False,12,3.86,3.8021,4.02,1727,4.15,2.76,False
EPAM,117.04,BASING,0.0,0,20,20,129.12,125.01,411,daily,6.81,12 bear-built-above · rel-vol 0.4x · regime FAVORABLE,False,20,117.04,115.2844,129.12,56,10.32,6.88,False
EQH,52.96,BASING,0.0,0,9,9,54.23,53.87,36,weekly,1.72,5 bear-built-above · rel-vol 0.9x · regime FAVORABLE,False,11,52.96,52.1656,54.23,125,2.4,1.6,False
EQPT,19.35,BASING,0.0,0,10,10,20.47,20.33,15,weekly,5.06,rel-vol 0.8x · regime FAVORABLE,False,10,19.35,19.0598,20.47,344,5.79,3.86,False
EQX,12.62,BASING,0.0,0,17,17,14.33,13.75,59,daily,8.95,24 bear-built-above · rel-vol 0.6x · regime FAVORABLE,False,17,12.62,12.4307,14.33,528,13.55,9.03,False
ERAS,16.19,BASING,0.0,0,20,20,18.03,17.87,17,weekly,10.38,23 bear-built-above · rel-vol 0.6x · regime FAVORABLE,False,21,16.19,15.9472,18.03,411,11.37,7.58,False
ERO,35.01,BASING,0.0,0,20,20,37.13,35.95,118,daily,2.68,39 bear-built-above · rel-vol 0.4x · regime FAVORABLE,False,22,35.01,34.4848,37.13,190,6.06,4.04,False
EROC,12.41,BASING,0.0,0,20,20,14.13,13.98,16,weekly,12.65,rel-vol 0.5x · regime FAVORABLE,True,20,12.41,12.2239,14.13,537,13.86,9.24,False
ESAB,75.02,BASING,0.0,0,20,20,76.43,75.75,69,weekly,0.97,11 bear-built-above · rel-vol 0.8x · regime FAVORABLE,False,20,75.02,73.8947,76.43,88,1.88,1.25,False
ESNT,69.18,BASING,0.0,0,17,17,69.59,69.44,16,daily,0.38,17 bear-built-above · rel-vol 1.5x · regime FAVORABLE,False,19,69.18,68.1423,69.59,96,0.59,0.4,False
ESTC,92.37,BASING,0.0,0,20,20,99.91,98.0,191,daily,6.1,22 bear-built-above · rel-vol 0.6x · regime FAVORABLE,False,22,92.37,90.9845,99.91,72,8.16,5.44,False
ET,21.5193,BASING,0.0,0,6,6,21.69,21.665,3,15m,0.68,6 bear-built-above · rel-vol 0.8x · regime FAVORABLE,False,7,21.5193,21.1965,21.69,309,0.79,0.53,False
ETH,23.65,BASING,0.0,0,9,9,26.46,25.81,66,daily,9.13,5 bear-built-above · rel-vol 1.1x · regime FAVORABLE,False,13,23.65,23.2952,26.46,281,11.88,7.92,False
ETHA,18.7,BASING,0.0,0,1,1,21.11,20.6,51,daily,10.16,rel-vol 0.8x · regime FAVORABLE,True,6,18.7,18.4195,21.11,356,12.89,8.59,False
ETHE,19.96,BASING,0.0,0,19,19,22.86,22.27,59,daily,11.57,18 bear-built-above · rel-vol 0.8x · regime FAVORABLE,False,24,19.96,19.6606,22.86,334,14.53,9.69,False
ETHT,17.02,BASING,0.0,0,12,12,20.69,18.92,177,daily,11.16,1 bear-built-above · rel-vol 1.0x · regime FAVORABLE,True,14,17.02,16.7647,20.69,391,21.56,14.38,False
ETHU,26.42,BASING,0.0,0,8,8,28.76,26.94,183,daily,1.97,1 bear-built-above · rel-vol 1.0x · regime FAVORABLE,True,12,26.42,26.0237,28.76,252,8.86,5.9,False
ETON,58.44,BASING,0.0,0,18,18,59.78,59.04,75,weekly,1.03,27 bear-built-above · rel-vol 0.7x · regime FAVORABLE,False,18,58.44,57.5634,59.78,114,2.29,1.53,False
ETSY,76.5,BASING,0.0,0,20,20,82.03,81.69,35,daily,6.78,49 bear-built-above · rel-vol 1.1x · regime FAVORABLE,False,20,76.5,75.3525,82.03,87,7.23,4.82,False
EW,89.9,BASING,0.0,0,20,20,94.82,94.43,39,daily,5.04,17 bear-built-above · rel-vol 0.9x · regime FAVORABLE,False,21,89.9,88.5515,94.82,74,5.47,3.65,False
EWTX,44.0,BASING,0.0,0,20,20,48.5,48.09,41,30m,9.3,rel-vol 0.7x · regime FAVORABLE,False,20,44.0,43.34,48.5,151,10.23,6.82,False
EWY,187.77,BASING,0.0,0,16,16,218.28,193.6,2469,daily,3.1,2 bear-built-above · rel-vol 1.3x · regime FAVORABLE,True,16,187.77,184.9535,218.28,35,16.25,10.83,False
EXE,98.56,BASING,0.0,0,13,13,103.89,102.72,118,weekly,4.22,6 bear-built-above · rel-vol 0.8x · regime FAVORABLE,False,13,98.56,97.0816,103.89,67,5.41,3.61,False
EXEL,58.8,BASING,0.0,0,16,16,58.975,58.82,16,45m,0.03,16 bear-built-above · rel-vol 0.7x · regime FAVORABLE,True,16,58.8,57.918,58.975,113,0.3,0.2,False
EXK,11.0,BASING,0.0,0,19,19,13.14,12.205,94,daily,10.95,21 bear-built-above · rel-vol 0.9x · regime FAVORABLE,False,19,11.0,10.835,13.14,606,19.45,12.97,False
EXPD,188.8,BASING,0.0,0,20,20,189.65,189.43,22,daily,0.33,25 bear-built-above · rel-vol 0.7x · regime FAVORABLE,False,20,188.8,185.968,189.65,35,0.45,0.3,False
EXPE,298.63,BASING,0.0,0,20,20,317.12,313.25,388,daily,4.9,51 bear-built-above · rel-vol 1.3x · regime FAVORABLE,False,22,298.63,294.1506,317.12,22,6.19,4.13,False
EYE,16.4961,BASING,0.0,0,11,11,18.67,18.44,24,daily,11.78,7 bear-built-above · rel-vol 0.4x · regime FAVORABLE,False,11,16.4961,16.2487,18.67,404,13.18,8.79,False
EYPT,4.81,BASING,0.0,0,17,17,14.22,5.32,890,weekly,10.6,rel-vol 0.3x · regime FAVORABLE,False,17,4.81,4.7378,14.22,1386,195.63,130.42,False
EZPW,32.621,BASING,0.0,0,20,20,34.25,33.53,72,4h,2.79,4 bear-built-above · rel-vol 0.5x · regime FAVORABLE,False,20,32.621,32.1317,34.25,204,4.99,3.33,False
F,14.555,BASING,0.0,0,5,5,16.63,16.57,6,daily,13.84,rel-vol 1.0x · regime FAVORABLE,False,8,14.555,14.3367,16.63,458,14.26,9.5,False
FA,21.38,BASING,0.0,0,16,16,24.01,23.77,25,daily,11.18,rel-vol 0.7x · regime FAVORABLE,False,16,21.38,21.0593,24.01,311,12.3,8.2,False
FAMI,0.1045,BASING,0.0,0,19,19,0.1235,0.1091,2,daily,4.4,14 bear-built-above · rel-vol 0.3x · regime FAVORABLE,False,19,0.1045,0.1029,0.1235,63795,18.18,12.12,False
FANG,201.41,BASING,0.0,0,20,20,205.6,201.6,400,daily,0.09,3 bear-built-above · rel-vol 1.0x · regime FAVORABLE,False,20,201.41,198.3888,205.6,33,2.08,1.39,False
FAST,49.28,BASING,0.0,0,20,20,49.78,49.6,18,weekly,0.65,14 bear-built-above · rel-vol 1.1x · regime FAVORABLE,False,22,49.28,48.5408,49.78,135,1.01,0.68,False
FBTC,68.37,BASING,0.0,0,18,18,77.92,76.34,158,weekly,11.66,31 bear-built-above · rel-vol 0.8x · regime FAVORABLE,False,23,68.37,67.3445,77.92,97,13.97,9.31,False
FCEL,14.7,BASING,0.0,0,12,12,16.87,15.3,158,daily,4.08,7 bear-built-above · rel-vol 0.7x · regime FAVORABLE,False,12,14.7,14.4795,16.87,453,14.76,9.84,False
FCFS,224.0,BASING,0.0,0,20,20,229.51,229.19,32,daily,2.32,6 bear-built-above · rel-vol 0.6x · regime FAVORABLE,False,20,224.0,220.64,229.51,29,2.46,1.64,False
FCX,73.91,BASING,0.0,0,20,20,79.0,78.83,18,daily,6.66,6 bear-built-above · rel-vol 0.5x · regime FAVORABLE,False,22,73.91,72.8013,79.0,90,6.89,4.59,False
FDMT,14.68,BASING,0.0,0,14,14,15.5,15.44,7,daily,5.18,7 bear-built-above · rel-vol 0.4x · regime FAVORABLE,False,14,14.68,14.4598,15.5,454,5.59,3.72,False
FDXF,129.2082,BASING,0.0,0,19,19,133.45,132.81,64,weekly,2.79,14 bear-built-above · rel-vol 0.9x · regime FAVORABLE,False,19,129.2082,127.2701,133.45,51,3.28,2.19,False
FET,81.952,BASING,0.0,0,18,18,88.085,87.2,89,4h,6.4,6 bear-built-above · rel-vol 1.4x · regime FAVORABLE,False,19,81.952,80.7227,88.085,81,7.48,4.99,False
FETH,24.65,BASING,0.0,0,20,20,27.92,27.22,71,daily,10.43,18 bear-built-above · rel-vol 0.6x · regime FAVORABLE,False,25,24.65,24.2802,27.92,270,13.27,8.84,False
FFAI,1.93,BASING,0.0,0,11,11,2.25,2.2,5,daily,13.99,6 bear-built-above · rel-vol 1.1x · regime FAVORABLE,False,13,1.93,1.901,2.25,3454,16.58,11.05,False
FFIV,393.0,BASING,0.0,0,20,20,408.14,400.59,756,1h,1.93,11 bear-built-above · rel-vol 0.7x · regime FAVORABLE,True,20,393.0,387.105,408.14,16,3.85,2.57,False
FHB,26.03,BASING,0.0,0,20,20,30.01,29.29,73,weekly,12.52,rel-vol 0.8x · regime FAVORABLE,False,23,26.03,25.6395,30.01,256,15.29,10.19,False
FICO,934.8668,BASING,0.0,0,18,18,990.99,987.02,398,45m,5.58,19 bear-built-above · rel-vol 4.6x · regime FAVORABLE,False,18,934.8668,920.8438,990.99,7,6.0,4.0,False
FIG,23.89,BASING,0.0,0,20,20,25.22,24.69,53,daily,3.35,32 bear-built-above · rel-vol 1.1x · regime FAVORABLE,False,22,23.89,23.5316,25.22,279,5.57,3.71,False
FIGR,35.61,BASING,0.0,0,19,19,36.05,35.96,9,weekly,0.98,19 bear-built-above · rel-vol 0.6x · regime FAVORABLE,False,21,35.61,35.0758,36.05,187,1.24,0.82,False
FIS,41.89,BASING,0.0,0,20,20,44.78,44.26,53,daily,5.66,7 bear-built-above · rel-vol 1.3x · regime FAVORABLE,False,21,41.89,41.2617,44.78,159,6.9,4.6,False
FISV,52.8014,BASING,0.0,0,16,16,62.15,57.82,433,daily,9.5,4 bear-built-above · rel-vol 1.1x · regime FAVORABLE,False,16,52.8014,52.0094,62.15,126,17.71,11.8,False
FIVE,253.0,BASING,0.0,0,18,18,265.1,258.27,684,1h,2.08,3 bear-built-above · rel-vol 1.6x · regime FAVORABLE,False,19,253.0,249.205,265.1,26,4.78,3.19,False
FIVN,33.31,BASING,0.0,0,16,16,34.1,33.492,61,daily,0.55,16 bear-built-above · rel-vol 1.1x · regime FAVORABLE,False,16,33.31,32.8103,34.1,200,2.37,1.58,False
FIX,1612.01,BASING,0.0,0,17,17,1655.61,1630.0,2561,weekly,1.12,rel-vol 0.7x · regime FAVORABLE,False,17,1612.01,1587.8299,1655.61,4,2.7,1.8,False
FLNC,10.35,BASING,0.0,0,20,20,11.34,11.13,21,weekly,7.54,33 bear-built-above · rel-vol 0.6x · regime FAVORABLE,False,20,10.35,10.1947,11.34,644,9.57,6.38,False
FLO,6.28,BASING,0.0,0,20,20,6.45,6.36,9,daily,1.27,31 bear-built-above · rel-vol 0.8x · regime FAVORABLE,False,20,6.28,6.1858,6.45,1061,2.71,1.8,False
FLR,56.2,BASING,0.0,0,10,10,56.33,56.2901,4,45m,0.16,10 bear-built-above · rel-vol 0.9x · regime FAVORABLE,True,14,56.2,55.357,56.33,118,0.23,0.15,False
FLUT,100.6,BASING,0.0,0,19,19,123.0,110.04,1296,daily,9.38,9 bear-built-above · rel-vol 1.0x · regime FAVORABLE,False,19,100.6,99.091,123.0,66,22.27,14.84,False
FLY,21.6,BASING,0.0,0,20,20,24.45,23.64,81,weekly,9.44,5 bear-built-above · rel-vol 0.7x · regime FAVORABLE,False,22,21.6,21.276,24.45,308,13.19,8.8,False
FLYE,1.8,BASING,0.0,0,15,15,1.9952,1.95,5,4h,8.33,15 bear-built-above · rel-vol 0.1x · regime FAVORABLE,False,15,1.8,1.773,1.9952,3703,10.84,7.23,False
FMC,13.0,BASING,0.0,0,13,13,14.79,14.7,9,daily,13.08,10 bear-built-above · rel-vol 0.9x · regime FAVORABLE,False,14,13.0,12.805,14.79,512,13.77,9.18,False
FNB,18.68,BASING,0.0,0,10,10,19.045,18.96,9,4h,1.5,rel-vol 1.0x · regime FAVORABLE,False,12,18.68,18.3998,19.045,356,1.95,1.3,False
FNGR,0.194,BASING,0.0,0,5,5,0.223,0.2064,2,daily,6.39,4 bear-built-above · rel-vol 0.1x · regime FAVORABLE,False,5,0.194,0.1911,0.223,34364,14.95,9.97,False
FNGU,32.5807,BASING,0.0,0,20,20,34.24,34.2,4,4h,4.97,25 bear-built-above · rel-vol 1.2x · regime FAVORABLE,False,27,32.5807,32.092,34.24,204,5.09,3.4,False
FNV,264.68,BASING,0.0,0,4,4,276.175,266.01,1017,4h,0.5,3 bear-built-above · rel-vol 0.6x · regime FAVORABLE,False,6,264.68,260.7098,276.175,25,4.34,2.9,False
FORM,104.85,BASING,0.0,0,18,18,114.16,110.63,354,weekly,5.51,rel-vol 1.0x · regime FAVORABLE,False,18,104.85,103.2772,114.16,63,8.88,5.92,False
FOUR,46.1988,BASING,0.0,0,20,20,53.38,47.45,593,daily,2.71,1 bear-built-above · rel-vol 1.1x · regime FAVORABLE,False,20,46.1988,45.5058,53.38,144,15.54,10.36,False
FPS,31.01,BASING,0.0,0,17,17,33.18,32.92,26,weekly,6.16,6 bear-built-above · rel-vol 0.9x · regime FAVORABLE,False,17,31.01,30.5449,33.18,214,7.0,4.67,False
FRMI,5.13,BASING,0.0,0,19,19,5.92,5.84,9,weekly,13.84,rel-vol 0.7x · regime FAVORABLE,False,19,5.13,5.053,5.92,1299,15.4,10.27,False
FRO,47.14,BASING,0,0,0,0,,,,,0,rel-vol 1.3x · regime FAVORABLE,True,0,47.14,46.4329,51.854,141,10.0,6.67,False
FROG,86.496,BASING,0.0,0,20,20,90.61,89.75,86,daily,3.76,41 bear-built-above · rel-vol 0.8x · regime FAVORABLE,False,20,86.496,85.1986,90.61,77,4.76,3.17,False
FRPT,70.24,BASING,0.0,0,20,20,80.33,79.68,65,daily,13.44,5 bear-built-above · rel-vol 0.7x · regime FAVORABLE,False,21,70.24,69.1864,80.33,94,14.37,9.58,False
FRSH,12.65,BASING,0.0,0,17,17,13.36,13.012,35,daily,2.86,32 bear-built-above · rel-vol 0.7x · regime FAVORABLE,False,21,12.65,12.4603,13.36,527,5.61,3.74,False
FRVO,18.17,BASING,0.0,0,20,20,20.305,20.29,2,1h,11.67,14 bear-built-above · rel-vol 1.1x · regime FAVORABLE,False,20,18.17,17.8975,20.305,366,11.75,7.83,False
FSK,12.52,BASING,0.0,0,14,14,12.97,12.8,17,weekly,2.24,rel-vol 0.8x · regime FAVORABLE,False,14,12.52,12.3322,12.97,532,3.59,2.4,False
FSLY,20.28,BASING,0.0,0,19,19,31.5,22.8,870,daily,12.43,24 bear-built-above · rel-vol 0.5x · regime FAVORABLE,False,21,20.28,19.9758,31.5,328,55.33,36.88,False
FSM,12.1,BASING,0.0,0,19,19,13.56,12.66,91,daily,4.63,14 bear-built-above · rel-vol 0.9x · regime FAVORABLE,False,20,12.1,11.9185,13.56,550,12.07,8.04,False
FTAI,196.28,BASING,0.0,0,17,17,209.7,207.61,209,weekly,5.77,6 bear-built-above · rel-vol 0.9x · regime FAVORABLE,False,17,196.28,193.3358,209.7,33,6.84,4.56,False
FTI,79.85,BASING,0.0,0,15,15,80.08,80.01,7,45m,0.2,15 bear-built-above · rel-vol 0.9x · regime FAVORABLE,True,15,79.85,78.6522,80.08,83,0.29,0.19,False
FTNT,156.26,BASING,0.0,0,19,19,172.99,172.58,41,30m,10.44,27 bear-built-above · rel-vol 0.7x · regime FAVORABLE,False,19,156.26,153.9161,172.99,42,10.71,7.14,False
FUL,53.89,BASING,0.0,0,19,19,57.0,56.41,60,daily,4.68,22 bear-built-above · rel-vol 0.7x · regime FAVORABLE,False,19,53.89,53.0817,57.0,123,5.77,3.85,False
FUN,15.59,BASING,0.0,0,20,20,17.96,17.52,45,daily,12.38,12 bear-built-above · rel-vol 1.1x · regime FAVORABLE,False,20,15.59,15.3561,17.96,427,15.2,10.13,False
FUTU,120.67,BASING,0.0,0,20,20,134.64,134.38,26,weekly,11.36,29 bear-built-above · rel-vol 0.5x · regime FAVORABLE,False,20,120.67,118.8599,134.64,55,11.58,7.72,False
G,37.32,BASING,0.0,0,17,17,49.55,42.04,751,daily,12.65,27 bear-built-above · rel-vol 0.6x · regime FAVORABLE,False,17,37.32,36.7602,49.55,178,32.77,21.85,False
GAP,22.26,BASING,0.0,0,18,18,23.48,22.98,50,daily,3.23,23 bear-built-above · rel-vol 0.9x · regime FAVORABLE,False,18,22.26,21.9261,23.48,299,5.48,3.65,False
GBTC,60.72,BASING,0.0,0,20,20,65.37,60.89,449,weekly,0.28,38 bear-built-above · rel-vol 0.9x · regime FAVORABLE,False,24,60.72,59.8092,65.37,109,7.66,5.11,False
GDDY,101.006,BASING,0.0,0,20,20,113.54,112.85,70,weekly,11.73,10 bear-built-above · rel-vol 0.9x · regime FAVORABLE,False,24,101.006,99.4909,113.54,66,12.41,8.27,False
GDX,98.01,BASING,0.0,0,20,20,115.34,107.49,786,daily,9.67,19 bear-built-above · rel-vol 0.8x · regime FAVORABLE,False,24,98.01,96.5399,115.34,68,17.68,11.79,False
GDXD,16.99,BASING,0.0,0,20,20,19.0,17.855,115,daily,5.09,17 bear-built-above · rel-vol 1.2x · regime FAVORABLE,False,20,16.99,16.7351,19.0,392,11.83,7.89,False
GDXJ,127.43,BASING,0.0,0,19,19,155.03,144.18,1085,daily,13.14,40 bear-built-above · rel-vol 0.7x · regime FAVORABLE,False,21,127.43,125.5186,155.03,52,21.66,14.44,False
GEHC,68.32,BASING,0.0,0,20,20,80.16,78.29,187,daily,14.59,20 bear-built-above · rel-vol 1.1x · regime FAVORABLE,False,20,68.32,67.2952,80.16,97,17.33,11.55,False
GEN,30.65,BASING,0.0,0,7,7,31.07,31.06,2,daily,1.34,7 bear-built-above · rel-vol 0.9x · regime FAVORABLE,True,12,30.65,30.1902,31.07,217,1.37,0.91,False
GENB,16.38,BASING,0.0,0,18,18,17.76,17.73,4,1h,8.24,13 bear-built-above · rel-vol 0.5x · regime FAVORABLE,False,18,16.38,16.1343,17.76,407,8.42,5.62,False
GENI,7.4883,BASING,0.0,0,20,20,8.02,7.95,7,weekly,6.17,18 bear-built-above · rel-vol 0.7x · regime FAVORABLE,False,21,7.4883,7.376,8.02,890,7.1,4.73,False
GEO,31.7,BASING,0.0,0,10,10,33.48,33.38,10,daily,5.3,6 bear-built-above · rel-vol 0.6x · regime FAVORABLE,False,10,31.7,31.2245,33.48,210,5.62,3.74,False
GERN,1.56,BASING,0.0,0,2,2,2.37,1.73,65,daily,10.9,rel-vol 1.2x · regime FAVORABLE,False,4,1.56,1.5366,2.37,4273,51.92,34.62,False
GEV,942.9,BASING,0.0,0,19,19,1072.67,1046.895,2578,daily,11.03,7 bear-built-above · rel-vol 0.6x · regime FAVORABLE,False,19,942.9,928.7565,1072.67,7,13.76,9.18,False
GFI,47.3,BASING,0.0,0,12,12,57.92,51.665,626,daily,9.23,6 bear-built-above · rel-vol 1.1x · regime FAVORABLE,False,14,47.3,46.5905,57.92,140,22.45,14.97,False
GFL,43.73,BASING,0.0,0,4,4,50.04,49.66,39,weekly,13.56,rel-vol 1.2x · regime FAVORABLE,True,4,43.73,43.074,50.04,152,14.43,9.62,False
GGAL,44.36,BASING,0.0,0,14,14,46.88,45.88,100,4h,3.43,5 bear-built-above · rel-vol 0.5x · regime FAVORABLE,False,14,44.36,43.6946,46.88,150,5.68,3.79,False
GGB,4.975,BASING,0.0,0,1,1,5.08,5.05,4,5m,1.51,1 bear-built-above · rel-vol 0.7x · regime FAVORABLE,True,2,4.975,4.9004,5.08,1340,2.11,1.41,False
GGLL,96.8,BASING,0.0,0,16,16,110.53,109.94,60,daily,13.57,31 bear-built-above · rel-vol 1.1x · regime FAVORABLE,False,16,96.8,95.348,110.53,68,14.18,9.46,False
GH,162.9,BASING,0.0,0,9,9,172.62,172.51,12,1h,5.9,rel-vol 1.2x · regime FAVORABLE,True,10,162.9,160.4565,172.62,40,5.97,3.98,False
GIL,53.41,BASING,0.0,0,17,17,56.72,56.17,55,weekly,5.17,13 bear-built-above · rel-vol 0.9x · regime FAVORABLE,False,17,53.41,52.6088,56.72,124,6.2,4.13,False
GIS,38.28,BASING,0.0,0,20,20,40.58,40.0,58,daily,4.49,54 bear-built-above · rel-vol 1.0x · regime FAVORABLE,False,20,38.28,37.7058,40.58,174,6.01,4.01,False
GKOS,177.47,BASING,0.0,0,20,20,179.87,178.67,121,weekly,0.68,8 bear-built-above · rel-vol 0.9x · regime FAVORABLE,False,20,177.47,174.808,179.87,37,1.35,0.9,False
GLBE,38.25,BASING,0.0,0,20,20,39.95,39.66,30,weekly,3.69,11 bear-built-above · rel-vol 0.6x · regime FAVORABLE,False,21,38.25,37.6762,39.95,174,4.44,2.96,False
GLL,22.3,BASING,0.0,0,19,19,26.12,24.61,152,daily,10.36,32 bear-built-above · rel-vol 1.4x · regime FAVORABLE,False,21,22.3,21.9655,26.12,298,17.13,11.42,False
GLOB,39.13,BASING,0.0,0,20,20,42.28,41.48,81,daily,6.01,18 bear-built-above · rel-vol 0.6x · regime FAVORABLE,False,20,39.13,38.5431,42.28,170,8.05,5.37,False
GLW,153.81,BASING,0.0,0,17,17,169.74,161.65,810,daily,5.1,6 bear-built-above · rel-vol 1.0x · regime HOSTILE,False,19,153.81,151.5028,169.74,43,10.36,6.9,False
GLWG,13.86,BASING,0.0,0,10,10,17.19,15.6,160,daily,12.55,3 bear-built-above · rel-vol 0.8x · regime FAVORABLE,False,11,13.86,13.6521,17.19,481,24.03,16.02,False
GLXY,25.96,BASING,0.0,0,13,13,28.53,27.54,100,daily,6.09,10 bear-built-above · rel-vol 0.6x · regime FAVORABLE,False,17,25.96,25.5706,28.53,256,9.9,6.6,False
GME,19.19,BASING,0.0,0,19,19,21.28,20.46,83,weekly,6.62,15 bear-built-above · rel-vol 1.2x · regime FAVORABLE,False,19,19.19,18.9022,21.28,347,10.89,7.26,False
GMED,78.15,BASING,0.0,0,19,19,82.97,82.07,91,weekly,5.02,24 bear-built-above · rel-vol 0.9x · regime FAVORABLE,False,19,78.15,76.9778,82.97,85,6.17,4.11,False
GMEX,0.9884,BASING,0.0,0,3,3,1.0191,1.0109,1,10m,2.28,3 bear-built-above · rel-vol 0.3x · regime HOSTILE,False,5,0.9884,0.9736,1.0191,6744,3.11,2.07,False
GNRC,187.35,BASING,0.0,0,19,19,205.98,203.34,264,weekly,8.53,rel-vol 0.6x · regime FAVORABLE,False,19,187.35,184.5397,205.98,35,9.94,6.63,False
GOF,9.34,BASING,0.0,0,20,20,9.69,9.61,9,weekly,2.89,43 bear-built-above · rel-vol 0.5x · regime FAVORABLE,False,20,9.34,9.1999,9.69,713,3.75,2.5,False
GOLD,45.68,BASING,0.0,0,10,10,52.42,51.07,136,weekly,11.8,1 bear-built-above · rel-vol 2.4x · regime FAVORABLE,False,11,45.68,44.9948,52.42,145,14.75,9.84,False
GOOG,333.33,BASING,0.0,0,18,18,383.86,381.225,264,daily,14.37,30 bear-built-above · rel-vol 0.8x · regime HOSTILE,False,19,333.33,328.33,383.86,20,15.16,10.11,False
GOOGL,336.48,BASING,0.0,0,20,20,388.0,385.24,276,daily,14.49,22 bear-built-above · rel-vol 1.0x · regime HOSTILE,False,21,336.48,331.4328,388.0,19,15.31,10.21,False
GOSS,0.1796,BASING,0.0,0,9,9,0.2019,0.1991,1,30m,10.86,rel-vol 0.4x · regime FAVORABLE,False,9,0.1796,0.1769,0.2019,37119,12.42,8.28,False
GPI,301.23,BASING,0.0,0,10,10,353.06,338.22,1484,daily,12.28,rel-vol 2.4x · regime FAVORABLE,False,10,301.23,296.7115,353.06,22,17.21,11.47,False
GPK,10.39,BASING,0.0,0,20,20,11.56,11.51,6,weekly,10.78,18 bear-built-above · rel-vol 1.6x · regime FAVORABLE,False,21,10.39,10.2341,11.56,641,11.26,7.51,False
GPN,92.54,BASING,0.0,0,13,13,100.77,98.98,179,weekly,6.96,5 bear-built-above · rel-vol 1.1x · regime FAVORABLE,False,15,92.54,91.1519,100.77,72,8.89,5.93,False
GPRO,1.78,BASING,0.0,0,8,8,1.899,1.8924,1,15m,6.31,7 bear-built-above · rel-vol 3.6x · regime HOSTILE,False,9,1.78,1.7533,1.899,3745,6.69,4.46,False
GPUS,0.1848,BASING,0.0,0,9,9,0.1912,0.1855,1,daily,0.38,9 bear-built-above · rel-vol 2.4x · regime HOSTILE,False,9,0.1848,0.182,0.1912,36075,3.46,2.31,False
GRAB,3.4097,BASING,0.0,0,18,18,3.485,3.48,1,45m,2.06,18 bear-built-above · rel-vol 0.8x · regime FAVORABLE,False,18,3.4097,3.3586,3.485,1955,2.21,1.47,False
GRAF,10.82,BASING,0.0,0,3,3,11.355,11.055,31,45m,2.17,rel-vol 0.0x · regime FAVORABLE,False,3,10.82,10.6577,11.355,616,4.94,3.3,False
GRAL,80.51,BASING,0.0,0,10,10,84.03,83.85,19,10m,4.15,9 bear-built-above · rel-vol 0.7x · regime FAVORABLE,False,10,80.51,79.3024,84.03,82,4.37,2.91,False
GT,6.25,BASING,0.0,0,1,1,6.41,6.405,1,30m,2.48,rel-vol 0.6x · regime FAVORABLE,True,1,6.25,6.1562,6.41,1066,2.56,1.71,False
GTLB,49.32,BASING,0.0,0,15,15,56.38,54.41,198,weekly,10.32,6 bear-built-above · rel-vol 0.9x · regime FAVORABLE,True,17,49.32,48.5802,56.38,135,14.31,9.54,False
GTM,4.13,BASING,0.0,0,9,9,4.36,4.28,9,15m,3.63,5 bear-built-above · rel-vol 0.8x · regime FAVORABLE,False,9,4.13,4.068,4.36,1614,5.57,3.71,False
GWRE,160.93,BASING,0.0,0,20,20,198.0,167.55,3045,daily,4.11,17 bear-built-above · rel-vol 3.4x · regime HOSTILE,False,20,160.93,158.5161,198.0,41,23.03,15.36,False
GXO,48.32,BASING,0.0,0,16,16,56.22,52.255,397,weekly,8.14,1 bear-built-above · rel-vol 0.9x · regime FAVORABLE,False,16,48.32,47.5952,56.22,137,16.35,10.9,False
HACK,110.47,BASING,0.0,0,20,20,117.0,115.65,135,4h,4.69,32 bear-built-above · rel-vol 0.3x · regime FAVORABLE,True,20,110.47,108.813,117.0,60,5.91,3.94,False
HAE,102.92,BASING,0.0,0,20,20,103.96,103.06,90,weekly,0.14,9 bear-built-above · rel-vol 0.6x · regime FAVORABLE,False,20,102.92,101.3762,103.96,64,1.01,0.67,False
HAL,37.39,BASING,0.0,0,20,20,39.55,38.75,80,weekly,3.64,11 bear-built-above · rel-vol 1.2x · regime FAVORABLE,False,23,37.39,36.8291,39.55,178,5.78,3.85,False
HALO,109.79,BASING,0.0,0,9,9,111.0,110.4,60,1h,0.56,9 bear-built-above · rel-vol 0.5x · regime FAVORABLE,True,9,109.79,108.1432,111.0,60,1.1,0.73,False
HAO,3.2,BASING,0.0,0,7,7,3.69,3.66,3,daily,14.37,6 bear-built-above · rel-vol 0.2x · regime FAVORABLE,False,7,3.2,3.152,3.69,2083,15.31,10.21,False
HBAN,17.06,BASING,0.0,0,20,20,18.24,17.405,84,daily,2.02,2 bear-built-above · rel-vol 0.7x · regime FAVORABLE,False,20,17.06,16.8041,18.24,390,6.92,4.61,False
HBM,27.3,BASING,0.0,0,18,18,28.66,27.6,106,daily,1.1,16 bear-built-above · rel-vol 0.5x · regime FAVORABLE,False,18,27.3,26.8905,28.66,244,4.98,3.32,False
HCA,403.25,BASING,0.0,0,18,18,472.23,432.46,3978,daily,7.24,15 bear-built-above · rel-vol 0.8x · regime FAVORABLE,False,18,403.25,397.2013,472.23,16,17.11,11.4,False
HCC,104.45,BASING,0.0,0,20,20,109.72,109.57,16,1h,4.9,30 bear-built-above · rel-vol 0.7x · regime FAVORABLE,True,21,104.45,102.8833,109.72,63,5.05,3.36,False
HIMS,27.6615,BASING,0.0,0,18,18,28.84,28.67,17,weekly,3.65,12 bear-built-above · rel-vol 0.6x · regime FAVORABLE,False,18,27.6615,27.2466,28.84,241,4.26,2.84,False
HIVE,3.04,BASING,0.0,0,11,11,3.21,3.2081,1,30m,5.53,7 bear-built-above · rel-vol 0.6x · regime FAVORABLE,False,11,3.04,2.9944,3.21,2192,5.59,3.73,False
HL,20.33,BASING,0.0,0,19,19,24.34,22.47,188,daily,10.53,26 bear-built-above · rel-vol 0.5x · regime FAVORABLE,False,23,20.33,20.025,24.34,327,19.72,13.15,False
HLI,137.11,BASING,0.0,0,19,19,147.19,145.77,142,daily,6.32,2 bear-built-above · rel-vol 0.9x · regime FAVORABLE,True,19,137.11,135.0534,147.19,48,7.35,4.9,False
HLNE,103.2,BASING,0.0,0,20,20,113.0,111.77,124,daily,8.3,21 bear-built-above · rel-vol 0.6x · regime FAVORABLE,False,24,103.2,101.652,113.0,64,9.5,6.33,False
HMY,20.14,BASING,0.0,0,19,19,24.5,22.36,215,daily,11.02,9 bear-built-above · rel-vol 0.8x · regime FAVORABLE,False,19,20.14,19.8379,24.5,331,21.65,14.43,False
HNGE,92.4,BASING,0.0,0,5,5,94.0,92.61,140,10m,0.23,3 bear-built-above · rel-vol 0.7x · regime FAVORABLE,False,5,92.4,91.014,94.0,72,1.73,1.15,False
HNRG,16.6,BASING,0.0,0,15,15,17.53,17.19,34,weekly,3.55,7 bear-built-above · rel-vol 0.6x · regime FAVORABLE,False,15,16.6,16.351,17.53,401,5.6,3.73,False
HODU,15.47,BASING,0.0,0,19,19,16.46,15.6,87,1h,0.84,19 bear-built-above · rel-vol 0.9x · regime FAVORABLE,False,19,15.47,15.2379,16.46,430,6.4,4.27,False
HOG,28.4,BASING,0.0,0,8,8,32.59,32.32,28,weekly,13.8,6 bear-built-above · rel-vol 0.7x · regime FAVORABLE,False,8,28.4,27.974,32.59,234,14.75,9.84,False
HONA,160.616,BASING,0.0,0,20,20,162.37,161.01,137,weekly,0.25,15 bear-built-above · rel-vol 0.9x · regime FAVORABLE,False,20,160.616,158.2068,162.37,41,1.09,0.73,False
HOOD,119.6,BASING,0.0,0,18,18,135.26,131.775,349,daily,10.18,20 bear-built-above · rel-vol 1.1x · regime HOSTILE,False,18,119.6,117.806,135.26,55,13.09,8.73,False
HOOG,37.8,BASING,0.0,0,20,20,41.0,39.86,115,10m,5.45,30 bear-built-above · rel-vol 1.0x · regime FAVORABLE,False,20,37.8,37.233,41.0,176,8.47,5.64,False
HP,44.36,BASING,0.0,0,20,20,45.02,44.59,43,daily,0.52,51 bear-built-above · rel-vol 0.6x · regime FAVORABLE,True,20,44.36,43.6946,45.02,150,1.49,0.99,False
HPE,51.32,BASING,0.0,0,20,20,57.61,55.86,175,daily,8.85,17 bear-built-above · rel-vol 1.4x · regime HOSTILE,False,23,51.32,50.5502,57.61,129,12.26,8.17,False
HPQ,32.35,BASING,0.0,0,10,10,39.1,36.56,254,daily,13.01,6 bear-built-above · rel-vol 0.9x · regime FAVORABLE,True,11,32.35,31.8648,39.1,206,20.87,13.91,False
HRI,140.92,BASING,0.0,0,20,20,151.07,149.81,126,daily,6.31,12 bear-built-above · rel-vol 1.3x · regime FAVORABLE,False,22,140.92,138.8062,151.07,47,7.2,4.8,False
HRMY,42.25,BASING,0.0,0,6,6,43.0,42.94,7,1h,1.63,6 bear-built-above · rel-vol 1.0x · regime FAVORABLE,True,9,42.25,41.6163,43.0,157,1.78,1.18,False
HSAI,18.53,BASING,0.0,0,14,14,21.66,21.18,49,daily,14.3,3 bear-built-above · rel-vol 0.9x · regime FAVORABLE,False,14,18.53,18.2521,21.66,359,16.89,11.26,False
HTFL,48.56,BASING,0.0,0,17,17,49.1,49.065,4,5m,1.04,17 bear-built-above · rel-vol 0.6x · regime FAVORABLE,False,17,48.56,47.8316,49.1,137,1.11,0.74,False
HTZ,2.25,BASING,0.0,0,20,20,2.37,2.36,2,45m,4.89,16 bear-built-above · rel-vol 0.2x · regime FAVORABLE,False,20,2.25,2.2163,2.37,2962,5.33,3.56,False
HUBG,36.68,BASING,0.0,0,19,19,39.61,39.55,7,weekly,7.82,52 bear-built-above · rel-vol 0.6x · regime FAVORABLE,False,19,36.68,36.1298,39.61,181,7.99,5.33,False
HUBS,250.5,BASING,0.0,0,10,10,286.84,283.64,320,daily,13.23,6 bear-built-above · rel-vol 0.5x · regime FAVORABLE,False,11,250.5,246.7425,286.84,26,14.51,9.67,False
HUM,401.54,BASING,0.0,0,20,20,428.8,424.54,426,30m,5.73,20 bear-built-above · rel-vol 0.8x · regime FAVORABLE,True,20,401.54,395.5169,428.8,16,6.79,4.53,False
HUMA,0.61,BASING,0.0,0,20,20,0.6501,0.65,1,weekly,6.56,22 bear-built-above · rel-vol 0.3x · regime FAVORABLE,False,20,0.61,0.6008,0.6501,10928,6.57,4.38,False
HYMC,22.3,BASING,0.0,0,16,16,23.3,22.69,61,daily,1.75,22 bear-built-above · rel-vol 0.9x · regime FAVORABLE,False,16,22.3,21.9655,23.3,298,4.48,2.99,False
IAG,20.31,BASING,0.0,0,18,18,24.25,22.52,174,daily,10.88,29 bear-built-above · rel-vol 0.4x · regime FAVORABLE,False,18,20.31,20.0053,24.25,328,19.4,12.93,False
IAUX,1.78,BASING,0.0,0,13,13,2.05,1.89,16,daily,6.18,7 bear-built-above · rel-vol 0.4x · regime FAVORABLE,False,13,1.78,1.7533,2.05,3745,15.17,10.11,False
IBIT,44.44,BASING,0.0,0,17,17,50.7,49.685,102,weekly,11.8,10 bear-built-above · rel-vol 0.9x · regime FAVORABLE,False,19,44.44,43.7734,50.7,150,14.09,9.39,False
IBKR,92.5,BASING,0.0,0,18,18,95.5,94.625,88,daily,2.3,32 bear-built-above · rel-vol 0.6x · regime FAVORABLE,True,18,92.5,91.1125,95.5,72,3.24,2.16,False
IBM,232.73,BASING,0.0,0,17,17,234.89,234.83,6,45m,0.9,11 bear-built-above · rel-vol 0.8x · regime FAVORABLE,False,19,232.73,229.239,234.89,28,0.93,0.62,False
IBP,238.31,BASING,0.0,0,6,6,291.5,259.5,3200,daily,8.89,rel-vol 0.8x · regime FAVORABLE,False,6,238.31,234.7354,291.5,27,22.32,14.88,False
IBRX,8.04,BASING,0.0,0,10,10,8.3898,8.36,3,10m,3.98,5 bear-built-above · rel-vol 0.6x · regime FAVORABLE,False,11,8.04,7.9194,8.3898,829,4.35,2.9,False
ICE,161.26,BASING,0.0,0,19,19,169.0,168.46,54,weekly,4.46,10 bear-built-above · rel-vol 1.0x · regime FAVORABLE,False,19,161.26,158.8411,169.0,41,4.8,3.2,False
ICLR,164.85,BASING,0.0,0,20,20,202.92,188.22,1470,daily,14.18,9 bear-built-above · rel-vol 1.5x · regime FAVORABLE,False,22,164.85,162.3773,202.92,40,23.09,15.4,False
IDCC,337.94,BASING,0.0,0,20,20,342.42,341.49,94,weekly,1.05,rel-vol 0.6x · regime FAVORABLE,False,21,337.94,332.8709,342.42,19,1.33,0.88,False
IESC,322.57,BASING,0.0,0,20,20,342.52,338.585,394,weekly,4.96,3 bear-built-above · rel-vol 1.3x · regime FAVORABLE,False,20,322.57,317.7314,342.52,20,6.18,4.12,False
IGV,104.13,BASING,0.0,0,20,20,115.7,113.4,230,daily,8.9,43 bear-built-above · rel-vol 1.1x · regime FAVORABLE,False,24,104.13,102.568,115.7,64,11.11,7.41,False
ILMN,220.0,BASING,0.0,0,20,20,225.49,224.73,77,daily,2.15,16 bear-built-above · rel-vol 1.0x · regime FAVORABLE,False,20,220.0,216.7,225.49,30,2.5,1.66,False
IMAX,51.64,BASING,0.0,0,17,17,54.3754,52.35,203,1h,1.37,6 bear-built-above · rel-vol 0.4x · regime FAVORABLE,False,17,51.64,50.8654,54.3754,129,5.3,3.53,False
IMMX,13.45,BASING,0.0,0,20,20,13.835,13.6222,22,45m,1.28,12 bear-built-above · rel-vol 0.7x · regime FAVORABLE,False,21,13.45,13.2482,13.835,495,2.86,1.91,False
IMNM,26.76,BASING,0.0,0,20,20,27.57,27.48,9,weekly,2.69,17 bear-built-above · rel-vol 0.5x · regime FAVORABLE,False,21,26.76,26.3586,27.57,249,3.03,2.02,False
IMVT,39.25,BASING,0.0,0,20,20,41.2,40.96,25,weekly,4.36,12 bear-built-above · rel-vol 0.6x · regime FAVORABLE,False,20,39.25,38.6613,41.2,169,4.97,3.31,False
INBX,121.17,BASING,0.0,0,20,20,140.0,139.04,97,4h,14.75,20 bear-built-above · rel-vol 0.7x · regime FAVORABLE,False,20,121.17,119.3525,140.0,55,15.54,10.36,False
INDI,3.57,BASING,0.0,0,19,19,4.15,4.055,10,weekly,13.59,22 bear-built-above · rel-vol 0.4x · regime FAVORABLE,False,21,3.57,3.5164,4.15,1867,16.25,10.83,False
INFQ,12.8829,BASING,0.0,0,10,10,14.32,13.93,40,daily,8.13,5 bear-built-above · rel-vol 0.6x · regime FAVORABLE,False,10,12.8829,12.6897,14.32,517,11.16,7.44,False
INGM,28.84,BASING,0.0,0,13,13,30.4,29.56,84,daily,2.5,4 bear-built-above · rel-vol 0.7x · regime FAVORABLE,False,14,28.84,28.4074,30.4,231,5.41,3.61,False
INHD,4.51,BASING,0.0,0,20,20,5.44,5.17,28,daily,14.63,19 bear-built-above · rel-vol 0.2x · regime FAVORABLE,False,20,4.51,4.4423,5.44,1478,20.62,13.75,False
INIO,20.77,BASING,0.0,0,20,20,23.16,22.68,49,weekly,9.2,4 bear-built-above · rel-vol 0.8x · regime FAVORABLE,False,20,20.77,20.4584,23.16,320,11.51,7.67,False
INOD,55.7246,BASING,0.0,0,20,20,63.97,62.82,115,weekly,12.73,28 bear-built-above · rel-vol 0.6x · regime FAVORABLE,False,23,55.7246,54.8887,63.97,119,14.8,9.86,False
INSM,126.29,BASING,0.0,0,19,19,144.48,143.3,118,weekly,13.47,1 bear-built-above · rel-vol 0.9x · regime FAVORABLE,False,19,126.29,124.3957,144.48,52,14.4,9.6,False
INSW,107.38,BASING,0,0,0,0,,,,,0,rel-vol 1.3x · regime FAVORABLE,False,2,107.38,105.7693,118.118,62,10.0,6.67,False
INTC,97.96,BASING,0.0,0,14,14,109.84,105.98,386,weekly,8.19,1 bear-built-above · rel-vol 1.0x · regime HOSTILE,True,20,97.96,96.4906,109.84,68,12.13,8.08,False
INTR,5.7,BASING,0.0,0,20,20,6.17,6.1,8,weekly,7.02,14 bear-built-above · rel-vol 0.7x · regime FAVORABLE,False,21,5.7,5.6145,6.17,1169,8.25,5.5,False
INTU,328.0755,BASING,0.0,0,20,20,358.06,356.05,201,weekly,8.53,37 bear-built-above · rel-vol 0.9x · regime FAVORABLE,False,20,328.0755,323.1544,358.06,20,9.14,6.09,False
IOND,76.17,BASING,0,0,0,0,,,,,0,rel-vol 0.5x · regime FAVORABLE,False,0,76.17,75.0275,83.787,87,10.0,6.67,False
IONQ,40.59,BASING,0.0,0,17,17,44.86,43.33,154,weekly,6.75,rel-vol 0.8x · regime HOSTILE,True,17,40.59,39.9811,44.86,164,10.52,7.01,False
IONS,51.05,BASING,0.0,0,19,19,57.99,57.81,18,45m,13.24,29 bear-built-above · rel-vol 1.2x · regime HOSTILE,False,19,51.05,50.2842,57.99,130,13.59,9.06,False
IOT,39.78,BASING,0.0,0,20,20,41.5691,41.52,5,30m,4.37,20 bear-built-above · rel-vol 3.9x · regime HOSTILE,False,25,39.78,39.1833,41.5691,167,4.5,3.0,False
IPGP,78.0,BASING,0.0,0,15,15,86.49,84.89,160,daily,8.83,5 bear-built-above · rel-vol 0.6x · regime FAVORABLE,False,15,78.0,76.83,86.49,85,10.88,7.26,False
IPST,3.85,BASING,0.0,0,20,20,4.71,4.34,38,daily,12.73,20 bear-built-above · rel-vol 0.0x · regime FAVORABLE,False,20,3.85,3.7923,4.71,1731,22.34,14.89,False
IQV,267.77,BASING,0.0,0,6,6,269.12,268.48,64,30m,0.27,6 bear-built-above · rel-vol 1.0x · regime FAVORABLE,False,9,267.77,263.7534,269.12,24,0.5,0.34,False
IRE,11.15,BASING,0.0,0,11,11,12.75,12.73,2,45m,14.17,8 bear-built-above · rel-vol 1.0x · regime FAVORABLE,False,11,11.15,10.9827,12.75,597,14.35,9.57,False
IREN,44.22,BASING,0.0,0,7,7,48.23,48.22,1,30m,9.05,5 bear-built-above · rel-vol 0.8x · regime HOSTILE,False,11,44.22,43.5567,48.23,150,9.07,6.05,False
IRTC,123.07,BASING,0.0,0,12,12,126.0,125.16,85,4h,1.7,rel-vol 0.8x · regime FAVORABLE,False,13,123.07,121.2239,126.0,54,2.38,1.59,False
ISPC,1.9603,BASING,0.0,0,3,3,2.25,2.21,5,weekly,12.74,rel-vol 7.6x · regime HOSTILE,True,5,1.9603,1.9309,2.25,3400,14.78,9.85,False
ISRG,363.58,BASING,0.0,0,20,20,407.12,396.1,1102,daily,8.94,28 bear-built-above · rel-vol 0.9x · regime FAVORABLE,False,20,363.58,358.1263,407.12,18,11.98,7.98,False
IT,186.42,BASING,0.0,0,20,20,212.7,212.6,10,daily,14.04,28 bear-built-above · rel-vol 0.7x · regime FAVORABLE,False,22,186.42,183.6237,212.7,35,14.1,9.4,False
ITUB,8.17,BASING,0.0,0,20,20,9.11,9.0,11,4h,10.16,8 bear-built-above · rel-vol 0.7x · regime FAVORABLE,False,20,8.17,8.0474,9.11,815,11.51,7.67,False
JAN,30.79,BASING,0.0,0,20,20,32.05,31.43,62,4h,2.08,14 bear-built-above · rel-vol 0.5x · regime FAVORABLE,False,20,30.79,30.3281,32.05,216,4.09,2.73,False
JAZZ,246.81,BASING,0.0,0,20,20,250.68,248.9,179,1h,0.85,7 bear-built-above · rel-vol 0.3x · regime FAVORABLE,False,20,246.81,243.1078,250.68,27,1.57,1.05,False
JBHT,273.77,BASING,0.0,0,20,20,288.3,287.7,61,weekly,5.09,rel-vol 1.1x · regime FAVORABLE,True,20,273.77,269.6634,288.3,24,5.31,3.54,False
JBLU,4.58,BASING,0.0,0,17,17,4.8,4.72,9,weekly,3.06,29 bear-built-above · rel-vol 0.7x · regime FAVORABLE,False,17,4.58,4.5113,4.8,1455,4.8,3.2,False
JEM,4.47,BASING,0.0,0,3,3,4.5894,4.58,1,5m,2.46,3 bear-built-above · rel-vol 0.0x · regime FAVORABLE,False,3,4.47,4.4029,4.5894,1491,2.67,1.78,False
JHX,30.41,BASING,0.0,0,13,13,33.86,33.43,43,weekly,9.93,rel-vol 1.4x · regime FAVORABLE,False,14,30.41,29.9538,33.86,219,11.34,7.56,False
JLHL,6.2312,BASING,0.0,0,10,10,6.28,6.27,2,weekly,0.62,10 bear-built-above · rel-vol 0.1x · regime FAVORABLE,False,10,6.2312,6.1377,6.28,1069,0.78,0.52,False
JMKE,20.91,BASING,0.0,0,20,20,22.46,22.31,16,weekly,6.7,42 bear-built-above · rel-vol 0.9x · regime FAVORABLE,False,20,20.91,20.5964,22.46,318,7.41,4.94,False
JNJ,276.5324,BASING,0.0,0,9,9,277.315,277.05,27,5m,0.19,9 bear-built-above · rel-vol 0.7x · regime FAVORABLE,False,9,276.5324,272.3844,277.315,24,0.28,0.19,False
JNUG,192.77,BASING,0.0,0,19,19,205.09,195.05,1004,daily,1.18,35 bear-built-above · rel-vol 0.6x · regime FAVORABLE,False,19,192.77,189.8785,205.09,34,6.39,4.26,False
JOBY,6.74,BASING,0.0,0,20,20,7.53,7.45,9,weekly,10.53,10 bear-built-above · rel-vol 0.9x · regime FAVORABLE,False,20,6.74,6.6389,7.53,989,11.72,7.81,False
JPM,355.0,BASING,0.0,0,19,19,359.84,359.67,17,30m,1.32,26 bear-built-above · rel-vol 0.9x · regime HOSTILE,True,19,355.0,349.675,359.84,18,1.36,0.91,False
KALU,164.19,BASING,0.0,0,14,14,182.97,176.942,603,daily,7.77,1 bear-built-above · rel-vol 0.5x · regime FAVORABLE,False,14,164.19,161.7271,182.97,40,11.44,7.63,False
KD,13.34,BASING,0.0,0,13,13,13.94,13.78,17,weekly,3.3,9 bear-built-above · rel-vol 0.9x · regime FAVORABLE,False,13,13.34,13.1399,13.94,499,4.5,3.0,False
KDP,32.61,BASING,0.0,0,18,18,36.68,35.33,136,daily,8.34,9 bear-built-above · rel-vol 0.6x · regime FAVORABLE,False,19,32.61,32.1208,36.68,204,12.48,8.32,False
KEEL,3.45,BASING,0.0,0,6,6,3.97,3.9,8,weekly,13.04,rel-vol 0.8x · regime FAVORABLE,False,6,3.45,3.3982,3.97,1932,15.07,10.05,False
KEY,22.18,BASING,0.0,0,20,20,23.88,23.65,24,1h,6.63,11 bear-built-above · rel-vol 1.0x · regime FAVORABLE,False,23,22.18,21.8473,23.88,300,7.66,5.11,False
KGC,30.55,BASING,0.0,0,19,19,36.79,34.97,183,daily,14.47,29 bear-built-above · rel-vol 0.6x · regime FAVORABLE,False,20,30.55,30.0918,36.79,218,20.43,13.62,False
KGS,62.59,BASING,0.0,0,17,17,69.98,67.44,255,1h,7.75,rel-vol 0.8x · regime FAVORABLE,True,20,62.59,61.6512,69.98,106,11.81,7.87,False
KHC,24.83,BASING,0.0,0,20,20,25.42,24.995,43,daily,0.66,38 bear-built-above · rel-vol 1.3x · regime HOSTILE,False,20,24.83,24.4575,25.42,268,2.38,1.58,False
KKR,107.99,BASING,0.0,0,20,20,114.01,112.9,111,daily,4.55,14 bear-built-above · rel-vol 0.8x · regime FAVORABLE,False,21,107.99,106.3701,114.01,61,5.57,3.72,False
KLAR,14.36,BASING,0.0,0,3,3,19.51,15.66,386,daily,9.05,rel-vol 1.1x · regime FAVORABLE,False,4,14.36,14.1446,19.51,464,35.86,23.91,False
KMI,31.5,BASING,0.0,0,19,19,33.69,33.63,6,weekly,6.76,32 bear-built-above · rel-vol 0.7x · regime FAVORABLE,False,19,31.5,31.0275,33.69,211,6.95,4.63,False
KMT,31.02,BASING,0.0,0,17,17,33.13,32.45,68,weekly,4.61,rel-vol 1.7x · regime FAVORABLE,False,17,31.02,30.5547,33.13,214,6.8,4.53,False
KMX,63.11,BASING,0.0,0,20,20,72.12,69.485,264,daily,10.1,rel-vol 0.7x · regime FAVORABLE,False,20,63.11,62.1634,72.12,105,14.28,9.52,False
KNX,71.99,BASING,0.0,0,13,13,76.43,76.18,25,weekly,5.82,rel-vol 1.3x · regime FAVORABLE,False,13,71.99,70.9101,76.43,92,6.17,4.11,False
KO,87.89,BASING,0.0,0,20,20,89.66,89.505,16,weekly,1.84,25 bear-built-above · rel-vol 1.2x · regime FAVORABLE,True,21,87.89,86.5717,89.66,75,2.01,1.34,False
KOLD,27.99,BASING,0.0,0,18,18,45.24,29.85,1539,weekly,6.65,17 bear-built-above · rel-vol 0.8x · regime FAVORABLE,False,19,27.99,27.5701,45.24,238,61.63,41.09,False
KOPN,4.18,BASING,0.0,0,19,19,4.44,4.25,20,daily,1.67,25 bear-built-above · rel-vol 0.5x · regime FAVORABLE,False,22,4.18,4.1173,4.44,1594,6.22,4.15,False
KOS,2.87,BASING,0.0,0,11,11,3.185,3.18,1,1h,10.8,9 bear-built-above · rel-vol 1.3x · regime FAVORABLE,False,13,2.87,2.827,3.185,2322,10.98,7.32,False
KR,58.1,BASING,0.0,0,17,17,61.82,59.42,240,daily,2.27,4 bear-built-above · rel-vol 0.7x · regime FAVORABLE,False,17,58.1,57.2285,61.82,114,6.4,4.27,False
KRMN,39.98,BASING,0.0,0,20,20,45.57,45.22,36,weekly,13.11,16 bear-built-above · rel-vol 0.9x · regime FAVORABLE,False,20,39.98,39.3803,45.57,166,13.98,9.32,False
KRYS,358.24,BASING,0.0,0,20,20,371.41,365.45,597,daily,2.01,17 bear-built-above · rel-vol 1.5x · regime FAVORABLE,False,20,358.24,352.8664,371.41,18,3.68,2.45,False
KSPI,108.8792,BASING,0.0,0,3,3,119.01,114.0,502,daily,4.7,rel-vol 0.6x · regime FAVORABLE,True,4,108.8792,107.246,119.01,61,9.3,6.2,False
KSS,19.488,BASING,0.0,0,3,3,21.8185,21.79,3,4h,11.81,1 bear-built-above · rel-vol 0.7x · regime FAVORABLE,False,7,19.488,19.1957,21.8185,342,11.96,7.97,False
KTB,73.59,BASING,0.0,0,20,20,76.99,76.1,90,weekly,3.41,18 bear-built-above · rel-vol 1.0x · regime FAVORABLE,False,20,73.59,72.4862,76.99,90,4.62,3.08,False
KTOS,47.68,BASING,0.0,0,19,19,52.0,51.695,31,weekly,8.42,19 bear-built-above · rel-vol 0.9x · regime FAVORABLE,False,19,47.68,46.9648,52.0,139,9.06,6.04,False
KVUE,18.7,BASING,0.0,0,20,20,20.71,20.66,6,weekly,10.48,8 bear-built-above · rel-vol 1.3x · regime FAVORABLE,False,20,18.7,18.4195,20.71,356,10.75,7.17,False
KVYO,18.7243,BASING,0.0,0,18,18,19.76,19.46,31,daily,3.93,22 bear-built-above · rel-vol 0.9x · regime FAVORABLE,False,18,18.7243,18.4434,19.76,356,5.53,3.69,False
KYMR,117.39,BASING,0.0,0,20,20,125.55,124.99,57,daily,6.47,9 bear-built-above · rel-vol 0.5x · regime FAVORABLE,False,20,117.39,115.6291,125.55,56,6.95,4.63,False
LABD,6.62,BASING,0.0,0,19,19,6.8,6.78,2,45m,2.42,10 bear-built-above · rel-vol 0.6x · regime FAVORABLE,False,19,6.62,6.5207,6.8,1007,2.72,1.81,False
LABU,293.59,BASING,0.0,0,20,20,328.13,322.785,535,daily,9.94,26 bear-built-above · rel-vol 0.5x · regime FAVORABLE,False,20,293.59,289.1861,328.13,22,11.76,7.84,False
LABX,11.51,BASING,0.0,0,20,20,13.44,12.09,135,daily,5.04,14 bear-built-above · rel-vol 1.8x · regime FAVORABLE,False,20,11.51,11.3373,13.44,579,16.77,11.18,False
LAC,3.0076,BASING,0.0,0,16,16,3.38,3.21,17,daily,6.73,4 bear-built-above · rel-vol 0.7x · regime FAVORABLE,False,16,3.0076,2.9625,3.38,2216,12.38,8.25,False
LASE,1.24,BASING,0.0,0,10,10,1.355,1.35,1,1h,8.87,3 bear-built-above · rel-vol 0.8x · regime FAVORABLE,False,10,1.24,1.2214,1.355,5376,9.27,6.18,False
LASR,40.16,BASING,0.0,0,19,19,44.69,44.36,33,daily,10.46,17 bear-built-above · rel-vol 1.1x · regime FAVORABLE,False,19,40.16,39.5576,44.69,166,11.28,7.52,False
LB,86.52,BASING,0.0,0,13,13,91.0,88.645,236,30m,2.46,3 bear-built-above · rel-vol 0.6x · regime FAVORABLE,True,14,86.52,85.2222,91.0,77,5.18,3.45,False
LBRDK,36.13,BASING,0.0,0,7,7,41.94,41.38,56,weekly,14.53,rel-vol 7.5x · regime FAVORABLE,False,7,36.13,35.5881,41.94,184,16.08,10.72,False
LBRT,20.59,BASING,0.0,0,12,12,22.15,22.0,15,daily,6.85,rel-vol 0.7x · regime FAVORABLE,False,12,20.59,20.2812,22.15,323,7.58,5.05,False
LCID,4.6101,BASING,0.0,0,13,13,5.01,4.92,9,weekly,6.72,13 bear-built-above · rel-vol 1.0x · regime FAVORABLE,False,13,4.6101,4.5409,5.01,1446,8.67,5.78,False
LEA,134.68,BASING,0.0,0,11,11,146.33,140.4,594,daily,4.25,rel-vol 0.9x · regime FAVORABLE,False,11,134.68,132.6598,146.33,49,8.65,5.77,False
LECO,276.44,BASING,0.0,0,20,20,281.23,277.89,335,daily,0.52,30 bear-built-above · rel-vol 0.5x · regime FAVORABLE,False,20,276.44,272.2934,281.23,24,1.73,1.16,False
LEGN,21.7,BASING,0.0,0,12,12,23.31,22.8,51,daily,5.07,1 bear-built-above · rel-vol 0.4x · regime FAVORABLE,False,15,21.7,21.3745,23.31,307,7.42,4.95,False
LEU,173.9,BASING,0.0,0,20,20,186.26,183.8,246,weekly,5.69,3 bear-built-above · rel-vol 1.8x · regime FAVORABLE,False,20,173.9,171.2915,186.26,38,7.11,4.74,False
LFTO,18.74,BASING,0.0,0,15,15,21.61,21.0,61,weekly,12.06,5 bear-built-above · rel-vol 0.8x · regime FAVORABLE,False,15,18.74,18.4589,21.61,355,15.31,10.21,False
LGCL,3.75,BASING,0.0,0,17,17,4.27,4.17,10,daily,11.2,11 bear-built-above · rel-vol 0.1x · regime FAVORABLE,False,17,3.75,3.6938,4.27,1777,13.87,9.24,False
LGHL,0.4015,BASING,0.0,0,16,16,0.4631,0.4436,2,daily,10.49,10 bear-built-above · rel-vol 0.1x · regime FAVORABLE,False,16,0.4015,0.3955,0.4631,16604,15.34,10.23,False
LIFE,39.58,BASING,0.0,0,3,3,40.495,40.4051,9,30m,2.08,rel-vol 0.8x · regime FAVORABLE,False,3,39.58,38.9863,40.495,168,2.31,1.54,False
LII,390.53,BASING,0.0,0,18,18,418.02,413.05,497,daily,5.77,rel-vol 1.0x · regime FAVORABLE,False,18,390.53,384.672,418.02,17,7.04,4.69,False
LITE,878.75,BASING,0.0,0,16,16,956.14,941.71,1443,daily,7.16,7 bear-built-above · rel-vol 0.8x · regime FAVORABLE,False,18,878.75,865.5688,956.14,7,8.81,5.87,False
LIVN,81.92,BASING,0.0,0,14,14,82.92,82.3675,56,30m,0.55,9 bear-built-above · rel-vol 0.6x · regime FAVORABLE,False,15,81.92,80.6912,82.92,81,1.22,0.81,False
LLY,1141.7687,BASING,0.0,0,17,17,1174.61,1168.47,614,weekly,2.34,31 bear-built-above · rel-vol 0.9x · regime FAVORABLE,False,17,1141.7687,1124.6422,1174.61,5,2.88,1.92,False
LMND,52.6353,BASING,0.0,0,19,19,54.94,54.45,49,daily,3.45,17 bear-built-above · rel-vol 0.8x · regime FAVORABLE,False,19,52.6353,51.8458,54.94,126,4.38,2.92,False
LNG,284.97,BASING,0.0,0,20,20,293.2674,292.43,84,1h,2.62,27 bear-built-above · rel-vol 1.8x · regime FAVORABLE,False,20,284.97,280.6955,293.2674,23,2.91,1.94,False
LOPE,152.67,BASING,0.0,0,17,17,159.31,156.67,265,4h,2.62,rel-vol 1.2x · regime FAVORABLE,False,17,152.67,150.3799,159.31,43,4.35,2.9,False
LPTH,9.8,BASING,0.0,0,18,18,11.23,11.1,14,weekly,13.27,11 bear-built-above · rel-vol 0.7x · regime FAVORABLE,False,18,9.8,9.653,11.23,680,14.59,9.73,False
LPX,68.55,BASING,0.0,0,20,20,71.26,70.33,94,weekly,2.6,22 bear-built-above · rel-vol 0.8x · regime FAVORABLE,False,20,68.55,67.5217,71.26,97,3.95,2.64,False
LQDA,68.52,BASING,0.0,0,20,20,74.44,73.26,118,weekly,6.92,10 bear-built-above · rel-vol 0.6x · regime FAVORABLE,False,20,68.52,67.4922,74.44,97,8.64,5.76,False
LRCX,310.0,BASING,0.0,0,17,17,350.33,335.0,1533,weekly,8.06,rel-vol 1.1x · regime FAVORABLE,False,20,310.0,305.35,350.33,21,13.01,8.67,False
LRN,84.68,BASING,0.0,0,16,16,151.56,85.02,6655,daily,0.4,23 bear-built-above · rel-vol 0.9x · regime FAVORABLE,False,16,84.68,83.4098,151.56,78,78.98,52.65,False
LSTR,177.92,BASING,0.0,0,16,16,207.97,200.28,769,daily,12.57,22 bear-built-above · rel-vol 0.8x · regime FAVORABLE,False,16,177.92,175.2512,207.97,37,16.89,11.26,False
LTH,43.23,BASING,0.0,0,20,20,44.8,44.35,45,daily,2.59,7 bear-built-above · rel-vol 0.6x · regime FAVORABLE,False,20,43.23,42.5815,44.8,154,3.63,2.42,False
LULU,100.21,BASING,0.0,0,14,14,121.15,100.61,2055,daily,0.4,13 bear-built-above · rel-vol 6.2x · regime FAVORABLE,False,14,100.21,98.7068,121.15,66,20.9,13.93,False
LUMN,6.7405,BASING,0.0,0,7,7,7.68,7.55,13,daily,12.01,4 bear-built-above · rel-vol 0.7x · regime FAVORABLE,False,7,6.7405,6.6394,7.68,989,13.94,9.29,False
LUNR,14.81,BASING,0.0,0,18,18,15.37,14.9,47,weekly,0.61,13 bear-built-above · rel-vol 0.5x · regime FAVORABLE,False,18,14.81,14.5878,15.37,450,3.78,2.52,False
LYB,63.7,BASING,0.0,0,18,18,67.53,66.37,116,daily,4.19,25 bear-built-above · rel-vol 0.7x · regime FAVORABLE,False,18,63.7,62.7445,67.53,104,6.01,4.01,False
LYFT,16.6786,BASING,0.0,0,19,19,18.33,18.085,25,weekly,8.43,18 bear-built-above · rel-vol 0.9x · regime FAVORABLE,False,19,16.6786,16.4284,18.33,399,9.9,6.6,False
MAIN,57.7,BASING,0.0,0,20,20,65.78,65.35,44,weekly,13.26,25 bear-built-above · rel-vol 0.8x · regime FAVORABLE,False,20,57.7,56.8345,65.78,115,14.0,9.34,False
MAIR,26.0,BASING,0.0,0,19,19,27.23,27.16,8,1h,4.46,12 bear-built-above · rel-vol 0.5x · regime FAVORABLE,False,19,26.0,25.61,27.23,256,4.73,3.15,False
MAN,61.98,BASING,0.0,0,14,14,72.54,70.58,197,daily,13.88,7 bear-built-above · rel-vol 0.7x · regime FAVORABLE,False,14,61.98,61.0503,72.54,107,17.04,11.36,False
MANE,98.51,BASING,0.0,0,20,20,102.82,100.0,282,weekly,1.51,12 bear-built-above · rel-vol 0.6x · regime FAVORABLE,False,20,98.51,97.0324,102.82,67,4.38,2.92,False
MARA,11.09,BASING,0.0,0,18,18,12.0899,12.085,1,45m,8.97,11 bear-built-above · rel-vol 0.8x · regime FAVORABLE,False,18,11.09,10.9237,12.0899,601,9.02,6.01,False
MAT,14.39,BASING,0.0,0,20,20,21.06,15.8,526,daily,9.8,18 bear-built-above · rel-vol 1.1x · regime FAVORABLE,False,20,14.39,14.1742,21.06,463,46.35,30.9,False
MATX,225.59,BASING,0.0,0,1,1,226.285,226.22,7,10m,0.28,1 bear-built-above · rel-vol 1.0x · regime FAVORABLE,True,1,225.59,222.2062,226.285,29,0.31,0.21,False
MBGL,20.8917,BASING,0.0,0,9,9,22.35,22.1064,25,1h,5.81,6 bear-built-above · rel-vol 0.9x · regime FAVORABLE,False,9,20.8917,20.5783,22.35,319,6.98,4.65,False
MBLY,8.62,BASING,0.0,0,15,15,9.03,8.93,10,weekly,3.6,rel-vol 0.8x · regime FAVORABLE,False,16,8.62,8.4907,9.03,773,4.76,3.17,False
MC,69.05,BASING,0.0,0,13,13,72.84,72.19,66,daily,4.55,1 bear-built-above · rel-vol 0.6x · regime FAVORABLE,False,14,69.05,68.0142,72.84,96,5.49,3.66,False
MCHP,73.88,BASING,0.0,0,19,19,76.08,74.79,129,weekly,1.23,2 bear-built-above · rel-vol 0.9x · regime FAVORABLE,False,19,73.88,72.7718,76.08,90,2.98,1.99,False
MCK,907.99,BASING,0.0,0,20,20,978.71,948.1,3062,daily,4.42,22 bear-built-above · rel-vol 1.0x · regime FAVORABLE,False,21,907.99,894.3701,978.71,7,7.79,5.19,False
MDA,29.54,BASING,0.0,0,20,20,30.92,30.68,25,weekly,3.86,rel-vol 0.9x · regime FAVORABLE,False,21,29.54,29.0969,30.92,225,4.67,3.11,False
MDB,366.06,BASING,0.0,0,19,19,434.21,379.25,5496,daily,3.6,29 bear-built-above · rel-vol 1.1x · regime FAVORABLE,True,21,366.06,360.5691,434.21,18,18.62,12.41,False
MDGL,541.08,BASING,0.0,0,7,7,593.87,592.21,166,weekly,9.45,4 bear-built-above · rel-vol 0.7x · regime FAVORABLE,False,7,541.08,532.9638,593.87,12,9.76,6.5,False
MDLN,36.79,BASING,0.0,0,7,7,40.53,37.3,324,daily,1.39,rel-vol 0.8x · regime FAVORABLE,False,7,36.79,36.2381,40.53,181,10.17,6.78,False
MDT,94.1,BASING,0.0,0,11,11,99.49,96.86,263,weekly,2.93,5 bear-built-above · rel-vol 1.1x · regime FAVORABLE,False,12,94.1,92.6885,99.49,70,5.73,3.82,False
MEDP,591.29,BASING,0.0,0,20,20,600.65,594.32,633,weekly,0.51,15 bear-built-above · rel-vol 0.7x · regime FAVORABLE,False,22,591.29,582.4206,600.65,11,1.58,1.06,False
MELI,1975.0,BASING,0.0,0,20,20,2218.14,2200.0,1814,daily,11.39,21 bear-built-above · rel-vol 0.7x · regime FAVORABLE,False,22,1975.0,1945.375,2218.14,3,12.31,8.21,False
META,610.07,BASING,0.0,0,16,16,751.67,669.15,8252,daily,9.68,9 bear-built-above · rel-vol 1.0x · regime FAVORABLE,False,16,610.07,600.9189,751.67,10,23.21,15.47,False
METU,22.29,BASING,0.0,0,19,19,30.05,25.55,450,daily,14.63,15 bear-built-above · rel-vol 0.6x · regime FAVORABLE,False,19,22.29,21.9556,30.05,299,34.81,23.21,False
MFP,45.21,BASING,0.0,0,20,20,46.77,46.66,12,weekly,3.21,10 bear-built-above · rel-vol 0.4x · regime FAVORABLE,False,20,45.21,44.5318,46.77,147,3.45,2.3,False
MGA,69.19,BASING,0.0,0,20,20,72.57,72.0,57,1h,4.06,rel-vol 1.2x · regime FAVORABLE,True,25,69.19,68.1521,72.57,96,4.89,3.26,False
MGNI,25.15,BASING,0.0,0,1,1,25.52,25.48,4,5m,1.31,1 bear-built-above · rel-vol 0.8x · regime FAVORABLE,False,4,25.15,24.7727,25.52,265,1.47,0.98,False
MGRX,0.398,BASING,0.0,0,10,10,0.47,0.4487,3,daily,12.74,6 bear-built-above · rel-vol 0.2x · regime FAVORABLE,False,10,0.398,0.392,0.47,16750,18.09,12.06,False
MGTX,13.63,BASING,0.0,0,12,12,13.97,13.89,9,daily,1.91,9 bear-built-above · rel-vol 0.7x · regime FAVORABLE,True,12,13.63,13.4256,13.97,489,2.49,1.66,False
MHK,133.63,BASING,0.0,0,14,14,151.87,134.9,1697,daily,0.95,rel-vol 1.2x · regime FAVORABLE,False,17,133.63,131.6256,151.87,49,13.65,9.1,False
MIAX,42.39,BASING,0.0,0,18,18,44.34,44.12,23,daily,4.08,6 bear-built-above · rel-vol 0.6x · regime FAVORABLE,False,18,42.39,41.7542,44.34,157,4.6,3.07,False
MIMI,0.9201,BASING,0.0,0,15,15,0.955,0.938,2,45m,1.95,15 bear-built-above · rel-vol 0.6x · regime FAVORABLE,False,15,0.9201,0.9063,0.955,7245,3.79,2.53,False
MIR,16.91,BASING,0.0,0,11,11,18.73,18.55,18,30m,9.7,8 bear-built-above · rel-vol 1.4x · regime FAVORABLE,False,11,16.91,16.6563,18.73,394,10.76,7.18,False
MIRM,100.9,BASING,0.0,0,19,19,105.95,105.29,66,weekly,4.35,3 bear-built-above · rel-vol 0.7x · regime FAVORABLE,False,19,100.9,99.3865,105.95,66,5.0,3.34,False
MLI,63.74,BASING,0.0,0,18,18,65.91,65.71,21,daily,3.09,1 bear-built-above · rel-vol 0.7x · regime FAVORABLE,False,18,63.74,62.7839,65.91,104,3.4,2.27,False
MLYS,28.5,BASING,0.0,0,12,12,31.5,31.11,40,daily,9.16,5 bear-built-above · rel-vol 0.7x · regime FAVORABLE,False,13,28.5,28.0725,31.5,233,10.53,7.02,False
MMED,23.0,BASING,0.0,0,10,10,23.31,23.285,3,4h,1.24,10 bear-built-above · rel-vol 0.9x · regime FAVORABLE,False,10,23.0,22.655,23.31,289,1.35,0.9,False
MNDY,90.75,BASING,0.0,0,20,20,97.33,94.79,254,daily,4.45,36 bear-built-above · rel-vol 0.7x · regime FAVORABLE,False,20,90.75,89.3888,97.33,73,7.25,4.83,False
MNST,43.53,BASING,0.0,0,20,20,46.86,46.51,36,weekly,6.85,50 bear-built-above · rel-vol 1.3x · regime FAVORABLE,False,24,43.53,42.877,46.86,153,7.65,5.1,False
MNTS,4.11,BASING,0.0,0,16,16,4.69,4.5,20,daily,9.49,9 bear-built-above · rel-vol 0.6x · regime FAVORABLE,False,16,4.11,4.0484,4.69,1622,14.11,9.41,False
MOD,191.88,BASING,0.0,0,18,18,197.68,194.42,327,weekly,1.32,9 bear-built-above · rel-vol 1.0x · regime FAVORABLE,False,18,191.88,189.0018,197.68,34,3.02,2.02,False
MOH,199.2,BASING,0.0,0,20,20,221.74,217.99,375,daily,9.43,28 bear-built-above · rel-vol 0.5x · regime FAVORABLE,False,21,199.2,196.212,221.74,33,11.32,7.54,False
MORN,209.53,BASING,0.0,0,20,20,234.1,233.59,51,daily,11.48,39 bear-built-above · rel-vol 0.9x · regime FAVORABLE,False,20,209.53,206.387,234.1,31,11.73,7.82,False
MOS,25.85,BASING,0.0,0,3,3,25.875,25.87,1,1h,0.08,1 bear-built-above · rel-vol 1.1x · regime FAVORABLE,False,5,25.85,25.4623,25.875,257,0.1,0.06,False
MP,54.0559,BASING,0.0,0,20,20,59.03,58.99,4,daily,9.13,16 bear-built-above · rel-vol 1.2x · regime FAVORABLE,False,22,54.0559,53.2451,59.03,123,9.2,6.13,False
MPC,390.99,BASING,0.0,0,1,1,397.285,397.21,8,10m,1.59,1 bear-built-above · rel-vol 0.7x · regime FAVORABLE,True,1,390.99,385.1252,397.285,17,1.61,1.07,False
MPWR,1236.31,BASING,0.0,0,16,16,1316.28,1298.38,1790,weekly,5.02,21 bear-built-above · rel-vol 1.1x · regime FAVORABLE,False,16,1236.31,1217.7653,1316.28,5,6.47,4.31,False
MRAM,16.51,BASING,0.0,0,19,19,17.11,16.55,56,weekly,0.24,1 bear-built-above · rel-vol 0.7x · regime FAVORABLE,False,20,16.51,16.2624,17.11,403,3.63,2.42,False
MRK,149.23,BASING,0.0,0,20,20,153.1,149.54,357,daily,0.21,8 bear-built-above · rel-vol 0.4x · regime FAVORABLE,False,20,149.23,146.9915,153.1,44,2.59,1.73,False
MRLN,3.4022,BASING,0.0,0,11,11,3.755,3.75,1,weekly,10.22,rel-vol 0.6x · regime FAVORABLE,False,11,3.4022,3.3512,3.755,1959,10.37,6.91,False
MRNA,144.26,BASING,0.0,0,8,8,162.7659,162.6,17,15m,12.71,6 bear-built-above · rel-vol 0.4x · regime FAVORABLE,False,8,144.26,142.0961,162.7659,46,12.83,8.55,False
MRNX,83.46,BASING,0.0,0,16,16,93.9235,93.29,64,30m,11.78,7 bear-built-above · rel-vol 0.5x · regime FAVORABLE,False,18,83.46,82.2081,93.9235,79,12.54,8.36,False
MRNY,33.08,BASING,0.0,0,20,20,34.91,33.9,101,daily,2.48,28 bear-built-above · rel-vol 0.4x · regime FAVORABLE,False,20,33.08,32.5838,34.91,201,5.53,3.69,False
MRVI,7.37,BASING,0.0,0,20,20,8.37,8.12,25,daily,10.18,28 bear-built-above · rel-vol 0.3x · regime FAVORABLE,False,20,7.37,7.2595,8.37,904,13.57,9.05,False
MRVL,222.99,BASING,0.0,0,8,8,241.45,225.255,1620,daily,1.02,1 bear-built-above · rel-vol 0.9x · regime FAVORABLE,False,14,222.99,219.6452,241.45,29,8.28,5.52,False
MRX,78.0,BASING,0,0,0,0,,,,,0,rel-vol 2.0x · regime FAVORABLE,True,0,78.0,76.83,85.8,85,10.0,6.67,False
MSFT,496.8,BASING,0.0,0,20,20,541.55,530.48,1107,daily,6.78,17 bear-built-above · rel-vol 0.8x · regime FAVORABLE,False,21,496.8,489.348,541.55,13,9.01,6.01,False
MSFU,37.49,BASING,0.0,0,20,20,45.46,42.19,328,daily,12.54,18 bear-built-above · rel-vol 0.8x · regime FAVORABLE,False,23,37.49,36.9276,45.46,177,21.26,14.17,False
MSGE,77.41,BASING,0.0,0,20,20,82.43,81.46,98,daily,5.23,7 bear-built-above · rel-vol 0.7x · regime FAVORABLE,False,20,77.41,76.2488,82.43,86,6.48,4.32,False
MSGS,391.16,BASING,0.0,0,20,20,419.22,410.47,875,4h,4.94,rel-vol 1.0x · regime FAVORABLE,False,20,391.16,385.2926,419.22,17,7.17,4.78,False
MSTR,138.51,BASING,0.0,0,20,20,159.09,148.465,1063,weekly,7.19,16 bear-built-above · rel-vol 1.0x · regime FAVORABLE,False,23,138.51,136.4323,159.09,48,14.86,9.91,False
MSTU,34.76,BASING,0.0,0,16,16,39.2,38.1,111,daily,9.61,14 bear-built-above · rel-vol 0.5x · regime FAVORABLE,False,16,34.76,34.2386,39.2,191,12.77,8.52,False
MSTY,15.81,BASING,0.0,0,20,20,18.11,17.92,19,daily,13.35,9 bear-built-above · rel-vol 0.8x · regime FAVORABLE,False,25,15.81,15.5729,18.11,421,14.55,9.7,False
MSTZ,3.899,BASING,0.0,0,8,8,4.225,4.22,1,45m,8.23,3 bear-built-above · rel-vol 1.7x · regime FAVORABLE,False,8,3.899,3.8405,4.225,1709,8.36,5.57,False
MTCH,42.0,BASING,0.0,0,3,3,42.43,42.27,16,daily,0.64,3 bear-built-above · rel-vol 0.6x · regime FAVORABLE,False,5,42.0,41.37,42.43,158,1.02,0.68,False
MTDR,59.65,BASING,0.0,0,6,6,64.17,60.34,383,daily,1.16,2 bear-built-above · rel-vol 1.2x · regime FAVORABLE,False,7,59.65,58.7552,64.17,111,7.58,5.05,False
MTRN,244.72,BASING,0.0,0,20,20,284.96,278.71,625,daily,13.89,4 bear-built-above · rel-vol 0.6x · regime FAVORABLE,False,20,244.72,241.0492,284.96,27,16.44,10.96,False
MTZ,236.0,BASING,0.0,0,16,16,266.26,264.99,127,weekly,12.28,12 bear-built-above · rel-vol 1.1x · regime FAVORABLE,False,16,236.0,232.46,266.26,28,12.82,8.55,False
MU,1024.4,BASING,0.0,0,11,11,1213.56,1139.075,7449,daily,11.19,1 bear-built-above · rel-vol 1.3x · regime FAVORABLE,True,15,1024.4,1009.034,1213.56,6,18.47,12.31,False
MUD,9.72,BASING,0.0,0,18,18,11.65,11.09,57,daily,14.09,42 bear-built-above · rel-vol 1.5x · regime FAVORABLE,False,18,9.72,9.5742,11.65,685,19.86,13.24,False
MUR,37.1,BASING,0.0,0,20,20,41.52,39.59,193,daily,6.71,9 bear-built-above · rel-vol 1.0x · regime FAVORABLE,False,20,37.1,36.5435,41.52,179,11.91,7.94,False
MUSA,511.5,BASING,0.0,0,18,18,544.31,539.97,434,daily,5.57,33 bear-built-above · rel-vol 0.7x · regime FAVORABLE,False,18,511.5,503.8275,544.31,13,6.41,4.28,False
MUZ,7.82,BASING,0.0,0,20,20,9.15,8.85,31,daily,13.17,24 bear-built-above · rel-vol 1.5x · regime FAVORABLE,False,20,7.82,7.7027,9.15,852,17.01,11.34,False
MVIS,1.65,BASING,0.0,0,20,20,1.81,1.77,5,daily,7.27,23 bear-built-above · rel-vol 0.3x · regime FAVORABLE,False,20,1.65,1.6252,1.81,4040,9.7,6.46,False
MVST,0.6968,BASING,0.0,0,17,17,0.7221,0.71,2,weekly,1.89,10 bear-built-above · rel-vol 0.6x · regime FAVORABLE,False,17,0.6968,0.6863,0.7221,9567,3.63,2.42,False
MXL,62.75,BASING,0.0,0,16,16,66.61,63.92,269,weekly,1.86,5 bear-built-above · rel-vol 0.8x · regime FAVORABLE,False,16,62.75,61.8087,66.61,106,6.15,4.1,False
MYRG,287.0,BASING,0.0,0,20,20,310.87,307.6,327,weekly,7.18,4 bear-built-above · rel-vol 0.6x · regime FAVORABLE,False,20,287.0,282.695,310.87,23,8.32,5.54,False
NASA,23.5,BASING,0.0,0,20,20,24.64,24.19,45,weekly,2.94,3 bear-built-above · rel-vol 1.1x · regime FAVORABLE,False,20,23.5,23.1475,24.64,283,4.85,3.23,False
NAT,7.39,BASING,0,0,0,0,,,,,0,rel-vol 1.2x · regime FAVORABLE,True,0,7.39,7.2791,8.129,902,10.0,6.67,False
NAVN,27.31,BASING,0.0,0,19,19,28.5,28.37,13,weekly,3.88,24 bear-built-above · rel-vol 0.7x · regime FAVORABLE,False,19,27.31,26.9003,28.5,244,4.36,2.9,False
NBIS,224.2229,BASING,0.0,0,18,18,248.43,232.32,1612,daily,3.61,rel-vol 0.7x · regime FAVORABLE,False,18,224.2229,220.8596,248.43,29,10.8,7.2,False
NBIZ,6.23,BASING,0.0,0,20,20,7.18,7.16,2,30m,14.93,19 bear-built-above · rel-vol 0.4x · regime FAVORABLE,False,20,6.23,6.1366,7.18,1070,15.25,10.17,False
NCLH,15.4,BASING,0.0,0,18,18,16.65,16.43,22,weekly,6.69,19 bear-built-above · rel-vol 0.9x · regime FAVORABLE,False,18,15.4,15.169,16.65,432,8.12,5.41,False
NCNO,23.5958,BASING,0.0,0,4,4,27.32,27.0,33,4h,14.43,2 bear-built-above · rel-vol 0.7x · regime FAVORABLE,False,6,23.5958,23.2419,27.32,282,15.78,10.52,False
NCPL,0.5661,BASING,0.0,0,17,17,0.5999,0.5728,3,4h,1.18,17 bear-built-above · rel-vol 0.4x · regime FAVORABLE,False,17,0.5661,0.5576,0.5999,11776,5.97,3.98,False
NCRA,1.85,BASING,0.0,0,7,7,1.94,1.9,5,daily,2.7,5 bear-built-above · rel-vol 0.0x · regime FAVORABLE,False,7,1.85,1.8223,1.94,3603,4.86,3.24,False
NCTY,4.6,BASING,0.0,0,10,10,5.57,5.24,34,daily,13.91,3 bear-built-above · rel-vol 0.7x · regime FAVORABLE,False,10,4.6,4.531,5.57,1449,21.09,14.06,False
NDSN,318.36,BASING,0.0,0,20,20,324.59,322.68,191,weekly,1.36,22 bear-built-above · rel-vol 1.0x · regime FAVORABLE,True,21,318.36,313.5846,324.59,20,1.96,1.3,False
NE,46.0,BASING,0.0,0,18,18,52.0,51.0,100,weekly,10.87,22 bear-built-above · rel-vol 1.0x · regime FAVORABLE,False,18,46.0,45.31,52.0,144,13.04,8.7,False
NEBX,25.13,BASING,0.0,0,12,12,32.37,28.22,415,daily,12.3,2 bear-built-above · rel-vol 0.7x · regime FAVORABLE,True,12,25.13,24.753,32.37,265,28.81,19.21,False
NEE,83.22,BASING,0.0,0,17,17,93.36,91.115,225,weekly,9.49,11 bear-built-above · rel-vol 1.0x · regime FAVORABLE,False,17,83.22,81.9717,93.36,80,12.18,8.12,False
NEM,126.0,BASING,0.0,0,20,20,128.17,128.09,8,daily,1.66,27 bear-built-above · rel-vol 0.7x · regime FAVORABLE,True,22,126.0,124.11,128.17,52,1.72,1.15,False
NEO,17.02,BASING,0.0,0,12,12,17.46,17.38,9,daily,2.12,7 bear-built-above · rel-vol 0.6x · regime FAVORABLE,False,12,17.02,16.7647,17.46,391,2.59,1.72,False
NEOV,3.84,BASING,0.0,0,9,9,4.28,4.25,4,1h,10.68,3 bear-built-above · rel-vol 0.5x · regime FAVORABLE,True,10,3.84,3.7824,4.28,1736,11.46,7.64,False
NESR,34.75,BASING,0.0,0,16,16,36.84,36.79,6,15m,5.87,9 bear-built-above · rel-vol 0.7x · regime FAVORABLE,False,16,34.75,34.2287,36.84,191,6.01,4.01,False
NET,279.5,BASING,0.0,0,20,20,315.78,311.79,399,daily,11.55,26 bear-built-above · rel-vol 0.5x · regime FAVORABLE,False,25,279.5,275.3075,315.78,23,12.98,8.65,False
NFLX,77.87,BASING,0.0,0,20,20,86.02,85.725,30,weekly,10.09,28 bear-built-above · rel-vol 1.4x · regime FAVORABLE,False,20,77.87,76.7019,86.02,85,10.47,6.98,False
NG,8.07,BASING,0.0,0,17,17,8.75,8.67,9,weekly,7.43,28 bear-built-above · rel-vol 0.6x · regime FAVORABLE,False,17,8.07,7.9489,8.75,826,8.43,5.62,False
NICE,104.04,BASING,0.0,0,18,18,123.96,106.102,1786,daily,1.98,19 bear-built-above · rel-vol 0.6x · regime FAVORABLE,False,18,104.04,102.4794,123.96,64,19.15,12.76,False
NIQ,18.3202,BASING,0.0,0,20,20,18.66,18.52,15,daily,1.09,24 bear-built-above · rel-vol 0.4x · regime FAVORABLE,False,23,18.3202,18.0454,18.66,363,1.85,1.24,False
NKE,38.24,BASING,0.0,0,20,20,40.75,39.515,124,daily,3.33,22 bear-built-above · rel-vol 0.7x · regime FAVORABLE,False,20,38.24,37.6664,40.75,174,6.56,4.38,False
NKTR,74.75,BASING,0.0,0,18,18,81.89,79.65,224,weekly,6.56,14 bear-built-above · rel-vol 1.1x · regime FAVORABLE,False,18,74.75,73.6287,81.89,89,9.55,6.37,False
NLR,121.0,BASING,0.0,0,16,16,133.3,131.43,188,weekly,8.62,rel-vol 0.8x · regime FAVORABLE,True,16,121.0,119.185,133.3,55,10.17,6.78,False
NMAX,10.75,BASING,0.0,0,16,16,11.98,11.9,9,daily,10.7,8 bear-built-above · rel-vol 0.6x · regime FAVORABLE,False,19,10.75,10.5887,11.98,620,11.44,7.63,False
NMTC,1.62,BASING,0.0,0,17,17,1.77,1.7,8,weekly,4.94,16 bear-built-above · rel-vol 0.1x · regime FAVORABLE,False,17,1.62,1.5957,1.77,4115,9.26,6.17,False
NN,15.16,BASING,0.0,0,14,14,17.55,17.25,31,weekly,13.79,13 bear-built-above · rel-vol 1.1x · regime FAVORABLE,False,14,15.16,14.9326,17.55,439,15.77,10.51,False
NNE,17.92,BASING,0.0,0,19,19,18.85,18.82,4,weekly,5.02,6 bear-built-above · rel-vol 0.8x · regime FAVORABLE,False,19,17.92,17.6512,18.85,372,5.19,3.46,False
NOG,25.72,BASING,0.0,0,20,20,27.95,27.16,79,daily,5.6,25 bear-built-above · rel-vol 0.6x · regime FAVORABLE,False,20,25.72,25.3342,27.95,259,8.67,5.78,False
NOV,21.39,BASING,0.0,0,13,13,21.91,21.59,33,1h,0.94,13 bear-built-above · rel-vol 0.6x · regime FAVORABLE,False,15,21.39,21.0692,21.91,311,2.43,1.62,False
NOW,139.0,BASING,0.0,0,20,20,170.848,159.6,1125,weekly,14.82,28 bear-built-above · rel-vol 0.7x · regime FAVORABLE,False,20,139.0,136.915,170.848,47,22.91,15.27,False
NRG,119.55,BASING,0.0,0,13,13,122.37,121.92,46,daily,1.98,rel-vol 1.4x · regime FAVORABLE,False,13,119.55,117.7567,122.37,55,2.36,1.57,False
NRGV,3.84,BASING,0.0,0,13,13,3.89,3.85,5,1h,0.26,8 bear-built-above · rel-vol 0.6x · regime FAVORABLE,False,15,3.84,3.7824,3.89,1736,1.3,0.87,False
NSIT,160.98,BASING,0.0,0,1,1,171.99,167.47,453,weekly,4.03,rel-vol 0.8x · regime FAVORABLE,False,2,160.98,158.5653,171.99,41,6.84,4.56,False
NTAP,184.8986,BASING,0.0,0,17,17,192.27,190.94,134,weekly,3.27,1 bear-built-above · rel-vol 0.9x · regime FAVORABLE,True,17,184.8986,182.1251,192.27,36,3.99,2.66,False
NTLA,12.85,BASING,0.0,0,20,20,25.56,13.73,1183,weekly,6.85,2 bear-built-above · rel-vol 0.9x · regime FAVORABLE,False,21,12.85,12.6572,25.56,518,98.91,65.94,False
NTNX,68.1,BASING,0.0,0,11,11,69.84,69.6,25,daily,2.2,8 bear-built-above · rel-vol 0.7x · regime FAVORABLE,False,14,68.1,67.0785,69.84,97,2.56,1.7,False
NTR,79.31,BASING,0.0,0,18,18,82.85,80.68,217,daily,1.73,16 bear-built-above · rel-vol 1.0x · regime FAVORABLE,False,18,79.31,78.1204,82.85,84,4.46,2.98,False
NTSK,13.73,BASING,0.0,0,14,14,14.34,14.15,19,daily,3.06,10 bear-built-above · rel-vol 1.1x · regime FAVORABLE,False,15,13.73,13.5241,14.34,485,4.44,2.96,False
NU,15.2527,BASING,0.0,0,17,17,16.515,15.92,60,daily,4.37,13 bear-built-above · rel-vol 0.7x · regime FAVORABLE,False,17,15.2527,15.0239,16.515,437,8.28,5.52,False
NUE,261.07,BASING,0.0,0,20,20,268.91,267.4,152,weekly,2.42,10 bear-built-above · rel-vol 0.6x · regime FAVORABLE,True,20,261.07,257.154,268.91,25,3.0,2.0,False
NUTX,193.24,BASING,0.0,0,2,2,197.595,196.5,110,5m,1.69,2 bear-built-above · rel-vol 0.9x · regime FAVORABLE,False,2,193.24,190.3414,197.595,34,2.25,1.5,False
NUVB,6.87,BASING,0.0,0,9,9,8.04,7.69,35,weekly,11.94,5 bear-built-above · rel-vol 0.7x · regime FAVORABLE,True,10,6.87,6.7669,8.04,970,17.03,11.35,False
NUWE,0.781,BASING,0.0,0,20,20,0.8889,0.88,1,weekly,12.68,14 bear-built-above · rel-vol 0.1x · regime FAVORABLE,False,20,0.781,0.7693,0.8889,8536,13.82,9.21,False
NVAX,10.2,BASING,0.0,0,6,6,12.6,10.43,217,daily,2.25,2 bear-built-above · rel-vol 1.0x · regime FAVORABLE,False,11,10.2,10.047,12.6,653,23.53,15.69,False
NVCR,17.68,BASING,0.0,0,7,7,19.395,19.38,2,1h,9.62,5 bear-built-above · rel-vol 0.6x · regime FAVORABLE,False,8,17.68,17.4148,19.395,377,9.7,6.47,False
NVD,3.59,BASING,0.0,0,20,20,4.38,3.94,44,daily,9.75,17 bear-built-above · rel-vol 1.2x · regime FAVORABLE,False,20,3.59,3.5361,4.38,1857,22.01,14.67,False
NVDA,230.8,BASING,0.0,0,8,8,236.43,233.0,344,1h,0.95,7 bear-built-above · rel-vol 1.1x · regime FAVORABLE,False,12,230.8,227.338,236.43,28,2.44,1.63,False
NVDQ,8.11,BASING,0.0,0,19,19,9.93,8.905,103,daily,9.8,39 bear-built-above · rel-vol 1.2x · regime FAVORABLE,False,19,8.11,7.9883,9.93,822,22.44,14.96,False
NVDU,150.18,BASING,0.0,0,20,20,172.75,167.8,495,1h,11.73,16 bear-built-above · rel-vol 0.9x · regime FAVORABLE,False,23,150.18,147.9273,172.75,44,15.03,10.02,False
NVTS,11.9177,BASING,0.0,0,12,12,12.97,12.59,39,weekly,5.64,2 bear-built-above · rel-vol 1.0x · regime FAVORABLE,False,12,11.9177,11.7389,12.97,559,8.83,5.89,False
NWL,6.0,BASING,0.0,0,1,1,6.125,6.12,1,1h,2.0,1 bear-built-above · rel-vol 0.8x · regime FAVORABLE,False,2,6.0,5.91,6.125,1111,2.08,1.39,False
NXE,10.53,BASING,0.0,0,19,19,10.755,10.73,3,30m,1.9,8 bear-built-above · rel-vol 0.8x · regime FAVORABLE,False,20,10.53,10.372,10.755,633,2.14,1.42,False
NXT,85.5,BASING,0.0,0,18,18,99.09,95.82,328,daily,12.07,rel-vol 0.9x · regime FAVORABLE,False,20,85.5,84.2175,99.09,77,15.89,10.6,False
NXTC,7.935,BASING,0.0,0,3,3,9.002,9.0,1,1h,13.42,1 bear-built-above · rel-vol 0.3x · regime FAVORABLE,True,3,7.935,7.816,9.002,840,13.45,8.96,False
OBAI,0.335,BASING,0.0,0,7,7,0.3582,0.3489,1,weekly,4.15,5 bear-built-above · rel-vol 0.1x · regime FAVORABLE,False,7,0.335,0.33,0.3582,19900,6.93,4.62,False
OC,138.72,BASING,0.0,0,20,20,143.13,141.7,144,weekly,2.15,15 bear-built-above · rel-vol 1.7x · regime FAVORABLE,False,21,138.72,136.6392,143.13,48,3.18,2.12,False
OCGN,1.39,BASING,0.0,0,7,7,1.8,1.552,25,daily,11.65,rel-vol 1.1x · regime FAVORABLE,False,7,1.39,1.3691,1.8,4796,29.5,19.66,False
OCTV,19.08,BASING,0.0,0,8,8,19.65,19.63,2,4h,2.88,6 bear-built-above · rel-vol 1.4x · regime FAVORABLE,False,8,19.08,18.7938,19.65,349,2.99,1.99,False
OCUL,10.45,BASING,0.0,0,20,20,11.6,11.5,10,1h,10.05,6 bear-built-above · rel-vol 0.5x · regime FAVORABLE,False,20,10.45,10.2932,11.6,637,11.0,7.34,False
OFAL,0.6538,BASING,0.0,0,13,13,0.692,0.6893,1,4h,5.43,9 bear-built-above · rel-vol 5.1x · regime FAVORABLE,False,13,0.6538,0.644,0.692,10196,5.84,3.9,False
OI,7.13,BASING,0.0,0,20,20,9.06,7.79,128,daily,9.26,18 bear-built-above · rel-vol 0.7x · regime FAVORABLE,False,20,7.13,7.023,9.06,935,27.07,18.05,False
OIH,424.09,BASING,0.0,0,20,20,441.99,434.115,788,daily,2.36,18 bear-built-above · rel-vol 0.8x · regime FAVORABLE,False,21,424.09,417.7286,441.99,15,4.22,2.81,False
OII,51.183,BASING,0.0,0,20,20,52.9,52.49,41,daily,2.55,21 bear-built-above · rel-vol 0.5x · regime FAVORABLE,True,20,51.183,50.4153,52.9,130,3.35,2.24,False
OKE,95.89,BASING,0.0,0,7,7,104.53,102.95,158,weekly,7.36,4 bear-built-above · rel-vol 1.0x · regime FAVORABLE,False,8,95.89,94.4517,104.53,69,9.01,6.01,False
OKLL,2.54,BASING,0.0,0,5,5,2.73,2.5897,15,weekly,1.96,1 bear-built-above · rel-vol 0.9x · regime FAVORABLE,False,5,2.54,2.5019,2.73,2624,7.48,4.99,False
OKLO,41.32,BASING,0.0,0,16,16,41.98,41.91,8,45m,1.43,2 bear-built-above · rel-vol 0.9x · regime FAVORABLE,False,16,41.32,40.7002,41.98,161,1.6,1.06,False
OKTA,170.01,BASING,0.0,0,11,11,173.71,173.515,20,10m,2.06,11 bear-built-above · rel-vol 0.6x · regime FAVORABLE,False,11,170.01,167.4598,173.71,39,2.18,1.45,False
OLB,0.269,BASING,0.0,0,5,5,0.3066,0.297,1,daily,10.41,3 bear-built-above · rel-vol 0.2x · regime FAVORABLE,False,5,0.269,0.265,0.3066,24783,13.98,9.32,False
OLED,82.335,BASING,0.0,0,20,20,85.84,85.46,39,weekly,3.8,21 bear-built-above · rel-vol 0.7x · regime FAVORABLE,False,20,82.335,81.1,85.84,80,4.26,2.84,False
OLLI,76.565,BASING,0.0,0,7,7,81.1676,80.59,58,1h,5.26,1 bear-built-above · rel-vol 1.1x · regime FAVORABLE,False,7,76.565,75.4165,81.1676,87,6.01,4.01,False
OLN,17.2417,BASING,0.0,0,20,20,18.6,18.43,18,1h,6.89,6 bear-built-above · rel-vol 0.9x · regime FAVORABLE,False,20,17.2417,16.9831,18.6,386,7.88,5.25,False
OMDA,22.77,BASING,0.0,0,20,20,23.69,23.61,9,weekly,3.69,33 bear-built-above · rel-vol 0.7x · regime FAVORABLE,False,23,22.77,22.4284,23.69,292,4.04,2.69,False
OMER,18.5833,BASING,0.0,0,7,7,19.13,19.0,13,45m,2.24,7 bear-built-above · rel-vol 0.4x · regime FAVORABLE,False,8,18.5833,18.3046,19.13,358,2.94,1.96,False
ON,75.1,BASING,0.0,0,19,19,83.34,79.99,336,daily,6.51,rel-vol 1.5x · regime FAVORABLE,False,20,75.1,73.9735,83.34,88,10.97,7.31,False
ONDS,7.52,BASING,0.0,0,18,18,8.71,8.525,19,weekly,13.36,13 bear-built-above · rel-vol 0.6x · regime FAVORABLE,False,21,7.52,7.4072,8.71,886,15.82,10.55,False
ONTO,267.93,BASING,0.0,0,19,19,293.33,284.85,848,weekly,6.32,5 bear-built-above · rel-vol 0.8x · regime FAVORABLE,False,19,267.93,263.911,293.33,24,9.48,6.32,False
OPEN,3.1,BASING,0.0,0,16,16,3.53,3.486,5,weekly,12.45,13 bear-built-above · rel-vol 0.5x · regime FAVORABLE,False,16,3.1,3.0535,3.53,2150,13.87,9.25,False
OR,37.3101,BASING,0.0,0,20,20,39.49,39.2715,22,4h,5.26,15 bear-built-above · rel-vol 0.7x · regime FAVORABLE,False,22,37.3101,36.7504,39.49,178,5.84,3.9,False
ORA,106.65,BASING,0.0,0,18,18,120.03,118.48,155,daily,11.09,28 bear-built-above · rel-vol 0.8x · regime FAVORABLE,False,18,106.65,105.0503,120.03,62,12.55,8.36,False
ORBS,0.981,BASING,0.0,0,5,5,1.115,1.1103,1,45m,13.18,4 bear-built-above · rel-vol 0.9x · regime FAVORABLE,True,7,0.981,0.9663,1.115,6795,13.66,9.11,False
ORC,6.53,BASING,0.0,0,17,17,7.3,6.95,35,daily,6.43,16 bear-built-above · rel-vol 0.9x · regime FAVORABLE,False,17,6.53,6.4321,7.3,1020,11.79,7.86,False
ORCL,163.19,BASING,0.0,0,14,14,198.5,184.1,1441,daily,12.81,7 bear-built-above · rel-vol 1.2x · regime FAVORABLE,True,14,163.19,160.7422,198.5,40,21.64,14.42,False
ORCU,9.5,BASING,0.0,0,19,19,10.59,10.285,31,daily,8.26,8 bear-built-above · rel-vol 1.1x · regime FAVORABLE,False,20,9.5,9.3575,10.59,701,11.47,7.65,False
ORCX,26.49,BASING,0.0,0,9,9,29.71,28.65,107,daily,8.15,4 bear-built-above · rel-vol 1.0x · regime FAVORABLE,True,10,26.49,26.0926,29.71,251,12.16,8.1,False
ORKA,92.5,BASING,0.0,0,20,20,96.54,95.08,147,daily,2.79,9 bear-built-above · rel-vol 0.7x · regime FAVORABLE,True,20,92.5,91.1125,96.54,72,4.37,2.91,False
OSCR,31.6,BASING,0.0,0,20,20,32.34,32.3395,1,15m,2.34,16 bear-built-above · rel-vol 0.7x · regime FAVORABLE,True,20,31.6,31.126,32.34,210,2.34,1.56,False
OSIS,204.15,BASING,0.0,0,20,20,218.09,206.73,1137,daily,1.26,11 bear-built-above · rel-vol 0.6x · regime FAVORABLE,False,20,204.15,201.0877,218.09,32,6.83,4.55,False
OSK,157.08,BASING,0.0,0,8,8,170.02,168.18,185,weekly,7.07,3 bear-built-above · rel-vol 0.6x · regime FAVORABLE,True,8,157.08,154.7238,170.02,42,8.24,5.49,False
OSS,9.99,BASING,0.0,0,20,20,11.4,11.03,38,weekly,10.41,16 bear-built-above · rel-vol 0.8x · regime FAVORABLE,False,21,9.99,9.8401,11.4,667,14.11,9.41,False
OUST,37.1,BASING,0.0,0,12,12,38.42,37.365,106,weekly,0.71,rel-vol 0.7x · regime FAVORABLE,False,16,37.1,36.5435,38.42,179,3.56,2.37,False
OVV,64.76,BASING,0.0,0,10,10,65.91,65.5,41,daily,1.14,10 bear-built-above · rel-vol 1.1x · regime FAVORABLE,False,10,64.76,63.7886,65.91,102,1.78,1.18,False
OWL,11.73,BASING,0.0,0,18,18,13.42,13.23,19,daily,12.79,20 bear-built-above · rel-vol 1.4x · regime FAVORABLE,False,18,11.73,11.5541,13.42,568,14.41,9.61,False
OXY,61.34,BASING,0.0,0,11,11,62.97,62.885,9,weekly,2.52,5 bear-built-above · rel-vol 1.0x · regime FAVORABLE,False,14,61.34,60.4199,62.97,108,2.66,1.77,False
P,102.92,BASING,0.0,0,5,5,108.55,107.34,121,weekly,4.29,2 bear-built-above · rel-vol 0.6x · regime FAVORABLE,True,5,102.92,101.3762,108.55,64,5.47,3.65,False
PAA,25.1417,BASING,0.0,0,19,19,25.95,25.87,8,30m,2.9,22 bear-built-above · rel-vol 0.8x · regime FAVORABLE,False,20,25.1417,24.7646,25.95,265,3.21,2.14,False
PAAS,50.65,BASING,0.0,0,16,16,61.09,58.12,298,daily,14.75,27 bear-built-above · rel-vol 0.6x · regime FAVORABLE,False,17,50.65,49.8902,61.09,131,20.61,13.74,False
PAGP,27.91,BASING,0.0,0,2,2,28.47,28.35,12,daily,1.58,2 bear-built-above · rel-vol 0.7x · regime FAVORABLE,False,2,27.91,27.4914,28.47,238,2.01,1.34,False
PANW,330.8,BASING,0.0,0,17,17,362.09,346.0,1609,daily,4.59,25 bear-built-above · rel-vol 0.9x · regime FAVORABLE,False,17,330.8,325.838,362.09,20,9.46,6.31,False
PARR,81.72,BASING,0.0,0,10,10,85.81,82.92,290,daily,1.47,6 bear-built-above · rel-vol 0.6x · regime FAVORABLE,False,11,81.72,80.4942,85.81,81,5.0,3.34,False
PATH,15.13,BASING,0.0,0,15,15,18.22,16.24,199,daily,7.34,9 bear-built-above · rel-vol 1.5x · regime FAVORABLE,False,16,15.13,14.9031,18.22,440,20.42,13.62,False
PAY,36.19,BASING,0.0,0,20,20,39.94,39.34,60,daily,8.7,11 bear-built-above · rel-vol 0.8x · regime FAVORABLE,False,23,36.19,35.6471,39.94,184,10.36,6.91,False
PAYC,231.67,BASING,0.0,0,20,20,250.85,248.13,272,daily,7.1,19 bear-built-above · rel-vol 1.0x · regime FAVORABLE,False,25,231.67,228.1949,250.85,28,8.28,5.52,False
PBF,75.3,BASING,0.0,0,10,10,75.48,75.33,16,daily,0.04,10 bear-built-above · rel-vol 0.7x · regime FAVORABLE,False,11,75.3,74.1705,75.48,88,0.24,0.16,False
PBR,20.52,BASING,0.0,0,18,18,21.77,21.027,75,daily,2.47,11 bear-built-above · rel-vol 0.9x · regime FAVORABLE,False,20,20.52,20.2122,21.77,324,6.09,4.06,False
PCG,14.19,BASING,0.0,0,18,18,16.6,14.3,231,weekly,0.78,17 bear-built-above · rel-vol 1.0x · regime FAVORABLE,False,18,14.19,13.9771,16.6,469,16.98,11.32,False
PCOR,58.3,BASING,0.0,0,20,20,68.25,66.31,194,weekly,13.74,35 bear-built-above · rel-vol 1.1x · regime FAVORABLE,False,21,58.3,57.4255,68.25,114,17.07,11.38,False
PCTY,152.25,BASING,0.0,0,20,20,154.43,152.37,207,daily,0.08,19 bear-built-above · rel-vol 0.9x · regime FAVORABLE,False,25,152.25,149.9663,154.43,43,1.43,0.95,False
PD,13.5858,BASING,0.0,0,13,13,15.44,15.36,9,weekly,13.06,10 bear-built-above · rel-vol 1.1x · regime FAVORABLE,False,16,13.5858,13.382,15.44,490,13.65,9.1,False
PEGA,37.36,BASING,0.0,0,5,5,43.24,42.23,102,daily,13.04,3 bear-built-above · rel-vol 1.1x · regime FAVORABLE,False,5,37.36,36.7996,43.24,178,15.74,10.49,False
PENG,52.0,BASING,0.0,0,14,14,58.36,58.19,18,daily,11.9,1 bear-built-above · rel-vol 0.7x · regime FAVORABLE,False,14,52.0,51.22,58.36,128,12.23,8.15,False
PFE,28.31,BASING,0.0,0,20,20,28.81,28.58,24,daily,0.95,31 bear-built-above · rel-vol 0.7x · regime FAVORABLE,False,24,28.31,27.8853,28.81,235,1.77,1.18,False
PFSA,2.93,BASING,0.0,0,3,3,3.0,2.98,3,daily,1.71,2 bear-built-above · rel-vol 0.1x · regime FAVORABLE,False,4,2.93,2.8861,3.0,2275,2.39,1.59,False
PGEN,7.0702,BASING,0.0,0,18,18,7.48,7.435,5,30m,5.16,rel-vol 0.5x · regime FAVORABLE,True,18,7.0702,6.9641,7.48,942,5.8,3.86,False
PGNY,25.94,BASING,0.0,0,20,20,30.21,28.1,211,daily,8.33,11 bear-built-above · rel-vol 1.0x · regime FAVORABLE,False,24,25.94,25.5509,30.21,257,16.46,10.97,False
PGR,218.95,BASING,0.0,0,20,20,240.0,237.93,207,weekly,8.67,32 bear-built-above · rel-vol 0.8x · regime FAVORABLE,False,23,218.95,215.6657,240.0,30,9.61,6.41,False
PGY,22.98,BASING,0.0,0,9,9,24.19,24.0,20,daily,4.44,4 bear-built-above · rel-vol 1.0x · regime FAVORABLE,True,11,22.98,22.6353,24.19,290,5.27,3.51,False
PI,172.57,BASING,0.0,0,12,12,199.54,192.28,726,daily,11.42,11 bear-built-above · rel-vol 0.8x · regime FAVORABLE,False,15,172.57,169.9814,199.54,38,15.63,10.42,False
PINS,20.5,BASING,0.0,0,17,17,23.19,22.09,111,weekly,7.76,15 bear-built-above · rel-vol 1.0x · regime FAVORABLE,False,18,20.5,20.1925,23.19,325,13.12,8.75,False
PL,18.0,BASING,0.0,0,6,6,20.46,20.42,4,30m,13.44,5 bear-built-above · rel-vol 4.1x · regime FAVORABLE,False,6,18.0,17.73,20.46,370,13.67,9.11,False
PLAG,0.6284,BASING,0.0,0,19,19,0.7828,0.7203,7,daily,14.62,17 bear-built-above · rel-vol 1.8x · regime FAVORABLE,False,19,0.6284,0.619,0.7828,10608,24.57,16.38,False
PLAY,8.68,BASING,0.0,0,20,20,9.86,9.71,15,daily,11.87,25 bear-built-above · rel-vol 1.4x · regime FAVORABLE,False,20,8.68,8.5498,9.86,768,13.59,9.06,False
PLGO,25.32,BASING,0.0,0,20,20,26.54,25.51,103,30m,0.75,29 bear-built-above · rel-vol 0.6x · regime FAVORABLE,False,20,25.32,24.9402,26.54,263,4.82,3.21,False
PLNT,50.47,BASING,0.0,0,20,20,53.33,52.74,59,weekly,4.5,20 bear-built-above · rel-vol 0.6x · regime FAVORABLE,False,20,50.47,49.7129,53.33,132,5.67,3.78,False
PLSE,53.27,BASING,0.0,0,10,10,53.79,53.68,11,daily,0.77,10 bear-built-above · rel-vol 1.0x · regime FAVORABLE,False,10,53.27,52.471,53.79,125,0.98,0.65,False
PLTD,5.22,BASING,0.0,0,17,17,5.95,5.79,17,daily,10.92,18 bear-built-above · rel-vol 0.8x · regime FAVORABLE,False,17,5.22,5.1417,5.95,1277,13.98,9.32,False
PLTR,172.89,BASING,0.0,0,20,20,205.045,192.07,1298,daily,11.09,17 bear-built-above · rel-vol 0.8x · regime FAVORABLE,False,23,172.89,170.2966,205.045,38,18.6,12.4,False
PLTZ,9.43,BASING,0.0,0,19,19,9.75,9.72,3,30m,3.08,34 bear-built-above · rel-vol 1.0x · regime FAVORABLE,False,19,9.43,9.2885,9.75,706,3.39,2.26,False
PLUG,2.15,BASING,0.0,0,9,9,2.27,2.23,5,weekly,3.72,2 bear-built-above · rel-vol 0.7x · regime FAVORABLE,False,9,2.15,2.1178,2.27,3100,5.58,3.72,False
PMI,4.63,BASING,0.0,0,6,6,5.025,4.99,4,5m,7.78,5 bear-built-above · rel-vol 0.1x · regime FAVORABLE,True,6,4.63,4.5606,5.025,1439,8.53,5.69,False
PNR,60.21,BASING,0.0,0,20,20,75.68,64.33,1136,daily,6.84,4 bear-built-above · rel-vol 0.6x · regime FAVORABLE,False,20,60.21,59.3068,75.68,110,25.69,17.13,False
PODD,147.48,BASING,0.0,0,20,20,168.56,166.82,175,daily,13.11,9 bear-built-above · rel-vol 0.7x · regime FAVORABLE,False,20,147.48,145.2678,168.56,45,14.29,9.53,False
POET,7.91,BASING,0.0,0,14,14,8.25,8.0,25,weekly,1.14,3 bear-built-above · rel-vol 1.2x · regime FAVORABLE,False,17,7.91,7.7914,8.25,842,4.3,2.87,False
POOL,184.3867,BASING,0.0,0,18,18,188.07,185.94,213,weekly,0.84,15 bear-built-above · rel-vol 1.0x · regime FAVORABLE,False,18,184.3867,181.6209,188.07,36,2.0,1.33,False
POST,84.64,BASING,0.0,0,19,19,90.23,85.44,480,daily,0.95,19 bear-built-above · rel-vol 0.9x · regime FAVORABLE,False,19,84.64,83.3704,90.23,78,6.6,4.4,False
POWL,182.2,BASING,0.0,0,20,20,197.67,194.47,320,weekly,6.73,8 bear-built-above · rel-vol 0.9x · regime FAVORABLE,False,20,182.2,179.467,197.67,36,8.49,5.66,False
PPBT,1.59,BASING,0.0,0,19,19,1.83,1.815,2,30m,14.15,13 bear-built-above · rel-vol 0.1x · regime FAVORABLE,False,19,1.59,1.5662,1.83,4192,15.09,10.06,False
PPC,30.48,BASING,0.0,0,20,20,31.69,31.37,33,weekly,2.92,26 bear-built-above · rel-vol 0.6x · regime FAVORABLE,False,20,30.48,30.0228,31.69,218,3.97,2.65,False
PPCB,0.9804,BASING,0.0,0,20,20,1.13,1.1,3,daily,12.2,18 bear-built-above · rel-vol 0.0x · regime FAVORABLE,False,20,0.9804,0.9657,1.13,6799,15.26,10.17,False
PR,23.8,BASING,0.0,0,6,6,24.12,23.87,25,1h,0.29,6 bear-built-above · rel-vol 0.7x · regime FAVORABLE,False,7,23.8,23.443,24.12,280,1.34,0.9,False
PRAX,352.0,BASING,0.0,0,19,19,367.85,363.4,446,daily,3.24,1 bear-built-above · rel-vol 0.5x · regime FAVORABLE,False,20,352.0,346.72,367.85,18,4.5,3.0,False
PRIM,74.43,BASING,0.0,0,19,19,101.99,84.95,1704,daily,14.13,1 bear-built-above · rel-vol 1.1x · regime FAVORABLE,False,19,74.43,73.3136,101.99,89,37.03,24.69,False
PSI,134.6399,BASING,0.0,0,20,20,159.42,154.31,511,weekly,14.61,rel-vol 1.7x · regime FAVORABLE,False,20,134.6399,132.6203,159.42,49,18.4,12.27,False
PSKY,10.79,BASING,0.0,0,11,11,11.99,11.49,50,weekly,6.49,5 bear-built-above · rel-vol 0.8x · regime FAVORABLE,False,12,10.79,10.6281,11.99,617,11.12,7.41,False
PSN,47.58,BASING,0.0,0,17,17,49.0,48.45,55,weekly,1.83,7 bear-built-above · rel-vol 1.3x · regime FAVORABLE,False,17,47.58,46.8663,49.0,140,2.98,1.99,False
PSNL,17.2,BASING,0.0,0,20,20,17.8,17.5,31,1h,1.74,rel-vol 0.7x · regime FAVORABLE,False,20,17.2,16.942,17.8,387,3.49,2.33,False
PSNYW,4.82,BASING,0.0,0,15,15,5.65,5.3601,29,daily,11.21,10 bear-built-above · rel-vol 0.0x · regime FAVORABLE,False,15,4.82,4.7477,5.65,1383,17.22,11.48,False
PSX,257.26,BASING,0.0,0,4,4,258.81,258.685,13,15m,0.55,4 bear-built-above · rel-vol 0.8x · regime FAVORABLE,True,4,257.26,253.4011,258.81,25,0.6,0.4,False
PTCT,69.3,BASING,0.0,0,20,20,73.67,73.05,63,daily,5.41,24 bear-built-above · rel-vol 0.9x · regime FAVORABLE,False,20,69.3,68.2605,73.67,96,6.31,4.2,False
PTEN,12.65,BASING,0.0,0,20,20,13.105,13.1,1,1h,3.56,24 bear-built-above · rel-vol 0.9x · regime FAVORABLE,True,21,12.65,12.4603,13.105,527,3.6,2.4,False
PTGX,145.72,BASING,0.0,0,20,20,146.68,146.47,22,daily,0.51,28 bear-built-above · rel-vol 1.0x · regime FAVORABLE,False,20,145.72,143.5342,146.68,45,0.66,0.44,False
PURR,11.9,BASING,0.0,0,13,13,12.75,12.65,10,30m,6.3,12 bear-built-above · rel-vol 1.1x · regime FAVORABLE,False,14,11.9,11.7215,12.75,560,7.14,4.76,False
PVH,74.33,BASING,0.0,0,15,15,97.18,78.16,1903,daily,5.15,3 bear-built-above · rel-vol 1.3x · regime FAVORABLE,False,15,74.33,73.215,97.18,89,30.74,20.49,False
PWR,625.0,BASING,0.0,0,20,20,639.34,637.34,200,weekly,1.97,3 bear-built-above · rel-vol 0.6x · regime FAVORABLE,False,20,625.0,615.625,639.34,10,2.29,1.53,False
PYPL,54.57,BASING,0.0,0,17,17,56.16,56.125,4,30m,2.85,28 bear-built-above · rel-vol 1.0x · regime FAVORABLE,False,17,54.57,53.7514,56.16,122,2.91,1.94,False
Q,121.5,BASING,0.0,0,16,16,128.88,126.74,215,weekly,4.31,rel-vol 0.8x · regime FAVORABLE,False,16,121.5,119.6775,128.88,54,6.07,4.05,False
QBTS,16.62,BASING,0.0,0,17,17,16.99,16.685,31,weekly,0.39,11 bear-built-above · rel-vol 0.9x · regime FAVORABLE,False,17,16.62,16.3707,16.99,401,2.23,1.48,False
QFIN,9.0209,BASING,0.0,0,16,16,11.09,9.76,133,daily,8.19,6 bear-built-above · rel-vol 0.6x · regime FAVORABLE,False,16,9.0209,8.8856,11.09,739,22.94,15.29,False
QGEN,42.11,BASING,0.0,0,20,20,48.8,47.65,115,daily,13.16,23 bear-built-above · rel-vol 0.6x · regime FAVORABLE,False,23,42.11,41.4783,48.8,158,15.89,10.59,False
QLYS,171.65,BASING,0.0,0,20,20,186.14,183.25,289,daily,6.76,29 bear-built-above · rel-vol 0.7x · regime FAVORABLE,False,22,171.65,169.0753,186.14,38,8.44,5.63,False
QMCO,24.72,BASING,0.0,0,4,4,25.3,25.205,10,10m,1.96,4 bear-built-above · rel-vol 0.4x · regime FAVORABLE,False,5,24.72,24.3492,25.3,269,2.35,1.56,False
QNRX,7.11,BASING,0.0,0,13,13,7.7,7.56,15,45m,6.33,13 bear-built-above · rel-vol 0.0x · regime FAVORABLE,False,13,7.11,7.0034,7.7,937,8.3,5.53,False
QNST,18.73,BASING,0.0,0,20,20,20.1,19.94,17,daily,6.46,11 bear-built-above · rel-vol 0.8x · regime FAVORABLE,False,20,18.73,18.449,20.1,355,7.31,4.88,False
QNT,50.0,BASING,0.0,0,20,20,56.6,55.0,161,weekly,10.0,9 bear-built-above · rel-vol 0.7x · regime FAVORABLE,False,20,50.0,49.25,56.6,133,13.2,8.8,False
QRVO,102.5,BASING,0.0,0,5,5,102.69,102.645,5,4h,0.14,rel-vol 0.8x · regime FAVORABLE,False,7,102.5,100.9625,102.69,65,0.19,0.12,False
QS,5.48,BASING,0.0,0,19,19,5.98,5.81,18,weekly,6.02,6 bear-built-above · rel-vol 0.4x · regime FAVORABLE,False,19,5.48,5.3978,5.98,1216,9.12,6.08,False
QTEX,0.8775,BASING,0.0,0,5,5,0.9799,0.94,4,weekly,7.12,rel-vol 0.5x · regime FAVORABLE,False,7,0.8775,0.8643,0.9799,7597,11.67,7.78,False
QTWO,62.13,BASING,0.0,0,20,20,64.08,63.36,72,daily,1.98,20 bear-built-above · rel-vol 0.8x · regime FAVORABLE,False,21,62.13,61.1981,64.08,107,3.14,2.09,False
QUBT,8.055,BASING,0.0,0,20,20,8.92,8.62,31,weekly,7.01,12 bear-built-above · rel-vol 0.5x · regime FAVORABLE,False,20,8.055,7.9342,8.92,827,10.74,7.16,False
QURE,44.5,BASING,0.0,0,20,20,46.23,45.5,73,daily,2.25,27 bear-built-above · rel-vol 0.9x · regime FAVORABLE,False,20,44.5,43.8325,46.23,149,3.89,2.59,False
RAM,14.19,BASING,0.0,0,15,15,18.0,14.8,320,weekly,4.3,rel-vol 0.9x · regime FAVORABLE,False,15,14.19,13.9771,18.0,469,26.85,17.9,False
RARE,15.21,BASING,0.0,0,10,10,15.74,15.735,1,45m,3.45,10 bear-built-above · rel-vol 2.9x · regime FAVORABLE,False,10,15.21,14.9819,15.74,438,3.48,2.32,False
RBA,83.54,BASING,0.0,0,20,20,94.72,94.3,43,weekly,12.88,35 bear-built-above · rel-vol 0.5x · regime FAVORABLE,False,20,83.54,82.2869,94.72,79,13.38,8.92,False
RBC,488.54,BASING,0.0,0,18,18,520.54,517.01,353,daily,5.83,31 bear-built-above · rel-vol 0.7x · regime FAVORABLE,False,18,488.54,481.2119,520.54,13,6.55,4.37,False
RBLX,42.97,BASING,0.0,0,3,3,48.22,48.2,2,45m,12.17,2 bear-built-above · rel-vol 0.9x · regime FAVORABLE,False,4,42.97,42.3254,48.22,155,12.22,8.15,False
RBRK,93.3,BASING,0.0,0,18,18,101.99,98.95,304,daily,6.06,9 bear-built-above · rel-vol 0.5x · regime FAVORABLE,False,19,93.3,91.9005,101.99,71,9.31,6.21,False
RCAT,8.37,BASING,0.0,0,17,17,9.62,9.36,26,weekly,11.83,17 bear-built-above · rel-vol 0.6x · regime FAVORABLE,False,17,8.37,8.2444,9.62,796,14.93,9.96,False
RCEL,11.23,BASING,0,0,0,0,,,,,0,rel-vol 0.7x · regime FAVORABLE,False,0,11.23,11.0616,12.353,593,10.0,6.67,False
RDAC,6.1,BASING,0.0,0,20,20,6.94,6.71,24,30m,10.0,23 bear-built-above · rel-vol 0.0x · regime FAVORABLE,False,20,6.1,6.0085,6.94,1092,13.77,9.18,False
RDDT,153.5,BASING,0.0,0,20,20,155.99,155.74,25,daily,1.46,14 bear-built-above · rel-vol 0.4x · regime FAVORABLE,False,20,153.5,151.1975,155.99,43,1.62,1.08,False
RDGT,0.9262,BASING,0.0,0,12,12,0.9864,0.9599,3,15m,3.64,8 bear-built-above · rel-vol 0.0x · regime FAVORABLE,False,12,0.9262,0.9123,0.9864,7197,6.5,4.33,False
RDIB,14.4749,BASING,0.0,0,5,5,16.595,16.0672,53,10m,11.0,2 bear-built-above · rel-vol 0.3x · regime FAVORABLE,True,5,14.4749,14.2578,16.595,460,14.65,9.76,False
RDNT,73.71,BASING,0.0,0,13,13,82.79,82.25,55,weekly,11.59,8 bear-built-above · rel-vol 0.8x · regime FAVORABLE,False,15,73.71,72.6043,82.79,90,12.32,8.21,False
RDW,10.51,BASING,0.0,0,19,19,12.02,11.75,27,weekly,11.8,6 bear-built-above · rel-vol 0.7x · regime FAVORABLE,False,19,10.51,10.3523,12.02,634,14.37,9.58,False
REAX,18.77,BASING,0.0,0,20,20,19.63,19.57,6,45m,4.26,17 bear-built-above · rel-vol 0.5x · regime FAVORABLE,False,20,18.77,18.4885,19.63,355,4.58,3.05,False
REGN,827.72,BASING,0.0,0,20,20,919.73,875.0,4474,daily,5.71,33 bear-built-above · rel-vol 0.8x · regime FAVORABLE,False,22,827.72,815.3042,919.73,8,11.12,7.41,False
REI,1.49,BASING,0,0,0,0,,,,,0,rel-vol 0.8x · regime FAVORABLE,False,0,1.49,1.4676,1.639,4474,10.0,6.67,False
RELY,26.61,BASING,0.0,0,20,20,26.92,26.82,11,daily,0.79,26 bear-built-above · rel-vol 0.6x · regime FAVORABLE,False,21,26.61,26.2109,26.92,250,1.16,0.78,False
REPL,15.0975,BASING,0.0,0,14,14,15.29,15.22,7,daily,0.81,13 bear-built-above · rel-vol 0.3x · regime FAVORABLE,False,14,15.0975,14.871,15.29,441,1.28,0.85,False
REZI,19.88,BASING,0.0,0,13,13,24.44,22.25,220,daily,11.92,rel-vol 0.5x · regime FAVORABLE,False,13,19.88,19.5818,24.44,335,22.94,15.29,False
RF,30.42,BASING,0.0,0,20,20,30.94,30.68,27,1h,0.85,1 bear-built-above · rel-vol 0.9x · regime FAVORABLE,True,23,30.42,29.9637,30.94,219,1.71,1.14,False
RGEN,167.6,BASING,0.0,0,20,20,176.27,174.17,211,weekly,3.92,20 bear-built-above · rel-vol 0.8x · regime FAVORABLE,False,24,167.6,165.086,176.27,39,5.17,3.45,False
RGTI,15.233,BASING,0.0,0,19,19,17.91,17.495,42,weekly,14.85,12 bear-built-above · rel-vol 0.7x · regime FAVORABLE,False,19,15.233,15.0045,17.91,437,17.57,11.72,False
RH,149.0,BASING,0.0,0,20,20,169.97,164.56,541,daily,10.44,5 bear-built-above · rel-vol 0.7x · regime FAVORABLE,False,20,149.0,146.765,169.97,44,14.07,9.38,False
RHI,42.32,BASING,0.0,0,20,20,45.31,44.88,43,weekly,6.05,21 bear-built-above · rel-vol 0.7x · regime FAVORABLE,False,20,42.32,41.6852,45.31,157,7.07,4.71,False
RIG,5.93,BASING,0.0,0,20,20,6.81,6.7,11,weekly,12.98,25 bear-built-above · rel-vol 1.0x · regime FAVORABLE,False,20,5.93,5.8411,6.81,1124,14.84,9.89,False
RING,87.47,BASING,0.0,0,20,20,99.05,92.84,621,daily,6.14,8 bear-built-above · rel-vol 1.2x · regime FAVORABLE,False,22,87.47,86.1579,99.05,76,13.24,8.83,False
RIO,103.53,BASING,0.0,0,20,20,107.86,105.73,213,daily,2.12,1 bear-built-above · rel-vol 0.6x · regime FAVORABLE,False,21,103.53,101.9771,107.86,64,4.18,2.79,False
RIOT,21.41,BASING,0.0,0,16,16,21.91,21.9,2,4h,2.29,8 bear-built-above · rel-vol 0.7x · regime FAVORABLE,False,19,21.41,21.0889,21.91,311,2.34,1.56,False
RITR,0.0873,BASING,0.0,0,7,7,0.1016,0.0928,1,daily,6.3,6 bear-built-above · rel-vol 0.2x · regime FAVORABLE,False,7,0.0873,0.086,0.1016,76365,16.38,10.92,False
RIVN,15.69,BASING,0.0,0,16,16,16.07,15.9,17,weekly,1.34,10 bear-built-above · rel-vol 0.7x · regime FAVORABLE,False,18,15.69,15.4546,16.07,424,2.42,1.61,False
RKLB,64.25,BASING,0.0,0,17,17,72.57,71.21,136,weekly,10.83,2 bear-built-above · rel-vol 0.9x · regime FAVORABLE,False,18,64.25,63.2863,72.57,103,12.95,8.63,False
RKLX,15.12,BASING,0.0,0,19,19,15.31,15.13,18,weekly,0.07,4 bear-built-above · rel-vol 1.2x · regime FAVORABLE,False,19,15.12,14.8932,15.31,440,1.26,0.84,False
RKT,13.9,BASING,0.0,0,19,19,15.55,15.26,30,daily,9.78,13 bear-built-above · rel-vol 1.0x · regime FAVORABLE,False,20,13.9,13.6915,15.55,479,11.87,7.91,False
RL,351.5,BASING,0.0,0,18,18,388.92,384.91,401,weekly,9.5,3 bear-built-above · rel-vol 1.1x · regime FAVORABLE,False,18,351.5,346.2275,388.92,18,10.65,7.1,False
RLAY,18.77,BASING,0.0,0,20,20,19.44,19.16,29,weekly,2.08,2 bear-built-above · rel-vol 0.9x · regime FAVORABLE,False,20,18.77,18.4885,19.44,355,3.57,2.38,False
RMD,228.35,BASING,0.0,0,20,20,252.87,250.08,279,weekly,9.52,38 bear-built-above · rel-vol 0.6x · regime FAVORABLE,False,21,228.35,224.9247,252.87,29,10.74,7.16,False
ROAD,102.6,BASING,0.0,0,19,19,110.1,108.89,121,weekly,6.13,12 bear-built-above · rel-vol 0.6x · regime FAVORABLE,False,19,102.6,101.061,110.1,64,7.31,4.87,False
ROBN,37.57,BASING,0.0,0,20,20,41.33,41.02,31,4h,9.18,19 bear-built-above · rel-vol 0.9x · regime FAVORABLE,False,26,37.57,37.0065,41.33,177,10.01,6.67,False
ROIV,35.62,BASING,0.0,0,11,11,37.69,37.36,33,1h,4.88,rel-vol 0.7x · regime FAVORABLE,False,12,35.62,35.0857,37.69,187,5.81,3.87,False
RPD,10.89,BASING,0.0,0,20,20,12.01,11.86,16,daily,8.91,35 bear-built-above · rel-vol 0.9x · regime FAVORABLE,False,20,10.89,10.7267,12.01,612,10.28,6.86,False
RRR,57.15,BASING,0.0,0,20,20,59.67,59.21,47,daily,3.6,13 bear-built-above · rel-vol 0.7x · regime FAVORABLE,False,24,57.15,56.2927,59.67,116,4.41,2.94,False
RRX,162.86,BASING,0.0,0,17,17,166.15,164.83,132,weekly,1.21,16 bear-built-above · rel-vol 0.7x · regime FAVORABLE,False,17,162.86,160.4171,166.15,40,2.02,1.35,False
RSKD,6.49,BASING,0.0,0,20,20,6.918,6.9,2,1h,6.32,20 bear-built-above · rel-vol 1.1x · regime FAVORABLE,False,20,6.49,6.3926,6.918,1027,6.59,4.4,False
RUM,8.6,BASING,0.0,0,9,9,8.98,8.77,22,weekly,1.98,5 bear-built-above · rel-vol 0.7x · regime FAVORABLE,False,9,8.6,8.471,8.98,775,4.42,2.95,False
RUN,8.88,BASING,0.0,0,19,19,9.16,9.07,9,weekly,2.14,8 bear-built-above · rel-vol 0.8x · regime FAVORABLE,False,19,8.88,8.7468,9.16,750,3.15,2.1,False
RVMD,210.5,BASING,0.0,0,15,15,216.6193,216.25,37,45m,2.73,7 bear-built-above · rel-vol 0.5x · regime FAVORABLE,False,15,210.5,207.3425,216.6193,31,2.91,1.94,False
RVTY,131.01,BASING,0.0,0,4,4,131.215,131.13,9,45m,0.09,4 bear-built-above · rel-vol 0.8x · regime FAVORABLE,False,7,131.01,129.0448,131.215,50,0.16,0.1,False
RXRX,3.59,BASING,0.0,0,10,10,4.19,4.12,8,weekly,14.76,8 bear-built-above · rel-vol 1.9x · regime FAVORABLE,False,10,3.59,3.5361,4.19,1857,16.71,11.14,False
RXT,3.2,BASING,0.0,0,8,8,3.59,3.585,1,30m,12.03,3 bear-built-above · rel-vol 0.7x · regime FAVORABLE,False,8,3.2,3.152,3.59,2083,12.19,8.12,False
RYAN,41.91,BASING,0.0,0,20,20,43.56,43.43,14,weekly,3.63,11 bear-built-above · rel-vol 0.8x · regime FAVORABLE,False,24,41.91,41.2813,43.56,159,3.94,2.62,False
RYTM,102.74,BASING,0.0,0,20,20,107.17,106.01,116,weekly,3.18,10 bear-built-above · rel-vol 0.9x · regime FAVORABLE,False,22,102.74,101.1989,107.17,64,4.31,2.87,False
RZLV,2.26,BASING,0.0,0,5,5,2.89,2.52,38,daily,11.5,4 bear-built-above · rel-vol 0.8x · regime FAVORABLE,False,5,2.26,2.2261,2.89,2949,27.88,18.58,False
S,19.72,BASING,0.0,0,16,16,23.11,22.5,61,daily,14.1,8 bear-built-above · rel-vol 0.8x · regime FAVORABLE,False,17,19.72,19.4242,23.11,338,17.19,11.46,False
SA,31.83,BASING,0.0,0,20,20,39.3,35.91,340,daily,12.82,14 bear-built-above · rel-vol 0.5x · regime FAVORABLE,False,22,31.83,31.3525,39.3,209,23.47,15.65,False
SAIL,18.62,BASING,0.0,0,17,17,20.81,20.6521,16,4h,10.91,11 bear-built-above · rel-vol 0.6x · regime FAVORABLE,False,19,18.62,18.3407,20.81,358,11.76,7.84,False
SANM,195.06,BASING,0.0,0,17,17,213.5,207.09,641,daily,6.17,6 bear-built-above · rel-vol 0.6x · regime FAVORABLE,False,17,195.06,192.1341,213.5,34,9.45,6.3,False
SBET,8.63,BASING,0.0,0,15,15,9.75,9.51,25,weekly,10.2,13 bear-built-above · rel-vol 0.7x · regime FAVORABLE,False,17,8.63,8.5006,9.75,772,12.98,8.65,False
SBIT,35.54,BASING,0.0,0,14,14,42.7,37.68,503,daily,6.02,30 bear-built-above · rel-vol 1.1x · regime FAVORABLE,False,14,35.54,35.0069,42.7,187,20.15,13.43,False
SBLK,32.07,BASING,0.0,0,6,6,32.29,32.2,9,45m,0.41,6 bear-built-above · rel-vol 0.9x · regime FAVORABLE,True,6,32.07,31.589,32.29,207,0.69,0.46,False
SBSW,12.98,BASING,0.0,0,5,5,15.08,14.5,59,daily,11.71,1 bear-built-above · rel-vol 0.7x · regime FAVORABLE,True,8,12.98,12.7853,15.08,513,16.18,10.79,False
SCCO,200.0,BASING,0.0,0,20,20,204.4145,201.9235,250,4h,0.96,25 bear-built-above · rel-vol 0.7x · regime FAVORABLE,False,21,200.0,197.0,204.4145,33,2.21,1.47,False
SDOT,13.2597,BASING,0.0,0,20,20,14.24,13.52,73,daily,1.96,39 bear-built-above · rel-vol 0.0x · regime FAVORABLE,False,20,13.2597,13.0608,14.24,502,7.39,4.93,False
SDRL,49.08,BASING,0.0,0,20,20,50.07,49.5,58,daily,0.86,20 bear-built-above · rel-vol 0.7x · regime FAVORABLE,False,21,49.08,48.3438,50.07,135,2.02,1.34,False
SE,110.59,BASING,0.0,0,20,20,117.8,117.51,29,daily,6.26,40 bear-built-above · rel-vol 0.8x · regime FAVORABLE,False,21,110.59,108.9312,117.8,60,6.52,4.35,False
SEDG,34.44,BASING,0.0,0,7,7,35.5,35.47,4,45m,2.99,2 bear-built-above · rel-vol 0.6x · regime FAVORABLE,False,8,34.44,33.9234,35.5,193,3.08,2.05,False
SEI,54.7,BASING,0.0,0,20,20,58.8,57.92,88,daily,5.89,3 bear-built-above · rel-vol 0.7x · regime FAVORABLE,False,20,54.7,53.8795,58.8,121,7.5,5.0,False
SEPN,36.75,BASING,0.0,0,20,20,40.0,39.76,25,weekly,8.19,17 bear-built-above · rel-vol 0.4x · regime FAVORABLE,False,20,36.75,36.1987,40.0,181,8.84,5.9,False
SERV,4.9,BASING,0.0,0,7,7,5.51,5.085,43,daily,3.78,2 bear-built-above · rel-vol 0.5x · regime FAVORABLE,False,7,4.9,4.8265,5.51,1360,12.45,8.3,False
SES,0.519,BASING,0.0,0,20,20,0.5403,0.5386,1,weekly,3.78,4 bear-built-above · rel-vol 0.6x · regime FAVORABLE,False,21,0.519,0.5112,0.5403,12845,4.1,2.74,False
SEZL,120.0,BASING,0.0,0,20,20,168.54,132.36,3618,daily,10.3,10 bear-built-above · rel-vol 0.5x · regime FAVORABLE,False,20,120.0,118.2,168.54,55,40.45,26.97,False
SFM,81.4,BASING,0.0,0,20,20,104.55,81.49,2306,daily,0.11,17 bear-built-above · rel-vol 1.0x · regime FAVORABLE,False,22,81.4,80.179,104.55,81,28.44,18.96,False
SG,7.21,BASING,0.0,0,8,8,8.27,8.12,16,daily,12.62,rel-vol 0.6x · regime FAVORABLE,True,11,7.21,7.1018,8.27,924,14.7,9.8,False
SGHC,14.05,BASING,0.0,0,8,8,15.58,15.55,3,daily,10.68,2 bear-built-above · rel-vol 1.1x · regime FAVORABLE,False,8,14.05,13.8392,15.58,474,10.89,7.26,False
SGI,69.87,BASING,0.0,0,16,16,80.01,79.0,102,1h,13.07,8 bear-built-above · rel-vol 0.8x · regime FAVORABLE,False,16,69.87,68.822,80.01,95,14.51,9.68,False
SGLY,1.5,BASING,0.0,0,1,1,1.58,1.57,2,1m,4.67,1 bear-built-above · rel-vol 0.1x · regime FAVORABLE,False,3,1.5,1.4775,1.58,4444,5.33,3.56,False
SGML,11.43,BASING,0.0,0,18,18,13.3,12.61,70,daily,10.32,6 bear-built-above · rel-vol 1.0x · regime FAVORABLE,False,18,11.43,11.2585,13.3,583,16.36,10.91,False
SGRY,14.26,BASING,0.0,0,13,13,15.19,15.05,14,daily,5.54,11 bear-built-above · rel-vol 0.4x · regime FAVORABLE,False,15,14.26,14.0461,15.19,467,6.52,4.35,False
SHAZ,56.0,BASING,0.0,0,20,20,59.21,56.24,297,daily,0.43,4 bear-built-above · rel-vol 0.7x · regime FAVORABLE,False,20,56.0,55.16,59.21,119,5.73,3.82,False
SHLS,7.12,BASING,0.0,0,20,20,8.23,8.13,10,daily,14.19,12 bear-built-above · rel-vol 1.0x · regime FAVORABLE,False,20,7.12,7.0132,8.23,936,15.59,10.39,False
SHMD,3.15,BASING,0.0,0,13,13,3.4,3.38,3,1h,7.3,9 bear-built-above · rel-vol 0.4x · regime FAVORABLE,False,13,3.15,3.1027,3.4,2116,7.94,5.29,False
SHOP,142.0,BASING,0.0,0,20,20,152.9,150.7,221,daily,6.13,49 bear-built-above · rel-vol 1.0x · regime FAVORABLE,False,20,142.0,139.87,152.9,46,7.68,5.12,False
SIG,85.3,BASING,0.0,0,20,20,90.57,89.33,124,weekly,4.72,1 bear-built-above · rel-vol 1.2x · regime FAVORABLE,False,20,85.3,84.0205,90.57,78,6.18,4.12,False
SIL,97.98,BASING,0.0,0,18,18,116.99,108.09,890,daily,10.32,22 bear-built-above · rel-vol 0.7x · regime FAVORABLE,False,18,97.98,96.5103,116.99,68,19.4,12.93,False
SILJ,31.38,BASING,0.0,0,18,18,36.51,35.58,93,daily,13.38,23 bear-built-above · rel-vol 0.7x · regime FAVORABLE,False,18,31.38,30.9093,36.51,212,16.35,10.9,False
SIMO,255.0,BASING,0.0,0,12,12,289.0,283.0,600,1h,10.98,rel-vol 0.7x · regime FAVORABLE,False,12,255.0,251.175,289.0,26,13.33,8.89,False
SION,7.1302,BASING,0.0,0,4,4,7.345,7.2,15,45m,0.98,4 bear-built-above · rel-vol 0.2x · regime FAVORABLE,False,5,7.1302,7.0232,7.345,934,3.01,2.01,False
SITE,100.58,BASING,0.0,0,20,20,112.39,111.92,47,weekly,11.27,18 bear-built-above · rel-vol 1.0x · regime FAVORABLE,False,20,100.58,99.0713,112.39,66,11.74,7.83,False
SITM,612.09,BASING,0.0,0,14,14,694.0,684.03,998,30m,11.75,1 bear-built-above · rel-vol 0.8x · regime FAVORABLE,False,14,612.09,602.9087,694.0,10,13.38,8.92,False
SKHY,180.54,BASING,0,0,0,0,,,,,0,rel-vol 1.1x · regime FAVORABLE,True,0,180.54,177.8319,198.594,36,10.0,6.67,False
SKHZ,10.06,BASING,0.0,0,20,20,11.655,11.48,18,daily,14.12,16 bear-built-above · rel-vol 0.9x · regime FAVORABLE,False,20,10.06,9.9091,11.655,662,15.85,10.57,False
SKUU,27.93,BASING,0.0,0,7,7,29.7,29.66,4,45m,6.19,1 bear-built-above · rel-vol 0.6x · regime FAVORABLE,True,8,27.93,27.5111,29.7,238,6.34,4.22,False
SKYQ,2.69,BASING,0.0,0,3,3,2.83,2.8,4,daily,4.09,3 bear-built-above · rel-vol 0.4x · regime FAVORABLE,False,3,2.69,2.6496,2.83,2478,5.2,3.47,False
SLDE,24.65,BASING,0.0,0,1,1,24.88,24.85,3,5m,0.81,1 bear-built-above · rel-vol 1.2x · regime FAVORABLE,False,1,24.65,24.2802,24.88,270,0.93,0.62,False
SLDP,2.64,BASING,0.0,0,6,6,2.87,2.86,2,weekly,8.33,rel-vol 0.8x · regime FAVORABLE,True,6,2.64,2.6004,2.87,2525,8.71,5.81,False
SLNH,1.19,BASING,0.0,0,5,5,1.36,1.355,1,1h,13.87,rel-vol 0.5x · regime FAVORABLE,False,5,1.19,1.1722,1.36,5602,14.29,9.52,False
SLS,13.88,BASING,0.0,0,20,20,14.79,14.77,2,30m,6.41,8 bear-built-above · rel-vol 0.6x · regime FAVORABLE,False,20,13.88,13.6718,14.79,480,6.56,4.37,False
SMCI,39.5,BASING,0.0,0,9,9,45.235,45.0,24,daily,13.92,1 bear-built-above · rel-vol 1.0x · regime FAVORABLE,False,11,39.5,38.9075,45.235,168,14.52,9.68,False
SMCIP,66.68,BASING,0.0,0,20,20,69.7,67.98,172,1h,1.95,16 bear-built-above · rel-vol 1.0x · regime FAVORABLE,False,20,66.68,65.6798,69.7,99,4.53,3.02,False
SMCL,18.66,BASING,0.0,0,20,20,21.38,21.359,3,30m,14.46,19 bear-built-above · rel-vol 0.6x · regime FAVORABLE,False,20,18.66,18.3801,21.38,357,14.58,9.72,False
SMCX,13.35,BASING,0.0,0,20,20,15.13,15.12,2,15m,13.26,21 bear-built-above · rel-vol 0.8x · regime FAVORABLE,False,21,13.35,13.1497,15.13,499,13.33,8.89,False
SMMT,17.46,BASING,0.0,0,2,2,18.79,18.54,25,daily,6.19,rel-vol 1.1x · regime FAVORABLE,True,4,17.46,17.1981,18.79,381,7.62,5.08,False
SMR,9.62,BASING,0.0,0,10,10,11.22,10.86,37,daily,12.89,7 bear-built-above · rel-vol 0.6x · regime FAVORABLE,False,10,9.62,9.4757,11.22,693,16.63,11.09,False
SMTC,148.99,BASING,0.0,0,20,20,156.24,150.405,584,daily,0.95,1 bear-built-above · rel-vol 0.9x · regime FAVORABLE,False,20,148.99,146.7552,156.24,44,4.87,3.24,False
SMTK,2.5,BASING,0.0,0,2,2,2.82,2.65,17,daily,6.0,2 bear-built-above · rel-vol 0.2x · regime FAVORABLE,False,2,2.5,2.4625,2.82,2666,12.8,8.53,False
SNAP,5.44,BASING,0.0,0,20,20,5.7,5.65,5,daily,3.86,19 bear-built-above · rel-vol 0.6x · regime FAVORABLE,False,23,5.44,5.3584,5.7,1225,4.78,3.19,False
SNDK,1745.33,BASING,0.0,0,9,9,1828.68,1792.86,3583,weekly,2.72,2 bear-built-above · rel-vol 1.2x · regime FAVORABLE,False,15,1745.33,1719.15,1828.68,3,4.78,3.18,False
SNDQ,11.653,BASING,0.0,0,10,10,12.05,12.04,2,15m,3.32,9 bear-built-above · rel-vol 1.8x · regime FAVORABLE,False,10,11.653,11.4782,12.05,572,3.41,2.27,False
SNDU,26.98,BASING,0.0,0,10,10,30.2659,27.38,289,45m,1.48,3 bear-built-above · rel-vol 1.1x · regime FAVORABLE,False,11,26.98,26.5753,30.2659,247,12.18,8.12,False
SNK,15.47,BASING,0.0,0,20,20,17.57,17.56,2,4h,13.51,15 bear-built-above · rel-vol 0.6x · regime FAVORABLE,False,20,15.47,15.2379,17.57,430,13.57,9.05,False
SNOW,336.5,BASING,0.0,0,20,20,356.47,353.63,285,daily,5.09,34 bear-built-above · rel-vol 1.6x · regime FAVORABLE,False,20,336.5,331.4525,356.47,19,5.93,3.96,False
SNPS,401.9213,BASING,0.0,0,17,17,604.37,427.8,17657,daily,6.44,53 bear-built-above · rel-vol 1.7x · regime FAVORABLE,False,17,401.9213,395.8925,604.37,16,50.37,33.58,False
SNXX,17.42,BASING,0.0,0,6,6,19.39,17.54,186,45m,0.69,2 bear-built-above · rel-vol 1.1x · regime FAVORABLE,False,10,17.42,17.1587,19.39,382,11.31,7.54,False
SOAR,0.2376,BASING,0.0,0,2,2,0.365,0.2511,12,weekly,5.68,1 bear-built-above · rel-vol 0.4x · regime FAVORABLE,True,2,0.2376,0.234,0.365,28058,53.62,35.75,False
SOC,4.83,BASING,0.0,0,12,12,5.08,5.01,8,daily,3.73,4 bear-built-above · rel-vol 0.4x · regime FAVORABLE,False,12,4.83,4.7576,5.08,1380,5.18,3.45,False
SOLS,64.55,BASING,0.0,0,8,8,80.19,73.39,680,weekly,13.69,3 bear-built-above · rel-vol 0.9x · regime FAVORABLE,False,8,64.55,63.5817,80.19,103,24.23,16.15,False
SOLT,59.1183,BASING,0.0,0,20,20,62.44,62.03,41,daily,4.93,14 bear-built-above · rel-vol 1.0x · regime FAVORABLE,False,21,59.1183,58.2315,62.44,112,5.62,3.75,False
SOUN,6.6904,BASING,0.0,0,18,18,7.43,7.342,9,weekly,9.74,12 bear-built-above · rel-vol 0.8x · regime FAVORABLE,False,22,6.6904,6.59,7.43,996,11.05,7.37,False
SOXS,45.46,BASING,0.0,0,18,18,51.6,49.56,204,daily,9.02,11 bear-built-above · rel-vol 1.2x · regime FAVORABLE,False,18,45.46,44.7781,51.6,146,13.51,9.0,False
SPAL,16.81,BASING,0.0,0,20,20,18.18,18.0,18,weekly,7.08,17 bear-built-above · rel-vol 0.9x · regime FAVORABLE,False,20,16.81,16.5578,18.18,396,8.15,5.43,False
SPAX,10.14,BASING,0.0,0,20,20,10.97,10.81,17,weekly,6.61,9 bear-built-above · rel-vol 0.5x · regime FAVORABLE,False,20,10.14,9.9879,10.97,657,8.19,5.46,False
SPCE,3.02,BASING,0.0,0,13,13,3.56,3.33,23,weekly,10.26,3 bear-built-above · rel-vol 0.7x · regime FAVORABLE,False,15,3.02,2.9747,3.56,2207,17.88,11.92,False
SPCF,16.63,BASING,0.0,0,20,20,18.17,18.0,18,weekly,8.24,12 bear-built-above · rel-vol 0.4x · regime FAVORABLE,False,20,16.63,16.3805,18.17,400,9.26,6.17,False
SPCG,16.1,BASING,0.0,0,15,15,17.94,17.88,7,30m,11.06,2 bear-built-above · rel-vol 0.5x · regime FAVORABLE,False,15,16.1,15.8585,17.94,414,11.43,7.62,False
SPCH,10.0,BASING,0.0,0,18,18,10.88,10.73,16,weekly,7.3,4 bear-built-above · rel-vol 0.6x · regime FAVORABLE,False,19,10.0,9.85,10.88,666,8.8,5.87,False
SPCX,148.88,BASING,0.0,0,12,12,160.42,158.92,150,daily,6.74,3 bear-built-above · rel-vol 0.6x · regime FAVORABLE,False,14,148.88,146.6468,160.42,44,7.75,5.17,False
SPHR,144.0,BASING,0.0,0,20,20,147.34,146.45,90,daily,1.7,5 bear-built-above · rel-vol 0.4x · regime FAVORABLE,False,20,144.0,141.84,147.34,46,2.32,1.55,False
SPOT,542.5,BASING,0.0,0,17,17,560.11,556.49,363,daily,2.58,15 bear-built-above · rel-vol 0.8x · regime FAVORABLE,True,17,542.5,534.3625,560.11,12,3.25,2.16,False
SPSC,83.0,BASING,0.0,0,14,14,84.21,83.12,109,daily,0.14,11 bear-built-above · rel-vol 0.8x · regime FAVORABLE,False,16,83.0,81.755,84.21,80,1.46,0.97,False
SQM,76.43,BASING,0.0,0,20,20,82.33,80.1,224,daily,4.8,54 bear-built-above · rel-vol 1.2x · regime FAVORABLE,False,20,76.43,75.2836,82.33,87,7.72,5.15,False
SRPT,19.9899,BASING,0.0,0,18,18,36.18,21.26,1492,weekly,6.35,5 bear-built-above · rel-vol 1.0x · regime FAVORABLE,False,19,19.9899,19.6901,36.18,333,80.99,53.99,False
SRRK,55.33,BASING,0.0,0,20,20,59.26,58.75,51,daily,6.18,14 bear-built-above · rel-vol 0.6x · regime FAVORABLE,True,20,55.33,54.5,59.26,120,7.1,4.74,False
SRXH,1.5,BASING,0.0,0,20,20,1.71,1.7,2,weekly,13.33,19 bear-built-above · rel-vol 0.4x · regime FAVORABLE,False,20,1.5,1.4775,1.71,4444,14.0,9.33,False
SSM,3.0829,BASING,0.0,0,14,14,3.42,3.4,3,45m,10.29,13 bear-built-above · rel-vol 0.1x · regime FAVORABLE,False,14,3.0829,3.0367,3.42,2162,10.93,7.29,False
SSPC,9.4,BASING,0.0,0,20,20,9.51,9.43,9,4h,0.32,16 bear-built-above · rel-vol 0.6x · regime FAVORABLE,False,20,9.4,9.259,9.51,709,1.17,0.78,False
SSRM,37.17,BASING,0.0,0,20,20,38.89,37.66,124,daily,1.32,22 bear-built-above · rel-vol 1.0x · regime FAVORABLE,False,21,37.17,36.6125,38.89,179,4.63,3.08,False
SST,3.81,BASING,0.0,0,20,20,4.145,4.1306,2,1h,8.41,21 bear-built-above · rel-vol 1.8x · regime FAVORABLE,False,20,3.81,3.7529,4.145,1749,8.79,5.86,False
STEP,51.01,BASING,0.0,0,5,5,56.2,55.44,77,4h,8.68,2 bear-built-above · rel-vol 0.6x · regime FAVORABLE,False,5,51.01,50.2448,56.2,130,10.17,6.78,False
STIM,2.8818,BASING,0.0,0,20,20,3.0,2.98,3,weekly,3.41,8 bear-built-above · rel-vol 0.3x · regime FAVORABLE,False,20,2.8818,2.8386,3.0,2313,4.1,2.73,False
STKH,2.3601,BASING,0.0,0,20,20,2.67,2.6,7,daily,10.16,15 bear-built-above · rel-vol 0.0x · regime FAVORABLE,False,20,2.3601,2.3247,2.67,2824,13.13,8.75,False
STLA,5.56,BASING,0.0,0,17,17,6.34,6.3,5,weekly,13.31,rel-vol 0.8x · regime FAVORABLE,True,17,5.56,5.4766,6.34,1199,14.03,9.35,False
STLD,242.06,BASING,0.0,0,20,20,255.77,253.41,237,weekly,4.69,15 bear-built-above · rel-vol 1.0x · regime FAVORABLE,False,20,242.06,238.4291,255.77,27,5.66,3.78,False
STM,52.9,BASING,0.0,0,13,13,64.76,54.4,1037,daily,2.84,rel-vol 1.0x · regime FAVORABLE,False,13,52.9,52.1065,64.76,126,22.42,14.95,False
STNE,10.11,BASING,0.0,0,11,11,10.32,10.12,21,daily,0.1,7 bear-built-above · rel-vol 0.6x · regime FAVORABLE,False,11,10.11,9.9583,10.32,659,2.08,1.38,False
STNG,82.3,BASING,0.0,0,3,3,85.15,85.0,16,daily,3.28,rel-vol 1.5x · regime FAVORABLE,False,4,82.3,81.0655,85.15,81,3.46,2.31,False
STRL,488.4382,BASING,0.0,0,20,20,516.81,511.9,491,weekly,4.8,rel-vol 1.1x · regime FAVORABLE,False,20,488.4382,481.1116,516.81,13,5.81,3.87,False
STUB,6.61,BASING,0.0,0,12,12,6.94,6.92,3,daily,4.69,2 bear-built-above · rel-vol 0.8x · regime FAVORABLE,False,12,6.61,6.5109,6.94,1008,4.99,3.33,False
STX,851.9352,BASING,0.0,0,18,18,990.33,929.5,6084,daily,9.1,rel-vol 0.7x · regime FAVORABLE,True,18,851.9352,839.1562,990.33,7,16.24,10.83,False
SUGP,0.654,BASING,0.0,0,20,20,0.75,0.7,6,daily,7.03,16 bear-built-above · rel-vol 0.1x · regime FAVORABLE,False,22,0.654,0.6442,0.75,10193,14.68,9.79,False
SUNB,67.18,BASING,0.0,0,18,18,72.28,70.93,135,daily,5.58,23 bear-built-above · rel-vol 3.5x · regime FAVORABLE,False,18,67.18,66.1723,72.28,99,7.59,5.06,False
SVM,12.49,BASING,0.0,0,18,18,14.95,13.82,113,daily,10.65,15 bear-built-above · rel-vol 0.7x · regime FAVORABLE,False,19,12.49,12.3026,14.95,533,19.7,13.13,False
SW,45.83,BASING,0.0,0,20,20,50.8,48.26,254,daily,5.3,31 bear-built-above · rel-vol 0.6x · regime FAVORABLE,False,20,45.83,45.1425,50.8,145,10.84,7.23,False
SWKS,74.02,BASING,0.0,0,13,13,78.76,78.73,4,4h,6.36,1 bear-built-above · rel-vol 0.9x · regime FAVORABLE,False,15,74.02,72.9097,78.76,90,6.4,4.27,False
SWVL,5.12,BASING,0.0,0,13,13,5.32,5.134,19,45m,0.27,13 bear-built-above · rel-vol 0.1x · regime FAVORABLE,False,13,5.12,5.0432,5.32,1302,3.91,2.6,False
SXTC,2.35,BASING,0.0,0,20,20,2.56,2.55,2,daily,8.51,29 bear-built-above · rel-vol 0.0x · regime FAVORABLE,False,20,2.35,2.3148,2.56,2836,8.94,5.96,False
SYM,42.58,BASING,0.0,0,20,20,46.52,43.61,292,daily,2.42,21 bear-built-above · rel-vol 0.9x · regime FAVORABLE,False,21,42.58,41.9413,46.52,156,9.25,6.17,False
SYRE,88.98,BASING,0.0,0,20,20,107.36,93.605,1376,daily,5.2,8 bear-built-above · rel-vol 0.7x · regime FAVORABLE,False,20,88.98,87.6453,107.36,74,20.66,13.77,False
T,25.57,BASING,0.0,0,18,18,28.04,27.35,69,daily,6.96,10 bear-built-above · rel-vol 0.8x · regime FAVORABLE,False,18,25.57,25.1865,28.04,260,9.66,6.44,False
TAL,12.45,BASING,0.0,0,4,4,14.33,13.97,36,daily,12.21,2 bear-built-above · rel-vol 1.3x · regime FAVORABLE,False,5,12.45,12.2632,14.33,535,15.1,10.07,False
TARS,90.9,BASING,0.0,0,6,6,91.18,91.0,19,1h,0.11,6 bear-built-above · rel-vol 2.1x · regime FAVORABLE,False,6,90.9,89.5365,91.18,73,0.31,0.21,False
TBBB,49.77,BASING,0.0,0,15,15,50.91,50.65,26,daily,1.77,7 bear-built-above · rel-vol 0.2x · regime FAVORABLE,False,15,49.77,49.0235,50.91,133,2.29,1.53,False
TDC,28.29,BASING,0.0,0,20,20,31.15,29.91,124,4h,5.73,27 bear-built-above · rel-vol 0.7x · regime FAVORABLE,False,23,28.29,27.8656,31.15,235,10.11,6.74,False
TDS,37.83,BASING,0.0,0,18,18,39.59,39.15,45,weekly,3.49,2 bear-built-above · rel-vol 1.3x · regime FAVORABLE,False,18,37.83,37.2625,39.59,176,4.65,3.1,False
TDW,94.26,BASING,0.0,0,20,20,97.39,97.2,19,45m,3.12,33 bear-built-above · rel-vol 0.8x · regime FAVORABLE,False,22,94.26,92.8461,97.39,70,3.32,2.21,False
TE,4.58,BASING,0.0,0,10,10,4.96,4.95,1,daily,8.08,8 bear-built-above · rel-vol 0.7x · regime FAVORABLE,False,10,4.58,4.5113,4.96,1455,8.3,5.53,False
TEAM,186.0,BASING,0.0,0,20,20,190.61,189.71,91,daily,1.99,33 bear-built-above · rel-vol 0.6x · regime FAVORABLE,True,25,186.0,183.21,190.61,35,2.48,1.65,False
TECK,69.0,BASING,0.0,0,13,13,70.5,70.25,25,30m,1.81,11 bear-built-above · rel-vol 0.8x · regime FAVORABLE,False,13,69.0,67.965,70.5,96,2.17,1.45,False
TECL,205.78,BASING,0.0,0,20,20,239.87,211.27,2860,daily,2.67,1 bear-built-above · rel-vol 0.9x · regime FAVORABLE,True,20,205.78,202.6933,239.87,32,16.57,11.04,False
TEL,208.65,BASING,0.0,0,16,16,243.18,221.04,2215,daily,5.94,1 bear-built-above · rel-vol 1.1x · regime FAVORABLE,False,17,208.65,205.5203,243.18,31,16.55,11.03,False
TEM,64.11,BASING,0.0,0,11,11,70.19,70.1,10,45m,9.34,3 bear-built-above · rel-vol 0.6x · regime FAVORABLE,False,13,64.11,63.1484,70.19,103,9.48,6.32,False
TENB,34.18,BASING,0.0,0,20,20,35.47,35.09,38,daily,2.66,29 bear-built-above · rel-vol 0.4x · regime FAVORABLE,False,22,34.18,33.6673,35.47,195,3.77,2.52,False
TER,361.05,BASING,0.0,0,20,20,370.2,368.54,166,daily,2.07,3 bear-built-above · rel-vol 1.0x · regime FAVORABLE,False,22,361.05,355.6343,370.2,18,2.53,1.69,False
TEX,63.23,BASING,0.0,0,20,20,72.39,71.17,122,daily,12.56,5 bear-built-above · rel-vol 0.7x · regime FAVORABLE,False,20,63.23,62.2815,72.39,105,14.49,9.66,False
TFC,51.26,BASING,0.0,0,20,20,52.71,52.23,49,4h,1.89,rel-vol 0.8x · regime FAVORABLE,False,20,51.26,50.4911,52.71,130,2.83,1.89,False
TFX,138.36,BASING,0.0,0,19,19,176.39,156.5,1989,daily,13.11,18 bear-built-above · rel-vol 0.8x · regime FAVORABLE,False,21,138.36,136.2846,176.39,48,27.49,18.32,False
TGB,8.48,BASING,0.0,0,20,20,9.04,8.74,30,daily,3.07,22 bear-built-above · rel-vol 0.8x · regime FAVORABLE,False,20,8.48,8.3528,9.04,786,6.6,4.4,False
TGT,163.7254,BASING,0.0,0,20,20,167.47,167.0,47,1h,2.0,6 bear-built-above · rel-vol 0.6x · regime FAVORABLE,False,21,163.7254,161.2695,167.47,40,2.29,1.52,False
TGTX,55.66,BASING,0.0,0,20,20,56.71,56.3,42,daily,1.15,29 bear-built-above · rel-vol 0.5x · regime FAVORABLE,False,20,55.66,54.8251,56.71,119,1.89,1.26,False
THC,264.0,BASING,0.0,0,20,20,266.8,265.71,110,weekly,0.65,36 bear-built-above · rel-vol 0.7x · regime FAVORABLE,False,22,264.0,260.04,266.8,25,1.06,0.71,False
THO,76.94,BASING,0.0,0,20,20,86.3,84.54,176,weekly,9.88,1 bear-built-above · rel-vol 0.9x · regime FAVORABLE,False,20,76.94,75.7859,86.3,86,12.17,8.11,False
TKO,186.01,BASING,0.0,0,20,20,211.62,208.83,279,daily,12.27,12 bear-built-above · rel-vol 1.0x · regime FAVORABLE,False,20,186.01,183.2198,211.62,35,13.77,9.18,False
TLN,321.08,BASING,0.0,0,19,19,356.92,350.89,604,daily,9.28,rel-vol 0.7x · regime FAVORABLE,False,20,321.08,316.2638,356.92,20,11.16,7.44,False
TLRY,4.5,BASING,0.0,0,19,19,4.59,4.54,5,weekly,0.89,11 bear-built-above · rel-vol 0.8x · regime FAVORABLE,False,19,4.5,4.4325,4.59,1481,2.0,1.33,False
TLYS,4.3263,BASING,0.0,0,10,10,4.56,4.55,1,1h,5.17,10 bear-built-above · rel-vol 2.7x · regime FAVORABLE,False,10,4.3263,4.2614,4.56,1540,5.4,3.6,False
TMC,4.43,BASING,0.0,0,20,20,4.74,4.63,12,daily,4.51,17 bear-built-above · rel-vol 0.6x · regime FAVORABLE,False,20,4.43,4.3636,4.74,1504,7.0,4.67,False
TMDX,89.98,BASING,0.0,0,15,15,95.07,94.07,100,30m,4.55,rel-vol 0.8x · regime FAVORABLE,False,15,89.98,88.6303,95.07,74,5.66,3.77,False
TME,8.23,BASING,0.0,0,18,18,9.48,8.72,76,daily,5.95,32 bear-built-above · rel-vol 0.4x · regime FAVORABLE,False,18,8.23,8.1066,9.48,810,15.19,10.13,False
TMHC,72.45,BASING,0.0,0,2,2,73.87,73.47,41,daily,1.41,rel-vol 3.1x · regime FAVORABLE,False,6,72.45,71.3633,73.87,92,1.96,1.31,False
TNDM,19.95,BASING,0.0,0,20,20,21.43,21.0,43,weekly,5.26,44 bear-built-above · rel-vol 0.9x · regime FAVORABLE,False,20,19.95,19.6507,21.43,334,7.42,4.95,False
TNGX,23.34,BASING,0.0,0,20,20,23.88,23.6,28,weekly,1.11,rel-vol 0.7x · regime FAVORABLE,False,20,23.34,22.9899,23.88,285,2.31,1.54,False
TNK,94.1,BASING,0,0,0,0,,,,,0,rel-vol 0.9x · regime FAVORABLE,True,1,94.1,92.6885,103.51,70,10.0,6.67,False
TNON,3.48,BASING,0.0,0,20,20,3.83,3.7202,11,4h,6.9,15 bear-built-above · rel-vol 0.0x · regime FAVORABLE,False,20,3.48,3.4278,3.83,1915,10.06,6.7,False
TOI,5.185,BASING,0.0,0,16,16,5.35,5.27,9,weekly,1.64,rel-vol 0.7x · regime FAVORABLE,False,16,5.185,5.1072,5.35,1285,3.18,2.12,False
TOST,33.87,BASING,0.0,0,18,18,37.94,37.5,44,daily,10.72,15 bear-built-above · rel-vol 0.7x · regime FAVORABLE,False,18,33.87,33.362,37.94,196,12.02,8.01,False
TPG,52.65,BASING,0.0,0,16,16,58.91,58.54,37,weekly,11.19,8 bear-built-above · rel-vol 0.6x · regime FAVORABLE,False,19,52.65,51.8603,58.91,126,11.89,7.93,False
TPL,364.21,BASING,0.0,0,20,20,402.58,389.06,1352,weekly,6.82,21 bear-built-above · rel-vol 0.7x · regime FAVORABLE,False,20,364.21,358.7468,402.58,18,10.54,7.02,False
TREX,45.63,BASING,0.0,0,20,20,48.29,47.3,100,daily,3.66,rel-vol 0.7x · regime FAVORABLE,False,22,45.63,44.9456,48.29,146,5.83,3.89,False
TRGP,290.05,BASING,0.0,0,20,20,293.54,291.68,187,daily,0.56,21 bear-built-above · rel-vol 0.5x · regime FAVORABLE,False,21,290.05,285.6993,293.54,22,1.2,0.8,False
TRI,105.68,BASING,0.0,0,20,20,113.2689,112.3547,92,4h,6.32,24 bear-built-above · rel-vol 0.8x · regime FAVORABLE,False,21,105.68,104.0948,113.2689,63,7.18,4.79,False
TRU,79.88,BASING,0.0,0,20,20,89.9,89.25,66,weekly,11.73,20 bear-built-above · rel-vol 2.3x · regime FAVORABLE,False,23,79.88,78.6818,89.9,83,12.54,8.36,False
TRUG,0.3644,BASING,0.0,0,17,17,0.4213,0.4068,2,daily,11.64,13 bear-built-above · rel-vol 0.0x · regime FAVORABLE,False,17,0.3644,0.3589,0.4213,18294,15.61,10.41,False
TSCO,35.0951,BASING,0.0,0,17,17,38.17,37.755,42,daily,7.58,2 bear-built-above · rel-vol 0.7x · regime FAVORABLE,False,17,35.0951,34.5687,38.17,189,8.76,5.84,False
TSDD,8.3598,BASING,0.0,0,20,20,9.64,9.53,12,daily,14.0,8 bear-built-above · rel-vol 1.5x · regime FAVORABLE,False,23,8.3598,8.2344,9.64,797,15.31,10.21,False
TSEM,220.92,BASING,0.0,0,16,16,263.73,249.785,1395,daily,13.07,2 bear-built-above · rel-vol 1.2x · regime FAVORABLE,False,16,220.92,217.6062,263.73,30,19.38,12.92,False
TSHA,5.9,BASING,0.0,0,19,19,6.4,6.11,30,daily,3.56,1 bear-built-above · rel-vol 0.8x · regime FAVORABLE,False,23,5.9,5.8115,6.4,1129,8.47,5.65,False
TSLA,353.09,BASING,0.0,0,16,16,391.06,381.78,929,daily,8.13,17 bear-built-above · rel-vol 1.7x · regime FAVORABLE,False,16,353.09,347.7936,391.06,18,10.75,7.17,False
TSLG,4.5102,BASING,0.0,0,20,20,4.89,4.77,13,daily,5.76,13 bear-built-above · rel-vol 0.8x · regime FAVORABLE,False,20,4.5102,4.4425,4.89,1478,8.42,5.61,False
TSLL,9.0997,BASING,0.0,0,19,19,9.83,9.59,25,daily,5.39,8 bear-built-above · rel-vol 1.3x · regime FAVORABLE,False,19,9.0997,8.9632,9.83,732,8.03,5.35,False
TSLQ,19.84,BASING,0.0,0,19,19,22.91,22.62,29,daily,14.01,9 bear-built-above · rel-vol 1.3x · regime FAVORABLE,False,19,19.84,19.5424,22.91,336,15.47,10.32,False
TSLT,12.6102,BASING,0.0,0,20,20,15.35,12.67,268,daily,0.47,24 bear-built-above · rel-vol 1.4x · regime FAVORABLE,False,20,12.6102,12.421,15.35,528,21.73,14.48,False
TSN,51.4,BASING,0.0,0,18,18,55.16,52.16,300,daily,1.48,34 bear-built-above · rel-vol 1.9x · regime FAVORABLE,False,18,51.4,50.629,55.16,129,7.32,4.88,False
TTAN,89.0,BASING,0.0,0,20,20,93.1,91.56,154,daily,2.88,29 bear-built-above · rel-vol 1.3x · regime FAVORABLE,False,22,89.0,87.665,93.1,74,4.61,3.07,False
TTD,14.31,BASING,0.0,0,14,14,14.5273,14.525,1,45m,1.5,14 bear-built-above · rel-vol 1.2x · regime FAVORABLE,False,14,14.31,14.0953,14.5273,465,1.52,1.01,False
TTMI,125.6,BASING,0.0,0,20,20,140.21,134.84,538,daily,7.36,2 bear-built-above · rel-vol 1.0x · regime FAVORABLE,True,24,125.6,123.716,140.21,53,11.63,7.75,False
TTWO,216.0,BASING,0.0,0,20,20,235.39,233.56,183,weekly,8.13,32 bear-built-above · rel-vol 0.8x · regime FAVORABLE,False,22,216.0,212.76,235.39,30,8.98,5.98,False
TWG,0.5151,BASING,0.0,0,1,1,0.555,0.555,1,1m,7.74,1 bear-built-above · rel-vol 1.8x · regime FAVORABLE,False,1,0.5151,0.5074,0.555,12942,7.75,5.16,False
TWLO,227.0,BASING,0.0,0,20,20,254.99,252.63,237,15m,11.29,23 bear-built-above · rel-vol 0.7x · regime FAVORABLE,False,20,227.0,223.595,254.99,29,12.33,8.22,False
TWST,125.6,BASING,0.0,0,20,20,141.38,139.99,139,weekly,11.46,19 bear-built-above · rel-vol 0.6x · regime FAVORABLE,False,20,125.6,123.716,141.38,53,12.56,8.38,False
TXG,62.39,BASING,0.0,0,20,20,64.1,63.88,22,daily,2.39,9 bear-built-above · rel-vol 0.5x · regime FAVORABLE,False,20,62.39,61.4541,64.1,106,2.74,1.83,False
TYL,364.03,BASING,0.0,0,20,20,379.27,372.03,725,daily,2.2,17 bear-built-above · rel-vol 0.7x · regime FAVORABLE,False,24,364.03,358.5695,379.27,18,4.19,2.79,False
TYRA,28.65,BASING,0.0,0,5,5,32.21,29.0,322,daily,1.22,1 bear-built-above · rel-vol 3.8x · regime FAVORABLE,False,5,28.65,28.2202,32.21,232,12.43,8.28,False
TZA,40.67,BASING,0.0,0,20,20,45.7,45.6,11,daily,12.12,22 bear-built-above · rel-vol 1.0x · regime FAVORABLE,False,20,40.67,40.06,45.7,163,12.37,8.25,False
U,41.3,BASING,0.0,0,17,17,46.16,46.04,12,daily,11.48,10 bear-built-above · rel-vol 0.5x · regime FAVORABLE,False,18,41.3,40.6805,46.16,161,11.77,7.85,False
UAMY,5.1995,BASING,0.0,0,6,6,6.58,5.44,114,daily,4.63,rel-vol 0.6x · regime FAVORABLE,False,6,5.1995,5.1215,6.58,1282,26.55,17.7,False
UBER,75.39,BASING,0.0,0,16,16,84.64,83.06,158,weekly,10.17,26 bear-built-above · rel-vol 0.9x · regime FAVORABLE,False,17,75.39,74.2592,84.64,88,12.27,8.18,False
UCO,49.2,BASING,0.0,0,4,4,51.96,50.91,106,daily,3.48,rel-vol 1.0x · regime FAVORABLE,True,6,49.2,48.462,51.96,135,5.61,3.74,False
UCTT,73.0,BASING,0.0,0,18,18,76.43,74.64,180,weekly,2.25,rel-vol 1.6x · regime FAVORABLE,True,18,73.0,71.905,76.43,91,4.7,3.13,False
UEC,11.5,BASING,0.0,0,18,18,12.24,11.6,65,daily,0.87,24 bear-built-above · rel-vol 0.6x · regime FAVORABLE,False,20,11.5,11.3275,12.24,579,6.43,4.29,False
UGI,37.94,BASING,0.0,0,20,20,40.39,39.95,44,4h,5.3,17 bear-built-above · rel-vol 0.5x · regime FAVORABLE,False,23,37.94,37.3709,40.39,175,6.46,4.31,False
UHS,169.65,BASING,0.0,0,20,20,171.66,171.09,57,weekly,0.85,34 bear-built-above · rel-vol 0.7x · regime FAVORABLE,False,24,169.65,167.1053,171.66,39,1.18,0.79,False
ULCC,5.96,BASING,0.0,0,20,20,6.69,6.59,11,weekly,10.57,rel-vol 0.8x · regime FAVORABLE,False,22,5.96,5.8706,6.69,1118,12.25,8.17,False
ULTA,564.12,BASING,0.0,0,9,9,624.7,566.28,5843,daily,0.38,2 bear-built-above · rel-vol 0.7x · regime FAVORABLE,True,9,564.12,555.6582,624.7,11,10.74,7.16,False
UMAC,23.3,BASING,0.0,0,19,19,27.43,26.6,83,weekly,14.16,19 bear-built-above · rel-vol 0.6x · regime FAVORABLE,False,20,23.3,22.9505,27.43,286,17.73,11.82,False
UNG,10.71,BASING,0.0,0,13,13,13.27,12.2,108,daily,13.91,rel-vol 1.5x · regime FAVORABLE,False,15,10.71,10.5494,13.27,622,23.9,15.94,False
UNM,95.85,BASING,0.0,0,9,9,96.09,96.05,5,45m,0.21,9 bear-built-above · rel-vol 1.0x · regime FAVORABLE,False,9,95.85,94.4123,96.09,69,0.25,0.17,False
UPC,4.01,BASING,0.0,0,20,20,4.77,4.44,33,daily,10.72,15 bear-built-above · rel-vol 0.2x · regime FAVORABLE,False,20,4.01,3.9498,4.77,1662,18.95,12.64,False
UPST,27.93,BASING,0.0,0,20,20,29.08,28.62,46,weekly,2.47,26 bear-built-above · rel-vol 0.7x · regime FAVORABLE,False,20,27.93,27.5111,29.08,238,4.12,2.74,False
UPWK,8.9,BASING,0.0,0,14,14,9.17,9.024,15,daily,1.39,13 bear-built-above · rel-vol 0.5x · regime FAVORABLE,False,14,8.9,8.7665,9.17,749,3.03,2.02,False
URA,46.36,BASING,0.0,0,19,19,50.475,49.98,50,weekly,7.81,1 bear-built-above · rel-vol 0.8x · regime FAVORABLE,False,20,46.36,45.6646,50.475,143,8.88,5.92,False
URBN,80.97,BASING,0.0,0,7,7,81.565,81.53,4,10m,0.69,3 bear-built-above · rel-vol 0.5x · regime FAVORABLE,True,10,80.97,79.7554,81.565,82,0.73,0.49,False
URGN,44.1,BASING,0.0,0,20,20,46.86,46.52,34,weekly,5.49,9 bear-built-above · rel-vol 0.9x · regime FAVORABLE,False,20,44.1,43.4385,46.86,151,6.26,4.17,False
URNM,56.43,BASING,0.0,0,17,17,61.03,60.89,15,daily,7.9,14 bear-built-above · rel-vol 0.5x · regime FAVORABLE,False,17,56.43,55.5836,61.03,118,8.15,5.43,False
USAR,17.46,BASING,0.0,0,17,17,17.99,17.83,17,weekly,2.12,14 bear-built-above · rel-vol 1.7x · regime FAVORABLE,False,18,17.46,17.1981,17.99,381,3.04,2.02,False
USB,63.2,BASING,0.0,0,20,20,65.3477,65.19,16,45m,3.15,16 bear-built-above · rel-vol 0.9x · regime FAVORABLE,True,22,63.2,62.252,65.3477,105,3.4,2.27,False
USDE,7.7,BASING,0.0,0,20,20,8.11,7.93,18,daily,2.99,13 bear-built-above · rel-vol 0.5x · regime FAVORABLE,False,20,7.7,7.5845,8.11,865,5.32,3.55,False
UUUU,14.47,BASING,0.0,0,20,20,14.67,14.56,11,weekly,0.62,9 bear-built-above · rel-vol 0.8x · regime FAVORABLE,False,23,14.47,14.253,14.67,460,1.38,0.92,False
UWMC,1.4698,BASING,0.0,0,12,12,1.59,1.57,3,daily,6.82,rel-vol 0.4x · regime FAVORABLE,False,12,1.4698,1.4478,1.59,4535,8.18,5.45,False
UXRP,16.29,BASING,0.0,0,20,20,18.65,18.29,36,daily,12.28,14 bear-built-above · rel-vol 1.0x · regime FAVORABLE,False,23,16.29,16.0456,18.65,409,14.49,9.66,False
VAL,87.0,BASING,0.0,0,19,19,101.17,98.64,254,weekly,13.38,40 bear-built-above · rel-vol 1.2x · regime FAVORABLE,False,19,87.0,85.695,101.17,76,16.29,10.86,False
VATE,7.46,BASING,0.0,0,13,13,7.86,7.67,20,weekly,2.82,8 bear-built-above · rel-vol 0.2x · regime FAVORABLE,False,13,7.46,7.3481,7.86,893,5.36,3.57,False
VBIO,2.77,BASING,0.0,0,20,20,3.0,2.8,21,weekly,1.08,35 bear-built-above · rel-vol 0.1x · regime FAVORABLE,False,20,2.77,2.7285,3.0,2406,8.3,5.54,False
VCTR,113.01,BASING,0.0,0,20,20,113.73,113.5,24,45m,0.43,21 bear-built-above · rel-vol 1.1x · regime FAVORABLE,False,20,113.01,111.3149,113.73,58,0.64,0.42,False
VCX,37.01,BASING,0.0,0,20,20,41.34,40.75,60,daily,10.11,4 bear-built-above · rel-vol 0.4x · regime FAVORABLE,False,20,37.01,36.4549,41.34,180,11.7,7.8,False
VCYT,41.6555,BASING,0.0,0,20,20,44.67,44.21,47,daily,6.13,26 bear-built-above · rel-vol 0.8x · regime FAVORABLE,False,23,41.6555,41.0307,44.67,160,7.24,4.82,False
VEEV,275.2,BASING,0.0,0,20,20,284.01,279.56,445,daily,1.58,24 bear-built-above · rel-vol 0.6x · regime FAVORABLE,False,22,275.2,271.072,284.01,24,3.2,2.13,False
VELO,11.657,BASING,0.0,0,19,19,13.295,12.68,62,weekly,8.78,5 bear-built-above · rel-vol 0.8x · regime FAVORABLE,False,19,11.657,11.4821,13.295,571,14.05,9.37,False
VERA,36.0,BASING,0.0,0,12,12,42.0,41.26,75,weekly,14.61,rel-vol 0.6x · regime FAVORABLE,False,12,36.0,35.46,42.0,185,16.67,11.11,False
VFC,13.42,BASING,0.0,0,19,19,13.67,13.51,17,weekly,0.67,17 bear-built-above · rel-vol 1.3x · regime FAVORABLE,False,19,13.42,13.2187,13.67,496,1.86,1.24,False
VG,14.76,BASING,0.0,0,12,12,16.89,16.02,88,daily,8.54,8 bear-built-above · rel-vol 0.6x · regime FAVORABLE,False,18,14.76,14.5386,16.89,451,14.43,9.62,False
VIAV,35.1,BASING,0.0,0,18,18,38.9,37.75,115,weekly,7.55,9 bear-built-above · rel-vol 0.8x · regime FAVORABLE,False,21,35.1,34.5735,38.9,189,10.83,7.22,False
VICR,189.0,BASING,0.0,0,18,18,200.54,195.08,546,weekly,3.22,2 bear-built-above · rel-vol 0.6x · regime FAVORABLE,False,18,189.0,186.165,200.54,35,6.11,4.07,False
VIRT,64.38,BASING,0.0,0,20,20,65.1199,64.8801,24,45m,0.78,19 bear-built-above · rel-vol 0.6x · regime FAVORABLE,False,20,64.38,63.4143,65.1199,103,1.15,0.77,False
VISN,6.47,BASING,0.0,0,14,14,11.61,6.8,481,daily,5.1,3 bear-built-above · rel-vol 0.6x · regime FAVORABLE,False,15,6.47,6.3729,11.61,1030,79.44,52.96,False
VIST,76.99,BASING,0.0,0,5,5,79.25,78.91,35,daily,2.49,3 bear-built-above · rel-vol 0.7x · regime FAVORABLE,False,6,76.99,75.8351,79.25,86,2.94,1.96,False
VIVK,0.8745,BASING,0.0,0,9,9,0.8999,0.89,1,daily,1.77,9 bear-built-above · rel-vol 0.3x · regime FAVORABLE,False,9,0.8745,0.8614,0.8999,7623,2.9,1.94,False
VKTX,34.95,BASING,0.0,0,20,20,37.31,36.65,67,daily,4.86,rel-vol 0.8x · regime FAVORABLE,False,26,34.95,34.4258,37.31,190,6.75,4.5,False
VLN,1.7,BASING,0.0,0,19,19,1.91,1.83,8,daily,7.65,15 bear-built-above · rel-vol 0.7x · regime FAVORABLE,False,19,1.7,1.6745,1.91,3921,12.35,8.24,False
VLO,378.0,BASING,0,0,0,0,,,,,0,rel-vol 1.2x · regime FAVORABLE,True,0,378.0,372.33,415.8,17,10.0,6.67,False
VMAR,8.84,BASING,0.0,0,9,9,9.301,9.109,20,4h,3.04,6 bear-built-above · rel-vol 0.2x · regime FAVORABLE,False,10,8.84,8.7074,9.301,754,5.21,3.48,False
VNET,6.43,BASING,0.0,0,14,14,7.75,7.0,75,daily,8.86,7 bear-built-above · rel-vol 0.6x · regime FAVORABLE,False,16,6.43,6.3335,7.75,1036,20.53,13.69,False
VOYG,33.63,BASING,0.0,0,20,20,38.4,37.88,52,weekly,12.64,3 bear-built-above · rel-vol 0.7x · regime FAVORABLE,False,23,33.63,33.1256,38.4,198,14.18,9.46,False
VPG,62.51,BASING,0.0,0,17,17,66.61,65.0,161,weekly,3.98,4 bear-built-above · rel-vol 0.5x · regime FAVORABLE,False,17,62.51,61.5724,66.61,106,6.56,4.37,False
VRNS,46.09,BASING,0.0,0,6,6,46.51,46.38,13,daily,0.63,3 bear-built-above · rel-vol 1.3x · regime FAVORABLE,False,7,46.09,45.3987,46.51,144,0.91,0.61,False
VRSK,185.79,BASING,0.0,0,18,18,232.13,208.5,2363,daily,12.22,41 bear-built-above · rel-vol 0.7x · regime FAVORABLE,False,18,185.79,183.0031,232.13,35,24.94,16.63,False
VRSN,292.08,BASING,0.0,0,20,20,306.86,305.3,157,daily,4.53,13 bear-built-above · rel-vol 0.7x · regime FAVORABLE,False,21,292.08,287.6988,306.86,22,5.06,3.37,False
VRT,280.3,BASING,0.0,0,20,20,292.43,281.0,1144,daily,0.25,1 bear-built-above · rel-vol 0.8x · regime FAVORABLE,False,20,280.3,276.0955,292.43,23,4.33,2.89,False
VSAT,75.32,BASING,0.0,0,20,20,81.41,77.52,390,daily,2.92,rel-vol 1.0x · regime FAVORABLE,False,20,75.32,74.1902,81.41,88,8.09,5.39,False
VSEC,203.91,BASING,0.0,0,20,20,215.82,213.56,226,weekly,4.73,17 bear-built-above · rel-vol 0.8x · regime FAVORABLE,False,20,203.91,200.8513,215.82,32,5.84,3.89,False
VSH,31.8,BASING,0.0,0,19,19,35.58,33.92,166,daily,6.67,15 bear-built-above · rel-vol 1.1x · regime FAVORABLE,False,19,31.8,31.323,35.58,209,11.89,7.92,False
VSNT,38.75,BASING,0.0,0,20,20,42.61,42.42,19,daily,9.47,47 bear-built-above · rel-vol 0.9x · regime FAVORABLE,False,22,38.75,38.1688,42.61,172,9.96,6.64,False
VST,151.66,BASING,0.0,0,11,11,173.89,170.2,369,daily,12.22,3 bear-built-above · rel-vol 1.2x · regime FAVORABLE,True,13,151.66,149.3851,173.89,43,14.66,9.77,False
VSXY,74.3,BASING,0.0,0,20,20,84.01,76.86,716,daily,3.45,26 bear-built-above · rel-vol 2.0x · regime FAVORABLE,False,20,74.3,73.1855,84.01,89,13.07,8.71,False
VUZI,2.47,BASING,0.0,0,20,20,2.9,2.785,12,4h,12.75,29 bear-built-above · rel-vol 0.3x · regime FAVORABLE,False,20,2.47,2.4329,2.9,2699,17.41,11.61,False
VVOS,0.1745,BASING,0.0,0,20,20,0.1894,0.188,1,4h,7.74,25 bear-built-above · rel-vol 0.1x · regime FAVORABLE,False,20,0.1745,0.1719,0.1894,38204,8.54,5.69,False
VZ,49.85,BASING,0.0,0,7,7,50.59,50.55,5,daily,1.4,7 bear-built-above · rel-vol 0.8x · regime FAVORABLE,False,8,49.85,49.1022,50.59,133,1.48,0.99,False
WAY,25.05,BASING,0.0,0,20,20,26.08,26.04,4,daily,3.95,22 bear-built-above · rel-vol 0.4x · regime FAVORABLE,False,20,25.05,24.6743,26.08,266,4.11,2.74,False
WBD,28.07,BASING,0.0,0,15,15,29.71,29.46,25,daily,4.95,11 bear-built-above · rel-vol 0.6x · regime FAVORABLE,False,15,28.07,27.6489,29.71,237,5.84,3.9,False
WDAY,193.71,BASING,0.0,0,20,20,218.73,217.7401,99,4h,12.41,24 bear-built-above · rel-vol 0.6x · regime FAVORABLE,False,23,193.71,190.8043,218.73,34,12.92,8.61,False
WEN,7.95,BASING,0.0,0,15,15,8.27,8.22,5,weekly,3.4,11 bear-built-above · rel-vol 0.5x · regime FAVORABLE,False,15,7.95,7.8308,8.27,838,4.03,2.68,False
WERN,40.04,BASING,0.0,0,10,10,43.91,43.685,23,daily,9.1,rel-vol 0.7x · regime FAVORABLE,False,14,40.04,39.4394,43.91,166,9.67,6.44,False
WETO,2.6295,BASING,0.0,0,5,5,2.7595,2.75,1,1m,4.58,5 bear-built-above · rel-vol 2.1x · regime FAVORABLE,False,5,2.6295,2.5901,2.7595,2535,4.94,3.3,False
WFC,89.19,BASING,0.0,0,5,5,95.81,94.96,86,daily,6.47,rel-vol 0.6x · regime FAVORABLE,False,7,89.19,87.8521,95.81,74,7.42,4.95,False
WFRD,95.88,BASING,0.0,0,20,20,108.84,107.63,122,daily,12.25,9 bear-built-above · rel-vol 0.6x · regime FAVORABLE,False,20,95.88,94.4418,108.84,69,13.52,9.01,False
WGS,84.0,BASING,0.0,0,17,17,86.31,85.99,33,weekly,2.37,11 bear-built-above · rel-vol 0.6x · regime FAVORABLE,False,17,84.0,82.74,86.31,79,2.75,1.83,False
WHD,70.84,BASING,0.0,0,19,19,73.72,72.46,127,daily,2.29,7 bear-built-above · rel-vol 0.8x · regime FAVORABLE,False,19,70.84,69.7774,73.72,94,4.07,2.71,False
WHR,40.06,BASING,0.0,0,20,20,42.85,42.5,36,daily,6.09,21 bear-built-above · rel-vol 0.9x · regime FAVORABLE,False,20,40.06,39.4591,42.85,166,6.96,4.64,False
WING,108.89,BASING,0.0,0,20,20,113.58,113.21,38,weekly,3.97,22 bear-built-above · rel-vol 0.6x · regime FAVORABLE,False,20,108.89,107.2566,113.58,61,4.31,2.87,False
WIX,76.0,BASING,0.0,0,17,17,81.2,80.0,121,daily,5.26,20 bear-built-above · rel-vol 1.0x · regime FAVORABLE,False,17,76.0,74.86,81.2,87,6.84,4.56,False
WK,76.55,BASING,0.0,0,20,20,85.72,84.62,110,weekly,10.54,12 bear-built-above · rel-vol 0.7x · regime FAVORABLE,False,21,76.55,75.4017,85.72,87,11.98,7.99,False
WLK,74.79,BASING,0.0,0,19,19,78.93,78.67,27,weekly,5.19,14 bear-built-above · rel-vol 0.8x · regime FAVORABLE,False,19,74.79,73.6682,78.93,89,5.54,3.69,False
WLY,48.19,BASING,0.0,0,18,18,50.66,49.5,116,1h,2.72,18 bear-built-above · rel-vol 2.0x · regime FAVORABLE,False,18,48.19,47.4671,50.66,138,5.13,3.42,False
WMB,74.15,BASING,0.0,0,19,19,77.89,77.61,29,daily,4.67,8 bear-built-above · rel-vol 1.1x · regime FAVORABLE,False,19,74.15,73.0378,77.89,89,5.04,3.36,False
WMG,28.5,BASING,0.0,0,15,15,30.8,30.62,18,daily,7.44,10 bear-built-above · rel-vol 0.8x · regime FAVORABLE,False,18,28.5,28.0725,30.8,233,8.07,5.38,False
WMS,135.76,BASING,0.0,0,20,20,141.46,140.52,94,daily,3.51,1 bear-built-above · rel-vol 0.8x · regime FAVORABLE,False,20,135.76,133.7236,141.46,49,4.2,2.8,False
WMT,106.65,BASING,0.0,0,17,17,121.03,119.58,146,daily,12.12,15 bear-built-above · rel-vol 0.7x · regime FAVORABLE,False,17,106.65,105.0503,121.03,62,13.48,8.99,False
WNW,2.3595,BASING,0.0,0,20,20,2.79,2.64,15,daily,11.89,28 bear-built-above · rel-vol 0.0x · regime FAVORABLE,False,21,2.3595,2.3241,2.79,2825,18.25,12.16,False
WPM,153.82,BASING,0.0,0,18,18,155.85,154.98,88,daily,0.75,36 bear-built-above · rel-vol 0.9x · regime FAVORABLE,False,18,153.82,151.5127,155.85,43,1.32,0.88,False
WRBY,24.34,BASING,0.0,0,19,19,29.27,26.96,231,daily,10.76,5 bear-built-above · rel-vol 1.4x · regime FAVORABLE,False,19,24.34,23.9749,29.27,273,20.25,13.5,False
WSHP,5.1,BASING,0.0,0,9,9,5.61,5.41,21,daily,6.08,6 bear-built-above · rel-vol 0.0x · regime FAVORABLE,False,9,5.1,5.0235,5.61,1307,10.0,6.67,False
WSM,227.42,BASING,0.0,0,20,20,235.09,232.06,304,weekly,2.04,9 bear-built-above · rel-vol 0.9x · regime FAVORABLE,False,22,227.42,224.0087,235.09,29,3.37,2.25,False
WSO,315.13,BASING,0.0,0,17,17,364.37,343.18,2119,daily,8.9,8 bear-built-above · rel-vol 0.6x · regime FAVORABLE,False,17,315.13,310.4031,364.37,21,15.63,10.42,False
WTI,3.89,BASING,0.0,0,10,10,4.1,4.09,1,45m,5.14,2 bear-built-above · rel-vol 0.7x · regime FAVORABLE,False,11,3.89,3.8317,4.1,1713,5.4,3.6,False
WTS,362.21,BASING,0.0,0,20,20,366.34,365.03,132,weekly,0.78,12 bear-built-above · rel-vol 1.5x · regime FAVORABLE,False,20,362.21,356.7768,366.34,18,1.14,0.76,False
WU,7.23,BASING,0.0,0,19,19,8.25,8.22,3,daily,13.69,13 bear-built-above · rel-vol 0.8x · regime FAVORABLE,False,19,7.23,7.1216,8.25,922,14.11,9.41,False
WVVIP,2.8972,BASING,0.0,0,20,20,3.31,3.15,17,daily,8.73,14 bear-built-above · rel-vol 0.1x · regime FAVORABLE,False,20,2.8972,2.8537,3.31,2301,14.25,9.5,False
WWD,346.22,BASING,0.0,0,19,19,385.42,358.01,2742,daily,3.41,rel-vol 0.7x · regime FAVORABLE,False,19,346.22,341.0267,385.42,19,11.32,7.55,False
WYFI,19.54,BASING,0.0,0,6,6,27.07,22.13,495,daily,13.25,1 bear-built-above · rel-vol 0.4x · regime FAVORABLE,False,7,19.54,19.2469,27.07,341,38.54,25.69,False
WYHG,5.88,BASING,0.0,0,1,1,7.39,6.53,86,daily,11.05,rel-vol 0.0x · regime FAVORABLE,False,2,5.88,5.7918,7.39,1133,25.68,17.12,False
XE,17.85,BASING,0.0,0,6,6,20.455,19.67,79,daily,10.2,3 bear-built-above · rel-vol 1.2x · regime FAVORABLE,False,6,17.85,17.5823,20.455,373,14.59,9.73,False
XENE,59.14,BASING,0.0,0,20,20,59.99,59.84,15,weekly,1.18,11 bear-built-above · rel-vol 0.7x · regime FAVORABLE,False,20,59.14,58.2529,59.99,112,1.44,0.96,False
XHLD,9.2301,BASING,0,0,0,0,,,,,0,rel-vol 0.3x · regime FAVORABLE,False,0,9.2301,9.0916,10.1531,722,10.0,6.67,False
XME,118.65,BASING,0.0,0,20,20,127.54,126.49,106,daily,6.61,6 bear-built-above · rel-vol 0.4x · regime FAVORABLE,False,21,118.65,116.8702,127.54,56,7.49,5.0,False
XMTR,92.53,BASING,0.0,0,20,20,104.85,103.21,165,30m,11.54,16 bear-built-above · rel-vol 0.7x · regime FAVORABLE,False,20,92.53,91.142,104.85,72,13.31,8.88,False
XNCR,26.7,BASING,0.0,0,20,20,29.0,28.714,29,daily,7.54,13 bear-built-above · rel-vol 0.7x · regime FAVORABLE,False,21,26.7,26.2995,29.0,249,8.61,5.74,False
XNDU,9.77,BASING,0.0,0,16,16,10.6,10.34,26,daily,5.83,29 bear-built-above · rel-vol 0.8x · regime FAVORABLE,False,17,9.77,9.6235,10.6,682,8.5,5.66,False
XOM,162.4,BASING,0.0,0,17,17,169.66,165.77,389,daily,2.08,11 bear-built-above · rel-vol 1.2x · regime FAVORABLE,False,19,162.4,159.964,169.66,41,4.47,2.98,False
XOP,193.0,BASING,0.0,0,7,7,194.56,194.55,1,30m,0.8,7 bear-built-above · rel-vol 0.6x · regime FAVORABLE,False,11,193.0,190.105,194.56,34,0.81,0.54,False
XOS,2.9734,BASING,0.0,0,17,17,3.1,3.09,2,daily,3.92,16 bear-built-above · rel-vol 0.0x · regime FAVORABLE,False,17,2.9734,2.9288,3.1,2242,4.26,2.84,False
XP,19.81,BASING,0.0,0,17,17,21.71,20.95,77,4h,5.75,11 bear-built-above · rel-vol 0.9x · regime FAVORABLE,False,18,19.81,19.5129,21.71,336,9.59,6.39,False
XPEV,10.85,BASING,0.0,0,18,18,12.19,11.83,36,daily,9.03,22 bear-built-above · rel-vol 0.7x · regime FAVORABLE,False,18,10.85,10.6872,12.19,614,12.35,8.23,False
XPO,193.1,BASING,0.0,0,20,20,210.64,209.71,93,daily,8.6,2 bear-built-above · rel-vol 1.6x · regime FAVORABLE,False,20,193.1,190.2035,210.64,34,9.08,6.06,False
XPON,5.8,BASING,0.0,0,20,20,7.01,6.54,47,daily,12.76,20 bear-built-above · rel-vol 0.0x · regime FAVORABLE,False,20,5.8,5.713,7.01,1149,20.86,13.91,False
XRAY,11.35,BASING,0.0,0,16,16,12.12,12.08,4,weekly,6.43,9 bear-built-above · rel-vol 0.7x · regime FAVORABLE,False,16,11.35,11.1798,12.12,587,6.78,4.52,False
XRPT,34.74,BASING,0.0,0,20,20,39.36,38.65,72,45m,11.26,15 bear-built-above · rel-vol 0.7x · regime FAVORABLE,False,20,34.74,34.2189,39.36,191,13.3,8.87,False
XXRP,32.7,BASING,0.0,0,20,20,34.63,34.55,9,1h,5.66,16 bear-built-above · rel-vol 1.5x · regime FAVORABLE,False,20,32.7,32.2095,34.63,203,5.9,3.93,False
XYZ,81.72,BASING,0.0,0,8,8,90.82,90.2,62,daily,10.38,6 bear-built-above · rel-vol 0.6x · regime FAVORABLE,False,8,81.72,80.4942,90.82,81,11.14,7.42,False
YDDL,1.64,BASING,0.0,0,20,20,1.83,1.8,4,daily,9.76,24 bear-built-above · rel-vol 0.1x · regime FAVORABLE,False,20,1.64,1.6154,1.83,4065,11.59,7.72,False
YMM,8.79,BASING,0.0,0,20,20,9.21,8.955,26,4h,1.88,rel-vol 0.4x · regime FAVORABLE,False,20,8.79,8.6581,9.21,758,4.78,3.19,False
YPF,52.62,BASING,0.0,0,10,10,55.89,54.0,190,daily,2.62,3 bear-built-above · rel-vol 0.7x · regime FAVORABLE,False,10,52.62,51.8307,55.89,126,6.21,4.14,False
YSS,8.91,BASING,0.0,0,7,7,9.32,9.22,10,weekly,3.48,4 bear-built-above · rel-vol 0.8x · regime FAVORABLE,False,7,8.91,8.7764,9.32,748,4.6,3.07,False
YUM,150.71,BASING,0.0,0,18,18,153.86,153.44,43,weekly,1.81,24 bear-built-above · rel-vol 0.7x · regime FAVORABLE,False,18,150.71,148.4494,153.86,44,2.09,1.39,False
YYGH,1.52,BASING,0.0,0,4,4,1.5799,1.57,1,45m,3.29,4 bear-built-above · rel-vol 0.5x · regime FAVORABLE,False,4,1.52,1.4972,1.5799,4385,3.94,2.63,False
Z,34.6,BASING,0.0,0,20,20,35.66,35.27,39,weekly,1.94,12 bear-built-above · rel-vol 1.1x · regime FAVORABLE,False,20,34.6,34.081,35.66,192,3.06,2.04,False
ZCSH,90.5,BASING,0.0,0,2,2,90.6867,90.54,15,1m,0.04,2 bear-built-above · rel-vol 3.6x · regime FAVORABLE,True,2,90.5,89.1425,90.6867,73,0.21,0.14,False
ZENA,1.67,BASING,0.0,0,14,14,1.85,1.84,2,45m,10.18,9 bear-built-above · rel-vol 0.2x · regime FAVORABLE,False,14,1.67,1.6449,1.85,3992,10.78,7.19,False
ZETA,30.85,BASING,0.0,0,17,17,36.74,33.3,345,daily,7.94,16 bear-built-above · rel-vol 0.6x · regime FAVORABLE,False,17,30.85,30.3873,36.74,216,19.09,12.73,False
ZIM,30.15,BASING,0.0,0,4,4,30.31,30.26,5,5m,0.36,4 bear-built-above · rel-vol 0.7x · regime FAVORABLE,True,4,30.15,29.6977,30.31,221,0.53,0.35,False
ZLAB,26.0,BASING,0.0,0,20,20,28.95,28.1,85,daily,8.08,17 bear-built-above · rel-vol 0.6x · regime FAVORABLE,False,24,26.0,25.61,28.95,256,11.35,7.56,False
ZM,100.49,BASING,0.0,0,20,20,104.83,103.5,133,daily,3.0,15 bear-built-above · rel-vol 1.1x · regime FAVORABLE,False,20,100.49,98.9826,104.83,66,4.32,2.88,False
ZS,168.1842,BASING,0.0,0,20,20,177.8,169.8,800,daily,0.96,28 bear-built-above · rel-vol 2.7x · regime FAVORABLE,False,20,168.1842,165.6614,177.8,39,5.72,3.81,False
ZSL,23.56,BASING,0.0,0,20,20,27.23,25.64,159,daily,8.83,26 bear-built-above · rel-vol 1.2x · regime FAVORABLE,False,20,23.56,23.2066,27.23,282,15.58,10.38,False
ZSTK,4.3,BASING,0.0,0,20,20,4.82,4.74,9,daily,10.23,8 bear-built-above · rel-vol 0.0x · regime FAVORABLE,False,21,4.3,4.2355,4.82,1550,12.09,8.06,False
ZTS,75.3,BASING,0.0,0,19,19,77.34,77.0,35,weekly,2.26,28 bear-built-above · rel-vol 0.8x · regime FAVORABLE,False,19,75.3,74.1705,77.34,88,2.71,1.81,False
