date,ticker,clock_hour,gap_above_size,gap_above_atr_mult,gap_above_conviction,gap_above_tick_width,gap_above_distance_pct,gap_below_size,gap_below_atr_mult,gap_below_conviction,gap_below_tick_width,gap_below_distance_pct,n_gaps_above,n_gaps_below,setup_fired,side,score,tier,spy_regime,atr_14_daily,obv_state
2026-08-28,SWKS,6.0,0.21,0.084,COMPRESSION,22,177.0,0.38,0.152,COMPRESSION,38,176.0,32,41,BULL_BOUNCE_PENDING,LONG,56.9,MARGINAL,FAVORABLE,2.4989,FALLING
2026-08-28,BTCT,6.0,0.0027,0.007,MINOR,1,668.0,0.12,0.298,MINOR,12,490.0,13,11,BULL_BOUNCE_PENDING,LONG,80.2,CONVICTION,FAVORABLE,0.4031,RISING
2026-08-28,ELF,6.0,0.08,0.02,MINOR,8,33.0,0.26,0.066,COMPRESSION,27,367.0,15,81,SHORT_UPPER_DIRTY,SHORT,65.4,CONVICTION,FAVORABLE,3.9285,NEUTRAL
2026-08-28,SSRM,6.0,0.0351,0.024,MINOR,4,40.0,0.55,0.383,COMPRESSION,55,224.0,1,73,BULL_BOUNCE_CONFIRMED,LONG,83.9,CONVICTION,FAVORABLE,1.4357,RISING
2026-08-28,NESR,6.0,0.0055,0.003,MINOR,1,237.0,2.98,1.416,CONVICTION,299,904.0,9,51,BULL_BOUNCE_PENDING,LONG,46.0,MARGINAL,FAVORABLE,2.1039,NEUTRAL
2026-08-28,CAST,6.0,0.0023,0.006,MINOR,1,421.0,0.0002,0.001,MINOR,1,608.0,8,12,BULL_BOUNCE,LONG,59.0,MARGINAL,FAVORABLE,0.3553,NEUTRAL
2026-08-28,MSTR,6.0,10.625,1.383,CONVICTION,1063,805.0,2.59,0.337,CONVICTION,260,1133.0,24,51,BULL_BOUNCE_PENDING,LONG,82.9,CONVICTION,FAVORABLE,7.681,RISING
2026-08-28,PURR,6.0,0.0294,0.03,MINOR,3,76.0,0.595,0.614,COMPRESSION,60,752.0,15,26,BULL_BOUNCE_PENDING,LONG,81.5,CONVICTION,FAVORABLE,0.9695,RISING
2026-08-28,GDYN,6.0,0.22,0.692,COMPRESSION,23,1301.0,0.31,0.975,COMPRESSION,32,909.0,18,31,BULL_BOUNCE,LONG,75.0,CONVICTION,FAVORABLE,0.318,RISING
2026-08-28,RLAY,6.0,0.02,0.021,COMPRESSION,2,221.0,0.14,0.145,COMPRESSION,14,747.0,25,14,BULL_BOUNCE_PENDING,LONG,60.0,CONVICTION,FAVORABLE,0.9654,NEUTRAL
2026-08-28,FROG,6.0,0.04,0.007,MINOR,5,5.0,3.6,0.654,CONVICTION,361,824.0,10,63,BULL_BOUNCE_PENDING,LONG,58.0,MARGINAL,FAVORABLE,5.5047,NEUTRAL
2026-08-28,PAY,6.0,0.23,0.119,COMPRESSION,24,908.0,0.2,0.104,COMPRESSION,20,340.0,54,27,BULL_BOUNCE_PENDING,LONG,84.8,CONVICTION,FAVORABLE,1.9256,NEUTRAL
2026-08-28,BIVI,6.0,,,,,,0.0489,0.092,MINOR,5,136.0,0,24,BULL_BOUNCE_PENDING,LONG,51.7,MARGINAL,FAVORABLE,0.5334,RISING
2026-08-28,CRCL,6.0,1.675,0.28,CONVICTION,168,571.0,1.95,0.326,CONVICTION,196,415.0,30,35,BULL_BOUNCE_PENDING,LONG,78.8,CONVICTION,FAVORABLE,5.9754,RISING
2026-08-28,ENTX,6.0,0.0006,0.002,MINOR,1,114.0,0.91,3.444,COMPRESSION,92,390.0,51,24,BULL_BOUNCE_PENDING,LONG,80.0,CONVICTION,FAVORABLE,0.2642,NEUTRAL
2026-08-28,ANRO,6.0,0.545,0.259,MINOR,55,194.0,0.01,0.005,MINOR,1,1010.0,9,17,BULL_BOUNCE_PENDING,LONG,53.0,MARGINAL,FAVORABLE,2.1082,RISING
2026-08-28,SPHR,6.0,0.085,0.011,MINOR,9,103.0,0.91,0.114,MINOR,91,869.0,77,4,BULL_BOUNCE_PENDING,LONG,64.6,CONVICTION,FAVORABLE,7.9903,FALLING
2026-08-28,DRTS,6.0,0.0596,0.097,MINOR,6,107.0,0.15,0.244,COMPRESSION,16,432.0,20,36,SHORT_UPPER_DIRTY,SHORT,49.1,MARGINAL,FAVORABLE,0.6157,NEUTRAL
2026-08-28,SGLY,6.0,0.02,0.016,MINOR,3,125.0,0.0004,0.0,MINOR,1,729.0,3,16,BULL_BOUNCE_PENDING,LONG,47.0,MARGINAL,FAVORABLE,1.2197,RISING
2026-08-28,LOOP,6.0,0.042,0.565,COMPRESSION,5,304.0,0.0026,0.035,MINOR,1,221.0,26,4,BULL_BOUNCE,LONG,69.0,CONVICTION,FAVORABLE,0.0743,RISING
2026-08-28,OMH,6.0,0.0001,0.003,MINOR,1,1341.0,,,,,,10,0,BEAR_REJECTION_PENDING,SHORT,44.0,MARGINAL,FAVORABLE,0.0304,NEUTRAL
2026-08-28,PWCM,6.0,0.02,0.094,MINOR,3,484.0,0.0195,0.091,MINOR,2,81.0,6,27,BULL_BOUNCE_PENDING,LONG,56.8,MARGINAL,FAVORABLE,0.2132,FALLING
2026-08-28,RITR,6.0,0.017,0.563,COMPRESSION,2,265.0,0.0137,0.454,COMPRESSION,2,110.0,13,13,BULL_BOUNCE_PENDING,LONG,71.9,CONVICTION,FAVORABLE,0.0302,RISING
2026-08-28,BEEM,6.0,0.02,0.147,MINOR,3,861.0,0.15,1.105,COMPRESSION,16,993.0,39,7,BULL_BOUNCE_PENDING,LONG,70.4,CONVICTION,FAVORABLE,0.1357,RISING
2026-08-28,BTCS,6.0,0.06,0.584,MINOR,6,1420.0,0.05,0.487,COMPRESSION,5,1263.0,7,21,BULL_BOUNCE_PENDING,LONG,72.9,CONVICTION,FAVORABLE,0.1027,RISING
2026-08-28,MARA,6.0,0.1,0.11,MINOR,10,857.0,0.56,0.618,COMPRESSION,57,1340.0,29,10,BULL_BOUNCE_PENDING,LONG,74.2,CONVICTION,FAVORABLE,0.9067,RISING
2026-08-28,BMNR,6.0,1.02,0.756,CONVICTION,102,856.0,0.77,0.571,COMPRESSION,78,768.0,28,14,BULL_BOUNCE_PENDING,LONG,76.0,CONVICTION,FAVORABLE,1.3489,RISING
2026-08-28,SMTK,6.0,0.57,0.536,COMPRESSION,58,1395.0,,,,,,29,0,BEAR_REJECTION_PENDING,SHORT,44.0,MARGINAL,FAVORABLE,1.0628,RISING
2026-08-28,SNYR,6.0,,,,,,0.0016,0.061,MINOR,1,1086.0,0,21,BULL_BOUNCE_PENDING,LONG,57.0,MARGINAL,FAVORABLE,0.0261,NEUTRAL
2026-08-28,DVLT,6.0,0.0086,0.281,COMPRESSION,1,392.0,0.0,0.002,MINOR,1,109.0,16,15,BUY_LOWER_DIRTY,LONG,43.9,MARGINAL,FAVORABLE,0.0306,RISING
2026-08-28,INTC,6.0,4.27,0.901,CONVICTION,427,1024.0,1.67,0.352,VACUUM,168,10.0,50,14,BULL_BOUNCE_PENDING,LONG,66.2,CONVICTION,FAVORABLE,4.7406,FALLING
2026-08-28,SPCX,6.0,0.32,0.041,MINOR,32,704.0,0.36,0.046,COMPRESSION,37,19.0,20,35,DCB_BREAKOUT,LONG,40.8,MARGINAL,FAVORABLE,7.8043,FALLING
2026-08-28,ZBAO,6.0,0.0028,0.121,COMPRESSION,1,1098.0,0.0001,0.004,MINOR,1,58.0,27,2,BULL_BOUNCE,LONG,65.2,CONVICTION,FAVORABLE,0.0231,NEUTRAL
2026-08-28,BTTC,6.0,0.0144,0.214,MINOR,2,89.0,0.0071,0.106,MINOR,1,23.0,71,7,BULL_BOUNCE,LONG,66.7,CONVICTION,FAVORABLE,0.0672,RISING
2026-08-28,LGHL,6.0,0.08,0.578,COMPRESSION,8,73.0,0.0015,0.011,MINOR,1,404.0,12,2,BULL_BOUNCE_PENDING,LONG,58.0,MARGINAL,FAVORABLE,0.1384,RISING
2026-08-28,LGCL,6.0,0.0102,0.046,COMPRESSION,2,1287.0,0.0037,0.017,COMPRESSION,1,1163.0,2,14,BULL_BOUNCE_PENDING,LONG,73.5,CONVICTION,FAVORABLE,0.2227,FALLING
2026-08-28,CCC,6.0,0.09,0.262,COMPRESSION,9,1355.0,0.09,0.262,MINOR,9,276.0,11,18,BULL_BOUNCE_PENDING,LONG,64.1,CONVICTION,FAVORABLE,0.3438,RISING
2026-08-28,SURG,6.0,0.0551,1.091,COMPRESSION,6,704.0,0.0003,0.006,MINOR,1,79.0,1,12,BULL_BOUNCE_CONFIRMED,LONG,65.0,CONVICTION,FAVORABLE,0.0505,NEUTRAL
2026-08-28,MRNA,6.0,0.17,0.009,MINOR,17,385.0,0.9302,0.048,MINOR,94,252.0,25,21,BULL_BOUNCE_PENDING,LONG,54.0,MARGINAL,FAVORABLE,19.3134,RISING
2026-08-28,NVCR,6.0,0.03,0.037,COMPRESSION,4,395.0,0.08,0.099,COMPRESSION,8,1261.0,11,35,BULL_BOUNCE_PENDING,LONG,55.5,MARGINAL,FAVORABLE,0.8093,NEUTRAL
2026-08-28,ARX,6.0,0.27,0.409,MINOR,27,61.0,0.03,0.045,COMPRESSION,4,36.0,2,33,BULL_BOUNCE_PENDING,LONG,83.0,CONVICTION,FAVORABLE,0.6604,RISING
2026-08-28,TSHA,6.0,0.29,0.786,COMPRESSION,30,252.0,0.17,0.461,MINOR,17,822.0,30,22,BEAR_REJECTION_PENDING,SHORT,64.6,CONVICTION,FAVORABLE,0.3688,FALLING
2026-08-28,ACVA,6.0,0.23,0.424,MINOR,23,817.0,0.754,1.389,COMPRESSION,76,1449.0,40,9,BULL_BOUNCE_PENDING,LONG,71.5,CONVICTION,FAVORABLE,0.5429,NEUTRAL
2026-08-28,SABR,6.0,0.78,6.441,COMPRESSION,79,327.0,0.04,0.33,COMPRESSION,4,1168.0,9,18,BULL_BOUNCE_PENDING,LONG,58.1,MARGINAL,FAVORABLE,0.1211,NEUTRAL
2026-08-28,ACHV,6.0,0.01,0.023,MINOR,1,24.0,0.05,0.117,COMPRESSION,5,302.0,13,26,BULL_BOUNCE_PENDING,LONG,72.2,CONVICTION,FAVORABLE,0.4291,NEUTRAL
2026-08-28,ESTC,6.0,0.17,0.044,COMPRESSION,18,99.0,1.11,0.288,CONVICTION,111,162.0,5,33,BULL_BOUNCE_PENDING,LONG,64.0,CONVICTION,FAVORABLE,3.8498,NEUTRAL
2026-08-28,P,6.0,1.21,0.165,CONVICTION,121,734.0,3.69,0.503,CONVICTION,369,626.0,13,51,BULL_BOUNCE_PENDING,LONG,100.0,CONVICTION,FAVORABLE,7.3318,FALLING
2026-08-28,ZBIO,6.0,0.23,0.117,MINOR,23,58.0,0.11,0.056,COMPRESSION,11,67.0,12,15,BUY_LOWER_DIRTY,LONG,58.3,MARGINAL,FAVORABLE,1.9739,NEUTRAL
2026-08-28,DDD,6.0,0.05,0.259,COMPRESSION,5,548.0,0.48,2.483,COMPRESSION,48,461.0,21,45,BULL_BOUNCE_PENDING,LONG,54.0,MARGINAL,FAVORABLE,0.1933,NEUTRAL
2026-08-28,EVH,6.0,0.03,0.094,MINOR,4,1024.0,0.17,0.535,COMPRESSION,17,1068.0,24,20,BULL_BOUNCE,LONG,63.0,CONVICTION,FAVORABLE,0.318,RISING
2026-08-28,LFST,6.0,0.04,0.073,COMPRESSION,5,65.0,0.01,0.018,COMPRESSION,1,1172.0,16,40,BULL_BOUNCE_PENDING,LONG,69.4,CONVICTION,FAVORABLE,0.5489,NEUTRAL
2026-08-28,AVAH,6.0,,,,,,0.32,0.414,COMPRESSION,33,281.0,0,31,BULL_BOUNCE_CONFIRMED,LONG,78.0,CONVICTION,FAVORABLE,0.7723,RISING
2026-08-28,URGN,6.0,0.34,0.182,COMPRESSION,34,200.0,2.25,1.207,VACUUM,225,754.0,43,9,BUY_LOWER_DIRTY,LONG,48.8,MARGINAL,FAVORABLE,1.8638,NEUTRAL
2026-08-28,CADL,6.0,0.09,0.103,MINOR,9,81.0,0.1,0.115,COMPRESSION,10,410.0,10,52,BULL_BOUNCE_PENDING,LONG,73.1,CONVICTION,FAVORABLE,0.87,NEUTRAL
2026-08-28,XNCR,6.0,0.255,0.186,MINOR,26,36.0,0.29,0.212,COMPRESSION,29,586.0,9,48,SHORT_UPPER_DIRTY,SHORT,66.2,CONVICTION,FAVORABLE,1.3677,RISING
2026-08-28,GO,6.0,0.1,0.184,COMPRESSION,10,105.0,0.09,0.166,MINOR,9,244.0,31,37,BULL_BOUNCE_PENDING,LONG,59.5,MARGINAL,FAVORABLE,0.5423,RISING
2026-08-28,ACRS,6.0,0.005,0.017,MINOR,1,57.0,0.1,0.348,MINOR,10,860.0,20,12,BULL_BOUNCE_PENDING,LONG,54.0,MARGINAL,FAVORABLE,0.287,NEUTRAL
2026-08-28,RELY,6.0,0.08,0.071,MINOR,9,249.0,0.15,0.134,COMPRESSION,15,648.0,28,33,BULL_BOUNCE_PENDING,LONG,78.6,CONVICTION,FAVORABLE,1.1234,FALLING
2026-08-28,SAIL,6.0,0.06,0.057,COMPRESSION,7,1159.0,1.25,1.193,CONVICTION,125,437.0,23,40,BULL_BOUNCE_PENDING,LONG,78.7,CONVICTION,FAVORABLE,1.0482,NEUTRAL
2026-08-28,FDMT,6.0,0.06,0.05,MINOR,7,658.0,0.005,0.004,MINOR,1,229.0,27,4,BULL_BOUNCE_PENDING,LONG,48.0,MARGINAL,FAVORABLE,1.2056,NEUTRAL
2026-08-28,DYN,6.0,0.2,0.225,COMPRESSION,20,1230.0,0.7,0.787,COMPRESSION,71,632.0,20,5,BULL_BOUNCE_PENDING,LONG,80.1,CONVICTION,FAVORABLE,0.8898,NEUTRAL
2026-08-28,NNBR,6.0,0.085,0.36,MINOR,9,708.0,0.73,3.092,COMPRESSION,74,306.0,34,19,BULL_BOUNCE,LONG,63.0,CONVICTION,FAVORABLE,0.2361,NEUTRAL
2026-08-28,ARHS,6.0,0.09,0.178,COMPRESSION,9,45.0,0.2,0.395,COMPRESSION,21,1362.0,38,6,BEAR_REJECTION_PENDING,SHORT,63.2,CONVICTION,FAVORABLE,0.5059,FALLING
2026-08-28,RGEN,6.0,0.3648,0.055,MINOR,37,95.0,4.73,0.714,CONVICTION,474,510.0,13,45,BULL_BOUNCE_PENDING,LONG,48.0,MARGINAL,FAVORABLE,6.6272,RISING
2026-08-28,RHI,6.0,0.72,0.477,MINOR,72,362.0,0.73,0.484,COMPRESSION,74,1432.0,7,57,BULL_BOUNCE_PENDING,LONG,72.3,CONVICTION,FAVORABLE,1.5082,RISING
2026-08-28,NIQ,6.0,0.16,0.16,MINOR,17,68.0,0.07,0.07,COMPRESSION,8,115.0,9,64,BULL_BOUNCE_PENDING,LONG,73.0,CONVICTION,FAVORABLE,0.9971,RISING
2026-08-28,CRSR,6.0,0.25,0.338,COMPRESSION,25,626.0,0.17,0.23,COMPRESSION,17,1009.0,29,48,BULL_BOUNCE_PENDING,LONG,59.6,MARGINAL,FAVORABLE,0.7386,NEUTRAL
2026-08-28,FIVN,6.0,,,,,,0.06,0.034,COMPRESSION,7,490.0,0,42,BULL_BOUNCE_PENDING,LONG,65.1,CONVICTION,FAVORABLE,1.7563,NEUTRAL
2026-08-28,NAVN,6.0,,,,,,0.09,0.083,COMPRESSION,9,525.0,0,55,BULL_BOUNCE_PENDING,LONG,58.0,MARGINAL,FAVORABLE,1.0834,NEUTRAL
2026-08-28,SXC,6.0,0.05,0.133,COMPRESSION,5,666.0,0.06,0.16,COMPRESSION,7,451.0,1,86,BULL_BOUNCE_PENDING,LONG,55.0,MARGINAL,FAVORABLE,0.375,NEUTRAL
2026-08-28,FA,6.0,0.23,0.229,COMPRESSION,23,201.0,0.29,0.288,COMPRESSION,29,382.0,27,23,BEAR_REJECTION_PENDING,SHORT,83.0,CONVICTION,FAVORABLE,1.0064,NEUTRAL
2026-08-28,IRWD,6.0,0.03,0.127,COMPRESSION,4,24.0,0.2,0.849,COMPRESSION,21,753.0,28,34,BEAR_REJECTION_PENDING,SHORT,50.3,MARGINAL,FAVORABLE,0.2357,RISING
2026-08-28,STOK,6.0,0.08,0.052,COMPRESSION,9,129.0,0.21,0.136,MINOR,21,55.0,20,27,BULL_BOUNCE_PENDING,LONG,56.9,MARGINAL,FAVORABLE,1.5483,RISING
2026-08-28,TTAN,6.0,1.07,0.217,CONVICTION,108,44.0,2.74,0.556,CONVICTION,274,1420.0,6,85,BULL_BOUNCE_PENDING,LONG,76.0,CONVICTION,FAVORABLE,4.9277,NEUTRAL
2026-08-28,SMJF,6.0,0.0003,0.0,MINOR,1,833.0,0.02,0.017,MINOR,3,152.0,13,4,BULL_BOUNCE_PENDING,LONG,62.0,CONVICTION,FAVORABLE,1.2,NEUTRAL
2026-08-28,FIGS,6.0,0.1,0.147,MINOR,10,583.0,0.02,0.029,COMPRESSION,2,265.0,4,19,DCB_BREAKOUT,LONG,49.0,MARGINAL,FAVORABLE,0.6785,RISING
2026-08-28,AMPL,6.0,0.03,0.045,MINOR,4,200.0,0.2,0.298,COMPRESSION,20,600.0,1,48,BULL_BOUNCE_PENDING,LONG,79.9,CONVICTION,FAVORABLE,0.6718,NEUTRAL
2026-08-28,BLMN,6.0,0.005,0.008,MINOR,1,135.0,0.025,0.041,MINOR,3,264.0,17,20,BULL_BOUNCE_PENDING,LONG,54.9,MARGINAL,FAVORABLE,0.6114,FALLING
2026-08-28,WIX,6.0,0.5,0.099,COMPRESSION,50,571.0,1.74,0.345,CONVICTION,175,1135.0,23,43,BULL_BOUNCE_PENDING,LONG,73.1,CONVICTION,FAVORABLE,5.0418,RISING
2026-08-28,SRRK,6.0,1.1,0.471,VACUUM,111,108.0,0.3,0.129,COMPRESSION,30,415.0,22,36,BULL_BOUNCE_PENDING,LONG,73.2,CONVICTION,FAVORABLE,2.3336,RISING
2026-08-28,SPT,6.0,0.03,0.059,COMPRESSION,3,1115.0,0.19,0.377,COMPRESSION,19,157.0,5,46,BULL_BOUNCE,LONG,74.0,CONVICTION,FAVORABLE,0.5043,RISING
2026-08-28,AYA,6.0,0.0929,0.059,MINOR,10,20.0,0.39,0.247,COMPRESSION,40,969.0,1,70,BULL_BOUNCE_PENDING,LONG,63.1,CONVICTION,FAVORABLE,1.5767,NEUTRAL
2026-08-28,ORKA,6.0,1.21,0.209,CONVICTION,121,960.0,1.15,0.199,CONVICTION,115,142.0,70,20,BULL_BOUNCE_PENDING,LONG,80.6,CONVICTION,FAVORABLE,5.7851,FALLING
2026-08-28,EMBC,6.0,4.075,12.363,CONVICTION,408,130.0,0.02,0.061,COMPRESSION,3,1120.0,20,26,BULL_BOUNCE_PENDING,LONG,69.6,CONVICTION,FAVORABLE,0.3296,RISING
2026-08-28,ORIC,6.0,0.38,0.56,MINOR,38,422.0,0.01,0.015,MINOR,2,80.0,22,9,BULL_BOUNCE,LONG,67.0,CONVICTION,FAVORABLE,0.6784,RISING
2026-08-28,AVR,6.0,0.04,0.085,COMPRESSION,5,768.0,0.01,0.021,COMPRESSION,1,11.0,30,20,BULL_BOUNCE_PENDING,LONG,78.5,CONVICTION,FAVORABLE,0.4717,NEUTRAL
2026-08-28,SYRE,6.0,13.755,2.45,CONVICTION,1376,230.0,0.64,0.114,COMPRESSION,65,462.0,15,14,BULL_BOUNCE_PENDING,LONG,75.3,CONVICTION,FAVORABLE,5.6147,NEUTRAL
2026-08-28,CLYM,6.0,0.03,0.023,MINOR,3,578.0,0.33,0.252,COMPRESSION,34,105.0,36,35,BULL_BOUNCE_PENDING,LONG,62.1,CONVICTION,FAVORABLE,1.31,NEUTRAL
2026-08-28,CXW,6.0,0.6017,0.402,MINOR,61,2.0,1.0536,0.704,VACUUM,106,1292.0,7,50,BULL_BOUNCE_PENDING,LONG,87.0,CONVICTION,FAVORABLE,1.4961,NEUTRAL
2026-08-28,ONTO,6.0,9.7,0.473,CONVICTION,971,1359.0,4.91,0.239,CONVICTION,491,98.0,47,31,BUY_LOWER_DIRTY,LONG,57.4,MARGINAL,FAVORABLE,20.5056,FALLING
2026-08-28,SLDB,6.0,0.23,0.464,COMPRESSION,24,59.0,0.19,0.383,MINOR,19,99.0,7,50,BULL_BOUNCE_PENDING,LONG,60.1,CONVICTION,FAVORABLE,0.496,NEUTRAL
2026-08-28,RYAM,6.0,0.09,0.267,COMPRESSION,9,606.0,0.18,0.533,COMPRESSION,19,1164.0,36,19,BULL_BOUNCE_PENDING,LONG,45.4,MARGINAL,FAVORABLE,0.3375,RISING
2026-08-28,MDB,6.0,6.51,0.278,CONVICTION,651,255.0,13.89,0.594,CONVICTION,1389,509.0,8,57,BULL_BOUNCE_PENDING,LONG,54.7,MARGINAL,FAVORABLE,23.3763,NEUTRAL
2026-08-28,GRAL,6.0,0.09,0.017,MINOR,10,195.0,2.67,0.491,CONVICTION,268,937.0,18,71,BULL_BOUNCE_PENDING,LONG,38.0,MARGINAL,FAVORABLE,5.4389,RISING
2026-08-28,WTTR,6.0,0.08,0.098,COMPRESSION,8,51.0,0.1,0.123,COMPRESSION,10,1351.0,26,27,BULL_BOUNCE_PENDING,LONG,58.6,MARGINAL,FAVORABLE,0.8129,FALLING
2026-08-28,CLMT,6.0,0.685,0.28,MINOR,69,326.0,0.41,0.168,COMPRESSION,42,143.0,47,21,BULL_BOUNCE,LONG,75.5,CONVICTION,FAVORABLE,2.4454,NEUTRAL
2026-08-28,VOR,6.0,0.05,0.044,MINOR,6,38.0,0.14,0.122,MINOR,15,841.0,15,40,BULL_BOUNCE_PENDING,LONG,48.0,MARGINAL,FAVORABLE,1.1436,RISING
2026-08-28,OBE,6.0,0.69,1.24,COMPRESSION,69,1126.0,0.09,0.162,COMPRESSION,9,655.0,8,63,BULL_BOUNCE_PENDING,LONG,70.5,CONVICTION,FAVORABLE,0.5563,RISING
2026-08-28,MGTX,6.0,0.1,0.129,COMPRESSION,10,277.0,0.03,0.039,COMPRESSION,4,370.0,21,17,BULL_BOUNCE_PENDING,LONG,78.0,CONVICTION,FAVORABLE,0.7732,NEUTRAL
2026-08-28,LIFE,6.0,0.29,0.115,COMPRESSION,29,2.0,0.24,0.095,COMPRESSION,25,548.0,24,34,BULL_BOUNCE_PENDING,LONG,77.0,CONVICTION,FAVORABLE,2.5193,RISING
2026-08-28,AXGN,6.0,0.03,0.013,MINOR,4,97.0,0.48,0.213,COMPRESSION,49,164.0,9,32,BULL_BOUNCE_PENDING,LONG,68.3,CONVICTION,FAVORABLE,2.258,NEUTRAL
2026-08-28,BWIN,6.0,0.25,0.193,COMPRESSION,25,3.0,0.57,0.441,COMPRESSION,58,610.0,46,31,BULL_BOUNCE_PENDING,LONG,83.3,CONVICTION,FAVORABLE,1.2926,NEUTRAL
2026-08-28,PRCH,6.0,0.0298,0.042,MINOR,3,49.0,0.4,0.561,MINOR,41,734.0,1,48,BULL_BOUNCE_PENDING,LONG,71.5,CONVICTION,FAVORABLE,0.713,NEUTRAL
2026-08-28,CODI,6.0,0.07,0.106,COMPRESSION,8,202.0,0.03,0.046,COMPRESSION,3,1054.0,25,26,BULL_BOUNCE_PENDING,LONG,45.9,MARGINAL,FAVORABLE,0.6587,FALLING
2026-08-28,XPRO,6.0,0.15,0.228,COMPRESSION,15,39.0,0.18,0.273,COMPRESSION,18,478.0,21,46,BULL_BOUNCE_PENDING,LONG,72.2,CONVICTION,FAVORABLE,0.6582,FALLING
2026-08-28,VRNS,6.0,0.25,0.125,MINOR,25,428.0,1.2,0.599,CONVICTION,121,497.0,15,71,BULL_BOUNCE_PENDING,LONG,100.0,CONVICTION,FAVORABLE,2.0018,NEUTRAL
2026-08-28,CRVS,6.0,0.05,0.071,MINOR,5,292.0,5.46,7.748,CONVICTION,546,822.0,54,20,BULL_BOUNCE_PENDING,LONG,57.0,MARGINAL,FAVORABLE,0.7047,RISING
2026-08-28,CBLL,6.0,0.35,0.317,COMPRESSION,36,1369.0,0.09,0.082,COMPRESSION,9,158.0,34,31,BULL_BOUNCE_PENDING,LONG,81.5,CONVICTION,FAVORABLE,1.1035,FALLING
2026-08-28,CGON,6.0,1.18,0.446,VACUUM,119,62.0,0.1,0.038,COMPRESSION,11,977.0,14,46,BEAR_REJECTION_PENDING,SHORT,57.2,MARGINAL,FAVORABLE,2.6464,RISING
2026-08-28,TRAX,6.0,0.07,0.024,MINOR,8,897.0,6.89,2.362,CONVICTION,689,276.0,20,27,BULL_BOUNCE_PENDING,LONG,54.0,MARGINAL,FAVORABLE,2.9169,RISING
2026-08-28,DOMO,6.0,0.0006,0.004,MINOR,1,771.0,0.08,0.598,COMPRESSION,9,77.0,19,24,BULL_BOUNCE_PENDING,LONG,58.0,MARGINAL,FAVORABLE,0.1337,NEUTRAL
2026-08-28,KYTX,6.0,0.01,0.018,MINOR,1,466.0,0.01,0.018,COMPRESSION,1,722.0,27,30,BULL_BOUNCE_PENDING,LONG,49.8,MARGINAL,FAVORABLE,0.5448,NEUTRAL
2026-08-28,GWRE,6.0,0.46,0.059,COMPRESSION,47,102.0,3.93,0.503,CONVICTION,394,250.0,8,70,BULL_BOUNCE,LONG,66.0,CONVICTION,FAVORABLE,7.82,RISING
2026-08-28,JBIO,6.0,0.01,0.007,MINOR,2,587.0,0.78,0.549,MINOR,79,639.0,19,23,BULL_BOUNCE_PENDING,LONG,54.1,MARGINAL,FAVORABLE,1.4203,FALLING
2026-08-28,VGNT,6.0,0.97,0.544,MINOR,97,97.0,3.51,1.968,CONVICTION,351,620.0,8,48,BEAR_REJECTION_PENDING,SHORT,48.0,MARGINAL,FAVORABLE,1.7837,RISING
2026-08-28,INTA,6.0,0.35,0.195,COMPRESSION,36,929.0,0.405,0.226,COMPRESSION,41,662.0,4,39,BULL_BOUNCE_PENDING,LONG,63.0,CONVICTION,FAVORABLE,1.7931,RISING
2026-08-28,SMWB,6.0,0.68,1.337,COMPRESSION,68,352.0,0.03,0.059,COMPRESSION,3,309.0,2,45,BULL_BOUNCE_PENDING,LONG,79.9,CONVICTION,FAVORABLE,0.5085,NEUTRAL
2026-08-28,MITK,6.0,0.68,0.787,MINOR,68,10.0,1.68,1.944,CONVICTION,168,474.0,1,68,BULL_BOUNCE_PENDING,LONG,98.0,CONVICTION,FAVORABLE,0.8643,NEUTRAL
2026-08-28,ASPN,6.0,0.05,0.175,COMPRESSION,5,964.0,0.03,0.105,MINOR,4,113.0,63,23,BEAR_REJECTION_PENDING,SHORT,55.1,MARGINAL,FAVORABLE,0.2857,NEUTRAL
2026-08-28,DSGN,6.0,0.01,0.015,COMPRESSION,1,216.0,0.03,0.046,COMPRESSION,3,807.0,17,15,BULL_BOUNCE_PENDING,LONG,49.7,MARGINAL,FAVORABLE,0.6586,RISING
2026-08-28,IREN,6.0,1.03,0.316,CONVICTION,104,864.0,0.46,0.141,MINOR,47,843.0,25,13,BULL_BOUNCE_PENDING,LONG,46.0,MARGINAL,FAVORABLE,3.2607,FALLING
2026-08-28,CGEM,6.0,0.06,0.048,COMPRESSION,6,13.0,0.34,0.27,COMPRESSION,34,182.0,20,54,BULL_BOUNCE_PENDING,LONG,58.3,MARGINAL,FAVORABLE,1.2601,RISING
2026-08-28,ICLR,6.0,14.7,2.262,CONVICTION,1470,1072.0,1.8,0.277,CONVICTION,181,668.0,67,31,BULL_BOUNCE,LONG,71.9,CONVICTION,FAVORABLE,6.4981,NEUTRAL
2026-08-28,JACK,6.0,0.37,0.298,COMPRESSION,37,123.0,0.2,0.161,COMPRESSION,20,361.0,72,17,BULL_BOUNCE_PENDING,LONG,58.8,MARGINAL,FAVORABLE,1.2416,NEUTRAL
2026-08-28,WGS,6.0,0.215,0.05,MINOR,22,272.0,1.16,0.267,VACUUM,116,620.0,25,27,BULL_BOUNCE_PENDING,LONG,82.6,CONVICTION,FAVORABLE,4.3406,NEUTRAL
2026-08-28,PARR,6.0,0.24,0.051,COMPRESSION,25,270.0,1.03,0.22,CONVICTION,104,1232.0,19,92,BULL_BOUNCE_PENDING,LONG,61.7,CONVICTION,FAVORABLE,4.6871,FALLING
2026-08-28,AMN,6.0,4.67,2.991,CONVICTION,468,381.0,0.01,0.006,COMPRESSION,1,129.0,19,54,SHORT_UPPER_DIRTY,SHORT,56.1,MARGINAL,FAVORABLE,1.5611,NEUTRAL
2026-08-28,VIA,6.0,0.35,0.265,COMPRESSION,36,722.0,0.06,0.045,COMPRESSION,7,374.0,21,60,BULL_BOUNCE_PENDING,LONG,71.7,CONVICTION,FAVORABLE,1.3223,NEUTRAL
2026-08-28,SBET,6.0,0.24,0.521,COMPRESSION,25,764.0,0.15,0.326,COMPRESSION,16,877.0,12,56,BULL_BOUNCE_PENDING,LONG,74.8,CONVICTION,FAVORABLE,0.4607,RISING
2026-08-28,EFOR,6.0,0.49,0.291,COMPRESSION,50,117.0,0.67,0.397,COMPRESSION,67,800.0,29,35,BULL_BOUNCE_PENDING,LONG,76.3,CONVICTION,FAVORABLE,1.6862,NEUTRAL
2026-08-28,ETON,6.0,0.22,0.051,MINOR,22,7.0,0.29,0.067,COMPRESSION,29,303.0,22,18,BEAR_REJECTION_PENDING,SHORT,61.1,CONVICTION,FAVORABLE,4.3224,NEUTRAL
2026-08-28,CVI,6.0,0.045,0.024,MINOR,5,38.0,0.05,0.027,COMPRESSION,6,1139.0,1,23,BULL_BOUNCE_PENDING,LONG,57.5,MARGINAL,FAVORABLE,1.8718,RISING
2026-08-28,MBX,6.0,0.03,0.01,MINOR,4,51.0,0.33,0.114,MINOR,33,773.0,13,24,BULL_BOUNCE_PENDING,LONG,76.0,CONVICTION,FAVORABLE,2.8963,NEUTRAL
2026-08-28,ALMR,6.0,0.13,0.043,MINOR,14,283.0,0.13,0.043,COMPRESSION,13,1389.0,27,13,BULL_BOUNCE_PENDING,LONG,61.0,CONVICTION,FAVORABLE,3.0064,RISING
2026-08-28,PAYS,6.0,0.0005,0.001,MINOR,1,84.0,0.32,0.48,COMPRESSION,33,229.0,51,8,BULL_BOUNCE_PENDING,LONG,68.5,CONVICTION,FAVORABLE,0.6672,NEUTRAL
2026-08-28,ATRO,6.0,0.01,0.002,COMPRESSION,2,129.0,1.74,0.315,VACUUM,174,538.0,50,40,BULL_BOUNCE_PENDING,LONG,51.0,MARGINAL,FAVORABLE,5.5315,NEUTRAL
2026-08-28,CLPT,6.0,6.865,8.994,CONVICTION,687,121.0,0.01,0.013,COMPRESSION,1,470.0,57,42,BULL_BOUNCE,LONG,67.8,CONVICTION,FAVORABLE,0.7633,NEUTRAL
2026-08-28,RIGL,6.0,0.47,0.241,COMPRESSION,47,674.0,0.32,0.164,COMPRESSION,33,845.0,7,55,BULL_BOUNCE_PENDING,LONG,45.0,MARGINAL,FAVORABLE,1.9471,NEUTRAL
2026-08-28,BOBS,6.0,0.4,0.462,COMPRESSION,40,580.0,0.33,0.382,COMPRESSION,33,35.0,52,29,BULL_BOUNCE,LONG,60.8,CONVICTION,FAVORABLE,0.865,FALLING
2026-08-28,INVX,6.0,0.3,0.258,COMPRESSION,31,120.0,0.32,0.276,COMPRESSION,33,1040.0,9,71,BULL_BOUNCE_PENDING,LONG,63.0,CONVICTION,FAVORABLE,1.161,FALLING
2026-08-28,DMRA,6.0,0.15,0.1,COMPRESSION,15,23.0,0.09,0.06,COMPRESSION,9,1471.0,18,25,BEAR_REJECTION_PENDING,SHORT,50.5,MARGINAL,FAVORABLE,1.5067,NEUTRAL
2026-08-28,AAUC,6.0,0.3,0.324,MINOR,31,596.0,0.18,0.195,COMPRESSION,18,505.0,17,64,BULL_BOUNCE_PENDING,LONG,47.0,MARGINAL,FAVORABLE,0.9245,RISING
2026-08-28,APPN,6.0,0.19,0.097,COMPRESSION,19,353.0,0.12,0.061,COMPRESSION,12,619.0,6,69,BULL_BOUNCE_PENDING,LONG,68.0,CONVICTION,FAVORABLE,1.9614,RISING
2026-08-28,AMCX,6.0,0.19,0.468,MINOR,20,138.0,0.13,0.32,COMPRESSION,14,826.0,15,26,BULL_BOUNCE_PENDING,LONG,63.0,CONVICTION,FAVORABLE,0.4062,RISING
2026-08-28,MU,6.0,31.39,0.61,CONVICTION,3139,230.0,39.49,0.767,CONVICTION,3950,34.0,59,31,BULL_BOUNCE,LONG,51.0,MARGINAL,FAVORABLE,51.4724,FALLING
2026-08-28,CSTL,6.0,0.09,0.05,COMPRESSION,9,1393.0,0.46,0.253,MINOR,47,185.0,34,40,BULL_BOUNCE_PENDING,LONG,55.8,MARGINAL,FAVORABLE,1.8171,RISING
2026-08-28,MAX,6.0,0.28,0.467,COMPRESSION,28,72.0,0.16,0.267,COMPRESSION,17,1122.0,50,17,BEAR_REJECTION_PENDING,SHORT,79.0,CONVICTION,FAVORABLE,0.5994,FALLING
2026-08-28,NBIS,6.0,0.65,0.03,COMPRESSION,66,223.0,1.42,0.066,CONVICTION,142,1226.0,47,18,BULL_BOUNCE_PENDING,LONG,57.0,MARGINAL,FAVORABLE,21.5828,FALLING
2026-08-28,QLYS,6.0,0.79,0.097,MINOR,79,24.0,22.19,2.725,CONVICTION,2219,354.0,7,31,BULL_BOUNCE_PENDING,LONG,60.8,CONVICTION,FAVORABLE,8.1433,FALLING
2026-08-28,MTRN,6.0,6.25,0.513,CONVICTION,625,1284.0,2.66,0.218,CONVICTION,266,587.0,58,62,BULL_BOUNCE_PENDING,LONG,51.0,MARGINAL,FAVORABLE,12.1879,FALLING
2026-08-28,MRX,6.0,0.01,0.003,MINOR,2,440.0,2.24,0.596,CONVICTION,225,1230.0,21,15,BULL_BOUNCE_PENDING,LONG,44.2,MARGINAL,FAVORABLE,3.761,NEUTRAL
2026-08-28,PLSE,6.0,0.06,0.02,MINOR,7,16.0,0.36,0.121,COMPRESSION,37,1365.0,1,23,BULL_BOUNCE_PENDING,LONG,60.0,CONVICTION,FAVORABLE,2.9801,NEUTRAL
2026-08-28,PI,6.0,1.31,0.169,CONVICTION,132,561.0,8.19,1.058,CONVICTION,819,1224.0,10,51,BULL_BOUNCE_PENDING,LONG,59.0,MARGINAL,FAVORABLE,7.7414,NEUTRAL
2026-08-28,SCTX,6.0,0.41,0.094,COMPRESSION,42,842.0,0.14,0.032,COMPRESSION,15,814.0,36,16,BULL_BOUNCE_PENDING,LONG,48.0,MARGINAL,FAVORABLE,4.3755,RISING
2026-08-28,MNPR,6.0,0.56,0.08,MINOR,57,346.0,0.54,0.078,MINOR,54,1370.0,45,17,BUY_LOWER_DIRTY,LONG,48.6,MARGINAL,FAVORABLE,6.9605,RISING
2026-08-28,GCT,6.0,0.0444,0.02,MINOR,5,142.0,0.33,0.15,MINOR,34,223.0,9,34,BULL_BOUNCE_PENDING,LONG,56.9,MARGINAL,FAVORABLE,2.1959,FALLING
2026-08-28,LB,6.0,0.22,0.049,MINOR,22,13.0,0.06,0.013,COMPRESSION,6,1483.0,6,82,BULL_BOUNCE_PENDING,LONG,56.0,MARGINAL,FAVORABLE,4.5348,RISING
2026-08-28,MRVL,6.0,8.085,0.498,CONVICTION,809,289.0,16.235,1.001,CONVICTION,1624,576.0,37,20,BULL_BOUNCE_PENDING,LONG,100.0,CONVICTION,FAVORABLE,16.2193,NEUTRAL
2026-08-28,NGNE,6.0,0.7,0.255,MINOR,70,1107.0,0.5,0.182,COMPRESSION,50,424.0,32,32,CHANNEL_RECLAIM_LONG,LONG,61.0,CONVICTION,FAVORABLE,2.7436,RISING
2026-08-28,SEPN,6.0,0.22,0.084,MINOR,22,151.0,0.72,0.275,COMPRESSION,72,222.0,33,44,BULL_BOUNCE,LONG,69.0,CONVICTION,FAVORABLE,2.6203,NEUTRAL
2026-08-28,MAZE,6.0,0.33,0.234,MINOR,33,227.0,0.01,0.007,COMPRESSION,2,1017.0,42,19,BULL_BOUNCE_PENDING,LONG,66.4,CONVICTION,FAVORABLE,1.4108,NEUTRAL
2026-08-28,LGIH,6.0,0.71,0.303,COMPRESSION,72,91.0,1.15,0.492,CONVICTION,116,314.0,76,37,BULL_BOUNCE,LONG,69.0,CONVICTION,FAVORABLE,2.3397,NEUTRAL
2026-08-28,GHRS,6.0,0.23,0.175,COMPRESSION,23,224.0,0.26,0.197,MINOR,27,56.0,35,34,BULL_BOUNCE,LONG,63.0,CONVICTION,FAVORABLE,1.3167,NEUTRAL
2026-08-28,PRAA,6.0,0.12,0.128,COMPRESSION,13,140.0,0.2,0.213,COMPRESSION,20,892.0,38,39,BULL_BOUNCE,LONG,71.0,CONVICTION,FAVORABLE,0.9369,RISING
2026-08-28,SWMR,6.0,0.43,0.105,COMPRESSION,43,1389.0,0.76,0.186,COMPRESSION,77,1300.0,58,23,BULL_BOUNCE_PENDING,LONG,58.0,MARGINAL,FAVORABLE,4.0868,FALLING
2026-08-28,SMCI,6.0,0.435,0.163,COMPRESSION,44,60.0,2.97,1.115,CONVICTION,297,743.0,28,19,BULL_BOUNCE_PENDING,LONG,79.0,CONVICTION,FAVORABLE,2.6642,FALLING
2026-08-28,HRI,6.0,28.07,4.131,CONVICTION,2808,1109.0,2.25,0.331,CONVICTION,225,196.0,42,30,BULL_BOUNCE,LONG,58.6,MARGINAL,FAVORABLE,6.7957,FALLING
2026-08-28,GSHD,6.0,0.03,0.011,MINOR,4,1175.0,0.57,0.202,COMPRESSION,58,1119.0,40,54,BULL_BOUNCE_PENDING,LONG,47.0,MARGINAL,FAVORABLE,2.8272,RISING
2026-08-28,RDVT,6.0,,,,,,0.9,0.28,COMPRESSION,91,356.0,0,63,BULL_BOUNCE_CONFIRMED,LONG,100.0,CONVICTION,FAVORABLE,3.2189,RISING
2026-08-28,FTH,6.0,0.27,0.084,COMPRESSION,27,663.0,0.11,0.034,COMPRESSION,11,255.0,3,25,BULL_BOUNCE_CONFIRMED,LONG,54.9,MARGINAL,FAVORABLE,3.2332,FALLING
2026-08-28,TNET,6.0,0.52,0.222,COMPRESSION,52,620.0,0.7,0.299,COMPRESSION,71,1018.0,36,49,BULL_BOUNCE,LONG,65.0,CONVICTION,FAVORABLE,2.3416,NEUTRAL
2026-08-28,NSP,6.0,3.73,1.595,CONVICTION,373,780.0,1.04,0.445,CONVICTION,104,1015.0,31,21,BEAR_REJECTION_PENDING,SHORT,60.7,CONVICTION,FAVORABLE,2.3384,NEUTRAL
2026-08-28,HELE,6.0,0.06,0.046,COMPRESSION,6,263.0,0.16,0.122,MINOR,17,664.0,19,36,BULL_BOUNCE_PENDING,LONG,61.9,CONVICTION,FAVORABLE,1.3107,NEUTRAL
2026-08-28,KMTS,6.0,0.01,0.008,COMPRESSION,1,453.0,0.36,0.278,COMPRESSION,37,1015.0,64,15,BULL_BOUNCE_PENDING,LONG,67.9,CONVICTION,FAVORABLE,1.295,FALLING
2026-08-28,SILC,6.0,1.8,0.507,VACUUM,180,78.0,1.42,0.4,CONVICTION,143,269.0,9,53,BEAR_REJECTION_PENDING,SHORT,65.8,CONVICTION,FAVORABLE,3.5483,FALLING
2026-08-28,ALNT,6.0,0.15,0.029,COMPRESSION,16,30.0,1.61,0.312,CONVICTION,161,78.0,92,34,BULL_BOUNCE_PENDING,LONG,87.9,CONVICTION,FAVORABLE,5.1557,FALLING
2026-08-28,TECX,6.0,0.055,0.021,MINOR,6,229.0,1.13,0.441,CONVICTION,113,1008.0,22,24,BULL_BOUNCE_PENDING,LONG,56.7,MARGINAL,FAVORABLE,2.5635,RISING
2026-08-28,RAPP,6.0,0.57,0.283,MINOR,58,216.0,0.11,0.055,COMPRESSION,11,1029.0,17,38,BULL_BOUNCE_PENDING,LONG,67.2,CONVICTION,FAVORABLE,2.0145,RISING
2026-08-28,PVLA,6.0,1.68,0.215,CONVICTION,169,269.0,0.06,0.008,MINOR,7,565.0,37,21,SHORT_UPPER_DIRTY,SHORT,53.9,MARGINAL,FAVORABLE,7.8055,NEUTRAL
2026-08-28,PESI,6.0,0.0324,0.023,COMPRESSION,4,34.0,0.06,0.043,COMPRESSION,6,570.0,6,58,BULL_BOUNCE_PENDING,LONG,71.3,CONVICTION,FAVORABLE,1.3985,NEUTRAL
2026-08-28,NVEC,6.0,0.46,0.074,COMPRESSION,46,217.0,10.27,1.652,CONVICTION,1027,771.0,60,10,BUY_LOWER_DIRTY,LONG,51.2,MARGINAL,FAVORABLE,6.215,FALLING
2026-08-28,HURN,6.0,0.75,0.134,COMPRESSION,75,76.0,1.73,0.308,CONVICTION,174,529.0,13,48,BULL_BOUNCE_PENDING,LONG,51.0,MARGINAL,FAVORABLE,5.6105,RISING
2026-08-28,APMD,6.0,0.16,0.046,COMPRESSION,17,1097.0,0.22,0.063,COMPRESSION,22,393.0,31,25,BULL_BOUNCE_PENDING,LONG,54.3,MARGINAL,FAVORABLE,3.4735,FALLING
2026-08-28,TRNS,6.0,0.96,0.232,COMPRESSION,96,798.0,0.37,0.089,COMPRESSION,38,382.0,29,28,BULL_BOUNCE_PENDING,LONG,54.0,MARGINAL,FAVORABLE,4.1443,NEUTRAL
2026-08-28,FET,6.0,0.885,0.219,MINOR,89,930.0,1.07,0.265,CONVICTION,107,562.0,30,67,BULL_BOUNCE_PENDING,LONG,69.0,CONVICTION,FAVORABLE,4.0442,FALLING
2026-08-28,AXTI,6.0,3.82,0.419,CONVICTION,382,314.0,13.49,1.479,CONVICTION,1350,686.0,67,8,BULL_BOUNCE_PENDING,LONG,100.0,CONVICTION,FAVORABLE,9.1193,FALLING
2026-08-28,DRUG,6.0,1.39,0.357,VACUUM,140,1183.0,0.08,0.021,MINOR,8,160.0,59,17,BULL_BOUNCE,LONG,64.6,CONVICTION,FAVORABLE,3.8925,RISING
2026-08-28,IESC,6.0,3.935,0.185,CONVICTION,394,182.0,2.13,0.1,VACUUM,213,21.0,46,25,BULL_BOUNCE,LONG,69.0,CONVICTION,FAVORABLE,21.226,NEUTRAL
2026-08-28,BXC,6.0,0.91,0.234,COMPRESSION,91,737.0,1.65,0.425,CONVICTION,165,695.0,70,10,BULL_BOUNCE_PENDING,LONG,97.2,CONVICTION,FAVORABLE,3.8808,FALLING
2026-08-28,NUTX,6.0,0.18,0.013,MINOR,19,218.0,2.59,0.187,CONVICTION,260,973.0,19,59,BULL_BOUNCE_PENDING,LONG,67.9,CONVICTION,FAVORABLE,13.8376,NEUTRAL
2026-08-28,AEHR,6.0,5.97,0.46,CONVICTION,597,820.0,0.08,0.006,MINOR,9,8.0,57,7,BULL_BOUNCE_PENDING,LONG,86.8,CONVICTION,FAVORABLE,12.981,FALLING
2026-08-28,LITE,6.0,17.11,0.216,CONVICTION,1712,108.0,69.58,0.879,CONVICTION,6959,856.0,54,38,BULL_BOUNCE_PENDING,LONG,60.0,CONVICTION,FAVORABLE,79.1272,FALLING
2026-08-28,DELL,6.0,11.16,0.444,VACUUM,1117,14.0,2.86,0.114,VACUUM,287,28.0,34,51,BULL_BOUNCE_PENDING,LONG,68.0,CONVICTION,FAVORABLE,25.1079,NEUTRAL
2026-08-28,CRDO,6.0,7.525,0.394,CONVICTION,753,1329.0,8.09,0.423,VACUUM,810,1182.0,36,29,BULL_BOUNCE_PENDING,LONG,50.0,MARGINAL,FAVORABLE,19.1199,FALLING
2026-08-28,STX,6.0,2.8,0.05,CONVICTION,280,184.0,11.02,0.195,VACUUM,1102,348.0,59,22,BULL_BOUNCE_PENDING,LONG,54.0,MARGINAL,FAVORABLE,56.3989,NEUTRAL
2026-08-28,YYGH,,0.357,1.666,COMPRESSION,36,1213.0,0.0006,0.003,COMPRESSION,1,1475.0,16,2,CHANNEL_RECLAIM_LONG,LONG,61.0,CONVICTION,FAVORABLE,0.2143,RISING
2026-08-28,OTLK,6.0,0.0169,0.158,MINOR,2,629.0,0.0061,0.057,COMPRESSION,1,77.0,23,17,BEAR_REJECTION_PENDING,SHORT,50.0,MARGINAL,FAVORABLE,0.1068,FALLING
2026-08-28,TER,6.0,3.68,0.158,CONVICTION,369,152.0,0.56,0.024,MINOR,57,1243.0,77,37,BULL_BOUNCE_PENDING,LONG,58.2,MARGINAL,FAVORABLE,23.3561,FALLING
2026-08-28,SPCE,6.0,0.06,0.325,COMPRESSION,7,168.0,0.005,0.027,MINOR,1,236.0,24,13,BEAR_REJECTION_PENDING,SHORT,57.6,MARGINAL,FAVORABLE,0.1846,NEUTRAL
2026-08-28,TGB,6.0,0.03,0.071,MINOR,4,41.0,0.07,0.166,COMPRESSION,8,394.0,9,48,BULL_BOUNCE_PENDING,LONG,66.5,CONVICTION,FAVORABLE,0.4227,RISING
2026-08-28,RXT,6.0,0.155,0.392,MINOR,16,1261.0,0.005,0.013,MINOR,1,104.0,22,11,BULL_BOUNCE_PENDING,LONG,59.4,MARGINAL,FAVORABLE,0.3959,NEUTRAL
2026-08-28,TSEM,6.0,2.74,0.185,CONVICTION,275,43.0,0.39,0.026,MINOR,40,133.0,63,44,BEAR_REJECTION_PENDING,SHORT,78.4,CONVICTION,FAVORABLE,14.7986,FALLING
2026-08-28,MBGL,6.0,0.0099,0.012,COMPRESSION,1,104.0,0.08,0.097,COMPRESSION,9,242.0,20,15,BULL_BOUNCE_PENDING,LONG,81.0,CONVICTION,FAVORABLE,0.828,RISING
2026-08-28,AREC,6.0,0.01,0.05,COMPRESSION,2,389.0,0.09,0.448,MINOR,9,817.0,25,17,BULL_BOUNCE_PENDING,LONG,62.6,CONVICTION,FAVORABLE,0.2007,FALLING
2026-08-28,JHX,6.0,0.43,0.527,MINOR,43,1229.0,0.19,0.233,COMPRESSION,19,642.0,35,29,BULL_BOUNCE_PENDING,LONG,67.7,CONVICTION,FAVORABLE,0.8164,NEUTRAL
2026-08-28,DNN,6.0,0.0099,0.058,MINOR,1,565.0,0.01,0.059,COMPRESSION,2,1290.0,5,37,BULL_BOUNCE_CONFIRMED,LONG,66.0,CONVICTION,FAVORABLE,0.1704,RISING
2026-08-28,FRMI,6.0,0.08,0.154,COMPRESSION,9,676.0,0.005,0.01,MINOR,1,311.0,34,2,BEAR_REJECTION_PENDING,SHORT,40.0,MARGINAL,FAVORABLE,0.5185,NEUTRAL
2026-08-28,AMKR,6.0,2.295,0.72,CONVICTION,230,1272.0,1.025,0.322,CONVICTION,103,756.0,33,31,BULL_BOUNCE,LONG,58.0,MARGINAL,FAVORABLE,3.1871,FALLING
2026-08-28,NXE,6.0,0.19,0.4,COMPRESSION,19,988.0,0.08,0.168,COMPRESSION,9,258.0,12,64,BULL_BOUNCE_PENDING,LONG,41.0,MARGINAL,FAVORABLE,0.4751,RISING
2026-08-28,TOI,6.0,0.08,0.211,COMPRESSION,9,164.0,0.01,0.026,MINOR,1,106.0,16,27,BULL_BOUNCE,LONG,69.0,CONVICTION,FAVORABLE,0.3791,NEUTRAL
2026-08-28,IAUX,6.0,0.02,0.222,MINOR,3,138.0,0.05,0.556,COMPRESSION,6,230.0,14,48,CHANNEL_RECLAIM_LONG,LONG,61.0,CONVICTION,FAVORABLE,0.09,RISING
2026-08-28,QTEX,6.0,0.0399,0.38,MINOR,4,1061.0,0.0051,0.049,MINOR,1,56.0,17,32,BULL_BOUNCE_CONFIRMED,LONG,52.0,MARGINAL,FAVORABLE,0.1051,NEUTRAL
2026-08-28,EXK,6.0,0.935,1.394,COMPRESSION,94,641.0,0.35,0.522,COMPRESSION,36,436.0,5,57,DCB_BREAKOUT,LONG,49.0,MARGINAL,FAVORABLE,0.6707,FALLING
2026-08-28,EOSE,6.0,0.12,0.424,COMPRESSION,13,727.0,0.02,0.071,COMPRESSION,3,1366.0,22,9,BULL_BOUNCE_PENDING,LONG,56.0,MARGINAL,FAVORABLE,0.2832,RISING
2026-08-28,MBLY,6.0,0.1,0.285,COMPRESSION,10,336.0,0.38,1.084,COMPRESSION,39,208.0,26,32,BULL_BOUNCE,LONG,73.0,CONVICTION,FAVORABLE,0.3507,NEUTRAL
2026-08-28,QXO,6.0,0.06,0.084,COMPRESSION,7,396.0,0.09,0.126,MINOR,9,22.0,38,24,BULL_BOUNCE_PENDING,LONG,39.6,MARGINAL,FAVORABLE,0.7138,RISING
2026-08-28,B,6.0,2.67,1.581,CONVICTION,267,80.0,1.13,0.669,CONVICTION,113,21.0,22,85,BEAR_REJECTION_PENDING,SHORT,72.6,CONVICTION,FAVORABLE,1.6891,RISING
2026-08-28,PMI,6.0,0.0299,0.027,MINOR,3,265.0,0.09,0.082,COMPRESSION,9,292.0,8,13,BULL_BOUNCE_CONFIRMED,LONG,76.7,CONVICTION,FAVORABLE,1.0994,RISING
2026-08-28,UUUU,6.0,0.45,0.505,COMPRESSION,45,1318.0,0.02,0.022,COMPRESSION,3,682.0,28,83,BULL_BOUNCE_PENDING,LONG,57.0,MARGINAL,FAVORABLE,0.8908,RISING
2026-08-28,U,6.0,0.12,0.075,COMPRESSION,12,586.0,1.73,1.081,CONVICTION,173,218.0,20,9,BULL_BOUNCE_PENDING,LONG,88.3,CONVICTION,FAVORABLE,1.6007,NEUTRAL
2026-08-28,DX,6.0,0.09,0.523,COMPRESSION,9,876.0,0.04,0.232,COMPRESSION,5,589.0,26,14,BULL_BOUNCE_PENDING,LONG,64.7,CONVICTION,FAVORABLE,0.1721,NEUTRAL
2026-08-28,NUAI,6.0,0.0254,0.051,MINOR,3,107.0,0.02,0.04,MINOR,3,79.0,18,22,SHORT_UPPER_DIRTY,SHORT,40.2,MARGINAL,FAVORABLE,0.5018,NEUTRAL
2026-08-28,FAST,6.0,0.005,0.005,MINOR,1,114.0,0.17,0.184,COMPRESSION,18,552.0,21,44,BULL_BOUNCE_PENDING,LONG,60.2,CONVICTION,FAVORABLE,0.9243,RISING
2026-08-28,QUBT,6.0,0.27,0.56,COMPRESSION,27,58.0,0.325,0.674,COMPRESSION,33,1169.0,28,27,BULL_BOUNCE_PENDING,LONG,64.5,CONVICTION,FAVORABLE,0.4821,NEUTRAL
2026-08-28,GPUS,6.0,0.001,0.023,MINOR,1,1296.0,0.0,0.001,MINOR,1,96.0,21,6,BULL_BOUNCE_PENDING,LONG,50.0,MARGINAL,FAVORABLE,0.0441,FALLING
2026-08-28,JOBY,6.0,0.08,0.209,COMPRESSION,9,405.0,0.27,0.705,MINOR,28,1397.0,32,9,BULL_BOUNCE_PENDING,LONG,60.4,CONVICTION,FAVORABLE,0.3829,RISING
2026-08-28,ORC,6.0,0.04,0.407,COMPRESSION,5,1490.0,0.02,0.204,COMPRESSION,2,50.0,12,43,BULL_BOUNCE_PENDING,LONG,53.0,MARGINAL,FAVORABLE,0.0982,FALLING
2026-08-28,BTE,6.0,0.09,0.589,MINOR,9,210.0,0.01,0.065,COMPRESSION,1,818.0,12,59,BULL_BOUNCE_PENDING,LONG,51.1,MARGINAL,FAVORABLE,0.1528,NEUTRAL
2026-08-28,OFAL,6.0,0.047,0.103,MINOR,5,573.0,0.0454,0.1,COMPRESSION,5,853.0,52,25,BULL_BOUNCE,LONG,53.0,MARGINAL,FAVORABLE,0.4542,RISING
2026-08-28,LCID,6.0,0.01,0.023,COMPRESSION,1,669.0,0.0045,0.01,COMPRESSION,1,253.0,11,22,BULL_BOUNCE_PENDING,LONG,61.0,CONVICTION,FAVORABLE,0.4304,FALLING
2026-08-28,BTBT,6.0,0.01,0.068,MINOR,1,253.0,0.02,0.136,COMPRESSION,3,190.0,9,11,BEAR_REJECTION_PENDING,SHORT,41.9,MARGINAL,FAVORABLE,0.1474,FALLING
2026-08-28,FFAI,6.0,0.07,0.147,COMPRESSION,7,1489.0,,,,,,23,0,BEAR_REJECTION_PENDING,SHORT,50.0,MARGINAL,FAVORABLE,0.475,FALLING
2026-08-28,REI,6.0,0.0001,0.002,MINOR,1,68.0,0.01,0.167,COMPRESSION,2,1088.0,7,18,BULL_BOUNCE,LONG,68.0,CONVICTION,FAVORABLE,0.06,NEUTRAL
2026-08-28,ALP,6.0,0.0072,0.303,COMPRESSION,1,434.0,0.0009,0.038,MINOR,1,371.0,5,36,BULL_BOUNCE,LONG,61.0,CONVICTION,FAVORABLE,0.0238,RISING
2026-08-28,ELPW,6.0,0.0407,0.072,MINOR,5,417.0,0.038,0.068,MINOR,4,604.0,37,7,BULL_BOUNCE_PENDING,LONG,62.0,CONVICTION,FAVORABLE,0.5618,NEUTRAL
2026-08-28,ORBS,6.0,0.0447,0.726,COMPRESSION,5,1070.0,0.0041,0.067,COMPRESSION,1,1127.0,39,15,BULL_BOUNCE_PENDING,LONG,35.0,MARGINAL,FAVORABLE,0.0616,RISING
2026-08-28,GPRO,6.0,0.0502,1.035,COMPRESSION,6,614.0,0.0,0.001,MINOR,1,423.0,16,5,BEAR_REJECTION_PENDING,SHORT,54.1,MARGINAL,FAVORABLE,0.0485,RISING
2026-08-28,RR,6.0,0.0094,0.07,MINOR,1,5.0,0.04,0.299,MINOR,5,1327.0,5,24,BULL_BOUNCE_PENDING,LONG,39.0,MARGINAL,FAVORABLE,0.1336,RISING
2026-08-28,PLUG,6.0,0.0021,0.013,MINOR,1,1141.0,0.27,1.65,COMPRESSION,27,796.0,8,13,BULL_BOUNCE_PENDING,LONG,58.5,MARGINAL,FAVORABLE,0.1636,RISING
2026-08-28,SLB,6.0,0.81,0.535,COMPRESSION,82,31.0,0.23,0.152,COMPRESSION,23,804.0,10,67,BEAR_REJECTION_PENDING,SHORT,53.8,MARGINAL,FAVORABLE,1.5145,RISING
2026-08-28,MVST,6.0,0.0007,0.009,COMPRESSION,1,881.0,0.0027,0.035,MINOR,1,1316.0,26,14,BULL_BOUNCE_PENDING,LONG,56.0,MARGINAL,FAVORABLE,0.0764,RISING
2026-08-28,DNLI,6.0,0.11,0.123,COMPRESSION,11,32.0,0.2,0.223,COMPRESSION,20,1139.0,34,47,BULL_BOUNCE_PENDING,LONG,73.6,CONVICTION,FAVORABLE,0.8949,NEUTRAL
2026-08-28,LUMN,6.0,0.13,0.403,COMPRESSION,13,505.0,0.04,0.124,COMPRESSION,5,16.0,34,21,BEAR_REJECTION_PENDING,SHORT,59.7,MARGINAL,FAVORABLE,0.3225,FALLING
2026-08-28,NXTC,6.0,0.28,0.317,MINOR,29,236.0,0.09,0.102,MINOR,9,94.0,18,21,BULL_BOUNCE_PENDING,LONG,60.5,CONVICTION,FAVORABLE,0.8836,NEUTRAL
2026-08-28,COTY,6.0,0.01,0.057,MINOR,2,1018.0,0.05,0.286,COMPRESSION,5,1200.0,6,11,BULL_BOUNCE,LONG,68.6,CONVICTION,FAVORABLE,0.1749,NEUTRAL
2026-08-28,VMAR,6.0,0.2074,0.173,MINOR,21,284.0,0.057,0.048,MINOR,6,1261.0,27,11,CHANNEL_RECLAIM_LONG,LONG,61.0,CONVICTION,FAVORABLE,1.1959,RISING
2026-08-28,SOC,6.0,0.16,0.337,COMPRESSION,17,303.0,0.06,0.126,COMPRESSION,6,1119.0,33,27,BULL_BOUNCE,LONG,74.0,CONVICTION,FAVORABLE,0.4746,RISING
2026-08-28,KOS,6.0,0.06,0.428,COMPRESSION,7,175.0,0.02,0.143,COMPRESSION,3,982.0,12,28,BULL_BOUNCE_PENDING,LONG,56.9,MARGINAL,FAVORABLE,0.1401,NEUTRAL
2026-08-28,CMCSA,6.0,0.11,0.183,COMPRESSION,11,362.0,0.47,0.781,COMPRESSION,47,778.0,21,67,BEAR_REJECTION_PENDING,SHORT,56.8,MARGINAL,FAVORABLE,0.602,RISING
2026-08-28,LAES,6.0,0.16,1.055,MINOR,16,498.0,0.7,4.614,COMPRESSION,71,613.0,19,31,BULL_BOUNCE_PENDING,LONG,73.2,CONVICTION,FAVORABLE,0.1517,FALLING
2026-08-28,VIVK,6.0,0.005,0.031,MINOR,1,1022.0,0.0004,0.003,MINOR,1,144.0,11,25,BULL_BOUNCE_PENDING,LONG,52.0,MARGINAL,FAVORABLE,0.1601,NEUTRAL
2026-08-28,KTOS,6.0,1.01,0.333,CONVICTION,102,410.0,1.515,0.5,CONVICTION,152,598.0,51,39,BULL_BOUNCE_PENDING,LONG,97.1,CONVICTION,FAVORABLE,3.0328,FALLING
2026-08-28,GLXY,6.0,0.99,0.615,CONVICTION,100,990.0,1.55,0.963,CONVICTION,156,642.0,28,24,BEAR_REJECTION_PENDING,SHORT,44.0,MARGINAL,FAVORABLE,1.6089,RISING
2026-08-28,OPEN,6.0,0.044,0.219,MINOR,5,314.0,0.1162,0.578,COMPRESSION,12,580.0,12,4,BULL_BOUNCE_PENDING,LONG,68.0,CONVICTION,FAVORABLE,0.2012,FALLING
2026-08-28,CNH,6.0,0.185,0.42,COMPRESSION,19,599.0,0.09,0.204,COMPRESSION,9,341.0,17,30,BULL_BOUNCE_PENDING,LONG,77.4,CONVICTION,FAVORABLE,0.4404,RISING
2026-08-28,TE,6.0,0.03,0.068,MINOR,4,40.0,0.4,0.903,COMPRESSION,41,40.0,8,34,BULL_BOUNCE_PENDING,LONG,52.3,MARGINAL,FAVORABLE,0.4428,FALLING
2026-08-28,GRAB,6.0,0.005,0.042,MINOR,1,1201.0,0.03,0.251,COMPRESSION,4,419.0,7,16,BULL_BOUNCE_PENDING,LONG,76.3,CONVICTION,FAVORABLE,0.1196,RISING
2026-08-28,BYND,6.0,0.03,0.02,MINOR,3,1070.0,0.029,0.019,MINOR,3,28.0,14,30,BULL_BOUNCE,LONG,69.0,CONVICTION,FAVORABLE,1.4956,RISING
2026-08-28,IOVA,6.0,0.005,0.008,MINOR,1,197.0,0.17,0.277,COMPRESSION,17,1418.0,14,34,CHANNEL_BREAKOUT,LONG,47.0,MARGINAL,FAVORABLE,0.6139,RISING
2026-08-28,WMT,6.0,0.73,0.262,COMPRESSION,74,35.0,0.23,0.082,COMPRESSION,24,583.0,40,22,BEAR_REJECTION_PENDING,SHORT,35.1,MARGINAL,FAVORABLE,2.7893,FALLING
2026-08-28,CLSK,6.0,0.25,0.258,COMPRESSION,25,505.0,0.08,0.082,COMPRESSION,9,280.0,9,14,BULL_BOUNCE_PENDING,LONG,52.3,MARGINAL,FAVORABLE,0.9697,FALLING
2026-08-28,SNAP,6.0,0.005,0.017,MINOR,1,157.0,0.09,0.298,COMPRESSION,9,1181.0,6,9,BULL_BOUNCE_PENDING,LONG,66.3,CONVICTION,FAVORABLE,0.3017,RISING
2026-08-28,OCGN,6.0,0.248,3.454,COMPRESSION,25,1328.0,0.015,0.209,COMPRESSION,2,804.0,17,8,BULL_BOUNCE_PENDING,LONG,67.7,CONVICTION,FAVORABLE,0.0718,RISING
2026-08-28,AEG,6.0,0.02,0.155,COMPRESSION,2,184.0,0.13,1.009,COMPRESSION,13,466.0,28,74,BULL_BOUNCE_PENDING,LONG,63.0,CONVICTION,FAVORABLE,0.1288,FALLING
2026-08-28,PFE,6.0,0.02,0.033,COMPRESSION,2,510.0,0.14,0.231,COMPRESSION,14,1034.0,21,82,BULL_BOUNCE,LONG,80.5,CONVICTION,FAVORABLE,0.6072,RISING
2026-08-28,KO,6.0,0.01,0.007,MINOR,2,48.0,0.825,0.598,COMPRESSION,83,751.0,9,87,BULL_BOUNCE_PENDING,LONG,48.0,MARGINAL,FAVORABLE,1.3803,RISING
2026-08-28,COUR,6.0,0.09,0.356,MINOR,9,110.0,0.1,0.396,COMPRESSION,10,1330.0,3,33,BEAR_REJECTION_PENDING,SHORT,45.9,MARGINAL,FAVORABLE,0.2528,RISING
2026-08-28,T,6.0,0.19,0.409,COMPRESSION,20,169.0,0.14,0.302,COMPRESSION,15,27.0,15,91,BULL_BOUNCE_PENDING,LONG,64.8,CONVICTION,FAVORABLE,0.4643,RISING
2026-08-28,ACHR,6.0,0.09,0.169,COMPRESSION,9,490.0,0.13,0.244,MINOR,13,946.0,24,13,BULL_BOUNCE_PENDING,LONG,59.5,MARGINAL,FAVORABLE,0.5328,FALLING
2026-08-28,KDP,6.0,2.33,2.674,CONVICTION,233,106.0,0.14,0.161,COMPRESSION,15,97.0,24,55,BEAR_REJECTION_PENDING,SHORT,73.0,CONVICTION,FAVORABLE,0.8713,RISING
2026-08-28,NU,6.0,0.03,0.043,COMPRESSION,3,161.0,0.07,0.1,COMPRESSION,7,1423.0,10,47,BULL_BOUNCE_PENDING,LONG,72.7,CONVICTION,FAVORABLE,0.6967,RISING
2026-08-28,XE,6.0,0.785,0.39,COMPRESSION,79,607.0,0.2,0.099,COMPRESSION,20,514.0,15,16,BULL_BOUNCE,LONG,71.0,CONVICTION,FAVORABLE,2.0121,RISING
2026-08-28,ABT,6.0,0.39,0.169,COMPRESSION,40,875.0,2.11,0.912,CONVICTION,211,340.0,61,49,BULL_BOUNCE,LONG,74.0,CONVICTION,FAVORABLE,2.3142,RISING
2026-08-28,GIS,6.0,0.14,0.126,COMPRESSION,15,969.0,0.23,0.207,COMPRESSION,24,12.0,30,42,BULL_BOUNCE_PENDING,LONG,62.2,CONVICTION,FAVORABLE,1.1087,RISING
2026-08-28,BULL,6.0,0.18,0.32,COMPRESSION,18,390.0,0.105,0.187,COMPRESSION,11,517.0,14,21,BULL_BOUNCE_CONFIRMED,LONG,74.8,CONVICTION,FAVORABLE,0.5619,RISING
2026-08-28,BAX,6.0,0.43,0.599,COMPRESSION,43,50.0,0.22,0.306,COMPRESSION,22,1253.0,44,24,BULL_BOUNCE_PENDING,LONG,60.7,CONVICTION,FAVORABLE,0.7182,NEUTRAL
2026-08-28,MOS,6.0,0.16,0.16,COMPRESSION,17,54.0,0.23,0.231,COMPRESSION,24,591.0,27,82,BULL_BOUNCE_PENDING,LONG,74.5,CONVICTION,FAVORABLE,0.9972,RISING
2026-08-28,ET,6.0,0.0449,0.127,MINOR,5,18.0,0.09,0.255,COMPRESSION,9,38.0,6,41,BULL_BOUNCE_PENDING,LONG,63.0,CONVICTION,FAVORABLE,0.3529,NEUTRAL
2026-08-28,WFC,6.0,0.32,0.2,COMPRESSION,32,81.0,0.51,0.319,COMPRESSION,51,944.0,40,45,BULL_BOUNCE_PENDING,LONG,47.0,MARGINAL,FAVORABLE,1.6012,NEUTRAL
2026-08-28,ORCL,6.0,2.685,0.423,CONVICTION,269,717.0,2.05,0.323,CONVICTION,205,1298.0,35,48,BULL_BOUNCE_PENDING,LONG,85.4,CONVICTION,FAVORABLE,6.3504,RISING
2026-08-28,SMR,6.0,0.36,0.513,COMPRESSION,37,1254.0,0.235,0.335,COMPRESSION,24,1373.0,13,22,BULL_BOUNCE_PENDING,LONG,53.0,MARGINAL,FAVORABLE,0.7011,FALLING
2026-08-28,POET,6.0,0.06,0.111,COMPRESSION,7,99.0,0.03,0.055,MINOR,4,801.0,20,24,BEAR_REJECTION_PENDING,SHORT,63.3,CONVICTION,FAVORABLE,0.5425,FALLING
2026-08-28,PCG,6.0,0.73,1.395,COMPRESSION,74,1129.0,0.11,0.21,COMPRESSION,11,32.0,4,38,BULL_BOUNCE_PENDING,LONG,54.2,MARGINAL,FAVORABLE,0.5233,RISING
2026-08-28,RCAT,6.0,0.26,0.327,COMPRESSION,26,86.0,0.12,0.151,COMPRESSION,13,189.0,28,20,BULL_BOUNCE_PENDING,LONG,55.7,MARGINAL,FAVORABLE,0.7952,NEUTRAL
2026-08-28,TFC,6.0,0.6,0.719,MINOR,61,26.0,0.11,0.132,COMPRESSION,11,1497.0,36,38,BEAR_REJECTION_PENDING,SHORT,52.0,MARGINAL,FAVORABLE,0.8349,NEUTRAL
2026-08-28,KHC,6.0,0.12,0.185,COMPRESSION,13,139.0,0.04,0.062,COMPRESSION,4,579.0,40,42,BULL_BOUNCE_PENDING,LONG,73.5,CONVICTION,FAVORABLE,0.6488,NEUTRAL
2026-08-28,FTNT,6.0,,,,,,2.7,0.44,CONVICTION,271,739.0,0,79,BULL_BOUNCE_PENDING,LONG,61.0,CONVICTION,FAVORABLE,6.14,NEUTRAL
2026-08-28,S,6.0,0.61,0.547,COMPRESSION,61,302.0,1.29,1.156,CONVICTION,129,18.0,25,20,BULL_BOUNCE_PENDING,LONG,98.2,CONVICTION,FAVORABLE,1.1155,NEUTRAL
2026-08-28,JPM,6.0,1.82,0.354,VACUUM,182,14.0,1.87,0.364,CONVICTION,187,448.0,34,56,BULL_BOUNCE_PENDING,LONG,76.4,CONVICTION,FAVORABLE,5.1364,NEUTRAL
2026-08-28,RDW,6.0,0.27,0.338,COMPRESSION,27,538.0,0.02,0.025,COMPRESSION,2,448.0,47,8,BULL_BOUNCE_PENDING,LONG,61.3,CONVICTION,FAVORABLE,0.7994,FALLING
2026-08-28,BAC,6.0,0.48,0.458,COMPRESSION,48,57.0,0.03,0.029,COMPRESSION,4,277.0,54,72,BULL_BOUNCE_PENDING,LONG,75.2,CONVICTION,FAVORABLE,1.0475,FALLING
2026-08-28,AVTR,6.0,0.18,0.433,COMPRESSION,18,873.0,1.96,4.719,CONVICTION,197,228.0,2,42,BULL_BOUNCE_PENDING,LONG,88.7,CONVICTION,FAVORABLE,0.4153,NEUTRAL
2026-08-28,CLF,6.0,0.07,0.106,COMPRESSION,8,1130.0,0.02,0.03,MINOR,3,253.0,17,60,BULL_BOUNCE_PENDING,LONG,75.9,CONVICTION,FAVORABLE,0.6628,NEUTRAL
2026-08-28,JNJ,6.0,1.55,0.296,CONVICTION,156,90.0,3.39,0.647,CONVICTION,340,668.0,57,66,BULL_BOUNCE_PENDING,LONG,48.0,MARGINAL,FAVORABLE,5.2369,RISING
2026-08-28,ARI,6.0,3.52,29.881,CONVICTION,352,251.0,0.02,0.17,COMPRESSION,2,114.0,7,12,BULL_BOUNCE_PENDING,LONG,54.4,MARGINAL,FAVORABLE,0.1178,RISING
2026-08-28,EQX,6.0,0.58,1.065,COMPRESSION,59,163.0,0.13,0.239,COMPRESSION,14,1330.0,43,72,BEAR_REJECTION_PENDING,SHORT,54.4,MARGINAL,FAVORABLE,0.5445,RISING
2026-08-28,TSCO,6.0,0.04,0.036,COMPRESSION,4,176.0,0.275,0.248,COMPRESSION,28,384.0,31,33,BULL_BOUNCE_PENDING,LONG,71.0,CONVICTION,FAVORABLE,1.1111,FALLING
2026-08-28,OKTA,6.0,0.095,0.01,MINOR,10,48.0,31.73,3.427,CONVICTION,3174,410.0,1,28,BULL_BOUNCE_PENDING,LONG,68.0,CONVICTION,FAVORABLE,9.2579,NEUTRAL
2026-08-28,CAG,6.0,0.08,0.189,COMPRESSION,8,75.0,0.14,0.33,COMPRESSION,14,604.0,29,56,BULL_BOUNCE_PENDING,LONG,50.0,MARGINAL,FAVORABLE,0.4243,RISING
2026-08-28,VZ,6.0,0.63,0.808,COMPRESSION,63,22.0,0.3,0.385,COMPRESSION,30,184.0,22,56,BULL_BOUNCE_PENDING,LONG,54.2,MARGINAL,FAVORABLE,0.7794,RISING
2026-08-28,NTSK,6.0,0.56,0.611,COMPRESSION,57,86.0,0.53,0.578,COMPRESSION,53,443.0,24,33,BULL_BOUNCE_PENDING,LONG,80.8,CONVICTION,FAVORABLE,0.9171,NEUTRAL
2026-08-28,BKD,6.0,0.17,0.295,COMPRESSION,17,314.0,0.04,0.069,COMPRESSION,5,860.0,18,14,BULL_BOUNCE,LONG,55.1,MARGINAL,FAVORABLE,0.577,FALLING
2026-08-28,COIN,6.0,5.18,0.511,CONVICTION,519,34.0,2.26,0.223,CONVICTION,226,45.0,13,36,BULL_BOUNCE_PENDING,LONG,85.6,CONVICTION,FAVORABLE,10.1401,RISING
2026-08-28,SOFI,6.0,0.11,0.14,COMPRESSION,11,1004.0,0.035,0.044,COMPRESSION,4,126.0,3,34,BULL_BOUNCE_PENDING,LONG,57.8,MARGINAL,FAVORABLE,0.7879,RISING
2026-08-28,CVE,6.0,0.61,0.614,COMPRESSION,62,65.0,0.48,0.483,COMPRESSION,49,1428.0,46,65,BEAR_REJECTION_PENDING,SHORT,60.1,CONVICTION,FAVORABLE,0.9941,FALLING
2026-08-28,NOW,6.0,0.16,0.027,COMPRESSION,17,250.0,4.68,0.781,CONVICTION,468,557.0,10,62,BULL_BOUNCE_PENDING,LONG,64.0,CONVICTION,FAVORABLE,5.989,NEUTRAL
2026-08-28,HTZ,6.0,0.01,0.035,MINOR,2,442.0,0.26,0.912,COMPRESSION,26,1161.0,16,5,BULL_BOUNCE_PENDING,LONG,57.5,MARGINAL,FAVORABLE,0.2851,RISING
2026-08-28,NFLX,6.0,0.295,0.13,COMPRESSION,30,670.0,0.25,0.11,COMPRESSION,25,62.0,17,59,BULL_BOUNCE_PENDING,LONG,51.2,MARGINAL,FAVORABLE,2.2751,RISING
2026-08-28,BE,6.0,11.395,0.656,CONVICTION,1140,304.0,9.525,0.549,CONVICTION,953,33.0,49,21,BUY_LOWER_DIRTY,LONG,55.6,MARGINAL,FAVORABLE,17.3628,RISING
2026-08-28,KVUE,6.0,0.05,0.156,COMPRESSION,6,738.0,0.04,0.125,COMPRESSION,5,73.0,9,48,BULL_BOUNCE_PENDING,LONG,48.0,MARGINAL,FAVORABLE,0.3207,NEUTRAL
2026-08-28,HL,6.0,0.11,0.111,COMPRESSION,11,1175.0,0.25,0.252,COMPRESSION,25,372.0,5,62,BULL_BOUNCE_PENDING,LONG,54.1,MARGINAL,FAVORABLE,0.9938,NEUTRAL
2026-08-28,XOM,6.0,2.45,0.718,CONVICTION,245,116.0,1.045,0.306,CONVICTION,105,120.0,72,56,BULL_BOUNCE_PENDING,LONG,80.4,CONVICTION,FAVORABLE,3.4139,FALLING
2026-08-28,MS,6.0,0.24,0.055,MINOR,25,127.0,1.82,0.413,CONVICTION,182,600.0,20,77,BULL_BOUNCE_PENDING,LONG,63.7,CONVICTION,FAVORABLE,4.4023,NEUTRAL
2026-08-28,DOW,6.0,1.14,1.196,CONVICTION,115,774.0,0.22,0.231,COMPRESSION,23,926.0,55,32,BULL_BOUNCE_PENDING,LONG,50.0,MARGINAL,FAVORABLE,0.9528,RISING
2026-08-28,LYFT,6.0,0.245,0.367,COMPRESSION,25,437.0,0.16,0.24,COMPRESSION,17,755.0,9,39,BULL_BOUNCE_PENDING,LONG,60.8,CONVICTION,FAVORABLE,0.6678,NEUTRAL
2026-08-28,ARR,6.0,0.275,1.28,COMPRESSION,28,46.0,0.16,0.745,COMPRESSION,17,281.0,40,18,BULL_BOUNCE_PENDING,LONG,41.0,MARGINAL,FAVORABLE,0.2148,RISING
2026-08-28,RF,6.0,0.3,0.598,COMPRESSION,31,42.0,0.05,0.1,COMPRESSION,6,242.0,41,27,BULL_BOUNCE_PENDING,LONG,76.7,CONVICTION,FAVORABLE,0.5014,NEUTRAL
2026-08-28,CPOP,6.0,0.012,0.349,MINOR,2,985.0,0.0042,0.122,MINOR,1,87.0,30,4,BULL_BOUNCE_PENDING,LONG,52.6,MARGINAL,FAVORABLE,0.0344,NEUTRAL
2026-08-28,IAG,6.0,1.73,1.96,CONVICTION,174,411.0,0.235,0.266,COMPRESSION,24,118.0,24,70,BULL_BOUNCE_PENDING,LONG,58.0,MARGINAL,FAVORABLE,0.8828,RISING
2026-08-28,C,6.0,0.86,0.347,MINOR,86,334.0,0.55,0.222,COMPRESSION,55,1306.0,29,71,BUY_LOWER_DIRTY,LONG,58.2,MARGINAL,FAVORABLE,2.4775,RISING
2026-08-28,OXY,6.0,0.085,0.06,COMPRESSION,9,630.0,0.71,0.5,COMPRESSION,72,429.0,53,69,BULL_BOUNCE_PENDING,LONG,78.4,CONVICTION,FAVORABLE,1.4187,RISING
2026-08-28,DKNG,6.0,0.17,0.145,COMPRESSION,18,735.0,0.725,0.619,COMPRESSION,73,547.0,69,15,BULL_BOUNCE_PENDING,LONG,78.5,CONVICTION,FAVORABLE,1.1705,FALLING
2026-08-28,KEY,6.0,0.1599,0.427,COMPRESSION,16,0.0,0.1,0.267,COMPRESSION,11,658.0,44,37,BULL_BOUNCE_PENDING,LONG,63.1,CONVICTION,FAVORABLE,0.3747,RISING
2026-08-28,MDT,6.0,2.63,1.307,CONVICTION,263,736.0,1.42,0.705,CONVICTION,143,378.0,71,57,BULL_BOUNCE_PENDING,LONG,70.0,CONVICTION,FAVORABLE,2.0128,FALLING
2026-08-28,FIS,6.0,0.74,0.564,COMPRESSION,75,37.0,0.46,0.351,COMPRESSION,47,365.0,53,4,BULL_BOUNCE_PENDING,LONG,67.2,CONVICTION,FAVORABLE,1.3116,RISING
2026-08-28,VST,6.0,1.61,0.363,CONVICTION,162,321.0,7.67,1.73,CONVICTION,768,194.0,62,46,BEAR_REJECTION_PENDING,SHORT,40.0,MARGINAL,FAVORABLE,4.4339,FALLING
2026-08-28,DVN,6.0,3.49,2.709,CONVICTION,350,64.0,0.325,0.252,COMPRESSION,33,217.0,48,100,BEAR_REJECTION_PENDING,SHORT,73.0,CONVICTION,FAVORABLE,1.2882,RISING
2026-08-28,HBM,6.0,0.078,0.062,MINOR,8,298.0,0.3,0.24,COMPRESSION,31,46.0,24,66,BULL_BOUNCE_PENDING,LONG,61.2,CONVICTION,FAVORABLE,1.2495,RISING
2026-08-28,CRWV,6.0,1.05,0.138,CONVICTION,105,94.0,0.0087,0.001,COMPRESSION,1,824.0,55,22,BEAR_REJECTION_PENDING,SHORT,84.5,CONVICTION,FAVORABLE,7.5819,FALLING
2026-08-28,ASTS,6.0,1.9,0.471,CONVICTION,191,943.0,4.43,1.098,CONVICTION,443,1228.0,59,17,BULL_BOUNCE_PENDING,LONG,80.9,CONVICTION,FAVORABLE,4.0361,FALLING
2026-08-28,AAOI,6.0,11.54,0.801,CONVICTION,1154,247.0,0.01,0.001,MINOR,1,601.0,52,10,BULL_BOUNCE_PENDING,LONG,40.0,MARGINAL,FAVORABLE,14.4115,FALLING
2026-08-28,FCX,6.0,0.11,0.04,MINOR,11,130.0,1.73,0.624,CONVICTION,174,92.0,11,86,BULL_BOUNCE_PENDING,LONG,35.0,MARGINAL,FAVORABLE,2.771,RISING
2026-08-28,HAL,6.0,0.8,0.78,COMPRESSION,80,870.0,2.4,2.341,CONVICTION,240,1024.0,32,80,BULL_BOUNCE_PENDING,LONG,48.0,MARGINAL,FAVORABLE,1.0254,RISING
2026-08-28,CRNX,6.0,0.005,0.031,MINOR,1,2.0,0.03,0.184,COMPRESSION,4,15.0,3,48,BULL_BOUNCE_PENDING,LONG,53.0,MARGINAL,FAVORABLE,0.1632,NEUTRAL
2026-08-28,PENG,6.0,0.17,0.046,COMPRESSION,17,184.0,0.38,0.102,MINOR,39,897.0,61,23,BULL_BOUNCE_PENDING,LONG,63.2,CONVICTION,FAVORABLE,3.722,FALLING
2026-08-28,DIS,6.0,0.85,0.373,COMPRESSION,85,205.0,1.43,0.628,CONVICTION,144,842.0,67,86,BEAR_REJECTION_PENDING,SHORT,63.7,CONVICTION,FAVORABLE,2.2781,RISING
2026-08-28,IKT,6.0,0.01,0.095,MINOR,2,40.0,0.02,0.19,COMPRESSION,3,243.0,13,16,BUY_LOWER_DIRTY,LONG,44.5,MARGINAL,FAVORABLE,0.105,NEUTRAL
2026-08-28,NEE,6.0,2.245,1.992,CONVICTION,225,975.0,0.81,0.719,COMPRESSION,82,2.0,80,16,BULL_BOUNCE_PENDING,LONG,71.4,CONVICTION,FAVORABLE,1.1271,FALLING
2026-08-28,CCJ,6.0,1.6,0.436,CONVICTION,160,503.0,1.23,0.335,CONVICTION,124,318.0,37,70,BULL_BOUNCE,LONG,71.0,CONVICTION,FAVORABLE,3.6693,RISING
2026-08-28,TSLA,6.0,9.28,0.781,CONVICTION,929,698.0,2.02,0.17,CONVICTION,202,504.0,23,53,CHANNEL_BREAKOUT,LONG,53.0,MARGINAL,FAVORABLE,11.8792,RISING
2026-08-28,CRWD,6.0,0.035,0.003,MINOR,4,15.0,19.07,1.67,CONVICTION,1907,874.0,2,16,BULL_BOUNCE_PENDING,LONG,97.0,CONVICTION,FAVORABLE,11.4168,NEUTRAL
2026-08-28,INTU,6.0,0.69,0.044,COMPRESSION,69,1227.0,8.275,0.528,CONVICTION,828,706.0,18,21,BULL_BOUNCE_PENDING,LONG,83.4,CONVICTION,FAVORABLE,15.6846,RISING
2026-08-28,GLW,6.0,8.09,0.934,CONVICTION,810,741.0,1.3,0.15,CONVICTION,130,222.0,37,29,BULL_BOUNCE_PENDING,LONG,73.3,CONVICTION,FAVORABLE,8.6647,FALLING
2026-08-28,MCHP,6.0,0.59,0.213,COMPRESSION,60,9.0,0.37,0.133,COMPRESSION,38,1253.0,51,31,BULL_BOUNCE_PENDING,LONG,62.1,CONVICTION,FAVORABLE,2.7717,FALLING
2026-08-28,NEM,6.0,0.66,0.143,MINOR,66,55.0,0.71,0.154,COMPRESSION,71,98.0,13,130,BEAR_REJECTION_PENDING,SHORT,45.9,MARGINAL,FAVORABLE,4.6134,RISING
2026-08-28,EW,6.0,0.39,0.204,COMPRESSION,39,551.0,0.82,0.429,COMPRESSION,83,292.0,54,18,BULL_BOUNCE_PENDING,LONG,71.0,CONVICTION,FAVORABLE,1.9114,NEUTRAL
2026-08-28,ONDS,6.0,0.17,0.301,COMPRESSION,17,461.0,0.13,0.23,COMPRESSION,13,369.0,16,19,BULL_BOUNCE_PENDING,LONG,78.9,CONVICTION,FAVORABLE,0.5646,FALLING
2026-08-28,WBD,6.0,0.25,0.611,COMPRESSION,25,190.0,0.32,0.783,COMPRESSION,33,14.0,5,79,BEAR_REJECTION_PENDING,SHORT,46.5,MARGINAL,FAVORABLE,0.4089,RISING
2026-08-28,CVX,6.0,2.06,0.534,CONVICTION,207,86.0,2.615,0.678,CONVICTION,262,1019.0,56,113,BULL_BOUNCE_PENDING,LONG,78.7,CONVICTION,FAVORABLE,3.8583,NEUTRAL
2026-08-28,NKE,6.0,1.235,1.097,CONVICTION,124,211.0,0.09,0.08,COMPRESSION,10,28.0,29,13,BEAR_REJECTION_PENDING,SHORT,64.6,CONVICTION,FAVORABLE,1.1259,RISING
2026-08-28,HPE,6.0,1.75,0.635,CONVICTION,175,306.0,0.44,0.16,MINOR,44,140.0,57,29,BEAR_REJECTION_PENDING,SHORT,63.7,CONVICTION,FAVORABLE,2.7577,NEUTRAL
2026-08-28,CPRT,6.0,0.24,0.203,COMPRESSION,25,1424.0,0.415,0.35,COMPRESSION,42,1337.0,27,20,BUY_LOWER_DIRTY,LONG,47.4,MARGINAL,FAVORABLE,1.1842,NEUTRAL
2026-08-28,PYPL,6.0,0.918,0.666,COMPRESSION,92,811.0,0.58,0.421,COMPRESSION,58,1138.0,10,19,BULL_BOUNCE_PENDING,LONG,81.9,CONVICTION,FAVORABLE,1.3788,NEUTRAL
2026-08-28,INIO,6.0,0.22,0.14,COMPRESSION,22,936.0,0.46,0.292,MINOR,47,175.0,33,14,BEAR_REJECTION_PENDING,SHORT,56.0,MARGINAL,FAVORABLE,1.5755,FALLING
2026-08-28,ACN,6.0,2.75,0.383,CONVICTION,275,176.0,4.45,0.62,CONVICTION,446,909.0,24,69,BULL_BOUNCE_PENDING,LONG,82.7,CONVICTION,FAVORABLE,7.1788,RISING
2026-08-28,USB,6.0,0.1577,0.156,MINOR,16,447.0,0.37,0.366,COMPRESSION,37,308.0,27,63,BULL_BOUNCE_PENDING,LONG,67.0,CONVICTION,FAVORABLE,1.0096,NEUTRAL
2026-08-28,MSFT,6.0,2.7,0.275,CONVICTION,270,190.0,11.405,1.16,CONVICTION,1141,567.0,8,44,BEAR_REJECTION_PENDING,SHORT,70.9,CONVICTION,FAVORABLE,9.8285,RISING
2026-08-28,CPNG,6.0,0.01,0.021,COMPRESSION,2,147.0,0.06,0.124,COMPRESSION,7,332.0,38,24,BEAR_REJECTION_PENDING,SHORT,71.0,CONVICTION,FAVORABLE,0.4843,RISING
2026-08-28,AAPL,6.0,4.76,0.78,CONVICTION,476,560.0,2.12,0.347,CONVICTION,213,135.0,13,74,BULL_BOUNCE_PENDING,LONG,83.1,CONVICTION,FAVORABLE,6.1036,NEUTRAL
2026-08-28,GOOGL,6.0,1.205,0.194,CONVICTION,121,41.0,6.635,1.069,CONVICTION,664,40.0,41,45,BULL_BOUNCE,LONG,80.4,CONVICTION,FAVORABLE,6.2089,RISING
2026-08-28,GOOG,6.0,1.01,0.171,CONVICTION,101,44.0,5.65,0.956,VACUUM,566,428.0,27,39,BEAR_REJECTION_PENDING,SHORT,65.1,CONVICTION,FAVORABLE,5.9125,RISING
2026-08-28,CDE,6.0,0.47,0.458,COMPRESSION,48,102.0,0.29,0.282,COMPRESSION,30,547.0,4,70,BULL_BOUNCE_PENDING,LONG,77.6,CONVICTION,FAVORABLE,1.0268,FALLING
2026-08-28,GEHC,6.0,0.99,0.673,COMPRESSION,99,1456.0,1.59,1.08,CONVICTION,160,384.0,50,42,BULL_BOUNCE,LONG,68.0,CONVICTION,FAVORABLE,1.4718,NEUTRAL
2026-08-28,BMY,6.0,0.15,0.099,MINOR,16,216.0,0.31,0.205,COMPRESSION,31,700.0,21,60,BULL_BOUNCE_PENDING,LONG,65.9,CONVICTION,FAVORABLE,1.5118,RISING
2026-08-28,DBRG,6.0,0.0118,0.363,MINOR,2,6.0,1.355,41.692,CONVICTION,136,435.0,4,28,BULL_BOUNCE_PENDING,LONG,51.0,MARGINAL,FAVORABLE,0.0325,RISING
2026-08-28,PANW,6.0,1.31,0.075,VACUUM,132,250.0,19.25,1.098,CONVICTION,1925,735.0,8,67,BULL_BOUNCE_PENDING,LONG,57.0,MARGINAL,FAVORABLE,17.5297,FALLING
2026-08-28,F,6.0,0.03,0.079,MINOR,3,293.0,0.02,0.053,COMPRESSION,2,1173.0,11,18,BULL_BOUNCE_PENDING,LONG,60.3,CONVICTION,FAVORABLE,0.38,NEUTRAL
2026-08-28,ISRG,6.0,11.02,1.005,CONVICTION,1102,731.0,8.425,0.769,CONVICTION,843,199.0,52,51,BULL_BOUNCE_PENDING,LONG,62.0,CONVICTION,FAVORABLE,10.9608,FALLING
2026-08-28,IBM,6.0,0.19,0.03,MINOR,19,243.0,4.68,0.742,CONVICTION,469,466.0,10,91,BULL_BOUNCE_PENDING,LONG,57.0,MARGINAL,FAVORABLE,6.3044,RISING
2026-08-28,CSGP,6.0,0.28,0.2,COMPRESSION,29,290.0,0.71,0.507,COMPRESSION,71,615.0,35,42,BEAR_REJECTION_PENDING,SHORT,55.4,MARGINAL,FAVORABLE,1.4006,RISING
2026-08-28,AGNC,6.0,0.14,0.925,COMPRESSION,15,804.0,0.01,0.066,COMPRESSION,1,685.0,11,35,BULL_BOUNCE_PENDING,LONG,51.0,MARGINAL,FAVORABLE,0.1514,FALLING
2026-08-28,HCA,6.0,39.77,3.742,CONVICTION,3978,295.0,1.44,0.136,CONVICTION,144,867.0,5,39,BEAR_REJECTION_PENDING,SHORT,69.8,CONVICTION,FAVORABLE,10.6271,RISING
2026-08-28,CSX,6.0,0.005,0.006,MINOR,1,103.0,0.37,0.45,COMPRESSION,37,418.0,9,71,BULL_BOUNCE_PENDING,LONG,53.2,MARGINAL,FAVORABLE,0.8231,RISING
2026-08-28,RUN,6.0,0.09,0.189,COMPRESSION,9,11.0,0.445,0.936,COMPRESSION,45,1308.0,23,15,BULL_BOUNCE_PENDING,LONG,67.0,CONVICTION,FAVORABLE,0.4756,FALLING
2026-08-28,APP,6.0,9.4,0.75,CONVICTION,940,453.0,1.81,0.144,CONVICTION,182,1164.0,17,42,BEAR_REJECTION_PENDING,SHORT,73.2,CONVICTION,FAVORABLE,12.53,FALLING
2026-08-28,SLS,6.0,0.22,0.176,MINOR,23,135.0,0.263,0.21,COMPRESSION,27,488.0,23,22,BULL_BOUNCE_PENDING,LONG,77.2,CONVICTION,FAVORABLE,1.2528,NEUTRAL
2026-08-28,COMP,6.0,0.12,0.211,COMPRESSION,12,430.0,0.11,0.194,COMPRESSION,11,1031.0,65,16,BULL_BOUNCE_PENDING,LONG,72.7,CONVICTION,FAVORABLE,0.5679,FALLING
2026-08-28,BTDR,6.0,0.46,0.425,COMPRESSION,46,1374.0,0.665,0.615,COMPRESSION,67,164.0,16,55,BULL_BOUNCE,LONG,79.5,CONVICTION,FAVORABLE,1.0815,RISING
2026-08-28,DAL,6.0,0.35,0.152,COMPRESSION,35,947.0,2.055,0.89,CONVICTION,206,382.0,101,25,BULL_BOUNCE_PENDING,LONG,96.0,CONVICTION,FAVORABLE,2.3086,NEUTRAL
2026-08-28,ERAS,6.0,0.005,0.004,MINOR,1,191.0,0.03,0.026,COMPRESSION,4,607.0,23,14,BULL_BOUNCE_PENDING,LONG,61.7,CONVICTION,FAVORABLE,1.134,RISING
2026-08-28,TECK,6.0,0.01,0.005,MINOR,2,17.0,0.45,0.234,COMPRESSION,46,294.0,1,70,BULL_BOUNCE_CONFIRMED,LONG,74.0,CONVICTION,FAVORABLE,1.9207,RISING
2026-08-28,CIFR,6.0,0.06,0.037,MINOR,7,250.0,1.24,0.775,CONVICTION,125,713.0,22,25,BULL_BOUNCE_PENDING,LONG,63.3,CONVICTION,FAVORABLE,1.6003,FALLING
2026-08-28,PSKY,6.0,0.5,1.272,COMPRESSION,50,639.0,0.02,0.051,COMPRESSION,2,750.0,12,50,BULL_BOUNCE_PENDING,LONG,51.0,MARGINAL,FAVORABLE,0.3932,RISING
2026-08-28,KLAC,6.0,0.22,0.026,COMPRESSION,22,60.0,11.7335,1.401,CONVICTION,1174,879.0,41,22,BULL_BOUNCE_PENDING,LONG,62.0,CONVICTION,FAVORABLE,8.3734,FALLING
2026-08-28,NCLH,6.0,0.08,0.124,COMPRESSION,9,1322.0,0.37,0.574,MINOR,38,6.0,67,8,BULL_BOUNCE_PENDING,LONG,40.6,MARGINAL,FAVORABLE,0.6449,FALLING
2026-08-28,FRSH,6.0,0.2,0.385,COMPRESSION,21,473.0,0.395,0.76,COMPRESSION,40,1388.0,2,71,BULL_BOUNCE_PENDING,LONG,54.0,MARGINAL,FAVORABLE,0.5199,NEUTRAL
2026-08-28,PTEN,6.0,0.025,0.045,COMPRESSION,3,221.0,0.115,0.209,COMPRESSION,12,1138.0,4,49,BULL_BOUNCE_PENDING,LONG,48.0,MARGINAL,FAVORABLE,0.5507,RISING
2026-08-28,GERN,6.0,0.64,7.565,COMPRESSION,65,1382.0,0.03,0.355,COMPRESSION,4,987.0,7,9,BULL_BOUNCE_PENDING,LONG,38.0,MARGINAL,FAVORABLE,0.0846,RISING
2026-08-28,HPQ,6.0,0.08,0.057,COMPRESSION,9,106.0,0.23,0.163,COMPRESSION,24,1139.0,11,16,BULL_BOUNCE_PENDING,LONG,83.2,CONVICTION,FAVORABLE,1.4152,NEUTRAL
2026-08-28,RGTI,6.0,0.415,0.387,COMPRESSION,42,713.0,0.61,0.569,COMPRESSION,61,845.0,25,17,BULL_BOUNCE_PENDING,LONG,69.8,CONVICTION,FAVORABLE,1.0715,NEUTRAL
2026-08-28,USAR,6.0,0.01,0.007,COMPRESSION,2,68.0,0.58,0.42,COMPRESSION,59,1402.0,16,15,BULL_BOUNCE_PENDING,LONG,53.1,MARGINAL,FAVORABLE,1.3802,RISING
2026-08-28,OI,6.0,0.12,0.347,MINOR,13,83.0,0.34,0.984,COMPRESSION,34,541.0,24,23,BEAR_REJECTION_PENDING,SHORT,53.6,MARGINAL,FAVORABLE,0.3454,RISING
2026-08-28,AG,6.0,0.63,0.641,COMPRESSION,63,1381.0,0.21,0.214,COMPRESSION,22,381.0,5,64,DCB_BREAKOUT,LONG,49.0,MARGINAL,FAVORABLE,0.9829,RISING
2026-08-28,FLNC,6.0,0.58,0.823,COMPRESSION,59,579.0,0.03,0.043,MINOR,4,658.0,27,10,BULL_BOUNCE,LONG,59.0,MARGINAL,FAVORABLE,0.7048,FALLING
2026-08-28,IBRX,6.0,0.14,0.367,COMPRESSION,14,1476.0,0.08,0.21,MINOR,9,1190.0,11,25,BULL_BOUNCE_PENDING,LONG,57.1,MARGINAL,FAVORABLE,0.3811,RISING
2026-08-28,AMAT,6.0,9.96,0.416,CONVICTION,996,94.0,10.393,0.434,CONVICTION,1040,694.0,77,27,BULL_BOUNCE,LONG,55.0,MARGINAL,FAVORABLE,23.9475,FALLING
2026-08-28,AI,6.0,0.14,0.294,COMPRESSION,15,528.0,0.15,0.315,COMPRESSION,16,871.0,31,34,BULL_BOUNCE_PENDING,LONG,55.7,MARGINAL,FAVORABLE,0.4764,FALLING
2026-08-28,KGC,6.0,1.82,1.56,CONVICTION,183,597.0,0.74,0.634,COMPRESSION,75,252.0,38,42,CHANNEL_BREAKOUT,LONG,53.0,MARGINAL,FAVORABLE,1.1663,RISING
2026-08-28,BKNG,6.0,1.33,0.218,CONVICTION,133,200.0,5.318,0.871,CONVICTION,532,260.0,27,31,BULL_BOUNCE_PENDING,LONG,79.0,CONVICTION,FAVORABLE,6.1048,NEUTRAL
2026-08-28,ENSC,6.0,0.01,0.175,MINOR,1,215.0,0.1041,1.826,COMPRESSION,11,189.0,10,31,BULL_BOUNCE,LONG,55.0,MARGINAL,FAVORABLE,0.057,NEUTRAL
2026-08-28,AMD,6.0,18.44,0.961,VACUUM,1844,317.0,13.99,0.729,VACUUM,1400,942.0,55,39,BULL_BOUNCE,LONG,69.0,CONVICTION,FAVORABLE,19.1859,NEUTRAL
2026-08-28,QCOM,6.0,4.874,1.016,CONVICTION,488,4.0,1.06,0.221,CONVICTION,107,3.0,19,24,BULL_BOUNCE_PENDING,LONG,72.8,CONVICTION,FAVORABLE,4.7991,NEUTRAL
2026-08-28,KR,6.0,2.4,1.937,CONVICTION,240,437.0,0.88,0.71,MINOR,89,799.0,4,2,BULL_BOUNCE_PENDING,LONG,57.0,MARGINAL,FAVORABLE,1.2391,RISING
2026-08-28,SOUN,6.0,0.1,0.287,COMPRESSION,11,42.0,0.57,1.638,COMPRESSION,58,153.0,28,18,BULL_BOUNCE_PENDING,LONG,53.2,MARGINAL,FAVORABLE,0.3479,RISING
2026-08-28,PLTR,6.0,1.86,0.258,CONVICTION,187,100.0,1.25,0.173,VACUUM,125,338.0,10,46,BULL_BOUNCE_PENDING,LONG,90.8,CONVICTION,FAVORABLE,7.2081,NEUTRAL
2026-08-28,QBTS,6.0,0.64,0.544,COMPRESSION,65,1074.0,0.64,0.544,COMPRESSION,64,1427.0,41,17,BULL_BOUNCE_PENDING,LONG,70.4,CONVICTION,FAVORABLE,1.1769,NEUTRAL
2026-08-28,CNQ,6.0,0.79,0.719,COMPRESSION,79,10.0,0.33,0.3,COMPRESSION,33,309.0,30,105,BULL_BOUNCE_PENDING,LONG,72.7,CONVICTION,FAVORABLE,1.0992,NEUTRAL
2026-08-28,FNB,6.0,0.01,0.034,COMPRESSION,2,16.0,0.02,0.068,COMPRESSION,2,422.0,29,44,BULL_BOUNCE,LONG,61.2,CONVICTION,FAVORABLE,0.2961,FALLING
2026-08-28,TTD,6.0,3.87,6.501,CONVICTION,388,283.0,0.0086,0.014,MINOR,1,60.0,12,9,BEAR_REJECTION_PENDING,SHORT,44.3,MARGINAL,FAVORABLE,0.5953,RISING
2026-08-28,AUR,6.0,0.05,0.137,COMPRESSION,5,860.0,0.06,0.165,COMPRESSION,7,965.0,28,9,BULL_BOUNCE_PENDING,LONG,75.1,CONVICTION,FAVORABLE,0.3639,FALLING
2026-08-28,LRCX,6.0,15.33,1.008,CONVICTION,1533,610.0,33.21,2.184,CONVICTION,3322,571.0,40,13,SHORT_UPPER_DIRTY,SHORT,43.6,MARGINAL,FAVORABLE,15.2053,NEUTRAL
2026-08-28,CTSH,6.0,0.1,0.046,COMPRESSION,11,308.0,0.902,0.415,COMPRESSION,91,1017.0,12,58,BULL_BOUNCE_PENDING,LONG,62.8,CONVICTION,FAVORABLE,2.1739,RISING
2026-08-28,HBAN,6.0,0.835,2.622,COMPRESSION,84,305.0,0.05,0.157,COMPRESSION,6,189.0,38,33,BULL_BOUNCE_PENDING,LONG,60.5,CONVICTION,FAVORABLE,0.3185,NEUTRAL
2026-08-28,UAMY,6.0,0.14,0.271,COMPRESSION,15,429.0,0.03,0.058,MINOR,4,448.0,17,6,BULL_BOUNCE_PENDING,LONG,53.0,MARGINAL,FAVORABLE,0.5157,RISING
2026-08-28,RIG,6.0,0.1,0.448,COMPRESSION,10,122.0,0.1,0.448,COMPRESSION,11,678.0,41,55,BULL_BOUNCE_PENDING,LONG,73.0,CONVICTION,FAVORABLE,0.2232,FALLING
2026-08-28,JBLU,6.0,0.15,0.621,COMPRESSION,16,1205.0,0.04,0.166,MINOR,5,38.0,35,6,BULL_BOUNCE_PENDING,LONG,62.0,CONVICTION,FAVORABLE,0.2414,NEUTRAL
2026-08-28,RIVN,6.0,0.01,0.015,COMPRESSION,1,1188.0,0.135,0.207,COMPRESSION,14,1342.0,19,42,BULL_BOUNCE_PENDING,LONG,72.0,CONVICTION,FAVORABLE,0.6533,RISING
2026-08-28,RKLB,6.0,1.36,0.303,CONVICTION,136,624.0,0.51,0.113,MINOR,51,18.0,50,25,BULL_BOUNCE,LONG,66.1,CONVICTION,FAVORABLE,4.4945,FALLING
2026-08-28,AGEN,6.0,0.01,0.016,MINOR,1,191.0,0.0108,0.017,MINOR,2,331.0,21,40,BULL_BOUNCE,LONG,64.9,CONVICTION,FAVORABLE,0.6428,NEUTRAL
2026-08-28,CCL,6.0,0.14,0.17,COMPRESSION,15,1143.0,1.4,1.697,CONVICTION,140,1402.0,67,19,BULL_BOUNCE_PENDING,LONG,64.2,CONVICTION,FAVORABLE,0.8251,FALLING
2026-08-28,ATAI,6.0,0.01,0.16,MINOR,1,126.0,1.315,21.04,CONVICTION,132,306.0,15,22,BULL_BOUNCE_PENDING,LONG,94.0,CONVICTION,FAVORABLE,0.0625,NEUTRAL
2026-08-28,INTR,6.0,0.07,0.271,COMPRESSION,8,1338.0,0.045,0.174,COMPRESSION,5,232.0,27,29,BULL_BOUNCE_PENDING,LONG,51.0,MARGINAL,FAVORABLE,0.2587,RISING
2026-08-28,VBIO,6.0,0.0004,0.003,MINOR,1,1305.0,0.0034,0.027,MINOR,1,625.0,9,12,BULL_BOUNCE_PENDING,LONG,55.0,MARGINAL,FAVORABLE,0.1241,RISING
2026-08-28,RKT,6.0,0.34,0.519,COMPRESSION,35,56.0,0.03,0.046,MINOR,3,84.0,33,21,BULL_BOUNCE_PENDING,LONG,68.8,CONVICTION,FAVORABLE,0.6557,NEUTRAL
2026-08-28,AMZN,6.0,0.47,0.086,COMPRESSION,48,629.0,4.035,0.738,CONVICTION,404,948.0,35,33,BEAR_REJECTION_PENDING,SHORT,71.2,CONVICTION,FAVORABLE,5.4658,FALLING
2026-08-28,CMG,6.0,0.09,0.079,COMPRESSION,9,19.0,0.4,0.35,COMPRESSION,40,424.0,18,49,BULL_BOUNCE_PENDING,LONG,71.7,CONVICTION,FAVORABLE,1.1414,RISING
2026-08-28,ADBE,6.0,7.9,0.739,CONVICTION,790,35.0,7.835,0.733,CONVICTION,784,1115.0,9,90,BULL_BOUNCE_PENDING,LONG,64.0,CONVICTION,FAVORABLE,10.6949,RISING
2026-08-28,KEEL,6.0,0.07,0.182,COMPRESSION,8,1175.0,0.05,0.13,COMPRESSION,5,544.0,17,22,BULL_BOUNCE,LONG,64.0,CONVICTION,FAVORABLE,0.3839,NEUTRAL
2026-08-28,FCEL,6.0,0.22,0.102,COMPRESSION,22,136.0,0.03,0.014,MINOR,3,1060.0,34,6,BULL_BOUNCE,LONG,66.7,CONVICTION,FAVORABLE,2.1622,FALLING
2026-08-28,OWL,6.0,0.09,0.21,COMPRESSION,9,1264.0,0.15,0.349,COMPRESSION,15,1313.0,19,58,BULL_BOUNCE_PENDING,LONG,62.3,CONVICTION,FAVORABLE,0.4293,RISING
2026-08-28,NB,6.0,0.105,0.352,COMPRESSION,11,237.0,0.02,0.067,MINOR,3,1038.0,49,17,BULL_BOUNCE_PENDING,LONG,41.0,MARGINAL,FAVORABLE,0.2979,FALLING
2026-08-28,WULF,6.0,0.38,0.301,MINOR,38,1294.0,0.01,0.008,MINOR,1,806.0,16,23,BULL_BOUNCE_PENDING,LONG,45.0,MARGINAL,FAVORABLE,1.2641,FALLING
2026-08-28,ON,6.0,0.58,0.197,COMPRESSION,58,174.0,1.65,0.561,CONVICTION,165,589.0,77,29,BULL_BOUNCE_PENDING,LONG,70.7,CONVICTION,FAVORABLE,2.9392,FALLING
2026-08-28,CSCO,6.0,8.82,2.699,CONVICTION,883,139.0,0.88,0.269,MINOR,88,111.0,14,19,BEAR_REJECTION_PENDING,SHORT,72.6,CONVICTION,FAVORABLE,3.2678,NEUTRAL
2026-08-28,RIOT,6.0,0.01,0.006,MINOR,2,514.0,0.19,0.107,COMPRESSION,20,389.0,19,27,BULL_BOUNCE,LONG,71.0,CONVICTION,FAVORABLE,1.7712,RISING
2026-08-28,BB,6.0,0.0003,0.001,COMPRESSION,1,839.0,0.29,0.765,MINOR,30,713.0,12,48,BULL_BOUNCE_PENDING,LONG,65.3,CONVICTION,FAVORABLE,0.3793,NEUTRAL
2026-08-28,PL,6.0,0.46,0.408,COMPRESSION,47,268.0,0.57,0.506,COMPRESSION,58,1152.0,28,13,BULL_BOUNCE_PENDING,LONG,63.8,CONVICTION,FAVORABLE,1.1272,FALLING
2026-08-28,OKLO,6.0,0.0393,0.012,MINOR,4,640.0,0.015,0.005,MINOR,2,36.0,34,24,BULL_BOUNCE_PENDING,LONG,53.8,MARGINAL,FAVORABLE,3.1559,RISING
2026-08-28,URG,6.0,0.0049,0.072,MINOR,1,355.0,0.04,0.586,COMPRESSION,5,194.0,4,37,BULL_BOUNCE_CONFIRMED,LONG,66.0,CONVICTION,FAVORABLE,0.0683,RISING
2026-08-28,IONQ,6.0,1.53,0.559,CONVICTION,154,304.0,0.785,0.287,COMPRESSION,79,574.0,53,29,BULL_BOUNCE_PENDING,LONG,63.6,CONVICTION,FAVORABLE,2.7354,RISING
2026-08-28,BTG,6.0,0.05,0.237,MINOR,5,17.0,0.08,0.379,COMPRESSION,9,378.0,5,65,BULL_BOUNCE_PENDING,LONG,77.5,CONVICTION,FAVORABLE,0.211,RISING
2026-08-28,LUNR,6.0,0.66,0.446,COMPRESSION,67,996.0,0.615,0.416,COMPRESSION,62,1460.0,51,5,BULL_BOUNCE_PENDING,LONG,70.3,CONVICTION,FAVORABLE,1.4795,FALLING
2026-08-28,CRML,6.0,0.3,0.497,MINOR,31,516.0,0.0005,0.001,MINOR,1,572.0,15,7,BEAR_REJECTION_PENDING,SHORT,42.7,MARGINAL,FAVORABLE,0.6037,RISING
2026-08-28,WYFI,6.0,0.71,0.261,COMPRESSION,71,277.0,0.21,0.077,COMPRESSION,21,642.0,37,5,BULL_BOUNCE_PENDING,LONG,66.9,CONVICTION,FAVORABLE,2.7231,FALLING
2026-08-28,STLA,6.0,0.035,0.171,COMPRESSION,4,261.0,0.01,0.049,COMPRESSION,1,149.0,18,30,CHANNEL_BREAKOUT,LONG,47.0,MARGINAL,FAVORABLE,0.2046,RISING
2026-08-28,CVNA,6.0,0.15,0.039,MINOR,15,474.0,0.94,0.247,COMPRESSION,94,1458.0,23,56,BULL_BOUNCE_PENDING,LONG,58.5,MARGINAL,FAVORABLE,3.8074,RISING
2026-08-28,WTI,6.0,0.07,0.347,COMPRESSION,7,630.0,0.1,0.495,COMPRESSION,10,253.0,40,25,BULL_BOUNCE_PENDING,LONG,57.2,MARGINAL,FAVORABLE,0.202,NEUTRAL
2026-08-28,SNOW,6.0,0.21,0.017,MINOR,21,49.0,3.16,0.255,CONVICTION,317,990.0,10,25,BULL_BOUNCE_PENDING,LONG,60.0,CONVICTION,FAVORABLE,12.3899,NEUTRAL
2026-08-28,AVGO,6.0,7.6,0.573,CONVICTION,761,38.0,4.67,0.352,CONVICTION,468,248.0,37,48,BULL_BOUNCE_PENDING,LONG,54.0,MARGINAL,FAVORABLE,13.2578,FALLING
2026-08-28,NVTS,6.0,0.38,0.416,COMPRESSION,39,153.0,0.83,0.909,MINOR,83,40.0,23,9,BULL_BOUNCE_PENDING,LONG,56.9,MARGINAL,FAVORABLE,0.9128,NEUTRAL
2026-08-28,CBRS,6.0,5.67,0.285,CONVICTION,567,290.0,0.0258,0.001,COMPRESSION,3,441.0,74,23,BEAR_REJECTION_PENDING,SHORT,56.3,MARGINAL,FAVORABLE,19.8784,FALLING
2026-08-28,RXRX,6.0,0.0008,0.004,MINOR,1,128.0,0.185,0.933,COMPRESSION,19,507.0,13,16,BULL_BOUNCE_PENDING,LONG,62.1,CONVICTION,FAVORABLE,0.1982,RISING
2026-08-28,PR,6.0,0.3,0.459,COMPRESSION,31,26.0,0.1,0.153,COMPRESSION,11,706.0,40,84,BULL_BOUNCE,LONG,58.0,MARGINAL,FAVORABLE,0.6539,FALLING
2026-08-28,BBAI,6.0,0.03,0.204,COMPRESSION,3,903.0,0.08,0.544,COMPRESSION,9,374.0,17,23,BULL_BOUNCE_CONFIRMED,LONG,81.0,CONVICTION,FAVORABLE,0.147,NEUTRAL
2026-08-28,GTM,6.0,0.08,0.319,MINOR,9,540.0,0.11,0.439,COMPRESSION,11,691.0,14,22,BULL_BOUNCE_PENDING,LONG,75.9,CONVICTION,FAVORABLE,0.2504,RISING
2026-08-28,HIMS,6.0,0.0238,0.011,MINOR,3,630.0,0.44,0.206,COMPRESSION,45,1237.0,45,34,BULL_BOUNCE_PENDING,LONG,69.0,CONVICTION,FAVORABLE,2.1315,RISING
2026-08-28,WDC,6.0,29.365,0.914,VACUUM,2937,941.0,7.73,0.241,CONVICTION,774,921.0,41,23,BULL_BOUNCE_PENDING,LONG,54.0,MARGINAL,FAVORABLE,32.1186,FALLING
2026-08-28,TOST,6.0,0.44,0.369,COMPRESSION,44,720.0,0.43,0.361,COMPRESSION,43,652.0,45,34,BULL_BOUNCE_PENDING,LONG,64.3,CONVICTION,FAVORABLE,1.1916,RISING
2026-08-28,RZLV,6.0,0.0304,0.192,MINOR,4,203.0,0.03,0.19,COMPRESSION,3,34.0,2,13,BULL_BOUNCE_PENDING,LONG,50.0,MARGINAL,FAVORABLE,0.1582,RISING
2026-08-28,VG,6.0,0.25,0.349,COMPRESSION,25,318.0,0.49,0.684,COMPRESSION,50,485.0,6,38,BULL_BOUNCE_PENDING,LONG,82.7,CONVICTION,FAVORABLE,0.7167,RISING
2026-08-28,CCO,6.0,0.01,0.275,COMPRESSION,1,84.0,0.17,4.67,COMPRESSION,17,126.0,2,17,BULL_BOUNCE_PENDING,LONG,68.0,CONVICTION,FAVORABLE,0.0364,NEUTRAL
2026-08-28,HOOD,6.0,0.84,0.144,COMPRESSION,85,466.0,0.25,0.043,COMPRESSION,25,729.0,27,19,BULL_BOUNCE_PENDING,LONG,71.0,CONVICTION,FAVORABLE,5.8214,RISING
2026-08-28,SIDU,6.0,0.04,0.204,MINOR,5,85.0,0.03,0.153,MINOR,3,131.0,28,18,BULL_BOUNCE_PENDING,LONG,47.9,MARGINAL,FAVORABLE,0.196,RISING
2026-08-28,HUMA,6.0,0.01,0.138,COMPRESSION,2,693.0,0.0328,0.454,COMPRESSION,4,412.0,20,18,BEAR_REJECTION_PENDING,SHORT,46.9,MARGINAL,FAVORABLE,0.0723,RISING
2026-08-28,QS,6.0,0.08,0.281,COMPRESSION,9,68.0,1.34,4.707,CONVICTION,134,324.0,41,16,BULL_BOUNCE_PENDING,LONG,91.0,CONVICTION,FAVORABLE,0.2847,NEUTRAL
2026-08-28,XP,6.0,0.05,0.077,COMPRESSION,5,40.0,0.4,0.618,COMPRESSION,40,820.0,15,41,BULL_BOUNCE_PENDING,LONG,60.2,CONVICTION,FAVORABLE,0.6475,RISING
2026-08-28,UWMC,6.0,0.02,0.17,MINOR,3,828.0,0.07,0.596,COMPRESSION,8,1241.0,33,10,BULL_BOUNCE_PENDING,LONG,57.3,MARGINAL,FAVORABLE,0.1175,RISING
2026-08-28,INFQ,6.0,0.79,0.802,COMPRESSION,79,1477.0,0.12,0.122,COMPRESSION,12,1001.0,15,32,BULL_BOUNCE_PENDING,LONG,56.0,MARGINAL,FAVORABLE,0.985,RISING
2026-08-28,NVDA,6.0,3.0108,0.462,VACUUM,302,102.0,10.22,1.569,CONVICTION,1023,117.0,21,38,BULL_BOUNCE_PENDING,LONG,85.7,CONVICTION,FAVORABLE,6.5127,FALLING
2026-08-28,PATH,6.0,0.29,0.332,COMPRESSION,29,264.0,0.24,0.275,COMPRESSION,24,664.0,8,39,BULL_BOUNCE_PENDING,LONG,82.4,CONVICTION,FAVORABLE,0.8722,RISING
2026-08-28,AMC,6.0,0.03,0.198,MINOR,4,1222.0,0.04,0.264,COMPRESSION,5,1444.0,3,32,BULL_BOUNCE_PENDING,LONG,72.4,CONVICTION,FAVORABLE,0.1517,NEUTRAL
2026-08-28,BFLY,6.0,0.005,0.007,MINOR,1,571.0,0.25,0.372,MINOR,25,229.0,26,22,BULL_BOUNCE_CONFIRMED,LONG,84.9,CONVICTION,FAVORABLE,0.6715,NEUTRAL
2026-08-28,ANET,6.0,0.36,0.045,MINOR,36,174.0,2.79,0.35,CONVICTION,279,496.0,23,70,BEAR_REJECTION_PENDING,SHORT,49.8,MARGINAL,FAVORABLE,7.9814,FALLING
2026-08-28,BATL,6.0,0.02,0.29,COMPRESSION,3,76.0,0.04,0.581,COMPRESSION,5,379.0,16,7,BULL_BOUNCE_PENDING,LONG,53.9,MARGINAL,FAVORABLE,0.0689,RISING
2026-08-28,SRXH,6.0,0.0022,0.013,MINOR,1,634.0,0.005,0.029,MINOR,1,393.0,23,11,BULL_BOUNCE_PENDING,LONG,48.0,MARGINAL,FAVORABLE,0.1704,NEUTRAL
2026-08-28,STM,6.0,2.52,1.35,CONVICTION,252,430.0,3.27,1.752,CONVICTION,328,577.0,50,26,BULL_BOUNCE_PENDING,LONG,44.3,MARGINAL,FAVORABLE,1.8664,FALLING
2026-08-28,LAC,6.0,0.0072,0.044,MINOR,1,351.0,0.02,0.123,COMPRESSION,3,997.0,14,32,BULL_BOUNCE_PENDING,LONG,41.0,MARGINAL,FAVORABLE,0.1624,RISING
2026-08-28,HIVE,6.0,0.0019,0.007,MINOR,1,623.0,0.18,0.692,COMPRESSION,18,33.0,11,20,BULL_BOUNCE_PENDING,LONG,50.0,MARGINAL,FAVORABLE,0.2602,RISING
2026-08-28,MVIS,6.0,0.045,0.09,COMPRESSION,5,1466.0,0.03,0.06,MINOR,3,157.0,19,18,BULL_BOUNCE_PENDING,LONG,55.1,MARGINAL,FAVORABLE,0.5023,FALLING
2026-08-28,ZETA,6.0,3.44,2.447,CONVICTION,345,1059.0,0.57,0.405,COMPRESSION,58,435.0,5,44,BULL_BOUNCE_PENDING,LONG,84.4,CONVICTION,FAVORABLE,1.4058,NEUTRAL
2026-08-28,TREX,6.0,0.99,0.652,CONVICTION,100,267.0,0.25,0.165,COMPRESSION,25,1441.0,58,33,BEAR_REJECTION_PENDING,SHORT,77.5,CONVICTION,FAVORABLE,1.5174,FALLING
2026-08-28,SHOP,6.0,2.28,0.446,CONVICTION,229,710.0,20.94,4.092,CONVICTION,2095,647.0,15,34,BULL_BOUNCE_PENDING,LONG,60.0,CONVICTION,FAVORABLE,5.1169,RISING
2026-08-28,META,6.0,18.76,1.012,CONVICTION,1876,609.0,4.86,0.262,CONVICTION,487,168.0,26,64,BULL_BOUNCE_PENDING,LONG,54.0,MARGINAL,FAVORABLE,18.5407,RISING
2026-08-28,JLHL,6.0,0.09,0.133,MINOR,9,751.0,0.05,0.074,MINOR,5,1156.0,32,8,BULL_BOUNCE_PENDING,LONG,47.0,MARGINAL,FAVORABLE,0.6764,NEUTRAL
2026-08-28,COHR,6.0,1.02,0.036,CONVICTION,102,211.0,11.66,0.416,CONVICTION,1166,39.0,55,22,BULL_BOUNCE_PENDING,LONG,51.0,MARGINAL,FAVORABLE,27.9964,FALLING
2026-08-28,SES,6.0,0.0146,0.323,COMPRESSION,2,236.0,0.0043,0.095,MINOR,1,31.0,33,24,BEAR_REJECTION_PENDING,SHORT,44.0,MARGINAL,FAVORABLE,0.0452,RISING
2026-08-28,SLNH,6.0,0.0099,0.088,MINOR,1,673.0,0.02,0.178,MINOR,3,84.0,13,4,BEAR_REJECTION_PENDING,SHORT,50.0,MARGINAL,FAVORABLE,0.1126,FALLING
2026-08-28,STUB,6.0,0.01,0.02,COMPRESSION,1,76.0,0.04,0.081,MINOR,5,695.0,24,7,BEAR_REJECTION_PENDING,SHORT,61.8,CONVICTION,FAVORABLE,0.491,FALLING
2026-08-28,OPTU,6.0,0.0002,0.002,MINOR,1,542.0,0.0001,0.001,MINOR,1,968.0,8,19,SHORT_UPPER_DIRTY,SHORT,51.5,MARGINAL,FAVORABLE,0.0902,RISING
2026-08-28,MGRX,6.0,0.0213,0.313,MINOR,3,1195.0,0.0002,0.003,MINOR,1,514.0,13,62,SHORT_UPPER_DIRTY,SHORT,50.9,MARGINAL,FAVORABLE,0.0681,NEUTRAL
2026-08-28,BJDX,6.0,0.01,0.139,COMPRESSION,2,1184.0,0.0017,0.024,MINOR,1,428.0,22,9,BULL_BOUNCE_PENDING,LONG,61.0,CONVICTION,FAVORABLE,0.0717,NEUTRAL
2026-08-28,AEON,6.0,0.0019,0.052,MINOR,1,108.0,0.0022,0.06,COMPRESSION,1,1160.0,10,23,BULL_BOUNCE_PENDING,LONG,48.0,MARGINAL,FAVORABLE,0.0367,RISING
2026-08-28,WEN,6.0,1.175,2.521,CONVICTION,118,22.0,1.555,3.336,CONVICTION,156,48.0,6,13,BULL_BOUNCE_PENDING,LONG,93.0,CONVICTION,FAVORABLE,0.4661,NEUTRAL
2026-08-28,FIG,6.0,0.005,0.003,MINOR,1,138.0,0.97,0.55,COMPRESSION,97,808.0,7,40,BULL_BOUNCE_PENDING,LONG,81.9,CONVICTION,FAVORABLE,1.7636,NEUTRAL
2026-08-28,VEEE,6.0,0.055,0.038,MINOR,6,188.0,0.0974,0.068,MINOR,10,458.0,23,14,BULL_BOUNCE,LONG,63.0,CONVICTION,FAVORABLE,1.4375,NEUTRAL
2026-08-28,MAT,6.0,0.36,0.83,COMPRESSION,36,1067.0,0.12,0.277,COMPRESSION,13,1014.0,32,34,BULL_BOUNCE_PENDING,LONG,63.0,CONVICTION,FAVORABLE,0.4336,RISING
2026-08-28,FHB,6.0,0.72,1.681,COMPRESSION,73,1344.0,0.04,0.093,COMPRESSION,4,565.0,71,29,BULL_BOUNCE_PENDING,LONG,66.3,CONVICTION,FAVORABLE,0.4282,FALLING
2026-08-28,AAL,6.0,0.058,0.128,COMPRESSION,6,751.0,0.105,0.232,COMPRESSION,11,1303.0,47,12,BULL_BOUNCE_PENDING,LONG,60.8,CONVICTION,FAVORABLE,0.4532,FALLING
2026-08-28,FPS,6.0,0.26,0.135,COMPRESSION,26,372.0,0.1,0.052,COMPRESSION,10,873.0,23,9,BEAR_REJECTION_PENDING,SHORT,47.7,MARGINAL,FAVORABLE,1.9215,FALLING
2026-08-28,DFNS,6.0,0.06,0.013,MINOR,7,574.0,0.025,0.006,MINOR,3,649.0,8,25,BULL_BOUNCE_PENDING,LONG,59.0,MARGINAL,FAVORABLE,4.5449,NEUTRAL
2026-08-28,CORZ,6.0,0.19,0.154,COMPRESSION,19,46.0,0.01,0.008,MINOR,2,445.0,33,6,BULL_BOUNCE,LONG,58.0,MARGINAL,FAVORABLE,1.2336,FALLING
2026-08-28,CRM,6.0,1.34,0.129,CONVICTION,134,272.0,24.43,2.345,CONVICTION,2444,828.0,22,23,BEAR_REJECTION_PENDING,SHORT,66.2,CONVICTION,FAVORABLE,10.4162,RISING
2026-08-28,MRK,6.0,0.005,0.001,MINOR,1,36.0,9.7,2.0,CONVICTION,970,178.0,59,45,BULL_BOUNCE,LONG,79.6,CONVICTION,FAVORABLE,4.8502,RISING
2026-08-28,UBER,6.0,1.58,0.6,CONVICTION,158,772.0,1.14,0.433,CONVICTION,115,3.0,42,33,BULL_BOUNCE_PENDING,LONG,88.0,CONVICTION,FAVORABLE,2.6349,RISING
2026-08-28,ALC,6.0,1.77,1.122,CONVICTION,177,238.0,1.26,0.798,CONVICTION,127,232.0,88,53,SHORT_UPPER_DIRTY,SHORT,58.5,MARGINAL,FAVORABLE,1.5782,RISING
2026-08-28,MDLN,6.0,0.555,0.421,COMPRESSION,56,455.0,0.005,0.004,MINOR,1,247.0,19,6,BEAR_REJECTION_PENDING,SHORT,59.7,MARGINAL,FAVORABLE,1.3171,RISING
2026-08-28,TLRY,6.0,0.005,0.02,MINOR,1,570.0,0.02,0.079,MINOR,3,154.0,33,19,BEAR_REJECTION_PENDING,SHORT,44.0,MARGINAL,FAVORABLE,0.2518,RISING
2026-08-28,HAO,6.0,0.02,0.033,COMPRESSION,3,278.0,0.096,0.16,MINOR,10,715.0,51,10,BULL_BOUNCE,LONG,69.0,CONVICTION,FAVORABLE,0.5991,RISING
2026-08-28,APLD,6.0,1.195,0.606,VACUUM,120,1008.0,0.01,0.005,MINOR,2,18.0,38,21,BEAR_REJECTION_PENDING,SHORT,56.2,MARGINAL,FAVORABLE,1.9709,FALLING
2026-08-28,SBEV,6.0,0.0158,0.22,MINOR,2,117.0,0.001,0.014,MINOR,1,486.0,7,37,BULL_BOUNCE_PENDING,LONG,51.3,MARGINAL,FAVORABLE,0.0718,NEUTRAL
2026-08-28,GOSS,6.0,0.005,0.249,MINOR,1,517.0,0.0066,0.328,MINOR,1,1302.0,21,13,BULL_BOUNCE_PENDING,LONG,60.3,CONVICTION,FAVORABLE,0.0201,FALLING
2026-08-28,BSX,6.0,0.08,0.046,COMPRESSION,8,776.0,0.35,0.203,COMPRESSION,36,444.0,98,7,BULL_BOUNCE_PENDING,LONG,80.0,CONVICTION,FAVORABLE,1.7271,RISING
2026-08-28,ASAN,6.0,0.45,0.8,COMPRESSION,45,400.0,0.24,0.426,COMPRESSION,25,556.0,3,56,BULL_BOUNCE_PENDING,LONG,54.0,MARGINAL,FAVORABLE,0.5628,NEUTRAL
2026-08-28,KD,6.0,0.16,0.245,COMPRESSION,17,487.0,0.28,0.428,COMPRESSION,28,616.0,13,34,BULL_BOUNCE_PENDING,LONG,76.7,CONVICTION,FAVORABLE,0.6542,RISING
2026-08-28,TEAM,6.0,1.78,0.202,VACUUM,179,256.0,0.53,0.06,COMPRESSION,54,878.0,2,42,BEAR_REJECTION_PENDING,SHORT,62.3,CONVICTION,FAVORABLE,8.7962,NEUTRAL
2026-08-28,WDAY,6.0,0.8,0.073,MINOR,80,693.0,2.82,0.256,CONVICTION,282,6.0,30,39,BULL_BOUNCE_PENDING,LONG,89.5,CONVICTION,FAVORABLE,11.0049,FALLING
2026-08-28,INHD,6.0,0.19,0.107,MINOR,20,594.0,,,,,,14,0,BEAR_REJECTION_PENDING,SHORT,50.0,MARGINAL,FAVORABLE,1.7838,NEUTRAL
2026-08-28,SKYQ,6.0,0.0144,0.047,MINOR,2,132.0,0.15,0.488,COMPRESSION,16,959.0,15,23,BEAR_REJECTION_PENDING,SHORT,48.7,MARGINAL,FAVORABLE,0.3076,NEUTRAL
2026-08-28,OBAI,,0.0081,0.15,COMPRESSION,1,386.0,0.0003,0.005,MINOR,1,309.0,3,5,BULL_BOUNCE_PENDING,LONG,85.0,CONVICTION,FAVORABLE,0.0541,NEUTRAL
2026-08-28,CRE,6.0,0.1651,0.221,MINOR,17,330.0,0.02,0.027,MINOR,2,186.0,6,22,BULL_BOUNCE_PENDING,LONG,56.4,MARGINAL,FAVORABLE,0.7467,RISING
2026-08-28,SUGP,6.0,0.05,0.099,COMPRESSION,6,1405.0,0.0012,0.002,MINOR,1,130.0,10,7,BEAR_REJECTION_PENDING,SHORT,50.0,MARGINAL,FAVORABLE,0.5033,FALLING
2026-08-28,NMRA,6.0,0.075,0.632,MINOR,8,629.0,0.0397,0.335,MINOR,4,596.0,24,5,BEAR_REJECTION_PENDING,SHORT,51.8,MARGINAL,FAVORABLE,0.1186,FALLING
2026-08-28,WNW,6.0,0.17,0.66,MINOR,17,709.0,0.0101,0.039,COMPRESSION,2,1206.0,25,23,BULL_BOUNCE_PENDING,LONG,78.6,CONVICTION,FAVORABLE,0.2574,RISING
2026-08-28,SLGB,6.0,0.032,0.567,MINOR,4,1023.0,0.012,0.213,MINOR,2,200.0,1,26,BULL_BOUNCE_PENDING,LONG,51.8,MARGINAL,FAVORABLE,0.0564,NEUTRAL
2026-08-28,LASE,6.0,0.05,0.442,COMPRESSION,6,184.0,0.055,0.486,COMPRESSION,6,1012.0,6,32,BULL_BOUNCE_PENDING,LONG,56.0,MARGINAL,FAVORABLE,0.1132,NEUTRAL
2026-08-28,OSS,6.0,0.08,0.108,COMPRESSION,9,62.0,0.11,0.149,COMPRESSION,12,987.0,38,20,BEAR_REJECTION_PENDING,SHORT,64.1,CONVICTION,FAVORABLE,0.7376,FALLING
2026-08-28,AMPG,6.0,0.005,0.011,COMPRESSION,1,432.0,0.13,0.29,MINOR,14,54.0,21,22,BULL_BOUNCE_PENDING,LONG,58.8,MARGINAL,FAVORABLE,0.4479,NEUTRAL
2026-08-28,SHMD,6.0,0.008,0.016,COMPRESSION,1,1224.0,0.0034,0.007,MINOR,1,388.0,9,5,BEAR_REJECTION_PENDING,SHORT,50.0,MARGINAL,FAVORABLE,0.5096,FALLING
2026-08-28,VUZI,6.0,0.04,0.163,COMPRESSION,5,1069.0,0.02,0.081,COMPRESSION,3,1031.0,30,8,BULL_BOUNCE_PENDING,LONG,51.4,MARGINAL,FAVORABLE,0.2461,FALLING
2026-08-28,GRAF,6.0,0.3,6.993,MINOR,31,217.0,0.02,0.466,COMPRESSION,2,46.0,3,25,BULL_BOUNCE_PENDING,LONG,63.1,CONVICTION,FAVORABLE,0.0429,NEUTRAL
2026-08-28,QMCO,6.0,0.99,0.378,COMPRESSION,99,210.0,0.34,0.13,MINOR,34,621.0,29,32,BULL_BOUNCE,LONG,55.0,MARGINAL,FAVORABLE,2.6164,NEUTRAL
2026-08-28,ULCC,6.0,0.1,0.337,COMPRESSION,11,1076.0,0.19,0.64,COMPRESSION,19,1361.0,48,20,BEAR_REJECTION_PENDING,SHORT,54.2,MARGINAL,FAVORABLE,0.2971,FALLING
2026-08-28,VLN,6.0,0.06,0.49,COMPRESSION,7,802.0,0.02,0.163,MINOR,3,214.0,11,31,BULL_BOUNCE_CONFIRMED,LONG,66.0,CONVICTION,FAVORABLE,0.1225,NEUTRAL
2026-08-28,TMHC,6.0,0.4,2.732,MINOR,41,141.0,13.03,89.003,CONVICTION,1303,127.0,2,32,BULL_BOUNCE_PENDING,LONG,59.6,MARGINAL,FAVORABLE,0.1464,RISING
2026-08-28,VELO,6.0,0.385,0.295,COMPRESSION,39,4.0,0.99,0.759,COMPRESSION,99,415.0,34,30,BEAR_REJECTION_PENDING,SHORT,64.3,CONVICTION,FAVORABLE,1.305,FALLING
2026-08-28,PAVS,6.0,0.03,0.054,MINOR,3,879.0,0.01,0.018,MINOR,1,355.0,25,27,BUY_LOWER_DIRTY,LONG,51.0,MARGINAL,FAVORABLE,0.5597,NEUTRAL
2026-08-28,DGXX,6.0,0.005,0.018,MINOR,1,310.0,0.03,0.106,COMPRESSION,3,74.0,28,30,BULL_BOUNCE,LONG,69.0,CONVICTION,FAVORABLE,0.2832,NEUTRAL
2026-08-28,UPST,6.0,0.0896,0.056,MINOR,9,856.0,0.275,0.172,COMPRESSION,28,837.0,13,42,BEAR_REJECTION_PENDING,SHORT,40.0,MARGINAL,FAVORABLE,1.5948,FALLING
2026-08-28,RARE,6.0,0.06,0.049,COMPRESSION,7,4.0,0.1,0.081,COMPRESSION,10,868.0,29,20,BULL_BOUNCE_PENDING,LONG,68.0,CONVICTION,FAVORABLE,1.2281,NEUTRAL
2026-08-28,UMAC,6.0,0.83,0.269,COMPRESSION,83,110.0,0.4,0.13,MINOR,40,726.0,21,28,BULL_BOUNCE_PENDING,LONG,73.8,CONVICTION,FAVORABLE,3.0862,NEUTRAL
2026-08-28,AMZE,6.0,0.0031,0.132,COMPRESSION,1,953.0,0.0002,0.009,MINOR,1,59.0,35,2,DOUBLE_REJECTION_LONG,LONG,71.0,CONVICTION,FAVORABLE,0.0234,FALLING
2026-08-28,PGY,6.0,0.03,0.026,COMPRESSION,4,181.0,0.52,0.455,COMPRESSION,52,142.0,13,34,BULL_BOUNCE_PENDING,LONG,67.0,CONVICTION,FAVORABLE,1.1425,RISING
2026-08-28,INGM,6.0,0.84,1.017,COMPRESSION,84,92.0,0.08,0.097,COMPRESSION,8,7.0,21,49,BEAR_REJECTION_PENDING,SHORT,40.0,MARGINAL,FAVORABLE,0.8263,RISING
2026-08-28,ZENA,6.0,0.03,0.158,COMPRESSION,3,582.0,0.06,0.316,COMPRESSION,7,952.0,21,17,BULL_BOUNCE_PENDING,LONG,53.0,MARGINAL,FAVORABLE,0.1896,NEUTRAL
2026-08-28,OUST,6.0,1.055,0.296,CONVICTION,106,176.0,0.365,0.102,COMPRESSION,37,49.0,21,32,BEAR_REJECTION_PENDING,SHORT,68.3,CONVICTION,FAVORABLE,3.5615,NEUTRAL
2026-08-28,BTQ,6.0,0.05,0.175,COMPRESSION,5,811.0,0.04,0.14,COMPRESSION,5,757.0,26,20,BEAR_REJECTION_PENDING,SHORT,55.3,MARGINAL,FAVORABLE,0.2855,FALLING
2026-08-28,WOLF,6.0,2.59,0.932,VACUUM,259,57.0,0.29,0.104,MINOR,29,402.0,51,29,BEAR_REJECTION_PENDING,SHORT,84.0,CONVICTION,FAVORABLE,2.7782,FALLING
2026-08-28,PLAY,6.0,0.15,0.313,COMPRESSION,15,509.0,0.005,0.01,MINOR,1,49.0,30,11,BEAR_REJECTION_PENDING,SHORT,53.2,MARGINAL,FAVORABLE,0.4785,RISING
2026-08-28,EWTX,6.0,0.09,0.042,MINOR,10,196.0,2.62,1.231,CONVICTION,262,722.0,38,55,BULL_BOUNCE_PENDING,LONG,89.0,CONVICTION,FAVORABLE,2.1282,RISING
2026-08-28,MRAM,6.0,1.33,0.897,CONVICTION,133,718.0,0.5,0.337,COMPRESSION,50,156.0,37,28,BULL_BOUNCE_PENDING,LONG,63.6,CONVICTION,FAVORABLE,1.4825,FALLING
2026-08-28,PTCT,6.0,0.58,0.281,COMPRESSION,58,42.0,0.76,0.368,MINOR,77,425.0,58,37,BULL_BOUNCE_PENDING,LONG,75.5,CONVICTION,FAVORABLE,2.0629,NEUTRAL
2026-08-28,OPTX,6.0,0.15,0.201,MINOR,16,800.0,0.06,0.08,MINOR,7,206.0,24,22,SHORT_UPPER_DIRTY,SHORT,47.7,MARGINAL,FAVORABLE,0.7472,RISING
2026-08-28,ASST,6.0,1.2,0.802,CONVICTION,120,513.0,0.95,0.635,COMPRESSION,95,406.0,5,21,BULL_BOUNCE_PENDING,LONG,95.5,CONVICTION,FAVORABLE,1.4954,RISING
2026-08-28,GCTS,6.0,0.01,0.055,COMPRESSION,2,419.0,0.11,0.602,COMPRESSION,12,471.0,32,13,BULL_BOUNCE,LONG,65.0,CONVICTION,FAVORABLE,0.1828,NEUTRAL
2026-08-28,UPC,6.0,0.01,0.015,MINOR,1,1166.0,0.0744,0.111,MINOR,8,502.0,22,1,BULL_BOUNCE_PENDING,LONG,70.5,CONVICTION,FAVORABLE,0.6705,NEUTRAL
2026-08-28,NN,6.0,0.3,0.204,COMPRESSION,31,863.0,0.09,0.061,COMPRESSION,9,1196.0,38,21,CHANNEL_BREAKOUT,LONG,47.0,MARGINAL,FAVORABLE,1.4684,FALLING
2026-08-28,DXYZ,6.0,0.02,0.008,COMPRESSION,2,195.0,0.48,0.201,COMPRESSION,49,1178.0,5,50,BEAR_REJECTION_PENDING,SHORT,44.1,MARGINAL,FAVORABLE,2.3857,RISING
2026-08-28,SERV,6.0,0.03,0.083,COMPRESSION,4,143.0,0.06,0.167,MINOR,6,82.0,14,13,BEAR_REJECTION_PENDING,SHORT,56.1,MARGINAL,FAVORABLE,0.3599,RISING
2026-08-28,BAND,6.0,0.3,0.093,COMPRESSION,30,29.0,0.46,0.142,COMPRESSION,47,868.0,17,88,BULL_BOUNCE_PENDING,LONG,68.0,CONVICTION,FAVORABLE,3.2295,NEUTRAL
2026-08-28,MNTS,6.0,0.07,0.244,COMPRESSION,8,1145.0,0.17,0.594,COMPRESSION,17,1472.0,49,21,BEAR_REJECTION_PENDING,SHORT,52.4,MARGINAL,FAVORABLE,0.2864,NEUTRAL
2026-08-28,XNDU,6.0,0.5,0.859,COMPRESSION,50,29.0,0.43,0.739,COMPRESSION,43,988.0,49,41,BEAR_REJECTION_PENDING,SHORT,52.1,MARGINAL,FAVORABLE,0.5819,RISING
2026-08-28,NUWE,6.0,0.0084,0.075,MINOR,1,10.0,0.02,0.179,COMPRESSION,3,10.0,5,21,BULL_BOUNCE_PENDING,LONG,56.0,MARGINAL,FAVORABLE,0.1116,NEUTRAL
2026-08-28,MRLN,6.0,0.005,0.015,COMPRESSION,1,475.0,0.07,0.205,COMPRESSION,8,475.0,15,11,BULL_BOUNCE_CONFIRMED,LONG,84.0,CONVICTION,FAVORABLE,0.3413,RISING
2026-08-28,FLY,6.0,0.81,0.469,COMPRESSION,81,615.0,0.04,0.023,MINOR,4,588.0,48,22,BULL_BOUNCE_PENDING,LONG,47.5,MARGINAL,FAVORABLE,1.7284,RISING
2026-08-28,SOAR,6.0,0.0379,1.071,COMPRESSION,4,847.0,0.0011,0.031,MINOR,1,714.0,17,3,BULL_BOUNCE_PENDING,LONG,70.3,CONVICTION,FAVORABLE,0.0354,RISING
2026-08-28,ALTO,6.0,0.005,0.024,MINOR,1,146.0,0.015,0.071,MINOR,2,24.0,34,8,BULL_BOUNCE_PENDING,LONG,67.0,CONVICTION,FAVORABLE,0.2112,RISING
2026-08-28,RDGT,6.0,0.0049,0.031,COMPRESSION,1,1322.0,0.0477,0.306,COMPRESSION,5,1230.0,11,18,BULL_BOUNCE_PENDING,LONG,55.1,MARGINAL,FAVORABLE,0.1559,NEUTRAL
2026-08-28,AEVA,6.0,0.57,0.285,COMPRESSION,58,831.0,0.11,0.055,COMPRESSION,12,954.0,54,39,BEAR_REJECTION_PENDING,SHORT,50.0,MARGINAL,FAVORABLE,2.0027,FALLING
2026-08-28,NCRA,6.0,0.01,0.047,MINOR,2,615.0,0.02,0.094,MINOR,3,112.0,16,4,BEAR_REJECTION_PENDING,SHORT,51.4,MARGINAL,FAVORABLE,0.2135,NEUTRAL
2026-08-28,BIAF,6.0,0.03,0.034,MINOR,4,253.0,,,,,,34,0,BEAR_REJECTION_PENDING,SHORT,46.8,MARGINAL,FAVORABLE,0.8913,RISING
2026-08-28,AAOZ,6.0,6.38,2.798,CONVICTION,639,195.0,1.49,0.654,CONVICTION,150,560.0,6,64,BEAR_REJECTION_PENDING,SHORT,82.8,CONVICTION,FAVORABLE,2.2799,RISING
2026-08-28,AGL,6.0,4.41,0.67,VACUUM,441,664.0,1.39,0.211,CONVICTION,140,428.0,24,33,BULL_BOUNCE_PENDING,LONG,53.0,MARGINAL,FAVORABLE,6.583,NEUTRAL
2026-08-28,ABNB,6.0,0.21,0.039,COMPRESSION,21,155.0,0.62,0.115,COMPRESSION,63,341.0,37,27,BULL_BOUNCE_PENDING,LONG,52.0,MARGINAL,FAVORABLE,5.3975,RISING
2026-08-28,ALHC,6.0,0.3,0.478,COMPRESSION,30,659.0,0.07,0.112,COMPRESSION,8,308.0,20,31,DCB_BREAKOUT,LONG,41.0,MARGINAL,FAVORABLE,0.6271,RISING
2026-08-28,APA,6.0,0.43,0.273,COMPRESSION,43,168.0,0.61,0.387,COMPRESSION,61,949.0,28,56,BULL_BOUNCE_PENDING,LONG,64.0,CONVICTION,FAVORABLE,1.5776,FALLING
2026-08-28,APTV,6.0,0.2,0.137,COMPRESSION,21,521.0,0.01,0.007,MINOR,1,57.0,67,6,BEAR_REJECTION_PENDING,SHORT,50.0,MARGINAL,FAVORABLE,1.465,FALLING
2026-08-28,ASH,6.0,6.68,3.93,CONVICTION,668,914.0,4.83,2.842,CONVICTION,483,149.0,16,29,BULL_BOUNCE_PENDING,LONG,74.0,CONVICTION,FAVORABLE,1.6996,RISING
2026-08-28,ARKG,6.0,0.05,0.029,MINOR,6,22.0,1.7,0.983,CONVICTION,171,915.0,18,68,BULL_BOUNCE_PENDING,LONG,53.0,MARGINAL,FAVORABLE,1.7293,RISING
2026-08-28,AUGO,6.0,1.98,0.49,CONVICTION,199,902.0,0.98,0.242,COMPRESSION,99,1250.0,22,55,BULL_BOUNCE_PENDING,LONG,49.2,MARGINAL,FAVORABLE,4.0441,RISING
2026-08-28,ASTX,6.0,0.04,0.024,MINOR,4,917.0,0.0528,0.032,MINOR,6,1228.0,13,4,BULL_BOUNCE_PENDING,LONG,58.7,MARGINAL,FAVORABLE,1.6603,FALLING
2026-08-28,AVAV,6.0,0.61,0.063,COMPRESSION,61,364.0,0.68,0.07,COMPRESSION,69,418.0,72,59,BULL_BOUNCE_PENDING,LONG,67.0,CONVICTION,FAVORABLE,9.6998,FALLING
2026-08-28,AVNT,6.0,0.2,0.157,COMPRESSION,20,43.0,1.05,0.825,CONVICTION,106,127.0,30,45,BULL_BOUNCE,LONG,73.3,CONVICTION,FAVORABLE,1.2732,NEUTRAL
2026-08-28,AXON,6.0,66.6,2.055,CONVICTION,6661,464.0,20.02,0.618,CONVICTION,2002,1038.0,29,24,BUY_LOWER_DIRTY,LONG,62.2,CONVICTION,FAVORABLE,32.4105,NEUTRAL
2026-08-28,BIO,6.0,0.28,0.026,MINOR,28,86.0,4.06,0.384,CONVICTION,407,150.0,26,59,BULL_BOUNCE,LONG,80.7,CONVICTION,FAVORABLE,10.5839,RISING
2026-08-28,BXSL,6.0,0.04,0.104,COMPRESSION,4,538.0,0.04,0.104,COMPRESSION,4,141.0,30,62,BULL_BOUNCE,LONG,71.0,CONVICTION,FAVORABLE,0.3835,RISING
2026-08-28,CAI,6.0,0.06,0.044,COMPRESSION,7,4.0,0.15,0.11,COMPRESSION,16,532.0,36,16,BULL_BOUNCE_PENDING,LONG,71.9,CONVICTION,FAVORABLE,1.3689,RISING
2026-08-28,CELH,6.0,1.335,0.775,CONVICTION,134,262.0,0.085,0.049,COMPRESSION,9,922.0,42,27,BEAR_REJECTION_PENDING,SHORT,67.3,CONVICTION,FAVORABLE,1.7222,RISING
2026-08-28,CENX,6.0,0.57,0.2,COMPRESSION,58,402.0,0.47,0.165,MINOR,47,1267.0,30,44,BULL_BOUNCE_PENDING,LONG,65.6,CONVICTION,FAVORABLE,2.8531,FALLING
2026-08-28,CEVA,6.0,1.46,0.687,CONVICTION,147,1054.0,0.1,0.047,COMPRESSION,11,980.0,46,41,BULL_BOUNCE_PENDING,LONG,56.0,MARGINAL,FAVORABLE,2.1252,FALLING
2026-08-28,COHX,6.0,0.15,0.027,COMPRESSION,15,396.0,1.865,0.341,CONVICTION,187,75.0,33,32,BULL_BOUNCE_PENDING,LONG,87.6,CONVICTION,FAVORABLE,5.4738,FALLING
2026-08-28,CONL,6.0,0.58,0.959,COMPRESSION,59,500.0,0.285,0.471,COMPRESSION,29,305.0,28,13,BULL_BOUNCE_PENDING,LONG,76.4,CONVICTION,FAVORABLE,0.6049,RISING
2026-08-28,CRGY,6.0,0.14,0.295,MINOR,15,1174.0,0.22,0.463,COMPRESSION,22,1241.0,36,62,BULL_BOUNCE,LONG,67.0,CONVICTION,FAVORABLE,0.4753,RISING
2026-08-28,CTRI,6.0,0.04,0.045,COMPRESSION,4,95.0,0.19,0.214,COMPRESSION,20,582.0,48,24,BULL_BOUNCE_PENDING,LONG,41.0,MARGINAL,FAVORABLE,0.8859,FALLING
2026-08-28,CVSA,6.0,,,,,,0.5,0.094,COMPRESSION,50,557.0,0,89,BULL_BOUNCE_PENDING,LONG,54.0,MARGINAL,FAVORABLE,5.3371,RISING
2026-08-28,DIOD,6.0,1.82,0.306,CONVICTION,183,150.0,4.79,0.804,CONVICTION,479,438.0,57,34,BULL_BOUNCE_PENDING,LONG,71.8,CONVICTION,FAVORABLE,5.9559,NEUTRAL
2026-08-28,DOCU,6.0,0.91,0.34,COMPRESSION,92,1350.0,1.6,0.598,CONVICTION,161,1120.0,8,63,BULL_BOUNCE_CONFIRMED,LONG,91.7,CONVICTION,FAVORABLE,2.6739,RISING
2026-08-28,DKS,6.0,36.97,3.411,CONVICTION,3697,777.0,0.0305,0.003,COMPRESSION,4,329.0,18,26,BEAR_REJECTION_PENDING,SHORT,77.0,CONVICTION,FAVORABLE,10.8374,FALLING
2026-08-28,DUOL,6.0,0.25,0.033,MINOR,25,702.0,3.75,0.493,CONVICTION,375,497.0,19,52,BULL_BOUNCE_PENDING,LONG,70.0,CONVICTION,FAVORABLE,7.6054,RISING
2026-08-28,ESNT,6.0,0.02,0.017,MINOR,3,36.0,0.16,0.137,COMPRESSION,16,483.0,1,75,BULL_BOUNCE_PENDING,LONG,65.5,CONVICTION,FAVORABLE,1.1696,NEUTRAL
2026-08-28,ERO,6.0,0.0198,0.011,MINOR,2,81.0,0.12,0.064,COMPRESSION,12,53.0,21,70,BULL_BOUNCE_PENDING,LONG,98.0,CONVICTION,FAVORABLE,1.8657,RISING
2026-08-28,FIVE,6.0,3.86,0.417,CONVICTION,387,264.0,2.0,0.216,CONVICTION,200,1128.0,85,76,BEAR_REJECTION_PENDING,SHORT,72.0,CONVICTION,FAVORABLE,9.2579,NEUTRAL
2026-08-28,FLR,6.0,0.01,0.005,MINOR,1,346.0,0.05,0.023,COMPRESSION,5,156.0,22,62,BULL_BOUNCE_PENDING,LONG,62.9,CONVICTION,FAVORABLE,2.1475,NEUTRAL
2026-08-28,FRVO,6.0,0.05,0.025,COMPRESSION,6,305.0,0.01,0.005,MINOR,1,137.0,53,11,BEAR_REJECTION_PENDING,SHORT,50.0,MARGINAL,FAVORABLE,2.0061,FALLING
2026-08-28,FSK,6.0,0.17,0.633,COMPRESSION,17,256.0,0.08,0.298,MINOR,9,96.0,16,53,BULL_BOUNCE_CONFIRMED,LONG,76.5,CONVICTION,FAVORABLE,0.2684,RISING
2026-08-28,FUN,6.0,0.44,0.622,COMPRESSION,45,977.0,0.13,0.184,COMPRESSION,13,1266.0,31,14,BULL_BOUNCE_PENDING,LONG,51.7,MARGINAL,FAVORABLE,0.7075,FALLING
2026-08-28,GH,6.0,0.11,0.016,MINOR,12,88.0,9.64,1.401,CONVICTION,965,527.0,11,33,BULL_BOUNCE,LONG,65.0,CONVICTION,FAVORABLE,6.8825,NEUTRAL
2026-08-28,GKOS,6.0,0.325,0.053,MINOR,33,438.0,1.94,0.316,CONVICTION,194,728.0,29,34,BULL_BOUNCE_PENDING,LONG,70.0,CONVICTION,FAVORABLE,6.1368,NEUTRAL
2026-08-28,GFS,6.0,1.03,0.447,CONVICTION,103,253.0,0.06,0.026,COMPRESSION,7,447.0,76,8,BULL_BOUNCE_PENDING,LONG,56.0,MARGINAL,FAVORABLE,2.3064,FALLING
2026-08-28,HONA,6.0,0.13,0.019,COMPRESSION,13,233.0,0.1794,0.026,MINOR,18,1.0,54,12,BEAR_REJECTION_PENDING,SHORT,78.7,CONVICTION,FAVORABLE,7.0199,FALLING
2026-08-28,GTLB,6.0,0.45,0.219,COMPRESSION,46,314.0,1.0,0.488,CONVICTION,100,513.0,4,58,BULL_BOUNCE_PENDING,LONG,54.0,MARGINAL,FAVORABLE,2.0511,NEUTRAL
2026-08-28,HALO,6.0,0.14,0.05,COMPRESSION,15,60.0,0.375,0.134,MINOR,38,595.0,12,37,BULL_BOUNCE,LONG,75.0,CONVICTION,FAVORABLE,2.7976,RISING
2026-08-28,HNGE,6.0,0.01,0.002,MINOR,2,79.0,1.11,0.269,CONVICTION,111,202.0,5,52,BULL_BOUNCE_PENDING,LONG,87.1,CONVICTION,FAVORABLE,4.124,NEUTRAL
2026-08-28,IDCC,6.0,0.93,0.082,COMPRESSION,94,194.0,1.335,0.118,CONVICTION,134,861.0,49,38,BULL_BOUNCE_PENDING,LONG,51.0,MARGINAL,FAVORABLE,11.3239,NEUTRAL
2026-08-28,HUM,6.0,0.52,0.042,MINOR,52,455.0,8.74,0.713,CONVICTION,874,1435.0,18,37,BULL_BOUNCE_PENDING,LONG,55.4,MARGINAL,FAVORABLE,12.2641,NEUTRAL
2026-08-28,IRE,6.0,0.7,0.419,COMPRESSION,70,940.0,0.01,0.006,COMPRESSION,1,1398.0,17,4,BULL_BOUNCE_PENDING,LONG,43.0,MARGINAL,FAVORABLE,1.6715,FALLING
2026-08-28,KALU,6.0,6.028,0.75,CONVICTION,603,1288.0,1.07,0.133,CONVICTION,107,11.0,62,50,BULL_BOUNCE_PENDING,LONG,67.4,CONVICTION,FAVORABLE,8.0397,FALLING
2026-08-28,KGS,6.0,0.16,0.06,COMPRESSION,17,189.0,0.46,0.172,COMPRESSION,47,1155.0,35,27,BULL_BOUNCE_PENDING,LONG,79.1,CONVICTION,FAVORABLE,2.6816,RISING
2026-08-28,KRMN,6.0,0.47,0.149,COMPRESSION,47,1034.0,1.23,0.391,CONVICTION,124,809.0,30,7,BULL_BOUNCE_PENDING,LONG,47.0,MARGINAL,FAVORABLE,3.1448,FALLING
2026-08-28,KSS,6.0,0.135,0.137,COMPRESSION,14,485.0,2.11,2.139,CONVICTION,211,1475.0,5,29,BULL_BOUNCE_PENDING,LONG,58.0,MARGINAL,FAVORABLE,0.9866,RISING
2026-08-28,LEU,6.0,0.71,0.059,MINOR,72,1384.0,1.56,0.13,CONVICTION,157,1432.0,22,28,BULL_BOUNCE_PENDING,LONG,47.0,MARGINAL,FAVORABLE,11.9594,RISING
2026-08-28,MAIN,6.0,0.3,0.34,COMPRESSION,30,809.0,0.4,0.453,COMPRESSION,41,671.0,31,71,BULL_BOUNCE_PENDING,LONG,60.4,CONVICTION,FAVORABLE,0.8835,RISING
2026-08-28,MIRM,6.0,0.66,0.196,COMPRESSION,66,555.0,0.835,0.248,COMPRESSION,84,481.0,28,48,BEAR_REJECTION_PENDING,SHORT,72.9,CONVICTION,FAVORABLE,3.3611,NEUTRAL
2026-08-28,MTZ,6.0,1.27,0.087,CONVICTION,127,578.0,3.0,0.206,CONVICTION,300,858.0,49,18,BULL_BOUNCE_PENDING,LONG,67.4,CONVICTION,FAVORABLE,14.5283,FALLING
2026-08-28,MUZ,6.0,1.02,0.929,CONVICTION,102,632.0,0.61,0.555,COMPRESSION,62,316.0,28,67,BEAR_REJECTION_PENDING,SHORT,74.6,CONVICTION,FAVORABLE,1.0982,RISING
2026-08-28,NASA,6.0,0.45,0.487,COMPRESSION,45,62.0,0.36,0.39,MINOR,36,17.0,77,53,BEAR_REJECTION_PENDING,SHORT,58.0,MARGINAL,FAVORABLE,0.9233,RISING
2026-08-28,NICE,6.0,17.858,5.127,CONVICTION,1786,153.0,0.65,0.187,COMPRESSION,66,645.0,9,84,BEAR_REJECTION_PENDING,SHORT,73.0,CONVICTION,FAVORABLE,3.4829,RISING
2026-08-28,NBIZ,6.0,0.01,0.005,MINOR,1,1004.0,0.24,0.13,COMPRESSION,24,44.0,12,48,BULL_BOUNCE_PENDING,LONG,52.0,MARGINAL,FAVORABLE,1.8437,RISING
2026-08-28,NRGV,6.0,0.005,0.016,MINOR,1,987.0,0.07,0.22,COMPRESSION,8,747.0,12,17,BULL_BOUNCE_PENDING,LONG,64.9,CONVICTION,FAVORABLE,0.3175,RISING
2026-08-28,OC,6.0,1.35,0.316,CONVICTION,135,669.0,1.54,0.36,CONVICTION,155,976.0,61,41,BULL_BOUNCE_PENDING,LONG,81.8,CONVICTION,FAVORABLE,4.2773,FALLING
2026-08-28,OLLI,6.0,0.64,0.226,COMPRESSION,65,296.0,0.31,0.11,COMPRESSION,32,619.0,52,14,BULL_BOUNCE_PENDING,LONG,71.0,CONVICTION,FAVORABLE,2.8307,RISING
2026-08-28,OKLL,6.0,0.01,0.024,COMPRESSION,1,225.0,0.005,0.012,MINOR,1,38.0,18,11,BULL_BOUNCE_PENDING,LONG,55.3,MARGINAL,FAVORABLE,0.4196,RISING
2026-08-28,OMDA,6.0,0.005,0.005,MINOR,1,179.0,1.165,1.194,CONVICTION,117,1469.0,8,22,BULL_BOUNCE_PENDING,LONG,58.2,MARGINAL,FAVORABLE,0.9756,NEUTRAL
2026-08-28,PGNY,6.0,0.25,0.273,COMPRESSION,25,770.0,0.06,0.065,COMPRESSION,6,302.0,43,17,BULL_BOUNCE_PENDING,LONG,56.5,MARGINAL,FAVORABLE,0.9166,NEUTRAL
2026-08-28,QNST,6.0,0.04,0.047,COMPRESSION,4,392.0,,,,,,61,0,BEAR_REJECTION_PENDING,SHORT,53.9,MARGINAL,FAVORABLE,0.8474,NEUTRAL
2026-08-28,OSCR,6.0,0.0176,0.01,MINOR,2,60.0,0.41,0.23,COMPRESSION,42,23.0,45,27,BUY_LOWER_DIRTY,LONG,49.0,MARGINAL,FAVORABLE,1.7826,NEUTRAL
2026-08-28,RCEL,6.0,0.12,0.155,MINOR,12,87.0,0.03,0.039,COMPRESSION,3,223.0,26,28,BULL_BOUNCE,LONG,69.0,CONVICTION,FAVORABLE,0.772,NEUTRAL
2026-08-28,RDNT,6.0,0.54,0.18,COMPRESSION,55,914.0,0.645,0.214,COMPRESSION,65,309.0,18,32,BEAR_REJECTION_PENDING,SHORT,50.2,MARGINAL,FAVORABLE,3.0072,NEUTRAL
2026-08-28,RDDT,6.0,0.05,0.006,MINOR,6,177.0,0.79,0.088,COMPRESSION,80,51.0,48,38,BULL_BOUNCE,LONG,60.7,CONVICTION,FAVORABLE,9.0024,FALLING
2026-08-28,ROAD,6.0,0.54,0.12,COMPRESSION,54,451.0,0.63,0.14,COMPRESSION,63,816.0,39,66,BEAR_REJECTION_PENDING,SHORT,56.0,MARGINAL,FAVORABLE,4.5082,FALLING
2026-08-28,RKLX,6.0,0.87,0.334,COMPRESSION,88,1331.0,0.21,0.081,COMPRESSION,22,30.0,41,13,BULL_BOUNCE,LONG,66.6,CONVICTION,FAVORABLE,2.6075,FALLING
2026-08-28,SMCX,6.0,0.23,0.137,COMPRESSION,23,121.0,1.63,0.967,CONVICTION,164,1129.0,24,19,BULL_BOUNCE_PENDING,LONG,95.1,CONVICTION,FAVORABLE,1.6849,FALLING
2026-08-28,SNDQ,6.0,1.0,0.32,VACUUM,100,1136.0,1.93,0.618,CONVICTION,193,593.0,12,51,BULL_BOUNCE_PENDING,LONG,57.0,MARGINAL,FAVORABLE,3.1227,RISING
2026-08-28,SPAL,6.0,0.051,0.031,MINOR,6,86.0,0.405,0.244,COMPRESSION,41,408.0,27,52,BULL_BOUNCE_PENDING,LONG,52.0,MARGINAL,FAVORABLE,1.6569,RISING
2026-08-28,SPAX,6.0,0.02,0.02,COMPRESSION,2,309.0,0.245,0.245,COMPRESSION,25,436.0,32,52,BULL_BOUNCE_PENDING,LONG,64.8,CONVICTION,FAVORABLE,0.9991,FALLING
2026-08-28,SPCF,6.0,0.02,0.012,MINOR,2,1204.0,0.14,0.085,COMPRESSION,15,33.0,11,58,BULL_BOUNCE_PENDING,LONG,62.6,CONVICTION,FAVORABLE,1.6518,FALLING
2026-08-28,SPCH,6.0,0.01,0.01,MINOR,1,67.0,0.05,0.05,COMPRESSION,5,45.0,15,26,BULL_BOUNCE_PENDING,LONG,49.9,MARGINAL,FAVORABLE,0.9926,RISING
2026-08-28,TEM,6.0,1.945,0.392,CONVICTION,195,1308.0,0.17,0.034,COMPRESSION,18,331.0,4,52,BEAR_REJECTION_PENDING,SHORT,55.9,MARGINAL,FAVORABLE,4.968,RISING
2026-08-28,TNDM,6.0,0.06,0.055,MINOR,6,487.0,0.32,0.293,COMPRESSION,33,620.0,69,8,BULL_BOUNCE_PENDING,LONG,79.0,CONVICTION,FAVORABLE,1.0906,FALLING
2026-08-28,TSLL,6.0,0.002,0.003,MINOR,1,820.0,0.01,0.017,COMPRESSION,2,583.0,11,31,BULL_BOUNCE,LONG,65.0,CONVICTION,FAVORABLE,0.6043,NEUTRAL
2026-08-28,TTWO,6.0,1.94,0.237,CONVICTION,194,282.0,0.77,0.094,COMPRESSION,78,894.0,73,24,BULL_BOUNCE_PENDING,LONG,63.9,CONVICTION,FAVORABLE,8.1913,FALLING
2026-08-28,TXG,6.0,0.8727,0.216,MINOR,88,3.0,1.47,0.364,CONVICTION,147,858.0,18,29,BULL_BOUNCE_PENDING,LONG,86.6,CONVICTION,FAVORABLE,4.0395,RISING
2026-08-28,TWST,6.0,1.9502,0.202,VACUUM,196,7.0,0.36,0.037,COMPRESSION,36,475.0,5,32,BULL_BOUNCE,LONG,60.3,CONVICTION,FAVORABLE,9.6421,NEUTRAL
2026-08-28,ULTA,6.0,58.42,3.317,CONVICTION,5843,850.0,4.8,0.272,CONVICTION,481,918.0,28,39,BULL_BOUNCE_PENDING,LONG,64.5,CONVICTION,FAVORABLE,17.6147,RISING
2026-08-28,VATE,6.0,0.12,0.129,COMPRESSION,13,13.0,0.231,0.249,MINOR,24,385.0,22,30,CHANNEL_RECLAIM_LONG,LONG,53.0,MARGINAL,FAVORABLE,0.9279,NEUTRAL
2026-08-28,VISN,6.0,4.511,10.944,VACUUM,452,324.0,0.1,0.243,MINOR,10,15.0,9,1,BEAR_REJECTION_PENDING,SHORT,71.9,CONVICTION,FAVORABLE,0.4122,FALLING
2026-08-28,VSXY,6.0,0.78,0.187,COMPRESSION,78,767.0,1.67,0.401,CONVICTION,168,861.0,46,62,BULL_BOUNCE_PENDING,LONG,63.4,CONVICTION,FAVORABLE,4.1606,NEUTRAL
2026-08-28,VOYG,6.0,0.52,0.205,COMPRESSION,52,970.0,5.48,2.161,CONVICTION,548,301.0,39,8,BULL_BOUNCE_PENDING,LONG,85.0,CONVICTION,FAVORABLE,2.536,FALLING
2026-08-28,VSH,6.0,0.03,0.016,COMPRESSION,4,61.0,0.42,0.221,COMPRESSION,43,396.0,39,15,BEAR_REJECTION_PENDING,SHORT,50.0,MARGINAL,FAVORABLE,1.9014,FALLING
2026-08-28,WTS,6.0,0.74,0.095,COMPRESSION,75,304.0,1.07,0.138,CONVICTION,108,669.0,32,55,BEAR_REJECTION_PENDING,SHORT,50.0,MARGINAL,FAVORABLE,7.7813,NEUTRAL
2026-08-28,XMTR,6.0,0.235,0.052,COMPRESSION,24,573.0,1.19,0.265,CONVICTION,120,590.0,25,78,BULL_BOUNCE_PENDING,LONG,66.0,CONVICTION,FAVORABLE,4.4966,NEUTRAL
2026-08-28,ADM,6.0,0.18,0.073,COMPRESSION,18,600.0,0.28,0.114,COMPRESSION,29,1273.0,32,21,BEAR_REJECTION_PENDING,SHORT,64.2,CONVICTION,FAVORABLE,2.465,NEUTRAL
2026-08-28,ABCL,6.0,0.06,0.054,MINOR,7,12.0,0.01,0.009,MINOR,1,77.0,28,26,BULL_BOUNCE_PENDING,LONG,55.0,MARGINAL,FAVORABLE,1.1104,NEUTRAL
2026-08-28,ADSK,6.0,0.11,0.011,COMPRESSION,11,673.0,5.4,0.55,CONVICTION,541,731.0,9,38,BULL_BOUNCE_PENDING,LONG,80.0,CONVICTION,FAVORABLE,9.8186,RISING
2026-08-28,AKAM,6.0,0.65,0.125,COMPRESSION,66,81.0,0.42,0.081,COMPRESSION,43,629.0,45,26,BULL_BOUNCE_PENDING,LONG,77.7,CONVICTION,FAVORABLE,5.1973,NEUTRAL
2026-08-28,ANF,6.0,,,,,,19.2,2.317,CONVICTION,1921,1374.0,0,10,BULL_BOUNCE_PENDING,LONG,79.0,CONVICTION,FAVORABLE,8.2851,RISING
2026-08-28,AGQ,6.0,9.76,2.069,CONVICTION,976,786.0,1.4,0.297,CONVICTION,141,1304.0,23,54,BULL_BOUNCE_PENDING,LONG,75.6,CONVICTION,FAVORABLE,4.717,RISING
2026-08-28,APO,6.0,1.94,0.45,CONVICTION,194,782.0,1.205,0.279,CONVICTION,121,498.0,49,55,BULL_BOUNCE_PENDING,LONG,75.5,CONVICTION,FAVORABLE,4.3151,FALLING
2026-08-28,ARQT,6.0,0.4,0.415,MINOR,40,1331.0,0.24,0.249,COMPRESSION,25,101.0,37,25,BULL_BOUNCE,LONG,63.3,CONVICTION,FAVORABLE,0.9627,FALLING
2026-08-28,AR,6.0,1.49,1.318,CONVICTION,149,56.0,1.92,1.698,CONVICTION,193,1202.0,6,72,BEAR_REJECTION_PENDING,SHORT,68.7,CONVICTION,FAVORABLE,1.1306,RISING
2026-08-28,ARTW,6.0,0.06,0.175,MINOR,7,756.0,0.0201,0.059,MINOR,3,172.0,31,12,BULL_BOUNCE_PENDING,LONG,53.9,MARGINAL,FAVORABLE,0.3425,NEUTRAL
2026-08-28,BILL,6.0,0.69,0.305,MINOR,69,23.0,0.98,0.434,COMPRESSION,98,394.0,19,36,BULL_BOUNCE_PENDING,LONG,67.0,CONVICTION,FAVORABLE,2.2592,NEUTRAL
2026-08-28,BIRK,6.0,1.25,0.597,CONVICTION,125,1261.0,0.34,0.162,MINOR,34,496.0,27,6,BULL_BOUNCE,LONG,55.0,MARGINAL,FAVORABLE,2.0937,FALLING
2026-08-28,BLLN,6.0,36.91,7.486,CONVICTION,3691,954.0,0.68,0.138,COMPRESSION,68,979.0,18,33,BULL_BOUNCE_PENDING,LONG,64.0,CONVICTION,FAVORABLE,4.9306,RISING
2026-08-28,BMRN,6.0,0.13,0.062,COMPRESSION,14,196.0,0.415,0.199,COMPRESSION,42,163.0,29,52,BULL_BOUNCE,LONG,59.0,MARGINAL,FAVORABLE,2.0897,FALLING
2026-08-28,BRKR,6.0,0.1,0.04,COMPRESSION,10,1291.0,1.07,0.43,CONVICTION,108,189.0,21,43,BULL_BOUNCE_PENDING,LONG,77.7,CONVICTION,FAVORABLE,2.4868,FALLING
2026-08-28,BSP,6.0,1.3,0.282,CONVICTION,131,212.0,0.04,0.009,COMPRESSION,4,975.0,25,53,BULL_BOUNCE_PENDING,LONG,85.8,CONVICTION,FAVORABLE,4.6037,RISING
2026-08-28,BR,6.0,1.31,0.258,CONVICTION,131,1120.0,3.69,0.728,CONVICTION,369,1390.0,18,62,BULL_BOUNCE_PENDING,LONG,73.5,CONVICTION,FAVORABLE,5.0698,RISING
2026-08-28,BRZE,6.0,0.36,0.211,COMPRESSION,36,374.0,1.08,0.633,CONVICTION,109,553.0,7,44,BULL_BOUNCE_PENDING,LONG,54.0,MARGINAL,FAVORABLE,1.7064,RISING
2026-08-28,BZ,6.0,0.2,0.209,COMPRESSION,20,1405.0,0.48,0.501,COMPRESSION,49,760.0,26,21,BULL_BOUNCE_PENDING,LONG,78.0,CONVICTION,FAVORABLE,0.9589,RISING
2026-08-28,BTU,6.0,1.53,1.303,CONVICTION,154,396.0,0.19,0.162,COMPRESSION,20,502.0,14,67,BULL_BOUNCE_PENDING,LONG,62.9,CONVICTION,FAVORABLE,1.1743,RISING
2026-08-28,BWET,6.0,9.558,0.261,CONVICTION,956,422.0,7.24,0.197,CONVICTION,725,143.0,41,25,BULL_BOUNCE_PENDING,LONG,77.0,CONVICTION,FAVORABLE,36.6715,RISING
2026-08-28,CAKE,6.0,0.48,0.105,COMPRESSION,49,302.0,0.9,0.197,COMPRESSION,90,750.0,39,50,BUY_LOWER_DIRTY,LONG,51.8,MARGINAL,FAVORABLE,4.5799,NEUTRAL
2026-08-28,CF,6.0,7.62,1.526,CONVICTION,763,59.0,8.06,1.614,CONVICTION,806,1421.0,28,94,BULL_BOUNCE_PENDING,LONG,48.0,MARGINAL,FAVORABLE,4.9945,RISING
2026-08-28,CHYM,6.0,0.001,0.001,MINOR,1,24.0,0.04,0.031,COMPRESSION,4,1343.0,2,29,BULL_BOUNCE,LONG,69.0,CONVICTION,FAVORABLE,1.2979,RISING
2026-08-28,CLOU,6.0,0.11,0.137,COMPRESSION,11,13.0,0.33,0.412,COMPRESSION,33,1184.0,3,64,BULL_BOUNCE_PENDING,LONG,71.4,CONVICTION,FAVORABLE,0.8004,NEUTRAL
2026-08-28,CNR,6.0,0.58,0.175,COMPRESSION,58,198.0,1.36,0.411,CONVICTION,136,642.0,7,104,BEAR_REJECTION_PENDING,SHORT,54.8,MARGINAL,FAVORABLE,3.3056,RISING
2026-08-28,CRC,6.0,0.3,0.19,COMPRESSION,31,2.0,0.51,0.323,COMPRESSION,52,631.0,31,55,BEAR_REJECTION_PENDING,SHORT,51.5,MARGINAL,FAVORABLE,1.5778,FALLING
2026-08-28,CRL,6.0,0.09,0.009,MINOR,9,135.0,26.39,2.651,CONVICTION,2640,1204.0,27,36,BULL_BOUNCE_PENDING,LONG,67.0,CONVICTION,FAVORABLE,9.953,RISING
2026-08-28,CVLT,6.0,2.765,0.485,CONVICTION,277,164.0,1.69,0.297,CONVICTION,169,422.0,23,94,BEAR_REJECTION_PENDING,SHORT,62.7,CONVICTION,FAVORABLE,5.6975,NEUTRAL
2026-08-28,DDOG,6.0,2.0,0.142,VACUUM,200,1473.0,9.33,0.663,CONVICTION,934,289.0,29,60,BEAR_REJECTION_PENDING,SHORT,56.0,MARGINAL,FAVORABLE,14.0739,FALLING
2026-08-28,DDS,6.0,26.34,0.862,CONVICTION,2635,1127.0,7.37,0.241,CONVICTION,738,27.0,23,58,BULL_BOUNCE,LONG,80.8,CONVICTION,FAVORABLE,30.5507,RISING
2026-08-28,DNTH,6.0,0.095,0.02,MINOR,10,382.0,0.88,0.189,MINOR,89,1415.0,11,15,BULL_BOUNCE_PENDING,LONG,54.0,MARGINAL,FAVORABLE,4.6493,NEUTRAL
2026-08-28,DT,6.0,0.17,0.085,MINOR,17,178.0,0.19,0.095,COMPRESSION,20,750.0,12,57,BULL_BOUNCE_PENDING,LONG,88.4,CONVICTION,FAVORABLE,2.0064,RISING
2026-08-28,DOCN,6.0,0.29,0.032,COMPRESSION,30,309.0,5.64,0.626,VACUUM,564,48.0,22,61,BULL_BOUNCE_PENDING,LONG,65.7,CONVICTION,FAVORABLE,9.005,FALLING
2026-08-28,EXE,6.0,1.17,0.474,CONVICTION,118,489.0,0.02,0.008,COMPRESSION,2,186.0,26,68,BULL_BOUNCE_CONFIRMED,LONG,79.0,CONVICTION,FAVORABLE,2.4673,RISING
2026-08-28,FANG,6.0,4.0,0.694,CONVICTION,400,64.0,2.54,0.441,CONVICTION,255,718.0,50,69,BEAR_REJECTION_PENDING,SHORT,78.3,CONVICTION,FAVORABLE,5.7628,FALLING
2026-08-28,FOUR,6.0,0.29,0.1,COMPRESSION,29,459.0,0.58,0.2,COMPRESSION,58,1068.0,54,34,BULL_BOUNCE_PENDING,LONG,81.8,CONVICTION,FAVORABLE,2.9038,RISING
2026-08-28,FTI,6.0,0.77,0.304,COMPRESSION,77,47.0,0.25,0.099,COMPRESSION,25,1221.0,18,49,BULL_BOUNCE_PENDING,LONG,59.5,MARGINAL,FAVORABLE,2.531,NEUTRAL
2026-08-28,FSLY,6.0,0.31,0.135,COMPRESSION,31,14.0,0.79,0.345,MINOR,79,213.0,38,33,BULL_BOUNCE_PENDING,LONG,72.7,CONVICTION,FAVORABLE,2.2915,FALLING
2026-08-28,FSM,6.0,0.2565,0.518,MINOR,26,293.0,0.11,0.222,COMPRESSION,11,595.0,2,71,BULL_BOUNCE_PENDING,LONG,51.0,MARGINAL,FAVORABLE,0.4954,RISING
2026-08-28,GAP,6.0,0.11,0.16,COMPRESSION,12,881.0,0.02,0.029,COMPRESSION,2,839.0,26,22,BULL_BOUNCE_PENDING,LONG,80.8,CONVICTION,FAVORABLE,0.6882,RISING
2026-08-28,GLOB,6.0,0.8,0.339,COMPRESSION,81,326.0,0.26,0.11,MINOR,27,162.0,41,37,BULL_BOUNCE_PENDING,LONG,62.0,CONVICTION,FAVORABLE,2.3592,RISING
2026-08-28,GMED,6.0,0.34,0.141,COMPRESSION,35,1057.0,1.57,0.653,CONVICTION,157,236.0,56,11,BULL_BOUNCE_PENDING,LONG,88.7,CONVICTION,FAVORABLE,2.4039,RISING
2026-08-28,HP,6.0,0.56,0.35,COMPRESSION,56,37.0,1.05,0.656,CONVICTION,105,1093.0,13,40,BULL_BOUNCE_PENDING,LONG,93.0,CONVICTION,FAVORABLE,1.6011,FALLING
2026-08-28,HCC,6.0,0.225,0.044,MINOR,23,113.0,0.5,0.098,COMPRESSION,50,71.0,14,67,BULL_BOUNCE_PENDING,LONG,71.1,CONVICTION,FAVORABLE,5.1199,FALLING
2026-08-28,IMAX,6.0,0.41,0.195,MINOR,41,79.0,0.65,0.309,COMPRESSION,65,664.0,23,49,BULL_BOUNCE_PENDING,LONG,72.0,CONVICTION,FAVORABLE,2.1023,NEUTRAL
2026-08-28,HUBS,6.0,3.2,0.223,CONVICTION,320,1071.0,7.27,0.508,CONVICTION,727,463.0,9,69,BULL_BOUNCE_PENDING,LONG,60.0,CONVICTION,FAVORABLE,14.3197,RISING
2026-08-28,IT,6.0,0.1,0.011,COMPRESSION,10,814.0,0.46,0.053,COMPRESSION,47,12.0,34,51,BULL_BOUNCE_PENDING,LONG,63.3,CONVICTION,FAVORABLE,8.7157,RISING
2026-08-28,HYMC,6.0,1.58,0.834,CONVICTION,159,845.0,2.63,1.388,CONVICTION,263,26.0,26,35,BULL_BOUNCE_PENDING,LONG,83.1,CONVICTION,FAVORABLE,1.8947,RISING
2026-08-28,KVYO,6.0,0.09,0.075,MINOR,9,424.0,0.48,0.401,COMPRESSION,49,669.0,10,46,BULL_BOUNCE_PENDING,LONG,54.0,MARGINAL,FAVORABLE,1.1963,RISING
2026-08-28,LLY,6.0,7.16,0.183,CONVICTION,717,45.0,52.48,1.338,CONVICTION,5248,61.0,48,30,BULL_BOUNCE_PENDING,LONG,81.0,CONVICTION,FAVORABLE,39.2289,NEUTRAL
2026-08-28,LYB,6.0,0.03,0.015,COMPRESSION,4,857.0,1.33,0.661,CONVICTION,133,1014.0,49,64,BULL_BOUNCE_CONFIRMED,LONG,68.5,CONVICTION,FAVORABLE,2.0132,RISING
2026-08-28,LABU,6.0,2.95,0.127,VACUUM,295,238.0,28.52,1.231,CONVICTION,2852,348.0,29,74,BULL_BOUNCE_PENDING,LONG,60.0,CONVICTION,FAVORABLE,23.1751,NEUTRAL
2026-08-28,MNDY,6.0,3.24,0.524,CONVICTION,324,932.0,0.53,0.086,COMPRESSION,54,896.0,5,58,BEAR_REJECTION_PENDING,SHORT,57.4,MARGINAL,FAVORABLE,6.1854,RISING
2026-08-28,MTDR,6.0,0.57,0.295,COMPRESSION,58,268.0,0.27,0.14,COMPRESSION,28,416.0,22,104,BULL_BOUNCE_PENDING,LONG,62.0,CONVICTION,FAVORABLE,1.9342,RISING
2026-08-28,MPC,6.0,1.4619,0.122,VACUUM,147,94.0,0.52,0.044,COMPRESSION,53,21.0,6,57,BULL_BOUNCE_PENDING,LONG,61.9,CONVICTION,FAVORABLE,11.9377,NEUTRAL
2026-08-28,MSTZ,6.0,0.0899,0.07,MINOR,9,209.0,0.24,0.187,COMPRESSION,24,1146.0,18,20,BULL_BOUNCE_PENDING,LONG,73.8,CONVICTION,FAVORABLE,1.2862,FALLING
2026-08-28,MUR,6.0,0.29,0.211,COMPRESSION,29,510.0,0.1,0.073,COMPRESSION,11,150.0,53,65,BULL_BOUNCE_PENDING,LONG,78.1,CONVICTION,FAVORABLE,1.3753,RISING
2026-08-28,MUSA,6.0,5.75,0.293,CONVICTION,575,330.0,1.11,0.057,CONVICTION,111,684.0,61,21,BULL_BOUNCE_PENDING,LONG,71.3,CONVICTION,FAVORABLE,19.6025,FALLING
2026-08-28,NE,6.0,1.0,0.715,CONVICTION,100,911.0,0.25,0.179,MINOR,25,471.0,14,103,BULL_BOUNCE_PENDING,LONG,58.5,MARGINAL,FAVORABLE,1.3989,FALLING
2026-08-28,NOV,6.0,0.04,0.057,MINOR,4,78.0,0.24,0.342,COMPRESSION,24,820.0,22,60,BULL_BOUNCE_PENDING,LONG,67.0,CONVICTION,FAVORABLE,0.7009,NEUTRAL
2026-08-28,NET,6.0,3.99,0.237,CONVICTION,399,156.0,5.4,0.321,CONVICTION,541,544.0,39,44,BULL_BOUNCE_PENDING,LONG,60.0,CONVICTION,FAVORABLE,16.8241,NEUTRAL
2026-08-28,NOG,6.0,0.42,0.447,COMPRESSION,42,130.0,0.15,0.16,COMPRESSION,15,548.0,43,54,BULL_BOUNCE_PENDING,LONG,64.1,CONVICTION,FAVORABLE,0.9396,RISING
2026-08-28,NSIT,6.0,0.26,0.051,COMPRESSION,26,292.0,0.46,0.09,MINOR,46,241.0,9,70,BEAR_REJECTION_PENDING,SHORT,61.0,CONVICTION,FAVORABLE,5.1145,NEUTRAL
2026-08-28,NVD,6.0,0.44,1.709,COMPRESSION,44,368.0,0.0083,0.032,MINOR,1,4.0,15,12,CHANNEL_BREAKOUT,LONG,57.0,MARGINAL,FAVORABLE,0.2575,RISING
2026-08-28,OIH,6.0,0.38,0.036,COMPRESSION,38,7.0,4.48,0.427,CONVICTION,449,528.0,35,96,BULL_BOUNCE_PENDING,LONG,51.0,MARGINAL,FAVORABLE,10.4921,FALLING
2026-08-28,OVV,6.0,0.54,0.306,COMPRESSION,54,169.0,0.29,0.165,COMPRESSION,29,287.0,30,65,BULL_BOUNCE_PENDING,LONG,63.5,CONVICTION,FAVORABLE,1.7624,RISING
2026-08-28,ORA,6.0,0.88,0.269,COMPRESSION,88,258.0,0.15,0.046,COMPRESSION,15,1358.0,72,46,BULL_BOUNCE_PENDING,LONG,47.0,MARGINAL,FAVORABLE,3.2768,NEUTRAL
2026-08-28,REPL,6.0,0.02,0.018,MINOR,3,224.0,0.02,0.018,MINOR,2,660.0,18,11,BULL_BOUNCE_PENDING,LONG,55.0,MARGINAL,FAVORABLE,1.0904,NEUTRAL
2026-08-28,RBRK,6.0,0.0297,0.005,MINOR,3,230.0,0.75,0.124,COMPRESSION,75,733.0,23,31,BULL_BOUNCE_PENDING,LONG,92.4,CONVICTION,FAVORABLE,6.0407,FALLING
2026-08-28,RMD,6.0,2.79,0.434,CONVICTION,279,607.0,1.93,0.301,VACUUM,194,96.0,38,52,BULL_BOUNCE,LONG,77.2,CONVICTION,FAVORABLE,6.4223,RISING
2026-08-28,SHAZ,6.0,0.48,0.074,COMPRESSION,49,487.0,0.61,0.094,COMPRESSION,61,480.0,46,21,BEAR_REJECTION_PENDING,SHORT,65.0,CONVICTION,FAVORABLE,6.4642,FALLING
2026-08-28,SM,6.0,0.59,0.387,COMPRESSION,60,44.0,0.2,0.131,COMPRESSION,21,686.0,19,69,SHORT_UPPER_DIRTY,SHORT,41.6,MARGINAL,FAVORABLE,1.5242,NEUTRAL
2026-08-28,SMMT,6.0,0.008,0.008,MINOR,1,380.0,0.19,0.196,COMPRESSION,19,521.0,40,27,BULL_BOUNCE_PENDING,LONG,48.0,MARGINAL,FAVORABLE,0.97,RISING
2026-08-28,SNXX,6.0,1.97,0.877,CONVICTION,198,671.0,1.13,0.503,CONVICTION,114,941.0,36,11,BULL_BOUNCE_PENDING,LONG,83.7,CONVICTION,FAVORABLE,2.2456,FALLING
2026-08-28,SNDU,6.0,2.91,0.828,CONVICTION,291,739.0,1.82,0.518,CONVICTION,183,860.0,64,17,BULL_BOUNCE_PENDING,LONG,85.3,CONVICTION,FAVORABLE,3.5139,FALLING
2026-08-28,SOXS,6.0,0.68,0.171,MINOR,68,848.0,4.24,1.067,CONVICTION,425,865.0,19,48,BULL_BOUNCE_PENDING,LONG,96.1,CONVICTION,FAVORABLE,3.9746,RISING
2026-08-28,SPOT,6.0,9.67,0.456,CONVICTION,967,262.0,5.72,0.27,CONVICTION,573,86.0,40,53,BULL_BOUNCE,LONG,83.8,CONVICTION,FAVORABLE,21.186,RISING
2026-08-28,STKH,6.0,0.19,0.169,MINOR,19,555.0,0.0001,0.0,COMPRESSION,1,504.0,15,16,BULL_BOUNCE,LONG,55.0,MARGINAL,FAVORABLE,1.1234,NEUTRAL
2026-08-28,TARS,6.0,0.64,0.248,COMPRESSION,65,1148.0,0.5,0.194,MINOR,50,11.0,19,44,BEAR_REJECTION_PENDING,SHORT,50.7,MARGINAL,FAVORABLE,2.577,RISING
2026-08-28,TDW,6.0,0.41,0.125,COMPRESSION,41,193.0,1.47,0.447,CONVICTION,147,938.0,20,77,BEAR_REJECTION_PENDING,SHORT,52.4,MARGINAL,FAVORABLE,3.2868,FALLING
2026-08-28,SVM,6.0,1.13,1.706,CONVICTION,113,169.0,0.2,0.302,COMPRESSION,21,633.0,3,58,BEAR_REJECTION_PENDING,SHORT,68.8,CONVICTION,FAVORABLE,0.6623,RISING
2026-08-28,TME,6.0,0.05,0.127,COMPRESSION,5,872.0,0.005,0.013,MINOR,1,172.0,20,11,BULL_BOUNCE_PENDING,LONG,51.0,MARGINAL,FAVORABLE,0.3925,FALLING
2026-08-28,TMDX,6.0,0.47,0.129,MINOR,47,11.0,2.15,0.59,CONVICTION,215,1417.0,31,47,BULL_BOUNCE,LONG,69.0,CONVICTION,FAVORABLE,3.6437,RISING
2026-08-28,VAL,6.0,0.79,0.241,MINOR,80,179.0,1.22,0.373,CONVICTION,122,637.0,49,50,BULL_BOUNCE_PENDING,LONG,86.1,CONVICTION,FAVORABLE,3.2743,FALLING
2026-08-28,WFRD,6.0,1.04,0.315,CONVICTION,105,1166.0,1.0,0.303,CONVICTION,100,681.0,18,65,BULL_BOUNCE_PENDING,LONG,86.4,CONVICTION,FAVORABLE,3.2968,FALLING
2026-08-28,UCO,6.0,0.75,0.383,MINOR,75,605.0,1.685,0.86,CONVICTION,169,704.0,53,54,BULL_BOUNCE_PENDING,LONG,64.1,CONVICTION,FAVORABLE,1.9601,NEUTRAL
2026-08-28,VSAT,6.0,0.55,0.144,COMPRESSION,55,194.0,3.72,0.974,CONVICTION,372,738.0,76,45,BULL_BOUNCE_PENDING,LONG,67.0,CONVICTION,FAVORABLE,3.8198,RISING
2026-08-28,WHD,6.0,1.26,0.584,CONVICTION,127,471.0,0.5,0.232,COMPRESSION,50,968.0,32,66,BULL_BOUNCE_PENDING,LONG,72.8,CONVICTION,FAVORABLE,2.1582,FALLING
2026-08-28,WYHG,6.0,0.055,0.036,MINOR,6,380.0,0.1224,0.079,MINOR,13,175.0,35,24,BULL_BOUNCE,LONG,63.0,CONVICTION,FAVORABLE,1.5478,NEUTRAL
2026-08-28,XHLD,6.0,0.0899,0.067,MINOR,9,266.0,0.15,0.112,MINOR,16,24.0,13,1,BULL_BOUNCE,LONG,69.0,CONVICTION,FAVORABLE,1.3376,NEUTRAL
2026-08-28,XOP,6.0,0.18,0.042,COMPRESSION,19,161.0,3.08,0.716,CONVICTION,309,1260.0,27,100,BULL_BOUNCE_PENDING,LONG,69.9,CONVICTION,FAVORABLE,4.302,RISING
2026-08-28,ZS,6.0,0.25,0.027,COMPRESSION,25,575.0,8.81,0.942,CONVICTION,882,517.0,6,42,BEAR_REJECTION_PENDING,SHORT,62.2,CONVICTION,FAVORABLE,9.3562,NEUTRAL
2026-08-28,BLDR,6.0,0.57,0.187,COMPRESSION,58,126.0,0.16,0.053,MINOR,16,97.0,40,14,BEAR_REJECTION_PENDING,SHORT,60.3,CONVICTION,FAVORABLE,3.0471,RISING
2026-08-28,DAVE,6.0,44.19,2.349,CONVICTION,4419,400.0,2.37,0.126,CONVICTION,238,921.0,14,75,BULL_BOUNCE,LONG,68.1,CONVICTION,FAVORABLE,18.8158,NEUTRAL
2026-08-28,PNR,6.0,0.42,0.217,COMPRESSION,43,758.0,1.01,0.523,VACUUM,101,18.0,33,3,BEAR_REJECTION_PENDING,SHORT,71.5,CONVICTION,FAVORABLE,1.9311,FALLING
2026-08-28,REZI,6.0,2.19,1.466,CONVICTION,220,1136.0,1.56,1.044,CONVICTION,157,475.0,16,19,BULL_BOUNCE_PENDING,LONG,86.9,CONVICTION,FAVORABLE,1.4943,RISING
2026-08-28,CECO,6.0,1.1525,0.236,VACUUM,116,815.0,0.025,0.005,COMPRESSION,3,161.0,32,35,BULL_BOUNCE,LONG,53.0,MARGINAL,FAVORABLE,4.8922,FALLING
2026-08-28,APPF,6.0,2.15,0.25,CONVICTION,216,593.0,0.34,0.039,COMPRESSION,35,368.0,6,73,BEAR_REJECTION_PENDING,SHORT,68.6,CONVICTION,FAVORABLE,8.6159,RISING
2026-08-28,ARES,6.0,1.3,0.28,CONVICTION,130,855.0,0.86,0.185,COMPRESSION,86,945.0,55,59,BULL_BOUNCE_PENDING,LONG,65.3,CONVICTION,FAVORABLE,4.6386,NEUTRAL
2026-08-28,BCO,6.0,0.71,0.207,COMPRESSION,71,372.0,0.9,0.262,COMPRESSION,91,397.0,46,47,BULL_BOUNCE_PENDING,LONG,83.5,CONVICTION,FAVORABLE,3.432,RISING
2026-08-28,BAM,6.0,0.14,0.107,COMPRESSION,15,17.0,0.45,0.342,COMPRESSION,46,618.0,61,64,BULL_BOUNCE,LONG,75.0,CONVICTION,FAVORABLE,1.3141,RISING
2026-08-28,BCRX,6.0,0.01,0.022,COMPRESSION,1,30.0,0.06,0.131,COMPRESSION,7,1143.0,21,28,BULL_BOUNCE_PENDING,LONG,60.8,CONVICTION,FAVORABLE,0.4568,NEUTRAL
2026-08-28,BEPC,6.0,0.09,0.095,COMPRESSION,9,199.0,0.99,1.047,CONVICTION,100,778.0,48,14,BULL_BOUNCE_PENDING,LONG,54.4,MARGINAL,FAVORABLE,0.9459,FALLING
2026-08-28,BSY,6.0,0.02,0.014,COMPRESSION,2,1237.0,0.07,0.049,COMPRESSION,8,75.0,16,45,BULL_BOUNCE_PENDING,LONG,63.5,CONVICTION,FAVORABLE,1.4236,RISING
2026-08-28,BETA,6.0,0.12,0.06,COMPRESSION,13,1203.0,0.04,0.02,COMPRESSION,4,1322.0,26,19,BULL_BOUNCE_PENDING,LONG,79.8,CONVICTION,FAVORABLE,1.9902,FALLING
2026-08-28,CACI,6.0,3.36,0.176,CONVICTION,337,161.0,27.17,1.423,CONVICTION,2717,1282.0,45,41,BULL_BOUNCE_PENDING,LONG,65.7,CONVICTION,FAVORABLE,19.0965,NEUTRAL
2026-08-28,BX,6.0,0.44,0.106,COMPRESSION,44,751.0,0.12,0.029,COMPRESSION,13,13.0,29,65,BULL_BOUNCE_PENDING,LONG,63.7,CONVICTION,FAVORABLE,4.1657,RISING
2026-08-28,CHTR,6.0,1.06,0.14,CONVICTION,106,47.0,1.97,0.261,CONVICTION,197,999.0,42,38,BEAR_REJECTION_PENDING,SHORT,78.2,CONVICTION,FAVORABLE,7.5546,RISING
2026-08-28,DPC,6.0,1.31,0.374,CONVICTION,132,983.0,0.48,0.137,COMPRESSION,48,105.0,36,18,BEAR_REJECTION_PENDING,SHORT,73.0,CONVICTION,FAVORABLE,3.4995,FALLING
2026-08-28,DK,6.0,0.02,0.005,MINOR,2,54.0,0.06,0.015,COMPRESSION,7,673.0,2,51,BULL_BOUNCE_PENDING,LONG,68.1,CONVICTION,FAVORABLE,4.0134,NEUTRAL
2026-08-28,EMR,6.0,0.96,0.28,COMPRESSION,97,214.0,0.8,0.233,COMPRESSION,81,450.0,30,37,BULL_BOUNCE_PENDING,LONG,68.0,CONVICTION,FAVORABLE,3.4303,NEUTRAL
2026-08-28,EIX,6.0,0.19,0.085,COMPRESSION,19,1319.0,0.15,0.067,COMPRESSION,15,305.0,15,61,BEAR_REJECTION_PENDING,SHORT,79.0,CONVICTION,FAVORABLE,2.2351,FALLING
2026-08-28,DPZ,6.0,4.12,0.386,CONVICTION,413,165.0,1.45,0.136,CONVICTION,145,600.0,81,37,BULL_BOUNCE_PENDING,LONG,53.5,MARGINAL,FAVORABLE,10.6868,RISING
2026-08-28,EXPE,6.0,0.07,0.006,COMPRESSION,7,450.0,8.68,0.739,CONVICTION,869,488.0,74,32,BULL_BOUNCE,LONG,72.9,CONVICTION,FAVORABLE,11.7414,NEUTRAL
2026-08-28,FRPT,6.0,0.61,0.238,COMPRESSION,61,1222.0,4.22,1.648,CONVICTION,422,889.0,37,32,BULL_BOUNCE_PENDING,LONG,68.5,CONVICTION,FAVORABLE,2.5611,NEUTRAL
2026-08-28,FLUT,6.0,7.255,1.607,CONVICTION,726,181.0,0.375,0.083,MINOR,38,22.0,71,25,BUY_LOWER_DIRTY,LONG,46.6,MARGINAL,FAVORABLE,4.5151,RISING
2026-08-28,FORM,6.0,3.53,0.413,CONVICTION,354,150.0,13.73,1.608,CONVICTION,1373,646.0,24,38,BEAR_REJECTION_PENDING,SHORT,56.0,MARGINAL,FAVORABLE,8.5399,FALLING
2026-08-28,FTAI,6.0,2.09,0.198,CONVICTION,209,411.0,3.85,0.364,CONVICTION,385,1140.0,55,25,BULL_BOUNCE_PENDING,LONG,83.6,CONVICTION,FAVORABLE,10.5693,FALLING
2026-08-28,GDS,6.0,1.01,0.63,CONVICTION,101,474.0,0.1963,0.122,MINOR,20,125.0,33,38,BEAR_REJECTION_PENDING,SHORT,70.7,CONVICTION,FAVORABLE,1.6039,FALLING
2026-08-28,GEO,6.0,0.1,0.083,COMPRESSION,10,239.0,0.11,0.091,COMPRESSION,11,390.0,6,50,BULL_BOUNCE_PENDING,LONG,72.4,CONVICTION,FAVORABLE,1.2118,NEUTRAL
2026-08-28,GNRC,6.0,2.64,0.296,CONVICTION,264,345.0,0.07,0.008,COMPRESSION,7,659.0,73,22,BULL_BOUNCE_PENDING,LONG,90.8,CONVICTION,FAVORABLE,8.9321,FALLING
2026-08-28,IBP,6.0,2.12,0.226,VACUUM,213,125.0,5.86,0.624,CONVICTION,586,1159.0,39,18,BULL_BOUNCE_PENDING,LONG,52.0,MARGINAL,FAVORABLE,9.3855,NEUTRAL
2026-08-28,HLNE,6.0,1.23,0.337,CONVICTION,124,458.0,0.87,0.239,COMPRESSION,88,459.0,7,62,BEAR_REJECTION_PENDING,SHORT,63.9,CONVICTION,FAVORABLE,3.6448,NEUTRAL
2026-08-28,KKR,6.0,0.41,0.103,COMPRESSION,41,60.0,0.8,0.201,COMPRESSION,80,1226.0,52,24,BEAR_REJECTION_PENDING,SHORT,73.8,CONVICTION,FAVORABLE,3.9821,RISING
2026-08-28,LBRDK,6.0,0.27,0.156,COMPRESSION,28,1024.0,0.655,0.378,MINOR,66,1261.0,7,22,BULL_BOUNCE_PENDING,LONG,73.4,CONVICTION,FAVORABLE,1.7313,RISING
2026-08-28,LTH,6.0,1.298,1.195,VACUUM,130,710.0,0.18,0.166,COMPRESSION,18,455.0,32,49,BULL_BOUNCE_PENDING,LONG,46.0,MARGINAL,FAVORABLE,1.0861,NEUTRAL
2026-08-28,KOPN,6.0,0.115,0.291,COMPRESSION,12,176.0,0.52,1.314,COMPRESSION,52,145.0,30,27,BEAR_REJECTION_PENDING,SHORT,48.8,MARGINAL,FAVORABLE,0.3957,NEUTRAL
2026-08-28,MDGL,6.0,1.66,0.082,CONVICTION,166,892.0,10.73,0.53,CONVICTION,1074,937.0,6,67,BEAR_REJECTION_PENDING,SHORT,46.0,MARGINAL,FAVORABLE,20.2382,FALLING
2026-08-28,MELI,6.0,3.18,0.044,CONVICTION,319,95.0,4.02,0.056,CONVICTION,402,11.0,19,52,BEAR_REJECTION_PENDING,SHORT,80.6,CONVICTION,FAVORABLE,72.3461,RISING
2026-08-28,NWL,6.0,0.06,0.238,COMPRESSION,6,186.0,0.31,1.23,COMPRESSION,32,17.0,21,28,BULL_BOUNCE_PENDING,LONG,65.7,CONVICTION,FAVORABLE,0.2521,FALLING
2026-08-28,OLED,6.0,0.38,0.118,COMPRESSION,39,72.0,0.26,0.081,COMPRESSION,27,522.0,86,30,BULL_BOUNCE_PENDING,LONG,73.5,CONVICTION,FAVORABLE,3.2288,FALLING
2026-08-28,NBIG,6.0,0.27,0.077,COMPRESSION,27,387.0,0.31,0.088,COMPRESSION,31,1415.0,59,15,BULL_BOUNCE_PENDING,LONG,65.4,CONVICTION,FAVORABLE,3.519,FALLING
2026-08-28,NEBX,6.0,0.38,0.072,COMPRESSION,38,370.0,0.42,0.08,COMPRESSION,43,1409.0,60,15,BULL_BOUNCE_PENDING,LONG,53.0,MARGINAL,FAVORABLE,5.2574,FALLING
2026-08-28,PBF,6.0,0.52,0.125,COMPRESSION,53,649.0,2.23,0.538,CONVICTION,223,597.0,66,27,BULL_BOUNCE_PENDING,LONG,63.9,CONVICTION,FAVORABLE,4.1438,NEUTRAL
2026-08-28,PLAG,6.0,0.0202,0.023,MINOR,3,301.0,0.02,0.023,COMPRESSION,3,1448.0,20,21,CHANNEL_RECLAIM_LONG,LONG,53.0,MARGINAL,FAVORABLE,0.8798,NEUTRAL
2026-08-28,PSX,6.0,0.07,0.009,MINOR,7,104.0,0.05,0.007,COMPRESSION,5,293.0,6,53,BULL_BOUNCE_PENDING,LONG,60.0,CONVICTION,FAVORABLE,7.4143,NEUTRAL
2026-08-28,RRR,6.0,0.46,0.291,COMPRESSION,47,139.0,0.26,0.165,COMPRESSION,27,1354.0,72,12,BEAR_REJECTION_PENDING,SHORT,63.5,CONVICTION,FAVORABLE,1.58,FALLING
2026-08-28,RPD,6.0,0.05,0.044,COMPRESSION,6,1413.0,1.11,0.971,CONVICTION,112,409.0,29,53,BULL_BOUNCE_PENDING,LONG,100.0,CONVICTION,FAVORABLE,1.1435,NEUTRAL
2026-08-28,SEZL,6.0,36.18,5.268,CONVICTION,3618,463.0,1.83,0.266,VACUUM,183,55.0,26,65,BULL_BOUNCE_PENDING,LONG,71.2,CONVICTION,FAVORABLE,6.868,NEUTRAL
2026-08-28,SION,6.0,40.4,10.227,CONVICTION,4040,692.0,0.01,0.003,MINOR,1,732.0,20,26,BEAR_REJECTION_PENDING,SHORT,79.0,CONVICTION,FAVORABLE,3.9505,RISING
2026-08-28,SKUU,6.0,0.635,0.251,COMPRESSION,64,432.0,2.32,0.916,CONVICTION,233,639.0,89,13,BULL_BOUNCE_PENDING,LONG,86.2,CONVICTION,FAVORABLE,2.5325,RISING
2026-08-28,SNK,6.0,0.16,0.077,COMPRESSION,17,40.0,0.68,0.328,COMPRESSION,68,1213.0,47,20,BULL_BOUNCE_PENDING,LONG,72.8,CONVICTION,FAVORABLE,2.0743,RISING
2026-08-28,SPCG,6.0,0.13,0.061,COMPRESSION,14,60.0,0.67,0.313,COMPRESSION,67,1379.0,43,35,BULL_BOUNCE_PENDING,LONG,80.8,CONVICTION,FAVORABLE,2.141,RISING
2026-08-28,SRPT,6.0,0.01,0.009,MINOR,2,340.0,0.12,0.104,MINOR,13,480.0,5,44,BULL_BOUNCE_PENDING,LONG,68.2,CONVICTION,FAVORABLE,1.1547,RISING
2026-08-28,STEP,6.0,0.66,0.284,MINOR,66,855.0,0.71,0.306,COMPRESSION,72,1139.0,24,63,BULL_BOUNCE_PENDING,LONG,69.0,CONVICTION,FAVORABLE,2.3214,RISING
2026-08-28,SSPC,6.0,0.09,0.071,COMPRESSION,9,37.0,0.38,0.299,COMPRESSION,39,1258.0,35,28,BULL_BOUNCE_PENDING,LONG,74.7,CONVICTION,FAVORABLE,1.2726,RISING
2026-08-28,STIM,6.0,0.02,0.062,COMPRESSION,3,68.0,0.395,1.232,COMPRESSION,40,760.0,42,8,BULL_BOUNCE_PENDING,LONG,76.0,CONVICTION,FAVORABLE,0.3207,NEUTRAL
2026-08-28,THO,6.0,1.76,0.773,CONVICTION,176,1078.0,0.46,0.202,COMPRESSION,46,446.0,53,15,BEAR_REJECTION_PENDING,SHORT,61.8,CONVICTION,FAVORABLE,2.2762,NEUTRAL
2026-08-28,SW,6.0,0.48,0.345,COMPRESSION,49,93.0,0.42,0.302,COMPRESSION,43,804.0,44,35,BULL_BOUNCE_PENDING,LONG,58.6,MARGINAL,FAVORABLE,1.3921,NEUTRAL
2026-08-28,TLN,6.0,0.72,0.045,COMPRESSION,73,518.0,0.285,0.018,MINOR,29,98.0,30,16,BULL_BOUNCE_PENDING,LONG,57.0,MARGINAL,FAVORABLE,16.0167,FALLING
2026-08-28,UGI,6.0,0.44,0.392,MINOR,44,450.0,0.06,0.054,COMPRESSION,6,152.0,17,51,BULL_BOUNCE_PENDING,LONG,72.9,CONVICTION,FAVORABLE,1.1211,RISING
2026-08-28,TPL,6.0,13.52,0.829,CONVICTION,1352,524.0,0.99,0.061,COMPRESSION,99,586.0,37,32,BEAR_REJECTION_PENDING,SHORT,75.1,CONVICTION,FAVORABLE,16.3106,FALLING
2026-08-28,UPWK,6.0,0.005,0.011,COMPRESSION,1,717.0,0.01,0.021,COMPRESSION,1,336.0,4,50,BULL_BOUNCE_PENDING,LONG,65.6,CONVICTION,FAVORABLE,0.4666,RISING
2026-08-28,WK,6.0,1.1,0.339,CONVICTION,110,905.0,2.5,0.771,CONVICTION,250,77.0,15,32,BULL_BOUNCE_PENDING,LONG,85.7,CONVICTION,FAVORABLE,3.241,NEUTRAL
2026-08-28,VSEC,6.0,3.95,0.359,CONVICTION,395,248.0,1.41,0.128,CONVICTION,142,18.0,69,80,BULL_BOUNCE,LONG,63.7,CONVICTION,FAVORABLE,10.9906,FALLING
2026-08-28,WHR,6.0,0.35,0.209,COMPRESSION,36,58.0,0.7,0.418,COMPRESSION,71,321.0,47,27,BULL_BOUNCE_PENDING,LONG,75.5,CONVICTION,FAVORABLE,1.6745,RISING
2026-08-28,Z,6.0,0.245,0.137,COMPRESSION,25,542.0,0.0348,0.02,MINOR,4,24.0,28,45,BULL_BOUNCE_PENDING,LONG,55.9,MARGINAL,FAVORABLE,1.7836,RISING
2026-08-28,AGIO,6.0,0.48,0.364,COMPRESSION,48,105.0,0.26,0.197,COMPRESSION,26,945.0,31,29,BULL_BOUNCE_PENDING,LONG,60.0,CONVICTION,FAVORABLE,1.3171,NEUTRAL
2026-08-28,ZLAB,6.0,0.01,0.009,COMPRESSION,1,708.0,0.4,0.346,MINOR,40,4.0,7,18,BUY_LOWER_DIRTY,LONG,65.1,CONVICTION,FAVORABLE,1.157,FALLING
2026-08-28,AMRX,6.0,0.01,0.017,MINOR,2,483.0,0.15,0.254,COMPRESSION,16,1410.0,21,44,BULL_BOUNCE_PENDING,LONG,65.7,CONVICTION,FAVORABLE,0.5908,FALLING
2026-08-28,ARCB,6.0,0.24,0.039,COMPRESSION,25,1003.0,0.58,0.093,COMPRESSION,59,1061.0,38,44,BEAR_REJECTION_PENDING,SHORT,56.0,MARGINAL,FAVORABLE,6.2276,FALLING
2026-08-28,BDX,6.0,12.25,2.985,CONVICTION,1225,373.0,2.13,0.519,CONVICTION,213,1083.0,31,60,BEAR_REJECTION_PENDING,SHORT,67.8,CONVICTION,FAVORABLE,4.1032,RISING
2026-08-28,BORR,6.0,0.03,0.124,MINOR,4,834.0,0.05,0.207,MINOR,5,220.0,8,41,BUY_LOWER_DIRTY,LONG,51.0,MARGINAL,FAVORABLE,0.2411,RISING
2026-08-28,BOXL,6.0,0.3399,0.219,MINOR,34,102.0,0.16,0.103,MINOR,17,524.0,16,30,BULL_BOUNCE_PENDING,LONG,58.5,MARGINAL,FAVORABLE,1.5529,NEUTRAL
2026-08-28,BRUN,6.0,1.09,0.491,CONVICTION,109,770.0,0.71,0.32,COMPRESSION,71,550.0,35,47,BULL_BOUNCE_PENDING,LONG,67.6,CONVICTION,FAVORABLE,2.2211,NEUTRAL
2026-08-28,CBOE,6.0,5.02,0.535,CONVICTION,502,598.0,3.88,0.413,CONVICTION,388,174.0,39,47,BEAR_REJECTION_PENDING,SHORT,69.0,CONVICTION,FAVORABLE,9.3853,RISING
2026-08-28,CELC,6.0,27.96,6.169,CONVICTION,2796,189.0,0.31,0.068,COMPRESSION,32,1123.0,44,32,BEAR_REJECTION_PENDING,SHORT,71.8,CONVICTION,FAVORABLE,4.5325,RISING
2026-08-28,BW,6.0,0.13,0.145,COMPRESSION,13,564.0,0.005,0.006,MINOR,1,181.0,38,13,CHANNEL_BREAKOUT,LONG,39.0,MARGINAL,FAVORABLE,0.8983,FALLING
2026-08-28,CLBK,6.0,0.005,0.018,MINOR,1,153.0,0.1,0.362,COMPRESSION,10,707.0,5,38,BULL_BOUNCE_PENDING,LONG,63.4,CONVICTION,FAVORABLE,0.2763,RISING
2026-08-28,CMPS,6.0,0.02,0.029,MINOR,2,106.0,0.015,0.022,COMPRESSION,2,896.0,1,43,DOUBLE_REJECTION_LONG,LONG,82.0,CONVICTION,FAVORABLE,0.6882,NEUTRAL
2026-08-28,CNC,6.0,1.6387,0.818,VACUUM,164,146.0,0.49,0.245,COMPRESSION,50,1447.0,10,23,BEAR_REJECTION_PENDING,SHORT,62.6,CONVICTION,FAVORABLE,2.0037,NEUTRAL
2026-08-28,CIEN,6.0,16.795,0.592,CONVICTION,1680,672.0,9.63,0.339,CONVICTION,963,905.0,63,35,BULL_BOUNCE_PENDING,LONG,44.5,MARGINAL,FAVORABLE,28.3742,RISING
2026-08-28,CLS,6.0,7.21,0.408,CONVICTION,721,488.0,0.8,0.045,COMPRESSION,80,1079.0,52,32,BULL_BOUNCE,LONG,59.0,MARGINAL,FAVORABLE,17.6895,FALLING
2026-08-28,COKE,6.0,3.17,0.493,CONVICTION,318,518.0,1.42,0.221,CONVICTION,143,335.0,8,45,BEAR_REJECTION_PENDING,SHORT,69.0,CONVICTION,FAVORABLE,6.4332,RISING
2026-08-28,DRI,6.0,2.56,0.421,CONVICTION,257,243.0,2.35,0.387,CONVICTION,235,246.0,95,43,BULL_BOUNCE_PENDING,LONG,79.8,CONVICTION,FAVORABLE,6.0781,NEUTRAL
2026-08-28,DHT,6.0,0.1,0.134,COMPRESSION,11,144.0,0.26,0.349,COMPRESSION,27,880.0,20,78,BUY_LOWER_DIRTY,LONG,48.4,MARGINAL,FAVORABLE,0.7451,RISING
2026-08-28,EAT,6.0,4.71,0.404,CONVICTION,472,232.0,3.56,0.305,CONVICTION,357,91.0,45,28,BULL_BOUNCE,LONG,70.0,CONVICTION,FAVORABLE,11.6628,NEUTRAL
2026-08-28,ECHO,6.0,0.395,0.136,COMPRESSION,40,182.0,0.05,0.017,MINOR,5,156.0,56,12,BEAR_REJECTION_PENDING,SHORT,62.6,CONVICTION,FAVORABLE,2.9078,FALLING
2026-08-28,ELV,6.0,39.65,4.354,CONVICTION,3965,1134.0,2.46,0.27,CONVICTION,246,850.0,25,23,BULL_BOUNCE,LONG,65.0,CONVICTION,FAVORABLE,9.107,NEUTRAL
2026-08-28,EQPT,6.0,0.04,0.033,COMPRESSION,5,44.0,0.03,0.024,COMPRESSION,4,527.0,36,8,BEAR_REJECTION_PENDING,SHORT,59.4,MARGINAL,FAVORABLE,1.2259,FALLING
2026-08-28,EROC,6.0,0.15,0.094,COMPRESSION,16,655.0,0.43,0.271,COMPRESSION,43,1120.0,44,15,BULL_BOUNCE_PENDING,LONG,73.1,CONVICTION,FAVORABLE,1.5875,FALLING
2026-08-28,EXPD,6.0,0.15,0.041,MINOR,15,30.0,0.53,0.143,COMPRESSION,54,125.0,7,76,BULL_BOUNCE_PENDING,LONG,58.0,MARGINAL,FAVORABLE,3.6941,NEUTRAL
2026-08-28,FIGR,6.0,0.06,0.022,MINOR,6,728.0,0.01,0.004,MINOR,1,609.0,19,48,BULL_BOUNCE_PENDING,LONG,68.4,CONVICTION,FAVORABLE,2.7375,NEUTRAL
2026-08-28,GDDY,6.0,0.56,0.136,COMPRESSION,56,1012.0,0.19,0.046,COMPRESSION,19,69.0,35,60,BULL_BOUNCE_PENDING,LONG,74.3,CONVICTION,FAVORABLE,4.132,RISING
2026-08-28,FRO,6.0,0.03,0.019,MINOR,4,92.0,0.05,0.032,COMPRESSION,6,1011.0,3,116,BULL_BOUNCE_PENDING,LONG,46.0,MARGINAL,FAVORABLE,1.5739,RISING
2026-08-28,GPN,6.0,0.57,0.207,COMPRESSION,57,454.0,1.67,0.607,CONVICTION,168,754.0,26,70,BULL_BOUNCE_PENDING,LONG,77.0,CONVICTION,FAVORABLE,2.7527,RISING
2026-08-28,HAE,6.0,0.87,0.243,COMPRESSION,87,70.0,12.23,3.418,CONVICTION,1224,238.0,36,42,BULL_BOUNCE_PENDING,LONG,54.0,MARGINAL,FAVORABLE,3.5778,NEUTRAL
2026-08-28,HUBG,6.0,1.91,0.83,CONVICTION,192,1338.0,0.34,0.148,COMPRESSION,34,1056.0,28,19,BULL_BOUNCE_PENDING,LONG,53.0,MARGINAL,FAVORABLE,2.3024,RISING
2026-08-28,IMVT,6.0,0.02,0.014,MINOR,3,196.0,0.03,0.021,MINOR,4,408.0,25,43,BULL_BOUNCE_PENDING,LONG,66.0,CONVICTION,FAVORABLE,1.4422,NEUTRAL
2026-08-28,IOND,6.0,,,,,,1.22,0.309,CONVICTION,122,458.0,0,69,BULL_BOUNCE_PENDING,LONG,46.8,MARGINAL,FAVORABLE,3.9488,RISING
2026-08-28,IRTC,6.0,1.49,0.254,CONVICTION,150,114.0,0.13,0.022,COMPRESSION,13,475.0,77,31,BEAR_REJECTION_PENDING,SHORT,76.5,CONVICTION,FAVORABLE,5.8625,RISING
2026-08-28,INSW,6.0,0.4206,0.117,MINOR,43,0.0,1.18,0.329,CONVICTION,119,534.0,18,64,BULL_BOUNCE_PENDING,LONG,51.0,MARGINAL,FAVORABLE,3.5886,RISING
2026-08-28,JMKE,6.0,0.08,0.067,COMPRESSION,9,659.0,0.025,0.021,MINOR,3,318.0,32,1,BULL_BOUNCE_PENDING,LONG,56.1,MARGINAL,FAVORABLE,1.1968,FALLING
2026-08-28,JBHT,6.0,0.6,0.069,COMPRESSION,61,923.0,1.68,0.195,CONVICTION,168,908.0,59,17,BEAR_REJECTION_PENDING,SHORT,41.2,MARGINAL,FAVORABLE,8.6348,RISING
2026-08-28,KNX,6.0,0.25,0.113,COMPRESSION,25,1057.0,0.63,0.286,COMPRESSION,63,1234.0,34,13,BULL_BOUNCE_PENDING,LONG,69.6,CONVICTION,FAVORABLE,2.2048,FALLING
2026-08-28,KTB,6.0,1.3,0.379,CONVICTION,130,922.0,0.83,0.242,COMPRESSION,83,616.0,60,41,BEAR_REJECTION_PENDING,SHORT,68.2,CONVICTION,FAVORABLE,3.4293,NEUTRAL
2026-08-28,KYMR,6.0,0.56,0.109,MINOR,57,245.0,0.18,0.035,COMPRESSION,19,166.0,30,39,BULL_BOUNCE_PENDING,LONG,60.5,CONVICTION,FAVORABLE,5.1214,NEUTRAL
2026-08-28,KSPI,6.0,5.01,1.369,CONVICTION,502,775.0,0.48,0.131,COMPRESSION,49,626.0,43,69,BULL_BOUNCE_PENDING,LONG,60.0,CONVICTION,FAVORABLE,3.6586,RISING
2026-08-28,LIVN,6.0,0.25,0.108,MINOR,25,221.0,0.07,0.03,COMPRESSION,7,435.0,33,32,BULL_BOUNCE_PENDING,LONG,76.8,CONVICTION,FAVORABLE,2.3207,NEUTRAL
2026-08-28,LASR,6.0,0.72,0.208,COMPRESSION,72,440.0,0.61,0.176,COMPRESSION,61,1218.0,35,24,BULL_BOUNCE_PENDING,LONG,55.8,MARGINAL,FAVORABLE,3.4596,FALLING
2026-08-28,LSTR,6.0,0.28,0.051,COMPRESSION,29,1001.0,0.24,0.044,COMPRESSION,24,1377.0,53,37,BUY_LOWER_DIRTY,LONG,51.4,MARGINAL,FAVORABLE,5.5121,FALLING
2026-08-28,MATX,6.0,,,,,,0.03,0.005,COMPRESSION,4,341.0,0,60,DCB_BREAKOUT,LONG,49.0,MARGINAL,FAVORABLE,5.7317,FALLING
2026-08-28,MIAX,6.0,0.22,0.117,COMPRESSION,23,16.0,0.32,0.17,COMPRESSION,33,1319.0,10,43,BULL_BOUNCE_PENDING,LONG,75.8,CONVICTION,FAVORABLE,1.8774,RISING
2026-08-28,MOH,6.0,3.75,0.539,CONVICTION,375,968.0,0.6,0.086,COMPRESSION,61,86.0,55,24,BULL_BOUNCE,LONG,79.2,CONVICTION,FAVORABLE,6.9629,RISING
2026-08-28,MSGE,6.0,0.49,0.15,COMPRESSION,49,109.0,0.38,0.116,COMPRESSION,38,1208.0,92,23,BULL_BOUNCE_PENDING,LONG,53.2,MARGINAL,FAVORABLE,3.2622,NEUTRAL
2026-08-28,MSGS,6.0,1.45,0.114,CONVICTION,145,84.0,10.06,0.793,CONVICTION,1007,721.0,51,26,BEAR_REJECTION_PENDING,SHORT,65.1,CONVICTION,FAVORABLE,12.6929,NEUTRAL
2026-08-28,OCTV,6.0,0.52,0.518,MINOR,52,31.0,0.4,0.399,COMPRESSION,40,1264.0,28,71,BEAR_REJECTION_PENDING,SHORT,57.3,MARGINAL,FAVORABLE,1.0036,FALLING
2026-08-28,NVDU,6.0,1.22,0.156,CONVICTION,122,403.0,12.645,1.614,CONVICTION,1265,176.0,63,27,BULL_BOUNCE_PENDING,LONG,67.0,CONVICTION,FAVORABLE,7.834,FALLING
2026-08-28,POST,6.0,4.79,1.829,CONVICTION,480,485.0,0.5,0.191,COMPRESSION,50,60.0,33,34,BEAR_REJECTION_PENDING,SHORT,69.0,CONVICTION,FAVORABLE,2.6183,RISING
2026-08-28,PCTY,6.0,1.81,0.342,CONVICTION,182,1193.0,4.735,0.894,CONVICTION,474,1002.0,14,95,BULL_BOUNCE_PENDING,LONG,60.0,CONVICTION,FAVORABLE,5.2957,RISING
2026-08-28,PRAX,6.0,1.6,0.086,VACUUM,161,215.0,31.24,1.687,CONVICTION,3125,472.0,25,33,BULL_BOUNCE,LONG,67.0,CONVICTION,FAVORABLE,18.5141,RISING
2026-08-28,QNT,6.0,1.6,0.327,CONVICTION,161,57.0,0.7,0.143,COMPRESSION,71,128.0,45,47,BEAR_REJECTION_PENDING,SHORT,79.0,CONVICTION,FAVORABLE,4.8982,RISING
2026-08-28,RYTM,6.0,0.08,0.019,COMPRESSION,8,255.0,1.01,0.236,CONVICTION,101,1309.0,30,43,BEAR_REJECTION_PENDING,SHORT,62.4,CONVICTION,FAVORABLE,4.2875,NEUTRAL
2026-08-28,RYAN,6.0,0.17,0.125,COMPRESSION,18,60.0,0.16,0.117,COMPRESSION,17,772.0,36,27,BULL_BOUNCE_PENDING,LONG,71.5,CONVICTION,FAVORABLE,1.3654,RISING
2026-08-28,RUM,6.0,0.0099,0.013,MINOR,1,1030.0,0.16,0.208,COMPRESSION,17,924.0,14,60,BULL_BOUNCE_PENDING,LONG,54.0,MARGINAL,FAVORABLE,0.7699,RISING
2026-08-28,SMCIP,6.0,0.29,0.079,COMPRESSION,30,298.0,1.64,0.448,CONVICTION,165,1351.0,34,74,BULL_BOUNCE_PENDING,LONG,53.0,MARGINAL,FAVORABLE,3.6636,NEUTRAL
2026-08-28,SFM,6.0,1.45,0.433,CONVICTION,146,718.0,0.62,0.185,COMPRESSION,63,307.0,54,59,BULL_BOUNCE_PENDING,LONG,54.0,MARGINAL,FAVORABLE,3.3502,NEUTRAL
2026-08-28,SIMO,6.0,3.28,0.186,CONVICTION,329,43.0,1.59,0.09,CONVICTION,160,922.0,35,33,BEAR_REJECTION_PENDING,SHORT,72.6,CONVICTION,FAVORABLE,17.6172,NEUTRAL
2026-08-28,THC,6.0,2.02,0.28,CONVICTION,202,97.0,2.65,0.367,CONVICTION,266,385.0,53,33,BEAR_REJECTION_PENDING,SHORT,70.8,CONVICTION,FAVORABLE,7.2132,NEUTRAL
2026-08-28,SMCL,6.0,0.3,0.13,COMPRESSION,31,163.0,2.19,0.948,CONVICTION,219,1185.0,50,45,BULL_BOUNCE_PENDING,LONG,53.7,MARGINAL,FAVORABLE,2.3097,FALLING
2026-08-28,SPSC,6.0,0.9,0.3,COMPRESSION,90,323.0,1.39,0.463,CONVICTION,140,277.0,8,105,BULL_BOUNCE_PENDING,LONG,51.0,MARGINAL,FAVORABLE,3.0025,NEUTRAL
2026-08-28,TSLQ,6.0,0.29,0.19,COMPRESSION,29,1316.0,0.89,0.582,COMPRESSION,89,340.0,51,18,BULL_BOUNCE_PENDING,LONG,60.8,CONVICTION,FAVORABLE,1.5288,FALLING
2026-08-28,UHS,6.0,0.035,0.007,COMPRESSION,4,1119.0,1.25,0.266,CONVICTION,125,914.0,47,25,BULL_BOUNCE_PENDING,LONG,76.3,CONVICTION,FAVORABLE,4.7057,RISING
2026-08-28,YUM,6.0,1.76,0.431,CONVICTION,176,126.0,0.59,0.144,COMPRESSION,60,1453.0,48,24,BEAR_REJECTION_PENDING,SHORT,77.8,CONVICTION,FAVORABLE,4.0878,RISING
2026-08-28,VIAV,6.0,0.45,0.167,COMPRESSION,45,100.0,1.9,0.705,CONVICTION,191,294.0,35,18,BULL_BOUNCE,LONG,69.0,CONVICTION,FAVORABLE,2.6939,RISING
2026-08-28,CHRW,6.0,1.02,0.246,CONVICTION,102,95.0,20.23,4.871,CONVICTION,2024,101.0,29,48,BEAR_REJECTION_PENDING,SHORT,66.7,CONVICTION,FAVORABLE,4.1531,RISING
2026-08-28,VEEV,6.0,4.94,0.433,CONVICTION,494,378.0,30.445,2.668,CONVICTION,3045,214.0,24,37,BULL_BOUNCE_PENDING,LONG,100.0,CONVICTION,FAVORABLE,11.4114,RISING
2026-08-28,AAP,6.0,0.2,0.061,MINOR,20,39.0,9.79,2.962,CONVICTION,979,99.0,23,14,BULL_BOUNCE_PENDING,LONG,41.0,MARGINAL,FAVORABLE,3.3053,FALLING
2026-08-28,AFRM,6.0,0.35,0.109,COMPRESSION,36,342.0,0.63,0.197,COMPRESSION,63,389.0,5,40,BULL_BOUNCE_PENDING,LONG,49.0,MARGINAL,FAVORABLE,3.2043,RISING
2026-08-28,BL,6.0,0.13,0.086,COMPRESSION,14,638.0,0.01,0.007,COMPRESSION,2,633.0,10,71,BULL_BOUNCE_PENDING,LONG,70.0,CONVICTION,FAVORABLE,1.5089,RISING
2026-08-28,ARM,6.0,14.43,0.967,CONVICTION,1444,204.0,0.24,0.016,COMPRESSION,24,53.0,49,24,SHORT_UPPER_DIRTY,SHORT,47.3,MARGINAL,FAVORABLE,14.9148,NEUTRAL
2026-08-28,CDW,6.0,2.7,0.457,CONVICTION,271,244.0,0.06,0.01,COMPRESSION,7,593.0,5,60,BEAR_REJECTION_PENDING,SHORT,73.0,CONVICTION,FAVORABLE,5.908,NEUTRAL
2026-08-28,BLSH,6.0,0.04,0.019,COMPRESSION,4,88.0,0.45,0.219,COMPRESSION,46,107.0,8,56,BULL_BOUNCE_PENDING,LONG,64.3,CONVICTION,FAVORABLE,2.0519,RISING
2026-08-28,CG,6.0,0.48,0.301,MINOR,48,565.0,0.61,0.383,COMPRESSION,61,530.0,35,41,BULL_BOUNCE_PENDING,LONG,75.6,CONVICTION,FAVORABLE,1.5925,RISING
2026-08-28,CLBT,6.0,0.34,0.335,MINOR,34,282.0,0.28,0.276,COMPRESSION,29,297.0,5,33,BULL_BOUNCE_PENDING,LONG,44.0,MARGINAL,FAVORABLE,1.0157,RISING
2026-08-28,CURI,6.0,0.02,0.058,COMPRESSION,3,586.0,0.21,0.614,COMPRESSION,21,781.0,24,13,BEAR_REJECTION_PENDING,SHORT,53.3,MARGINAL,FAVORABLE,0.342,NEUTRAL
2026-08-28,DBX,6.0,,,,,,0.09,0.08,COMPRESSION,10,386.0,0,21,BULL_BOUNCE_PENDING,LONG,67.0,CONVICTION,FAVORABLE,1.1314,RISING
2026-08-28,COHU,6.0,1.8,0.462,CONVICTION,180,308.0,2.0,0.513,CONVICTION,200,1469.0,47,7,BULL_BOUNCE,LONG,63.0,CONVICTION,FAVORABLE,3.8993,FALLING
2026-08-28,DOCS,6.0,1.09,0.836,CONVICTION,109,231.0,0.01,0.008,COMPRESSION,2,146.0,20,42,BULL_BOUNCE_CONFIRMED,LONG,68.3,CONVICTION,FAVORABLE,1.3033,NEUTRAL
2026-08-28,DINO,6.0,0.08,0.022,MINOR,9,110.0,1.09,0.3,CONVICTION,110,1068.0,12,64,BULL_BOUNCE_PENDING,LONG,61.6,CONVICTION,FAVORABLE,3.6296,NEUTRAL
2026-08-28,FDXF,6.0,0.32,0.055,COMPRESSION,32,379.0,0.23,0.039,COMPRESSION,23,38.0,57,14,BEAR_REJECTION_PENDING,SHORT,60.7,CONVICTION,FAVORABLE,5.8304,FALLING
2026-08-28,DRAM,6.0,5.545,1.857,CONVICTION,555,331.0,3.615,1.21,CONVICTION,362,188.0,48,25,BULL_BOUNCE_PENDING,LONG,57.0,MARGINAL,FAVORABLE,2.9864,RISING
2026-08-28,FISV,6.0,0.38,0.222,COMPRESSION,39,239.0,0.58,0.34,COMPRESSION,58,516.0,24,28,BULL_BOUNCE_PENDING,LONG,54.0,MARGINAL,FAVORABLE,1.7082,RISING
2026-08-28,HLI,6.0,1.42,0.33,CONVICTION,142,1144.0,0.73,0.17,COMPRESSION,73,79.0,33,49,BEAR_REJECTION_PENDING,SHORT,60.0,CONVICTION,FAVORABLE,4.3036,RISING
2026-08-28,FICO,6.0,0.7,0.016,MINOR,71,429.0,1.73,0.039,CONVICTION,174,573.0,21,79,BULL_BOUNCE_PENDING,LONG,68.0,CONVICTION,FAVORABLE,44.5966,NEUTRAL
2026-08-28,HOG,6.0,0.27,0.303,COMPRESSION,28,1490.0,0.8,0.897,COMPRESSION,81,717.0,6,48,BULL_BOUNCE_PENDING,LONG,65.5,CONVICTION,FAVORABLE,0.8918,RISING
2026-08-28,KLAR,6.0,0.09,0.085,COMPRESSION,9,35.0,0.09,0.085,COMPRESSION,9,1142.0,38,8,BULL_BOUNCE_PENDING,LONG,41.0,MARGINAL,FAVORABLE,1.0597,FALLING
2026-08-28,INDI,6.0,0.095,0.251,COMPRESSION,10,12.0,0.61,1.609,COMPRESSION,61,25.0,26,24,BULL_BOUNCE_PENDING,LONG,71.0,CONVICTION,FAVORABLE,0.3792,FALLING
2026-08-28,LRN,6.0,4.94,1.974,CONVICTION,494,658.0,0.63,0.252,COMPRESSION,63,36.0,15,74,CHANNEL_BREAKOUT,LONG,53.0,MARGINAL,FAVORABLE,2.5021,RISING
2026-08-28,MC,6.0,0.65,0.247,COMPRESSION,66,519.0,0.18,0.068,COMPRESSION,18,23.0,14,48,BULL_BOUNCE_PENDING,LONG,68.9,CONVICTION,FAVORABLE,2.6351,NEUTRAL
2026-08-28,LABD,6.0,0.1,0.187,COMPRESSION,10,469.0,0.005,0.009,MINOR,1,101.0,31,5,BEAR_REJECTION_PENDING,SHORT,51.1,MARGINAL,FAVORABLE,0.5336,RISING
2026-08-28,MORN,6.0,0.87,0.127,COMPRESSION,88,286.0,0.48,0.07,COMPRESSION,48,108.0,13,98,BULL_BOUNCE_PENDING,LONG,51.0,MARGINAL,FAVORABLE,6.8682,RISING
2026-08-28,METU,6.0,0.0014,0.001,MINOR,1,877.0,0.305,0.237,COMPRESSION,31,325.0,13,41,BULL_BOUNCE_PENDING,LONG,53.0,MARGINAL,FAVORABLE,1.2854,RISING
2026-08-28,NCNO,6.0,0.08,0.082,MINOR,9,821.0,0.19,0.194,COMPRESSION,19,1007.0,5,32,BULL_BOUNCE_PENDING,LONG,95.4,CONVICTION,FAVORABLE,0.9772,RISING
2026-08-28,NNE,6.0,0.0749,0.059,MINOR,8,749.0,0.035,0.028,MINOR,4,128.0,16,27,BULL_BOUNCE_PENDING,LONG,49.0,MARGINAL,FAVORABLE,1.2712,RISING
2026-08-28,NTNX,6.0,1.44,0.566,VACUUM,145,152.0,0.58,0.228,COMPRESSION,58,240.0,20,24,BULL_BOUNCE_PENDING,LONG,97.0,CONVICTION,FAVORABLE,2.5463,NEUTRAL
2026-08-28,ORCU,6.0,0.02,0.03,MINOR,2,600.0,0.23,0.34,COMPRESSION,24,612.0,13,45,BULL_BOUNCE_PENDING,LONG,68.3,CONVICTION,FAVORABLE,0.677,RISING
2026-08-28,ORCX,6.0,0.01,0.005,COMPRESSION,2,82.0,0.54,0.286,COMPRESSION,54,687.0,20,52,BULL_BOUNCE,LONG,75.0,CONVICTION,FAVORABLE,1.887,RISING
2026-08-28,PAYC,6.0,2.72,0.364,CONVICTION,272,408.0,0.7,0.094,COMPRESSION,70,227.0,3,71,BEAR_REJECTION_PENDING,SHORT,67.9,CONVICTION,FAVORABLE,7.4698,RISING
2026-08-28,PCOR,6.0,1.94,0.73,CONVICTION,194,525.0,1.36,0.512,CONVICTION,136,192.0,10,46,BULL_BOUNCE_PENDING,LONG,54.0,MARGINAL,FAVORABLE,2.6563,NEUTRAL
2026-08-28,PLGO,6.0,0.2,0.248,COMPRESSION,21,164.0,0.22,0.273,COMPRESSION,23,70.0,36,61,BULL_BOUNCE_PENDING,LONG,65.7,CONVICTION,FAVORABLE,0.8069,RISING
2026-08-28,PEGA,6.0,0.69,0.496,COMPRESSION,69,8.0,0.75,0.539,COMPRESSION,75,1279.0,21,67,BULL_BOUNCE_PENDING,LONG,75.8,CONVICTION,FAVORABLE,1.3907,RISING
2026-08-28,QTWO,6.0,0.35,0.145,COMPRESSION,35,1283.0,0.09,0.037,COMPRESSION,10,256.0,44,51,BULL_BOUNCE_PENDING,LONG,57.0,MARGINAL,FAVORABLE,2.4143,RISING
2026-08-28,QURE,6.0,0.07,0.034,MINOR,8,166.0,0.04,0.019,COMPRESSION,4,1266.0,16,53,BULL_BOUNCE_PENDING,LONG,48.0,MARGINAL,FAVORABLE,2.0523,NEUTRAL
2026-08-28,RAM,6.0,0.52,0.395,COMPRESSION,52,412.0,1.495,1.136,CONVICTION,150,87.0,48,24,BULL_BOUNCE_PENDING,LONG,49.5,MARGINAL,FAVORABLE,1.3166,RISING
2026-08-28,RBLX,6.0,9.79,5.545,CONVICTION,979,101.0,0.1,0.057,MINOR,11,676.0,9,13,BEAR_REJECTION_PENDING,SHORT,73.0,CONVICTION,FAVORABLE,1.7657,RISING
2026-08-28,RNG,6.0,0.01,0.003,MINOR,2,63.0,1.79,0.594,CONVICTION,179,99.0,5,59,BULL_BOUNCE_PENDING,LONG,87.5,CONVICTION,FAVORABLE,3.0141,NEUTRAL
2026-08-28,SKHY,6.0,1.8,0.197,CONVICTION,180,205.0,9.05,0.989,CONVICTION,905,484.0,51,39,BULL_BOUNCE,LONG,84.0,CONVICTION,FAVORABLE,9.1509,RISING
2026-08-28,TBBB,6.0,0.26,0.127,COMPRESSION,26,400.0,3.45,1.681,CONVICTION,346,606.0,32,38,BULL_BOUNCE_PENDING,LONG,56.2,MARGINAL,FAVORABLE,2.0529,RISING
2026-08-28,TPG,6.0,0.37,0.184,COMPRESSION,37,853.0,0.29,0.144,COMPRESSION,29,788.0,8,48,BULL_BOUNCE_PENDING,LONG,64.7,CONVICTION,FAVORABLE,2.0136,RISING
2026-08-28,TENB,6.0,0.01,0.004,COMPRESSION,1,122.0,2.69,1.198,CONVICTION,270,332.0,18,35,BULL_BOUNCE_PENDING,LONG,100.0,CONVICTION,FAVORABLE,2.2449,NEUTRAL
2026-08-28,SNDK,6.0,101.99,0.824,CONVICTION,10199,304.0,73.24,0.591,CONVICTION,7325,729.0,72,23,BULL_BOUNCE_PENDING,LONG,51.0,MARGINAL,FAVORABLE,123.8258,FALLING
2026-08-28,TSLG,6.0,0.0096,0.032,MINOR,1,50.0,0.04,0.134,COMPRESSION,5,911.0,14,39,BULL_BOUNCE,LONG,68.0,CONVICTION,FAVORABLE,0.2981,NEUTRAL
2026-08-28,VLO,6.0,0.8945,0.084,MINOR,90,20.0,5.85,0.551,CONVICTION,586,1218.0,19,68,BULL_BOUNCE,LONG,65.0,CONVICTION,FAVORABLE,10.6077,NEUTRAL
2026-08-28,VCX,6.0,0.63,0.132,COMPRESSION,64,271.0,0.72,0.151,COMPRESSION,72,183.0,78,14,BEAR_REJECTION_PENDING,SHORT,50.0,MARGINAL,FAVORABLE,4.7629,RISING
2026-08-28,WDCX,6.0,0.08,0.03,MINOR,9,373.0,0.0333,0.013,MINOR,4,1090.0,22,24,BULL_BOUNCE,LONG,57.0,MARGINAL,FAVORABLE,2.6424,NEUTRAL
2026-08-28,WMS,6.0,0.94,0.207,COMPRESSION,94,123.0,7.85,1.727,CONVICTION,785,988.0,50,26,BULL_BOUNCE_PENDING,LONG,78.2,CONVICTION,FAVORABLE,4.5462,RISING
2026-08-28,AGCO,6.0,2.08,0.656,CONVICTION,208,709.0,0.83,0.262,COMPRESSION,83,294.0,47,64,BEAR_REJECTION_PENDING,SHORT,57.1,MARGINAL,FAVORABLE,3.1706,RISING
2026-08-28,WU,6.0,0.01,0.048,COMPRESSION,1,28.0,0.06,0.29,COMPRESSION,7,858.0,30,33,BULL_BOUNCE_PENDING,LONG,66.3,CONVICTION,FAVORABLE,0.207,RISING
2026-08-28,XYZ,6.0,0.62,0.246,COMPRESSION,62,661.0,2.57,1.018,CONVICTION,258,1480.0,12,46,BULL_BOUNCE_PENDING,LONG,73.4,CONVICTION,FAVORABLE,2.5235,RISING
2026-08-28,YSS,6.0,0.57,0.576,COMPRESSION,58,1128.0,0.02,0.02,MINOR,3,451.0,5,26,BULL_BOUNCE_PENDING,LONG,57.4,MARGINAL,FAVORABLE,0.9897,FALLING
2026-08-28,AGX,6.0,5.31,0.18,CONVICTION,532,791.0,2.5081,0.085,VACUUM,251,196.0,49,13,BEAR_REJECTION_PENDING,SHORT,60.0,CONVICTION,FAVORABLE,29.5065,FALLING
2026-08-28,ALM,6.0,0.0481,0.04,MINOR,5,962.0,0.19,0.157,COMPRESSION,19,69.0,10,42,BULL_BOUNCE,LONG,84.5,CONVICTION,FAVORABLE,1.2098,RISING
2026-08-28,ALOY,6.0,0.6,0.472,COMPRESSION,60,494.0,0.31,0.244,COMPRESSION,32,300.0,31,19,BULL_BOUNCE,LONG,53.0,MARGINAL,FAVORABLE,1.2716,FALLING
2026-08-28,ALB,6.0,5.21,0.979,CONVICTION,521,22.0,0.4,0.075,COMPRESSION,41,80.0,66,48,BEAR_REJECTION_PENDING,SHORT,57.8,MARGINAL,FAVORABLE,5.3197,RISING
2026-08-28,BTSG,6.0,1.11,0.437,CONVICTION,111,1325.0,0.17,0.067,COMPRESSION,18,1034.0,13,33,BULL_BOUNCE_PENDING,LONG,56.0,MARGINAL,FAVORABLE,2.5417,FALLING
2026-08-28,AMDL,6.0,4.25,1.048,VACUUM,425,766.0,10.72,2.643,CONVICTION,1072,594.0,70,39,BULL_BOUNCE_PENDING,LONG,43.0,MARGINAL,FAVORABLE,4.0563,NEUTRAL
2026-08-28,AVS,6.0,0.12,0.474,COMPRESSION,12,241.0,0.1267,0.501,COMPRESSION,13,51.0,53,70,BULL_BOUNCE,LONG,84.7,CONVICTION,FAVORABLE,0.2531,RISING
2026-08-28,CRS,6.0,5.36,0.27,CONVICTION,536,286.0,10.22,0.515,CONVICTION,1022,943.0,57,33,BEAR_REJECTION_PENDING,SHORT,65.6,CONVICTION,FAVORABLE,19.8617,FALLING
2026-08-28,CORT,6.0,1.0,0.258,VACUUM,100,181.0,0.53,0.137,COMPRESSION,54,448.0,19,50,BULL_BOUNCE_PENDING,LONG,74.0,CONVICTION,FAVORABLE,3.8717,RISING
2026-08-28,CDNL,6.0,0.32,0.069,MINOR,33,375.0,0.5,0.108,MINOR,50,389.0,27,15,BULL_BOUNCE,LONG,75.0,CONVICTION,FAVORABLE,4.6128,RISING
2026-08-28,CGNX,6.0,0.93,0.359,COMPRESSION,94,452.0,0.14,0.054,COMPRESSION,15,943.0,47,57,BULL_BOUNCE_PENDING,LONG,65.6,CONVICTION,FAVORABLE,2.5886,FALLING
2026-08-28,ECG,6.0,0.98,0.147,COMPRESSION,98,326.0,12.32,1.847,CONVICTION,1232,307.0,69,21,BULL_BOUNCE_PENDING,LONG,50.0,MARGINAL,FAVORABLE,6.6709,NEUTRAL
2026-08-28,ELAN,6.0,0.875,1.081,COMPRESSION,88,162.0,0.14,0.173,COMPRESSION,15,333.0,36,47,BULL_BOUNCE_PENDING,LONG,72.4,CONVICTION,FAVORABLE,0.8096,RISING
2026-08-28,DFSC,6.0,0.02,0.042,MINOR,3,409.0,0.0964,0.201,MINOR,10,58.0,23,56,CHANNEL_GAP_BREAKDOWN_SHORT,SHORT,71.0,CONVICTION,FAVORABLE,0.4786,NEUTRAL
2026-08-28,ENS,6.0,6.5,0.748,VACUUM,650,27.0,1.95,0.224,CONVICTION,195,925.0,42,35,SHORT_UPPER_DIRTY,SHORT,44.2,MARGINAL,FAVORABLE,8.6936,FALLING
2026-08-28,FUL,6.0,0.835,0.406,COMPRESSION,84,932.0,0.84,0.408,COMPRESSION,85,151.0,67,20,BULL_BOUNCE_PENDING,LONG,68.2,CONVICTION,FAVORABLE,2.0578,FALLING
2026-08-28,GENI,6.0,0.04,0.093,COMPRESSION,5,88.0,0.32,0.742,COMPRESSION,32,1447.0,17,25,BULL_BOUNCE_PENDING,LONG,61.9,CONVICTION,FAVORABLE,0.431,NEUTRAL
2026-08-28,HTFL,6.0,0.02,0.007,COMPRESSION,2,137.0,0.55,0.18,COMPRESSION,56,189.0,20,36,BULL_BOUNCE_PENDING,LONG,74.2,CONVICTION,FAVORABLE,3.0484,RISING
2026-08-28,GLWG,6.0,0.0004,0.0,COMPRESSION,1,269.0,0.25,0.151,COMPRESSION,25,396.0,36,31,BULL_BOUNCE_PENDING,LONG,44.4,MARGINAL,FAVORABLE,1.6528,FALLING
2026-08-28,HUT,6.0,0.76,0.103,MINOR,77,173.0,0.56,0.076,COMPRESSION,57,738.0,31,21,BULL_BOUNCE,LONG,47.0,MARGINAL,FAVORABLE,7.3973,FALLING
2026-08-28,IONS,6.0,16.685,8.91,CONVICTION,1669,863.0,0.795,0.425,COMPRESSION,80,297.0,42,50,BULL_BOUNCE_PENDING,LONG,55.3,MARGINAL,FAVORABLE,1.8726,RISING
2026-08-28,INOD,6.0,1.15,0.309,CONVICTION,115,675.0,0.47,0.126,MINOR,47,278.0,38,25,BULL_BOUNCE_PENDING,LONG,55.9,MARGINAL,FAVORABLE,3.725,NEUTRAL
2026-08-28,LFTO,6.0,0.61,0.364,COMPRESSION,61,1152.0,0.11,0.066,MINOR,11,159.0,19,10,BULL_BOUNCE_PENDING,LONG,51.3,MARGINAL,FAVORABLE,1.6776,RISING
2026-08-28,LBRT,6.0,0.15,0.159,COMPRESSION,15,1327.0,0.1,0.106,COMPRESSION,10,32.0,30,32,BUY_LOWER_DIRTY,LONG,47.9,MARGINAL,FAVORABLE,0.9445,FALLING
2026-08-28,MFP,6.0,0.03,0.01,MINOR,4,582.0,0.13,0.043,COMPRESSION,14,1365.0,24,41,BULL_BOUNCE_PENDING,LONG,98.0,CONVICTION,FAVORABLE,3.0149,RISING
2026-08-28,LGN,6.0,0.16,0.043,COMPRESSION,16,283.0,2.16,0.576,VACUUM,217,21.0,74,30,BULL_BOUNCE_PENDING,LONG,58.7,MARGINAL,FAVORABLE,3.7471,FALLING
2026-08-28,LQDA,6.0,1.18,0.243,CONVICTION,118,496.0,3.12,0.641,CONVICTION,312,692.0,36,18,BULL_BOUNCE_PENDING,LONG,92.1,CONVICTION,FAVORABLE,4.8641,NEUTRAL
2026-08-28,LPTH,6.0,0.5,0.423,COMPRESSION,50,87.0,0.44,0.372,COMPRESSION,44,978.0,40,23,BULL_BOUNCE_PENDING,LONG,45.3,MARGINAL,FAVORABLE,1.1826,FALLING
2026-08-28,MOD,6.0,3.26,0.273,CONVICTION,327,356.0,23.1,1.938,CONVICTION,2310,944.0,55,5,BULL_BOUNCE_PENDING,LONG,68.3,CONVICTION,FAVORABLE,11.92,FALLING
2026-08-28,MPWR,6.0,5.2,0.096,CONVICTION,521,50.0,9.86,0.182,CONVICTION,986,1350.0,53,39,BULL_BOUNCE_PENDING,LONG,44.0,MARGINAL,FAVORABLE,54.2321,RISING
2026-08-28,MP,6.0,0.525,0.146,COMPRESSION,53,991.0,1.695,0.47,CONVICTION,170,956.0,52,31,BULL_BOUNCE_PENDING,LONG,41.8,MARGINAL,FAVORABLE,3.6046,RISING
2026-08-28,MXL,6.0,2.69,0.44,CONVICTION,269,175.0,2.725,0.445,CONVICTION,273,1287.0,48,21,BULL_BOUNCE_PENDING,LONG,69.6,CONVICTION,FAVORABLE,6.119,NEUTRAL
2026-08-28,NMAX,6.0,0.07,0.09,COMPRESSION,8,181.0,0.405,0.519,COMPRESSION,41,567.0,24,43,BEAR_REJECTION_PENDING,SHORT,57.8,MARGINAL,FAVORABLE,0.7799,NEUTRAL
2026-08-28,NRG,6.0,0.45,0.095,COMPRESSION,46,683.0,1.71,0.363,CONVICTION,172,248.0,37,35,BEAR_REJECTION_PENDING,SHORT,56.0,MARGINAL,FAVORABLE,4.7151,FALLING
2026-08-28,NUVB,6.0,0.35,0.964,COMPRESSION,35,986.0,0.11,0.303,MINOR,11,100.0,11,47,BULL_BOUNCE_PENDING,LONG,58.3,MARGINAL,FAVORABLE,0.3632,RISING
2026-08-28,PINS,6.0,0.17,0.218,COMPRESSION,17,168.0,0.18,0.23,COMPRESSION,18,808.0,37,36,BULL_BOUNCE_PENDING,LONG,66.4,CONVICTION,FAVORABLE,0.7815,RISING
2026-08-28,PLTD,6.0,0.04,0.187,COMPRESSION,5,344.0,0.015,0.07,MINOR,2,40.0,40,12,BEAR_REJECTION_PENDING,SHORT,48.7,MARGINAL,FAVORABLE,0.2143,FALLING
2026-08-28,PRIM,6.0,2.02,0.606,VACUUM,202,523.0,0.355,0.107,MINOR,36,195.0,27,20,BEAR_REJECTION_PENDING,SHORT,46.0,MARGINAL,FAVORABLE,3.3313,FALLING
2026-08-28,POWL,6.0,3.2,0.356,CONVICTION,320,87.0,0.8,0.089,COMPRESSION,81,13.0,64,24,BULL_BOUNCE_PENDING,LONG,54.8,MARGINAL,FAVORABLE,8.9928,RISING
2026-08-28,PTGX,6.0,0.01,0.002,MINOR,2,57.0,3.44,0.622,CONVICTION,344,13.0,34,37,BULL_BOUNCE_PENDING,LONG,64.8,CONVICTION,FAVORABLE,5.5275,FALLING
2026-08-28,SEI,6.0,0.28,0.075,COMPRESSION,29,91.0,0.2,0.054,MINOR,21,157.0,44,12,BULL_BOUNCE_PENDING,LONG,66.5,CONVICTION,FAVORABLE,3.7366,FALLING
2026-08-28,SITM,6.0,14.83,0.352,CONVICTION,1484,137.0,7.42,0.176,VACUUM,743,1461.0,26,12,BEAR_REJECTION_PENDING,SHORT,66.8,CONVICTION,FAVORABLE,42.0952,FALLING
2026-08-28,SGML,6.0,0.12,0.164,COMPRESSION,13,562.0,0.24,0.327,COMPRESSION,25,468.0,12,68,BEAR_REJECTION_PENDING,SHORT,43.3,MARGINAL,FAVORABLE,0.7333,RISING
2026-08-28,SMTC,6.0,1.63,0.142,CONVICTION,163,30.0,3.38,0.295,CONVICTION,339,675.0,49,18,BULL_BOUNCE_PENDING,LONG,88.8,CONVICTION,FAVORABLE,11.4458,NEUTRAL
2026-08-28,SUNB,6.0,0.72,0.253,COMPRESSION,72,197.0,2.5,0.879,CONVICTION,250,783.0,47,24,BULL_BOUNCE_PENDING,LONG,66.0,CONVICTION,FAVORABLE,2.8446,FALLING
2026-08-28,TGTX,6.0,0.09,0.038,MINOR,10,642.0,0.055,0.023,MINOR,6,119.0,12,45,BULL_BOUNCE_PENDING,LONG,58.4,MARGINAL,FAVORABLE,2.3686,RISING
2026-08-28,STRL,6.0,4.91,0.17,CONVICTION,491,157.0,1.35,0.047,CONVICTION,136,774.0,53,35,BEAR_REJECTION_PENDING,SHORT,70.0,CONVICTION,FAVORABLE,28.904,FALLING
2026-08-28,VICR,6.0,3.7,0.248,CONVICTION,370,630.0,15.35,1.03,CONVICTION,1535,1284.0,33,33,BULL_BOUNCE_PENDING,LONG,53.7,MARGINAL,FAVORABLE,14.9065,FALLING
2026-08-28,VIRT,6.0,,,,,,0.04,0.013,MINOR,5,211.0,0,56,BULL_BOUNCE_PENDING,LONG,51.0,MARGINAL,FAVORABLE,3.1302,RISING
2026-08-28,WING,6.0,0.18,0.029,COMPRESSION,19,515.0,0.12,0.019,MINOR,12,201.0,64,14,BEAR_REJECTION_PENDING,SHORT,61.8,CONVICTION,FAVORABLE,6.2278,RISING
2026-08-28,WWD,6.0,27.41,2.859,CONVICTION,2742,286.0,1.4,0.146,CONVICTION,140,1028.0,39,62,CHANNEL_BREAKOUT,LONG,53.0,MARGINAL,FAVORABLE,9.5859,FALLING
2026-08-28,CALM,6.0,1.03,0.41,CONVICTION,104,184.0,0.4,0.159,COMPRESSION,41,1337.0,58,25,BULL_BOUNCE_PENDING,LONG,87.0,CONVICTION,FAVORABLE,2.5114,RISING
2026-08-28,ZIM,6.0,0.02,0.018,MINOR,2,400.0,5.65,5.003,CONVICTION,566,54.0,21,91,BULL_BOUNCE_PENDING,LONG,82.8,CONVICTION,FAVORABLE,1.1293,FALLING
2026-08-28,GCTK,6.0,0.0004,0.011,MINOR,1,1033.0,0.0044,0.116,COMPRESSION,1,200.0,12,9,BULL_BOUNCE,LONG,55.5,MARGINAL,FAVORABLE,0.0379,NEUTRAL
2026-08-28,NXT,6.0,0.56,0.132,COMPRESSION,57,202.0,2.45,0.576,CONVICTION,246,443.0,66,43,BEAR_REJECTION_PENDING,SHORT,74.8,CONVICTION,FAVORABLE,4.2554,FALLING
2026-08-28,GPK,6.0,0.18,0.454,COMPRESSION,18,856.0,0.02,0.05,MINOR,3,177.0,23,24,BULL_BOUNCE_PENDING,LONG,51.0,MARGINAL,FAVORABLE,0.3963,RISING
2026-08-28,CAPR,6.0,0.0325,0.025,MINOR,4,20.0,0.0395,0.031,MINOR,4,1411.0,10,20,BULL_BOUNCE,LONG,74.0,CONVICTION,FAVORABLE,1.2803,RISING
2026-08-28,AEIS,6.0,8.86,0.513,CONVICTION,887,663.0,9.36,0.542,CONVICTION,936,1387.0,28,53,BEAR_REJECTION_PENDING,SHORT,79.4,CONVICTION,FAVORABLE,17.2646,FALLING
2026-08-28,ACMR,6.0,0.35,0.07,MINOR,35,144.0,2.235,0.45,VACUUM,224,113.0,32,42,BULL_BOUNCE_PENDING,LONG,70.5,CONVICTION,FAVORABLE,4.9679,NEUTRAL
2026-08-28,AA,6.0,0.35,0.143,COMPRESSION,36,96.0,1.27,0.518,CONVICTION,128,443.0,40,77,BULL_BOUNCE_PENDING,LONG,86.5,CONVICTION,FAVORABLE,2.4496,RISING
2026-08-28,AIR,6.0,0.13,0.023,COMPRESSION,14,958.0,1.35,0.234,CONVICTION,135,1315.0,84,33,BULL_BOUNCE_PENDING,LONG,53.0,MARGINAL,FAVORABLE,5.7774,NEUTRAL
2026-08-28,CBRL,6.0,0.79,0.324,COMPRESSION,79,481.0,0.28,0.115,COMPRESSION,29,178.0,46,17,BEAR_REJECTION_PENDING,SHORT,60.2,CONVICTION,FAVORABLE,2.4417,NEUTRAL
2026-08-28,ARGX,6.0,0.2368,0.007,MINOR,24,51.0,59.78,1.678,CONVICTION,5979,1205.0,4,72,BULL_BOUNCE_PENDING,LONG,38.6,MARGINAL,FAVORABLE,35.6183,RISING
2026-08-28,DAN,6.0,2.295,2.123,CONVICTION,230,1036.0,0.29,0.268,COMPRESSION,29,442.0,32,37,BULL_BOUNCE_PENDING,LONG,66.9,CONVICTION,FAVORABLE,1.0811,RISING
2026-08-28,CHRD,6.0,1.47,0.299,CONVICTION,147,27.0,0.86,0.175,COMPRESSION,87,342.0,37,123,BEAR_REJECTION_PENDING,SHORT,67.7,CONVICTION,FAVORABLE,4.9167,NEUTRAL
2026-08-28,DFTX,6.0,0.9,0.323,MINOR,90,646.0,13.81,4.954,CONVICTION,1381,1261.0,25,27,BULL_BOUNCE_PENDING,LONG,64.0,CONVICTION,FAVORABLE,2.7878,NEUTRAL
2026-08-28,EYPT,6.0,8.9,6.188,CONVICTION,890,1416.0,0.0049,0.003,COMPRESSION,1,859.0,23,13,BEAR_REJECTION_PENDING,SHORT,84.6,CONVICTION,FAVORABLE,1.4383,FALLING
2026-08-28,MEDP,6.0,0.64,0.035,MINOR,64,69.0,74.61,4.134,CONVICTION,7462,94.0,28,30,BULL_BOUNCE_PENDING,LONG,83.7,CONVICTION,FAVORABLE,18.0461,RISING
2026-08-28,PPC,6.0,0.11,0.081,COMPRESSION,11,792.0,1.13,0.827,CONVICTION,113,212.0,39,45,BEAR_REJECTION_PENDING,SHORT,56.1,MARGINAL,FAVORABLE,1.3658,RISING
2026-08-28,FIX,6.0,25.61,0.31,CONVICTION,2561,137.0,17.79,0.215,CONVICTION,1779,1385.0,58,30,BUY_LOWER_DIRTY,LONG,50.5,MARGINAL,FAVORABLE,82.7177,FALLING
2026-08-28,OII,6.0,0.41,0.194,COMPRESSION,41,256.0,0.4,0.189,COMPRESSION,41,520.0,43,65,BULL_BOUNCE_PENDING,LONG,72.5,CONVICTION,FAVORABLE,2.1143,FALLING
2026-08-28,PWR,6.0,2.0,0.076,CONVICTION,200,248.0,5.1,0.194,CONVICTION,511,1.0,70,37,BULL_BOUNCE_PENDING,LONG,66.4,CONVICTION,FAVORABLE,26.2587,FALLING
2026-08-28,RVMD,6.0,0.135,0.017,MINOR,14,142.0,4.04,0.516,CONVICTION,404,81.0,1,27,BULL_BOUNCE_PENDING,LONG,58.0,MARGINAL,FAVORABLE,7.8247,NEUTRAL
2026-08-28,SBLK,6.0,0.03,0.031,MINOR,4,29.0,0.2,0.204,COMPRESSION,21,623.0,12,61,BULL_BOUNCE_PENDING,LONG,59.7,MARGINAL,FAVORABLE,0.9782,RISING
2026-08-28,WETO,6.0,0.02,0.002,MINOR,2,742.0,0.14,0.015,MINOR,15,208.0,14,16,BULL_BOUNCE_CONFIRMED,LONG,61.0,CONVICTION,FAVORABLE,9.1421,RISING
2026-08-28,WFF,6.0,0.01,0.01,MINOR,2,456.0,0.001,0.001,MINOR,1,1314.0,29,6,BULL_BOUNCE,LONG,69.0,CONVICTION,FAVORABLE,1.0046,RISING
2026-08-28,WMG,6.0,0.18,0.228,COMPRESSION,18,1000.0,0.1,0.127,COMPRESSION,10,458.0,20,63,BEAR_REJECTION_PENDING,SHORT,68.7,CONVICTION,FAVORABLE,0.7901,RISING
2026-08-28,YPF,6.0,0.25,0.125,COMPRESSION,25,385.0,0.32,0.161,COMPRESSION,33,169.0,24,54,BULL_BOUNCE_PENDING,LONG,74.0,CONVICTION,FAVORABLE,1.9936,NEUTRAL
2026-08-28,VRSK,6.0,2.49,0.374,CONVICTION,249,358.0,0.29,0.044,COMPRESSION,29,169.0,54,51,BULL_BOUNCE_PENDING,LONG,50.0,MARGINAL,FAVORABLE,6.6639,RISING
2026-08-28,ACAD,6.0,0.35,0.378,MINOR,36,303.0,0.09,0.097,COMPRESSION,9,1268.0,21,47,BULL_BOUNCE_PENDING,LONG,72.5,CONVICTION,FAVORABLE,0.9271,RISING
2026-08-28,BBIO,6.0,0.65,0.247,MINOR,66,136.0,0.29,0.11,COMPRESSION,30,153.0,54,24,BULL_BOUNCE_PENDING,LONG,60.1,CONVICTION,FAVORABLE,2.633,NEUTRAL
2026-08-28,AMLX,6.0,0.025,0.009,MINOR,3,146.0,1.02,0.373,CONVICTION,103,235.0,26,24,BULL_BOUNCE_PENDING,LONG,82.8,CONVICTION,FAVORABLE,2.7325,RISING
2026-08-28,CDTG,6.0,0.015,0.011,MINOR,2,257.0,0.09,0.064,COMPRESSION,9,88.0,5,18,BEAR_REJECTION_PENDING,SHORT,43.5,MARGINAL,FAVORABLE,1.4129,FALLING
2026-08-28,BOIL,6.0,0.55,0.571,COMPRESSION,55,488.0,0.95,0.987,COMPRESSION,95,143.0,43,39,BULL_BOUNCE_PENDING,LONG,51.2,MARGINAL,FAVORABLE,0.9629,RISING
2026-08-28,CHWY,6.0,0.31,0.341,COMPRESSION,31,1261.0,0.28,0.308,COMPRESSION,28,626.0,24,53,BULL_BOUNCE_PENDING,LONG,56.5,MARGINAL,FAVORABLE,0.9085,RISING
2026-08-28,DOO,6.0,0.11,0.046,COMPRESSION,12,248.0,0.44,0.183,COMPRESSION,44,985.0,10,57,BULL_BOUNCE_PENDING,LONG,68.6,CONVICTION,FAVORABLE,2.4104,FALLING
2026-08-28,CORD,6.0,0.13,0.266,COMPRESSION,13,496.0,0.06,0.123,COMPRESSION,7,233.0,12,50,BULL_BOUNCE_CONFIRMED,LONG,57.5,MARGINAL,FAVORABLE,0.4879,RISING
2026-08-28,HSAI,6.0,0.37,0.408,MINOR,37,112.0,0.025,0.028,MINOR,3,1255.0,44,22,BUY_LOWER_DIRTY,LONG,52.7,MARGINAL,FAVORABLE,0.9077,RISING
2026-08-28,IPST,6.0,0.18,0.047,MINOR,19,1152.0,0.0681,0.018,MINOR,7,867.0,2,14,BULL_BOUNCE_PENDING,LONG,68.3,CONVICTION,FAVORABLE,3.8258,RISING
2026-08-28,LEGN,6.0,0.51,0.47,COMPRESSION,51,1068.0,0.74,0.682,COMPRESSION,74,282.0,35,41,BULL_BOUNCE,LONG,69.0,CONVICTION,FAVORABLE,1.0846,RISING
2026-08-28,MANE,6.0,1.43,0.241,CONVICTION,143,930.0,0.31,0.052,COMPRESSION,32,147.0,55,18,BULL_BOUNCE,LONG,57.3,MARGINAL,FAVORABLE,5.9305,FALLING
2026-08-28,MAN,6.0,0.51,0.248,COMPRESSION,51,121.0,0.31,0.151,COMPRESSION,31,72.0,18,48,BULL_BOUNCE_PENDING,LONG,64.0,CONVICTION,FAVORABLE,2.0556,NEUTRAL
2026-08-28,MNST,6.0,0.82,0.699,COMPRESSION,83,28.0,3.8925,3.318,CONVICTION,390,984.0,41,40,BULL_BOUNCE_PENDING,LONG,49.7,MARGINAL,FAVORABLE,1.1732,RISING
2026-08-28,MTCH,6.0,0.15,0.141,COMPRESSION,15,200.0,0.22,0.207,COMPRESSION,22,129.0,22,46,BULL_BOUNCE_PENDING,LONG,63.4,CONVICTION,FAVORABLE,1.0617,RISING
2026-08-28,OCUL,6.0,0.1,0.179,MINOR,10,698.0,0.61,1.092,COMPRESSION,62,93.0,46,21,BULL_BOUNCE_PENDING,LONG,68.7,CONVICTION,FAVORABLE,0.5585,NEUTRAL
2026-08-28,PLNT,6.0,0.19,0.102,MINOR,19,371.0,0.06,0.032,COMPRESSION,7,257.0,48,26,BULL_BOUNCE_PENDING,LONG,74.8,CONVICTION,FAVORABLE,1.8584,RISING
2026-08-28,PODD,6.0,0.14,0.027,COMPRESSION,14,130.0,0.24,0.046,MINOR,25,851.0,36,18,BEAR_REJECTION_PENDING,SHORT,54.5,MARGINAL,FAVORABLE,5.2711,FALLING
2026-08-28,RBA,6.0,0.42,0.145,COMPRESSION,43,979.0,0.45,0.155,COMPRESSION,45,570.0,27,24,BULL_BOUNCE_PENDING,LONG,67.9,CONVICTION,FAVORABLE,2.905,RISING
2026-08-28,PFSA,6.0,0.015,0.004,MINOR,2,28.0,0.248,0.061,COMPRESSION,25,351.0,32,25,BULL_BOUNCE_CONFIRMED,LONG,61.0,CONVICTION,FAVORABLE,4.0964,RISING
2026-08-28,ROIV,6.0,0.11,0.101,MINOR,11,25.0,0.04,0.037,COMPRESSION,4,1445.0,11,18,BULL_BOUNCE_PENDING,LONG,78.0,CONVICTION,FAVORABLE,1.0935,RISING
2026-08-28,TDC,6.0,1.24,1.341,CONVICTION,124,418.0,0.53,0.573,COMPRESSION,54,390.0,8,51,BUY_LOWER_DIRTY,LONG,55.5,MARGINAL,FAVORABLE,0.9246,FALLING
2026-08-28,SXTC,6.0,0.22,0.314,MINOR,22,258.0,0.0141,0.02,MINOR,2,504.0,43,13,SHORT_UPPER_DIRTY,SHORT,46.6,MARGINAL,FAVORABLE,0.7007,RISING
2026-08-28,TNON,6.0,0.11,0.053,MINOR,12,99.0,0.06,0.029,MINOR,6,20.0,31,27,BULL_BOUNCE_PENDING,LONG,58.4,MARGINAL,FAVORABLE,2.0666,RISING
2026-08-28,XENE,6.0,0.74,0.32,MINOR,74,194.0,12.66,5.472,CONVICTION,1266,1082.0,51,35,BULL_BOUNCE_PENDING,LONG,80.7,CONVICTION,FAVORABLE,2.3134,NEUTRAL
2026-08-28,ALH,6.0,1.37,1.233,CONVICTION,137,370.0,0.89,0.801,COMPRESSION,90,26.0,49,3,BUY_LOWER_DIRTY,LONG,67.7,CONVICTION,FAVORABLE,1.111,FALLING
2026-08-28,BRSL,6.0,0.09,0.222,COMPRESSION,9,35.0,0.31,0.764,COMPRESSION,31,785.0,45,26,BULL_BOUNCE_PENDING,LONG,43.2,MARGINAL,FAVORABLE,0.4057,RISING
2026-08-28,ACM,6.0,5.05,1.613,CONVICTION,505,303.0,0.13,0.042,COMPRESSION,13,151.0,21,32,BULL_BOUNCE_PENDING,LONG,72.7,CONVICTION,FAVORABLE,3.1305,RISING
2026-08-28,ZSL,6.0,0.025,0.019,COMPRESSION,3,274.0,0.53,0.394,COMPRESSION,54,43.0,62,19,BULL_BOUNCE_PENDING,LONG,60.8,CONVICTION,FAVORABLE,1.3463,FALLING
2026-08-28,AMR,6.0,1.22,0.108,CONVICTION,122,536.0,6.45,0.571,CONVICTION,645,1172.0,3,60,BEAR_REJECTION_PENDING,SHORT,64.4,CONVICTION,FAVORABLE,11.3055,RISING
2026-08-28,AEM,6.0,4.13,0.506,CONVICTION,413,350.0,1.54,0.189,CONVICTION,154,1267.0,39,59,BULL_BOUNCE_PENDING,LONG,80.7,CONVICTION,FAVORABLE,8.1683,RISING
2026-08-28,ARCT,6.0,0.31,0.243,MINOR,31,81.0,0.005,0.004,MINOR,1,156.0,12,16,BULL_BOUNCE_PENDING,LONG,60.0,CONVICTION,FAVORABLE,1.2752,RISING
2026-08-28,ARE,6.0,0.32,0.175,COMPRESSION,33,10.0,0.23,0.126,COMPRESSION,24,309.0,24,63,BULL_BOUNCE_PENDING,LONG,69.0,CONVICTION,FAVORABLE,1.8316,RISING
2026-08-28,ATAT,6.0,0.12,0.091,MINOR,12,302.0,0.05,0.038,COMPRESSION,5,14.0,29,22,BULL_BOUNCE_PENDING,LONG,59.5,MARGINAL,FAVORABLE,1.3181,RISING
2026-08-28,BAH,6.0,0.01,0.004,COMPRESSION,2,237.0,1.24,0.493,CONVICTION,125,1467.0,37,69,BULL_BOUNCE_PENDING,LONG,64.8,CONVICTION,FAVORABLE,2.5137,RISING
2026-08-28,ARKB,6.0,0.59,0.814,COMPRESSION,59,921.0,0.66,0.911,COMPRESSION,67,164.0,22,107,BULL_BOUNCE_PENDING,LONG,63.5,CONVICTION,FAVORABLE,0.7246,RISING
2026-08-28,AU,6.0,0.49,0.102,MINOR,50,242.0,4.29,0.889,CONVICTION,430,47.0,12,68,BULL_BOUNCE_CONFIRMED,LONG,83.6,CONVICTION,FAVORABLE,4.8236,RISING
2026-08-28,BITB,6.0,1.0,0.84,CONVICTION,100,923.0,1.07,0.899,CONVICTION,108,156.0,21,139,BULL_BOUNCE_PENDING,LONG,63.9,CONVICTION,FAVORABLE,1.19,RISING
2026-08-28,BITO,6.0,0.8,2.617,COMPRESSION,80,79.0,0.26,0.851,COMPRESSION,26,42.0,32,59,BULL_BOUNCE,LONG,75.8,CONVICTION,FAVORABLE,0.3057,RISING
2026-08-28,BITU,6.0,0.71,1.013,COMPRESSION,72,324.0,0.675,0.963,COMPRESSION,68,110.0,30,30,BULL_BOUNCE_PENDING,LONG,63.1,CONVICTION,FAVORABLE,0.7011,RISING
2026-08-28,BITX,6.0,0.94,1.033,COMPRESSION,95,181.0,0.91,1.0,COMPRESSION,92,88.0,38,22,BULL_BOUNCE_PENDING,LONG,64.2,CONVICTION,FAVORABLE,0.9098,RISING
2026-08-28,BOOT,6.0,1.94,0.286,CONVICTION,195,1287.0,1.18,0.174,CONVICTION,119,118.0,58,22,BEAR_REJECTION_PENDING,SHORT,50.0,MARGINAL,FAVORABLE,6.7893,FALLING
2026-08-28,BMNU,,0.5,0.269,MINOR,50,219.0,1.09,0.585,CONVICTION,109,1333.0,42,11,BULL_BOUNCE_PENDING,LONG,91.8,CONVICTION,FAVORABLE,1.8619,RISING
2026-08-28,CNXC,6.0,3.2,2.1,CONVICTION,320,263.0,0.14,0.092,COMPRESSION,15,921.0,22,29,BEAR_REJECTION_PENDING,SHORT,72.7,CONVICTION,FAVORABLE,1.524,RISING
2026-08-28,COCO,6.0,0.5,0.19,COMPRESSION,50,109.0,9.0,3.418,CONVICTION,900,162.0,35,10,BULL_BOUNCE_PENDING,LONG,71.0,CONVICTION,FAVORABLE,2.6334,NEUTRAL
2026-08-28,BSOL,,0.52,0.998,COMPRESSION,52,1199.0,0.7,1.343,COMPRESSION,70,939.0,21,82,BULL_BOUNCE_PENDING,LONG,87.6,CONVICTION,FAVORABLE,0.5211,RISING
2026-08-28,BTC,6.0,0.83,0.855,COMPRESSION,83,937.0,0.85,0.876,COMPRESSION,86,141.0,33,95,BULL_BOUNCE_PENDING,LONG,63.8,CONVICTION,FAVORABLE,0.9707,RISING
2026-08-28,CRSP,6.0,0.97,0.342,COMPRESSION,97,681.0,1.8,0.634,CONVICTION,180,678.0,23,75,BULL_BOUNCE_PENDING,LONG,46.0,MARGINAL,FAVORABLE,2.8371,RISING
2026-08-28,CWK,6.0,0.15,0.263,COMPRESSION,16,149.0,0.17,0.298,COMPRESSION,17,884.0,56,28,BULL_BOUNCE_PENDING,LONG,59.7,MARGINAL,FAVORABLE,0.5702,NEUTRAL
2026-08-28,DLO,6.0,0.03,0.051,COMPRESSION,3,39.0,0.22,0.376,COMPRESSION,23,465.0,9,42,BULL_BOUNCE_PENDING,LONG,80.3,CONVICTION,FAVORABLE,0.5845,RISING
2026-08-28,EFX,6.0,2.57,0.456,CONVICTION,257,1399.0,1.72,0.305,CONVICTION,172,357.0,50,38,BULL_BOUNCE,LONG,71.0,CONVICTION,FAVORABLE,5.6337,RISING
2026-08-28,EPAM,6.0,4.11,0.898,CONVICTION,411,1085.0,0.8,0.175,COMPRESSION,80,231.0,16,50,BULL_BOUNCE_PENDING,LONG,71.1,CONVICTION,FAVORABLE,4.5791,RISING
2026-08-28,EL,6.0,2.72,0.752,CONVICTION,272,71.0,9.46,2.616,CONVICTION,946,1157.0,27,46,BEAR_REJECTION_PENDING,SHORT,72.5,CONVICTION,FAVORABLE,3.6156,RISING
2026-08-28,ETHA,6.0,0.51,0.861,COMPRESSION,51,969.0,0.42,0.709,COMPRESSION,43,64.0,35,39,BULL_BOUNCE,LONG,74.0,CONVICTION,FAVORABLE,0.5925,RISING
2026-08-28,ETH,6.0,0.51,0.684,COMPRESSION,51,1473.0,0.55,0.737,COMPRESSION,56,72.0,55,58,BULL_BOUNCE,LONG,74.0,CONVICTION,FAVORABLE,0.7461,RISING
2026-08-28,ETHT,6.0,1.24,1.311,CONVICTION,125,375.0,0.8,0.846,COMPRESSION,81,98.0,51,37,BULL_BOUNCE_PENDING,LONG,71.6,CONVICTION,FAVORABLE,0.9457,RISING
2026-08-28,ETHE,6.0,0.59,0.942,COMPRESSION,59,1113.0,0.46,0.735,COMPRESSION,47,65.0,48,71,BULL_BOUNCE,LONG,74.0,CONVICTION,FAVORABLE,0.6262,RISING
2026-08-28,G,6.0,0.125,0.115,COMPRESSION,13,285.0,0.01,0.009,COMPRESSION,1,101.0,23,33,BULL_BOUNCE_PENDING,LONG,50.6,MARGINAL,FAVORABLE,1.0897,RISING
2026-08-28,ETHU,6.0,1.82,1.228,CONVICTION,183,30.0,1.24,0.837,CONVICTION,125,97.0,65,30,BULL_BOUNCE_PENDING,LONG,86.0,CONVICTION,FAVORABLE,1.4818,RISING
2026-08-28,FBTC,6.0,1.58,0.823,CONVICTION,158,1030.0,1.75,0.912,CONVICTION,175,64.0,48,85,BULL_BOUNCE_PENDING,LONG,69.6,CONVICTION,FAVORABLE,1.9191,RISING
2026-08-28,FETH,6.0,0.51,0.659,COMPRESSION,52,1494.0,0.86,1.111,COMPRESSION,86,48.0,23,62,BULL_BOUNCE_PENDING,LONG,75.6,CONVICTION,FAVORABLE,0.7744,RISING
2026-08-28,GPI,6.0,0.63,0.073,COMPRESSION,63,82.0,2.82,0.328,VACUUM,283,351.0,37,35,BULL_BOUNCE,LONG,59.0,MARGINAL,FAVORABLE,8.6101,FALLING
2026-08-28,ILMN,6.0,0.65,0.073,COMPRESSION,66,1.0,1.38,0.155,CONVICTION,138,1393.0,22,15,BULL_BOUNCE,LONG,78.6,CONVICTION,FAVORABLE,8.8788,RISING
2026-08-28,IBIT,6.0,1.015,0.81,CONVICTION,102,1036.0,1.055,0.842,CONVICTION,106,63.0,21,54,BULL_BOUNCE_PENDING,LONG,62.2,CONVICTION,FAVORABLE,1.2528,RISING
2026-08-28,GBTC,6.0,1.45,0.853,CONVICTION,145,1068.0,1.53,0.9,CONVICTION,153,99.0,29,120,BEAR_REJECTION_PENDING,SHORT,66.6,CONVICTION,FAVORABLE,1.6996,RISING
2026-08-28,IMNM,6.0,0.05,0.032,MINOR,6,163.0,0.29,0.186,COMPRESSION,30,353.0,32,38,BULL_BOUNCE_PENDING,LONG,48.0,MARGINAL,FAVORABLE,1.5563,RISING
2026-08-28,LPX,6.0,0.17,0.067,COMPRESSION,18,233.0,0.24,0.095,MINOR,25,501.0,47,4,BUY_LOWER_DIRTY,LONG,47.9,MARGINAL,FAVORABLE,2.5242,FALLING
2026-08-28,MRNX,6.0,0.53,0.024,MINOR,54,1006.0,2.25,0.102,VACUUM,225,96.0,21,16,BULL_BOUNCE_PENDING,LONG,75.1,CONVICTION,FAVORABLE,22.0382,RISING
2026-08-28,KOLD,6.0,1.51,1.029,CONVICTION,151,135.0,1.7,1.158,VACUUM,170,100.0,63,39,BEAR_REJECTION_PENDING,SHORT,83.5,CONVICTION,FAVORABLE,1.4681,FALLING
2026-08-28,JNUG,6.0,4.39,0.338,CONVICTION,440,686.0,6.11,0.47,CONVICTION,612,154.0,15,74,BULL_BOUNCE_CONFIRMED,LONG,79.0,CONVICTION,FAVORABLE,12.9942,RISING
2026-08-28,MRNY,6.0,1.75,0.41,CONVICTION,175,90.0,0.9363,0.219,MINOR,94,388.0,40,28,BULL_BOUNCE_PENDING,LONG,50.0,MARGINAL,FAVORABLE,4.2676,RISING
2026-08-28,MRVI,6.0,0.09,0.15,COMPRESSION,9,391.0,0.22,0.366,COMPRESSION,23,1174.0,21,32,BULL_BOUNCE_PENDING,LONG,71.9,CONVICTION,FAVORABLE,0.6017,RISING
2026-08-28,MSTU,6.0,1.1,0.341,CONVICTION,111,1034.0,1.52,0.472,CONVICTION,152,1222.0,24,20,BULL_BOUNCE_PENDING,LONG,89.9,CONVICTION,FAVORABLE,3.2213,RISING
2026-08-28,NTLA,6.0,11.83,17.125,CONVICTION,1183,417.0,0.24,0.347,COMPRESSION,25,258.0,35,64,BULL_BOUNCE_PENDING,LONG,50.9,MARGINAL,FAVORABLE,0.6908,RISING
2026-08-28,NG,6.0,0.05,0.11,COMPRESSION,6,11.0,0.17,0.372,COMPRESSION,17,400.0,28,70,BULL_BOUNCE_PENDING,LONG,51.0,MARGINAL,FAVORABLE,0.4564,RISING
2026-08-28,MSTY,6.0,0.19,0.251,MINOR,19,1434.0,0.25,0.331,COMPRESSION,25,653.0,41,49,BULL_BOUNCE_PENDING,LONG,75.8,CONVICTION,FAVORABLE,0.7557,RISING
2026-08-28,OMER,6.0,0.005,0.004,MINOR,1,121.0,2.94,2.566,CONVICTION,294,1395.0,4,50,BULL_BOUNCE_PENDING,LONG,48.0,MARGINAL,FAVORABLE,1.1457,RISING
2026-08-28,PGR,6.0,2.07,0.417,CONVICTION,207,932.0,2.9,0.584,CONVICTION,291,890.0,45,55,BULL_BOUNCE_CONFIRMED,LONG,89.0,CONVICTION,FAVORABLE,4.9647,RISING
2026-08-28,SG,6.0,0.001,0.003,MINOR,1,50.0,0.03,0.079,COMPRESSION,4,207.0,14,28,BEAR_REJECTION_PENDING,SHORT,44.0,MARGINAL,FAVORABLE,0.3776,RISING
2026-08-28,SEDG,6.0,0.26,0.138,MINOR,26,982.0,1.38,0.733,CONVICTION,138,394.0,10,25,BEAR_REJECTION_PENDING,SHORT,40.0,MARGINAL,FAVORABLE,1.8815,FALLING
2026-08-28,SKHZ,6.0,0.84,1.215,COMPRESSION,84,781.0,0.1,0.145,COMPRESSION,10,173.0,29,58,BULL_BOUNCE_PENDING,LONG,73.8,CONVICTION,FAVORABLE,0.6911,FALLING
2026-08-28,TKO,6.0,0.8,0.146,COMPRESSION,81,150.0,0.15,0.027,COMPRESSION,16,327.0,71,13,BULL_BOUNCE,LONG,62.8,CONVICTION,FAVORABLE,5.4936,FALLING
2026-08-28,TGT,6.0,0.47,0.085,MINOR,47,17.0,0.49,0.088,COMPRESSION,50,47.0,24,31,BULL_BOUNCE_PENDING,LONG,66.5,CONVICTION,FAVORABLE,5.5443,RISING
2026-08-28,TRI,6.0,0.3301,0.079,COMPRESSION,34,1337.0,2.13,0.509,CONVICTION,214,431.0,45,37,BULL_BOUNCE_PENDING,LONG,74.5,CONVICTION,FAVORABLE,4.1851,RISING
2026-08-28,VKTX,6.0,0.66,0.475,COMPRESSION,67,792.0,0.14,0.101,COMPRESSION,15,1013.0,47,45,BEAR_REJECTION_PENDING,SHORT,46.0,MARGINAL,FAVORABLE,1.3903,FALLING
2026-08-28,WRBY,6.0,2.31,1.59,CONVICTION,231,673.0,0.25,0.172,COMPRESSION,25,277.0,46,6,BULL_BOUNCE_PENDING,LONG,58.8,MARGINAL,FAVORABLE,1.4529,FALLING
2026-08-28,YMM,6.0,0.08,0.283,COMPRESSION,9,445.0,0.191,0.676,COMPRESSION,20,855.0,54,34,BULL_BOUNCE_PENDING,LONG,54.0,MARGINAL,FAVORABLE,0.2825,RISING
2026-08-28,ZSTK,6.0,0.03,0.019,MINOR,4,86.0,0.2262,0.143,MINOR,23,86.0,10,28,BULL_BOUNCE_CONFIRMED,LONG,75.7,CONVICTION,FAVORABLE,1.5838,RISING
2026-08-28,WPM,6.0,5.0,0.877,VACUUM,500,142.0,0.21,0.037,COMPRESSION,22,64.0,15,87,BULL_BOUNCE_PENDING,LONG,57.0,MARGINAL,FAVORABLE,5.7024,RISING
2026-08-28,ALSN,6.0,10.94,2.779,VACUUM,1094,67.0,1.66,0.422,CONVICTION,167,667.0,32,57,BEAR_REJECTION_PENDING,SHORT,67.3,CONVICTION,FAVORABLE,3.9361,RISING
2026-08-28,AGI,6.0,0.03,0.022,COMPRESSION,4,371.0,0.02,0.015,COMPRESSION,3,97.0,35,63,BULL_BOUNCE_PENDING,LONG,56.1,MARGINAL,FAVORABLE,1.3377,RISING
2026-08-28,ANDG,6.0,,,,,,0.37,0.134,COMPRESSION,38,1067.0,0,82,BULL_BOUNCE_PENDING,LONG,66.0,CONVICTION,FAVORABLE,2.7657,RISING
2026-08-28,BABA,6.0,2.44,0.554,CONVICTION,244,2.0,9.46,2.148,CONVICTION,946,794.0,45,35,BEAR_REJECTION_PENDING,SHORT,70.5,CONVICTION,FAVORABLE,4.4036,RISING
2026-08-28,BABX,6.0,0.87,0.544,COMPRESSION,87,10.0,0.5,0.313,MINOR,50,190.0,32,46,BULL_BOUNCE_CONFIRMED,LONG,76.6,CONVICTION,FAVORABLE,1.5978,RISING
2026-08-28,EGO,6.0,0.02,0.01,MINOR,3,21.0,0.36,0.185,COMPRESSION,36,438.0,3,69,BULL_BOUNCE_PENDING,LONG,67.4,CONVICTION,FAVORABLE,1.942,RISING
2026-08-28,FNV,6.0,4.04,0.507,VACUUM,404,266.0,1.02,0.128,CONVICTION,102,241.0,1,87,BEAR_REJECTION_PENDING,SHORT,64.3,CONVICTION,FAVORABLE,7.9651,RISING
2026-08-28,COPX,,,,,,,0.99,0.403,COMPRESSION,99,146.0,0,180,BULL_BOUNCE_PENDING,LONG,71.8,CONVICTION,FAVORABLE,2.4558,RISING
2026-08-28,GEN,6.0,0.09,0.093,COMPRESSION,9,180.0,0.19,0.197,COMPRESSION,19,216.0,7,36,BULL_BOUNCE,LONG,82.9,CONVICTION,FAVORABLE,0.9639,RISING
2026-08-28,GDX,6.0,7.85,2.286,CONVICTION,786,298.0,0.86,0.25,COMPRESSION,86,66.0,14,100,BULL_BOUNCE_PENDING,LONG,54.3,MARGINAL,FAVORABLE,3.4339,RISING
2026-08-28,IQV,6.0,0.015,0.002,MINOR,2,71.0,21.78,2.958,CONVICTION,2178,1044.0,10,30,BULL_BOUNCE_PENDING,LONG,80.9,CONVICTION,FAVORABLE,7.3625,RISING
2026-08-28,GFI,6.0,6.255,3.506,CONVICTION,626,615.0,2.36,1.323,CONVICTION,236,177.0,7,64,CHANNEL_BREAKOUT,LONG,53.0,MARGINAL,FAVORABLE,1.7839,RISING
2026-08-28,HMY,6.0,2.14,2.181,CONVICTION,215,591.0,0.37,0.377,COMPRESSION,37,608.0,62,59,BULL_BOUNCE_PENDING,LONG,94.8,CONVICTION,FAVORABLE,0.981,RISING
2026-08-28,KMX,6.0,0.36,0.188,MINOR,37,134.0,0.46,0.24,COMPRESSION,47,8.0,44,65,BULL_BOUNCE_PENDING,LONG,57.4,MARGINAL,FAVORABLE,1.9179,RISING
2026-08-28,NDSN,6.0,0.16,0.022,MINOR,16,148.0,0.87,0.121,COMPRESSION,88,973.0,42,51,BULL_BOUNCE_PENDING,LONG,65.2,CONVICTION,FAVORABLE,7.1934,RISING
2026-08-28,OSK,6.0,1.84,0.397,CONVICTION,185,732.0,2.89,0.624,CONVICTION,289,1198.0,16,61,BULL_BOUNCE,LONG,79.8,CONVICTION,FAVORABLE,4.6333,RISING
2026-08-28,NTR,6.0,1.45,0.795,CONVICTION,146,28.0,0.17,0.093,COMPRESSION,18,582.0,31,118,BEAR_REJECTION_PENDING,SHORT,68.5,CONVICTION,FAVORABLE,1.823,RISING
2026-08-28,PGEN,6.0,0.045,0.108,MINOR,5,241.0,0.22,0.528,COMPRESSION,22,399.0,38,40,BULL_BOUNCE,LONG,71.0,CONVICTION,FAVORABLE,0.4168,RISING
2026-08-28,PAAS,6.0,2.97,1.361,CONVICTION,298,472.0,1.11,0.509,CONVICTION,111,54.0,12,100,BEAR_REJECTION_PENDING,SHORT,68.5,CONVICTION,FAVORABLE,2.1815,RISING
2026-08-28,PSNL,6.0,0.3,0.322,COMPRESSION,31,398.0,0.1,0.107,COMPRESSION,10,547.0,47,35,BULL_BOUNCE_PENDING,LONG,73.5,CONVICTION,FAVORABLE,0.9319,RISING
2026-08-28,Q,6.0,2.14,0.365,CONVICTION,215,31.0,0.47,0.08,COMPRESSION,47,740.0,78,24,BULL_BOUNCE_PENDING,LONG,73.3,CONVICTION,FAVORABLE,5.8665,FALLING
2026-08-28,RING,6.0,6.21,2.005,CONVICTION,621,119.0,0.15,0.048,COMPRESSION,16,81.0,14,80,BULL_BOUNCE_PENDING,LONG,65.5,CONVICTION,FAVORABLE,3.0974,RISING
2026-08-28,RVTY,6.0,,,,,,0.18,0.05,COMPRESSION,19,245.0,0,65,BULL_BOUNCE_PENDING,LONG,54.0,MARGINAL,FAVORABLE,3.6035,RISING
2026-08-28,RIO,6.0,2.13,0.914,CONVICTION,213,37.0,3.36,1.442,CONVICTION,336,1456.0,30,143,BULL_BOUNCE_PENDING,LONG,72.7,CONVICTION,FAVORABLE,2.3308,RISING
2026-08-28,SBSW,6.0,0.51,1.11,COMPRESSION,51,1041.0,0.76,1.655,COMPRESSION,76,8.0,17,90,BULL_BOUNCE_PENDING,LONG,71.0,CONVICTION,FAVORABLE,0.4593,RISING
2026-08-28,VALE,6.0,0.14,0.33,MINOR,14,300.0,0.04,0.094,COMPRESSION,5,469.0,22,76,BEAR_REJECTION_PENDING,SHORT,34.6,MARGINAL,FAVORABLE,0.4237,RISING
2026-08-28,SQM,6.0,1.62,0.595,CONVICTION,163,1190.0,0.4,0.147,COMPRESSION,40,1005.0,29,96,BULL_BOUNCE_PENDING,LONG,74.0,CONVICTION,FAVORABLE,2.7221,RISING
2026-08-28,SCCO,6.0,0.77,0.089,MINOR,78,28.0,0.28,0.032,COMPRESSION,29,142.0,6,114,BULL_BOUNCE_PENDING,LONG,66.1,CONVICTION,FAVORABLE,8.6621,RISING
2026-08-28,PSN,6.0,0.82,0.48,MINOR,83,85.0,0.07,0.041,COMPRESSION,8,32.0,15,54,BEAR_REJECTION_PENDING,SHORT,70.0,CONVICTION,FAVORABLE,1.7092,NEUTRAL
2026-08-28,GXO,6.0,3.965,3.099,CONVICTION,397,1178.0,0.51,0.399,COMPRESSION,51,702.0,32,21,BULL_BOUNCE_PENDING,LONG,60.0,CONVICTION,FAVORABLE,1.2793,RISING
2026-08-28,AIAI,6.0,0.04,0.034,MINOR,5,802.0,0.01,0.008,MINOR,1,476.0,5,25,BULL_BOUNCE_PENDING,LONG,54.0,MARGINAL,FAVORABLE,1.1868,RISING
2026-08-28,XOS,6.0,0.55,0.819,COMPRESSION,56,1243.0,0.0084,0.013,MINOR,1,1421.0,35,10,BULL_BOUNCE,LONG,65.0,CONVICTION,FAVORABLE,0.6715,RISING
2026-08-28,ALGT,6.0,1.06,0.265,CONVICTION,107,545.0,1.87,0.468,CONVICTION,187,230.0,57,24,BULL_BOUNCE_PENDING,LONG,75.2,CONVICTION,FAVORABLE,3.9989,FALLING
2026-08-28,ALNY,6.0,1.98,0.233,CONVICTION,198,45.0,0.51,0.06,COMPRESSION,52,392.0,45,47,BEAR_REJECTION_PENDING,SHORT,59.6,MARGINAL,FAVORABLE,8.4883,RISING
2026-08-28,AMTM,6.0,1.24,1.234,CONVICTION,125,1317.0,0.1306,0.13,MINOR,14,151.0,37,2,DOUBLE_REJECTION_LONG,LONG,70.0,CONVICTION,FAVORABLE,1.0049,RISING
2026-08-28,BEAM,6.0,0.99,0.667,COMPRESSION,99,535.0,1.84,1.24,CONVICTION,184,555.0,55,61,BULL_BOUNCE_PENDING,LONG,58.2,MARGINAL,FAVORABLE,1.4838,RISING
2026-08-28,BGC,6.0,0.24,0.607,MINOR,25,17.0,0.01,0.025,COMPRESSION,1,198.0,3,40,BULL_BOUNCE_PENDING,LONG,61.0,CONVICTION,FAVORABLE,0.3954,RISING
2026-08-28,BNTX,,0.87,0.178,COMPRESSION,88,7.0,16.54,3.388,CONVICTION,1655,208.0,56,13,BULL_BOUNCE_PENDING,LONG,81.0,CONVICTION,FAVORABLE,4.8824,RISING
2026-08-28,CDNA,6.0,0.27,0.125,MINOR,28,44.0,2.98,1.383,CONVICTION,298,1076.0,21,39,BULL_BOUNCE_PENDING,LONG,64.0,CONVICTION,FAVORABLE,2.1551,RISING
2026-08-28,CX,,0.03,0.115,COMPRESSION,3,348.0,0.13,0.5,MINOR,14,174.0,46,17,BEAR_REJECTION_PENDING,SHORT,50.0,MARGINAL,FAVORABLE,0.2599,FALLING
2026-08-28,DE,6.0,3.33,0.165,CONVICTION,333,111.0,21.54,1.065,CONVICTION,2154,173.0,43,39,BULL_BOUNCE_PENDING,LONG,74.0,CONVICTION,FAVORABLE,20.2333,RISING
2026-08-28,DXCM,6.0,0.329,0.133,COMPRESSION,33,161.0,1.3,0.526,CONVICTION,130,508.0,37,27,BULL_BOUNCE,LONG,69.0,CONVICTION,FAVORABLE,2.4703,NEUTRAL
2026-08-28,EZPW,6.0,0.09,0.057,MINOR,10,151.0,0.22,0.139,COMPRESSION,22,170.0,10,51,BULL_BOUNCE_PENDING,LONG,49.5,MARGINAL,FAVORABLE,1.5832,RISING
2026-08-28,DJT,6.0,0.195,0.374,COMPRESSION,20,1431.0,0.085,0.163,MINOR,9,269.0,24,55,BULL_BOUNCE_PENDING,LONG,54.0,MARGINAL,FAVORABLE,0.5214,RISING
2026-08-28,FCFS,6.0,0.32,0.034,COMPRESSION,32,229.0,1.96,0.208,VACUUM,197,723.0,43,81,BUY_LOWER_DIRTY,LONG,36.3,MARGINAL,FAVORABLE,9.4049,RISING
2026-08-28,LMND,6.0,0.81,0.392,MINOR,81,381.0,0.575,0.278,MINOR,58,444.0,42,41,BEAR_REJECTION_PENDING,SHORT,56.3,MARGINAL,FAVORABLE,2.0649,RISING
2026-08-28,IBKR,6.0,0.14,0.047,COMPRESSION,15,25.0,0.165,0.055,COMPRESSION,17,457.0,35,69,BULL_BOUNCE_PENDING,LONG,69.2,CONVICTION,FAVORABLE,2.985,FALLING
2026-08-28,GOF,,0.02,0.075,COMPRESSION,3,741.0,0.0031,0.012,COMPRESSION,1,386.0,102,30,SHORT_UPPER_DIRTY,SHORT,47.1,MARGINAL,FAVORABLE,0.2681,RISING
2026-08-28,FUTU,6.0,0.26,0.047,COMPRESSION,26,750.0,3.31,0.595,CONVICTION,332,982.0,32,60,BULL_BOUNCE_PENDING,LONG,51.0,MARGINAL,FAVORABLE,5.5671,RISING
2026-08-28,OSIS,6.0,1.6,0.175,CONVICTION,160,595.0,0.13,0.014,MINOR,13,135.0,20,15,BULL_BOUNCE_PENDING,LONG,58.0,MARGINAL,FAVORABLE,9.1501,FALLING
2026-08-28,LULU,6.0,3.6,0.859,CONVICTION,360,274.0,1.98,0.473,CONVICTION,199,395.0,67,25,BULL_BOUNCE_PENDING,LONG,51.0,MARGINAL,FAVORABLE,4.1885,RISING
2026-08-28,NVAX,6.0,0.09,0.204,COMPRESSION,10,98.0,0.46,1.044,COMPRESSION,46,666.0,38,55,BULL_BOUNCE_PENDING,LONG,74.5,CONVICTION,FAVORABLE,0.4407,RISING
2026-08-28,TFX,6.0,19.89,5.438,CONVICTION,1989,1364.0,1.87,0.511,CONVICTION,188,1267.0,28,39,BULL_BOUNCE_PENDING,LONG,60.0,CONVICTION,FAVORABLE,3.6577,FALLING
2026-08-28,ROBN,6.0,0.35,0.113,COMPRESSION,36,1461.0,0.16,0.052,COMPRESSION,17,6.0,49,15,BULL_BOUNCE_PENDING,LONG,55.9,MARGINAL,FAVORABLE,3.0904,NEUTRAL
2026-08-28,SDOT,6.0,0.78,0.187,MINOR,78,404.0,1.4,0.336,CONVICTION,141,308.0,25,24,BUY_LOWER_DIRTY,LONG,51.2,MARGINAL,FAVORABLE,4.165,RISING
2026-08-28,TMC,6.0,0.18,0.526,COMPRESSION,19,1392.0,0.02,0.058,COMPRESSION,3,137.0,3,10,BULL_BOUNCE_PENDING,LONG,63.7,CONVICTION,FAVORABLE,0.3421,RISING
2026-08-28,UCTT,6.0,1.68,0.291,CONVICTION,169,180.0,0.1,0.017,COMPRESSION,11,1384.0,32,28,BEAR_REJECTION_PENDING,SHORT,84.4,CONVICTION,FAVORABLE,5.766,FALLING
2026-08-28,UEC,6.0,0.12,0.183,COMPRESSION,13,223.0,0.1,0.153,COMPRESSION,10,1439.0,36,38,BULL_BOUNCE_PENDING,LONG,73.3,CONVICTION,FAVORABLE,0.6549,RISING
2026-08-28,URA,6.0,0.495,0.329,COMPRESSION,50,280.0,0.03,0.02,COMPRESSION,4,518.0,30,80,BULL_BOUNCE_PENDING,LONG,70.0,CONVICTION,FAVORABLE,1.5046,RISING
2026-08-28,URNM,6.0,0.14,0.074,MINOR,15,69.0,0.31,0.163,COMPRESSION,32,343.0,31,77,BULL_BOUNCE_PENDING,LONG,70.7,CONVICTION,FAVORABLE,1.8982,RISING
2026-08-28,USDE,6.0,0.011,0.01,COMPRESSION,2,295.0,0.385,0.346,COMPRESSION,39,6.0,7,9,BULL_BOUNCE_CONFIRMED,LONG,97.8,CONVICTION,FAVORABLE,1.1139,RISING
2026-08-28,VPG,6.0,0.39,0.08,COMPRESSION,40,55.0,0.38,0.077,COMPRESSION,38,29.0,56,40,BEAR_REJECTION_PENDING,SHORT,64.1,CONVICTION,FAVORABLE,4.9045,FALLING
2026-08-28,RH,6.0,0.98,0.113,COMPRESSION,99,544.0,2.235,0.258,VACUUM,224,521.0,83,15,BEAR_REJECTION_PENDING,SHORT,70.0,CONVICTION,FAVORABLE,8.6531,FALLING
2026-08-28,ZTS,6.0,0.25,0.097,COMPRESSION,25,123.0,0.67,0.26,COMPRESSION,68,134.0,33,64,BEAR_REJECTION_PENDING,SHORT,44.0,MARGINAL,FAVORABLE,2.5796,RISING
2026-08-28,POOL,6.0,1.52,0.259,CONVICTION,153,374.0,0.84,0.143,COMPRESSION,85,93.0,52,17,BULL_BOUNCE_PENDING,LONG,70.0,CONVICTION,FAVORABLE,5.8711,FALLING
2026-08-28,LII,,0.77,0.062,COMPRESSION,77,773.0,0.28,0.022,MINOR,28,57.0,38,9,BULL_BOUNCE,LONG,55.0,MARGINAL,FAVORABLE,12.4554,FALLING
2026-08-28,MDA,6.0,0.24,0.151,COMPRESSION,25,56.0,1.16,0.73,CONVICTION,117,701.0,46,48,BEAR_REJECTION_PENDING,SHORT,63.9,CONVICTION,FAVORABLE,1.5892,FALLING
2026-08-28,DXST,6.0,0.3,1.379,COMPRESSION,31,311.0,0.04,0.184,COMPRESSION,5,934.0,28,25,BULL_BOUNCE,LONG,59.0,MARGINAL,FAVORABLE,0.2176,NEUTRAL
2026-08-28,XPON,6.0,0.08,0.058,MINOR,9,175.0,3.26,2.349,CONVICTION,326,335.0,16,26,BULL_BOUNCE_PENDING,LONG,63.0,CONVICTION,FAVORABLE,1.388,RISING
2026-08-28,NCTY,6.0,0.33,0.418,COMPRESSION,34,738.0,0.1234,0.156,COMPRESSION,13,751.0,20,34,BULL_BOUNCE_PENDING,LONG,62.1,CONVICTION,FAVORABLE,0.7886,RISING
2026-08-28,AEO,6.0,0.13,0.185,MINOR,14,423.0,0.2,0.284,COMPRESSION,20,505.0,37,66,BULL_BOUNCE_PENDING,LONG,70.8,CONVICTION,FAVORABLE,0.703,RISING
2026-08-28,XXRP,6.0,2.5,0.778,CONVICTION,250,1323.0,6.15,1.914,CONVICTION,616,394.0,49,16,BULL_BOUNCE_PENDING,LONG,87.0,CONVICTION,FAVORABLE,3.2138,RISING
2026-08-28,UXRP,6.0,1.2,0.772,CONVICTION,120,562.0,1.16,0.746,CONVICTION,117,354.0,28,52,BUY_LOWER_DIRTY,LONG,46.5,MARGINAL,FAVORABLE,1.5543,RISING
2026-08-28,XRPT,6.0,2.82,0.816,CONVICTION,282,1237.0,6.47,1.872,CONVICTION,647,406.0,60,24,BULL_BOUNCE_PENDING,LONG,57.0,MARGINAL,FAVORABLE,3.4566,RISING
2026-08-28,CNK,6.0,0.4,0.344,COMPRESSION,40,30.0,0.97,0.835,COMPRESSION,97,1421.0,52,16,BULL_BOUNCE_PENDING,LONG,69.0,CONVICTION,FAVORABLE,1.1618,NEUTRAL
2026-08-28,CART,6.0,0.01,0.006,COMPRESSION,2,26.0,0.27,0.149,COMPRESSION,27,972.0,26,28,BULL_BOUNCE,LONG,76.5,CONVICTION,FAVORABLE,1.8103,RISING
2026-08-28,DASH,6.0,2.12,0.274,CONVICTION,213,364.0,4.29,0.554,CONVICTION,429,1341.0,22,27,BULL_BOUNCE,LONG,73.0,CONVICTION,FAVORABLE,7.7399,RISING
2026-08-28,DLTR,6.0,0.55,0.126,COMPRESSION,55,407.0,1.445,0.33,CONVICTION,145,1045.0,37,37,BULL_BOUNCE,LONG,69.5,CONVICTION,FAVORABLE,4.375,NEUTRAL
2026-08-28,BEX,6.0,2.71,0.69,CONVICTION,271,939.0,0.06,0.015,COMPRESSION,6,849.0,42,31,BULL_BOUNCE_PENDING,LONG,59.4,MARGINAL,FAVORABLE,3.9297,RISING
2026-08-28,ETSY,6.0,0.39,0.118,COMPRESSION,40,125.0,1.51,0.457,CONVICTION,151,1447.0,19,52,BULL_BOUNCE_CONFIRMED,LONG,78.9,CONVICTION,FAVORABLE,3.3026,RISING
2026-08-28,FLO,6.0,0.005,0.016,MINOR,1,184.0,0.005,0.016,MINOR,1,121.0,29,10,BULL_BOUNCE_CONFIRMED,LONG,52.1,MARGINAL,FAVORABLE,0.3097,FALLING
2026-08-28,GGAL,6.0,0.28,0.151,MINOR,29,1205.0,1.15,0.62,VACUUM,115,291.0,51,9,BULL_BOUNCE_PENDING,LONG,79.4,CONVICTION,FAVORABLE,1.855,RISING
2026-08-28,SGHC,6.0,0.04,0.113,COMPRESSION,5,169.0,0.02,0.056,COMPRESSION,2,220.0,14,30,BULL_BOUNCE,LONG,71.0,CONVICTION,FAVORABLE,0.3555,RISING
2026-08-28,NVDQ,6.0,1.025,1.8,CONVICTION,103,391.0,0.005,0.009,COMPRESSION,1,338.0,17,24,BEAR_REJECTION_PENDING,SHORT,74.7,CONVICTION,FAVORABLE,0.5694,RISING
2026-08-28,OR,6.0,0.11,0.089,COMPRESSION,11,451.0,0.28,0.226,COMPRESSION,28,277.0,29,60,BULL_BOUNCE_PENDING,LONG,60.0,CONVICTION,FAVORABLE,1.2376,RISING
2026-08-28,TNGX,6.0,1.4872,1.059,VACUUM,149,127.0,0.02,0.014,MINOR,2,162.0,50,7,CHANNEL_RECLAIM_LONG,LONG,61.0,CONVICTION,FAVORABLE,1.405,RISING
2026-08-28,VERA,6.0,0.62,0.314,COMPRESSION,62,1016.0,0.33,0.167,COMPRESSION,33,258.0,22,25,BULL_BOUNCE_PENDING,LONG,44.0,MARGINAL,FAVORABLE,1.9774,RISING
2026-08-28,VRSN,6.0,1.56,0.211,CONVICTION,157,359.0,0.19,0.026,COMPRESSION,19,432.0,30,79,BULL_BOUNCE_PENDING,LONG,75.2,CONVICTION,FAVORABLE,7.3778,RISING
2026-08-28,YOU,6.0,0.86,0.474,COMPRESSION,86,1207.0,0.09,0.05,COMPRESSION,10,360.0,27,17,BULL_BOUNCE_PENDING,LONG,56.0,MARGINAL,FAVORABLE,1.8145,FALLING
2026-08-28,ZURA,6.0,0.19,0.508,COMPRESSION,20,355.0,0.13,0.347,MINOR,13,608.0,50,11,BULL_BOUNCE,LONG,67.0,CONVICTION,FAVORABLE,0.3742,RISING
2026-08-28,OLN,6.0,0.17,0.279,COMPRESSION,18,116.0,0.015,0.025,MINOR,2,44.0,44,2,BULL_BOUNCE,LONG,55.0,MARGINAL,FAVORABLE,0.6101,FALLING
2026-08-28,ESAB,6.0,0.31,0.092,COMPRESSION,32,698.0,0.08,0.024,MINOR,8,171.0,73,2,BULL_BOUNCE,LONG,55.0,MARGINAL,FAVORABLE,3.3835,FALLING
2026-08-28,MAIR,6.0,0.03,0.015,MINOR,3,156.0,0.095,0.048,COMPRESSION,10,399.0,20,36,BULL_BOUNCE,LONG,67.0,CONVICTION,FAVORABLE,1.9703,RISING
2026-08-28,WVVIP,,0.3698,0.305,COMPRESSION,37,266.0,0.5652,0.467,COMPRESSION,57,956.0,1,28,BULL_BOUNCE_PENDING,LONG,48.0,MARGINAL,FAVORABLE,1.2112,RISING
2026-08-28,SWVL,6.0,0.02,0.113,MINOR,3,670.0,0.74,4.19,COMPRESSION,74,134.0,12,9,CHANNEL_RECLAIM_LONG,LONG,61.0,CONVICTION,FAVORABLE,0.1766,RISING
2026-08-28,PSNYW,6.0,0.11,0.163,MINOR,11,106.0,0.77,1.139,COMPRESSION,77,528.0,10,17,BULL_BOUNCE_PENDING,LONG,56.0,MARGINAL,FAVORABLE,0.6763,RISING
2026-08-28,AMIX,6.0,0.17,0.147,MINOR,17,1169.0,1.73,1.495,CONVICTION,173,324.0,47,3,BULL_BOUNCE_PENDING,LONG,100.0,CONVICTION,FAVORABLE,1.1574,RISING
2026-08-28,DAIC,6.0,0.0108,0.013,MINOR,2,263.0,1.27,1.483,CONVICTION,128,338.0,15,11,BULL_BOUNCE_PENDING,LONG,62.0,CONVICTION,FAVORABLE,0.8562,RISING
2026-08-28,JEM,6.0,0.03,0.037,MINOR,4,766.0,1.07,1.328,CONVICTION,108,186.0,24,21,BULL_BOUNCE_PENDING,LONG,81.4,CONVICTION,FAVORABLE,0.806,RISING
2026-08-28,ACHC,6.0,0.26,0.164,COMPRESSION,26,1300.0,0.16,0.101,MINOR,17,472.0,16,69,BULL_BOUNCE_PENDING,LONG,70.6,CONVICTION,FAVORABLE,1.5832,NEUTRAL
2026-08-28,BBD,6.0,0.03,0.321,COMPRESSION,4,91.0,0.06,0.642,COMPRESSION,7,1329.0,36,40,BULL_BOUNCE_CONFIRMED,LONG,58.0,MARGINAL,FAVORABLE,0.0935,RISING
2026-08-28,BNS,6.0,0.93,0.483,MINOR,94,81.0,0.88,0.457,COMPRESSION,89,852.0,19,61,BULL_BOUNCE_PENDING,LONG,97.3,CONVICTION,FAVORABLE,1.9238,NEUTRAL
2026-08-28,CDNS,6.0,5.49,0.552,CONVICTION,550,533.0,1.57,0.158,CONVICTION,158,1004.0,13,47,BULL_BOUNCE_PENDING,LONG,50.0,MARGINAL,FAVORABLE,9.9429,NEUTRAL
2026-08-28,EXEL,6.0,0.34,0.238,COMPRESSION,35,90.0,0.4,0.28,COMPRESSION,41,56.0,25,64,BULL_BOUNCE_PENDING,LONG,58.9,MARGINAL,FAVORABLE,1.4275,RISING
2026-08-28,EYE,6.0,0.19,0.185,COMPRESSION,20,694.0,0.505,0.492,MINOR,51,534.0,33,14,BULL_BOUNCE,LONG,66.4,CONVICTION,FAVORABLE,1.0261,RISING
2026-08-28,IMMX,6.0,0.41,0.45,MINOR,42,161.0,0.04,0.044,MINOR,4,566.0,24,28,BULL_BOUNCE_PENDING,LONG,48.0,MARGINAL,FAVORABLE,0.9111,RISING
2026-08-28,GENB,6.0,0.01,0.006,COMPRESSION,1,447.0,0.3,0.182,COMPRESSION,31,780.0,39,29,BULL_BOUNCE_PENDING,LONG,46.0,MARGINAL,FAVORABLE,1.6445,RISING
2026-08-28,INBX,6.0,0.96,0.113,COMPRESSION,97,1223.0,0.5,0.059,COMPRESSION,50,1484.0,27,39,BUY_LOWER_DIRTY,LONG,51.4,MARGINAL,FAVORABLE,8.4922,RISING
2026-08-28,LOPE,6.0,0.33,0.075,COMPRESSION,34,598.0,0.33,0.075,COMPRESSION,33,160.0,34,40,BEAR_REJECTION_PENDING,SHORT,71.5,CONVICTION,FAVORABLE,4.4228,RISING
2026-08-28,KRYS,6.0,2.19,0.212,CONVICTION,219,201.0,6.79,0.659,CONVICTION,680,499.0,31,59,DCB_BREAKOUT,LONG,37.2,MARGINAL,FAVORABLE,10.3078,RISING
2026-08-28,GDXJ,,1.94,0.427,CONVICTION,194,86.0,1.81,0.399,CONVICTION,182,105.0,7,131,BEAR_REJECTION_PENDING,SHORT,67.1,CONVICTION,FAVORABLE,4.5382,RISING
2026-08-28,MCK,6.0,30.61,1.291,CONVICTION,3062,647.0,1.98,0.084,CONVICTION,199,326.0,26,80,BEAR_REJECTION_PENDING,SHORT,54.0,MARGINAL,FAVORABLE,23.7054,RISING
2026-08-28,NLR,6.0,1.87,0.534,CONVICTION,188,519.0,0.75,0.214,COMPRESSION,75,364.0,46,80,BULL_BOUNCE_PENDING,LONG,55.0,MARGINAL,FAVORABLE,3.5046,RISING
2026-08-28,QGEN,6.0,0.94,0.682,COMPRESSION,94,1362.0,1.09,0.791,CONVICTION,109,1197.0,45,48,BEAR_REJECTION_PENDING,SHORT,59.2,MARGINAL,FAVORABLE,1.3779,FALLING
2026-08-28,QFIN,6.0,1.33,2.172,CONVICTION,133,655.0,0.01,0.016,MINOR,1,240.0,14,22,BEAR_REJECTION_PENDING,SHORT,46.0,MARGINAL,FAVORABLE,0.6123,FALLING
2026-08-28,REAX,6.0,0.68,0.273,COMPRESSION,68,956.0,1.5,0.602,CONVICTION,150,951.0,23,7,BULL_BOUNCE_PENDING,LONG,98.0,CONVICTION,FAVORABLE,2.4924,FALLING
2026-08-28,SE,6.0,0.13,0.025,COMPRESSION,14,84.0,0.37,0.07,COMPRESSION,37,356.0,40,60,BULL_BOUNCE_PENDING,LONG,66.6,CONVICTION,FAVORABLE,5.25,NEUTRAL
2026-08-28,SNPS,6.0,6.5,0.455,CONVICTION,650,606.0,9.66,0.676,CONVICTION,967,879.0,44,64,BEAR_REJECTION_PENDING,SHORT,60.0,CONVICTION,FAVORABLE,14.2807,RISING
2026-08-28,SIL,,1.67,0.475,CONVICTION,168,125.0,1.66,0.472,CONVICTION,166,314.0,5,85,BEAR_REJECTION_PENDING,SHORT,67.3,CONVICTION,FAVORABLE,3.5178,RISING
2026-08-28,SILJ,,0.05,0.043,COMPRESSION,5,167.0,0.49,0.418,COMPRESSION,50,311.0,12,75,BEAR_REJECTION_PENDING,SHORT,42.5,MARGINAL,FAVORABLE,1.1712,RISING
2026-08-28,VCYT,6.0,6.59,3.66,CONVICTION,659,625.0,0.74,0.411,COMPRESSION,75,1455.0,18,43,BULL_BOUNCE_PENDING,LONG,54.0,MARGINAL,FAVORABLE,1.8004,RISING
2026-08-28,UNG,,0.29,1.053,COMPRESSION,29,1156.0,0.31,1.126,COMPRESSION,32,77.0,41,33,BULL_BOUNCE_PENDING,LONG,52.8,MARGINAL,FAVORABLE,0.2754,RISING
2026-08-28,VNET,6.0,0.08,0.186,COMPRESSION,9,60.0,0.2,0.465,COMPRESSION,20,637.0,14,11,BULL_BOUNCE,LONG,71.0,CONVICTION,FAVORABLE,0.43,RISING
2026-08-28,RDIB,6.0,0.03,0.024,MINOR,4,868.0,0.3048,0.247,COMPRESSION,31,1390.0,4,25,BULL_BOUNCE_PENDING,LONG,62.7,CONVICTION,FAVORABLE,1.2321,RISING
2026-08-28,BRNX,,0.13,,COMPRESSION,13,1168.0,0.03,,MINOR,3,60.0,13,7,BULL_BOUNCE_PENDING,LONG,65.0,CONVICTION,FAVORABLE,,
2026-08-28,XME,,1.05,0.301,CONVICTION,106,280.0,1.04,0.298,CONVICTION,104,217.0,23,106,BULL_BOUNCE_PENDING,LONG,72.8,CONVICTION,FAVORABLE,3.49,RISING
2026-08-28,TRUG,6.0,0.075,0.348,COMPRESSION,8,611.0,0.0011,0.005,MINOR,1,239.0,33,3,BULL_BOUNCE_PENDING,LONG,51.0,MARGINAL,FAVORABLE,0.2154,FALLING
2026-08-28,XPEV,6.0,0.045,0.103,COMPRESSION,5,287.0,0.78,1.793,COMPRESSION,78,1009.0,37,20,CHANNEL_BREAKOUT,LONG,39.0,MARGINAL,FAVORABLE,0.4351,RISING
2026-08-28,BBWI,6.0,0.01,0.01,COMPRESSION,2,334.0,0.295,0.281,COMPRESSION,30,1448.0,34,9,BULL_BOUNCE_PENDING,LONG,57.6,MARGINAL,FAVORABLE,1.0482,FALLING
2026-08-28,AROC,,0.6,0.515,COMPRESSION,61,967.0,0.26,0.223,COMPRESSION,26,1232.0,26,69,BULL_BOUNCE_PENDING,LONG,60.3,CONVICTION,FAVORABLE,1.1657,FALLING
2026-08-28,AAON,6.0,0.3,0.062,COMPRESSION,30,105.0,0.495,0.103,COMPRESSION,50,734.0,40,19,BULL_BOUNCE_PENDING,LONG,57.3,MARGINAL,FAVORABLE,4.8141,FALLING
2026-08-28,BHVN,6.0,2.73,2.378,CONVICTION,274,345.0,2.67,2.325,VACUUM,267,1350.0,15,22,BEAR_REJECTION_PENDING,SHORT,69.0,CONVICTION,FAVORABLE,1.1482,RISING
2026-08-28,DTM,,1.6,0.398,CONVICTION,160,942.0,1.01,0.251,CONVICTION,101,635.0,32,44,BULL_BOUNCE_PENDING,LONG,75.0,CONVICTION,FAVORABLE,4.0221,FALLING
2026-08-28,DVA,,1.44,0.309,CONVICTION,144,193.0,12.24,2.626,CONVICTION,1225,537.0,32,29,BULL_BOUNCE_PENDING,LONG,80.4,CONVICTION,FAVORABLE,4.6617,NEUTRAL
2026-08-28,FFIV,6.0,3.22,0.264,VACUUM,322,274.0,12.76,1.045,CONVICTION,1276,850.0,23,72,BULL_BOUNCE_PENDING,LONG,54.0,MARGINAL,FAVORABLE,12.2152,NEUTRAL
2026-08-28,KMI,,0.06,0.073,COMPRESSION,6,605.0,0.18,0.219,COMPRESSION,18,1126.0,24,24,BULL_BOUNCE_PENDING,LONG,65.7,CONVICTION,FAVORABLE,0.8214,FALLING
2026-08-28,IOT,6.0,0.2,0.097,COMPRESSION,21,439.0,0.59,0.287,COMPRESSION,59,946.0,9,35,BULL_BOUNCE,LONG,74.0,CONVICTION,FAVORABLE,2.0527,RISING
2026-08-28,IPGP,6.0,1.6,0.362,CONVICTION,160,989.0,0.6,0.136,COMPRESSION,61,1052.0,26,55,BEAR_REJECTION_PENDING,SHORT,58.0,MARGINAL,FAVORABLE,4.4239,FALLING
2026-08-28,GEV,,3.02,0.073,CONVICTION,302,19.0,12.48,0.304,CONVICTION,1249,1413.0,70,46,BEAR_REJECTION_PENDING,SHORT,56.0,MARGINAL,FAVORABLE,41.0997,FALLING
2026-08-28,LECO,,1.14,0.152,VACUUM,114,0.0,1.75,0.234,CONVICTION,175,921.0,3,68,BULL_BOUNCE_PENDING,LONG,67.0,CONVICTION,FAVORABLE,7.4777,FALLING
2026-08-28,MLI,,0.2,0.1,MINOR,21,238.0,0.34,0.17,COMPRESSION,34,734.0,41,53,BULL_BOUNCE_PENDING,LONG,96.9,CONVICTION,FAVORABLE,1.9948,NEUTRAL
2026-08-28,LNG,,4.27,0.621,CONVICTION,427,305.0,0.7,0.102,COMPRESSION,70,93.0,13,81,BULL_BOUNCE_PENDING,LONG,70.8,CONVICTION,FAVORABLE,6.8752,RISING
2026-08-28,MSFU,,3.27,2.242,VACUUM,328,871.0,1.66,1.138,CONVICTION,167,1010.0,12,45,BULL_BOUNCE_PENDING,LONG,61.0,CONVICTION,FAVORABLE,1.4586,RISING
2026-08-28,MYRG,6.0,1.48,0.101,CONVICTION,149,13.0,2.13,0.145,CONVICTION,213,1081.0,30,21,BEAR_REJECTION_PENDING,SHORT,83.5,CONVICTION,FAVORABLE,14.7125,FALLING
2026-08-28,NTAP,6.0,0.75,0.106,MINOR,75,136.0,0.56,0.079,COMPRESSION,57,637.0,24,56,BULL_BOUNCE_PENDING,LONG,52.0,MARGINAL,FAVORABLE,7.1012,FALLING
2026-08-28,OKE,,0.33,0.139,COMPRESSION,33,274.0,0.45,0.19,COMPRESSION,45,859.0,20,60,BEAR_REJECTION_PENDING,SHORT,78.7,CONVICTION,FAVORABLE,2.3697,FALLING
2026-08-28,PAA,,0.005,0.01,MINOR,1,9.0,0.16,0.317,COMPRESSION,17,1434.0,3,56,BULL_BOUNCE_PENDING,LONG,58.0,MARGINAL,FAVORABLE,0.504,RISING
2026-08-28,PAGP,,0.005,0.009,MINOR,1,30.0,0.01,0.019,COMPRESSION,2,778.0,13,94,BULL_BOUNCE_PENDING,LONG,46.0,MARGINAL,FAVORABLE,0.5297,RISING
2026-08-28,PVH,6.0,1.24,0.406,CONVICTION,124,666.0,0.34,0.111,COMPRESSION,34,1237.0,80,30,BULL_BOUNCE_PENDING,LONG,78.6,CONVICTION,FAVORABLE,3.0505,RISING
2026-08-28,RBC,,3.53,0.238,CONVICTION,353,157.0,0.03,0.002,COMPRESSION,3,986.0,73,41,SHORT_UPPER_DIRTY,SHORT,45.6,MARGINAL,FAVORABLE,14.8346,FALLING
2026-08-28,SANM,6.0,6.41,0.67,CONVICTION,641,177.0,0.9,0.094,COMPRESSION,91,194.0,48,59,BEAR_REJECTION_PENDING,SHORT,58.3,MARGINAL,FAVORABLE,9.5636,FALLING
2026-08-28,SHLS,6.0,0.1,0.207,COMPRESSION,10,976.0,0.3,0.62,COMPRESSION,31,738.0,31,26,BEAR_REJECTION_PENDING,SHORT,47.0,MARGINAL,FAVORABLE,0.4836,FALLING
2026-08-28,TRGP,,2.9,0.311,CONVICTION,291,251.0,1.06,0.114,CONVICTION,107,419.0,41,78,BULL_BOUNCE_PENDING,LONG,64.1,CONVICTION,FAVORABLE,9.3248,FALLING
2026-08-28,URBN,6.0,0.055,0.017,MINOR,6,24.0,1.34,0.405,VACUUM,135,557.0,22,20,BULL_BOUNCE_PENDING,LONG,86.4,CONVICTION,FAVORABLE,3.3104,FALLING
2026-08-28,TECL,,28.6,2.656,CONVICTION,2860,197.0,11.06,1.027,CONVICTION,1107,165.0,57,74,BULL_BOUNCE_PENDING,LONG,52.4,MARGINAL,FAVORABLE,10.7688,FALLING
2026-08-28,TWLO,6.0,0.45,0.039,MINOR,45,26.0,42.05,3.661,CONVICTION,4206,248.0,14,64,SHORT_UPPER_DIRTY,SHORT,61.6,CONVICTION,FAVORABLE,11.4862,NEUTRAL
2026-08-28,TTMI,6.0,5.37,0.583,CONVICTION,538,904.0,2.5,0.271,CONVICTION,250,660.0,28,50,BULL_BOUNCE_PENDING,LONG,60.0,CONVICTION,FAVORABLE,9.2148,FALLING
2026-08-28,WERN,6.0,0.39,0.303,COMPRESSION,40,384.0,0.27,0.21,COMPRESSION,28,962.0,18,49,BULL_BOUNCE_PENDING,LONG,69.4,CONVICTION,FAVORABLE,1.2881,NEUTRAL
2026-08-28,WMB,,0.28,0.129,COMPRESSION,29,443.0,0.24,0.11,COMPRESSION,24,963.0,17,37,BULL_BOUNCE_PENDING,LONG,67.0,CONVICTION,FAVORABLE,2.1767,FALLING
2026-08-28,WSHP,,0.09,0.138,MINOR,9,933.0,0.1577,0.243,COMPRESSION,16,956.0,26,19,BULL_BOUNCE_PENDING,LONG,53.1,MARGINAL,FAVORABLE,0.6503,RISING
2026-08-28,VCTR,,0.155,0.044,MINOR,16,113.0,1.33,0.374,CONVICTION,133,424.0,3,80,BULL_BOUNCE_PENDING,LONG,61.3,CONVICTION,FAVORABLE,3.5602,NEUTRAL
2026-08-28,WSM,,0.97,0.122,MINOR,97,466.0,1.75,0.22,CONVICTION,175,1412.0,70,24,BULL_BOUNCE_PENDING,LONG,80.0,CONVICTION,FAVORABLE,7.9598,RISING
2026-08-28,WSO,,4.54,0.488,CONVICTION,455,27.0,0.42,0.045,COMPRESSION,43,39.0,38,41,SHORT_UPPER_DIRTY,SHORT,52.8,MARGINAL,FAVORABLE,9.297,FALLING
2026-08-28,CYCU,6.0,0.0016,0.002,MINOR,1,581.0,0.0064,0.008,MINOR,1,164.0,5,14,BULL_BOUNCE_PENDING,LONG,65.0,CONVICTION,FAVORABLE,0.8416,NEUTRAL
2026-08-28,NCPL,6.0,0.061,0.552,MINOR,7,121.0,0.0378,0.342,COMPRESSION,4,584.0,14,17,BULL_BOUNCE_PENDING,LONG,99.4,CONVICTION,FAVORABLE,0.1105,RISING
2026-08-28,MIMI,,0.01,0.031,MINOR,1,224.0,0.01,0.031,MINOR,2,75.0,9,8,BULL_BOUNCE_PENDING,LONG,73.0,CONVICTION,FAVORABLE,0.3233,FALLING
2026-08-28,PPCB,6.0,0.09,0.296,MINOR,9,278.0,,,,,,11,0,BEAR_REJECTION_PENDING,SHORT,44.0,MARGINAL,FAVORABLE,0.3044,NEUTRAL
2026-08-28,NMTC,,0.02,0.061,COMPRESSION,3,378.0,0.07,0.213,MINOR,8,541.0,13,7,BULL_BOUNCE_PENDING,LONG,76.0,CONVICTION,FAVORABLE,0.3291,FALLING
2026-08-28,CRWL,,,,,,,0.4003,0.055,MINOR,41,153.0,0,39,BULL_BOUNCE_PENDING,LONG,67.0,CONVICTION,FAVORABLE,7.286,NEUTRAL
2026-08-28,CRMG,,0.26,0.401,MINOR,26,1285.0,1.59,2.454,CONVICTION,160,1327.0,10,34,BULL_BOUNCE_PENDING,LONG,67.0,CONVICTION,FAVORABLE,0.6478,RISING
2026-08-28,CYPH,6.0,0.001,0.005,MINOR,1,426.0,0.41,1.982,COMPRESSION,42,266.0,15,14,BULL_BOUNCE_PENDING,LONG,75.0,CONVICTION,FAVORABLE,0.2069,RISING
2026-08-28,BBY,,0.18,0.054,COMPRESSION,19,1474.0,0.52,0.157,MINOR,52,511.0,28,19,BULL_BOUNCE_PENDING,LONG,80.4,CONVICTION,FAVORABLE,3.3162,NEUTRAL
2026-08-28,BHF,,0.32,0.184,COMPRESSION,33,949.0,5.2,2.997,CONVICTION,520,1206.0,32,36,BULL_BOUNCE_PENDING,LONG,64.3,CONVICTION,FAVORABLE,1.735,FALLING
2026-08-28,CELU,,0.0002,0.001,MINOR,1,1263.0,0.0049,0.023,MINOR,1,1264.0,6,1,BULL_BOUNCE_PENDING,LONG,87.9,CONVICTION,FAVORABLE,0.2163,RISING
2026-08-28,AVGX,,1.96,0.611,CONVICTION,197,215.0,0.23,0.072,COMPRESSION,23,1464.0,61,75,BULL_BOUNCE_PENDING,LONG,83.0,CONVICTION,FAVORABLE,3.2068,RISING
2026-08-28,BILI,6.0,0.055,0.098,COMPRESSION,6,330.0,0.2477,0.442,MINOR,25,13.0,54,24,CHANNEL_BREAKOUT,LONG,65.0,CONVICTION,FAVORABLE,0.5607,RISING
2026-08-28,BUG,,0.2716,0.173,MINOR,28,34.0,0.265,0.169,COMPRESSION,27,1251.0,7,51,BULL_BOUNCE_PENDING,LONG,53.0,MARGINAL,FAVORABLE,1.5656,FALLING
2026-08-28,HACK,,0.39,0.103,COMPRESSION,40,202.0,1.34,0.353,CONVICTION,134,1455.0,38,83,BULL_BOUNCE_PENDING,LONG,68.5,CONVICTION,FAVORABLE,3.8006,FALLING
2026-08-28,CIBR,,0.315,0.113,MINOR,32,69.0,1.2,0.43,CONVICTION,121,1466.0,14,84,CHANNEL_GAP_BREAKOUT_LONG,LONG,80.6,CONVICTION,FAVORABLE,2.7936,FALLING
2026-08-28,IGV,,2.3,0.864,VACUUM,230,262.0,2.165,0.813,CONVICTION,217,1245.0,5,96,BEAR_REJECTION_PENDING,SHORT,67.1,CONVICTION,FAVORABLE,2.6626,NEUTRAL
2026-08-28,NAT,6.0,0.0539,0.206,MINOR,6,136.0,0.06,0.23,MINOR,6,578.0,12,44,BULL_BOUNCE_PENDING,LONG,78.3,CONVICTION,FAVORABLE,0.2611,NEUTRAL
2026-08-28,NEO,6.0,0.009,0.012,MINOR,1,37.0,0.48,0.646,COMPRESSION,49,505.0,10,57,BULL_BOUNCE_PENDING,LONG,61.0,CONVICTION,FAVORABLE,0.7426,NEUTRAL
2026-08-28,SDRL,6.0,0.32,0.172,COMPRESSION,33,471.0,1.23,0.662,CONVICTION,124,370.0,7,86,CHANNEL_GAP_BREAKOUT_LONG,LONG,86.0,CONVICTION,FAVORABLE,1.8586,FALLING
2026-08-28,MUD,6.0,0.56,0.955,COMPRESSION,57,156.0,0.34,0.58,COMPRESSION,35,192.0,40,78,BULL_BOUNCE_CONFIRMED,LONG,88.6,CONVICTION,FAVORABLE,0.5861,RISING
2026-08-28,TNK,,1.47,0.422,CONVICTION,147,41.0,0.25,0.072,COMPRESSION,25,800.0,33,66,BULL_BOUNCE_PENDING,LONG,78.8,CONVICTION,FAVORABLE,3.4825,FALLING
2026-08-28,TYL,6.0,2.69,0.194,CONVICTION,269,1270.0,2.47,0.178,CONVICTION,247,441.0,18,73,BEAR_REJECTION_PENDING,SHORT,66.0,CONVICTION,FAVORABLE,13.8879,RISING
2026-08-28,ZM,6.0,1.33,0.317,CONVICTION,133,248.0,5.72,1.365,CONVICTION,572,8.0,40,59,BEAR_REJECTION_PENDING,SHORT,74.5,CONVICTION,FAVORABLE,4.1893,FALLING
2026-08-28,SGI,6.0,3.64,1.834,CONVICTION,365,314.0,0.35,0.176,MINOR,36,76.0,30,10,BEAR_REJECTION_PENDING,SHORT,71.5,CONVICTION,FAVORABLE,1.9848,FALLING
2026-08-28,SOLT,,11.2,2.962,CONVICTION,1121,715.0,8.84,2.338,CONVICTION,884,190.0,17,47,BULL_BOUNCE_PENDING,LONG,84.6,CONVICTION,FAVORABLE,3.7818,RISING
2026-08-28,EPOW,,0.0141,0.27,MINOR,2,723.0,,,,,,5,0,BEAR_REJECTION_PENDING,SHORT,23.9,MARGINAL,FAVORABLE,0.0522,RISING
2026-08-28,AEMD,6.0,0.02,0.091,MINOR,3,364.0,0.0081,0.037,MINOR,1,1126.0,2,2,BULL_BOUNCE_PENDING,LONG,71.4,CONVICTION,FAVORABLE,0.2194,FALLING
2026-08-28,UMC,6.0,0.565,0.761,COMPRESSION,57,22.0,0.6,0.809,COMPRESSION,61,770.0,12,41,BULL_BOUNCE_PENDING,LONG,68.3,CONVICTION,FAVORABLE,0.742,RISING
2026-08-28,BURL,6.0,0.5,0.042,COMPRESSION,50,1164.0,2.48,0.207,CONVICTION,249,368.0,62,19,SHORT_UPPER_DIRTY,SHORT,62.6,CONVICTION,FAVORABLE,11.9929,FALLING
2026-08-28,MCD,,0.34,0.068,COMPRESSION,35,462.0,0.06,0.012,MINOR,7,52.0,73,26,BUY_LOWER_DIRTY,LONG,44.6,MARGINAL,FAVORABLE,4.9819,RISING
2026-08-28,GE,6.0,1.78,0.193,CONVICTION,179,119.0,1.57,0.17,CONVICTION,157,378.0,79,34,BULL_BOUNCE_PENDING,LONG,85.5,CONVICTION,FAVORABLE,9.2125,NEUTRAL
2026-08-28,QNME,,0.0269,0.47,MINOR,3,802.0,0.007,0.122,MINOR,1,725.0,7,17,BULL_BOUNCE_PENDING,LONG,54.0,MARGINAL,FAVORABLE,0.0572,
2026-08-28,HRL,,0.23,0.382,COMPRESSION,24,1323.0,0.065,0.108,MINOR,7,175.0,44,15,BULL_BOUNCE_PENDING,LONG,64.8,CONVICTION,FAVORABLE,0.6024,FALLING
2026-08-28,SOLS,,6.8,3.684,CONVICTION,680,1378.0,1.33,0.72,VACUUM,133,302.0,8,22,BULL_BOUNCE_PENDING,LONG,64.5,CONVICTION,FAVORABLE,1.846,FALLING
2026-08-28,TPR,6.0,1.25,0.211,CONVICTION,125,411.0,0.51,0.086,COMPRESSION,52,1466.0,87,11,BEAR_REJECTION_PENDING,SHORT,61.4,CONVICTION,FAVORABLE,5.9259,RISING
2026-08-28,XTNT,,0.0,0.001,COMPRESSION,1,428.0,0.0015,0.04,MINOR,1,1477.0,1,7,BULL_BOUNCE_PENDING,LONG,80.0,CONVICTION,FAVORABLE,0.0372,RISING
2026-08-28,HD,6.0,4.28,0.512,CONVICTION,429,39.0,1.64,0.196,CONVICTION,165,544.0,125,22,BULL_BOUNCE_PENDING,LONG,91.6,CONVICTION,FAVORABLE,8.3603,RISING
