date,ticker,clock_hour,gap_above_size,gap_above_atr_mult,gap_above_conviction,gap_above_tick_width,gap_above_distance_pct,gap_below_size,gap_below_atr_mult,gap_below_conviction,gap_below_tick_width,gap_below_distance_pct,n_gaps_above,n_gaps_below,setup_fired,side,score,tier,spy_regime,atr_14_daily,obv_state
2026-09-18,DLXY,6.0,0.0983,0.213,COMPRESSION,10,453.0,0.0027,0.006,MINOR,1,636.0,7,2,BULL_BOUNCE_PENDING,LONG,55.0,MARGINAL,FAVORABLE,0.461,RISING
2026-09-18,CERT,6.0,0.1,0.285,MINOR,10,905.0,0.06,0.171,MINOR,7,940.0,22,30,BULL_BOUNCE_PENDING,LONG,78.6,CONVICTION,FAVORABLE,0.3506,NEUTRAL
2026-09-18,DOCN,6.0,0.98,0.111,MINOR,99,420.0,1.46,0.165,CONVICTION,147,1141.0,28,77,BULL_BOUNCE_PENDING,LONG,49.0,MARGINAL,FAVORABLE,8.8304,FALLING
2026-09-18,VITL,6.0,0.23,0.481,COMPRESSION,24,489.0,0.67,1.402,COMPRESSION,67,655.0,18,64,BULL_BOUNCE_PENDING,LONG,83.3,CONVICTION,FAVORABLE,0.4779,NEUTRAL
2026-09-18,NTAP,6.0,0.36,0.039,MINOR,37,101.0,2.19,0.237,CONVICTION,219,51.0,18,52,BULL_BOUNCE_PENDING,LONG,79.3,CONVICTION,FAVORABLE,9.2476,NEUTRAL
2026-09-18,USDE,6.0,0.005,0.003,MINOR,1,58.0,0.0149,0.01,COMPRESSION,2,1387.0,4,29,BULL_BOUNCE_PENDING,LONG,62.0,CONVICTION,FAVORABLE,1.5524,NEUTRAL
2026-09-18,FORM,6.0,4.77,0.773,CONVICTION,478,1154.0,2.47,0.4,CONVICTION,247,164.0,27,92,BULL_BOUNCE_PENDING,LONG,77.9,CONVICTION,FAVORABLE,6.1718,RISING
2026-09-18,MANE,6.0,1.43,0.289,CONVICTION,143,528.0,0.31,0.063,COMPRESSION,32,604.0,24,34,BULL_BOUNCE_PENDING,LONG,84.2,CONVICTION,FAVORABLE,4.9451,RISING
2026-09-18,BNC,6.0,0.07,0.107,COMPRESSION,7,982.0,0.41,0.628,COMPRESSION,42,612.0,2,23,BULL_BOUNCE_PENDING,LONG,82.9,CONVICTION,FAVORABLE,0.6531,RISING
2026-09-18,WIX,6.0,0.1776,0.035,COMPRESSION,18,410.0,1.22,0.238,CONVICTION,122,315.0,40,54,BULL_BOUNCE_PENDING,LONG,61.0,CONVICTION,FAVORABLE,5.1325,RISING
2026-09-18,AMRC,6.0,0.94,0.794,COMPRESSION,95,567.0,4.95,4.179,CONVICTION,495,628.0,35,15,BULL_BOUNCE_PENDING,LONG,95.0,CONVICTION,FAVORABLE,1.1846,FALLING
2026-09-18,STRL,6.0,3.66,0.148,CONVICTION,366,458.0,23.05,0.933,CONVICTION,2306,35.0,17,62,BUY_LOWER_DIRTY,LONG,59.8,MARGINAL,FAVORABLE,24.7138,RISING
2026-09-18,AGRO,6.0,0.17,0.332,COMPRESSION,17,1174.0,0.3,0.585,COMPRESSION,30,466.0,37,46,BULL_BOUNCE_PENDING,LONG,73.2,CONVICTION,FAVORABLE,0.5124,FALLING
2026-09-18,AOSL,6.0,0.38,0.342,COMPRESSION,38,309.0,0.33,0.297,COMPRESSION,33,1130.0,28,32,BULL_BOUNCE_PENDING,LONG,47.0,MARGINAL,FAVORABLE,1.1115,NEUTRAL
2026-09-18,WS,7.5,0.67,0.508,COMPRESSION,68,21.0,1.83,1.388,CONVICTION,183,112.0,70,25,BEAR_REJECTION_PENDING,SHORT,64.5,CONVICTION,FAVORABLE,1.3182,RISING
2026-09-18,TCRT,,0.0008,0.006,MINOR,1,275.0,,,,,,4,0,BEAR_REJECTION_PENDING,SHORT,50.0,MARGINAL,FAVORABLE,0.1347,FALLING
2026-09-18,SSM,6.0,0.0082,0.011,MINOR,1,273.0,0.5,0.641,COMPRESSION,50,398.0,3,4,BULL_BOUNCE_PENDING,LONG,100.0,CONVICTION,FAVORABLE,0.7799,RISING
2026-09-18,IMCC,,0.01,0.013,MINOR,2,657.0,0.0259,0.034,COMPRESSION,3,455.0,3,2,BULL_BOUNCE_PENDING,LONG,100.0,CONVICTION,FAVORABLE,0.7688,RISING
2026-09-18,CPOP,6.0,0.01,0.017,COMPRESSION,1,612.0,0.04,0.068,MINOR,5,1410.0,4,27,BULL_BOUNCE_PENDING,LONG,86.6,CONVICTION,FAVORABLE,0.5888,RISING
2026-09-18,CTNT,6.0,0.0,0.0,MINOR,1,218.0,0.0001,0.001,MINOR,1,218.0,2,4,BULL_BOUNCE_PENDING,LONG,85.0,CONVICTION,FAVORABLE,0.1774,RISING
2026-09-18,GIPR,6.0,0.005,0.03,MINOR,1,766.0,,,,,,1,0,BEAR_REJECTION_PENDING,SHORT,29.0,MARGINAL,FAVORABLE,0.1687,RISING
2026-09-18,AKAN,6.0,0.028,0.07,MINOR,3,478.0,0.2205,0.555,COMPRESSION,23,61.0,4,14,BULL_BOUNCE_PENDING,LONG,78.5,CONVICTION,FAVORABLE,0.3975,RISING
2026-09-18,SLXN,6.0,0.0001,0.002,MINOR,1,639.0,0.0055,0.116,COMPRESSION,1,231.0,7,16,BULL_BOUNCE_PENDING,LONG,82.6,CONVICTION,FAVORABLE,0.0476,RISING
2026-09-18,ZTG,6.0,,,,,,0.009,0.026,MINOR,1,1158.0,0,5,BULL_BOUNCE_PENDING,LONG,88.3,CONVICTION,FAVORABLE,0.3468,RISING
2026-09-18,BMNR,6.0,1.02,0.54,CONVICTION,102,801.0,0.94,0.497,COMPRESSION,94,336.0,9,53,BULL_BOUNCE_PENDING,LONG,74.8,CONVICTION,FAVORABLE,1.89,NEUTRAL
2026-09-18,INTC,6.0,2.7,0.483,CONVICTION,271,239.0,3.335,0.597,CONVICTION,334,240.0,34,52,BULL_BOUNCE_PENDING,LONG,77.9,CONVICTION,FAVORABLE,5.5901,RISING
2026-09-18,NVDA,6.0,3.145,0.542,VACUUM,315,36.0,4.235,0.729,VACUUM,424,62.0,31,51,BULL_BOUNCE_PENDING,LONG,81.8,CONVICTION,FAVORABLE,5.8054,FALLING
2026-09-18,GPUS,6.0,0.0011,0.048,MINOR,1,269.0,0.0004,0.018,MINOR,1,55.0,5,8,BULL_BOUNCE_PENDING,LONG,47.0,MARGINAL,FAVORABLE,0.0227,RISING
2026-09-18,ADBT,6.0,0.0003,0.001,MINOR,1,766.0,0.0001,0.0,MINOR,1,154.0,11,8,BULL_BOUNCE_CONFIRMED,LONG,50.0,MARGINAL,FAVORABLE,0.4038,
2026-09-18,BTCT,6.0,0.03,0.119,COMPRESSION,4,1225.0,,,,,,1,0,BEAR_REJECTION_PENDING,SHORT,33.2,MARGINAL,FAVORABLE,0.2511,NEUTRAL
2026-09-18,RETO,6.0,0.0004,0.0,MINOR,1,945.0,,,,,,10,0,BEAR_REJECTION_PENDING,SHORT,46.0,MARGINAL,FAVORABLE,1.934,FALLING
2026-09-18,DVLT,6.0,0.0005,0.017,MINOR,1,346.0,0.0001,0.004,MINOR,1,172.0,7,2,BEAR_REJECTION_PENDING,SHORT,50.0,MARGINAL,FAVORABLE,0.0267,FALLING
2026-09-18,AMZE,6.0,0.0025,0.137,COMPRESSION,1,1332.0,0.0008,0.044,MINOR,1,72.0,7,11,BULL_BOUNCE_PENDING,LONG,81.3,CONVICTION,FAVORABLE,0.0183,NEUTRAL
2026-09-18,PAAI,,0.0001,,MINOR,1,147.0,0.01,,MINOR,2,1317.0,2,1,BULL_BOUNCE_PENDING,LONG,65.1,CONVICTION,FAVORABLE,,
2026-09-18,DCX,6.0,0.0007,0.005,MINOR,1,79.0,0.0009,0.006,MINOR,1,79.0,4,1,BULL_BOUNCE_PENDING,LONG,61.0,CONVICTION,FAVORABLE,0.1457,FALLING
2026-09-18,SDST,6.0,0.0059,0.104,COMPRESSION,1,312.0,0.0003,0.004,MINOR,1,75.0,9,2,BULL_BOUNCE_PENDING,LONG,69.2,CONVICTION,FAVORABLE,0.0565,RISING
2026-09-18,TENB,6.0,0.35,0.144,MINOR,36,1350.0,0.53,0.217,COMPRESSION,54,1313.0,16,44,BULL_BOUNCE_PENDING,LONG,63.7,CONVICTION,FAVORABLE,2.4373,FALLING
2026-09-18,TJGC,6.0,0.343,0.258,MINOR,35,14.0,0.095,0.072,MINOR,10,429.0,5,11,BULL_BOUNCE_PENDING,LONG,53.3,MARGINAL,FAVORABLE,1.3282,RISING
2026-09-18,ILMN,6.0,1.0,0.099,VACUUM,100,190.0,4.92,0.486,CONVICTION,492,313.0,15,88,BEAR_REJECTION_PENDING,SHORT,60.0,CONVICTION,FAVORABLE,10.1232,RISING
2026-09-18,LIFE,6.0,0.13,0.048,COMPRESSION,13,486.0,0.6,0.222,COMPRESSION,60,565.0,14,13,BULL_BOUNCE_PENDING,LONG,62.7,CONVICTION,FAVORABLE,2.7071,FALLING
2026-09-18,BBNX,6.0,7.68,4.703,CONVICTION,768,484.0,0.3,0.184,MINOR,31,184.0,22,20,BULL_BOUNCE_PENDING,LONG,66.3,CONVICTION,FAVORABLE,1.6331,RISING
2026-09-18,FIVN,6.0,0.06,0.035,COMPRESSION,7,444.0,0.76,0.438,COMPRESSION,76,1427.0,16,24,BULL_BOUNCE_PENDING,LONG,100.0,CONVICTION,FAVORABLE,1.7365,RISING
2026-09-18,OMER,6.0,0.0652,0.08,MINOR,7,692.0,0.18,0.221,MINOR,18,226.0,24,29,BULL_BOUNCE_PENDING,LONG,65.6,CONVICTION,FAVORABLE,0.8128,FALLING
2026-09-18,HNST,6.0,0.105,0.444,COMPRESSION,11,582.0,0.055,0.233,COMPRESSION,6,141.0,44,22,BULL_BOUNCE_PENDING,LONG,63.1,CONVICTION,FAVORABLE,0.2363,NEUTRAL
2026-09-18,DK,6.0,0.005,0.001,MINOR,1,132.0,1.63,0.366,CONVICTION,164,243.0,18,33,BULL_BOUNCE_PENDING,LONG,86.0,CONVICTION,FAVORABLE,4.453,NEUTRAL
2026-09-18,VIR,6.0,0.065,0.124,COMPRESSION,7,710.0,0.12,0.228,COMPRESSION,12,564.0,34,30,BULL_BOUNCE_PENDING,LONG,63.5,CONVICTION,FAVORABLE,0.5259,RISING
2026-09-18,GH,6.0,0.085,0.01,MINOR,9,35.0,9.64,1.131,CONVICTION,965,811.0,20,50,BULL_BOUNCE_PENDING,LONG,65.0,CONVICTION,FAVORABLE,8.522,NEUTRAL
2026-09-18,AMLX,6.0,0.05,0.031,MINOR,6,688.0,7.95,4.92,CONVICTION,795,980.0,24,33,BULL_BOUNCE,LONG,55.0,MARGINAL,FAVORABLE,1.6157,NEUTRAL
2026-09-18,PS,6.0,0.3,0.088,MINOR,30,1062.0,0.09,0.026,COMPRESSION,10,602.0,2,72,BULL_BOUNCE_PENDING,LONG,56.5,MARGINAL,FAVORABLE,3.4061,RISING
2026-09-18,GRAL,6.0,0.04,0.011,MINOR,5,36.0,2.67,0.706,VACUUM,268,824.0,5,42,BULL_BOUNCE_PENDING,LONG,54.0,MARGINAL,FAVORABLE,3.7835,FALLING
2026-09-18,FROG,6.0,0.95,0.179,MINOR,96,596.0,1.2,0.226,CONVICTION,120,390.0,40,15,BULL_BOUNCE_PENDING,LONG,48.1,MARGINAL,FAVORABLE,5.3027,RISING
2026-09-18,AUGO,6.0,1.98,0.42,CONVICTION,199,1009.0,0.98,0.208,COMPRESSION,99,1165.0,25,54,BULL_BOUNCE_PENDING,LONG,57.0,MARGINAL,FAVORABLE,4.7128,RISING
2026-09-18,STIM,6.0,0.05,0.229,COMPRESSION,5,1084.0,0.395,1.811,COMPRESSION,40,585.0,18,29,BULL_BOUNCE_PENDING,LONG,67.0,CONVICTION,FAVORABLE,0.2181,FALLING
2026-09-18,SGMT,6.0,0.125,0.227,MINOR,13,173.0,0.08,0.145,COMPRESSION,9,14.0,12,34,BULL_BOUNCE_PENDING,LONG,57.5,MARGINAL,FAVORABLE,0.5499,NEUTRAL
2026-09-18,QMCO,6.0,0.02,0.011,MINOR,2,403.0,0.3,0.164,MINOR,30,362.0,24,48,BULL_BOUNCE_PENDING,LONG,47.0,MARGINAL,FAVORABLE,1.8347,NEUTRAL
2026-09-18,SENS,6.0,0.14,0.28,COMPRESSION,15,427.0,0.13,0.26,COMPRESSION,13,182.0,16,35,BULL_BOUNCE_PENDING,LONG,69.0,CONVICTION,FAVORABLE,0.5003,RISING
2026-09-18,CVI,6.0,0.03,0.011,MINOR,4,71.0,0.59,0.222,COMPRESSION,60,625.0,9,38,BULL_BOUNCE_PENDING,LONG,82.5,CONVICTION,FAVORABLE,2.6539,RISING
2026-09-18,ANF,6.0,2.07,0.347,CONVICTION,207,478.0,19.2,3.218,CONVICTION,1921,385.0,87,18,BEAR_REJECTION_PENDING,SHORT,72.9,CONVICTION,FAVORABLE,5.9661,NEUTRAL
2026-09-18,PURR,6.0,0.0237,0.02,MINOR,3,188.0,0.66,0.546,COMPRESSION,67,1129.0,2,30,BULL_BOUNCE_PENDING,LONG,61.0,CONVICTION,FAVORABLE,1.2078,RISING
2026-09-18,CGEM,6.0,0.3,0.305,COMPRESSION,31,143.0,0.48,0.487,COMPRESSION,49,1071.0,40,43,BULL_BOUNCE_PENDING,LONG,63.0,CONVICTION,FAVORABLE,0.985,FALLING
2026-09-18,EFOR,6.0,0.18,0.105,MINOR,18,388.0,0.67,0.39,COMPRESSION,67,960.0,29,67,BULL_BOUNCE_PENDING,LONG,66.3,CONVICTION,FAVORABLE,1.7195,NEUTRAL
2026-09-18,OOMA,6.0,0.05,0.054,COMPRESSION,6,132.0,1.97,2.142,CONVICTION,197,66.0,23,49,BULL_BOUNCE_PENDING,LONG,80.0,CONVICTION,FAVORABLE,0.9199,FALLING
2026-09-18,QLYS,6.0,0.56,0.054,MINOR,57,212.0,1.21,0.117,VACUUM,122,1201.0,54,44,BEAR_REJECTION_PENDING,SHORT,71.3,CONVICTION,FAVORABLE,10.3377,FALLING
2026-09-18,APPN,6.0,0.74,0.341,COMPRESSION,75,687.0,0.59,0.272,COMPRESSION,60,575.0,38,34,BULL_BOUNCE_PENDING,LONG,55.2,MARGINAL,FAVORABLE,2.1673,NEUTRAL
2026-09-18,ZBIO,6.0,2.86,1.908,CONVICTION,286,36.0,0.02,0.013,MINOR,2,33.0,50,14,BEAR_REJECTION_PENDING,SHORT,72.4,CONVICTION,FAVORABLE,1.4989,RISING
2026-09-18,INSP,6.0,,,,,,1.76,0.469,CONVICTION,176,878.0,0,44,BULL_BOUNCE_PENDING,LONG,60.8,CONVICTION,FAVORABLE,3.7524,RISING
2026-09-18,CRCL,6.0,3.09,0.415,CONVICTION,310,1176.0,2.315,0.311,CONVICTION,232,412.0,31,74,BULL_BOUNCE_PENDING,LONG,91.5,CONVICTION,FAVORABLE,7.4441,FALLING
2026-09-18,BLLN,6.0,0.25,0.048,MINOR,25,21.0,0.89,0.172,COMPRESSION,90,207.0,12,78,BUY_LOWER_DIRTY,LONG,47.8,MARGINAL,FAVORABLE,5.1686,RISING
2026-09-18,NCI,6.0,25.84,31.374,VACUUM,2584,993.0,0.07,0.085,COMPRESSION,8,388.0,4,24,BULL_BOUNCE_PENDING,LONG,78.2,CONVICTION,FAVORABLE,0.8236,RISING
2026-09-18,NX,,0.87,0.691,COMPRESSION,88,366.0,0.84,0.667,MINOR,84,416.0,76,23,BEAR_REJECTION_PENDING,SHORT,66.8,CONVICTION,FAVORABLE,1.2589,FALLING
2026-09-18,HOOD,6.0,3.485,0.483,CONVICTION,349,1109.0,3.24,0.449,CONVICTION,325,446.0,15,51,BULL_BOUNCE_PENDING,LONG,80.9,CONVICTION,FAVORABLE,7.2129,FALLING
2026-09-18,SMCI,6.0,0.86,0.367,COMPRESSION,86,64.0,1.185,0.505,CONVICTION,119,136.0,33,47,BULL_BOUNCE_PENDING,LONG,89.7,CONVICTION,FAVORABLE,2.3443,NEUTRAL
2026-09-18,FTH,6.0,0.06,0.017,COMPRESSION,7,724.0,0.72,0.205,COMPRESSION,72,1428.0,24,25,BULL_BOUNCE_PENDING,LONG,43.0,MARGINAL,FAVORABLE,3.5052,FALLING
2026-09-18,SMWB,6.0,0.36,0.781,MINOR,37,386.0,0.58,1.258,COMPRESSION,59,350.0,26,28,BULL_BOUNCE_PENDING,LONG,55.0,MARGINAL,FAVORABLE,0.461,NEUTRAL
2026-09-18,CSTL,6.0,0.09,0.062,COMPRESSION,9,901.0,0.2,0.137,COMPRESSION,21,561.0,30,75,BULL_BOUNCE_PENDING,LONG,53.3,MARGINAL,FAVORABLE,1.4586,NEUTRAL
2026-09-18,PI,6.0,7.26,0.844,CONVICTION,726,566.0,2.14,0.249,CONVICTION,214,123.0,8,83,BEAR_REJECTION_PENDING,SHORT,50.0,MARGINAL,FAVORABLE,8.6034,RISING
2026-09-18,FEIM,6.0,0.27,0.05,MINOR,28,79.0,19.505,3.615,CONVICTION,1951,154.0,32,6,BULL_BOUNCE_PENDING,LONG,78.0,CONVICTION,FAVORABLE,5.3954,RISING
2026-09-18,MARA,6.0,0.0078,0.009,MINOR,1,839.0,0.475,0.571,COMPRESSION,48,408.0,5,43,CHANNEL_GAP_BREAKOUT_LONG,LONG,83.8,CONVICTION,FAVORABLE,0.8316,FALLING
2026-09-18,BLSM,,1.29,0.661,CONVICTION,129,34.0,0.56,0.287,COMPRESSION,56,712.0,12,33,BEAR_REJECTION_PENDING,SHORT,68.2,CONVICTION,FAVORABLE,1.9508,RISING
2026-09-18,MRVL,6.0,2.55,0.208,CONVICTION,256,1309.0,5.03,0.411,VACUUM,504,486.0,13,56,BULL_BOUNCE_PENDING,LONG,52.0,MARGINAL,FAVORABLE,12.2457,NEUTRAL
2026-09-18,SILC,6.0,1.61,0.518,CONVICTION,161,523.0,1.47,0.473,CONVICTION,148,168.0,28,19,BEAR_REJECTION_PENDING,SHORT,66.3,CONVICTION,FAVORABLE,3.1071,FALLING
2026-09-18,VOGX,6.0,0.2675,0.093,MINOR,27,383.0,0.06,0.021,COMPRESSION,7,640.0,5,43,BULL_BOUNCE_PENDING,LONG,54.0,MARGINAL,FAVORABLE,2.877,NEUTRAL
2026-09-18,EDRY,6.0,0.4921,0.09,MINOR,50,2.0,0.55,0.101,COMPRESSION,55,634.0,14,22,BULL_BOUNCE_PENDING,LONG,57.0,MARGINAL,FAVORABLE,5.4575,NEUTRAL
2026-09-18,DAVE,6.0,3.965,0.184,VACUUM,397,449.0,4.81,0.224,CONVICTION,482,114.0,45,26,BULL_BOUNCE,LONG,63.7,CONVICTION,FAVORABLE,21.5204,NEUTRAL
2026-09-18,IPI,6.0,0.21,0.11,MINOR,22,382.0,0.1,0.052,COMPRESSION,11,823.0,38,31,BULL_BOUNCE_PENDING,LONG,56.1,MARGINAL,FAVORABLE,1.9068,FALLING
2026-09-18,TSAT,6.0,0.3099,0.118,MINOR,31,123.0,0.01,0.004,COMPRESSION,1,793.0,31,50,BULL_BOUNCE_PENDING,LONG,74.0,CONVICTION,FAVORABLE,2.6229,RISING
2026-09-18,BE,6.0,5.9918,0.337,VACUUM,600,651.0,7.24,0.407,CONVICTION,725,11.0,31,33,BULL_BOUNCE_PENDING,LONG,71.6,CONVICTION,FAVORABLE,17.7824,RISING
2026-09-18,ASST,6.0,,,,,,0.11,0.051,COMPRESSION,11,732.0,0,30,BULL_BOUNCE_PENDING,LONG,83.3,CONVICTION,FAVORABLE,2.1403,RISING
2026-09-18,MRNA,6.0,0.1659,0.017,MINOR,17,458.0,6.88,0.685,CONVICTION,688,191.0,25,51,BULL_BOUNCE_PENDING,LONG,85.6,CONVICTION,FAVORABLE,10.0388,RISING
2026-09-18,NUTX,6.0,0.38,0.037,COMPRESSION,38,74.0,0.94,0.092,MINOR,94,771.0,42,52,BULL_BOUNCE_PENDING,LONG,73.7,CONVICTION,FAVORABLE,10.2612,RISING
2026-09-18,DELL,6.0,0.9707,0.026,MINOR,98,205.0,7.11,0.193,CONVICTION,712,217.0,14,48,BULL_BOUNCE_PENDING,LONG,61.6,CONVICTION,FAVORABLE,36.9343,RISING
2026-09-18,TEM,6.0,1.945,0.41,CONVICTION,195,506.0,2.73,0.575,CONVICTION,274,487.0,17,82,BULL_BOUNCE_PENDING,LONG,100.0,CONVICTION,FAVORABLE,4.748,RISING
2026-09-18,HPE,6.0,0.01,0.002,MINOR,2,53.0,0.57,0.14,COMPRESSION,58,556.0,15,27,BULL_BOUNCE_PENDING,LONG,79.5,CONVICTION,FAVORABLE,4.0771,RISING
2026-09-18,LITE,6.0,20.615,0.339,CONVICTION,2062,539.0,69.58,1.144,CONVICTION,6959,669.0,24,37,BULL_BOUNCE_PENDING,LONG,63.7,CONVICTION,FAVORABLE,60.8338,NEUTRAL
2026-09-18,YYGH,6.0,0.0099,0.041,MINOR,1,329.0,0.01,0.041,MINOR,2,329.0,3,6,BULL_BOUNCE_PENDING,LONG,58.6,MARGINAL,FAVORABLE,0.2411,RISING
2026-09-18,CRWD,6.0,0.1341,0.01,MINOR,14,77.0,9.15,0.697,CONVICTION,916,805.0,14,31,BULL_BOUNCE_PENDING,LONG,87.0,CONVICTION,FAVORABLE,13.1194,RISING
2026-09-18,PANW,6.0,0.9,0.046,MINOR,90,708.0,15.835,0.818,CONVICTION,1584,388.0,36,37,BULL_BOUNCE_PENDING,LONG,65.7,CONVICTION,FAVORABLE,19.3553,RISING
2026-09-18,OTLK,6.0,0.0169,0.419,COMPRESSION,2,108.0,0.0635,1.576,COMPRESSION,7,537.0,26,14,BULL_BOUNCE,LONG,63.0,CONVICTION,FAVORABLE,0.0403,NEUTRAL
2026-09-18,TSEM,6.0,13.945,1.275,CONVICTION,1395,1283.0,12.82,1.172,CONVICTION,1283,288.0,21,73,BULL_BOUNCE_PENDING,LONG,73.3,CONVICTION,FAVORABLE,10.94,RISING
2026-09-18,TGB,6.0,0.03,0.071,COMPRESSION,3,861.0,0.24,0.564,COMPRESSION,25,196.0,36,56,CHANNEL_BREAKOUT,LONG,47.0,MARGINAL,FAVORABLE,0.4254,RISING
2026-09-18,SPCE,6.0,0.23,1.472,COMPRESSION,23,1027.0,0.005,0.032,MINOR,1,397.0,7,25,BULL_BOUNCE_PENDING,LONG,51.0,MARGINAL,FAVORABLE,0.1563,NEUTRAL
2026-09-18,RXT,6.0,0.0035,0.013,MINOR,1,235.0,0.11,0.405,MINOR,11,362.0,9,43,BULL_BOUNCE_PENDING,LONG,58.6,MARGINAL,FAVORABLE,0.2714,RISING
2026-09-18,MBGL,6.0,0.09,0.154,COMPRESSION,9,76.0,0.33,0.566,COMPRESSION,33,116.0,37,9,BULL_BOUNCE_PENDING,LONG,67.2,CONVICTION,FAVORABLE,0.583,RISING
2026-09-18,JHX,6.0,0.48,0.437,COMPRESSION,49,838.0,0.74,0.673,COMPRESSION,74,91.0,55,15,BULL_BOUNCE_PENDING,LONG,71.1,CONVICTION,FAVORABLE,1.0989,FALLING
2026-09-18,AREC,6.0,0.03,0.256,COMPRESSION,4,765.0,0.0044,0.037,MINOR,1,207.0,38,11,BULL_BOUNCE_PENDING,LONG,56.0,MARGINAL,FAVORABLE,0.1174,FALLING
2026-09-18,DNN,6.0,0.09,0.6,COMPRESSION,9,227.0,0.06,0.4,COMPRESSION,6,227.0,32,27,BULL_BOUNCE_PENDING,LONG,50.0,MARGINAL,FAVORABLE,0.15,FALLING
2026-09-18,AMKR,6.0,1.96,0.84,VACUUM,197,180.0,0.585,0.251,COMPRESSION,59,57.0,15,75,BUY_LOWER_DIRTY,LONG,50.9,MARGINAL,FAVORABLE,2.3345,FALLING
2026-09-18,FRMI,6.0,0.135,0.389,COMPRESSION,14,711.0,0.01,0.029,MINOR,1,315.0,14,14,BEAR_REJECTION_PENDING,SHORT,38.3,MARGINAL,FAVORABLE,0.347,FALLING
2026-09-18,NXE,6.0,0.3,0.763,COMPRESSION,30,111.0,0.14,0.356,COMPRESSION,14,873.0,59,8,BULL_BOUNCE_PENDING,LONG,63.0,CONVICTION,FAVORABLE,0.3932,FALLING
2026-09-18,TOI,6.0,0.08,0.211,COMPRESSION,9,164.0,0.01,0.026,MINOR,1,106.0,16,17,BULL_BOUNCE_PENDING,LONG,68.0,CONVICTION,FAVORABLE,0.3791,NEUTRAL
2026-09-18,QTEX,6.0,0.0399,0.684,MINOR,4,1061.0,0.01,0.172,MINOR,2,233.0,19,12,BULL_BOUNCE_PENDING,LONG,48.0,MARGINAL,FAVORABLE,0.0583,NEUTRAL
2026-09-18,IAUX,6.0,0.0124,0.155,COMPRESSION,2,57.0,0.04,0.501,COMPRESSION,5,1034.0,50,26,BULL_BOUNCE_PENDING,LONG,51.0,MARGINAL,FAVORABLE,0.0799,NEUTRAL
2026-09-18,EXK,6.0,0.022,0.039,COMPRESSION,3,94.0,0.1,0.179,COMPRESSION,11,114.0,68,46,BULL_BOUNCE_PENDING,LONG,62.4,CONVICTION,FAVORABLE,0.5595,FALLING
2026-09-18,MBLY,6.0,0.11,0.345,COMPRESSION,11,297.0,0.15,0.471,COMPRESSION,15,1120.0,36,8,BULL_BOUNCE_PENDING,LONG,66.8,CONVICTION,FAVORABLE,0.3185,FALLING
2026-09-18,EOSE,6.0,0.025,0.076,COMPRESSION,3,103.0,0.28,0.851,COMPRESSION,29,1210.0,21,25,BULL_BOUNCE_PENDING,LONG,67.4,CONVICTION,FAVORABLE,0.3289,FALLING
2026-09-18,QXO,6.0,0.3,0.628,COMPRESSION,31,489.0,0.055,0.115,MINOR,6,109.0,54,6,BEAR_REJECTION_PENDING,SHORT,61.9,CONVICTION,FAVORABLE,0.478,FALLING
2026-09-18,SUNE,6.0,0.03,0.063,MINOR,3,812.0,1.07,2.245,CONVICTION,107,455.0,48,11,BULL_BOUNCE_PENDING,LONG,52.0,MARGINAL,FAVORABLE,0.4766,NEUTRAL
2026-09-18,B,6.0,0.255,0.184,COMPRESSION,26,57.0,0.29,0.209,COMPRESSION,29,299.0,66,48,BULL_BOUNCE_PENDING,LONG,55.8,MARGINAL,FAVORABLE,1.3879,RISING
2026-09-18,UUUU,6.0,0.41,0.585,COMPRESSION,42,695.0,0.17,0.242,COMPRESSION,17,832.0,37,6,BULL_BOUNCE_PENDING,LONG,63.0,CONVICTION,FAVORABLE,0.7011,FALLING
2026-09-18,PMI,6.0,0.04,0.028,MINOR,5,217.0,1.03,0.728,CONVICTION,104,1083.0,44,17,BULL_BOUNCE_PENDING,LONG,63.0,CONVICTION,FAVORABLE,1.4146,NEUTRAL
2026-09-18,DX,6.0,0.09,0.447,COMPRESSION,9,1430.0,0.06,0.298,COMPRESSION,7,582.0,45,8,BULL_BOUNCE_PENDING,LONG,73.3,CONVICTION,FAVORABLE,0.2015,FALLING
2026-09-18,U,6.0,0.44,0.255,MINOR,45,437.0,0.06,0.035,MINOR,7,243.0,19,23,BULL_BOUNCE_PENDING,LONG,52.0,MARGINAL,FAVORABLE,1.7275,FALLING
2026-09-18,NUAI,6.0,0.42,0.823,MINOR,43,386.0,0.015,0.029,MINOR,2,17.0,31,50,BULL_BOUNCE_PENDING,LONG,63.5,CONVICTION,FAVORABLE,0.5103,FALLING
2026-09-18,FAST,6.0,0.3,0.304,COMPRESSION,30,16.0,0.12,0.122,COMPRESSION,13,779.0,23,28,BULL_BOUNCE_PENDING,LONG,63.0,CONVICTION,FAVORABLE,0.9871,NEUTRAL
2026-09-18,QUBT,6.0,0.3,0.883,COMPRESSION,31,411.0,0.325,0.957,MINOR,33,827.0,13,39,BEAR_REJECTION_PENDING,SHORT,58.4,MARGINAL,FAVORABLE,0.3396,FALLING
2026-09-18,JOBY,6.0,0.16,0.584,COMPRESSION,16,298.0,0.08,0.292,MINOR,9,264.0,33,8,BEAR_REJECTION_PENDING,SHORT,57.9,MARGINAL,FAVORABLE,0.2742,RISING
2026-09-18,BTE,6.0,0.045,0.265,MINOR,5,422.0,0.01,0.059,COMPRESSION,1,978.0,26,30,BULL_BOUNCE,LONG,65.0,CONVICTION,FAVORABLE,0.1696,NEUTRAL
2026-09-18,ORC,6.0,0.02,0.158,COMPRESSION,3,404.0,0.005,0.039,MINOR,1,91.0,48,4,BULL_BOUNCE_PENDING,LONG,44.2,MARGINAL,FAVORABLE,0.1268,FALLING
2026-09-18,OFAL,6.0,0.007,0.082,MINOR,1,762.0,0.0009,0.011,MINOR,1,344.0,24,22,BULL_BOUNCE_PENDING,LONG,50.1,MARGINAL,FAVORABLE,0.0853,NEUTRAL
2026-09-18,LCID,6.0,0.07,0.254,COMPRESSION,7,159.0,,,,,,24,0,BEAR_REJECTION_PENDING,SHORT,49.2,MARGINAL,FAVORABLE,0.2761,FALLING
2026-09-18,REI,6.0,0.0246,0.421,MINOR,3,170.0,0.01,0.171,COMPRESSION,2,1088.0,20,20,BULL_BOUNCE_PENDING,LONG,58.3,MARGINAL,FAVORABLE,0.0584,FALLING
2026-09-18,FFAI,6.0,0.0006,0.003,MINOR,1,166.0,0.05,0.28,MINOR,6,113.0,4,23,BULL_BOUNCE_CONFIRMED,LONG,70.0,CONVICTION,FAVORABLE,0.1785,RISING
2026-09-18,BTBT,6.0,,,,,,0.035,0.293,COMPRESSION,4,399.0,0,48,BULL_BOUNCE_PENDING,LONG,69.9,CONVICTION,FAVORABLE,0.1196,FALLING
2026-09-18,ARBE,6.0,0.0087,0.131,MINOR,1,1055.0,0.0122,0.183,MINOR,2,615.0,31,12,BULL_BOUNCE_PENDING,LONG,52.0,MARGINAL,FAVORABLE,0.0665,RISING
2026-09-18,RR,6.0,0.01,0.1,MINOR,2,453.0,0.01,0.1,MINOR,2,695.0,18,16,BEAR_REJECTION_PENDING,SHORT,43.6,MARGINAL,FAVORABLE,0.1004,FALLING
2026-09-18,GPRO,6.0,0.01,0.034,COMPRESSION,1,462.0,0.3538,1.219,COMPRESSION,36,607.0,13,12,BULL_BOUNCE_PENDING,LONG,67.0,CONVICTION,FAVORABLE,0.2903,FALLING
2026-09-18,ORBS,6.0,0.0028,0.024,MINOR,1,21.0,0.0513,0.438,COMPRESSION,6,878.0,7,47,BULL_BOUNCE_PENDING,LONG,69.1,CONVICTION,FAVORABLE,0.1171,FALLING
2026-09-18,PLUG,6.0,0.045,0.444,COMPRESSION,5,98.0,0.01,0.099,MINOR,2,467.0,20,6,BULL_BOUNCE_PENDING,LONG,58.6,MARGINAL,FAVORABLE,0.1014,FALLING
2026-09-18,LUMN,6.0,0.07,0.174,COMPRESSION,8,537.0,0.005,0.012,MINOR,1,117.0,14,14,BULL_BOUNCE_PENDING,LONG,54.0,MARGINAL,FAVORABLE,0.4032,RISING
2026-09-18,SLB,6.0,0.12,0.059,COMPRESSION,13,881.0,0.23,0.113,COMPRESSION,23,126.0,64,33,BULL_BOUNCE_PENDING,LONG,60.2,CONVICTION,FAVORABLE,2.0314,FALLING
2026-09-18,MVST,6.0,0.0003,0.007,COMPRESSION,1,1250.0,0.0144,0.33,MINOR,2,231.0,29,17,BULL_BOUNCE_PENDING,LONG,46.0,MARGINAL,FAVORABLE,0.0436,RISING
2026-09-18,DNLI,6.0,0.49,0.69,COMPRESSION,50,906.0,0.22,0.31,COMPRESSION,22,561.0,51,13,BEAR_REJECTION_PENDING,SHORT,50.0,MARGINAL,FAVORABLE,0.71,FALLING
2026-09-18,COTY,6.0,0.49,4.294,COMPRESSION,49,902.0,0.05,0.438,COMPRESSION,5,82.0,46,17,BULL_BOUNCE_PENDING,LONG,64.8,CONVICTION,FAVORABLE,0.1141,NEUTRAL
2026-09-18,SOC,6.0,0.01,0.029,MINOR,1,497.0,0.06,0.174,COMPRESSION,6,1231.0,21,24,BULL_BOUNCE,LONG,57.0,MARGINAL,FAVORABLE,0.345,RISING
2026-09-18,VMAR,6.0,0.16,0.182,MINOR,17,1100.0,0.155,0.176,MINOR,16,171.0,41,26,BULL_BOUNCE,LONG,64.3,CONVICTION,FAVORABLE,0.8782,RISING
2026-09-18,KOS,6.0,0.005,0.034,MINOR,1,1197.0,0.02,0.136,COMPRESSION,3,951.0,33,19,BULL_BOUNCE_PENDING,LONG,50.0,MARGINAL,FAVORABLE,0.147,NEUTRAL
2026-09-18,CMCSA,6.0,0.27,0.363,COMPRESSION,27,768.0,0.13,0.175,COMPRESSION,13,188.0,87,9,BULL_BOUNCE_PENDING,LONG,58.8,MARGINAL,FAVORABLE,0.7431,FALLING
2026-09-18,KTOS,6.0,0.305,0.144,COMPRESSION,31,993.0,0.6,0.282,COMPRESSION,61,1083.0,25,6,BULL_BOUNCE_PENDING,LONG,78.0,CONVICTION,FAVORABLE,2.1241,RISING
2026-09-18,LAES,6.0,0.07,0.66,MINOR,7,290.0,0.0499,0.47,MINOR,5,245.0,17,13,BULL_BOUNCE_PENDING,LONG,56.0,MARGINAL,FAVORABLE,0.1061,FALLING
2026-09-18,VIVK,6.0,0.0001,0.001,MINOR,1,1336.0,0.0039,0.037,MINOR,1,219.0,41,2,BULL_BOUNCE_PENDING,LONG,52.0,MARGINAL,FAVORABLE,0.1065,NEUTRAL
2026-09-18,OPEN,6.0,0.05,0.351,COMPRESSION,5,682.0,0.0038,0.027,MINOR,1,19.0,22,1,BEAR_REJECTION_PENDING,SHORT,56.2,MARGINAL,FAVORABLE,0.1425,FALLING
2026-09-18,GLXY,6.0,0.14,0.08,COMPRESSION,14,215.0,0.025,0.014,MINOR,3,80.0,48,26,BULL_BOUNCE_PENDING,LONG,60.0,CONVICTION,FAVORABLE,1.7469,FALLING
2026-09-18,CNH,6.0,0.0062,0.01,MINOR,1,286.0,0.095,0.147,COMPRESSION,10,11.0,6,27,BULL_BOUNCE_PENDING,LONG,58.0,MARGINAL,FAVORABLE,0.6482,RISING
2026-09-18,TE,6.0,0.25,0.727,COMPRESSION,25,634.0,0.0049,0.014,MINOR,1,719.0,28,2,BULL_BOUNCE_PENDING,LONG,45.0,MARGINAL,FAVORABLE,0.3439,FALLING
2026-09-18,GRAB,6.0,0.041,0.309,COMPRESSION,5,843.0,0.0001,0.001,MINOR,1,18.0,39,1,BEAR_REJECTION_PENDING,SHORT,61.7,CONVICTION,FAVORABLE,0.1325,FALLING
2026-09-18,WMT,6.0,1.53,0.857,CONVICTION,154,948.0,0.23,0.129,COMPRESSION,24,938.0,29,11,BULL_BOUNCE_PENDING,LONG,84.8,CONVICTION,FAVORABLE,1.7848,RISING
2026-09-18,BYND,6.0,0.1,0.131,MINOR,10,619.0,0.24,0.315,MINOR,25,378.0,29,52,BULL_BOUNCE_PENDING,LONG,62.5,CONVICTION,FAVORABLE,0.7629,RISING
2026-09-18,IOVA,6.0,1.55,3.136,CONVICTION,156,633.0,0.09,0.182,COMPRESSION,9,583.0,13,25,BULL_BOUNCE_PENDING,LONG,75.8,CONVICTION,FAVORABLE,0.4943,RISING
2026-09-18,SNAP,6.0,0.01,0.036,COMPRESSION,2,135.0,0.09,0.321,COMPRESSION,9,1411.0,28,11,BULL_BOUNCE_PENDING,LONG,77.5,CONVICTION,FAVORABLE,0.2804,FALLING
2026-09-18,OCGN,6.0,0.005,0.064,MINOR,1,725.0,0.0216,0.278,COMPRESSION,3,145.0,6,4,BULL_BOUNCE_PENDING,LONG,56.8,MARGINAL,FAVORABLE,0.0776,FALLING
2026-09-18,CLSK,6.0,0.015,0.017,MINOR,2,625.0,0.3,0.339,COMPRESSION,30,148.0,2,46,BULL_BOUNCE_PENDING,LONG,51.5,MARGINAL,FAVORABLE,0.8857,NEUTRAL
2026-09-18,AEG,6.0,0.02,0.156,MINOR,2,399.0,0.13,1.015,COMPRESSION,13,266.0,40,55,BULL_BOUNCE,LONG,59.0,MARGINAL,FAVORABLE,0.1281,NEUTRAL
2026-09-18,PFE,6.0,0.435,0.827,COMPRESSION,44,195.0,0.14,0.266,COMPRESSION,14,848.0,45,49,BULL_BOUNCE_PENDING,LONG,66.4,CONVICTION,FAVORABLE,0.5257,FALLING
2026-09-18,T,6.0,0.065,0.106,COMPRESSION,7,1066.0,0.15,0.245,COMPRESSION,15,252.0,17,46,BULL_BOUNCE_PENDING,LONG,58.2,MARGINAL,FAVORABLE,0.6121,RISING
2026-09-18,KO,6.0,0.64,0.535,COMPRESSION,65,81.0,0.825,0.689,COMPRESSION,83,560.0,22,58,BULL_BOUNCE,LONG,71.0,CONVICTION,FAVORABLE,1.1969,RISING
2026-09-18,TSHA,6.0,0.03,0.118,COMPRESSION,3,1085.0,0.03,0.118,COMPRESSION,4,567.0,39,3,BULL_BOUNCE_PENDING,LONG,73.2,CONVICTION,FAVORABLE,0.2546,FALLING
2026-09-18,COUR,6.0,0.02,0.089,COMPRESSION,2,1212.0,0.01,0.044,COMPRESSION,2,10.0,59,4,BULL_BOUNCE_PENDING,LONG,54.9,MARGINAL,FAVORABLE,0.2248,FALLING
2026-09-18,SBET,6.0,0.24,0.365,COMPRESSION,25,343.0,0.38,0.579,COMPRESSION,39,604.0,8,55,BULL_BOUNCE_PENDING,LONG,48.1,MARGINAL,FAVORABLE,0.6568,NEUTRAL
2026-09-18,ACHR,6.0,0.17,0.632,COMPRESSION,17,217.0,0.1,0.372,MINOR,11,670.0,28,22,BULL_BOUNCE_PENDING,LONG,73.9,CONVICTION,FAVORABLE,0.2688,FALLING
2026-09-18,KDP,6.0,2.33,3.657,CONVICTION,233,473.0,0.502,0.788,COMPRESSION,51,298.0,44,26,BEAR_REJECTION_PENDING,SHORT,40.0,MARGINAL,FAVORABLE,0.6371,FALLING
2026-09-18,NU,6.0,0.27,0.521,COMPRESSION,27,440.0,0.07,0.135,COMPRESSION,7,702.0,75,16,BEAR_REJECTION_PENDING,SHORT,61.9,CONVICTION,FAVORABLE,0.5178,FALLING
2026-09-18,ABT,6.0,0.93,0.342,COMPRESSION,93,845.0,1.85,0.68,CONVICTION,186,211.0,41,40,BULL_BOUNCE_PENDING,LONG,61.6,CONVICTION,FAVORABLE,2.7203,FALLING
2026-09-18,XE,6.0,0.28,0.194,COMPRESSION,29,913.0,0.03,0.021,MINOR,3,527.0,41,42,BEAR_REJECTION_PENDING,SHORT,52.2,MARGINAL,FAVORABLE,1.4464,FALLING
2026-09-18,GIS,6.0,0.26,0.23,COMPRESSION,26,585.0,0.195,0.172,COMPRESSION,20,603.0,54,22,BULL_BOUNCE_PENDING,LONG,69.1,CONVICTION,FAVORABLE,1.1306,NEUTRAL
2026-09-18,BULL,6.0,0.1,0.185,COMPRESSION,11,1156.0,0.01,0.018,COMPRESSION,1,1034.0,31,21,BULL_BOUNCE_PENDING,LONG,68.0,CONVICTION,FAVORABLE,0.5411,FALLING
2026-09-18,BAX,6.0,0.24,0.304,COMPRESSION,24,1172.0,0.22,0.279,COMPRESSION,22,98.0,38,34,BULL_BOUNCE_PENDING,LONG,68.8,CONVICTION,FAVORABLE,0.7899,FALLING
2026-09-18,ET,6.0,0.12,0.393,COMPRESSION,13,169.0,0.13,0.426,COMPRESSION,13,687.0,27,25,BULL_BOUNCE_PENDING,LONG,63.8,CONVICTION,FAVORABLE,0.3052,FALLING
2026-09-18,MOS,6.0,0.36,0.337,COMPRESSION,37,8.0,0.23,0.215,COMPRESSION,24,947.0,26,48,BULL_BOUNCE_PENDING,LONG,50.0,MARGINAL,FAVORABLE,1.0688,FALLING
2026-09-18,WFC,6.0,0.85,0.385,COMPRESSION,86,1008.0,0.51,0.231,COMPRESSION,51,1084.0,58,30,BULL_BOUNCE,LONG,59.0,MARGINAL,FAVORABLE,2.2066,NEUTRAL
2026-09-18,ORCL,6.0,3.72,0.452,CONVICTION,372,77.0,2.05,0.249,CONVICTION,205,930.0,34,36,BULL_BOUNCE_PENDING,LONG,96.4,CONVICTION,FAVORABLE,8.2357,FALLING
2026-09-18,SMR,6.0,0.005,0.007,MINOR,1,443.0,0.01,0.014,MINOR,1,90.0,20,10,BUY_LOWER_DIRTY,LONG,37.3,MARGINAL,FAVORABLE,0.7332,FALLING
2026-09-18,POET,6.0,0.21,0.501,MINOR,21,160.0,0.08,0.191,COMPRESSION,9,104.0,29,24,BULL_BOUNCE_PENDING,LONG,68.1,CONVICTION,FAVORABLE,0.4192,RISING
2026-09-18,PCG,6.0,2.3,2.581,CONVICTION,231,805.0,0.0049,0.005,MINOR,1,193.0,21,5,BEAR_REJECTION_PENDING,SHORT,78.5,CONVICTION,FAVORABLE,0.8913,FALLING
2026-09-18,RCAT,6.0,0.3,0.632,COMPRESSION,30,1248.0,0.11,0.232,COMPRESSION,11,499.0,22,1,BULL_BOUNCE_PENDING,LONG,79.7,CONVICTION,FAVORABLE,0.4746,FALLING
2026-09-18,FTNT,6.0,0.3,0.042,MINOR,30,258.0,6.255,0.878,CONVICTION,626,344.0,25,50,BULL_BOUNCE_PENDING,LONG,67.0,CONVICTION,FAVORABLE,7.1245,NEUTRAL
2026-09-18,TFC,6.0,0.05,0.043,COMPRESSION,5,383.0,0.11,0.095,COMPRESSION,11,1110.0,46,20,BULL_BOUNCE_PENDING,LONG,51.8,MARGINAL,FAVORABLE,1.1607,NEUTRAL
2026-09-18,KHC,6.0,0.425,0.646,COMPRESSION,43,173.0,0.04,0.061,COMPRESSION,4,338.0,50,32,BULL_BOUNCE_PENDING,LONG,71.7,CONVICTION,FAVORABLE,0.6577,RISING
2026-09-18,BAC,6.0,0.155,0.114,COMPRESSION,16,751.0,0.2312,0.17,COMPRESSION,24,195.0,32,24,BULL_BOUNCE_PENDING,LONG,68.6,CONVICTION,FAVORABLE,1.364,NEUTRAL
2026-09-18,JPM,6.0,2.0,0.287,CONVICTION,200,199.0,1.87,0.268,CONVICTION,187,258.0,46,26,BULL_BOUNCE_PENDING,LONG,70.6,CONVICTION,FAVORABLE,6.9756,NEUTRAL
2026-09-18,RDW,6.0,0.27,0.406,COMPRESSION,27,849.0,0.26,0.391,COMPRESSION,26,859.0,21,24,BULL_BOUNCE_PENDING,LONG,72.0,CONVICTION,FAVORABLE,0.6655,NEUTRAL
2026-09-18,MSTR,6.0,10.625,1.107,CONVICTION,1063,31.0,4.33,0.451,CONVICTION,434,772.0,7,63,BULL_BOUNCE_PENDING,LONG,86.8,CONVICTION,FAVORABLE,9.5964,RISING
2026-09-18,S,6.0,0.34,0.289,COMPRESSION,34,760.0,0.88,0.747,COMPRESSION,88,755.0,20,45,BULL_BOUNCE_PENDING,LONG,83.7,CONVICTION,FAVORABLE,1.1775,RISING
2026-09-18,AVTR,6.0,0.18,0.396,COMPRESSION,18,207.0,0.04,0.088,COMPRESSION,4,514.0,14,40,BULL_BOUNCE_PENDING,LONG,64.5,CONVICTION,FAVORABLE,0.4545,NEUTRAL
2026-09-18,CLF,6.0,0.07,0.129,COMPRESSION,8,573.0,0.03,0.055,MINOR,4,533.0,20,63,BULL_BOUNCE_PENDING,LONG,60.4,CONVICTION,FAVORABLE,0.5424,NEUTRAL
2026-09-18,JNJ,6.0,3.85,0.731,CONVICTION,386,62.0,3.39,0.643,CONVICTION,340,791.0,40,62,BULL_BOUNCE_PENDING,LONG,70.0,CONVICTION,FAVORABLE,5.2685,NEUTRAL
2026-09-18,ARI,6.0,0.01,0.1,COMPRESSION,1,597.0,,,,,,61,0,BEAR_REJECTION_PENDING,SHORT,40.0,MARGINAL,FAVORABLE,0.1,FALLING
2026-09-18,EQX,6.0,0.005,0.009,COMPRESSION,1,160.0,0.79,1.404,COMPRESSION,79,549.0,46,41,BULL_BOUNCE_PENDING,LONG,61.1,CONVICTION,FAVORABLE,0.5626,FALLING
2026-09-18,TSCO,6.0,0.04,0.037,COMPRESSION,4,106.0,0.68,0.634,COMPRESSION,68,360.0,60,17,BEAR_REJECTION_PENDING,SHORT,61.9,CONVICTION,FAVORABLE,1.0726,FALLING
2026-09-18,CAG,6.0,0.02,0.051,COMPRESSION,2,232.0,0.005,0.013,MINOR,1,635.0,49,33,BULL_BOUNCE_PENDING,LONG,57.0,MARGINAL,FAVORABLE,0.3929,RISING
2026-09-18,OKTA,6.0,0.96,0.104,MINOR,97,348.0,3.94,0.426,CONVICTION,394,578.0,22,44,BULL_BOUNCE_PENDING,LONG,91.1,CONVICTION,FAVORABLE,9.2447,NEUTRAL
2026-09-18,NTSK,6.0,0.16,0.144,COMPRESSION,17,599.0,0.35,0.315,COMPRESSION,36,1201.0,16,25,BULL_BOUNCE,LONG,79.8,CONVICTION,FAVORABLE,1.1095,RISING
2026-09-18,VZ,6.0,0.0019,0.002,MINOR,1,73.0,0.05,0.049,COMPRESSION,6,211.0,62,27,BULL_BOUNCE_PENDING,LONG,74.3,CONVICTION,FAVORABLE,1.0129,RISING
2026-09-18,BKD,6.0,0.03,0.078,COMPRESSION,3,225.0,0.04,0.104,COMPRESSION,5,441.0,30,13,BULL_BOUNCE_PENDING,LONG,56.3,MARGINAL,FAVORABLE,0.3864,FALLING
2026-09-18,SOFI,6.0,0.315,0.49,COMPRESSION,32,65.0,0.08,0.125,COMPRESSION,8,222.0,28,17,BEAR_REJECTION_PENDING,SHORT,64.4,CONVICTION,FAVORABLE,0.6425,FALLING
2026-09-18,CVE,6.0,0.01,0.011,MINOR,1,207.0,0.495,0.538,MINOR,50,201.0,19,49,BULL_BOUNCE_PENDING,LONG,47.0,MARGINAL,FAVORABLE,0.92,RISING
2026-09-18,COIN,6.0,2.14,0.166,VACUUM,215,906.0,0.13,0.01,COMPRESSION,13,616.0,3,84,BULL_BOUNCE_PENDING,LONG,95.6,CONVICTION,FAVORABLE,12.9023,FALLING
2026-09-18,NOW,6.0,0.26,0.041,COMPRESSION,26,7.0,4.68,0.729,CONVICTION,468,449.0,35,17,BULL_BOUNCE_PENDING,LONG,76.4,CONVICTION,FAVORABLE,6.4187,NEUTRAL
2026-09-18,NFLX,6.0,0.175,0.072,MINOR,18,822.0,0.5,0.207,COMPRESSION,50,171.0,72,4,BULL_BOUNCE_PENDING,LONG,69.7,CONVICTION,FAVORABLE,2.4173,RISING
2026-09-18,HTZ,6.0,0.03,0.242,COMPRESSION,4,1198.0,0.0079,0.064,MINOR,1,596.0,26,5,BEAR_REJECTION_PENDING,SHORT,61.8,CONVICTION,FAVORABLE,0.1242,FALLING
2026-09-18,KVUE,6.0,0.115,0.335,COMPRESSION,12,443.0,1.78,5.179,CONVICTION,178,535.0,64,10,BULL_BOUNCE_PENDING,LONG,90.0,CONVICTION,FAVORABLE,0.3437,RISING
2026-09-18,HL,6.0,0.76,0.74,COMPRESSION,77,130.0,0.74,0.721,COMPRESSION,75,1025.0,71,48,BEAR_REJECTION_PENDING,SHORT,61.0,CONVICTION,FAVORABLE,1.027,FALLING
2026-09-18,MS,6.0,2.72,0.508,CONVICTION,272,448.0,0.11,0.021,COMPRESSION,12,491.0,72,24,BULL_BOUNCE_PENDING,LONG,68.6,CONVICTION,FAVORABLE,5.3553,FALLING
2026-09-18,DOW,6.0,1.14,1.086,CONVICTION,115,1383.0,0.22,0.21,COMPRESSION,23,412.0,46,4,BULL_BOUNCE_PENDING,LONG,78.5,CONVICTION,FAVORABLE,1.0496,RISING
2026-09-18,XOM,6.0,3.89,1.019,CONVICTION,389,162.0,0.67,0.176,COMPRESSION,68,154.0,47,93,BULL_BOUNCE_PENDING,LONG,82.6,CONVICTION,FAVORABLE,3.8164,RISING
2026-09-18,LYFT,6.0,0.12,0.179,COMPRESSION,12,914.0,0.12,0.179,COMPRESSION,13,46.0,44,17,BULL_BOUNCE_PENDING,LONG,46.3,MARGINAL,FAVORABLE,0.6691,NEUTRAL
2026-09-18,ARR,6.0,0.1,0.353,COMPRESSION,11,626.0,0.03,0.106,COMPRESSION,3,118.0,71,5,BEAR_REJECTION_PENDING,SHORT,59.5,MARGINAL,FAVORABLE,0.2829,FALLING
2026-09-18,RF,6.0,0.11,0.176,COMPRESSION,11,419.0,0.07,0.112,COMPRESSION,8,183.0,48,15,BULL_BOUNCE_PENDING,LONG,59.6,MARGINAL,FAVORABLE,0.6235,FALLING
2026-09-18,C,6.0,0.35,0.091,MINOR,35,6.0,0.55,0.142,COMPRESSION,55,1245.0,27,35,SHORT_UPPER_DIRTY,SHORT,56.2,MARGINAL,FAVORABLE,3.8657,FALLING
2026-09-18,IAG,6.0,0.12,0.147,MINOR,13,50.0,0.2,0.246,COMPRESSION,20,777.0,48,59,BULL_BOUNCE,LONG,51.0,MARGINAL,FAVORABLE,0.8139,FALLING
2026-09-18,DKNG,6.0,0.43,0.414,COMPRESSION,44,1155.0,0.0761,0.073,MINOR,8,262.0,44,5,BULL_BOUNCE_PENDING,LONG,51.0,MARGINAL,FAVORABLE,1.0387,FALLING
2026-09-18,OXY,6.0,0.108,0.068,MINOR,11,562.0,0.71,0.448,COMPRESSION,72,439.0,34,48,BULL_BOUNCE_PENDING,LONG,51.0,MARGINAL,FAVORABLE,1.5836,RISING
2026-09-18,MDT,6.0,2.63,1.123,CONVICTION,263,443.0,1.42,0.607,CONVICTION,143,640.0,18,61,BULL_BOUNCE_PENDING,LONG,63.7,CONVICTION,FAVORABLE,2.3411,FALLING
2026-09-18,AXTI,6.0,0.37,0.067,MINOR,37,337.0,1.045,0.19,CONVICTION,105,59.0,8,50,BULL_BOUNCE_PENDING,LONG,72.0,CONVICTION,FAVORABLE,5.4981,RISING
2026-09-18,KEY,6.0,0.05,0.106,COMPRESSION,6,53.0,0.1,0.213,COMPRESSION,11,106.0,34,18,BULL_BOUNCE_PENDING,LONG,62.5,CONVICTION,FAVORABLE,0.47,FALLING
2026-09-18,VST,6.0,4.38,0.905,CONVICTION,438,158.0,7.67,1.585,CONVICTION,768,315.0,53,22,BEAR_REJECTION_PENDING,SHORT,65.0,CONVICTION,FAVORABLE,4.8401,FALLING
2026-09-18,HBM,6.0,2.17,1.568,VACUUM,218,149.0,1.2,0.867,CONVICTION,121,632.0,51,55,BEAR_REJECTION_PENDING,SHORT,74.0,CONVICTION,FAVORABLE,1.3836,FALLING
2026-09-18,DVN,6.0,0.02,0.015,MINOR,2,424.0,0.325,0.238,COMPRESSION,33,560.0,33,82,BULL_BOUNCE_PENDING,LONG,51.0,MARGINAL,FAVORABLE,1.3641,RISING
2026-09-18,FIS,6.0,0.14,0.111,COMPRESSION,15,244.0,0.015,0.012,MINOR,2,78.0,76,4,BEAR_REJECTION_PENDING,SHORT,50.0,MARGINAL,FAVORABLE,1.2599,FALLING
2026-09-18,CRWV,6.0,6.34,1.204,CONVICTION,634,299.0,1.63,0.31,CONVICTION,163,1489.0,27,9,BEAR_REJECTION_PENDING,SHORT,83.5,CONVICTION,FAVORABLE,5.2642,FALLING
2026-09-18,ASTS,6.0,1.9,0.475,CONVICTION,191,1420.0,0.87,0.217,COMPRESSION,87,1453.0,57,12,BULL_BOUNCE_PENDING,LONG,75.7,CONVICTION,FAVORABLE,4.0038,RISING
2026-09-18,AAOI,6.0,4.36,0.697,CONVICTION,436,11.0,0.45,0.072,MINOR,46,892.0,15,15,BEAR_REJECTION_PENDING,SHORT,72.1,CONVICTION,FAVORABLE,6.2573,RISING
2026-09-18,FCX,6.0,5.02,1.619,CONVICTION,503,66.0,2.55,0.822,CONVICTION,255,644.0,47,41,BULL_BOUNCE_PENDING,LONG,94.3,CONVICTION,FAVORABLE,3.1008,FALLING
2026-09-18,CRNX,6.0,,,,,,0.11,0.823,COMPRESSION,11,2.0,0,42,BULL_BOUNCE_PENDING,LONG,76.0,CONVICTION,FAVORABLE,0.1336,NEUTRAL
2026-09-18,HAL,6.0,0.8,0.738,COMPRESSION,80,1483.0,2.4,2.213,CONVICTION,240,517.0,69,29,BULL_BOUNCE_PENDING,LONG,79.2,CONVICTION,FAVORABLE,1.0847,FALLING
2026-09-18,DIS,6.0,0.305,0.135,COMPRESSION,31,150.0,1.43,0.631,CONVICTION,144,568.0,80,33,BULL_BOUNCE_PENDING,LONG,70.5,CONVICTION,FAVORABLE,2.2675,RISING
2026-09-18,PENG,6.0,3.26,1.179,CONVICTION,326,1484.0,1.67,0.604,CONVICTION,168,236.0,22,63,BULL_BOUNCE_PENDING,LONG,78.6,CONVICTION,FAVORABLE,2.7642,RISING
2026-09-18,NEE,6.0,2.245,1.839,CONVICTION,225,1295.0,0.4,0.328,COMPRESSION,41,97.0,50,18,BULL_BOUNCE_PENDING,LONG,54.4,MARGINAL,FAVORABLE,1.2205,FALLING
2026-09-18,CCJ,6.0,3.58,1.061,CONVICTION,359,179.0,1.34,0.397,CONVICTION,135,44.0,85,18,BEAR_REJECTION_PENDING,SHORT,54.6,MARGINAL,FAVORABLE,3.375,FALLING
2026-09-18,TSLA,6.0,9.28,0.653,CONVICTION,929,530.0,2.02,0.142,CONVICTION,202,653.0,30,36,BUY_LOWER_DIRTY,LONG,62.5,CONVICTION,FAVORABLE,14.208,FALLING
2026-09-18,NEM,6.0,3.1,0.733,CONVICTION,310,83.0,1.63,0.385,CONVICTION,163,248.0,68,58,BEAR_REJECTION_PENDING,SHORT,79.0,CONVICTION,FAVORABLE,4.2287,FALLING
2026-09-18,MCHP,6.0,1.91,0.791,CONVICTION,191,33.0,0.37,0.153,COMPRESSION,38,844.0,43,45,BEAR_REJECTION_PENDING,SHORT,71.3,CONVICTION,FAVORABLE,2.4132,RISING
2026-09-18,GLW,6.0,4.9757,0.624,VACUUM,498,372.0,0.58,0.073,COMPRESSION,59,231.0,28,59,BUY_LOWER_DIRTY,LONG,61.9,CONVICTION,FAVORABLE,7.9772,RISING
2026-09-18,INTU,6.0,71.645,5.317,CONVICTION,7165,179.0,8.63,0.64,CONVICTION,863,60.0,83,23,BULL_BOUNCE_PENDING,LONG,88.8,CONVICTION,FAVORABLE,13.4742,FALLING
2026-09-18,EW,6.0,0.83,0.354,COMPRESSION,84,85.0,0.93,0.396,MINOR,93,172.0,46,39,BULL_BOUNCE_PENDING,LONG,66.6,CONVICTION,FAVORABLE,2.3472,RISING
2026-09-18,ONDS,6.0,0.01,0.027,COMPRESSION,1,475.0,0.065,0.178,COMPRESSION,7,929.0,12,13,BULL_BOUNCE_PENDING,LONG,74.5,CONVICTION,FAVORABLE,0.3654,FALLING
2026-09-18,WBD,6.0,0.02,0.063,COMPRESSION,2,279.0,0.09,0.285,COMPRESSION,9,565.0,18,27,BULL_BOUNCE_PENDING,LONG,54.1,MARGINAL,FAVORABLE,0.3157,RISING
2026-09-18,NKE,6.0,0.045,0.051,COMPRESSION,5,205.0,,,,,,39,0,BEAR_REJECTION_PENDING,SHORT,25.7,MARGINAL,FAVORABLE,0.8907,RISING
2026-09-18,CVX,6.0,0.13,0.028,MINOR,13,203.0,2.41,0.524,CONVICTION,242,234.0,47,102,BULL_BOUNCE_PENDING,LONG,74.4,CONVICTION,FAVORABLE,4.6007,NEUTRAL
2026-09-18,PYPL,6.0,7.735,4.921,CONVICTION,774,177.0,0.58,0.369,COMPRESSION,58,1117.0,54,19,BULL_BOUNCE_PENDING,LONG,82.9,CONVICTION,FAVORABLE,1.5718,NEUTRAL
2026-09-18,CPRT,6.0,0.02,0.017,COMPRESSION,2,88.0,0.415,0.348,COMPRESSION,42,349.0,67,20,BULL_BOUNCE_PENDING,LONG,77.7,CONVICTION,FAVORABLE,1.1916,FALLING
2026-09-18,INIO,6.0,0.48,0.345,COMPRESSION,49,986.0,0.45,0.323,COMPRESSION,45,1165.0,24,63,BULL_BOUNCE_CONFIRMED,LONG,81.0,CONVICTION,FAVORABLE,1.3931,RISING
2026-09-18,USB,6.0,0.04,0.032,COMPRESSION,5,475.0,0.24,0.19,COMPRESSION,25,173.0,28,28,BULL_BOUNCE_PENDING,LONG,51.5,MARGINAL,FAVORABLE,1.2608,FALLING
2026-09-18,ACN,6.0,1.36,0.215,VACUUM,136,237.0,4.45,0.705,CONVICTION,446,752.0,45,45,BULL_BOUNCE_PENDING,LONG,83.2,CONVICTION,FAVORABLE,6.311,RISING
2026-09-18,MSFT,6.0,11.07,1.122,CONVICTION,1107,743.0,11.405,1.156,CONVICTION,1141,357.0,21,34,BULL_BOUNCE_PENDING,LONG,56.0,MARGINAL,FAVORABLE,9.8642,NEUTRAL
2026-09-18,CPNG,6.0,0.14,0.298,COMPRESSION,14,381.0,0.005,0.011,MINOR,1,31.0,55,2,BEAR_REJECTION_PENDING,SHORT,35.8,MARGINAL,FAVORABLE,0.4696,FALLING
2026-09-18,AAPL,6.0,0.3,0.039,COMPRESSION,30,153.0,2.12,0.275,CONVICTION,213,692.0,9,37,BULL_BOUNCE_PENDING,LONG,65.8,CONVICTION,FAVORABLE,7.7001,RISING
2026-09-18,GOOGL,6.0,1.66,0.203,CONVICTION,167,306.0,4.62,0.566,CONVICTION,463,198.0,23,45,BULL_BOUNCE_PENDING,LONG,46.0,MARGINAL,FAVORABLE,8.1646,RISING
2026-09-18,CDE,6.0,0.7665,0.742,COMPRESSION,77,65.0,0.36,0.348,COMPRESSION,36,445.0,28,34,BEAR_REJECTION_PENDING,SHORT,55.0,MARGINAL,FAVORABLE,1.0333,RISING
2026-09-18,GEHC,6.0,0.91,0.55,COMPRESSION,91,574.0,0.21,0.127,MINOR,22,630.0,92,30,BULL_BOUNCE_PENDING,LONG,68.6,CONVICTION,FAVORABLE,1.6534,FALLING
2026-09-18,DBRG,6.0,0.055,1.44,MINOR,6,25.0,1.355,35.471,CONVICTION,136,390.0,11,17,DOUBLE_REJECTION_LONG,LONG,70.0,CONVICTION,FAVORABLE,0.0382,FALLING
2026-09-18,BMY,6.0,0.59,0.446,COMPRESSION,60,470.0,0.31,0.234,COMPRESSION,31,49.0,46,36,BULL_BOUNCE_PENDING,LONG,67.7,CONVICTION,FAVORABLE,1.3238,FALLING
2026-09-18,GOOG,6.0,1.338,0.171,CONVICTION,134,367.0,3.66,0.468,CONVICTION,367,201.0,15,72,BEAR_REJECTION_PENDING,SHORT,58.7,MARGINAL,FAVORABLE,7.8238,RISING
2026-09-18,ISRG,6.0,11.02,0.906,CONVICTION,1102,98.0,5.45,0.448,CONVICTION,546,450.0,21,79,BULL_BOUNCE_PENDING,LONG,70.7,CONVICTION,FAVORABLE,12.1592,RISING
2026-09-18,F,6.0,0.11,0.243,COMPRESSION,12,625.0,0.02,0.044,COMPRESSION,2,540.0,73,13,BULL_BOUNCE_PENDING,LONG,72.7,CONVICTION,FAVORABLE,0.4527,NEUTRAL
2026-09-18,IBM,6.0,5.69,0.799,CONVICTION,569,433.0,4.68,0.657,CONVICTION,469,95.0,49,29,BULL_BOUNCE_PENDING,LONG,41.0,MARGINAL,FAVORABLE,7.1241,NEUTRAL
2026-09-18,MU,6.0,3.63,0.086,CONVICTION,363,1382.0,7.215,0.171,VACUUM,722,70.0,19,65,BULL_BOUNCE_PENDING,LONG,70.0,CONVICTION,FAVORABLE,42.2052,FALLING
2026-09-18,CSGP,6.0,0.275,0.226,COMPRESSION,28,747.0,0.71,0.585,COMPRESSION,71,86.0,42,15,BULL_BOUNCE,LONG,70.8,CONVICTION,FAVORABLE,1.2144,RISING
2026-09-18,AGNC,6.0,0.09,0.431,COMPRESSION,9,187.0,0.03,0.144,COMPRESSION,3,86.0,31,6,BULL_BOUNCE_PENDING,LONG,62.7,CONVICTION,FAVORABLE,0.2086,FALLING
2026-09-18,CSX,6.0,0.31,0.303,COMPRESSION,32,320.0,0.53,0.519,COMPRESSION,54,1470.0,71,29,BEAR_REJECTION_PENDING,SHORT,48.2,MARGINAL,FAVORABLE,1.0218,FALLING
2026-09-18,HCA,6.0,3.14,0.229,VACUUM,314,1336.0,2.16,0.158,CONVICTION,217,102.0,5,28,BULL_BOUNCE_PENDING,LONG,85.7,CONVICTION,FAVORABLE,13.7021,RISING
2026-09-18,RUN,6.0,0.125,0.287,COMPRESSION,13,54.0,0.445,1.022,COMPRESSION,45,614.0,31,14,BULL_BOUNCE_PENDING,LONG,72.0,CONVICTION,FAVORABLE,0.4356,FALLING
2026-09-18,APP,6.0,9.4,0.633,CONVICTION,940,479.0,1.81,0.122,CONVICTION,182,1142.0,17,12,BEAR_REJECTION_PENDING,SHORT,75.9,CONVICTION,FAVORABLE,14.8469,RISING
2026-09-18,SLS,6.0,0.01,0.011,MINOR,1,971.0,0.02,0.022,MINOR,2,731.0,20,13,BULL_BOUNCE_PENDING,LONG,69.9,CONVICTION,FAVORABLE,0.9198,NEUTRAL
2026-09-18,BTDR,6.0,0.46,0.529,COMPRESSION,46,608.0,0.03,0.035,COMPRESSION,3,459.0,8,42,BULL_BOUNCE_PENDING,LONG,68.0,CONVICTION,FAVORABLE,0.8691,FALLING
2026-09-18,COMP,6.0,0.16,0.323,COMPRESSION,17,273.0,0.35,0.707,COMPRESSION,35,1127.0,43,15,BEAR_REJECTION_PENDING,SHORT,54.5,MARGINAL,FAVORABLE,0.495,FALLING
2026-09-18,ERAS,6.0,0.15,0.143,MINOR,16,142.0,0.35,0.333,COMPRESSION,36,1080.0,38,7,BULL_BOUNCE_PENDING,LONG,70.5,CONVICTION,FAVORABLE,1.0504,NEUTRAL
2026-09-18,DAL,6.0,0.35,0.167,COMPRESSION,35,1195.0,0.01,0.005,COMPRESSION,2,9.0,67,54,BULL_BOUNCE_PENDING,LONG,49.0,MARGINAL,FAVORABLE,2.1005,FALLING
2026-09-18,CIFR,6.0,0.005,0.003,MINOR,1,275.0,0.22,0.146,COMPRESSION,23,383.0,21,29,CHANNEL_BREAKOUT,LONG,47.0,MARGINAL,FAVORABLE,1.5024,RISING
2026-09-18,TECK,6.0,1.16,0.465,CONVICTION,116,91.0,3.43,1.376,CONVICTION,343,164.0,72,45,BULL_BOUNCE_PENDING,LONG,57.7,MARGINAL,FAVORABLE,2.4921,FALLING
2026-09-18,PSKY,6.0,0.5,1.102,COMPRESSION,50,1037.0,0.02,0.044,COMPRESSION,2,403.0,30,27,BULL_BOUNCE_PENDING,LONG,48.0,MARGINAL,FAVORABLE,0.4537,RISING
2026-09-18,FRSH,6.0,0.348,0.736,COMPRESSION,35,456.0,0.395,0.836,COMPRESSION,40,558.0,36,26,BULL_BOUNCE_PENDING,LONG,52.0,MARGINAL,FAVORABLE,0.4726,NEUTRAL
2026-09-18,KLAC,6.0,6.82,0.922,CONVICTION,682,25.0,0.594,0.08,COMPRESSION,60,1218.0,31,21,BULL_BOUNCE_PENDING,LONG,85.5,CONVICTION,FAVORABLE,7.3963,FALLING
2026-09-18,NCLH,6.0,0.31,0.595,COMPRESSION,32,236.0,0.005,0.01,MINOR,1,14.0,36,1,BEAR_REJECTION_PENDING,SHORT,64.3,CONVICTION,FAVORABLE,0.5214,FALLING
2026-09-18,PTEN,6.0,0.005,0.009,MINOR,1,96.0,0.115,0.209,COMPRESSION,12,767.0,33,9,BULL_BOUNCE_PENDING,LONG,51.0,MARGINAL,FAVORABLE,0.5507,FALLING
2026-09-18,GERN,6.0,0.01,0.132,MINOR,2,1407.0,0.06,0.792,MINOR,7,494.0,26,3,BULL_BOUNCE_PENDING,LONG,62.2,CONVICTION,FAVORABLE,0.0758,FALLING
2026-09-18,RGTI,6.0,0.05,0.06,MINOR,5,30.0,0.61,0.728,COMPRESSION,61,103.0,21,35,BULL_BOUNCE,LONG,65.0,CONVICTION,FAVORABLE,0.8381,NEUTRAL
2026-09-18,USAR,6.0,0.225,0.265,COMPRESSION,23,89.0,0.01,0.012,MINOR,1,947.0,32,8,BULL_BOUNCE_PENDING,LONG,48.0,MARGINAL,FAVORABLE,0.85,FALLING
2026-09-18,HPQ,6.0,2.54,1.509,CONVICTION,254,682.0,0.11,0.065,COMPRESSION,11,1050.0,17,51,BULL_BOUNCE_PENDING,LONG,58.0,MARGINAL,FAVORABLE,1.6836,NEUTRAL
2026-09-18,AG,6.0,0.075,0.076,MINOR,8,67.0,0.19,0.192,COMPRESSION,20,57.0,63,46,BEAR_REJECTION_PENDING,SHORT,68.7,CONVICTION,FAVORABLE,0.9917,FALLING
2026-09-18,OI,6.0,0.07,0.253,COMPRESSION,8,479.0,0.005,0.018,MINOR,1,57.0,44,2,BEAR_REJECTION_PENDING,SHORT,59.0,MARGINAL,FAVORABLE,0.2771,FALLING
2026-09-18,FLNC,6.0,1.39,2.05,CONVICTION,140,721.0,0.19,0.28,COMPRESSION,20,1141.0,25,3,BULL_BOUNCE_PENDING,LONG,67.4,CONVICTION,FAVORABLE,0.678,FALLING
2026-09-18,AMAT,6.0,10.445,0.608,CONVICTION,1045,1063.0,9.535,0.555,CONVICTION,954,439.0,39,59,BULL_BOUNCE_PENDING,LONG,60.0,CONVICTION,FAVORABLE,17.1836,FALLING
2026-09-18,IBRX,6.0,0.55,1.215,MINOR,56,1290.0,0.005,0.011,MINOR,1,275.0,20,49,BULL_BOUNCE_PENDING,LONG,56.0,MARGINAL,FAVORABLE,0.4525,RISING
2026-09-18,AI,6.0,0.36,0.705,COMPRESSION,36,825.0,0.23,0.45,MINOR,24,967.0,10,27,BULL_BOUNCE_PENDING,LONG,68.0,CONVICTION,FAVORABLE,0.5107,RISING
2026-09-18,KGC,6.0,0.955,0.833,COMPRESSION,96,45.0,1.58,1.378,CONVICTION,158,303.0,74,45,BULL_BOUNCE_PENDING,LONG,55.8,MARGINAL,FAVORABLE,1.1463,FALLING
2026-09-18,BKNG,6.0,1.71,0.266,CONVICTION,171,1333.0,1.35,0.21,CONVICTION,135,243.0,54,3,BULL_BOUNCE_PENDING,LONG,76.6,CONVICTION,FAVORABLE,6.4266,FALLING
2026-09-18,IREN,6.0,0.02,0.007,MINOR,2,348.0,0.86,0.306,COMPRESSION,86,208.0,15,38,BULL_BOUNCE_PENDING,LONG,64.8,CONVICTION,FAVORABLE,2.8133,RISING
2026-09-18,QCOM,6.0,3.2,0.357,CONVICTION,321,1238.0,0.6,0.067,COMPRESSION,60,818.0,22,61,BULL_BOUNCE_PENDING,LONG,89.3,CONVICTION,FAVORABLE,8.9736,RISING
2026-09-18,KR,6.0,0.23,0.146,COMPRESSION,23,17.0,0.82,0.522,COMPRESSION,83,184.0,23,41,BULL_BOUNCE_PENDING,LONG,59.0,MARGINAL,FAVORABLE,1.5702,RISING
2026-09-18,CNQ,6.0,0.005,0.004,COMPRESSION,1,225.0,0.33,0.237,COMPRESSION,33,339.0,26,77,BULL_BOUNCE_PENDING,LONG,50.0,MARGINAL,FAVORABLE,1.3917,FALLING
2026-09-18,AMD,6.0,0.015,0.001,MINOR,2,85.0,11.35,0.52,CONVICTION,1136,1008.0,16,123,BULL_BOUNCE_PENDING,LONG,69.6,CONVICTION,FAVORABLE,21.8298,RISING
2026-09-18,PLTR,6.0,1.86,0.262,CONVICTION,187,647.0,1.595,0.224,VACUUM,160,331.0,20,24,BULL_BOUNCE_PENDING,LONG,88.4,CONVICTION,FAVORABLE,7.1113,NEUTRAL
2026-09-18,QBTS,6.0,0.05,0.055,COMPRESSION,6,87.0,0.64,0.708,MINOR,64,792.0,21,14,BULL_BOUNCE_PENDING,LONG,47.6,MARGINAL,FAVORABLE,0.9039,NEUTRAL
2026-09-18,FNB,6.0,0.07,0.2,COMPRESSION,8,193.0,0.12,0.343,COMPRESSION,13,958.0,51,16,BEAR_REJECTION_PENDING,SHORT,52.9,MARGINAL,FAVORABLE,0.3503,NEUTRAL
2026-09-18,SOUN,6.0,0.01,0.035,COMPRESSION,1,655.0,0.27,0.952,MINOR,27,385.0,26,2,BULL_BOUNCE_PENDING,LONG,68.1,CONVICTION,FAVORABLE,0.2836,RISING
2026-09-18,AUR,6.0,0.06,0.194,COMPRESSION,7,888.0,0.08,0.259,COMPRESSION,9,683.0,16,19,BULL_BOUNCE_PENDING,LONG,80.2,CONVICTION,FAVORABLE,0.3093,FALLING
2026-09-18,TTD,6.0,0.025,0.038,MINOR,3,1104.0,0.4,0.611,COMPRESSION,41,46.0,11,11,BUY_LOWER_DIRTY,LONG,58.9,MARGINAL,FAVORABLE,0.6543,RISING
2026-09-18,HBAN,6.0,0.06,0.156,COMPRESSION,6,653.0,0.1,0.26,COMPRESSION,10,805.0,40,15,BULL_BOUNCE_PENDING,LONG,59.7,MARGINAL,FAVORABLE,0.3845,FALLING
2026-09-18,CTSH,6.0,0.58,0.281,COMPRESSION,59,299.0,0.902,0.437,COMPRESSION,91,701.0,45,56,BULL_BOUNCE_PENDING,LONG,67.0,CONVICTION,FAVORABLE,2.065,FALLING
2026-09-18,CCC,6.0,0.09,0.282,COMPRESSION,9,175.0,0.14,0.438,COMPRESSION,15,496.0,8,15,BULL_BOUNCE_PENDING,LONG,55.0,MARGINAL,FAVORABLE,0.3193,FALLING
2026-09-18,LRCX,6.0,13.695,1.001,CONVICTION,1370,683.0,18.4,1.345,CONVICTION,1841,1417.0,95,44,BULL_BOUNCE_PENDING,LONG,71.3,CONVICTION,FAVORABLE,13.6753,FALLING
2026-09-18,UAMY,6.0,0.14,0.468,COMPRESSION,14,316.0,0.06,0.201,MINOR,7,120.0,41,10,BULL_BOUNCE,LONG,54.0,MARGINAL,FAVORABLE,0.2989,FALLING
2026-09-18,RIG,6.0,0.19,0.683,COMPRESSION,20,1172.0,0.1,0.359,COMPRESSION,11,480.0,25,26,BULL_BOUNCE_PENDING,LONG,77.0,CONVICTION,FAVORABLE,0.2783,FALLING
2026-09-18,JBLU,6.0,0.055,0.295,COMPRESSION,6,469.0,0.21,1.127,COMPRESSION,21,1121.0,32,10,BULL_BOUNCE_PENDING,LONG,61.6,CONVICTION,FAVORABLE,0.1864,NEUTRAL
2026-09-18,RIVN,6.0,0.01,0.016,MINOR,2,505.0,0.135,0.215,COMPRESSION,14,395.0,25,9,BULL_BOUNCE_PENDING,LONG,66.9,CONVICTION,FAVORABLE,0.6289,FALLING
2026-09-18,RKLB,6.0,1.36,0.441,CONVICTION,136,1118.0,0.1,0.032,COMPRESSION,11,1226.0,36,17,BULL_BOUNCE_PENDING,LONG,58.8,MARGINAL,FAVORABLE,3.0872,RISING
2026-09-18,AGEN,6.0,0.03,0.067,MINOR,4,41.0,0.16,0.357,MINOR,17,27.0,5,32,BULL_BOUNCE_PENDING,LONG,63.5,CONVICTION,FAVORABLE,0.4484,NEUTRAL
2026-09-18,ATAI,6.0,0.0029,0.035,MINOR,1,148.0,1.315,16.076,CONVICTION,132,362.0,4,17,BULL_BOUNCE_PENDING,LONG,100.0,CONVICTION,FAVORABLE,0.0818,FALLING
2026-09-18,INTR,6.0,0.22,0.921,COMPRESSION,22,233.0,0.045,0.188,COMPRESSION,5,205.0,40,28,BEAR_REJECTION_PENDING,SHORT,50.0,MARGINAL,FAVORABLE,0.2388,FALLING
2026-09-18,CCL,6.0,0.435,0.662,COMPRESSION,44,164.0,1.4,2.13,CONVICTION,140,166.0,53,7,BULL_BOUNCE_PENDING,LONG,76.0,CONVICTION,FAVORABLE,0.6572,FALLING
2026-09-18,AMZN,6.0,3.36,0.603,CONVICTION,337,28.0,2.965,0.532,VACUUM,297,61.0,30,20,BEAR_REJECTION_PENDING,SHORT,77.7,CONVICTION,FAVORABLE,5.5729,FALLING
2026-09-18,RKT,6.0,0.18,0.3,COMPRESSION,18,313.0,0.085,0.142,COMPRESSION,9,28.0,47,2,BULL_BOUNCE_PENDING,LONG,61.9,CONVICTION,FAVORABLE,0.5997,FALLING
2026-09-18,CMG,6.0,0.16,0.14,MINOR,17,1369.0,0.44,0.386,COMPRESSION,45,138.0,43,18,BULL_BOUNCE_PENDING,LONG,54.1,MARGINAL,FAVORABLE,1.1389,FALLING
2026-09-18,ADBE,6.0,3.705,0.364,CONVICTION,371,553.0,5.1,0.501,CONVICTION,510,248.0,77,25,BULL_BOUNCE_PENDING,LONG,86.3,CONVICTION,FAVORABLE,10.171,RISING
2026-09-18,ON,6.0,2.429,0.688,CONVICTION,243,475.0,0.73,0.207,COMPRESSION,74,894.0,32,22,BEAR_REJECTION_PENDING,SHORT,66.8,CONVICTION,FAVORABLE,3.5289,RISING
2026-09-18,KEEL,6.0,0.09,0.348,COMPRESSION,10,677.0,0.11,0.425,COMPRESSION,11,93.0,3,33,BULL_BOUNCE_PENDING,LONG,51.9,MARGINAL,FAVORABLE,0.2588,NEUTRAL
2026-09-18,WULF,6.0,0.38,0.348,COMPRESSION,38,1216.0,1.08,0.989,CONVICTION,108,15.0,27,43,BULL_BOUNCE_PENDING,LONG,74.4,CONVICTION,FAVORABLE,1.0918,RISING
2026-09-18,FCEL,6.0,0.85,0.577,COMPRESSION,85,704.0,0.52,0.353,COMPRESSION,52,653.0,19,34,BULL_BOUNCE_PENDING,LONG,53.0,MARGINAL,FAVORABLE,1.4725,RISING
2026-09-18,OWL,6.0,0.12,0.278,COMPRESSION,13,631.0,0.08,0.185,COMPRESSION,9,214.0,65,9,BULL_BOUNCE_PENDING,LONG,61.9,CONVICTION,FAVORABLE,0.4319,FALLING
2026-09-18,NB,6.0,0.055,0.298,COMPRESSION,6,549.0,0.22,1.191,COMPRESSION,22,492.0,54,4,BULL_BOUNCE_PENDING,LONG,48.7,MARGINAL,FAVORABLE,0.1847,FALLING
2026-09-18,CSCO,6.0,8.82,3.624,CONVICTION,883,498.0,0.57,0.234,COMPRESSION,58,851.0,37,28,BULL_BOUNCE_PENDING,LONG,43.0,MARGINAL,FAVORABLE,2.4341,NEUTRAL
2026-09-18,BB,6.0,0.07,0.225,MINOR,7,83.0,0.05,0.16,MINOR,5,44.0,14,25,BULL_BOUNCE_PENDING,LONG,48.5,MARGINAL,FAVORABLE,0.3116,NEUTRAL
2026-09-18,RIOT,6.0,0.01,0.007,MINOR,2,787.0,0.76,0.536,COMPRESSION,77,68.0,8,61,BULL_BOUNCE_PENDING,LONG,76.0,CONVICTION,FAVORABLE,1.4182,NEUTRAL
2026-09-18,OKLO,6.0,1.13,0.458,VACUUM,114,953.0,0.28,0.113,COMPRESSION,28,226.0,36,20,BEAR_REJECTION_PENDING,SHORT,65.1,CONVICTION,FAVORABLE,2.4679,FALLING
2026-09-18,PL,6.0,0.185,0.169,COMPRESSION,19,74.0,2.85,2.604,CONVICTION,285,220.0,35,9,BULL_BOUNCE_PENDING,LONG,77.5,CONVICTION,FAVORABLE,1.0944,FALLING
2026-09-18,URG,6.0,0.03,0.515,COMPRESSION,4,544.0,0.03,0.515,COMPRESSION,4,1130.0,20,8,BULL_BOUNCE_PENDING,LONG,51.0,MARGINAL,FAVORABLE,0.0582,FALLING
2026-09-18,BTG,6.0,0.03,0.129,COMPRESSION,4,343.0,0.01,0.043,MINOR,1,584.0,22,39,BULL_BOUNCE_PENDING,LONG,51.0,MARGINAL,FAVORABLE,0.2321,FALLING
2026-09-18,IONQ,6.0,1.53,0.649,CONVICTION,154,1445.0,0.28,0.119,MINOR,29,259.0,26,26,BEAR_REJECTION_PENDING,SHORT,66.7,CONVICTION,FAVORABLE,2.358,RISING
2026-09-18,LUNR,6.0,0.4627,0.573,COMPRESSION,47,16.0,0.615,0.761,COMPRESSION,62,108.0,29,11,BULL_BOUNCE_PENDING,LONG,56.0,MARGINAL,FAVORABLE,0.8077,FALLING
2026-09-18,CRML,6.0,0.1,0.214,MINOR,10,896.0,0.08,0.171,COMPRESSION,9,207.0,17,32,BUY_LOWER_DIRTY,LONG,34.1,MARGINAL,FAVORABLE,0.4676,RISING
2026-09-18,CVNA,6.0,1.5,0.508,VACUUM,150,900.0,0.94,0.318,COMPRESSION,94,384.0,52,15,BULL_BOUNCE_PENDING,LONG,82.9,CONVICTION,FAVORABLE,2.9535,FALLING
2026-09-18,WYFI,6.0,0.57,0.433,COMPRESSION,58,60.0,0.32,0.243,COMPRESSION,33,49.0,13,44,BEAR_REJECTION_PENDING,SHORT,64.4,CONVICTION,FAVORABLE,1.3155,RISING
2026-09-18,STLA,6.0,0.175,0.978,COMPRESSION,18,885.0,0.005,0.028,MINOR,1,31.0,61,1,BEAR_REJECTION_PENDING,SHORT,50.2,MARGINAL,FAVORABLE,0.1789,FALLING
2026-09-18,WTI,6.0,0.032,0.156,MINOR,4,101.0,0.1,0.488,COMPRESSION,10,1108.0,21,33,BULL_BOUNCE_PENDING,LONG,50.0,MARGINAL,FAVORABLE,0.2049,NEUTRAL
2026-09-18,SNOW,6.0,2.84,0.154,CONVICTION,285,581.0,3.16,0.171,CONVICTION,317,1130.0,28,13,BULL_BOUNCE_PENDING,LONG,76.0,CONVICTION,FAVORABLE,18.4314,NEUTRAL
2026-09-18,NVTS,6.0,0.38,0.577,COMPRESSION,39,1276.0,0.6,0.911,MINOR,61,631.0,22,34,BULL_BOUNCE_PENDING,LONG,67.0,CONVICTION,FAVORABLE,0.6589,FALLING
2026-09-18,AVGO,6.0,7.6,0.689,CONVICTION,761,480.0,16.66,1.51,CONVICTION,1666,133.0,36,69,BEAR_REJECTION_PENDING,SHORT,83.3,CONVICTION,FAVORABLE,11.0308,FALLING
2026-09-18,CBRS,6.0,0.95,0.078,COMPRESSION,95,675.0,2.64,0.216,CONVICTION,265,41.0,8,44,BULL_BOUNCE_PENDING,LONG,72.5,CONVICTION,FAVORABLE,12.2229,RISING
2026-09-18,PR,6.0,0.155,0.217,COMPRESSION,16,364.0,0.1,0.14,COMPRESSION,11,572.0,37,46,BULL_BOUNCE_PENDING,LONG,51.7,MARGINAL,FAVORABLE,0.7149,RISING
2026-09-18,RXRX,6.0,0.07,0.344,COMPRESSION,8,1257.0,0.185,0.909,COMPRESSION,19,1052.0,4,33,BULL_BOUNCE_PENDING,LONG,72.1,CONVICTION,FAVORABLE,0.2035,NEUTRAL
2026-09-18,BBAI,6.0,0.07,0.54,COMPRESSION,8,80.0,0.13,1.003,COMPRESSION,14,280.0,38,11,BULL_BOUNCE_PENDING,LONG,40.0,MARGINAL,FAVORABLE,0.1296,FALLING
2026-09-18,HIMS,6.0,0.017,0.014,MINOR,2,310.0,0.59,0.49,MINOR,59,1247.0,10,17,BULL_BOUNCE_PENDING,LONG,57.2,MARGINAL,FAVORABLE,1.2037,NEUTRAL
2026-09-18,NBIS,6.0,4.34,0.298,CONVICTION,435,45.0,1.42,0.097,CONVICTION,142,1447.0,36,39,BULL_BOUNCE_PENDING,LONG,59.5,MARGINAL,FAVORABLE,14.5663,FALLING
2026-09-18,GTM,6.0,1.98,8.765,CONVICTION,199,477.0,0.11,0.487,COMPRESSION,12,1200.0,21,25,BULL_BOUNCE,LONG,57.0,MARGINAL,FAVORABLE,0.2259,RISING
2026-09-18,WDC,6.0,5.67,0.25,CONVICTION,568,97.0,7.73,0.342,CONVICTION,774,584.0,55,39,BEAR_REJECTION_PENDING,SHORT,53.4,MARGINAL,FAVORABLE,22.6352,FALLING
2026-09-18,TOST,6.0,0.31,0.271,COMPRESSION,32,1100.0,0.37,0.323,COMPRESSION,38,942.0,52,35,BULL_BOUNCE_PENDING,LONG,74.6,CONVICTION,FAVORABLE,1.1449,FALLING
2026-09-18,VG,6.0,0.23,0.351,MINOR,24,66.0,0.49,0.748,COMPRESSION,50,401.0,38,18,BULL_BOUNCE_PENDING,LONG,82.0,CONVICTION,FAVORABLE,0.6554,RISING
2026-09-18,RZLV,6.0,0.01,0.074,COMPRESSION,2,508.0,0.01,0.074,COMPRESSION,2,993.0,12,12,BULL_BOUNCE_PENDING,LONG,55.0,MARGINAL,FAVORABLE,0.1343,FALLING
2026-09-18,CCO,6.0,0.01,0.538,COMPRESSION,1,147.0,0.17,9.14,COMPRESSION,17,63.0,1,7,BULL_BOUNCE_PENDING,LONG,65.0,CONVICTION,FAVORABLE,0.0186,NEUTRAL
2026-09-18,SIDU,6.0,0.005,0.046,MINOR,1,658.0,0.77,7.09,COMPRESSION,77,228.0,20,13,BULL_BOUNCE_PENDING,LONG,66.6,CONVICTION,FAVORABLE,0.1086,RISING
2026-09-18,QS,6.0,0.15,0.661,COMPRESSION,16,332.0,0.12,0.529,COMPRESSION,13,1440.0,20,5,BULL_BOUNCE_PENDING,LONG,63.7,CONVICTION,FAVORABLE,0.227,FALLING
2026-09-18,HUMA,6.0,0.0001,0.003,COMPRESSION,1,1188.0,0.0001,0.003,MINOR,1,368.0,26,24,BULL_BOUNCE_PENDING,LONG,40.0,MARGINAL,FAVORABLE,0.0327,RISING
2026-09-18,UWMC,6.0,0.04,0.481,COMPRESSION,5,116.0,0.0302,0.363,MINOR,4,423.0,19,5,BULL_BOUNCE_PENDING,LONG,50.0,MARGINAL,FAVORABLE,0.0831,RISING
2026-09-18,XP,6.0,0.13,0.159,COMPRESSION,14,451.0,0.52,0.636,COMPRESSION,52,939.0,19,29,BULL_BOUNCE_PENDING,LONG,62.7,CONVICTION,FAVORABLE,0.8175,FALLING
2026-09-18,INFQ,6.0,0.245,0.29,COMPRESSION,25,98.0,0.11,0.13,MINOR,12,1200.0,11,8,BULL_BOUNCE_PENDING,LONG,72.4,CONVICTION,FAVORABLE,0.8439,NEUTRAL
2026-09-18,BFLY,6.0,0.09,0.168,COMPRESSION,9,665.0,0.025,0.047,COMPRESSION,3,1445.0,16,25,BULL_BOUNCE_PENDING,LONG,56.4,MARGINAL,FAVORABLE,0.5373,NEUTRAL
2026-09-18,PATH,6.0,0.03,0.03,COMPRESSION,3,1234.0,0.285,0.282,COMPRESSION,29,333.0,22,20,BULL_BOUNCE_PENDING,LONG,81.5,CONVICTION,FAVORABLE,1.01,NEUTRAL
2026-09-18,AMC,6.0,0.03,0.196,MINOR,4,1160.0,0.04,0.262,COMPRESSION,5,1492.0,9,21,BULL_BOUNCE_PENDING,LONG,67.9,CONVICTION,FAVORABLE,0.1528,RISING
2026-09-18,ANET,6.0,0.2416,0.031,MINOR,25,260.0,4.6,0.592,VACUUM,460,21.0,30,46,BULL_BOUNCE_PENDING,LONG,78.0,CONVICTION,FAVORABLE,7.7644,NEUTRAL
2026-09-18,SPCX,6.0,1.5,0.218,CONVICTION,150,555.0,126.36,18.371,CONVICTION,12636,38.0,28,33,BULL_BOUNCE_PENDING,LONG,84.0,CONVICTION,FAVORABLE,6.8783,RISING
2026-09-18,STM,6.0,0.42,0.274,COMPRESSION,43,375.0,3.27,2.134,CONVICTION,328,313.0,36,41,BULL_BOUNCE_PENDING,LONG,57.2,MARGINAL,FAVORABLE,1.532,RISING
2026-09-18,BATL,6.0,0.115,1.599,MINOR,12,486.0,0.04,0.556,MINOR,4,688.0,19,12,BEAR_REJECTION_PENDING,SHORT,44.0,MARGINAL,FAVORABLE,0.0719,NEUTRAL
2026-09-18,LAC,6.0,0.0621,0.416,COMPRESSION,7,153.0,0.0328,0.22,MINOR,4,236.0,49,4,BEAR_REJECTION_PENDING,SHORT,63.9,CONVICTION,FAVORABLE,0.1492,FALLING
2026-09-18,HIVE,6.0,0.08,0.46,COMPRESSION,8,1341.0,0.08,0.46,COMPRESSION,9,169.0,3,37,BULL_BOUNCE_PENDING,LONG,60.6,CONVICTION,FAVORABLE,0.1738,NEUTRAL
2026-09-18,MVIS,6.0,0.01,0.075,MINOR,2,1353.0,0.03,0.225,COMPRESSION,4,176.0,20,13,BULL_BOUNCE_PENDING,LONG,57.1,MARGINAL,FAVORABLE,0.1334,RISING
2026-09-18,ZETA,6.0,3.44,2.421,CONVICTION,345,1132.0,0.57,0.401,COMPRESSION,58,373.0,16,20,BULL_BOUNCE_PENDING,LONG,85.9,CONVICTION,FAVORABLE,1.4208,NEUTRAL
2026-09-18,TREX,6.0,0.8,0.547,COMPRESSION,81,291.0,0.25,0.171,COMPRESSION,25,809.0,72,21,BEAR_REJECTION_PENDING,SHORT,61.5,CONVICTION,FAVORABLE,1.4629,FALLING
2026-09-18,LGHL,6.0,0.14,0.102,MINOR,15,242.0,0.15,0.11,COMPRESSION,15,308.0,21,51,BULL_BOUNCE_PENDING,LONG,56.0,MARGINAL,FAVORABLE,1.3697,NEUTRAL
2026-09-18,SHOP,6.0,3.385,0.561,CONVICTION,339,1124.0,2.165,0.359,CONVICTION,217,551.0,48,23,BULL_BOUNCE_PENDING,LONG,99.7,CONVICTION,FAVORABLE,6.0368,NEUTRAL
2026-09-18,META,6.0,3.97,0.187,CONVICTION,398,218.0,9.8,0.461,CONVICTION,981,226.0,20,61,BULL_BOUNCE_PENDING,LONG,88.4,CONVICTION,FAVORABLE,21.239,RISING
2026-09-18,SES,6.0,0.0001,0.003,MINOR,1,701.0,0.0095,0.203,COMPRESSION,1,233.0,34,5,BULL_BOUNCE_PENDING,LONG,56.4,MARGINAL,FAVORABLE,0.0468,RISING
2026-09-18,JLHL,6.0,0.09,0.213,MINOR,9,909.0,0.06,0.142,MINOR,6,73.0,74,13,BULL_BOUNCE_PENDING,LONG,54.0,MARGINAL,FAVORABLE,0.422,NEUTRAL
2026-09-18,COHR,6.0,8.915,0.471,CONVICTION,892,508.0,2.82,0.149,CONVICTION,282,103.0,12,74,BULL_BOUNCE_PENDING,LONG,83.2,CONVICTION,FAVORABLE,18.9341,RISING
2026-09-18,SLNH,6.0,0.002,0.024,COMPRESSION,1,598.0,0.05,0.598,COMPRESSION,6,246.0,8,40,BULL_BOUNCE_PENDING,LONG,38.0,MARGINAL,FAVORABLE,0.0836,RISING
2026-09-18,BJDX,6.0,0.015,0.169,COMPRESSION,2,914.0,0.0033,0.037,MINOR,1,833.0,8,39,BULL_BOUNCE_PENDING,LONG,54.0,MARGINAL,FAVORABLE,0.0887,NEUTRAL
2026-09-18,STUB,6.0,0.04,0.133,COMPRESSION,5,816.0,0.03,0.1,COMPRESSION,3,91.0,26,8,BULL_BOUNCE_CONFIRMED,LONG,62.0,CONVICTION,FAVORABLE,0.3014,RISING
2026-09-18,OPTU,6.0,0.0002,0.003,MINOR,1,338.0,0.0508,0.674,MINOR,6,472.0,7,16,BULL_BOUNCE_PENDING,LONG,33.7,MARGINAL,FAVORABLE,0.0754,NEUTRAL
2026-09-18,TPET,6.0,0.01,0.046,MINOR,2,142.0,,,,,,19,0,BEAR_REJECTION_PENDING,SHORT,44.0,MARGINAL,FAVORABLE,0.2154,RISING
2026-09-18,AEON,6.0,0.0082,0.195,COMPRESSION,1,1116.0,0.0025,0.06,MINOR,1,52.0,10,19,BULL_BOUNCE_PENDING,LONG,63.0,CONVICTION,FAVORABLE,0.042,RISING
2026-09-18,FIG,6.0,0.53,0.395,COMPRESSION,53,836.0,0.77,0.574,COMPRESSION,77,393.0,32,10,BULL_BOUNCE_PENDING,LONG,86.7,CONVICTION,FAVORABLE,1.3413,RISING
2026-09-18,WEN,6.0,0.03,0.097,COMPRESSION,4,991.0,0.0037,0.012,MINOR,1,1007.0,30,3,BULL_BOUNCE_PENDING,LONG,43.0,MARGINAL,FAVORABLE,0.3095,FALLING
2026-09-18,MAT,6.0,0.06,0.153,COMPRESSION,6,900.0,0.005,0.013,MINOR,1,264.0,45,14,BEAR_REJECTION_PENDING,SHORT,43.9,MARGINAL,FAVORABLE,0.3918,RISING
2026-09-18,FHB,6.0,0.72,1.59,COMPRESSION,73,1446.0,0.04,0.088,COMPRESSION,4,481.0,61,15,BULL_BOUNCE_PENDING,LONG,62.7,CONVICTION,FAVORABLE,0.4529,RISING
2026-09-18,AAL,6.0,0.27,0.668,COMPRESSION,28,300.0,0.6,1.486,COMPRESSION,60,1210.0,20,33,BEAR_REJECTION_PENDING,SHORT,56.5,MARGINAL,FAVORABLE,0.4039,NEUTRAL
2026-09-18,DFNS,6.0,0.24,0.217,MINOR,25,1423.0,1.81,1.64,CONVICTION,181,1157.0,34,22,BULL_BOUNCE_PENDING,LONG,52.0,MARGINAL,FAVORABLE,1.1039,NEUTRAL
2026-09-18,FPS,6.0,0.07,0.029,COMPRESSION,8,917.0,1.92,0.791,CONVICTION,192,422.0,19,38,BULL_BOUNCE_PENDING,LONG,92.2,CONVICTION,FAVORABLE,2.4287,RISING
2026-09-18,CORZ,6.0,0.45,0.455,COMPRESSION,46,20.0,0.26,0.263,COMPRESSION,27,180.0,25,32,BULL_BOUNCE_PENDING,LONG,43.3,MARGINAL,FAVORABLE,0.9893,RISING
2026-09-18,MRK,6.0,3.56,1.245,CONVICTION,357,226.0,0.83,0.29,COMPRESSION,84,34.0,36,46,BULL_BOUNCE,LONG,67.4,CONVICTION,FAVORABLE,2.86,NEUTRAL
2026-09-18,ALC,6.0,0.86,0.577,COMPRESSION,86,668.0,1.29,0.865,CONVICTION,130,54.0,91,15,BULL_BOUNCE_PENDING,LONG,82.3,CONVICTION,FAVORABLE,1.4907,FALLING
2026-09-18,UBER,6.0,0.145,0.068,COMPRESSION,15,733.0,0.01,0.005,MINOR,1,65.0,53,14,BULL_BOUNCE_PENDING,LONG,52.0,MARGINAL,FAVORABLE,2.1294,FALLING
2026-09-18,CRM,6.0,6.36,0.701,CONVICTION,636,148.0,24.43,2.693,CONVICTION,2444,439.0,76,7,BULL_BOUNCE_PENDING,LONG,100.0,CONVICTION,FAVORABLE,9.0723,FALLING
2026-09-18,TLRY,6.0,0.03,0.173,COMPRESSION,3,101.0,0.105,0.604,MINOR,11,608.0,29,5,BULL_BOUNCE_PENDING,LONG,65.5,CONVICTION,FAVORABLE,0.1737,FALLING
2026-09-18,MDLN,6.0,0.13,0.096,COMPRESSION,14,247.0,0.005,0.004,MINOR,1,27.0,71,1,BULL_BOUNCE_PENDING,LONG,56.0,MARGINAL,FAVORABLE,1.3523,RISING
2026-09-18,SBEV,6.0,0.0158,0.22,MINOR,2,117.0,0.001,0.014,MINOR,1,486.0,4,18,BULL_BOUNCE,LONG,66.4,CONVICTION,FAVORABLE,0.0718,NEUTRAL
2026-09-18,GOSS,6.0,0.944,0.751,COMPRESSION,95,379.0,0.82,0.652,COMPRESSION,82,431.0,7,50,BULL_BOUNCE_PENDING,LONG,54.6,MARGINAL,FAVORABLE,1.2575,FALLING
2026-09-18,APLD,6.0,1.195,0.792,VACUUM,120,1139.0,1.355,0.898,VACUUM,136,436.0,13,36,BULL_BOUNCE_PENDING,LONG,86.9,CONVICTION,FAVORABLE,1.5089,RISING
2026-09-18,BSX,6.0,0.03,0.018,MINOR,4,1046.0,0.005,0.003,MINOR,1,30.0,31,3,BULL_BOUNCE_PENDING,LONG,52.0,MARGINAL,FAVORABLE,1.6992,FALLING
2026-09-18,ASAN,6.0,0.45,0.707,COMPRESSION,45,1098.0,0.41,0.644,COMPRESSION,42,442.0,18,24,BULL_BOUNCE_PENDING,LONG,82.6,CONVICTION,FAVORABLE,0.6363,RISING
2026-09-18,KD,6.0,0.16,0.277,COMPRESSION,17,1185.0,0.25,0.434,MINOR,25,333.0,44,12,BULL_BOUNCE_PENDING,LONG,79.5,CONVICTION,FAVORABLE,0.5766,NEUTRAL
2026-09-18,WDAY,6.0,0.8,0.098,MINOR,80,599.0,1.58,0.193,CONVICTION,158,919.0,23,28,BULL_BOUNCE_PENDING,LONG,92.6,CONVICTION,FAVORABLE,8.1656,NEUTRAL
2026-09-18,SKYQ,6.0,0.08,0.234,MINOR,9,303.0,0.15,0.439,COMPRESSION,16,1266.0,36,14,BULL_BOUNCE_PENDING,LONG,62.0,CONVICTION,FAVORABLE,0.3413,NEUTRAL
2026-09-18,TEAM,6.0,4.0,0.448,VACUUM,400,1426.0,1.9,0.213,CONVICTION,191,363.0,6,34,BULL_BOUNCE_PENDING,LONG,68.8,CONVICTION,FAVORABLE,8.9384,RISING
2026-09-18,SUGP,6.0,0.0002,0.002,MINOR,1,1008.0,0.0001,0.001,MINOR,1,234.0,13,11,BEAR_REJECTION_PENDING,SHORT,46.0,MARGINAL,FAVORABLE,0.1048,FALLING
2026-09-18,OBAI,6.0,0.0058,0.187,MINOR,1,306.0,0.0,0.002,MINOR,1,36.0,16,19,BULL_BOUNCE,LONG,64.2,CONVICTION,FAVORABLE,0.031,NEUTRAL
2026-09-18,WNW,6.0,0.02,0.142,COMPRESSION,3,253.0,0.0183,0.13,MINOR,2,169.0,46,13,BULL_BOUNCE_PENDING,LONG,55.9,MARGINAL,FAVORABLE,0.1407,NEUTRAL
2026-09-18,CRE,6.0,0.54,2.139,MINOR,54,906.0,0.14,0.555,MINOR,15,550.0,10,65,BUY_LOWER_DIRTY,LONG,49.3,MARGINAL,FAVORABLE,0.2524,NEUTRAL
2026-09-18,LASE,6.0,0.0014,0.01,MINOR,1,749.0,0.0072,0.053,COMPRESSION,1,697.0,17,22,BULL_BOUNCE_PENDING,LONG,71.0,CONVICTION,FAVORABLE,0.1368,NEUTRAL
2026-09-18,SHMD,6.0,0.055,0.222,MINOR,6,1082.0,0.03,0.121,COMPRESSION,3,219.0,2,36,BULL_BOUNCE_PENDING,LONG,51.7,MARGINAL,FAVORABLE,0.2478,RISING
2026-09-18,AMPG,6.0,0.01,0.064,MINOR,2,890.0,0.07,0.446,MINOR,7,356.0,31,23,BUY_LOWER_DIRTY,LONG,47.4,MARGINAL,FAVORABLE,0.157,NEUTRAL
2026-09-18,OSS,6.0,0.23,0.476,COMPRESSION,23,45.0,0.1977,0.409,MINOR,20,249.0,56,35,BEAR_REJECTION_PENDING,SHORT,53.1,MARGINAL,FAVORABLE,0.4828,FALLING
2026-09-18,BEEM,6.0,0.02,0.33,MINOR,3,728.0,0.01,0.165,COMPRESSION,2,1264.0,46,10,BULL_BOUNCE_PENDING,LONG,55.6,MARGINAL,FAVORABLE,0.0606,NEUTRAL
2026-09-18,AIM,6.0,0.0096,0.372,COMPRESSION,1,163.0,0.0,0.002,MINOR,1,48.0,13,8,BULL_BOUNCE,LONG,59.0,MARGINAL,FAVORABLE,0.0258,NEUTRAL
2026-09-18,ELF,6.0,0.18,0.039,COMPRESSION,18,274.0,2.29,0.492,CONVICTION,230,953.0,62,38,BULL_BOUNCE_PENDING,LONG,66.0,CONVICTION,FAVORABLE,4.6525,NEUTRAL
2026-09-18,CAST,6.0,0.005,0.041,MINOR,1,70.0,0.01,0.082,MINOR,2,174.0,7,34,BULL_BOUNCE_PENDING,LONG,64.6,CONVICTION,FAVORABLE,0.1224,NEUTRAL
2026-09-18,ULCC,6.0,0.1,0.395,COMPRESSION,11,1392.0,0.19,0.751,COMPRESSION,19,1115.0,42,19,BULL_BOUNCE_PENDING,LONG,46.0,MARGINAL,FAVORABLE,0.2531,RISING
2026-09-18,SAIL,6.0,0.1579,0.12,MINOR,16,585.0,0.58,0.44,COMPRESSION,59,620.0,23,36,BULL_BOUNCE_PENDING,LONG,87.7,CONVICTION,FAVORABLE,1.3182,RISING
2026-09-18,VUZI,6.0,0.04,0.326,COMPRESSION,5,681.0,0.02,0.163,COMPRESSION,3,1344.0,9,43,BULL_BOUNCE,LONG,71.0,CONVICTION,FAVORABLE,0.1227,RISING
2026-09-18,GRAF,6.0,0.3,6.993,MINOR,31,217.0,0.02,0.466,COMPRESSION,2,46.0,3,25,BULL_BOUNCE_PENDING,LONG,60.1,CONVICTION,FAVORABLE,0.0429,NEUTRAL
2026-09-18,VLN,6.0,0.01,0.131,COMPRESSION,2,217.0,0.03,0.393,MINOR,4,1269.0,39,10,BULL_BOUNCE_PENDING,LONG,61.0,CONVICTION,FAVORABLE,0.0764,FALLING
2026-09-18,TMHC,6.0,0.01,0.068,COMPRESSION,2,1.0,13.03,89.003,CONVICTION,1303,127.0,2,30,BULL_BOUNCE_PENDING,LONG,64.5,CONVICTION,FAVORABLE,0.1464,RISING
2026-09-18,UPST,6.0,0.38,0.362,COMPRESSION,38,165.0,0.49,0.467,MINOR,49,48.0,48,3,BUY_LOWER_DIRTY,LONG,61.6,CONVICTION,FAVORABLE,1.0485,FALLING
2026-09-18,VELO,6.0,0.03,0.044,MINOR,4,456.0,0.2642,0.391,MINOR,27,310.0,43,37,BULL_BOUNCE_PENDING,LONG,51.0,MARGINAL,FAVORABLE,0.6763,NEUTRAL
2026-09-18,DGXX,6.0,0.0307,0.143,MINOR,4,1354.0,0.14,0.653,MINOR,14,104.0,18,44,BULL_BOUNCE_PENDING,LONG,59.3,MARGINAL,FAVORABLE,0.2143,RISING
2026-09-18,UMAC,6.0,0.0721,0.045,MINOR,8,78.0,0.14,0.087,COMPRESSION,15,711.0,37,32,BULL_BOUNCE_PENDING,LONG,55.0,MARGINAL,FAVORABLE,1.6113,NEUTRAL
2026-09-18,RARE,6.0,0.203,0.116,COMPRESSION,21,166.0,0.03,0.017,COMPRESSION,3,215.0,8,30,BULL_BOUNCE_PENDING,LONG,64.4,CONVICTION,FAVORABLE,1.7482,FALLING
2026-09-18,INGM,6.0,0.66,0.596,COMPRESSION,67,64.0,0.07,0.063,COMPRESSION,8,711.0,43,45,BEAR_REJECTION_PENDING,SHORT,61.0,CONVICTION,FAVORABLE,1.1068,FALLING
2026-09-18,PGY,6.0,0.06,0.05,COMPRESSION,6,118.0,0.433,0.358,COMPRESSION,44,275.0,47,20,BULL_BOUNCE_PENDING,LONG,42.2,MARGINAL,FAVORABLE,1.211,FALLING
2026-09-18,ZENA,6.0,0.06,0.591,COMPRESSION,7,34.0,0.02,0.197,MINOR,2,447.0,17,7,BULL_BOUNCE_PENDING,LONG,56.0,MARGINAL,FAVORABLE,0.1015,NEUTRAL
2026-09-18,OUST,6.0,1.055,0.599,CONVICTION,106,51.0,0.52,0.295,COMPRESSION,52,1050.0,44,13,BEAR_REJECTION_PENDING,SHORT,71.5,CONVICTION,FAVORABLE,1.7603,FALLING
2026-09-18,CHAI,6.0,0.0021,0.061,MINOR,1,534.0,0.0022,0.064,MINOR,1,938.0,14,19,BULL_BOUNCE_PENDING,LONG,57.0,MARGINAL,FAVORABLE,0.0344,NEUTRAL
2026-09-18,BTQ,6.0,0.1,0.472,COMPRESSION,11,206.0,0.005,0.024,MINOR,1,56.0,34,9,BEAR_REJECTION_PENDING,SHORT,64.3,CONVICTION,FAVORABLE,0.2118,FALLING
2026-09-18,PLAY,6.0,0.56,0.871,COMPRESSION,56,1202.0,0.015,0.023,MINOR,2,104.0,13,5,BEAR_REJECTION_PENDING,SHORT,58.6,MARGINAL,FAVORABLE,0.6426,FALLING
2026-09-18,WOLF,6.0,0.915,0.468,MINOR,92,79.0,0.1477,0.076,MINOR,15,20.0,33,46,BEAR_REJECTION_PENDING,SHORT,61.0,CONVICTION,FAVORABLE,1.9537,FALLING
2026-09-18,MRAM,6.0,0.98,1.165,COMPRESSION,98,66.0,0.07,0.083,COMPRESSION,8,218.0,24,57,BULL_BOUNCE_PENDING,LONG,72.0,CONVICTION,FAVORABLE,0.8411,RISING
2026-09-18,EWTX,6.0,0.01,0.005,MINOR,2,341.0,2.62,1.287,CONVICTION,262,1097.0,31,36,BULL_BOUNCE_PENDING,LONG,95.0,CONVICTION,FAVORABLE,2.0365,RISING
2026-09-18,OPTX,6.0,0.21,0.397,MINOR,21,551.0,0.26,0.491,MINOR,27,965.0,47,9,BULL_BOUNCE_PENDING,LONG,63.5,CONVICTION,FAVORABLE,0.5294,FALLING
2026-09-18,PTCT,6.0,1.49,0.765,CONVICTION,149,162.0,0.24,0.123,COMPRESSION,25,875.0,60,28,BULL_BOUNCE,LONG,69.8,CONVICTION,FAVORABLE,1.9468,NEUTRAL
2026-09-18,GCTS,6.0,0.38,3.408,COMPRESSION,39,198.0,0.08,0.717,COMPRESSION,9,48.0,13,44,BULL_BOUNCE_PENDING,LONG,62.2,CONVICTION,FAVORABLE,0.1115,NEUTRAL
2026-09-18,DXYZ,6.0,0.54,0.321,MINOR,54,184.0,0.7,0.416,COMPRESSION,70,1423.0,35,27,BULL_BOUNCE_PENDING,LONG,48.0,MARGINAL,FAVORABLE,1.6823,RISING
2026-09-18,UPC,6.0,0.025,0.046,MINOR,3,315.0,0.25,0.459,MINOR,25,315.0,5,24,BULL_BOUNCE_CONFIRMED,LONG,62.0,CONVICTION,FAVORABLE,0.545,NEUTRAL
2026-09-18,NN,6.0,0.01,0.011,COMPRESSION,1,941.0,0.17,0.194,COMPRESSION,17,384.0,32,18,BULL_BOUNCE_PENDING,LONG,69.6,CONVICTION,FAVORABLE,0.8769,NEUTRAL
2026-09-18,NAVN,6.0,4.5,2.789,CONVICTION,450,147.0,0.06,0.037,COMPRESSION,6,342.0,40,20,BEAR_REJECTION_PENDING,SHORT,73.0,CONVICTION,FAVORABLE,1.6136,NEUTRAL
2026-09-18,SERV,6.0,0.08,0.366,COMPRESSION,9,341.0,,,,,,42,0,BEAR_REJECTION_PENDING,SHORT,18.5,MARGINAL,FAVORABLE,0.2186,RISING
2026-09-18,BAND,6.0,0.4,0.094,COMPRESSION,40,1451.0,0.34,0.08,COMPRESSION,35,903.0,20,38,BULL_BOUNCE_PENDING,LONG,63.4,CONVICTION,FAVORABLE,4.2704,RISING
2026-09-18,MNTS,6.0,0.07,0.321,COMPRESSION,8,1453.0,0.17,0.779,COMPRESSION,17,1236.0,39,20,BEAR_REJECTION_PENDING,SHORT,44.0,MARGINAL,FAVORABLE,0.2182,NEUTRAL
2026-09-18,XNDU,6.0,0.25,0.436,COMPRESSION,25,1296.0,0.04,0.07,MINOR,5,162.0,41,2,BULL_BOUNCE_PENDING,LONG,55.3,MARGINAL,FAVORABLE,0.5739,FALLING
2026-09-18,FLY,6.0,0.38,0.291,COMPRESSION,38,53.0,0.26,0.199,MINOR,27,310.0,30,36,BEAR_REJECTION_PENDING,SHORT,57.4,MARGINAL,FAVORABLE,1.3047,RISING
2026-09-18,SMTK,6.0,0.03,0.096,MINOR,3,89.0,0.03,0.096,COMPRESSION,4,44.0,21,1,BULL_BOUNCE,LONG,55.0,MARGINAL,FAVORABLE,0.3136,NEUTRAL
2026-09-18,NUWE,6.0,0.0001,0.001,MINOR,1,219.0,0.0407,0.357,COMPRESSION,5,598.0,13,5,BULL_BOUNCE_PENDING,LONG,82.7,CONVICTION,FAVORABLE,0.1141,RISING
2026-09-18,SOAR,6.0,0.0257,0.851,COMPRESSION,3,809.0,0.002,0.066,COMPRESSION,1,1332.0,18,11,BULL_BOUNCE_PENDING,LONG,70.2,CONVICTION,FAVORABLE,0.0302,NEUTRAL
2026-09-18,ALTO,6.0,0.005,0.032,MINOR,1,13.0,0.89,5.615,COMPRESSION,89,990.0,38,6,BULL_BOUNCE,LONG,57.6,MARGINAL,FAVORABLE,0.1585,FALLING
2026-09-18,MRLN,6.0,0.0049,0.016,COMPRESSION,1,415.0,0.005,0.016,MINOR,1,207.0,23,4,BULL_BOUNCE_PENDING,LONG,68.0,CONVICTION,FAVORABLE,0.3085,FALLING
2026-09-18,AEVA,6.0,0.02,0.023,MINOR,2,214.0,0.29,0.327,MINOR,29,398.0,47,26,BEAR_REJECTION_PENDING,SHORT,47.8,MARGINAL,FAVORABLE,0.8874,NEUTRAL
2026-09-18,NCRA,6.0,0.05,0.14,MINOR,5,1285.0,0.02,0.056,MINOR,3,126.0,19,30,BULL_BOUNCE_PENDING,LONG,44.0,MARGINAL,FAVORABLE,0.3583,NEUTRAL
2026-09-18,VSME,6.0,0.02,0.184,MINOR,3,134.0,0.0056,0.052,MINOR,1,1266.0,31,2,BULL_BOUNCE_PENDING,LONG,57.2,MARGINAL,FAVORABLE,0.1086,NEUTRAL
2026-09-18,BIAF,6.0,0.0695,0.02,MINOR,7,638.0,1.42,0.399,CONVICTION,142,314.0,1,10,BULL_BOUNCE_PENDING,LONG,100.0,CONVICTION,FAVORABLE,3.56,NEUTRAL
2026-09-18,DOMO,6.0,0.05,0.352,MINOR,5,293.0,,,,,,44,0,BULL_BOUNCE,LONG,63.0,CONVICTION,FAVORABLE,0.1422,RISING
2026-09-18,AAOZ,6.0,0.43,0.253,MINOR,43,139.0,0.71,0.417,COMPRESSION,72,139.0,49,28,BULL_BOUNCE_PENDING,LONG,49.0,MARGINAL,FAVORABLE,1.7025,RISING
2026-09-18,AGL,6.0,0.41,0.075,MINOR,41,91.0,3.68,0.67,VACUUM,368,341.0,49,8,BEAR_REJECTION_PENDING,SHORT,61.5,CONVICTION,FAVORABLE,5.4958,FALLING
2026-09-18,ABNB,6.0,0.305,0.067,COMPRESSION,31,962.0,1.82,0.397,CONVICTION,182,745.0,68,34,BULL_BOUNCE_PENDING,LONG,83.0,CONVICTION,FAVORABLE,4.5819,FALLING
2026-09-18,ALHC,6.0,0.0375,0.043,MINOR,4,192.0,0.005,0.006,MINOR,1,104.0,25,5,BEAR_REJECTION_PENDING,SHORT,50.0,MARGINAL,FAVORABLE,0.8657,FALLING
2026-09-18,AMN,6.0,4.67,3.656,CONVICTION,468,590.0,0.18,0.141,COMPRESSION,18,175.0,22,20,BULL_BOUNCE_PENDING,LONG,60.6,CONVICTION,FAVORABLE,1.2773,NEUTRAL
2026-09-18,APTV,6.0,0.81,0.565,COMPRESSION,82,337.0,0.035,0.024,MINOR,4,5.0,62,2,BEAR_REJECTION_PENDING,SHORT,50.0,MARGINAL,FAVORABLE,1.434,FALLING
2026-09-18,APA,6.0,0.005,0.003,MINOR,1,8.0,0.37,0.234,COMPRESSION,38,29.0,22,37,BULL_BOUNCE_PENDING,LONG,64.1,CONVICTION,FAVORABLE,1.582,RISING
2026-09-18,ASH,6.0,0.4,0.194,COMPRESSION,40,145.0,0.44,0.213,COMPRESSION,44,360.0,73,24,BULL_BOUNCE_PENDING,LONG,76.7,CONVICTION,FAVORABLE,2.0618,FALLING
2026-09-18,ARKG,6.0,,,,,,1.01,0.626,CONVICTION,101,437.0,0,87,BULL_BOUNCE_PENDING,LONG,99.8,CONVICTION,FAVORABLE,1.6136,RISING
2026-09-18,ASTX,6.0,0.04,0.029,MINOR,5,260.0,0.0123,0.009,MINOR,2,469.0,22,8,BULL_BOUNCE_PENDING,LONG,56.9,MARGINAL,FAVORABLE,1.3763,FALLING
2026-09-18,AVNT,6.0,0.62,0.527,COMPRESSION,62,199.0,0.17,0.145,COMPRESSION,18,609.0,90,23,BULL_BOUNCE_PENDING,LONG,65.4,CONVICTION,FAVORABLE,1.1754,FALLING
2026-09-18,AVAV,6.0,2.56,0.283,CONVICTION,256,588.0,3.53,0.39,CONVICTION,354,42.0,37,80,BULL_BOUNCE_PENDING,LONG,79.1,CONVICTION,FAVORABLE,9.0442,RISING
2026-09-18,BIO,6.0,0.2,0.021,MINOR,20,23.0,3.03,0.312,CONVICTION,304,472.0,13,21,BULL_BOUNCE,LONG,59.0,MARGINAL,FAVORABLE,9.7057,NEUTRAL
2026-09-18,BXSL,6.0,0.04,0.093,COMPRESSION,4,445.0,0.06,0.139,COMPRESSION,6,196.0,28,42,BULL_BOUNCE_PENDING,LONG,63.0,CONVICTION,FAVORABLE,0.4302,RISING
2026-09-18,AXON,6.0,1.82,0.065,CONVICTION,182,596.0,2.27,0.082,CONVICTION,227,1266.0,77,17,BEAR_REJECTION_PENDING,SHORT,56.7,MARGINAL,FAVORABLE,27.8384,FALLING
2026-09-18,CAI,6.0,0.02,0.014,COMPRESSION,3,1343.0,0.385,0.262,COMPRESSION,39,472.0,16,37,BULL_BOUNCE_PENDING,LONG,80.1,CONVICTION,FAVORABLE,1.4684,RISING
2026-09-18,CELH,6.0,0.06,0.049,COMPRESSION,6,836.0,1.345,1.103,CONVICTION,135,1471.0,38,12,BEAR_REJECTION_PENDING,SHORT,44.0,MARGINAL,FAVORABLE,1.2196,RISING
2026-09-18,CENX,6.0,1.05,0.461,CONVICTION,105,705.0,0.79,0.347,COMPRESSION,79,789.0,52,9,BUY_LOWER_DIRTY,LONG,57.4,MARGINAL,FAVORABLE,2.2752,FALLING
2026-09-18,CEVA,6.0,1.46,1.095,CONVICTION,147,503.0,0.43,0.322,COMPRESSION,44,250.0,22,54,BULL_BOUNCE_PENDING,LONG,58.6,MARGINAL,FAVORABLE,1.3334,RISING
2026-09-18,CONL,6.0,0.58,0.732,COMPRESSION,59,927.0,0.26,0.328,COMPRESSION,26,1301.0,11,32,BULL_BOUNCE_PENDING,LONG,85.8,CONVICTION,FAVORABLE,0.7927,RISING
2026-09-18,CRGY,6.0,0.09,0.173,COMPRESSION,9,1289.0,0.1,0.192,COMPRESSION,11,735.0,21,32,BULL_BOUNCE,LONG,51.0,MARGINAL,FAVORABLE,0.5217,NEUTRAL
2026-09-18,COHX,6.0,0.0964,0.032,MINOR,10,188.0,0.19,0.063,COMPRESSION,19,191.0,8,54,BULL_BOUNCE_PENDING,LONG,65.3,CONVICTION,FAVORABLE,3.0114,RISING
2026-09-18,CTRI,6.0,0.51,0.871,COMPRESSION,52,229.0,0.44,0.751,MINOR,44,776.0,69,7,BULL_BOUNCE_PENDING,LONG,67.5,CONVICTION,FAVORABLE,0.5856,FALLING
2026-09-18,CVSA,6.0,3.66,0.952,CONVICTION,366,305.0,0.97,0.252,COMPRESSION,97,741.0,57,56,BUY_LOWER_DIRTY,LONG,48.3,MARGINAL,FAVORABLE,3.8465,RISING
2026-09-18,CRSR,6.0,0.0599,0.097,MINOR,6,164.0,0.005,0.008,COMPRESSION,1,1041.0,16,73,BULL_BOUNCE_PENDING,LONG,50.0,MARGINAL,FAVORABLE,0.6157,NEUTRAL
2026-09-18,DIOD,6.0,0.99,0.242,COMPRESSION,99,1318.0,4.79,1.169,CONVICTION,479,454.0,49,42,BULL_BOUNCE_PENDING,LONG,75.8,CONVICTION,FAVORABLE,4.096,FALLING
2026-09-18,DOCU,6.0,16.125,5.389,CONVICTION,1613,1028.0,1.35,0.451,CONVICTION,135,376.0,25,54,BULL_BOUNCE_PENDING,LONG,84.5,CONVICTION,FAVORABLE,2.9923,RISING
2026-09-18,DKS,6.0,3.16,0.637,CONVICTION,316,669.0,0.021,0.004,MINOR,3,16.0,63,1,BEAR_REJECTION_PENDING,SHORT,63.1,CONVICTION,FAVORABLE,4.9571,FALLING
2026-09-18,DUOL,6.0,1.07,0.14,CONVICTION,107,160.0,3.75,0.49,CONVICTION,375,659.0,111,28,BULL_BOUNCE_PENDING,LONG,55.4,MARGINAL,FAVORABLE,7.6574,NEUTRAL
2026-09-18,ERO,6.0,1.525,0.73,CONVICTION,153,203.0,0.9,0.431,COMPRESSION,90,382.0,55,51,BULL_BOUNCE,LONG,61.1,CONVICTION,FAVORABLE,2.0904,FALLING
2026-09-18,ESNT,6.0,0.44,0.339,COMPRESSION,44,158.0,0.16,0.123,COMPRESSION,16,152.0,41,55,BULL_BOUNCE_PENDING,LONG,65.5,CONVICTION,FAVORABLE,1.2994,FALLING
2026-09-18,ESTC,6.0,1.83,0.42,CONVICTION,183,209.0,0.46,0.106,COMPRESSION,46,301.0,49,27,BULL_BOUNCE_PENDING,LONG,76.4,CONVICTION,FAVORABLE,4.3581,NEUTRAL
2026-09-18,FIVE,6.0,0.72,0.068,COMPRESSION,72,395.0,2.0,0.188,CONVICTION,200,660.0,48,46,BULL_BOUNCE_PENDING,LONG,59.7,MARGINAL,FAVORABLE,10.6306,NEUTRAL
2026-09-18,FLR,6.0,0.07,0.035,COMPRESSION,8,401.0,0.45,0.226,COMPRESSION,46,1356.0,12,50,BULL_BOUNCE_PENDING,LONG,73.7,CONVICTION,FAVORABLE,1.9905,NEUTRAL
2026-09-18,FRVO,6.0,0.025,0.016,COMPRESSION,3,259.0,0.47,0.3,COMPRESSION,47,542.0,26,43,BULL_BOUNCE_PENDING,LONG,63.7,CONVICTION,FAVORABLE,1.5652,FALLING
2026-09-18,FSK,6.0,0.02,0.068,COMPRESSION,3,473.0,0.02,0.068,COMPRESSION,2,630.0,55,16,BEAR_REJECTION_PENDING,SHORT,62.7,CONVICTION,FAVORABLE,0.2928,FALLING
2026-09-18,FUN,6.0,0.06,0.073,COMPRESSION,6,696.0,,,,,,85,0,BEAR_REJECTION_PENDING,SHORT,61.7,CONVICTION,FAVORABLE,0.8234,FALLING
2026-09-18,GKOS,6.0,1.92,0.283,CONVICTION,192,918.0,2.035,0.299,CONVICTION,204,1067.0,57,12,BULL_BOUNCE_PENDING,LONG,56.0,MARGINAL,FAVORABLE,6.7957,NEUTRAL
2026-09-18,GFS,6.0,0.2,0.106,COMPRESSION,20,218.0,0.36,0.19,COMPRESSION,36,243.0,24,83,BULL_BOUNCE_PENDING,LONG,58.9,MARGINAL,FAVORABLE,1.8905,RISING
2026-09-18,GWRE,6.0,1.9,0.181,CONVICTION,190,1222.0,2.81,0.267,CONVICTION,282,1311.0,46,46,BEAR_REJECTION_PENDING,SHORT,82.9,CONVICTION,FAVORABLE,10.5059,FALLING
2026-09-18,GTLB,6.0,1.97,0.751,CONVICTION,198,990.0,1.005,0.383,CONVICTION,101,237.0,11,31,BULL_BOUNCE_PENDING,LONG,84.8,CONVICTION,FAVORABLE,2.6226,NEUTRAL
2026-09-18,HALO,6.0,0.05,0.018,COMPRESSION,5,15.0,0.04,0.014,COMPRESSION,4,136.0,4,33,BULL_BOUNCE_PENDING,LONG,84.0,CONVICTION,FAVORABLE,2.7954,RISING
2026-09-18,HNGE,6.0,0.065,0.015,MINOR,7,36.0,0.67,0.158,COMPRESSION,68,32.0,16,32,BULL_BOUNCE_PENDING,LONG,67.3,CONVICTION,FAVORABLE,4.2298,NEUTRAL
2026-09-18,HONA,6.0,0.14,0.023,COMPRESSION,14,218.0,0.93,0.155,COMPRESSION,94,535.0,17,17,BULL_BOUNCE_PENDING,LONG,58.2,MARGINAL,FAVORABLE,6.0154,RISING
2026-09-18,IDCC,6.0,5.94,0.535,CONVICTION,594,628.0,1.335,0.12,CONVICTION,134,546.0,63,32,BULL_BOUNCE,LONG,61.2,CONVICTION,FAVORABLE,11.0973,NEUTRAL
2026-09-18,HUM,6.0,1.73,0.133,CONVICTION,173,550.0,8.74,0.671,CONVICTION,874,1246.0,54,26,BULL_BOUNCE_PENDING,LONG,52.5,MARGINAL,FAVORABLE,13.0314,NEUTRAL
2026-09-18,KALU,6.0,4.77,0.689,CONVICTION,477,95.0,5.7,0.823,CONVICTION,571,882.0,72,39,SHORT_UPPER_DIRTY,SHORT,53.0,MARGINAL,FAVORABLE,6.9225,FALLING
2026-09-18,IRE,6.0,0.01,0.008,MINOR,1,36.0,0.4,0.3,COMPRESSION,41,417.0,12,27,BULL_BOUNCE_PENDING,LONG,68.0,CONVICTION,FAVORABLE,1.332,RISING
2026-09-18,KGS,6.0,2.04,0.778,CONVICTION,204,411.0,0.3,0.114,COMPRESSION,30,144.0,58,20,BEAR_REJECTION_PENDING,SHORT,75.0,CONVICTION,FAVORABLE,2.6219,FALLING
2026-09-18,KRMN,6.0,0.24,0.092,COMPRESSION,24,998.0,0.62,0.239,COMPRESSION,62,1176.0,48,33,BUY_LOWER_DIRTY,LONG,50.1,MARGINAL,FAVORABLE,2.5971,FALLING
2026-09-18,KSS,6.0,0.39,0.435,COMPRESSION,40,135.0,0.38,0.424,COMPRESSION,39,1128.0,60,10,BULL_BOUNCE_PENDING,LONG,71.2,CONVICTION,FAVORABLE,0.8956,NEUTRAL
2026-09-18,MAIN,6.0,0.3,0.31,COMPRESSION,30,1331.0,0.4,0.413,COMPRESSION,41,219.0,78,45,BULL_BOUNCE_PENDING,LONG,62.5,CONVICTION,FAVORABLE,0.9675,RISING
2026-09-18,LEU,6.0,2.31,0.233,CONVICTION,232,356.0,6.41,0.645,CONVICTION,641,925.0,46,67,BEAR_REJECTION_PENDING,SHORT,83.3,CONVICTION,FAVORABLE,9.9307,FALLING
2026-09-18,MIRM,6.0,0.66,0.172,COMPRESSION,66,1184.0,0.41,0.107,MINOR,42,1289.0,61,11,BULL_BOUNCE_PENDING,LONG,65.6,CONVICTION,FAVORABLE,3.848,NEUTRAL
2026-09-18,MDB,6.0,0.465,0.022,MINOR,47,758.0,5.48,0.256,CONVICTION,549,428.0,18,49,BULL_BOUNCE_PENDING,LONG,69.0,CONVICTION,FAVORABLE,21.4338,NEUTRAL
2026-09-18,MTZ,6.0,10.5,0.926,CONVICTION,1050,660.0,2.44,0.215,CONVICTION,244,904.0,51,16,BUY_LOWER_DIRTY,LONG,62.3,CONVICTION,FAVORABLE,11.3421,FALLING
2026-09-18,NBIZ,6.0,0.01,0.011,MINOR,1,234.0,0.11,0.125,COMPRESSION,12,121.0,24,12,BULL_BOUNCE_CONFIRMED,LONG,74.7,CONVICTION,FAVORABLE,0.8775,RISING
2026-09-18,MUZ,6.0,0.13,0.169,COMPRESSION,14,111.0,0.0095,0.012,COMPRESSION,1,592.0,65,13,BULL_BOUNCE_PENDING,LONG,45.0,MARGINAL,FAVORABLE,0.771,RISING
2026-09-18,NASA,6.0,0.45,0.619,COMPRESSION,45,241.0,0.0876,0.121,MINOR,9,289.0,82,50,BEAR_REJECTION_PENDING,SHORT,58.0,MARGINAL,FAVORABLE,0.7267,RISING
2026-09-18,NICE,6.0,17.858,4.565,CONVICTION,1786,128.0,4.12,1.053,CONVICTION,412,235.0,37,48,BULL_BOUNCE_PENDING,LONG,56.5,MARGINAL,FAVORABLE,3.9121,RISING
2026-09-18,OC,6.0,3.4,0.725,CONVICTION,341,445.0,0.03,0.006,COMPRESSION,4,128.0,90,12,BEAR_REJECTION_PENDING,SHORT,60.2,CONVICTION,FAVORABLE,4.6886,FALLING
2026-09-18,NRGV,6.0,0.09,0.28,COMPRESSION,9,132.0,0.07,0.218,COMPRESSION,8,36.0,9,52,BULL_BOUNCE_PENDING,LONG,68.8,CONVICTION,FAVORABLE,0.3213,FALLING
2026-09-18,OLLI,6.0,0.5776,0.149,MINOR,58,411.0,0.59,0.153,COMPRESSION,60,79.0,10,77,BULL_BOUNCE_PENDING,LONG,68.2,CONVICTION,FAVORABLE,3.8647,RISING
2026-09-18,OKLL,6.0,0.05,0.036,MINOR,6,1003.0,0.07,0.051,COMPRESSION,8,442.0,16,41,BULL_BOUNCE_PENDING,LONG,66.1,CONVICTION,FAVORABLE,1.386,FALLING
2026-09-18,OMDA,6.0,0.34,0.29,COMPRESSION,34,1132.0,0.17,0.145,COMPRESSION,17,1161.0,28,40,BULL_BOUNCE_PENDING,LONG,61.6,CONVICTION,FAVORABLE,1.1737,NEUTRAL
2026-09-18,OSCR,6.0,0.03,0.017,MINOR,4,184.0,0.32,0.178,MINOR,33,276.0,16,16,BULL_BOUNCE_PENDING,LONG,49.1,MARGINAL,FAVORABLE,1.7964,RISING
2026-09-18,PGNY,6.0,0.25,0.338,COMPRESSION,25,254.0,0.02,0.027,COMPRESSION,2,427.0,26,57,BEAR_REJECTION_PENDING,SHORT,47.6,MARGINAL,FAVORABLE,0.7404,NEUTRAL
2026-09-18,QNST,6.0,0.16,0.213,COMPRESSION,17,1359.0,0.25,0.333,COMPRESSION,25,1028.0,25,9,BULL_BOUNCE_PENDING,LONG,77.6,CONVICTION,FAVORABLE,0.7511,NEUTRAL
2026-09-18,RCEL,6.0,0.02,0.035,MINOR,3,154.0,0.2,0.35,COMPRESSION,21,345.0,21,64,BULL_BOUNCE_PENDING,LONG,82.1,CONVICTION,FAVORABLE,0.5709,NEUTRAL
2026-09-18,RDNT,6.0,0.54,0.21,COMPRESSION,55,784.0,1.06,0.412,CONVICTION,107,122.0,26,44,BULL_BOUNCE,LONG,74.4,CONVICTION,FAVORABLE,2.5703,RISING
2026-09-18,RDDT,6.0,2.89,0.402,CONVICTION,289,195.0,1.28,0.178,VACUUM,129,694.0,78,13,BULL_BOUNCE_PENDING,LONG,82.1,CONVICTION,FAVORABLE,7.1957,RISING
2026-09-18,RHI,6.0,0.64,0.404,COMPRESSION,65,1364.0,0.07,0.044,COMPRESSION,8,603.0,53,26,BULL_BOUNCE,LONG,53.3,MARGINAL,FAVORABLE,1.5835,FALLING
2026-09-18,ROAD,6.0,3.09,0.798,CONVICTION,310,205.0,1.13,0.292,CONVICTION,114,304.0,50,6,BULL_BOUNCE_PENDING,LONG,94.7,CONVICTION,FAVORABLE,3.8734,FALLING
2026-09-18,RKLX,6.0,0.025,0.018,MINOR,3,175.0,0.035,0.025,MINOR,4,431.0,23,11,SHORT_UPPER_DIRTY,SHORT,45.0,MARGINAL,FAVORABLE,1.4254,RISING
2026-09-18,SNDQ,6.0,0.23,0.13,COMPRESSION,24,1316.0,0.01,0.006,MINOR,1,5.0,12,3,BULL_BOUNCE_PENDING,LONG,53.0,MARGINAL,FAVORABLE,1.7655,RISING
2026-09-18,SMCX,6.0,1.07,0.718,CONVICTION,108,52.0,0.72,0.483,COMPRESSION,73,232.0,32,47,BEAR_REJECTION_PENDING,SHORT,77.3,CONVICTION,FAVORABLE,1.4909,NEUTRAL
2026-09-18,SPAL,6.0,0.17,0.112,COMPRESSION,18,1274.0,0.1,0.066,MINOR,10,844.0,29,59,BULL_BOUNCE_PENDING,LONG,63.1,CONVICTION,FAVORABLE,1.5114,RISING
2026-09-18,SPAX,6.0,0.07,0.078,COMPRESSION,8,1420.0,0.0138,0.015,COMPRESSION,2,736.0,35,38,BULL_BOUNCE_PENDING,LONG,66.5,CONVICTION,FAVORABLE,0.9025,RISING
2026-09-18,SPCF,6.0,0.18,0.121,COMPRESSION,18,1476.0,0.0001,0.0,COMPRESSION,1,707.0,32,29,BULL_BOUNCE_PENDING,LONG,61.6,CONVICTION,FAVORABLE,1.4929,RISING
2026-09-18,SPCH,6.0,0.065,0.073,COMPRESSION,7,1467.0,0.005,0.006,COMPRESSION,1,1062.0,28,25,BULL_BOUNCE_PENDING,LONG,61.4,CONVICTION,FAVORABLE,0.8953,RISING
2026-09-18,SSRM,6.0,0.07,0.046,COMPRESSION,8,25.0,0.12,0.079,COMPRESSION,13,1045.0,56,42,BEAR_REJECTION_PENDING,SHORT,73.7,CONVICTION,FAVORABLE,1.5174,RISING
2026-09-18,TNDM,6.0,0.1,0.09,COMPRESSION,11,157.0,0.09,0.081,COMPRESSION,9,809.0,33,10,BULL_BOUNCE_PENDING,LONG,73.1,CONVICTION,FAVORABLE,1.1093,FALLING
2026-09-18,SWKS,6.0,5.19,0.91,CONVICTION,519,114.0,0.03,0.005,MINOR,4,1188.0,8,41,BEAR_REJECTION_PENDING,SHORT,72.7,CONVICTION,FAVORABLE,5.701,RISING
2026-09-18,TSLL,6.0,0.0069,0.009,MINOR,1,215.0,0.1,0.134,COMPRESSION,10,983.0,32,24,BULL_BOUNCE_PENDING,LONG,62.1,CONVICTION,FAVORABLE,0.7452,FALLING
2026-09-18,ULTA,6.0,1.84,0.11,CONVICTION,184,37.0,4.8,0.287,CONVICTION,481,1270.0,19,51,BULL_BOUNCE,LONG,53.0,MARGINAL,FAVORABLE,16.7409,FALLING
2026-09-18,TTWO,6.0,1.83,0.244,CONVICTION,183,1269.0,13.92,1.854,CONVICTION,1392,446.0,69,24,BEAR_REJECTION_PENDING,SHORT,58.8,MARGINAL,FAVORABLE,7.5072,FALLING
2026-09-18,TWST,6.0,0.12,0.012,MINOR,13,7.0,2.48,0.257,CONVICTION,248,235.0,1,66,BULL_BOUNCE_PENDING,LONG,54.0,MARGINAL,FAVORABLE,9.6352,RISING
2026-09-18,TXG,6.0,0.11,0.026,MINOR,11,2.0,0.88,0.204,COMPRESSION,88,99.0,11,62,BULL_BOUNCE_PENDING,LONG,64.3,CONVICTION,FAVORABLE,4.3067,RISING
2026-09-18,VISN,6.0,4.81,19.633,CONVICTION,481,421.0,0.02,0.082,MINOR,3,192.0,24,14,BEAR_REJECTION_PENDING,SHORT,60.6,CONVICTION,FAVORABLE,0.245,FALLING
2026-09-18,VOYG,6.0,0.52,0.242,COMPRESSION,52,882.0,5.48,2.552,CONVICTION,548,379.0,39,24,BULL_BOUNCE_PENDING,LONG,96.0,CONVICTION,FAVORABLE,2.147,RISING
2026-09-18,VSXY,6.0,0.96,0.228,COMPRESSION,96,1215.0,0.81,0.192,COMPRESSION,82,350.0,5,52,BULL_BOUNCE_PENDING,LONG,81.2,CONVICTION,FAVORABLE,4.2138,FALLING
2026-09-18,WTS,6.0,4.82,0.58,CONVICTION,482,42.0,4.71,0.567,CONVICTION,471,341.0,62,37,BULL_BOUNCE,LONG,57.2,MARGINAL,FAVORABLE,8.3051,FALLING
2026-09-18,VSH,6.0,0.14,0.091,COMPRESSION,15,80.0,0.01,0.007,COMPRESSION,1,1172.0,40,33,BULL_BOUNCE,LONG,69.0,CONVICTION,FAVORABLE,1.5376,RISING
2026-09-18,WGS,6.0,3.15,0.619,CONVICTION,315,454.0,2.19,0.43,CONVICTION,219,76.0,21,57,BULL_BOUNCE_PENDING,LONG,76.6,CONVICTION,FAVORABLE,5.0909,RISING
2026-09-18,XMTR,6.0,0.235,0.055,MINOR,24,423.0,2.11,0.491,CONVICTION,211,115.0,27,43,BULL_BOUNCE_PENDING,LONG,80.3,CONVICTION,FAVORABLE,4.2932,RISING
2026-09-18,ADM,6.0,0.09,0.032,MINOR,9,244.0,0.73,0.26,COMPRESSION,73,394.0,29,24,BEAR_REJECTION_PENDING,SHORT,40.0,MARGINAL,FAVORABLE,2.8085,FALLING
2026-09-18,ABCL,6.0,0.0615,0.094,MINOR,7,139.0,0.48,0.734,COMPRESSION,49,323.0,12,37,BULL_BOUNCE_PENDING,LONG,80.4,CONVICTION,FAVORABLE,0.6543,NEUTRAL
2026-09-18,ADSK,6.0,1.162,0.123,CONVICTION,117,237.0,6.2,0.658,CONVICTION,621,687.0,57,54,BULL_BOUNCE_PENDING,LONG,68.0,CONVICTION,FAVORABLE,9.4223,NEUTRAL
2026-09-18,AKAM,6.0,0.65,0.147,COMPRESSION,66,841.0,5.37,1.216,CONVICTION,537,966.0,50,20,BULL_BOUNCE_PENDING,LONG,87.0,CONVICTION,FAVORABLE,4.4164,FALLING
2026-09-18,APO,6.0,0.48,0.123,COMPRESSION,48,189.0,0.39,0.1,COMPRESSION,40,247.0,34,44,BULL_BOUNCE_PENDING,LONG,60.6,CONVICTION,FAVORABLE,3.912,FALLING
2026-09-18,AGQ,6.0,0.0544,0.011,MINOR,6,96.0,1.56,0.327,CONVICTION,157,315.0,38,79,BULL_BOUNCE_PENDING,LONG,94.8,CONVICTION,FAVORABLE,4.7707,FALLING
2026-09-18,AR,6.0,0.21,0.184,COMPRESSION,22,61.0,1.92,1.681,CONVICTION,193,246.0,88,22,BULL_BOUNCE_PENDING,LONG,60.9,CONVICTION,FAVORABLE,1.1425,FALLING
2026-09-18,ARQT,6.0,0.4,0.348,MINOR,40,880.0,0.33,0.287,MINOR,33,1255.0,25,40,BULL_BOUNCE_PENDING,LONG,52.0,MARGINAL,FAVORABLE,1.1489,RISING
2026-09-18,BIRK,6.0,0.49,0.437,COMPRESSION,50,1368.0,0.5395,0.481,MINOR,54,39.0,59,15,BUY_LOWER_DIRTY,LONG,51.0,MARGINAL,FAVORABLE,1.1216,RISING
2026-09-18,BILL,6.0,0.18,0.098,COMPRESSION,18,1257.0,0.98,0.532,COMPRESSION,98,302.0,82,50,BULL_BOUNCE_PENDING,LONG,74.3,CONVICTION,FAVORABLE,1.8433,NEUTRAL
2026-09-18,BMRN,6.0,0.68,0.42,COMPRESSION,69,908.0,0.41,0.253,COMPRESSION,41,664.0,48,37,BULL_BOUNCE_PENDING,LONG,86.0,CONVICTION,FAVORABLE,1.6209,RISING
2026-09-18,BRKR,6.0,0.1,0.034,COMPRESSION,10,916.0,0.89,0.307,COMPRESSION,90,758.0,25,40,BEAR_REJECTION_PENDING,SHORT,56.0,MARGINAL,FAVORABLE,2.9002,FALLING
2026-09-18,BR,6.0,0.45,0.096,COMPRESSION,46,158.0,3.69,0.786,CONVICTION,369,391.0,65,47,CHANNEL_BREAKOUT,LONG,53.0,MARGINAL,FAVORABLE,4.6943,FALLING
2026-09-18,BSP,6.0,0.48,0.201,COMPRESSION,49,1221.0,0.39,0.163,COMPRESSION,40,737.0,56,25,BULL_BOUNCE_PENDING,LONG,87.8,CONVICTION,FAVORABLE,2.3907,NEUTRAL
2026-09-18,BRZE,6.0,4.13,2.414,CONVICTION,413,727.0,0.55,0.321,COMPRESSION,56,768.0,34,27,BULL_BOUNCE_PENDING,LONG,63.1,CONVICTION,FAVORABLE,1.7109,FALLING
2026-09-18,BZ,6.0,0.41,0.757,COMPRESSION,42,740.0,0.1,0.185,COMPRESSION,10,714.0,44,32,BEAR_REJECTION_PENDING,SHORT,58.9,MARGINAL,FAVORABLE,0.5414,FALLING
2026-09-18,BTU,6.0,0.48,0.359,COMPRESSION,49,625.0,0.45,0.336,COMPRESSION,45,1092.0,77,40,BULL_BOUNCE_PENDING,LONG,62.3,CONVICTION,FAVORABLE,1.3383,FALLING
2026-09-18,CAKE,6.0,0.22,0.063,COMPRESSION,22,1289.0,0.57,0.163,COMPRESSION,57,1238.0,53,19,BULL_BOUNCE_PENDING,LONG,83.0,CONVICTION,FAVORABLE,3.4957,NEUTRAL
2026-09-18,CHYM,6.0,0.08,0.05,COMPRESSION,8,139.0,0.04,0.025,COMPRESSION,4,357.0,44,15,BULL_BOUNCE_PENDING,LONG,65.0,CONVICTION,FAVORABLE,1.6043,NEUTRAL
2026-09-18,CF,6.0,0.19,0.033,MINOR,19,219.0,1.16,0.199,CONVICTION,117,154.0,55,56,BULL_BOUNCE_PENDING,LONG,86.6,CONVICTION,FAVORABLE,5.8399,FALLING
2026-09-18,BWET,6.0,,,,,,46.29,0.793,CONVICTION,4630,764.0,0,84,BULL_BOUNCE_PENDING,LONG,70.9,CONVICTION,FAVORABLE,58.348,RISING
2026-09-18,CLMT,6.0,0.01,0.004,MINOR,1,7.0,0.66,0.286,COMPRESSION,67,294.0,5,84,BULL_BOUNCE_PENDING,LONG,76.3,CONVICTION,FAVORABLE,2.3053,RISING
2026-09-18,CNR,6.0,0.31,0.092,COMPRESSION,32,631.0,4.78,1.426,CONVICTION,478,321.0,93,37,BULL_BOUNCE_PENDING,LONG,64.4,CONVICTION,FAVORABLE,3.3525,FALLING
2026-09-18,CLOU,6.0,0.02,0.028,COMPRESSION,2,319.0,0.19,0.265,COMPRESSION,20,129.0,32,42,BULL_BOUNCE_PENDING,LONG,64.1,CONVICTION,FAVORABLE,0.7181,FALLING
2026-09-18,CRC,6.0,1.94,1.11,CONVICTION,194,354.0,0.33,0.189,COMPRESSION,33,288.0,47,20,BEAR_REJECTION_PENDING,SHORT,70.6,CONVICTION,FAVORABLE,1.747,FALLING
2026-09-18,CRL,6.0,3.0,0.343,CONVICTION,300,383.0,26.39,3.015,CONVICTION,2640,617.0,76,19,BULL_BOUNCE_PENDING,LONG,50.0,MARGINAL,FAVORABLE,8.7539,FALLING
2026-09-18,CVLT,6.0,12.075,2.101,CONVICTION,1208,1394.0,1.21,0.211,CONVICTION,121,1132.0,17,64,BEAR_REJECTION_PENDING,SHORT,57.1,MARGINAL,FAVORABLE,5.7466,NEUTRAL
2026-09-18,DDS,6.0,6.19,0.286,CONVICTION,620,38.0,3.25,0.15,VACUUM,325,587.0,28,47,BULL_BOUNCE_PENDING,LONG,63.0,CONVICTION,FAVORABLE,21.6627,NEUTRAL
2026-09-18,DDOG,6.0,0.5,0.047,MINOR,50,1272.0,3.81,0.359,CONVICTION,382,225.0,16,20,BEAR_REJECTION_PENDING,SHORT,42.0,MARGINAL,FAVORABLE,10.605,RISING
2026-09-18,DNTH,6.0,0.2,0.038,MINOR,21,50.0,0.88,0.168,MINOR,89,457.0,40,6,BULL_BOUNCE_PENDING,LONG,67.6,CONVICTION,FAVORABLE,5.2311,NEUTRAL
2026-09-18,DT,6.0,0.26,0.144,MINOR,26,1084.0,1.55,0.856,CONVICTION,156,469.0,8,47,BULL_BOUNCE,LONG,71.0,CONVICTION,FAVORABLE,1.8114,RISING
2026-09-18,EXE,6.0,0.41,0.168,COMPRESSION,41,37.0,0.04,0.016,MINOR,4,247.0,87,4,BULL_BOUNCE_PENDING,LONG,57.5,MARGINAL,FAVORABLE,2.4473,FALLING
2026-09-18,FOUR,6.0,0.26,0.093,COMPRESSION,26,1051.0,0.58,0.208,COMPRESSION,58,374.0,48,12,BULL_BOUNCE_PENDING,LONG,78.5,CONVICTION,FAVORABLE,2.7927,RISING
2026-09-18,FANG,6.0,10.2,1.536,CONVICTION,1020,110.0,2.54,0.382,CONVICTION,255,460.0,38,54,BULL_BOUNCE_PENDING,LONG,72.3,CONVICTION,FAVORABLE,6.641,FALLING
2026-09-18,FSLY,6.0,0.011,0.006,MINOR,2,167.0,0.07,0.039,COMPRESSION,8,165.0,12,27,BULL_BOUNCE_PENDING,LONG,100.0,CONVICTION,FAVORABLE,1.7984,RISING
2026-09-18,FTI,6.0,0.64,0.259,COMPRESSION,65,631.0,0.25,0.101,COMPRESSION,25,591.0,56,27,BULL_BOUNCE_PENDING,LONG,69.2,CONVICTION,FAVORABLE,2.4665,NEUTRAL
2026-09-18,GAP,6.0,0.33,0.443,COMPRESSION,34,217.0,0.03,0.04,COMPRESSION,3,116.0,58,31,BULL_BOUNCE_PENDING,LONG,64.3,CONVICTION,FAVORABLE,0.7457,FALLING
2026-09-18,FSM,6.0,0.075,0.156,COMPRESSION,8,76.0,0.11,0.229,COMPRESSION,11,884.0,34,41,BULL_BOUNCE,LONG,55.7,MARGINAL,FAVORABLE,0.4795,FALLING
2026-09-18,GLOB,6.0,0.29,0.16,MINOR,29,817.0,0.55,0.303,COMPRESSION,55,1123.0,55,21,BULL_BOUNCE_PENDING,LONG,70.4,CONVICTION,FAVORABLE,1.8158,NEUTRAL
2026-09-18,GMED,6.0,0.5,0.233,COMPRESSION,50,445.0,0.6165,0.288,MINOR,62,133.0,76,15,BULL_BOUNCE_PENDING,LONG,74.5,CONVICTION,FAVORABLE,2.1425,NEUTRAL
2026-09-18,HCC,6.0,1.83,0.404,CONVICTION,183,846.0,2.26,0.499,CONVICTION,227,215.0,64,22,BEAR_REJECTION_PENDING,SHORT,78.0,CONVICTION,FAVORABLE,4.5248,FALLING
2026-09-18,HP,6.0,0.1,0.053,COMPRESSION,11,34.0,1.05,0.557,CONVICTION,105,745.0,72,17,BULL_BOUNCE_PENDING,LONG,93.0,CONVICTION,FAVORABLE,1.8857,NEUTRAL
2026-09-18,IMAX,6.0,0.05,0.033,MINOR,6,121.0,0.65,0.427,COMPRESSION,65,691.0,23,48,BEAR_REJECTION_PENDING,SHORT,64.5,CONVICTION,FAVORABLE,1.521,NEUTRAL
2026-09-18,HUBS,6.0,1.96,0.147,CONVICTION,197,598.0,4.62,0.347,CONVICTION,463,642.0,31,19,BULL_BOUNCE_PENDING,LONG,76.8,CONVICTION,FAVORABLE,13.2962,FALLING
2026-09-18,HYMC,6.0,0.24,0.163,COMPRESSION,25,567.0,4.515,3.064,CONVICTION,452,146.0,38,43,BEAR_REJECTION_PENDING,SHORT,56.9,MARGINAL,FAVORABLE,1.4737,FALLING
2026-09-18,IT,6.0,0.1,0.012,COMPRESSION,10,1454.0,0.17,0.02,COMPRESSION,18,775.0,35,62,BULL_BOUNCE_PENDING,LONG,47.0,MARGINAL,FAVORABLE,8.6499,RISING
2026-09-18,KVYO,6.0,0.13,0.129,COMPRESSION,13,502.0,0.02,0.02,COMPRESSION,3,835.0,39,14,BULL_BOUNCE_PENDING,LONG,64.0,CONVICTION,FAVORABLE,1.0071,FALLING
2026-09-18,LFST,6.0,0.0048,0.01,MINOR,1,323.0,0.01,0.021,COMPRESSION,1,1358.0,18,24,BULL_BOUNCE_PENDING,LONG,54.0,MARGINAL,FAVORABLE,0.4794,FALLING
2026-09-18,LABU,6.0,3.14,0.161,CONVICTION,315,960.0,5.97,0.306,VACUUM,597,1090.0,81,77,BULL_BOUNCE_PENDING,LONG,59.0,MARGINAL,FAVORABLE,19.531,NEUTRAL
2026-09-18,LLY,6.0,6.14,0.241,CONVICTION,614,202.0,9.2,0.361,CONVICTION,921,27.0,36,53,BULL_BOUNCE_PENDING,LONG,66.9,CONVICTION,FAVORABLE,25.5019,NEUTRAL
2026-09-18,LYB,6.0,0.56,0.249,COMPRESSION,56,214.0,1.33,0.591,CONVICTION,133,728.0,68,29,BULL_BOUNCE_PENDING,LONG,66.0,CONVICTION,FAVORABLE,2.2519,FALLING
2026-09-18,MNDY,6.0,0.13,0.024,COMPRESSION,13,1286.0,1.5,0.282,CONVICTION,150,905.0,52,37,BULL_BOUNCE_PENDING,LONG,52.3,MARGINAL,FAVORABLE,5.3199,RISING
2026-09-18,MTDR,6.0,0.06,0.031,COMPRESSION,6,70.0,0.27,0.14,COMPRESSION,28,578.0,71,41,BULL_BOUNCE_PENDING,LONG,76.3,CONVICTION,FAVORABLE,1.9233,RISING
2026-09-18,MUR,6.0,1.93,1.383,CONVICTION,193,468.0,0.62,0.444,COMPRESSION,63,116.0,36,60,BULL_BOUNCE_PENDING,LONG,71.5,CONVICTION,FAVORABLE,1.396,FALLING
2026-09-18,MPC,6.0,,,,,,4.5,0.334,CONVICTION,450,620.0,0,76,BULL_BOUNCE_PENDING,LONG,55.4,MARGINAL,FAVORABLE,13.4781,RISING
2026-09-18,MSTZ,6.0,0.0066,0.01,MINOR,1,32.0,0.0006,0.001,MINOR,1,77.0,18,1,BEAR_REJECTION_PENDING,SHORT,41.4,MARGINAL,FAVORABLE,0.6611,NEUTRAL
2026-09-18,MUSA,6.0,12.15,0.726,CONVICTION,1215,1287.0,3.695,0.221,CONVICTION,370,8.0,18,58,BULL_BOUNCE_PENDING,LONG,67.7,CONVICTION,FAVORABLE,16.7393,RISING
2026-09-18,NE,6.0,0.09,0.053,COMPRESSION,10,243.0,0.72,0.427,COMPRESSION,72,596.0,77,53,BULL_BOUNCE,LONG,67.1,CONVICTION,FAVORABLE,1.6876,RISING
2026-09-18,NESR,6.0,0.395,0.297,COMPRESSION,40,173.0,2.98,2.242,CONVICTION,299,178.0,37,53,BULL_BOUNCE_PENDING,LONG,83.0,CONVICTION,FAVORABLE,1.3292,NEUTRAL
2026-09-18,NET,6.0,0.11,0.006,MINOR,12,170.0,6.49,0.368,CONVICTION,650,201.0,8,80,BULL_BOUNCE,LONG,65.0,CONVICTION,FAVORABLE,17.6316,NEUTRAL
2026-09-18,NOV,6.0,0.05,0.082,COMPRESSION,6,452.0,0.24,0.394,COMPRESSION,24,501.0,25,37,BULL_BOUNCE_PENDING,LONG,70.1,CONVICTION,FAVORABLE,0.6093,FALLING
2026-09-18,NOG,6.0,0.79,0.903,COMPRESSION,79,771.0,0.15,0.172,COMPRESSION,15,224.0,38,28,BULL_BOUNCE,LONG,65.0,CONVICTION,FAVORABLE,0.8746,NEUTRAL
2026-09-18,NSIT,6.0,4.52,0.731,CONVICTION,453,829.0,1.92,0.31,CONVICTION,192,805.0,57,25,BULL_BOUNCE_PENDING,LONG,51.0,MARGINAL,FAVORABLE,6.1851,NEUTRAL
2026-09-18,OIH,6.0,2.57,0.221,CONVICTION,257,504.0,4.48,0.386,CONVICTION,449,132.0,74,52,BULL_BOUNCE_PENDING,LONG,53.0,MARGINAL,FAVORABLE,11.6082,RISING
2026-09-18,NVD,6.0,0.44,2.109,COMPRESSION,44,25.0,0.11,0.527,COMPRESSION,11,25.0,58,48,BULL_BOUNCE_PENDING,LONG,56.2,MARGINAL,FAVORABLE,0.2086,RISING
2026-09-18,ORA,6.0,0.67,0.175,COMPRESSION,68,88.0,2.73,0.714,CONVICTION,273,235.0,51,57,BULL_BOUNCE_PENDING,LONG,64.5,CONVICTION,FAVORABLE,3.8254,FALLING
2026-09-18,ORKA,6.0,1.21,0.251,CONVICTION,121,1133.0,0.18,0.037,COMPRESSION,19,347.0,40,33,BULL_BOUNCE_PENDING,LONG,78.2,CONVICTION,FAVORABLE,4.825,RISING
2026-09-18,OVV,6.0,1.37,0.695,VACUUM,138,466.0,1.07,0.542,CONVICTION,108,970.0,25,39,BULL_BOUNCE_PENDING,LONG,93.9,CONVICTION,FAVORABLE,1.9725,NEUTRAL
2026-09-18,P,6.0,1.21,0.243,CONVICTION,121,414.0,2.05,0.411,CONVICTION,205,293.0,12,97,BULL_BOUNCE_PENDING,LONG,83.2,CONVICTION,FAVORABLE,4.9882,RISING
2026-09-18,PARR,6.0,0.005,0.001,MINOR,1,21.0,2.47,0.561,CONVICTION,247,489.0,10,37,BULL_BOUNCE_PENDING,LONG,54.0,MARGINAL,FAVORABLE,4.3999,RISING
2026-09-18,REPL,6.0,0.14,0.187,COMPRESSION,14,1348.0,0.58,0.773,COMPRESSION,59,373.0,46,30,BULL_BOUNCE_PENDING,LONG,80.6,CONVICTION,FAVORABLE,0.7506,NEUTRAL
2026-09-18,RBRK,6.0,0.2499,0.044,MINOR,25,238.0,0.25,0.044,COMPRESSION,25,1299.0,13,54,BULL_BOUNCE_PENDING,LONG,73.0,CONVICTION,FAVORABLE,5.6984,RISING
2026-09-18,RMD,6.0,2.79,0.44,CONVICTION,279,1009.0,3.37,0.532,CONVICTION,338,35.0,48,51,BULL_BOUNCE_PENDING,LONG,81.5,CONVICTION,FAVORABLE,6.3402,RISING
2026-09-18,SMMT,6.0,0.0499,0.052,MINOR,5,80.0,0.92,0.95,COMPRESSION,92,1136.0,31,22,BULL_BOUNCE_PENDING,LONG,53.0,MARGINAL,FAVORABLE,0.9686,RISING
2026-09-18,SHAZ,6.0,1.08,0.233,CONVICTION,108,1203.0,1.165,0.251,CONVICTION,117,62.0,11,76,BULL_BOUNCE_PENDING,LONG,56.4,MARGINAL,FAVORABLE,4.6408,FALLING
2026-09-18,SM,6.0,0.59,0.39,COMPRESSION,59,97.0,0.2,0.132,COMPRESSION,21,876.0,52,45,BULL_BOUNCE_PENDING,LONG,60.8,CONVICTION,FAVORABLE,1.5125,RISING
2026-09-18,SPOT,6.0,1.41,0.075,CONVICTION,142,105.0,1.9459,0.104,VACUUM,195,192.0,58,24,BULL_BOUNCE_PENDING,LONG,72.3,CONVICTION,FAVORABLE,18.7371,NEUTRAL
2026-09-18,SNXX,6.0,0.51,0.28,COMPRESSION,51,191.0,0.3,0.165,COMPRESSION,31,1034.0,9,28,BULL_BOUNCE_PENDING,LONG,62.6,CONVICTION,FAVORABLE,1.8217,FALLING
2026-09-18,SNDU,6.0,1.01,0.361,CONVICTION,101,174.0,0.28,0.1,COMPRESSION,29,1068.0,26,45,BEAR_REJECTION_PENDING,SHORT,83.3,CONVICTION,FAVORABLE,2.7969,FALLING
2026-09-18,SOXS,6.0,0.88,0.218,COMPRESSION,89,104.0,4.24,1.053,CONVICTION,425,175.0,64,12,BULL_BOUNCE_PENDING,LONG,78.4,CONVICTION,FAVORABLE,4.0284,FALLING
2026-09-18,TARS,6.0,0.91,0.237,COMPRESSION,91,974.0,0.58,0.151,COMPRESSION,58,511.0,50,50,BULL_BOUNCE_PENDING,LONG,85.5,CONVICTION,FAVORABLE,3.8371,FALLING
2026-09-18,TDW,6.0,0.16,0.04,COMPRESSION,16,131.0,1.47,0.367,CONVICTION,147,258.0,61,24,BULL_BOUNCE_PENDING,LONG,84.8,CONVICTION,FAVORABLE,4.0081,NEUTRAL
2026-09-18,SVM,6.0,0.03,0.047,COMPRESSION,4,475.0,0.07,0.109,MINOR,8,114.0,62,69,BULL_BOUNCE_PENDING,LONG,63.0,CONVICTION,FAVORABLE,0.6407,FALLING
2026-09-18,TMDX,6.0,1.47,0.324,VACUUM,147,855.0,2.15,0.474,CONVICTION,215,947.0,20,40,BULL_BOUNCE_PENDING,LONG,77.5,CONVICTION,FAVORABLE,4.5325,NEUTRAL
2026-09-18,TME,6.0,0.04,0.215,COMPRESSION,4,600.0,,,,,,68,0,BEAR_REJECTION_PENDING,SHORT,39.2,MARGINAL,FAVORABLE,0.1864,NEUTRAL
2026-09-18,VAL,6.0,1.75,0.43,VACUUM,175,513.0,1.22,0.3,CONVICTION,122,442.0,47,40,BULL_BOUNCE_PENDING,LONG,60.7,CONVICTION,FAVORABLE,4.0677,FALLING
2026-09-18,VSAT,6.0,3.89,1.006,VACUUM,390,475.0,3.72,0.962,CONVICTION,372,894.0,32,50,BULL_BOUNCE_PENDING,LONG,74.1,CONVICTION,FAVORABLE,3.8678,RISING
2026-09-18,WFRD,6.0,1.19,0.309,CONVICTION,119,753.0,0.22,0.057,MINOR,22,356.0,54,6,BEAR_REJECTION_PENDING,SHORT,65.8,CONVICTION,FAVORABLE,3.8563,FALLING
2026-09-18,UCO,6.0,0.0148,0.008,MINOR,2,209.0,0.97,0.517,COMPRESSION,97,77.0,18,80,BULL_BOUNCE_PENDING,LONG,68.9,CONVICTION,FAVORABLE,1.875,RISING
2026-09-18,WHD,6.0,0.47,0.199,COMPRESSION,48,377.0,0.5,0.212,COMPRESSION,50,610.0,52,22,BULL_BOUNCE_PENDING,LONG,73.8,CONVICTION,FAVORABLE,2.3564,NEUTRAL
2026-09-18,WYHG,6.0,0.085,0.149,MINOR,9,1074.0,0.1474,0.259,MINOR,15,139.0,19,26,BULL_BOUNCE_PENDING,LONG,44.0,MARGINAL,FAVORABLE,0.5702,NEUTRAL
2026-09-18,XHLD,6.0,0.3,0.201,MINOR,31,962.0,0.05,0.033,MINOR,6,21.0,2,12,BULL_BOUNCE_PENDING,LONG,62.4,CONVICTION,FAVORABLE,1.4934,NEUTRAL
2026-09-18,BLDR,6.0,0.83,0.31,COMPRESSION,83,322.0,0.015,0.006,MINOR,2,15.0,53,6,BEAR_REJECTION_PENDING,SHORT,66.5,CONVICTION,FAVORABLE,2.6778,FALLING
2026-09-18,XOP,6.0,0.17,0.036,MINOR,17,70.0,1.85,0.387,CONVICTION,186,141.0,49,62,BULL_BOUNCE_PENDING,LONG,51.0,MARGINAL,FAVORABLE,4.7801,RISING
2026-09-18,CECO,6.0,3.17,0.766,CONVICTION,318,602.0,0.2,0.048,MINOR,21,1058.0,43,33,BULL_BOUNCE_PENDING,LONG,70.8,CONVICTION,FAVORABLE,4.1369,FALLING
2026-09-18,ZS,6.0,0.25,0.025,COMPRESSION,25,186.0,7.185,0.718,CONVICTION,719,1189.0,11,57,BEAR_REJECTION_PENDING,SHORT,66.4,CONVICTION,FAVORABLE,10.0114,RISING
2026-09-18,PNR,6.0,0.37,0.243,COMPRESSION,37,778.0,0.115,0.075,MINOR,12,12.0,75,1,BEAR_REJECTION_PENDING,SHORT,50.0,MARGINAL,FAVORABLE,1.5253,FALLING
2026-09-18,REZI,6.0,0.01,0.016,COMPRESSION,1,426.0,0.19,0.302,MINOR,19,660.0,49,6,BULL_BOUNCE_PENDING,LONG,73.4,CONVICTION,FAVORABLE,0.6301,FALLING
2026-09-18,ALMR,6.0,,,,,,0.005,0.002,COMPRESSION,1,251.0,0,13,BULL_BOUNCE_PENDING,LONG,80.0,CONVICTION,FAVORABLE,2.1736,RISING
2026-09-18,AEHR,6.0,0.565,0.075,COMPRESSION,57,114.0,4.65,0.618,CONVICTION,466,65.0,34,23,BULL_BOUNCE_PENDING,LONG,86.7,CONVICTION,FAVORABLE,7.5258,RISING
2026-09-18,ARES,6.0,1.05,0.233,CONVICTION,105,477.0,1.02,0.227,CONVICTION,102,539.0,81,41,BULL_BOUNCE_PENDING,LONG,93.0,CONVICTION,FAVORABLE,4.5012,FALLING
2026-09-18,APPF,6.0,2.15,0.249,CONVICTION,216,1323.0,0.665,0.077,COMPRESSION,67,99.0,60,59,BULL_BOUNCE_PENDING,LONG,56.0,MARGINAL,FAVORABLE,8.6378,NEUTRAL
2026-09-18,BAM,6.0,0.16,0.119,COMPRESSION,16,297.0,0.22,0.163,MINOR,22,533.0,68,18,BEAR_REJECTION_PENDING,SHORT,66.0,CONVICTION,FAVORABLE,1.3494,FALLING
2026-09-18,BCO,6.0,0.71,0.216,COMPRESSION,71,724.0,0.77,0.235,COMPRESSION,78,167.0,81,45,BULL_BOUNCE_PENDING,LONG,69.5,CONVICTION,FAVORABLE,3.2821,FALLING
2026-09-18,BCRX,6.0,0.598,1.524,COMPRESSION,60,546.0,0.11,0.28,COMPRESSION,11,127.0,30,29,BULL_BOUNCE_PENDING,LONG,67.5,CONVICTION,FAVORABLE,0.3923,FALLING
2026-09-18,BEPC,6.0,0.27,0.328,COMPRESSION,27,306.0,0.13,0.158,COMPRESSION,13,809.0,88,11,BEAR_REJECTION_PENDING,SHORT,36.8,MARGINAL,FAVORABLE,0.8236,FALLING
2026-09-18,BETA,6.0,0.29,0.198,COMPRESSION,30,99.0,0.04,0.027,COMPRESSION,4,825.0,18,33,BEAR_REJECTION_PENDING,SHORT,55.0,MARGINAL,FAVORABLE,1.4619,FALLING
2026-09-18,BSY,6.0,0.39,0.326,COMPRESSION,40,396.0,0.09,0.075,COMPRESSION,9,172.0,39,41,BULL_BOUNCE_PENDING,LONG,77.9,CONVICTION,FAVORABLE,1.1961,NEUTRAL
2026-09-18,DPC,6.0,0.91,0.277,COMPRESSION,91,301.0,0.09,0.027,MINOR,9,505.0,34,3,BEAR_REJECTION_PENDING,SHORT,67.0,CONVICTION,FAVORABLE,3.2891,FALLING
2026-09-18,CACI,6.0,3.36,0.187,CONVICTION,337,223.0,6.21,0.345,CONVICTION,622,42.0,61,29,BULL_BOUNCE_PENDING,LONG,68.0,CONVICTION,FAVORABLE,18.0104,NEUTRAL
2026-09-18,CHTR,6.0,2.14,0.298,CONVICTION,215,137.0,2.18,0.304,CONVICTION,218,306.0,97,5,BULL_BOUNCE_PENDING,LONG,90.3,CONVICTION,FAVORABLE,7.1818,FALLING
2026-09-18,BX,6.0,1.7,0.408,CONVICTION,170,191.0,1.97,0.473,CONVICTION,197,979.0,97,27,BULL_BOUNCE_PENDING,LONG,72.0,CONVICTION,FAVORABLE,4.1674,FALLING
2026-09-18,EIX,6.0,13.4,3.75,CONVICTION,1340,303.0,0.76,0.213,MINOR,76,328.0,50,7,BEAR_REJECTION_PENDING,SHORT,78.7,CONVICTION,FAVORABLE,3.5736,FALLING
2026-09-18,DPZ,6.0,0.38,0.036,COMPRESSION,38,23.0,1.0,0.096,VACUUM,100,391.0,101,14,BULL_BOUNCE_PENDING,LONG,74.8,CONVICTION,FAVORABLE,10.4273,FALLING
2026-09-18,EMR,6.0,3.02,0.813,CONVICTION,303,50.0,0.71,0.191,COMPRESSION,72,1150.0,54,22,BEAR_REJECTION_PENDING,SHORT,88.7,CONVICTION,FAVORABLE,3.7168,FALLING
2026-09-18,EXPE,6.0,1.54,0.126,CONVICTION,155,676.0,5.07,0.415,CONVICTION,507,457.0,63,35,BEAR_REJECTION_PENDING,SHORT,67.2,CONVICTION,FAVORABLE,12.2279,NEUTRAL
2026-09-18,FRPT,6.0,0.1,0.042,MINOR,11,436.0,0.46,0.191,COMPRESSION,47,166.0,46,24,BULL_BOUNCE_PENDING,LONG,61.7,CONVICTION,FAVORABLE,2.4077,FALLING
2026-09-18,FLUT,6.0,7.255,1.861,CONVICTION,726,800.0,0.015,0.004,MINOR,2,27.0,66,3,BEAR_REJECTION_PENDING,SHORT,64.8,CONVICTION,FAVORABLE,3.8985,FALLING
2026-09-18,FTAI,6.0,2.09,0.221,CONVICTION,209,868.0,6.11,0.647,CONVICTION,611,399.0,37,25,BULL_BOUNCE_PENDING,LONG,59.7,MARGINAL,FAVORABLE,9.4459,RISING
2026-09-18,GDS,6.0,0.48,0.436,COMPRESSION,48,151.0,0.56,0.509,MINOR,56,179.0,19,76,CHANNEL_GAP_BREAKOUT_LONG,LONG,83.0,CONVICTION,FAVORABLE,1.1011,RISING
2026-09-18,GEO,6.0,0.1,0.088,COMPRESSION,10,548.0,0.19,0.167,COMPRESSION,19,1398.0,21,26,BULL_BOUNCE_PENDING,LONG,49.0,MARGINAL,FAVORABLE,1.1407,RISING
2026-09-18,GNRC,6.0,4.56,0.437,CONVICTION,457,1335.0,2.64,0.253,VACUUM,264,703.0,21,10,BULL_BOUNCE_PENDING,LONG,60.0,CONVICTION,FAVORABLE,10.432,RISING
2026-09-18,HLNE,6.0,0.72,0.181,COMPRESSION,72,869.0,1.48,0.373,CONVICTION,149,343.0,76,25,BUY_LOWER_DIRTY,LONG,49.4,MARGINAL,FAVORABLE,3.9699,NEUTRAL
2026-09-18,IBP,6.0,4.28,0.418,CONVICTION,429,180.0,0.94,0.092,COMPRESSION,94,864.0,44,16,BEAR_REJECTION_PENDING,SHORT,66.9,CONVICTION,FAVORABLE,10.2339,FALLING
2026-09-18,LBRDK,6.0,0.27,0.156,COMPRESSION,28,1024.0,0.655,0.378,MINOR,66,1261.0,5,16,BULL_BOUNCE_PENDING,LONG,67.8,CONVICTION,FAVORABLE,1.7313,RISING
2026-09-18,IESC,6.0,2.19,0.123,CONVICTION,219,50.0,1.1,0.062,CONVICTION,111,561.0,33,43,BULL_BOUNCE_PENDING,LONG,69.0,CONVICTION,FAVORABLE,17.7615,FALLING
2026-09-18,KKR,6.0,0.6,0.181,COMPRESSION,60,227.0,0.8,0.242,COMPRESSION,80,367.0,67,26,BEAR_REJECTION_PENDING,SHORT,69.7,CONVICTION,FAVORABLE,3.3096,FALLING
2026-09-18,KOPN,6.0,0.115,0.416,COMPRESSION,12,649.0,0.01,0.036,COMPRESSION,1,54.0,24,33,BULL_BOUNCE_PENDING,LONG,48.0,MARGINAL,FAVORABLE,0.2767,NEUTRAL
2026-09-18,LTH,6.0,0.12,0.098,COMPRESSION,12,138.0,0.5,0.408,COMPRESSION,50,1471.0,27,18,BULL_BOUNCE_PENDING,LONG,84.6,CONVICTION,FAVORABLE,1.2249,NEUTRAL
2026-09-18,MDGL,6.0,1.66,0.102,CONVICTION,166,1075.0,10.73,0.658,CONVICTION,1074,785.0,24,54,BULL_BOUNCE_PENDING,LONG,56.0,MARGINAL,FAVORABLE,16.3,RISING
2026-09-18,MELI,6.0,8.998,0.15,CONVICTION,900,838.0,10.865,0.181,CONVICTION,1087,605.0,95,23,BULL_BOUNCE_PENDING,LONG,80.4,CONVICTION,FAVORABLE,60.181,NEUTRAL
2026-09-18,NIQ,6.0,0.06,0.094,COMPRESSION,6,160.0,0.18,0.281,MINOR,18,11.0,12,30,BULL_BOUNCE_PENDING,LONG,64.3,CONVICTION,FAVORABLE,0.6403,NEUTRAL
2026-09-18,NBIG,6.0,1.0,0.473,CONVICTION,100,1295.0,0.15,0.071,COMPRESSION,16,37.0,11,40,BEAR_REJECTION_PENDING,SHORT,62.1,CONVICTION,FAVORABLE,2.1123,FALLING
2026-09-18,NWL,6.0,0.08,0.279,COMPRESSION,9,500.0,0.02,0.07,COMPRESSION,3,1283.0,54,10,BULL_BOUNCE_PENDING,LONG,67.5,CONVICTION,FAVORABLE,0.2863,FALLING
2026-09-18,NEBX,6.0,2.16,0.688,CONVICTION,216,1028.0,0.02,0.006,MINOR,2,165.0,4,42,BEAR_REJECTION_PENDING,SHORT,70.2,CONVICTION,FAVORABLE,3.1382,NEUTRAL
2026-09-18,OLED,6.0,0.57,0.184,COMPRESSION,58,547.0,0.0899,0.029,MINOR,9,49.0,51,17,BULL_BOUNCE_PENDING,LONG,61.0,CONVICTION,FAVORABLE,3.0988,RISING
2026-09-18,PLAG,6.0,0.0625,1.068,COMPRESSION,7,925.0,0.0005,0.009,MINOR,1,1086.0,33,7,BULL_BOUNCE_PENDING,LONG,55.0,MARGINAL,FAVORABLE,0.0585,NEUTRAL
2026-09-18,ONTO,6.0,8.48,0.597,CONVICTION,848,993.0,2.68,0.189,VACUUM,269,84.0,24,68,BEAR_REJECTION_PENDING,SHORT,48.0,MARGINAL,FAVORABLE,14.2118,FALLING
2026-09-18,PBF,6.0,0.22,0.052,MINOR,22,327.0,0.98,0.23,MINOR,99,1.0,13,33,BULL_BOUNCE_PENDING,LONG,66.2,CONVICTION,FAVORABLE,4.2696,RISING
2026-09-18,PSX,6.0,0.035,0.004,MINOR,4,16.0,3.1,0.393,CONVICTION,311,481.0,1,81,BULL_BOUNCE_PENDING,LONG,76.9,CONVICTION,FAVORABLE,7.8973,NEUTRAL
2026-09-18,SEPN,6.0,0.1,0.057,MINOR,11,283.0,0.57,0.322,MINOR,58,694.0,58,26,BULL_BOUNCE_PENDING,LONG,69.7,CONVICTION,FAVORABLE,1.7681,RISING
2026-09-18,RRR,6.0,0.21,0.139,COMPRESSION,22,914.0,0.26,0.172,COMPRESSION,27,322.0,93,7,BULL_BOUNCE_PENDING,LONG,66.3,CONVICTION,FAVORABLE,1.5138,FALLING
2026-09-18,RPD,6.0,0.15,0.165,COMPRESSION,16,966.0,0.12,0.132,COMPRESSION,12,1000.0,46,27,BULL_BOUNCE_PENDING,LONG,76.8,CONVICTION,FAVORABLE,0.9106,NEUTRAL
2026-09-18,SEZL,6.0,0.62,0.119,COMPRESSION,63,265.0,2.71,0.518,CONVICTION,272,841.0,38,17,BULL_BOUNCE_PENDING,LONG,49.8,MARGINAL,FAVORABLE,5.2287,FALLING
2026-09-18,SION,6.0,0.06,0.085,MINOR,6,971.0,0.01,0.014,MINOR,1,1371.0,44,17,BULL_BOUNCE_PENDING,LONG,52.0,MARGINAL,FAVORABLE,0.7067,RISING
2026-09-18,SNK,6.0,0.0368,0.025,COMPRESSION,4,980.0,0.04,0.027,COMPRESSION,5,554.0,38,17,BEAR_REJECTION_PENDING,SHORT,38.0,MARGINAL,FAVORABLE,1.4589,FALLING
2026-09-18,SKUU,6.0,0.205,0.073,COMPRESSION,21,211.0,0.42,0.149,COMPRESSION,42,200.0,47,85,BULL_BOUNCE_PENDING,LONG,63.5,CONVICTION,FAVORABLE,2.8167,RISING
2026-09-18,SPCG,6.0,0.01,0.007,COMPRESSION,2,968.0,0.02,0.013,MINOR,3,573.0,36,20,BULL_BOUNCE_PENDING,LONG,48.4,MARGINAL,FAVORABLE,1.499,NEUTRAL
2026-09-18,SRPT,6.0,14.92,10.158,CONVICTION,1492,580.0,0.05,0.034,MINOR,6,1426.0,24,30,BULL_BOUNCE_PENDING,LONG,53.0,MARGINAL,FAVORABLE,1.4688,FALLING
2026-09-18,SSPC,6.0,0.0032,0.004,MINOR,1,137.0,0.0089,0.01,MINOR,1,62.0,21,15,BEAR_REJECTION_PENDING,SHORT,40.0,MARGINAL,FAVORABLE,0.8837,FALLING
2026-09-18,STEP,6.0,0.2,0.089,COMPRESSION,21,386.0,0.71,0.315,COMPRESSION,72,499.0,60,30,BULL_BOUNCE_PENDING,LONG,70.4,CONVICTION,FAVORABLE,2.2511,FALLING
2026-09-18,THO,6.0,0.26,0.103,COMPRESSION,27,179.0,,,,,,77,0,BEAR_REJECTION_PENDING,SHORT,41.1,MARGINAL,FAVORABLE,2.5132,FALLING
2026-09-18,SW,6.0,0.94,0.637,COMPRESSION,94,673.0,0.48,0.325,COMPRESSION,49,1315.0,71,23,BEAR_REJECTION_PENDING,SHORT,73.1,CONVICTION,FAVORABLE,1.475,RISING
2026-09-18,UGI,6.0,0.15,0.22,COMPRESSION,15,40.0,0.23,0.337,COMPRESSION,23,642.0,38,30,BULL_BOUNCE_PENDING,LONG,71.0,CONVICTION,FAVORABLE,0.682,NEUTRAL
2026-09-18,UPWK,6.0,1.395,4.295,CONVICTION,140,407.0,0.075,0.231,MINOR,8,643.0,33,9,BULL_BOUNCE_PENDING,LONG,70.8,CONVICTION,FAVORABLE,0.3248,FALLING
2026-09-18,TPL,6.0,13.52,1.017,CONVICTION,1352,1020.0,8.94,0.672,CONVICTION,894,1307.0,51,28,BUY_LOWER_DIRTY,LONG,45.0,MARGINAL,FAVORABLE,13.2994,FALLING
2026-09-18,TLN,6.0,12.74,1.033,CONVICTION,1275,229.0,0.04,0.003,MINOR,5,15.0,62,23,CHANNEL_BREAKOUT,LONG,53.0,MARGINAL,FAVORABLE,12.3336,FALLING
2026-09-18,WK,6.0,1.25,0.409,CONVICTION,125,233.0,0.17,0.056,COMPRESSION,18,29.0,42,48,BULL_BOUNCE_PENDING,LONG,79.8,CONVICTION,FAVORABLE,3.0562,NEUTRAL
2026-09-18,VSEC,6.0,6.34,0.663,CONVICTION,635,806.0,0.24,0.025,COMPRESSION,25,1193.0,94,12,BULL_BOUNCE_PENDING,LONG,47.0,MARGINAL,FAVORABLE,9.5602,FALLING
2026-09-18,WHR,6.0,0.01,0.006,COMPRESSION,1,773.0,0.03,0.018,MINOR,4,78.0,68,10,BEAR_REJECTION_PENDING,SHORT,50.0,MARGINAL,FAVORABLE,1.6599,FALLING
2026-09-18,Z,6.0,0.87,0.62,COMPRESSION,88,1203.0,0.01,0.007,MINOR,1,173.0,47,9,BULL_BOUNCE_PENDING,LONG,56.0,MARGINAL,FAVORABLE,1.4025,FALLING
2026-09-18,ACVA,6.0,2.055,4.304,VACUUM,206,783.0,0.01,0.021,COMPRESSION,1,52.0,3,19,BULL_BOUNCE_PENDING,LONG,89.0,CONVICTION,FAVORABLE,0.4775,RISING
2026-09-18,AGIO,6.0,0.13,0.1,MINOR,14,51.0,0.26,0.2,COMPRESSION,26,628.0,40,18,BULL_BOUNCE,LONG,55.0,MARGINAL,FAVORABLE,1.2987,NEUTRAL
2026-09-18,AMRX,6.0,0.42,0.67,MINOR,42,726.0,0.01,0.016,MINOR,2,114.0,10,28,CHANNEL_BREAKOUT,LONG,47.0,MARGINAL,FAVORABLE,0.6271,RISING
2026-09-18,ZLAB,6.0,0.01,0.009,COMPRESSION,1,879.0,0.345,0.317,COMPRESSION,35,289.0,35,57,SHORT_UPPER_DIRTY,SHORT,56.1,MARGINAL,FAVORABLE,1.09,FALLING
2026-09-18,ARCB,6.0,2.22,0.435,CONVICTION,223,425.0,0.58,0.114,COMPRESSION,59,163.0,63,18,BULL_BOUNCE_PENDING,LONG,62.5,CONVICTION,FAVORABLE,5.1021,FALLING
2026-09-18,ATRO,6.0,2.04,0.615,CONVICTION,205,920.0,0.825,0.249,MINOR,83,1401.0,31,25,BULL_BOUNCE_PENDING,LONG,51.2,MARGINAL,FAVORABLE,3.3196,FALLING
2026-09-18,BDX,6.0,1.64,0.377,CONVICTION,165,433.0,2.13,0.49,CONVICTION,213,684.0,75,75,BULL_BOUNCE_PENDING,LONG,85.0,CONVICTION,FAVORABLE,4.3482,RISING
2026-09-18,BORR,6.0,0.02,0.086,MINOR,2,940.0,0.26,1.117,COMPRESSION,26,260.0,33,22,BULL_BOUNCE_PENDING,LONG,55.6,MARGINAL,FAVORABLE,0.2327,RISING
2026-09-18,BRUN,6.0,0.89,0.623,COMPRESSION,90,769.0,0.59,0.413,COMPRESSION,59,12.0,17,42,BULL_BOUNCE_PENDING,LONG,75.3,CONVICTION,FAVORABLE,1.4288,NEUTRAL
2026-09-18,BWIN,6.0,2.74,2.466,CONVICTION,274,541.0,1.67,1.503,CONVICTION,167,20.0,15,42,BEAR_REJECTION_PENDING,SHORT,67.9,CONVICTION,FAVORABLE,1.1111,RISING
2026-09-18,CBOE,6.0,3.9,0.373,CONVICTION,390,906.0,0.32,0.031,COMPRESSION,32,766.0,66,26,BULL_BOUNCE_PENDING,LONG,74.3,CONVICTION,FAVORABLE,10.4553,FALLING
2026-09-18,BW,6.0,0.02,0.035,COMPRESSION,2,216.0,0.02,0.035,COMPRESSION,3,1122.0,36,44,BUY_LOWER_DIRTY,LONG,49.9,MARGINAL,FAVORABLE,0.5686,FALLING
2026-09-18,CELC,6.0,1.71,0.458,VACUUM,171,815.0,19.01,5.089,CONVICTION,1901,1314.0,88,18,BULL_BOUNCE_PENDING,LONG,79.2,CONVICTION,FAVORABLE,3.7357,RISING
2026-09-18,CLBK,6.0,0.04,0.181,MINOR,4,144.0,0.1,0.454,COMPRESSION,10,509.0,12,20,BULL_BOUNCE_PENDING,LONG,73.6,CONVICTION,FAVORABLE,0.2204,FALLING
2026-09-18,CIEN,6.0,9.53,0.392,CONVICTION,954,1294.0,6.17,0.254,CONVICTION,618,44.0,27,35,BULL_BOUNCE,LONG,75.2,CONVICTION,FAVORABLE,24.3355,RISING
2026-09-18,CMPS,6.0,0.1,0.116,COMPRESSION,10,13.0,0.21,0.245,COMPRESSION,22,614.0,9,39,BULL_BOUNCE_PENDING,LONG,71.4,CONVICTION,FAVORABLE,0.8586,RISING
2026-09-18,CLS,6.0,5.82,0.307,VACUUM,583,40.0,6.015,0.317,CONVICTION,602,460.0,18,88,BEAR_REJECTION_PENDING,SHORT,59.7,MARGINAL,FAVORABLE,18.9703,RISING
2026-09-18,CNC,6.0,2.92,1.153,CONVICTION,293,570.0,0.96,0.379,MINOR,97,61.0,16,26,BULL_BOUNCE,LONG,72.9,CONVICTION,FAVORABLE,2.5323,RISING
2026-09-18,COKE,6.0,1.05,0.173,CONVICTION,106,248.0,0.04,0.007,COMPRESSION,4,25.0,48,49,BULL_BOUNCE_PENDING,LONG,48.0,MARGINAL,FAVORABLE,6.0814,RISING
2026-09-18,DRI,6.0,1.0,0.197,VACUUM,100,742.0,2.35,0.463,CONVICTION,235,149.0,34,45,BULL_BOUNCE_PENDING,LONG,83.6,CONVICTION,FAVORABLE,5.0741,FALLING
2026-09-18,ECHO,6.0,0.14,0.05,COMPRESSION,15,103.0,0.77,0.276,COMPRESSION,78,494.0,34,30,BULL_BOUNCE,LONG,71.0,CONVICTION,FAVORABLE,2.7914,RISING
2026-09-18,EAT,6.0,2.4,0.26,CONVICTION,241,1377.0,4.19,0.454,CONVICTION,419,118.0,84,31,BULL_BOUNCE_PENDING,LONG,83.3,CONVICTION,FAVORABLE,9.2249,FALLING
2026-09-18,DHT,6.0,0.07,0.1,MINOR,8,103.0,0.14,0.199,COMPRESSION,15,473.0,1,56,BULL_BOUNCE_PENDING,LONG,78.0,CONVICTION,FAVORABLE,0.7025,RISING
2026-09-18,ELV,6.0,39.65,3.636,CONVICTION,3965,906.0,3.85,0.353,CONVICTION,386,1.0,29,30,BULL_BOUNCE_PENDING,LONG,74.6,CONVICTION,FAVORABLE,10.9057,RISING
2026-09-18,EQPT,6.0,0.14,0.133,COMPRESSION,15,1373.0,0.005,0.005,MINOR,1,165.0,23,31,BEAR_REJECTION_PENDING,SHORT,50.3,MARGINAL,FAVORABLE,1.0496,FALLING
2026-09-18,EXPD,6.0,3.67,1.111,VACUUM,368,64.0,1.04,0.315,CONVICTION,105,1275.0,25,50,BEAR_REJECTION_PENDING,SHORT,65.8,CONVICTION,FAVORABLE,3.3042,RISING
2026-09-18,EROC,6.0,0.33,0.29,MINOR,34,586.0,0.43,0.378,COMPRESSION,43,262.0,22,44,BULL_BOUNCE_PENDING,LONG,62.4,CONVICTION,FAVORABLE,1.1388,FALLING
2026-09-18,FIGR,6.0,0.06,0.022,MINOR,6,1243.0,0.73,0.273,COMPRESSION,73,1110.0,25,54,BULL_BOUNCE_PENDING,LONG,79.6,CONVICTION,FAVORABLE,2.6743,NEUTRAL
2026-09-18,GDDY,6.0,1.24,0.309,CONVICTION,124,338.0,1.23,0.306,CONVICTION,124,307.0,62,59,BEAR_REJECTION_PENDING,SHORT,73.9,CONVICTION,FAVORABLE,4.0169,RISING
2026-09-18,GPN,6.0,0.64,0.235,COMPRESSION,65,622.0,1.1,0.403,CONVICTION,110,388.0,64,40,BULL_BOUNCE_PENDING,LONG,100.0,CONVICTION,FAVORABLE,2.7289,FALLING
2026-09-18,HAE,6.0,0.135,0.048,MINOR,14,59.0,4.29,1.523,CONVICTION,430,221.0,4,56,BULL_BOUNCE_PENDING,LONG,73.6,CONVICTION,FAVORABLE,2.8175,RISING
2026-09-18,FRO,6.0,2.845,1.562,CONVICTION,285,3.0,1.04,0.571,CONVICTION,104,180.0,39,63,BULL_BOUNCE_PENDING,LONG,86.0,CONVICTION,FAVORABLE,1.8213,RISING
2026-09-18,HUBG,6.0,0.73,0.427,COMPRESSION,74,665.0,0.67,0.392,MINOR,68,6.0,26,11,BULL_BOUNCE,LONG,57.4,MARGINAL,FAVORABLE,1.7104,FALLING
2026-09-18,IMVT,6.0,0.11,0.075,COMPRESSION,11,57.0,1.09,0.747,CONVICTION,109,165.0,43,20,BULL_BOUNCE_PENDING,LONG,56.0,MARGINAL,FAVORABLE,1.46,NEUTRAL
2026-09-18,IOND,6.0,0.235,0.046,MINOR,24,54.0,1.5406,0.303,CONVICTION,155,752.0,11,23,BULL_BOUNCE_PENDING,LONG,62.3,CONVICTION,FAVORABLE,5.081,RISING
2026-09-18,IRTC,6.0,1.49,0.316,CONVICTION,149,772.0,1.45,0.307,VACUUM,146,46.0,30,15,BULL_BOUNCE_PENDING,LONG,66.4,CONVICTION,FAVORABLE,4.7171,FALLING
2026-09-18,JMKE,6.0,0.04,0.034,COMPRESSION,4,108.0,0.0149,0.013,MINOR,2,20.0,43,1,BEAR_REJECTION_PENDING,SHORT,50.0,MARGINAL,FAVORABLE,1.1722,FALLING
2026-09-18,JBHT,6.0,1.97,0.211,CONVICTION,197,1465.0,2.38,0.255,CONVICTION,238,1234.0,33,20,BEAR_REJECTION_PENDING,SHORT,74.7,CONVICTION,FAVORABLE,9.3486,FALLING
2026-09-18,INSW,6.0,0.205,0.055,MINOR,21,32.0,2.65,0.708,CONVICTION,265,875.0,16,66,BULL_BOUNCE_PENDING,LONG,73.6,CONVICTION,FAVORABLE,3.7417,RISING
2026-09-18,KNX,6.0,0.7,0.281,COMPRESSION,71,219.0,0.63,0.253,COMPRESSION,63,825.0,75,15,BEAR_REJECTION_PENDING,SHORT,70.8,CONVICTION,FAVORABLE,2.4875,FALLING
2026-09-18,KSPI,6.0,0.04,0.013,COMPRESSION,5,278.0,0.45,0.144,COMPRESSION,46,587.0,53,55,BULL_BOUNCE_PENDING,LONG,74.0,CONVICTION,FAVORABLE,3.1204,FALLING
2026-09-18,KTB,6.0,0.08,0.031,COMPRESSION,8,136.0,0.11,0.042,COMPRESSION,11,1127.0,67,7,BULL_BOUNCE,LONG,59.0,MARGINAL,FAVORABLE,2.5952,NEUTRAL
2026-09-18,KYMR,6.0,0.56,0.114,MINOR,57,567.0,1.05,0.213,CONVICTION,106,192.0,45,64,BULL_BOUNCE_PENDING,LONG,58.8,MARGINAL,FAVORABLE,4.924,NEUTRAL
2026-09-18,LASR,6.0,0.33,0.181,COMPRESSION,33,1295.0,0.33,0.181,COMPRESSION,33,763.0,45,39,BULL_BOUNCE_PENDING,LONG,45.0,MARGINAL,FAVORABLE,1.8243,RISING
2026-09-18,LIVN,6.0,0.1,0.045,MINOR,10,86.0,0.07,0.032,COMPRESSION,7,152.0,52,29,BULL_BOUNCE_PENDING,LONG,84.7,CONVICTION,FAVORABLE,2.2208,FALLING
2026-09-18,LSTR,6.0,0.38,0.087,COMPRESSION,38,187.0,0.24,0.055,COMPRESSION,24,737.0,76,11,BULL_BOUNCE_PENDING,LONG,85.5,CONVICTION,FAVORABLE,4.37,FALLING
2026-09-18,MATX,6.0,0.365,0.065,MINOR,37,158.0,0.41,0.073,COMPRESSION,41,197.0,78,59,BULL_BOUNCE_PENDING,LONG,65.5,CONVICTION,FAVORABLE,5.639,RISING
2026-09-18,MIAX,6.0,0.1,0.057,COMPRESSION,11,234.0,0.56,0.319,COMPRESSION,57,205.0,47,28,BULL_BOUNCE_PENDING,LONG,57.1,MARGINAL,FAVORABLE,1.7532,FALLING
2026-09-18,MOH,6.0,3.75,0.538,CONVICTION,375,725.0,2.04,0.293,CONVICTION,204,46.0,60,38,BULL_BOUNCE,LONG,73.6,CONVICTION,FAVORABLE,6.964,RISING
2026-09-18,MSGE,6.0,0.97,0.423,MINOR,98,342.0,0.38,0.166,COMPRESSION,38,1277.0,40,32,BULL_BOUNCE_CONFIRMED,LONG,79.7,CONVICTION,FAVORABLE,2.2924,NEUTRAL
2026-09-18,MRX,6.0,0.72,0.218,COMPRESSION,72,77.0,0.46,0.139,COMPRESSION,47,214.0,21,64,BEAR_REJECTION_PENDING,SHORT,57.6,MARGINAL,FAVORABLE,3.3079,FALLING
2026-09-18,MSGS,6.0,8.75,1.055,VACUUM,875,342.0,10.06,1.213,CONVICTION,1007,797.0,23,73,BEAR_REJECTION_PENDING,SHORT,40.0,MARGINAL,FAVORABLE,8.2904,NEUTRAL
2026-09-18,OCTV,6.0,0.41,0.488,COMPRESSION,42,487.0,0.4,0.476,COMPRESSION,40,858.0,27,64,BULL_BOUNCE_PENDING,LONG,60.0,CONVICTION,FAVORABLE,0.8399,FALLING
2026-09-18,POST,6.0,0.25,0.114,COMPRESSION,25,1101.0,,,,,,69,0,BEAR_REJECTION_PENDING,SHORT,63.8,CONVICTION,FAVORABLE,2.197,FALLING
2026-09-18,PCTY,6.0,1.3,0.274,CONVICTION,131,398.0,4.735,0.999,CONVICTION,474,175.0,37,51,BULL_BOUNCE,LONG,59.0,MARGINAL,FAVORABLE,4.74,NEUTRAL
2026-09-18,NVDU,6.0,3.5949,0.505,CONVICTION,360,138.0,5.22,0.733,CONVICTION,522,93.0,142,86,BEAR_REJECTION_PENDING,SHORT,50.0,MARGINAL,FAVORABLE,7.1249,FALLING
2026-09-18,PRAX,6.0,0.75,0.052,COMPRESSION,75,1433.0,10.25,0.705,CONVICTION,1025,227.0,36,14,BULL_BOUNCE_PENDING,LONG,54.0,MARGINAL,FAVORABLE,14.5302,FALLING
2026-09-18,QNT,6.0,1.6,0.552,CONVICTION,161,325.0,0.19,0.066,COMPRESSION,20,832.0,34,29,BEAR_REJECTION_PENDING,SHORT,63.7,CONVICTION,FAVORABLE,2.8982,RISING
2026-09-18,RELY,6.0,0.21,0.189,COMPRESSION,22,860.0,0.02,0.018,COMPRESSION,2,387.0,50,23,CHANNEL_RECLAIM_LONG,LONG,61.0,CONVICTION,FAVORABLE,1.1131,RISING
2026-09-18,RUM,6.0,0.13,0.201,COMPRESSION,13,316.0,0.36,0.556,COMPRESSION,36,394.0,10,63,BULL_BOUNCE_CONFIRMED,LONG,71.0,CONVICTION,FAVORABLE,0.647,RISING
2026-09-18,RYAN,6.0,0.64,0.413,COMPRESSION,64,265.0,0.48,0.31,COMPRESSION,48,939.0,48,28,BEAR_REJECTION_PENDING,SHORT,62.3,CONVICTION,FAVORABLE,1.5504,FALLING
2026-09-18,RYTM,6.0,1.16,0.293,CONVICTION,116,891.0,5.365,1.356,CONVICTION,537,369.0,77,12,BULL_BOUNCE_PENDING,LONG,67.7,CONVICTION,FAVORABLE,3.9571,NEUTRAL
2026-09-18,SFM,6.0,0.83,0.25,COMPRESSION,83,348.0,0.04,0.012,MINOR,4,4.0,74,7,BEAR_REJECTION_PENDING,SHORT,64.7,CONVICTION,FAVORABLE,3.3175,FALLING
2026-09-18,SMCIP,6.0,1.22,0.368,CONVICTION,122,37.0,2.77,0.835,CONVICTION,277,18.0,59,57,BULL_BOUNCE_PENDING,LONG,85.3,CONVICTION,FAVORABLE,3.3189,NEUTRAL
2026-09-18,SIMO,6.0,4.26,0.239,CONVICTION,427,122.0,4.58,0.257,CONVICTION,458,259.0,23,77,BEAR_REJECTION_PENDING,SHORT,72.1,CONVICTION,FAVORABLE,17.7882,RISING
2026-09-18,SPHR,6.0,0.285,0.051,MINOR,29,165.0,1.03,0.183,CONVICTION,104,673.0,38,38,BULL_BOUNCE_CONFIRMED,LONG,77.1,CONVICTION,FAVORABLE,5.6295,RISING
2026-09-18,SMCL,6.0,1.38,0.67,CONVICTION,139,90.0,1.1249,0.546,CONVICTION,113,220.0,47,54,BEAR_REJECTION_PENDING,SHORT,78.0,CONVICTION,FAVORABLE,2.0587,NEUTRAL
2026-09-18,THC,6.0,0.93,0.109,COMPRESSION,93,668.0,5.28,0.619,CONVICTION,529,838.0,54,25,BULL_BOUNCE_PENDING,LONG,76.2,CONVICTION,FAVORABLE,8.5319,NEUTRAL
2026-09-18,SPSC,6.0,21.65,5.979,CONVICTION,2166,233.0,0.37,0.102,COMPRESSION,38,3.0,51,51,BULL_BOUNCE_PENDING,LONG,73.0,CONVICTION,FAVORABLE,3.6209,RISING
2026-09-18,TTAN,6.0,0.115,0.022,MINOR,12,512.0,0.01,0.002,MINOR,1,1.0,43,1,BULL_BOUNCE_PENDING,LONG,52.0,MARGINAL,FAVORABLE,5.2385,FALLING
2026-09-18,UHS,6.0,2.87,0.518,CONVICTION,288,1330.0,2.04,0.368,CONVICTION,204,140.0,13,28,BULL_BOUNCE_PENDING,LONG,85.2,CONVICTION,FAVORABLE,5.5404,RISING
2026-09-18,TSLQ,6.0,0.35,0.235,COMPRESSION,36,364.0,0.0001,0.0,MINOR,1,70.0,49,26,BULL_BOUNCE_PENDING,LONG,56.7,MARGINAL,FAVORABLE,1.4888,RISING
2026-09-18,URGN,6.0,0.18,0.083,COMPRESSION,18,1373.0,2.25,1.039,CONVICTION,225,352.0,53,38,BULL_BOUNCE_PENDING,LONG,59.1,MARGINAL,FAVORABLE,2.165,NEUTRAL
2026-09-18,VIAV,6.0,2.155,1.027,CONVICTION,216,353.0,0.81,0.386,COMPRESSION,82,1160.0,29,31,BEAR_REJECTION_PENDING,SHORT,68.0,CONVICTION,FAVORABLE,2.0988,RISING
2026-09-18,YUM,6.0,0.69,0.173,COMPRESSION,69,1048.0,0.59,0.148,COMPRESSION,60,511.0,111,12,BULL_BOUNCE_PENDING,LONG,73.5,CONVICTION,FAVORABLE,3.989,FALLING
2026-09-18,VEEV,6.0,3.17,0.372,CONVICTION,318,334.0,6.55,0.768,CONVICTION,655,1464.0,52,36,BEAR_REJECTION_PENDING,SHORT,66.5,CONVICTION,FAVORABLE,8.5291,NEUTRAL
2026-09-18,CHRW,6.0,1.27,0.35,CONVICTION,128,190.0,20.23,5.579,CONVICTION,2024,202.0,44,39,BULL_BOUNCE_PENDING,LONG,42.5,MARGINAL,FAVORABLE,3.6261,RISING
2026-09-18,AAP,6.0,9.33,5.751,CONVICTION,933,1172.0,0.05,0.031,MINOR,5,31.0,35,6,BEAR_REJECTION_PENDING,SHORT,70.6,CONVICTION,FAVORABLE,1.6222,RISING
2026-09-18,AVAH,6.0,0.07,0.133,COMPRESSION,8,150.0,0.62,1.179,COMPRESSION,63,1303.0,38,9,BULL_BOUNCE_PENDING,LONG,61.0,CONVICTION,FAVORABLE,0.5257,NEUTRAL
2026-09-18,AFRM,6.0,1.26,0.353,CONVICTION,127,769.0,0.64,0.179,COMPRESSION,65,250.0,62,26,BULL_BOUNCE_PENDING,LONG,55.5,MARGINAL,FAVORABLE,3.5713,FALLING
2026-09-18,BL,6.0,0.44,0.316,COMPRESSION,45,265.0,0.38,0.273,COMPRESSION,38,386.0,70,21,BEAR_REJECTION_PENDING,SHORT,57.9,MARGINAL,FAVORABLE,1.3912,FALLING
2026-09-18,ARM,6.0,0.2728,0.019,MINOR,28,1107.0,15.13,1.068,CONVICTION,1513,165.0,22,92,BULL_BOUNCE_PENDING,LONG,78.5,CONVICTION,FAVORABLE,14.1727,NEUTRAL
2026-09-18,CDW,6.0,1.83,0.308,CONVICTION,184,505.0,2.21,0.372,CONVICTION,222,58.0,37,32,BULL_BOUNCE_PENDING,LONG,74.6,CONVICTION,FAVORABLE,5.9412,NEUTRAL
2026-09-18,CG,6.0,0.375,0.246,COMPRESSION,38,429.0,0.34,0.223,COMPRESSION,34,313.0,37,16,BULL_BOUNCE_PENDING,LONG,71.5,CONVICTION,FAVORABLE,1.5214,FALLING
2026-09-18,CLBT,6.0,0.0121,0.029,MINOR,2,327.0,0.005,0.012,COMPRESSION,1,1291.0,15,15,BULL_BOUNCE_PENDING,LONG,57.0,MARGINAL,FAVORABLE,0.4157,FALLING
2026-09-18,BLSH,6.0,2.35,0.887,CONVICTION,236,467.0,0.8,0.302,COMPRESSION,81,265.0,9,98,BULL_BOUNCE_PENDING,LONG,74.0,CONVICTION,FAVORABLE,2.6501,RISING
2026-09-18,CURI,6.0,0.0173,0.147,COMPRESSION,2,1413.0,0.07,0.595,MINOR,7,18.0,11,40,BULL_BOUNCE_PENDING,LONG,46.5,MARGINAL,FAVORABLE,0.1177,NEUTRAL
2026-09-18,DBX,6.0,0.01,0.008,MINOR,1,38.0,0.54,0.449,COMPRESSION,54,243.0,18,48,BULL_BOUNCE_PENDING,LONG,76.7,CONVICTION,FAVORABLE,1.2028,RISING
2026-09-18,COHU,6.0,1.17,0.336,CONVICTION,118,1119.0,0.8,0.23,COMPRESSION,80,138.0,21,81,BULL_BOUNCE_PENDING,LONG,73.9,CONVICTION,FAVORABLE,3.4824,RISING
2026-09-18,DOCS,6.0,0.4,0.398,MINOR,40,42.0,0.68,0.677,COMPRESSION,68,45.0,4,38,BULL_BOUNCE_PENDING,LONG,70.8,CONVICTION,FAVORABLE,1.0044,RISING
2026-09-18,DINO,6.0,0.13,0.03,MINOR,13,19.0,1.65,0.379,CONVICTION,165,653.0,1,43,BULL_BOUNCE_PENDING,LONG,68.6,CONVICTION,FAVORABLE,4.359,NEUTRAL
2026-09-18,FA,6.0,2.42,3.136,CONVICTION,242,247.0,0.29,0.376,COMPRESSION,29,257.0,44,32,BEAR_REJECTION_PENDING,SHORT,62.8,CONVICTION,FAVORABLE,0.7716,FALLING
2026-09-18,DRAM,6.0,1.32,0.577,CONVICTION,133,215.0,0.25,0.109,COMPRESSION,25,37.0,31,60,BULL_BOUNCE_PENDING,LONG,70.4,CONVICTION,FAVORABLE,2.2883,NEUTRAL
2026-09-18,FDXF,6.0,0.31,0.061,COMPRESSION,32,543.0,0.11,0.022,MINOR,11,10.0,58,9,BEAR_REJECTION_PENDING,SHORT,55.8,MARGINAL,FAVORABLE,5.064,RISING
2026-09-18,FISV,6.0,0.45,0.245,COMPRESSION,46,562.0,,,,,,41,0,BEAR_REJECTION_PENDING,SHORT,46.0,MARGINAL,FAVORABLE,1.8333,FALLING
2026-09-18,FICO,6.0,1.7,0.032,VACUUM,171,239.0,1.16,0.022,CONVICTION,116,9.0,43,26,CHANNEL_RECLAIM_LONG,LONG,61.0,CONVICTION,FAVORABLE,53.1383,RISING
2026-09-18,HLI,6.0,1.42,0.332,CONVICTION,142,1079.0,0.73,0.171,COMPRESSION,73,136.0,66,28,BULL_BOUNCE,LONG,76.6,CONVICTION,FAVORABLE,4.2761,RISING
2026-09-18,HOG,6.0,0.12,0.122,COMPRESSION,13,261.0,0.11,0.112,COMPRESSION,11,366.0,64,21,BULL_BOUNCE_PENDING,LONG,72.2,CONVICTION,FAVORABLE,0.9808,FALLING
2026-09-18,KLAR,6.0,0.09,0.204,COMPRESSION,9,358.0,0.09,0.204,COMPRESSION,9,908.0,25,6,BEAR_REJECTION_PENDING,SHORT,50.0,MARGINAL,FAVORABLE,0.4414,FALLING
2026-09-18,INDI,6.0,0.11,0.573,COMPRESSION,11,537.0,0.05,0.26,MINOR,5,634.0,42,20,BULL_BOUNCE_PENDING,LONG,55.0,MARGINAL,FAVORABLE,0.1921,FALLING
2026-09-18,LRN,6.0,1.27,0.59,CONVICTION,128,388.0,0.37,0.172,COMPRESSION,37,830.0,78,18,BULL_BOUNCE_PENDING,LONG,59.2,MARGINAL,FAVORABLE,2.1541,FALLING
2026-09-18,MC,6.0,0.72,0.311,COMPRESSION,72,773.0,0.3,0.129,COMPRESSION,31,764.0,59,16,BULL_BOUNCE_PENDING,LONG,59.1,MARGINAL,FAVORABLE,2.3182,FALLING
2026-09-18,LABD,6.0,0.17,0.344,COMPRESSION,17,1238.0,0.09,0.182,COMPRESSION,9,694.0,55,34,BULL_BOUNCE_PENDING,LONG,67.2,CONVICTION,FAVORABLE,0.4946,RISING
2026-09-18,NCNO,6.0,0.05,0.062,MINOR,6,47.0,0.19,0.236,COMPRESSION,19,212.0,36,13,BULL_BOUNCE_PENDING,LONG,68.9,CONVICTION,FAVORABLE,0.8053,FALLING
2026-09-18,MORN,6.0,1.6,0.217,CONVICTION,160,232.0,3.52,0.478,CONVICTION,352,1327.0,71,83,BULL_BOUNCE_PENDING,LONG,50.0,MARGINAL,FAVORABLE,7.3714,NEUTRAL
2026-09-18,METU,6.0,0.39,0.246,COMPRESSION,40,1251.0,0.74,0.467,COMPRESSION,74,412.0,26,37,BULL_BOUNCE_PENDING,LONG,55.4,MARGINAL,FAVORABLE,1.5856,RISING
2026-09-18,NNE,6.0,0.325,0.31,COMPRESSION,33,1316.0,0.15,0.143,MINOR,16,330.0,22,8,BULL_BOUNCE,LONG,54.0,MARGINAL,FAVORABLE,1.0469,FALLING
2026-09-18,NTNX,6.0,1.44,0.748,VACUUM,145,198.0,1.08,0.561,CONVICTION,109,1364.0,8,50,BULL_BOUNCE_PENDING,LONG,98.8,CONVICTION,FAVORABLE,1.9258,RISING
2026-09-18,ORCU,6.0,0.3451,0.394,COMPRESSION,35,294.0,0.21,0.24,COMPRESSION,21,1324.0,26,17,BULL_BOUNCE_PENDING,LONG,75.3,CONVICTION,FAVORABLE,0.8757,FALLING
2026-09-18,ORCX,6.0,0.93,0.381,COMPRESSION,93,288.0,0.6,0.246,COMPRESSION,61,1300.0,43,22,BULL_BOUNCE_PENDING,LONG,81.3,CONVICTION,FAVORABLE,2.4422,FALLING
2026-09-18,PAYC,6.0,4.31,0.567,CONVICTION,431,96.0,3.94,0.519,CONVICTION,394,105.0,56,49,BULL_BOUNCE_PENDING,LONG,52.0,MARGINAL,FAVORABLE,7.5967,RISING
2026-09-18,PLGO,6.0,0.06,0.12,COMPRESSION,6,17.0,0.52,1.039,COMPRESSION,52,1331.0,85,30,BEAR_REJECTION_PENDING,SHORT,73.7,CONVICTION,FAVORABLE,0.5007,FALLING
2026-09-18,PCOR,6.0,0.61,0.262,COMPRESSION,61,1257.0,0.42,0.181,COMPRESSION,43,783.0,60,20,BULL_BOUNCE_PENDING,LONG,75.9,CONVICTION,FAVORABLE,2.3257,NEUTRAL
2026-09-18,PEGA,6.0,0.605,0.403,COMPRESSION,61,179.0,0.75,0.5,COMPRESSION,75,1167.0,47,33,BULL_BOUNCE_PENDING,LONG,74.3,CONVICTION,FAVORABLE,1.5014,FALLING
2026-09-18,QTWO,6.0,0.53,0.268,COMPRESSION,54,190.0,1.29,0.652,CONVICTION,129,435.0,64,32,BULL_BOUNCE_PENDING,LONG,100.0,CONVICTION,FAVORABLE,1.9794,NEUTRAL
2026-09-18,QURE,6.0,0.18,0.088,MINOR,18,31.0,15.8,7.735,CONVICTION,1580,92.0,60,26,BULL_BOUNCE_PENDING,LONG,86.3,CONVICTION,FAVORABLE,2.0427,RISING
2026-09-18,RBLX,6.0,0.13,0.056,COMPRESSION,14,676.0,1.25,0.54,CONVICTION,125,506.0,31,64,BULL_BOUNCE_PENDING,LONG,45.0,MARGINAL,FAVORABLE,2.3168,RISING
2026-09-18,RAM,6.0,0.1265,0.126,COMPRESSION,13,285.0,1.495,1.492,CONVICTION,150,689.0,35,49,BULL_BOUNCE_PENDING,LONG,55.6,MARGINAL,FAVORABLE,1.0022,RISING
2026-09-18,RNG,6.0,0.93,0.293,MINOR,94,328.0,1.19,0.374,CONVICTION,119,418.0,22,39,BULL_BOUNCE_PENDING,LONG,62.0,CONVICTION,FAVORABLE,3.1778,NEUTRAL
2026-09-18,TBBB,6.0,0.15,0.105,MINOR,15,173.0,3.45,2.421,CONVICTION,346,1006.0,13,28,BULL_BOUNCE_PENDING,LONG,53.0,MARGINAL,FAVORABLE,1.4248,NEUTRAL
2026-09-18,SKHY,6.0,3.27,0.351,VACUUM,328,498.0,1.64,0.176,CONVICTION,164,115.0,35,123,BULL_BOUNCE_PENDING,LONG,87.0,CONVICTION,FAVORABLE,9.3081,RISING
2026-09-18,SNDK,6.0,35.82,0.361,CONVICTION,3583,400.0,10.81,0.109,CONVICTION,1081,573.0,16,80,SHORT_UPPER_DIRTY,SHORT,54.8,MARGINAL,FAVORABLE,99.1883,FALLING
2026-09-18,STX,6.0,23.59,0.529,VACUUM,2359,303.0,5.66,0.127,CONVICTION,567,266.0,37,81,BULL_BOUNCE_PENDING,LONG,86.3,CONVICTION,FAVORABLE,44.61,FALLING
2026-09-18,TPG,6.0,0.17,0.091,COMPRESSION,17,263.0,0.565,0.304,COMPRESSION,57,448.0,71,44,BULL_BOUNCE_PENDING,LONG,79.8,CONVICTION,FAVORABLE,1.8614,FALLING
2026-09-18,TSLG,6.0,0.0601,0.162,MINOR,7,423.0,0.04,0.108,COMPRESSION,5,994.0,30,27,BEAR_REJECTION_PENDING,SHORT,48.2,MARGINAL,FAVORABLE,0.3707,FALLING
2026-09-18,VRNS,6.0,0.88,0.431,MINOR,89,94.0,0.515,0.252,COMPRESSION,52,338.0,5,41,BULL_BOUNCE_PENDING,LONG,76.6,CONVICTION,FAVORABLE,2.0441,NEUTRAL
2026-09-18,VLO,6.0,,,,,,4.84,0.353,CONVICTION,484,497.0,0,57,BULL_BOUNCE_PENDING,LONG,74.5,CONVICTION,FAVORABLE,13.7094,RISING
2026-09-18,WMS,6.0,1.68,0.447,CONVICTION,168,60.0,7.85,2.088,CONVICTION,785,28.0,69,4,BEAR_REJECTION_PENDING,SHORT,84.4,CONVICTION,FAVORABLE,3.76,FALLING
2026-09-18,VCX,6.0,0.71,0.318,COMPRESSION,72,899.0,0.105,0.047,MINOR,11,17.0,72,1,BEAR_REJECTION_PENDING,SHORT,46.0,MARGINAL,FAVORABLE,2.2298,FALLING
2026-09-18,WU,6.0,0.03,0.145,COMPRESSION,4,228.0,,,,,,62,0,BEAR_REJECTION_PENDING,SHORT,60.3,CONVICTION,FAVORABLE,0.2064,FALLING
2026-09-18,WDCX,6.0,0.58,0.336,COMPRESSION,58,222.0,0.29,0.168,COMPRESSION,29,556.0,21,38,BULL_BOUNCE_PENDING,LONG,48.3,MARGINAL,FAVORABLE,1.7252,FALLING
2026-09-18,XYZ,6.0,0.29,0.113,COMPRESSION,29,343.0,2.57,0.999,CONVICTION,258,552.0,44,13,BULL_BOUNCE_PENDING,LONG,75.1,CONVICTION,FAVORABLE,2.5721,FALLING
2026-09-18,YSS,6.0,0.1,0.161,COMPRESSION,10,1055.0,0.09,0.145,COMPRESSION,10,576.0,17,22,BULL_BOUNCE_PENDING,LONG,66.0,CONVICTION,FAVORABLE,0.6218,RISING
2026-09-18,AGCO,6.0,1.06,0.201,CONVICTION,107,1295.0,4.8,0.908,CONVICTION,480,143.0,70,58,BULL_BOUNCE_PENDING,LONG,83.0,CONVICTION,FAVORABLE,5.284,FALLING
2026-09-18,AGX,6.0,24.64,1.112,CONVICTION,2464,92.0,4.26,0.192,CONVICTION,427,758.0,44,20,BEAR_REJECTION_PENDING,SHORT,56.0,MARGINAL,FAVORABLE,22.1622,FALLING
2026-09-18,ALB,6.0,1.46,0.259,CONVICTION,146,436.0,3.88,0.689,CONVICTION,388,880.0,88,25,BULL_BOUNCE_PENDING,LONG,64.8,CONVICTION,FAVORABLE,5.6348,FALLING
2026-09-18,ALM,6.0,0.02,0.016,COMPRESSION,2,508.0,0.54,0.429,COMPRESSION,54,623.0,12,24,BULL_BOUNCE,LONG,49.0,MARGINAL,FAVORABLE,1.2602,FALLING
2026-09-18,ALOY,6.0,0.175,0.312,COMPRESSION,18,204.0,0.23,0.41,COMPRESSION,23,124.0,62,11,BULL_BOUNCE_PENDING,LONG,65.6,CONVICTION,FAVORABLE,0.5616,FALLING
2026-09-18,BTSG,6.0,0.82,0.374,COMPRESSION,83,330.0,0.17,0.078,COMPRESSION,18,189.0,68,9,BULL_BOUNCE_PENDING,LONG,65.7,CONVICTION,FAVORABLE,2.1904,RISING
2026-09-18,AVS,6.0,0.09,0.372,COMPRESSION,9,122.0,0.1267,0.523,COMPRESSION,13,439.0,80,60,BULL_BOUNCE_PENDING,LONG,63.0,CONVICTION,FAVORABLE,0.2422,RISING
2026-09-18,CDNL,6.0,1.12,0.463,CONVICTION,112,1085.0,2.06,0.851,CONVICTION,206,1348.0,47,7,BULL_BOUNCE_PENDING,LONG,81.6,CONVICTION,FAVORABLE,2.4193,FALLING
2026-09-18,AMDL,6.0,0.03,0.007,MINOR,4,43.0,3.74,0.811,VACUUM,375,343.0,16,79,BULL_BOUNCE_PENDING,LONG,81.8,CONVICTION,FAVORABLE,4.6138,RISING
2026-09-18,CGNX,6.0,1.29,0.644,CONVICTION,129,13.0,0.14,0.07,COMPRESSION,15,825.0,51,54,BEAR_REJECTION_PENDING,SHORT,84.4,CONVICTION,FAVORABLE,2.0041,FALLING
2026-09-18,CORT,6.0,0.55,0.113,MINOR,55,501.0,17.16,3.518,CONVICTION,1716,137.0,33,37,BULL_BOUNCE_PENDING,LONG,87.0,CONVICTION,FAVORABLE,4.8771,NEUTRAL
2026-09-18,CXW,6.0,0.005,0.004,MINOR,1,80.0,0.055,0.042,COMPRESSION,6,49.0,10,38,BULL_BOUNCE_PENDING,LONG,55.8,MARGINAL,FAVORABLE,1.2989,NEUTRAL
2026-09-18,CRS,6.0,11.86,0.691,CONVICTION,1187,693.0,1.91,0.111,CONVICTION,192,562.0,78,19,BEAR_REJECTION_PENDING,SHORT,56.0,MARGINAL,FAVORABLE,17.1732,FALLING
2026-09-18,ECG,6.0,0.98,0.198,COMPRESSION,98,901.0,1.84,0.373,CONVICTION,185,114.0,39,55,BULL_BOUNCE_PENDING,LONG,47.0,MARGINAL,FAVORABLE,4.9386,FALLING
2026-09-18,ELAN,6.0,0.875,1.195,COMPRESSION,88,1232.0,0.32,0.437,COMPRESSION,33,1084.0,43,12,BULL_BOUNCE_PENDING,LONG,64.5,CONVICTION,FAVORABLE,0.7325,FALLING
2026-09-18,ENS,6.0,4.505,0.893,CONVICTION,451,40.0,3.8,0.753,CONVICTION,380,293.0,68,30,BEAR_REJECTION_PENDING,SHORT,59.0,MARGINAL,FAVORABLE,5.0476,RISING
2026-09-18,ETON,6.0,0.07,0.028,MINOR,8,49.0,12.82,5.063,CONVICTION,1282,310.0,23,36,BULL_BOUNCE_PENDING,LONG,98.0,CONVICTION,FAVORABLE,2.5319,NEUTRAL
2026-09-18,FUL,6.0,0.6,0.424,COMPRESSION,61,440.0,0.005,0.004,MINOR,1,8.0,87,1,BULL_BOUNCE_PENDING,LONG,38.0,MARGINAL,FAVORABLE,1.4154,FALLING
2026-09-18,GENI,6.0,0.04,0.093,COMPRESSION,5,1056.0,0.01,0.023,MINOR,2,163.0,30,9,BULL_BOUNCE_PENDING,LONG,64.0,CONVICTION,FAVORABLE,0.4291,FALLING
2026-09-18,HTFL,6.0,0.67,0.26,MINOR,68,69.0,1.11,0.43,CONVICTION,111,109.0,9,52,BULL_BOUNCE_PENDING,LONG,56.0,MARGINAL,FAVORABLE,2.5809,FALLING
2026-09-18,HUT,6.0,0.93,0.127,COMPRESSION,93,187.0,1.17,0.16,CONVICTION,118,235.0,30,33,BULL_BOUNCE_PENDING,LONG,69.5,CONVICTION,FAVORABLE,7.3335,FALLING
2026-09-18,GLWG,6.0,1.8,1.266,CONVICTION,181,23.0,0.13,0.091,COMPRESSION,14,477.0,20,55,BEAR_REJECTION_PENDING,SHORT,78.8,CONVICTION,FAVORABLE,1.4218,RISING
2026-09-18,INOD,6.0,1.15,0.537,CONVICTION,115,1274.0,0.07,0.033,MINOR,8,85.0,27,44,BULL_BOUNCE_PENDING,LONG,57.0,MARGINAL,FAVORABLE,2.1408,RISING
2026-09-18,IONS,6.0,0.07,0.027,COMPRESSION,8,1440.0,0.15,0.058,COMPRESSION,16,1103.0,64,2,BULL_BOUNCE_PENDING,LONG,64.0,CONVICTION,FAVORABLE,2.6026,FALLING
2026-09-18,LFTO,6.0,0.02,0.023,COMPRESSION,3,607.0,,,,,,66,0,BEAR_REJECTION_PENDING,SHORT,50.0,MARGINAL,FAVORABLE,0.8869,FALLING
2026-09-18,LBRT,6.0,0.43,0.453,COMPRESSION,43,547.0,0.07,0.074,COMPRESSION,7,455.0,47,24,BULL_BOUNCE_PENDING,LONG,57.5,MARGINAL,FAVORABLE,0.9491,FALLING
2026-09-18,LGN,6.0,0.16,0.056,COMPRESSION,16,616.0,0.63,0.221,COMPRESSION,63,195.0,27,30,BULL_BOUNCE_PENDING,LONG,56.0,MARGINAL,FAVORABLE,2.8535,RISING
2026-09-18,MFP,6.0,0.11,0.047,COMPRESSION,12,672.0,0.09,0.038,COMPRESSION,10,485.0,37,22,BULL_BOUNCE_PENDING,LONG,64.8,CONVICTION,FAVORABLE,2.3625,RISING
2026-09-18,LQDA,6.0,1.18,0.438,CONVICTION,118,887.0,3.12,1.159,CONVICTION,312,345.0,71,18,BULL_BOUNCE_PENDING,LONG,57.5,MARGINAL,FAVORABLE,2.6915,NEUTRAL
2026-09-18,LPTH,6.0,0.13,0.174,COMPRESSION,14,1332.0,0.1,0.134,COMPRESSION,11,413.0,26,42,BULL_BOUNCE_PENDING,LONG,48.5,MARGINAL,FAVORABLE,0.7465,FALLING
2026-09-18,MOD,6.0,1.8,0.206,CONVICTION,181,62.0,3.22,0.369,CONVICTION,323,79.0,30,38,BULL_BOUNCE_PENDING,LONG,47.0,MARGINAL,FAVORABLE,8.7339,FALLING
2026-09-18,MP,6.0,0.74,0.312,COMPRESSION,74,436.0,13.68,5.761,CONVICTION,1368,516.0,63,18,BULL_BOUNCE_PENDING,LONG,96.5,CONVICTION,FAVORABLE,2.3745,FALLING
2026-09-18,MPWR,6.0,25.54,0.621,CONVICTION,2555,38.0,9.86,0.24,CONVICTION,986,602.0,57,55,BULL_BOUNCE_PENDING,LONG,62.0,CONVICTION,FAVORABLE,41.1173,FALLING
2026-09-18,NMAX,6.0,0.14,0.244,COMPRESSION,15,906.0,0.405,0.705,COMPRESSION,41,416.0,42,36,BULL_BOUNCE_PENDING,LONG,48.1,MARGINAL,FAVORABLE,0.5748,NEUTRAL
2026-09-18,MXL,6.0,3.255,0.622,VACUUM,326,19.0,1.1,0.21,CONVICTION,111,680.0,3,76,BULL_BOUNCE_PENDING,LONG,91.3,CONVICTION,FAVORABLE,5.2323,RISING
2026-09-18,NUVB,6.0,0.005,0.016,COMPRESSION,1,1234.0,0.01,0.032,MINOR,1,1335.0,53,23,BEAR_REJECTION_PENDING,SHORT,56.5,MARGINAL,FAVORABLE,0.312,FALLING
2026-09-18,NRG,6.0,3.46,0.825,CONVICTION,346,538.0,3.24,0.773,CONVICTION,325,224.0,90,7,BULL_BOUNCE_PENDING,LONG,73.2,CONVICTION,FAVORABLE,4.1917,FALLING
2026-09-18,PINS,6.0,0.2,0.228,COMPRESSION,20,975.0,0.05,0.057,MINOR,6,57.0,53,2,BULL_BOUNCE_PENDING,LONG,56.0,MARGINAL,FAVORABLE,0.8753,RISING
2026-09-18,PLTD,6.0,0.05,0.239,COMPRESSION,5,360.0,0.0175,0.083,COMPRESSION,2,33.0,28,5,BEAR_REJECTION_PENDING,SHORT,57.5,MARGINAL,FAVORABLE,0.2096,FALLING
2026-09-18,PRIM,6.0,2.02,0.678,VACUUM,202,574.0,1.11,0.373,CONVICTION,111,176.0,24,24,BULL_BOUNCE,LONG,73.5,CONVICTION,FAVORABLE,2.9777,RISING
2026-09-18,POWL,6.0,0.21,0.027,COMPRESSION,22,61.0,1.23,0.156,CONVICTION,123,329.0,34,57,BUY_LOWER_DIRTY,LONG,34.1,MARGINAL,FAVORABLE,7.9007,RISING
2026-09-18,PTGX,6.0,0.3,0.057,MINOR,31,352.0,1.51,0.287,VACUUM,151,361.0,59,37,BULL_BOUNCE,LONG,55.0,MARGINAL,FAVORABLE,5.2694,FALLING
2026-09-18,SGML,6.0,1.615,2.088,CONVICTION,162,1051.0,1.13,1.461,CONVICTION,114,872.0,54,20,CHANNEL_BREAKOUT,LONG,53.0,MARGINAL,FAVORABLE,0.7733,FALLING
2026-09-18,SEI,6.0,1.27,0.287,CONVICTION,127,193.0,6.85,1.549,CONVICTION,686,1006.0,14,57,BULL_BOUNCE_PENDING,LONG,81.9,CONVICTION,FAVORABLE,4.4214,RISING
2026-09-18,SITM,6.0,19.73,0.514,CONVICTION,1974,43.0,19.84,0.517,CONVICTION,1984,429.0,28,62,BEAR_REJECTION_PENDING,SHORT,79.0,CONVICTION,FAVORABLE,38.3547,FALLING
2026-09-18,SUNB,6.0,1.9,0.579,CONVICTION,190,683.0,2.5,0.761,CONVICTION,250,873.0,33,36,BULL_BOUNCE_PENDING,LONG,80.0,CONVICTION,FAVORABLE,3.2832,RISING
2026-09-18,SMTC,6.0,0.255,0.023,MINOR,26,60.0,3.725,0.332,CONVICTION,373,90.0,1,55,BULL_BOUNCE_PENDING,LONG,88.2,CONVICTION,FAVORABLE,11.213,RISING
2026-09-18,TGTX,6.0,0.09,0.039,MINOR,10,290.0,0.62,0.267,COMPRESSION,62,147.0,6,40,BULL_BOUNCE_PENDING,LONG,52.1,MARGINAL,FAVORABLE,2.3209,NEUTRAL
2026-09-18,VIRT,6.0,0.11,0.054,COMPRESSION,11,498.0,0.8,0.393,COMPRESSION,80,845.0,56,31,BULL_BOUNCE_PENDING,LONG,68.1,CONVICTION,FAVORABLE,2.035,FALLING
2026-09-18,WING,6.0,0.345,0.051,COMPRESSION,35,36.0,0.2992,0.045,MINOR,30,164.0,32,11,SHORT_UPPER_DIRTY,SHORT,44.7,MARGINAL,FAVORABLE,6.7175,NEUTRAL
2026-09-18,VICR,6.0,2.3,0.165,CONVICTION,231,77.0,18.55,1.33,CONVICTION,1856,381.0,23,39,BULL_BOUNCE_PENDING,LONG,40.0,MARGINAL,FAVORABLE,13.9521,RISING
2026-09-18,WWD,6.0,10.67,1.116,CONVICTION,1068,238.0,1.4,0.146,CONVICTION,140,211.0,75,22,BULL_BOUNCE_PENDING,LONG,40.0,MARGINAL,FAVORABLE,9.5625,FALLING
2026-09-18,CALM,6.0,0.44,0.229,COMPRESSION,44,871.0,0.44,0.229,COMPRESSION,45,221.0,76,2,BULL_BOUNCE_PENDING,LONG,59.9,MARGINAL,FAVORABLE,1.9182,RISING
2026-09-18,GPK,6.0,0.11,0.273,COMPRESSION,11,880.0,0.03,0.074,COMPRESSION,4,374.0,52,6,BULL_BOUNCE_PENDING,LONG,51.8,MARGINAL,FAVORABLE,0.4031,RISING
2026-09-18,NXT,6.0,2.24,0.55,CONVICTION,224,35.0,1.07,0.263,CONVICTION,108,775.0,44,35,BEAR_REJECTION_PENDING,SHORT,53.7,MARGINAL,FAVORABLE,4.0746,FALLING
2026-09-18,ZIM,6.0,0.03,0.039,MINOR,4,63.0,7.07,9.193,CONVICTION,707,256.0,21,100,BULL_BOUNCE_PENDING,LONG,78.6,CONVICTION,FAVORABLE,0.7691,RISING
2026-09-18,AEIS,6.0,20.1,1.542,CONVICTION,2011,245.0,9.36,0.718,CONVICTION,936,517.0,43,47,BULL_BOUNCE_PENDING,LONG,52.0,MARGINAL,FAVORABLE,13.0371,RISING
2026-09-18,CAPR,6.0,0.06,0.078,COMPRESSION,7,850.0,1.16,1.514,CONVICTION,116,1137.0,40,44,BULL_BOUNCE,LONG,68.1,CONVICTION,FAVORABLE,0.7661,NEUTRAL
2026-09-18,ACMR,6.0,2.16,0.524,CONVICTION,216,1297.0,1.63,0.395,CONVICTION,163,1009.0,29,37,BULL_BOUNCE_PENDING,LONG,75.2,CONVICTION,FAVORABLE,4.1253,FALLING
2026-09-18,AA,6.0,1.01,0.529,CONVICTION,101,508.0,0.08,0.042,COMPRESSION,8,699.0,95,13,BULL_BOUNCE_PENDING,LONG,82.0,CONVICTION,FAVORABLE,1.9105,FALLING
2026-09-18,CGON,6.0,1.18,0.422,VACUUM,119,824.0,0.56,0.2,MINOR,57,886.0,18,34,BULL_BOUNCE_PENDING,LONG,76.9,CONVICTION,FAVORABLE,2.7983,RISING
2026-09-18,CBRL,6.0,0.01,0.004,COMPRESSION,1,192.0,7.2,3.164,CONVICTION,721,178.0,40,9,BULL_BOUNCE_PENDING,LONG,59.3,MARGINAL,FAVORABLE,2.2755,NEUTRAL
2026-09-18,AIR,6.0,2.98,0.61,CONVICTION,299,1016.0,0.47,0.096,COMPRESSION,47,1232.0,79,19,BULL_BOUNCE_PENDING,LONG,89.4,CONVICTION,FAVORABLE,4.8861,FALLING
2026-09-18,ARGX,6.0,5.1,0.219,CONVICTION,511,89.0,59.78,2.565,CONVICTION,5979,697.0,52,44,CHANNEL_RECLAIM_LONG,LONG,61.0,CONVICTION,FAVORABLE,23.3061,RISING
2026-09-18,DAN,6.0,0.53,0.537,COMPRESSION,53,262.0,0.29,0.294,COMPRESSION,29,349.0,70,27,BULL_BOUNCE_PENDING,LONG,58.4,MARGINAL,FAVORABLE,0.9862,FALLING
2026-09-18,CHRD,6.0,0.76,0.163,COMPRESSION,76,32.0,0.86,0.185,COMPRESSION,87,329.0,46,59,BEAR_REJECTION_PENDING,SHORT,52.7,MARGINAL,FAVORABLE,4.6488,RISING
2026-09-18,DFTX,6.0,0.01,0.005,MINOR,1,69.0,11.87,5.945,CONVICTION,1187,452.0,34,25,BULL_BOUNCE_PENDING,LONG,53.0,MARGINAL,FAVORABLE,1.9968,NEUTRAL
2026-09-18,CRDO,6.0,17.995,1.4,CONVICTION,1800,942.0,2.46,0.191,CONVICTION,247,75.0,5,52,BEAR_REJECTION_PENDING,SHORT,61.0,CONVICTION,FAVORABLE,12.853,RISING
2026-09-18,FDMT,6.0,0.05,0.056,MINOR,6,143.0,0.17,0.189,MINOR,17,713.0,15,34,BULL_BOUNCE_PENDING,LONG,54.0,MARGINAL,FAVORABLE,0.8977,NEUTRAL
2026-09-18,EYPT,6.0,0.06,0.18,COMPRESSION,6,1364.0,0.05,0.15,MINOR,5,1061.0,24,20,BULL_BOUNCE_PENDING,LONG,66.3,CONVICTION,FAVORABLE,0.3336,FALLING
2026-09-18,ICLR,6.0,0.18,0.028,COMPRESSION,19,270.0,5.12,0.8,CONVICTION,513,1045.0,55,19,BULL_BOUNCE_PENDING,LONG,79.5,CONVICTION,FAVORABLE,6.3975,RISING
2026-09-18,FIX,6.0,21.62,0.334,CONVICTION,2162,41.0,17.79,0.275,CONVICTION,1779,1400.0,53,53,BEAR_REJECTION_PENDING,SHORT,53.7,MARGINAL,FAVORABLE,64.6849,FALLING
2026-09-18,MEDP,6.0,1.53,0.112,VACUUM,154,66.0,5.04,0.369,CONVICTION,504,252.0,23,49,SHORT_UPPER_DIRTY,SHORT,46.3,MARGINAL,FAVORABLE,13.6478,NEUTRAL
2026-09-18,PPC,6.0,0.32,0.366,COMPRESSION,33,460.0,0.09,0.103,COMPRESSION,9,1014.0,27,25,BULL_BOUNCE_PENDING,LONG,69.2,CONVICTION,FAVORABLE,0.8734,NEUTRAL
2026-09-18,OII,6.0,0.68,0.358,COMPRESSION,69,1057.0,0.35,0.184,COMPRESSION,36,129.0,69,36,BULL_BOUNCE_PENDING,LONG,59.8,MARGINAL,FAVORABLE,1.8983,NEUTRAL
2026-09-18,PWR,6.0,5.09,0.238,CONVICTION,509,691.0,4.0,0.187,VACUUM,400,952.0,51,51,BULL_BOUNCE_PENDING,LONG,57.0,MARGINAL,FAVORABLE,21.3849,RISING
2026-09-18,RVMD,6.0,0.27,0.037,COMPRESSION,28,714.0,0.44,0.061,COMPRESSION,44,1001.0,73,15,BULL_BOUNCE_PENDING,LONG,68.0,CONVICTION,FAVORABLE,7.2094,NEUTRAL
2026-09-18,SBLK,6.0,0.0399,0.045,MINOR,4,68.0,0.35,0.394,COMPRESSION,36,77.0,1,96,BULL_BOUNCE_PENDING,LONG,65.4,CONVICTION,FAVORABLE,0.8892,NEUTRAL
2026-09-18,WETO,6.0,0.06,0.043,COMPRESSION,7,876.0,0.005,0.004,MINOR,1,121.0,13,8,BULL_BOUNCE_PENDING,LONG,58.0,MARGINAL,FAVORABLE,1.4035,NEUTRAL
2026-09-18,WFF,6.0,0.025,0.106,MINOR,3,66.0,0.01,0.042,MINOR,2,442.0,1,15,BULL_BOUNCE_PENDING,LONG,53.4,MARGINAL,FAVORABLE,0.2365,NEUTRAL
2026-09-18,TER,6.0,0.6,0.032,MINOR,60,294.0,6.11,0.322,VACUUM,612,62.0,38,78,BUY_LOWER_DIRTY,LONG,48.4,MARGINAL,FAVORABLE,18.9958,RISING
2026-09-18,WMG,6.0,0.03,0.035,COMPRESSION,3,62.0,0.1,0.115,COMPRESSION,10,428.0,36,41,BEAR_REJECTION_PENDING,SHORT,84.6,CONVICTION,FAVORABLE,0.8671,FALLING
2026-09-18,FAMI,6.0,0.0002,0.004,MINOR,1,681.0,0.0004,0.008,MINOR,1,1387.0,18,7,BULL_BOUNCE_PENDING,LONG,50.0,MARGINAL,FAVORABLE,0.0477,NEUTRAL
2026-09-18,YPF,6.0,0.89,0.451,MINOR,90,428.0,0.98,0.497,COMPRESSION,99,196.0,20,69,BULL_BOUNCE_PENDING,LONG,70.5,CONVICTION,FAVORABLE,1.9724,RISING
2026-09-18,VRSK,6.0,2.77,0.422,CONVICTION,278,519.0,4.415,0.673,CONVICTION,442,144.0,106,32,BULL_BOUNCE_PENDING,LONG,87.7,CONVICTION,FAVORABLE,6.5627,RISING
2026-09-18,ACAD,6.0,0.06,0.079,COMPRESSION,6,769.0,0.09,0.118,COMPRESSION,9,376.0,79,35,BULL_BOUNCE_PENDING,LONG,54.0,MARGINAL,FAVORABLE,0.7602,NEUTRAL
2026-09-18,BBIO,6.0,1.24,0.499,CONVICTION,125,1045.0,1.45,0.583,CONVICTION,146,1446.0,79,7,BEAR_REJECTION_PENDING,SHORT,64.8,CONVICTION,FAVORABLE,2.4872,FALLING
2026-09-18,CDTG,6.0,0.08,0.381,MINOR,9,81.0,0.0098,0.047,MINOR,1,324.0,27,9,BULL_BOUNCE,LONG,63.0,CONVICTION,FAVORABLE,0.2097,NEUTRAL
2026-09-18,BOIL,6.0,0.55,0.576,COMPRESSION,55,478.0,0.35,0.366,COMPRESSION,35,148.0,15,39,BEAR_REJECTION_PENDING,SHORT,56.0,MARGINAL,FAVORABLE,0.955,NEUTRAL
2026-09-18,CHWY,6.0,1.42,1.293,CONVICTION,142,405.0,0.45,0.41,COMPRESSION,45,952.0,24,31,BULL_BOUNCE_PENDING,LONG,51.0,MARGINAL,FAVORABLE,1.098,FALLING
2026-09-18,DOO,6.0,0.25,0.1,COMPRESSION,25,512.0,0.44,0.176,COMPRESSION,44,308.0,103,5,BULL_BOUNCE_PENDING,LONG,76.8,CONVICTION,FAVORABLE,2.4962,FALLING
2026-09-18,CORD,6.0,0.34,0.882,COMPRESSION,35,980.0,0.43,1.116,COMPRESSION,43,418.0,13,30,CHANNEL_RECLAIM_LONG,LONG,61.0,CONVICTION,FAVORABLE,0.3853,RISING
2026-09-18,HSAI,6.0,0.29,0.368,COMPRESSION,29,356.0,0.025,0.032,MINOR,3,596.0,102,17,CHANNEL_GAP_BREAKDOWN_SHORT,SHORT,67.7,CONVICTION,FAVORABLE,0.7876,FALLING
2026-09-18,LEGN,6.0,0.21,0.225,COMPRESSION,22,1171.0,0.05,0.053,COMPRESSION,6,530.0,44,20,BEAR_REJECTION_PENDING,SHORT,56.2,MARGINAL,FAVORABLE,0.9351,FALLING
2026-09-18,MAN,6.0,1.44,0.617,CONVICTION,144,646.0,0.99,0.424,COMPRESSION,99,608.0,64,29,BEAR_REJECTION_PENDING,SHORT,52.7,MARGINAL,FAVORABLE,2.3344,NEUTRAL
2026-09-18,MNST,6.0,0.35,0.405,COMPRESSION,36,360.0,3.8925,4.506,CONVICTION,390,590.0,49,27,BULL_BOUNCE_PENDING,LONG,37.0,MARGINAL,FAVORABLE,0.8639,RISING
2026-09-18,MTCH,6.0,0.06,0.046,MINOR,7,57.0,0.42,0.321,COMPRESSION,43,62.0,20,64,BULL_BOUNCE_PENDING,LONG,70.0,CONVICTION,FAVORABLE,1.3079,RISING
2026-09-18,OCUL,6.0,0.06,0.108,COMPRESSION,7,958.0,0.01,0.018,COMPRESSION,1,909.0,35,34,BULL_BOUNCE,LONG,72.2,CONVICTION,FAVORABLE,0.5561,NEUTRAL
2026-09-18,PLNT,6.0,0.59,0.372,COMPRESSION,59,601.0,0.075,0.047,MINOR,8,1200.0,43,14,BEAR_REJECTION_PENDING,SHORT,68.3,CONVICTION,FAVORABLE,1.5857,NEUTRAL
2026-09-18,PODD,6.0,0.09,0.018,COMPRESSION,10,466.0,1.655,0.326,VACUUM,166,512.0,35,25,BULL_BOUNCE_PENDING,LONG,90.7,CONVICTION,FAVORABLE,5.0837,RISING
2026-09-18,RBA,6.0,0.42,0.188,COMPRESSION,43,1289.0,0.58,0.26,COMPRESSION,58,215.0,32,25,BEAR_REJECTION_PENDING,SHORT,75.6,CONVICTION,FAVORABLE,2.2303,RISING
2026-09-18,ROIV,6.0,0.01,0.006,MINOR,1,215.0,5.05,2.929,CONVICTION,505,73.0,16,23,BULL_BOUNCE_PENDING,LONG,87.0,CONVICTION,FAVORABLE,1.7243,RISING
2026-09-18,SRRK,6.0,1.0,0.361,CONVICTION,100,351.0,1.41,0.509,VACUUM,142,410.0,65,13,BEAR_REJECTION_PENDING,SHORT,69.7,CONVICTION,FAVORABLE,2.7711,FALLING
2026-09-18,SYRE,6.0,13.755,3.496,CONVICTION,1376,227.0,0.78,0.198,COMPRESSION,78,1088.0,42,28,BULL_BOUNCE_PENDING,LONG,70.2,CONVICTION,FAVORABLE,3.9345,RISING
2026-09-18,SXTC,6.0,0.031,0.083,MINOR,4,820.0,0.069,0.185,MINOR,7,697.0,18,30,BULL_BOUNCE_CONFIRMED,LONG,74.8,CONVICTION,FAVORABLE,0.3727,RISING
2026-09-18,TDC,6.0,1.24,1.321,VACUUM,124,389.0,0.48,0.511,COMPRESSION,49,163.0,11,41,BEAR_REJECTION_PENDING,SHORT,58.8,MARGINAL,FAVORABLE,0.9389,RISING
2026-09-18,TNON,6.0,0.0499,0.038,MINOR,5,192.0,0.0097,0.007,MINOR,1,1145.0,26,7,BULL_BOUNCE_PENDING,LONG,59.0,MARGINAL,FAVORABLE,1.3046,RISING
2026-09-18,XENE,6.0,13.33,4.907,CONVICTION,1333,787.0,1.88,0.692,CONVICTION,189,1181.0,9,7,BULL_BOUNCE_PENDING,LONG,81.7,CONVICTION,FAVORABLE,2.7167,FALLING
2026-09-18,ALH,6.0,0.08,0.117,COMPRESSION,8,35.0,0.04,0.059,COMPRESSION,4,809.0,47,26,BULL_BOUNCE_PENDING,LONG,51.1,MARGINAL,FAVORABLE,0.6836,FALLING
2026-09-18,ACM,6.0,0.02,0.01,COMPRESSION,3,170.0,0.025,0.013,MINOR,3,11.0,40,2,BEAR_REJECTION_PENDING,SHORT,63.5,CONVICTION,FAVORABLE,1.9857,FALLING
2026-09-18,BRSL,6.0,0.06,0.186,COMPRESSION,7,493.0,0.15,0.464,MINOR,16,5.0,57,7,BEAR_REJECTION_PENDING,SHORT,60.2,CONVICTION,FAVORABLE,0.3232,FALLING
2026-09-18,ZSL,6.0,0.48,0.337,COMPRESSION,49,317.0,0.53,0.373,COMPRESSION,54,1028.0,70,45,BULL_BOUNCE_PENDING,LONG,44.0,MARGINAL,FAVORABLE,1.4225,RISING
2026-09-18,AMR,6.0,7.39,0.636,CONVICTION,739,153.0,4.48,0.385,CONVICTION,448,43.0,52,32,BEAR_REJECTION_PENDING,SHORT,56.0,MARGINAL,FAVORABLE,11.625,FALLING
2026-09-18,AEM,6.0,0.71,0.097,COMPRESSION,72,62.0,1.54,0.211,CONVICTION,154,525.0,61,63,BULL_BOUNCE_PENDING,LONG,63.0,CONVICTION,FAVORABLE,7.3067,FALLING
2026-09-18,ARCT,6.0,0.06,0.04,MINOR,6,292.0,0.19,0.127,COMPRESSION,20,152.0,30,43,BULL_BOUNCE_PENDING,LONG,58.0,MARGINAL,FAVORABLE,1.5011,NEUTRAL
2026-09-18,ARE,6.0,0.74,0.386,COMPRESSION,74,1350.0,0.18,0.094,COMPRESSION,18,201.0,17,48,BEAR_REJECTION_PENDING,SHORT,45.3,MARGINAL,FAVORABLE,1.9148,RISING
2026-09-18,ATAT,6.0,0.73,0.712,MINOR,73,44.0,1.12,1.093,CONVICTION,112,794.0,33,12,BULL_BOUNCE_PENDING,LONG,93.0,CONVICTION,FAVORABLE,1.0246,RISING
2026-09-18,ARKB,6.0,0.59,0.716,COMPRESSION,59,874.0,1.45,1.759,CONVICTION,145,452.0,29,74,BULL_BOUNCE_PENDING,LONG,81.3,CONVICTION,FAVORABLE,0.8242,FALLING
2026-09-18,BAH,6.0,0.08,0.034,COMPRESSION,8,143.0,1.675,0.705,CONVICTION,168,16.0,58,74,BULL_BOUNCE_PENDING,LONG,81.6,CONVICTION,FAVORABLE,2.3748,RISING
2026-09-18,AU,6.0,2.67,0.727,CONVICTION,268,66.0,2.47,0.673,CONVICTION,247,229.0,97,40,BULL_BOUNCE_PENDING,LONG,70.1,CONVICTION,FAVORABLE,3.6711,FALLING
2026-09-18,BITB,6.0,1.0,0.745,CONVICTION,100,860.0,2.37,1.766,CONVICTION,237,456.0,35,75,BULL_BOUNCE_PENDING,LONG,78.5,CONVICTION,FAVORABLE,1.3419,RISING
2026-09-18,BITO,6.0,0.255,0.742,COMPRESSION,26,1204.0,0.6,1.746,COMPRESSION,60,397.0,16,77,BULL_BOUNCE_PENDING,LONG,78.9,CONVICTION,FAVORABLE,0.3436,FALLING
2026-09-18,BITU,6.0,0.71,0.813,COMPRESSION,72,220.0,1.42,1.626,CONVICTION,142,682.0,15,55,BULL_BOUNCE_PENDING,LONG,78.9,CONVICTION,FAVORABLE,0.8733,FALLING
2026-09-18,BOOT,6.0,2.48,0.416,CONVICTION,248,1463.0,0.01,0.002,COMPRESSION,2,832.0,22,25,DCB_BREAKOUT,LONG,40.5,MARGINAL,FAVORABLE,5.9607,FALLING
2026-09-18,BITX,6.0,0.94,0.828,COMPRESSION,95,54.0,1.82,1.603,CONVICTION,183,703.0,12,64,BULL_BOUNCE_PENDING,LONG,79.2,CONVICTION,FAVORABLE,1.1357,FALLING
2026-09-18,BMNU,6.0,0.109,0.038,MINOR,11,38.0,1.34,0.468,CONVICTION,134,610.0,19,41,BULL_BOUNCE_PENDING,LONG,96.3,CONVICTION,FAVORABLE,2.8622,RISING
2026-09-18,CNXC,6.0,0.285,0.141,COMPRESSION,29,63.0,0.14,0.069,COMPRESSION,15,839.0,20,28,BULL_BOUNCE_PENDING,LONG,70.6,CONVICTION,FAVORABLE,2.0158,FALLING
2026-09-18,COCO,6.0,0.01,0.004,COMPRESSION,1,1069.0,0.9738,0.413,MINOR,98,215.0,40,10,BULL_BOUNCE_PENDING,LONG,57.1,MARGINAL,FAVORABLE,2.3596,RISING
2026-09-18,BTC,6.0,0.83,0.755,COMPRESSION,83,854.0,0.72,0.655,COMPRESSION,72,325.0,19,68,BULL_BOUNCE_PENDING,LONG,79.0,CONVICTION,FAVORABLE,1.0996,FALLING
2026-09-18,CWK,6.0,0.06,0.118,COMPRESSION,7,435.0,0.05,0.098,COMPRESSION,5,638.0,56,7,BULL_BOUNCE_PENDING,LONG,69.0,CONVICTION,FAVORABLE,0.5096,FALLING
2026-09-18,BSOL,6.0,0.52,0.789,COMPRESSION,52,633.0,0.7,1.062,COMPRESSION,70,1397.0,9,89,BULL_BOUNCE_PENDING,LONG,86.2,CONVICTION,FAVORABLE,0.6589,RISING
2026-09-18,CRSP,6.0,0.97,0.389,COMPRESSION,97,1151.0,0.05,0.02,COMPRESSION,5,1500.0,19,94,BULL_BOUNCE_PENDING,LONG,92.3,CONVICTION,FAVORABLE,2.4955,RISING
2026-09-18,EFX,6.0,0.52,0.076,COMPRESSION,53,322.0,0.29,0.042,COMPRESSION,29,12.0,54,27,BULL_BOUNCE_PENDING,LONG,56.0,MARGINAL,FAVORABLE,6.8449,FALLING
2026-09-18,DLO,6.0,0.075,0.166,COMPRESSION,8,7.0,0.615,1.364,COMPRESSION,62,466.0,54,30,BEAR_REJECTION_PENDING,SHORT,57.7,MARGINAL,FAVORABLE,0.4508,NEUTRAL
2026-09-18,EL,6.0,0.28,0.095,COMPRESSION,29,359.0,0.72,0.243,MINOR,72,1334.0,41,16,BULL_BOUNCE_PENDING,LONG,67.0,CONVICTION,FAVORABLE,2.9605,FALLING
2026-09-18,EPAM,6.0,0.28,0.059,COMPRESSION,29,190.0,0.8,0.167,COMPRESSION,80,391.0,90,40,BULL_BOUNCE_PENDING,LONG,73.3,CONVICTION,FAVORABLE,4.7794,NEUTRAL
2026-09-18,ETHA,6.0,0.41,0.547,COMPRESSION,42,1169.0,0.41,0.547,COMPRESSION,42,318.0,7,69,BULL_BOUNCE_PENDING,LONG,74.3,CONVICTION,FAVORABLE,0.7489,RISING
2026-09-18,ETH,6.0,0.51,0.546,COMPRESSION,51,1054.0,0.52,0.557,COMPRESSION,52,308.0,9,86,BULL_BOUNCE_PENDING,LONG,78.8,CONVICTION,FAVORABLE,0.9339,FALLING
2026-09-18,ETHE,6.0,0.442,0.562,COMPRESSION,45,1346.0,0.43,0.547,COMPRESSION,43,318.0,5,71,BULL_BOUNCE_PENDING,LONG,72.3,CONVICTION,FAVORABLE,0.786,RISING
2026-09-18,ETHT,6.0,1.77,1.315,CONVICTION,177,359.0,0.73,0.542,COMPRESSION,74,578.0,11,82,BULL_BOUNCE_PENDING,LONG,80.2,CONVICTION,FAVORABLE,1.3458,FALLING
2026-09-18,G,6.0,0.53,0.482,COMPRESSION,54,689.0,0.36,0.327,COMPRESSION,36,813.0,87,33,BEAR_REJECTION_PENDING,SHORT,61.9,CONVICTION,FAVORABLE,1.0996,FALLING
2026-09-18,ETHU,6.0,11.27,5.301,CONVICTION,1127,931.0,1.1,0.517,CONVICTION,110,601.0,11,66,BULL_BOUNCE_PENDING,LONG,96.6,CONVICTION,FAVORABLE,2.1261,RISING
2026-09-18,FBTC,6.0,1.58,0.728,CONVICTION,158,868.0,1.43,0.659,CONVICTION,143,325.0,26,91,BULL_BOUNCE_PENDING,LONG,92.7,CONVICTION,FAVORABLE,2.1712,FALLING
2026-09-18,FETH,6.0,0.51,0.522,COMPRESSION,52,1182.0,0.55,0.562,COMPRESSION,56,311.0,9,97,BULL_BOUNCE_PENDING,LONG,78.8,CONVICTION,FAVORABLE,0.9779,FALLING
2026-09-18,GPI,6.0,1.75,0.149,CONVICTION,175,149.0,0.19,0.016,MINOR,19,9.0,106,1,BEAR_REJECTION_PENDING,SHORT,52.7,MARGINAL,FAVORABLE,11.7561,FALLING
2026-09-18,GBTC,6.0,1.45,0.753,CONVICTION,145,955.0,1.24,0.644,CONVICTION,125,325.0,34,79,BULL_BOUNCE_PENDING,LONG,92.7,CONVICTION,FAVORABLE,1.9257,FALLING
2026-09-18,IBIT,6.0,1.015,0.706,CONVICTION,102,865.0,2.47,1.719,CONVICTION,247,450.0,11,64,CHANNEL_GAP_BREAKOUT_LONG,LONG,87.0,CONVICTION,FAVORABLE,1.4368,FALLING
2026-09-18,IMNM,6.0,0.02,0.019,COMPRESSION,3,432.0,0.19,0.179,COMPRESSION,19,1473.0,64,19,BULL_BOUNCE_PENDING,LONG,67.2,CONVICTION,FAVORABLE,1.0639,FALLING
2026-09-18,LPX,6.0,0.555,0.251,COMPRESSION,56,273.0,0.02,0.009,MINOR,2,34.0,32,5,BEAR_REJECTION_PENDING,SHORT,57.1,MARGINAL,FAVORABLE,2.207,FALLING
2026-09-18,MRNX,6.0,0.05,0.004,MINOR,6,677.0,8.11,0.727,CONVICTION,811,192.0,25,40,BULL_BOUNCE_PENDING,LONG,49.0,MARGINAL,FAVORABLE,11.1612,RISING
2026-09-18,JNUG,6.0,4.855,0.346,CONVICTION,486,177.0,17.0,1.211,CONVICTION,1700,817.0,89,65,BULL_BOUNCE_PENDING,LONG,51.0,MARGINAL,FAVORABLE,14.0376,FALLING
2026-09-18,KOLD,6.0,15.39,11.285,CONVICTION,1539,459.0,1.02,0.748,VACUUM,102,399.0,68,19,BULL_BOUNCE_PENDING,LONG,77.5,CONVICTION,FAVORABLE,1.3638,RISING
2026-09-18,MRNY,6.0,0.15,0.084,MINOR,16,194.0,0.25,0.14,COMPRESSION,25,129.0,46,46,BULL_BOUNCE_PENDING,LONG,61.9,CONVICTION,FAVORABLE,1.7865,NEUTRAL
2026-09-18,MRVI,6.0,0.06,0.179,COMPRESSION,6,737.0,0.977,2.918,COMPRESSION,98,486.0,43,37,BULL_BOUNCE_PENDING,LONG,50.0,MARGINAL,FAVORABLE,0.3348,NEUTRAL
2026-09-18,MSTU,6.0,1.15,0.254,CONVICTION,116,1202.0,0.025,0.006,MINOR,3,112.0,5,18,BEAR_REJECTION_PENDING,SHORT,59.3,MARGINAL,FAVORABLE,4.5222,FALLING
2026-09-18,NG,6.0,0.19,0.42,COMPRESSION,20,21.0,0.32,0.707,COMPRESSION,33,884.0,51,30,BULL_BOUNCE_PENDING,LONG,51.0,MARGINAL,FAVORABLE,0.4526,FALLING
2026-09-18,MSTY,6.0,0.19,0.208,MINOR,19,1193.0,0.4,0.437,COMPRESSION,40,606.0,10,56,BULL_BOUNCE_PENDING,LONG,76.7,CONVICTION,FAVORABLE,0.9144,FALLING
2026-09-18,NTLA,6.0,11.83,20.253,CONVICTION,1183,1273.0,0.5,0.856,COMPRESSION,50,156.0,23,41,BULL_BOUNCE_PENDING,LONG,63.5,CONVICTION,FAVORABLE,0.5841,FALLING
2026-09-18,NVCR,6.0,0.03,0.038,MINOR,4,78.0,0.36,0.453,COMPRESSION,36,48.0,36,48,BULL_BOUNCE_PENDING,LONG,62.9,CONVICTION,FAVORABLE,0.7943,RISING
2026-09-18,PGR,6.0,2.07,0.544,CONVICTION,207,1169.0,2.9,0.762,CONVICTION,291,692.0,65,12,BEAR_REJECTION_PENDING,SHORT,81.2,CONVICTION,FAVORABLE,3.8075,NEUTRAL
2026-09-18,SEDG,6.0,0.33,0.126,COMPRESSION,33,138.0,1.03,0.392,VACUUM,103,1134.0,38,6,BULL_BOUNCE_PENDING,LONG,77.0,CONVICTION,FAVORABLE,2.6267,RISING
2026-09-18,TGT,6.0,0.69,0.187,COMPRESSION,69,302.0,3.03,0.819,CONVICTION,304,620.0,46,45,BULL_BOUNCE_PENDING,LONG,83.8,CONVICTION,FAVORABLE,3.6982,RISING
2026-09-18,TKO,6.0,2.79,0.488,CONVICTION,279,1058.0,0.92,0.161,COMPRESSION,93,1305.0,49,18,BULL_BOUNCE_PENDING,LONG,88.6,CONVICTION,FAVORABLE,5.7156,NEUTRAL
2026-09-18,SG,6.0,0.15,0.337,COMPRESSION,16,1445.0,0.04,0.09,COMPRESSION,5,204.0,19,45,BULL_BOUNCE_PENDING,LONG,50.2,MARGINAL,FAVORABLE,0.445,RISING
2026-09-18,TRI,6.0,0.53,0.121,COMPRESSION,53,970.0,1.13,0.259,CONVICTION,113,1177.0,62,36,BULL_BOUNCE_PENDING,LONG,97.1,CONVICTION,FAVORABLE,4.3661,FALLING
2026-09-18,VKTX,6.0,0.28,0.197,COMPRESSION,29,1049.0,0.72,0.508,MINOR,72,537.0,75,2,BULL_BOUNCE_PENDING,LONG,71.5,CONVICTION,FAVORABLE,1.4185,FALLING
2026-09-18,WPM,6.0,3.065,0.54,CONVICTION,307,59.0,1.15,0.203,CONVICTION,116,986.0,47,55,BEAR_REJECTION_PENDING,SHORT,72.5,CONVICTION,FAVORABLE,5.6733,NEUTRAL
2026-09-18,WRBY,6.0,0.02,0.016,COMPRESSION,2,163.0,0.04,0.032,COMPRESSION,5,565.0,43,1,BULL_BOUNCE_PENDING,LONG,70.5,CONVICTION,FAVORABLE,1.2513,RISING
2026-09-18,SKHZ,6.0,0.1,0.186,COMPRESSION,11,119.0,0.15,0.28,MINOR,16,377.0,111,53,BULL_BOUNCE_PENDING,LONG,77.7,CONVICTION,FAVORABLE,0.5362,NEUTRAL
2026-09-18,XNCR,6.0,0.21,0.165,COMPRESSION,21,218.0,0.38,0.299,COMPRESSION,38,136.0,30,31,BULL_BOUNCE_PENDING,LONG,67.0,CONVICTION,FAVORABLE,1.2708,FALLING
2026-09-18,ALSN,6.0,3.28,0.852,CONVICTION,329,502.0,0.8,0.208,COMPRESSION,81,669.0,84,15,BULL_BOUNCE_PENDING,LONG,88.0,CONVICTION,FAVORABLE,3.8495,FALLING
2026-09-18,YMM,6.0,0.03,0.149,COMPRESSION,3,31.0,0.191,0.946,COMPRESSION,20,117.0,32,17,BULL_BOUNCE_PENDING,LONG,59.2,MARGINAL,FAVORABLE,0.2018,RISING
2026-09-18,AGI,6.0,0.075,0.054,COMPRESSION,8,58.0,0.3,0.217,COMPRESSION,30,556.0,55,41,BEAR_REJECTION_PENDING,SHORT,71.6,CONVICTION,FAVORABLE,1.3851,FALLING
2026-09-18,ANDG,6.0,0.505,0.283,MINOR,51,184.0,0.37,0.207,COMPRESSION,38,772.0,24,25,DOUBLE_REJECTION_LONG,LONG,86.0,CONVICTION,FAVORABLE,1.7864,RISING
2026-09-18,BABA,6.0,0.44,0.171,COMPRESSION,44,519.0,1.27,0.495,CONVICTION,127,1382.0,25,64,BULL_BOUNCE_PENDING,LONG,77.2,CONVICTION,FAVORABLE,2.5665,RISING
2026-09-18,EGO,6.0,0.31,0.159,MINOR,32,5.0,0.08,0.041,COMPRESSION,8,1150.0,51,55,BULL_BOUNCE_PENDING,LONG,64.1,CONVICTION,FAVORABLE,1.9486,FALLING
2026-09-18,COPX,6.0,1.9,0.631,CONVICTION,191,56.0,3.33,1.105,CONVICTION,333,402.0,114,84,BULL_BOUNCE_PENDING,LONG,56.0,MARGINAL,FAVORABLE,3.0128,FALLING
2026-09-18,BABX,6.0,0.1,0.124,COMPRESSION,11,782.0,2.75,3.421,CONVICTION,276,461.0,46,74,BULL_BOUNCE_PENDING,LONG,63.4,CONVICTION,FAVORABLE,0.8038,FALLING
2026-09-18,FNV,6.0,2.06,0.259,CONVICTION,207,43.0,6.8,0.854,CONVICTION,681,761.0,36,43,BULL_BOUNCE_PENDING,LONG,49.3,MARGINAL,FAVORABLE,7.9619,RISING
2026-09-18,GDX,6.0,1.74,0.518,CONVICTION,174,53.0,0.97,0.289,COMPRESSION,97,413.0,50,59,BULL_BOUNCE_PENDING,LONG,83.2,CONVICTION,FAVORABLE,3.3618,FALLING
2026-09-18,GEN,6.0,0.05,0.058,COMPRESSION,5,463.0,0.085,0.099,COMPRESSION,9,337.0,48,25,BULL_BOUNCE_PENDING,LONG,83.7,CONVICTION,FAVORABLE,0.8587,NEUTRAL
2026-09-18,IQV,6.0,0.035,0.005,MINOR,4,73.0,1.77,0.263,CONVICTION,177,17.0,35,57,BULL_BOUNCE_PENDING,LONG,85.6,CONVICTION,FAVORABLE,6.7271,RISING
2026-09-18,HMY,6.0,0.46,0.576,COMPRESSION,47,41.0,1.65,2.066,CONVICTION,165,25.0,62,35,BULL_BOUNCE_PENDING,LONG,85.6,CONVICTION,FAVORABLE,0.7986,FALLING
2026-09-18,GFI,6.0,1.93,1.146,CONVICTION,193,168.0,0.76,0.451,COMPRESSION,76,310.0,78,54,BULL_BOUNCE_PENDING,LONG,51.0,MARGINAL,FAVORABLE,1.6848,FALLING
2026-09-18,KMX,6.0,0.12,0.068,COMPRESSION,13,831.0,0.89,0.503,COMPRESSION,90,546.0,73,32,BULL_BOUNCE_PENDING,LONG,67.0,CONVICTION,FAVORABLE,1.7696,NEUTRAL
2026-09-18,LB,6.0,2.17,0.725,VACUUM,218,367.0,0.06,0.02,COMPRESSION,6,1000.0,23,50,BULL_BOUNCE,LONG,59.0,MARGINAL,FAVORABLE,2.993,NEUTRAL
2026-09-18,NDSN,6.0,3.495,0.586,CONVICTION,350,50.0,0.87,0.146,COMPRESSION,88,349.0,65,45,BEAR_REJECTION_PENDING,SHORT,72.8,CONVICTION,FAVORABLE,5.9678,NEUTRAL
2026-09-18,OSK,6.0,2.04,0.44,CONVICTION,204,361.0,2.89,0.624,CONVICTION,289,472.0,73,24,BULL_BOUNCE_PENDING,LONG,51.0,MARGINAL,FAVORABLE,4.6337,FALLING
2026-09-18,NTR,6.0,2.17,0.935,CONVICTION,217,418.0,0.17,0.073,COMPRESSION,18,1166.0,33,100,BULL_BOUNCE_PENDING,LONG,63.4,CONVICTION,FAVORABLE,2.3218,NEUTRAL
2026-09-18,PAAS,6.0,0.495,0.246,COMPRESSION,50,86.0,2.29,1.138,CONVICTION,229,431.0,64,60,BULL_BOUNCE_PENDING,LONG,61.4,CONVICTION,FAVORABLE,2.0126,FALLING
2026-09-18,PSNL,6.0,0.3,0.592,COMPRESSION,31,690.0,0.1,0.197,COMPRESSION,10,281.0,29,36,BULL_BOUNCE_PENDING,LONG,60.3,CONVICTION,FAVORABLE,0.5071,NEUTRAL
2026-09-18,PGEN,6.0,0.04,0.13,MINOR,5,109.0,0.15,0.489,COMPRESSION,16,282.0,4,78,BULL_BOUNCE_PENDING,LONG,68.0,CONVICTION,FAVORABLE,0.3066,RISING
2026-09-18,Q,6.0,1.84,0.369,CONVICTION,184,64.0,0.28,0.056,COMPRESSION,29,112.0,55,64,BULL_BOUNCE_PENDING,LONG,70.5,CONVICTION,FAVORABLE,4.9903,FALLING
2026-09-18,RGEN,6.0,0.4,0.059,MINOR,41,71.0,0.27,0.04,COMPRESSION,28,538.0,20,70,BULL_BOUNCE_PENDING,LONG,60.0,CONVICTION,FAVORABLE,6.782,NEUTRAL
2026-09-18,RING,6.0,1.495,0.499,CONVICTION,150,63.0,0.82,0.274,COMPRESSION,83,500.0,93,53,BEAR_REJECTION_PENDING,SHORT,74.8,CONVICTION,FAVORABLE,2.9972,FALLING
2026-09-18,RVTY,6.0,0.23,0.048,COMPRESSION,23,177.0,0.69,0.143,COMPRESSION,69,214.0,33,46,BULL_BOUNCE_PENDING,LONG,76.3,CONVICTION,FAVORABLE,4.8353,RISING
2026-09-18,RIO,6.0,3.04,1.349,CONVICTION,304,24.0,3.36,1.491,CONVICTION,336,692.0,91,41,BEAR_REJECTION_PENDING,SHORT,66.8,CONVICTION,FAVORABLE,2.2542,FALLING
2026-09-18,SBSW,6.0,0.76,1.312,COMPRESSION,76,212.0,0.07,0.121,COMPRESSION,8,603.0,62,34,BULL_BOUNCE_PENDING,LONG,69.8,CONVICTION,FAVORABLE,0.5794,FALLING
2026-09-18,VALE,6.0,0.46,0.949,COMPRESSION,47,409.0,0.18,0.371,COMPRESSION,18,529.0,69,27,BULL_BOUNCE_PENDING,LONG,47.0,MARGINAL,FAVORABLE,0.4846,FALLING
2026-09-18,SQM,6.0,0.42,0.151,COMPRESSION,43,1067.0,1.1,0.396,CONVICTION,110,15.0,114,19,BULL_BOUNCE_PENDING,LONG,83.8,CONVICTION,FAVORABLE,2.7802,FALLING
2026-09-18,XOS,6.0,0.03,0.181,MINOR,3,428.0,0.1044,0.63,MINOR,11,195.0,37,16,BULL_BOUNCE_PENDING,LONG,49.1,MARGINAL,FAVORABLE,0.1658,NEUTRAL
2026-09-18,GXO,6.0,0.07,0.048,COMPRESSION,8,2.0,0.51,0.35,COMPRESSION,51,500.0,48,12,BULL_BOUNCE_PENDING,LONG,74.3,CONVICTION,FAVORABLE,1.4586,FALLING
2026-09-18,PSN,6.0,0.28,0.185,COMPRESSION,29,325.0,0.79,0.523,COMPRESSION,79,177.0,75,17,BEAR_REJECTION_PENDING,SHORT,88.7,CONVICTION,FAVORABLE,1.5108,FALLING
2026-09-18,AIAI,6.0,0.02,0.038,MINOR,2,790.0,0.02,0.038,COMPRESSION,3,427.0,23,30,BULL_BOUNCE_PENDING,LONG,56.0,MARGINAL,FAVORABLE,0.5254,NEUTRAL
2026-09-18,SCCO,6.0,12.43,1.463,CONVICTION,1243,162.0,6.6502,0.783,VACUUM,666,697.0,54,51,BULL_BOUNCE_PENDING,LONG,66.0,CONVICTION,FAVORABLE,8.4978,RISING
2026-09-18,ALGT,6.0,1.06,0.323,CONVICTION,107,771.0,0.08,0.024,COMPRESSION,9,1283.0,44,37,DCB_BREAKOUT,LONG,40.1,MARGINAL,FAVORABLE,3.2799,RISING
2026-09-18,ALNY,6.0,3.0,0.28,CONVICTION,300,168.0,2.515,0.234,CONVICTION,252,1436.0,42,16,BEAR_REJECTION_PENDING,SHORT,56.2,MARGINAL,FAVORABLE,10.7292,FALLING
2026-09-18,AMTM,6.0,0.175,0.315,MINOR,18,1072.0,0.01,0.018,MINOR,1,111.0,30,13,BULL_BOUNCE_PENDING,LONG,52.0,MARGINAL,FAVORABLE,0.5564,RISING
2026-09-18,AXGN,6.0,1.09,0.451,CONVICTION,110,548.0,0.07,0.029,COMPRESSION,8,199.0,87,20,BULL_BOUNCE_PENDING,LONG,82.1,CONVICTION,FAVORABLE,2.4164,RISING
2026-09-18,BGC,6.0,0.005,0.014,MINOR,1,153.0,0.245,0.671,COMPRESSION,25,779.0,3,22,BULL_BOUNCE_PENDING,LONG,61.0,CONVICTION,FAVORABLE,0.3653,FALLING
2026-09-18,BEAM,6.0,2.06,1.321,CONVICTION,206,882.0,0.87,0.558,COMPRESSION,88,126.0,32,57,BULL_BOUNCE_PENDING,LONG,63.8,CONVICTION,FAVORABLE,1.5597,FALLING
2026-09-18,CX,6.0,0.18,0.676,COMPRESSION,18,415.0,0.02,0.075,COMPRESSION,2,982.0,62,3,BULL_BOUNCE_PENDING,LONG,65.1,CONVICTION,FAVORABLE,0.2661,FALLING
2026-09-18,BNTX,6.0,9.06,2.944,CONVICTION,907,633.0,2.39,0.777,CONVICTION,240,1036.0,66,28,BULL_BOUNCE_PENDING,LONG,80.4,CONVICTION,FAVORABLE,3.0774,RISING
2026-09-18,CDNA,6.0,0.6768,0.311,MINOR,68,41.0,2.98,1.369,CONVICTION,298,1360.0,13,53,BULL_BOUNCE_PENDING,LONG,56.0,MARGINAL,FAVORABLE,2.177,NEUTRAL
2026-09-18,DE,6.0,0.88,0.052,COMPRESSION,88,154.0,17.67,1.035,CONVICTION,1767,513.0,20,78,BULL_BOUNCE_PENDING,LONG,47.4,MARGINAL,FAVORABLE,17.0725,RISING
2026-09-18,DXCM,6.0,0.82,0.332,COMPRESSION,82,196.0,0.2,0.081,COMPRESSION,21,83.0,31,28,BULL_BOUNCE_PENDING,LONG,62.0,CONVICTION,FAVORABLE,2.4673,NEUTRAL
2026-09-18,EZPW,6.0,0.48,0.437,COMPRESSION,49,240.0,0.34,0.31,COMPRESSION,34,51.0,49,37,BULL_BOUNCE_PENDING,LONG,53.3,MARGINAL,FAVORABLE,1.0979,FALLING
2026-09-18,DJT,6.0,0.01,0.023,MINOR,1,846.0,0.09,0.21,MINOR,9,80.0,38,34,BULL_BOUNCE_PENDING,LONG,65.4,CONVICTION,FAVORABLE,0.4279,NEUTRAL
2026-09-18,FCFS,6.0,0.2,0.03,MINOR,20,132.0,0.53,0.08,MINOR,54,48.0,44,44,BEAR_REJECTION_PENDING,SHORT,44.0,MARGINAL,FAVORABLE,6.5871,RISING
2026-09-18,GOF,6.0,0.09,0.463,COMPRESSION,9,601.0,0.0036,0.019,MINOR,1,23.0,125,6,BEAR_REJECTION_PENDING,SHORT,64.9,CONVICTION,FAVORABLE,0.1942,FALLING
2026-09-18,IBKR,6.0,0.88,0.292,COMPRESSION,89,88.0,0.05,0.017,MINOR,6,65.0,53,48,BEAR_REJECTION_PENDING,SHORT,59.7,MARGINAL,FAVORABLE,3.0179,FALLING
2026-09-18,FUTU,6.0,0.345,0.107,COMPRESSION,35,46.0,2.51,0.78,CONVICTION,252,894.0,112,73,BUY_LOWER_DIRTY,LONG,53.9,MARGINAL,FAVORABLE,3.2161,RISING
2026-09-18,LMND,6.0,0.75,0.372,COMPRESSION,75,223.0,3.88,1.925,CONVICTION,389,1305.0,61,1,BULL_BOUNCE_PENDING,LONG,78.8,CONVICTION,FAVORABLE,2.0156,FALLING
2026-09-18,OSIS,6.0,1.58,0.254,CONVICTION,158,99.0,2.23,0.359,VACUUM,223,90.0,25,28,BULL_BOUNCE_PENDING,LONG,69.9,CONVICTION,FAVORABLE,6.22,RISING
2026-09-18,PAY,6.0,0.12,0.083,COMPRESSION,13,261.0,0.2,0.139,COMPRESSION,20,227.0,61,26,BULL_BOUNCE_PENDING,LONG,69.8,CONVICTION,FAVORABLE,1.4439,RISING
2026-09-18,LULU,6.0,20.54,3.707,CONVICTION,2055,38.0,0.02,0.004,MINOR,3,368.0,18,30,BEAR_REJECTION_PENDING,SHORT,72.7,CONVICTION,FAVORABLE,5.5414,RISING
2026-09-18,NVAX,6.0,2.17,3.349,CONVICTION,217,504.0,0.265,0.409,COMPRESSION,27,317.0,10,57,BULL_BOUNCE_PENDING,LONG,53.0,MARGINAL,FAVORABLE,0.648,RISING
2026-09-18,TFX,6.0,1.29,0.293,CONVICTION,129,905.0,1.87,0.424,CONVICTION,188,404.0,81,36,BEAR_REJECTION_PENDING,SHORT,70.6,CONVICTION,FAVORABLE,4.41,FALLING
2026-09-18,ROBN,6.0,1.8,0.431,VACUUM,181,665.0,1.73,0.414,CONVICTION,173,798.0,27,40,BULL_BOUNCE_PENDING,LONG,94.9,CONVICTION,FAVORABLE,4.1756,FALLING
2026-09-18,SDOT,6.0,0.1687,0.16,MINOR,17,730.0,0.17,0.161,MINOR,17,130.0,32,33,BULL_BOUNCE_CONFIRMED,LONG,60.0,CONVICTION,FAVORABLE,1.055,NEUTRAL
2026-09-18,TMC,6.0,0.085,0.375,COMPRESSION,9,419.0,0.06,0.265,COMPRESSION,7,1421.0,28,17,BUY_LOWER_DIRTY,LONG,48.5,MARGINAL,FAVORABLE,0.2268,FALLING
2026-09-18,UEC,6.0,0.35,0.612,COMPRESSION,35,65.0,0.0005,0.001,MINOR,1,199.0,37,6,BEAR_REJECTION_PENDING,SHORT,64.2,CONVICTION,FAVORABLE,0.5719,FALLING
2026-09-18,UCTT,6.0,4.42,1.103,CONVICTION,443,93.0,0.24,0.06,COMPRESSION,25,209.0,47,33,BUY_LOWER_DIRTY,LONG,47.7,MARGINAL,FAVORABLE,4.006,FALLING
2026-09-18,URNM,6.0,1.2,0.665,CONVICTION,121,109.0,0.95,0.526,COMPRESSION,95,905.0,136,22,BULL_BOUNCE_PENDING,LONG,65.2,CONVICTION,FAVORABLE,1.8046,FALLING
2026-09-18,URA,6.0,1.285,0.846,CONVICTION,129,102.0,0.24,0.158,COMPRESSION,24,1227.0,88,44,BULL_BOUNCE_PENDING,LONG,74.1,CONVICTION,FAVORABLE,1.5192,FALLING
2026-09-18,VPG,6.0,1.38,0.444,CONVICTION,139,60.0,0.21,0.068,COMPRESSION,22,1381.0,42,27,BEAR_REJECTION_PENDING,SHORT,78.0,CONVICTION,FAVORABLE,3.1103,RISING
2026-09-18,ZTS,6.0,1.01,0.621,CONVICTION,102,333.0,0.01,0.006,MINOR,2,41.0,79,1,BEAR_REJECTION_PENDING,SHORT,60.6,CONVICTION,FAVORABLE,1.6275,FALLING
2026-09-18,RH,6.0,2.67,0.375,CONVICTION,267,377.0,0.36,0.051,COMPRESSION,36,326.0,76,9,BULL_BOUNCE,LONG,61.0,CONVICTION,FAVORABLE,7.1131,RISING
2026-09-18,POOL,6.0,1.53,0.295,CONVICTION,154,992.0,0.02,0.004,MINOR,3,52.0,64,6,BEAR_REJECTION_PENDING,SHORT,56.0,MARGINAL,FAVORABLE,5.1934,FALLING
2026-09-18,LGCL,6.0,0.09,0.183,MINOR,9,994.0,0.035,0.071,MINOR,4,202.0,9,12,CHANNEL_RECLAIM_LONG,LONG,61.0,CONVICTION,FAVORABLE,0.4927,RISING
2026-09-18,LII,6.0,7.3,0.663,CONVICTION,731,41.0,0.05,0.005,MINOR,6,8.0,71,4,BEAR_REJECTION_PENDING,SHORT,52.9,MARGINAL,FAVORABLE,11.0134,FALLING
2026-09-18,MDA,6.0,0.24,0.201,COMPRESSION,25,457.0,1.16,0.972,CONVICTION,117,331.0,53,20,BULL_BOUNCE,LONG,69.0,CONVICTION,FAVORABLE,1.1936,RISING
2026-09-18,XPON,6.0,0.08,0.135,MINOR,9,846.0,0.14,0.236,MINOR,14,279.0,15,15,BULL_BOUNCE_CONFIRMED,LONG,62.0,CONVICTION,FAVORABLE,0.5944,NEUTRAL
2026-09-18,DXST,6.0,0.3,3.122,COMPRESSION,31,318.0,0.04,0.416,COMPRESSION,5,928.0,17,17,BEAR_REJECTION_PENDING,SHORT,53.3,MARGINAL,FAVORABLE,0.0961,NEUTRAL
2026-09-18,XRPT,6.0,0.07,0.018,MINOR,8,27.0,1.055,0.276,CONVICTION,106,785.0,20,59,BULL_BOUNCE_PENDING,LONG,53.0,MARGINAL,FAVORABLE,3.822,RISING
2026-09-18,NCTY,6.0,0.07,0.146,COMPRESSION,7,431.0,0.01,0.021,COMPRESSION,1,482.0,14,21,BULL_BOUNCE_PENDING,LONG,47.0,MARGINAL,FAVORABLE,0.4779,NEUTRAL
2026-09-18,XXRP,6.0,0.08,0.022,MINOR,9,612.0,0.91,0.252,COMPRESSION,91,793.0,22,58,BULL_BOUNCE_PENDING,LONG,78.2,CONVICTION,FAVORABLE,3.6106,RISING
2026-09-18,AEO,6.0,0.11,0.142,COMPRESSION,11,1350.0,0.09,0.116,MINOR,9,109.0,22,30,BULL_BOUNCE_PENDING,LONG,49.3,MARGINAL,FAVORABLE,0.7748,FALLING
2026-09-18,UXRP,6.0,0.59,0.343,MINOR,59,165.0,0.54,0.314,COMPRESSION,55,778.0,31,65,BULL_BOUNCE_PENDING,LONG,53.0,MARGINAL,FAVORABLE,1.7218,RISING
2026-09-18,CNK,6.0,0.08,0.08,COMPRESSION,8,136.0,0.97,0.973,COMPRESSION,97,909.0,42,29,BULL_BOUNCE_PENDING,LONG,53.9,MARGINAL,FAVORABLE,0.9972,NEUTRAL
2026-09-18,CART,6.0,0.445,0.259,COMPRESSION,45,1234.0,0.27,0.157,COMPRESSION,27,13.0,55,15,BULL_BOUNCE_PENDING,LONG,62.3,CONVICTION,FAVORABLE,1.7201,RISING
2026-09-18,DASH,6.0,1.58,0.216,CONVICTION,158,360.0,1.18,0.162,CONVICTION,119,406.0,38,22,BULL_BOUNCE_PENDING,LONG,100.0,CONVICTION,FAVORABLE,7.3009,NEUTRAL
2026-09-18,DLTR,6.0,0.495,0.11,COMPRESSION,50,364.0,15.14,3.365,CONVICTION,1514,223.0,70,10,BULL_BOUNCE_PENDING,LONG,83.0,CONVICTION,FAVORABLE,4.4993,FALLING
2026-09-18,ETSY,6.0,0.43,0.141,COMPRESSION,44,490.0,1.51,0.495,CONVICTION,151,212.0,61,18,BULL_BOUNCE,LONG,65.0,CONVICTION,FAVORABLE,3.0527,NEUTRAL
2026-09-18,BEX,6.0,1.845,0.416,CONVICTION,185,956.0,1.15,0.259,CONVICTION,116,23.0,27,50,BULL_BOUNCE,LONG,68.6,CONVICTION,FAVORABLE,4.4382,RISING
2026-09-18,GGAL,6.0,0.38,0.246,COMPRESSION,39,372.0,4.54,2.936,VACUUM,454,277.0,64,6,BULL_BOUNCE_PENDING,LONG,63.3,CONVICTION,FAVORABLE,1.5462,FALLING
2026-09-18,FLO,6.0,0.02,0.086,COMPRESSION,2,236.0,,,,,,42,0,BEAR_REJECTION_PENDING,SHORT,47.0,MARGINAL,FAVORABLE,0.2327,RISING
2026-09-18,RLAY,6.0,0.225,0.31,MINOR,23,497.0,0.14,0.193,COMPRESSION,14,750.0,22,17,BULL_BOUNCE,LONG,65.0,CONVICTION,FAVORABLE,0.7259,NEUTRAL
2026-09-18,SGHC,6.0,0.07,0.163,COMPRESSION,8,16.0,0.02,0.047,MINOR,2,897.0,35,7,BULL_BOUNCE_PENDING,LONG,59.1,MARGINAL,FAVORABLE,0.4289,NEUTRAL
2026-09-18,OR,6.0,0.12,0.095,COMPRESSION,13,178.0,0.17,0.135,COMPRESSION,18,824.0,22,65,BULL_BOUNCE,LONG,65.0,CONVICTION,FAVORABLE,1.2637,RISING
2026-09-18,NVDQ,6.0,1.025,2.215,CONVICTION,103,51.0,0.23,0.497,COMPRESSION,24,34.0,82,70,BULL_BOUNCE,LONG,79.1,CONVICTION,FAVORABLE,0.4628,RISING
2026-09-18,TNGX,6.0,0.16,0.126,MINOR,17,387.0,0.32,0.251,MINOR,33,695.0,67,5,BULL_BOUNCE_PENDING,LONG,65.1,CONVICTION,FAVORABLE,1.2744,NEUTRAL
2026-09-18,VRSN,6.0,1.56,0.21,CONVICTION,157,53.0,6.66,0.896,CONVICTION,667,143.0,5,103,BEAR_REJECTION_PENDING,SHORT,66.7,CONVICTION,FAVORABLE,7.4298,RISING
2026-09-18,VERA,6.0,0.62,0.308,COMPRESSION,62,1362.0,1.3,0.645,CONVICTION,131,766.0,23,36,BULL_BOUNCE_PENDING,LONG,57.2,MARGINAL,FAVORABLE,2.0155,FALLING
2026-09-18,ZURA,6.0,0.07,0.184,MINOR,8,11.0,0.03,0.079,MINOR,3,145.0,33,6,BULL_BOUNCE_PENDING,LONG,65.0,CONVICTION,FAVORABLE,0.381,FALLING
2026-09-18,YOU,6.0,0.91,0.646,COMPRESSION,91,524.0,0.22,0.156,COMPRESSION,22,886.0,84,2,BULL_BOUNCE_PENDING,LONG,67.8,CONVICTION,FAVORABLE,1.4083,FALLING
2026-09-18,OLN,6.0,0.12,0.191,COMPRESSION,13,117.0,,,,,,38,0,BEAR_REJECTION_PENDING,SHORT,60.9,CONVICTION,FAVORABLE,0.6268,FALLING
2026-09-18,ESAB,6.0,2.25,0.911,CONVICTION,225,464.0,0.0269,0.011,MINOR,3,5.0,39,1,BEAR_REJECTION_PENDING,SHORT,50.0,MARGINAL,FAVORABLE,2.4697,FALLING
2026-09-18,MAIR,6.0,0.46,0.411,COMPRESSION,47,618.0,,,,,,46,0,BEAR_REJECTION_PENDING,SHORT,55.0,MARGINAL,FAVORABLE,1.1204,RISING
2026-09-18,WVVIP,6.0,0.25,0.691,MINOR,25,95.0,0.03,0.083,MINOR,4,32.0,3,26,BULL_BOUNCE_CONFIRMED,LONG,75.4,CONVICTION,FAVORABLE,0.3617,NEUTRAL
2026-09-18,PSNYW,6.0,0.09,0.141,MINOR,9,212.0,0.99,1.548,COMPRESSION,99,1224.0,18,39,BULL_BOUNCE,LONG,69.0,CONVICTION,FAVORABLE,0.6396,RISING
2026-09-18,DAIC,6.0,0.01,0.01,COMPRESSION,1,1260.0,1.905,1.859,CONVICTION,191,41.0,14,3,BULL_BOUNCE_PENDING,LONG,95.0,CONVICTION,FAVORABLE,1.0247,RISING
2026-09-18,AMIX,6.0,0.07,0.222,MINOR,8,118.0,0.0393,0.124,MINOR,4,496.0,47,25,BULL_BOUNCE_PENDING,LONG,55.2,MARGINAL,FAVORABLE,0.3157,NEUTRAL
2026-09-18,SWVL,6.0,0.13,0.105,MINOR,13,40.0,0.025,0.02,MINOR,3,586.0,25,11,BULL_BOUNCE_PENDING,LONG,72.5,CONVICTION,FAVORABLE,1.2424,NEUTRAL
2026-09-18,ACHC,6.0,0.035,0.028,MINOR,4,304.0,0.17,0.136,COMPRESSION,17,1102.0,21,17,BULL_BOUNCE_PENDING,LONG,54.0,MARGINAL,FAVORABLE,1.2466,NEUTRAL
2026-09-18,JEM,6.0,0.07,0.259,MINOR,8,183.0,0.1058,0.392,MINOR,11,533.0,29,20,BULL_BOUNCE_CONFIRMED,LONG,62.4,CONVICTION,FAVORABLE,0.27,NEUTRAL
2026-09-18,BNS,6.0,0.8435,0.564,MINOR,85,132.0,0.88,0.589,COMPRESSION,89,930.0,27,51,BUY_LOWER_DIRTY,LONG,49.8,MARGINAL,FAVORABLE,1.4953,FALLING
2026-09-18,BBD,6.0,0.06,0.551,COMPRESSION,6,131.0,0.07,0.643,COMPRESSION,7,363.0,45,29,BULL_BOUNCE,LONG,51.6,MARGINAL,FAVORABLE,0.1089,FALLING
2026-09-18,CDNS,6.0,1.37,0.134,CONVICTION,138,142.0,0.86,0.084,COMPRESSION,87,113.0,50,38,BEAR_REJECTION_PENDING,SHORT,68.3,CONVICTION,FAVORABLE,10.2355,RISING
2026-09-18,EYE,6.0,0.19,0.238,COMPRESSION,20,1395.0,0.07,0.088,COMPRESSION,8,149.0,27,21,BULL_BOUNCE_PENDING,LONG,65.1,CONVICTION,FAVORABLE,0.7978,RISING
2026-09-18,EXEL,6.0,0.15,0.089,MINOR,15,69.0,0.19,0.113,COMPRESSION,19,167.0,31,48,BULL_BOUNCE_PENDING,LONG,68.1,CONVICTION,FAVORABLE,1.6823,NEUTRAL
2026-09-18,IMMX,6.0,0.04,0.051,MINOR,5,209.0,0.05,0.064,MINOR,6,741.0,34,20,BULL_BOUNCE_PENDING,LONG,55.2,MARGINAL,FAVORABLE,0.7825,NEUTRAL
2026-09-18,GENB,6.0,0.01,0.01,MINOR,2,246.0,0.3,0.314,COMPRESSION,31,1217.0,14,50,BULL_BOUNCE_PENDING,LONG,68.4,CONVICTION,FAVORABLE,0.9552,RISING
2026-09-18,GDXJ,6.0,1.43,0.294,CONVICTION,143,83.0,6.5,1.338,CONVICTION,650,574.0,81,68,BULL_BOUNCE_PENDING,LONG,75.4,CONVICTION,FAVORABLE,4.8564,FALLING
2026-09-18,INBX,6.0,0.17,0.02,COMPRESSION,18,60.0,1.72,0.203,VACUUM,172,184.0,27,52,BEAR_REJECTION_PENDING,SHORT,66.9,CONVICTION,FAVORABLE,8.4855,FALLING
2026-09-18,KRYS,6.0,6.98,0.646,CONVICTION,699,402.0,2.33,0.216,VACUUM,233,675.0,40,32,BULL_BOUNCE,LONG,49.0,MARGINAL,FAVORABLE,10.8084,FALLING
2026-09-18,LOPE,6.0,0.33,0.094,COMPRESSION,34,375.0,0.33,0.094,COMPRESSION,33,366.0,25,31,BUY_LOWER_DIRTY,LONG,45.4,MARGINAL,FAVORABLE,3.4979,RISING
2026-09-18,MCK,6.0,3.99,0.191,CONVICTION,399,263.0,1.98,0.095,CONVICTION,199,128.0,53,61,BULL_BOUNCE_PENDING,LONG,40.0,MARGINAL,FAVORABLE,20.9182,FALLING
2026-09-18,NLR,6.0,3.11,0.864,CONVICTION,311,169.0,1.44,0.4,CONVICTION,144,663.0,82,10,BULL_BOUNCE_PENDING,LONG,87.0,CONVICTION,FAVORABLE,3.599,FALLING
2026-09-18,QGEN,6.0,0.94,0.855,COMPRESSION,94,1237.0,0.42,0.382,COMPRESSION,43,251.0,37,72,BULL_BOUNCE_PENDING,LONG,59.6,MARGINAL,FAVORABLE,1.0993,NEUTRAL
2026-09-18,REAX,6.0,0.24,0.152,COMPRESSION,24,749.0,,,,,,52,0,BEAR_REJECTION_PENDING,SHORT,50.0,MARGINAL,FAVORABLE,1.5785,FALLING
2026-09-18,QFIN,6.0,0.02,0.066,COMPRESSION,3,292.0,0.005,0.017,MINOR,1,12.0,60,21,BEAR_REJECTION_PENDING,SHORT,61.9,CONVICTION,FAVORABLE,0.3017,FALLING
2026-09-18,SE,6.0,1.7,0.426,CONVICTION,170,266.0,0.72,0.18,COMPRESSION,72,960.0,77,19,BULL_BOUNCE_PENDING,LONG,68.7,CONVICTION,FAVORABLE,3.9942,FALLING
2026-09-18,SIL,6.0,1.55,0.418,CONVICTION,155,67.0,4.96,1.336,CONVICTION,496,633.0,64,82,BULL_BOUNCE_PENDING,LONG,66.4,CONVICTION,FAVORABLE,3.7121,FALLING
2026-09-18,SILJ,6.0,0.48,0.384,COMPRESSION,48,47.0,1.66,1.328,CONVICTION,166,244.0,54,56,BEAR_REJECTION_PENDING,SHORT,63.9,CONVICTION,FAVORABLE,1.2497,FALLING
2026-09-18,SNPS,6.0,2.93,0.209,CONVICTION,294,292.0,2.7,0.192,CONVICTION,270,40.0,73,39,BULL_BOUNCE_PENDING,LONG,71.5,CONVICTION,FAVORABLE,14.047,RISING
2026-09-18,UNG,6.0,0.29,1.008,COMPRESSION,29,1040.0,0.075,0.261,COMPRESSION,8,81.0,18,52,BEAR_REJECTION_PENDING,SHORT,44.5,MARGINAL,FAVORABLE,0.2878,RISING
2026-09-18,VNET,6.0,0.09,0.274,COMPRESSION,9,150.0,0.05,0.152,MINOR,5,276.0,29,21,BULL_BOUNCE_CONFIRMED,LONG,53.3,MARGINAL,FAVORABLE,0.3285,FALLING
2026-09-18,XME,6.0,2.41,0.722,CONVICTION,241,226.0,2.19,0.656,CONVICTION,219,318.0,88,46,BULL_BOUNCE_PENDING,LONG,94.8,CONVICTION,FAVORABLE,3.339,FALLING
2026-09-18,VCYT,6.0,0.46,0.229,COMPRESSION,47,1020.0,5.25,2.619,CONVICTION,525,279.0,31,29,BULL_BOUNCE_PENDING,LONG,49.0,MARGINAL,FAVORABLE,2.0049,FALLING
2026-09-18,TRUG,6.0,0.0006,0.004,MINOR,1,225.0,0.0793,0.56,COMPRESSION,8,448.0,7,4,BULL_BOUNCE_PENDING,LONG,100.0,CONVICTION,FAVORABLE,0.1417,RISING
2026-09-18,XPEV,6.0,0.021,0.063,COMPRESSION,3,345.0,0.78,2.336,COMPRESSION,78,213.0,49,25,BUY_LOWER_DIRTY,LONG,42.4,MARGINAL,FAVORABLE,0.3339,RISING
2026-09-18,RDIB,6.0,1.39,0.44,VACUUM,140,250.0,0.83,0.263,MINOR,83,567.0,37,37,BEAR_REJECTION_PENDING,SHORT,55.6,MARGINAL,FAVORABLE,3.1577,NEUTRAL
2026-09-18,RITR,6.0,,,,,,,,,,,0,0,,,,NONE,FAVORABLE,0.0129,NEUTRAL
2026-09-18,BRNX,6.0,0.2,0.345,COMPRESSION,20,323.0,0.01,0.017,MINOR,2,968.0,32,19,BEAR_REJECTION_PENDING,SHORT,44.0,MARGINAL,FAVORABLE,0.5804,RISING
2026-09-18,AROC,6.0,0.5,0.481,COMPRESSION,50,335.0,0.26,0.25,COMPRESSION,26,998.0,36,48,BULL_BOUNCE_PENDING,LONG,37.0,MARGINAL,FAVORABLE,1.0392,RISING
2026-09-18,BBWI,6.0,0.28,0.308,COMPRESSION,29,322.0,0.3,0.33,COMPRESSION,31,389.0,41,19,BULL_BOUNCE_PENDING,LONG,65.5,CONVICTION,FAVORABLE,0.9086,FALLING
2026-09-18,BHVN,6.0,0.55,0.495,COMPRESSION,56,586.0,2.67,2.404,VACUUM,267,39.0,21,37,BUY_LOWER_DIRTY,LONG,66.3,CONVICTION,FAVORABLE,1.1107,FALLING
2026-09-18,DTM,6.0,1.6,0.561,CONVICTION,160,1340.0,1.01,0.354,CONVICTION,101,295.0,35,35,BUY_LOWER_DIRTY,LONG,36.6,MARGINAL,FAVORABLE,2.8545,FALLING
2026-09-18,AAON,6.0,3.555,1.11,CONVICTION,356,87.0,0.495,0.155,COMPRESSION,50,399.0,54,9,BULL_BOUNCE_PENDING,LONG,71.8,CONVICTION,FAVORABLE,3.2018,FALLING
2026-09-18,DVA,6.0,0.75,0.135,COMPRESSION,75,74.0,12.24,2.198,CONVICTION,1225,689.0,54,31,BULL_BOUNCE_PENDING,LONG,52.4,MARGINAL,FAVORABLE,5.5688,RISING
2026-09-18,FFIV,6.0,5.62,0.399,VACUUM,563,150.0,12.76,0.907,CONVICTION,1276,1230.0,17,75,BULL_BOUNCE_PENDING,LONG,58.0,MARGINAL,FAVORABLE,14.0744,NEUTRAL
2026-09-18,IOT,6.0,0.87,0.353,COMPRESSION,87,366.0,0.75,0.304,COMPRESSION,75,23.0,18,31,BULL_BOUNCE_PENDING,LONG,72.2,CONVICTION,FAVORABLE,2.4636,FALLING
2026-09-18,GEV,6.0,13.765,0.361,CONVICTION,1377,66.0,12.48,0.328,CONVICTION,1249,1216.0,37,58,BUY_LOWER_DIRTY,LONG,46.8,MARGINAL,FAVORABLE,38.0918,RISING
2026-09-18,IPGP,6.0,1.6,0.552,CONVICTION,160,1055.0,0.6,0.207,COMPRESSION,61,999.0,49,29,BULL_BOUNCE_PENDING,LONG,36.0,MARGINAL,FAVORABLE,2.8979,RISING
2026-09-18,LECO,6.0,4.37,0.521,CONVICTION,438,475.0,10.65,1.269,CONVICTION,1065,91.0,88,27,BULL_BOUNCE_PENDING,LONG,79.1,CONVICTION,FAVORABLE,8.3898,NEUTRAL
2026-09-18,MLI,6.0,0.2,0.13,MINOR,21,948.0,0.455,0.295,COMPRESSION,46,1345.0,59,25,BULL_BOUNCE_PENDING,LONG,75.3,CONVICTION,FAVORABLE,1.5402,RISING
2026-09-18,KMI,6.0,0.06,0.08,COMPRESSION,6,501.0,0.18,0.239,COMPRESSION,18,1213.0,10,49,BULL_BOUNCE_PENDING,LONG,53.0,MARGINAL,FAVORABLE,0.7544,FALLING
2026-09-18,LNG,6.0,6.0,0.751,CONVICTION,600,350.0,1.07,0.134,CONVICTION,108,1051.0,57,59,BULL_BOUNCE_PENDING,LONG,56.0,MARGINAL,FAVORABLE,7.9851,FALLING
2026-09-18,MSFU,6.0,0.05,0.034,COMPRESSION,6,100.0,1.66,1.126,CONVICTION,167,542.0,17,28,BULL_BOUNCE_PENDING,LONG,96.5,CONVICTION,FAVORABLE,1.4743,NEUTRAL
2026-09-18,OKE,6.0,1.58,0.59,CONVICTION,158,899.0,0.45,0.168,COMPRESSION,45,755.0,26,43,BULL_BOUNCE_PENDING,LONG,69.6,CONVICTION,FAVORABLE,2.6791,RISING
2026-09-18,PAA,6.0,0.07,0.154,MINOR,8,55.0,0.16,0.353,COMPRESSION,17,1389.0,17,44,BULL_BOUNCE_PENDING,LONG,71.4,CONVICTION,FAVORABLE,0.4539,FALLING
2026-09-18,PAGP,6.0,0.02,0.04,COMPRESSION,2,39.0,0.01,0.02,COMPRESSION,2,725.0,5,73,BULL_BOUNCE_PENDING,LONG,50.0,MARGINAL,FAVORABLE,0.4993,NEUTRAL
2026-09-18,PVH,6.0,0.19,0.069,COMPRESSION,20,389.0,0.34,0.124,COMPRESSION,34,829.0,46,56,BULL_BOUNCE_PENDING,LONG,63.2,CONVICTION,FAVORABLE,2.7411,RISING
2026-09-18,MYRG,6.0,9.96,0.964,CONVICTION,996,50.0,0.88,0.085,COMPRESSION,88,407.0,26,31,BEAR_REJECTION_PENDING,SHORT,54.0,MARGINAL,FAVORABLE,10.3291,RISING
2026-09-18,RBC,6.0,3.53,0.285,CONVICTION,353,436.0,7.14,0.576,CONVICTION,715,19.0,55,50,BULL_BOUNCE_PENDING,LONG,41.0,MARGINAL,FAVORABLE,12.4003,RISING
2026-09-18,SHLS,6.0,0.1,0.228,COMPRESSION,10,1009.0,0.3,0.683,COMPRESSION,31,711.0,19,29,BULL_BOUNCE_PENDING,LONG,55.0,MARGINAL,FAVORABLE,0.4394,RISING
2026-09-18,SANM,6.0,0.34,0.035,COMPRESSION,35,412.0,1.07,0.11,CONVICTION,107,1304.0,64,44,CHANNEL_RECLAIM_LONG,LONG,61.0,CONVICTION,FAVORABLE,9.7281,RISING
2026-09-18,TWLO,6.0,,,,,,0.23,0.022,COMPRESSION,23,630.0,0,40,DCB_BREAKOUT,LONG,49.0,MARGINAL,FAVORABLE,10.3803,RISING
2026-09-18,TRGP,6.0,0.125,0.018,MINOR,13,67.0,0.41,0.059,COMPRESSION,41,66.0,5,77,BULL_BOUNCE_PENDING,LONG,68.0,CONVICTION,FAVORABLE,6.9346,FALLING
2026-09-18,TTMI,6.0,8.83,1.309,CONVICTION,883,41.0,5.18,0.768,CONVICTION,518,412.0,31,50,BEAR_REJECTION_PENDING,SHORT,88.6,CONVICTION,FAVORABLE,6.7435,FALLING
2026-09-18,TECL,6.0,28.6,3.137,CONVICTION,2860,258.0,7.7,0.845,CONVICTION,771,87.0,58,98,BULL_BOUNCE,LONG,79.1,CONVICTION,FAVORABLE,9.117,RISING
2026-09-18,URBN,6.0,1.15,0.44,CONVICTION,115,220.0,1.34,0.513,CONVICTION,135,204.0,52,20,BEAR_REJECTION_PENDING,SHORT,73.3,CONVICTION,FAVORABLE,2.6136,FALLING
2026-09-18,VCTR,6.0,1.35,0.349,CONVICTION,136,730.0,0.32,0.083,COMPRESSION,32,514.0,46,35,BULL_BOUNCE_CONFIRMED,LONG,56.8,MARGINAL,FAVORABLE,3.8646,FALLING
2026-09-18,WERN,6.0,0.3,0.215,COMPRESSION,31,473.0,0.27,0.193,COMPRESSION,28,130.0,57,9,BULL_BOUNCE_PENDING,LONG,52.9,MARGINAL,FAVORABLE,1.3957,FALLING
2026-09-18,WSHP,6.0,0.05,0.117,MINOR,5,332.0,0.04,0.094,MINOR,5,1227.0,9,58,BULL_BOUNCE_PENDING,LONG,53.0,MARGINAL,FAVORABLE,0.4277,NEUTRAL
2026-09-18,WMB,6.0,0.22,0.115,COMPRESSION,22,287.0,0.24,0.126,COMPRESSION,24,780.0,27,46,BULL_BOUNCE_PENDING,LONG,65.9,CONVICTION,FAVORABLE,1.9086,FALLING
2026-09-18,WSM,6.0,1.89,0.271,CONVICTION,189,58.0,3.5,0.503,CONVICTION,350,1213.0,45,47,BEAR_REJECTION_PENDING,SHORT,78.4,CONVICTION,FAVORABLE,6.9637,NEUTRAL
2026-09-18,WSO,6.0,1.94,0.237,CONVICTION,195,122.0,0.345,0.042,MINOR,35,28.0,36,25,BEAR_REJECTION_PENDING,SHORT,40.0,MARGINAL,FAVORABLE,8.1748,RISING
2026-09-18,CYCU,6.0,0.25,0.684,COMPRESSION,25,682.0,0.1,0.273,MINOR,11,712.0,22,34,BULL_BOUNCE_CONFIRMED,LONG,56.0,MARGINAL,FAVORABLE,0.3657,NEUTRAL
2026-09-18,NCPL,6.0,0.0008,0.004,MINOR,1,862.0,0.0001,0.001,MINOR,1,1148.0,1,5,BULL_BOUNCE_PENDING,LONG,85.8,CONVICTION,FAVORABLE,0.1856,NEUTRAL
2026-09-18,MIMI,6.0,0.007,0.05,MINOR,1,891.0,0.1031,0.732,COMPRESSION,11,848.0,35,18,BULL_BOUNCE_PENDING,LONG,53.9,MARGINAL,FAVORABLE,0.1408,NEUTRAL
2026-09-18,PPCB,6.0,0.006,0.052,MINOR,1,231.0,0.0016,0.013,MINOR,1,17.0,10,9,BULL_BOUNCE_PENDING,LONG,50.0,MARGINAL,FAVORABLE,0.1151,NEUTRAL
2026-09-18,NMTC,6.0,0.0607,0.523,MINOR,7,1286.0,0.08,0.69,MINOR,8,71.0,10,12,BULL_BOUNCE_CONFIRMED,LONG,76.8,CONVICTION,FAVORABLE,0.116,RISING
2026-09-18,CRMG,6.0,0.44,0.642,COMPRESSION,45,368.0,1.59,2.321,CONVICTION,160,460.0,60,10,BULL_BOUNCE_PENDING,LONG,97.0,CONVICTION,FAVORABLE,0.6851,NEUTRAL
2026-09-18,CRWL,6.0,0.325,0.037,MINOR,33,103.0,4.95,0.566,CONVICTION,496,1488.0,22,37,BULL_BOUNCE_PENDING,LONG,53.0,MARGINAL,FAVORABLE,8.7504,RISING
2026-09-18,CYPH,6.0,,,,,,0.0001,0.0,COMPRESSION,1,344.0,0,12,BULL_BOUNCE_PENDING,LONG,60.0,CONVICTION,FAVORABLE,0.465,RISING
2026-09-18,AYA,6.0,0.27,0.153,MINOR,27,382.0,0.46,0.26,COMPRESSION,47,41.0,31,46,BULL_BOUNCE_PENDING,LONG,65.8,CONVICTION,FAVORABLE,1.7672,FALLING
2026-09-18,BBY,6.0,0.82,0.262,COMPRESSION,82,281.0,0.95,0.304,COMPRESSION,96,526.0,30,63,BULL_BOUNCE_PENDING,LONG,57.6,MARGINAL,FAVORABLE,3.1257,NEUTRAL
2026-09-18,BHF,6.0,0.13,0.096,COMPRESSION,14,398.0,0.05,0.037,COMPRESSION,5,683.0,45,29,BEAR_REJECTION_PENDING,SHORT,54.6,MARGINAL,FAVORABLE,1.3574,FALLING
2026-09-18,AVGX,6.0,1.6304,0.672,CONVICTION,164,1.0,1.03,0.425,CONVICTION,104,174.0,58,127,BEAR_REJECTION_PENDING,SHORT,78.8,CONVICTION,FAVORABLE,2.4249,RISING
2026-09-18,CELU,6.0,0.085,0.43,MINOR,9,352.0,0.2296,1.161,COMPRESSION,23,1328.0,44,5,BULL_BOUNCE_PENDING,LONG,63.1,CONVICTION,FAVORABLE,0.1977,NEUTRAL
2026-09-18,BILI,6.0,0.01,0.019,COMPRESSION,1,416.0,0.155,0.287,COMPRESSION,16,70.0,63,15,BEAR_REJECTION_PENDING,SHORT,52.4,MARGINAL,FAVORABLE,0.5401,FALLING
2026-09-18,BUG,6.0,0.035,0.022,MINOR,4,33.0,0.34,0.209,COMPRESSION,35,673.0,39,60,BULL_BOUNCE_PENDING,LONG,58.0,MARGINAL,FAVORABLE,1.6244,RISING
2026-09-18,CIBR,6.0,0.01,0.004,MINOR,2,62.0,1.75,0.643,CONVICTION,175,342.0,13,59,BULL_BOUNCE_PENDING,LONG,88.0,CONVICTION,FAVORABLE,2.7219,RISING
2026-09-18,HACK,6.0,0.82,0.227,COMPRESSION,82,261.0,2.33,0.644,CONVICTION,233,491.0,36,61,BULL_BOUNCE,LONG,71.5,CONVICTION,FAVORABLE,3.6163,RISING
2026-09-18,MTRN,6.0,6.25,0.634,CONVICTION,625,1218.0,0.72,0.073,COMPRESSION,72,157.0,64,43,BULL_BOUNCE,LONG,66.3,CONVICTION,FAVORABLE,9.8614,NEUTRAL
2026-09-18,IGV,6.0,0.61,0.221,COMPRESSION,61,359.0,2.165,0.786,CONVICTION,217,729.0,30,58,BULL_BOUNCE_PENDING,LONG,83.3,CONVICTION,FAVORABLE,2.7545,NEUTRAL
2026-09-18,NAT,6.0,0.005,0.018,MINOR,1,43.0,0.04,0.147,COMPRESSION,5,837.0,10,43,BULL_BOUNCE_PENDING,LONG,77.4,CONVICTION,FAVORABLE,0.2724,RISING
2026-09-18,NEO,6.0,0.05,0.063,MINOR,6,149.0,0.04,0.05,COMPRESSION,4,1102.0,12,59,BULL_BOUNCE_PENDING,LONG,59.7,MARGINAL,FAVORABLE,0.7945,RISING
2026-09-18,SDRL,6.0,0.11,0.059,COMPRESSION,11,804.0,1.23,0.663,CONVICTION,124,230.0,35,20,BULL_BOUNCE_PENDING,LONG,64.0,CONVICTION,FAVORABLE,1.8563,FALLING
2026-09-18,MUD,6.0,0.08,0.179,COMPRESSION,9,60.0,0.6,1.341,COMPRESSION,60,60.0,95,26,BULL_BOUNCE_PENDING,LONG,77.6,CONVICTION,FAVORABLE,0.4473,RISING
2026-09-18,TYL,6.0,5.0,0.378,CONVICTION,500,609.0,3.27,0.247,CONVICTION,327,326.0,76,50,BEAR_REJECTION_PENDING,SHORT,66.5,CONVICTION,FAVORABLE,13.2439,FALLING
2026-09-18,TNK,6.0,0.2,0.061,MINOR,20,58.0,0.33,0.101,COMPRESSION,33,91.0,14,89,BULL_BOUNCE_PENDING,LONG,53.7,MARGINAL,FAVORABLE,3.2645,RISING
2026-09-18,ZM,6.0,0.63,0.216,COMPRESSION,63,512.0,2.12,0.727,CONVICTION,213,1.0,96,20,BULL_BOUNCE_PENDING,LONG,84.5,CONVICTION,FAVORABLE,2.9148,FALLING
2026-09-18,RRX,6.0,6.24,1.065,CONVICTION,624,629.0,14.96,2.554,CONVICTION,1496,1470.0,61,8,BULL_BOUNCE_PENDING,LONG,76.1,CONVICTION,FAVORABLE,5.8583,FALLING
2026-09-18,SOLT,6.0,11.2,2.071,CONVICTION,1121,40.0,5.67,1.048,CONVICTION,568,894.0,1,56,BEAR_REJECTION_PENDING,SHORT,71.2,CONVICTION,FAVORABLE,5.408,RISING
2026-09-18,FGL,6.0,0.09,0.031,MINOR,9,426.0,0.0502,0.018,MINOR,6,425.0,17,2,BULL_BOUNCE_PENDING,LONG,60.0,CONVICTION,FAVORABLE,2.8585,FALLING
2026-09-18,AEMD,6.0,0.245,0.3,COMPRESSION,25,1076.0,0.015,0.018,MINOR,2,127.0,7,2,BULL_BOUNCE_PENDING,LONG,61.0,CONVICTION,FAVORABLE,0.8171,RISING
2026-09-18,QNRX,6.0,0.37,0.577,MINOR,38,397.0,0.965,1.504,COMPRESSION,97,1319.0,6,18,BULL_BOUNCE_CONFIRMED,LONG,61.0,CONVICTION,FAVORABLE,0.6417,NEUTRAL
2026-09-18,SOLS,6.0,1.42,0.594,CONVICTION,143,427.0,0.06,0.025,COMPRESSION,7,791.0,50,12,BULL_BOUNCE_PENDING,LONG,61.2,CONVICTION,FAVORABLE,2.3911,FALLING
2026-09-18,BBW,6.0,0.07,0.052,COMPRESSION,8,221.0,,,,,,69,0,BEAR_REJECTION_PENDING,SHORT,56.0,MARGINAL,FAVORABLE,1.3458,FALLING
2026-09-18,AMZU,6.0,0.8,0.508,COMPRESSION,80,72.0,0.29,0.184,COMPRESSION,30,89.0,46,53,BEAR_REJECTION_PENDING,SHORT,52.2,MARGINAL,FAVORABLE,1.5739,FALLING
2026-09-18,CHDN,6.0,0.59,0.22,COMPRESSION,60,825.0,0.71,0.265,MINOR,72,144.0,51,6,BULL_BOUNCE,LONG,58.8,MARGINAL,FAVORABLE,2.6834,FALLING
2026-09-18,BTCZ,6.0,0.165,0.732,COMPRESSION,17,801.0,0.12,0.532,COMPRESSION,12,361.0,52,5,BULL_BOUNCE_PENDING,LONG,75.1,CONVICTION,FAVORABLE,0.2255,NEUTRAL
2026-09-18,CHKP,6.0,0.94,0.186,COMPRESSION,94,879.0,2.75,0.543,CONVICTION,275,1167.0,39,30,BULL_BOUNCE_PENDING,LONG,66.8,CONVICTION,FAVORABLE,5.0602,NEUTRAL
2026-09-18,CHEF,6.0,0.79,0.192,MINOR,80,41.0,1.02,0.248,CONVICTION,102,1222.0,17,51,BULL_BOUNCE,LONG,72.6,CONVICTION,FAVORABLE,4.1055,RISING
2026-09-18,DAR,6.0,0.21,0.087,MINOR,21,93.0,0.87,0.359,COMPRESSION,88,73.0,26,33,BULL_BOUNCE_PENDING,LONG,54.0,MARGINAL,FAVORABLE,2.4248,FALLING
2026-09-18,GFL,6.0,0.03,0.022,COMPRESSION,3,184.0,2.27,1.668,CONVICTION,228,629.0,30,41,BULL_BOUNCE_PENDING,LONG,60.4,CONVICTION,FAVORABLE,1.3607,FALLING
2026-09-18,GGLL,6.0,1.06,0.226,CONVICTION,107,792.0,2.56,0.545,CONVICTION,257,380.0,28,72,BULL_BOUNCE_PENDING,LONG,65.8,CONVICTION,FAVORABLE,4.7,RISING
2026-09-18,DUST,6.0,3.48,1.497,CONVICTION,349,717.0,1.04,0.447,CONVICTION,104,97.0,52,64,BULL_BOUNCE_PENDING,LONG,76.9,CONVICTION,FAVORABLE,2.3244,RISING
2026-09-18,GDXD,6.0,0.04,0.021,MINOR,4,87.0,0.59,0.314,COMPRESSION,59,196.0,42,47,BULL_BOUNCE_CONFIRMED,LONG,67.3,CONVICTION,FAVORABLE,1.8762,RISING
2026-09-18,GLL,6.0,1.51,1.775,CONVICTION,152,837.0,0.38,0.447,COMPRESSION,38,203.0,76,77,BUY_LOWER_DIRTY,LONG,57.2,MARGINAL,FAVORABLE,0.8507,RISING
2026-09-18,PD,6.0,0.08,0.144,COMPRESSION,9,851.0,0.46,0.828,COMPRESSION,46,752.0,29,38,BULL_BOUNCE_PENDING,LONG,77.2,CONVICTION,FAVORABLE,0.5554,RISING
2026-09-18,SBIT,6.0,1.54,0.665,CONVICTION,155,819.0,1.21,0.523,CONVICTION,122,407.0,55,9,BEAR_REJECTION_PENDING,SHORT,65.2,CONVICTION,FAVORABLE,2.3156,RISING
2026-09-18,WAY,6.0,0.29,0.271,COMPRESSION,29,1441.0,0.42,0.392,COMPRESSION,43,883.0,42,47,BULL_BOUNCE_PENDING,LONG,76.7,CONVICTION,FAVORABLE,1.0716,RISING
2026-09-18,TZA,6.0,0.7,0.459,COMPRESSION,71,1226.0,0.66,0.433,COMPRESSION,67,405.0,8,89,BULL_BOUNCE_CONFIRMED,LONG,67.4,CONVICTION,FAVORABLE,1.5245,RISING
2026-09-18,AEHL,6.0,0.15,0.055,MINOR,16,182.0,0.0048,0.002,MINOR,1,419.0,14,3,BULL_BOUNCE_PENDING,LONG,70.7,CONVICTION,FAVORABLE,2.7512,NEUTRAL
2026-09-18,YDDL,6.0,0.02,0.101,MINOR,2,592.0,0.0019,0.01,MINOR,1,66.0,31,24,BULL_BOUNCE_CONFIRMED,LONG,52.0,MARGINAL,FAVORABLE,0.1975,NEUTRAL
2026-09-18,NEOV,6.0,0.15,0.437,COMPRESSION,16,43.0,0.11,0.32,MINOR,12,71.0,17,31,BULL_BOUNCE_PENDING,LONG,54.5,MARGINAL,FAVORABLE,0.3436,NEUTRAL
2026-09-18,DPRO,6.0,0.08,0.164,MINOR,9,1053.0,0.49,1.003,COMPRESSION,50,1076.0,20,26,BULL_BOUNCE,LONG,70.1,CONVICTION,FAVORABLE,0.4886,NEUTRAL
2026-09-18,ASND,6.0,7.75,0.675,CONVICTION,775,683.0,2.94,0.256,CONVICTION,294,820.0,49,26,BULL_BOUNCE_PENDING,LONG,54.0,MARGINAL,FAVORABLE,11.4816,FALLING
2026-09-18,BOX,6.0,0.03,0.027,COMPRESSION,3,1009.0,0.53,0.481,COMPRESSION,53,552.0,34,25,BULL_BOUNCE,LONG,59.0,MARGINAL,FAVORABLE,1.1015,NEUTRAL
2026-09-18,MIR,6.0,0.25,0.342,COMPRESSION,25,209.0,0.05,0.068,COMPRESSION,6,34.0,25,41,BULL_BOUNCE_PENDING,LONG,80.9,CONVICTION,FAVORABLE,0.7306,NEUTRAL
2026-09-18,JAZZ,6.0,1.78,0.285,VACUUM,179,385.0,1.42,0.228,CONVICTION,142,344.0,54,30,BULL_BOUNCE_PENDING,LONG,51.0,MARGINAL,FAVORABLE,6.2369,NEUTRAL
2026-09-18,CAR,6.0,0.73,0.129,COMPRESSION,73,728.0,0.92,0.163,COMPRESSION,92,916.0,92,11,BEAR_REJECTION_PENDING,SHORT,56.3,MARGINAL,FAVORABLE,5.6525,FALLING
2026-09-18,FLYE,6.0,0.07,0.185,MINOR,8,449.0,,,,,,13,0,BEAR_REJECTION_PENDING,SHORT,40.0,MARGINAL,FAVORABLE,0.3781,NEUTRAL
2026-09-18,AUUD,6.0,0.01,0.174,MINOR,2,97.0,0.0005,0.009,MINOR,1,384.0,10,38,BULL_BOUNCE_PENDING,LONG,57.0,MARGINAL,FAVORABLE,0.0575,NEUTRAL
2026-09-18,TSLT,6.0,0.01,0.01,MINOR,2,136.0,0.13,0.126,COMPRESSION,13,995.0,33,43,BEAR_REJECTION_PENDING,SHORT,48.8,MARGINAL,FAVORABLE,1.0288,FALLING
2026-09-18,VVOS,6.0,0.0032,0.084,COMPRESSION,1,868.0,0.0001,0.003,MINOR,1,540.0,51,11,SHORT_UPPER_DIRTY,SHORT,49.0,MARGINAL,FAVORABLE,0.0381,RISING
2026-09-18,BLBD,6.0,1.03,0.482,CONVICTION,104,63.0,0.66,0.309,COMPRESSION,67,771.0,59,23,BEAR_REJECTION_PENDING,SHORT,60.5,CONVICTION,FAVORABLE,2.1389,FALLING
2026-09-18,AAPU,6.0,1.31,0.662,CONVICTION,132,182.0,0.27,0.136,COMPRESSION,27,398.0,13,47,BULL_BOUNCE_PENDING,LONG,76.2,CONVICTION,FAVORABLE,1.9798,RISING
2026-09-18,BWXT,6.0,2.465,0.485,CONVICTION,247,122.0,0.75,0.148,COMPRESSION,75,149.0,97,17,BEAR_REJECTION_PENDING,SHORT,78.2,CONVICTION,FAVORABLE,5.0816,FALLING
2026-09-18,DG,6.0,8.89,2.187,CONVICTION,890,1016.0,1.445,0.356,CONVICTION,145,384.0,39,25,BULL_BOUNCE_PENDING,LONG,61.0,CONVICTION,FAVORABLE,4.0645,NEUTRAL
2026-09-18,CNX,6.0,0.19,0.204,COMPRESSION,19,523.0,0.34,0.366,COMPRESSION,35,213.0,62,31,BEAR_REJECTION_PENDING,SHORT,56.0,MARGINAL,FAVORABLE,0.9293,FALLING
2026-09-18,CEG,6.0,8.235,0.764,CONVICTION,824,762.0,3.028,0.281,CONVICTION,303,59.0,83,28,BULL_BOUNCE_PENDING,LONG,73.4,CONVICTION,FAVORABLE,10.7784,FALLING
2026-09-18,JAN,6.0,0.62,0.662,MINOR,62,363.0,0.16,0.171,COMPRESSION,17,1464.0,35,35,BEAR_REJECTION_PENDING,SHORT,48.6,MARGINAL,FAVORABLE,0.9363,RISING
2026-09-18,MMED,6.0,0.02,0.017,MINOR,2,98.0,0.14,0.119,COMPRESSION,14,679.0,18,16,BULL_BOUNCE_PENDING,LONG,80.8,CONVICTION,FAVORABLE,1.1762,NEUTRAL
2026-09-18,GME,6.0,0.08,0.104,COMPRESSION,9,726.0,0.19,0.246,COMPRESSION,20,1424.0,6,48,BEAR_REJECTION_PENDING,SHORT,69.0,CONVICTION,FAVORABLE,0.7709,RISING
2026-09-18,RDAC,6.0,0.24,0.299,MINOR,25,869.0,0.02,0.025,COMPRESSION,3,1197.0,12,26,BULL_BOUNCE,LONG,54.5,MARGINAL,FAVORABLE,0.804,NEUTRAL
2026-09-18,PLSE,6.0,0.01,0.002,COMPRESSION,1,268.0,0.6619,0.141,MINOR,67,1185.0,29,28,BEAR_REJECTION_PENDING,SHORT,68.7,CONVICTION,FAVORABLE,4.7103,NEUTRAL
2026-09-18,SGRY,6.0,0.12,0.177,COMPRESSION,12,49.0,0.06,0.089,COMPRESSION,7,703.0,47,17,BULL_BOUNCE_PENDING,LONG,76.8,CONVICTION,FAVORABLE,0.677,FALLING
2026-09-18,PBR,6.0,0.24,0.353,COMPRESSION,25,439.0,0.54,0.795,COMPRESSION,54,94.0,52,72,BULL_BOUNCE_PENDING,LONG,55.8,MARGINAL,FAVORABLE,0.6792,RISING
2026-09-18,TAL,6.0,0.12,0.302,MINOR,12,573.0,0.04,0.101,COMPRESSION,5,1238.0,14,41,BUY_LOWER_DIRTY,LONG,64.8,CONVICTION,FAVORABLE,0.3972,RISING
2026-09-18,PPBT,6.0,0.0445,0.176,MINOR,5,1250.0,0.07,0.277,MINOR,8,625.0,15,18,BULL_BOUNCE_PENDING,LONG,65.0,CONVICTION,FAVORABLE,0.2525,NEUTRAL
2026-09-18,ATRC,6.0,0.025,0.011,MINOR,3,11.0,2.79,1.28,CONVICTION,279,745.0,14,54,BULL_BOUNCE,LONG,83.5,CONVICTION,FAVORABLE,2.1789,RISING
2026-09-18,AXSM,6.0,2.23,0.283,CONVICTION,223,128.0,0.71,0.09,COMPRESSION,72,461.0,87,24,BULL_BOUNCE,LONG,65.0,CONVICTION,FAVORABLE,7.8729,RISING
2026-09-18,BDC,6.0,5.01,1.084,CONVICTION,502,481.0,0.84,0.182,COMPRESSION,84,739.0,36,21,BULL_BOUNCE_PENDING,LONG,79.7,CONVICTION,FAVORABLE,4.6228,FALLING
2026-09-18,BHC,6.0,0.02,0.074,COMPRESSION,2,378.0,0.29,1.067,COMPRESSION,30,1258.0,11,15,BULL_BOUNCE_PENDING,LONG,76.8,CONVICTION,FAVORABLE,0.2718,NEUTRAL
2026-09-18,CE,6.0,0.25,0.139,COMPRESSION,25,1382.0,0.7,0.389,COMPRESSION,71,1180.0,57,12,BULL_BOUNCE,LONG,71.0,CONVICTION,FAVORABLE,1.7989,RISING
2026-09-18,CNM,6.0,0.12,0.086,COMPRESSION,12,788.0,0.31,0.222,COMPRESSION,31,252.0,34,23,BULL_BOUNCE_PENDING,LONG,52.8,MARGINAL,FAVORABLE,1.3964,RISING
2026-09-18,CRBG,6.0,0.005,0.006,MINOR,1,6.0,0.08,0.098,COMPRESSION,8,36.0,7,57,BULL_BOUNCE_PENDING,LONG,64.0,CONVICTION,FAVORABLE,0.8125,RISING
2026-09-18,BROS,6.0,0.65,0.362,COMPRESSION,65,861.0,0.87,0.485,COMPRESSION,87,1336.0,71,3,BULL_BOUNCE_PENDING,LONG,68.8,CONVICTION,FAVORABLE,1.7945,FALLING
2026-09-18,CRUS,6.0,1.36,0.309,CONVICTION,136,752.0,0.93,0.212,COMPRESSION,94,412.0,43,51,BUY_LOWER_DIRTY,LONG,44.9,MARGINAL,FAVORABLE,4.3968,RISING
2026-09-18,DY,6.0,8.7,0.704,CONVICTION,870,91.0,1.03,0.083,CONVICTION,104,1102.0,51,47,BULL_BOUNCE_PENDING,LONG,40.0,MARGINAL,FAVORABLE,12.3583,RISING
2026-09-18,EEFT,6.0,0.43,0.178,COMPRESSION,43,102.0,0.01,0.004,MINOR,2,373.0,83,10,BULL_BOUNCE_PENDING,LONG,76.8,CONVICTION,FAVORABLE,2.4208,FALLING
2026-09-18,EQH,6.0,0.12,0.094,COMPRESSION,13,293.0,0.25,0.196,COMPRESSION,25,70.0,25,42,BULL_BOUNCE_PENDING,LONG,66.5,CONVICTION,FAVORABLE,1.2725,NEUTRAL
2026-09-18,GGB,6.0,0.045,0.239,MINOR,5,254.0,0.08,0.425,COMPRESSION,9,518.0,16,26,BULL_BOUNCE,LONG,70.0,CONVICTION,FAVORABLE,0.1882,RISING
2026-09-18,FMC,6.0,0.18,0.253,COMPRESSION,18,1244.0,,,,,,64,0,BEAR_REJECTION_PENDING,SHORT,62.1,CONVICTION,FAVORABLE,0.7109,FALLING
2026-09-18,GLBE,6.0,0.29,0.203,COMPRESSION,30,471.0,0.33,0.231,COMPRESSION,33,162.0,36,50,BEAR_REJECTION_PENDING,SHORT,61.9,CONVICTION,FAVORABLE,1.4257,RISING
2026-09-18,GT,6.0,0.03,0.12,COMPRESSION,4,450.0,0.005,0.02,MINOR,1,98.0,55,2,BEAR_REJECTION_PENDING,SHORT,50.0,MARGINAL,FAVORABLE,0.2506,FALLING
2026-09-18,HRMY,6.0,0.035,0.028,MINOR,4,122.0,0.71,0.577,COMPRESSION,71,593.0,19,31,BULL_BOUNCE_PENDING,LONG,86.0,CONVICTION,FAVORABLE,1.23,RISING
2026-09-18,INSM,6.0,0.09,0.018,MINOR,10,202.0,0.03,0.006,MINOR,4,168.0,60,4,BEAR_REJECTION_PENDING,SHORT,46.6,MARGINAL,FAVORABLE,5.0663,FALLING
2026-09-18,ITUB,6.0,0.105,0.428,COMPRESSION,11,28.0,0.16,0.651,COMPRESSION,17,661.0,39,61,BEAR_REJECTION_PENDING,SHORT,48.0,MARGINAL,FAVORABLE,0.2456,RISING
2026-09-18,LEA,6.0,2.37,0.631,CONVICTION,238,731.0,2.71,0.721,CONVICTION,272,153.0,95,11,BUY_LOWER_DIRTY,LONG,47.8,MARGINAL,FAVORABLE,3.7566,FALLING
2026-09-18,MGA,6.0,1.3,0.706,CONVICTION,130,355.0,1.83,0.993,CONVICTION,183,645.0,84,16,BULL_BOUNCE_PENDING,LONG,89.6,CONVICTION,FAVORABLE,1.8424,FALLING
2026-09-18,MHK,6.0,16.97,4.211,CONVICTION,1697,620.0,1.0,0.248,CONVICTION,100,19.0,46,30,BULL_BOUNCE_PENDING,LONG,95.4,CONVICTION,FAVORABLE,4.0301,NEUTRAL
2026-09-18,MGNI,6.0,0.01,0.009,MINOR,1,158.0,1.998,1.783,CONVICTION,200,906.0,16,46,BULL_BOUNCE_PENDING,LONG,68.0,CONVICTION,FAVORABLE,1.1207,NEUTRAL
2026-09-18,MLYS,6.0,0.045,0.026,MINOR,5,38.0,0.31,0.177,COMPRESSION,32,1029.0,48,26,BULL_BOUNCE_PENDING,LONG,63.4,CONVICTION,FAVORABLE,1.7486,FALLING
2026-09-18,NUE,6.0,2.18,0.263,CONVICTION,219,316.0,1.21,0.146,CONVICTION,121,463.0,64,45,BULL_BOUNCE_PENDING,LONG,72.7,CONVICTION,FAVORABLE,8.2848,NEUTRAL
2026-09-18,QRVO,6.0,0.2,0.037,MINOR,21,178.0,0.34,0.063,COMPRESSION,35,1180.0,4,63,BULL_BOUNCE_PENDING,LONG,74.3,CONVICTION,FAVORABLE,5.3924,RISING
2026-09-18,REGN,6.0,9.47,0.476,CONVICTION,948,132.0,6.91,0.347,CONVICTION,691,185.0,90,54,BULL_BOUNCE_PENDING,LONG,60.0,CONVICTION,FAVORABLE,19.886,NEUTRAL
2026-09-18,SGI,6.0,0.29,0.116,COMPRESSION,30,141.0,0.35,0.14,MINOR,36,160.0,58,10,BULL_BOUNCE_PENDING,LONG,48.3,MARGINAL,FAVORABLE,2.4961,FALLING
2026-09-18,PLTZ,6.0,0.19,0.253,COMPRESSION,20,786.0,0.1,0.133,COMPRESSION,10,52.0,27,5,BEAR_REJECTION_PENDING,SHORT,52.0,MARGINAL,FAVORABLE,0.7514,FALLING
2026-09-18,SLDE,6.0,0.27,0.332,MINOR,27,615.0,0.275,0.338,COMPRESSION,28,34.0,42,38,BULL_BOUNCE_PENDING,LONG,59.0,MARGINAL,FAVORABLE,0.8134,RISING
2026-09-18,STLD,6.0,2.36,0.287,CONVICTION,237,813.0,0.65,0.079,COMPRESSION,66,1425.0,57,20,BULL_BOUNCE_PENDING,LONG,67.0,CONVICTION,FAVORABLE,8.2361,FALLING
2026-09-18,STNE,6.0,0.14,0.341,COMPRESSION,14,200.0,0.06,0.146,COMPRESSION,6,1173.0,39,16,BEAR_REJECTION_PENDING,SHORT,57.6,MARGINAL,FAVORABLE,0.4109,RISING
2026-09-18,STNG,6.0,0.0679,0.028,MINOR,7,171.0,1.19,0.49,CONVICTION,119,287.0,22,82,BULL_BOUNCE_PENDING,LONG,51.0,MARGINAL,FAVORABLE,2.4273,RISING
2026-09-18,TDS,6.0,0.29,0.254,COMPRESSION,30,478.0,0.5,0.438,COMPRESSION,50,632.0,45,57,BULL_BOUNCE_PENDING,LONG,36.5,MARGINAL,FAVORABLE,1.1428,RISING
2026-09-18,SYM,6.0,2.91,1.62,CONVICTION,292,344.0,0.125,0.07,COMPRESSION,13,7.0,41,50,BEAR_REJECTION_PENDING,SHORT,68.2,CONVICTION,FAVORABLE,1.7968,RISING
2026-09-18,TEX,6.0,1.76,0.739,CONVICTION,176,131.0,0.87,0.365,COMPRESSION,88,1015.0,73,22,BEAR_REJECTION_PENDING,SHORT,84.8,CONVICTION,FAVORABLE,2.3824,FALLING
2026-09-18,VIST,6.0,0.95,0.286,COMPRESSION,96,150.0,1.81,0.545,CONVICTION,182,39.0,74,35,BULL_BOUNCE_PENDING,LONG,66.8,CONVICTION,FAVORABLE,3.3217,RISING
2026-09-18,VSNT,6.0,0.23,0.177,COMPRESSION,23,993.0,0.27,0.207,COMPRESSION,28,182.0,81,7,BULL_BOUNCE_PENDING,LONG,60.5,CONVICTION,FAVORABLE,1.3021,NEUTRAL
2026-09-18,WLK,6.0,0.26,0.106,COMPRESSION,27,1426.0,0.645,0.263,COMPRESSION,65,60.0,79,4,BUY_LOWER_DIRTY,LONG,55.7,MARGINAL,FAVORABLE,2.4542,RISING
2026-09-18,XRAY,6.0,0.1,0.214,COMPRESSION,11,776.0,0.0036,0.008,MINOR,1,54.0,27,1,BULL_BOUNCE_PENDING,LONG,46.0,MARGINAL,FAVORABLE,0.4665,FALLING
2026-09-18,FNGR,6.0,0.0007,0.023,MINOR,1,99.0,0.0004,0.013,MINOR,1,71.0,8,14,BULL_BOUNCE,LONG,59.0,MARGINAL,FAVORABLE,0.0307,NEUTRAL
2026-09-18,CHPT,6.0,,,,,,0.08,0.089,COMPRESSION,9,310.0,0,74,BULL_BOUNCE_PENDING,LONG,79.1,CONVICTION,FAVORABLE,0.8978,NEUTRAL
2026-09-18,HODU,6.0,0.07,0.042,COMPRESSION,8,735.0,0.825,0.495,COMPRESSION,83,751.0,37,56,BULL_BOUNCE_PENDING,LONG,69.0,CONVICTION,FAVORABLE,1.6656,FALLING
2026-09-18,HOOG,6.0,1.73,0.424,VACUUM,174,731.0,2.25,0.551,CONVICTION,225,683.0,35,50,BULL_BOUNCE_PENDING,LONG,65.7,CONVICTION,FAVORABLE,4.084,FALLING
2026-09-18,SST,6.0,0.03,0.044,MINOR,4,161.0,0.02,0.029,MINOR,3,24.0,11,23,BULL_BOUNCE_PENDING,LONG,62.9,CONVICTION,FAVORABLE,0.6799,NEUTRAL
2026-09-18,TLYS,6.0,0.03,0.061,MINOR,4,821.0,0.03,0.061,COMPRESSION,4,75.0,39,13,BULL_BOUNCE_PENDING,LONG,64.2,CONVICTION,FAVORABLE,0.4914,NEUTRAL
2026-09-18,CRCA,6.0,0.12,0.032,COMPRESSION,12,732.0,0.88,0.237,COMPRESSION,88,652.0,30,38,BULL_BOUNCE_PENDING,LONG,65.0,CONVICTION,FAVORABLE,3.7172,FALLING
2026-09-18,CRCG,6.0,0.205,0.081,COMPRESSION,21,710.0,0.64,0.252,COMPRESSION,65,638.0,21,39,BULL_BOUNCE_PENDING,LONG,89.9,CONVICTION,FAVORABLE,2.5399,FALLING
2026-09-18,CCUP,6.0,0.54,0.122,COMPRESSION,54,714.0,1.19,0.269,CONVICTION,119,655.0,45,54,BULL_BOUNCE_PENDING,LONG,93.1,CONVICTION,FAVORABLE,4.4199,FALLING
2026-09-18,ALAB,6.0,0.635,0.031,MINOR,64,153.0,4.375,0.217,CONVICTION,438,44.0,15,108,BULL_BOUNCE_PENDING,LONG,70.7,CONVICTION,FAVORABLE,20.1784,FALLING
2026-09-18,ALMS,6.0,0.23,0.133,MINOR,23,73.0,0.19,0.11,COMPRESSION,20,99.0,26,4,BULL_BOUNCE_PENDING,LONG,43.0,MARGINAL,FAVORABLE,1.7292,FALLING
2026-09-18,ARKK,6.0,0.02,0.009,MINOR,3,2.0,0.63,0.282,COMPRESSION,63,0.0,3,100,BULL_BOUNCE_PENDING,LONG,68.7,CONVICTION,FAVORABLE,2.2304,RISING
2026-09-18,AVL,6.0,1.88,0.817,CONVICTION,189,1173.0,1.11,0.483,CONVICTION,112,133.0,54,90,BULL_BOUNCE_PENDING,LONG,76.7,CONVICTION,FAVORABLE,2.2999,RISING
2026-09-18,CAMT,6.0,1.2,0.174,CONVICTION,120,117.0,5.62,0.816,CONVICTION,563,59.0,46,72,BULL_BOUNCE_PENDING,LONG,87.0,CONVICTION,FAVORABLE,6.8861,RISING
2026-09-18,CLYM,6.0,0.02,0.017,MINOR,3,927.0,0.115,0.101,MINOR,12,1437.0,29,29,BULL_BOUNCE_PENDING,LONG,62.5,CONVICTION,FAVORABLE,1.1435,NEUTRAL
2026-09-18,CPRI,6.0,0.24,0.357,COMPRESSION,25,80.0,0.23,0.342,COMPRESSION,23,794.0,15,54,BULL_BOUNCE_PENDING,LONG,66.6,CONVICTION,FAVORABLE,0.6721,RISING
2026-09-18,DAPP,6.0,0.51,0.51,COMPRESSION,51,475.0,0.38,0.38,COMPRESSION,39,338.0,16,69,BULL_BOUNCE_PENDING,LONG,66.3,CONVICTION,FAVORABLE,1.0006,FALLING
2026-09-18,GIL,6.0,0.6,0.37,COMPRESSION,61,326.0,0.15,0.092,COMPRESSION,15,796.0,75,11,BULL_BOUNCE_PENDING,LONG,69.6,CONVICTION,FAVORABLE,1.6218,FALLING
2026-09-18,ICE,6.0,1.26,0.36,CONVICTION,126,352.0,0.96,0.275,COMPRESSION,97,505.0,51,48,BEAR_REJECTION_PENDING,SHORT,67.5,CONVICTION,FAVORABLE,3.4955,FALLING
2026-09-18,FNGU,6.0,0.09,0.068,COMPRESSION,9,118.0,1.16,0.881,CONVICTION,117,791.0,42,68,BULL_BOUNCE_PENDING,LONG,43.0,MARGINAL,FAVORABLE,1.3168,NEUTRAL
2026-09-18,NKTR,6.0,1.31,0.458,VACUUM,131,651.0,1.32,0.462,CONVICTION,133,785.0,82,22,BULL_BOUNCE_PENDING,LONG,93.5,CONVICTION,FAVORABLE,2.8588,FALLING
2026-09-18,MTSI,6.0,8.93,0.63,CONVICTION,894,1332.0,0.89,0.063,COMPRESSION,89,70.0,44,87,BULL_BOUNCE_PENDING,LONG,81.4,CONVICTION,FAVORABLE,14.1806,RISING
2026-09-18,SAIA,6.0,4.81,0.368,CONVICTION,482,246.0,0.55,0.042,COMPRESSION,56,132.0,72,8,BULL_BOUNCE_PENDING,LONG,37.0,MARGINAL,FAVORABLE,13.0729,RISING
2026-09-18,SNX,6.0,0.07,0.009,COMPRESSION,7,750.0,1.83,0.235,CONVICTION,183,744.0,9,39,BULL_BOUNCE_PENDING,LONG,57.0,MARGINAL,FAVORABLE,7.7789,FALLING
2026-09-18,TEL,6.0,0.48,0.077,COMPRESSION,48,379.0,2.82,0.452,CONVICTION,282,38.0,21,53,BULL_BOUNCE_PENDING,LONG,62.0,CONVICTION,FAVORABLE,6.2423,FALLING
2026-09-18,UNM,6.0,0.01,0.005,MINOR,2,153.0,0.26,0.118,COMPRESSION,27,1458.0,8,55,BULL_BOUNCE,LONG,75.4,CONVICTION,FAVORABLE,2.2034,RISING
2026-09-18,WLY,6.0,0.72,0.307,MINOR,72,237.0,0.17,0.072,COMPRESSION,17,563.0,35,19,BULL_BOUNCE_PENDING,LONG,35.0,MARGINAL,FAVORABLE,2.3477,RISING
2026-09-18,BAOS,6.0,0.0065,0.134,MINOR,1,112.0,0.0012,0.025,COMPRESSION,1,724.0,5,17,BULL_BOUNCE,LONG,65.0,CONVICTION,FAVORABLE,0.0486,RISING
2026-09-18,AOUT,6.0,0.07,0.068,MINOR,8,798.0,0.175,0.169,COMPRESSION,18,1009.0,3,40,BULL_BOUNCE_PENDING,LONG,47.0,MARGINAL,FAVORABLE,1.033,NEUTRAL
2026-09-18,VRT,6.0,6.95,0.482,CONVICTION,695,148.0,30.25,2.098,CONVICTION,3025,536.0,29,48,BULL_BOUNCE_PENDING,LONG,62.3,CONVICTION,FAVORABLE,14.4164,FALLING
2026-09-18,BBCP,6.0,0.21,0.457,COMPRESSION,21,445.0,0.04,0.087,MINOR,5,46.0,35,14,BULL_BOUNCE,LONG,45.0,MARGINAL,FAVORABLE,0.4596,FALLING
2026-09-18,ZCSH,6.0,0.075,0.008,MINOR,8,67.0,5.37,0.554,CONVICTION,538,849.0,6,30,BULL_BOUNCE_PENDING,LONG,66.0,CONVICTION,FAVORABLE,9.6848,RISING
2026-09-18,AEHG,6.0,0.07,0.058,COMPRESSION,7,353.0,0.61,0.504,COMPRESSION,61,232.0,29,44,BEAR_REJECTION_PENDING,SHORT,63.8,CONVICTION,FAVORABLE,1.2092,RISING
2026-09-18,ARW,6.0,6.61,0.874,CONVICTION,662,607.0,3.09,0.409,VACUUM,310,270.0,33,32,BULL_BOUNCE_PENDING,LONG,68.0,CONVICTION,FAVORABLE,7.5609,FALLING
2026-09-18,AS,6.0,0.28,0.27,COMPRESSION,29,323.0,0.2,0.193,COMPRESSION,20,427.0,52,8,BULL_BOUNCE_PENDING,LONG,63.4,CONVICTION,FAVORABLE,1.037,FALLING
2026-09-18,ATI,6.0,5.71,0.677,CONVICTION,572,406.0,2.71,0.321,CONVICTION,272,1106.0,49,30,BULL_BOUNCE_PENDING,LONG,67.0,CONVICTION,FAVORABLE,8.4364,FALLING
2026-09-18,LABX,6.0,1.35,0.954,CONVICTION,135,1137.0,0.28,0.198,COMPRESSION,28,97.0,51,80,BULL_BOUNCE_PENDING,LONG,56.8,MARGINAL,FAVORABLE,1.4156,NEUTRAL
2026-09-18,BEN,6.0,0.46,0.566,COMPRESSION,47,120.0,0.22,0.271,COMPRESSION,23,380.0,49,8,BULL_BOUNCE_PENDING,LONG,73.0,CONVICTION,FAVORABLE,0.8122,FALLING
2026-09-18,BFH,6.0,0.59,0.165,MINOR,59,53.0,1.19,0.332,CONVICTION,119,612.0,46,23,BULL_BOUNCE_PENDING,LONG,81.8,CONVICTION,FAVORABLE,3.5849,NEUTRAL
2026-09-18,BLTE,6.0,0.81,0.095,COMPRESSION,82,176.0,0.55,0.064,COMPRESSION,55,1138.0,70,57,BEAR_REJECTION_PENDING,SHORT,40.0,MARGINAL,FAVORABLE,8.5657,FALLING
2026-09-18,GOLD,6.0,1.35,0.482,VACUUM,136,1435.0,0.1,0.036,MINOR,11,1377.0,33,23,BULL_BOUNCE_PENDING,LONG,66.0,CONVICTION,FAVORABLE,2.8035,RISING
2026-09-18,ENTG,6.0,0.16,0.027,COMPRESSION,16,132.0,11.8,1.992,CONVICTION,1180,100.0,46,78,BULL_BOUNCE_PENDING,LONG,82.8,CONVICTION,FAVORABLE,5.9243,RISING
2026-09-18,HRI,6.0,3.25,0.444,CONVICTION,325,97.0,0.0025,0.0,MINOR,1,188.0,57,8,BEAR_REJECTION_PENDING,SHORT,76.4,CONVICTION,FAVORABLE,7.3266,FALLING
2026-09-18,KMT,6.0,0.12,0.138,COMPRESSION,12,471.0,0.11,0.126,COMPRESSION,11,586.0,37,24,BULL_BOUNCE_PENDING,LONG,60.0,CONVICTION,FAVORABLE,0.8717,FALLING
2026-09-18,EWY,6.0,7.88,1.301,CONVICTION,788,110.0,7.63,1.26,CONVICTION,763,224.0,76,92,BEAR_REJECTION_PENDING,SHORT,78.9,CONVICTION,FAVORABLE,6.0566,FALLING
2026-09-18,NVMI,6.0,21.71,1.512,CONVICTION,2171,20.0,8.09,0.564,CONVICTION,810,529.0,67,44,BULL_BOUNCE_PENDING,LONG,66.8,CONVICTION,FAVORABLE,14.3561,RISING
2026-09-18,RL,6.0,3.37,0.341,CONVICTION,337,77.0,0.23,0.023,COMPRESSION,23,2.0,87,20,BULL_BOUNCE_PENDING,LONG,62.6,CONVICTION,FAVORABLE,9.8841,RISING
2026-09-18,SIG,6.0,0.5,0.103,COMPRESSION,50,25.0,10.68,2.191,CONVICTION,1069,565.0,22,32,BULL_BOUNCE_PENDING,LONG,95.0,CONVICTION,FAVORABLE,4.8736,RISING
2026-09-18,PSI,6.0,1.4,0.288,CONVICTION,141,24.0,2.02,0.415,CONVICTION,203,55.0,31,99,BEAR_REJECTION_PENDING,SHORT,78.5,CONVICTION,FAVORABLE,4.8646,NEUTRAL
2026-09-18,SITE,6.0,0.63,0.193,COMPRESSION,63,271.0,0.46,0.141,MINOR,47,189.0,36,38,BEAR_REJECTION_PENDING,SHORT,58.7,MARGINAL,FAVORABLE,3.2587,FALLING
2026-09-18,TRU,6.0,0.08,0.027,MINOR,8,7.0,0.34,0.113,COMPRESSION,35,314.0,64,37,BULL_BOUNCE_PENDING,LONG,72.0,CONVICTION,FAVORABLE,3.0043,FALLING
2026-09-18,TYRA,6.0,3.21,1.295,CONVICTION,322,1467.0,0.3,0.121,MINOR,31,791.0,14,55,BULL_BOUNCE_PENDING,LONG,51.7,MARGINAL,FAVORABLE,2.4779,RISING
2026-09-18,TSDD,6.0,0.16,0.258,COMPRESSION,16,390.0,0.01,0.016,COMPRESSION,1,134.0,54,33,BULL_BOUNCE_PENDING,LONG,78.0,CONVICTION,FAVORABLE,0.6204,RISING
2026-09-18,VAC,6.0,1.08,0.265,CONVICTION,108,101.0,1.22,0.299,CONVICTION,122,272.0,69,33,BULL_BOUNCE_PENDING,LONG,71.9,CONVICTION,FAVORABLE,4.0821,NEUTRAL
2026-09-18,VFC,6.0,0.16,0.36,COMPRESSION,17,473.0,0.08,0.18,COMPRESSION,8,473.0,39,20,BULL_BOUNCE_PENDING,LONG,41.0,MARGINAL,FAVORABLE,0.4446,FALLING
2026-09-18,WCC,6.0,13.35,1.167,CONVICTION,1336,145.0,8.59,0.751,CONVICTION,860,37.0,53,26,BULL_BOUNCE_PENDING,LONG,62.4,CONVICTION,FAVORABLE,11.4382,FALLING
2026-09-18,XPO,6.0,3.66,0.531,CONVICTION,366,332.0,2.14,0.31,CONVICTION,214,60.0,79,8,BULL_BOUNCE_PENDING,LONG,73.2,CONVICTION,FAVORABLE,6.8972,FALLING
2026-09-18,EOSU,6.0,0.115,0.097,COMPRESSION,12,181.0,0.06,0.051,COMPRESSION,6,1272.0,19,25,BEAR_REJECTION_PENDING,SHORT,55.0,MARGINAL,FAVORABLE,1.1841,FALLING
2026-09-18,SMU,6.0,0.35,0.372,COMPRESSION,35,88.0,0.0217,0.023,MINOR,3,22.0,34,4,BEAR_REJECTION_PENDING,SHORT,64.1,CONVICTION,FAVORABLE,0.9413,FALLING
2026-09-18,ABM,6.0,4.59,3.006,CONVICTION,459,213.0,0.4,0.262,COMPRESSION,40,867.0,56,43,BULL_BOUNCE_PENDING,LONG,73.5,CONVICTION,FAVORABLE,1.5272,RISING
2026-09-18,BEG,6.0,1.93,0.32,CONVICTION,193,1306.0,0.53,0.088,COMPRESSION,53,4.0,36,51,BEAR_REJECTION_PENDING,SHORT,50.0,MARGINAL,FAVORABLE,6.0269,FALLING
2026-09-18,COGT,6.0,0.45,0.352,COMPRESSION,46,834.0,15.29,11.965,CONVICTION,1529,454.0,58,1,BULL_BOUNCE_PENDING,LONG,90.4,CONVICTION,FAVORABLE,1.2779,FALLING
2026-09-18,CYTK,6.0,0.32,0.123,COMPRESSION,33,565.0,0.11,0.042,MINOR,11,1490.0,68,6,BEAR_REJECTION_PENDING,SHORT,52.4,MARGINAL,FAVORABLE,2.5954,FALLING
2026-09-18,DYN,6.0,6.07,4.192,CONVICTION,607,699.0,0.41,0.283,COMPRESSION,42,1028.0,43,5,BULL_BOUNCE_PENDING,LONG,75.9,CONVICTION,FAVORABLE,1.4481,FALLING
2026-09-18,ABVX,6.0,0.58,0.119,COMPRESSION,58,840.0,0.645,0.132,COMPRESSION,65,1077.0,102,46,BUY_LOWER_DIRTY,LONG,41.9,MARGINAL,FAVORABLE,4.892,FALLING
2026-09-18,ENOV,6.0,0.21,0.147,MINOR,21,897.0,0.05,0.035,MINOR,6,62.0,38,3,BEAR_REJECTION_PENDING,SHORT,56.8,MARGINAL,FAVORABLE,1.4288,FALLING
2026-09-18,ENPH,6.0,1.11,0.581,CONVICTION,111,286.0,0.22,0.115,MINOR,23,890.0,47,5,BEAR_REJECTION_PENDING,SHORT,67.5,CONVICTION,FAVORABLE,1.91,NEUTRAL
2026-09-18,GPRK,6.0,0.035,0.053,COMPRESSION,4,14.0,0.43,0.653,COMPRESSION,43,757.0,43,44,BULL_BOUNCE_PENDING,LONG,71.8,CONVICTION,FAVORABLE,0.6582,NEUTRAL
2026-09-18,FSLR,6.0,2.74,0.293,CONVICTION,274,530.0,4.84,0.517,CONVICTION,485,1350.0,39,19,BEAR_REJECTION_PENDING,SHORT,61.9,CONVICTION,FAVORABLE,9.366,NEUTRAL
2026-09-18,FLEX,6.0,2.055,0.411,CONVICTION,206,15.0,0.355,0.071,COMPRESSION,36,1487.0,48,20,BEAR_REJECTION_PENDING,SHORT,88.2,CONVICTION,FAVORABLE,5.0003,FALLING
2026-09-18,NUR,6.0,0.215,0.302,MINOR,22,1023.0,0.01,0.014,MINOR,2,326.0,10,12,BULL_BOUNCE_CONFIRMED,LONG,73.0,CONVICTION,FAVORABLE,0.7112,RISING
2026-09-18,LYTE,6.0,0.71,0.674,COMPRESSION,72,483.0,0.14,0.133,COMPRESSION,15,255.0,12,67,BULL_BOUNCE_PENDING,LONG,64.6,CONVICTION,FAVORABLE,1.0539,RISING
2026-09-18,NAMS,6.0,1.38,0.976,CONVICTION,138,1018.0,0.19,0.134,COMPRESSION,20,729.0,33,16,BULL_BOUNCE_CONFIRMED,LONG,62.0,CONVICTION,FAVORABLE,1.4134,RISING
2026-09-18,TVTX,6.0,0.06,0.024,MINOR,6,75.0,5.98,2.404,CONVICTION,598,145.0,55,23,BULL_BOUNCE_PENDING,LONG,75.8,CONVICTION,FAVORABLE,2.4874,NEUTRAL
2026-09-18,GCDT,6.0,0.0181,0.142,MINOR,2,1205.0,0.0184,0.144,MINOR,2,497.0,18,7,BULL_BOUNCE,LONG,69.5,CONVICTION,FAVORABLE,0.1278,RISING
2026-09-18,FND,6.0,0.14,0.069,COMPRESSION,15,98.0,0.64,0.317,MINOR,65,66.0,51,8,BEAR_REJECTION_PENDING,SHORT,66.7,CONVICTION,FAVORABLE,2.0165,FALLING
2026-09-18,WGMI,6.0,0.64,0.246,COMPRESSION,65,656.0,1.64,0.632,CONVICTION,165,313.0,40,78,BULL_BOUNCE_PENDING,LONG,58.5,MARGINAL,FAVORABLE,2.5964,FALLING
2026-09-18,UVIX,6.0,0.57,0.231,COMPRESSION,58,1233.0,0.31,0.126,COMPRESSION,32,163.0,58,35,BULL_BOUNCE_PENDING,LONG,49.4,MARGINAL,FAVORABLE,2.4682,RISING
2026-09-18,JBS,6.0,0.01,0.027,COMPRESSION,1,1265.0,0.07,0.187,COMPRESSION,8,62.0,32,13,BULL_BOUNCE,LONG,49.0,MARGINAL,FAVORABLE,0.3739,FALLING
2026-09-18,OLB,6.0,0.0022,0.052,MINOR,1,73.0,0.0005,0.011,MINOR,1,52.0,17,5,CHANNEL_RECLAIM_LONG,LONG,61.0,CONVICTION,FAVORABLE,0.0423,RISING
2026-09-18,IRD,6.0,0.02,0.032,COMPRESSION,3,1295.0,0.05,0.081,MINOR,5,224.0,44,4,BULL_BOUNCE_PENDING,LONG,63.9,CONVICTION,FAVORABLE,0.6191,RISING
2026-09-18,ODD,6.0,0.32,0.197,MINOR,33,206.0,2.95,1.814,CONVICTION,296,1175.0,15,32,BULL_BOUNCE_PENDING,LONG,47.0,MARGINAL,FAVORABLE,1.6264,RISING
2026-09-18,INDP,6.0,0.03,0.071,MINOR,4,515.0,0.015,0.035,MINOR,2,610.0,15,52,BULL_BOUNCE_PENDING,LONG,65.0,CONVICTION,FAVORABLE,0.423,RISING
2026-09-18,AMBQ,6.0,2.41,0.709,CONVICTION,241,148.0,0.6,0.177,COMPRESSION,61,774.0,25,60,CHANNEL_RECLAIM_LONG,LONG,61.0,CONVICTION,FAVORABLE,3.3987,RISING
2026-09-18,AMBA,6.0,1.04,0.241,CONVICTION,105,1116.0,0.05,0.012,COMPRESSION,5,740.0,69,48,BULL_BOUNCE_PENDING,LONG,65.7,CONVICTION,FAVORABLE,4.3114,NEUTRAL
2026-09-18,ASO,6.0,0.65,0.277,COMPRESSION,65,916.0,0.21,0.089,COMPRESSION,22,804.0,84,37,BULL_BOUNCE_PENDING,LONG,73.8,CONVICTION,FAVORABLE,2.3471,FALLING
2026-09-18,RAL,6.0,0.73,0.3,COMPRESSION,74,553.0,0.65,0.267,COMPRESSION,65,1112.0,31,67,BULL_BOUNCE_PENDING,LONG,78.7,CONVICTION,FAVORABLE,2.435,RISING
2026-09-18,FTFT,6.0,0.545,0.34,COMPRESSION,55,951.0,0.02,0.012,MINOR,3,764.0,24,20,BULL_BOUNCE,LONG,65.0,CONVICTION,FAVORABLE,1.6017,RISING
2026-09-18,YMAT,6.0,0.06,0.164,MINOR,6,1228.0,0.06,0.164,MINOR,7,877.0,22,2,CHANNEL_RECLAIM_LONG,LONG,61.0,CONVICTION,FAVORABLE,0.3654,RISING
2026-09-18,SSL,6.0,0.15,0.25,COMPRESSION,15,263.0,0.81,1.35,COMPRESSION,82,507.0,35,48,BULL_BOUNCE_PENDING,LONG,55.7,MARGINAL,FAVORABLE,0.6002,NEUTRAL
2026-09-18,CMRC,6.0,0.1,0.439,COMPRESSION,11,435.0,0.05,0.22,COMPRESSION,5,615.0,19,44,BULL_BOUNCE_PENDING,LONG,57.0,MARGINAL,FAVORABLE,0.2276,RISING
2026-09-18,BKV,6.0,1.29,1.1,CONVICTION,129,781.0,0.09,0.077,COMPRESSION,9,1225.0,8,31,CHANNEL_GAP_BREAKDOWN_SHORT,SHORT,63.6,CONVICTION,FAVORABLE,1.1731,RISING
2026-09-18,UMC,6.0,2.15,2.296,CONVICTION,216,562.0,0.81,0.865,COMPRESSION,81,1090.0,28,90,BEAR_REJECTION_PENDING,SHORT,74.8,CONVICTION,FAVORABLE,0.9366,FALLING
2026-09-18,PCLA,6.0,2.36,1.564,CONVICTION,236,1040.0,3.88,2.571,CONVICTION,388,1268.0,20,21,BULL_BOUNCE,LONG,64.4,CONVICTION,FAVORABLE,1.5091,NEUTRAL
2026-09-18,COLD,6.0,0.1,0.191,MINOR,10,437.0,0.18,0.344,COMPRESSION,19,162.0,29,32,BULL_BOUNCE_PENDING,LONG,50.6,MARGINAL,FAVORABLE,0.5231,RISING
2026-09-18,COO,6.0,0.12,0.042,COMPRESSION,13,1474.0,0.015,0.005,COMPRESSION,2,624.0,6,27,BEAR_REJECTION_PENDING,SHORT,48.3,MARGINAL,FAVORABLE,2.8349,FALLING
2026-09-18,DBGI,6.0,0.24,0.199,COMPRESSION,25,1054.0,0.0089,0.007,MINOR,1,159.0,5,24,BULL_BOUNCE_PENDING,LONG,54.0,MARGINAL,FAVORABLE,1.2043,RISING
2026-09-18,HGTY,,0.06,0.116,MINOR,7,18.0,0.02,0.039,COMPRESSION,2,220.0,17,45,BULL_BOUNCE_PENDING,LONG,44.0,MARGINAL,FAVORABLE,0.5169,RISING
2026-09-18,ERY,6.0,0.13,0.366,COMPRESSION,14,274.0,0.005,0.014,COMPRESSION,1,177.0,47,36,BEAR_REJECTION_PENDING,SHORT,59.0,MARGINAL,FAVORABLE,0.3556,RISING
2026-09-18,NXPI,6.0,3.465,0.449,CONVICTION,347,53.0,1.86,0.241,CONVICTION,186,1293.0,37,36,BEAR_REJECTION_PENDING,SHORT,82.5,CONVICTION,FAVORABLE,7.714,RISING
2026-09-18,SHOE,6.0,0.03,0.035,COMPRESSION,3,620.0,0.23,0.269,COMPRESSION,24,761.0,41,60,BULL_BOUNCE_PENDING,LONG,63.0,CONVICTION,FAVORABLE,0.8548,FALLING
2026-09-18,SAM,6.0,1.63,0.269,CONVICTION,163,623.0,0.67,0.111,COMPRESSION,67,459.0,62,42,BULL_BOUNCE_PENDING,LONG,48.0,MARGINAL,FAVORABLE,6.0586,NEUTRAL
2026-09-18,TIGO,6.0,0.91,0.375,MINOR,91,91.0,1.35,0.556,VACUUM,135,224.0,45,36,BULL_BOUNCE,LONG,64.3,CONVICTION,FAVORABLE,2.4278,NEUTRAL
2026-09-18,WLTH,6.0,2.12,4.086,CONVICTION,212,387.0,0.07,0.135,COMPRESSION,8,427.0,25,23,BULL_BOUNCE_PENDING,LONG,60.0,CONVICTION,FAVORABLE,0.5189,RISING
2026-09-18,UAA,6.0,0.04,0.205,COMPRESSION,5,171.0,0.03,0.154,COMPRESSION,3,853.0,16,14,BULL_BOUNCE_PENDING,LONG,53.0,MARGINAL,FAVORABLE,0.1951,NEUTRAL
2026-09-18,WST,6.0,2.45,0.306,VACUUM,245,754.0,3.71,0.463,CONVICTION,371,361.0,21,68,BULL_BOUNCE,LONG,66.3,CONVICTION,FAVORABLE,8.0054,RISING
2026-09-18,TRMD,6.0,0.01,0.007,MINOR,2,8.0,1.08,0.786,CONVICTION,108,200.0,5,42,BULL_BOUNCE_PENDING,LONG,85.5,CONVICTION,FAVORABLE,1.3732,FALLING
2026-09-18,SWRD,6.0,0.0222,0.025,MINOR,3,303.0,0.0148,0.017,MINOR,2,1257.0,16,9,BULL_BOUNCE_PENDING,LONG,62.3,CONVICTION,FAVORABLE,0.8756,RISING
2026-09-18,AENT,6.0,0.08,0.151,MINOR,9,20.0,0.02,0.038,MINOR,2,358.0,24,27,BULL_BOUNCE_CONFIRMED,LONG,68.0,CONVICTION,FAVORABLE,0.5282,RISING
2026-09-18,ALKT,6.0,0.32,0.343,COMPRESSION,33,352.0,0.6,0.644,COMPRESSION,61,797.0,31,28,BULL_BOUNCE_PENDING,LONG,81.7,CONVICTION,FAVORABLE,0.9324,FALLING
2026-09-18,ACI,6.0,2.1,5.551,CONVICTION,210,4.0,0.01,0.026,COMPRESSION,1,724.0,27,25,BEAR_REJECTION_PENDING,SHORT,83.0,CONVICTION,FAVORABLE,0.3783,RISING
2026-09-18,ATEC,6.0,0.03,0.058,MINOR,3,391.0,0.1,0.192,COMPRESSION,11,665.0,24,35,BULL_BOUNCE_PENDING,LONG,81.4,CONVICTION,FAVORABLE,0.5202,NEUTRAL
2026-09-18,ADI,6.0,8.919,0.872,CONVICTION,892,321.0,1.66,0.162,CONVICTION,167,1340.0,31,30,BULL_BOUNCE_CONFIRMED,LONG,74.0,CONVICTION,FAVORABLE,10.2298,RISING
2026-09-18,DSGX,6.0,0.89,0.278,COMPRESSION,90,1140.0,1.64,0.512,CONVICTION,165,54.0,42,45,BULL_BOUNCE_PENDING,LONG,89.4,CONVICTION,FAVORABLE,3.2015,RISING
2026-09-18,AVT,6.0,0.24,0.07,MINOR,25,329.0,0.76,0.222,COMPRESSION,77,398.0,46,43,BULL_BOUNCE_PENDING,LONG,87.1,CONVICTION,FAVORABLE,3.4284,RISING
2026-09-18,EME,6.0,12.73,0.575,CONVICTION,1274,71.0,6.06,0.274,CONVICTION,607,1287.0,64,37,SHORT_UPPER_DIRTY,SHORT,52.6,MARGINAL,FAVORABLE,22.1214,FALLING
2026-09-18,M,6.0,0.32,0.336,MINOR,33,958.0,0.005,0.005,COMPRESSION,1,2.0,27,33,BULL_BOUNCE_PENDING,LONG,66.2,CONVICTION,FAVORABLE,0.9515,FALLING
2026-09-18,HDB,6.0,1.62,2.768,CONVICTION,162,719.0,0.37,0.632,COMPRESSION,38,30.0,33,58,BEAR_REJECTION_PENDING,SHORT,51.6,MARGINAL,FAVORABLE,0.5853,FALLING
2026-09-18,JBL,6.0,10.17,0.94,CONVICTION,1017,150.0,2.21,0.204,CONVICTION,221,914.0,46,29,BULL_BOUNCE,LONG,78.7,CONVICTION,FAVORABLE,10.8206,RISING
2026-09-18,ECO,6.0,0.08,0.028,MINOR,8,12.0,1.32,0.465,CONVICTION,132,1449.0,24,50,BULL_BOUNCE_PENDING,LONG,71.4,CONVICTION,FAVORABLE,2.8396,RISING
2026-09-18,MTN,6.0,0.64,0.135,COMPRESSION,65,497.0,0.67,0.141,COMPRESSION,67,410.0,45,26,BULL_BOUNCE_PENDING,LONG,60.8,CONVICTION,FAVORABLE,4.7461,RISING
2026-09-18,MWH,6.0,0.34,0.272,COMPRESSION,34,790.0,0.41,0.328,COMPRESSION,42,401.0,32,25,BULL_BOUNCE_PENDING,LONG,61.8,CONVICTION,FAVORABLE,1.2486,RISING
2026-09-18,POWI,6.0,1.37,0.609,CONVICTION,137,73.0,0.74,0.329,COMPRESSION,75,1177.0,36,17,BULL_BOUNCE_PENDING,LONG,61.0,CONVICTION,FAVORABLE,2.2504,FALLING
2026-09-18,BMGL,6.0,0.65,0.586,MINOR,66,482.0,0.13,0.117,COMPRESSION,13,126.0,12,29,BULL_BOUNCE_CONFIRMED,LONG,79.0,CONVICTION,FAVORABLE,1.1098,RISING
2026-09-18,SYNA,6.0,3.83,0.836,CONVICTION,383,451.0,0.31,0.068,COMPRESSION,32,1489.0,51,19,BULL_BOUNCE,LONG,65.0,CONVICTION,FAVORABLE,4.5819,RISING
2026-09-18,SCNI,6.0,0.49,1.555,COMPRESSION,49,1358.0,0.05,0.159,MINOR,6,617.0,16,28,BULL_BOUNCE_PENDING,LONG,55.0,MARGINAL,FAVORABLE,0.3152,RISING
2026-09-18,QNC,6.0,0.01,0.071,COMPRESSION,2,89.0,0.0085,0.06,MINOR,1,30.0,17,2,BEAR_REJECTION_PENDING,SHORT,46.5,MARGINAL,FAVORABLE,0.1407,NEUTRAL
2026-09-18,TEN,6.0,0.06,0.035,MINOR,7,26.0,0.45,0.264,COMPRESSION,46,877.0,8,62,BULL_BOUNCE_PENDING,LONG,74.0,CONVICTION,FAVORABLE,1.7049,RISING
2026-09-18,ELMT,6.0,0.15,0.073,MINOR,15,184.0,5.29,2.563,CONVICTION,529,92.0,14,34,BULL_BOUNCE_PENDING,LONG,82.7,CONVICTION,FAVORABLE,2.0638,RISING
2026-09-18,FMX,6.0,1.42,0.532,CONVICTION,143,212.0,0.01,0.004,COMPRESSION,2,957.0,55,23,BEAR_REJECTION_PENDING,SHORT,65.2,CONVICTION,FAVORABLE,2.6686,RISING
2026-09-18,NTRA,6.0,1.43,0.128,VACUUM,144,121.0,0.32,0.029,COMPRESSION,32,283.0,12,63,BULL_BOUNCE_PENDING,LONG,55.9,MARGINAL,FAVORABLE,11.1947,RISING
2026-09-18,MRCY,6.0,0.5,0.133,COMPRESSION,50,684.0,0.96,0.255,COMPRESSION,96,359.0,50,50,BULL_BOUNCE_PENDING,LONG,76.9,CONVICTION,FAVORABLE,3.7694,RISING
2026-09-18,DRIP,6.0,0.68,0.424,COMPRESSION,68,288.0,0.05,0.031,MINOR,5,384.0,45,55,BEAR_REJECTION_PENDING,SHORT,70.1,CONVICTION,FAVORABLE,1.6052,FALLING
2026-09-18,NYT,6.0,5.36,2.834,CONVICTION,536,20.0,1.08,0.571,CONVICTION,108,303.0,50,50,BULL_BOUNCE,LONG,79.9,CONVICTION,FAVORABLE,1.8911,RISING
2026-09-18,SN,6.0,2.24,0.292,VACUUM,225,492.0,0.92,0.12,COMPRESSION,92,1386.0,65,19,BULL_BOUNCE_PENDING,LONG,92.1,CONVICTION,FAVORABLE,7.6804,FALLING
2026-09-18,W,6.0,0.13,0.028,MINOR,13,200.0,1.55,0.332,VACUUM,156,579.0,23,36,BULL_BOUNCE_PENDING,LONG,57.3,MARGINAL,FAVORABLE,4.6693,NEUTRAL
2026-09-18,VEEA,6.0,0.0157,0.014,MINOR,2,238.0,0.02,0.018,MINOR,3,286.0,4,8,BULL_BOUNCE,LONG,65.0,CONVICTION,FAVORABLE,1.12,RISING
2026-09-18,MYSZ,6.0,0.025,0.086,MINOR,3,176.0,0.03,0.104,MINOR,4,754.0,5,22,BULL_BOUNCE_PENDING,LONG,57.7,MARGINAL,FAVORABLE,0.2894,RISING
2026-09-18,CANG,6.0,,,,,,0.0039,0.013,COMPRESSION,1,140.0,0,31,BULL_BOUNCE_PENDING,LONG,67.0,CONVICTION,FAVORABLE,0.3033,RISING
2026-09-18,ADPT,6.0,0.2098,0.177,MINOR,21,152.0,0.56,0.473,COMPRESSION,56,14.0,9,68,BULL_BOUNCE_PENDING,LONG,74.1,CONVICTION,FAVORABLE,1.1845,RISING
2026-09-18,DGX,6.0,0.25,0.046,MINOR,25,33.0,2.47,0.451,CONVICTION,247,371.0,17,60,BULL_BOUNCE_PENDING,LONG,73.2,CONVICTION,FAVORABLE,5.4797,RISING
2026-09-18,CRCD,6.0,0.12,0.342,COMPRESSION,13,888.0,0.0001,0.0,MINOR,1,159.0,15,27,BULL_BOUNCE_PENDING,LONG,59.0,MARGINAL,FAVORABLE,0.3507,RISING
2026-09-18,DHR,6.0,2.62,0.471,CONVICTION,263,108.0,2.36,0.425,CONVICTION,237,655.0,40,66,BULL_BOUNCE,LONG,73.4,CONVICTION,FAVORABLE,5.5592,NEUTRAL
2026-09-18,KBR,6.0,0.17,0.172,COMPRESSION,18,1032.0,0.03,0.03,MINOR,4,234.0,58,6,BEAR_REJECTION_PENDING,SHORT,66.9,CONVICTION,FAVORABLE,0.9871,RISING
2026-09-18,GMAB,6.0,0.005,0.007,MINOR,1,36.0,0.37,0.492,COMPRESSION,38,739.0,4,100,BULL_BOUNCE_PENDING,LONG,51.0,MARGINAL,FAVORABLE,0.7518,RISING
2026-09-18,LH,6.0,2.41,0.294,CONVICTION,242,332.0,8.84,1.078,CONVICTION,885,984.0,44,37,BULL_BOUNCE,LONG,68.5,CONVICTION,FAVORABLE,8.2028,RISING
2026-09-18,NAMI,6.0,0.05,0.134,MINOR,5,286.0,0.045,0.121,MINOR,5,416.0,26,3,BULL_BOUNCE_PENDING,LONG,57.0,MARGINAL,FAVORABLE,0.3734,RISING
2026-09-18,ETHD,6.0,1.39,0.584,CONVICTION,140,817.0,0.045,0.019,COMPRESSION,5,93.0,67,2,BULL_BOUNCE_PENDING,LONG,51.5,MARGINAL,FAVORABLE,2.3794,FALLING
2026-09-18,SDGR,6.0,0.03,0.018,MINOR,3,240.0,0.005,0.003,COMPRESSION,1,426.0,6,14,BULL_BOUNCE_PENDING,LONG,58.0,MARGINAL,FAVORABLE,1.713,RISING
2026-09-18,SU,6.0,0.2293,0.125,MINOR,23,221.0,1.16,0.632,CONVICTION,116,129.0,15,57,BULL_BOUNCE_PENDING,LONG,63.0,CONVICTION,FAVORABLE,1.8366,RISING
2026-09-18,ZD,6.0,0.01,0.006,COMPRESSION,1,280.0,0.225,0.136,COMPRESSION,23,130.0,34,38,BULL_BOUNCE_PENDING,LONG,64.9,CONVICTION,FAVORABLE,1.6547,RISING
2026-09-18,TMO,6.0,0.14,0.009,COMPRESSION,14,61.0,5.12,0.335,CONVICTION,513,578.0,13,85,BULL_BOUNCE_PENDING,LONG,74.5,CONVICTION,FAVORABLE,15.3016,RISING
2026-09-18,MEDS,6.0,0.0092,0.006,MINOR,1,1387.0,0.03,0.021,MINOR,3,340.0,2,10,BULL_BOUNCE_PENDING,LONG,62.0,CONVICTION,FAVORABLE,1.444,RISING
2026-09-18,LUXE,6.0,0.065,0.124,COMPRESSION,7,219.0,0.29,0.554,COMPRESSION,29,932.0,2,47,BULL_BOUNCE_PENDING,LONG,66.6,CONVICTION,FAVORABLE,0.5236,RISING
2026-09-18,CIFU,,0.09,0.051,COMPRESSION,9,1146.0,0.29,0.164,COMPRESSION,29,688.0,8,44,BEAR_REJECTION_PENDING,SHORT,44.0,MARGINAL,FAVORABLE,1.7672,RISING
2026-09-18,CIFG,,0.09,0.125,COMPRESSION,9,1101.0,0.113,0.157,COMPRESSION,12,760.0,10,43,BULL_BOUNCE_CONFIRMED,LONG,75.0,CONVICTION,FAVORABLE,0.7185,RISING
2026-09-18,CROX,6.0,0.64,0.155,COMPRESSION,64,863.0,3.29,0.798,CONVICTION,329,164.0,45,101,BEAR_REJECTION_PENDING,SHORT,40.0,MARGINAL,FAVORABLE,4.1236,FALLING
2026-09-18,DCO,,0.19,0.028,COMPRESSION,19,1064.0,2.22,0.325,CONVICTION,223,841.0,45,37,BUY_LOWER_DIRTY,LONG,40.4,MARGINAL,FAVORABLE,6.8343,RISING
2026-09-18,MTD,,4.42,0.118,CONVICTION,443,649.0,7.16,0.191,CONVICTION,716,443.0,23,69,BULL_BOUNCE_PENDING,LONG,66.0,CONVICTION,FAVORABLE,37.5015,NEUTRAL
2026-09-18,MANH,6.0,65.17,9.255,CONVICTION,6517,647.0,3.62,0.514,CONVICTION,363,75.0,33,42,BEAR_REJECTION_PENDING,SHORT,58.1,MARGINAL,FAVORABLE,7.0414,NEUTRAL
2026-09-18,OPCH,6.0,0.8,1.186,COMPRESSION,81,1182.0,0.17,0.252,COMPRESSION,17,900.0,26,23,BULL_BOUNCE_PENDING,LONG,69.5,CONVICTION,FAVORABLE,0.6743,NEUTRAL
2026-09-18,FAZ,6.0,0.28,0.218,COMPRESSION,29,1113.0,0.23,0.179,COMPRESSION,24,1014.0,43,111,BULL_BOUNCE_PENDING,LONG,49.0,MARGINAL,FAVORABLE,1.2839,RISING
2026-09-18,PLMR,6.0,0.91,0.231,COMPRESSION,92,29.0,0.43,0.109,COMPRESSION,43,1241.0,63,93,BULL_BOUNCE_PENDING,LONG,72.8,CONVICTION,FAVORABLE,3.9443,RISING
2026-09-18,ABSI,6.0,0.26,0.465,COMPRESSION,26,878.0,0.255,0.456,COMPRESSION,26,1273.0,12,47,BULL_BOUNCE_PENDING,LONG,65.7,CONVICTION,FAVORABLE,0.5589,NEUTRAL
2026-09-18,BG,,0.25,0.05,COMPRESSION,25,368.0,0.34,0.068,COMPRESSION,35,1369.0,59,16,BULL_BOUNCE_PENDING,LONG,66.8,CONVICTION,FAVORABLE,4.9829,RISING
2026-09-18,EBAY,,1.44,0.405,VACUUM,144,113.0,0.115,0.032,COMPRESSION,12,419.0,8,47,BEAR_REJECTION_PENDING,SHORT,61.6,CONVICTION,FAVORABLE,3.5595,RISING
2026-09-18,SDOW,,0.57,0.788,COMPRESSION,58,2.0,0.17,0.235,COMPRESSION,18,502.0,14,121,BULL_BOUNCE_PENDING,LONG,56.6,MARGINAL,FAVORABLE,0.7233,RISING
2026-09-18,VGNT,6.0,0.645,0.333,COMPRESSION,65,148.0,3.51,1.813,CONVICTION,351,4.0,31,22,BULL_BOUNCE_PENDING,LONG,83.5,CONVICTION,FAVORABLE,1.9363,RISING
2026-09-18,TH,6.0,0.01,0.011,MINOR,1,16.0,0.15,0.162,COMPRESSION,15,148.0,3,62,BULL_BOUNCE_PENDING,LONG,41.0,MARGINAL,FAVORABLE,0.927,FALLING
2026-09-18,PSIX,6.0,0.6457,0.254,COMPRESSION,65,461.0,3.36,1.32,CONVICTION,336,352.0,6,95,BULL_BOUNCE_PENDING,LONG,95.7,CONVICTION,FAVORABLE,2.5447,RISING
2026-09-18,SECZ,6.0,0.2,0.264,COMPRESSION,21,744.0,0.39,0.515,COMPRESSION,40,624.0,11,30,BULL_BOUNCE_PENDING,LONG,82.6,CONVICTION,FAVORABLE,0.7579,RISING
2026-09-18,TNMG,6.0,0.1832,0.325,MINOR,19,578.0,,,,,,4,0,BULL_BOUNCE_CONFIRMED,LONG,71.0,CONVICTION,FAVORABLE,0.5635,NEUTRAL
2026-09-18,V,6.0,3.68,0.691,VACUUM,369,137.0,2.25,0.423,CONVICTION,225,288.0,42,55,BULL_BOUNCE_PENDING,LONG,64.0,CONVICTION,FAVORABLE,5.3219,NEUTRAL
2026-09-18,UNH,6.0,1.12,0.111,CONVICTION,113,489.0,2.25,0.223,VACUUM,225,57.0,56,16,BULL_BOUNCE_PENDING,LONG,63.5,CONVICTION,FAVORABLE,10.0778,FALLING
2026-09-18,MSTX,6.0,0.52,0.249,COMPRESSION,52,1071.0,0.03,0.014,COMPRESSION,3,426.0,3,25,BULL_BOUNCE_PENDING,LONG,55.0,MARGINAL,FAVORABLE,2.0868,RISING
2026-09-18,TJX,6.0,0.82,0.317,COMPRESSION,83,266.0,0.88,0.34,COMPRESSION,88,849.0,84,33,SHORT_UPPER_DIRTY,SHORT,62.0,CONVICTION,FAVORABLE,2.5862,FALLING
2026-09-18,RXO,6.0,0.02,0.019,COMPRESSION,2,1148.0,0.17,0.161,COMPRESSION,17,104.0,25,32,BULL_BOUNCE_PENDING,LONG,51.0,MARGINAL,FAVORABLE,1.0535,FALLING
2026-09-18,PTC,6.0,1.18,0.228,CONVICTION,119,365.0,2.23,0.431,CONVICTION,224,554.0,60,59,BULL_BOUNCE_PENDING,LONG,99.2,CONVICTION,FAVORABLE,5.1789,FALLING
2026-09-18,LPG,6.0,0.08,0.041,COMPRESSION,8,10.0,0.21,0.109,COMPRESSION,22,416.0,29,45,BULL_BOUNCE_PENDING,LONG,76.1,CONVICTION,FAVORABLE,1.9288,RISING
2026-09-18,ETOR,6.0,0.18,0.164,COMPRESSION,18,663.0,0.102,0.093,COMPRESSION,11,132.0,49,14,BULL_BOUNCE_PENDING,LONG,52.0,MARGINAL,FAVORABLE,1.0973,FALLING
2026-09-18,CAH,6.0,1.05,0.207,CONVICTION,106,28.0,1.19,0.235,CONVICTION,119,319.0,85,35,BULL_BOUNCE_PENDING,LONG,68.9,CONVICTION,FAVORABLE,5.0684,FALLING
2026-09-18,GE,6.0,8.46,1.036,CONVICTION,847,86.0,3.51,0.43,CONVICTION,352,197.0,143,39,BULL_BOUNCE_PENDING,LONG,78.4,CONVICTION,FAVORABLE,8.1627,FALLING
2026-09-18,BA,6.0,2.24,0.422,CONVICTION,224,599.0,1.56,0.294,CONVICTION,157,634.0,67,9,BULL_BOUNCE_PENDING,LONG,57.0,MARGINAL,FAVORABLE,5.3097,FALLING
