date,ticker,clock_hour,gap_above_size,gap_above_atr_mult,gap_above_conviction,gap_above_tick_width,gap_above_distance_pct,gap_below_size,gap_below_atr_mult,gap_below_conviction,gap_below_tick_width,gap_below_distance_pct,n_gaps_above,n_gaps_below,setup_fired,side,score,tier,spy_regime,atr_14_daily,obv_state
2026-08-21,BTCT,6.0,0.0038,0.023,MINOR,1,1165.0,,,,,,6,0,BEAR_REJECTION_PENDING,SHORT,36.0,MARGINAL,CHOP,0.1632,RISING
2026-08-21,SWKS,6.0,0.21,0.075,COMPRESSION,22,233.0,0.82,0.293,COMPRESSION,83,843.0,53,42,BEAR_REJECTION_PENDING,SHORT,51.0,MARGINAL,CHOP,2.8029,FALLING
2026-08-21,ELF,6.0,0.005,0.001,MINOR,1,249.0,2.29,0.456,CONVICTION,230,1339.0,27,67,BULL_BOUNCE_PENDING,LONG,62.0,CONVICTION,CHOP,5.0199,FALLING
2026-08-21,SSRM,6.0,,,,,,0.12,0.071,COMPRESSION,13,1432.0,0,95,BULL_BOUNCE_PENDING,LONG,35.5,MARGINAL,CHOP,1.679,RISING
2026-08-21,NESR,6.0,0.683,0.346,MINOR,69,306.0,2.98,1.509,CONVICTION,299,274.0,40,51,BEAR_REJECTION_PENDING,SHORT,56.0,MARGINAL,CHOP,1.9743,NEUTRAL
2026-08-21,MSTR,6.0,1.76,0.304,CONVICTION,176,528.0,8.14,1.405,CONVICTION,814,854.0,9,36,BULL_BOUNCE_PENDING,LONG,54.5,MARGINAL,CHOP,5.7921,RISING
2026-08-21,CAST,,0.005,0.015,MINOR,1,424.0,0.01,0.031,MINOR,2,1178.0,8,16,BULL_BOUNCE_PENDING,LONG,40.0,MARGINAL,CHOP,0.3239,RISING
2026-08-21,PURR,6.0,0.06,0.101,MINOR,7,888.0,0.16,0.268,COMPRESSION,17,782.0,7,29,BULL_BOUNCE_PENDING,LONG,47.0,MARGINAL,CHOP,0.5962,RISING
2026-08-21,GDYN,6.0,0.22,0.564,COMPRESSION,23,1315.0,0.31,0.794,COMPRESSION,32,898.0,18,47,BEAR_REJECTION_PENDING,SHORT,52.4,MARGINAL,CHOP,0.3902,RISING
2026-08-21,RLAY,6.0,0.38,0.424,MINOR,38,267.0,0.14,0.156,COMPRESSION,14,1135.0,16,18,BULL_BOUNCE_PENDING,LONG,54.0,MARGINAL,CHOP,0.8961,NEUTRAL
2026-08-21,FROG,6.0,0.26,0.048,COMPRESSION,26,110.0,6.48,1.206,CONVICTION,648,49.0,24,26,BULL_BOUNCE_PENDING,LONG,70.7,CONVICTION,CHOP,5.3731,NEUTRAL
2026-08-21,BIVI,6.0,0.02,0.035,MINOR,3,211.0,0.0026,0.004,MINOR,1,553.0,9,6,BULL_BOUNCE_PENDING,LONG,68.0,CONVICTION,CHOP,0.5782,RISING
2026-08-21,PAY,6.0,0.44,0.16,COMPRESSION,44,781.0,0.2,0.073,COMPRESSION,20,1072.0,46,15,BULL_BOUNCE_PENDING,LONG,60.8,CONVICTION,CHOP,2.7479,NEUTRAL
2026-08-21,ENTX,,0.02,0.081,MINOR,3,1487.0,0.91,3.672,COMPRESSION,92,633.0,8,25,BULL_BOUNCE_PENDING,LONG,45.0,MARGINAL,CHOP,0.2478,NEUTRAL
2026-08-21,CRCL,6.0,2.43,0.47,CONVICTION,244,15.0,4.4,0.851,CONVICTION,440,567.0,9,50,BULL_BOUNCE_PENDING,LONG,59.7,MARGINAL,CHOP,5.1695,RISING
2026-08-21,ANRO,6.0,0.53,0.269,MINOR,54,47.0,0.01,0.005,MINOR,1,599.0,22,38,BULL_BOUNCE_PENDING,LONG,59.0,MARGINAL,CHOP,1.9677,RISING
2026-08-21,SPHR,6.0,0.0665,0.008,MINOR,7,117.0,3.58,0.421,CONVICTION,359,343.0,70,22,BULL_BOUNCE_PENDING,LONG,55.0,MARGINAL,CHOP,8.4978,RISING
2026-08-21,SGLY,,0.01,0.007,MINOR,2,577.0,0.0344,0.023,COMPRESSION,4,691.0,5,28,BULL_BOUNCE,LONG,45.7,MARGINAL,CHOP,1.5011,FALLING
2026-08-21,DRTS,6.0,0.21,0.297,MINOR,22,49.0,0.01,0.014,COMPRESSION,1,836.0,13,30,BULL_BOUNCE_PENDING,LONG,58.0,MARGINAL,CHOP,0.7069,NEUTRAL
2026-08-21,LOOP,,0.0247,0.337,COMPRESSION,3,427.0,,,,,,13,0,BEAR_REJECTION_PENDING,SHORT,52.0,MARGINAL,CHOP,0.0733,FALLING
2026-08-21,OMH,6.0,0.0006,0.027,COMPRESSION,1,132.0,0.0029,0.129,MINOR,1,727.0,3,16,BULL_BOUNCE_PENDING,LONG,63.0,CONVICTION,CHOP,0.0225,RISING
2026-08-21,BEEM,6.0,0.0201,0.262,MINOR,3,383.0,0.01,0.13,COMPRESSION,2,1167.0,13,15,BULL_BOUNCE_PENDING,LONG,56.0,MARGINAL,CHOP,0.0768,RISING
2026-08-21,RITR,6.0,0.0011,0.013,MINOR,1,149.0,0.0007,0.008,MINOR,1,1089.0,4,13,BULL_BOUNCE_PENDING,LONG,72.0,CONVICTION,CHOP,0.085,NEUTRAL
2026-08-21,PWCM,,0.0001,0.0,MINOR,1,1014.0,0.01,0.041,MINOR,2,1087.0,15,18,BULL_BOUNCE_PENDING,LONG,63.0,CONVICTION,CHOP,0.2436,FALLING
2026-08-21,BTCS,,0.03,0.38,MINOR,4,1324.0,0.05,0.633,COMPRESSION,6,368.0,6,17,BULL_BOUNCE_PENDING,LONG,48.6,MARGINAL,CHOP,0.079,RISING
2026-08-21,SNYR,6.0,0.0037,0.167,MINOR,1,178.0,0.0009,0.041,MINOR,1,910.0,1,33,BULL_BOUNCE_PENDING,LONG,44.0,MARGINAL,CHOP,0.0222,RISING
2026-08-21,MARA,6.0,0.1,0.125,MINOR,10,1044.0,0.14,0.174,COMPRESSION,15,233.0,22,31,BULL_BOUNCE_PENDING,LONG,42.6,MARGINAL,CHOP,0.8028,FALLING
2026-08-21,BMNR,6.0,2.225,2.142,CONVICTION,223,203.0,0.14,0.135,COMPRESSION,15,116.0,5,37,BULL_BOUNCE_PENDING,LONG,59.2,MARGINAL,CHOP,1.0389,RISING
2026-08-21,DVLT,6.0,0.0244,0.615,COMPRESSION,3,814.0,0.0,0.001,MINOR,1,345.0,6,8,CHANNEL_RECLAIM_LONG,LONG,57.0,MARGINAL,CHOP,0.0397,RISING
2026-08-21,BTTC,6.0,0.007,0.102,MINOR,1,174.0,,,,,,18,0,BEAR_REJECTION_PENDING,SHORT,62.5,CONVICTION,CHOP,0.0686,FALLING
2026-08-21,SPCX,6.0,2.365,0.213,CONVICTION,237,237.0,0.045,0.004,COMPRESSION,5,1428.0,19,21,BEAR_REJECTION_PENDING,SHORT,83.0,CONVICTION,CHOP,11.0814,FALLING
2026-08-21,INTC,6.0,3.86,0.652,CONVICTION,386,1488.0,15.42,2.603,CONVICTION,1543,1089.0,40,14,BULL_BOUNCE_PENDING,LONG,69.0,CONVICTION,CHOP,5.9239,RISING
2026-08-21,ZBAO,6.0,0.0056,0.137,MINOR,1,637.0,0.0003,0.007,MINOR,1,642.0,6,14,BULL_BOUNCE_PENDING,LONG,50.0,MARGINAL,CHOP,0.0408,NEUTRAL
2026-08-21,LGHL,6.0,0.0314,0.222,MINOR,4,16.0,0.0033,0.023,MINOR,1,396.0,12,15,BEAR_REJECTION_PENDING,SHORT,50.0,MARGINAL,CHOP,0.1412,RISING
2026-08-21,MGN,,4.3484,2.54,VACUUM,435,514.0,0.0004,0.0,MINOR,1,118.0,10,3,BULL_BOUNCE_PENDING,LONG,48.0,MARGINAL,CHOP,1.712,NEUTRAL
2026-08-21,LGCL,6.0,0.0002,0.001,MINOR,1,132.0,,,,,,1,0,BEAR_REJECTION_PENDING,SHORT,58.0,MARGINAL,CHOP,0.2624,FALLING
2026-08-21,MRNA,6.0,0.02,0.001,MINOR,2,413.0,4.23,0.291,VACUUM,423,223.0,6,18,BULL_BOUNCE_PENDING,LONG,87.7,CONVICTION,CHOP,14.5545,RISING
2026-08-21,CCC,6.0,0.11,0.297,COMPRESSION,12,390.0,0.01,0.027,COMPRESSION,2,377.0,22,26,BULL_BOUNCE_PENDING,LONG,57.6,MARGINAL,CHOP,0.3707,NEUTRAL
2026-08-21,SURG,6.0,0.0551,0.864,COMPRESSION,6,1263.0,0.0001,0.002,MINOR,1,421.0,11,9,BULL_BOUNCE,LONG,61.0,CONVICTION,CHOP,0.0638,RISING
2026-08-21,NVCR,6.0,0.03,0.038,MINOR,4,253.0,0.15,0.191,COMPRESSION,15,208.0,17,30,BULL_BOUNCE_PENDING,LONG,48.9,MARGINAL,CHOP,0.7872,NEUTRAL
2026-08-21,ARX,6.0,0.27,0.338,MINOR,27,123.0,5.9,7.388,CONVICTION,591,31.0,8,16,BULL_BOUNCE_PENDING,LONG,74.0,CONVICTION,CHOP,0.7986,RISING
2026-08-21,TSHA,6.0,0.12,0.313,MINOR,13,128.0,0.17,0.443,MINOR,17,1220.0,17,28,BULL_BOUNCE_PENDING,LONG,64.2,CONVICTION,CHOP,0.3834,NEUTRAL
2026-08-21,ACVA,6.0,0.21,0.364,COMPRESSION,22,1082.0,0.16,0.278,MINOR,17,1317.0,29,21,BULL_BOUNCE_PENDING,LONG,58.0,MARGINAL,CHOP,0.5763,RISING
2026-08-21,ACHV,6.0,0.0726,0.179,MINOR,8,328.0,0.1,0.246,COMPRESSION,11,662.0,26,29,BULL_BOUNCE_PENDING,LONG,71.8,CONVICTION,CHOP,0.4058,RISING
2026-08-21,SABR,6.0,0.78,4.943,COMPRESSION,79,620.0,0.04,0.253,COMPRESSION,4,917.0,21,19,BULL_BOUNCE_PENDING,LONG,54.0,MARGINAL,CHOP,0.1578,NEUTRAL
2026-08-21,ESTC,6.0,1.08,0.268,CONVICTION,108,638.0,0.56,0.139,COMPRESSION,57,952.0,19,40,BULL_BOUNCE,LONG,61.0,CONVICTION,CHOP,4.0352,RISING
2026-08-21,P,6.0,1.37,0.225,VACUUM,138,144.0,3.69,0.605,CONVICTION,369,1463.0,30,40,BEAR_REJECTION_PENDING,SHORT,69.4,CONVICTION,CHOP,6.1021,RISING
2026-08-21,ZBIO,6.0,0.4851,0.255,MINOR,49,228.0,0.05,0.026,MINOR,6,195.0,8,34,BULL_BOUNCE_PENDING,LONG,59.9,MARGINAL,CHOP,1.9022,NEUTRAL
2026-08-21,DDD,6.0,0.05,0.154,COMPRESSION,5,1437.0,0.0039,0.012,MINOR,1,109.0,51,23,BULL_BOUNCE,LONG,59.0,MARGINAL,CHOP,0.3248,NEUTRAL
2026-08-21,LFST,6.0,0.005,0.009,MINOR,1,102.0,0.01,0.017,COMPRESSION,1,1490.0,5,49,BULL_BOUNCE_PENDING,LONG,46.0,MARGINAL,CHOP,0.5831,NEUTRAL
2026-08-21,EVH,6.0,0.22,0.595,COMPRESSION,23,1383.0,0.17,0.46,COMPRESSION,17,1277.0,4,34,BULL_BOUNCE_PENDING,LONG,46.1,MARGINAL,CHOP,0.3695,RISING
2026-08-21,AVAH,6.0,0.24,0.38,COMPRESSION,25,700.0,1.04,1.648,CONVICTION,104,1485.0,18,25,BULL_BOUNCE_PENDING,LONG,46.0,MARGINAL,CHOP,0.6312,RISING
2026-08-21,URGN,6.0,0.18,0.069,COMPRESSION,18,606.0,2.25,0.869,CONVICTION,225,1003.0,36,14,BULL_BOUNCE_PENDING,LONG,46.0,MARGINAL,CHOP,2.59,NEUTRAL
2026-08-21,CADL,6.0,0.0216,0.03,MINOR,3,325.0,0.14,0.191,COMPRESSION,14,1070.0,44,26,BULL_BOUNCE_PENDING,LONG,46.2,MARGINAL,CHOP,0.7316,NEUTRAL
2026-08-21,XNCR,6.0,0.02,0.015,MINOR,2,37.0,0.62,0.462,COMPRESSION,63,359.0,6,28,BULL_BOUNCE_PENDING,LONG,46.0,MARGINAL,CHOP,1.3428,RISING
2026-08-21,RELY,6.0,0.16,0.118,COMPRESSION,17,101.0,0.02,0.015,COMPRESSION,2,1432.0,22,38,BEAR_REJECTION_PENDING,SHORT,52.7,MARGINAL,CHOP,1.3522,RISING
2026-08-21,GO,6.0,0.05,0.096,COMPRESSION,6,1121.0,0.63,1.208,COMPRESSION,64,74.0,33,33,BULL_BOUNCE_PENDING,LONG,64.7,CONVICTION,CHOP,0.5214,RISING
2026-08-21,ACRS,6.0,0.05,0.137,MINOR,6,13.0,0.1,0.275,COMPRESSION,10,1122.0,4,42,BULL_BOUNCE_PENDING,LONG,58.0,MARGINAL,CHOP,0.3641,NEUTRAL
2026-08-21,SAIL,6.0,0.09,0.1,COMPRESSION,9,1280.0,0.33,0.368,COMPRESSION,34,802.0,58,29,BULL_BOUNCE_PENDING,LONG,63.3,CONVICTION,CHOP,0.8961,NEUTRAL
2026-08-21,FDMT,6.0,0.01,0.01,MINOR,1,79.0,0.49,0.503,COMPRESSION,50,737.0,15,31,BULL_BOUNCE_PENDING,LONG,78.7,CONVICTION,CHOP,0.9745,RISING
2026-08-21,DYN,6.0,0.2,0.197,COMPRESSION,20,1335.0,0.7,0.689,COMPRESSION,71,545.0,25,23,BULL_BOUNCE_PENDING,LONG,64.3,CONVICTION,CHOP,1.0163,NEUTRAL
2026-08-21,NNBR,6.0,0.015,0.05,MINOR,2,80.0,0.73,2.428,COMPRESSION,74,693.0,32,25,BEAR_REJECTION_PENDING,SHORT,48.8,MARGINAL,CHOP,0.3007,NEUTRAL
2026-08-21,ARHS,6.0,0.01,0.016,COMPRESSION,1,1047.0,0.42,0.687,MINOR,42,135.0,3,12,BULL_BOUNCE_PENDING,LONG,51.0,MARGINAL,CHOP,0.6117,RISING
2026-08-21,RGEN,6.0,0.19,0.026,MINOR,19,192.0,4.73,0.658,CONVICTION,474,419.0,46,48,BULL_BOUNCE_PENDING,LONG,52.0,MARGINAL,CHOP,7.183,RISING
2026-08-21,RHI,6.0,0.13,0.071,COMPRESSION,14,351.0,0.73,0.397,COMPRESSION,74,1265.0,16,68,BEAR_REJECTION_PENDING,SHORT,60.8,CONVICTION,CHOP,1.8376,FALLING
2026-08-21,NIQ,6.0,0.0056,0.006,MINOR,1,68.0,0.25,0.276,COMPRESSION,25,599.0,8,50,BEAR_REJECTION_PENDING,SHORT,40.0,MARGINAL,CHOP,0.9058,RISING
2026-08-21,CRSR,6.0,0.58,0.564,MINOR,59,439.0,0.17,0.165,COMPRESSION,17,86.0,34,28,BULL_BOUNCE,LONG,60.7,CONVICTION,CHOP,1.0286,NEUTRAL
2026-08-21,SXC,6.0,0.02,0.049,COMPRESSION,2,830.0,0.11,0.27,COMPRESSION,12,447.0,18,29,BEAR_REJECTION_PENDING,SHORT,40.0,MARGINAL,CHOP,0.4068,NEUTRAL
2026-08-21,FIVN,6.0,0.1,0.048,MINOR,11,96.0,0.76,0.366,COMPRESSION,76,1285.0,27,14,BULL_BOUNCE,LONG,53.6,MARGINAL,CHOP,2.0779,NEUTRAL
2026-08-21,NAVN,6.0,0.28,0.238,COMPRESSION,29,119.0,0.66,0.561,COMPRESSION,67,448.0,31,29,BULL_BOUNCE,LONG,64.3,CONVICTION,CHOP,1.1756,NEUTRAL
2026-08-21,FA,6.0,0.23,0.17,COMPRESSION,23,57.0,0.29,0.215,COMPRESSION,29,518.0,28,38,BEAR_REJECTION_PENDING,SHORT,70.5,CONVICTION,CHOP,1.3492,FALLING
2026-08-21,TTAN,6.0,0.62,0.135,COMPRESSION,62,411.0,2.74,0.596,CONVICTION,274,731.0,31,38,BEAR_REJECTION_PENDING,SHORT,55.0,MARGINAL,CHOP,4.599,NEUTRAL
2026-08-21,STOK,6.0,0.27,0.152,COMPRESSION,28,427.0,0.025,0.014,MINOR,3,91.0,32,26,BULL_BOUNCE_PENDING,LONG,56.0,MARGINAL,CHOP,1.7739,NEUTRAL
2026-08-21,IRWD,6.0,0.105,0.371,MINOR,11,83.0,0.2,0.707,COMPRESSION,21,687.0,30,25,BULL_BOUNCE_PENDING,LONG,72.3,CONVICTION,CHOP,0.2829,RISING
2026-08-21,FIGS,6.0,0.12,0.123,MINOR,12,507.0,3.02,3.101,CONVICTION,302,104.0,29,14,BULL_BOUNCE_PENDING,LONG,73.0,CONVICTION,CHOP,0.9739,NEUTRAL
2026-08-21,SMJF,6.0,0.075,0.121,MINOR,8,131.0,0.14,0.225,COMPRESSION,14,955.0,3,60,BULL_BOUNCE_PENDING,LONG,73.5,CONVICTION,CHOP,0.6211,RISING
2026-08-21,AMPL,6.0,0.25,0.384,MINOR,25,1.0,0.01,0.015,MINOR,1,1388.0,6,55,BULL_BOUNCE_CONFIRMED,LONG,69.5,CONVICTION,CHOP,0.6511,NEUTRAL
2026-08-21,WIX,6.0,0.5,0.091,COMPRESSION,50,1073.0,1.74,0.318,CONVICTION,175,713.0,9,53,BULL_BOUNCE_PENDING,LONG,56.0,MARGINAL,CHOP,5.4653,RISING
2026-08-21,BLMN,6.0,0.05,0.061,COMPRESSION,6,124.0,0.025,0.031,MINOR,3,339.0,27,34,BULL_BOUNCE_PENDING,LONG,63.0,CONVICTION,CHOP,0.8136,NEUTRAL
2026-08-21,ORIC,6.0,0.38,0.419,MINOR,38,317.0,1.21,1.334,VACUUM,122,122.0,30,11,BULL_BOUNCE_PENDING,LONG,63.5,CONVICTION,CHOP,0.9073,RISING
2026-08-21,SRRK,6.0,0.2,0.081,MINOR,21,123.0,2.14,0.868,VACUUM,215,912.0,20,36,BULL_BOUNCE_PENDING,LONG,81.8,CONVICTION,CHOP,2.4668,NEUTRAL
2026-08-21,SPT,6.0,0.1,0.167,COMPRESSION,10,924.0,0.3,0.5,COMPRESSION,31,1182.0,19,38,BEAR_REJECTION_PENDING,SHORT,48.2,MARGINAL,CHOP,0.6,NEUTRAL
2026-08-21,AYA,6.0,0.0249,0.014,COMPRESSION,3,226.0,0.48,0.279,COMPRESSION,49,415.0,18,37,BEAR_REJECTION_PENDING,SHORT,55.4,MARGINAL,CHOP,1.7204,FALLING
2026-08-21,ORKA,6.0,1.97,0.369,CONVICTION,197,293.0,1.15,0.215,CONVICTION,115,825.0,37,19,BULL_BOUNCE_PENDING,LONG,72.0,CONVICTION,CHOP,5.3417,RISING
2026-08-21,CLYM,6.0,0.11,0.098,MINOR,11,23.0,0.18,0.16,COMPRESSION,18,34.0,3,26,BULL_BOUNCE_PENDING,LONG,68.2,CONVICTION,CHOP,1.1275,RISING
2026-08-21,EMBC,,0.005,0.013,MINOR,1,174.0,0.005,0.013,MINOR,1,1243.0,3,12,BULL_BOUNCE_PENDING,LONG,50.0,MARGINAL,CHOP,0.3923,RISING
2026-08-21,AVR,6.0,0.04,0.077,COMPRESSION,5,637.0,0.15,0.291,COMPRESSION,16,648.0,28,31,BULL_BOUNCE_PENDING,LONG,63.0,CONVICTION,CHOP,0.5162,RISING
2026-08-21,SLDB,6.0,0.23,0.472,COMPRESSION,24,1198.0,0.01,0.021,COMPRESSION,1,769.0,30,44,BULL_BOUNCE_PENDING,LONG,70.2,CONVICTION,CHOP,0.4868,NEUTRAL
2026-08-21,SYRE,6.0,0.02,0.003,MINOR,2,111.0,0.03,0.005,MINOR,4,110.0,5,33,BULL_BOUNCE_PENDING,LONG,58.0,MARGINAL,CHOP,5.7205,RISING
2026-08-21,MDB,6.0,3.4,0.148,CONVICTION,340,285.0,12.46,0.542,CONVICTION,1246,934.0,25,34,BEAR_REJECTION_PENDING,SHORT,75.7,CONVICTION,CHOP,22.9983,NEUTRAL
2026-08-21,CXW,6.0,0.21,0.111,MINOR,22,27.0,0.01,0.005,MINOR,1,24.0,4,48,BULL_BOUNCE_PENDING,LONG,77.4,CONVICTION,CHOP,1.8869,NEUTRAL
2026-08-21,ONTO,6.0,9.7,0.387,CONVICTION,971,934.0,31.3,1.248,CONVICTION,3131,132.0,38,38,BULL_BOUNCE_PENDING,LONG,70.0,CONVICTION,CHOP,25.0829,RISING
2026-08-21,RYAM,6.0,0.09,0.199,COMPRESSION,9,408.0,0.09,0.199,COMPRESSION,9,117.0,31,28,BULL_BOUNCE,LONG,60.9,CONVICTION,CHOP,0.4521,RISING
2026-08-21,GRAL,6.0,0.05,0.009,MINOR,5,195.0,2.67,0.487,CONVICTION,268,382.0,23,78,BEAR_REJECTION_PENDING,SHORT,46.5,MARGINAL,CHOP,5.4807,RISING
2026-08-21,WTTR,6.0,0.82,0.726,MINOR,83,722.0,0.1,0.089,COMPRESSION,10,1400.0,54,10,BULL_BOUNCE_PENDING,LONG,56.0,MARGINAL,CHOP,1.1288,NEUTRAL
2026-08-21,MGTX,6.0,0.2,0.293,MINOR,21,332.0,0.03,0.044,COMPRESSION,4,623.0,27,24,BULL_BOUNCE,LONG,64.0,CONVICTION,CHOP,0.6831,RISING
2026-08-21,CLMT,6.0,0.06,0.023,MINOR,7,134.0,0.41,0.16,COMPRESSION,42,538.0,31,28,BULL_BOUNCE,LONG,55.1,MARGINAL,CHOP,2.564,RISING
2026-08-21,LIFE,6.0,0.015,0.005,MINOR,2,25.0,0.055,0.018,COMPRESSION,6,1091.0,8,26,BULL_BOUNCE_PENDING,LONG,49.5,MARGINAL,CHOP,3.0257,NEUTRAL
2026-08-21,OBE,,0.69,1.238,COMPRESSION,69,1024.0,0.04,0.072,COMPRESSION,4,333.0,12,46,BULL_BOUNCE,LONG,61.0,CONVICTION,CHOP,0.5573,RISING
2026-08-21,VOR,6.0,0.09,0.07,MINOR,9,303.0,0.14,0.11,MINOR,15,659.0,14,41,BULL_BOUNCE_PENDING,LONG,63.5,CONVICTION,CHOP,1.2771,NEUTRAL
2026-08-21,BWIN,6.0,2.74,1.815,CONVICTION,274,693.0,0.57,0.378,COMPRESSION,58,998.0,13,48,BEAR_REJECTION_PENDING,SHORT,74.5,CONVICTION,CHOP,1.5099,NEUTRAL
2026-08-21,AXGN,6.0,0.48,0.224,COMPRESSION,48,300.0,0.57,0.266,COMPRESSION,58,906.0,42,29,BULL_BOUNCE_PENDING,LONG,66.7,CONVICTION,CHOP,2.141,NEUTRAL
2026-08-21,CODI,6.0,0.27,0.383,MINOR,27,493.0,0.03,0.043,COMPRESSION,3,1194.0,31,48,BULL_BOUNCE_PENDING,LONG,55.2,MARGINAL,CHOP,0.7041,RISING
2026-08-21,PRCH,6.0,0.43,0.486,MINOR,43,181.0,0.28,0.317,COMPRESSION,29,1376.0,17,55,BULL_BOUNCE,LONG,53.0,MARGINAL,CHOP,0.8843,NEUTRAL
2026-08-21,XPRO,6.0,0.47,0.627,COMPRESSION,47,527.0,0.18,0.24,COMPRESSION,18,695.0,29,51,BEAR_REJECTION_PENDING,SHORT,50.8,MARGINAL,CHOP,0.75,RISING
2026-08-21,CRVS,6.0,0.05,0.066,MINOR,5,572.0,5.46,7.184,CONVICTION,546,572.0,64,16,BULL_BOUNCE_PENDING,LONG,58.9,MARGINAL,CHOP,0.76,RISING
2026-08-21,VRNS,6.0,0.24,0.121,COMPRESSION,25,291.0,0.55,0.278,COMPRESSION,55,86.0,73,17,BULL_BOUNCE,LONG,68.2,CONVICTION,CHOP,1.9811,NEUTRAL
2026-08-21,CBLL,,0.35,0.321,COMPRESSION,36,930.0,0.09,0.083,COMPRESSION,9,539.0,32,73,BEAR_REJECTION_PENDING,SHORT,48.9,MARGINAL,CHOP,1.0889,RISING
2026-08-21,DOMO,6.0,0.01,0.069,MINOR,2,400.0,0.07,0.481,MINOR,7,1173.0,26,13,BEAR_REJECTION_PENDING,SHORT,57.8,MARGINAL,CHOP,0.1455,NEUTRAL
2026-08-21,GWRE,6.0,1.02,0.127,CONVICTION,102,310.0,3.98,0.496,CONVICTION,398,1386.0,20,62,BEAR_REJECTION_PENDING,SHORT,73.0,CONVICTION,CHOP,8.0296,RISING
2026-08-21,TRAX,6.0,0.19,0.059,COMPRESSION,19,465.0,1.62,0.506,VACUUM,162,1136.0,75,11,BULL_BOUNCE_PENDING,LONG,68.8,CONVICTION,CHOP,3.1989,NEUTRAL
2026-08-21,KYTX,6.0,0.08,0.156,COMPRESSION,9,738.0,0.01,0.02,COMPRESSION,1,197.0,38,27,BULL_BOUNCE_PENDING,LONG,58.3,MARGINAL,CHOP,0.5126,RISING
2026-08-21,VGNT,6.0,0.4,0.193,MINOR,40,75.0,3.51,1.689,CONVICTION,351,236.0,23,39,BULL_BOUNCE_PENDING,LONG,56.6,MARGINAL,CHOP,2.0776,RISING
2026-08-21,JBIO,6.0,0.01,0.006,MINOR,2,617.0,0.78,0.487,MINOR,79,612.0,18,23,BULL_BOUNCE_PENDING,LONG,65.9,CONVICTION,CHOP,1.6018,RISING
2026-08-21,CGON,6.0,1.18,0.385,VACUUM,119,244.0,0.1,0.033,COMPRESSION,11,814.0,18,24,BULL_BOUNCE_PENDING,LONG,79.8,CONVICTION,CHOP,3.0668,RISING
2026-08-21,INTA,6.0,0.22,0.105,MINOR,23,931.0,3.72,1.777,CONVICTION,372,914.0,11,54,BEAR_REJECTION_PENDING,SHORT,43.6,MARGINAL,CHOP,2.0933,NEUTRAL
2026-08-21,SMWB,6.0,0.06,0.131,COMPRESSION,7,159.0,0.58,1.265,COMPRESSION,59,196.0,32,29,BULL_BOUNCE_PENDING,LONG,58.8,MARGINAL,CHOP,0.4585,RISING
2026-08-21,MITK,6.0,0.43,0.423,MINOR,43,541.0,0.04,0.039,MINOR,5,759.0,31,24,BEAR_REJECTION_PENDING,SHORT,40.0,MARGINAL,CHOP,1.0156,NEUTRAL
2026-08-21,DSGN,6.0,0.25,0.383,MINOR,25,84.0,0.03,0.046,COMPRESSION,3,990.0,13,39,BULL_BOUNCE,LONG,73.5,CONVICTION,CHOP,0.6531,RISING
2026-08-21,CGEM,6.0,0.02,0.016,MINOR,2,103.0,0.48,0.374,COMPRESSION,49,1225.0,29,41,BULL_BOUNCE_PENDING,LONG,58.1,MARGINAL,CHOP,1.2832,RISING
2026-08-21,ASPN,6.0,0.05,0.084,COMPRESSION,5,1262.0,0.05,0.084,MINOR,5,718.0,64,30,BEAR_REJECTION_PENDING,SHORT,63.1,CONVICTION,CHOP,0.5981,FALLING
2026-08-21,IREN,6.0,1.34,0.388,CONVICTION,134,109.0,1.54,0.446,CONVICTION,154,840.0,24,6,BEAR_REJECTION_PENDING,SHORT,73.1,CONVICTION,CHOP,3.4546,RISING
2026-08-21,ICLR,6.0,14.7,2.071,CONVICTION,1470,801.0,0.1,0.014,COMPRESSION,10,239.0,44,50,BULL_BOUNCE_PENDING,LONG,64.1,CONVICTION,CHOP,7.0994,NEUTRAL
2026-08-21,JACK,6.0,0.17,0.126,COMPRESSION,18,1020.0,0.2,0.148,COMPRESSION,20,913.0,50,24,BULL_BOUNCE_PENDING,LONG,53.0,MARGINAL,CHOP,1.3474,FALLING
2026-08-21,WGS,6.0,1.26,0.226,CONVICTION,126,156.0,1.92,0.344,VACUUM,193,514.0,18,51,BEAR_REJECTION_PENDING,SHORT,70.8,CONVICTION,CHOP,5.5781,NEUTRAL
2026-08-21,PARR,6.0,0.24,0.045,COMPRESSION,25,1028.0,1.03,0.193,CONVICTION,104,585.0,66,55,BULL_BOUNCE_PENDING,LONG,50.0,MARGINAL,CHOP,5.3275,RISING
2026-08-21,AMN,6.0,4.67,2.133,CONVICTION,468,420.0,0.45,0.206,MINOR,46,170.0,41,46,BULL_BOUNCE_PENDING,LONG,46.9,MARGINAL,CHOP,2.189,NEUTRAL
2026-08-21,VIA,6.0,0.35,0.246,COMPRESSION,36,1340.0,0.15,0.106,MINOR,16,538.0,5,58,BEAR_REJECTION_PENDING,SHORT,47.6,MARGINAL,CHOP,1.4209,NEUTRAL
2026-08-21,SBET,6.0,0.72,2.003,COMPRESSION,73,342.0,0.465,1.293,COMPRESSION,47,437.0,3,43,BEAR_REJECTION_PENDING,SHORT,50.4,MARGINAL,CHOP,0.3595,NEUTRAL
2026-08-21,EFOR,6.0,0.02,0.011,MINOR,2,165.0,0.67,0.373,COMPRESSION,67,951.0,10,37,BEAR_REJECTION_PENDING,SHORT,40.0,MARGINAL,CHOP,1.7981,NEUTRAL
2026-08-21,ETON,6.0,0.49,0.119,COMPRESSION,49,180.0,0.29,0.071,COMPRESSION,29,127.0,47,24,BULL_BOUNCE_PENDING,LONG,62.2,CONVICTION,CHOP,4.1056,RISING
2026-08-21,CVI,6.0,0.05,0.03,MINOR,5,184.0,0.05,0.03,COMPRESSION,6,145.0,47,29,BULL_BOUNCE_PENDING,LONG,55.2,MARGINAL,CHOP,1.6896,RISING
2026-08-21,ALMR,6.0,0.49,0.169,MINOR,50,126.0,0.84,0.289,COMPRESSION,84,235.0,12,14,BULL_BOUNCE_PENDING,LONG,54.8,MARGINAL,CHOP,2.9032,RISING
2026-08-21,MBX,6.0,0.53,0.142,MINOR,54,99.0,0.33,0.088,MINOR,33,766.0,22,31,BEAR_REJECTION_PENDING,SHORT,57.5,MARGINAL,CHOP,3.734,NEUTRAL
2026-08-21,PAYS,,,,,,,0.32,0.447,COMPRESSION,33,791.0,0,28,BULL_BOUNCE_PENDING,LONG,44.7,MARGINAL,CHOP,0.7156,NEUTRAL
2026-08-21,CLPT,6.0,6.865,8.188,CONVICTION,687,767.0,0.01,0.012,COMPRESSION,1,184.0,55,35,BULL_BOUNCE,LONG,55.0,MARGINAL,CHOP,0.8384,NEUTRAL
2026-08-21,ATRO,6.0,0.62,0.11,COMPRESSION,63,627.0,1.74,0.308,VACUUM,174,447.0,70,44,BULL_BOUNCE_PENDING,LONG,79.5,CONVICTION,CHOP,5.6571,RISING
2026-08-21,RIGL,6.0,0.47,0.207,COMPRESSION,47,993.0,0.32,0.141,COMPRESSION,33,571.0,20,44,BULL_BOUNCE_PENDING,LONG,47.2,MARGINAL,CHOP,2.2651,NEUTRAL
2026-08-21,BOBS,6.0,0.72,0.735,COMPRESSION,72,1368.0,0.33,0.337,COMPRESSION,33,582.0,31,59,BEAR_REJECTION_PENDING,SHORT,56.6,MARGINAL,CHOP,0.9792,NEUTRAL
2026-08-21,INVX,,0.04,0.024,COMPRESSION,5,79.0,0.04,0.024,COMPRESSION,4,346.0,36,53,BULL_BOUNCE_PENDING,LONG,40.0,MARGINAL,CHOP,1.6496,RISING
2026-08-21,AAUC,,0.19,0.171,COMPRESSION,19,424.0,0.91,0.821,COMPRESSION,91,576.0,22,51,BULL_BOUNCE_PENDING,LONG,73.8,CONVICTION,CHOP,1.1081,FALLING
2026-08-21,APPN,6.0,0.19,0.082,COMPRESSION,19,1491.0,0.36,0.156,COMPRESSION,37,539.0,15,44,BULL_BOUNCE_PENDING,LONG,44.0,MARGINAL,CHOP,2.3113,NEUTRAL
2026-08-21,DMRA,6.0,0.59,0.34,COMPRESSION,59,505.0,0.09,0.052,COMPRESSION,9,1389.0,31,17,BULL_BOUNCE_PENDING,LONG,87.7,CONVICTION,CHOP,1.7356,RISING
2026-08-21,AMCX,6.0,0.0039,0.007,MINOR,1,197.0,0.13,0.243,COMPRESSION,14,705.0,3,31,BULL_BOUNCE_PENDING,LONG,48.1,MARGINAL,CHOP,0.5359,RISING
2026-08-21,MU,6.0,62.72,1.068,CONVICTION,6273,1107.0,39.49,0.673,VACUUM,3950,646.0,21,39,BEAR_REJECTION_PENDING,SHORT,62.7,CONVICTION,CHOP,58.7049,RISING
2026-08-21,CSTL,6.0,0.06,0.034,COMPRESSION,7,492.0,0.09,0.051,COMPRESSION,9,158.0,23,57,BULL_BOUNCE_PENDING,LONG,54.0,MARGINAL,CHOP,1.7811,FALLING
2026-08-21,MAX,6.0,0.775,1.182,MINOR,78,619.0,0.11,0.168,COMPRESSION,11,423.0,27,36,BEAR_REJECTION_PENDING,SHORT,64.5,CONVICTION,CHOP,0.6554,NEUTRAL
2026-08-21,NBIS,6.0,16.11,0.629,CONVICTION,1612,257.0,32.77,1.279,CONVICTION,3278,22.0,21,23,BEAR_REJECTION_PENDING,SHORT,84.5,CONVICTION,CHOP,25.6207,FALLING
2026-08-21,QLYS,6.0,1.68,0.155,CONVICTION,169,109.0,0.37,0.034,MINOR,38,1409.0,39,19,BEAR_REJECTION_PENDING,SHORT,73.7,CONVICTION,CHOP,10.8667,NEUTRAL
2026-08-21,PI,6.0,2.22,0.265,CONVICTION,222,164.0,8.19,0.978,CONVICTION,819,790.0,55,14,BEAR_REJECTION_PENDING,SHORT,87.0,CONVICTION,CHOP,8.375,FALLING
2026-08-21,MTRN,6.0,3.19,0.161,CONVICTION,319,400.0,8.99,0.455,CONVICTION,900,430.0,75,32,BULL_BOUNCE_PENDING,LONG,66.5,CONVICTION,CHOP,19.7651,NEUTRAL
2026-08-21,MRX,6.0,1.63,0.466,VACUUM,163,399.0,2.24,0.64,CONVICTION,225,1004.0,52,17,BULL_BOUNCE_PENDING,LONG,73.2,CONVICTION,CHOP,3.5009,RISING
2026-08-21,SCTX,,0.65,0.189,MINOR,65,448.0,0.25,0.073,COMPRESSION,25,270.0,22,23,BULL_BOUNCE,LONG,60.0,CONVICTION,CHOP,3.4359,RISING
2026-08-21,PLSE,6.0,0.1863,0.061,MINOR,19,101.0,0.36,0.117,COMPRESSION,37,1072.0,2,57,BULL_BOUNCE_PENDING,LONG,52.7,MARGINAL,CHOP,3.0763,NEUTRAL
2026-08-21,GCT,6.0,0.33,0.109,MINOR,33,269.0,0.13,0.043,COMPRESSION,13,1201.0,26,33,BULL_BOUNCE_PENDING,LONG,55.1,MARGINAL,CHOP,3.0245,FALLING
2026-08-21,MNPR,6.0,1.48,0.209,VACUUM,148,154.0,0.54,0.076,MINOR,54,1132.0,58,9,BULL_BOUNCE_PENDING,LONG,50.3,MARGINAL,CHOP,7.0691,RISING
2026-08-21,LB,6.0,2.01,0.415,CONVICTION,201,12.0,0.01,0.002,COMPRESSION,2,414.0,26,56,BULL_BOUNCE_PENDING,LONG,63.2,CONVICTION,CHOP,4.8403,RISING
2026-08-21,MRVL,6.0,2.55,0.147,CONVICTION,256,758.0,16.75,0.965,CONVICTION,1675,528.0,13,44,BULL_BOUNCE_PENDING,LONG,82.6,CONVICTION,CHOP,17.3662,NEUTRAL
2026-08-21,NGNE,6.0,0.88,0.372,MINOR,89,134.0,0.5,0.211,COMPRESSION,50,313.0,14,45,BULL_BOUNCE_CONFIRMED,LONG,63.3,CONVICTION,CHOP,2.3646,NEUTRAL
2026-08-21,SEPN,6.0,0.78,0.261,MINOR,79,581.0,0.72,0.241,COMPRESSION,72,297.0,54,49,BULL_BOUNCE_PENDING,LONG,66.8,CONVICTION,CHOP,2.9844,FALLING
2026-08-21,MAZE,6.0,0.53,0.348,COMPRESSION,54,384.0,0.01,0.007,COMPRESSION,2,1120.0,21,40,BULL_BOUNCE_PENDING,LONG,54.0,MARGINAL,CHOP,1.5221,RISING
2026-08-21,LGIH,6.0,0.66,0.213,COMPRESSION,66,187.0,1.15,0.37,CONVICTION,116,273.0,39,49,BULL_BOUNCE,LONG,59.0,MARGINAL,CHOP,3.1041,NEUTRAL
2026-08-21,GHRS,6.0,0.23,0.152,COMPRESSION,23,195.0,0.08,0.053,MINOR,8,1401.0,38,23,BEAR_REJECTION_PENDING,SHORT,54.2,MARGINAL,CHOP,1.5122,NEUTRAL
2026-08-21,PRAA,6.0,0.1,0.091,COMPRESSION,11,381.0,0.2,0.182,COMPRESSION,20,569.0,54,33,BULL_BOUNCE_PENDING,LONG,67.5,CONVICTION,CHOP,1.1006,RISING
2026-08-21,SWMR,6.0,0.12,0.032,MINOR,13,614.0,1.34,0.354,CONVICTION,134,385.0,27,41,BEAR_REJECTION_PENDING,SHORT,49.2,MARGINAL,CHOP,3.7832,RISING
2026-08-21,SMCI,6.0,0.01,0.004,MINOR,2,397.0,0.87,0.339,COMPRESSION,88,1240.0,22,17,BEAR_REJECTION_PENDING,SHORT,65.5,CONVICTION,CHOP,2.5642,RISING
2026-08-21,HRI,6.0,28.07,3.883,CONVICTION,2808,681.0,2.25,0.311,CONVICTION,225,573.0,61,28,BEAR_REJECTION_PENDING,SHORT,50.0,MARGINAL,CHOP,7.2285,NEUTRAL
2026-08-21,TNET,6.0,0.52,0.181,COMPRESSION,52,748.0,0.7,0.244,COMPRESSION,71,910.0,23,58,BULL_BOUNCE_PENDING,LONG,55.7,MARGINAL,CHOP,2.8703,NEUTRAL
2026-08-21,GSHD,6.0,0.8,0.246,COMPRESSION,80,38.0,0.57,0.175,COMPRESSION,58,1125.0,6,66,BEAR_REJECTION_PENDING,SHORT,59.7,MARGINAL,CHOP,3.2571,NEUTRAL
2026-08-21,RDVT,6.0,0.0215,0.006,MINOR,3,10.0,2.85,0.805,CONVICTION,285,288.0,13,45,BULL_BOUNCE_PENDING,LONG,70.7,CONVICTION,CHOP,3.5392,NEUTRAL
2026-08-21,FTH,,0.84,0.267,MINOR,85,603.0,0.72,0.229,COMPRESSION,72,674.0,12,28,BEAR_REJECTION_PENDING,SHORT,40.0,MARGINAL,CHOP,3.1449,RISING
2026-08-21,HELE,6.0,0.06,0.041,COMPRESSION,6,781.0,0.16,0.109,MINOR,17,193.0,35,22,BEAR_REJECTION_PENDING,SHORT,40.0,MARGINAL,CHOP,1.4635,NEUTRAL
2026-08-21,SILC,6.0,0.49,0.12,COMPRESSION,50,282.0,1.48,0.363,VACUUM,148,1214.0,39,7,BULL_BOUNCE_PENDING,LONG,47.6,MARGINAL,CHOP,4.0769,RISING
2026-08-21,NSP,6.0,3.73,1.459,CONVICTION,373,712.0,1.04,0.407,CONVICTION,104,1072.0,21,45,BULL_BOUNCE_PENDING,LONG,49.4,MARGINAL,CHOP,2.5571,NEUTRAL
2026-08-21,KMTS,6.0,0.42,0.298,COMPRESSION,43,84.0,0.5,0.355,COMPRESSION,50,132.0,39,52,BULL_BOUNCE_PENDING,LONG,59.0,MARGINAL,CHOP,1.4089,NEUTRAL
2026-08-21,RAPP,6.0,0.49,0.226,MINOR,50,139.0,0.11,0.051,COMPRESSION,11,483.0,14,55,BULL_BOUNCE_PENDING,LONG,73.5,CONVICTION,CHOP,2.1689,NEUTRAL
2026-08-21,ALNT,6.0,1.61,0.238,CONVICTION,161,77.0,3.29,0.486,CONVICTION,330,604.0,84,39,BULL_BOUNCE,LONG,54.0,MARGINAL,CHOP,6.7732,NEUTRAL
2026-08-21,PVLA,6.0,1.68,0.205,CONVICTION,169,837.0,1.34,0.164,VACUUM,135,1085.0,35,14,BEAR_REJECTION_PENDING,SHORT,56.0,MARGINAL,CHOP,8.193,NEUTRAL
2026-08-21,TECX,,0.53,0.241,MINOR,54,122.0,0.14,0.064,COMPRESSION,15,1372.0,20,26,BEAR_REJECTION_PENDING,SHORT,68.7,CONVICTION,CHOP,2.1998,RISING
2026-08-21,PESI,6.0,0.05,0.039,COMPRESSION,6,261.0,0.25,0.195,COMPRESSION,25,18.0,45,18,BULL_BOUNCE_PENDING,LONG,55.8,MARGINAL,CHOP,1.2827,NEUTRAL
2026-08-21,NVEC,6.0,2.27,0.309,CONVICTION,228,582.0,1.185,0.162,CONVICTION,119,90.0,34,22,BEAR_REJECTION_PENDING,SHORT,79.3,CONVICTION,CHOP,7.3359,FALLING
2026-08-21,HURN,,2.3,0.369,CONVICTION,231,1152.0,1.73,0.278,CONVICTION,174,682.0,6,58,BEAR_REJECTION_PENDING,SHORT,49.5,MARGINAL,CHOP,6.2333,RISING
2026-08-21,TRNS,6.0,0.06,0.012,COMPRESSION,7,109.0,0.37,0.074,COMPRESSION,38,549.0,12,45,BEAR_REJECTION_PENDING,SHORT,47.4,MARGINAL,CHOP,5.0032,NEUTRAL
2026-08-21,APMD,,0.16,0.042,COMPRESSION,17,1143.0,1.1,0.287,CONVICTION,111,175.0,44,24,BULL_BOUNCE_PENDING,LONG,73.0,CONVICTION,CHOP,3.8348,
2026-08-21,FET,,0.105,0.023,MINOR,11,80.0,1.07,0.233,CONVICTION,107,409.0,54,25,BEAR_REJECTION_PENDING,SHORT,40.0,MARGINAL,CHOP,4.5875,NEUTRAL
2026-08-21,AXTI,6.0,1.52,0.132,VACUUM,152,36.0,0.31,0.027,COMPRESSION,32,78.0,16,10,BULL_BOUNCE_PENDING,LONG,71.8,CONVICTION,CHOP,11.5038,NEUTRAL
2026-08-21,IESC,6.0,6.42,0.141,CONVICTION,642,113.0,106.44,2.337,CONVICTION,10645,77.0,55,23,BEAR_REJECTION_PENDING,SHORT,56.0,MARGINAL,CHOP,45.5391,NEUTRAL
2026-08-21,DRUG,6.0,1.39,0.344,VACUUM,140,565.0,0.08,0.02,MINOR,8,704.0,42,38,BULL_BOUNCE_PENDING,LONG,55.9,MARGINAL,CHOP,4.0439,RISING
2026-08-21,BXC,6.0,0.91,0.16,COMPRESSION,91,323.0,1.65,0.29,CONVICTION,165,1054.0,37,18,BULL_BOUNCE_PENDING,LONG,80.1,CONVICTION,CHOP,5.6947,FALLING
2026-08-21,NUTX,6.0,1.2039,0.087,VACUUM,121,52.0,0.23,0.017,COMPRESSION,24,42.0,30,74,BEAR_REJECTION_PENDING,SHORT,46.0,MARGINAL,CHOP,13.9074,RISING
2026-08-21,LITE,6.0,39.13,0.45,CONVICTION,3913,298.0,69.58,0.8,CONVICTION,6959,380.0,19,29,BEAR_REJECTION_PENDING,SHORT,60.0,CONVICTION,CHOP,87.0179,RISING
2026-08-21,DELL,6.0,11.16,0.352,VACUUM,1117,798.0,100.95,3.184,CONVICTION,10095,369.0,17,25,BULL_BOUNCE,LONG,55.0,MARGINAL,CHOP,31.7065,NEUTRAL
2026-08-21,AEHR,6.0,4.7941,0.313,VACUUM,480,99.0,1.56,0.102,CONVICTION,157,528.0,25,28,BEAR_REJECTION_PENDING,SHORT,46.0,MARGINAL,CHOP,15.2954,NEUTRAL
2026-08-21,CRDO,6.0,7.525,0.329,CONVICTION,753,1480.0,8.09,0.353,VACUUM,810,1065.0,33,10,SHORT_UPPER_DIRTY,SHORT,54.9,MARGINAL,CHOP,22.9012,FALLING
2026-08-21,SHPH,6.0,0.03,0.065,COMPRESSION,4,1038.0,0.0011,0.002,MINOR,1,981.0,44,28,BEAR_REJECTION_PENDING,SHORT,50.5,MARGINAL,CHOP,0.4617,NEUTRAL
2026-08-21,STX,6.0,60.83,0.908,VACUUM,6084,833.0,2.05,0.031,VACUUM,205,618.0,26,16,BEAR_REJECTION_PENDING,SHORT,60.0,CONVICTION,CHOP,67.0289,RISING
2026-08-21,OTLK,6.0,0.0169,0.138,MINOR,2,120.0,0.0635,0.517,COMPRESSION,7,526.0,12,4,BULL_BOUNCE_PENDING,LONG,60.2,CONVICTION,CHOP,0.1228,FALLING
2026-08-21,TER,6.0,5.855,0.216,CONVICTION,586,943.0,4.38,0.162,VACUUM,438,242.0,34,49,BEAR_REJECTION_PENDING,SHORT,40.0,MARGINAL,CHOP,27.1143,RISING
2026-08-21,SPCE,6.0,0.23,1.055,COMPRESSION,23,812.0,0.0027,0.012,MINOR,1,1014.0,18,9,BEAR_REJECTION_PENDING,SHORT,62.7,CONVICTION,CHOP,0.2181,NEUTRAL
2026-08-21,TGB,6.0,,,,,,0.08,0.164,COMPRESSION,9,353.0,0,64,BULL_BOUNCE_PENDING,LONG,57.2,MARGINAL,CHOP,0.4868,FALLING
2026-08-21,RXT,6.0,0.07,0.148,MINOR,7,152.0,0.005,0.011,MINOR,1,227.0,18,14,BULL_BOUNCE_CONFIRMED,LONG,44.0,MARGINAL,CHOP,0.474,NEUTRAL
2026-08-21,TSEM,6.0,13.945,0.62,CONVICTION,1395,1166.0,4.1,0.182,VACUUM,410,121.0,56,36,BEAR_REJECTION_PENDING,SHORT,66.0,CONVICTION,CHOP,22.5025,FALLING
2026-08-21,MBGL,6.0,0.005,0.005,MINOR,1,49.0,0.12,0.126,COMPRESSION,13,225.0,15,13,BULL_BOUNCE_PENDING,LONG,53.0,MARGINAL,CHOP,0.9498,RISING
2026-08-21,JHX,6.0,0.43,0.415,MINOR,43,1048.0,1.56,1.507,CONVICTION,156,109.0,14,43,BULL_BOUNCE_CONFIRMED,LONG,57.9,MARGINAL,CHOP,1.0349,NEUTRAL
2026-08-21,AREC,6.0,0.04,0.18,MINOR,5,895.0,0.09,0.404,MINOR,9,817.0,32,19,BULL_BOUNCE_PENDING,LONG,52.7,MARGINAL,CHOP,0.2225,RISING
2026-08-21,DNN,6.0,0.04,0.282,COMPRESSION,5,1296.0,0.06,0.423,COMPRESSION,7,617.0,17,35,BULL_BOUNCE_PENDING,LONG,45.0,MARGINAL,CHOP,0.1418,FALLING
2026-08-21,FRMI,6.0,0.0148,0.027,MINOR,2,1229.0,0.01,0.018,COMPRESSION,2,334.0,13,13,BEAR_REJECTION_PENDING,SHORT,56.0,MARGINAL,CHOP,0.5438,FALLING
2026-08-21,AMKR,6.0,2.295,0.618,CONVICTION,230,1151.0,1.025,0.276,CONVICTION,103,855.0,23,39,CHANNEL_BREAKOUT,LONG,43.0,MARGINAL,CHOP,3.7148,RISING
2026-08-21,NXE,6.0,0.2,0.408,COMPRESSION,21,725.0,0.24,0.489,COMPRESSION,25,338.0,36,27,BEAR_REJECTION_PENDING,SHORT,66.3,CONVICTION,CHOP,0.4906,FALLING
2026-08-21,TOI,6.0,0.08,0.211,COMPRESSION,9,164.0,0.01,0.026,MINOR,1,106.0,17,31,BULL_BOUNCE_PENDING,LONG,60.0,CONVICTION,CHOP,0.3791,NEUTRAL
2026-08-21,QTEX,6.0,0.0399,0.332,MINOR,4,432.0,0.02,0.167,MINOR,3,12.0,8,15,BULL_BOUNCE,LONG,52.7,MARGINAL,CHOP,0.1201,NEUTRAL
2026-08-21,IAUX,6.0,0.16,1.709,COMPRESSION,16,328.0,0.02,0.214,COMPRESSION,3,765.0,7,54,BULL_BOUNCE,LONG,64.0,CONVICTION,CHOP,0.0936,RISING
2026-08-21,EXK,6.0,0.935,1.41,COMPRESSION,94,650.0,0.43,0.648,COMPRESSION,43,969.0,5,53,BEAR_REJECTION_PENDING,SHORT,54.1,MARGINAL,CHOP,0.6633,FALLING
2026-08-21,EOSE,6.0,0.02,0.051,COMPRESSION,2,1494.0,0.02,0.051,COMPRESSION,3,1466.0,35,12,BEAR_REJECTION_PENDING,SHORT,42.0,MARGINAL,CHOP,0.3946,FALLING
2026-08-21,MBLY,6.0,0.2399,0.643,COMPRESSION,24,67.0,0.38,1.018,COMPRESSION,39,526.0,18,45,BEAR_REJECTION_PENDING,SHORT,63.3,CONVICTION,CHOP,0.3732,RISING
2026-08-21,QXO,6.0,0.06,0.067,COMPRESSION,7,768.0,0.0462,0.052,MINOR,5,33.0,45,12,BEAR_REJECTION_PENDING,SHORT,42.0,MARGINAL,CHOP,0.8928,FALLING
2026-08-21,DX,6.0,0.09,0.484,COMPRESSION,9,710.0,0.03,0.161,COMPRESSION,3,8.0,15,28,BULL_BOUNCE_PENDING,LONG,66.7,CONVICTION,CHOP,0.1861,RISING
2026-08-21,B,6.0,4.75,2.576,CONVICTION,475,30.0,0.29,0.157,COMPRESSION,29,1117.0,2,102,BEAR_REJECTION_PENDING,SHORT,78.8,CONVICTION,CHOP,1.8443,RISING
2026-08-21,UUUU,6.0,0.42,0.455,COMPRESSION,42,674.0,0.97,1.051,COMPRESSION,97,163.0,33,48,BULL_BOUNCE,LONG,60.2,CONVICTION,CHOP,0.9233,RISING
2026-08-21,U,6.0,0.19,0.082,COMPRESSION,19,578.0,0.085,0.037,COMPRESSION,9,376.0,14,36,BULL_BOUNCE_PENDING,LONG,44.0,MARGINAL,CHOP,2.3273,RISING
2026-08-21,NUAI,6.0,0.08,0.16,MINOR,9,1309.0,0.005,0.01,MINOR,1,1318.0,6,5,BULL_BOUNCE_PENDING,LONG,41.0,MARGINAL,CHOP,0.5,RISING
2026-08-21,FAST,6.0,0.09,0.081,COMPRESSION,10,174.0,0.17,0.153,COMPRESSION,18,435.0,27,39,BULL_BOUNCE_PENDING,LONG,54.6,MARGINAL,CHOP,1.1144,NEUTRAL
2026-08-21,QUBT,6.0,0.09,0.186,COMPRESSION,9,838.0,0.325,0.672,COMPRESSION,33,772.0,25,26,BULL_BOUNCE_PENDING,LONG,48.6,MARGINAL,CHOP,0.4836,NEUTRAL
2026-08-21,JOBY,6.0,0.07,0.144,COMPRESSION,8,261.0,0.03,0.062,COMPRESSION,3,614.0,31,15,BEAR_REJECTION_PENDING,SHORT,67.0,CONVICTION,CHOP,0.4875,FALLING
2026-08-21,GPUS,6.0,0.013,1.781,MINOR,2,684.0,0.0004,0.055,MINOR,1,118.0,3,1,BEAR_REJECTION_PENDING,SHORT,53.9,MARGINAL,CHOP,0.0073,FALLING
2026-08-21,ORC,6.0,0.35,3.159,COMPRESSION,35,327.0,0.13,1.173,COMPRESSION,13,698.0,15,49,BEAR_REJECTION_PENDING,SHORT,39.0,MARGINAL,CHOP,0.1108,RISING
2026-08-21,BTE,6.0,0.09,0.555,MINOR,9,104.0,0.01,0.062,COMPRESSION,1,913.0,14,80,BEAR_REJECTION_PENDING,SHORT,47.7,MARGINAL,CHOP,0.1623,RISING
2026-08-21,BTBT,6.0,0.01,0.079,MINOR,2,479.0,0.035,0.278,COMPRESSION,4,1287.0,1,18,BEAR_REJECTION_PENDING,SHORT,36.0,MARGINAL,CHOP,0.126,RISING
2026-08-21,LCID,6.0,0.11,0.208,COMPRESSION,11,795.0,0.005,0.009,MINOR,1,504.0,32,7,BEAR_REJECTION_PENDING,SHORT,56.0,MARGINAL,CHOP,0.529,FALLING
2026-08-21,FFAI,6.0,0.02,0.034,COMPRESSION,3,1385.0,0.0012,0.002,MINOR,1,154.0,19,2,BEAR_REJECTION_PENDING,SHORT,40.0,MARGINAL,CHOP,0.5931,RISING
2026-08-21,REI,6.0,,,,,,0.01,0.155,COMPRESSION,2,1222.0,0,44,BULL_BOUNCE_PENDING,LONG,44.7,MARGINAL,CHOP,0.0646,NEUTRAL
2026-08-21,ELPW,6.0,3.3975,2.674,CONVICTION,340,1216.0,0.01,0.008,MINOR,2,225.0,53,23,BEAR_REJECTION_PENDING,SHORT,50.0,MARGINAL,CHOP,1.2708,RISING
2026-08-21,ORBS,6.0,0.0447,0.78,COMPRESSION,5,715.0,0.0041,0.072,COMPRESSION,1,1412.0,8,25,BEAR_REJECTION_PENDING,SHORT,47.6,MARGINAL,CHOP,0.0573,FALLING
2026-08-21,RR,6.0,0.06,0.547,MINOR,7,311.0,0.1,0.912,COMPRESSION,11,1491.0,14,8,BEAR_REJECTION_PENDING,SHORT,50.0,MARGINAL,CHOP,0.1097,RISING
2026-08-21,SPRO,6.0,0.01,0.161,MINOR,2,1318.0,0.01,0.161,MINOR,2,158.0,13,7,BEAR_REJECTION_PENDING,SHORT,46.0,MARGINAL,CHOP,0.0621,RISING
2026-08-21,GPRO,6.0,0.0502,0.958,COMPRESSION,6,497.0,0.0001,0.002,MINOR,1,105.0,35,19,BEAR_REJECTION_PENDING,SHORT,50.6,MARGINAL,CHOP,0.0524,FALLING
2026-08-21,PLUG,6.0,0.0044,0.028,MINOR,1,1324.0,0.27,1.692,COMPRESSION,27,502.0,18,11,BULL_BOUNCE_PENDING,LONG,44.1,MARGINAL,CHOP,0.1596,RISING
2026-08-21,SLB,6.0,0.21,0.141,COMPRESSION,22,309.0,0.23,0.154,COMPRESSION,23,549.0,27,54,BEAR_REJECTION_PENDING,SHORT,55.4,MARGINAL,CHOP,1.491,RISING
2026-08-21,MVST,6.0,0.0007,0.008,COMPRESSION,1,631.0,0.0049,0.058,MINOR,1,738.0,31,15,BEAR_REJECTION_PENDING,SHORT,49.0,MARGINAL,CHOP,0.0851,FALLING
2026-08-21,LUMN,6.0,0.06,0.148,COMPRESSION,6,33.0,0.0031,0.008,MINOR,1,218.0,38,12,BEAR_REJECTION_PENDING,SHORT,62.5,CONVICTION,CHOP,0.4046,RISING
2026-08-21,DNLI,6.0,0.07,0.079,COMPRESSION,8,1178.0,0.2,0.226,COMPRESSION,20,1390.0,14,48,BULL_BOUNCE_PENDING,LONG,65.8,CONVICTION,CHOP,0.8855,FALLING
2026-08-21,NXTC,6.0,0.32,0.322,MINOR,33,580.0,0.0209,0.021,MINOR,3,1410.0,10,5,BULL_BOUNCE_PENDING,LONG,47.7,MARGINAL,CHOP,0.9944,NEUTRAL
2026-08-21,COTY,6.0,0.04,0.223,COMPRESSION,5,73.0,0.05,0.279,COMPRESSION,5,1136.0,10,10,BEAR_REJECTION_PENDING,SHORT,60.2,CONVICTION,CHOP,0.1792,NEUTRAL
2026-08-21,SOC,6.0,0.005,0.01,MINOR,1,179.0,0.0001,0.0,MINOR,1,1135.0,12,6,BEAR_REJECTION_PENDING,SHORT,56.0,MARGINAL,CHOP,0.4861,FALLING
2026-08-21,VMAR,6.0,0.0025,0.03,MINOR,1,716.0,0.0192,0.23,MINOR,2,14.0,8,39,BEAR_REJECTION_PENDING,SHORT,40.0,MARGINAL,CHOP,0.0833,RISING
2026-08-21,KOS,6.0,0.005,0.034,MINOR,1,600.0,0.02,0.136,COMPRESSION,3,1433.0,5,34,BULL_BOUNCE_PENDING,LONG,61.8,CONVICTION,CHOP,0.1471,RISING
2026-08-21,CMCSA,6.0,0.19,0.298,COMPRESSION,20,235.0,0.47,0.737,COMPRESSION,47,739.0,13,63,BULL_BOUNCE_PENDING,LONG,42.7,MARGINAL,CHOP,0.638,NEUTRAL
2026-08-21,VIVK,6.0,0.01,0.054,COMPRESSION,2,1101.0,0.0104,0.057,MINOR,2,317.0,21,7,BEAR_REJECTION_PENDING,SHORT,50.0,MARGINAL,CHOP,0.184,NEUTRAL
2026-08-21,LAES,6.0,0.16,0.952,MINOR,16,873.0,0.7,4.164,COMPRESSION,71,277.0,22,15,BEAR_REJECTION_PENDING,SHORT,50.6,MARGINAL,CHOP,0.1681,RISING
2026-08-21,KTOS,6.0,0.69,0.169,COMPRESSION,70,540.0,3.47,0.851,CONVICTION,348,257.0,73,34,BULL_BOUNCE_PENDING,LONG,70.8,CONVICTION,CHOP,4.0788,RISING
2026-08-21,OPEN,6.0,0.06,0.236,MINOR,6,511.0,0.1162,0.457,COMPRESSION,12,955.0,5,16,BEAR_REJECTION_PENDING,SHORT,42.2,MARGINAL,CHOP,0.2541,RISING
2026-08-21,CNH,6.0,0.185,0.365,COMPRESSION,19,1014.0,0.035,0.069,MINOR,4,64.0,22,35,BULL_BOUNCE_PENDING,LONG,42.0,MARGINAL,CHOP,0.5064,NEUTRAL
2026-08-21,GLXY,6.0,0.99,0.583,CONVICTION,100,1218.0,1.55,0.912,CONVICTION,156,448.0,3,51,BEAR_REJECTION_PENDING,SHORT,61.9,CONVICTION,CHOP,1.6993,RISING
2026-08-21,TE,6.0,0.22,0.359,COMPRESSION,22,591.0,0.005,0.008,MINOR,1,239.0,19,19,BULL_BOUNCE_PENDING,LONG,40.0,MARGINAL,CHOP,0.6124,FALLING
2026-08-21,GRAB,6.0,0.0198,0.142,MINOR,2,57.0,0.03,0.215,COMPRESSION,4,228.0,10,11,BEAR_REJECTION_PENDING,SHORT,56.0,MARGINAL,CHOP,0.1393,FALLING
2026-08-21,IOVA,6.0,0.0162,0.024,MINOR,2,220.0,0.08,0.118,COMPRESSION,9,840.0,19,21,BULL_BOUNCE_PENDING,LONG,76.8,CONVICTION,CHOP,0.6758,RISING
2026-08-21,WMT,6.0,7.92,2.69,CONVICTION,793,222.0,0.1,0.034,COMPRESSION,10,143.0,30,14,BEAR_REJECTION_PENDING,SHORT,73.0,CONVICTION,CHOP,2.9439,FALLING
2026-08-21,BYND,6.0,0.03,0.017,MINOR,3,749.0,0.0041,0.002,MINOR,1,246.0,23,24,BEAR_REJECTION_PENDING,SHORT,40.0,MARGINAL,CHOP,1.7754,RISING
2026-08-21,CLSK,6.0,0.25,0.24,COMPRESSION,25,219.0,0.645,0.62,COMPRESSION,65,635.0,4,31,BULL_BOUNCE_PENDING,LONG,44.8,MARGINAL,CHOP,1.0407,NEUTRAL
2026-08-21,SNAP,6.0,0.02,0.064,COMPRESSION,3,38.0,0.09,0.288,COMPRESSION,9,878.0,11,25,BEAR_REJECTION_PENDING,SHORT,52.4,MARGINAL,CHOP,0.3121,RISING
2026-08-21,OCGN,6.0,0.248,3.259,COMPRESSION,25,1163.0,0.015,0.197,COMPRESSION,2,937.0,19,26,BULL_BOUNCE_PENDING,LONG,56.9,MARGINAL,CHOP,0.0761,RISING
2026-08-21,AEG,6.0,0.27,2.074,COMPRESSION,27,11.0,0.13,0.998,COMPRESSION,13,233.0,50,53,BEAR_REJECTION_PENDING,SHORT,59.2,MARGINAL,CHOP,0.1302,FALLING
2026-08-21,PFE,6.0,0.02,0.032,COMPRESSION,2,637.0,0.14,0.222,COMPRESSION,14,926.0,29,81,BULL_BOUNCE,LONG,70.5,CONVICTION,CHOP,0.6303,RISING
2026-08-21,COUR,6.0,0.03,0.107,MINOR,4,627.0,0.1,0.355,COMPRESSION,10,610.0,8,26,BULL_BOUNCE_CONFIRMED,LONG,44.0,MARGINAL,CHOP,0.2814,FALLING
2026-08-21,T,6.0,0.19,0.363,COMPRESSION,20,310.0,0.25,0.478,COMPRESSION,25,1499.0,22,88,BEAR_REJECTION_PENDING,SHORT,63.0,CONVICTION,CHOP,0.5229,RISING
2026-08-21,KO,6.0,0.005,0.004,MINOR,1,66.0,0.825,0.578,COMPRESSION,83,813.0,26,87,BULL_BOUNCE_PENDING,LONG,77.0,CONVICTION,CHOP,1.4271,RISING
2026-08-21,KDP,6.0,2.33,2.098,CONVICTION,233,302.0,0.24,0.216,COMPRESSION,25,149.0,11,45,BEAR_REJECTION_PENDING,SHORT,75.0,CONVICTION,CHOP,1.1107,RISING
2026-08-21,ACHR,6.0,0.14,0.254,COMPRESSION,14,658.0,0.13,0.236,COMPRESSION,13,1184.0,38,22,BEAR_REJECTION_PENDING,SHORT,58.5,MARGINAL,CHOP,0.551,NEUTRAL
2026-08-21,NU,6.0,0.595,0.924,COMPRESSION,60,1133.0,0.07,0.109,COMPRESSION,7,1063.0,22,50,BULL_BOUNCE_PENDING,LONG,62.6,CONVICTION,CHOP,0.644,RISING
2026-08-21,XE,6.0,0.785,0.363,COMPRESSION,79,690.0,0.2,0.093,COMPRESSION,20,440.0,29,31,BEAR_REJECTION_PENDING,SHORT,52.0,MARGINAL,CHOP,2.1599,FALLING
2026-08-21,ABT,6.0,0.39,0.164,COMPRESSION,40,646.0,2.11,0.887,CONVICTION,211,543.0,9,72,BULL_BOUNCE,LONG,69.5,CONVICTION,CHOP,2.3781,RISING
2026-08-21,GIS,6.0,0.14,0.133,COMPRESSION,15,1124.0,0.18,0.171,COMPRESSION,18,824.0,19,49,BULL_BOUNCE_PENDING,LONG,56.0,MARGINAL,CHOP,1.0543,RISING
2026-08-21,BULL,6.0,0.18,0.432,COMPRESSION,18,1105.0,0.21,0.504,COMPRESSION,21,23.0,17,20,BULL_BOUNCE_PENDING,LONG,66.5,CONVICTION,CHOP,0.4164,RISING
2026-08-21,BAX,6.0,0.26,0.262,COMPRESSION,27,23.0,0.22,0.222,COMPRESSION,22,1412.0,45,31,BEAR_REJECTION_PENDING,SHORT,64.4,CONVICTION,CHOP,0.9911,NEUTRAL
2026-08-21,ET,6.0,0.0564,0.147,MINOR,6,10.0,0.13,0.338,COMPRESSION,13,700.0,1,63,BULL_BOUNCE_PENDING,LONG,55.3,MARGINAL,CHOP,0.3844,NEUTRAL
2026-08-21,MOS,6.0,0.31,0.294,COMPRESSION,31,412.0,0.23,0.218,COMPRESSION,24,361.0,8,79,BULL_BOUNCE_PENDING,LONG,56.0,MARGINAL,CHOP,1.055,FALLING
2026-08-21,ORCL,6.0,3.4,0.487,CONVICTION,341,15.0,2.05,0.293,CONVICTION,205,777.0,46,37,BEAR_REJECTION_PENDING,SHORT,61.8,CONVICTION,CHOP,6.9857,RISING
2026-08-21,WFC,6.0,0.32,0.186,COMPRESSION,32,201.0,0.51,0.296,COMPRESSION,51,836.0,86,37,BEAR_REJECTION_PENDING,SHORT,33.9,MARGINAL,CHOP,1.7212,FALLING
2026-08-21,SMR,6.0,0.1,0.151,MINOR,11,613.0,0.235,0.355,COMPRESSION,24,892.0,12,19,BULL_BOUNCE_CONFIRMED,LONG,48.0,MARGINAL,CHOP,0.6625,FALLING
2026-08-21,POET,6.0,0.01,0.014,COMPRESSION,1,144.0,0.01,0.014,COMPRESSION,2,794.0,21,20,BULL_BOUNCE_CONFIRMED,LONG,56.0,MARGINAL,CHOP,0.7325,RISING
2026-08-21,PCG,6.0,1.28,2.404,CONVICTION,129,17.0,0.08,0.15,MINOR,9,953.0,12,34,BEAR_REJECTION_PENDING,SHORT,74.5,CONVICTION,CHOP,0.5325,RISING
2026-08-21,RCAT,6.0,0.115,0.129,COMPRESSION,12,322.0,0.03,0.034,MINOR,3,307.0,40,19,BULL_BOUNCE,LONG,47.0,MARGINAL,CHOP,0.8934,NEUTRAL
2026-08-21,FTNT,6.0,0.85,0.147,COMPRESSION,85,46.0,2.13,0.367,CONVICTION,213,680.0,46,43,BEAR_REJECTION_PENDING,SHORT,59.7,MARGINAL,CHOP,5.7977,NEUTRAL
2026-08-21,TFC,6.0,0.29,0.33,COMPRESSION,29,70.0,0.11,0.125,COMPRESSION,11,1434.0,58,36,BULL_BOUNCE_PENDING,LONG,41.0,MARGINAL,CHOP,0.8796,NEUTRAL
2026-08-21,KHC,6.0,0.1,0.13,COMPRESSION,10,1489.0,0.04,0.052,COMPRESSION,4,719.0,27,69,BULL_BOUNCE_PENDING,LONG,44.0,MARGINAL,CHOP,0.7699,NEUTRAL
2026-08-21,JPM,6.0,0.015,0.003,MINOR,2,23.0,1.87,0.333,CONVICTION,187,411.0,33,50,BULL_BOUNCE,LONG,61.8,CONVICTION,CHOP,5.6075,NEUTRAL
2026-08-21,BAC,6.0,0.11,0.106,COMPRESSION,11,166.0,0.03,0.029,COMPRESSION,4,376.0,51,54,BULL_BOUNCE_PENDING,LONG,61.2,CONVICTION,CHOP,1.0404,NEUTRAL
2026-08-21,RDW,6.0,0.11,0.101,COMPRESSION,12,293.0,1.11,1.023,CONVICTION,111,92.0,29,24,BEAR_REJECTION_PENDING,SHORT,58.6,MARGINAL,CHOP,1.0849,FALLING
2026-08-21,S,6.0,0.61,0.588,COMPRESSION,61,755.0,0.22,0.212,COMPRESSION,23,784.0,47,31,BULL_BOUNCE_PENDING,LONG,61.7,CONVICTION,CHOP,1.038,NEUTRAL
2026-08-21,CLF,6.0,0.05,0.077,COMPRESSION,6,862.0,1.22,1.882,CONVICTION,123,220.0,31,34,BULL_BOUNCE_PENDING,LONG,75.4,CONVICTION,CHOP,0.6482,FALLING
2026-08-21,AVTR,6.0,0.18,0.401,COMPRESSION,18,1228.0,0.005,0.011,COMPRESSION,1,1179.0,12,41,BULL_BOUNCE_PENDING,LONG,58.9,MARGINAL,CHOP,0.4489,NEUTRAL
2026-08-21,JNJ,6.0,0.13,0.024,MINOR,13,125.0,5.3,0.964,CONVICTION,531,54.0,33,87,BEAR_REJECTION_PENDING,SHORT,56.0,MARGINAL,CHOP,5.4961,RISING
2026-08-21,ARI,6.0,3.52,26.113,CONVICTION,352,115.0,0.02,0.148,COMPRESSION,2,245.0,9,35,BEAR_REJECTION_PENDING,SHORT,40.0,MARGINAL,CHOP,0.1348,RISING
2026-08-21,EQX,6.0,0.58,0.886,COMPRESSION,59,331.0,0.13,0.199,COMPRESSION,14,1187.0,10,78,BEAR_REJECTION_PENDING,SHORT,44.3,MARGINAL,CHOP,0.6549,RISING
2026-08-21,TSCO,6.0,0.05,0.041,COMPRESSION,6,195.0,0.275,0.224,COMPRESSION,28,574.0,24,40,BULL_BOUNCE_CONFIRMED,LONG,56.0,MARGINAL,CHOP,1.2262,RISING
2026-08-21,OKTA,6.0,2.24,0.326,CONVICTION,225,312.0,2.46,0.358,CONVICTION,246,596.0,39,18,BULL_BOUNCE_PENDING,LONG,82.3,CONVICTION,CHOP,6.8761,NEUTRAL
2026-08-21,VZ,6.0,0.13,0.138,COMPRESSION,14,169.0,0.3,0.317,COMPRESSION,30,142.0,4,85,BEAR_REJECTION_PENDING,SHORT,49.5,MARGINAL,CHOP,0.9454,RISING
2026-08-21,CAG,6.0,0.3,0.713,COMPRESSION,31,265.0,0.14,0.333,COMPRESSION,14,708.0,12,69,BULL_BOUNCE_PENDING,LONG,46.0,MARGINAL,CHOP,0.4207,RISING
2026-08-21,NTSK,6.0,0.14,0.156,COMPRESSION,14,118.0,0.17,0.19,COMPRESSION,17,1133.0,32,40,BEAR_REJECTION_PENDING,SHORT,52.3,MARGINAL,CHOP,0.8948,NEUTRAL
2026-08-21,BKD,6.0,0.17,0.265,COMPRESSION,17,559.0,0.04,0.062,COMPRESSION,5,644.0,35,7,BULL_BOUNCE_PENDING,LONG,49.3,MARGINAL,CHOP,0.6404,FALLING
2026-08-21,SOFI,6.0,0.03,0.039,MINOR,3,191.0,0.08,0.103,COMPRESSION,8,983.0,17,26,BEAR_REJECTION_PENDING,SHORT,44.3,MARGINAL,CHOP,0.7739,RISING
2026-08-21,COIN,6.0,5.18,0.635,CONVICTION,519,340.0,12.15,1.489,CONVICTION,1216,633.0,6,48,BEAR_REJECTION_PENDING,SHORT,50.4,MARGINAL,CHOP,8.1575,RISING
2026-08-21,NOW,6.0,5.87,0.936,CONVICTION,588,39.0,3.28,0.523,CONVICTION,329,1150.0,17,31,BULL_BOUNCE_PENDING,LONG,46.9,MARGINAL,CHOP,6.2737,NEUTRAL
2026-08-21,CVE,6.0,0.1022,0.106,MINOR,11,16.0,0.37,0.385,COMPRESSION,37,301.0,16,89,BULL_BOUNCE,LONG,61.0,CONVICTION,CHOP,0.9598,RISING
2026-08-21,HTZ,6.0,0.03,0.091,COMPRESSION,4,625.0,0.26,0.789,COMPRESSION,26,1250.0,12,7,BEAR_REJECTION_PENDING,SHORT,56.0,MARGINAL,CHOP,0.3297,FALLING
2026-08-21,NFLX,6.0,0.52,0.228,COMPRESSION,53,195.0,1.06,0.465,CONVICTION,107,915.0,15,64,BEAR_REJECTION_PENDING,SHORT,47.4,MARGINAL,CHOP,2.2812,RISING
2026-08-21,BE,6.0,11.395,0.546,CONVICTION,1140,801.0,2.75,0.132,CONVICTION,275,888.0,21,19,BULL_BOUNCE_PENDING,LONG,38.0,MARGINAL,CHOP,20.8846,FALLING
2026-08-21,KVUE,6.0,0.03,0.065,COMPRESSION,4,148.0,1.78,3.86,CONVICTION,178,1078.0,23,42,BULL_BOUNCE_PENDING,LONG,58.0,MARGINAL,CHOP,0.4611,NEUTRAL
2026-08-21,HL,6.0,0.11,0.103,COMPRESSION,11,1258.0,0.13,0.122,COMPRESSION,13,1443.0,4,57,BEAR_REJECTION_PENDING,SHORT,70.5,CONVICTION,CHOP,1.0682,RISING
2026-08-21,MS,6.0,0.78,0.169,MINOR,79,395.0,1.82,0.395,CONVICTION,182,247.0,75,39,BEAR_REJECTION_PENDING,SHORT,53.6,MARGINAL,CHOP,4.605,NEUTRAL
2026-08-21,XOM,6.0,3.89,1.045,CONVICTION,389,7.0,1.045,0.281,CONVICTION,105,673.0,29,107,BULL_BOUNCE_PENDING,LONG,44.3,MARGINAL,CHOP,3.721,RISING
2026-08-21,LYFT,6.0,0.245,0.348,COMPRESSION,25,420.0,0.16,0.227,COMPRESSION,17,769.0,6,41,BEAR_REJECTION_PENDING,SHORT,51.0,MARGINAL,CHOP,0.7049,NEUTRAL
2026-08-21,DOW,6.0,0.16,0.151,COMPRESSION,17,1426.0,0.02,0.019,COMPRESSION,2,547.0,14,81,BULL_BOUNCE_PENDING,LONG,52.0,MARGINAL,CHOP,1.0602,RISING
2026-08-21,ARR,6.0,0.275,1.105,COMPRESSION,28,64.0,0.16,0.643,COMPRESSION,17,263.0,39,20,BEAR_REJECTION_PENDING,SHORT,65.0,CONVICTION,CHOP,0.2489,RISING
2026-08-21,RF,6.0,0.1,0.185,COMPRESSION,11,89.0,0.05,0.093,COMPRESSION,6,225.0,49,25,BULL_BOUNCE_PENDING,LONG,67.5,CONVICTION,CHOP,0.5403,NEUTRAL
2026-08-21,CPOP,6.0,0.0012,0.024,MINOR,1,259.0,0.0029,0.058,MINOR,1,114.0,23,5,BEAR_REJECTION_PENDING,SHORT,50.0,MARGINAL,CHOP,0.0502,NEUTRAL
2026-08-21,IAG,6.0,0.27,0.269,COMPRESSION,27,57.0,0.2,0.199,COMPRESSION,20,1186.0,8,114,BUY_LOWER_DIRTY,LONG,55.5,MARGINAL,CHOP,1.0026,RISING
2026-08-21,C,6.0,0.39,0.13,COMPRESSION,39,183.0,0.55,0.183,COMPRESSION,55,1101.0,89,42,BEAR_REJECTION_PENDING,SHORT,51.5,MARGINAL,CHOP,3.0057,RISING
2026-08-21,DKNG,6.0,0.005,0.004,COMPRESSION,1,1251.0,0.725,0.55,COMPRESSION,73,886.0,25,42,BULL_BOUNCE_PENDING,LONG,69.3,CONVICTION,CHOP,1.318,NEUTRAL
2026-08-21,OXY,6.0,0.085,0.051,COMPRESSION,9,225.0,0.15,0.09,COMPRESSION,15,486.0,13,110,BULL_BOUNCE,LONG,73.1,CONVICTION,CHOP,1.6745,RISING
2026-08-21,KEY,6.0,0.06,0.14,COMPRESSION,7,23.0,0.03,0.07,COMPRESSION,3,91.0,41,21,BULL_BOUNCE_PENDING,LONG,52.8,MARGINAL,CHOP,0.4275,RISING
2026-08-21,MDT,6.0,2.63,1.259,CONVICTION,263,355.0,1.42,0.68,CONVICTION,143,720.0,15,89,BULL_BOUNCE,LONG,59.9,MARGINAL,CHOP,2.0886,RISING
2026-08-21,VST,6.0,1.61,0.273,CONVICTION,162,307.0,7.67,1.302,CONVICTION,768,207.0,41,33,BEAR_REJECTION_PENDING,SHORT,67.2,CONVICTION,CHOP,5.8901,RISING
2026-08-21,FIS,6.0,0.37,0.207,COMPRESSION,38,475.0,0.46,0.257,COMPRESSION,47,391.0,32,10,BEAR_REJECTION_PENDING,SHORT,72.0,CONVICTION,CHOP,1.7884,FALLING
2026-08-21,DVN,6.0,0.02,0.015,MINOR,2,351.0,0.325,0.236,COMPRESSION,33,626.0,11,140,BEAR_REJECTION_PENDING,SHORT,40.6,MARGINAL,CHOP,1.3754,RISING
2026-08-21,HBM,6.0,0.21,0.166,COMPRESSION,21,495.0,0.85,0.673,COMPRESSION,85,429.0,15,61,BULL_BOUNCE_PENDING,LONG,72.1,CONVICTION,CHOP,1.2638,NEUTRAL
2026-08-21,ASTS,6.0,0.36,0.071,COMPRESSION,36,728.0,1.12,0.22,VACUUM,112,102.0,29,34,BULL_BOUNCE_CONFIRMED,LONG,60.0,CONVICTION,CHOP,5.0982,RISING
2026-08-21,CRWV,6.0,4.6,0.516,CONVICTION,460,1129.0,0.565,0.063,COMPRESSION,57,26.0,37,23,BEAR_REJECTION_PENDING,SHORT,72.7,CONVICTION,CHOP,8.9125,FALLING
2026-08-21,AAOI,6.0,6.44,0.361,CONVICTION,644,1160.0,18.365,1.03,CONVICTION,1837,185.0,20,28,BULL_BOUNCE_CONFIRMED,LONG,66.2,CONVICTION,CHOP,17.8372,RISING
2026-08-21,FCX,6.0,,,,,,1.825,0.687,CONVICTION,183,575.0,0,99,BULL_BOUNCE_PENDING,LONG,49.0,MARGINAL,CHOP,2.6546,RISING
2026-08-21,HAL,6.0,0.8,0.86,COMPRESSION,80,882.0,0.08,0.086,COMPRESSION,8,312.0,28,79,BEAR_REJECTION_PENDING,SHORT,53.2,MARGINAL,CHOP,0.9298,RISING
2026-08-21,PENG,6.0,0.28,0.062,COMPRESSION,29,199.0,0.38,0.085,MINOR,39,922.0,39,26,BEAR_REJECTION_PENDING,SHORT,62.6,CONVICTION,CHOP,4.4909,NEUTRAL
2026-08-21,IKT,6.0,0.005,0.041,MINOR,1,574.0,0.04,0.328,COMPRESSION,5,426.0,2,13,BULL_BOUNCE_PENDING,LONG,58.0,MARGINAL,CHOP,0.1218,NEUTRAL
2026-08-21,CRNX,6.0,0.005,0.021,MINOR,1,6.0,41.5,176.972,CONVICTION,4150,135.0,7,24,BULL_BOUNCE_PENDING,LONG,66.0,CONVICTION,CHOP,0.2345,NEUTRAL
2026-08-21,DIS,6.0,2.98,1.258,CONVICTION,299,94.0,1.43,0.604,CONVICTION,144,935.0,8,112,BEAR_REJECTION_PENDING,SHORT,78.8,CONVICTION,CHOP,2.3692,RISING
2026-08-21,CCJ,6.0,0.8,0.236,MINOR,80,146.0,1.34,0.395,CONVICTION,135,475.0,52,46,BULL_BOUNCE,LONG,61.0,CONVICTION,CHOP,3.3939,RISING
2026-08-21,NEE,6.0,2.245,1.551,CONVICTION,225,696.0,0.81,0.56,COMPRESSION,82,257.0,34,10,BULL_BOUNCE_PENDING,LONG,61.1,CONVICTION,CHOP,1.4471,RISING
2026-08-21,TSLA,6.0,9.28,0.844,CONVICTION,929,942.0,2.02,0.184,CONVICTION,202,288.0,22,59,CHANNEL_BREAKOUT,LONG,43.0,MARGINAL,CHOP,10.9981,RISING
2026-08-21,CRWD,6.0,4.345,0.453,CONVICTION,435,296.0,2.0,0.208,CONVICTION,200,230.0,32,17,BEAR_REJECTION_PENDING,SHORT,84.2,CONVICTION,CHOP,9.5993,FALLING
2026-08-21,GLW,6.0,8.09,0.751,CONVICTION,810,576.0,0.2,0.019,COMPRESSION,21,26.0,29,25,BULL_BOUNCE_PENDING,LONG,71.2,CONVICTION,CHOP,10.7708,RISING
2026-08-21,MCHP,6.0,0.39,0.095,COMPRESSION,40,30.0,0.37,0.09,COMPRESSION,38,1372.0,37,35,BEAR_REJECTION_PENDING,SHORT,67.8,CONVICTION,CHOP,4.1111,FALLING
2026-08-21,INTU,6.0,0.69,0.049,COMPRESSION,69,854.0,8.275,0.592,CONVICTION,828,1015.0,9,52,BULL_BOUNCE_PENDING,LONG,81.0,CONVICTION,CHOP,13.9805,RISING
2026-08-21,NEM,6.0,,,,,,1.63,0.333,CONVICTION,163,851.0,0,140,BULL_BOUNCE_CONFIRMED,LONG,76.4,CONVICTION,CHOP,4.8877,RISING
2026-08-21,EW,6.0,0.39,0.194,COMPRESSION,39,512.0,0.82,0.407,COMPRESSION,83,327.0,72,20,BULL_BOUNCE_PENDING,LONG,56.4,MARGINAL,CHOP,2.0146,FALLING
2026-08-21,ONDS,6.0,0.17,0.253,COMPRESSION,17,849.0,0.0069,0.01,MINOR,1,530.0,22,3,BEAR_REJECTION_PENDING,SHORT,49.0,MARGINAL,CHOP,0.6714,NEUTRAL
2026-08-21,WBD,6.0,0.4,0.802,COMPRESSION,40,28.0,0.09,0.181,COMPRESSION,9,678.0,11,76,BEAR_REJECTION_PENDING,SHORT,62.9,CONVICTION,CHOP,0.4986,RISING
2026-08-21,CVX,6.0,0.01,0.002,COMPRESSION,2,7.0,0.725,0.167,COMPRESSION,73,238.0,22,148,BULL_BOUNCE_PENDING,LONG,52.0,MARGINAL,CHOP,4.3371,RISING
2026-08-21,HPE,6.0,1.75,0.541,CONVICTION,175,500.0,1.04,0.321,CONVICTION,104,1299.0,23,21,BEAR_REJECTION_PENDING,SHORT,69.5,CONVICTION,CHOP,3.2377,NEUTRAL
2026-08-21,NKE,6.0,0.58,0.487,COMPRESSION,59,1042.0,0.0023,0.002,MINOR,1,192.0,54,29,BEAR_REJECTION_PENDING,SHORT,55.2,MARGINAL,CHOP,1.1903,FALLING
2026-08-21,CPRT,6.0,0.24,0.201,COMPRESSION,25,930.0,0.31,0.26,COMPRESSION,31,1318.0,12,27,BULL_BOUNCE_PENDING,LONG,58.8,MARGINAL,CHOP,1.1917,RISING
2026-08-21,PYPL,6.0,1.22,0.811,CONVICTION,122,307.0,0.918,0.61,COMPRESSION,92,655.0,14,47,BEAR_REJECTION_PENDING,SHORT,69.3,CONVICTION,CHOP,1.5041,RISING
2026-08-21,INIO,6.0,0.22,0.122,COMPRESSION,22,841.0,0.13,0.072,MINOR,13,156.0,30,17,BEAR_REJECTION_PENDING,SHORT,60.4,CONVICTION,CHOP,1.7998,FALLING
2026-08-21,ACN,6.0,2.75,0.352,CONVICTION,275,500.0,4.45,0.57,CONVICTION,446,619.0,44,24,BEAR_REJECTION_PENDING,SHORT,81.4,CONVICTION,CHOP,7.8072,FALLING
2026-08-21,GMEX,6.0,0.0032,0.03,MINOR,1,1321.0,0.005,0.047,MINOR,1,236.0,17,5,BEAR_REJECTION_PENDING,SHORT,52.0,MARGINAL,CHOP,0.1066,FALLING
2026-08-21,USB,6.0,0.12,0.113,COMPRESSION,12,84.0,0.37,0.348,COMPRESSION,37,273.0,55,60,BULL_BOUNCE_PENDING,LONG,47.0,MARGINAL,CHOP,1.0621,NEUTRAL
2026-08-21,MSFT,6.0,5.26,0.442,CONVICTION,526,172.0,11.405,0.958,CONVICTION,1141,119.0,29,28,BEAR_REJECTION_PENDING,SHORT,56.0,MARGINAL,CHOP,11.9075,NEUTRAL
2026-08-21,CPNG,6.0,2.19,3.817,CONVICTION,220,1145.0,0.06,0.105,COMPRESSION,7,361.0,31,40,BEAR_REJECTION_PENDING,SHORT,83.0,CONVICTION,CHOP,0.5737,FALLING
2026-08-21,AAPL,6.0,4.76,0.712,CONVICTION,476,715.0,1.37,0.205,CONVICTION,138,116.0,42,42,BULL_BOUNCE_PENDING,LONG,69.7,CONVICTION,CHOP,6.6836,NEUTRAL
2026-08-21,GOOGL,6.0,1.66,0.178,CONVICTION,167,513.0,6.635,0.71,CONVICTION,664,68.0,72,59,BULL_BOUNCE_PENDING,LONG,28.0,MARGINAL,CHOP,9.3467,FALLING
2026-08-21,GEHC,6.0,0.99,0.596,COMPRESSION,99,1165.0,1.59,0.957,CONVICTION,160,628.0,46,58,BEAR_REJECTION_PENDING,SHORT,83.9,CONVICTION,CHOP,1.6607,NEUTRAL
2026-08-21,GOOG,6.0,1.338,0.153,CONVICTION,134,542.0,6.39,0.729,CONVICTION,639,8.0,56,62,BEAR_REJECTION_PENDING,SHORT,52.3,MARGINAL,CHOP,8.7656,FALLING
2026-08-21,CDE,6.0,0.17,0.142,COMPRESSION,18,202.0,0.49,0.408,COMPRESSION,50,1131.0,5,96,BEAR_REJECTION_PENDING,SHORT,52.8,MARGINAL,CHOP,1.2007,RISING
2026-08-21,DBRG,6.0,0.038,0.894,MINOR,4,8.0,1.355,31.882,CONVICTION,136,411.0,10,23,BEAR_REJECTION_PENDING,SHORT,46.0,MARGINAL,CHOP,0.0425,FALLING
2026-08-21,BMY,6.0,0.15,0.081,MINOR,16,454.0,0.31,0.168,COMPRESSION,31,483.0,53,63,BULL_BOUNCE_PENDING,LONG,65.3,CONVICTION,CHOP,1.8442,RISING
2026-08-21,PANW,6.0,5.64,0.368,CONVICTION,564,112.0,4.66,0.304,CONVICTION,467,391.0,40,35,BULL_BOUNCE,LONG,55.0,MARGINAL,CHOP,15.3157,NEUTRAL
2026-08-21,F,6.0,0.0008,0.002,MINOR,1,188.0,0.02,0.049,COMPRESSION,2,1205.0,37,23,BULL_BOUNCE_PENDING,LONG,61.8,CONVICTION,CHOP,0.4086,NEUTRAL
2026-08-21,ISRG,6.0,11.02,0.946,CONVICTION,1102,512.0,8.425,0.724,CONVICTION,843,399.0,48,90,BULL_BOUNCE_PENDING,LONG,54.6,MARGINAL,CHOP,11.6444,RISING
2026-08-21,IBM,6.0,0.5145,0.079,MINOR,52,647.0,4.68,0.722,CONVICTION,469,242.0,34,53,SHORT_UPPER_DIRTY,SHORT,27.9,MARGINAL,CHOP,6.4863,FALLING
2026-08-21,CSGP,6.0,0.24,0.162,COMPRESSION,24,1104.0,0.71,0.48,COMPRESSION,71,960.0,24,64,BULL_BOUNCE,LONG,65.0,CONVICTION,CHOP,1.4783,RISING
2026-08-21,AGNC,6.0,0.14,0.804,COMPRESSION,15,787.0,0.005,0.029,COMPRESSION,1,111.0,5,34,BEAR_REJECTION_PENDING,SHORT,48.4,MARGINAL,CHOP,0.1742,FALLING
2026-08-21,CSX,6.0,0.01,0.011,MINOR,1,153.0,0.37,0.407,COMPRESSION,37,335.0,18,50,BULL_BOUNCE_PENDING,LONG,45.5,MARGINAL,CHOP,0.9093,RISING
2026-08-21,RUN,6.0,0.1,0.142,COMPRESSION,10,1136.0,0.02,0.028,COMPRESSION,2,1295.0,28,12,BEAR_REJECTION_PENDING,SHORT,46.0,MARGINAL,CHOP,0.7059,RISING
2026-08-21,HCA,6.0,39.77,3.692,CONVICTION,3978,645.0,1.44,0.134,CONVICTION,144,557.0,37,26,BULL_BOUNCE_PENDING,LONG,78.6,CONVICTION,CHOP,10.7726,RISING
2026-08-21,APP,6.0,9.4,0.46,CONVICTION,940,581.0,1.81,0.089,CONVICTION,182,1055.0,34,21,BEAR_REJECTION_PENDING,SHORT,89.1,CONVICTION,CHOP,20.4341,FALLING
2026-08-21,SLS,6.0,0.0005,0.001,MINOR,1,372.0,0.04,0.04,COMPRESSION,5,781.0,21,23,BULL_BOUNCE_PENDING,LONG,66.2,CONVICTION,CHOP,0.9957,RISING
2026-08-21,BTDR,6.0,0.48,0.417,MINOR,49,27.0,0.6,0.522,COMPRESSION,60,683.0,9,42,BEAR_REJECTION_PENDING,SHORT,42.5,MARGINAL,CHOP,1.1505,RISING
2026-08-21,COMP,6.0,0.1,0.146,COMPRESSION,10,189.0,0.15,0.219,COMPRESSION,16,517.0,61,38,BULL_BOUNCE,LONG,47.0,MARGINAL,CHOP,0.685,NEUTRAL
2026-08-21,ERAS,6.0,0.48,0.489,COMPRESSION,49,227.0,0.05,0.051,MINOR,5,884.0,22,3,BEAR_REJECTION_PENDING,SHORT,59.8,MARGINAL,CHOP,0.9816,FALLING
2026-08-21,CIFR,6.0,0.0051,0.002,MINOR,1,1468.0,0.15,0.07,COMPRESSION,15,785.0,14,22,CHANNEL_BREAKOUT,LONG,37.0,MARGINAL,CHOP,2.1514,RISING
2026-08-21,DAL,6.0,0.35,0.144,COMPRESSION,35,880.0,2.055,0.848,CONVICTION,206,441.0,138,36,BEAR_REJECTION_PENDING,SHORT,79.7,CONVICTION,CHOP,2.4228,FALLING
2026-08-21,TECK,6.0,2.41,1.156,VACUUM,241,191.0,1.515,0.727,CONVICTION,152,376.0,4,89,BULL_BOUNCE_PENDING,LONG,58.0,MARGINAL,CHOP,2.0839,FALLING
2026-08-21,PSKY,6.0,0.5,1.176,COMPRESSION,50,1391.0,0.02,0.047,COMPRESSION,2,96.0,28,48,BEAR_REJECTION_PENDING,SHORT,50.0,MARGINAL,CHOP,0.425,RISING
2026-08-21,KLAC,6.0,10.29,1.031,CONVICTION,1029,360.0,1.41,0.141,CONVICTION,141,74.0,30,40,BULL_BOUNCE_CONFIRMED,LONG,56.0,MARGINAL,CHOP,9.9845,RISING
2026-08-21,FRSH,6.0,0.2,0.348,COMPRESSION,21,892.0,0.395,0.686,COMPRESSION,40,1044.0,4,40,BULL_BOUNCE_PENDING,LONG,58.9,MARGINAL,CHOP,0.5754,NEUTRAL
2026-08-21,NCLH,6.0,0.08,0.112,COMPRESSION,9,1228.0,0.54,0.755,COMPRESSION,54,12.0,63,23,BULL_BOUNCE_PENDING,LONG,61.5,CONVICTION,CHOP,0.715,FALLING
2026-08-21,PTEN,6.0,0.025,0.05,COMPRESSION,3,329.0,0.06,0.12,COMPRESSION,7,707.0,10,75,BEAR_REJECTION_PENDING,SHORT,40.0,MARGINAL,CHOP,0.4984,RISING
2026-08-21,GERN,6.0,0.64,6.184,COMPRESSION,65,1092.0,0.03,0.29,COMPRESSION,4,1216.0,7,16,BEAR_REJECTION_PENDING,SHORT,36.0,MARGINAL,CHOP,0.1035,RISING
2026-08-21,RGTI,6.0,0.1,0.091,MINOR,11,368.0,0.61,0.553,COMPRESSION,61,828.0,39,16,BEAR_REJECTION_PENDING,SHORT,45.2,MARGINAL,CHOP,1.1032,NEUTRAL
2026-08-21,HPQ,6.0,0.38,0.281,COMPRESSION,38,171.0,0.64,0.474,COMPRESSION,65,452.0,54,22,BULL_BOUNCE_PENDING,LONG,70.8,CONVICTION,CHOP,1.3516,NEUTRAL
2026-08-21,USAR,6.0,0.32,0.233,COMPRESSION,33,137.0,0.58,0.423,COMPRESSION,59,622.0,31,35,BEAR_REJECTION_PENDING,SHORT,44.6,MARGINAL,CHOP,1.3717,FALLING
2026-08-21,OI,6.0,0.08,0.262,COMPRESSION,9,517.0,0.01,0.033,MINOR,1,47.0,47,7,BEAR_REJECTION_PENDING,SHORT,60.9,CONVICTION,CHOP,0.305,FALLING
2026-08-21,AG,6.0,0.63,0.6,COMPRESSION,63,1429.0,0.27,0.257,COMPRESSION,27,1143.0,5,66,BEAR_REJECTION_PENDING,SHORT,40.4,MARGINAL,CHOP,1.0492,RISING
2026-08-21,FLNC,6.0,0.01,0.01,COMPRESSION,1,1348.0,0.3,0.29,MINOR,30,337.0,73,22,BULL_BOUNCE_CONFIRMED,LONG,47.0,MARGINAL,CHOP,1.0346,FALLING
2026-08-21,IBRX,6.0,0.18,0.49,MINOR,18,64.0,0.08,0.218,MINOR,9,573.0,18,29,BEAR_REJECTION_PENDING,SHORT,51.2,MARGINAL,CHOP,0.3675,RISING
2026-08-21,AMAT,6.0,3.67,0.133,CONVICTION,367,288.0,19.06,0.689,CONVICTION,1907,349.0,40,34,BULL_BOUNCE_PENDING,LONG,44.0,MARGINAL,CHOP,27.6625,FALLING
2026-08-21,AI,6.0,0.14,0.293,MINOR,15,447.0,0.15,0.313,COMPRESSION,16,942.0,9,29,BEAR_REJECTION_PENDING,SHORT,50.0,MARGINAL,CHOP,0.4785,RISING
2026-08-21,BKNG,6.0,1.23,0.173,CONVICTION,123,70.0,5.318,0.748,CONVICTION,532,532.0,45,44,BULL_BOUNCE_PENDING,LONG,51.7,MARGINAL,CHOP,7.1049,NEUTRAL
2026-08-21,KGC,6.0,0.39,0.318,COMPRESSION,40,62.0,1.115,0.911,CONVICTION,112,1189.0,7,64,BEAR_REJECTION_PENDING,SHORT,54.2,MARGINAL,CHOP,1.2246,RISING
2026-08-21,ENSC,6.0,0.0221,0.184,COMPRESSION,3,69.0,0.0059,0.049,MINOR,1,621.0,19,21,BULL_BOUNCE_PENDING,LONG,47.4,MARGINAL,CHOP,0.1203,NEUTRAL
2026-08-21,AMD,6.0,18.44,0.742,VACUUM,1844,338.0,7.325,0.295,VACUUM,733,246.0,31,49,BEAR_REJECTION_PENDING,SHORT,40.0,MARGINAL,CHOP,24.8647,NEUTRAL
2026-08-21,KR,6.0,0.37,0.29,COMPRESSION,37,1.0,0.88,0.689,COMPRESSION,89,699.0,51,15,BULL_BOUNCE_PENDING,LONG,69.8,CONVICTION,CHOP,1.2766,FALLING
2026-08-21,QCOM,6.0,4.874,0.779,CONVICTION,488,207.0,5.405,0.864,CONVICTION,541,283.0,57,40,BEAR_REJECTION_PENDING,SHORT,65.9,CONVICTION,CHOP,6.2582,NEUTRAL
2026-08-21,PLTR,6.0,1.86,0.202,CONVICTION,187,672.0,0.64,0.07,MINOR,65,142.0,13,34,BEAR_REJECTION_PENDING,SHORT,61.4,CONVICTION,CHOP,9.1856,FALLING
2026-08-21,CNQ,6.0,0.05,0.04,MINOR,6,8.0,0.33,0.267,COMPRESSION,33,516.0,3,138,BULL_BOUNCE_PENDING,LONG,56.8,MARGINAL,CHOP,1.2369,RISING
2026-08-21,QBTS,6.0,0.21,0.157,MINOR,22,120.0,0.86,0.641,COMPRESSION,86,644.0,42,31,BEAR_REJECTION_PENDING,SHORT,50.6,MARGINAL,CHOP,1.3409,NEUTRAL
2026-08-21,SOUN,6.0,0.088,0.182,COMPRESSION,9,504.0,0.0023,0.005,MINOR,1,815.0,36,22,BEAR_REJECTION_PENDING,SHORT,42.9,MARGINAL,CHOP,0.4825,FALLING
2026-08-21,FNB,6.0,0.085,0.257,MINOR,9,172.0,0.02,0.06,COMPRESSION,2,499.0,16,42,BULL_BOUNCE_PENDING,LONG,49.9,MARGINAL,CHOP,0.3311,NEUTRAL
2026-08-21,AUR,6.0,0.06,0.146,COMPRESSION,7,1268.0,0.04,0.097,MINOR,5,927.0,27,9,BEAR_REJECTION_PENDING,SHORT,67.0,CONVICTION,CHOP,0.411,FALLING
2026-08-21,TTD,6.0,3.87,3.375,CONVICTION,388,447.0,0.005,0.004,MINOR,1,23.0,25,2,BEAR_REJECTION_PENDING,SHORT,56.9,MARGINAL,CHOP,1.1468,RISING
2026-08-21,LRCX,6.0,15.33,0.868,CONVICTION,1533,716.0,33.21,1.88,CONVICTION,3322,476.0,28,19,CHANNEL_BREAKOUT,LONG,43.0,MARGINAL,CHOP,17.6635,RISING
2026-08-21,HBAN,6.0,0.835,2.451,COMPRESSION,84,190.0,0.05,0.147,COMPRESSION,6,299.0,32,33,BULL_BOUNCE_PENDING,LONG,47.3,MARGINAL,CHOP,0.3407,NEUTRAL
2026-08-21,CTSH,6.0,0.1,0.042,COMPRESSION,11,568.0,0.902,0.377,COMPRESSION,91,791.0,11,54,BULL_BOUNCE_PENDING,LONG,41.8,MARGINAL,CHOP,2.3951,RISING
2026-08-21,UAMY,6.0,1.14,1.942,CONVICTION,114,226.0,0.32,0.545,COMPRESSION,32,338.0,25,21,BEAR_REJECTION_PENDING,SHORT,74.7,CONVICTION,CHOP,0.5871,RISING
2026-08-21,JBLU,6.0,0.065,0.229,COMPRESSION,7,139.0,0.035,0.123,MINOR,4,385.0,41,7,BULL_BOUNCE_PENDING,LONG,61.8,CONVICTION,CHOP,0.2843,FALLING
2026-08-21,RIG,6.0,0.11,0.457,COMPRESSION,11,1130.0,0.04,0.166,COMPRESSION,5,365.0,24,73,BEAR_REJECTION_PENDING,SHORT,49.9,MARGINAL,CHOP,0.2407,RISING
2026-08-21,RKLB,6.0,0.89,0.154,COMPRESSION,90,139.0,2.365,0.409,CONVICTION,237,152.0,54,34,BEAR_REJECTION_PENDING,SHORT,39.3,MARGINAL,CHOP,5.7807,FALLING
2026-08-21,RIVN,6.0,0.0051,0.008,MINOR,1,155.0,0.135,0.219,COMPRESSION,14,1100.0,13,43,BEAR_REJECTION_PENDING,SHORT,51.9,MARGINAL,CHOP,0.6154,FALLING
2026-08-21,AGEN,6.0,0.64,0.903,MINOR,64,198.0,0.05,0.071,MINOR,5,581.0,35,14,BULL_BOUNCE_PENDING,LONG,58.0,MARGINAL,CHOP,0.7086,NEUTRAL
2026-08-21,CCL,6.0,0.14,0.152,COMPRESSION,15,930.0,0.7,0.759,COMPRESSION,70,973.0,68,11,BEAR_REJECTION_PENDING,SHORT,63.5,CONVICTION,CHOP,0.9222,FALLING
2026-08-21,ATAI,6.0,0.0314,0.623,MINOR,4,12.0,1.315,26.091,CONVICTION,132,401.0,7,39,BULL_BOUNCE_PENDING,LONG,93.0,CONVICTION,CHOP,0.0504,NEUTRAL
2026-08-21,INTR,6.0,0.005,0.019,MINOR,1,10.0,0.08,0.297,COMPRESSION,8,838.0,14,25,BULL_BOUNCE,LONG,61.0,CONVICTION,CHOP,0.269,RISING
2026-08-21,VBIO,6.0,0.0262,0.196,MINOR,3,1429.0,0.0022,0.016,MINOR,1,204.0,15,1,BEAR_REJECTION_PENDING,SHORT,46.0,MARGINAL,CHOP,0.1338,RISING
2026-08-21,RKT,6.0,0.34,0.437,COMPRESSION,35,149.0,0.08,0.103,MINOR,9,341.0,42,27,BULL_BOUNCE_PENDING,LONG,60.7,CONVICTION,CHOP,0.7782,NEUTRAL
2026-08-21,AMZN,6.0,0.47,0.065,COMPRESSION,48,478.0,4.035,0.559,CONVICTION,404,1076.0,31,22,BEAR_REJECTION_PENDING,SHORT,54.2,MARGINAL,CHOP,7.2139,FALLING
2026-08-21,CMG,6.0,0.0026,0.002,MINOR,1,836.0,0.44,0.327,COMPRESSION,45,815.0,17,41,BULL_BOUNCE_PENDING,LONG,62.3,CONVICTION,CHOP,1.3437,RISING
2026-08-21,ADBE,6.0,10.64,0.977,CONVICTION,1064,410.0,7.835,0.719,CONVICTION,784,492.0,23,41,BULL_BOUNCE_PENDING,LONG,66.0,CONVICTION,CHOP,10.8943,NEUTRAL
2026-08-21,KEEL,6.0,0.07,0.181,COMPRESSION,8,1207.0,0.025,0.065,COMPRESSION,3,589.0,6,31,BULL_BOUNCE_PENDING,LONG,43.2,MARGINAL,CHOP,0.3868,NEUTRAL
2026-08-21,WULF,6.0,0.298,0.215,COMPRESSION,30,235.0,0.005,0.004,MINOR,1,1490.0,19,23,BEAR_REJECTION_PENDING,SHORT,53.1,MARGINAL,CHOP,1.3891,RISING
2026-08-21,ON,6.0,0.58,0.154,COMPRESSION,58,97.0,1.65,0.437,CONVICTION,165,660.0,63,13,BULL_BOUNCE_PENDING,LONG,62.6,CONVICTION,CHOP,3.772,NEUTRAL
2026-08-21,FCEL,6.0,0.09,0.037,COMPRESSION,9,710.0,0.03,0.012,MINOR,3,970.0,20,9,BEAR_REJECTION_PENDING,SHORT,63.8,CONVICTION,CHOP,2.4163,FALLING
2026-08-21,OWL,6.0,0.05,0.098,COMPRESSION,6,236.0,0.15,0.294,COMPRESSION,15,857.0,28,32,BULL_BOUNCE_PENDING,LONG,63.4,CONVICTION,CHOP,0.51,NEUTRAL
2026-08-21,CSCO,6.0,0.72,0.17,COMPRESSION,73,79.0,0.57,0.134,COMPRESSION,58,981.0,39,7,BEAR_REJECTION_PENDING,SHORT,55.7,MARGINAL,CHOP,4.2432,FALLING
2026-08-21,NB,6.0,0.01,0.028,COMPRESSION,1,349.0,0.01,0.028,MINOR,1,23.0,59,18,BULL_BOUNCE_PENDING,LONG,48.6,MARGINAL,CHOP,0.3552,FALLING
2026-08-21,RIOT,6.0,0.01,0.005,COMPRESSION,2,50.0,0.42,0.219,COMPRESSION,43,913.0,5,36,BULL_BOUNCE_PENDING,LONG,31.7,MARGINAL,CHOP,1.9164,RISING
2026-08-21,OKLO,6.0,0.28,0.088,COMPRESSION,29,500.0,0.2898,0.091,MINOR,29,2.0,33,24,BEAR_REJECTION_PENDING,SHORT,71.9,CONVICTION,CHOP,3.1909,FALLING
2026-08-21,PL,6.0,0.24,0.175,MINOR,25,54.0,0.01,0.007,MINOR,1,683.0,27,31,BEAR_REJECTION_PENDING,SHORT,56.5,MARGINAL,CHOP,1.3737,FALLING
2026-08-21,BB,6.0,0.035,0.087,MINOR,4,153.0,0.003,0.007,MINOR,1,513.0,35,17,BEAR_REJECTION_PENDING,SHORT,28.0,MARGINAL,CHOP,0.4033,NEUTRAL
2026-08-21,IONQ,6.0,0.74,0.252,COMPRESSION,74,286.0,0.785,0.268,COMPRESSION,79,602.0,35,36,BULL_BOUNCE_CONFIRMED,LONG,56.8,MARGINAL,CHOP,2.9313,RISING
2026-08-21,URG,6.0,0.01,0.149,MINOR,2,450.0,0.0026,0.039,MINOR,1,1379.0,11,24,DCB_BREAKOUT,LONG,31.0,MARGINAL,CHOP,0.0672,RISING
2026-08-21,BTG,6.0,0.33,1.295,COMPRESSION,34,365.0,0.02,0.078,COMPRESSION,3,584.0,2,63,BULL_BOUNCE_CONFIRMED,LONG,75.2,CONVICTION,CHOP,0.2549,RISING
2026-08-21,LUNR,6.0,0.94,0.58,COMPRESSION,95,535.0,0.1,0.062,COMPRESSION,11,998.0,35,44,BULL_BOUNCE_PENDING,LONG,30.6,MARGINAL,CHOP,1.6206,RISING
2026-08-21,CRML,6.0,0.138,0.259,COMPRESSION,14,1054.0,0.005,0.009,MINOR,1,297.0,33,23,BULL_BOUNCE,LONG,48.0,MARGINAL,CHOP,0.5326,FALLING
2026-08-21,WYFI,6.0,4.94,1.571,CONVICTION,495,365.0,0.21,0.067,COMPRESSION,21,1466.0,13,22,BEAR_REJECTION_PENDING,SHORT,44.0,MARGINAL,CHOP,3.1452,FALLING
2026-08-21,STLA,6.0,0.035,0.164,COMPRESSION,4,338.0,0.03,0.14,COMPRESSION,4,75.0,38,32,BEAR_REJECTION_PENDING,SHORT,61.9,CONVICTION,CHOP,0.2137,FALLING
2026-08-21,CVNA,6.0,1.17,0.307,VACUUM,118,454.0,0.94,0.247,COMPRESSION,94,1164.0,22,75,BEAR_REJECTION_PENDING,SHORT,73.5,CONVICTION,CHOP,3.8082,RISING
2026-08-21,WTI,6.0,0.005,0.023,MINOR,1,136.0,0.1,0.463,COMPRESSION,10,1284.0,4,66,BULL_BOUNCE_CONFIRMED,LONG,80.5,CONVICTION,CHOP,0.2161,NEUTRAL
2026-08-21,SNOW,6.0,0.68,0.053,COMPRESSION,69,223.0,3.16,0.248,CONVICTION,317,754.0,26,13,BULL_BOUNCE_PENDING,LONG,77.7,CONVICTION,CHOP,12.7587,NEUTRAL
2026-08-21,AVGO,6.0,7.6,0.49,CONVICTION,761,131.0,6.03,0.389,CONVICTION,603,181.0,39,27,BEAR_REJECTION_PENDING,SHORT,83.1,CONVICTION,CHOP,15.5025,FALLING
2026-08-21,CBRS,6.0,2.74,0.114,CONVICTION,275,55.0,2.3119,0.097,VACUUM,232,32.0,26,9,BEAR_REJECTION_PENDING,SHORT,94.6,CONVICTION,CHOP,23.9564,FALLING
2026-08-21,NVTS,6.0,0.84,0.76,MINOR,84,489.0,0.46,0.416,MINOR,46,183.0,19,26,BEAR_REJECTION_PENDING,SHORT,55.0,MARGINAL,CHOP,1.1053,NEUTRAL
2026-08-21,RXRX,6.0,0.045,0.251,COMPRESSION,5,463.0,0.185,1.032,COMPRESSION,19,251.0,15,21,BULL_BOUNCE_PENDING,LONG,46.0,MARGINAL,CHOP,0.1793,FALLING
2026-08-21,PR,6.0,0.0238,0.032,MINOR,3,13.0,0.1,0.135,COMPRESSION,11,1000.0,1,91,BULL_BOUNCE_PENDING,LONG,48.2,MARGINAL,CHOP,0.741,RISING
2026-08-21,BBAI,6.0,0.03,0.175,COMPRESSION,3,1364.0,0.06,0.35,COMPRESSION,7,519.0,21,18,BEAR_REJECTION_PENDING,SHORT,31.1,MARGINAL,CHOP,0.1716,FALLING
2026-08-21,HIMS,6.0,0.0238,0.012,MINOR,3,434.0,0.44,0.22,MINOR,45,1399.0,10,29,BULL_BOUNCE,LONG,58.0,MARGINAL,CHOP,1.9971,NEUTRAL
2026-08-21,GTM,6.0,0.04,0.136,COMPRESSION,5,416.0,0.11,0.374,COMPRESSION,12,1143.0,33,30,BEAR_REJECTION_PENDING,SHORT,56.0,MARGINAL,CHOP,0.2944,FALLING
2026-08-21,WDC,6.0,29.365,0.716,VACUUM,2937,468.0,7.73,0.188,CONVICTION,774,1314.0,21,28,BULL_BOUNCE_PENDING,LONG,44.0,MARGINAL,CHOP,41.0102,RISING
2026-08-21,TOST,6.0,0.08,0.062,COMPRESSION,9,23.0,0.43,0.331,COMPRESSION,43,678.0,17,47,BUY_LOWER_DIRTY,LONG,44.6,MARGINAL,CHOP,1.3006,NEUTRAL
2026-08-21,VG,6.0,1.26,1.63,CONVICTION,126,105.0,0.07,0.091,COMPRESSION,8,161.0,15,59,BEAR_REJECTION_PENDING,SHORT,74.5,CONVICTION,CHOP,0.7728,RISING
2026-08-21,RZLV,6.0,0.03,0.224,COMPRESSION,3,518.0,0.035,0.261,MINOR,4,378.0,20,21,BULL_BOUNCE_CONFIRMED,LONG,45.6,MARGINAL,CHOP,0.1339,FALLING
2026-08-21,HOOD,6.0,2.6,0.549,VACUUM,261,210.0,2.2,0.465,VACUUM,221,689.0,20,30,BULL_BOUNCE_PENDING,LONG,60.6,CONVICTION,CHOP,4.7356,NEUTRAL
2026-08-21,SIDU,6.0,0.03,0.128,MINOR,4,431.0,0.065,0.277,MINOR,7,711.0,27,18,BULL_BOUNCE_PENDING,LONG,50.0,MARGINAL,CHOP,0.2346,RISING
2026-08-21,HUMA,6.0,0.01,0.144,COMPRESSION,2,942.0,0.0183,0.264,COMPRESSION,2,1279.0,18,16,BULL_BOUNCE_CONFIRMED,LONG,52.0,MARGINAL,CHOP,0.0694,RISING
2026-08-21,CCO,6.0,0.01,0.289,COMPRESSION,1,84.0,0.17,4.913,COMPRESSION,17,126.0,3,5,BULL_BOUNCE_PENDING,LONG,53.0,MARGINAL,CHOP,0.0346,FALLING
2026-08-21,QS,6.0,0.105,0.332,COMPRESSION,11,1222.0,1.34,4.234,CONVICTION,134,173.0,51,21,BULL_BOUNCE_CONFIRMED,LONG,66.0,CONVICTION,CHOP,0.3165,RISING
2026-08-21,XP,6.0,0.03,0.054,MINOR,4,587.0,0.25,0.454,COMPRESSION,25,1437.0,29,7,BULL_BOUNCE,LONG,64.0,CONVICTION,CHOP,0.5512,RISING
2026-08-21,INFQ,6.0,0.01,0.012,COMPRESSION,1,149.0,0.11,0.127,COMPRESSION,12,1179.0,19,30,BEAR_REJECTION_PENDING,SHORT,47.2,MARGINAL,CHOP,0.8636,RISING
2026-08-21,UWMC,6.0,0.02,0.108,MINOR,3,902.0,0.07,0.377,COMPRESSION,8,1181.0,35,5,BEAR_REJECTION_PENDING,SHORT,50.0,MARGINAL,CHOP,0.1856,RISING
2026-08-21,NVDA,6.0,4.56,0.724,VACUUM,457,103.0,4.92,0.781,CONVICTION,493,61.0,13,60,BEAR_REJECTION_PENDING,SHORT,77.6,CONVICTION,CHOP,6.297,FALLING
2026-08-21,PATH,6.0,0.005,0.006,MINOR,1,183.0,0.22,0.249,COMPRESSION,23,1023.0,10,23,BULL_BOUNCE_PENDING,LONG,62.3,CONVICTION,CHOP,0.8821,NEUTRAL
2026-08-21,BFLY,6.0,0.0043,0.006,MINOR,1,114.0,0.25,0.377,MINOR,25,757.0,14,29,BULL_BOUNCE_CONFIRMED,LONG,44.7,MARGINAL,CHOP,0.6638,NEUTRAL
2026-08-21,AMC,6.0,0.0088,0.052,MINOR,1,1498.0,0.04,0.238,COMPRESSION,5,681.0,13,20,BULL_BOUNCE_PENDING,LONG,52.0,MARGINAL,CHOP,0.1682,NEUTRAL
2026-08-21,ANET,6.0,1.14,0.113,CONVICTION,114,43.0,6.58,0.651,CONVICTION,658,375.0,44,56,BULL_BOUNCE,LONG,49.0,MARGINAL,CHOP,10.1086,FALLING
2026-08-21,STM,6.0,2.52,1.124,CONVICTION,252,474.0,3.27,1.459,CONVICTION,328,537.0,45,24,BEAR_REJECTION_PENDING,SHORT,55.3,MARGINAL,CHOP,2.2414,FALLING
2026-08-21,SRXH,6.0,0.07,0.407,MINOR,7,1351.0,0.005,0.029,MINOR,1,757.0,4,10,BULL_BOUNCE_PENDING,LONG,55.0,MARGINAL,CHOP,0.1721,NEUTRAL
2026-08-21,BATL,6.0,0.16,2.075,COMPRESSION,16,970.0,0.04,0.519,COMPRESSION,5,522.0,18,8,BULL_BOUNCE_PENDING,LONG,52.6,MARGINAL,CHOP,0.0771,RISING
2026-08-21,LAC,6.0,0.03,0.179,COMPRESSION,4,559.0,0.02,0.119,COMPRESSION,3,493.0,26,31,BEAR_REJECTION_PENDING,SHORT,68.2,CONVICTION,CHOP,0.1678,FALLING
2026-08-21,HIVE,6.0,0.08,0.344,COMPRESSION,8,1220.0,0.18,0.774,COMPRESSION,18,823.0,4,34,CHANNEL_BREAKOUT,LONG,55.0,MARGINAL,CHOP,0.2327,RISING
2026-08-21,ZETA,6.0,0.03,0.018,MINOR,4,194.0,0.39,0.232,COMPRESSION,39,1149.0,24,19,BULL_BOUNCE_PENDING,LONG,59.2,MARGINAL,CHOP,1.678,NEUTRAL
2026-08-21,MVIS,6.0,0.005,0.008,MINOR,1,843.0,0.02,0.033,COMPRESSION,3,56.0,13,1,BEAR_REJECTION_PENDING,SHORT,56.0,MARGINAL,CHOP,0.6032,FALLING
2026-08-21,TREX,6.0,0.09,0.042,COMPRESSION,9,554.0,0.43,0.201,COMPRESSION,43,431.0,28,60,BEAR_REJECTION_PENDING,SHORT,70.2,CONVICTION,CHOP,2.1402,FALLING
2026-08-21,SHOP,6.0,1.81,0.245,CONVICTION,182,364.0,20.94,2.834,CONVICTION,2095,198.0,19,19,BEAR_REJECTION_PENDING,SHORT,68.8,CONVICTION,CHOP,7.3879,FALLING
2026-08-21,VTAK,6.0,0.0096,0.352,MINOR,1,497.0,0.0006,0.022,MINOR,1,103.0,14,1,BEAR_REJECTION_PENDING,SHORT,50.0,MARGINAL,CHOP,0.0273,NEUTRAL
2026-08-21,META,6.0,0.1,0.005,COMPRESSION,11,733.0,19.99,1.042,CONVICTION,2000,531.0,40,42,BEAR_REJECTION_PENDING,SHORT,69.8,CONVICTION,CHOP,19.1756,FALLING
2026-08-21,SES,6.0,0.0045,0.074,COMPRESSION,1,321.0,0.0001,0.002,MINOR,1,488.0,42,9,BEAR_REJECTION_PENDING,SHORT,50.0,MARGINAL,CHOP,0.0606,RISING
2026-08-21,JLHL,6.0,0.09,0.054,MINOR,9,101.0,0.0892,0.054,MINOR,9,1.0,27,21,BULL_BOUNCE_CONFIRMED,LONG,62.1,CONVICTION,CHOP,1.6594,NEUTRAL
2026-08-21,COHR,6.0,8.915,0.238,CONVICTION,892,1022.0,4.86,0.13,VACUUM,486,12.0,35,21,BULL_BOUNCE_PENDING,LONG,56.4,MARGINAL,CHOP,37.4208,FALLING
2026-08-21,SLNH,6.0,0.0011,0.01,COMPRESSION,1,336.0,0.02,0.186,MINOR,3,924.0,22,6,BEAR_REJECTION_PENDING,SHORT,50.0,MARGINAL,CHOP,0.1076,RISING
2026-08-21,BJDX,6.0,0.01,0.069,COMPRESSION,2,811.0,0.0141,0.098,MINOR,2,20.0,10,16,BEAR_REJECTION_PENDING,SHORT,50.0,MARGINAL,CHOP,0.1445,NEUTRAL
2026-08-21,MGRX,6.0,0.0119,0.128,MINOR,2,687.0,,,,,,14,0,BEAR_REJECTION_PENDING,SHORT,51.9,MARGINAL,CHOP,0.0929,RISING
2026-08-21,STUB,6.0,0.02,0.035,COMPRESSION,3,88.0,0.01,0.018,MINOR,1,437.0,23,11,BEAR_REJECTION_PENDING,SHORT,64.7,CONVICTION,CHOP,0.5679,FALLING
2026-08-21,OPTU,6.0,0.0195,0.228,MINOR,2,319.0,0.039,0.457,COMPRESSION,4,737.0,17,28,BULL_BOUNCE_PENDING,LONG,52.5,MARGINAL,CHOP,0.0854,RISING
2026-08-21,MAT,6.0,0.36,0.732,COMPRESSION,36,1270.0,0.12,0.244,COMPRESSION,13,849.0,25,45,BULL_BOUNCE_PENDING,LONG,38.0,MARGINAL,CHOP,0.492,RISING
2026-08-21,WEN,6.0,0.01,0.023,MINOR,1,11.0,0.07,0.159,MINOR,8,318.0,9,27,BULL_BOUNCE_PENDING,LONG,62.2,CONVICTION,CHOP,0.4393,NEUTRAL
2026-08-21,VEEE,6.0,0.32,0.201,MINOR,33,386.0,0.535,0.336,MINOR,54,888.0,27,18,BEAR_REJECTION_PENDING,SHORT,50.0,MARGINAL,CHOP,1.5903,NEUTRAL
2026-08-21,FIG,6.0,0.01,0.005,MINOR,1,431.0,0.32,0.154,COMPRESSION,33,88.0,3,63,BULL_BOUNCE_PENDING,LONG,50.2,MARGINAL,CHOP,2.0804,NEUTRAL
2026-08-21,FHB,6.0,0.72,1.532,COMPRESSION,73,978.0,0.04,0.085,COMPRESSION,4,870.0,52,25,BEAR_REJECTION_PENDING,SHORT,48.5,MARGINAL,CHOP,0.47,FALLING
2026-08-21,FPS,6.0,1.39,0.563,CONVICTION,140,1116.0,0.1,0.041,COMPRESSION,10,1398.0,39,24,BEAR_REJECTION_PENDING,SHORT,66.7,CONVICTION,CHOP,2.4686,FALLING
2026-08-21,AAL,6.0,0.058,0.102,COMPRESSION,6,846.0,0.105,0.185,COMPRESSION,11,1226.0,83,16,BULL_BOUNCE_PENDING,LONG,58.5,MARGINAL,CHOP,0.5675,FALLING
2026-08-21,DFNS,6.0,,,,,,0.03,0.003,MINOR,4,775.0,0,2,BULL_BOUNCE_PENDING,LONG,57.2,MARGINAL,CHOP,9.7692,NEUTRAL
2026-08-21,CORZ,6.0,0.63,0.443,COMPRESSION,63,406.0,0.78,0.549,COMPRESSION,79,603.0,23,15,BEAR_REJECTION_PENDING,SHORT,37.7,MARGINAL,CHOP,1.4218,FALLING
2026-08-21,ALC,6.0,1.77,0.966,CONVICTION,177,89.0,1.26,0.688,CONVICTION,127,374.0,67,66,BEAR_REJECTION_PENDING,SHORT,50.0,MARGINAL,CHOP,1.8314,RISING
2026-08-21,CRM,6.0,11.29,1.409,CONVICTION,1130,580.0,4.97,0.62,CONVICTION,497,772.0,26,29,BULL_BOUNCE,LONG,61.0,CONVICTION,CHOP,8.0138,RISING
2026-08-21,MRK,6.0,0.01,0.002,MINOR,1,80.0,9.7,2.197,CONVICTION,970,201.0,7,75,BULL_BOUNCE_PENDING,LONG,50.0,MARGINAL,CHOP,4.4156,RISING
2026-08-21,UBER,6.0,1.58,0.54,CONVICTION,158,456.0,1.14,0.389,CONVICTION,115,296.0,6,70,BEAR_REJECTION_PENDING,SHORT,70.7,CONVICTION,CHOP,2.9274,RISING
2026-08-21,TLRY,6.0,0.005,0.02,MINOR,1,451.0,0.02,0.079,MINOR,3,365.0,19,17,BEAR_REJECTION_PENDING,SHORT,53.1,MARGINAL,CHOP,0.2543,RISING
2026-08-21,MDLN,6.0,0.31,0.158,COMPRESSION,31,783.0,,,,,,84,0,BEAR_REJECTION_PENDING,SHORT,46.0,MARGINAL,CHOP,1.96,RISING
2026-08-21,HAO,6.0,0.03,0.055,MINOR,3,912.0,0.306,0.557,COMPRESSION,31,166.0,26,15,BULL_BOUNCE_PENDING,LONG,52.7,MARGINAL,CHOP,0.5498,RISING
2026-08-21,APLD,6.0,1.195,0.547,VACUUM,120,308.0,0.04,0.018,MINOR,5,285.0,27,31,BEAR_REJECTION_PENDING,SHORT,46.2,MARGINAL,CHOP,2.1859,FALLING
2026-08-21,GOSS,6.0,0.0003,0.023,MINOR,1,625.0,0.0009,0.069,MINOR,1,156.0,20,11,BEAR_REJECTION_PENDING,SHORT,56.0,MARGINAL,CHOP,0.013,FALLING
2026-08-21,SBEV,6.0,0.0001,0.001,MINOR,1,347.0,0.001,0.014,MINOR,1,642.0,6,51,BULL_BOUNCE_PENDING,LONG,43.0,MARGINAL,CHOP,0.0739,NEUTRAL
2026-08-21,BSX,6.0,4.51,2.637,CONVICTION,451,716.0,0.23,0.134,COMPRESSION,23,8.0,56,46,BEAR_REJECTION_PENDING,SHORT,76.6,CONVICTION,CHOP,1.7104,RISING
2026-08-21,ASAN,6.0,0.2,0.349,COMPRESSION,20,221.0,0.25,0.436,COMPRESSION,25,979.0,12,40,BULL_BOUNCE_PENDING,LONG,47.1,MARGINAL,CHOP,0.5736,NEUTRAL
2026-08-21,KD,6.0,0.09,0.116,COMPRESSION,9,607.0,0.28,0.361,COMPRESSION,28,1.0,39,17,BEAR_REJECTION_PENDING,SHORT,64.2,CONVICTION,CHOP,0.7753,FALLING
2026-08-21,WDAY,6.0,0.8,0.067,MINOR,80,528.0,1.58,0.133,CONVICTION,158,980.0,25,38,BEAR_REJECTION_PENDING,SHORT,56.1,MARGINAL,CHOP,11.8686,NEUTRAL
2026-08-21,TEAM,6.0,1.78,0.172,CONVICTION,179,893.0,0.255,0.025,COMPRESSION,26,1439.0,22,41,BEAR_REJECTION_PENDING,SHORT,57.6,MARGINAL,CHOP,10.3743,RISING
2026-08-21,SKYQ,6.0,0.07,0.165,MINOR,7,229.0,0.15,0.353,COMPRESSION,16,649.0,22,11,BULL_BOUNCE_PENDING,LONG,51.3,MARGINAL,CHOP,0.4249,NEUTRAL
2026-08-21,INHD,6.0,0.03,0.01,MINOR,4,14.0,0.1173,0.038,MINOR,12,1181.0,42,12,BEAR_REJECTION_PENDING,SHORT,50.0,MARGINAL,CHOP,3.0988,NEUTRAL
2026-08-21,NMRA,6.0,0.05,0.457,COMPRESSION,6,231.0,0.005,0.046,MINOR,1,66.0,37,5,BULL_BOUNCE_PENDING,LONG,62.0,CONVICTION,CHOP,0.1093,NEUTRAL
2026-08-21,OSS,6.0,0.12,0.11,COMPRESSION,12,93.0,0.11,0.101,COMPRESSION,12,1465.0,38,18,CHANNEL_BREAKOUT,LONG,37.0,MARGINAL,CHOP,1.0926,NEUTRAL
2026-08-21,SLGB,6.0,0.0463,0.604,MINOR,5,76.0,0.0015,0.02,MINOR,1,1281.0,33,2,BEAR_REJECTION_PENDING,SHORT,50.0,MARGINAL,CHOP,0.0766,NEUTRAL
2026-08-21,LASE,6.0,0.03,0.319,MINOR,4,78.0,0.005,0.053,COMPRESSION,1,620.0,37,14,BULL_BOUNCE_PENDING,LONG,50.0,MARGINAL,CHOP,0.0941,NEUTRAL
2026-08-21,AMPG,6.0,0.122,0.215,COMPRESSION,13,252.0,0.01,0.018,MINOR,2,229.0,28,7,BEAR_REJECTION_PENDING,SHORT,31.4,MARGINAL,CHOP,0.5667,FALLING
2026-08-21,SHMD,6.0,0.16,0.393,COMPRESSION,16,941.0,0.16,0.393,COMPRESSION,17,753.0,28,23,BEAR_REJECTION_PENDING,SHORT,59.0,MARGINAL,CHOP,0.4074,RISING
2026-08-21,VUZI,6.0,0.02,0.08,COMPRESSION,2,136.0,0.115,0.461,MINOR,12,169.0,17,6,BEAR_REJECTION_PENDING,SHORT,58.0,MARGINAL,CHOP,0.2497,FALLING
2026-08-21,GRAF,6.0,0.3,6.993,MINOR,31,217.0,0.02,0.466,COMPRESSION,2,46.0,3,26,BULL_BOUNCE_PENDING,LONG,53.1,MARGINAL,CHOP,0.0429,NEUTRAL
2026-08-21,ULCC,6.0,0.1,0.243,COMPRESSION,11,1382.0,0.19,0.462,COMPRESSION,19,1123.0,51,22,BEAR_REJECTION_PENDING,SHORT,63.5,CONVICTION,CHOP,0.411,NEUTRAL
2026-08-21,QMCO,6.0,0.27,0.116,COMPRESSION,27,277.0,0.7,0.3,COMPRESSION,71,401.0,30,28,BEAR_REJECTION_PENDING,SHORT,62.2,CONVICTION,CHOP,2.3323,RISING
2026-08-21,TMHC,6.0,0.4,2.732,MINOR,41,141.0,13.03,89.003,CONVICTION,1303,127.0,2,34,BEAR_REJECTION_PENDING,SHORT,57.4,MARGINAL,CHOP,0.1464,RISING
2026-08-21,VLN,6.0,0.06,0.461,COMPRESSION,7,978.0,0.05,0.384,MINOR,6,109.0,11,26,BULL_BOUNCE_PENDING,LONG,30.8,MARGINAL,CHOP,0.1301,NEUTRAL
2026-08-21,VELO,6.0,0.29,0.182,COMPRESSION,30,89.0,0.99,0.62,COMPRESSION,99,823.0,42,19,BULL_BOUNCE_CONFIRMED,LONG,56.0,MARGINAL,CHOP,1.5969,RISING
2026-08-21,PAVS,6.0,0.03,0.03,MINOR,3,838.0,0.06,0.061,COMPRESSION,6,652.0,27,18,BULL_BOUNCE_PENDING,LONG,67.2,CONVICTION,CHOP,0.9916,NEUTRAL
2026-08-21,UPST,6.0,0.08,0.042,COMPRESSION,8,458.0,0.275,0.143,COMPRESSION,28,338.0,35,41,BULL_BOUNCE_PENDING,LONG,59.9,MARGINAL,CHOP,1.9229,FALLING
2026-08-21,DGXX,6.0,0.02,0.068,MINOR,3,729.0,0.01,0.034,MINOR,1,779.0,12,35,BULL_BOUNCE_CONFIRMED,LONG,57.0,MARGINAL,CHOP,0.2962,NEUTRAL
2026-08-21,UMAC,6.0,0.05,0.015,MINOR,6,445.0,0.97,0.29,COMPRESSION,97,498.0,14,16,BULL_BOUNCE,LONG,64.0,CONVICTION,CHOP,3.343,RISING
2026-08-21,INGM,6.0,0.21,0.221,COMPRESSION,22,389.0,0.07,0.074,COMPRESSION,8,902.0,41,23,BEAR_REJECTION_PENDING,SHORT,50.0,MARGINAL,CHOP,0.9519,RISING
2026-08-21,RARE,6.0,0.015,0.01,MINOR,2,156.0,0.1,0.066,COMPRESSION,10,532.0,62,24,BULL_BOUNCE_PENDING,LONG,61.3,CONVICTION,CHOP,1.5066,NEUTRAL
2026-08-21,PGY,6.0,0.08,0.066,COMPRESSION,8,312.0,0.433,0.355,COMPRESSION,44,256.0,34,32,BULL_BOUNCE_CONFIRMED,LONG,58.0,MARGINAL,CHOP,1.2207,NEUTRAL
2026-08-21,ZENA,6.0,0.03,0.168,MINOR,4,473.0,0.06,0.337,COMPRESSION,7,909.0,43,12,BULL_BOUNCE_PENDING,LONG,50.7,MARGINAL,CHOP,0.1782,RISING
2026-08-21,BTQ,6.0,0.05,0.165,COMPRESSION,5,1429.0,0.07,0.232,COMPRESSION,7,286.0,29,19,BEAR_REJECTION_PENDING,SHORT,56.0,MARGINAL,CHOP,0.3023,FALLING
2026-08-21,OUST,6.0,0.0477,0.01,MINOR,5,540.0,2.36,0.512,CONVICTION,236,295.0,26,42,BULL_BOUNCE_CONFIRMED,LONG,57.4,MARGINAL,CHOP,4.6088,NEUTRAL
2026-08-21,CHAI,6.0,0.0011,0.048,MINOR,1,501.0,,,,,,54,0,BEAR_REJECTION_PENDING,SHORT,50.0,MARGINAL,CHOP,0.0227,NEUTRAL
2026-08-21,PLAY,6.0,0.08,0.135,COMPRESSION,9,241.0,0.005,0.008,MINOR,1,166.0,16,16,BULL_BOUNCE,LONG,64.0,CONVICTION,CHOP,0.5916,RISING
2026-08-21,WOLF,6.0,0.1814,0.054,MINOR,19,935.0,0.035,0.01,MINOR,4,680.0,6,35,BEAR_REJECTION_PENDING,SHORT,43.2,MARGINAL,CHOP,3.3566,NEUTRAL
2026-08-21,MRAM,6.0,0.34,0.215,COMPRESSION,34,120.0,0.76,0.48,COMPRESSION,76,289.0,32,38,BULL_BOUNCE_PENDING,LONG,28.0,MARGINAL,CHOP,1.5847,NEUTRAL
2026-08-21,EWTX,6.0,0.035,0.014,MINOR,4,261.0,0.7,0.287,COMPRESSION,70,1248.0,70,44,BULL_BOUNCE_PENDING,LONG,91.0,CONVICTION,CHOP,2.4389,RISING
2026-08-21,PTCT,6.0,0.62,0.297,COMPRESSION,63,359.0,0.985,0.472,COMPRESSION,99,201.0,53,17,BEAR_REJECTION_PENDING,SHORT,64.8,CONVICTION,CHOP,2.085,NEUTRAL
2026-08-21,ASST,6.0,0.0058,0.007,MINOR,1,150.0,0.72,0.841,COMPRESSION,73,161.0,2,36,BULL_BOUNCE_PENDING,LONG,43.0,MARGINAL,CHOP,0.8557,RISING
2026-08-21,OPTX,6.0,0.15,0.202,MINOR,16,751.0,0.1,0.135,MINOR,10,1024.0,13,60,BEAR_REJECTION_PENDING,SHORT,43.8,MARGINAL,CHOP,0.7422,RISING
2026-08-21,GCTS,6.0,0.38,1.693,COMPRESSION,39,350.0,0.11,0.49,COMPRESSION,12,900.0,36,20,BULL_BOUNCE_PENDING,LONG,53.2,MARGINAL,CHOP,0.2245,FALLING
2026-08-21,UPC,6.0,0.2481,0.209,MINOR,25,112.0,0.02,0.017,MINOR,2,144.0,28,31,BEAR_REJECTION_PENDING,SHORT,55.6,MARGINAL,CHOP,1.1877,NEUTRAL
2026-08-21,NN,6.0,0.1,0.066,COMPRESSION,11,365.0,0.82,0.54,MINOR,83,11.0,32,26,BUY_LOWER_DIRTY,LONG,49.6,MARGINAL,CHOP,1.5176,RISING
2026-08-21,SERV,6.0,0.425,0.983,COMPRESSION,43,638.0,0.005,0.012,MINOR,1,533.0,14,15,BEAR_REJECTION_PENDING,SHORT,46.0,MARGINAL,CHOP,0.4322,FALLING
2026-08-21,DXYZ,6.0,0.11,0.05,COMPRESSION,11,1228.0,0.43,0.197,COMPRESSION,43,589.0,5,37,BEAR_REJECTION_PENDING,SHORT,45.0,MARGINAL,CHOP,2.1827,RISING
2026-08-21,BAND,6.0,0.3,0.081,COMPRESSION,30,1125.0,1.31,0.353,CONVICTION,132,158.0,53,39,BULL_BOUNCE_PENDING,LONG,72.5,CONVICTION,CHOP,3.7092,NEUTRAL
2026-08-21,MNTS,6.0,0.07,0.177,COMPRESSION,8,1411.0,0.17,0.429,COMPRESSION,17,1268.0,36,13,SHORT_UPPER_DIRTY,SHORT,38.7,MARGINAL,CHOP,0.3963,NEUTRAL
2026-08-21,XNDU,6.0,0.4,0.622,MINOR,41,453.0,0.43,0.668,COMPRESSION,43,954.0,43,32,BULL_BOUNCE_PENDING,LONG,50.5,MARGINAL,CHOP,0.6434,RISING
2026-08-21,FLY,6.0,0.29,0.142,COMPRESSION,30,1047.0,0.815,0.399,COMPRESSION,82,492.0,42,40,BULL_BOUNCE_PENDING,LONG,22.0,MARGINAL,CHOP,2.0423,RISING
2026-08-21,NUWE,6.0,0.02,0.098,MINOR,3,446.0,,,,,,15,0,BEAR_REJECTION_PENDING,SHORT,50.0,MARGINAL,CHOP,0.2036,NEUTRAL
2026-08-21,MRLN,6.0,0.005,0.013,COMPRESSION,1,1161.0,0.028,0.075,MINOR,3,333.0,55,4,BEAR_REJECTION_PENDING,SHORT,56.0,MARGINAL,CHOP,0.3743,FALLING
2026-08-21,ALTO,6.0,0.09,0.323,COMPRESSION,9,204.0,0.01,0.036,MINOR,2,57.0,21,20,BEAR_REJECTION_PENDING,SHORT,69.9,CONVICTION,CHOP,0.2784,FALLING
2026-08-21,AEVA,6.0,0.03,0.011,COMPRESSION,4,340.0,0.72,0.258,COMPRESSION,72,1005.0,26,35,BEAR_REJECTION_PENDING,SHORT,46.0,MARGINAL,CHOP,2.7902,NEUTRAL
2026-08-21,RDGT,6.0,0.009,0.061,MINOR,1,762.0,0.0008,0.005,MINOR,1,61.0,13,27,BULL_BOUNCE_PENDING,LONG,54.1,MARGINAL,CHOP,0.1467,NEUTRAL
2026-08-21,NCRA,6.0,0.06,0.216,MINOR,7,593.0,0.03,0.108,MINOR,4,971.0,30,38,BEAR_REJECTION_PENDING,SHORT,50.0,MARGINAL,CHOP,0.2779,NEUTRAL
2026-08-21,BIAF,,0.0089,0.144,COMPRESSION,1,1223.0,,,,,,26,0,BEAR_REJECTION_PENDING,SHORT,50.0,MARGINAL,CHOP,0.0617,RISING
2026-08-21,AAOZ,6.0,2.66,0.666,CONVICTION,266,1247.0,0.56,0.14,COMPRESSION,56,1289.0,27,3,BEAR_REJECTION_PENDING,SHORT,62.2,CONVICTION,CHOP,3.991,FALLING
2026-08-21,AGL,6.0,0.91,0.091,COMPRESSION,91,9.0,1.39,0.139,CONVICTION,140,255.0,44,37,BULL_BOUNCE_PENDING,LONG,78.3,CONVICTION,CHOP,9.9761,NEUTRAL
2026-08-21,ABNB,6.0,0.2,0.029,MINOR,20,7.0,0.62,0.089,COMPRESSION,63,324.0,15,30,BULL_BOUNCE_CONFIRMED,LONG,56.0,MARGINAL,CHOP,6.992,NEUTRAL
2026-08-21,ALHC,6.0,0.31,0.416,COMPRESSION,32,497.0,0.23,0.308,COMPRESSION,24,695.0,28,12,BEAR_REJECTION_PENDING,SHORT,50.0,MARGINAL,CHOP,0.7457,RISING
2026-08-21,APTV,6.0,0.6,0.258,COMPRESSION,61,169.0,0.13,0.056,MINOR,13,78.0,42,3,BEAR_REJECTION_PENDING,SHORT,69.5,CONVICTION,CHOP,2.3275,RISING
2026-08-21,ASH,6.0,0.02,0.009,COMPRESSION,2,119.0,0.44,0.2,COMPRESSION,44,799.0,38,28,BEAR_REJECTION_PENDING,SHORT,62.0,CONVICTION,CHOP,2.199,FALLING
2026-08-21,APA,6.0,0.005,0.003,MINOR,1,53.0,0.07,0.043,COMPRESSION,8,869.0,15,59,BULL_BOUNCE,LONG,72.9,CONVICTION,CHOP,1.6104,RISING
2026-08-21,ARKG,6.0,0.005,0.003,MINOR,1,100.0,1.7,1.035,CONVICTION,171,597.0,4,69,BULL_BOUNCE_PENDING,LONG,49.8,MARGINAL,CHOP,1.6421,RISING
2026-08-21,AUGO,6.0,1.98,0.42,CONVICTION,199,1067.0,0.98,0.208,COMPRESSION,99,1118.0,8,60,BULL_BOUNCE_PENDING,LONG,53.0,MARGINAL,CHOP,4.7198,RISING
2026-08-21,AVAV,6.0,2.56,0.224,CONVICTION,256,665.0,1.4,0.122,CONVICTION,141,519.0,82,31,BEAR_REJECTION_PENDING,SHORT,50.0,MARGINAL,CHOP,11.4533,NEUTRAL
2026-08-21,ASTX,6.0,1.15,0.549,CONVICTION,116,623.0,0.18,0.086,MINOR,18,54.0,27,46,BULL_BOUNCE,LONG,58.0,MARGINAL,CHOP,2.0966,RISING
2026-08-21,AVNT,6.0,0.19,0.106,COMPRESSION,19,336.0,1.05,0.587,CONVICTION,106,7.0,54,40,BULL_BOUNCE_PENDING,LONG,80.8,CONVICTION,CHOP,1.7889,FALLING
2026-08-21,BIO,6.0,,,,,,3.03,0.245,CONVICTION,304,620.0,0,58,BULL_BOUNCE_CONFIRMED,LONG,63.0,CONVICTION,CHOP,12.3542,FALLING
2026-08-21,BXSL,6.0,0.04,0.076,COMPRESSION,4,542.0,0.04,0.076,COMPRESSION,4,137.0,13,70,BEAR_REJECTION_PENDING,SHORT,52.3,MARGINAL,CHOP,0.5281,RISING
2026-08-21,AXON,6.0,66.6,1.595,CONVICTION,6661,400.0,20.02,0.479,CONVICTION,2002,1092.0,42,19,BEAR_REJECTION_PENDING,SHORT,72.7,CONVICTION,CHOP,41.7532,NEUTRAL
2026-08-21,CAI,6.0,0.02,0.015,COMPRESSION,2,191.0,0.61,0.455,COMPRESSION,62,1058.0,10,41,BULL_BOUNCE_PENDING,LONG,62.5,CONVICTION,CHOP,1.342,FALLING
2026-08-21,CELH,6.0,0.19,0.09,MINOR,19,1479.0,0.085,0.04,COMPRESSION,9,787.0,5,36,BULL_BOUNCE_PENDING,LONG,28.0,MARGINAL,CHOP,2.1183,RISING
2026-08-21,CENX,6.0,0.57,0.169,COMPRESSION,58,806.0,0.18,0.053,COMPRESSION,18,107.0,32,21,BULL_BOUNCE_PENDING,LONG,55.2,MARGINAL,CHOP,3.3675,FALLING
2026-08-21,CEVA,6.0,1.46,0.521,CONVICTION,147,1004.0,0.83,0.296,COMPRESSION,84,74.0,59,14,BULL_BOUNCE_PENDING,LONG,48.6,MARGINAL,CHOP,2.8018,FALLING
2026-08-21,COHX,6.0,0.1,0.013,MINOR,10,308.0,0.95,0.126,MINOR,95,28.0,8,27,BEAR_REJECTION_PENDING,SHORT,56.0,MARGINAL,CHOP,7.5338,FALLING
2026-08-21,CONL,6.0,0.58,1.294,COMPRESSION,59,980.0,0.73,1.628,COMPRESSION,73,1209.0,10,22,BULL_BOUNCE_PENDING,LONG,66.4,CONVICTION,CHOP,0.4483,RISING
2026-08-21,CTRI,6.0,0.18,0.12,COMPRESSION,18,303.0,0.07,0.047,COMPRESSION,8,211.0,58,10,BULL_BOUNCE_PENDING,LONG,54.2,MARGINAL,CHOP,1.5046,FALLING
2026-08-21,CRGY,6.0,0.14,0.29,MINOR,15,906.0,0.26,0.538,COMPRESSION,26,73.0,2,83,BULL_BOUNCE,LONG,65.4,CONVICTION,CHOP,0.4829,RISING
2026-08-21,CVSA,6.0,1.51,0.233,CONVICTION,151,192.0,0.97,0.15,COMPRESSION,97,877.0,56,55,BULL_BOUNCE_PENDING,LONG,48.9,MARGINAL,CHOP,6.4814,RISING
2026-08-21,DIOD,6.0,0.81,0.108,COMPRESSION,81,305.0,4.79,0.641,CONVICTION,479,425.0,60,36,BULL_BOUNCE_PENDING,LONG,55.5,MARGINAL,CHOP,7.475,RISING
2026-08-21,DKS,6.0,4.74,0.669,CONVICTION,475,927.0,1.76,0.248,CONVICTION,177,163.0,109,25,BEAR_REJECTION_PENDING,SHORT,73.8,CONVICTION,CHOP,7.085,FALLING
2026-08-21,DOCU,6.0,0.1,0.037,MINOR,10,360.0,1.6,0.592,CONVICTION,161,936.0,11,53,BULL_BOUNCE_PENDING,LONG,66.4,CONVICTION,CHOP,2.7022,FALLING
2026-08-21,DUOL,6.0,0.25,0.026,MINOR,25,373.0,6.39,0.676,CONVICTION,640,55.0,4,50,BULL_BOUNCE_PENDING,LONG,68.8,CONVICTION,CHOP,9.4507,NEUTRAL
2026-08-21,ESNT,6.0,0.47,0.309,MINOR,47,31.0,0.16,0.105,COMPRESSION,16,339.0,28,57,BULL_BOUNCE_PENDING,LONG,67.7,CONVICTION,CHOP,1.5221,RISING
2026-08-21,ERO,6.0,,,,,,0.7,0.381,COMPRESSION,71,212.0,0,89,BULL_BOUNCE_PENDING,LONG,49.0,MARGINAL,CHOP,1.8368,FALLING
2026-08-21,FLR,6.0,0.32,0.117,COMPRESSION,33,307.0,0.67,0.244,COMPRESSION,68,1251.0,43,55,BUY_LOWER_DIRTY,LONG,52.1,MARGINAL,CHOP,2.7433,NEUTRAL
2026-08-21,FRVO,6.0,0.27,0.12,COMPRESSION,28,1398.0,0.01,0.004,COMPRESSION,2,58.0,35,8,BEAR_REJECTION_PENDING,SHORT,65.0,CONVICTION,CHOP,2.2444,FALLING
2026-08-21,FIVE,6.0,1.71,0.208,VACUUM,172,156.0,2.0,0.243,CONVICTION,200,727.0,44,83,BULL_BOUNCE,LONG,63.5,CONVICTION,CHOP,8.2274,NEUTRAL
2026-08-21,FUN,6.0,0.44,0.405,COMPRESSION,45,312.0,0.23,0.212,COMPRESSION,24,594.0,26,35,BEAR_REJECTION_PENDING,SHORT,50.4,MARGINAL,CHOP,1.0857,RISING
2026-08-21,FSK,6.0,0.17,0.401,COMPRESSION,17,693.0,0.18,0.424,COMPRESSION,18,276.0,42,37,BULL_BOUNCE_PENDING,LONG,54.1,MARGINAL,CHOP,0.4243,FALLING
2026-08-21,GH,6.0,0.02,0.003,MINOR,3,152.0,9.64,1.351,CONVICTION,965,329.0,13,41,BULL_BOUNCE_PENDING,LONG,47.2,MARGINAL,CHOP,7.1377,NEUTRAL
2026-08-21,GKOS,6.0,0.325,0.051,MINOR,33,269.0,1.94,0.305,CONVICTION,194,878.0,42,29,BULL_BOUNCE_PENDING,LONG,83.0,CONVICTION,CHOP,6.3521,RISING
2026-08-21,GTLB,6.0,0.13,0.06,COMPRESSION,13,506.0,1.865,0.862,CONVICTION,187,1076.0,11,43,BULL_BOUNCE,LONG,51.0,MARGINAL,CHOP,2.1646,NEUTRAL
2026-08-21,HALO,6.0,0.01,0.003,MINOR,1,30.0,4.24,1.095,CONVICTION,424,1493.0,30,33,BEAR_REJECTION_PENDING,SHORT,66.0,CONVICTION,CHOP,3.8722,FALLING
2026-08-21,HNGE,6.0,1.11,0.225,CONVICTION,111,149.0,0.91,0.184,COMPRESSION,91,1160.0,32,15,BEAR_REJECTION_PENDING,SHORT,73.3,CONVICTION,CHOP,4.9438,NEUTRAL
2026-08-21,HONA,6.0,0.5,0.039,MINOR,50,159.0,5.08,0.396,CONVICTION,508,24.0,32,28,BEAR_REJECTION_PENDING,SHORT,73.7,CONVICTION,CHOP,12.826,FALLING
2026-08-21,HUM,6.0,4.14,0.299,VACUUM,414,187.0,8.74,0.631,CONVICTION,874,1167.0,31,27,BULL_BOUNCE,LONG,59.0,MARGINAL,CHOP,13.8433,NEUTRAL
2026-08-21,IDCC,6.0,0.04,0.003,COMPRESSION,4,46.0,1.335,0.114,CONVICTION,134,1049.0,27,58,BULL_BOUNCE,LONG,59.0,MARGINAL,CHOP,11.751,NEUTRAL
2026-08-21,KGS,6.0,1.345,0.476,VACUUM,135,721.0,0.46,0.163,COMPRESSION,47,1311.0,36,13,BULL_BOUNCE_PENDING,LONG,66.3,CONVICTION,CHOP,2.8233,RISING
2026-08-21,IRE,6.0,0.755,0.429,COMPRESSION,76,127.0,0.7,0.398,COMPRESSION,70,1459.0,26,28,BEAR_REJECTION_PENDING,SHORT,59.1,MARGINAL,CHOP,1.7583,RISING
2026-08-21,GFS,6.0,0.2,0.065,COMPRESSION,20,207.0,0.06,0.019,COMPRESSION,7,757.0,64,18,BEAR_REJECTION_PENDING,SHORT,72.1,CONVICTION,CHOP,3.0784,FALLING
2026-08-21,KALU,6.0,3.94,0.391,CONVICTION,394,123.0,5.7,0.566,CONVICTION,571,891.0,53,37,BEAR_REJECTION_PENDING,SHORT,52.0,MARGINAL,CHOP,10.0789,FALLING
2026-08-21,KSS,6.0,0.135,0.138,COMPRESSION,14,969.0,2.11,2.151,CONVICTION,211,1081.0,44,28,BULL_BOUNCE_PENDING,LONG,45.0,MARGINAL,CHOP,0.9811,NEUTRAL
2026-08-21,KRMN,6.0,0.87,0.229,COMPRESSION,88,591.0,0.71,0.187,COMPRESSION,72,1105.0,68,34,BULL_BOUNCE_PENDING,LONG,74.3,CONVICTION,CHOP,3.8045,FALLING
2026-08-21,LEU,6.0,1.15,0.101,CONVICTION,116,729.0,1.56,0.137,CONVICTION,157,608.0,68,52,BEAR_REJECTION_PENDING,SHORT,62.0,CONVICTION,CHOP,11.4091,FALLING
2026-08-21,MAIN,6.0,0.3,0.233,COMPRESSION,30,897.0,0.4,0.31,COMPRESSION,41,594.0,26,70,BULL_BOUNCE_PENDING,LONG,66.3,CONVICTION,CHOP,1.2894,FALLING
2026-08-21,MIRM,6.0,0.66,0.146,COMPRESSION,66,847.0,0.835,0.184,COMPRESSION,84,218.0,61,29,BULL_BOUNCE,LONG,60.1,CONVICTION,CHOP,4.5271,NEUTRAL
2026-08-21,MTZ,6.0,46.88,3.129,CONVICTION,4688,105.0,0.21,0.014,COMPRESSION,21,74.0,49,26,BEAR_REJECTION_PENDING,SHORT,79.0,CONVICTION,CHOP,14.9833,RISING
2026-08-21,MUZ,6.0,0.25,0.173,COMPRESSION,25,89.0,0.3699,0.256,COMPRESSION,37,45.0,45,14,BEAR_REJECTION_PENDING,SHORT,62.7,CONVICTION,CHOP,1.4431,FALLING
2026-08-21,NASA,6.0,0.29,0.238,MINOR,29,86.0,0.8,0.656,COMPRESSION,80,343.0,69,59,BULL_BOUNCE_PENDING,LONG,65.1,CONVICTION,CHOP,1.2201,RISING
2026-08-21,NICE,6.0,1.47,0.335,CONVICTION,147,39.0,0.65,0.148,COMPRESSION,66,263.0,33,69,BEAR_REJECTION_PENDING,SHORT,71.4,CONVICTION,CHOP,4.3877,RISING
2026-08-21,NBIZ,6.0,0.03,0.01,COMPRESSION,4,366.0,0.71,0.24,COMPRESSION,71,239.0,24,18,CHANNEL_RECLAIM_LONG,LONG,39.0,MARGINAL,CHOP,2.9591,RISING
2026-08-21,NRGV,6.0,0.005,0.014,MINOR,1,915.0,0.07,0.192,COMPRESSION,8,807.0,13,22,BULL_BOUNCE_CONFIRMED,LONG,48.0,MARGINAL,CHOP,0.3646,RISING
2026-08-21,OC,6.0,1.35,0.248,CONVICTION,135,419.0,1.54,0.283,CONVICTION,155,1188.0,46,39,BEAR_REJECTION_PENDING,SHORT,92.6,CONVICTION,CHOP,5.4423,FALLING
2026-08-21,OKLL,6.0,0.25,0.571,COMPRESSION,25,110.0,0.0331,0.076,MINOR,4,37.0,26,14,BEAR_REJECTION_PENDING,SHORT,67.8,CONVICTION,CHOP,0.4375,FALLING
2026-08-21,OLLI,6.0,1.23,0.391,CONVICTION,123,68.0,1.035,0.329,CONVICTION,104,33.0,55,33,BEAR_REJECTION_PENDING,SHORT,90.7,CONVICTION,CHOP,3.1472,FALLING
2026-08-21,OMDA,6.0,0.015,0.012,MINOR,2,151.0,1.165,0.914,CONVICTION,117,1266.0,40,8,BULL_BOUNCE_PENDING,LONG,88.0,CONVICTION,CHOP,1.2743,NEUTRAL
2026-08-21,QNST,6.0,0.12,0.108,COMPRESSION,13,5.0,4.47,4.012,CONVICTION,448,334.0,76,13,BEAR_REJECTION_PENDING,SHORT,70.5,CONVICTION,CHOP,1.1142,FALLING
2026-08-21,PGNY,6.0,0.28,0.223,COMPRESSION,29,15.0,0.06,0.048,COMPRESSION,6,339.0,38,46,BEAR_REJECTION_PENDING,SHORT,64.0,CONVICTION,CHOP,1.2568,NEUTRAL
2026-08-21,OSCR,6.0,0.005,0.003,MINOR,1,442.0,0.41,0.218,COMPRESSION,42,479.0,19,56,BULL_BOUNCE_PENDING,LONG,45.0,MARGINAL,CHOP,1.8775,NEUTRAL
2026-08-21,RCEL,6.0,3.45,3.9,CONVICTION,346,384.0,0.06,0.068,MINOR,7,61.0,14,27,BEAR_REJECTION_PENDING,SHORT,52.5,MARGINAL,CHOP,0.8846,NEUTRAL
2026-08-21,RDNT,6.0,0.54,0.159,COMPRESSION,55,659.0,0.645,0.19,COMPRESSION,65,536.0,10,49,BEAR_REJECTION_PENDING,SHORT,56.3,MARGINAL,CHOP,3.3897,NEUTRAL
2026-08-21,ROAD,6.0,0.9,0.15,COMPRESSION,91,134.0,0.63,0.105,COMPRESSION,63,689.0,64,51,BULL_BOUNCE_PENDING,LONG,70.0,CONVICTION,CHOP,5.9982,NEUTRAL
2026-08-21,RDDT,6.0,1.59,0.155,CONVICTION,160,272.0,1.4,0.137,CONVICTION,141,52.0,65,54,BEAR_REJECTION_PENDING,SHORT,67.0,CONVICTION,CHOP,10.2362,FALLING
2026-08-21,RKLX,6.0,0.27,0.08,COMPRESSION,27,426.0,0.2244,0.067,MINOR,23,556.0,46,40,BULL_BOUNCE_CONFIRMED,LONG,56.0,MARGINAL,CHOP,3.356,NEUTRAL
2026-08-21,SNDQ,6.0,2.59,0.548,CONVICTION,259,7.0,1.319,0.279,VACUUM,132,1032.0,13,6,BEAR_REJECTION_PENDING,SHORT,94.7,CONVICTION,CHOP,4.7271,FALLING
2026-08-21,SMCX,6.0,0.02,0.013,MINOR,2,42.0,1.63,1.048,CONVICTION,164,733.0,12,32,BEAR_REJECTION_PENDING,SHORT,50.0,MARGINAL,CHOP,1.5548,RISING
2026-08-21,SPAL,6.0,0.515,0.23,COMPRESSION,52,411.0,0.12,0.054,MINOR,13,71.0,39,32,BEAR_REJECTION_PENDING,SHORT,72.2,CONVICTION,CHOP,2.2389,FALLING
2026-08-21,SPAX,6.0,0.3,0.223,COMPRESSION,31,428.0,0.0997,0.074,MINOR,10,83.0,25,34,BEAR_REJECTION_PENDING,SHORT,65.9,CONVICTION,CHOP,1.3459,FALLING
2026-08-21,SPCF,6.0,0.48,0.215,COMPRESSION,48,418.0,0.0317,0.014,MINOR,4,101.0,40,29,BEAR_REJECTION_PENDING,SHORT,66.4,CONVICTION,CHOP,2.2297,FALLING
2026-08-21,SPCH,6.0,0.32,0.24,COMPRESSION,33,386.0,0.0022,0.002,COMPRESSION,1,886.0,10,30,BEAR_REJECTION_PENDING,SHORT,55.9,MARGINAL,CHOP,1.3355,FALLING
2026-08-21,TEM,6.0,2.0,0.479,CONVICTION,200,373.0,0.58,0.139,COMPRESSION,58,613.0,5,23,BULL_BOUNCE_PENDING,LONG,84.1,CONVICTION,CHOP,4.1752,RISING
2026-08-21,TNDM,6.0,0.35,0.235,COMPRESSION,36,391.0,0.32,0.215,COMPRESSION,33,1088.0,48,18,BEAR_REJECTION_PENDING,SHORT,53.9,MARGINAL,CHOP,1.4867,FALLING
2026-08-21,TSLL,6.0,0.002,0.004,MINOR,1,1237.0,0.1,0.183,COMPRESSION,10,551.0,21,29,BULL_BOUNCE_PENDING,LONG,33.0,MARGINAL,CHOP,0.5453,RISING
2026-08-21,TTWO,6.0,1.94,0.215,CONVICTION,194,145.0,11.11,1.23,CONVICTION,1111,98.0,47,53,BEAR_REJECTION_PENDING,SHORT,62.7,CONVICTION,CHOP,9.0342,FALLING
2026-08-21,TWST,6.0,0.005,0.0,MINOR,1,523.0,6.39,0.601,CONVICTION,639,554.0,18,50,BULL_BOUNCE_PENDING,LONG,73.3,CONVICTION,CHOP,10.6364,NEUTRAL
2026-08-21,TXG,6.0,1.11,0.277,VACUUM,111,2.0,1.47,0.367,CONVICTION,147,847.0,2,36,BULL_BOUNCE_PENDING,LONG,70.6,CONVICTION,CHOP,4.0032,NEUTRAL
2026-08-21,VATE,6.0,,,,,,0.03,0.02,MINOR,4,129.0,0,20,BULL_BOUNCE_PENDING,LONG,60.0,CONVICTION,CHOP,1.4775,NEUTRAL
2026-08-21,ULTA,6.0,2.66,0.144,CONVICTION,266,599.0,4.8,0.26,CONVICTION,481,799.0,61,39,BULL_BOUNCE_PENDING,LONG,67.0,CONVICTION,CHOP,18.4576,FALLING
2026-08-21,VISN,6.0,0.04,0.068,COMPRESSION,4,186.0,0.01,0.017,COMPRESSION,1,284.0,35,18,BULL_BOUNCE_PENDING,LONG,38.6,MARGINAL,CHOP,0.5903,NEUTRAL
2026-08-21,VSXY,6.0,1.02,0.242,CONVICTION,102,105.0,1.67,0.395,CONVICTION,168,455.0,51,40,BEAR_REJECTION_PENDING,SHORT,90.7,CONVICTION,CHOP,4.2235,FALLING
2026-08-21,VOYG,6.0,0.86,0.242,COMPRESSION,86,1235.0,5.48,1.545,CONVICTION,548,1067.0,67,36,BULL_BOUNCE,LONG,58.0,MARGINAL,CHOP,3.5467,NEUTRAL
2026-08-21,WTS,6.0,0.74,0.077,COMPRESSION,75,409.0,1.07,0.111,CONVICTION,108,574.0,47,56,BULL_BOUNCE_PENDING,LONG,60.8,CONVICTION,CHOP,9.6535,NEUTRAL
2026-08-21,VSH,6.0,1.66,0.604,CONVICTION,166,583.0,0.42,0.153,COMPRESSION,43,640.0,23,27,BULL_BOUNCE_CONFIRMED,LONG,44.0,MARGINAL,CHOP,2.7497,NEUTRAL
2026-08-21,XMTR,6.0,1.49,0.302,CONVICTION,150,616.0,19.49,3.957,CONVICTION,1950,857.0,41,13,BULL_BOUNCE,LONG,64.9,CONVICTION,CHOP,4.9259,NEUTRAL
2026-08-21,ADM,6.0,0.18,0.075,COMPRESSION,18,295.0,0.29,0.121,COMPRESSION,29,191.0,46,51,BULL_BOUNCE,LONG,61.0,CONVICTION,CHOP,2.3938,RISING
2026-08-21,ADSK,6.0,0.11,0.012,COMPRESSION,11,992.0,5.4,0.577,CONVICTION,541,455.0,30,51,BULL_BOUNCE_PENDING,LONG,63.6,CONVICTION,CHOP,9.3514,NEUTRAL
2026-08-21,ABCL,6.0,0.005,0.005,MINOR,1,139.0,0.38,0.382,COMPRESSION,39,26.0,14,19,BULL_BOUNCE_PENDING,LONG,60.4,CONVICTION,CHOP,0.994,RISING
2026-08-21,APO,6.0,1.94,0.379,CONVICTION,194,1089.0,1.205,0.235,CONVICTION,121,228.0,66,39,BULL_BOUNCE_PENDING,LONG,79.5,CONVICTION,CHOP,5.1201,FALLING
2026-08-21,ANF,6.0,1.44,0.279,CONVICTION,144,159.0,2.97,0.576,CONVICTION,297,239.0,46,57,BEAR_REJECTION_PENDING,SHORT,89.8,CONVICTION,CHOP,5.1572,FALLING
2026-08-21,AKAM,6.0,0.65,0.103,COMPRESSION,66,153.0,0.42,0.066,COMPRESSION,43,562.0,66,12,BULL_BOUNCE_PENDING,LONG,60.5,CONVICTION,CHOP,6.3348,NEUTRAL
2026-08-21,ARTW,6.0,0.06,0.176,MINOR,7,574.0,0.06,0.176,MINOR,7,135.0,31,13,BEAR_REJECTION_PENDING,SHORT,53.8,MARGINAL,CHOP,0.3417,RISING
2026-08-21,AGQ,6.0,9.76,2.008,CONVICTION,976,897.0,1.4,0.288,CONVICTION,141,1214.0,9,92,BEAR_REJECTION_PENDING,SHORT,66.5,CONVICTION,CHOP,4.8613,RISING
2026-08-21,ARQT,6.0,0.4,0.327,MINOR,40,991.0,0.24,0.196,COMPRESSION,25,398.0,36,23,BULL_BOUNCE_PENDING,LONG,76.7,CONVICTION,CHOP,1.224,NEUTRAL
2026-08-21,AR,6.0,1.49,1.289,CONVICTION,149,395.0,0.06,0.052,COMPRESSION,7,66.0,13,66,BEAR_REJECTION_PENDING,SHORT,70.7,CONVICTION,CHOP,1.1561,RISING
2026-08-21,BIRK,6.0,0.13,0.064,COMPRESSION,14,169.0,0.22,0.108,MINOR,22,93.0,42,16,CHANNEL_BREAKOUT,LONG,43.0,MARGINAL,CHOP,2.0407,FALLING
2026-08-21,BILL,6.0,0.18,0.076,COMPRESSION,18,1244.0,0.98,0.414,COMPRESSION,98,313.0,8,47,BULL_BOUNCE_PENDING,LONG,59.1,MARGINAL,CHOP,2.3698,NEUTRAL
2026-08-21,BLLN,6.0,36.91,3.814,CONVICTION,3691,1038.0,0.68,0.07,COMPRESSION,68,910.0,12,44,BEAR_REJECTION_PENDING,SHORT,72.2,CONVICTION,CHOP,9.6782,FALLING
2026-08-21,BMRN,6.0,0.68,0.3,COMPRESSION,69,433.0,0.415,0.183,COMPRESSION,42,510.0,55,42,BULL_BOUNCE_PENDING,LONG,60.0,CONVICTION,CHOP,2.2656,NEUTRAL
2026-08-21,BRKR,6.0,0.1,0.028,COMPRESSION,10,1165.0,0.64,0.181,COMPRESSION,65,1318.0,36,47,BEAR_REJECTION_PENDING,SHORT,46.0,MARGINAL,CHOP,3.5393,FALLING
2026-08-21,BR,6.0,1.31,0.196,CONVICTION,131,1405.0,3.69,0.553,CONVICTION,369,1169.0,4,66,BEAR_REJECTION_PENDING,SHORT,65.3,CONVICTION,CHOP,6.6695,NEUTRAL
2026-08-21,BRZE,6.0,0.05,0.032,COMPRESSION,6,102.0,0.05,0.032,COMPRESSION,6,860.0,10,26,BULL_BOUNCE_PENDING,LONG,56.0,MARGINAL,CHOP,1.5454,RISING
2026-08-21,BSP,6.0,1.32,0.244,VACUUM,133,215.0,0.39,0.072,COMPRESSION,40,1013.0,20,26,BULL_BOUNCE_PENDING,LONG,62.2,CONVICTION,CHOP,5.408,FALLING
2026-08-21,BZ,6.0,0.15,0.233,COMPRESSION,16,1261.0,0.1,0.155,COMPRESSION,10,1217.0,33,23,BULL_BOUNCE_PENDING,LONG,53.0,MARGINAL,CHOP,0.6446,RISING
2026-08-21,BTU,6.0,0.59,0.543,COMPRESSION,59,276.0,0.16,0.147,COMPRESSION,17,454.0,22,63,CHANNEL_RECLAIM_LONG,LONG,51.0,MARGINAL,CHOP,1.0861,RISING
2026-08-21,CAKE,6.0,1.97,0.474,CONVICTION,197,427.0,0.9,0.217,COMPRESSION,90,365.0,50,40,BULL_BOUNCE_PENDING,LONG,73.8,CONVICTION,CHOP,4.1525,NEUTRAL
2026-08-21,CF,6.0,7.62,1.469,CONVICTION,763,80.0,8.06,1.553,CONVICTION,806,1403.0,16,75,BULL_BOUNCE_PENDING,LONG,46.0,MARGINAL,CHOP,5.1888,RISING
2026-08-21,CHYM,6.0,0.005,0.003,MINOR,1,271.0,0.04,0.021,COMPRESSION,4,879.0,20,26,BULL_BOUNCE_PENDING,LONG,53.8,MARGINAL,CHOP,1.9039,RISING
2026-08-21,CLOU,6.0,0.24,0.266,COMPRESSION,25,188.0,0.33,0.365,COMPRESSION,33,785.0,31,49,BULL_BOUNCE,LONG,53.0,MARGINAL,CHOP,0.9029,NEUTRAL
2026-08-21,BWET,6.0,20.0,0.887,VACUUM,2000,222.0,4.51,0.2,CONVICTION,451,1475.0,1,120,BULL_BOUNCE_CONFIRMED,LONG,79.9,CONVICTION,CHOP,22.5398,RISING
2026-08-21,CNR,6.0,0.58,0.161,COMPRESSION,58,1058.0,4.78,1.33,CONVICTION,478,564.0,29,68,BEAR_REJECTION_PENDING,SHORT,62.6,CONVICTION,CHOP,3.5941,RISING
2026-08-21,CRC,6.0,1.94,1.172,CONVICTION,194,610.0,0.08,0.048,COMPRESSION,8,4.0,59,20,BULL_BOUNCE_PENDING,LONG,55.3,MARGINAL,CHOP,1.6546,RISING
2026-08-21,CVLT,6.0,1.26,0.215,CONVICTION,126,337.0,1.21,0.206,CONVICTION,121,417.0,66,40,BULL_BOUNCE_PENDING,LONG,83.8,CONVICTION,CHOP,5.865,NEUTRAL
2026-08-21,CRL,6.0,0.265,0.022,MINOR,27,139.0,26.39,2.196,CONVICTION,2640,1054.0,17,41,BULL_BOUNCE_PENDING,LONG,54.0,MARGINAL,CHOP,12.0177,NEUTRAL
2026-08-21,DDOG,6.0,0.25,0.014,COMPRESSION,25,32.0,4.0,0.226,CONVICTION,400,326.0,54,6,BULL_BOUNCE_PENDING,LONG,73.9,CONVICTION,CHOP,17.6903,NEUTRAL
2026-08-21,DDS,6.0,22.21,0.745,CONVICTION,2222,265.0,2.16,0.072,CONVICTION,217,990.0,69,28,BEAR_REJECTION_PENDING,SHORT,56.0,MARGINAL,CHOP,29.8242,NEUTRAL
2026-08-21,DNTH,6.0,1.97,0.374,VACUUM,197,167.0,0.93,0.177,MINOR,94,268.0,28,23,BULL_BOUNCE_PENDING,LONG,52.0,MARGINAL,CHOP,5.2683,NEUTRAL
2026-08-21,EXE,6.0,1.17,0.483,CONVICTION,118,681.0,0.14,0.058,MINOR,15,542.0,20,27,BULL_BOUNCE,LONG,61.0,CONVICTION,CHOP,2.42,RISING
2026-08-21,DT,6.0,0.17,0.072,MINOR,17,1169.0,0.52,0.219,COMPRESSION,53,802.0,15,16,BULL_BOUNCE_PENDING,LONG,66.5,CONVICTION,CHOP,2.3728,NEUTRAL
2026-08-21,DOCN,6.0,0.29,0.026,MINOR,30,938.0,2.18,0.196,CONVICTION,219,809.0,30,24,BULL_BOUNCE_PENDING,LONG,46.0,MARGINAL,CHOP,11.1266,FALLING
2026-08-21,FOUR,6.0,1.8864,0.5,VACUUM,189,761.0,0.51,0.135,MINOR,52,627.0,19,48,BULL_BOUNCE_PENDING,LONG,67.6,CONVICTION,CHOP,3.7749,RISING
2026-08-21,FANG,6.0,0.24,0.039,MINOR,24,49.0,0.23,0.037,COMPRESSION,23,394.0,29,127,BULL_BOUNCE_PENDING,LONG,42.0,MARGINAL,CHOP,6.2136,RISING
2026-08-21,FSLY,6.0,8.7,3.427,CONVICTION,870,9.0,0.22,0.087,COMPRESSION,22,970.0,33,22,BEAR_REJECTION_PENDING,SHORT,84.7,CONVICTION,CHOP,2.5388,FALLING
2026-08-21,FSM,6.0,0.9,1.713,COMPRESSION,91,377.0,0.11,0.209,COMPRESSION,11,1164.0,4,73,BEAR_REJECTION_PENDING,SHORT,56.8,MARGINAL,CHOP,0.5254,RISING
2026-08-21,GAP,6.0,0.22,0.369,COMPRESSION,22,378.0,0.18,0.302,COMPRESSION,18,213.0,71,14,BULL_BOUNCE_PENDING,LONG,54.9,MARGINAL,CHOP,0.5961,FALLING
2026-08-21,FTI,6.0,0.12,0.048,MINOR,13,198.0,0.25,0.1,COMPRESSION,25,1368.0,40,59,BULL_BOUNCE_PENDING,LONG,62.2,CONVICTION,CHOP,2.4956,RISING
2026-08-21,GLOB,6.0,0.8,0.327,COMPRESSION,81,467.0,0.3,0.122,COMPRESSION,30,510.0,26,34,BULL_BOUNCE_PENDING,LONG,38.0,MARGINAL,CHOP,2.4501,FALLING
2026-08-21,GMED,6.0,0.34,0.124,COMPRESSION,35,622.0,1.57,0.573,CONVICTION,157,620.0,61,21,BULL_BOUNCE_PENDING,LONG,67.5,CONVICTION,CHOP,2.7408,RISING
2026-08-21,HCC,6.0,4.23,0.894,VACUUM,424,330.0,2.26,0.478,CONVICTION,227,325.0,19,38,BEAR_REJECTION_PENDING,SHORT,46.0,MARGINAL,CHOP,4.7315,RISING
2026-08-21,HP,6.0,0.26,0.15,MINOR,26,233.0,1.05,0.605,CONVICTION,105,1235.0,9,30,BULL_BOUNCE_PENDING,LONG,55.8,MARGINAL,CHOP,1.7358,RISING
2026-08-21,IMAX,6.0,0.02,0.009,MINOR,2,34.0,0.65,0.302,COMPRESSION,65,806.0,7,56,BULL_BOUNCE_PENDING,LONG,56.0,MARGINAL,CHOP,2.1545,NEUTRAL
2026-08-21,HUBS,6.0,0.26,0.013,COMPRESSION,26,180.0,4.62,0.237,CONVICTION,463,1370.0,12,81,BEAR_REJECTION_PENDING,SHORT,53.5,MARGINAL,CHOP,19.4767,RISING
2026-08-21,IT,6.0,0.1,0.009,COMPRESSION,10,977.0,0.18,0.016,COMPRESSION,19,35.0,19,31,BEAR_REJECTION_PENDING,SHORT,47.7,MARGINAL,CHOP,11.4437,FALLING
2026-08-21,HYMC,6.0,1.25,0.602,CONVICTION,125,1484.0,2.63,1.267,CONVICTION,263,455.0,14,67,SHORT_UPPER_DIRTY,SHORT,51.9,MARGINAL,CHOP,2.075,RISING
2026-08-21,KVYO,6.0,0.31,0.213,MINOR,31,464.0,0.48,0.329,COMPRESSION,49,1380.0,11,18,BULL_BOUNCE,LONG,55.0,MARGINAL,CHOP,1.4588,NEUTRAL
2026-08-21,LLY,6.0,0.6,0.013,MINOR,60,188.0,20.08,0.436,CONVICTION,2008,10.0,17,79,BULL_BOUNCE_PENDING,LONG,78.1,CONVICTION,CHOP,46.0735,RISING
2026-08-21,LABU,6.0,0.34,0.015,MINOR,34,139.0,2.84,0.128,VACUUM,284,12.0,68,56,BULL_BOUNCE_CONFIRMED,LONG,73.7,CONVICTION,CHOP,22.1928,RISING
2026-08-21,LYB,6.0,0.03,0.013,COMPRESSION,4,202.0,0.64,0.284,COMPRESSION,65,236.0,11,87,BULL_BOUNCE,LONG,61.5,CONVICTION,CHOP,2.2532,RISING
2026-08-21,MNDY,6.0,0.13,0.02,COMPRESSION,13,781.0,1.5,0.23,CONVICTION,150,1312.0,11,47,BULL_BOUNCE_PENDING,LONG,53.5,MARGINAL,CHOP,6.5309,FALLING
2026-08-21,MTDR,6.0,3.67,1.856,CONVICTION,368,132.0,0.27,0.137,COMPRESSION,28,763.0,33,81,BEAR_REJECTION_PENDING,SHORT,78.6,CONVICTION,CHOP,1.9771,RISING
2026-08-21,MPC,6.0,0.44,0.034,MINOR,44,89.0,0.12,0.009,MINOR,13,78.0,34,63,BULL_BOUNCE_PENDING,LONG,75.9,CONVICTION,CHOP,12.7602,RISING
2026-08-21,MUR,6.0,1.93,1.193,CONVICTION,193,481.0,0.555,0.343,COMPRESSION,56,92.0,39,60,BULL_BOUNCE_PENDING,LONG,53.5,MARGINAL,CHOP,1.6179,RISING
2026-08-21,MSTZ,6.0,0.815,0.623,COMPRESSION,82,290.0,0.48,0.367,COMPRESSION,49,647.0,15,4,BULL_BOUNCE_PENDING,LONG,82.0,CONVICTION,CHOP,1.3078,NEUTRAL
2026-08-21,MUSA,6.0,12.15,0.55,CONVICTION,1215,440.0,0.86,0.039,COMPRESSION,87,9.0,36,53,BULL_BOUNCE_PENDING,LONG,59.9,MARGINAL,CHOP,22.0864,RISING
2026-08-21,NE,6.0,1.0,0.716,CONVICTION,100,856.0,0.1,0.072,COMPRESSION,11,379.0,21,69,BULL_BOUNCE_PENDING,LONG,50.8,MARGINAL,CHOP,1.3961,RISING
2026-08-21,NET,6.0,1.26,0.07,CONVICTION,126,415.0,2.05,0.114,CONVICTION,205,1425.0,76,20,BULL_BOUNCE_PENDING,LONG,54.0,MARGINAL,CHOP,17.9295,NEUTRAL
2026-08-21,NOG,6.0,0.79,0.813,COMPRESSION,79,134.0,0.15,0.154,COMPRESSION,15,802.0,8,48,BULL_BOUNCE_PENDING,LONG,63.4,CONVICTION,CHOP,0.9716,RISING
2026-08-21,NOV,6.0,0.005,0.008,MINOR,1,252.0,0.21,0.327,COMPRESSION,22,202.0,38,50,BULL_BOUNCE_CONFIRMED,LONG,72.2,CONVICTION,CHOP,0.6431,NEUTRAL
2026-08-21,NSIT,6.0,0.26,0.037,COMPRESSION,26,980.0,1.57,0.221,CONVICTION,157,1078.0,83,27,BULL_BOUNCE_PENDING,LONG,75.1,CONVICTION,CHOP,7.0917,NEUTRAL
2026-08-21,OIH,6.0,7.875,0.75,CONVICTION,788,527.0,4.48,0.427,CONVICTION,449,476.0,63,69,BEAR_REJECTION_PENDING,SHORT,56.0,MARGINAL,CHOP,10.4957,RISING
2026-08-21,NVD,6.0,0.22,0.87,COMPRESSION,22,167.0,0.17,0.672,COMPRESSION,17,215.0,27,22,BULL_BOUNCE_PENDING,LONG,52.0,MARGINAL,CHOP,0.253,RISING
2026-08-21,ORA,6.0,0.46,0.12,COMPRESSION,46,61.0,7.99,2.081,CONVICTION,799,166.0,82,41,BEAR_REJECTION_PENDING,SHORT,52.1,MARGINAL,CHOP,3.8403,NEUTRAL
2026-08-21,OVV,6.0,0.3,0.157,MINOR,30,9.0,0.29,0.152,COMPRESSION,29,508.0,5,96,BULL_BOUNCE,LONG,64.0,CONVICTION,CHOP,1.9141,RISING
2026-08-21,REPL,6.0,0.26,0.179,MINOR,26,393.0,0.58,0.4,COMPRESSION,59,971.0,31,13,BEAR_REJECTION_PENDING,SHORT,46.1,MARGINAL,CHOP,1.4504,NEUTRAL
2026-08-21,RBRK,6.0,0.06,0.012,COMPRESSION,7,268.0,0.75,0.145,COMPRESSION,75,649.0,22,57,BEAR_REJECTION_PENDING,SHORT,52.0,MARGINAL,CHOP,5.1765,FALLING
2026-08-21,RMD,6.0,2.79,0.353,CONVICTION,279,947.0,0.35,0.044,COMPRESSION,35,1364.0,59,50,BEAR_REJECTION_PENDING,SHORT,60.0,CONVICTION,CHOP,7.8998,RISING
2026-08-21,SHAZ,6.0,1.08,0.145,CONVICTION,108,698.0,0.61,0.082,COMPRESSION,61,1261.0,22,46,BEAR_REJECTION_PENDING,SHORT,58.2,MARGINAL,CHOP,7.4678,RISING
2026-08-21,SM,6.0,0.705,0.437,COMPRESSION,71,70.0,0.2,0.124,COMPRESSION,21,971.0,7,69,BEAR_REJECTION_PENDING,SHORT,59.7,MARGINAL,CHOP,1.6147,RISING
2026-08-21,SMMT,6.0,0.3,0.379,COMPRESSION,30,474.0,0.0098,0.012,MINOR,1,72.0,74,7,BULL_BOUNCE_PENDING,LONG,55.9,MARGINAL,CHOP,0.7912,FALLING
2026-08-21,SNDU,6.0,1.23,0.314,CONVICTION,124,1083.0,0.2,0.051,MINOR,20,107.0,5,30,BEAR_REJECTION_PENDING,SHORT,50.0,MARGINAL,CHOP,3.9158,RISING
2026-08-21,SNXX,6.0,0.62,0.248,COMPRESSION,63,1086.0,0.0019,0.001,MINOR,1,921.0,4,23,BEAR_REJECTION_PENDING,SHORT,46.6,MARGINAL,CHOP,2.5018,RISING
2026-08-21,SOXS,6.0,6.54,1.279,CONVICTION,654,351.0,4.24,0.829,CONVICTION,425,460.0,28,15,BULL_BOUNCE_PENDING,LONG,89.7,CONVICTION,CHOP,5.1151,FALLING
2026-08-21,SPOT,6.0,1.43,0.057,CONVICTION,143,633.0,5.72,0.228,CONVICTION,573,262.0,21,56,BULL_BOUNCE,LONG,65.8,CONVICTION,CHOP,25.1226,RISING
2026-08-21,STKH,6.0,0.02,0.015,MINOR,2,500.0,1.22,0.929,CONVICTION,123,526.0,12,31,BULL_BOUNCE_PENDING,LONG,65.2,CONVICTION,CHOP,1.3135,RISING
2026-08-21,TARS,6.0,0.64,0.193,COMPRESSION,65,1209.0,0.23,0.069,MINOR,24,628.0,21,40,BULL_BOUNCE_PENDING,LONG,71.5,CONVICTION,CHOP,3.3195,RISING
2026-08-21,SVM,6.0,1.13,1.607,CONVICTION,113,558.0,0.01,0.014,COMPRESSION,1,810.0,9,58,BEAR_REJECTION_PENDING,SHORT,76.8,CONVICTION,CHOP,0.7032,FALLING
2026-08-21,TDW,6.0,,,,,,1.47,0.344,CONVICTION,147,1261.0,0,75,DCB_BREAKOUT,LONG,39.0,MARGINAL,CHOP,4.2748,RISING
2026-08-21,TMDX,6.0,1.47,0.307,VACUUM,147,375.0,2.15,0.449,CONVICTION,215,1347.0,34,49,BULL_BOUNCE_PENDING,LONG,44.0,MARGINAL,CHOP,4.7868,RISING
2026-08-21,TME,6.0,0.05,0.126,COMPRESSION,5,834.0,0.0013,0.003,MINOR,1,250.0,40,28,BULL_BOUNCE_PENDING,LONG,53.0,MARGINAL,CHOP,0.3971,RISING
2026-08-21,VAL,6.0,2.53,0.721,CONVICTION,254,1083.0,0.57,0.163,COMPRESSION,57,316.0,30,60,BULL_BOUNCE,LONG,71.8,CONVICTION,CHOP,3.5071,RISING
2026-08-21,UCO,6.0,1.05,0.517,CONVICTION,106,1318.0,0.54,0.266,COMPRESSION,55,674.0,36,55,BULL_BOUNCE_PENDING,LONG,43.0,MARGINAL,CHOP,2.0322,NEUTRAL
2026-08-21,WFRD,6.0,1.04,0.322,CONVICTION,105,1255.0,0.92,0.285,COMPRESSION,93,384.0,32,48,BULL_BOUNCE_PENDING,LONG,61.0,CONVICTION,CHOP,3.2253,FALLING
2026-08-21,WHD,6.0,1.26,0.562,CONVICTION,127,524.0,0.13,0.058,COMPRESSION,13,119.0,63,41,BEAR_REJECTION_PENDING,SHORT,42.0,MARGINAL,CHOP,2.2424,RISING
2026-08-21,VSAT,6.0,1.22,0.215,VACUUM,122,160.0,1.08,0.191,CONVICTION,108,199.0,75,36,BEAR_REJECTION_PENDING,SHORT,74.9,CONVICTION,CHOP,5.6618,FALLING
2026-08-21,WYHG,6.0,0.0089,0.003,MINOR,1,957.0,0.02,0.006,MINOR,3,156.0,9,9,BULL_BOUNCE_PENDING,LONG,46.0,MARGINAL,CHOP,3.5507,NEUTRAL
2026-08-21,XHLD,6.0,0.04,0.027,MINOR,5,275.0,0.06,0.04,MINOR,7,379.0,3,25,BULL_BOUNCE,LONG,59.0,MARGINAL,CHOP,1.4986,RISING
2026-08-21,ZS,6.0,0.25,0.032,COMPRESSION,25,1460.0,0.06,0.008,COMPRESSION,7,320.0,54,28,BULL_BOUNCE_PENDING,LONG,56.3,MARGINAL,CHOP,7.8376,NEUTRAL
2026-08-21,DAVE,6.0,0.25,0.01,COMPRESSION,25,877.0,0.44,0.017,COMPRESSION,44,17.0,26,64,BULL_BOUNCE_PENDING,LONG,52.2,MARGINAL,CHOP,25.9646,RISING
2026-08-21,XOP,,0.1,0.022,COMPRESSION,10,115.0,0.9,0.195,COMPRESSION,90,346.0,37,129,BULL_BOUNCE_PENDING,LONG,60.3,CONVICTION,CHOP,4.6152,RISING
2026-08-21,BLDR,6.0,0.41,0.112,COMPRESSION,42,253.0,2.05,0.558,CONVICTION,205,260.0,29,57,BULL_BOUNCE,LONG,57.4,MARGINAL,CHOP,3.6739,RISING
2026-08-21,CECO,6.0,0.66,0.133,COMPRESSION,66,214.0,0.025,0.005,COMPRESSION,3,277.0,49,16,BULL_BOUNCE_PENDING,LONG,64.6,CONVICTION,CHOP,4.9753,RISING
2026-08-21,REZI,6.0,2.19,0.947,CONVICTION,220,1015.0,1.56,0.675,CONVICTION,157,579.0,31,6,BULL_BOUNCE_PENDING,LONG,74.1,CONVICTION,CHOP,2.3114,RISING
2026-08-21,PNR,6.0,0.42,0.216,COMPRESSION,43,302.0,0.3,0.154,COMPRESSION,30,99.0,53,7,BEAR_REJECTION_PENDING,SHORT,95.0,CONVICTION,CHOP,1.9436,FALLING
2026-08-21,ARES,6.0,1.3,0.231,CONVICTION,130,1024.0,0.86,0.153,COMPRESSION,86,804.0,40,35,BEAR_REJECTION_PENDING,SHORT,55.5,MARGINAL,CHOP,5.6279,NEUTRAL
2026-08-21,APPF,6.0,1.62,0.172,CONVICTION,163,452.0,3.09,0.329,VACUUM,310,39.0,6,75,BULL_BOUNCE_PENDING,LONG,46.1,MARGINAL,CHOP,9.3927,RISING
2026-08-21,BCO,6.0,0.71,0.16,COMPRESSION,71,35.0,0.9,0.203,COMPRESSION,91,709.0,28,66,BEAR_REJECTION_PENDING,SHORT,58.2,MARGINAL,CHOP,4.4282,RISING
2026-08-21,BAM,6.0,0.28,0.161,COMPRESSION,29,447.0,0.45,0.259,COMPRESSION,46,555.0,53,61,BULL_BOUNCE,LONG,61.0,CONVICTION,CHOP,1.7402,RISING
2026-08-21,BCRX,6.0,0.01,0.019,COMPRESSION,1,269.0,0.06,0.115,COMPRESSION,7,932.0,36,15,BULL_BOUNCE_PENDING,LONG,68.6,CONVICTION,CHOP,0.5239,NEUTRAL
2026-08-21,BEPC,6.0,0.08,0.074,COMPRESSION,8,330.0,0.99,0.919,CONVICTION,100,973.0,53,29,BULL_BOUNCE,LONG,64.0,CONVICTION,CHOP,1.077,RISING
2026-08-21,BETA,6.0,0.81,0.427,COMPRESSION,81,597.0,0.44,0.232,COMPRESSION,44,600.0,40,18,BULL_BOUNCE_PENDING,LONG,62.6,CONVICTION,CHOP,1.899,NEUTRAL
2026-08-21,BSY,6.0,0.01,0.006,COMPRESSION,2,454.0,0.02,0.013,COMPRESSION,2,108.0,9,65,BULL_BOUNCE_PENDING,LONG,56.0,MARGINAL,CHOP,1.5466,NEUTRAL
2026-08-21,CACI,6.0,4.53,0.163,CONVICTION,453,101.0,5.8,0.208,CONVICTION,581,1458.0,18,28,BULL_BOUNCE_CONFIRMED,LONG,69.0,CONVICTION,CHOP,27.8275,RISING
2026-08-21,BX,6.0,0.44,0.088,COMPRESSION,44,917.0,0.32,0.064,COMPRESSION,32,947.0,42,59,BEAR_REJECTION_PENDING,SHORT,50.8,MARGINAL,CHOP,4.975,RISING
2026-08-21,CHTR,6.0,2.32,0.308,VACUUM,232,616.0,1.97,0.262,CONVICTION,197,985.0,24,54,BEAR_REJECTION_PENDING,SHORT,40.0,MARGINAL,CHOP,7.5214,RISING
2026-08-21,DPC,6.0,1.31,0.307,CONVICTION,132,959.0,0.96,0.225,COMPRESSION,97,125.0,36,10,BEAR_REJECTION_PENDING,SHORT,56.0,MARGINAL,CHOP,4.2737,FALLING
2026-08-21,DK,6.0,0.54,0.145,COMPRESSION,54,567.0,1.52,0.408,CONVICTION,153,1095.0,41,34,BULL_BOUNCE_PENDING,LONG,60.0,CONVICTION,CHOP,3.7244,RISING
2026-08-21,EIX,6.0,0.19,0.082,COMPRESSION,19,1219.0,1.2,0.519,CONVICTION,121,289.0,16,62,BEAR_REJECTION_PENDING,SHORT,79.0,CONVICTION,CHOP,2.3139,RISING
2026-08-21,EMR,6.0,1.83,0.395,CONVICTION,183,68.0,0.8,0.173,COMPRESSION,81,265.0,49,32,BEAR_REJECTION_PENDING,SHORT,72.9,CONVICTION,CHOP,4.635,NEUTRAL
2026-08-21,DPZ,6.0,0.83,0.077,COMPRESSION,84,257.0,10.79,1.007,CONVICTION,1080,42.0,70,53,BULL_BOUNCE_PENDING,LONG,74.0,CONVICTION,CHOP,10.7103,FALLING
2026-08-21,EXPE,6.0,0.28,0.022,MINOR,28,261.0,8.68,0.675,CONVICTION,869,640.0,19,30,BULL_BOUNCE_PENDING,LONG,68.5,CONVICTION,CHOP,12.852,RISING
2026-08-21,FLUT,6.0,12.96,2.342,CONVICTION,1296,1036.0,0.41,0.074,MINOR,41,14.0,42,29,BULL_BOUNCE_PENDING,LONG,55.0,MARGINAL,CHOP,5.5348,RISING
2026-08-21,FRPT,6.0,0.61,0.174,COMPRESSION,61,1066.0,0.79,0.225,COMPRESSION,79,74.0,33,37,BULL_BOUNCE_PENDING,LONG,62.2,CONVICTION,CHOP,3.5157,RISING
2026-08-21,FORM,6.0,4.77,0.505,CONVICTION,478,1207.0,6.2,0.656,CONVICTION,621,31.0,69,29,BULL_BOUNCE_PENDING,LONG,54.8,MARGINAL,CHOP,9.4519,RISING
2026-08-21,FTAI,6.0,2.39,0.181,CONVICTION,239,576.0,3.85,0.292,CONVICTION,385,1039.0,57,15,BULL_BOUNCE,LONG,72.7,CONVICTION,CHOP,13.19,RISING
2026-08-21,GDS,6.0,1.01,0.635,CONVICTION,101,431.0,0.1963,0.123,MINOR,20,166.0,30,21,BULL_BOUNCE_CONFIRMED,LONG,56.0,MARGINAL,CHOP,1.5911,RISING
2026-08-21,GEO,6.0,0.73,0.516,COMPRESSION,73,237.0,0.11,0.078,COMPRESSION,11,82.0,11,54,BULL_BOUNCE_PENDING,LONG,69.1,CONVICTION,CHOP,1.415,FALLING
2026-08-21,GNRC,6.0,4.56,0.474,CONVICTION,457,1341.0,0.07,0.007,COMPRESSION,7,922.0,53,19,BEAR_REJECTION_PENDING,SHORT,46.0,MARGINAL,CHOP,9.6246,RISING
2026-08-21,HLNE,6.0,1.23,0.273,CONVICTION,124,741.0,1.24,0.275,CONVICTION,125,1337.0,14,71,BEAR_REJECTION_PENDING,SHORT,50.0,MARGINAL,CHOP,4.5075,NEUTRAL
2026-08-21,IBP,6.0,32.0,2.507,CONVICTION,3200,609.0,5.86,0.459,CONVICTION,586,1294.0,16,39,BEAR_REJECTION_PENDING,SHORT,66.0,CONVICTION,CHOP,12.764,NEUTRAL
2026-08-21,KKR,6.0,0.01,0.002,COMPRESSION,2,1299.0,0.8,0.171,COMPRESSION,80,1180.0,64,17,BULL_BOUNCE_PENDING,LONG,67.0,CONVICTION,CHOP,4.6779,FALLING
2026-08-21,LBRDK,6.0,0.27,0.156,COMPRESSION,28,1024.0,0.655,0.378,MINOR,66,1261.0,7,25,BULL_BOUNCE_PENDING,LONG,64.0,CONVICTION,CHOP,1.7313,RISING
2026-08-21,MDGL,6.0,1.66,0.082,CONVICTION,166,1326.0,1.6,0.079,CONVICTION,161,262.0,47,54,BULL_BOUNCE,LONG,65.0,CONVICTION,CHOP,20.2943,RISING
2026-08-21,LTH,6.0,1.298,0.916,VACUUM,130,622.0,0.18,0.127,COMPRESSION,18,534.0,23,74,BEAR_REJECTION_PENDING,SHORT,66.7,CONVICTION,CHOP,1.4176,RISING
2026-08-21,KOPN,6.0,0.28,0.657,COMPRESSION,29,286.0,0.52,1.22,COMPRESSION,52,265.0,26,12,BULL_BOUNCE_PENDING,LONG,59.0,MARGINAL,CHOP,0.4261,NEUTRAL
2026-08-21,MELI,6.0,18.14,0.243,CONVICTION,1814,1458.0,10.865,0.145,CONVICTION,1087,1219.0,16,55,BEAR_REJECTION_PENDING,SHORT,66.0,CONVICTION,CHOP,74.73,FALLING
2026-08-21,NWL,6.0,0.01,0.03,MINOR,1,361.0,0.35,1.056,COMPRESSION,35,329.0,37,23,BEAR_REJECTION_PENDING,SHORT,36.0,MARGINAL,CHOP,0.3314,RISING
2026-08-21,NBIG,6.0,2.83,0.67,CONVICTION,283,594.0,0.19,0.045,COMPRESSION,20,286.0,18,28,BULL_BOUNCE_PENDING,LONG,55.8,MARGINAL,CHOP,4.2266,FALLING
2026-08-21,OLED,6.0,0.24,0.073,COMPRESSION,24,488.0,0.26,0.079,COMPRESSION,27,703.0,50,52,BEAR_REJECTION_PENDING,SHORT,57.7,MARGINAL,CHOP,3.2738,FALLING
2026-08-21,NEBX,6.0,4.15,0.657,CONVICTION,415,581.0,0.27,0.043,COMPRESSION,27,300.0,17,42,BEAR_REJECTION_PENDING,SHORT,90.6,CONVICTION,CHOP,6.3154,FALLING
2026-08-21,PLAG,6.0,0.0064,0.007,MINOR,1,524.0,0.02,0.023,COMPRESSION,3,1364.0,36,11,BULL_BOUNCE_CONFIRMED,LONG,58.0,MARGINAL,CHOP,0.8684,RISING
2026-08-21,PBF,6.0,0.33,0.08,COMPRESSION,33,521.0,0.22,0.053,COMPRESSION,22,654.0,59,58,BULL_BOUNCE_PENDING,LONG,60.0,CONVICTION,CHOP,4.1316,RISING
2026-08-21,RPD,6.0,0.105,0.095,COMPRESSION,11,422.0,0.33,0.3,COMPRESSION,34,1404.0,39,19,BEAR_REJECTION_PENDING,SHORT,56.7,MARGINAL,CHOP,1.1002,NEUTRAL
2026-08-21,PSX,6.0,0.08,0.01,MINOR,9,126.0,0.89,0.116,COMPRESSION,89,189.0,51,68,BULL_BOUNCE_PENDING,LONG,49.0,MARGINAL,CHOP,7.7014,RISING
2026-08-21,RRR,6.0,0.92,0.415,MINOR,93,83.0,0.11,0.05,COMPRESSION,11,473.0,36,52,BEAR_REJECTION_PENDING,SHORT,57.8,MARGINAL,CHOP,2.2186,NEUTRAL
2026-08-21,SION,6.0,0.0601,0.011,MINOR,7,54.0,0.0097,0.002,MINOR,1,907.0,26,20,BEAR_REJECTION_PENDING,SHORT,53.1,MARGINAL,CHOP,5.3359,RISING
2026-08-21,SEZL,6.0,4.18,0.312,CONVICTION,419,51.0,2.71,0.202,CONVICTION,272,1013.0,46,40,BEAR_REJECTION_PENDING,SHORT,84.4,CONVICTION,CHOP,13.4103,FALLING
2026-08-21,SKUU,6.0,3.67,1.286,CONVICTION,367,1489.0,1.56,0.546,CONVICTION,156,583.0,25,49,BEAR_REJECTION_PENDING,SHORT,78.1,CONVICTION,CHOP,2.8548,RISING
2026-08-21,SNK,6.0,0.72,0.164,COMPRESSION,72,568.0,0.59,0.134,COMPRESSION,59,302.0,45,36,BULL_BOUNCE_PENDING,LONG,75.6,CONVICTION,CHOP,4.3932,RISING
2026-08-21,SRPT,6.0,14.92,15.782,CONVICTION,1492,1056.0,0.57,0.603,COMPRESSION,57,254.0,13,69,BULL_BOUNCE_PENDING,LONG,64.8,CONVICTION,CHOP,0.9454,RISING
2026-08-21,SPCG,6.0,0.54,0.119,COMPRESSION,55,457.0,0.64,0.142,COMPRESSION,65,351.0,67,53,BULL_BOUNCE_PENDING,LONG,75.7,CONVICTION,CHOP,4.5204,RISING
2026-08-21,SSPC,6.0,0.49,0.182,COMPRESSION,50,557.0,0.37,0.137,COMPRESSION,38,317.0,41,21,BULL_BOUNCE_PENDING,LONG,66.4,CONVICTION,CHOP,2.6993,RISING
2026-08-21,STEP,6.0,0.65,0.238,MINOR,65,125.0,0.71,0.26,COMPRESSION,72,874.0,50,48,BULL_BOUNCE,LONG,73.1,CONVICTION,CHOP,2.7257,RISING
2026-08-21,THO,6.0,1.76,0.673,CONVICTION,176,737.0,0.8,0.306,COMPRESSION,80,298.0,24,42,BEAR_REJECTION_PENDING,SHORT,75.8,CONVICTION,CHOP,2.6137,FALLING
2026-08-21,STIM,6.0,0.01,0.029,MINOR,2,241.0,0.395,1.156,COMPRESSION,40,1051.0,23,11,BULL_BOUNCE_PENDING,LONG,60.0,CONVICTION,CHOP,0.3416,RISING
2026-08-21,SW,6.0,2.54,1.713,CONVICTION,254,15.0,0.42,0.283,COMPRESSION,43,720.0,47,43,BEAR_REJECTION_PENDING,SHORT,85.0,CONVICTION,CHOP,1.4829,FALLING
2026-08-21,TLN,6.0,0.72,0.039,COMPRESSION,73,84.0,44.25,2.394,CONVICTION,4425,240.0,36,27,BULL_BOUNCE_PENDING,LONG,74.0,CONVICTION,CHOP,18.4803,NEUTRAL
2026-08-21,UGI,6.0,0.09,0.081,COMPRESSION,10,137.0,0.23,0.207,COMPRESSION,23,649.0,25,37,BULL_BOUNCE_PENDING,LONG,66.9,CONVICTION,CHOP,1.1118,RISING
2026-08-21,TPL,6.0,13.52,0.667,CONVICTION,1352,528.0,0.99,0.049,COMPRESSION,99,583.0,50,30,BULL_BOUNCE_PENDING,LONG,85.7,CONVICTION,CHOP,20.2777,RISING
2026-08-21,UPWK,6.0,1.395,2.739,CONVICTION,140,376.0,0.09,0.177,MINOR,9,24.0,25,18,BEAR_REJECTION_PENDING,SHORT,50.0,MARGINAL,CHOP,0.5094,RISING
2026-08-21,WK,6.0,1.1,0.319,CONVICTION,110,1224.0,0.5,0.145,COMPRESSION,50,905.0,20,41,BEAR_REJECTION_PENDING,SHORT,60.0,CONVICTION,CHOP,3.4432,NEUTRAL
2026-08-21,VSEC,6.0,3.95,0.307,CONVICTION,395,558.0,4.94,0.383,CONVICTION,494,115.0,81,67,BULL_BOUNCE_PENDING,LONG,70.5,CONVICTION,CHOP,12.8865,RISING
2026-08-21,WHR,6.0,0.37,0.155,COMPRESSION,37,131.0,0.7,0.292,COMPRESSION,71,489.0,25,32,BEAR_REJECTION_PENDING,SHORT,67.3,CONVICTION,CHOP,2.3943,FALLING
2026-08-21,Z,6.0,0.245,0.115,COMPRESSION,25,451.0,0.69,0.323,COMPRESSION,69,151.0,23,69,BULL_BOUNCE,LONG,69.7,CONVICTION,CHOP,2.1343,RISING
2026-08-21,AGIO,6.0,0.48,0.354,COMPRESSION,48,279.0,0.07,0.052,COMPRESSION,8,21.0,40,22,BULL_BOUNCE_PENDING,LONG,78.7,CONVICTION,CHOP,1.3575,RISING
2026-08-21,ZLAB,6.0,0.01,0.007,COMPRESSION,1,869.0,0.25,0.177,COMPRESSION,25,77.0,21,33,BULL_BOUNCE_PENDING,LONG,58.7,MARGINAL,CHOP,1.4126,FALLING
2026-08-21,AMRX,6.0,0.02,0.029,COMPRESSION,2,61.0,0.15,0.215,COMPRESSION,16,1358.0,39,28,BULL_BOUNCE_PENDING,LONG,63.1,CONVICTION,CHOP,0.6975,NEUTRAL
2026-08-21,ARCB,6.0,0.24,0.038,COMPRESSION,25,1337.0,0.58,0.092,COMPRESSION,59,790.0,83,16,BULL_BOUNCE_PENDING,LONG,55.9,MARGINAL,CHOP,6.3114,NEUTRAL
2026-08-21,BOXL,6.0,0.06,0.044,MINOR,7,749.0,0.0307,0.022,COMPRESSION,4,1217.0,21,13,BULL_BOUNCE,LONG,51.0,MARGINAL,CHOP,1.3742,RISING
2026-08-21,BDX,6.0,12.25,2.641,CONVICTION,1225,359.0,2.13,0.459,CONVICTION,213,1095.0,20,75,BEAR_REJECTION_PENDING,SHORT,74.0,CONVICTION,CHOP,4.6379,RISING
2026-08-21,BORR,6.0,0.03,0.125,MINOR,4,1154.0,0.26,1.082,COMPRESSION,26,271.0,30,34,BULL_BOUNCE_PENDING,LONG,48.7,MARGINAL,CHOP,0.2404,RISING
2026-08-21,BRUN,6.0,1.09,0.46,CONVICTION,109,901.0,0.62,0.262,COMPRESSION,62,1457.0,19,19,BEAR_REJECTION_PENDING,SHORT,50.0,MARGINAL,CHOP,2.3675,RISING
2026-08-21,CBOE,6.0,5.02,0.502,CONVICTION,502,948.0,1.65,0.165,VACUUM,165,605.0,40,29,BULL_BOUNCE_CONFIRMED,LONG,73.0,CONVICTION,CHOP,10.0007,RISING
2026-08-21,CELC,6.0,27.96,5.888,CONVICTION,2796,489.0,0.31,0.065,MINOR,32,861.0,42,20,BULL_BOUNCE_PENDING,LONG,37.0,MARGINAL,CHOP,4.749,RISING
2026-08-21,BW,6.0,0.06,0.059,COMPRESSION,6,585.0,0.0954,0.094,MINOR,10,164.0,38,16,BULL_BOUNCE_CONFIRMED,LONG,64.0,CONVICTION,CHOP,1.0201,RISING
2026-08-21,CLBK,6.0,0.03,0.113,MINOR,3,8.0,0.1,0.378,COMPRESSION,10,762.0,7,37,BEAR_REJECTION_PENDING,SHORT,43.9,MARGINAL,CHOP,0.2645,RISING
2026-08-21,CIEN,6.0,16.795,0.541,CONVICTION,1680,727.0,9.63,0.31,CONVICTION,963,858.0,33,25,BULL_BOUNCE,LONG,61.0,CONVICTION,CHOP,31.0289,RISING
2026-08-21,CLS,6.0,7.21,0.305,CONVICTION,721,661.0,0.8,0.034,COMPRESSION,80,932.0,26,34,BEAR_REJECTION_PENDING,SHORT,60.4,CONVICTION,CHOP,23.6461,RISING
2026-08-21,CNC,6.0,1.6387,0.659,VACUUM,164,411.0,0.49,0.197,COMPRESSION,50,1224.0,29,15,BEAR_REJECTION_PENDING,SHORT,64.5,CONVICTION,CHOP,2.4881,NEUTRAL
2026-08-21,CMPS,6.0,0.0086,0.011,MINOR,1,505.0,0.0099,0.013,MINOR,1,598.0,29,39,BULL_BOUNCE,LONG,55.0,MARGINAL,CHOP,0.7534,NEUTRAL
2026-08-21,COKE,6.0,3.17,0.41,CONVICTION,318,1038.0,0.35,0.045,COMPRESSION,35,1198.0,36,54,BEAR_REJECTION_PENDING,SHORT,54.8,MARGINAL,CHOP,7.7411,FALLING
2026-08-21,DRI,6.0,1.5,0.26,CONVICTION,150,45.0,0.81,0.141,COMPRESSION,82,155.0,38,65,BEAR_REJECTION_PENDING,SHORT,73.5,CONVICTION,CHOP,5.7609,RISING
2026-08-21,ECHO,6.0,0.395,0.098,COMPRESSION,40,149.0,0.02,0.005,COMPRESSION,3,37.0,57,11,BEAR_REJECTION_PENDING,SHORT,63.4,CONVICTION,CHOP,4.0292,RISING
2026-08-21,DHT,6.0,0.06,0.084,COMPRESSION,6,539.0,0.25,0.349,COMPRESSION,25,146.0,7,66,BULL_BOUNCE_PENDING,LONG,48.2,MARGINAL,CHOP,0.7172,RISING
2026-08-21,EAT,6.0,5.5062,0.496,VACUUM,551,661.0,3.56,0.321,CONVICTION,357,186.0,34,50,BEAR_REJECTION_PENDING,SHORT,73.1,CONVICTION,CHOP,11.1032,FALLING
2026-08-21,ELV,6.0,39.65,4.025,CONVICTION,3965,1213.0,2.46,0.25,CONVICTION,246,784.0,11,14,BULL_BOUNCE_PENDING,LONG,77.2,CONVICTION,CHOP,9.852,NEUTRAL
2026-08-21,EQPT,6.0,0.14,0.103,COMPRESSION,15,1079.0,0.03,0.022,COMPRESSION,4,507.0,33,9,BULL_BOUNCE_CONFIRMED,LONG,56.0,MARGINAL,CHOP,1.3584,RISING
2026-08-21,EROC,6.0,0.22,0.142,COMPRESSION,22,656.0,1.87,1.205,CONVICTION,187,113.0,34,17,BEAR_REJECTION_PENDING,SHORT,60.3,CONVICTION,CHOP,1.5518,RISING
2026-08-21,EXPD,6.0,0.11,0.021,MINOR,12,81.0,0.53,0.102,COMPRESSION,54,75.0,37,88,BULL_BOUNCE,LONG,67.6,CONVICTION,CHOP,5.1831,NEUTRAL
2026-08-21,FIGR,6.0,0.13,0.055,COMPRESSION,13,540.0,0.73,0.308,COMPRESSION,73,1184.0,7,45,BULL_BOUNCE_PENDING,LONG,41.0,MARGINAL,CHOP,2.3682,RISING
2026-08-21,GDDY,6.0,0.69,0.16,COMPRESSION,70,1493.0,0.43,0.1,COMPRESSION,44,605.0,29,87,BEAR_REJECTION_PENDING,SHORT,60.0,CONVICTION,CHOP,4.3169,RISING
2026-08-21,FRO,6.0,0.64,0.426,COMPRESSION,65,99.0,0.75,0.499,COMPRESSION,75,327.0,28,103,BULL_BOUNCE_PENDING,LONG,55.1,MARGINAL,CHOP,1.5039,RISING
2026-08-21,GPN,6.0,0.57,0.174,COMPRESSION,57,483.0,1.67,0.51,CONVICTION,168,728.0,30,77,BEAR_REJECTION_PENDING,SHORT,76.2,CONVICTION,CHOP,3.2724,NEUTRAL
2026-08-21,HUBG,6.0,1.91,0.786,CONVICTION,192,1387.0,0.34,0.14,COMPRESSION,34,1017.0,35,22,BEAR_REJECTION_PENDING,SHORT,64.9,CONVICTION,CHOP,2.4307,RISING
2026-08-21,HAE,6.0,1.8646,0.448,VACUUM,187,78.0,0.55,0.132,COMPRESSION,55,31.0,24,62,BEAR_REJECTION_PENDING,SHORT,69.0,CONVICTION,CHOP,4.1598,RISING
2026-08-21,IOND,6.0,0.02,0.004,COMPRESSION,2,182.0,0.79,0.144,COMPRESSION,80,362.0,2,29,BEAR_REJECTION_PENDING,SHORT,45.8,MARGINAL,CHOP,5.4763,
2026-08-21,IMVT,6.0,0.1,0.063,MINOR,11,88.0,0.03,0.019,MINOR,4,536.0,8,49,BULL_BOUNCE_PENDING,LONG,60.0,CONVICTION,CHOP,1.5875,NEUTRAL
2026-08-21,INSW,6.0,0.21,0.058,MINOR,21,15.0,0.8,0.222,COMPRESSION,80,151.0,15,79,BULL_BOUNCE,LONG,70.9,CONVICTION,CHOP,3.5981,RISING
2026-08-21,JMKE,6.0,0.24,0.181,MINOR,24,27.0,0.36,0.272,COMPRESSION,36,208.0,11,17,BULL_BOUNCE_PENDING,LONG,47.0,MARGINAL,CHOP,1.3231,
2026-08-21,IRTC,6.0,0.21,0.03,COMPRESSION,22,461.0,0.13,0.019,COMPRESSION,13,1336.0,9,69,BEAR_REJECTION_PENDING,SHORT,56.0,MARGINAL,CHOP,6.9625,FALLING
2026-08-21,JBHT,6.0,0.6,0.076,COMPRESSION,61,482.0,0.21,0.027,COMPRESSION,21,488.0,51,54,BULL_BOUNCE,LONG,67.0,CONVICTION,CHOP,7.8967,RISING
2026-08-21,KNX,6.0,0.25,0.116,COMPRESSION,25,975.0,0.63,0.293,COMPRESSION,63,1298.0,24,23,BULL_BOUNCE_PENDING,LONG,56.6,MARGINAL,CHOP,2.1485,RISING
2026-08-21,KTB,6.0,2.13,0.602,CONVICTION,213,142.0,0.83,0.235,COMPRESSION,83,906.0,54,54,BULL_BOUNCE_PENDING,LONG,75.5,CONVICTION,CHOP,3.5361,RISING
2026-08-21,KSPI,6.0,0.38,0.107,COMPRESSION,39,609.0,0.48,0.135,COMPRESSION,49,371.0,10,89,BEAR_REJECTION_PENDING,SHORT,48.3,MARGINAL,CHOP,3.5592,RISING
2026-08-21,LASR,6.0,0.1,0.017,COMPRESSION,11,1055.0,0.005,0.001,MINOR,1,79.0,21,11,BULL_BOUNCE,LONG,65.0,CONVICTION,CHOP,5.8018,RISING
2026-08-21,KYMR,6.0,0.22,0.048,MINOR,22,2.0,0.6,0.13,COMPRESSION,60,910.0,51,43,BULL_BOUNCE_PENDING,LONG,61.1,CONVICTION,CHOP,4.6168,RISING
2026-08-21,LIVN,6.0,3.07,0.968,CONVICTION,308,214.0,0.07,0.022,COMPRESSION,7,212.0,87,21,BULL_BOUNCE_PENDING,LONG,62.2,CONVICTION,CHOP,3.17,RISING
2026-08-21,LSTR,6.0,0.28,0.048,COMPRESSION,29,964.0,0.24,0.041,COMPRESSION,24,1407.0,97,29,BEAR_REJECTION_PENDING,SHORT,76.0,CONVICTION,CHOP,5.8639,RISING
2026-08-21,MATX,,1.2,0.162,CONVICTION,120,13.0,0.62,0.084,COMPRESSION,63,1330.0,35,51,BEAR_REJECTION_PENDING,SHORT,72.7,CONVICTION,CHOP,7.4251,RISING
2026-08-21,MIAX,6.0,0.71,0.353,COMPRESSION,71,538.0,0.32,0.159,COMPRESSION,33,741.0,40,27,BEAR_REJECTION_PENDING,SHORT,62.7,CONVICTION,CHOP,2.0096,FALLING
2026-08-21,MOH,6.0,1.04,0.149,CONVICTION,104,164.0,4.6,0.661,CONVICTION,460,380.0,79,20,BEAR_REJECTION_PENDING,SHORT,72.4,CONVICTION,CHOP,6.96,RISING
2026-08-21,MSGE,6.0,0.97,0.284,COMPRESSION,98,211.0,0.38,0.111,COMPRESSION,38,1388.0,104,25,BULL_BOUNCE_PENDING,LONG,60.4,CONVICTION,CHOP,3.4097,NEUTRAL
2026-08-21,MSGS,6.0,2.85,0.221,CONVICTION,285,38.0,10.06,0.781,CONVICTION,1007,834.0,68,32,BEAR_REJECTION_PENDING,SHORT,82.6,CONVICTION,CHOP,12.8864,FALLING
2026-08-21,NVDU,6.0,5.88,0.765,VACUUM,588,329.0,5.695,0.741,CONVICTION,570,444.0,61,73,BULL_BOUNCE_PENDING,LONG,76.1,CONVICTION,CHOP,7.6897,FALLING
2026-08-21,OCTV,6.0,0.41,0.441,COMPRESSION,42,249.0,0.4,0.43,COMPRESSION,40,737.0,59,52,BEAR_REJECTION_PENDING,SHORT,56.0,MARGINAL,CHOP,0.93,FALLING
2026-08-21,POST,6.0,0.32,0.093,COMPRESSION,32,1.0,0.035,0.01,MINOR,4,120.0,42,13,BEAR_REJECTION_PENDING,SHORT,53.4,MARGINAL,CHOP,3.4366,RISING
2026-08-21,PCTY,6.0,0.3,0.05,COMPRESSION,31,656.0,4.735,0.789,CONVICTION,474,639.0,17,71,BEAR_REJECTION_PENDING,SHORT,67.7,CONVICTION,CHOP,5.998,NEUTRAL
2026-08-21,PRAX,6.0,1.11,0.051,VACUUM,112,426.0,31.24,1.434,CONVICTION,3125,390.0,37,39,BULL_BOUNCE_PENDING,LONG,46.0,MARGINAL,CHOP,21.7888,RISING
2026-08-21,QNT,6.0,0.14,0.024,COMPRESSION,15,1261.0,0.21,0.037,COMPRESSION,22,53.0,31,39,BEAR_REJECTION_PENDING,SHORT,57.0,MARGINAL,CHOP,5.7348,FALLING
2026-08-21,RYAN,6.0,0.69,0.44,COMPRESSION,69,158.0,0.16,0.102,COMPRESSION,17,687.0,29,30,BEAR_REJECTION_PENDING,SHORT,75.7,CONVICTION,CHOP,1.569,FALLING
2026-08-21,RUM,6.0,0.025,0.046,COMPRESSION,3,785.0,0.03,0.056,COMPRESSION,4,333.0,3,35,BEAR_REJECTION_PENDING,SHORT,48.8,MARGINAL,CHOP,0.5387,FALLING
2026-08-21,RYTM,6.0,0.08,0.016,COMPRESSION,8,595.0,1.01,0.199,CONVICTION,101,1021.0,60,18,BULL_BOUNCE_PENDING,LONG,71.1,CONVICTION,CHOP,5.085,NEUTRAL
2026-08-21,SFM,6.0,0.61,0.198,COMPRESSION,61,448.0,0.38,0.124,COMPRESSION,38,397.0,64,25,BEAR_REJECTION_PENDING,SHORT,80.3,CONVICTION,CHOP,3.0752,FALLING
2026-08-21,SMCIP,6.0,1.25,0.346,CONVICTION,125,248.0,1.64,0.454,CONVICTION,165,945.0,66,67,BEAR_REJECTION_PENDING,SHORT,50.0,MARGINAL,CHOP,3.6107,RISING
2026-08-21,SIMO,6.0,8.78,0.436,CONVICTION,878,422.0,1.59,0.079,CONVICTION,160,813.0,36,56,BEAR_REJECTION_PENDING,SHORT,60.0,CONVICTION,CHOP,20.1432,NEUTRAL
2026-08-21,THC,6.0,0.06,0.007,MINOR,7,22.0,2.65,0.323,CONVICTION,266,535.0,16,47,BULL_BOUNCE_PENDING,LONG,68.0,CONVICTION,CHOP,8.1918,NEUTRAL
2026-08-21,SPSC,6.0,21.65,6.912,CONVICTION,2166,354.0,0.25,0.08,COMPRESSION,25,149.0,23,89,BEAR_REJECTION_PENDING,SHORT,75.0,CONVICTION,CHOP,3.1324,RISING
2026-08-21,UHS,6.0,0.035,0.006,COMPRESSION,4,1114.0,1.25,0.23,CONVICTION,125,918.0,33,42,BULL_BOUNCE,LONG,72.9,CONVICTION,CHOP,5.4319,RISING
2026-08-21,SMCL,6.0,0.03,0.014,COMPRESSION,4,1490.0,2.19,1.025,CONVICTION,219,806.0,25,60,BEAR_REJECTION_PENDING,SHORT,50.0,MARGINAL,CHOP,2.1364,RISING
2026-08-21,TSLQ,6.0,0.29,0.183,MINOR,29,695.0,0.89,0.561,COMPRESSION,89,870.0,50,17,BULL_BOUNCE_PENDING,LONG,70.1,CONVICTION,CHOP,1.5863,FALLING
2026-08-21,YUM,6.0,3.2492,0.734,VACUUM,325,635.0,0.59,0.133,COMPRESSION,60,1497.0,6,52,BULL_BOUNCE_PENDING,LONG,79.6,CONVICTION,CHOP,4.4269,RISING
2026-08-21,CHRW,6.0,1.02,0.214,CONVICTION,102,608.0,0.42,0.088,COMPRESSION,43,1433.0,46,5,BEAR_REJECTION_PENDING,SHORT,74.4,CONVICTION,CHOP,4.7588,FALLING
2026-08-21,VEEV,6.0,0.175,0.02,COMPRESSION,18,1223.0,1.75,0.195,CONVICTION,175,311.0,12,77,BEAR_REJECTION_PENDING,SHORT,40.0,MARGINAL,CHOP,8.9639,RISING
2026-08-21,VIAV,6.0,1.35,0.41,CONVICTION,136,1043.0,1.9,0.577,CONVICTION,191,576.0,27,31,BULL_BOUNCE_CONFIRMED,LONG,64.0,CONVICTION,CHOP,3.2942,RISING
2026-08-21,AAP,6.0,9.33,2.653,CONVICTION,933,990.0,0.19,0.054,MINOR,19,82.0,20,16,BEAR_REJECTION_PENDING,SHORT,82.6,CONVICTION,CHOP,3.5165,FALLING
2026-08-21,AFRM,6.0,0.63,0.168,COMPRESSION,63,947.0,2.83,0.757,CONVICTION,283,877.0,26,39,BEAR_REJECTION_PENDING,SHORT,40.0,MARGINAL,CHOP,3.74,NEUTRAL
2026-08-21,BL,6.0,0.13,0.074,COMPRESSION,14,1328.0,0.11,0.063,COMPRESSION,11,119.0,5,50,BEAR_REJECTION_PENDING,SHORT,46.0,MARGINAL,CHOP,1.7459,RISING
2026-08-21,ARM,6.0,14.43,0.732,CONVICTION,1444,166.0,0.24,0.012,COMPRESSION,24,89.0,27,43,BULL_BOUNCE_CONFIRMED,LONG,56.0,MARGINAL,CHOP,19.7197,NEUTRAL
2026-08-21,CDW,6.0,6.63,0.862,CONVICTION,663,491.0,2.525,0.328,VACUUM,253,781.0,47,4,BEAR_REJECTION_PENDING,SHORT,70.0,CONVICTION,CHOP,7.6876,NEUTRAL
2026-08-21,CG,6.0,0.11,0.054,MINOR,11,570.0,0.61,0.302,COMPRESSION,61,93.0,54,26,BULL_BOUNCE_PENDING,LONG,62.0,CONVICTION,CHOP,2.0221,FALLING
2026-08-21,BLSH,6.0,1.09,0.619,CONVICTION,109,1311.0,1.52,0.863,CONVICTION,152,488.0,14,45,BEAR_REJECTION_PENDING,SHORT,59.0,MARGINAL,CHOP,1.7622,RISING
2026-08-21,CLBT,6.0,0.34,0.323,MINOR,34,1149.0,0.005,0.005,COMPRESSION,1,1052.0,18,15,BULL_BOUNCE,LONG,45.0,MARGINAL,CHOP,1.0536,FALLING
2026-08-21,CURI,6.0,0.25,0.809,COMPRESSION,25,1301.0,0.043,0.139,MINOR,5,1120.0,13,21,BULL_BOUNCE,LONG,47.0,MARGINAL,CHOP,0.3091,RISING
2026-08-21,COHU,6.0,1.17,0.278,CONVICTION,118,1428.0,1.11,0.264,CONVICTION,111,193.0,36,18,BULL_BOUNCE_CONFIRMED,LONG,61.7,CONVICTION,CHOP,4.2035,RISING
2026-08-21,DBX,6.0,0.342,0.254,MINOR,35,67.0,0.49,0.365,COMPRESSION,49,308.0,18,8,BULL_BOUNCE_PENDING,LONG,54.7,MARGINAL,CHOP,1.3439,NEUTRAL
2026-08-21,DOCS,6.0,1.09,0.4,CONVICTION,109,162.0,0.42,0.154,MINOR,43,367.0,14,14,BULL_BOUNCE_PENDING,LONG,60.3,CONVICTION,CHOP,2.7225,NEUTRAL
2026-08-21,FDXF,6.0,1.29,0.224,CONVICTION,129,820.0,0.065,0.011,MINOR,7,136.0,69,15,BEAR_REJECTION_PENDING,SHORT,63.7,CONVICTION,CHOP,5.7589,FALLING
2026-08-21,DINO,6.0,0.055,0.015,MINOR,6,111.0,1.43,0.394,CONVICTION,144,1394.0,55,77,BULL_BOUNCE_PENDING,LONG,72.3,CONVICTION,CHOP,3.6313,RISING
2026-08-21,DRAM,6.0,1.32,0.382,CONVICTION,133,767.0,0.26,0.075,COMPRESSION,26,166.0,18,40,BULL_BOUNCE_PENDING,LONG,66.4,CONVICTION,CHOP,3.4578,RISING
2026-08-21,FISV,6.0,0.38,0.161,COMPRESSION,39,553.0,0.58,0.246,COMPRESSION,58,225.0,42,10,BULL_BOUNCE_PENDING,LONG,72.0,CONVICTION,CHOP,2.3536,FALLING
2026-08-21,FICO,6.0,198.49,3.832,CONVICTION,19849,9.0,1.73,0.033,CONVICTION,174,535.0,35,81,BEAR_REJECTION_PENDING,SHORT,89.0,CONVICTION,CHOP,51.7918,RISING
2026-08-21,HLI,6.0,10.74,2.189,CONVICTION,1075,22.0,0.72,0.147,COMPRESSION,72,26.0,54,33,BEAR_REJECTION_PENDING,SHORT,65.0,CONVICTION,CHOP,4.9057,RISING
2026-08-21,HOG,6.0,0.24,0.251,MINOR,25,25.0,0.8,0.838,COMPRESSION,81,618.0,7,56,BEAR_REJECTION_PENDING,SHORT,45.6,MARGINAL,CHOP,0.9549,RISING
2026-08-21,KLAR,6.0,0.12,0.102,COMPRESSION,13,325.0,0.09,0.076,COMPRESSION,9,1117.0,46,18,BULL_BOUNCE_PENDING,LONG,70.5,CONVICTION,CHOP,1.1778,FALLING
2026-08-21,LRN,6.0,66.54,20.434,CONVICTION,6655,113.0,0.51,0.157,COMPRESSION,52,24.0,27,59,BULL_BOUNCE,LONG,68.1,CONVICTION,CHOP,3.2564,RISING
2026-08-21,INDI,6.0,0.17,0.395,COMPRESSION,17,927.0,0.61,1.416,COMPRESSION,61,146.0,22,18,BEAR_REJECTION_PENDING,SHORT,40.0,MARGINAL,CHOP,0.4309,RISING
2026-08-21,MC,6.0,0.65,0.248,COMPRESSION,66,807.0,2.75,1.048,CONVICTION,275,981.0,53,28,BEAR_REJECTION_PENDING,SHORT,59.4,MARGINAL,CHOP,2.6247,NEUTRAL
2026-08-21,LABD,6.0,0.72,1.151,COMPRESSION,72,93.0,0.02,0.032,MINOR,2,561.0,47,23,BEAR_REJECTION_PENDING,SHORT,58.9,MARGINAL,CHOP,0.6257,FALLING
2026-08-21,METU,6.0,0.82,0.61,COMPRESSION,83,295.0,0.01,0.007,MINOR,2,333.0,34,29,BEAR_REJECTION_PENDING,SHORT,63.7,CONVICTION,CHOP,1.3443,FALLING
2026-08-21,MORN,6.0,0.87,0.121,COMPRESSION,88,349.0,1.99,0.277,CONVICTION,199,403.0,7,148,BEAR_REJECTION_PENDING,SHORT,49.8,MARGINAL,CHOP,7.1754,RISING
2026-08-21,NCNO,6.0,0.22,0.287,COMPRESSION,22,1302.0,0.57,0.743,COMPRESSION,58,653.0,31,43,BULL_BOUNCE,LONG,55.0,MARGINAL,CHOP,0.7668,NEUTRAL
2026-08-21,NNE,6.0,0.72,0.571,COMPRESSION,72,316.0,0.01,0.008,MINOR,2,203.0,43,46,BEAR_REJECTION_PENDING,SHORT,61.1,CONVICTION,CHOP,1.2611,FALLING
2026-08-21,NTNX,6.0,0.24,0.11,COMPRESSION,24,979.0,1.08,0.496,CONVICTION,109,1099.0,4,83,BEAR_REJECTION_PENDING,SHORT,54.9,MARGINAL,CHOP,2.176,NEUTRAL
2026-08-21,ORCU,6.0,0.08,0.109,COMPRESSION,9,776.0,0.21,0.286,COMPRESSION,21,1312.0,32,36,BEAR_REJECTION_PENDING,SHORT,61.0,CONVICTION,CHOP,0.7339,RISING
2026-08-21,ORCX,6.0,0.215,0.105,COMPRESSION,22,803.0,0.6,0.292,COMPRESSION,61,1279.0,37,42,BEAR_REJECTION_PENDING,SHORT,52.9,MARGINAL,CHOP,2.052,RISING
2026-08-21,PAYC,6.0,0.5,0.046,COMPRESSION,50,393.0,34.24,3.169,CONVICTION,3424,392.0,10,69,BEAR_REJECTION_PENDING,SHORT,54.7,MARGINAL,CHOP,10.8031,NEUTRAL
2026-08-21,PCOR,6.0,1.94,0.713,CONVICTION,194,529.0,0.16,0.059,COMPRESSION,16,626.0,6,49,BEAR_REJECTION_PENDING,SHORT,80.8,CONVICTION,CHOP,2.7202,NEUTRAL
2026-08-21,PLGO,6.0,0.2,0.229,COMPRESSION,21,393.0,0.52,0.596,COMPRESSION,52,1306.0,54,43,BEAR_REJECTION_PENDING,SHORT,66.7,CONVICTION,CHOP,0.8729,FALLING
2026-08-21,PEGA,6.0,0.4,0.301,COMPRESSION,40,208.0,0.75,0.565,COMPRESSION,75,687.0,44,43,BULL_BOUNCE_PENDING,LONG,52.6,MARGINAL,CHOP,1.3277,RISING
2026-08-21,QTWO,6.0,0.31,0.118,COMPRESSION,32,711.0,0.67,0.255,COMPRESSION,68,357.0,37,44,BEAR_REJECTION_PENDING,SHORT,52.0,MARGINAL,CHOP,2.6248,FALLING
2026-08-21,QURE,6.0,,,,,,0.04,0.019,COMPRESSION,4,1202.0,0,36,BULL_BOUNCE_PENDING,LONG,56.0,MARGINAL,CHOP,2.0559,NEUTRAL
2026-08-21,RAM,6.0,3.2,2.134,CONVICTION,320,955.0,1.495,0.997,CONVICTION,150,1099.0,21,23,BEAR_REJECTION_PENDING,SHORT,67.4,CONVICTION,CHOP,1.4992,RISING
2026-08-21,RBLX,6.0,0.02,0.01,MINOR,2,179.0,0.005,0.003,MINOR,1,601.0,14,30,DCB_BREAKOUT,LONG,30.9,MARGINAL,CHOP,1.9132,RISING
2026-08-21,RNG,6.0,,,,,,1.0,0.34,CONVICTION,100,1444.0,0,30,BULL_BOUNCE_PENDING,LONG,56.0,MARGINAL,CHOP,2.9369,NEUTRAL
2026-08-21,SKHY,6.0,4.46,0.425,VACUUM,447,24.0,9.05,0.863,CONVICTION,905,950.0,15,47,BULL_BOUNCE_CONFIRMED,LONG,73.1,CONVICTION,CHOP,10.4837,RISING
2026-08-21,TBBB,6.0,0.03,0.014,MINOR,4,23.0,3.45,1.57,CONVICTION,346,787.0,2,32,BULL_BOUNCE_PENDING,LONG,55.7,MARGINAL,CHOP,2.1972,RISING
2026-08-21,SNDK,6.0,35.82,0.249,CONVICTION,3583,1190.0,0.5709,0.004,MINOR,58,776.0,24,26,BEAR_REJECTION_PENDING,SHORT,60.0,CONVICTION,CHOP,143.6793,RISING
2026-08-21,TPG,6.0,0.37,0.156,COMPRESSION,37,1352.0,0.565,0.238,COMPRESSION,57,1424.0,67,38,BEAR_REJECTION_PENDING,SHORT,78.3,CONVICTION,CHOP,2.3779,NEUTRAL
2026-08-21,TENB,6.0,0.25,0.125,COMPRESSION,25,457.0,0.53,0.265,COMPRESSION,54,896.0,40,9,BEAR_REJECTION_PENDING,SHORT,58.7,MARGINAL,CHOP,1.9973,NEUTRAL
2026-08-21,TSLG,6.0,0.01,0.037,MINOR,2,200.0,0.04,0.149,COMPRESSION,5,554.0,15,49,BEAR_REJECTION_PENDING,SHORT,40.0,MARGINAL,CHOP,0.2689,NEUTRAL
2026-08-21,VCX,6.0,0.09,0.018,COMPRESSION,9,196.0,1.23,0.248,CONVICTION,123,61.0,19,36,BEAR_REJECTION_PENDING,SHORT,52.3,MARGINAL,CHOP,4.9524,RISING
2026-08-21,WDCX,6.0,2.81,0.765,CONVICTION,282,1005.0,1.02,0.278,CONVICTION,102,581.0,10,45,BULL_BOUNCE_CONFIRMED,LONG,56.4,MARGINAL,CHOP,3.6711,RISING
2026-08-21,VLO,6.0,1.87,0.166,VACUUM,188,27.0,5.85,0.518,CONVICTION,586,1092.0,32,69,BULL_BOUNCE_PENDING,LONG,62.7,CONVICTION,CHOP,11.2841,RISING
2026-08-21,WMS,6.0,1.87,0.328,CONVICTION,188,63.0,3.91,0.685,CONVICTION,392,251.0,77,33,BEAR_REJECTION_PENDING,SHORT,83.5,CONVICTION,CHOP,5.7082,RISING
2026-08-21,WU,6.0,0.05,0.182,COMPRESSION,5,82.0,0.06,0.219,COMPRESSION,7,995.0,35,31,BULL_BOUNCE_PENDING,LONG,49.3,MARGINAL,CHOP,0.2743,RISING
2026-08-21,AGCO,6.0,6.17,1.853,CONVICTION,618,575.0,1.36,0.408,CONVICTION,136,779.0,26,21,BEAR_REJECTION_PENDING,SHORT,85.0,CONVICTION,CHOP,3.3296,RISING
2026-08-21,XYZ,6.0,1.24,0.47,CONVICTION,125,96.0,2.57,0.973,CONVICTION,258,1083.0,22,53,BEAR_REJECTION_PENDING,SHORT,55.1,MARGINAL,CHOP,2.6404,FALLING
2026-08-21,YSS,6.0,0.57,0.407,COMPRESSION,58,1249.0,0.015,0.011,COMPRESSION,2,119.0,27,19,BEAR_REJECTION_PENDING,SHORT,58.1,MARGINAL,CHOP,1.4007,FALLING
2026-08-21,AGX,6.0,4.01,0.121,CONVICTION,401,107.0,75.41,2.269,CONVICTION,7542,248.0,45,25,BULL_BOUNCE_CONFIRMED,LONG,42.0,MARGINAL,CHOP,33.2414,FALLING
2026-08-21,ALM,6.0,0.47,0.382,COMPRESSION,47,265.0,1.11,0.902,CONVICTION,111,858.0,11,30,BEAR_REJECTION_PENDING,SHORT,40.0,MARGINAL,CHOP,1.2312,RISING
2026-08-21,ALB,6.0,4.44,0.846,CONVICTION,444,317.0,1.57,0.299,CONVICTION,157,340.0,25,44,BULL_BOUNCE_CONFIRMED,LONG,71.6,CONVICTION,CHOP,5.2509,RISING
2026-08-21,ALOY,6.0,0.45,0.308,COMPRESSION,45,875.0,0.31,0.212,COMPRESSION,32,81.0,51,22,BULL_BOUNCE,LONG,57.1,MARGINAL,CHOP,1.4596,NEUTRAL
2026-08-21,BTSG,6.0,0.02,0.008,COMPRESSION,3,282.0,0.17,0.064,COMPRESSION,18,833.0,28,13,BULL_BOUNCE_PENDING,LONG,59.5,MARGINAL,CHOP,2.6525,NEUTRAL
2026-08-21,AMDL,6.0,4.25,0.765,VACUUM,425,672.0,10.72,1.93,CONVICTION,1072,676.0,17,54,BEAR_REJECTION_PENDING,SHORT,68.0,CONVICTION,CHOP,5.5543,NEUTRAL
2026-08-21,AVS,6.0,0.1466,0.534,MINOR,15,974.0,0.1267,0.462,COMPRESSION,13,145.0,27,86,BEAR_REJECTION_PENDING,SHORT,63.6,CONVICTION,CHOP,0.2743,RISING
2026-08-21,CDNL,6.0,0.2,0.038,COMPRESSION,20,294.0,1.72,0.33,CONVICTION,172,79.0,19,32,BULL_BOUNCE_PENDING,LONG,62.8,CONVICTION,CHOP,5.2178,FALLING
2026-08-21,CGNX,6.0,0.17,0.052,COMPRESSION,18,88.0,0.14,0.043,COMPRESSION,15,644.0,76,38,BEAR_REJECTION_PENDING,SHORT,52.0,MARGINAL,CHOP,3.2746,FALLING
2026-08-21,CRS,6.0,5.36,0.208,CONVICTION,536,265.0,10.22,0.396,CONVICTION,1022,961.0,74,10,BEAR_REJECTION_PENDING,SHORT,46.0,MARGINAL,CHOP,25.7788,FALLING
2026-08-21,CORT,6.0,,,,,,0.53,0.14,COMPRESSION,54,551.0,0,72,BULL_BOUNCE_PENDING,LONG,61.4,CONVICTION,CHOP,3.7985,NEUTRAL
2026-08-21,DFSC,6.0,0.12,0.27,MINOR,12,723.0,0.02,0.045,COMPRESSION,3,783.0,19,15,BULL_BOUNCE_CONFIRMED,LONG,46.0,MARGINAL,CHOP,0.4438,RISING
2026-08-21,ECG,6.0,0.45,0.054,COMPRESSION,45,302.0,12.32,1.487,CONVICTION,1232,638.0,76,10,BEAR_REJECTION_PENDING,SHORT,71.0,CONVICTION,CHOP,8.2873,NEUTRAL
2026-08-21,ELAN,6.0,0.875,0.688,COMPRESSION,88,785.0,0.24,0.189,COMPRESSION,24,319.0,33,38,BULL_BOUNCE_PENDING,LONG,69.9,CONVICTION,CHOP,1.2718,RISING
2026-08-21,ENS,6.0,2.15,0.23,CONVICTION,215,96.0,1.95,0.209,CONVICTION,195,876.0,59,33,BULL_BOUNCE_PENDING,LONG,51.5,MARGINAL,CHOP,9.3479,RISING
2026-08-21,FUL,6.0,0.86,0.39,COMPRESSION,86,147.0,0.4,0.181,COMPRESSION,40,296.0,82,36,BEAR_REJECTION_PENDING,SHORT,75.1,CONVICTION,CHOP,2.205,RISING
2026-08-21,GENI,6.0,0.05,0.089,COMPRESSION,6,1500.0,0.07,0.124,COMPRESSION,8,200.0,17,29,BULL_BOUNCE_PENDING,LONG,53.5,MARGINAL,CHOP,0.5647,NEUTRAL
2026-08-21,HTFL,6.0,0.045,0.017,MINOR,5,13.0,0.3,0.113,COMPRESSION,31,344.0,4,39,BEAR_REJECTION_PENDING,SHORT,47.6,MARGINAL,CHOP,2.6655,RISING
2026-08-21,HUT,6.0,3.73,0.437,CONVICTION,373,1354.0,0.37,0.043,COMPRESSION,37,81.0,8,40,BEAR_REJECTION_PENDING,SHORT,49.4,MARGINAL,CHOP,8.5419,RISING
2026-08-21,GLWG,6.0,1.59,0.773,CONVICTION,160,1264.0,0.1175,0.057,COMPRESSION,12,7.0,11,33,BEAR_REJECTION_PENDING,SHORT,50.0,MARGINAL,CHOP,2.0568,RISING
2026-08-21,INOD,6.0,0.0475,0.009,MINOR,5,231.0,2.05,0.397,CONVICTION,205,108.0,20,18,BULL_BOUNCE_CONFIRMED,LONG,67.0,CONVICTION,CHOP,5.1622,RISING
2026-08-21,IONS,6.0,0.085,0.044,COMPRESSION,9,205.0,0.14,0.073,COMPRESSION,14,695.0,38,36,BULL_BOUNCE,LONG,64.9,CONVICTION,CHOP,1.9125,RISING
2026-08-21,LFTO,6.0,0.61,0.265,COMPRESSION,61,1394.0,0.03,0.013,MINOR,4,33.0,50,1,BEAR_REJECTION_PENDING,SHORT,56.0,MARGINAL,CHOP,2.305,FALLING
2026-08-21,LBRT,6.0,0.15,0.136,COMPRESSION,15,1490.0,0.2829,0.257,COMPRESSION,29,723.0,49,10,BULL_BOUNCE_PENDING,LONG,56.2,MARGINAL,CHOP,1.1002,RISING
2026-08-21,MFP,6.0,,,,,,0.13,0.045,COMPRESSION,14,1420.0,0,55,BULL_BOUNCE_PENDING,LONG,81.0,CONVICTION,CHOP,2.9142,NEUTRAL
2026-08-21,LGN,6.0,0.13,0.031,COMPRESSION,14,291.0,0.1,0.024,COMPRESSION,11,124.0,74,16,BULL_BOUNCE_PENDING,LONG,72.5,CONVICTION,CHOP,4.1389,RISING
2026-08-21,LQDA,6.0,1.18,0.224,CONVICTION,118,290.0,3.12,0.591,CONVICTION,312,874.0,38,14,BULL_BOUNCE_PENDING,LONG,80.2,CONVICTION,CHOP,5.2749,NEUTRAL
2026-08-21,LPTH,6.0,0.58,0.493,COMPRESSION,59,724.0,0.15,0.128,COMPRESSION,16,15.0,10,49,CHANNEL_RECLAIM_LONG,LONG,51.0,MARGINAL,CHOP,1.1763,RISING
2026-08-21,MOD,6.0,0.17,0.014,COMPRESSION,17,335.0,23.1,1.947,CONVICTION,2310,1237.0,32,9,BEAR_REJECTION_PENDING,SHORT,74.4,CONVICTION,CHOP,11.8623,RISING
2026-08-21,MPWR,6.0,50.545,0.719,CONVICTION,5055,251.0,27.7,0.394,CONVICTION,2771,308.0,23,41,BULL_BOUNCE_CONFIRMED,LONG,79.0,CONVICTION,CHOP,70.3332,RISING
2026-08-21,MP,6.0,0.91,0.263,COMPRESSION,91,9.0,1.695,0.49,CONVICTION,170,523.0,51,33,SHORT_UPPER_DIRTY,SHORT,34.4,MARGINAL,CHOP,3.4562,RISING
2026-08-21,MXL,6.0,0.24,0.034,MINOR,24,921.0,2.87,0.406,CONVICTION,287,538.0,11,29,BULL_BOUNCE_CONFIRMED,LONG,48.0,MARGINAL,CHOP,7.0677,NEUTRAL
2026-08-21,NMAX,6.0,0.02,0.027,COMPRESSION,2,28.0,0.405,0.55,COMPRESSION,41,889.0,16,52,BULL_BOUNCE,LONG,64.0,CONVICTION,CHOP,0.7369,RISING
2026-08-21,NRG,6.0,0.45,0.062,COMPRESSION,46,496.0,1.71,0.237,CONVICTION,172,419.0,47,4,BULL_BOUNCE_PENDING,LONG,75.7,CONVICTION,CHOP,7.2091,RISING
2026-08-21,NUVB,6.0,0.35,0.855,COMPRESSION,35,1065.0,0.09,0.22,COMPRESSION,9,547.0,27,37,BULL_BOUNCE_PENDING,LONG,46.0,MARGINAL,CHOP,0.4093,RISING
2026-08-21,PINS,7.5,0.9,0.922,COMPRESSION,90,799.0,0.18,0.184,COMPRESSION,18,929.0,48,49,BULL_BOUNCE_PENDING,LONG,51.2,MARGINAL,CHOP,0.9764,FALLING
2026-08-21,PLTD,6.0,0.16,0.406,COMPRESSION,17,1092.0,0.0097,0.025,MINOR,1,115.0,25,3,BEAR_REJECTION_PENDING,SHORT,51.5,MARGINAL,CHOP,0.3943,RISING
2026-08-21,PRIM,6.0,0.64,0.157,COMPRESSION,65,6.0,1.2,0.294,VACUUM,121,93.0,33,26,BEAR_REJECTION_PENDING,SHORT,67.2,CONVICTION,CHOP,4.0835,RISING
2026-08-21,POWL,6.0,0.87,0.071,COMPRESSION,88,347.0,0.9267,0.076,MINOR,93,1340.0,43,7,BEAR_REJECTION_PENDING,SHORT,51.2,MARGINAL,CHOP,12.2374,RISING
2026-08-21,PTGX,6.0,2.49,0.464,CONVICTION,250,116.0,3.44,0.641,CONVICTION,344,92.0,49,59,BEAR_REJECTION_PENDING,SHORT,42.0,MARGINAL,CHOP,5.3678,NEUTRAL
2026-08-21,SEI,6.0,0.88,0.194,COMPRESSION,88,628.0,0.175,0.039,MINOR,18,977.0,55,4,BEAR_REJECTION_PENDING,SHORT,62.0,CONVICTION,CHOP,4.5377,NEUTRAL
2026-08-21,SITM,6.0,3.48,0.061,CONVICTION,349,461.0,1.67,0.029,VACUUM,167,887.0,47,2,BULL_BOUNCE,LONG,61.0,CONVICTION,CHOP,56.9519,RISING
2026-08-21,SGML,6.0,0.69,0.932,MINOR,70,1259.0,0.1,0.135,MINOR,10,1455.0,34,41,BEAR_REJECTION_PENDING,SHORT,38.0,MARGINAL,CHOP,0.7404,RISING
2026-08-21,SMTC,6.0,1.18,0.103,VACUUM,119,436.0,0.12,0.011,COMPRESSION,13,27.0,28,30,BULL_BOUNCE_PENDING,LONG,64.1,CONVICTION,CHOP,11.4182,NEUTRAL
2026-08-21,SUNB,6.0,1.9,0.635,CONVICTION,190,162.0,1.61,0.538,CONVICTION,162,1.0,56,63,BEAR_REJECTION_PENDING,SHORT,84.5,CONVICTION,CHOP,2.9928,NEUTRAL
2026-08-21,TGTX,6.0,0.02,0.009,COMPRESSION,2,607.0,0.025,0.012,MINOR,3,69.0,31,38,BULL_BOUNCE_PENDING,LONG,56.0,MARGINAL,CHOP,2.1221,NEUTRAL
2026-08-21,STRL,6.0,3.66,0.092,CONVICTION,366,187.0,1.35,0.034,CONVICTION,136,1075.0,67,45,BEAR_REJECTION_PENDING,SHORT,56.0,MARGINAL,CHOP,39.7175,RISING
2026-08-21,VIRT,6.0,2.59,0.919,CONVICTION,260,119.0,0.8,0.284,COMPRESSION,80,1364.0,12,44,BEAR_REJECTION_PENDING,SHORT,79.0,CONVICTION,CHOP,2.8194,RISING
2026-08-21,WING,6.0,0.355,0.05,MINOR,36,369.0,0.17,0.024,MINOR,18,197.0,61,10,BEAR_REJECTION_PENDING,SHORT,53.4,MARGINAL,CHOP,7.0414,RISING
2026-08-21,VICR,6.0,3.7,0.215,CONVICTION,370,126.0,3.55,0.207,CONVICTION,356,739.0,29,47,BEAR_REJECTION_PENDING,SHORT,47.1,MARGINAL,CHOP,17.1785,RISING
2026-08-21,WWD,6.0,27.41,2.305,CONVICTION,2742,462.0,1.4,0.118,CONVICTION,140,874.0,68,13,BULL_BOUNCE_PENDING,LONG,52.9,MARGINAL,CHOP,11.8905,FALLING
2026-08-21,ZIM,6.0,0.04,0.032,MINOR,5,47.0,0.02,0.016,COMPRESSION,2,1254.0,15,84,BEAR_REJECTION_PENDING,SHORT,40.0,MARGINAL,CHOP,1.2606,RISING
2026-08-21,CALM,6.0,0.91,0.41,COMPRESSION,91,211.0,0.44,0.198,COMPRESSION,45,1294.0,42,45,BULL_BOUNCE_PENDING,LONG,69.6,CONVICTION,CHOP,2.2189,FALLING
2026-08-21,GCTK,6.0,0.0069,0.083,MINOR,1,30.0,0.0017,0.02,MINOR,1,72.0,26,13,BULL_BOUNCE,LONG,53.0,MARGINAL,CHOP,0.0835,NEUTRAL
2026-08-21,NXT,6.0,0.56,0.11,COMPRESSION,57,353.0,2.45,0.481,CONVICTION,246,301.0,85,10,BEAR_REJECTION_PENDING,SHORT,65.4,CONVICTION,CHOP,5.0952,FALLING
2026-08-21,GPK,6.0,0.18,0.386,COMPRESSION,18,576.0,0.02,0.043,MINOR,3,430.0,18,29,BULL_BOUNCE_PENDING,LONG,53.0,MARGINAL,CHOP,0.466,FALLING
2026-08-21,CAPR,6.0,12.705,14.696,CONVICTION,1271,227.0,0.185,0.214,COMPRESSION,19,7.0,17,13,BEAR_REJECTION_PENDING,SHORT,78.7,CONVICTION,CHOP,0.8645,RISING
2026-08-21,AEIS,6.0,3.88,0.182,CONVICTION,388,121.0,15.26,0.716,CONVICTION,1526,106.0,54,25,BULL_BOUNCE,LONG,73.0,CONVICTION,CHOP,21.31,RISING
2026-08-21,ACMR,6.0,0.085,0.014,MINOR,9,272.0,1.54,0.25,CONVICTION,155,745.0,21,43,BEAR_REJECTION_PENDING,SHORT,41.4,MARGINAL,CHOP,6.1629,NEUTRAL
2026-08-21,AIR,6.0,1.17,0.173,CONVICTION,117,372.0,1.35,0.2,CONVICTION,135,1131.0,80,22,BULL_BOUNCE,LONG,65.1,CONVICTION,CHOP,6.7503,RISING
2026-08-21,AA,6.0,0.68,0.302,COMPRESSION,68,1394.0,0.65,0.288,COMPRESSION,66,60.0,37,99,BEAR_REJECTION_PENDING,SHORT,66.2,CONVICTION,CHOP,2.2539,RISING
2026-08-21,ARGX,6.0,,,,,,59.78,1.708,CONVICTION,5979,1067.0,0,44,DCB_BREAKOUT,LONG,39.0,MARGINAL,CHOP,35.0094,RISING
2026-08-21,CBRL,6.0,0.51,0.21,COMPRESSION,51,78.0,0.28,0.115,COMPRESSION,29,189.0,54,24,BEAR_REJECTION_PENDING,SHORT,67.7,CONVICTION,CHOP,2.4282,NEUTRAL
2026-08-21,DAN,6.0,2.295,1.773,CONVICTION,230,789.0,0.29,0.224,COMPRESSION,29,657.0,18,53,BULL_BOUNCE_PENDING,LONG,51.0,MARGINAL,CHOP,1.2943,RISING
2026-08-21,CHRD,6.0,0.105,0.02,MINOR,11,111.0,1.06,0.201,CONVICTION,107,327.0,47,88,BULL_BOUNCE_PENDING,LONG,47.4,MARGINAL,CHOP,5.2801,RISING
2026-08-21,DFTX,6.0,0.42,0.142,MINOR,43,73.0,13.81,4.676,CONVICTION,1381,1440.0,20,16,BULL_BOUNCE_PENDING,LONG,60.0,CONVICTION,CHOP,2.9532,NEUTRAL
2026-08-21,EYPT,6.0,0.0019,0.001,MINOR,1,418.0,0.02,0.012,COMPRESSION,3,1337.0,20,16,BEAR_REJECTION_PENDING,SHORT,53.3,MARGINAL,CHOP,1.6486,FALLING
2026-08-21,MEDP,,0.615,0.037,MINOR,62,128.0,74.61,4.45,CONVICTION,7462,111.0,26,45,BEAR_REJECTION_PENDING,SHORT,52.0,MARGINAL,CHOP,16.7646,FALLING
2026-08-21,FIX,6.0,16.89,0.19,CONVICTION,1689,13.0,76.33,0.861,CONVICTION,7633,996.0,55,41,BEAR_REJECTION_PENDING,SHORT,64.4,CONVICTION,CHOP,88.6866,RISING
2026-08-21,PPC,6.0,0.11,0.083,COMPRESSION,11,730.0,1.13,0.857,CONVICTION,113,269.0,26,54,BULL_BOUNCE_PENDING,LONG,44.0,MARGINAL,CHOP,1.3187,RISING
2026-08-21,OII,6.0,0.16,0.08,COMPRESSION,16,151.0,0.4,0.201,COMPRESSION,41,565.0,45,42,BULL_BOUNCE_PENDING,LONG,62.7,CONVICTION,CHOP,1.9925,RISING
2026-08-21,PWR,6.0,5.09,0.188,CONVICTION,509,149.0,64.27,2.376,CONVICTION,6427,234.0,48,22,BEAR_REJECTION_PENDING,SHORT,46.0,MARGINAL,CHOP,27.051,RISING
2026-08-21,SBLK,6.0,0.01,0.011,MINOR,2,274.0,0.2,0.226,COMPRESSION,21,223.0,28,27,BULL_BOUNCE_PENDING,LONG,44.0,MARGINAL,CHOP,0.8855,RISING
2026-08-21,RVMD,6.0,2.4,0.319,VACUUM,241,27.0,3.01,0.4,VACUUM,301,513.0,35,60,BEAR_REJECTION_PENDING,SHORT,72.3,CONVICTION,CHOP,7.5215,NEUTRAL
2026-08-21,WETO,6.0,0.26,0.035,MINOR,26,15.0,2.24,0.305,VACUUM,224,1197.0,20,14,BULL_BOUNCE_PENDING,LONG,52.0,MARGINAL,CHOP,7.3414,RISING
2026-08-21,WMG,6.0,0.18,0.174,COMPRESSION,18,1299.0,0.1,0.097,COMPRESSION,10,199.0,22,62,BEAR_REJECTION_PENDING,SHORT,74.7,CONVICTION,CHOP,1.0339,RISING
2026-08-21,WFF,6.0,0.05,0.03,MINOR,6,142.0,0.01,0.006,MINOR,2,755.0,11,12,BULL_BOUNCE_PENDING,LONG,59.4,MARGINAL,CHOP,1.6412,RISING
2026-08-21,YPF,6.0,0.25,0.125,COMPRESSION,25,603.0,0.87,0.435,COMPRESSION,88,2.0,32,54,BULL_BOUNCE,LONG,64.5,CONVICTION,CHOP,2.0006,NEUTRAL
2026-08-21,VRSK,6.0,2.49,0.354,CONVICTION,249,542.0,4.415,0.628,CONVICTION,442,688.0,54,47,BEAR_REJECTION_PENDING,SHORT,55.2,MARGINAL,CHOP,7.0247,RISING
2026-08-21,ACAD,6.0,0.21,0.195,COMPRESSION,22,292.0,0.09,0.084,COMPRESSION,9,1094.0,61,57,BULL_BOUNCE,LONG,70.2,CONVICTION,CHOP,1.0771,RISING
2026-08-21,BBIO,6.0,,,,,,0.29,0.099,COMPRESSION,30,841.0,0,28,BULL_BOUNCE_PENDING,LONG,74.7,CONVICTION,CHOP,2.9318,NEUTRAL
2026-08-21,AMLX,6.0,0.04,0.015,MINOR,4,109.0,1.02,0.385,CONVICTION,103,910.0,2,38,BULL_BOUNCE_PENDING,LONG,98.8,CONVICTION,CHOP,2.6521,RISING
2026-08-21,BOIL,6.0,0.55,0.579,COMPRESSION,55,1073.0,0.04,0.042,COMPRESSION,5,5.0,42,18,BEAR_REJECTION_PENDING,SHORT,56.4,MARGINAL,CHOP,0.9497,FALLING
2026-08-21,CDTG,6.0,0.07,0.051,COMPRESSION,8,692.0,0.0001,0.0,MINOR,1,755.0,14,5,BULL_BOUNCE_PENDING,LONG,60.0,CONVICTION,CHOP,1.3738,RISING
2026-08-21,CHWY,6.0,0.31,0.362,COMPRESSION,31,829.0,0.28,0.327,COMPRESSION,28,986.0,5,67,BULL_BOUNCE_PENDING,LONG,52.3,MARGINAL,CHOP,0.8557,FALLING
2026-08-21,DOO,6.0,1.02,0.449,CONVICTION,103,55.0,0.71,0.313,COMPRESSION,72,636.0,14,54,BEAR_REJECTION_PENDING,SHORT,73.9,CONVICTION,CHOP,2.2711,NEUTRAL
2026-08-21,CORD,6.0,0.01,0.013,COMPRESSION,1,267.0,0.215,0.281,COMPRESSION,22,1400.0,24,20,BULL_BOUNCE_PENDING,LONG,67.1,CONVICTION,CHOP,0.7639,RISING
2026-08-21,HSAI,6.0,0.39,0.414,MINOR,40,519.0,0.43,0.457,MINOR,43,360.0,18,38,BEAR_REJECTION_PENDING,SHORT,64.4,CONVICTION,CHOP,0.9411,FALLING
2026-08-21,IPST,6.0,0.0427,0.013,MINOR,5,185.0,0.46,0.145,MINOR,46,185.0,4,28,BULL_BOUNCE,LONG,64.0,CONVICTION,CHOP,3.1764,RISING
2026-08-21,MANE,6.0,1.43,0.216,CONVICTION,143,567.0,1.72,0.26,CONVICTION,172,1113.0,29,15,SHORT_UPPER_DIRTY,SHORT,49.7,MARGINAL,CHOP,6.6058,NEUTRAL
2026-08-21,MAN,6.0,0.51,0.235,COMPRESSION,51,388.0,0.99,0.457,COMPRESSION,99,1188.0,9,65,BULL_BOUNCE,LONG,61.7,CONVICTION,CHOP,2.1673,NEUTRAL
2026-08-21,LEGN,6.0,0.51,0.475,COMPRESSION,51,659.0,0.11,0.103,COMPRESSION,11,425.0,28,65,BEAR_REJECTION_PENDING,SHORT,50.0,MARGINAL,CHOP,1.0729,RISING
2026-08-21,MNST,,0.01,0.008,MINOR,1,268.0,3.8925,2.98,CONVICTION,390,1087.0,29,32,BULL_BOUNCE_PENDING,LONG,56.0,MARGINAL,CHOP,1.3064,RISING
2026-08-21,MTCH,,0.31,0.219,MINOR,32,136.0,0.23,0.162,COMPRESSION,24,352.0,2,57,BULL_BOUNCE_PENDING,LONG,63.9,CONVICTION,CHOP,1.4179,RISING
2026-08-21,OCUL,6.0,0.01,0.018,COMPRESSION,1,9.0,0.76,1.387,COMPRESSION,77,253.0,52,14,BULL_BOUNCE_PENDING,LONG,67.0,CONVICTION,CHOP,0.5481,RISING
2026-08-21,PLNT,6.0,0.64,0.318,COMPRESSION,65,448.0,0.06,0.03,COMPRESSION,7,508.0,8,40,BULL_BOUNCE_PENDING,LONG,69.0,CONVICTION,CHOP,2.0119,RISING
2026-08-21,PFSA,6.0,0.07,0.019,MINOR,8,817.0,0.01,0.003,MINOR,1,330.0,20,2,BULL_BOUNCE_PENDING,LONG,57.0,MARGINAL,CHOP,3.7781,RISING
2026-08-21,PODD,6.0,0.08,0.009,MINOR,8,140.0,0.24,0.028,MINOR,25,0.0,52,19,BEAR_REJECTION_PENDING,SHORT,66.0,CONVICTION,CHOP,8.5479,RISING
2026-08-21,RBA,6.0,0.42,0.098,COMPRESSION,43,791.0,0.45,0.105,COMPRESSION,45,732.0,32,35,BEAR_REJECTION_PENDING,SHORT,76.1,CONVICTION,CHOP,4.2866,FALLING
2026-08-21,ROIV,6.0,0.02,0.015,COMPRESSION,2,88.0,0.21,0.162,COMPRESSION,22,1183.0,31,27,BULL_BOUNCE_PENDING,LONG,77.9,CONVICTION,CHOP,1.3,RISING
2026-08-21,TDC,6.0,0.03,0.017,COMPRESSION,3,109.0,0.12,0.069,COMPRESSION,13,258.0,26,20,BEAR_REJECTION_PENDING,SHORT,56.7,MARGINAL,CHOP,1.7339,RISING
2026-08-21,SXTC,6.0,0.25,0.142,MINOR,25,888.0,0.1302,0.074,COMPRESSION,14,101.0,29,26,BEAR_REJECTION_PENDING,SHORT,50.0,MARGINAL,CHOP,1.7656,RISING
2026-08-21,XENE,6.0,0.37,0.169,COMPRESSION,38,452.0,12.66,5.77,CONVICTION,1266,686.0,47,24,BULL_BOUNCE_PENDING,LONG,73.3,CONVICTION,CHOP,2.1942,NEUTRAL
2026-08-21,TNON,6.0,3.91,1.805,CONVICTION,391,1226.0,0.055,0.025,MINOR,6,286.0,35,3,BEAR_REJECTION_PENDING,SHORT,50.8,MARGINAL,CHOP,2.1661,RISING
2026-08-21,ALH,,1.37,1.17,CONVICTION,137,397.0,0.04,0.034,COMPRESSION,4,1493.0,50,4,BULL_BOUNCE_PENDING,LONG,61.5,CONVICTION,CHOP,1.1709,FALLING
2026-08-21,BRSL,6.0,0.47,0.98,COMPRESSION,47,622.0,0.31,0.646,COMPRESSION,31,976.0,19,34,SHORT_UPPER_DIRTY,SHORT,43.6,MARGINAL,CHOP,0.4796,RISING
2026-08-21,ACM,6.0,1.35,0.448,CONVICTION,135,80.0,0.025,0.008,MINOR,3,28.0,37,36,BEAR_REJECTION_PENDING,SHORT,90.4,CONVICTION,CHOP,3.0153,FALLING
2026-08-21,AMR,6.0,1.93,0.214,VACUUM,194,767.0,4.48,0.496,CONVICTION,448,1220.0,7,41,BULL_BOUNCE_CONFIRMED,LONG,70.3,CONVICTION,CHOP,9.037,RISING
2026-08-21,ZSL,6.0,0.24,0.141,COMPRESSION,24,974.0,0.53,0.312,COMPRESSION,54,217.0,88,17,BULL_BOUNCE_PENDING,LONG,81.2,CONVICTION,CHOP,1.7006,FALLING
2026-08-21,ARCT,,9.91,12.79,CONVICTION,991,484.0,1.195,1.542,CONVICTION,120,1456.0,3,35,BEAR_REJECTION_PENDING,SHORT,75.0,CONVICTION,CHOP,0.7748,RISING
2026-08-21,ARE,6.0,0.42,0.189,COMPRESSION,43,118.0,0.23,0.104,COMPRESSION,24,370.0,20,73,BULL_BOUNCE_PENDING,LONG,59.0,MARGINAL,CHOP,2.2177,FALLING
2026-08-21,AEM,6.0,4.13,0.486,CONVICTION,413,268.0,1.73,0.204,CONVICTION,173,28.0,13,98,BEAR_REJECTION_PENDING,SHORT,60.0,CONVICTION,CHOP,8.4979,RISING
2026-08-21,ATAT,,1.15,0.935,CONVICTION,115,20.0,1.12,0.91,CONVICTION,112,1346.0,42,25,BULL_BOUNCE_PENDING,LONG,64.6,CONVICTION,CHOP,1.2306,RISING
2026-08-21,BAH,6.0,0.97,0.343,COMPRESSION,97,244.0,0.86,0.304,COMPRESSION,86,834.0,35,60,BEAR_REJECTION_PENDING,SHORT,56.0,MARGINAL,CHOP,2.8269,FALLING
2026-08-21,ARKB,,0.59,1.104,COMPRESSION,59,1188.0,0.56,1.048,COMPRESSION,57,638.0,12,103,BEAR_REJECTION_PENDING,SHORT,48.7,MARGINAL,CHOP,0.5343,RISING
2026-08-21,AU,6.0,,,,,,4.59,0.906,CONVICTION,460,1317.0,0,111,BULL_BOUNCE_PENDING,LONG,45.0,MARGINAL,CHOP,5.0668,RISING
2026-08-21,BITB,,1.0,1.136,CONVICTION,100,1198.0,0.95,1.079,COMPRESSION,95,619.0,14,123,BULL_BOUNCE_PENDING,LONG,58.2,MARGINAL,CHOP,0.8801,RISING
2026-08-21,BITU,,0.71,1.47,COMPRESSION,72,571.0,0.61,1.263,COMPRESSION,61,521.0,6,41,BULL_BOUNCE_PENDING,LONG,75.8,CONVICTION,CHOP,0.4829,RISING
2026-08-21,BITO,,0.8,3.484,COMPRESSION,80,189.0,0.25,1.089,COMPRESSION,25,547.0,10,79,BEAR_REJECTION_PENDING,SHORT,61.0,CONVICTION,CHOP,0.2296,RISING
2026-08-21,BOOT,6.0,1.85,0.245,CONVICTION,185,78.0,1.18,0.156,CONVICTION,119,402.0,47,21,BEAR_REJECTION_PENDING,SHORT,82.9,CONVICTION,CHOP,7.5582,RISING
2026-08-21,BITX,,0.94,1.478,COMPRESSION,95,432.0,0.83,1.305,COMPRESSION,83,618.0,7,38,BULL_BOUNCE_PENDING,LONG,90.9,CONVICTION,CHOP,0.636,RISING
2026-08-21,BMNU,,,,,,,0.8,0.629,COMPRESSION,80,575.0,0,55,BULL_BOUNCE_PENDING,LONG,55.0,MARGINAL,CHOP,1.2726,RISING
2026-08-21,CNXC,6.0,0.05,0.034,COMPRESSION,6,1020.0,0.18,0.123,COMPRESSION,18,524.0,14,28,BEAR_REJECTION_PENDING,SHORT,50.0,MARGINAL,CHOP,1.4602,RISING
2026-08-21,COCO,6.0,0.32,0.117,MINOR,32,319.0,9.0,3.283,CONVICTION,900,697.0,20,28,BULL_BOUNCE_PENDING,LONG,40.7,MARGINAL,CHOP,2.741,RISING
2026-08-21,BSOL,,1.8,5.861,CONVICTION,180,786.0,0.09,0.293,COMPRESSION,9,338.0,8,90,BEAR_REJECTION_PENDING,SHORT,44.3,MARGINAL,CHOP,0.3071,RISING
2026-08-21,CWK,,0.09,0.143,MINOR,9,388.0,0.26,0.414,COMPRESSION,26,190.0,31,36,BULL_BOUNCE_PENDING,LONG,55.3,MARGINAL,CHOP,0.6283,RISING
2026-08-21,CRSP,6.0,0.97,0.391,COMPRESSION,97,808.0,1.8,0.726,CONVICTION,180,568.0,23,77,BULL_BOUNCE_PENDING,LONG,96.5,CONVICTION,CHOP,2.4786,FALLING
2026-08-21,BTC,,0.83,1.157,COMPRESSION,83,1158.0,0.77,1.073,COMPRESSION,77,648.0,14,97,BEAR_REJECTION_PENDING,SHORT,71.2,CONVICTION,CHOP,0.7175,RISING
2026-08-21,DLO,6.0,0.14,0.252,MINOR,15,648.0,0.615,1.108,COMPRESSION,62,516.0,8,30,BEAR_REJECTION_PENDING,SHORT,40.0,MARGINAL,CHOP,0.5552,NEUTRAL
2026-08-21,EFX,6.0,2.57,0.402,CONVICTION,257,1071.0,1.72,0.269,CONVICTION,172,635.0,12,43,BULL_BOUNCE_CONFIRMED,LONG,69.0,CONVICTION,CHOP,6.3972,RISING
2026-08-21,EL,6.0,2.72,0.772,CONVICTION,272,1085.0,9.46,2.684,CONVICTION,946,266.0,21,21,BULL_BOUNCE_PENDING,LONG,40.0,MARGINAL,CHOP,3.5249,FALLING
2026-08-21,EPAM,6.0,1.37,0.223,VACUUM,138,1301.0,2.19,0.357,CONVICTION,220,1112.0,14,37,BULL_BOUNCE,LONG,61.0,CONVICTION,CHOP,6.1401,RISING
2026-08-21,ETHA,,0.51,1.037,COMPRESSION,51,1214.0,1.375,2.795,CONVICTION,138,607.0,1,52,BULL_BOUNCE_PENDING,LONG,62.6,CONVICTION,CHOP,0.4919,RISING
2026-08-21,ETH,,0.65,1.066,COMPRESSION,66,1096.0,1.76,2.887,CONVICTION,176,615.0,2,90,CHANNEL_BREAKOUT,LONG,55.0,MARGINAL,CHOP,0.6096,RISING
2026-08-21,ETHE,,0.59,1.138,COMPRESSION,59,1339.0,0.62,1.196,COMPRESSION,63,81.0,2,93,BULL_BOUNCE_PENDING,LONG,59.0,MARGINAL,CHOP,0.5183,RISING
2026-08-21,ETHT,,0.68,0.939,COMPRESSION,68,264.0,1.17,1.616,CONVICTION,117,348.0,13,55,BULL_BOUNCE_PENDING,LONG,65.0,CONVICTION,CHOP,0.7239,RISING
2026-08-21,G,6.0,0.125,0.096,COMPRESSION,13,452.0,0.36,0.276,COMPRESSION,36,1438.0,18,45,BULL_BOUNCE_PENDING,LONG,48.0,MARGINAL,CHOP,1.304,RISING
2026-08-21,ETHU,,1.82,1.6,CONVICTION,183,430.0,0.33,0.29,COMPRESSION,33,263.0,9,56,BULL_BOUNCE_PENDING,LONG,79.5,CONVICTION,CHOP,1.1372,RISING
2026-08-21,FBTC,,1.58,1.119,CONVICTION,158,1171.0,1.5,1.062,CONVICTION,150,650.0,12,101,BEAR_REJECTION_PENDING,SHORT,62.3,CONVICTION,CHOP,1.4123,RISING
2026-08-21,FETH,,0.7,1.101,COMPRESSION,71,1243.0,1.86,2.927,CONVICTION,186,587.0,1,64,BULL_BOUNCE_PENDING,LONG,62.6,CONVICTION,CHOP,0.6355,RISING
2026-08-21,GPI,,0.15,0.015,COMPRESSION,16,370.0,2.82,0.282,VACUUM,283,417.0,34,23,BEAR_REJECTION_PENDING,SHORT,56.0,MARGINAL,CHOP,10.0086,FALLING
2026-08-21,ILMN,6.0,0.05,0.006,MINOR,5,79.0,0.12,0.014,COMPRESSION,13,1063.0,18,41,BULL_BOUNCE_PENDING,LONG,54.7,MARGINAL,CHOP,8.6015,NEUTRAL
2026-08-21,IMNM,6.0,0.37,0.227,MINOR,38,257.0,0.29,0.178,COMPRESSION,30,194.0,29,41,BULL_BOUNCE_CONFIRMED,LONG,74.2,CONVICTION,CHOP,1.6291,RISING
2026-08-21,GBTC,,4.48,3.566,CONVICTION,449,15.0,1.36,1.082,CONVICTION,137,622.0,15,113,BEAR_REJECTION_PENDING,SHORT,55.0,MARGINAL,CHOP,1.2564,RISING
2026-08-21,IBIT,,1.015,1.09,CONVICTION,102,1169.0,1.015,1.09,CONVICTION,102,641.0,5,56,BULL_BOUNCE_PENDING,LONG,46.1,MARGINAL,CHOP,0.9311,RISING
2026-08-21,LPX,6.0,3.16,0.915,VACUUM,316,903.0,0.75,0.217,COMPRESSION,75,133.0,42,29,BEAR_REJECTION_PENDING,SHORT,72.0,CONVICTION,CHOP,3.4529,FALLING
2026-08-21,KOLD,6.0,0.4,0.278,COMPRESSION,40,26.0,0.71,0.494,COMPRESSION,71,614.0,27,34,BULL_BOUNCE_PENDING,LONG,60.8,CONVICTION,CHOP,1.4371,RISING
2026-08-21,MRNX,,0.72,0.045,COMPRESSION,72,477.0,3.1,0.194,CONVICTION,310,1325.0,21,36,BULL_BOUNCE_PENDING,LONG,79.0,CONVICTION,CHOP,15.9512,RISING
2026-08-21,JNUG,,4.39,0.32,CONVICTION,440,1088.0,12.19,0.89,CONVICTION,1219,1472.0,11,71,BEAR_REJECTION_PENDING,SHORT,56.0,MARGINAL,CHOP,13.6975,RISING
2026-08-21,MRVI,6.0,0.0001,0.0,MINOR,1,11.0,0.22,0.439,COMPRESSION,23,1047.0,2,49,BULL_BOUNCE_PENDING,LONG,60.0,CONVICTION,CHOP,0.5007,NEUTRAL
2026-08-21,MRNY,,0.082,0.025,COMPRESSION,9,869.0,12.27,3.735,CONVICTION,1227,1498.0,17,13,BULL_BOUNCE_PENDING,LONG,68.5,CONVICTION,CHOP,3.2854,RISING
2026-08-21,MSTU,,0.0018,0.008,MINOR,1,56.0,0.17,0.767,COMPRESSION,18,1000.0,3,13,BULL_BOUNCE_PENDING,LONG,56.0,MARGINAL,CHOP,0.2217,RISING
2026-08-21,NTLA,6.0,11.83,17.71,CONVICTION,1183,845.0,0.3,0.449,COMPRESSION,30,442.0,34,49,BEAR_REJECTION_PENDING,SHORT,77.0,CONVICTION,CHOP,0.668,RISING
2026-08-21,OMER,6.0,,,,,,2.94,2.926,CONVICTION,294,1068.0,0,42,BULL_BOUNCE_PENDING,LONG,57.8,MARGINAL,CHOP,1.0048,RISING
2026-08-21,NG,6.0,0.0204,0.046,MINOR,3,78.0,0.1,0.225,COMPRESSION,10,1057.0,6,71,BULL_BOUNCE_PENDING,LONG,41.0,MARGINAL,CHOP,0.4442,RISING
2026-08-21,MSTY,,0.0099,0.017,MINOR,1,307.0,0.18,0.305,COMPRESSION,18,331.0,19,67,BULL_BOUNCE_PENDING,LONG,59.8,MARGINAL,CHOP,0.5895,RISING
2026-08-21,PGR,,2.07,0.429,CONVICTION,207,798.0,1.53,0.317,CONVICTION,154,70.0,37,59,BULL_BOUNCE_PENDING,LONG,78.0,CONVICTION,CHOP,4.8205,RISING
2026-08-21,SEDG,6.0,0.06,0.018,COMPRESSION,6,596.0,0.555,0.165,COMPRESSION,56,244.0,24,32,BULL_BOUNCE_PENDING,LONG,53.7,MARGINAL,CHOP,3.3643,RISING
2026-08-21,SG,6.0,0.08,0.173,COMPRESSION,9,671.0,0.01,0.022,COMPRESSION,1,198.0,10,22,BEAR_REJECTION_PENDING,SHORT,36.0,MARGINAL,CHOP,0.4634,RISING
2026-08-21,SKHZ,,0.84,0.989,COMPRESSION,84,1290.0,0.155,0.182,COMPRESSION,16,27.0,68,25,BEAR_REJECTION_PENDING,SHORT,68.5,CONVICTION,CHOP,0.8494,FALLING
2026-08-21,TGT,6.0,0.04,0.008,MINOR,4,54.0,3.03,0.64,CONVICTION,304,678.0,17,29,BULL_BOUNCE_PENDING,LONG,47.3,MARGINAL,CHOP,4.7378,RISING
2026-08-21,TKO,6.0,2.79,0.428,CONVICTION,279,656.0,0.15,0.023,COMPRESSION,16,901.0,53,47,BEAR_REJECTION_PENDING,SHORT,50.0,MARGINAL,CHOP,6.5189,RISING
2026-08-21,TRI,6.0,0.3301,0.056,COMPRESSION,34,1219.0,2.13,0.363,CONVICTION,214,531.0,14,56,BULL_BOUNCE_PENDING,LONG,61.5,CONVICTION,CHOP,5.8716,RISING
2026-08-21,VKTX,6.0,0.66,0.498,COMPRESSION,67,663.0,0.14,0.106,COMPRESSION,15,1121.0,41,47,BULL_BOUNCE_PENDING,LONG,55.3,MARGINAL,CHOP,1.3265,RISING
2026-08-21,WRBY,6.0,0.0299,0.015,MINOR,3,444.0,0.36,0.186,COMPRESSION,36,546.0,29,43,BULL_BOUNCE_PENDING,LONG,63.8,CONVICTION,CHOP,1.9336,RISING
2026-08-21,YMM,,0.07,0.248,COMPRESSION,8,144.0,0.191,0.678,COMPRESSION,20,649.0,54,11,BULL_BOUNCE_PENDING,LONG,66.2,CONVICTION,CHOP,0.2818,FALLING
2026-08-21,ZSTK,,0.05,0.045,MINOR,5,19.0,0.0044,0.004,MINOR,1,1070.0,6,28,BULL_BOUNCE_PENDING,LONG,41.0,MARGINAL,CHOP,1.1038,RISING
2026-08-21,WPM,6.0,8.825,1.512,CONVICTION,883,60.0,1.15,0.197,CONVICTION,116,1205.0,2,107,BEAR_REJECTION_PENDING,SHORT,78.8,CONVICTION,CHOP,5.8348,RISING
2026-08-21,ALSN,6.0,0.69,0.152,COMPRESSION,69,110.0,1.66,0.366,CONVICTION,167,664.0,4,53,BEAR_REJECTION_PENDING,SHORT,72.0,CONVICTION,CHOP,4.5396,RISING
2026-08-21,ANDG,6.0,0.095,0.036,MINOR,10,17.0,0.06,0.023,COMPRESSION,6,952.0,2,42,BULL_BOUNCE_PENDING,LONG,50.0,MARGINAL,CHOP,2.6093,NEUTRAL
2026-08-21,AGI,6.0,0.03,0.02,COMPRESSION,4,621.0,0.3,0.203,COMPRESSION,30,988.0,27,68,BULL_BOUNCE_CONFIRMED,LONG,59.5,MARGINAL,CHOP,1.477,RISING
2026-08-21,BABA,,3.0,0.741,VACUUM,300,450.0,3.79,0.936,CONVICTION,380,453.0,27,42,BULL_BOUNCE_PENDING,LONG,68.7,CONVICTION,CHOP,4.0489,RISING
2026-08-21,BABX,,0.89,0.601,COMPRESSION,90,873.0,1.32,0.891,CONVICTION,133,728.0,34,32,BULL_BOUNCE_PENDING,LONG,73.8,CONVICTION,CHOP,1.4814,RISING
2026-08-21,EGO,6.0,0.06,0.028,COMPRESSION,7,365.0,0.44,0.206,COMPRESSION,45,837.0,5,90,BULL_BOUNCE_PENDING,LONG,53.6,MARGINAL,CHOP,2.1364,RISING
2026-08-21,FNV,,14.66,1.689,CONVICTION,1467,198.0,6.8,0.784,CONVICTION,681,594.0,10,81,BULL_BOUNCE_PENDING,LONG,85.6,CONVICTION,CHOP,8.6773,FALLING
2026-08-21,COPX,,1.555,0.618,CONVICTION,156,116.0,1.69,0.671,CONVICTION,169,496.0,8,171,BEAR_REJECTION_PENDING,SHORT,53.2,MARGINAL,CHOP,2.5179,FALLING
2026-08-21,GEN,,0.09,0.089,COMPRESSION,9,968.0,0.35,0.344,COMPRESSION,36,1237.0,15,50,BULL_BOUNCE_PENDING,LONG,69.4,CONVICTION,CHOP,1.0164,NEUTRAL
2026-08-21,GDX,,1.68,0.444,CONVICTION,168,151.0,0.97,0.257,COMPRESSION,97,1141.0,3,120,BEAR_REJECTION_PENDING,SHORT,74.0,CONVICTION,CHOP,3.78,RISING
2026-08-21,HMY,6.0,0.01,0.011,MINOR,2,4.0,1.76,1.853,CONVICTION,176,400.0,1,66,BULL_BOUNCE_PENDING,LONG,58.1,MARGINAL,CHOP,0.9496,RISING
2026-08-21,IQV,6.0,0.04,0.005,MINOR,5,85.0,21.78,2.734,CONVICTION,2178,848.0,11,59,BULL_BOUNCE_PENDING,LONG,44.0,MARGINAL,CHOP,7.9657,NEUTRAL
2026-08-21,KMX,6.0,0.69,0.339,COMPRESSION,69,245.0,0.89,0.438,COMPRESSION,90,1034.0,12,42,BULL_BOUNCE_PENDING,LONG,69.1,CONVICTION,CHOP,2.0325,NEUTRAL
2026-08-21,GFI,6.0,6.255,3.185,CONVICTION,626,739.0,0.76,0.387,COMPRESSION,76,1449.0,4,114,BULL_BOUNCE_PENDING,LONG,58.3,MARGINAL,CHOP,1.964,RISING
2026-08-21,NDSN,,0.02,0.003,MINOR,2,13.0,0.87,0.121,COMPRESSION,88,1090.0,3,70,BULL_BOUNCE_PENDING,LONG,52.0,MARGINAL,CHOP,7.1664,FALLING
2026-08-21,OSK,,1.84,0.357,CONVICTION,185,1012.0,2.89,0.561,CONVICTION,289,968.0,26,52,BULL_BOUNCE,LONG,59.0,MARGINAL,CHOP,5.154,NEUTRAL
2026-08-21,NTR,,0.47,0.238,COMPRESSION,47,315.0,0.17,0.086,COMPRESSION,18,639.0,14,120,BULL_BOUNCE_PENDING,LONG,57.0,MARGINAL,CHOP,1.9766,RISING
2026-08-21,PGEN,6.0,0.01,0.021,MINOR,1,14.0,0.22,0.468,COMPRESSION,22,568.0,15,47,BULL_BOUNCE_PENDING,LONG,72.0,CONVICTION,CHOP,0.4702,NEUTRAL
2026-08-21,Q,6.0,4.76,0.673,CONVICTION,476,157.0,0.47,0.066,COMPRESSION,47,1262.0,50,57,BULL_BOUNCE_PENDING,LONG,92.6,CONVICTION,CHOP,7.0755,NEUTRAL
2026-08-21,PAAS,6.0,1.11,0.46,CONVICTION,111,110.0,4.38,1.814,CONVICTION,439,209.0,18,110,BEAR_REJECTION_PENDING,SHORT,73.3,CONVICTION,CHOP,2.4147,RISING
2026-08-21,PSNL,6.0,0.01,0.013,MINOR,2,96.0,0.1,0.132,COMPRESSION,10,444.0,8,41,BULL_BOUNCE_PENDING,LONG,82.0,CONVICTION,CHOP,0.7597,RISING
2026-08-21,RVTY,6.0,,,,,,0.16,0.039,COMPRESSION,16,332.0,0,29,BULL_BOUNCE_PENDING,LONG,48.0,MARGINAL,CHOP,4.0632,NEUTRAL
2026-08-21,RING,,6.21,1.859,CONVICTION,621,316.0,0.82,0.245,COMPRESSION,83,1191.0,9,60,BEAR_REJECTION_PENDING,SHORT,54.1,MARGINAL,CHOP,3.3413,FALLING
2026-08-21,RIO,,2.13,0.861,CONVICTION,213,124.0,3.36,1.359,CONVICTION,336,1382.0,19,91,BEAR_REJECTION_PENDING,SHORT,71.2,CONVICTION,CHOP,2.4731,FALLING
2026-08-21,SQM,,1.06,0.455,CONVICTION,106,243.0,0.19,0.081,COMPRESSION,19,38.0,22,89,BEAR_REJECTION_PENDING,SHORT,60.0,CONVICTION,CHOP,2.3314,RISING
2026-08-21,SCCO,6.0,0.1272,0.016,MINOR,13,138.0,4.53,0.584,CONVICTION,454,521.0,5,120,BULL_BOUNCE_CONFIRMED,LONG,73.0,CONVICTION,CHOP,7.7575,RISING
2026-08-21,SBSW,6.0,0.51,1.035,COMPRESSION,51,901.0,0.2,0.406,COMPRESSION,20,644.0,8,75,BULL_BOUNCE_PENDING,LONG,52.1,MARGINAL,CHOP,0.4929,RISING
2026-08-21,VALE,,0.27,0.658,COMPRESSION,27,595.0,0.18,0.438,COMPRESSION,18,699.0,31,58,BUY_LOWER_DIRTY,LONG,57.2,MARGINAL,CHOP,0.4105,RISING
2026-08-21,XOS,6.0,0.55,0.891,COMPRESSION,56,776.0,0.01,0.016,MINOR,2,609.0,13,10,BULL_BOUNCE_PENDING,LONG,48.5,MARGINAL,CHOP,0.617,RISING
2026-08-21,IPDN,,0.01,0.146,MINOR,2,762.0,,,,,,11,0,BEAR_REJECTION_PENDING,SHORT,60.2,CONVICTION,CHOP,0.0685,FALLING
2026-08-21,UNH,6.0,3.16,0.338,CONVICTION,317,341.0,2.25,0.24,CONVICTION,225,349.0,75,35,BULL_BOUNCE,LONG,58.0,MARGINAL,CHOP,9.3589,NEUTRAL
2026-08-21,CCUP,,,,,,,0.24,0.982,COMPRESSION,25,725.0,0,39,BULL_BOUNCE_PENDING,LONG,58.4,MARGINAL,CHOP,0.2445,RISING
2026-08-21,ADXN,,0.05,0.099,MINOR,5,446.0,,,,,,1,0,BEAR_REJECTION_PENDING,SHORT,45.8,MARGINAL,CHOP,0.505,FALLING
2026-08-21,AXTX,6.0,0.01,0.003,MINOR,1,1143.0,0.11,0.034,COMPRESSION,11,296.0,2,27,BEAR_REJECTION_PENDING,SHORT,50.0,MARGINAL,CHOP,3.2573,NEUTRAL
2026-08-21,GDXU,6.0,1.38,0.09,CONVICTION,138,1487.0,8.129,0.529,VACUUM,813,368.0,6,56,BEAR_REJECTION_PENDING,SHORT,67.8,CONVICTION,CHOP,15.3687,RISING
2026-08-21,BJ,,7.36,3.151,CONVICTION,736,272.0,0.81,0.347,COMPRESSION,82,269.0,8,53,BEAR_REJECTION_PENDING,SHORT,85.0,CONVICTION,CHOP,2.3361,FALLING
2026-08-21,NVMI,6.0,15.56,0.792,CONVICTION,1557,508.0,13.25,0.675,CONVICTION,1325,606.0,60,19,BULL_BOUNCE_PENDING,LONG,45.1,MARGINAL,CHOP,19.6434,RISING
2026-08-21,BA,6.0,1.33,0.216,CONVICTION,133,652.0,0.29,0.047,COMPRESSION,30,310.0,76,42,BEAR_REJECTION_PENDING,SHORT,46.0,MARGINAL,CHOP,6.1596,FALLING
2026-08-21,KNRX,,0.0215,0.573,MINOR,3,114.0,0.0039,0.104,MINOR,1,366.0,10,12,BEAR_REJECTION_PENDING,SHORT,58.8,MARGINAL,CHOP,0.0375,RISING
2026-08-21,HOWL,,0.0846,2.858,COMPRESSION,9,14.0,0.0023,0.078,MINOR,1,153.0,6,4,BULL_BOUNCE_PENDING,LONG,66.0,CONVICTION,CHOP,0.0296,RISING
2026-08-21,CAN,,,,,,,0.0388,1.432,COMPRESSION,4,555.0,0,35,BULL_BOUNCE_PENDING,LONG,42.0,MARGINAL,CHOP,0.0271,RISING
2026-08-21,SNSC,,0.0808,,COMPRESSION,9,1081.0,0.03,,COMPRESSION,4,1081.0,8,9,BULL_BOUNCE_PENDING,LONG,50.0,MARGINAL,CHOP,,
2026-08-21,PSN,6.0,0.38,0.194,MINOR,38,85.0,0.21,0.107,MINOR,22,26.0,20,20,BULL_BOUNCE_PENDING,LONG,53.0,MARGINAL,CHOP,1.9595,NEUTRAL
2026-08-21,USDE,6.0,,,,,,0.035,0.082,COMPRESSION,4,1452.0,0,6,BULL_BOUNCE_PENDING,LONG,73.0,CONVICTION,CHOP,0.4294,NEUTRAL
2026-08-21,RFAI,,0.79,1.352,COMPRESSION,79,553.0,3.8,6.502,VACUUM,380,1407.0,7,1,BULL_BOUNCE_PENDING,LONG,84.2,CONVICTION,CHOP,0.5844,RISING
2026-08-21,CRCG,,0.01,0.007,MINOR,1,929.0,1.35,0.954,CONVICTION,135,625.0,1,52,BULL_BOUNCE_PENDING,LONG,46.0,MARGINAL,CHOP,1.4149,RISING
2026-08-21,MSTX,,0.02,0.02,MINOR,3,1378.0,0.72,0.726,COMPRESSION,73,948.0,2,15,BULL_BOUNCE_PENDING,LONG,77.7,CONVICTION,CHOP,0.9921,RISING
2026-08-21,ZKH,,0.0415,0.451,COMPRESSION,5,506.0,0.09,0.978,COMPRESSION,9,316.0,3,46,BEAR_REJECTION_PENDING,SHORT,47.5,MARGINAL,CHOP,0.092,RISING
2026-08-21,KEYS,,10.0,0.697,CONVICTION,1000,900.0,3.38,0.236,CONVICTION,338,825.0,34,37,BEAR_REJECTION_PENDING,SHORT,55.1,MARGINAL,CHOP,14.3461,FALLING
2026-08-21,UPXI,6.0,0.05,0.79,COMPRESSION,5,800.0,0.0531,0.839,COMPRESSION,6,667.0,5,35,BULL_BOUNCE_PENDING,LONG,41.0,MARGINAL,CHOP,0.0633,RISING
2026-08-21,CYPH,6.0,0.03,0.306,COMPRESSION,4,682.0,0.08,0.817,COMPRESSION,8,1288.0,1,28,BULL_BOUNCE_PENDING,LONG,60.0,CONVICTION,CHOP,0.0979,RISING
2026-08-21,NBIL,6.0,4.02,0.655,CONVICTION,402,620.0,0.315,0.051,COMPRESSION,32,225.0,15,20,BULL_BOUNCE_PENDING,LONG,73.3,CONVICTION,CHOP,6.1413,FALLING
