date,ticker,clock_hour,gap_above_size,gap_above_atr_mult,gap_above_conviction,gap_above_tick_width,gap_above_distance_pct,gap_below_size,gap_below_atr_mult,gap_below_conviction,gap_below_tick_width,gap_below_distance_pct,n_gaps_above,n_gaps_below,setup_fired,side,score,tier,spy_regime,atr_14_daily,obv_state
2026-09-10,JMKE,6.0,0.03,0.026,COMPRESSION,4,710.0,0.81,0.693,COMPRESSION,81,156.0,24,38,BEAR_REJECTION_PENDING,SHORT,52.0,MARGINAL,HOSTILE,1.1696,RISING
2026-09-10,NEO,6.0,0.11,0.12,MINOR,11,560.0,0.17,0.186,COMPRESSION,18,1251.0,10,26,BEAR_REJECTION_PENDING,SHORT,56.5,MARGINAL,HOSTILE,0.9132,NEUTRAL
2026-09-10,NXE,6.0,0.34,0.719,MINOR,34,583.0,0.29,0.613,COMPRESSION,29,122.0,29,45,BEAR_REJECTION_PENDING,SHORT,44.0,MARGINAL,HOSTILE,0.4727,RISING
2026-09-10,GTLB,6.0,0.05,0.02,MINOR,5,40.0,1.0,0.395,CONVICTION,100,816.0,38,22,BEAR_REJECTION_PENDING,SHORT,51.4,MARGINAL,HOSTILE,2.5312,RISING
2026-09-10,STIM,6.0,0.05,0.287,COMPRESSION,5,492.0,0.395,2.264,COMPRESSION,40,1088.0,10,15,BEAR_REJECTION_PENDING,SHORT,57.2,MARGINAL,HOSTILE,0.1745,NEUTRAL
2026-09-10,GOLD,6.0,1.35,0.538,VACUUM,136,359.0,0.02,0.008,MINOR,2,639.0,11,37,BEAR_REJECTION_PENDING,SHORT,83.2,CONVICTION,HOSTILE,2.5082,FALLING
2026-09-10,FUBO,6.0,0.11,0.148,MINOR,12,306.0,0.2566,0.344,MINOR,26,259.0,39,19,BEAR_REJECTION_PENDING,SHORT,62.0,CONVICTION,HOSTILE,0.7451,RISING
2026-09-10,WGS,6.0,0.215,0.05,MINOR,22,657.0,1.92,0.444,VACUUM,193,895.0,26,29,BEAR_REJECTION_PENDING,SHORT,54.1,MARGINAL,HOSTILE,4.3216,NEUTRAL
2026-09-10,BNC,6.0,0.115,0.252,COMPRESSION,12,654.0,0.94,2.058,COMPRESSION,94,809.0,10,28,BEAR_REJECTION_PENDING,SHORT,62.3,CONVICTION,HOSTILE,0.4568,RISING
2026-09-10,DRTS,6.0,0.14,0.235,COMPRESSION,15,223.0,0.01,0.017,COMPRESSION,1,855.0,58,27,BEAR_REJECTION_PENDING,SHORT,46.0,MARGINAL,HOSTILE,0.5952,FALLING
2026-09-10,CTGO,,0.29,0.368,COMPRESSION,30,1198.0,0.99,1.257,COMPRESSION,99,268.0,53,53,BEAR_REJECTION_PENDING,SHORT,77.7,CONVICTION,HOSTILE,0.7874,RISING
2026-09-10,SNYR,6.0,0.0001,0.006,MINOR,1,228.0,0.0041,0.256,COMPRESSION,1,683.0,1,7,BEAR_REJECTION_PENDING,SHORT,59.0,MARGINAL,HOSTILE,0.016,NEUTRAL
2026-09-10,TNON,6.0,0.09,0.093,MINOR,9,1231.0,0.14,0.145,COMPRESSION,15,462.0,1,14,BEAR_REJECTION_PENDING,SHORT,58.1,MARGINAL,HOSTILE,0.9659,FALLING
2026-09-10,EHGO,6.0,0.01,0.092,MINOR,2,388.0,0.0201,0.184,COMPRESSION,3,414.0,2,24,BEAR_REJECTION_PENDING,SHORT,57.8,MARGINAL,HOSTILE,0.1092,NEUTRAL
2026-09-10,AEON,6.0,,,,,,0.0431,1.162,COMPRESSION,5,93.0,0,1,,,,NONE,HOSTILE,0.0371,NEUTRAL
2026-09-10,GRAB,6.0,0.025,0.2,COMPRESSION,3,1131.0,0.0003,0.002,MINOR,1,114.0,32,4,BEAR_REJECTION_PENDING,SHORT,45.0,MARGINAL,HOSTILE,0.125,FALLING
2026-09-10,AIM,6.0,0.0001,0.004,MINOR,1,1254.0,0.0004,0.015,MINOR,1,799.0,19,7,BEAR_REJECTION_PENDING,SHORT,62.0,CONVICTION,HOSTILE,0.0259,NEUTRAL
2026-09-10,OLB,6.0,0.0001,0.002,MINOR,1,902.0,0.002,0.047,MINOR,1,1075.0,24,5,BEAR_REJECTION_PENDING,SHORT,50.0,MARGINAL,HOSTILE,0.0423,RISING
2026-09-10,SABR,6.0,0.78,6.037,COMPRESSION,79,425.0,0.04,0.31,COMPRESSION,4,1085.0,13,14,BEAR_REJECTION_PENDING,SHORT,69.0,CONVICTION,HOSTILE,0.1292,NEUTRAL
2026-09-10,MGN,6.0,0.0001,0.0,MINOR,1,115.0,,,,,,1,0,BEAR_REJECTION_PENDING,SHORT,68.0,CONVICTION,HOSTILE,1.2313,FALLING
2026-09-10,AVAH,6.0,0.0111,0.019,MINOR,2,52.0,0.005,0.009,MINOR,1,71.0,15,16,BEAR_REJECTION_PENDING,SHORT,52.0,MARGINAL,HOSTILE,0.5856,NEUTRAL
2026-09-10,OCUL,6.0,0.1,0.199,MINOR,10,88.0,0.76,1.514,COMPRESSION,77,526.0,20,15,BEAR_REJECTION_PENDING,SHORT,63.4,CONVICTION,HOSTILE,0.5021,RISING
2026-09-10,GO,6.0,0.16,0.307,COMPRESSION,17,321.0,0.63,1.208,COMPRESSION,64,383.0,15,34,BEAR_REJECTION_PENDING,SHORT,60.2,CONVICTION,HOSTILE,0.5214,NEUTRAL
2026-09-10,PSNL,6.0,0.3,0.337,MINOR,31,671.0,0.1,0.112,COMPRESSION,10,299.0,45,17,BEAR_REJECTION_PENDING,SHORT,52.0,MARGINAL,HOSTILE,0.8909,NEUTRAL
2026-09-10,VSTM,6.0,0.07,0.164,COMPRESSION,8,127.0,0.01,0.023,COMPRESSION,2,1276.0,27,12,BEAR_REJECTION_PENDING,SHORT,66.3,CONVICTION,HOSTILE,0.4272,RISING
2026-09-10,ESTC,6.0,1.83,0.319,CONVICTION,183,402.0,3.395,0.592,CONVICTION,340,446.0,59,11,BEAR_REJECTION_PENDING,SHORT,75.4,CONVICTION,HOSTILE,5.7392,NEUTRAL
2026-09-10,HNST,6.0,0.105,0.374,COMPRESSION,11,397.0,0.055,0.196,COMPRESSION,6,314.0,48,26,BEAR_REJECTION_PENDING,SHORT,63.6,CONVICTION,HOSTILE,0.2808,RISING
2026-09-10,ACHV,6.0,0.02,0.049,COMPRESSION,2,31.0,0.01,0.025,COMPRESSION,1,1457.0,21,13,BEAR_REJECTION_PENDING,SHORT,62.3,CONVICTION,HOSTILE,0.405,NEUTRAL
2026-09-10,LIFE,6.0,0.125,0.046,MINOR,13,352.0,0.6,0.222,COMPRESSION,60,1022.0,4,21,BEAR_REJECTION_PENDING,SHORT,52.0,MARGINAL,HOSTILE,2.7025,NEUTRAL
2026-09-10,CTMX,6.0,0.05,0.243,MINOR,5,850.0,0.005,0.024,MINOR,1,255.0,12,26,BEAR_REJECTION_PENDING,SHORT,36.0,MARGINAL,HOSTILE,0.2054,RISING
2026-09-10,MRVI,6.0,0.02,0.04,COMPRESSION,3,299.0,0.977,1.934,COMPRESSION,98,524.0,64,9,BEAR_REJECTION_PENDING,SHORT,58.0,MARGINAL,HOSTILE,0.5051,FALLING
2026-09-10,PBF,6.0,0.43,0.106,MINOR,43,87.0,2.16,0.531,CONVICTION,216,97.0,6,54,BEAR_REJECTION_PENDING,SHORT,58.5,MARGINAL,HOSTILE,4.0705,RISING
2026-09-10,ZURA,6.0,0.09,0.206,MINOR,9,765.0,0.13,0.297,MINOR,13,91.0,66,5,BEAR_REJECTION_PENDING,SHORT,58.0,MARGINAL,HOSTILE,0.4374,NEUTRAL
2026-09-10,TWST,6.0,1.39,0.15,CONVICTION,139,1153.0,1.0,0.108,VACUUM,100,340.0,22,31,BEAR_REJECTION_PENDING,SHORT,64.0,CONVICTION,HOSTILE,9.2383,FALLING
2026-09-10,CLYM,6.0,0.02,0.015,MINOR,3,92.0,0.1986,0.151,MINOR,20,20.0,35,10,CHANNEL_TOP_REJECT,SHORT,54.0,MARGINAL,HOSTILE,1.3131,NEUTRAL
2026-09-10,MMED,6.0,0.1,0.092,MINOR,11,202.0,0.14,0.129,COMPRESSION,14,1037.0,16,23,BEAR_REJECTION_PENDING,SHORT,52.0,MARGINAL,HOSTILE,1.0862,RISING
2026-09-10,PLSE,6.0,0.0407,0.011,COMPRESSION,5,339.0,0.4459,0.125,COMPRESSION,45,669.0,36,34,BEAR_REJECTION_PENDING,SHORT,52.0,MARGINAL,HOSTILE,3.5575,RISING
2026-09-10,AMPL,6.0,0.11,0.171,COMPRESSION,11,420.0,0.22,0.343,COMPRESSION,23,1130.0,39,11,BEAR_REJECTION_PENDING,SHORT,58.0,MARGINAL,HOSTILE,0.6422,FALLING
2026-09-10,OMER,6.0,,,,,,2.94,3.529,CONVICTION,294,1418.0,0,40,,,,NONE,HOSTILE,0.8332,RISING
2026-09-10,EMBC,6.0,0.1,0.337,MINOR,10,645.0,0.02,0.067,COMPRESSION,3,1328.0,55,15,BEAR_REJECTION_PENDING,SHORT,69.3,CONVICTION,HOSTILE,0.2964,RISING
2026-09-10,AGEN,6.0,0.005,0.008,MINOR,1,13.0,0.01,0.017,COMPRESSION,1,1395.0,30,8,BEAR_REJECTION_PENDING,SHORT,59.2,MARGINAL,HOSTILE,0.5982,NEUTRAL
2026-09-10,ANF,6.0,0.22,0.025,MINOR,22,194.0,1.35,0.156,CONVICTION,135,410.0,9,42,BEAR_REJECTION_PENDING,SHORT,58.0,MARGINAL,HOSTILE,8.6353,NEUTRAL
2026-09-10,ANGX,6.0,0.0005,0.002,MINOR,1,495.0,0.05,0.199,COMPRESSION,5,813.0,1,32,BEAR_REJECTION_PENDING,SHORT,55.1,MARGINAL,HOSTILE,0.251,RISING
2026-09-10,PHVS,6.0,0.17,0.086,MINOR,18,138.0,0.22,0.111,MINOR,22,623.0,12,40,BEAR_REJECTION_PENDING,SHORT,51.7,MARGINAL,HOSTILE,1.9879,RISING
2026-09-10,HTFL,6.0,0.5,0.214,COMPRESSION,50,51.0,0.3,0.128,COMPRESSION,31,315.0,36,12,BEAR_REJECTION_PENDING,SHORT,81.8,CONVICTION,HOSTILE,2.3366,NEUTRAL
2026-09-10,TGTX,6.0,0.055,0.019,MINOR,6,81.0,0.0454,0.016,MINOR,5,703.0,29,30,BEAR_REJECTION_PENDING,SHORT,52.0,MARGINAL,HOSTILE,2.8382,RISING
2026-09-10,NEOV,6.0,0.03,0.08,MINOR,4,541.0,0.51,1.364,COMPRESSION,52,77.0,12,24,BEAR_REJECTION_PENDING,SHORT,57.0,MARGINAL,HOSTILE,0.3739,RISING
2026-09-10,SPT,6.0,0.165,0.304,COMPRESSION,17,1002.0,0.3,0.553,COMPRESSION,31,1234.0,54,26,BEAR_REJECTION_PENDING,SHORT,57.0,MARGINAL,HOSTILE,0.5427,NEUTRAL
2026-09-10,OABI,6.0,0.03,0.084,COMPRESSION,4,852.0,0.03,0.084,COMPRESSION,4,32.0,43,9,BEAR_REJECTION_PENDING,SHORT,59.6,MARGINAL,HOSTILE,0.3561,NEUTRAL
2026-09-10,CVI,6.0,,,,,,0.5,0.219,COMPRESSION,50,566.0,0,57,,,,NONE,HOSTILE,2.2856,RISING
2026-09-10,GH,6.0,1.69,0.207,VACUUM,169,348.0,1.37,0.168,CONVICTION,138,51.0,29,13,BEAR_REJECTION_PENDING,SHORT,58.0,MARGINAL,HOSTILE,8.1541,NEUTRAL
2026-09-10,FIVN,6.0,0.67,0.42,COMPRESSION,68,661.0,0.76,0.476,COMPRESSION,76,755.0,66,3,BEAR_REJECTION_PENDING,SHORT,80.9,CONVICTION,HOSTILE,1.5955,FALLING
2026-09-10,PGY,6.0,0.25,0.209,MINOR,25,73.0,0.433,0.361,COMPRESSION,44,908.0,26,27,BEAR_REJECTION_PENDING,SHORT,63.6,CONVICTION,HOSTILE,1.1984,NEUTRAL
2026-09-10,SUNE,6.0,0.0187,0.056,MINOR,2,131.0,0.01,0.03,COMPRESSION,1,550.0,14,5,BEAR_REJECTION_PENDING,SHORT,58.4,MARGINAL,HOSTILE,0.3314,NEUTRAL
2026-09-10,NNBR,6.0,0.085,0.449,MINOR,9,447.0,0.73,3.856,COMPRESSION,74,542.0,18,40,BEAR_REJECTION_PENDING,SHORT,52.0,MARGINAL,HOSTILE,0.1893,NEUTRAL
2026-09-10,APPN,6.0,0.97,0.449,COMPRESSION,97,1006.0,1.19,0.551,CONVICTION,120,700.0,55,19,BEAR_REJECTION_PENDING,SHORT,70.9,CONVICTION,HOSTILE,2.1596,NEUTRAL
2026-09-10,NMAX,6.0,0.08,0.15,COMPRESSION,9,988.0,0.06,0.112,MINOR,7,139.0,8,22,BEAR_REJECTION_PENDING,SHORT,48.0,MARGINAL,HOSTILE,0.5334,NEUTRAL
2026-09-10,WIX,6.0,1.05,0.2,CONVICTION,105,129.0,0.39,0.074,COMPRESSION,40,682.0,44,44,BEAR_REJECTION_PENDING,SHORT,60.0,CONVICTION,HOSTILE,5.2589,FALLING
2026-09-10,MRX,6.0,0.11,0.033,COMPRESSION,11,91.0,0.16,0.049,COMPRESSION,16,417.0,31,38,BEAR_REJECTION_PENDING,SHORT,55.2,MARGINAL,HOSTILE,3.2912,RISING
2026-09-10,QMCO,6.0,0.02,0.011,MINOR,2,292.0,0.06,0.032,MINOR,7,120.0,9,26,BEAR_REJECTION_PENDING,SHORT,52.0,MARGINAL,HOSTILE,1.8613,NEUTRAL
2026-09-10,IMNM,6.0,0.61,0.515,COMPRESSION,62,19.0,0.35,0.295,COMPRESSION,35,1050.0,70,8,BEAR_REJECTION_PENDING,SHORT,72.3,CONVICTION,HOSTILE,1.1856,NEUTRAL
2026-09-10,STDN,,0.1997,0.14,MINOR,20,1214.0,0.14,0.098,COMPRESSION,14,744.0,32,24,BEAR_REJECTION_PENDING,SHORT,55.0,MARGINAL,HOSTILE,1.4292,RISING
2026-09-10,PAYS,6.0,0.04,0.056,MINOR,5,313.0,0.15,0.208,COMPRESSION,16,321.0,29,39,BEAR_REJECTION_PENDING,SHORT,48.0,MARGINAL,HOSTILE,0.7198,NEUTRAL
2026-09-10,SLDB,6.0,0.16,0.304,MINOR,17,328.0,0.01,0.019,COMPRESSION,1,1121.0,58,29,BEAR_REJECTION_PENDING,SHORT,60.3,CONVICTION,HOSTILE,0.5264,NEUTRAL
2026-09-10,AUGO,6.0,1.98,0.422,CONVICTION,199,1245.0,0.98,0.209,COMPRESSION,99,975.0,33,58,BEAR_REJECTION_PENDING,SHORT,61.0,CONVICTION,HOSTILE,4.6864,FALLING
2026-09-10,EFOR,6.0,0.93,0.581,MINOR,93,461.0,0.67,0.418,COMPRESSION,67,487.0,12,32,BEAR_REJECTION_PENDING,SHORT,64.3,CONVICTION,HOSTILE,1.602,RISING
2026-09-10,VIRT,6.0,0.55,0.176,COMPRESSION,56,214.0,0.26,0.083,COMPRESSION,26,1481.0,53,17,BEAR_REJECTION_PENDING,SHORT,72.2,CONVICTION,HOSTILE,3.1201,NEUTRAL
2026-09-10,CECO,6.0,1.52,0.42,CONVICTION,152,1395.0,0.09,0.025,COMPRESSION,10,525.0,39,42,BEAR_REJECTION_PENDING,SHORT,28.0,MARGINAL,HOSTILE,3.6202,RISING
2026-09-10,WNC,6.0,0.15,0.215,COMPRESSION,15,499.0,0.04,0.057,COMPRESSION,5,1108.0,58,41,BEAR_REJECTION_PENDING,SHORT,60.6,CONVICTION,HOSTILE,0.6979,RISING
2026-09-10,FDMT,6.0,0.13,0.133,MINOR,14,183.0,0.01,0.01,COMPRESSION,1,1396.0,32,6,BEAR_REJECTION_PENDING,SHORT,64.1,CONVICTION,HOSTILE,0.9795,NEUTRAL
2026-09-10,MGTX,6.0,0.351,0.526,COMPRESSION,36,210.0,0.11,0.165,COMPRESSION,12,649.0,52,9,BEAR_REJECTION_PENDING,SHORT,69.4,CONVICTION,HOSTILE,0.667,FALLING
2026-09-10,ANRO,6.0,0.2,0.103,MINOR,21,182.0,0.01,0.005,MINOR,1,564.0,57,17,BEAR_REJECTION_PENDING,SHORT,52.2,MARGINAL,HOSTILE,1.9431,NEUTRAL
2026-09-10,PI,6.0,3.8,0.428,CONVICTION,380,202.0,8.19,0.922,CONVICTION,819,1045.0,52,26,BEAR_REJECTION_PENDING,SHORT,78.0,CONVICTION,HOSTILE,8.8857,RISING
2026-09-10,ZBIO,6.0,0.125,0.075,MINOR,13,98.0,0.13,0.078,MINOR,14,412.0,33,20,BEAR_REJECTION_PENDING,SHORT,52.0,MARGINAL,HOSTILE,1.6599,NEUTRAL
2026-09-10,OOMA,6.0,0.03,0.02,COMPRESSION,4,517.0,1.97,1.334,CONVICTION,197,149.0,27,56,BEAR_REJECTION_PENDING,SHORT,71.5,CONVICTION,HOSTILE,1.4763,FALLING
2026-09-10,SPCX,6.0,1.5,0.246,CONVICTION,150,807.0,1.935,0.317,CONVICTION,194,688.0,23,20,BEAR_REJECTION_PENDING,SHORT,72.8,CONVICTION,HOSTILE,6.1034,RISING
2026-09-10,BMNR,6.0,1.02,0.562,CONVICTION,102,1481.0,0.16,0.088,COMPRESSION,17,87.0,20,41,BEAR_REJECTION_PENDING,SHORT,74.2,CONVICTION,HOSTILE,1.8139,NEUTRAL
2026-09-10,APMD,6.0,0.5,0.18,COMPRESSION,50,249.0,0.6263,0.226,COMPRESSION,63,146.0,40,28,BEAR_REJECTION_PENDING,SHORT,70.9,CONVICTION,HOSTILE,2.7761,NEUTRAL
2026-09-10,IBTA,6.0,0.66,0.379,COMPRESSION,67,356.0,0.51,0.293,MINOR,52,1174.0,4,36,BEAR_REJECTION_PENDING,SHORT,67.4,CONVICTION,HOSTILE,1.7393,RISING
2026-09-10,PESI,6.0,0.05,0.052,MINOR,6,344.0,0.05,0.052,COMPRESSION,6,236.0,19,46,BEAR_REJECTION_PENDING,SHORT,56.3,MARGINAL,HOSTILE,0.9592,NEUTRAL
2026-09-10,VOGX,,0.09,0.02,COMPRESSION,9,573.0,,,,,,14,0,BEAR_REJECTION_PENDING,SHORT,59.6,MARGINAL,HOSTILE,4.3958,FALLING
2026-09-10,DAVE,6.0,2.7,0.127,CONVICTION,270,323.0,8.32,0.391,CONVICTION,832,1033.0,42,28,BEAR_REJECTION_PENDING,SHORT,58.0,MARGINAL,HOSTILE,21.2991,NEUTRAL
2026-09-10,CRCL,6.0,3.09,0.413,CONVICTION,310,1059.0,3.435,0.459,CONVICTION,344,5.0,31,40,BEAR_REJECTION_PENDING,SHORT,80.7,CONVICTION,HOSTILE,7.4826,FALLING
2026-09-10,NUTX,6.0,0.275,0.028,MINOR,28,36.0,2.59,0.264,CONVICTION,260,1145.0,4,52,BEAR_REJECTION_PENDING,SHORT,74.0,CONVICTION,HOSTILE,9.7953,FALLING
2026-09-10,FTH,6.0,0.5,0.158,COMPRESSION,50,31.0,0.01,0.003,COMPRESSION,1,465.0,62,31,BEAR_REJECTION_PENDING,SHORT,71.3,CONVICTION,HOSTILE,3.1584,RISING
2026-09-10,HOOD,6.0,3.485,0.464,CONVICTION,349,1466.0,6.81,0.907,CONVICTION,682,98.0,31,50,BEAR_REJECTION_PENDING,SHORT,77.9,CONVICTION,HOSTILE,7.5082,NEUTRAL
2026-09-10,EDRY,6.0,,,,,,0.07,0.014,COMPRESSION,8,748.0,0,67,,,,NONE,HOSTILE,5.0305,NEUTRAL
2026-09-10,MRVL,6.0,12.516,0.877,VACUUM,1252,532.0,3.45,0.242,CONVICTION,345,252.0,21,41,BEAR_REJECTION_PENDING,SHORT,46.0,MARGINAL,HOSTILE,14.2678,NEUTRAL
2026-09-10,NBIS,6.0,0.15,0.011,COMPRESSION,16,1446.0,32.77,2.409,CONVICTION,3278,373.0,47,56,BEAR_REJECTION_PENDING,SHORT,59.7,MARGINAL,HOSTILE,13.6019,RISING
2026-09-10,PNRG,,0.76,0.087,COMPRESSION,76,781.0,3.02,0.346,CONVICTION,302,1287.0,10,40,BEAR_REJECTION_PENDING,SHORT,52.0,MARGINAL,HOSTILE,8.7229,NEUTRAL
2026-09-10,SMCI,6.0,0.0911,0.042,MINOR,10,326.0,0.29,0.133,COMPRESSION,29,127.0,39,25,BEAR_REJECTION_PENDING,SHORT,62.0,CONVICTION,HOSTILE,2.1824,RISING
2026-09-10,MRNA,6.0,0.035,0.002,MINOR,4,222.0,0.6,0.038,MINOR,60,74.0,11,17,BEAR_REJECTION_PENDING,SHORT,64.0,CONVICTION,HOSTILE,15.6671,FALLING
2026-09-10,BE,6.0,8.57,0.532,VACUUM,857,329.0,1.27,0.079,CONVICTION,127,1024.0,33,22,SHORT_UPPER_DIRTY,SHORT,36.9,MARGINAL,HOSTILE,16.1233,RISING
2026-09-10,LITE,6.0,1.14,0.019,VACUUM,115,183.0,2.98,0.049,CONVICTION,298,860.0,21,48,BEAR_REJECTION_PENDING,SHORT,72.0,CONVICTION,HOSTILE,61.401,RISING
2026-09-10,DELL,6.0,1.37,0.048,VACUUM,138,1.0,3.61,0.127,CONVICTION,362,1386.0,30,35,BEAR_REJECTION_PENDING,SHORT,58.0,MARGINAL,HOSTILE,28.3937,RISING
2026-09-10,CRWD,6.0,3.25,0.245,CONVICTION,325,93.0,0.07,0.005,MINOR,7,254.0,12,11,BEAR_REJECTION_PENDING,SHORT,96.6,CONVICTION,HOSTILE,13.2528,FALLING
2026-09-10,YYGH,6.0,0.0099,0.041,MINOR,1,329.0,0.01,0.041,MINOR,2,329.0,4,10,BEAR_REJECTION_PENDING,SHORT,52.0,MARGINAL,HOSTILE,0.2411,RISING
2026-09-10,OTLK,6.0,0.0022,0.048,MINOR,1,169.0,0.0001,0.002,MINOR,1,261.0,9,15,BEAR_REJECTION_PENDING,SHORT,52.0,MARGINAL,HOSTILE,0.0454,NEUTRAL
2026-09-10,STX,6.0,60.83,1.378,CONVICTION,6084,503.0,31.37,0.711,CONVICTION,3138,49.0,53,51,BEAR_REJECTION_PENDING,SHORT,46.0,MARGINAL,HOSTILE,44.1459,NEUTRAL
2026-09-10,TSEM,6.0,1.52,0.145,VACUUM,152,60.0,4.49,0.428,CONVICTION,450,293.0,32,43,BEAR_REJECTION_PENDING,SHORT,61.5,CONVICTION,HOSTILE,10.4931,FALLING
2026-09-10,TGB,6.0,0.03,0.066,COMPRESSION,3,246.0,0.27,0.596,COMPRESSION,28,235.0,23,43,BEAR_REJECTION_PENDING,SHORT,58.0,MARGINAL,HOSTILE,0.4527,FALLING
2026-09-10,SPCE,6.0,0.23,1.679,COMPRESSION,23,1174.0,0.005,0.036,MINOR,1,268.0,25,11,BEAR_REJECTION_PENDING,SHORT,64.5,CONVICTION,HOSTILE,0.137,NEUTRAL
2026-09-10,RXT,6.0,0.13,0.547,MINOR,13,831.0,0.06,0.253,MINOR,7,554.0,6,14,BEAR_REJECTION_PENDING,SHORT,50.0,MARGINAL,HOSTILE,0.2375,NEUTRAL
2026-09-10,MBGL,6.0,0.07,0.101,COMPRESSION,8,225.0,0.33,0.474,COMPRESSION,33,210.0,37,3,BEAR_REJECTION_PENDING,SHORT,75.7,CONVICTION,HOSTILE,0.6964,RISING
2026-09-10,AREC,6.0,0.02,0.126,COMPRESSION,3,299.0,0.02,0.126,MINOR,3,1239.0,34,15,BEAR_REJECTION_PENDING,SHORT,68.4,CONVICTION,HOSTILE,0.1593,FALLING
2026-09-10,JHX,6.0,0.48,0.55,COMPRESSION,49,159.0,0.19,0.218,COMPRESSION,19,367.0,23,35,BEAR_REJECTION_PENDING,SHORT,81.6,CONVICTION,HOSTILE,0.8729,FALLING
2026-09-10,DNN,6.0,0.0049,0.026,MINOR,1,164.0,0.06,0.32,COMPRESSION,7,149.0,16,46,BEAR_REJECTION_PENDING,SHORT,52.0,MARGINAL,HOSTILE,0.1875,RISING
2026-09-10,FRMI,6.0,0.08,0.213,COMPRESSION,9,613.0,0.14,0.374,COMPRESSION,14,441.0,25,29,BEAR_REJECTION_PENDING,SHORT,40.0,MARGINAL,HOSTILE,0.3748,RISING
2026-09-10,AMKR,6.0,2.295,0.962,CONVICTION,230,1274.0,1.235,0.518,CONVICTION,124,338.0,22,74,BEAR_REJECTION_PENDING,SHORT,52.0,MARGINAL,HOSTILE,2.3857,RISING
2026-09-10,IAUX,6.0,0.16,1.889,COMPRESSION,16,500.0,0.02,0.236,COMPRESSION,3,56.0,11,30,BEAR_REJECTION_PENDING,SHORT,58.0,MARGINAL,HOSTILE,0.0847,FALLING
2026-09-10,TOI,6.0,0.08,0.211,COMPRESSION,9,164.0,0.01,0.026,MINOR,1,106.0,16,17,BEAR_REJECTION_PENDING,SHORT,67.0,CONVICTION,HOSTILE,0.3791,NEUTRAL
2026-09-10,QTEX,6.0,0.0399,0.521,MINOR,4,1371.0,0.0082,0.107,MINOR,1,202.0,42,9,BEAR_REJECTION_PENDING,SHORT,62.8,CONVICTION,HOSTILE,0.0766,NEUTRAL
2026-09-10,EOSE,6.0,0.01,0.029,MINOR,2,578.0,0.11,0.324,COMPRESSION,12,386.0,23,22,BEAR_REJECTION_PENDING,SHORT,50.0,MARGINAL,HOSTILE,0.3396,RISING
2026-09-10,EXK,6.0,0.02,0.033,COMPRESSION,2,18.0,0.05,0.082,COMPRESSION,6,1368.0,25,36,BEAR_REJECTION_PENDING,SHORT,52.0,MARGINAL,HOSTILE,0.6117,RISING
2026-09-10,MBLY,6.0,0.1,0.323,COMPRESSION,10,917.0,0.15,0.484,COMPRESSION,15,1418.0,43,11,BEAR_REJECTION_PENDING,SHORT,74.4,CONVICTION,HOSTILE,0.3099,FALLING
2026-09-10,QXO,6.0,0.04,0.074,COMPRESSION,4,710.0,0.0488,0.09,MINOR,5,1.0,55,5,BEAR_REJECTION_PENDING,SHORT,51.9,MARGINAL,HOSTILE,0.54,RISING
2026-09-10,UUUU,6.0,0.02,0.023,MINOR,2,587.0,0.02,0.023,MINOR,2,34.0,25,36,BEAR_REJECTION_PENDING,SHORT,52.0,MARGINAL,HOSTILE,0.8813,RISING
2026-09-10,PMI,6.0,0.0746,0.038,MINOR,8,187.0,0.0181,0.009,MINOR,2,6.0,23,13,BEAR_REJECTION_PENDING,SHORT,62.0,CONVICTION,HOSTILE,1.9412,NEUTRAL
2026-09-10,B,6.0,0.09,0.059,COMPRESSION,10,13.0,0.29,0.189,COMPRESSION,29,608.0,40,40,BEAR_REJECTION_PENDING,SHORT,44.5,MARGINAL,HOSTILE,1.5374,NEUTRAL
2026-09-10,DX,6.0,0.09,0.562,COMPRESSION,9,918.0,0.04,0.25,COMPRESSION,5,553.0,24,6,BEAR_REJECTION_PENDING,SHORT,74.6,CONVICTION,HOSTILE,0.16,RISING
2026-09-10,U,6.0,0.12,0.073,COMPRESSION,12,965.0,0.02,0.012,MINOR,2,138.0,30,37,BEAR_REJECTION_PENDING,SHORT,58.0,MARGINAL,HOSTILE,1.6455,FALLING
2026-09-10,QUBT,6.0,0.3,0.708,COMPRESSION,31,721.0,0.325,0.767,MINOR,33,553.0,31,15,BEAR_REJECTION_PENDING,SHORT,70.2,CONVICTION,HOSTILE,0.4239,NEUTRAL
2026-09-10,NUAI,6.0,0.11,0.226,MINOR,12,1101.0,0.19,0.39,MINOR,19,1437.0,11,31,BEAR_REJECTION_PENDING,SHORT,51.7,MARGINAL,HOSTILE,0.4878,RISING
2026-09-10,FAST,6.0,0.18,0.172,COMPRESSION,18,239.0,0.12,0.115,COMPRESSION,13,683.0,26,19,BEAR_REJECTION_PENDING,SHORT,64.0,CONVICTION,HOSTILE,1.0446,FALLING
2026-09-10,SGLY,6.0,0.02,0.043,MINOR,3,1094.0,0.02,0.043,MINOR,3,1406.0,20,16,BEAR_REJECTION_PENDING,SHORT,52.0,MARGINAL,HOSTILE,0.4642,NEUTRAL
2026-09-10,GPUS,6.0,0.0148,0.312,COMPRESSION,2,1119.0,0.0011,0.023,COMPRESSION,1,441.0,3,11,BEAR_REJECTION_PENDING,SHORT,58.9,MARGINAL,HOSTILE,0.0474,FALLING
2026-09-10,ORC,6.0,0.13,1.29,COMPRESSION,14,46.0,0.13,1.29,COMPRESSION,13,413.0,27,4,BEAR_REJECTION_PENDING,SHORT,44.0,MARGINAL,HOSTILE,0.1008,FALLING
2026-09-10,JOBY,6.0,0.005,0.018,MINOR,1,356.0,0.27,0.963,MINOR,28,464.0,50,3,BEAR_REJECTION_PENDING,SHORT,52.0,MARGINAL,HOSTILE,0.2804,RISING
2026-09-10,BTE,6.0,0.0049,0.03,MINOR,1,580.0,0.08,0.488,COMPRESSION,9,80.0,9,47,BEAR_REJECTION_PENDING,SHORT,52.0,MARGINAL,HOSTILE,0.1638,RISING
2026-09-10,OFAL,6.0,0.0926,0.68,COMPRESSION,10,786.0,0.016,0.118,MINOR,2,450.0,46,18,BEAR_REJECTION_PENDING,SHORT,64.1,CONVICTION,HOSTILE,0.1361,RISING
2026-09-10,BTBT,6.0,0.01,0.069,MINOR,2,61.0,0.02,0.138,COMPRESSION,3,1455.0,7,19,BEAR_REJECTION_PENDING,SHORT,62.0,CONVICTION,HOSTILE,0.1453,RISING
2026-09-10,LCID,6.0,0.09,0.25,COMPRESSION,9,1415.0,0.01,0.028,MINOR,1,46.0,24,5,BEAR_REJECTION_PENDING,SHORT,73.6,CONVICTION,HOSTILE,0.3606,FALLING
2026-09-10,FFAI,6.0,0.02,0.083,MINOR,3,9.0,0.0101,0.042,MINOR,2,158.0,14,6,BEAR_REJECTION_PENDING,SHORT,71.1,CONVICTION,HOSTILE,0.2404,FALLING
2026-09-10,REI,6.0,0.005,0.084,MINOR,1,333.0,0.01,0.168,COMPRESSION,2,1267.0,2,17,BEAR_REJECTION_PENDING,SHORT,52.0,MARGINAL,HOSTILE,0.0595,RISING
2026-09-10,ARBE,6.0,0.005,0.087,MINOR,1,37.0,0.1584,2.74,COMPRESSION,16,101.0,9,35,BEAR_REJECTION_PENDING,SHORT,52.0,MARGINAL,HOSTILE,0.0578,RISING
2026-09-10,ORBS,6.0,0.0084,0.086,MINOR,1,313.0,0.0823,0.841,COMPRESSION,9,239.0,15,32,BEAR_REJECTION_PENDING,SHORT,52.0,MARGINAL,HOSTILE,0.0979,RISING
2026-09-10,RR,6.0,0.01,0.071,MINOR,2,176.0,0.01,0.071,MINOR,2,941.0,22,12,BEAR_REJECTION_PENDING,SHORT,75.5,CONVICTION,HOSTILE,0.1418,FALLING
2026-09-10,GPRO,6.0,0.005,0.02,COMPRESSION,1,582.0,0.3538,1.436,COMPRESSION,36,1023.0,24,12,BEAR_REJECTION_PENDING,SHORT,62.0,CONVICTION,HOSTILE,0.2463,RISING
2026-09-10,PLUG,6.0,0.01,0.089,MINOR,2,46.0,0.27,2.391,COMPRESSION,27,459.0,14,14,BEAR_REJECTION_PENDING,SHORT,28.0,MARGINAL,HOSTILE,0.1129,RISING
2026-09-10,SLB,6.0,0.01,0.005,MINOR,1,458.0,0.23,0.114,COMPRESSION,23,1152.0,20,51,BEAR_REJECTION_PENDING,SHORT,52.4,MARGINAL,HOSTILE,2.0215,RISING
2026-09-10,MVST,6.0,0.0003,0.007,COMPRESSION,1,812.0,0.0296,0.659,MINOR,3,299.0,49,6,BEAR_REJECTION_PENDING,SHORT,34.0,MARGINAL,HOSTILE,0.0449,RISING
2026-09-10,LUMN,6.0,0.13,0.391,COMPRESSION,13,1087.0,0.05,0.15,COMPRESSION,5,558.0,9,40,BEAR_REJECTION_PENDING,SHORT,54.1,MARGINAL,HOSTILE,0.3328,RISING
2026-09-10,DNLI,6.0,0.49,0.573,COMPRESSION,50,102.0,0.22,0.257,COMPRESSION,22,1256.0,58,20,BEAR_REJECTION_PENDING,SHORT,79.0,CONVICTION,HOSTILE,0.8555,FALLING
2026-09-10,NXTC,6.0,0.01,0.013,MINOR,1,136.0,0.0229,0.029,MINOR,3,1411.0,16,3,BEAR_REJECTION_PENDING,SHORT,52.0,MARGINAL,HOSTILE,0.7778,NEUTRAL
2026-09-10,COTY,6.0,0.04,0.247,MINOR,4,112.0,0.05,0.309,COMPRESSION,5,1004.0,24,9,BEAR_REJECTION_PENDING,SHORT,70.6,CONVICTION,HOSTILE,0.162,NEUTRAL
2026-09-10,SOC,6.0,0.07,0.218,COMPRESSION,8,123.0,0.18,0.559,COMPRESSION,18,58.0,6,22,BEAR_REJECTION_PENDING,SHORT,73.8,CONVICTION,HOSTILE,0.3218,RISING
2026-09-10,KOS,6.0,0.005,0.033,MINOR,1,1057.0,0.02,0.132,COMPRESSION,3,1064.0,13,21,BEAR_REJECTION_PENDING,SHORT,52.0,MARGINAL,HOSTILE,0.1513,NEUTRAL
2026-09-10,VMAR,6.0,0.192,0.148,COMPRESSION,20,1055.0,0.14,0.108,MINOR,14,243.0,39,30,BEAR_REJECTION_PENDING,SHORT,62.0,CONVICTION,HOSTILE,1.298,RISING
2026-09-10,CMCSA,6.0,0.18,0.269,COMPRESSION,18,691.0,0.47,0.701,COMPRESSION,47,73.0,33,19,BEAR_REJECTION_PENDING,SHORT,55.0,MARGINAL,HOSTILE,0.67,FALLING
2026-09-10,LAES,6.0,0.02,0.19,MINOR,3,83.0,0.02,0.19,MINOR,3,83.0,21,13,BEAR_REJECTION_PENDING,SHORT,54.9,MARGINAL,HOSTILE,0.1053,FALLING
2026-09-10,KTOS,6.0,0.305,0.121,COMPRESSION,31,906.0,0.6,0.239,COMPRESSION,61,1154.0,39,14,BEAR_REJECTION_PENDING,SHORT,57.5,MARGINAL,HOSTILE,2.5106,FALLING
2026-09-10,VIVK,6.0,0.0025,0.018,MINOR,1,393.0,0.0045,0.033,MINOR,1,1235.0,16,13,BEAR_REJECTION_PENDING,SHORT,62.0,CONVICTION,HOSTILE,0.1374,RISING
2026-09-10,OPEN,6.0,0.02,0.142,MINOR,3,399.0,0.0009,0.006,MINOR,1,116.0,23,5,BEAR_REJECTION_PENDING,SHORT,71.8,CONVICTION,HOSTILE,0.1404,FALLING
2026-09-10,CNH,6.0,0.005,0.008,MINOR,1,151.0,0.21,0.327,COMPRESSION,21,1269.0,6,32,BEAR_REJECTION_PENDING,SHORT,55.5,MARGINAL,HOSTILE,0.6429,RISING
2026-09-10,GLXY,6.0,0.99,0.558,CONVICTION,100,972.0,0.54,0.305,COMPRESSION,55,199.0,35,20,BEAR_REJECTION_PENDING,SHORT,83.8,CONVICTION,HOSTILE,1.7727,RISING
2026-09-10,TE,6.0,0.03,0.081,MINOR,4,183.0,0.18,0.483,COMPRESSION,19,265.0,15,20,BEAR_REJECTION_PENDING,SHORT,42.0,MARGINAL,HOSTILE,0.3725,FALLING
2026-09-10,BYND,6.0,0.1,0.119,MINOR,10,1237.0,0.0486,0.058,MINOR,5,56.0,31,2,BEAR_REJECTION_PENDING,SHORT,67.3,CONVICTION,HOSTILE,0.8432,FALLING
2026-09-10,WMT,6.0,7.92,2.99,CONVICTION,793,6.0,0.23,0.087,COMPRESSION,24,855.0,40,30,BEAR_REJECTION_PENDING,SHORT,67.0,CONVICTION,HOSTILE,2.649,RISING
2026-09-10,IOVA,6.0,0.035,0.066,COMPRESSION,4,206.0,0.03,0.056,COMPRESSION,4,200.0,24,31,BEAR_REJECTION_PENDING,SHORT,52.0,MARGINAL,HOSTILE,0.5313,RISING
2026-09-10,CLSK,6.0,0.005,0.005,COMPRESSION,1,1463.0,0.01,0.011,COMPRESSION,1,350.0,22,28,BEAR_REJECTION_PENDING,SHORT,52.0,MARGINAL,HOSTILE,0.9322,RISING
2026-09-10,SNAP,6.0,0.03,0.093,COMPRESSION,3,264.0,0.09,0.279,COMPRESSION,9,981.0,26,13,BEAR_REJECTION_PENDING,SHORT,72.9,CONVICTION,HOSTILE,0.3228,RISING
2026-09-10,OCGN,6.0,0.009,0.119,MINOR,1,717.0,0.0116,0.153,MINOR,2,1417.0,10,11,BEAR_REJECTION_PENDING,SHORT,68.0,CONVICTION,HOSTILE,0.0757,FALLING
2026-09-10,AEG,6.0,0.01,0.074,MINOR,1,22.0,0.13,0.957,COMPRESSION,13,330.0,22,53,BEAR_REJECTION_PENDING,SHORT,54.4,MARGINAL,HOSTILE,0.1358,NEUTRAL
2026-09-10,PFE,6.0,0.435,0.746,COMPRESSION,44,63.0,0.14,0.24,COMPRESSION,14,966.0,47,62,BEAR_REJECTION_PENDING,SHORT,75.9,CONVICTION,HOSTILE,0.5833,RISING
2026-09-10,KO,6.0,0.155,0.121,COMPRESSION,16,177.0,0.825,0.642,COMPRESSION,83,554.0,21,75,BEAR_REJECTION_PENDING,SHORT,69.9,CONVICTION,HOSTILE,1.2857,NEUTRAL
2026-09-10,T,6.0,0.14,0.292,COMPRESSION,15,135.0,0.15,0.313,COMPRESSION,15,119.0,33,51,BEAR_REJECTION_PENDING,SHORT,81.8,CONVICTION,HOSTILE,0.4793,FALLING
2026-09-10,COUR,6.0,0.02,0.072,COMPRESSION,2,885.0,0.0799,0.289,MINOR,8,19.0,64,6,BEAR_REJECTION_PENDING,SHORT,56.0,MARGINAL,HOSTILE,0.2765,FALLING
2026-09-10,SBET,6.0,0.24,0.411,COMPRESSION,25,1045.0,0.04,0.068,COMPRESSION,5,430.0,14,33,BEAR_REJECTION_PENDING,SHORT,59.6,MARGINAL,HOSTILE,0.5843,NEUTRAL
2026-09-10,TSHA,6.0,0.03,0.11,COMPRESSION,3,315.0,0.03,0.11,COMPRESSION,4,1222.0,32,6,BEAR_REJECTION_PENDING,SHORT,68.0,CONVICTION,HOSTILE,0.2721,FALLING
2026-09-10,KDP,6.0,2.33,3.522,CONVICTION,233,78.0,0.18,0.272,COMPRESSION,18,19.0,36,46,BEAR_REJECTION_PENDING,SHORT,40.4,MARGINAL,HOSTILE,0.6616,RISING
2026-09-10,ACHR,6.0,0.09,0.32,COMPRESSION,9,1129.0,0.13,0.462,COMPRESSION,13,394.0,36,23,BEAR_REJECTION_PENDING,SHORT,58.0,MARGINAL,HOSTILE,0.2811,RISING
2026-09-10,NU,6.0,0.15,0.261,COMPRESSION,16,107.0,0.07,0.122,COMPRESSION,7,1491.0,38,31,BEAR_REJECTION_PENDING,SHORT,64.8,CONVICTION,HOSTILE,0.5755,RISING
2026-09-10,PURR,6.0,0.15,0.11,COMPRESSION,16,141.0,0.39,0.286,COMPRESSION,40,752.0,36,24,BEAR_REJECTION_PENDING,SHORT,66.5,CONVICTION,HOSTILE,1.3654,NEUTRAL
2026-09-10,XE,6.0,0.785,0.511,COMPRESSION,79,1335.0,0.25,0.163,COMPRESSION,25,1466.0,33,13,BEAR_REJECTION_PENDING,SHORT,77.0,CONVICTION,HOSTILE,1.537,FALLING
2026-09-10,ABT,6.0,0.93,0.342,COMPRESSION,93,613.0,1.03,0.379,CONVICTION,104,96.0,45,28,BEAR_REJECTION_PENDING,SHORT,75.6,CONVICTION,HOSTILE,2.7168,FALLING
2026-09-10,GIS,6.0,0.26,0.218,COMPRESSION,26,461.0,0.18,0.151,COMPRESSION,18,231.0,64,22,BEAR_REJECTION_PENDING,SHORT,54.7,MARGINAL,HOSTILE,1.1954,FALLING
2026-09-10,BULL,6.0,0.005,0.008,MINOR,1,170.0,0.11,0.173,COMPRESSION,11,202.0,16,19,BEAR_REJECTION_PENDING,SHORT,52.0,MARGINAL,HOSTILE,0.6345,NEUTRAL
2026-09-10,BAX,6.0,0.24,0.319,COMPRESSION,24,492.0,0.22,0.292,COMPRESSION,22,701.0,58,31,BEAR_REJECTION_PENDING,SHORT,72.8,CONVICTION,HOSTILE,0.7532,NEUTRAL
2026-09-10,MOS,6.0,0.37,0.32,MINOR,37,371.0,0.295,0.255,COMPRESSION,30,2.0,18,61,BEAR_REJECTION_PENDING,SHORT,55.3,MARGINAL,HOSTILE,1.1579,RISING
2026-09-10,ET,6.0,0.0007,0.002,MINOR,1,2.0,0.14,0.47,COMPRESSION,15,115.0,1,47,BEAR_REJECTION_PENDING,SHORT,52.0,MARGINAL,HOSTILE,0.2978,NEUTRAL
2026-09-10,WFC,6.0,0.85,0.462,COMPRESSION,86,551.0,0.51,0.277,COMPRESSION,51,1454.0,5,74,BEAR_REJECTION_PENDING,SHORT,67.8,CONVICTION,HOSTILE,1.8396,RISING
2026-09-10,ORCL,6.0,1.98,0.305,CONVICTION,198,1314.0,4.74,0.731,CONVICTION,475,146.0,48,67,BEAR_REJECTION_PENDING,SHORT,71.7,CONVICTION,HOSTILE,6.4846,RISING
2026-09-10,SMR,6.0,0.11,0.162,COMPRESSION,11,1218.0,0.27,0.399,COMPRESSION,28,803.0,8,39,BEAR_REJECTION_PENDING,SHORT,50.8,MARGINAL,HOSTILE,0.6775,RISING
2026-09-10,POET,6.0,0.62,1.436,COMPRESSION,63,1044.0,0.14,0.324,COMPRESSION,14,604.0,42,27,BEAR_REJECTION_PENDING,SHORT,60.4,CONVICTION,HOSTILE,0.4318,RISING
2026-09-10,PCG,6.0,0.005,0.004,MINOR,1,139.0,0.005,0.004,MINOR,1,187.0,19,26,BEAR_REJECTION_PENDING,SHORT,41.8,MARGINAL,HOSTILE,1.1128,FALLING
2026-09-10,FTNT,6.0,0.4,0.058,MINOR,41,627.0,2.13,0.308,CONVICTION,213,1075.0,38,24,BEAR_REJECTION_PENDING,SHORT,78.0,CONVICTION,HOSTILE,6.9077,NEUTRAL
2026-09-10,RCAT,6.0,0.26,0.486,COMPRESSION,26,1319.0,0.2,0.374,MINOR,21,48.0,49,17,BEAR_REJECTION_PENDING,SHORT,38.0,MARGINAL,HOSTILE,0.5352,NEUTRAL
2026-09-10,KHC,6.0,0.07,0.113,COMPRESSION,8,45.0,0.04,0.064,COMPRESSION,4,377.0,52,32,BEAR_REJECTION_PENDING,SHORT,66.7,CONVICTION,HOSTILE,0.6207,NEUTRAL
2026-09-10,TFC,6.0,0.27,0.294,COMPRESSION,27,32.0,0.11,0.12,COMPRESSION,11,1399.0,44,47,BEAR_REJECTION_PENDING,SHORT,63.9,CONVICTION,HOSTILE,0.9171,NEUTRAL
2026-09-10,BAC,6.0,0.005,0.005,MINOR,1,176.0,0.03,0.027,COMPRESSION,4,474.0,17,52,BEAR_REJECTION_PENDING,SHORT,40.0,MARGINAL,HOSTILE,1.1086,RISING
2026-09-10,MSTR,6.0,10.625,1.076,CONVICTION,1063,1254.0,1.255,0.127,CONVICTION,126,254.0,44,30,BEAR_REJECTION_PENDING,SHORT,74.0,CONVICTION,HOSTILE,9.8756,FALLING
2026-09-10,JPM,6.0,1.54,0.265,VACUUM,154,7.0,1.87,0.322,CONVICTION,187,518.0,13,66,BEAR_REJECTION_PENDING,SHORT,77.8,CONVICTION,HOSTILE,5.8089,NEUTRAL
2026-09-10,RDW,6.0,0.27,0.458,COMPRESSION,27,940.0,0.14,0.237,COMPRESSION,15,19.0,52,28,BEAR_REJECTION_PENDING,SHORT,47.3,MARGINAL,HOSTILE,0.5897,NEUTRAL
2026-09-10,S,6.0,0.14,0.13,COMPRESSION,15,149.0,0.22,0.205,COMPRESSION,23,87.0,25,17,BEAR_REJECTION_PENDING,SHORT,64.0,CONVICTION,HOSTILE,1.074,NEUTRAL
2026-09-10,AVTR,6.0,0.18,0.394,COMPRESSION,18,760.0,1.96,4.285,CONVICTION,197,330.0,13,28,BEAR_REJECTION_PENDING,SHORT,58.6,MARGINAL,HOSTILE,0.4574,NEUTRAL
2026-09-10,CLF,6.0,0.07,0.115,COMPRESSION,8,918.0,0.1,0.164,MINOR,11,372.0,24,31,BEAR_REJECTION_PENDING,SHORT,58.0,MARGINAL,HOSTILE,0.6106,NEUTRAL
2026-09-10,JNJ,6.0,3.85,0.723,CONVICTION,386,160.0,3.39,0.637,CONVICTION,340,701.0,46,56,BEAR_REJECTION_PENDING,SHORT,44.0,MARGINAL,HOSTILE,5.3246,NEUTRAL
2026-09-10,ARI,6.0,3.52,37.367,CONVICTION,352,400.0,0.03,0.318,MINOR,4,326.0,25,6,BEAR_REJECTION_PENDING,SHORT,62.0,CONVICTION,HOSTILE,0.0942,RISING
2026-09-10,TSCO,6.0,0.05,0.051,COMPRESSION,6,619.0,0.275,0.278,COMPRESSION,28,182.0,33,23,BEAR_REJECTION_PENDING,SHORT,58.0,MARGINAL,HOSTILE,0.9894,NEUTRAL
2026-09-10,EQX,6.0,0.58,1.041,COMPRESSION,59,692.0,0.13,0.233,COMPRESSION,14,879.0,42,58,CHANNEL_TOP_REJECT,SHORT,34.0,MARGINAL,HOSTILE,0.557,FALLING
2026-09-10,CAG,6.0,0.02,0.053,COMPRESSION,2,225.0,0.14,0.368,MINOR,14,13.0,41,35,CHANNEL_BREAKDOWN_SHORT,SHORT,46.0,MARGINAL,HOSTILE,0.3807,FALLING
2026-09-10,OKTA,6.0,0.0367,0.004,MINOR,4,5.0,31.73,3.272,CONVICTION,3174,377.0,10,53,BEAR_REJECTION_PENDING,SHORT,52.0,MARGINAL,HOSTILE,9.6975,NEUTRAL
2026-09-10,VZ,6.0,0.08,0.101,COMPRESSION,9,48.0,0.3,0.377,COMPRESSION,30,241.0,15,37,BEAR_REJECTION_PENDING,SHORT,57.0,MARGINAL,HOSTILE,0.7951,RISING
2026-09-10,NTSK,6.0,0.56,0.594,COMPRESSION,57,590.0,0.17,0.18,COMPRESSION,17,1139.0,14,17,BEAR_REJECTION_PENDING,SHORT,56.6,MARGINAL,HOSTILE,0.9431,NEUTRAL
2026-09-10,BKD,6.0,0.17,0.452,COMPRESSION,17,48.0,0.04,0.106,COMPRESSION,5,1096.0,11,24,BEAR_REJECTION_PENDING,SHORT,42.6,MARGINAL,HOSTILE,0.376,RISING
2026-09-10,COIN,6.0,0.05,0.004,MINOR,6,206.0,12.15,0.956,CONVICTION,1216,95.0,50,9,BEAR_REJECTION_PENDING,SHORT,68.0,CONVICTION,HOSTILE,12.7094,FALLING
2026-09-10,SOFI,6.0,0.04,0.046,COMPRESSION,5,334.0,0.08,0.092,COMPRESSION,8,500.0,37,16,BEAR_REJECTION_PENDING,SHORT,60.8,CONVICTION,HOSTILE,0.8657,RISING
2026-09-10,CVE,6.0,0.2112,0.218,MINOR,22,18.0,0.755,0.781,COMPRESSION,76,171.0,2,73,BEAR_REJECTION_PENDING,SHORT,52.0,MARGINAL,HOSTILE,0.9667,RISING
2026-09-10,NOW,6.0,4.54,0.695,CONVICTION,454,397.0,3.28,0.502,CONVICTION,329,1292.0,58,38,BEAR_REJECTION_PENDING,SHORT,62.0,CONVICTION,HOSTILE,6.5285,NEUTRAL
2026-09-10,NFLX,6.0,0.7,0.334,COMPRESSION,71,132.0,1.06,0.505,CONVICTION,107,493.0,38,50,BEAR_REJECTION_PENDING,SHORT,87.6,CONVICTION,HOSTILE,2.0981,FALLING
2026-09-10,HTZ,6.0,0.025,0.161,MINOR,3,335.0,0.26,1.677,COMPRESSION,26,1292.0,29,5,BEAR_REJECTION_PENDING,SHORT,70.1,CONVICTION,HOSTILE,0.155,RISING
2026-09-10,KVUE,6.0,0.115,0.329,COMPRESSION,12,434.0,1.78,5.096,CONVICTION,178,543.0,52,14,BEAR_REJECTION_PENDING,SHORT,70.5,CONVICTION,HOSTILE,0.3493,FALLING
2026-09-10,HL,6.0,0.48,0.48,MINOR,49,206.0,0.13,0.13,COMPRESSION,13,1127.0,15,74,BEAR_REJECTION_PENDING,SHORT,39.2,MARGINAL,HOSTILE,0.9998,NEUTRAL
2026-09-10,MS,6.0,0.24,0.051,MINOR,25,146.0,1.82,0.386,CONVICTION,182,583.0,17,62,BEAR_REJECTION_PENDING,SHORT,71.3,CONVICTION,HOSTILE,4.7155,NEUTRAL
2026-09-10,DOW,6.0,1.14,1.065,CONVICTION,115,1073.0,0.22,0.205,COMPRESSION,23,674.0,63,10,BEAR_REJECTION_PENDING,SHORT,63.4,CONVICTION,HOSTILE,1.0707,RISING
2026-09-10,XOM,6.0,3.89,1.141,CONVICTION,389,53.0,0.67,0.197,COMPRESSION,68,260.0,7,160,BEAR_REJECTION_PENDING,SHORT,96.7,CONVICTION,HOSTILE,3.4086,FALLING
2026-09-10,LYFT,6.0,0.12,0.171,COMPRESSION,12,1074.0,0.23,0.328,COMPRESSION,24,374.0,47,21,BEAR_REJECTION_PENDING,SHORT,44.4,MARGINAL,HOSTILE,0.702,FALLING
2026-09-10,ARR,6.0,0.275,1.257,COMPRESSION,28,133.0,0.16,0.731,COMPRESSION,17,197.0,27,17,BEAR_REJECTION_PENDING,SHORT,83.0,CONVICTION,HOSTILE,0.2188,FALLING
2026-09-10,RF,6.0,0.02,0.038,COMPRESSION,2,63.0,0.07,0.132,COMPRESSION,8,413.0,21,37,BEAR_REJECTION_PENDING,SHORT,58.0,MARGINAL,HOSTILE,0.5295,FALLING
2026-09-10,C,6.0,0.26,0.095,COMPRESSION,26,494.0,1.26,0.459,VACUUM,127,292.0,12,63,BEAR_REJECTION_PENDING,SHORT,54.6,MARGINAL,HOSTILE,2.7439,RISING
2026-09-10,IAG,6.0,1.73,1.963,CONVICTION,174,932.0,0.2,0.227,COMPRESSION,20,1019.0,27,105,BEAR_REJECTION_PENDING,SHORT,48.0,MARGINAL,HOSTILE,0.8814,NEUTRAL
2026-09-10,AXTI,6.0,0.42,0.068,MINOR,43,186.0,2.84,0.46,CONVICTION,285,419.0,28,24,BEAR_REJECTION_PENDING,SHORT,52.0,MARGINAL,HOSTILE,6.1767,RISING
2026-09-10,OXY,6.0,0.085,0.061,COMPRESSION,9,259.0,0.715,0.509,COMPRESSION,72,39.0,10,100,BEAR_REJECTION_PENDING,SHORT,55.8,MARGINAL,HOSTILE,1.4039,RISING
2026-09-10,MDT,6.0,2.63,1.172,CONVICTION,263,563.0,1.42,0.633,CONVICTION,143,533.0,37,42,BEAR_REJECTION_PENDING,SHORT,52.5,MARGINAL,HOSTILE,2.2446,RISING
2026-09-10,DKNG,6.0,0.43,0.387,COMPRESSION,44,423.0,0.725,0.653,COMPRESSION,73,390.0,55,28,BEAR_REJECTION_PENDING,SHORT,56.0,MARGINAL,HOSTILE,1.1106,FALLING
2026-09-10,KEY,6.0,0.1599,0.42,MINOR,16,134.0,0.1,0.262,COMPRESSION,11,534.0,27,39,BEAR_REJECTION_PENDING,SHORT,58.0,MARGINAL,HOSTILE,0.3811,RISING
2026-09-10,VST,6.0,3.16,0.684,CONVICTION,317,158.0,1.7,0.368,CONVICTION,170,35.0,30,50,BEAR_REJECTION_PENDING,SHORT,44.0,MARGINAL,HOSTILE,4.623,RISING
2026-09-10,FIS,6.0,0.39,0.317,COMPRESSION,40,949.0,0.18,0.146,MINOR,18,3.0,76,6,BEAR_REJECTION_PENDING,SHORT,66.8,CONVICTION,HOSTILE,1.23,RISING
2026-09-10,DVN,6.0,0.02,0.017,MINOR,2,364.0,0.19,0.164,COMPRESSION,19,112.0,6,101,BEAR_REJECTION_PENDING,SHORT,52.0,MARGINAL,HOSTILE,1.1614,RISING
2026-09-10,HBM,6.0,0.02,0.014,MINOR,2,316.0,1.18,0.837,VACUUM,118,224.0,24,53,BEAR_REJECTION_PENDING,SHORT,40.5,MARGINAL,HOSTILE,1.4102,NEUTRAL
2026-09-10,ASTS,6.0,0.11,0.027,COMPRESSION,11,27.0,1.08,0.268,CONVICTION,108,595.0,61,28,BEAR_REJECTION_PENDING,SHORT,61.7,CONVICTION,HOSTILE,4.0369,RISING
2026-09-10,CRWV,6.0,4.6,0.879,CONVICTION,460,999.0,1.165,0.223,CONVICTION,117,701.0,61,44,BEAR_REJECTION_PENDING,SHORT,40.0,MARGINAL,HOSTILE,5.2358,RISING
2026-09-10,AAOI,6.0,15.695,1.853,CONVICTION,1570,206.0,0.01,0.001,COMPRESSION,1,469.0,46,21,BEAR_REJECTION_PENDING,SHORT,91.0,CONVICTION,HOSTILE,8.4703,RISING
2026-09-10,FCX,6.0,0.17,0.053,COMPRESSION,18,378.0,3.24,1.006,CONVICTION,324,197.0,29,73,BEAR_REJECTION_PENDING,SHORT,64.0,CONVICTION,HOSTILE,3.2207,FALLING
2026-09-10,CRNX,6.0,,,,,,0.11,0.823,COMPRESSION,11,2.0,0,51,,,,NONE,HOSTILE,0.1336,NEUTRAL
2026-09-10,DIS,6.0,0.63,0.288,COMPRESSION,63,48.0,1.43,0.653,CONVICTION,144,630.0,77,41,BEAR_REJECTION_PENDING,SHORT,71.7,CONVICTION,HOSTILE,2.1886,FALLING
2026-09-10,HAL,6.0,0.8,0.722,COMPRESSION,80,433.0,0.89,0.804,COMPRESSION,90,19.0,37,87,BEAR_REJECTION_PENDING,SHORT,64.7,CONVICTION,HOSTILE,1.1074,RISING
2026-09-10,PENG,6.0,0.24,0.087,COMPRESSION,24,111.0,1.38,0.5,CONVICTION,138,97.0,31,37,CHANNEL_BREAKDOWN_SHORT,SHORT,46.0,MARGINAL,HOSTILE,2.7587,FALLING
2026-09-10,CCJ,6.0,0.2,0.048,COMPRESSION,21,146.0,2.61,0.622,CONVICTION,261,132.0,73,78,BEAR_REJECTION_PENDING,SHORT,34.0,MARGINAL,HOSTILE,4.1957,RISING
2026-09-10,NEE,6.0,2.245,1.727,CONVICTION,225,954.0,0.4,0.308,COMPRESSION,41,396.0,48,21,BEAR_REJECTION_PENDING,SHORT,58.2,MARGINAL,HOSTILE,1.2996,RISING
2026-09-10,TSLA,6.0,9.28,0.605,CONVICTION,929,441.0,3.015,0.197,CONVICTION,302,234.0,40,33,BEAR_REJECTION_PENDING,SHORT,28.0,MARGINAL,HOSTILE,15.3389,RISING
2026-09-10,NEM,6.0,0.01,0.002,MINOR,1,35.0,1.63,0.37,CONVICTION,163,728.0,22,92,BEAR_REJECTION_PENDING,SHORT,58.0,MARGINAL,HOSTILE,4.4023,FALLING
2026-09-10,MCHP,6.0,1.29,0.598,CONVICTION,129,231.0,0.37,0.171,COMPRESSION,38,975.0,52,29,BEAR_REJECTION_PENDING,SHORT,96.3,CONVICTION,HOSTILE,2.1575,RISING
2026-09-10,GLW,6.0,5.64,0.844,CONVICTION,564,1173.0,4.94,0.739,CONVICTION,494,396.0,37,56,BEAR_REJECTION_PENDING,SHORT,56.0,MARGINAL,HOSTILE,6.6864,RISING
2026-09-10,INTU,6.0,6.615,0.434,CONVICTION,662,369.0,8.63,0.566,CONVICTION,863,303.0,71,32,BEAR_REJECTION_PENDING,SHORT,72.0,CONVICTION,HOSTILE,15.2363,FALLING
2026-09-10,EW,6.0,0.83,0.424,COMPRESSION,84,329.0,0.05,0.026,COMPRESSION,5,1338.0,61,23,BEAR_REJECTION_PENDING,SHORT,75.7,CONVICTION,HOSTILE,1.9569,RISING
2026-09-10,ONDS,6.0,0.01,0.021,COMPRESSION,1,396.0,0.065,0.138,COMPRESSION,7,997.0,27,8,BEAR_REJECTION_PENDING,SHORT,38.0,MARGINAL,HOSTILE,0.4697,NEUTRAL
2026-09-10,WBD,6.0,0.03,0.102,COMPRESSION,4,97.0,0.09,0.307,COMPRESSION,9,558.0,21,36,BEAR_REJECTION_PENDING,SHORT,54.0,MARGINAL,HOSTILE,0.2936,FALLING
2026-09-10,CVX,6.0,0.013,0.003,MINOR,2,9.0,2.65,0.682,CONVICTION,266,161.0,2,188,BEAR_REJECTION_PENDING,SHORT,58.1,MARGINAL,HOSTILE,3.8851,RISING
2026-09-10,HPE,6.0,0.1686,0.057,MINOR,17,26.0,0.91,0.307,COMPRESSION,91,258.0,19,41,BEAR_REJECTION_PENDING,SHORT,52.0,MARGINAL,HOSTILE,2.9618,RISING
2026-09-10,NKE,6.0,0.195,0.194,COMPRESSION,20,593.0,0.0005,0.0,MINOR,1,33.0,51,4,BEAR_REJECTION_PENDING,SHORT,48.9,MARGINAL,HOSTILE,1.0059,RISING
2026-09-10,PYPL,6.0,7.735,3.684,CONVICTION,774,295.0,0.58,0.276,COMPRESSION,58,1014.0,70,26,BEAR_REJECTION_PENDING,SHORT,89.4,CONVICTION,HOSTILE,2.0996,FALLING
2026-09-10,CPRT,6.0,0.24,0.25,COMPRESSION,25,90.0,0.415,0.432,COMPRESSION,42,1158.0,44,28,BEAR_REJECTION_PENDING,SHORT,39.7,MARGINAL,HOSTILE,0.9612,NEUTRAL
2026-09-10,INIO,6.0,0.48,0.329,COMPRESSION,49,800.0,0.01,0.007,COMPRESSION,2,105.0,42,23,BEAR_REJECTION_PENDING,SHORT,58.0,MARGINAL,HOSTILE,1.4571,RISING
2026-09-10,ACN,6.0,2.37,0.383,CONVICTION,238,474.0,4.45,0.72,CONVICTION,446,320.0,43,15,BEAR_REJECTION_PENDING,SHORT,46.6,MARGINAL,HOSTILE,6.181,FALLING
2026-09-10,USB,6.0,0.16,0.156,COMPRESSION,17,8.0,0.37,0.361,COMPRESSION,37,289.0,26,66,BEAR_REJECTION_PENDING,SHORT,52.0,MARGINAL,HOSTILE,1.0249,NEUTRAL
2026-09-10,GMEX,6.0,0.0621,0.688,COMPRESSION,7,517.0,,,,,,23,0,BEAR_REJECTION_PENDING,SHORT,68.0,CONVICTION,HOSTILE,0.0903,FALLING
2026-09-10,MSFT,6.0,6.69,0.677,CONVICTION,669,15.0,11.405,1.154,CONVICTION,1141,328.0,24,20,BEAR_REJECTION_PENDING,SHORT,99.3,CONVICTION,HOSTILE,9.8852,NEUTRAL
2026-09-10,CPNG,6.0,0.05,0.106,COMPRESSION,5,276.0,0.005,0.011,MINOR,1,148.0,54,14,BEAR_REJECTION_PENDING,SHORT,61.0,CONVICTION,HOSTILE,0.4734,FALLING
2026-09-10,AAPL,6.0,4.76,0.644,CONVICTION,476,461.0,2.12,0.287,CONVICTION,213,228.0,15,40,BEAR_REJECTION_PENDING,SHORT,84.9,CONVICTION,HOSTILE,7.3932,NEUTRAL
2026-09-10,GOOGL,6.0,3.04,0.432,CONVICTION,304,123.0,5.3,0.753,VACUUM,531,190.0,54,23,BEAR_REJECTION_PENDING,SHORT,60.1,CONVICTION,HOSTILE,7.0421,RISING
2026-09-10,CDE,6.0,0.94,0.933,COMPRESSION,95,309.0,0.49,0.487,COMPRESSION,50,831.0,17,56,BEAR_REJECTION_PENDING,SHORT,58.0,MARGINAL,HOSTILE,1.0071,FALLING
2026-09-10,GEHC,6.0,0.91,0.581,COMPRESSION,91,406.0,0.21,0.134,MINOR,22,779.0,108,27,BEAR_REJECTION_PENDING,SHORT,81.0,CONVICTION,HOSTILE,1.5674,FALLING
2026-09-10,GOOG,6.0,3.32,0.494,CONVICTION,332,85.0,5.65,0.841,CONVICTION,566,135.0,78,32,BEAR_REJECTION_PENDING,SHORT,66.6,CONVICTION,HOSTILE,6.7218,RISING
2026-09-10,BMY,6.0,0.59,0.413,COMPRESSION,60,155.0,0.31,0.217,COMPRESSION,31,350.0,45,37,BEAR_REJECTION_PENDING,SHORT,48.2,MARGINAL,HOSTILE,1.4281,NEUTRAL
2026-09-10,DBRG,6.0,0.055,1.603,MINOR,6,9.0,1.355,39.504,CONVICTION,136,405.0,8,14,BEAR_REJECTION_PENDING,SHORT,58.0,MARGINAL,HOSTILE,0.0343,FALLING
2026-09-10,PANW,6.0,16.09,0.826,CONVICTION,1609,340.0,5.63,0.289,CONVICTION,563,741.0,28,20,SHORT_UPPER_DIRTY,SHORT,41.3,MARGINAL,HOSTILE,19.491,NEUTRAL
2026-09-10,ISRG,6.0,5.395,0.458,CONVICTION,540,182.0,6.5,0.552,CONVICTION,650,306.0,60,34,BEAR_REJECTION_PENDING,SHORT,100.0,CONVICTION,HOSTILE,11.7743,FALLING
2026-09-10,IBM,6.0,0.97,0.172,MINOR,97,605.0,4.68,0.831,CONVICTION,469,447.0,25,40,BEAR_REJECTION_PENDING,SHORT,40.0,MARGINAL,HOSTILE,5.63,RISING
2026-09-10,MU,6.0,3.63,0.082,CONVICTION,363,1082.0,13.175,0.299,VACUUM,1318,463.0,23,46,BEAR_REJECTION_PENDING,SHORT,52.0,MARGINAL,HOSTILE,44.0806,RISING
2026-09-10,F,6.0,0.04,0.091,MINOR,4,287.0,0.02,0.046,COMPRESSION,2,906.0,32,20,CHANNEL_BREAKDOWN_SHORT,SHORT,38.0,MARGINAL,HOSTILE,0.4391,NEUTRAL
2026-09-10,CSGP,6.0,0.365,0.299,COMPRESSION,37,247.0,0.71,0.582,COMPRESSION,71,114.0,43,18,BEAR_REJECTION_PENDING,SHORT,78.1,CONVICTION,HOSTILE,1.2209,FALLING
2026-09-10,AGNC,6.0,0.16,0.963,COMPRESSION,17,180.0,0.01,0.06,COMPRESSION,1,332.0,16,19,BEAR_REJECTION_PENDING,SHORT,55.0,MARGINAL,HOSTILE,0.1661,RISING
2026-09-10,CSX,6.0,0.43,0.436,COMPRESSION,43,158.0,0.16,0.162,COMPRESSION,17,82.0,57,31,BEAR_REJECTION_PENDING,SHORT,78.9,CONVICTION,HOSTILE,0.9866,FALLING
2026-09-10,HCA,6.0,39.77,3.013,CONVICTION,3978,272.0,1.44,0.109,CONVICTION,144,888.0,12,35,BEAR_REJECTION_PENDING,SHORT,58.6,MARGINAL,HOSTILE,13.2003,FALLING
2026-09-10,RUN,6.0,0.0053,0.013,MINOR,1,975.0,0.445,1.068,COMPRESSION,45,1071.0,32,17,BEAR_REJECTION_PENDING,SHORT,50.0,MARGINAL,HOSTILE,0.4167,RISING
2026-09-10,APP,6.0,0.475,0.036,MINOR,48,196.0,1.81,0.138,CONVICTION,182,880.0,41,10,BEAR_REJECTION_PENDING,SHORT,70.4,CONVICTION,HOSTILE,13.1105,RISING
2026-09-10,BTDR,6.0,0.46,0.469,COMPRESSION,46,508.0,0.36,0.367,COMPRESSION,36,909.0,15,22,BEAR_REJECTION_PENDING,SHORT,62.0,CONVICTION,HOSTILE,0.9812,RISING
2026-09-10,SLS,6.0,0.02,0.016,MINOR,2,512.0,0.05,0.04,COMPRESSION,5,555.0,20,20,BEAR_REJECTION_PENDING,SHORT,52.0,MARGINAL,HOSTILE,1.2444,NEUTRAL
2026-09-10,COMP,6.0,0.12,0.252,COMPRESSION,13,282.0,0.03,0.063,COMPRESSION,3,263.0,50,26,BEAR_REJECTION_PENDING,SHORT,69.6,CONVICTION,HOSTILE,0.476,NEUTRAL
2026-09-10,DAL,6.0,0.03,0.014,COMPRESSION,4,27.0,0.21,0.1,COMPRESSION,21,5.0,64,20,SHORT_UPPER_DIRTY,SHORT,31.0,MARGINAL,HOSTILE,2.1046,NEUTRAL
2026-09-10,ERAS,6.0,0.16,0.135,COMPRESSION,17,1169.0,0.01,0.008,MINOR,1,219.0,31,9,BEAR_REJECTION_PENDING,SHORT,58.0,MARGINAL,HOSTILE,1.1882,FALLING
2026-09-10,CIFR,6.0,0.04,0.028,MINOR,4,1236.0,1.24,0.864,CONVICTION,125,763.0,34,15,BEAR_REJECTION_PENDING,SHORT,28.0,MARGINAL,HOSTILE,1.4346,RISING
2026-09-10,TECK,6.0,0.09,0.041,COMPRESSION,10,152.0,2.155,0.985,CONVICTION,216,128.0,27,64,BEAR_REJECTION_PENDING,SHORT,68.0,CONVICTION,HOSTILE,2.1875,NEUTRAL
2026-09-10,PSKY,6.0,0.05,0.114,COMPRESSION,6,487.0,0.02,0.046,COMPRESSION,2,254.0,29,21,BEAR_REJECTION_PENDING,SHORT,50.9,MARGINAL,HOSTILE,0.4393,RISING
2026-09-10,FRSH,6.0,0.13,0.278,COMPRESSION,14,535.0,0.395,0.844,COMPRESSION,40,176.0,54,21,BEAR_REJECTION_PENDING,SHORT,24.0,MARGINAL,HOSTILE,0.4679,NEUTRAL
2026-09-10,KLAC,6.0,1.42,0.204,CONVICTION,142,325.0,4.96,0.714,CONVICTION,497,206.0,39,21,BEAR_REJECTION_PENDING,SHORT,34.0,MARGINAL,HOSTILE,6.9493,RISING
2026-09-10,NCLH,6.0,0.14,0.247,COMPRESSION,15,342.0,0.01,0.018,MINOR,1,94.0,54,6,BEAR_REJECTION_PENDING,SHORT,69.3,CONVICTION,HOSTILE,0.5677,FALLING
2026-09-10,PTEN,6.0,0.1,0.179,MINOR,10,177.0,0.205,0.366,COMPRESSION,21,46.0,15,53,BEAR_REJECTION_PENDING,SHORT,52.0,MARGINAL,HOSTILE,0.56,RISING
2026-09-10,GERN,6.0,0.01,0.119,MINOR,2,714.0,0.03,0.358,COMPRESSION,4,214.0,24,5,BEAR_REJECTION_PENDING,SHORT,50.0,MARGINAL,HOSTILE,0.0839,RISING
2026-09-10,RGTI,6.0,0.415,0.418,COMPRESSION,42,1495.0,0.61,0.615,COMPRESSION,61,177.0,22,15,BEAR_REJECTION_PENDING,SHORT,48.6,MARGINAL,HOSTILE,0.9925,NEUTRAL
2026-09-10,USAR,6.0,0.12,0.095,COMPRESSION,13,222.0,0.58,0.46,COMPRESSION,59,392.0,22,12,BEAR_REJECTION_PENDING,SHORT,80.4,CONVICTION,HOSTILE,1.2618,FALLING
2026-09-10,HPQ,6.0,0.14,0.091,COMPRESSION,15,366.0,0.11,0.072,COMPRESSION,11,575.0,5,53,BEAR_REJECTION_PENDING,SHORT,79.0,CONVICTION,HOSTILE,1.5383,NEUTRAL
2026-09-10,AG,6.0,1.3,1.306,CONVICTION,131,123.0,0.02,0.02,COMPRESSION,2,52.0,17,52,BEAR_REJECTION_PENDING,SHORT,92.0,CONVICTION,HOSTILE,0.9951,FALLING
2026-09-10,OI,6.0,0.12,0.334,COMPRESSION,13,604.0,0.05,0.139,MINOR,5,287.0,49,10,BEAR_REJECTION_PENDING,SHORT,73.3,CONVICTION,HOSTILE,0.3592,FALLING
2026-09-10,FLNC,6.0,0.16,0.251,MINOR,17,1158.0,0.15,0.235,COMPRESSION,16,584.0,46,5,BEAR_REJECTION_PENDING,SHORT,57.2,MARGINAL,HOSTILE,0.6372,FALLING
2026-09-10,IBRX,6.0,0.005,0.013,MINOR,1,168.0,0.075,0.189,MINOR,8,118.0,13,14,BEAR_REJECTION_PENDING,SHORT,52.0,MARGINAL,HOSTILE,0.3975,NEUTRAL
2026-09-10,AMAT,6.0,10.445,0.669,CONVICTION,1045,366.0,1.61,0.103,CONVICTION,161,18.0,49,45,BEAR_REJECTION_PENDING,SHORT,40.0,MARGINAL,HOSTILE,15.6071,FALLING
2026-09-10,AI,6.0,0.08,0.159,COMPRESSION,9,39.0,0.15,0.298,COMPRESSION,16,977.0,8,25,BEAR_REJECTION_PENDING,SHORT,63.5,CONVICTION,HOSTILE,0.5032,RISING
2026-09-10,KGC,6.0,0.07,0.054,COMPRESSION,8,205.0,0.505,0.388,MINOR,51,5.0,68,49,BEAR_REJECTION_PENDING,SHORT,69.3,CONVICTION,HOSTILE,1.3009,RISING
2026-09-10,BKNG,6.0,1.71,0.257,CONVICTION,171,937.0,2.23,0.335,CONVICTION,223,228.0,64,31,BEAR_REJECTION_PENDING,SHORT,72.5,CONVICTION,HOSTILE,6.6602,FALLING
2026-09-10,IREN,6.0,0.66,0.209,MINOR,67,703.0,0.6001,0.19,MINOR,61,382.0,32,33,BEAR_REJECTION_PENDING,SHORT,40.0,MARGINAL,HOSTILE,3.1582,RISING
2026-09-10,KR,6.0,2.4,1.797,CONVICTION,240,488.0,0.17,0.127,COMPRESSION,18,29.0,36,13,BEAR_REJECTION_PENDING,SHORT,52.7,MARGINAL,HOSTILE,1.3352,RISING
2026-09-10,AMD,6.0,0.41,0.022,MINOR,41,523.0,11.35,0.613,CONVICTION,1136,561.0,25,63,BEAR_REJECTION_PENDING,SHORT,64.0,CONVICTION,HOSTILE,18.5043,FALLING
2026-09-10,QCOM,6.0,1.95,0.332,CONVICTION,196,778.0,0.6,0.102,COMPRESSION,60,610.0,27,78,BEAR_REJECTION_PENDING,SHORT,28.0,MARGINAL,HOSTILE,5.8752,RISING
2026-09-10,PLTR,6.0,0.73,0.09,COMPRESSION,74,245.0,4.15,0.514,VACUUM,416,554.0,39,18,BEAR_REJECTION_PENDING,SHORT,83.7,CONVICTION,HOSTILE,8.0728,FALLING
2026-09-10,SOUN,6.0,0.095,0.303,COMPRESSION,10,826.0,0.27,0.861,MINOR,27,1296.0,39,8,BEAR_REJECTION_PENDING,SHORT,68.9,CONVICTION,HOSTILE,0.3136,FALLING
2026-09-10,CNQ,6.0,0.13,0.103,MINOR,14,4.0,0.89,0.706,COMPRESSION,90,96.0,3,113,BEAR_REJECTION_PENDING,SHORT,52.0,MARGINAL,HOSTILE,1.2607,RISING
2026-09-10,QBTS,6.0,0.64,0.594,COMPRESSION,65,1496.0,0.435,0.404,COMPRESSION,44,35.0,45,28,BEAR_REJECTION_PENDING,SHORT,48.7,MARGINAL,HOSTILE,1.0768,NEUTRAL
2026-09-10,FNB,6.0,0.02,0.066,MINOR,2,11.0,0.02,0.066,COMPRESSION,2,317.0,22,46,BEAR_REJECTION_PENDING,SHORT,57.2,MARGINAL,HOSTILE,0.3046,NEUTRAL
2026-09-10,AUR,6.0,0.06,0.188,COMPRESSION,7,662.0,0.08,0.251,COMPRESSION,9,877.0,11,35,BEAR_REJECTION_PENDING,SHORT,62.5,CONVICTION,HOSTILE,0.3186,RISING
2026-09-10,TTD,6.0,0.11,0.193,COMPRESSION,11,280.0,0.0086,0.015,MINOR,1,424.0,23,2,BEAR_REJECTION_PENDING,SHORT,70.3,CONVICTION,HOSTILE,0.5703,RISING
2026-09-10,CTSH,6.0,0.06,0.03,COMPRESSION,7,273.0,0.902,0.451,COMPRESSION,91,346.0,54,22,BEAR_REJECTION_PENDING,SHORT,72.3,CONVICTION,HOSTILE,2.0,RISING
2026-09-10,HBAN,6.0,0.055,0.18,COMPRESSION,6,9.0,0.1,0.328,COMPRESSION,10,1312.0,39,37,BEAR_REJECTION_PENDING,SHORT,62.0,CONVICTION,HOSTILE,0.3052,NEUTRAL
2026-09-10,LRCX,6.0,15.33,1.253,CONVICTION,1533,632.0,6.84,0.559,CONVICTION,685,19.0,47,71,BEAR_REJECTION_PENDING,SHORT,64.0,CONVICTION,HOSTILE,12.2321,FALLING
2026-09-10,UAMY,6.0,1.14,2.906,CONVICTION,114,303.0,0.04,0.102,COMPRESSION,5,947.0,32,28,BEAR_REJECTION_PENDING,SHORT,50.0,MARGINAL,HOSTILE,0.3923,RISING
2026-09-10,CCC,6.0,0.05,0.174,COMPRESSION,5,338.0,0.14,0.488,COMPRESSION,15,838.0,19,12,BEAR_REJECTION_PENDING,SHORT,55.8,MARGINAL,HOSTILE,0.2868,NEUTRAL
2026-09-10,RIG,6.0,0.19,0.785,COMPRESSION,20,845.0,0.1,0.413,COMPRESSION,11,759.0,20,39,BEAR_REJECTION_PENDING,SHORT,53.4,MARGINAL,HOSTILE,0.2419,RISING
2026-09-10,RIVN,6.0,0.01,0.016,MINOR,2,106.0,0.135,0.21,COMPRESSION,14,1056.0,14,31,BEAR_REJECTION_PENDING,SHORT,28.0,MARGINAL,HOSTILE,0.644,NEUTRAL
2026-09-10,RKLB,6.0,1.36,0.457,CONVICTION,136,1283.0,0.1,0.034,COMPRESSION,11,1095.0,64,17,BEAR_REJECTION_PENDING,SHORT,73.9,CONVICTION,HOSTILE,2.9732,RISING
2026-09-10,JBLU,6.0,0.055,0.306,COMPRESSION,6,351.0,0.21,1.169,COMPRESSION,21,1222.0,43,13,BEAR_REJECTION_PENDING,SHORT,45.3,MARGINAL,HOSTILE,0.1796,FALLING
2026-09-10,ATAI,6.0,0.02,0.24,COMPRESSION,2,27.0,1.315,15.805,CONVICTION,132,322.0,12,16,BEAR_REJECTION_PENDING,SHORT,44.7,MARGINAL,HOSTILE,0.0832,FALLING
2026-09-10,CCL,6.0,0.24,0.324,COMPRESSION,25,193.0,1.4,1.887,CONVICTION,140,543.0,72,12,BEAR_REJECTION_PENDING,SHORT,55.0,MARGINAL,HOSTILE,0.7418,FALLING
2026-09-10,VBIO,6.0,0.03,0.048,COMPRESSION,3,1369.0,0.06,0.096,MINOR,7,41.0,33,23,BEAR_REJECTION_PENDING,SHORT,68.0,CONVICTION,HOSTILE,0.627,FALLING
2026-09-10,INTR,6.0,0.07,0.265,COMPRESSION,8,1011.0,0.07,0.265,COMPRESSION,8,162.0,25,31,BEAR_REJECTION_PENDING,SHORT,57.5,MARGINAL,HOSTILE,0.2641,RISING
2026-09-10,RKT,6.0,0.16,0.286,COMPRESSION,17,149.0,0.15,0.268,COMPRESSION,16,1212.0,33,5,BEAR_REJECTION_PENDING,SHORT,78.5,CONVICTION,HOSTILE,0.56,FALLING
2026-09-10,AMZN,6.0,1.835,0.321,CONVICTION,184,141.0,4.035,0.707,CONVICTION,404,780.0,64,35,BEAR_REJECTION_PENDING,SHORT,94.5,CONVICTION,HOSTILE,5.7082,FALLING
2026-09-10,CMG,6.0,0.21,0.188,COMPRESSION,22,174.0,0.4,0.359,COMPRESSION,40,119.0,36,44,BEAR_REJECTION_PENDING,SHORT,69.5,CONVICTION,HOSTILE,1.1149,FALLING
2026-09-10,ADBE,6.0,3.705,0.38,CONVICTION,371,340.0,5.1,0.523,CONVICTION,510,445.0,65,20,BEAR_REJECTION_PENDING,SHORT,58.0,MARGINAL,HOSTILE,9.7529,FALLING
2026-09-10,WULF,6.0,0.38,0.345,MINOR,38,870.0,0.248,0.225,COMPRESSION,25,154.0,27,26,BEAR_REJECTION_PENDING,SHORT,52.0,MARGINAL,HOSTILE,1.1006,RISING
2026-09-10,ON,6.0,0.1,0.042,COMPRESSION,10,18.0,1.65,0.689,CONVICTION,165,78.0,46,16,BEAR_REJECTION_PENDING,SHORT,24.0,MARGINAL,HOSTILE,2.3949,RISING
2026-09-10,KEEL,6.0,0.07,0.251,COMPRESSION,8,512.0,0.07,0.251,COMPRESSION,7,458.0,7,27,BEAR_REJECTION_PENDING,SHORT,63.0,CONVICTION,HOSTILE,0.2786,NEUTRAL
2026-09-10,FCEL,6.0,0.85,0.506,COMPRESSION,85,1132.0,0.225,0.134,COMPRESSION,23,962.0,15,26,BEAR_REJECTION_PENDING,SHORT,66.6,CONVICTION,HOSTILE,1.6809,FALLING
2026-09-10,OWL,6.0,0.07,0.17,COMPRESSION,8,796.0,0.15,0.364,COMPRESSION,15,341.0,55,13,BEAR_REJECTION_PENDING,SHORT,54.2,MARGINAL,HOSTILE,0.4118,FALLING
2026-09-10,NB,6.0,0.105,0.424,COMPRESSION,11,1088.0,0.17,0.687,COMPRESSION,17,1320.0,30,15,BEAR_REJECTION_PENDING,SHORT,53.0,MARGINAL,HOSTILE,0.2474,RISING
2026-09-10,CSCO,6.0,8.82,4.601,CONVICTION,883,392.0,0.57,0.297,COMPRESSION,58,943.0,14,30,BEAR_REJECTION_PENDING,SHORT,92.7,CONVICTION,HOSTILE,1.9168,FALLING
2026-09-10,MARA,6.0,0.09,0.093,COMPRESSION,9,17.0,0.13,0.135,COMPRESSION,13,1025.0,22,19,BEAR_REJECTION_PENDING,SHORT,43.9,MARGINAL,HOSTILE,0.9632,RISING
2026-09-10,PL,6.0,0.27,0.229,COMPRESSION,27,378.0,2.85,2.414,CONVICTION,285,820.0,16,3,BEAR_REJECTION_PENDING,SHORT,77.0,CONVICTION,HOSTILE,1.1807,FALLING
2026-09-10,RIOT,6.0,0.01,0.006,COMPRESSION,2,14.0,0.07,0.045,COMPRESSION,7,1447.0,20,39,BEAR_REJECTION_PENDING,SHORT,73.6,CONVICTION,HOSTILE,1.5535,RISING
2026-09-10,OKLO,6.0,0.03,0.011,MINOR,4,106.0,0.79,0.293,COMPRESSION,79,127.0,20,56,BEAR_REJECTION_PENDING,SHORT,50.0,MARGINAL,HOSTILE,2.7007,RISING
2026-09-10,BB,6.0,0.09,0.251,MINOR,9,402.0,0.12,0.335,COMPRESSION,12,1231.0,17,6,BEAR_REJECTION_PENDING,SHORT,52.0,MARGINAL,HOSTILE,0.3586,NEUTRAL
2026-09-10,URG,6.0,0.01,0.147,MINOR,2,72.0,0.0536,0.786,MINOR,6,647.0,17,29,BEAR_REJECTION_PENDING,SHORT,40.0,MARGINAL,HOSTILE,0.0682,RISING
2026-09-10,BTG,6.0,0.03,0.128,COMPRESSION,4,145.0,0.02,0.085,COMPRESSION,3,618.0,12,43,BEAR_REJECTION_PENDING,SHORT,66.1,CONVICTION,HOSTILE,0.2346,NEUTRAL
2026-09-10,IONQ,6.0,1.53,0.575,CONVICTION,154,1331.0,0.49,0.184,COMPRESSION,50,29.0,32,25,BEAR_REJECTION_PENDING,SHORT,53.8,MARGINAL,HOSTILE,2.6621,RISING
2026-09-10,LUNR,6.0,0.18,0.203,MINOR,18,639.0,0.04,0.045,COMPRESSION,4,66.0,34,21,BEAR_REJECTION_PENDING,SHORT,57.2,MARGINAL,HOSTILE,0.8864,RISING
2026-09-10,CRML,6.0,0.1,0.142,MINOR,10,143.0,0.0003,0.0,MINOR,1,279.0,12,20,BEAR_REJECTION_PENDING,SHORT,37.9,MARGINAL,HOSTILE,0.7028,RISING
2026-09-10,STLA,6.0,0.02,0.106,COMPRESSION,2,132.0,0.1515,0.807,MINOR,16,132.0,42,14,BEAR_REJECTION_PENDING,SHORT,62.1,CONVICTION,HOSTILE,0.1878,RISING
2026-09-10,CVNA,6.0,0.22,0.072,MINOR,22,109.0,0.94,0.306,COMPRESSION,94,1392.0,11,42,BEAR_REJECTION_PENDING,SHORT,58.0,MARGINAL,HOSTILE,3.072,FALLING
2026-09-10,WYFI,6.0,4.94,3.168,CONVICTION,495,1460.0,0.31,0.199,COMPRESSION,32,875.0,40,11,BEAR_REJECTION_PENDING,SHORT,66.7,CONVICTION,HOSTILE,1.5595,RISING
2026-09-10,WTI,6.0,0.005,0.026,MINOR,1,111.0,0.09,0.461,COMPRESSION,9,345.0,1,34,BEAR_REJECTION_PENDING,SHORT,55.9,MARGINAL,HOSTILE,0.1951,RISING
2026-09-10,NVTS,6.0,0.38,0.516,COMPRESSION,39,863.0,0.1,0.136,MINOR,11,328.0,18,21,BEAR_REJECTION_PENDING,SHORT,57.3,MARGINAL,HOSTILE,0.7358,FALLING
2026-09-10,SNOW,6.0,2.84,0.16,CONVICTION,285,659.0,3.16,0.178,CONVICTION,317,1065.0,34,18,BEAR_REJECTION_PENDING,SHORT,85.0,CONVICTION,HOSTILE,17.746,NEUTRAL
2026-09-10,AVGO,6.0,7.6,0.719,CONVICTION,761,270.0,16.66,1.577,CONVICTION,1666,331.0,46,42,BEAR_REJECTION_PENDING,SHORT,74.0,CONVICTION,HOSTILE,10.5674,FALLING
2026-09-10,CBRS,6.0,3.36,0.259,CONVICTION,337,72.0,0.545,0.042,COMPRESSION,55,206.0,29,21,BEAR_REJECTION_PENDING,SHORT,62.0,CONVICTION,HOSTILE,12.9757,RISING
2026-09-10,RXRX,6.0,0.02,0.096,COMPRESSION,3,556.0,0.0009,0.004,MINOR,1,1023.0,27,10,BEAR_REJECTION_PENDING,SHORT,44.3,MARGINAL,HOSTILE,0.2085,RISING
2026-09-10,BBAI,6.0,0.03,0.217,COMPRESSION,3,707.0,0.13,0.941,COMPRESSION,14,427.0,39,3,BEAR_REJECTION_PENDING,SHORT,49.0,MARGINAL,HOSTILE,0.1382,NEUTRAL
2026-09-10,PR,6.0,0.25,0.403,MINOR,25,82.0,0.26,0.419,COMPRESSION,27,24.0,25,73,BEAR_REJECTION_PENDING,SHORT,62.0,CONVICTION,HOSTILE,0.6207,RISING
2026-09-10,HIMS,6.0,0.17,0.092,COMPRESSION,17,317.0,0.44,0.238,MINOR,45,112.0,27,7,BEAR_REJECTION_PENDING,SHORT,48.0,MARGINAL,HOSTILE,1.8494,NEUTRAL
2026-09-10,GTM,6.0,0.02,0.094,COMPRESSION,2,1078.0,0.11,0.515,COMPRESSION,12,809.0,25,16,BEAR_REJECTION_PENDING,SHORT,85.0,CONVICTION,HOSTILE,0.2135,RISING
2026-09-10,TOST,6.0,0.31,0.268,COMPRESSION,32,360.0,0.27,0.233,COMPRESSION,27,419.0,52,30,BEAR_REJECTION_PENDING,SHORT,55.3,MARGINAL,HOSTILE,1.157,FALLING
2026-09-10,WDC,6.0,29.365,1.192,VACUUM,2937,376.0,7.73,0.314,CONVICTION,774,1389.0,36,42,BEAR_REJECTION_PENDING,SHORT,64.0,CONVICTION,HOSTILE,24.6373,FALLING
2026-09-10,VG,6.0,0.87,1.411,COMPRESSION,88,430.0,0.075,0.122,COMPRESSION,8,462.0,4,39,BEAR_REJECTION_PENDING,SHORT,67.3,CONVICTION,HOSTILE,0.6166,RISING
2026-09-10,CCO,6.0,0.01,0.369,COMPRESSION,1,126.0,0.17,6.273,COMPRESSION,17,84.0,2,10,BEAR_REJECTION_PENDING,SHORT,57.5,MARGINAL,HOSTILE,0.0271,NEUTRAL
2026-09-10,RZLV,6.0,0.01,0.051,COMPRESSION,2,348.0,0.05,0.255,COMPRESSION,5,174.0,9,20,BEAR_REJECTION_PENDING,SHORT,60.5,CONVICTION,HOSTILE,0.1957,FALLING
2026-09-10,SIDU,6.0,0.06,0.467,MINOR,7,1266.0,0.77,5.988,COMPRESSION,77,588.0,25,10,BEAR_REJECTION_PENDING,SHORT,40.0,MARGINAL,HOSTILE,0.1286,RISING
2026-09-10,HUMA,6.0,0.0001,0.002,COMPRESSION,1,1017.0,0.0001,0.002,MINOR,1,515.0,29,6,BEAR_REJECTION_PENDING,SHORT,78.3,CONVICTION,HOSTILE,0.045,FALLING
2026-09-10,QS,6.0,0.17,0.64,COMPRESSION,18,1088.0,0.01,0.038,MINOR,2,19.0,32,1,BEAR_REJECTION_PENDING,SHORT,64.0,CONVICTION,HOSTILE,0.2655,FALLING
2026-09-10,UWMC,6.0,0.01,0.112,COMPRESSION,2,657.0,0.07,0.783,COMPRESSION,8,730.0,27,5,BEAR_REJECTION_PENDING,SHORT,62.0,CONVICTION,HOSTILE,0.0894,RISING
2026-09-10,XP,6.0,0.18,0.219,COMPRESSION,18,399.0,0.52,0.631,COMPRESSION,52,457.0,19,45,BEAR_REJECTION_PENDING,SHORT,62.4,CONVICTION,HOSTILE,0.8236,RISING
2026-09-10,INFQ,6.0,0.09,0.093,MINOR,9,947.0,0.41,0.422,COMPRESSION,42,30.0,19,28,BEAR_REJECTION_PENDING,SHORT,46.3,MARGINAL,HOSTILE,0.9721,NEUTRAL
2026-09-10,NVDA,6.0,0.455,0.06,MINOR,46,84.0,1.32,0.175,CONVICTION,132,202.0,23,33,BEAR_REJECTION_PENDING,SHORT,34.4,MARGINAL,HOSTILE,7.5586,RISING
2026-09-10,BFLY,6.0,0.09,0.157,COMPRESSION,9,1063.0,0.01,0.017,COMPRESSION,1,555.0,27,21,BEAR_REJECTION_PENDING,SHORT,53.5,MARGINAL,HOSTILE,0.5745,NEUTRAL
2026-09-10,PATH,6.0,0.03,0.03,COMPRESSION,3,1155.0,0.285,0.283,COMPRESSION,29,401.0,21,25,BEAR_REJECTION_PENDING,SHORT,46.0,MARGINAL,HOSTILE,1.0081,FALLING
2026-09-10,ANET,6.0,0.105,0.016,COMPRESSION,11,107.0,6.58,0.986,CONVICTION,658,788.0,59,32,BEAR_REJECTION_PENDING,SHORT,73.9,CONVICTION,HOSTILE,6.6711,NEUTRAL
2026-09-10,INTC,6.0,3.86,0.922,CONVICTION,386,104.0,5.0,1.194,CONVICTION,500,390.0,28,50,BEAR_REJECTION_PENDING,SHORT,62.0,CONVICTION,HOSTILE,4.1873,RISING
2026-09-10,AMC,6.0,0.01,0.061,MINOR,2,409.0,0.04,0.245,COMPRESSION,5,571.0,27,12,BEAR_REJECTION_PENDING,SHORT,62.0,CONVICTION,HOSTILE,0.1632,NEUTRAL
2026-09-10,BATL,6.0,0.16,2.802,COMPRESSION,16,739.0,0.04,0.701,COMPRESSION,5,722.0,10,15,BEAR_REJECTION_PENDING,SHORT,31.5,MARGINAL,HOSTILE,0.0571,RISING
2026-09-10,STM,6.0,2.52,1.84,CONVICTION,252,284.0,0.33,0.241,COMPRESSION,33,230.0,20,44,BEAR_REJECTION_PENDING,SHORT,65.3,CONVICTION,HOSTILE,1.3693,RISING
2026-09-10,SRXH,6.0,0.01,0.092,MINOR,2,1409.0,0.03,0.275,MINOR,4,470.0,32,6,BEAR_REJECTION_PENDING,SHORT,62.0,CONVICTION,HOSTILE,0.1091,NEUTRAL
2026-09-10,LAC,6.0,0.17,1.115,COMPRESSION,17,63.0,0.02,0.131,COMPRESSION,3,940.0,9,27,BEAR_REJECTION_PENDING,SHORT,64.9,CONVICTION,HOSTILE,0.1524,RISING
2026-09-10,HIVE,6.0,0.0098,0.044,MINOR,1,33.0,0.025,0.113,COMPRESSION,3,1117.0,12,27,BEAR_REJECTION_PENDING,SHORT,50.0,MARGINAL,HOSTILE,0.222,RISING
2026-09-10,MVIS,6.0,0.01,0.079,COMPRESSION,2,61.0,0.01,0.079,MINOR,2,123.0,8,14,BEAR_REJECTION_PENDING,SHORT,64.0,CONVICTION,HOSTILE,0.1264,RISING
2026-09-10,ZETA,6.0,0.27,0.185,MINOR,28,230.0,0.57,0.391,COMPRESSION,58,521.0,15,26,BEAR_REJECTION_PENDING,SHORT,52.0,MARGINAL,HOSTILE,1.4584,RISING
2026-09-10,LGHL,6.0,0.486,0.288,COMPRESSION,49,128.0,0.074,0.044,MINOR,8,335.0,38,23,BEAR_REJECTION_PENDING,SHORT,62.0,CONVICTION,HOSTILE,1.6897,NEUTRAL
2026-09-10,TREX,6.0,0.99,0.654,CONVICTION,100,330.0,0.25,0.165,COMPRESSION,25,1389.0,32,52,BEAR_REJECTION_PENDING,SHORT,88.6,CONVICTION,HOSTILE,1.5138,FALLING
2026-09-10,SHOP,6.0,3.385,0.554,CONVICTION,339,1132.0,2.165,0.354,CONVICTION,217,544.0,48,30,BEAR_REJECTION_PENDING,SHORT,84.5,CONVICTION,HOSTILE,6.1142,FALLING
2026-09-10,SES,6.0,0.0091,0.273,MINOR,1,1064.0,0.0095,0.285,COMPRESSION,1,421.0,13,10,BEAR_REJECTION_PENDING,SHORT,58.0,MARGINAL,HOSTILE,0.0333,RISING
2026-09-10,COHR,6.0,8.915,0.541,CONVICTION,892,767.0,1.05,0.064,CONVICTION,106,704.0,39,27,CHANNEL_BREAKDOWN_SHORT,SHORT,46.0,MARGINAL,HOSTILE,16.4802,FALLING
2026-09-10,META,6.0,82.52,4.146,CONVICTION,8252,146.0,32.435,1.63,CONVICTION,3244,165.0,12,89,BEAR_REJECTION_PENDING,SHORT,70.5,CONVICTION,HOSTILE,19.9034,RISING
2026-09-10,DVLT,6.0,0.0004,0.015,MINOR,1,370.0,0.0003,0.011,MINOR,1,211.0,16,15,BEAR_REJECTION_PENDING,SHORT,68.0,CONVICTION,HOSTILE,0.0262,FALLING
2026-09-10,JLHL,6.0,0.01,0.018,MINOR,1,1016.0,0.14,0.259,COMPRESSION,14,323.0,31,24,BEAR_REJECTION_PENDING,SHORT,62.0,CONVICTION,HOSTILE,0.5414,RISING
2026-09-10,SLNH,6.0,0.01,0.103,MINOR,2,488.0,0.01,0.103,COMPRESSION,2,163.0,9,29,BEAR_REJECTION_PENDING,SHORT,52.0,MARGINAL,HOSTILE,0.0975,RISING
2026-09-10,BJDX,6.0,0.015,0.157,COMPRESSION,2,100.0,0.0147,0.154,MINOR,2,240.0,7,17,BEAR_REJECTION_PENDING,SHORT,65.6,CONVICTION,HOSTILE,0.0953,NEUTRAL
2026-09-10,STUB,6.0,0.04,0.132,COMPRESSION,5,861.0,,,,,,55,0,BEAR_REJECTION_PENDING,SHORT,62.0,CONVICTION,HOSTILE,0.3031,NEUTRAL
2026-09-10,MGRX,6.0,0.0213,0.587,MINOR,3,786.0,0.0025,0.069,MINOR,1,1221.0,14,40,BEAR_REJECTION_PENDING,SHORT,50.3,MARGINAL,HOSTILE,0.0363,NEUTRAL
2026-09-10,OPTU,6.0,0.02,0.236,COMPRESSION,3,677.0,0.0001,0.001,MINOR,1,498.0,26,24,BEAR_REJECTION_PENDING,SHORT,62.5,CONVICTION,HOSTILE,0.0847,NEUTRAL
2026-09-10,WEN,6.0,0.11,0.274,COMPRESSION,11,435.0,0.85,2.118,MINOR,86,619.0,22,11,BEAR_REJECTION_PENDING,SHORT,92.6,CONVICTION,HOSTILE,0.4013,NEUTRAL
2026-09-10,MAT,6.0,0.06,0.136,COMPRESSION,6,570.0,0.12,0.272,COMPRESSION,13,160.0,47,12,BEAR_REJECTION_PENDING,SHORT,75.2,CONVICTION,HOSTILE,0.4411,FALLING
2026-09-10,FIG,6.0,0.12,0.072,COMPRESSION,13,879.0,0.43,0.257,COMPRESSION,43,1364.0,41,14,BEAR_REJECTION_PENDING,SHORT,74.6,CONVICTION,HOSTILE,1.676,FALLING
2026-09-10,AAL,6.0,0.27,0.744,COMPRESSION,28,316.0,0.6,1.653,COMPRESSION,60,1196.0,35,15,BEAR_REJECTION_PENDING,SHORT,58.0,MARGINAL,HOSTILE,0.3629,FALLING
2026-09-10,FHB,6.0,0.72,1.632,COMPRESSION,73,1437.0,0.04,0.091,COMPRESSION,4,488.0,61,22,BEAR_REJECTION_PENDING,SHORT,63.8,CONVICTION,HOSTILE,0.4411,RISING
2026-09-10,FPS,6.0,0.26,0.163,COMPRESSION,26,606.0,0.27,0.169,COMPRESSION,27,55.0,29,18,BEAR_REJECTION_PENDING,SHORT,34.0,MARGINAL,HOSTILE,1.5934,RISING
2026-09-10,DFNS,6.0,0.23,0.087,COMPRESSION,24,267.0,0.03,0.011,COMPRESSION,4,790.0,31,26,BEAR_REJECTION_PENDING,SHORT,62.0,CONVICTION,HOSTILE,2.6464,NEUTRAL
2026-09-10,CORZ,6.0,0.63,0.608,COMPRESSION,63,898.0,0.19,0.183,MINOR,20,331.0,39,24,BEAR_REJECTION_PENDING,SHORT,57.9,MARGINAL,HOSTILE,1.0364,RISING
2026-09-10,MRK,6.0,3.56,0.937,CONVICTION,357,90.0,9.7,2.553,CONVICTION,970,85.0,42,29,BEAR_REJECTION_PENDING,SHORT,85.7,CONVICTION,HOSTILE,3.7999,NEUTRAL
2026-09-10,ALC,6.0,0.86,0.689,COMPRESSION,86,355.0,1.29,1.034,CONVICTION,130,345.0,81,20,BEAR_REJECTION_PENDING,SHORT,34.0,MARGINAL,HOSTILE,1.2475,FALLING
2026-09-10,CRM,6.0,0.675,0.058,COMPRESSION,68,376.0,24.43,2.098,CONVICTION,2444,591.0,60,18,BEAR_REJECTION_PENDING,SHORT,77.0,CONVICTION,HOSTILE,11.6417,RISING
2026-09-10,TLRY,6.0,0.05,0.232,COMPRESSION,5,810.0,0.105,0.487,MINOR,11,1167.0,37,4,BEAR_REJECTION_PENDING,SHORT,28.0,MARGINAL,HOSTILE,0.2158,RISING
2026-09-10,UBER,6.0,0.145,0.061,COMPRESSION,15,616.0,0.03,0.013,MINOR,4,51.0,73,17,BEAR_REJECTION_PENDING,SHORT,52.1,MARGINAL,HOSTILE,2.3853,FALLING
2026-09-10,MDLN,6.0,3.23,2.484,CONVICTION,324,954.0,0.005,0.004,MINOR,1,107.0,38,4,BEAR_REJECTION_PENDING,SHORT,68.0,CONVICTION,HOSTILE,1.3002,RISING
2026-09-10,HAO,6.0,0.035,0.09,MINOR,4,1405.0,0.1441,0.372,MINOR,15,234.0,3,7,BEAR_REJECTION_PENDING,SHORT,52.0,MARGINAL,HOSTILE,0.3872,NEUTRAL
2026-09-10,SBEV,6.0,0.0158,0.22,MINOR,2,117.0,0.001,0.014,MINOR,1,486.0,5,19,BEAR_REJECTION_PENDING,SHORT,52.0,MARGINAL,HOSTILE,0.0718,NEUTRAL
2026-09-10,APLD,6.0,1.195,0.702,VACUUM,120,1201.0,0.09,0.053,MINOR,9,288.0,38,27,SHORT_UPPER_DIRTY,SHORT,31.3,MARGINAL,HOSTILE,1.7027,RISING
2026-09-10,GOSS,6.0,0.0008,0.038,MINOR,1,63.0,0.0066,0.317,MINOR,1,632.0,16,21,BEAR_REJECTION_PENDING,SHORT,50.2,MARGINAL,HOSTILE,0.0208,NEUTRAL
2026-09-10,ASAN,6.0,0.08,0.143,COMPRESSION,9,556.0,0.24,0.429,COMPRESSION,24,1415.0,32,9,BEAR_REJECTION_PENDING,SHORT,41.9,MARGINAL,HOSTILE,0.5596,FALLING
2026-09-10,BSX,6.0,0.08,0.041,COMPRESSION,8,1099.0,0.35,0.179,COMPRESSION,36,157.0,45,15,BEAR_REJECTION_PENDING,SHORT,34.0,MARGINAL,HOSTILE,1.9556,RISING
2026-09-10,KD,6.0,0.16,0.283,COMPRESSION,17,519.0,0.05,0.088,COMPRESSION,6,31.0,12,39,BEAR_REJECTION_PENDING,SHORT,77.6,CONVICTION,HOSTILE,0.5658,FALLING
2026-09-10,SKYQ,6.0,0.03,0.147,MINOR,4,487.0,0.15,0.735,COMPRESSION,16,824.0,21,14,BEAR_REJECTION_PENDING,SHORT,62.0,CONVICTION,HOSTILE,0.2041,NEUTRAL
2026-09-10,TEAM,6.0,4.02,0.429,CONVICTION,403,393.0,0.53,0.057,COMPRESSION,54,474.0,75,19,BEAR_REJECTION_PENDING,SHORT,54.0,MARGINAL,HOSTILE,9.373,NEUTRAL
2026-09-10,WDAY,6.0,3.82,0.444,CONVICTION,382,318.0,5.5,0.639,CONVICTION,550,1086.0,60,48,BEAR_REJECTION_PENDING,SHORT,56.0,MARGINAL,HOSTILE,8.6062,RISING
2026-09-10,INHD,6.0,0.06,0.099,MINOR,7,1447.0,0.002,0.003,MINOR,1,786.0,13,2,BEAR_REJECTION_PENDING,SHORT,62.0,CONVICTION,HOSTILE,0.6066,NEUTRAL
2026-09-10,OBAI,6.0,0.0002,0.005,MINOR,1,160.0,0.0017,0.039,COMPRESSION,1,29.0,17,6,BEAR_REJECTION_PENDING,SHORT,62.0,CONVICTION,HOSTILE,0.0434,NEUTRAL
2026-09-10,SUGP,6.0,0.05,0.137,MINOR,6,779.0,0.0117,0.032,MINOR,2,102.0,21,1,BEAR_REJECTION_PENDING,SHORT,68.0,CONVICTION,HOSTILE,0.3649,FALLING
2026-09-10,CRE,6.0,0.02,0.022,MINOR,3,240.0,0.1422,0.159,COMPRESSION,15,668.0,17,37,BEAR_REJECTION_PENDING,SHORT,62.2,CONVICTION,HOSTILE,0.896,NEUTRAL
2026-09-10,WNW,6.0,0.15,0.662,COMPRESSION,15,1234.0,0.0395,0.174,MINOR,4,43.0,17,17,BEAR_REJECTION_PENDING,SHORT,58.0,MARGINAL,HOSTILE,0.2266,NEUTRAL
2026-09-10,LASE,6.0,0.001,0.007,MINOR,1,416.0,0.02,0.139,COMPRESSION,3,863.0,7,10,BEAR_REJECTION_PENDING,SHORT,62.0,CONVICTION,HOSTILE,0.1436,NEUTRAL
2026-09-10,OSS,6.0,0.11,0.212,COMPRESSION,11,385.0,0.1977,0.381,MINOR,20,708.0,47,2,BEAR_REJECTION_PENDING,SHORT,76.9,CONVICTION,HOSTILE,0.5186,FALLING
2026-09-10,AMPG,6.0,0.01,0.05,MINOR,2,731.0,0.06,0.299,MINOR,7,117.0,26,24,BEAR_REJECTION_PENDING,SHORT,40.0,MARGINAL,HOSTILE,0.2008,NEUTRAL
2026-09-10,SHMD,6.0,0.02,0.05,MINOR,3,201.0,0.04,0.101,COMPRESSION,5,573.0,16,36,BEAR_REJECTION_PENDING,SHORT,69.2,CONVICTION,HOSTILE,0.3974,RISING
2026-09-10,ELF,6.0,1.42,0.321,VACUUM,143,328.0,2.29,0.518,CONVICTION,230,1450.0,50,29,CHANNEL_GAP_BREAKDOWN_SHORT,SHORT,63.6,CONVICTION,HOSTILE,4.4178,NEUTRAL
2026-09-10,BEEM,6.0,0.03,0.215,COMPRESSION,4,1007.0,0.15,1.076,COMPRESSION,16,216.0,41,22,BEAR_REJECTION_PENDING,SHORT,52.0,MARGINAL,HOSTILE,0.1394,NEUTRAL
2026-09-10,SAIL,6.0,0.29,0.244,COMPRESSION,29,576.0,0.33,0.277,COMPRESSION,34,240.0,21,17,BEAR_REJECTION_PENDING,SHORT,68.0,CONVICTION,HOSTILE,1.1892,FALLING
2026-09-10,CAST,6.0,0.04,0.233,MINOR,5,1308.0,0.0015,0.009,COMPRESSION,1,1104.0,11,7,BEAR_REJECTION_PENDING,SHORT,52.0,MARGINAL,HOSTILE,0.1714,NEUTRAL
2026-09-10,GRAF,6.0,0.3,6.993,MINOR,31,217.0,0.02,0.466,COMPRESSION,2,46.0,3,25,BEAR_REJECTION_PENDING,SHORT,58.8,MARGINAL,HOSTILE,0.0429,NEUTRAL
2026-09-10,ULCC,6.0,0.13,0.537,MINOR,13,951.0,0.19,0.785,COMPRESSION,19,951.0,33,18,BEAR_REJECTION_PENDING,SHORT,62.0,CONVICTION,HOSTILE,0.2419,NEUTRAL
2026-09-10,VUZI,6.0,0.03,0.23,COMPRESSION,3,199.0,0.02,0.153,COMPRESSION,3,637.0,38,25,BEAR_REJECTION_PENDING,SHORT,74.3,CONVICTION,HOSTILE,0.1306,RISING
2026-09-10,VLN,6.0,0.05,0.601,MINOR,6,298.0,0.0351,0.422,COMPRESSION,4,565.0,29,14,CHANNEL_GAP_BREAKDOWN_SHORT,SHORT,64.8,CONVICTION,HOSTILE,0.0832,FALLING
2026-09-10,TMHC,6.0,0.01,0.068,COMPRESSION,2,1.0,13.03,89.003,CONVICTION,1303,127.0,2,31,BEAR_REJECTION_PENDING,SHORT,69.1,CONVICTION,HOSTILE,0.1464,RISING
2026-09-10,VELO,6.0,0.12,0.152,COMPRESSION,12,1492.0,0.285,0.361,COMPRESSION,29,910.0,63,10,BEAR_REJECTION_PENDING,SHORT,50.0,MARGINAL,HOSTILE,0.789,NEUTRAL
2026-09-10,DGXX,6.0,0.0307,0.117,MINOR,4,1474.0,0.06,0.229,MINOR,7,789.0,18,25,BEAR_REJECTION_PENDING,SHORT,58.3,MARGINAL,HOSTILE,0.2618,NEUTRAL
2026-09-10,UPST,6.0,0.29,0.198,COMPRESSION,29,640.0,0.35,0.239,COMPRESSION,36,61.0,56,10,BEAR_REJECTION_PENDING,SHORT,54.9,MARGINAL,HOSTILE,1.4623,FALLING
2026-09-10,UMAC,6.0,0.83,0.411,COMPRESSION,83,791.0,0.24,0.119,COMPRESSION,24,264.0,35,37,BEAR_REJECTION_PENDING,SHORT,48.0,MARGINAL,HOSTILE,2.0177,NEUTRAL
2026-09-10,RARE,6.0,0.203,0.099,COMPRESSION,21,499.0,0.005,0.002,COMPRESSION,1,143.0,31,8,BEAR_REJECTION_PENDING,SHORT,79.8,CONVICTION,HOSTILE,2.0502,FALLING
2026-09-10,INGM,6.0,1.4,1.402,CONVICTION,140,286.0,0.07,0.07,COMPRESSION,8,538.0,35,15,BEAR_REJECTION_PENDING,SHORT,93.0,CONVICTION,HOSTILE,0.9983,FALLING
2026-09-10,ZENA,6.0,0.01,0.075,MINOR,2,309.0,0.21,1.572,COMPRESSION,22,185.0,20,5,BEAR_REJECTION_PENDING,SHORT,40.0,MARGINAL,HOSTILE,0.1336,NEUTRAL
2026-09-10,OUST,6.0,1.055,0.538,CONVICTION,106,328.0,0.29,0.148,COMPRESSION,29,293.0,31,35,BEAR_REJECTION_PENDING,SHORT,52.0,MARGINAL,HOSTILE,1.9612,NEUTRAL
2026-09-10,BTQ,6.0,0.0142,0.058,MINOR,2,989.0,0.02,0.082,MINOR,3,33.0,29,4,BEAR_REJECTION_PENDING,SHORT,44.0,MARGINAL,HOSTILE,0.2447,FALLING
2026-09-10,CHAI,6.0,0.0025,0.05,MINOR,1,312.0,0.0091,0.181,MINOR,1,39.0,21,3,BEAR_REJECTION_PENDING,SHORT,62.0,CONVICTION,HOSTILE,0.0505,RISING
2026-09-10,EWTX,6.0,0.09,0.043,MINOR,10,478.0,0.7,0.333,COMPRESSION,70,1277.0,34,28,BEAR_REJECTION_PENDING,SHORT,52.0,MARGINAL,HOSTILE,2.1036,FALLING
2026-09-10,PLAY,6.0,0.01,0.018,COMPRESSION,2,655.0,0.01,0.018,COMPRESSION,1,73.0,52,7,BEAR_REJECTION_PENDING,SHORT,62.0,CONVICTION,HOSTILE,0.5602,RISING
2026-09-10,WOLF,6.0,0.48,0.218,MINOR,49,403.0,0.03,0.014,COMPRESSION,3,520.0,31,43,BEAR_REJECTION_PENDING,SHORT,69.9,CONVICTION,HOSTILE,2.2034,NEUTRAL
2026-09-10,MRAM,6.0,0.17,0.155,COMPRESSION,18,53.0,0.35,0.32,COMPRESSION,35,279.0,21,54,BEAR_REJECTION_PENDING,SHORT,60.5,CONVICTION,HOSTILE,1.0936,RISING
2026-09-10,PTCT,6.0,1.49,0.692,CONVICTION,149,36.0,0.24,0.112,COMPRESSION,25,989.0,78,6,BEAR_REJECTION_PENDING,SHORT,96.7,CONVICTION,HOSTILE,2.1518,NEUTRAL
2026-09-10,OPTX,6.0,0.25,0.386,MINOR,25,379.0,0.52,0.803,MINOR,53,209.0,34,13,BEAR_REJECTION_PENDING,SHORT,52.0,MARGINAL,HOSTILE,0.6475,RISING
2026-09-10,ASST,6.0,0.6,0.26,COMPRESSION,61,956.0,0.8,0.346,COMPRESSION,81,1485.0,24,23,BEAR_REJECTION_PENDING,SHORT,58.7,MARGINAL,HOSTILE,2.3107,RISING
2026-09-10,GCTS,6.0,0.01,0.097,COMPRESSION,2,642.0,0.04,0.386,COMPRESSION,5,321.0,24,30,BEAR_REJECTION_PENDING,SHORT,43.4,MARGINAL,HOSTILE,0.1036,NEUTRAL
2026-09-10,UPC,6.0,0.33,0.559,MINOR,33,1212.0,,,,,,13,0,BEAR_REJECTION_PENDING,SHORT,62.0,CONVICTION,HOSTILE,0.5901,NEUTRAL
2026-09-10,NN,6.0,0.3,0.312,COMPRESSION,31,1165.0,0.17,0.177,COMPRESSION,17,1405.0,17,29,BEAR_REJECTION_PENDING,SHORT,28.0,MARGINAL,HOSTILE,0.9629,RISING
2026-09-10,DXYZ,6.0,1.57,0.745,CONVICTION,158,79.0,0.16,0.076,MINOR,17,638.0,24,41,BEAR_REJECTION_PENDING,SHORT,84.9,CONVICTION,HOSTILE,2.108,RISING
2026-09-10,SERV,6.0,0.06,0.209,MINOR,7,298.0,0.015,0.052,MINOR,2,64.0,19,5,BEAR_REJECTION_PENDING,SHORT,72.2,CONVICTION,HOSTILE,0.2872,RISING
2026-09-10,NAVN,6.0,0.59,0.441,COMPRESSION,59,357.0,0.06,0.045,COMPRESSION,6,911.0,8,22,BEAR_REJECTION_PENDING,SHORT,40.0,MARGINAL,HOSTILE,1.3371,NEUTRAL
2026-09-10,BAND,6.0,0.3,0.082,COMPRESSION,30,722.0,0.34,0.093,COMPRESSION,35,575.0,19,51,BEAR_REJECTION_PENDING,SHORT,67.9,CONVICTION,HOSTILE,3.6718,FALLING
2026-09-10,MNTS,6.0,0.19,0.878,MINOR,20,976.0,0.17,0.786,COMPRESSION,17,1098.0,20,5,BEAR_REJECTION_PENDING,SHORT,50.0,MARGINAL,HOSTILE,0.2164,NEUTRAL
2026-09-10,XNDU,6.0,0.26,0.426,COMPRESSION,26,1154.0,0.33,0.54,MINOR,34,1392.0,52,18,BEAR_REJECTION_PENDING,SHORT,44.5,MARGINAL,HOSTILE,0.6106,RISING
2026-09-10,SMTK,6.0,0.01,0.013,COMPRESSION,1,178.0,0.01,0.013,MINOR,1,171.0,19,11,BEAR_REJECTION_PENDING,SHORT,66.1,CONVICTION,HOSTILE,0.7583,NEUTRAL
2026-09-10,FLY,6.0,0.81,0.64,COMPRESSION,81,874.0,0.03,0.024,COMPRESSION,3,478.0,65,25,BEAR_REJECTION_PENDING,SHORT,62.0,CONVICTION,HOSTILE,1.2647,RISING
2026-09-10,NUWE,6.0,0.0089,0.098,COMPRESSION,1,1001.0,0.0105,0.116,MINOR,2,745.0,13,55,BEAR_REJECTION_PENDING,SHORT,62.0,CONVICTION,HOSTILE,0.0904,NEUTRAL
2026-09-10,BTTC,6.0,0.0186,0.454,COMPRESSION,2,807.0,0.0006,0.015,MINOR,1,75.0,61,6,BEAR_REJECTION_PENDING,SHORT,68.0,CONVICTION,HOSTILE,0.041,FALLING
2026-09-10,SOAR,6.0,0.0048,0.111,COMPRESSION,1,1338.0,0.0001,0.002,MINOR,1,943.0,35,3,BEAR_REJECTION_PENDING,SHORT,51.9,MARGINAL,HOSTILE,0.0431,NEUTRAL
2026-09-10,MRLN,6.0,0.08,0.288,COMPRESSION,9,543.0,0.05,0.18,COMPRESSION,5,735.0,32,34,BEAR_REJECTION_PENDING,SHORT,71.0,CONVICTION,HOSTILE,0.2778,RISING
2026-09-10,ALTO,6.0,0.0674,0.35,MINOR,7,61.0,0.02,0.104,COMPRESSION,3,74.0,42,29,BEAR_REJECTION_PENDING,SHORT,66.9,CONVICTION,HOSTILE,0.1928,RISING
2026-09-10,NCRA,6.0,0.04,0.126,MINOR,5,150.0,0.0499,0.158,MINOR,5,384.0,10,26,BEAR_REJECTION_PENDING,SHORT,73.4,CONVICTION,HOSTILE,0.3163,RISING
2026-09-10,AEVA,6.0,0.57,0.538,COMPRESSION,58,1315.0,0.12,0.113,COMPRESSION,13,179.0,29,34,BEAR_REJECTION_PENDING,SHORT,50.0,MARGINAL,HOSTILE,1.0601,RISING
2026-09-10,DOMO,6.0,0.01,0.064,COMPRESSION,2,159.0,0.02,0.127,MINOR,3,159.0,17,5,BEAR_REJECTION_PENDING,SHORT,58.0,MARGINAL,HOSTILE,0.1572,NEUTRAL
2026-09-10,BIAF,6.0,0.16,0.06,MINOR,17,219.0,0.1185,0.044,MINOR,12,571.0,17,15,BEAR_REJECTION_PENDING,SHORT,62.0,CONVICTION,HOSTILE,2.6781,RISING
2026-09-10,AAOZ,6.0,0.05,0.027,COMPRESSION,6,1062.0,2.69,1.473,CONVICTION,269,16.0,25,82,BEAR_REJECTION_PENDING,SHORT,71.2,CONVICTION,HOSTILE,1.8267,RISING
2026-09-10,AGL,6.0,0.25,0.048,MINOR,25,36.0,3.68,0.702,VACUUM,368,1040.0,9,48,BEAR_REJECTION_PENDING,SHORT,69.3,CONVICTION,HOSTILE,5.2412,FALLING
2026-09-10,ALHC,6.0,0.09,0.167,COMPRESSION,9,346.0,0.23,0.426,COMPRESSION,24,692.0,33,5,BEAR_REJECTION_PENDING,SHORT,77.2,CONVICTION,HOSTILE,0.5396,FALLING
2026-09-10,ABNB,6.0,0.305,0.06,COMPRESSION,31,568.0,1.82,0.361,CONVICTION,182,1078.0,45,21,BEAR_REJECTION_PENDING,SHORT,100.0,CONVICTION,HOSTILE,5.0462,FALLING
2026-09-10,AMN,6.0,4.67,3.595,CONVICTION,468,550.0,0.025,0.019,MINOR,3,89.0,9,44,BEAR_REJECTION_PENDING,SHORT,65.0,CONVICTION,HOSTILE,1.2989,NEUTRAL
2026-09-10,APTV,6.0,0.2,0.13,COMPRESSION,21,802.0,,,,,,52,0,BEAR_REJECTION_PENDING,SHORT,74.0,CONVICTION,HOSTILE,1.5355,FALLING
2026-09-10,APA,6.0,,,,,,0.02,0.014,COMPRESSION,2,298.0,0,82,,,,NONE,HOSTILE,1.4376,RISING
2026-09-10,ASH,6.0,0.06,0.034,COMPRESSION,7,149.0,0.44,0.246,COMPRESSION,44,669.0,51,23,BEAR_REJECTION_PENDING,SHORT,68.0,CONVICTION,HOSTILE,1.7902,FALLING
2026-09-10,ARKG,6.0,0.58,0.35,COMPRESSION,58,115.0,1.7,1.027,CONVICTION,171,187.0,46,34,BEAR_REJECTION_PENDING,SHORT,72.6,CONVICTION,HOSTILE,1.6561,NEUTRAL
2026-09-10,AVNT,6.0,0.15,0.122,COMPRESSION,15,322.0,1.97,1.602,CONVICTION,197,453.0,61,27,BEAR_REJECTION_PENDING,SHORT,61.2,CONVICTION,HOSTILE,1.23,FALLING
2026-09-10,AVAV,6.0,0.61,0.08,COMPRESSION,61,747.0,1.05,0.137,CONVICTION,106,640.0,35,39,BEAR_REJECTION_PENDING,SHORT,64.7,CONVICTION,HOSTILE,7.6525,RISING
2026-09-10,ASTX,6.0,0.0436,0.03,MINOR,5,33.0,0.28,0.19,COMPRESSION,29,1016.0,52,11,BEAR_REJECTION_PENDING,SHORT,62.0,CONVICTION,HOSTILE,1.4702,RISING
2026-09-10,BIO,6.0,0.12,0.011,MINOR,13,80.0,3.03,0.272,CONVICTION,304,469.0,34,33,BEAR_REJECTION_PENDING,SHORT,58.0,MARGINAL,HOSTILE,11.1438,FALLING
2026-09-10,BXSL,6.0,0.04,0.105,COMPRESSION,4,706.0,0.06,0.157,COMPRESSION,6,489.0,25,19,BEAR_REJECTION_PENDING,SHORT,62.0,CONVICTION,HOSTILE,0.3822,RISING
2026-09-10,AXON,6.0,9.64,0.342,CONVICTION,964,327.0,22.46,0.798,CONVICTION,2247,55.0,82,20,BEAR_REJECTION_PENDING,SHORT,74.0,CONVICTION,HOSTILE,28.1549,FALLING
2026-09-10,CAI,6.0,0.04,0.028,COMPRESSION,4,212.0,0.61,0.422,COMPRESSION,62,1057.0,45,19,BEAR_REJECTION_PENDING,SHORT,77.5,CONVICTION,HOSTILE,1.4463,FALLING
2026-09-10,CELH,6.0,0.06,0.04,COMPRESSION,6,972.0,1.345,0.904,CONVICTION,135,1364.0,51,13,BEAR_REJECTION_PENDING,SHORT,76.2,CONVICTION,HOSTILE,1.4882,FALLING
2026-09-10,CENX,6.0,0.06,0.029,MINOR,7,749.0,0.185,0.089,COMPRESSION,19,192.0,17,43,BEAR_REJECTION_PENDING,SHORT,48.0,MARGINAL,HOSTILE,2.0834,RISING
2026-09-10,CEVA,6.0,1.46,1.165,CONVICTION,147,1121.0,0.51,0.407,COMPRESSION,51,85.0,27,37,BEAR_REJECTION_PENDING,SHORT,52.0,MARGINAL,HOSTILE,1.2533,RISING
2026-09-10,COHX,6.0,0.05,0.019,COMPRESSION,6,82.0,0.05,0.019,COMPRESSION,6,1133.0,33,28,BEAR_REJECTION_PENDING,SHORT,62.0,CONVICTION,HOSTILE,2.6725,RISING
2026-09-10,CONL,6.0,0.245,0.303,COMPRESSION,25,767.0,0.005,0.006,MINOR,1,1222.0,31,5,BEAR_REJECTION_PENDING,SHORT,66.5,CONVICTION,HOSTILE,0.8097,FALLING
2026-09-10,CRGY,6.0,0.09,0.192,COMPRESSION,9,1096.0,0.32,0.682,COMPRESSION,33,63.0,5,58,BEAR_REJECTION_PENDING,SHORT,52.0,MARGINAL,HOSTILE,0.4691,RISING
2026-09-10,CTRI,6.0,0.04,0.062,COMPRESSION,4,575.0,0.19,0.294,COMPRESSION,20,134.0,62,4,BEAR_REJECTION_PENDING,SHORT,38.0,MARGINAL,HOSTILE,0.6472,RISING
2026-09-10,CRSR,6.0,0.25,0.491,COMPRESSION,25,392.0,0.005,0.01,COMPRESSION,1,208.0,19,65,BEAR_REJECTION_PENDING,SHORT,58.0,MARGINAL,HOSTILE,0.5096,NEUTRAL
2026-09-10,CVSA,6.0,3.66,0.725,CONVICTION,366,317.0,0.97,0.192,COMPRESSION,97,729.0,63,43,BEAR_REJECTION_PENDING,SHORT,67.4,CONVICTION,HOSTILE,5.0511,NEUTRAL
2026-09-10,DIOD,6.0,1.82,0.464,CONVICTION,183,239.0,4.79,1.222,CONVICTION,479,354.0,56,34,BEAR_REJECTION_PENDING,SHORT,38.0,MARGINAL,HOSTILE,3.9189,RISING
2026-09-10,DOCU,6.0,0.44,0.163,COMPRESSION,44,60.0,1.6,0.592,CONVICTION,161,1218.0,32,28,BEAR_REJECTION_PENDING,SHORT,63.0,CONVICTION,HOSTILE,2.7048,RISING
2026-09-10,DKS,6.0,0.51,0.05,COMPRESSION,52,419.0,0.0305,0.003,COMPRESSION,4,395.0,42,22,BEAR_REJECTION_PENDING,SHORT,62.0,CONVICTION,HOSTILE,10.2146,RISING
2026-09-10,DUOL,6.0,0.81,0.114,COMPRESSION,81,405.0,3.75,0.528,CONVICTION,375,334.0,83,23,BEAR_REJECTION_PENDING,SHORT,68.1,CONVICTION,HOSTILE,7.0968,RISING
2026-09-10,ESNT,6.0,0.42,0.379,COMPRESSION,43,28.0,0.16,0.145,COMPRESSION,16,344.0,30,78,BEAR_REJECTION_PENDING,SHORT,75.2,CONVICTION,HOSTILE,1.1072,NEUTRAL
2026-09-10,FLR,6.0,0.07,0.036,COMPRESSION,8,282.0,0.44,0.226,COMPRESSION,44,235.0,37,41,BEAR_REJECTION_PENDING,SHORT,52.0,MARGINAL,HOSTILE,1.9509,RISING
2026-09-10,FIVE,6.0,6.83,0.584,VACUUM,684,451.0,2.0,0.171,CONVICTION,200,1133.0,53,46,BEAR_REJECTION_PENDING,SHORT,58.0,MARGINAL,HOSTILE,11.6923,FALLING
2026-09-10,ERO,6.0,0.01,0.005,MINOR,1,359.0,0.34,0.156,COMPRESSION,35,49.0,24,64,BEAR_REJECTION_PENDING,SHORT,64.0,CONVICTION,HOSTILE,2.1797,FALLING
2026-09-10,FSK,6.0,0.17,0.684,COMPRESSION,17,676.0,0.18,0.724,COMPRESSION,18,292.0,31,11,BEAR_REJECTION_PENDING,SHORT,97.0,CONVICTION,HOSTILE,0.2487,RISING
2026-09-10,FRVO,6.0,0.02,0.012,COMPRESSION,2,789.0,1.09,0.632,CONVICTION,109,447.0,46,10,BEAR_REJECTION_PENDING,SHORT,62.0,CONVICTION,HOSTILE,1.725,RISING
2026-09-10,FUN,6.0,0.29,0.386,COMPRESSION,29,994.0,0.13,0.173,COMPRESSION,13,380.0,48,14,BEAR_REJECTION_PENDING,SHORT,38.0,MARGINAL,HOSTILE,0.7504,RISING
2026-09-10,GKOS,6.0,1.85,0.308,VACUUM,185,186.0,1.94,0.323,CONVICTION,194,620.0,58,22,BEAR_REJECTION_PENDING,SHORT,77.6,CONVICTION,HOSTILE,6.0114,NEUTRAL
2026-09-10,GRAL,6.0,0.14,0.029,MINOR,15,191.0,2.67,0.562,CONVICTION,268,506.0,50,32,BEAR_REJECTION_PENDING,SHORT,54.2,MARGINAL,HOSTILE,4.7546,NEUTRAL
2026-09-10,GFS,6.0,1.03,0.681,CONVICTION,103,311.0,0.35,0.231,COMPRESSION,36,158.0,51,53,BEAR_REJECTION_PENDING,SHORT,28.0,MARGINAL,HOSTILE,1.5129,RISING
2026-09-10,GWRE,6.0,1.9,0.17,CONVICTION,190,1329.0,2.81,0.252,CONVICTION,282,1228.0,85,35,BEAR_REJECTION_PENDING,SHORT,98.0,CONVICTION,HOSTILE,11.1636,FALLING
2026-09-10,HONA,6.0,2.36,0.425,CONVICTION,237,458.0,0.309,0.056,MINOR,31,7.0,84,7,BEAR_REJECTION_PENDING,SHORT,87.8,CONVICTION,HOSTILE,5.5557,FALLING
2026-09-10,HALO,6.0,0.64,0.247,COMPRESSION,65,26.0,0.375,0.145,MINOR,38,692.0,24,24,BEAR_REJECTION_PENDING,SHORT,81.0,CONVICTION,HOSTILE,2.5892,RISING
2026-09-10,HNGE,6.0,0.24,0.052,MINOR,24,264.0,0.3,0.065,COMPRESSION,30,1201.0,44,19,BEAR_REJECTION_PENDING,SHORT,56.8,MARGINAL,HOSTILE,4.6312,NEUTRAL
2026-09-10,HUM,6.0,4.26,0.311,VACUUM,426,613.0,2.32,0.169,CONVICTION,232,308.0,16,37,BEAR_REJECTION_PENDING,SHORT,58.0,MARGINAL,HOSTILE,13.7062,NEUTRAL
2026-09-10,IDCC,6.0,0.42,0.042,MINOR,43,393.0,0.06,0.006,COMPRESSION,7,39.0,29,38,BEAR_REJECTION_PENDING,SHORT,52.0,MARGINAL,HOSTILE,10.0694,NEUTRAL
2026-09-10,KALU,6.0,6.028,0.945,CONVICTION,603,569.0,1.2,0.188,CONVICTION,120,121.0,31,66,BEAR_REJECTION_PENDING,SHORT,52.0,MARGINAL,HOSTILE,6.3765,RISING
2026-09-10,IRE,6.0,0.03,0.02,MINOR,3,1405.0,0.01,0.007,MINOR,2,737.0,42,29,BEAR_REJECTION_PENDING,SHORT,62.0,CONVICTION,HOSTILE,1.5178,RISING
2026-09-10,KGS,6.0,1.345,0.516,VACUUM,135,251.0,0.72,0.276,COMPRESSION,72,116.0,23,47,BEAR_REJECTION_PENDING,SHORT,76.1,CONVICTION,HOSTILE,2.6079,RISING
2026-09-10,KSS,6.0,0.2,0.177,MINOR,20,460.0,2.11,1.87,CONVICTION,211,1188.0,59,9,BEAR_REJECTION_PENDING,SHORT,52.0,MARGINAL,HOSTILE,1.1282,RISING
2026-09-10,KRMN,6.0,0.24,0.082,COMPRESSION,24,1128.0,0.05,0.017,COMPRESSION,5,164.0,72,13,BEAR_REJECTION_PENDING,SHORT,59.4,MARGINAL,HOSTILE,2.9109,FALLING
2026-09-10,MAIN,6.0,0.3,0.346,COMPRESSION,30,1279.0,0.4,0.461,COMPRESSION,41,265.0,56,44,BEAR_REJECTION_PENDING,SHORT,70.0,CONVICTION,HOSTILE,0.8678,FALLING
2026-09-10,LEU,6.0,2.21,0.176,CONVICTION,222,16.0,1.65,0.131,CONVICTION,166,106.0,51,45,BEAR_REJECTION_PENDING,SHORT,57.1,MARGINAL,HOSTILE,12.5803,RISING
2026-09-10,MIRM,6.0,0.66,0.187,COMPRESSION,66,741.0,0.835,0.236,COMPRESSION,84,314.0,49,21,BEAR_REJECTION_PENDING,SHORT,90.9,CONVICTION,HOSTILE,3.5345,NEUTRAL
2026-09-10,MDB,6.0,7.99,0.344,CONVICTION,800,56.0,10.17,0.438,CONVICTION,1017,309.0,45,30,BEAR_REJECTION_PENDING,SHORT,84.5,CONVICTION,HOSTILE,23.1995,FALLING
2026-09-10,MUZ,6.0,0.3,0.351,COMPRESSION,31,1260.0,0.07,0.082,MINOR,8,38.0,20,28,BEAR_REJECTION_PENDING,SHORT,70.2,CONVICTION,HOSTILE,0.8539,FALLING
2026-09-10,MTZ,6.0,1.27,0.116,CONVICTION,127,952.0,2.45,0.223,CONVICTION,245,96.0,33,46,BEAR_REJECTION_PENDING,SHORT,40.0,MARGINAL,HOSTILE,10.965,FALLING
2026-09-10,NASA,6.0,0.45,0.652,COMPRESSION,45,280.0,0.29,0.42,MINOR,29,4.0,78,60,BEAR_REJECTION_PENDING,SHORT,64.5,CONVICTION,HOSTILE,0.6906,RISING
2026-09-10,NRGV,6.0,0.04,0.131,COMPRESSION,5,624.0,0.03,0.098,COMPRESSION,4,719.0,5,27,BEAR_REJECTION_PENDING,SHORT,60.8,CONVICTION,HOSTILE,0.306,RISING
2026-09-10,NICE,6.0,1.94,0.553,CONVICTION,194,482.0,0.65,0.185,COMPRESSION,66,105.0,76,40,BEAR_REJECTION_PENDING,SHORT,38.0,MARGINAL,HOSTILE,3.5096,RISING
2026-09-10,NBIZ,6.0,0.41,0.48,COMPRESSION,42,172.0,0.0101,0.012,MINOR,2,459.0,23,44,BEAR_REJECTION_PENDING,SHORT,82.0,CONVICTION,HOSTILE,0.8535,FALLING
2026-09-10,OC,6.0,0.27,0.059,COMPRESSION,28,760.0,4.1,0.899,CONVICTION,411,243.0,66,18,BEAR_REJECTION_PENDING,SHORT,84.0,CONVICTION,HOSTILE,4.5586,FALLING
2026-09-10,OLLI,6.0,0.39,0.109,COMPRESSION,40,515.0,0.31,0.087,COMPRESSION,32,732.0,50,13,BEAR_REJECTION_PENDING,SHORT,64.0,CONVICTION,HOSTILE,3.5718,RISING
2026-09-10,OKLL,6.0,0.032,0.02,MINOR,4,349.0,0.4,0.244,COMPRESSION,40,158.0,21,30,BEAR_REJECTION_PENDING,SHORT,62.0,CONVICTION,HOSTILE,1.6374,RISING
2026-09-10,OMDA,6.0,0.34,0.317,COMPRESSION,34,433.0,1.165,1.085,CONVICTION,117,370.0,77,12,BEAR_REJECTION_PENDING,SHORT,72.4,CONVICTION,HOSTILE,1.0735,NEUTRAL
2026-09-10,PGNY,6.0,0.25,0.306,COMPRESSION,25,243.0,0.02,0.024,COMPRESSION,2,438.0,13,47,BEAR_REJECTION_PENDING,SHORT,75.0,CONVICTION,HOSTILE,0.8167,RISING
2026-09-10,OSCR,6.0,0.04,0.023,MINOR,4,36.0,0.32,0.181,MINOR,33,293.0,19,16,BEAR_REJECTION_PENDING,SHORT,52.0,MARGINAL,HOSTILE,1.7715,RISING
2026-09-10,QNST,6.0,0.33,0.395,COMPRESSION,34,349.0,0.25,0.299,COMPRESSION,25,1142.0,47,9,BEAR_REJECTION_PENDING,SHORT,80.7,CONVICTION,HOSTILE,0.8361,FALLING
2026-09-10,RCEL,6.0,3.45,6.134,CONVICTION,346,108.0,0.03,0.053,COMPRESSION,3,59.0,51,22,BEAR_REJECTION_PENDING,SHORT,90.8,CONVICTION,HOSTILE,0.5624,NEUTRAL
2026-09-10,RDNT,6.0,0.99,0.415,COMPRESSION,99,261.0,1.07,0.449,CONVICTION,107,849.0,46,28,BEAR_REJECTION_PENDING,SHORT,79.0,CONVICTION,HOSTILE,2.3834,NEUTRAL
2026-09-10,RDDT,6.0,0.74,0.103,COMPRESSION,75,147.0,1.93,0.269,CONVICTION,194,1395.0,58,16,BEAR_REJECTION_PENDING,SHORT,56.0,MARGINAL,HOSTILE,7.1847,FALLING
2026-09-10,RHI,6.0,0.64,0.39,COMPRESSION,65,879.0,0.73,0.444,COMPRESSION,74,5.0,41,17,BEAR_REJECTION_PENDING,SHORT,76.2,CONVICTION,HOSTILE,1.6427,FALLING
2026-09-10,ROAD,6.0,1.01,0.227,CONVICTION,102,488.0,3.28,0.737,CONVICTION,329,314.0,55,6,BEAR_REJECTION_PENDING,SHORT,82.4,CONVICTION,HOSTILE,4.449,NEUTRAL
2026-09-10,RKLX,6.0,0.01,0.007,MINOR,1,179.0,0.4767,0.32,COMPRESSION,48,1430.0,37,18,BEAR_REJECTION_PENDING,SHORT,52.0,MARGINAL,HOSTILE,1.4885,RISING
2026-09-10,SNDQ,6.0,1.319,0.688,VACUUM,132,382.0,0.0109,0.006,MINOR,2,95.0,11,11,BEAR_REJECTION_PENDING,SHORT,44.0,MARGINAL,HOSTILE,1.9172,FALLING
2026-09-10,SMCX,6.0,0.01,0.007,MINOR,1,252.0,0.23,0.164,COMPRESSION,23,142.0,43,42,BEAR_REJECTION_PENDING,SHORT,62.0,CONVICTION,HOSTILE,1.4026,RISING
2026-09-10,SPAL,6.0,0.16,0.123,COMPRESSION,17,652.0,0.405,0.31,COMPRESSION,41,1197.0,49,66,BEAR_REJECTION_PENDING,SHORT,71.5,CONVICTION,HOSTILE,1.3057,RISING
2026-09-10,SPAX,6.0,0.16,0.203,COMPRESSION,17,963.0,0.245,0.311,COMPRESSION,25,1202.0,48,57,BEAR_REJECTION_PENDING,SHORT,58.9,MARGINAL,HOSTILE,0.7875,RISING
2026-09-10,SPCF,6.0,0.17,0.131,COMPRESSION,18,1063.0,0.41,0.315,COMPRESSION,42,1199.0,54,43,BEAR_REJECTION_PENDING,SHORT,50.0,MARGINAL,HOSTILE,1.3014,RISING
2026-09-10,SPCH,6.0,0.15,0.193,COMPRESSION,16,1050.0,0.005,0.006,COMPRESSION,1,685.0,32,19,BEAR_REJECTION_PENDING,SHORT,59.2,MARGINAL,HOSTILE,0.779,RISING
2026-09-10,SSRM,6.0,1.23,0.761,CONVICTION,124,8.0,0.56,0.347,MINOR,57,8.0,21,63,BEAR_REJECTION_PENDING,SHORT,85.8,CONVICTION,HOSTILE,1.6156,RISING
2026-09-10,TNDM,6.0,0.39,0.379,COMPRESSION,39,209.0,0.03,0.029,MINOR,4,874.0,49,5,BEAR_REJECTION_PENDING,SHORT,72.4,CONVICTION,HOSTILE,1.0286,FALLING
2026-09-10,SWKS,6.0,0.03,0.01,MINOR,4,238.0,0.98,0.328,COMPRESSION,99,64.0,12,45,BEAR_REJECTION_PENDING,SHORT,64.7,CONVICTION,HOSTILE,2.9881,RISING
2026-09-10,TEM,6.0,0.62,0.12,COMPRESSION,63,512.0,5.91,1.142,CONVICTION,591,721.0,57,12,BEAR_REJECTION_PENDING,SHORT,48.8,MARGINAL,HOSTILE,5.175,FALLING
2026-09-10,ULTA,6.0,5.34,0.281,CONVICTION,535,37.0,4.8,0.252,CONVICTION,481,1252.0,35,46,BEAR_REJECTION_PENDING,SHORT,87.4,CONVICTION,HOSTILE,19.0118,RISING
2026-09-10,TSLL,6.0,0.002,0.002,MINOR,1,486.0,0.15,0.187,COMPRESSION,16,442.0,45,20,BEAR_REJECTION_PENDING,SHORT,52.3,MARGINAL,HOSTILE,0.8022,RISING
2026-09-10,TTWO,6.0,0.85,0.104,COMPRESSION,85,115.0,2.56,0.313,CONVICTION,257,177.0,51,25,BEAR_REJECTION_PENDING,SHORT,86.1,CONVICTION,HOSTILE,8.1791,FALLING
2026-09-10,TXG,6.0,,,,,,1.47,0.4,CONVICTION,147,1376.0,0,49,,,,NONE,HOSTILE,3.6763,RISING
2026-09-10,VATE,6.0,0.03,0.075,COMPRESSION,4,913.0,0.12,0.3,MINOR,13,1458.0,42,15,BEAR_REJECTION_PENDING,SHORT,52.0,MARGINAL,HOSTILE,0.3997,NEUTRAL
2026-09-10,VISN,6.0,4.81,7.107,CONVICTION,481,624.0,0.1,0.148,MINOR,11,314.0,14,12,BEAR_REJECTION_PENDING,SHORT,96.5,CONVICTION,HOSTILE,0.6768,RISING
2026-09-10,VOYG,6.0,0.52,0.264,COMPRESSION,52,1224.0,5.48,2.787,CONVICTION,548,77.0,47,16,BEAR_REJECTION_PENDING,SHORT,51.0,MARGINAL,HOSTILE,1.966,NEUTRAL
2026-09-10,VSXY,6.0,7.15,1.594,CONVICTION,716,136.0,0.07,0.016,MINOR,7,47.0,16,10,BEAR_REJECTION_PENDING,SHORT,100.0,CONVICTION,HOSTILE,4.4848,FALLING
2026-09-10,WTS,6.0,0.74,0.084,COMPRESSION,75,769.0,1.07,0.121,CONVICTION,108,248.0,39,46,BEAR_REJECTION_PENDING,SHORT,78.0,CONVICTION,HOSTILE,8.8331,FALLING
2026-09-10,VSH,6.0,1.66,1.283,CONVICTION,166,738.0,0.01,0.008,COMPRESSION,1,1073.0,16,47,BEAR_REJECTION_PENDING,SHORT,79.6,CONVICTION,HOSTILE,1.2936,FALLING
2026-09-10,XMTR,6.0,1.45,0.317,CONVICTION,146,632.0,19.49,4.258,CONVICTION,1950,1120.0,99,13,BEAR_REJECTION_PENDING,SHORT,54.0,MARGINAL,HOSTILE,4.5768,NEUTRAL
2026-09-10,ADM,6.0,0.035,0.012,MINOR,4,194.0,0.89,0.302,COMPRESSION,90,23.0,1,44,BEAR_REJECTION_PENDING,SHORT,52.0,MARGINAL,HOSTILE,2.9517,RISING
2026-09-10,ABCL,6.0,0.0187,0.026,MINOR,2,259.0,0.02,0.028,MINOR,2,678.0,21,21,BEAR_REJECTION_PENDING,SHORT,48.0,MARGINAL,HOSTILE,0.7128,NEUTRAL
2026-09-10,ADSK,6.0,3.27,0.313,CONVICTION,328,369.0,6.2,0.593,CONVICTION,621,219.0,72,28,BEAR_REJECTION_PENDING,SHORT,59.7,MARGINAL,HOSTILE,10.459,FALLING
2026-09-10,APO,6.0,1.62,0.45,CONVICTION,162,92.0,1.205,0.334,CONVICTION,121,309.0,63,41,BEAR_REJECTION_PENDING,SHORT,72.4,CONVICTION,HOSTILE,3.6034,RISING
2026-09-10,AKAM,6.0,0.65,0.156,COMPRESSION,66,107.0,3.145,0.754,CONVICTION,315,202.0,37,64,BEAR_REJECTION_PENDING,SHORT,62.0,CONVICTION,HOSTILE,4.1736,NEUTRAL
2026-09-10,AR,6.0,0.74,0.745,COMPRESSION,74,624.0,0.59,0.594,COMPRESSION,59,54.0,16,56,BEAR_REJECTION_PENDING,SHORT,67.1,CONVICTION,HOSTILE,0.9938,RISING
2026-09-10,AGQ,6.0,2.5998,0.505,VACUUM,260,661.0,2.66,0.517,CONVICTION,267,82.0,62,61,BEAR_REJECTION_PENDING,SHORT,29.8,MARGINAL,HOSTILE,5.1434,NEUTRAL
2026-09-10,ARQT,6.0,0.34,0.37,COMPRESSION,34,63.0,0.085,0.093,COMPRESSION,9,1025.0,38,22,BEAR_REJECTION_PENDING,SHORT,76.3,CONVICTION,HOSTILE,0.9183,RISING
2026-09-10,BILL,6.0,0.72,0.372,COMPRESSION,72,50.0,0.98,0.507,COMPRESSION,98,434.0,30,36,BEAR_REJECTION_PENDING,SHORT,81.8,CONVICTION,HOSTILE,1.9344,NEUTRAL
2026-09-10,BLLN,6.0,36.91,7.688,CONVICTION,3691,605.0,0.68,0.142,COMPRESSION,68,1267.0,32,41,BEAR_REJECTION_PENDING,SHORT,87.0,CONVICTION,HOSTILE,4.8012,NEUTRAL
2026-09-10,BIRK,6.0,0.49,0.359,COMPRESSION,50,889.0,0.22,0.161,MINOR,23,108.0,46,12,BEAR_REJECTION_PENDING,SHORT,80.7,CONVICTION,HOSTILE,1.3663,FALLING
2026-09-10,BMRN,6.0,0.71,0.424,COMPRESSION,72,202.0,0.41,0.245,COMPRESSION,41,550.0,62,34,BEAR_REJECTION_PENDING,SHORT,62.0,CONVICTION,HOSTILE,1.6753,NEUTRAL
2026-09-10,BR,6.0,0.88,0.189,COMPRESSION,88,232.0,3.69,0.791,CONVICTION,369,622.0,56,60,BEAR_REJECTION_PENDING,SHORT,100.0,CONVICTION,HOSTILE,4.6661,FALLING
2026-09-10,BRKR,6.0,0.13,0.05,MINOR,14,724.0,0.64,0.245,COMPRESSION,65,443.0,36,18,BEAR_REJECTION_PENDING,SHORT,68.2,CONVICTION,HOSTILE,2.6091,NEUTRAL
2026-09-10,BRZE,6.0,4.13,2.126,CONVICTION,413,1032.0,0.55,0.283,COMPRESSION,56,506.0,33,18,BEAR_REJECTION_PENDING,SHORT,95.0,CONVICTION,HOSTILE,1.943,FALLING
2026-09-10,BSP,6.0,0.08,0.032,COMPRESSION,8,242.0,0.39,0.154,COMPRESSION,40,654.0,37,19,BEAR_REJECTION_PENDING,SHORT,76.6,CONVICTION,HOSTILE,2.5359,FALLING
2026-09-10,BTU,6.0,1.53,1.2,CONVICTION,154,364.0,0.16,0.126,COMPRESSION,17,1267.0,25,36,BEAR_REJECTION_PENDING,SHORT,82.8,CONVICTION,HOSTILE,1.2747,NEUTRAL
2026-09-10,BZ,6.0,0.12,0.144,COMPRESSION,13,467.0,0.1,0.12,COMPRESSION,10,1364.0,27,23,BEAR_REJECTION_PENDING,SHORT,68.0,CONVICTION,HOSTILE,0.835,FALLING
2026-09-10,CAKE,6.0,0.22,0.059,COMPRESSION,22,362.0,0.9,0.242,COMPRESSION,90,125.0,57,9,BEAR_REJECTION_PENDING,SHORT,95.9,CONVICTION,HOSTILE,3.7207,NEUTRAL
2026-09-10,BWET,6.0,1.2899,0.032,VACUUM,129,60.0,25.83,0.639,CONVICTION,2583,1061.0,7,77,BEAR_REJECTION_PENDING,SHORT,68.0,CONVICTION,HOSTILE,40.4268,RISING
2026-09-10,CHYM,6.0,0.24,0.171,MINOR,25,246.0,0.85,0.607,COMPRESSION,85,17.0,16,30,BEAR_REJECTION_PENDING,SHORT,52.0,MARGINAL,HOSTILE,1.4006,NEUTRAL
2026-09-10,CF,6.0,0.5287,0.092,MINOR,53,6.0,0.71,0.124,COMPRESSION,72,355.0,13,105,BEAR_REJECTION_PENDING,SHORT,67.9,CONVICTION,HOSTILE,5.7157,RISING
2026-09-10,CLMT,6.0,0.015,0.007,MINOR,2,11.0,0.8,0.352,COMPRESSION,80,347.0,1,129,BEAR_REJECTION_PENDING,SHORT,52.0,MARGINAL,HOSTILE,2.2714,RISING
2026-09-10,CRC,6.0,0.26,0.175,COMPRESSION,26,878.0,1.09,0.732,CONVICTION,110,245.0,23,64,BEAR_REJECTION_PENDING,SHORT,53.5,MARGINAL,HOSTILE,1.4896,RISING
2026-09-10,CNR,6.0,0.51,0.154,COMPRESSION,52,967.0,1.36,0.411,CONVICTION,136,487.0,33,37,BEAR_REJECTION_PENDING,SHORT,72.9,CONVICTION,HOSTILE,3.3117,NEUTRAL
2026-09-10,CLOU,6.0,0.41,0.601,COMPRESSION,42,4.0,0.33,0.484,COMPRESSION,33,687.0,57,33,BEAR_REJECTION_PENDING,SHORT,73.0,CONVICTION,HOSTILE,0.6817,FALLING
2026-09-10,CRL,6.0,3.0,0.339,CONVICTION,300,365.0,26.39,2.978,CONVICTION,2640,633.0,73,23,BEAR_REJECTION_PENDING,SHORT,100.0,CONVICTION,HOSTILE,8.8617,FALLING
2026-09-10,DDS,6.0,2.15,0.096,CONVICTION,215,286.0,2.16,0.097,CONVICTION,217,1382.0,29,44,BEAR_REJECTION_PENDING,SHORT,68.0,CONVICTION,HOSTILE,22.353,RISING
2026-09-10,CVLT,6.0,0.63,0.121,COMPRESSION,63,305.0,1.21,0.233,CONVICTION,121,419.0,61,35,BEAR_REJECTION_PENDING,SHORT,79.9,CONVICTION,HOSTILE,5.2018,NEUTRAL
2026-09-10,DDOG,6.0,0.445,0.037,COMPRESSION,45,396.0,0.38,0.032,MINOR,38,1153.0,27,36,BEAR_REJECTION_PENDING,SHORT,74.0,CONVICTION,HOSTILE,11.9079,FALLING
2026-09-10,DNTH,6.0,0.13,0.028,MINOR,13,37.0,0.88,0.188,MINOR,89,1054.0,36,17,BEAR_REJECTION_PENDING,SHORT,55.1,MARGINAL,HOSTILE,4.6799,NEUTRAL
2026-09-10,DT,6.0,0.67,0.377,COMPRESSION,68,248.0,0.19,0.107,COMPRESSION,20,100.0,52,12,BEAR_REJECTION_PENDING,SHORT,82.4,CONVICTION,HOSTILE,1.7771,NEUTRAL
2026-09-10,EXE,6.0,1.17,0.504,CONVICTION,118,630.0,0.02,0.009,COMPRESSION,2,54.0,36,23,BEAR_REJECTION_PENDING,SHORT,55.0,MARGINAL,HOSTILE,2.3223,RISING
2026-09-10,DOCN,6.0,0.38,0.051,MINOR,38,500.0,1.46,0.195,CONVICTION,147,1416.0,18,51,BEAR_REJECTION_PENDING,SHORT,74.0,CONVICTION,HOSTILE,7.5031,FALLING
2026-09-10,FANG,6.0,0.72,0.13,COMPRESSION,72,305.0,2.54,0.457,CONVICTION,255,876.0,20,94,BEAR_REJECTION_PENDING,SHORT,62.6,CONVICTION,HOSTILE,5.5563,RISING
2026-09-10,FOUR,6.0,0.29,0.103,COMPRESSION,29,177.0,0.58,0.206,COMPRESSION,58,489.0,41,16,BEAR_REJECTION_PENDING,SHORT,68.6,CONVICTION,HOSTILE,2.8156,FALLING
2026-09-10,FSLY,6.0,0.79,0.471,COMPRESSION,79,573.0,1.2,0.715,CONVICTION,121,70.0,13,25,BEAR_REJECTION_PENDING,SHORT,74.2,CONVICTION,HOSTILE,1.679,FALLING
2026-09-10,FSM,6.0,0.35,0.67,COMPRESSION,35,49.0,0.11,0.211,COMPRESSION,11,1200.0,40,70,BEAR_REJECTION_PENDING,SHORT,71.0,CONVICTION,HOSTILE,0.5225,FALLING
2026-09-10,FTI,6.0,0.005,0.002,MINOR,1,24.0,0.25,0.116,COMPRESSION,25,1377.0,20,38,BEAR_REJECTION_PENDING,SHORT,52.0,MARGINAL,HOSTILE,2.1472,NEUTRAL
2026-09-10,GAP,6.0,0.03,0.028,COMPRESSION,4,458.0,0.32,0.299,COMPRESSION,33,387.0,52,13,BEAR_REJECTION_PENDING,SHORT,36.8,MARGINAL,HOSTILE,1.0704,RISING
2026-09-10,GLOB,6.0,1.01,0.566,CONVICTION,102,548.0,0.55,0.308,COMPRESSION,55,1074.0,55,22,BEAR_REJECTION_PENDING,SHORT,68.0,CONVICTION,HOSTILE,1.786,FALLING
2026-09-10,GMED,6.0,0.5,0.209,COMPRESSION,50,414.0,0.05,0.021,MINOR,5,35.0,66,4,BEAR_REJECTION_PENDING,SHORT,71.9,CONVICTION,HOSTILE,2.3957,FALLING
2026-09-10,HCC,6.0,0.15,0.033,MINOR,16,295.0,2.26,0.496,CONVICTION,227,604.0,15,25,BEAR_REJECTION_PENDING,SHORT,58.0,MARGINAL,HOSTILE,4.5528,RISING
2026-09-10,HP,6.0,1.41,0.781,VACUUM,141,95.0,0.62,0.343,COMPRESSION,62,136.0,35,24,BEAR_REJECTION_PENDING,SHORT,74.7,CONVICTION,HOSTILE,1.8056,RISING
2026-09-10,IMAX,6.0,0.15,0.09,MINOR,15,457.0,0.65,0.39,COMPRESSION,65,566.0,34,40,BEAR_REJECTION_PENDING,SHORT,82.8,CONVICTION,HOSTILE,1.6668,NEUTRAL
2026-09-10,HUBS,6.0,2.35,0.2,CONVICTION,235,635.0,4.62,0.393,CONVICTION,463,1021.0,51,33,BEAR_REJECTION_PENDING,SHORT,70.0,CONVICTION,HOSTILE,11.7532,FALLING
2026-09-10,IT,6.0,2.5,0.323,CONVICTION,250,839.0,4.53,0.586,CONVICTION,454,833.0,57,13,BEAR_REJECTION_PENDING,SHORT,94.8,CONVICTION,HOSTILE,7.7303,FALLING
2026-09-10,HYMC,6.0,0.005,0.003,COMPRESSION,1,503.0,4.515,2.605,CONVICTION,452,769.0,50,39,BEAR_REJECTION_PENDING,SHORT,28.0,MARGINAL,HOSTILE,1.7331,RISING
2026-09-10,KVYO,6.0,0.26,0.238,COMPRESSION,26,1203.0,0.48,0.44,COMPRESSION,49,611.0,45,21,BEAR_REJECTION_PENDING,SHORT,87.0,CONVICTION,HOSTILE,1.0914,RISING
2026-09-10,LFST,6.0,0.4074,0.977,MINOR,41,8.0,0.005,0.012,MINOR,1,269.0,12,36,BEAR_REJECTION_PENDING,SHORT,61.2,CONVICTION,HOSTILE,0.4169,NEUTRAL
2026-09-10,LLY,6.0,16.36,0.526,CONVICTION,1636,60.0,29.82,0.958,CONVICTION,2982,156.0,65,36,BEAR_REJECTION_PENDING,SHORT,90.0,CONVICTION,HOSTILE,31.1274,FALLING
2026-09-10,LABU,6.0,3.14,0.136,CONVICTION,315,332.0,5.53,0.239,CONVICTION,554,846.0,85,19,BEAR_REJECTION_PENDING,SHORT,55.7,MARGINAL,HOSTILE,23.1296,NEUTRAL
2026-09-10,LYB,6.0,0.03,0.013,COMPRESSION,4,736.0,1.33,0.597,CONVICTION,133,1114.0,40,38,BEAR_REJECTION_PENDING,SHORT,80.8,CONVICTION,HOSTILE,2.2284,RISING
2026-09-10,MNDY,6.0,1.73,0.347,CONVICTION,173,979.0,1.5,0.301,CONVICTION,150,295.0,74,38,BEAR_REJECTION_PENDING,SHORT,76.5,CONVICTION,HOSTILE,4.981,FALLING
2026-09-10,MTDR,6.0,0.46,0.267,MINOR,47,331.0,1.53,0.887,CONVICTION,154,134.0,2,78,BEAR_REJECTION_PENDING,SHORT,58.0,MARGINAL,HOSTILE,1.7252,RISING
2026-09-10,MSTZ,6.0,0.0899,0.1,MINOR,9,1132.0,0.02,0.022,COMPRESSION,3,115.0,19,22,SHORT_UPPER_DIRTY,SHORT,38.5,MARGINAL,HOSTILE,0.8998,RISING
2026-09-10,MPC,6.0,2.42,0.229,VACUUM,243,17.0,7.6,0.718,CONVICTION,761,110.0,8,101,BEAR_REJECTION_PENDING,SHORT,81.7,CONVICTION,HOSTILE,10.5834,RISING
2026-09-10,MUR,6.0,1.93,1.392,CONVICTION,193,259.0,0.62,0.447,COMPRESSION,63,314.0,10,79,BEAR_REJECTION_PENDING,SHORT,86.8,CONVICTION,HOSTILE,1.3861,RISING
2026-09-10,MUSA,6.0,4.34,0.24,CONVICTION,434,436.0,1.11,0.061,CONVICTION,111,833.0,23,51,BEAR_REJECTION_PENDING,SHORT,56.0,MARGINAL,HOSTILE,18.0753,RISING
2026-09-10,NE,6.0,1.0,0.623,CONVICTION,100,1219.0,0.25,0.156,MINOR,25,202.0,53,38,BEAR_REJECTION_PENDING,SHORT,57.9,MARGINAL,HOSTILE,1.6046,RISING
2026-09-10,NESR,6.0,0.0496,0.036,MINOR,5,461.0,2.98,2.17,CONVICTION,299,901.0,7,25,BEAR_REJECTION_PENDING,SHORT,52.0,MARGINAL,HOSTILE,1.3732,NEUTRAL
2026-09-10,NOV,6.0,0.004,0.006,MINOR,1,121.0,0.295,0.441,COMPRESSION,30,109.0,8,46,BEAR_REJECTION_PENDING,SHORT,52.0,MARGINAL,HOSTILE,0.6691,RISING
2026-09-10,NET,6.0,0.1,0.006,MINOR,11,185.0,11.2,0.661,CONVICTION,1120,529.0,26,86,BEAR_REJECTION_PENDING,SHORT,48.0,MARGINAL,HOSTILE,16.9357,NEUTRAL
2026-09-10,NOG,6.0,0.79,0.965,COMPRESSION,79,458.0,0.15,0.183,COMPRESSION,15,508.0,47,34,BEAR_REJECTION_PENDING,SHORT,52.0,MARGINAL,HOSTILE,0.8183,RISING
2026-09-10,NSIT,6.0,4.52,0.949,CONVICTION,453,732.0,1.92,0.403,CONVICTION,192,888.0,9,35,BEAR_REJECTION_PENDING,SHORT,68.3,CONVICTION,HOSTILE,4.7621,NEUTRAL
2026-09-10,NVD,6.0,0.04,0.141,COMPRESSION,5,497.0,0.02,0.071,COMPRESSION,2,157.0,18,20,BEAR_REJECTION_PENDING,SHORT,79.0,CONVICTION,HOSTILE,0.2836,FALLING
2026-09-10,OIH,6.0,7.875,0.729,CONVICTION,788,47.0,7.68,0.711,CONVICTION,769,141.0,18,71,BEAR_REJECTION_PENDING,SHORT,58.0,MARGINAL,HOSTILE,10.7964,RISING
2026-09-10,ORA,6.0,0.97,0.258,COMPRESSION,97,1430.0,0.15,0.04,COMPRESSION,15,834.0,72,22,BEAR_REJECTION_PENDING,SHORT,48.0,MARGINAL,HOSTILE,3.7632,NEUTRAL
2026-09-10,ORKA,6.0,1.46,0.265,VACUUM,147,391.0,8.66,1.573,CONVICTION,866,1148.0,67,11,BEAR_REJECTION_PENDING,SHORT,76.2,CONVICTION,HOSTILE,5.5049,NEUTRAL
2026-09-10,OVV,6.0,0.41,0.236,MINOR,41,226.0,0.29,0.167,COMPRESSION,29,116.0,14,48,BEAR_REJECTION_PENDING,SHORT,68.0,CONVICTION,HOSTILE,1.7339,NEUTRAL
2026-09-10,P,6.0,1.21,0.195,CONVICTION,121,1068.0,0.75,0.121,COMPRESSION,75,925.0,59,46,BEAR_REJECTION_PENDING,SHORT,60.8,CONVICTION,HOSTILE,6.2055,NEUTRAL
2026-09-10,PARR,6.0,0.03,0.006,MINOR,4,1.0,2.47,0.532,CONVICTION,247,217.0,2,46,BEAR_REJECTION_PENDING,SHORT,52.0,MARGINAL,HOSTILE,4.6399,RISING
2026-09-10,REPL,6.0,0.14,0.179,COMPRESSION,14,277.0,0.58,0.743,COMPRESSION,59,1282.0,48,7,BEAR_REJECTION_PENDING,SHORT,62.9,CONVICTION,HOSTILE,0.7804,NEUTRAL
2026-09-10,RBRK,6.0,0.62,0.102,COMPRESSION,63,1069.0,3.25,0.533,CONVICTION,325,224.0,37,27,BEAR_REJECTION_PENDING,SHORT,52.0,MARGINAL,HOSTILE,6.0944,FALLING
2026-09-10,RMD,6.0,2.13,0.353,CONVICTION,213,285.0,0.35,0.058,COMPRESSION,35,1030.0,69,38,BEAR_REJECTION_PENDING,SHORT,91.0,CONVICTION,HOSTILE,6.0375,FALLING
2026-09-10,SHAZ,6.0,1.08,0.222,CONVICTION,108,1350.0,0.81,0.167,COMPRESSION,82,130.0,16,31,BEAR_REJECTION_PENDING,SHORT,48.0,MARGINAL,HOSTILE,4.8583,RISING
2026-09-10,SMMT,6.0,0.25,0.24,COMPRESSION,25,534.0,0.11,0.106,COMPRESSION,11,34.0,3,24,BEAR_REJECTION_PENDING,SHORT,60.9,CONVICTION,HOSTILE,1.0425,RISING
2026-09-10,SM,6.0,0.29,0.206,COMPRESSION,29,1295.0,0.2,0.142,COMPRESSION,21,1066.0,19,66,BEAR_REJECTION_PENDING,SHORT,53.8,MARGINAL,HOSTILE,1.4096,RISING
2026-09-10,SNXX,6.0,0.08,0.046,MINOR,9,80.0,0.025,0.014,MINOR,3,105.0,13,9,BEAR_REJECTION_PENDING,SHORT,52.0,MARGINAL,HOSTILE,1.7423,RISING
2026-09-10,SNDU,6.0,1.419,0.524,VACUUM,142,220.0,0.07,0.026,MINOR,8,932.0,46,18,BEAR_REJECTION_PENDING,SHORT,52.0,MARGINAL,HOSTILE,2.7066,RISING
2026-09-10,SPOT,6.0,5.64,0.314,CONVICTION,564,278.0,5.72,0.318,CONVICTION,573,5.0,60,22,BEAR_REJECTION_PENDING,SHORT,82.7,CONVICTION,HOSTILE,17.9656,NEUTRAL
2026-09-10,SOXS,6.0,2.04,0.537,CONVICTION,204,1205.0,4.24,1.116,CONVICTION,425,303.0,28,22,BEAR_REJECTION_PENDING,SHORT,86.8,CONVICTION,HOSTILE,3.7995,FALLING
2026-09-10,TARS,6.0,0.91,0.248,COMPRESSION,91,418.0,0.58,0.158,COMPRESSION,58,992.0,48,34,BEAR_REJECTION_PENDING,SHORT,68.7,CONVICTION,HOSTILE,3.6627,RISING
2026-09-10,STKH,6.0,0.05,0.152,MINOR,6,573.0,0.0403,0.123,COMPRESSION,5,1013.0,31,5,BEAR_REJECTION_PENDING,SHORT,62.1,CONVICTION,HOSTILE,0.328,NEUTRAL
2026-09-10,SVM,6.0,0.42,0.676,MINOR,42,176.0,0.63,1.014,COMPRESSION,63,152.0,37,45,BEAR_REJECTION_PENDING,SHORT,70.8,CONVICTION,HOSTILE,0.6212,FALLING
2026-09-10,TDW,6.0,0.08,0.02,MINOR,9,376.0,1.47,0.374,CONVICTION,147,941.0,27,39,BEAR_REJECTION_PENDING,SHORT,52.0,MARGINAL,HOSTILE,3.9269,RISING
2026-09-10,TMDX,6.0,0.8,0.199,COMPRESSION,80,112.0,2.15,0.534,CONVICTION,215,906.0,40,47,BEAR_REJECTION_PENDING,SHORT,68.0,CONVICTION,HOSTILE,4.0232,RISING
2026-09-10,TME,6.0,0.04,0.168,COMPRESSION,4,314.0,0.0204,0.086,MINOR,3,63.0,69,6,BEAR_REJECTION_PENDING,SHORT,53.9,MARGINAL,HOSTILE,0.2375,FALLING
2026-09-10,VAL,6.0,1.75,0.491,VACUUM,175,370.0,1.22,0.342,CONVICTION,122,572.0,54,20,BEAR_REJECTION_PENDING,SHORT,36.0,MARGINAL,HOSTILE,3.5675,RISING
2026-09-10,WFRD,6.0,1.04,0.279,CONVICTION,105,1035.0,1.0,0.268,CONVICTION,100,790.0,50,38,BEAR_REJECTION_PENDING,SHORT,52.0,MARGINAL,HOSTILE,3.7292,RISING
2026-09-10,UCO,6.0,1.05,0.571,CONVICTION,106,143.0,1.45,0.788,CONVICTION,146,287.0,17,73,BEAR_REJECTION_PENDING,SHORT,84.8,CONVICTION,HOSTILE,1.8396,NEUTRAL
2026-09-10,WHD,6.0,0.36,0.147,COMPRESSION,36,142.0,0.5,0.204,COMPRESSION,50,1107.0,23,39,BEAR_REJECTION_PENDING,SHORT,65.5,CONVICTION,HOSTILE,2.4511,RISING
2026-09-10,VSAT,6.0,0.02,0.005,MINOR,2,129.0,3.72,0.991,CONVICTION,372,482.0,67,36,BEAR_REJECTION_PENDING,SHORT,74.1,CONVICTION,HOSTILE,3.7542,RISING
2026-09-10,WYHG,6.0,0.14,0.19,COMPRESSION,15,499.0,0.31,0.42,COMPRESSION,32,521.0,41,25,BEAR_REJECTION_PENDING,SHORT,63.5,CONVICTION,HOSTILE,0.7381,NEUTRAL
2026-09-10,XHLD,6.0,0.04,0.039,MINOR,5,638.0,0.19,0.183,MINOR,19,886.0,9,25,BEAR_REJECTION_PENDING,SHORT,52.0,MARGINAL,HOSTILE,1.0383,NEUTRAL
2026-09-10,ZS,6.0,8.0,0.815,CONVICTION,800,199.0,2.54,0.259,CONVICTION,255,766.0,31,54,BEAR_REJECTION_PENDING,SHORT,90.3,CONVICTION,HOSTILE,9.8214,NEUTRAL
2026-09-10,BLDR,6.0,0.73,0.273,COMPRESSION,74,912.0,0.035,0.013,MINOR,4,5.0,36,3,BEAR_REJECTION_PENDING,SHORT,78.4,CONVICTION,HOSTILE,2.6725,RISING
2026-09-10,XOP,6.0,0.22,0.053,MINOR,22,25.0,3.13,0.755,CONVICTION,313,84.0,4,107,BEAR_REJECTION_PENDING,SHORT,61.2,CONVICTION,HOSTILE,4.1479,RISING
2026-09-10,PNR,6.0,0.37,0.212,COMPRESSION,37,403.0,,,,,,75,0,BEAR_REJECTION_PENDING,SHORT,86.0,CONVICTION,HOSTILE,1.7443,FALLING
2026-09-10,REZI,6.0,0.16,0.211,COMPRESSION,17,231.0,1.56,2.055,CONVICTION,157,5.0,30,3,BEAR_REJECTION_PENDING,SHORT,73.8,CONVICTION,HOSTILE,0.759,RISING
2026-09-10,ALMR,6.0,0.05,0.025,COMPRESSION,6,346.0,0.13,0.066,COMPRESSION,13,107.0,56,16,BEAR_REJECTION_PENDING,SHORT,52.0,MARGINAL,HOSTILE,1.9636,RISING
2026-09-10,AEHR,6.0,5.97,0.78,CONVICTION,597,147.0,4.13,0.539,CONVICTION,413,422.0,58,33,BEAR_REJECTION_PENDING,SHORT,46.0,MARGINAL,HOSTILE,7.6567,RISING
2026-09-10,APPF,6.0,5.25,0.643,CONVICTION,525,614.0,3.93,0.481,CONVICTION,394,1049.0,60,58,BEAR_REJECTION_PENDING,SHORT,68.0,CONVICTION,HOSTILE,8.1623,FALLING
2026-09-10,ARES,6.0,0.77,0.185,COMPRESSION,78,366.0,0.86,0.207,COMPRESSION,86,410.0,58,34,BEAR_REJECTION_PENDING,SHORT,80.2,CONVICTION,HOSTILE,4.1546,NEUTRAL
2026-09-10,BAM,6.0,0.92,0.763,COMPRESSION,92,716.0,0.8,0.664,COMPRESSION,80,132.0,71,30,BEAR_REJECTION_PENDING,SHORT,81.9,CONVICTION,HOSTILE,1.205,RISING
2026-09-10,BCRX,6.0,0.598,1.605,COMPRESSION,60,261.0,0.06,0.161,COMPRESSION,7,146.0,33,14,BEAR_REJECTION_PENDING,SHORT,68.0,CONVICTION,HOSTILE,0.3725,FALLING
2026-09-10,BCO,6.0,0.68,0.195,COMPRESSION,69,1.0,0.77,0.221,COMPRESSION,78,375.0,26,68,BEAR_REJECTION_PENDING,SHORT,88.5,CONVICTION,HOSTILE,3.4784,FALLING
2026-09-10,BEPC,6.0,0.11,0.133,COMPRESSION,11,491.0,0.99,1.196,CONVICTION,100,313.0,68,15,BEAR_REJECTION_PENDING,SHORT,61.8,CONVICTION,HOSTILE,0.8275,FALLING
2026-09-10,BETA,6.0,0.14,0.091,COMPRESSION,15,422.0,0.04,0.026,COMPRESSION,4,586.0,31,18,BEAR_REJECTION_PENDING,SHORT,62.0,CONVICTION,HOSTILE,1.5357,RISING
2026-09-10,BSY,6.0,0.39,0.304,COMPRESSION,40,409.0,0.57,0.444,COMPRESSION,58,12.0,57,38,BEAR_REJECTION_PENDING,SHORT,78.8,CONVICTION,HOSTILE,1.2836,FALLING
2026-09-10,CACI,6.0,5.66,0.319,CONVICTION,566,196.0,27.17,1.53,CONVICTION,2717,883.0,91,18,BEAR_REJECTION_PENDING,SHORT,81.3,CONVICTION,HOSTILE,17.7528,FALLING
2026-09-10,BX,6.0,0.56,0.147,COMPRESSION,57,455.0,0.32,0.084,COMPRESSION,32,123.0,99,33,BEAR_REJECTION_PENDING,SHORT,62.5,CONVICTION,HOSTILE,3.7986,FALLING
2026-09-10,CHTR,6.0,0.02,0.003,COMPRESSION,3,1297.0,1.97,0.252,CONVICTION,197,68.0,46,25,BEAR_REJECTION_PENDING,SHORT,63.9,CONVICTION,HOSTILE,7.8146,FALLING
2026-09-10,DPC,6.0,0.17,0.054,COMPRESSION,18,1466.0,0.655,0.209,COMPRESSION,66,13.0,37,14,BEAR_REJECTION_PENDING,SHORT,64.0,CONVICTION,HOSTILE,3.1293,FALLING
2026-09-10,DK,6.0,0.49,0.105,MINOR,49,161.0,1.39,0.298,CONVICTION,140,1.0,18,57,BEAR_REJECTION_PENDING,SHORT,60.8,CONVICTION,HOSTILE,4.6704,NEUTRAL
2026-09-10,DPZ,6.0,2.41,0.207,CONVICTION,242,358.0,1.45,0.125,CONVICTION,145,286.0,80,32,BEAR_REJECTION_PENDING,SHORT,68.0,CONVICTION,HOSTILE,11.6154,FALLING
2026-09-10,EIX,6.0,0.025,0.006,MINOR,3,206.0,0.33,0.077,MINOR,33,356.0,55,21,BEAR_REJECTION_PENDING,SHORT,52.1,MARGINAL,HOSTILE,4.298,RISING
2026-09-10,EMR,6.0,1.41,0.404,CONVICTION,141,225.0,1.23,0.352,CONVICTION,124,12.0,87,11,BEAR_REJECTION_PENDING,SHORT,79.4,CONVICTION,HOSTILE,3.4911,NEUTRAL
2026-09-10,FLUT,6.0,0.14,0.033,COMPRESSION,15,305.0,0.75,0.179,MINOR,75,291.0,44,19,BEAR_REJECTION_PENDING,SHORT,65.7,CONVICTION,HOSTILE,4.1807,FALLING
2026-09-10,EXPE,6.0,1.54,0.121,CONVICTION,155,879.0,5.07,0.399,CONVICTION,507,277.0,56,29,BEAR_REJECTION_PENDING,SHORT,92.2,CONVICTION,HOSTILE,12.7075,FALLING
2026-09-10,FRPT,6.0,0.58,0.232,COMPRESSION,58,451.0,0.46,0.184,COMPRESSION,47,1073.0,63,20,BEAR_REJECTION_PENDING,SHORT,77.5,CONVICTION,HOSTILE,2.4966,NEUTRAL
2026-09-10,FORM,6.0,4.77,0.75,CONVICTION,478,1420.0,3.19,0.502,CONVICTION,319,540.0,27,78,BEAR_REJECTION_PENDING,SHORT,56.0,MARGINAL,HOSTILE,6.3561,RISING
2026-09-10,GEO,6.0,0.1,0.086,COMPRESSION,10,560.0,0.19,0.163,COMPRESSION,19,1389.0,17,34,BEAR_REJECTION_PENDING,SHORT,48.0,MARGINAL,HOSTILE,1.1648,NEUTRAL
2026-09-10,GDS,6.0,0.48,0.379,COMPRESSION,48,244.0,0.035,0.028,MINOR,4,666.0,28,39,BEAR_REJECTION_PENDING,SHORT,44.9,MARGINAL,HOSTILE,1.2654,FALLING
2026-09-10,FTAI,6.0,2.09,0.22,CONVICTION,209,1129.0,3.85,0.405,CONVICTION,385,529.0,71,26,BEAR_REJECTION_PENDING,SHORT,50.0,MARGINAL,HOSTILE,9.5075,FALLING
2026-09-10,GNRC,6.0,2.64,0.341,CONVICTION,264,931.0,0.81,0.105,COMPRESSION,82,118.0,59,18,BEAR_REJECTION_PENDING,SHORT,50.8,MARGINAL,HOSTILE,7.7494,RISING
2026-09-10,HLNE,6.0,0.14,0.04,COMPRESSION,15,302.0,1.24,0.354,CONVICTION,125,976.0,41,29,BEAR_REJECTION_PENDING,SHORT,68.0,CONVICTION,HOSTILE,3.505,NEUTRAL
2026-09-10,IBP,6.0,0.86,0.091,COMPRESSION,86,1207.0,1.5,0.159,CONVICTION,150,165.0,74,8,BEAR_REJECTION_PENDING,SHORT,62.0,CONVICTION,HOSTILE,9.4446,NEUTRAL
2026-09-10,IESC,6.0,6.06,0.33,CONVICTION,607,1409.0,2.09,0.114,CONVICTION,210,27.0,55,41,BEAR_REJECTION_PENDING,SHORT,45.9,MARGINAL,HOSTILE,18.337,RISING
2026-09-10,LBRDK,6.0,0.27,0.156,COMPRESSION,28,1024.0,0.655,0.378,MINOR,66,1261.0,5,18,BEAR_REJECTION_PENDING,SHORT,52.5,MARGINAL,HOSTILE,1.7313,RISING
2026-09-10,KKR,6.0,1.18,0.39,CONVICTION,119,236.0,0.8,0.264,COMPRESSION,80,908.0,49,32,BEAR_REJECTION_PENDING,SHORT,96.7,CONVICTION,HOSTILE,3.0257,RISING
2026-09-10,LTH,6.0,0.39,0.348,COMPRESSION,40,86.0,0.29,0.259,COMPRESSION,29,148.0,45,17,BEAR_REJECTION_PENDING,SHORT,71.1,CONVICTION,HOSTILE,1.1199,FALLING
2026-09-10,KOPN,6.0,0.01,0.037,COMPRESSION,2,1174.0,0.12,0.445,COMPRESSION,13,161.0,30,31,BEAR_REJECTION_PENDING,SHORT,48.0,MARGINAL,HOSTILE,0.2695,NEUTRAL
2026-09-10,MDGL,6.0,1.66,0.094,CONVICTION,166,833.0,10.73,0.61,CONVICTION,1074,987.0,10,53,BEAR_REJECTION_PENDING,SHORT,70.0,CONVICTION,HOSTILE,17.6036,FALLING
2026-09-10,MELI,6.0,8.998,0.149,CONVICTION,900,304.0,10.865,0.18,CONVICTION,1087,1068.0,80,35,BEAR_REJECTION_PENDING,SHORT,77.5,CONVICTION,HOSTILE,60.4671,NEUTRAL
2026-09-10,NIQ,6.0,0.18,0.28,COMPRESSION,18,55.0,0.25,0.389,COMPRESSION,25,552.0,26,36,BEAR_REJECTION_PENDING,SHORT,66.2,CONVICTION,HOSTILE,0.6425,NEUTRAL
2026-09-10,NBIG,6.0,2.83,1.418,CONVICTION,283,205.0,0.15,0.075,COMPRESSION,16,1241.0,52,50,BEAR_REJECTION_PENDING,SHORT,52.0,MARGINAL,HOSTILE,1.9951,RISING
2026-09-10,NEBX,6.0,4.15,1.387,CONVICTION,415,247.0,0.2,0.067,MINOR,20,759.0,63,28,BEAR_REJECTION_PENDING,SHORT,63.6,CONVICTION,HOSTILE,2.9924,RISING
2026-09-10,NWL,6.0,0.005,0.016,MINOR,1,189.0,0.31,0.962,COMPRESSION,32,240.0,26,22,BEAR_REJECTION_PENDING,SHORT,48.2,MARGINAL,HOSTILE,0.3224,RISING
2026-09-10,OLED,6.0,0.38,0.126,COMPRESSION,39,695.0,0.2,0.067,MINOR,21,89.0,76,9,BEAR_REJECTION_PENDING,SHORT,43.9,MARGINAL,HOSTILE,3.0064,FALLING
2026-09-10,PLAG,6.0,0.0625,0.766,COMPRESSION,7,339.0,0.0044,0.054,MINOR,1,26.0,18,23,BEAR_REJECTION_PENDING,SHORT,62.0,CONVICTION,HOSTILE,0.0816,RISING
2026-09-10,ONTO,6.0,8.48,0.594,CONVICTION,848,243.0,3.62,0.254,CONVICTION,363,233.0,52,52,SHORT_UPPER_DIRTY,SHORT,47.1,MARGINAL,HOSTILE,14.2716,FALLING
2026-09-10,RPD,6.0,0.19,0.228,COMPRESSION,19,198.0,0.33,0.395,COMPRESSION,34,585.0,45,12,BEAR_REJECTION_PENDING,SHORT,82.2,CONVICTION,HOSTILE,0.8349,FALLING
2026-09-10,PSX,6.0,1.8832,0.274,VACUUM,189,34.0,4.91,0.714,CONVICTION,491,50.0,10,102,BEAR_REJECTION_PENDING,SHORT,78.1,CONVICTION,HOSTILE,6.8813,RISING
2026-09-10,RRR,6.0,0.21,0.132,COMPRESSION,22,334.0,0.26,0.164,COMPRESSION,27,837.0,81,15,BEAR_REJECTION_PENDING,SHORT,68.0,CONVICTION,HOSTILE,1.5893,FALLING
2026-09-10,SEPN,6.0,0.24,0.136,COMPRESSION,25,471.0,0.57,0.322,MINOR,58,637.0,37,28,BEAR_REJECTION_PENDING,SHORT,68.4,CONVICTION,HOSTILE,1.7704,FALLING
2026-09-10,SEZL,6.0,0.35,0.066,COMPRESSION,35,209.0,2.71,0.511,CONVICTION,272,1041.0,42,16,BEAR_REJECTION_PENDING,SHORT,84.0,CONVICTION,HOSTILE,5.3006,FALLING
2026-09-10,SION,6.0,0.03,0.055,MINOR,3,149.0,0.17,0.314,MINOR,17,1004.0,21,36,BEAR_REJECTION_PENDING,SHORT,52.0,MARGINAL,HOSTILE,0.5419,RISING
2026-09-10,SNK,6.0,0.01,0.007,COMPRESSION,2,1185.0,0.03,0.02,COMPRESSION,4,32.0,28,40,BEAR_REJECTION_PENDING,SHORT,68.0,CONVICTION,HOSTILE,1.4758,FALLING
2026-09-10,SKUU,6.0,1.2299,0.523,VACUUM,123,111.0,2.395,1.019,CONVICTION,240,719.0,39,68,BEAR_REJECTION_PENDING,SHORT,79.0,CONVICTION,HOSTILE,2.3512,RISING
2026-09-10,STEP,6.0,0.2,0.104,COMPRESSION,21,40.0,0.71,0.368,COMPRESSION,72,1146.0,22,40,BEAR_REJECTION_PENDING,SHORT,56.7,MARGINAL,HOSTILE,1.9296,RISING
2026-09-10,SPCG,6.0,0.06,0.04,MINOR,7,990.0,0.065,0.043,COMPRESSION,7,52.0,22,65,BEAR_REJECTION_PENDING,SHORT,62.0,CONVICTION,HOSTILE,1.5135,NEUTRAL
2026-09-10,SRPT,6.0,0.01,0.006,MINOR,2,100.0,0.28,0.17,MINOR,28,906.0,16,23,BEAR_REJECTION_PENDING,SHORT,59.5,MARGINAL,HOSTILE,1.6448,RISING
2026-09-10,SSPC,6.0,0.03,0.033,MINOR,3,1130.0,0.03,0.033,COMPRESSION,3,52.0,16,34,BEAR_REJECTION_PENDING,SHORT,68.0,CONVICTION,HOSTILE,0.8994,FALLING
2026-09-10,THO,6.0,0.61,0.252,COMPRESSION,61,738.0,0.9,0.372,COMPRESSION,91,336.0,68,1,BEAR_REJECTION_PENDING,SHORT,49.6,MARGINAL,HOSTILE,2.4174,NEUTRAL
2026-09-10,SW,6.0,0.94,0.621,COMPRESSION,94,1220.0,0.48,0.317,COMPRESSION,49,870.0,93,11,BEAR_REJECTION_PENDING,SHORT,82.8,CONVICTION,HOSTILE,1.5146,FALLING
2026-09-10,TLN,6.0,6.03,0.517,CONVICTION,604,977.0,44.25,3.797,CONVICTION,4425,302.0,32,59,BEAR_REJECTION_PENDING,SHORT,52.0,MARGINAL,HOSTILE,11.6529,RISING
2026-09-10,UGI,6.0,0.27,0.359,COMPRESSION,27,73.0,0.06,0.08,COMPRESSION,6,90.0,16,35,BEAR_REJECTION_PENDING,SHORT,58.0,MARGINAL,HOSTILE,0.7512,NEUTRAL
2026-09-10,TPL,6.0,13.52,0.896,CONVICTION,1352,330.0,7.05,0.467,CONVICTION,706,191.0,39,46,BEAR_REJECTION_PENDING,SHORT,68.0,CONVICTION,HOSTILE,15.0895,FALLING
2026-09-10,UPWK,6.0,0.12,0.382,COMPRESSION,12,522.0,0.075,0.238,MINOR,8,376.0,36,2,BEAR_REJECTION_PENDING,SHORT,96.1,CONVICTION,HOSTILE,0.3145,RISING
2026-09-10,VSEC,6.0,2.26,0.239,CONVICTION,226,764.0,2.76,0.292,CONVICTION,276,760.0,124,42,BEAR_REJECTION_PENDING,SHORT,58.0,MARGINAL,HOSTILE,9.4558,FALLING
2026-09-10,WHR,6.0,0.22,0.124,COMPRESSION,22,620.0,0.005,0.003,MINOR,1,249.0,65,19,BEAR_REJECTION_PENDING,SHORT,72.8,CONVICTION,HOSTILE,1.7733,RISING
2026-09-10,WK,6.0,1.25,0.453,CONVICTION,125,349.0,0.5,0.181,COMPRESSION,50,576.0,41,23,BEAR_REJECTION_PENDING,SHORT,92.7,CONVICTION,HOSTILE,2.7589,NEUTRAL
2026-09-10,Z,6.0,0.87,0.581,COMPRESSION,88,564.0,0.001,0.001,MINOR,1,85.0,56,6,BEAR_REJECTION_PENDING,SHORT,62.0,CONVICTION,HOSTILE,1.4964,RISING
2026-09-10,ACVA,6.0,0.23,0.608,MINOR,23,597.0,0.05,0.132,MINOR,6,1208.0,17,12,BEAR_REJECTION_PENDING,SHORT,68.3,CONVICTION,HOSTILE,0.3785,FALLING
2026-09-10,AGIO,6.0,2.33,1.832,CONVICTION,233,1136.0,0.26,0.204,MINOR,26,748.0,22,7,BEAR_REJECTION_PENDING,SHORT,68.0,CONVICTION,HOSTILE,1.2716,NEUTRAL
2026-09-10,ZLAB,6.0,0.49,0.484,COMPRESSION,50,549.0,1.08,1.068,CONVICTION,109,1000.0,64,11,BEAR_REJECTION_PENDING,SHORT,82.8,CONVICTION,HOSTILE,1.0117,FALLING
2026-09-10,ARCB,6.0,0.24,0.042,COMPRESSION,25,1311.0,0.58,0.101,COMPRESSION,59,811.0,65,25,BEAR_REJECTION_PENDING,SHORT,52.0,MARGINAL,HOSTILE,5.7259,RISING
2026-09-10,AMRX,6.0,0.17,0.376,COMPRESSION,18,17.0,0.15,0.332,COMPRESSION,16,1027.0,38,20,BEAR_REJECTION_PENDING,SHORT,83.0,CONVICTION,HOSTILE,0.4522,FALLING
2026-09-10,BDX,6.0,2.99,0.722,CONVICTION,300,108.0,2.13,0.514,CONVICTION,213,670.0,61,51,BEAR_REJECTION_PENDING,SHORT,74.9,CONVICTION,HOSTILE,4.1402,NEUTRAL
2026-09-10,ATRO,6.0,1.37,0.435,CONVICTION,138,136.0,1.74,0.552,VACUUM,174,362.0,41,36,BEAR_REJECTION_PENDING,SHORT,52.0,MARGINAL,HOSTILE,3.1518,NEUTRAL
2026-09-10,BOXL,6.0,0.0829,0.128,MINOR,9,30.0,0.16,0.247,MINOR,17,294.0,15,12,BEAR_REJECTION_PENDING,SHORT,70.5,CONVICTION,HOSTILE,0.6471,NEUTRAL
2026-09-10,BORR,6.0,0.03,0.145,MINOR,4,1256.0,0.26,1.258,COMPRESSION,26,183.0,31,15,BEAR_REJECTION_PENDING,SHORT,36.0,MARGINAL,HOSTILE,0.2066,RISING
2026-09-10,BRUN,6.0,0.89,0.501,COMPRESSION,90,713.0,0.11,0.062,COMPRESSION,11,191.0,38,12,BEAR_REJECTION_PENDING,SHORT,62.0,CONVICTION,HOSTILE,1.7769,NEUTRAL
2026-09-10,BWIN,6.0,0.23,0.214,COMPRESSION,23,687.0,0.1,0.093,MINOR,11,910.0,59,22,BEAR_REJECTION_PENDING,SHORT,70.9,CONVICTION,HOSTILE,1.0767,NEUTRAL
2026-09-10,BW,6.0,0.13,0.241,COMPRESSION,13,940.0,0.25,0.464,COMPRESSION,25,134.0,38,18,BEAR_REJECTION_PENDING,SHORT,28.0,MARGINAL,HOSTILE,0.5386,RISING
2026-09-10,CBOE,6.0,3.9,0.378,CONVICTION,390,89.0,0.32,0.031,COMPRESSION,32,1458.0,84,17,BEAR_REJECTION_PENDING,SHORT,34.0,MARGINAL,HOSTILE,10.3303,FALLING
2026-09-10,CELC,6.0,1.02,0.266,VACUUM,102,213.0,0.31,0.081,MINOR,32,812.0,48,23,BEAR_REJECTION_PENDING,SHORT,68.0,CONVICTION,HOSTILE,3.8381,RISING
2026-09-10,CLBK,6.0,0.06,0.276,COMPRESSION,7,78.0,0.1,0.46,COMPRESSION,10,497.0,13,20,BEAR_REJECTION_PENDING,SHORT,66.0,CONVICTION,HOSTILE,0.2174,NEUTRAL
2026-09-10,CIEN,6.0,3.08,0.143,CONVICTION,308,680.0,5.75,0.266,CONVICTION,575,212.0,39,31,BEAR_REJECTION_PENDING,SHORT,52.0,MARGINAL,HOSTILE,21.61,FALLING
2026-09-10,CMPS,6.0,0.0087,0.011,MINOR,1,104.0,0.16,0.209,COMPRESSION,17,809.0,2,29,BEAR_REJECTION_PENDING,SHORT,52.0,MARGINAL,HOSTILE,0.7666,NEUTRAL
2026-09-10,CLS,6.0,0.12,0.008,MINOR,13,791.0,6.015,0.381,CONVICTION,602,411.0,30,89,BEAR_REJECTION_PENDING,SHORT,68.0,CONVICTION,HOSTILE,15.8001,RISING
2026-09-10,COKE,6.0,3.17,0.518,CONVICTION,318,954.0,3.1427,0.513,VACUUM,315,492.0,22,40,BEAR_REJECTION_PENDING,SHORT,88.9,CONVICTION,HOSTILE,6.1225,FALLING
2026-09-10,CNC,6.0,0.14,0.073,MINOR,15,100.0,0.49,0.255,COMPRESSION,50,1152.0,42,17,BEAR_REJECTION_PENDING,SHORT,52.0,MARGINAL,HOSTILE,1.9234,RISING
2026-09-10,DRI,6.0,0.42,0.081,COMPRESSION,42,320.0,2.35,0.454,CONVICTION,235,182.0,73,46,BEAR_REJECTION_PENDING,SHORT,85.8,CONVICTION,HOSTILE,5.1773,NEUTRAL
2026-09-10,DHT,6.0,,,,,,0.19,0.283,COMPRESSION,19,177.0,0,56,,,,NONE,HOSTILE,0.6707,RISING
2026-09-10,ECHO,6.0,0.42,0.164,COMPRESSION,43,161.0,1.52,0.594,CONVICTION,152,23.0,29,36,BEAR_REJECTION_PENDING,SHORT,65.8,CONVICTION,HOSTILE,2.5582,RISING
2026-09-10,EAT,6.0,2.4,0.269,CONVICTION,241,222.0,2.76,0.309,CONVICTION,277,317.0,67,21,BEAR_REJECTION_PENDING,SHORT,95.2,CONVICTION,HOSTILE,8.9371,FALLING
2026-09-10,ELV,6.0,39.65,4.356,CONVICTION,3965,1196.0,2.46,0.27,CONVICTION,246,799.0,27,20,BEAR_REJECTION_PENDING,SHORT,62.0,CONVICTION,HOSTILE,9.1015,NEUTRAL
2026-09-10,EQPT,6.0,0.14,0.142,COMPRESSION,15,757.0,0.06,0.061,COMPRESSION,6,370.0,27,25,BEAR_REJECTION_PENDING,SHORT,74.7,CONVICTION,HOSTILE,0.9889,RISING
2026-09-10,EROC,6.0,0.33,0.294,COMPRESSION,34,734.0,0.34,0.303,COMPRESSION,34,102.0,35,45,BEAR_REJECTION_PENDING,SHORT,60.1,CONVICTION,HOSTILE,1.1221,FALLING
2026-09-10,EXPD,6.0,0.22,0.066,COMPRESSION,22,59.0,1.04,0.314,CONVICTION,105,1290.0,27,74,BEAR_REJECTION_PENDING,SHORT,68.0,CONVICTION,HOSTILE,3.3103,NEUTRAL
2026-09-10,FIGR,6.0,0.06,0.022,MINOR,6,837.0,0.16,0.059,COMPRESSION,16,376.0,38,37,BEAR_REJECTION_PENDING,SHORT,45.4,MARGINAL,HOSTILE,2.7143,NEUTRAL
2026-09-10,GDDY,6.0,0.6,0.158,COMPRESSION,61,732.0,1.36,0.358,CONVICTION,136,1038.0,44,34,BEAR_REJECTION_PENDING,SHORT,67.6,CONVICTION,HOSTILE,3.7961,RISING
2026-09-10,GPN,6.0,0.64,0.245,COMPRESSION,65,389.0,1.67,0.638,CONVICTION,168,172.0,60,42,BEAR_REJECTION_PENDING,SHORT,79.2,CONVICTION,HOSTILE,2.6174,FALLING
2026-09-10,HAE,6.0,0.41,0.173,COMPRESSION,41,139.0,12.23,5.155,CONVICTION,1224,64.0,28,46,CHANNEL_TOP_REJECT,SHORT,54.0,MARGINAL,HOSTILE,2.3723,NEUTRAL
2026-09-10,FRO,6.0,0.22,0.141,MINOR,23,43.0,0.66,0.423,COMPRESSION,67,464.0,10,88,BEAR_REJECTION_PENDING,SHORT,52.2,MARGINAL,HOSTILE,1.5608,RISING
2026-09-10,IOND,6.0,0.0975,0.024,COMPRESSION,10,816.0,0.06,0.015,COMPRESSION,7,18.0,37,36,BEAR_REJECTION_PENDING,SHORT,58.0,MARGINAL,HOSTILE,4.0881,RISING
2026-09-10,HUBG,6.0,0.06,0.038,COMPRESSION,7,1191.0,0.315,0.199,COMPRESSION,32,146.0,77,6,CHANNEL_BREAKDOWN_SHORT,SHORT,46.0,MARGINAL,HOSTILE,1.5856,FALLING
2026-09-10,IMVT,6.0,0.24,0.159,COMPRESSION,25,503.0,1.09,0.723,CONVICTION,109,659.0,64,16,BEAR_REJECTION_PENDING,SHORT,66.9,CONVICTION,HOSTILE,1.5072,FALLING
2026-09-10,IRTC,6.0,0.19,0.04,COMPRESSION,19,133.0,0.13,0.027,COMPRESSION,13,735.0,20,31,BEAR_REJECTION_PENDING,SHORT,60.4,CONVICTION,HOSTILE,4.7311,RISING
2026-09-10,INSW,6.0,0.1428,0.042,MINOR,15,161.0,0.12,0.036,COMPRESSION,13,83.0,20,69,BEAR_REJECTION_PENDING,SHORT,58.5,MARGINAL,HOSTILE,3.3711,RISING
2026-09-10,KNX,6.0,0.25,0.103,COMPRESSION,25,1041.0,0.63,0.26,COMPRESSION,63,1246.0,38,21,BEAR_REJECTION_PENDING,SHORT,70.2,CONVICTION,HOSTILE,2.4221,RISING
2026-09-10,JBHT,6.0,0.6,0.071,COMPRESSION,61,743.0,1.34,0.159,CONVICTION,134,233.0,75,27,BEAR_REJECTION_PENDING,SHORT,58.0,MARGINAL,HOSTILE,8.4059,RISING
2026-09-10,KTB,6.0,0.89,0.292,COMPRESSION,90,1331.0,0.11,0.036,COMPRESSION,11,1327.0,120,6,BEAR_REJECTION_PENDING,SHORT,75.2,CONVICTION,HOSTILE,3.0486,FALLING
2026-09-10,KSPI,6.0,0.38,0.104,COMPRESSION,38,672.0,0.48,0.132,COMPRESSION,49,92.0,50,54,BEAR_REJECTION_PENDING,SHORT,54.0,MARGINAL,HOSTILE,3.6397,FALLING
2026-09-10,KYMR,6.0,0.56,0.106,MINOR,57,828.0,0.6,0.114,COMPRESSION,60,451.0,46,26,BEAR_REJECTION_PENDING,SHORT,58.0,MARGINAL,HOSTILE,5.2773,NEUTRAL
2026-09-10,LASR,6.0,0.72,0.308,COMPRESSION,72,1270.0,0.61,0.261,COMPRESSION,61,519.0,45,29,BEAR_REJECTION_PENDING,SHORT,56.0,MARGINAL,HOSTILE,2.3344,FALLING
2026-09-10,LIVN,6.0,0.48,0.22,COMPRESSION,49,163.0,0.07,0.032,COMPRESSION,7,302.0,54,12,BEAR_REJECTION_PENDING,SHORT,66.1,CONVICTION,HOSTILE,2.1808,NEUTRAL
2026-09-10,LSTR,6.0,1.49,0.297,CONVICTION,149,300.0,0.24,0.048,COMPRESSION,24,968.0,79,20,BEAR_REJECTION_PENDING,SHORT,34.0,MARGINAL,HOSTILE,5.0171,FALLING
2026-09-10,MIAX,6.0,0.22,0.128,COMPRESSION,23,287.0,0.32,0.187,COMPRESSION,33,1084.0,43,36,BEAR_REJECTION_PENDING,SHORT,82.7,CONVICTION,HOSTILE,1.7145,FALLING
2026-09-10,MATX,6.0,,,,,,0.41,0.081,COMPRESSION,41,38.0,0,79,,,,NONE,HOSTILE,5.035,RISING
2026-09-10,MOH,6.0,1.72,0.28,CONVICTION,172,127.0,4.6,0.748,CONVICTION,460,335.0,59,23,BEAR_REJECTION_PENDING,SHORT,68.0,CONVICTION,HOSTILE,6.1497,RISING
2026-09-10,MSGE,6.0,0.08,0.043,COMPRESSION,8,135.0,0.38,0.206,COMPRESSION,38,995.0,81,18,BEAR_REJECTION_PENDING,SHORT,73.2,CONVICTION,HOSTILE,1.8445,NEUTRAL
2026-09-10,MSGS,6.0,1.45,0.157,CONVICTION,145,42.0,10.06,1.089,CONVICTION,1007,760.0,22,83,BEAR_REJECTION_PENDING,SHORT,83.9,CONVICTION,HOSTILE,9.2402,NEUTRAL
2026-09-10,OCTV,6.0,0.41,0.498,COMPRESSION,42,721.0,0.4,0.486,COMPRESSION,40,654.0,41,29,BEAR_REJECTION_PENDING,SHORT,78.1,CONVICTION,HOSTILE,0.8236,FALLING
2026-09-10,PCTY,6.0,1.3,0.266,CONVICTION,131,650.0,2.58,0.528,CONVICTION,258,980.0,45,54,BEAR_REJECTION_PENDING,SHORT,78.5,CONVICTION,HOSTILE,4.8846,FALLING
2026-09-10,POST,6.0,0.25,0.101,COMPRESSION,25,410.0,0.5,0.202,COMPRESSION,50,9.0,66,15,BEAR_REJECTION_PENDING,SHORT,66.0,CONVICTION,HOSTILE,2.4737,RISING
2026-09-10,NVDU,6.0,0.9,0.098,COMPRESSION,91,156.0,1.63,0.177,CONVICTION,163,355.0,96,55,BEAR_REJECTION_PENDING,SHORT,52.0,MARGINAL,HOSTILE,9.2199,RISING
2026-09-10,PRAX,6.0,4.45,0.256,VACUUM,446,524.0,4.93,0.284,VACUUM,494,877.0,37,19,BEAR_REJECTION_PENDING,SHORT,52.0,MARGINAL,HOSTILE,17.3581,RISING
2026-09-10,QNT,6.0,1.6,0.569,CONVICTION,161,1277.0,0.58,0.206,COMPRESSION,58,39.0,50,6,BEAR_REJECTION_PENDING,SHORT,75.9,CONVICTION,HOSTILE,2.8109,RISING
2026-09-10,RYAN,6.0,0.64,0.454,COMPRESSION,64,461.0,0.48,0.34,COMPRESSION,48,766.0,73,17,BEAR_REJECTION_PENDING,SHORT,74.4,CONVICTION,HOSTILE,1.41,NEUTRAL
2026-09-10,RELY,6.0,0.21,0.184,COMPRESSION,22,781.0,0.02,0.017,COMPRESSION,2,1229.0,80,26,BEAR_REJECTION_PENDING,SHORT,74.8,CONVICTION,HOSTILE,1.1444,RISING
2026-09-10,RUM,6.0,0.07,0.096,COMPRESSION,8,1238.0,0.06,0.083,COMPRESSION,7,804.0,22,23,BEAR_REJECTION_PENDING,SHORT,22.8,MARGINAL,HOSTILE,0.727,FALLING
2026-09-10,RYTM,6.0,1.16,0.268,CONVICTION,116,342.0,1.01,0.233,CONVICTION,101,459.0,30,43,BEAR_REJECTION_PENDING,SHORT,89.2,CONVICTION,HOSTILE,4.3345,NEUTRAL
2026-09-10,SFM,6.0,0.46,0.122,COMPRESSION,46,325.0,0.46,0.122,MINOR,47,14.0,78,7,BEAR_REJECTION_PENDING,SHORT,75.8,CONVICTION,HOSTILE,3.7725,FALLING
2026-09-10,SMCIP,6.0,0.43,0.147,MINOR,44,325.0,1.64,0.563,CONVICTION,165,1394.0,77,55,BEAR_REJECTION_PENDING,SHORT,52.0,MARGINAL,HOSTILE,2.9154,RISING
2026-09-10,SIMO,6.0,6.0,0.385,VACUUM,600,143.0,5.33,0.342,CONVICTION,534,626.0,12,65,BEAR_REJECTION_PENDING,SHORT,81.8,CONVICTION,HOSTILE,15.574,RISING
2026-09-10,SPHR,6.0,1.06,0.171,VACUUM,107,3.0,1.03,0.166,VACUUM,104,414.0,30,31,BEAR_REJECTION_PENDING,SHORT,84.1,CONVICTION,HOSTILE,6.2007,FALLING
2026-09-10,SPSC,6.0,1.77,0.597,CONVICTION,177,377.0,4.575,1.544,CONVICTION,458,841.0,42,46,BEAR_REJECTION_PENDING,SHORT,80.6,CONVICTION,HOSTILE,2.9636,NEUTRAL
2026-09-10,SMCL,6.0,0.08,0.042,MINOR,8,195.0,0.3364,0.176,COMPRESSION,34,226.0,70,44,BEAR_REJECTION_PENDING,SHORT,62.0,CONVICTION,HOSTILE,1.915,RISING
2026-09-10,THC,6.0,0.93,0.104,COMPRESSION,93,299.0,5.28,0.59,CONVICTION,529,1154.0,36,62,BEAR_REJECTION_PENDING,SHORT,89.4,CONVICTION,HOSTILE,8.944,FALLING
2026-09-10,TTAN,6.0,0.58,0.092,MINOR,58,719.0,0.08,0.013,COMPRESSION,8,176.0,12,15,BEAR_REJECTION_PENDING,SHORT,71.2,CONVICTION,HOSTILE,6.2818,FALLING
2026-09-10,UHS,6.0,2.27,0.478,CONVICTION,228,1380.0,1.25,0.263,CONVICTION,125,1068.0,13,53,BEAR_REJECTION_PENDING,SHORT,72.0,CONVICTION,HOSTILE,4.7516,RISING
2026-09-10,TSLQ,6.0,0.35,0.206,COMPRESSION,36,533.0,0.02,0.012,MINOR,2,103.0,43,32,BEAR_REJECTION_PENDING,SHORT,76.8,CONVICTION,HOSTILE,1.6983,FALLING
2026-09-10,URGN,6.0,0.18,0.086,MINOR,18,1171.0,2.25,1.073,CONVICTION,225,524.0,40,14,BEAR_REJECTION_PENDING,SHORT,54.4,MARGINAL,HOSTILE,2.0978,NEUTRAL
2026-09-10,YUM,6.0,0.69,0.186,COMPRESSION,69,318.0,0.59,0.159,COMPRESSION,60,1138.0,65,24,BEAR_REJECTION_PENDING,SHORT,77.8,CONVICTION,HOSTILE,3.7083,FALLING
2026-09-10,VIAV,6.0,1.35,0.694,CONVICTION,136,1189.0,0.61,0.313,COMPRESSION,61,835.0,22,48,BEAR_REJECTION_PENDING,SHORT,28.0,MARGINAL,HOSTILE,1.9459,RISING
2026-09-10,VEEV,6.0,3.17,0.27,CONVICTION,318,409.0,6.55,0.559,CONVICTION,655,1403.0,67,28,BEAR_REJECTION_PENDING,SHORT,68.9,CONVICTION,HOSTILE,11.7261,RISING
2026-09-10,CHRW,6.0,7.11,1.846,CONVICTION,712,771.0,20.23,5.252,CONVICTION,2024,46.0,20,37,BEAR_REJECTION_PENDING,SHORT,94.4,CONVICTION,HOSTILE,3.8516,FALLING
2026-09-10,AAP,6.0,9.33,3.564,CONVICTION,933,890.0,0.02,0.008,MINOR,3,105.0,14,20,BEAR_REJECTION_PENDING,SHORT,50.0,MARGINAL,HOSTILE,2.6175,RISING
2026-09-10,BL,6.0,0.22,0.148,COMPRESSION,22,822.0,0.33,0.222,COMPRESSION,33,352.0,49,27,BEAR_REJECTION_PENDING,SHORT,76.0,CONVICTION,HOSTILE,1.4851,FALLING
2026-09-10,AFRM,6.0,0.09,0.023,COMPRESSION,9,553.0,0.66,0.166,COMPRESSION,67,1197.0,66,15,BEAR_REJECTION_PENDING,SHORT,54.0,MARGINAL,HOSTILE,3.9641,RISING
2026-09-10,BLSH,6.0,2.35,1.167,CONVICTION,236,1428.0,0.02,0.01,COMPRESSION,2,469.0,29,40,BEAR_REJECTION_PENDING,SHORT,68.0,CONVICTION,HOSTILE,2.0136,FALLING
2026-09-10,ARM,6.0,14.0,1.107,VACUUM,1400,1464.0,9.41,0.744,CONVICTION,941,7.0,61,72,BEAR_REJECTION_PENDING,SHORT,56.3,MARGINAL,HOSTILE,12.6471,RISING
2026-09-10,CDW,6.0,0.39,0.056,COMPRESSION,39,121.0,0.06,0.009,COMPRESSION,7,188.0,32,28,BEAR_REJECTION_PENDING,SHORT,74.0,CONVICTION,HOSTILE,6.9796,FALLING
2026-09-10,CG,6.0,0.17,0.122,COMPRESSION,18,482.0,0.32,0.231,COMPRESSION,33,336.0,57,22,BEAR_REJECTION_PENDING,SHORT,70.9,CONVICTION,HOSTILE,1.3878,RISING
2026-09-10,CLBT,6.0,0.02,0.043,COMPRESSION,2,70.0,0.005,0.011,COMPRESSION,1,1084.0,32,12,BEAR_REJECTION_PENDING,SHORT,77.6,CONVICTION,HOSTILE,0.4621,FALLING
2026-09-10,CURI,6.0,0.02,0.126,COMPRESSION,3,272.0,0.21,1.32,COMPRESSION,21,782.0,56,5,BEAR_REJECTION_PENDING,SHORT,62.0,CONVICTION,HOSTILE,0.1591,RISING
2026-09-10,DBX,6.0,0.6,0.603,MINOR,61,147.0,0.49,0.493,COMPRESSION,49,445.0,13,19,BEAR_REJECTION_PENDING,SHORT,65.5,CONVICTION,HOSTILE,0.9943,NEUTRAL
2026-09-10,COHU,6.0,1.17,0.381,CONVICTION,118,1135.0,0.52,0.169,COMPRESSION,53,931.0,28,59,BEAR_REJECTION_PENDING,SHORT,58.0,MARGINAL,HOSTILE,3.0707,RISING
2026-09-10,DOCS,6.0,0.2,0.198,COMPRESSION,20,573.0,0.41,0.405,COMPRESSION,42,1208.0,35,7,BEAR_REJECTION_PENDING,SHORT,68.0,CONVICTION,HOSTILE,1.0126,FALLING
2026-09-10,FA,6.0,0.23,0.308,COMPRESSION,23,389.0,0.29,0.388,COMPRESSION,29,204.0,37,29,BEAR_REJECTION_PENDING,SHORT,87.0,CONVICTION,HOSTILE,0.7466,NEUTRAL
2026-09-10,DINO,6.0,0.65,0.163,MINOR,66,73.0,2.09,0.525,CONVICTION,210,42.0,17,36,BEAR_REJECTION_PENDING,SHORT,64.3,CONVICTION,HOSTILE,3.9782,RISING
2026-09-10,DRAM,6.0,1.32,0.584,CONVICTION,133,360.0,0.24,0.106,COMPRESSION,25,786.0,46,47,BEAR_REJECTION_PENDING,SHORT,28.0,MARGINAL,HOSTILE,2.2597,NEUTRAL
2026-09-10,FDXF,6.0,0.64,0.125,COMPRESSION,64,621.0,0.21,0.041,MINOR,21,4.0,59,6,BEAR_REJECTION_PENDING,SHORT,96.2,CONVICTION,HOSTILE,5.1345,RISING
2026-09-10,FISV,6.0,0.15,0.094,COMPRESSION,15,727.0,0.105,0.066,MINOR,11,14.0,56,10,BEAR_REJECTION_PENDING,SHORT,64.0,CONVICTION,HOSTILE,1.5959,RISING
2026-09-10,FICO,6.0,0.85,0.015,COMPRESSION,86,119.0,1.69,0.031,CONVICTION,170,404.0,51,22,BEAR_REJECTION_PENDING,SHORT,72.0,CONVICTION,HOSTILE,55.2577,FALLING
2026-09-10,HLI,6.0,1.42,0.404,CONVICTION,142,776.0,0.73,0.208,COMPRESSION,73,406.0,25,44,BEAR_REJECTION_PENDING,SHORT,48.0,MARGINAL,HOSTILE,3.5154,RISING
2026-09-10,FROG,6.0,0.86,0.141,COMPRESSION,86,277.0,0.02,0.003,COMPRESSION,2,1018.0,60,12,BEAR_REJECTION_PENDING,SHORT,77.9,CONVICTION,HOSTILE,6.0895,FALLING
2026-09-10,HOG,6.0,0.015,0.017,MINOR,2,133.0,0.8,0.883,COMPRESSION,81,214.0,36,29,BEAR_REJECTION_PENDING,SHORT,54.0,MARGINAL,HOSTILE,0.9065,FALLING
2026-09-10,INDI,6.0,0.025,0.11,COMPRESSION,3,467.0,0.05,0.22,COMPRESSION,5,904.0,36,13,BEAR_REJECTION_PENDING,SHORT,46.0,MARGINAL,HOSTILE,0.2268,FALLING
2026-09-10,KLAR,6.0,0.09,0.152,COMPRESSION,9,258.0,0.09,0.152,COMPRESSION,9,996.0,19,7,BEAR_REJECTION_PENDING,SHORT,61.1,CONVICTION,HOSTILE,0.5907,RISING
2026-09-10,LRN,6.0,1.27,0.585,CONVICTION,128,208.0,0.37,0.171,COMPRESSION,37,989.0,58,18,BEAR_REJECTION_PENDING,SHORT,79.8,CONVICTION,HOSTILE,2.1698,FALLING
2026-09-10,MC,6.0,0.65,0.282,COMPRESSION,66,1040.0,2.75,1.192,CONVICTION,275,786.0,53,17,BEAR_REJECTION_PENDING,SHORT,62.6,CONVICTION,HOSTILE,2.3061,NEUTRAL
2026-09-10,LABD,6.0,0.01,0.021,MINOR,1,462.0,0.09,0.19,COMPRESSION,9,130.0,14,39,BEAR_REJECTION_PENDING,SHORT,39.3,MARGINAL,HOSTILE,0.4736,RISING
2026-09-10,MORN,6.0,1.6,0.23,CONVICTION,160,490.0,3.52,0.506,CONVICTION,352,1108.0,94,45,BEAR_REJECTION_PENDING,SHORT,71.3,CONVICTION,HOSTILE,6.9497,FALLING
2026-09-10,NCNO,6.0,0.37,0.371,COMPRESSION,37,597.0,0.19,0.191,COMPRESSION,19,519.0,24,7,BEAR_REJECTION_PENDING,SHORT,52.0,MARGINAL,HOSTILE,0.9969,NEUTRAL
2026-09-10,METU,6.0,0.045,0.033,COMPRESSION,5,10.0,2.385,1.724,CONVICTION,239,291.0,13,63,BEAR_REJECTION_PENDING,SHORT,85.9,CONVICTION,HOSTILE,1.3838,RISING
2026-09-10,NNE,6.0,0.015,0.013,MINOR,2,104.0,0.16,0.138,COMPRESSION,17,121.0,41,46,BEAR_REJECTION_PENDING,SHORT,58.0,MARGINAL,HOSTILE,1.1614,RISING
2026-09-10,NTNX,6.0,0.58,0.24,COMPRESSION,58,69.0,1.08,0.446,CONVICTION,109,1034.0,33,33,BEAR_REJECTION_PENDING,SHORT,72.2,CONVICTION,HOSTILE,2.4196,NEUTRAL
2026-09-10,ORCU,6.0,0.305,0.445,MINOR,31,1130.0,0.51,0.743,COMPRESSION,51,239.0,34,21,BEAR_REJECTION_PENDING,SHORT,40.0,MARGINAL,HOSTILE,0.686,RISING
2026-09-10,ORCX,6.0,1.06,0.553,CONVICTION,107,1139.0,1.39,0.725,CONVICTION,140,237.0,43,37,BEAR_REJECTION_PENDING,SHORT,62.0,CONVICTION,HOSTILE,1.9174,RISING
2026-09-10,PAYC,6.0,4.31,0.576,CONVICTION,431,546.0,34.24,4.576,CONVICTION,3424,125.0,79,26,BEAR_REJECTION_PENDING,SHORT,80.8,CONVICTION,HOSTILE,7.4819,NEUTRAL
2026-09-10,PEGA,6.0,0.435,0.328,COMPRESSION,44,541.0,0.75,0.565,COMPRESSION,75,1065.0,26,34,BEAR_REJECTION_PENDING,SHORT,46.6,MARGINAL,HOSTILE,1.3269,RISING
2026-09-10,PCOR,6.0,0.61,0.257,COMPRESSION,61,600.0,3.63,1.527,CONVICTION,364,66.0,71,13,BEAR_REJECTION_PENDING,SHORT,67.5,CONVICTION,HOSTILE,2.3775,FALLING
2026-09-10,PLGO,6.0,0.24,0.48,COMPRESSION,24,56.0,0.22,0.44,COMPRESSION,23,253.0,44,43,BEAR_REJECTION_PENDING,SHORT,66.1,CONVICTION,HOSTILE,0.4998,RISING
2026-09-10,QTWO,6.0,0.91,0.443,COMPRESSION,92,239.0,1.29,0.628,CONVICTION,129,651.0,61,25,BEAR_REJECTION_PENDING,SHORT,78.8,CONVICTION,HOSTILE,2.0536,FALLING
2026-09-10,QURE,6.0,0.025,0.011,MINOR,3,262.0,15.8,7.077,CONVICTION,1580,533.0,16,27,BEAR_REJECTION_PENDING,SHORT,52.0,MARGINAL,HOSTILE,2.2327,FALLING
2026-09-10,RBLX,6.0,0.02,0.01,MINOR,2,795.0,1.21,0.62,CONVICTION,122,29.0,4,58,BEAR_REJECTION_PENDING,SHORT,52.0,MARGINAL,HOSTILE,1.9514,RISING
2026-09-10,RAM,6.0,3.2,3.301,CONVICTION,320,342.0,0.095,0.098,COMPRESSION,10,1408.0,22,34,BEAR_REJECTION_PENDING,SHORT,74.6,CONVICTION,HOSTILE,0.9695,RISING
2026-09-10,RNG,6.0,1.32,0.444,CONVICTION,133,355.0,1.79,0.603,CONVICTION,179,251.0,48,41,BEAR_REJECTION_PENDING,SHORT,68.0,CONVICTION,HOSTILE,2.9705,RISING
2026-09-10,SKHY,6.0,3.27,0.399,VACUUM,328,54.0,7.67,0.937,CONVICTION,767,394.0,26,76,BEAR_REJECTION_PENDING,SHORT,83.5,CONVICTION,HOSTILE,8.1864,RISING
2026-09-10,TBBB,6.0,,,,,,3.45,2.235,CONVICTION,346,1185.0,0,61,,,,NONE,HOSTILE,1.5436,NEUTRAL
2026-09-10,SNDK,6.0,35.82,0.372,CONVICTION,3583,229.0,31.01,0.322,CONVICTION,3101,951.0,22,41,BEAR_REJECTION_PENDING,SHORT,72.0,CONVICTION,HOSTILE,96.1943,RISING
2026-09-10,TENB,6.0,0.57,0.275,COMPRESSION,58,3.0,0.53,0.256,COMPRESSION,54,941.0,46,12,BEAR_REJECTION_PENDING,SHORT,83.0,CONVICTION,HOSTILE,2.0703,NEUTRAL
2026-09-10,TPG,6.0,0.5,0.301,COMPRESSION,50,643.0,0.565,0.34,COMPRESSION,57,974.0,56,32,BEAR_REJECTION_PENDING,SHORT,79.0,CONVICTION,HOSTILE,1.6618,NEUTRAL
2026-09-10,TSLG,6.0,0.0601,0.151,MINOR,7,186.0,0.075,0.189,COMPRESSION,8,444.0,51,47,BEAR_REJECTION_PENDING,SHORT,62.0,CONVICTION,HOSTILE,0.3978,RISING
2026-09-10,VRNS,6.0,0.13,0.063,COMPRESSION,13,105.0,0.37,0.18,COMPRESSION,37,551.0,10,21,BEAR_REJECTION_PENDING,SHORT,64.0,CONVICTION,HOSTILE,2.0561,NEUTRAL
2026-09-10,VCX,6.0,0.59,0.202,COMPRESSION,60,792.0,0.71,0.243,COMPRESSION,72,45.0,46,34,BEAR_REJECTION_PENDING,SHORT,68.0,CONVICTION,HOSTILE,2.9171,FALLING
2026-09-10,WMS,6.0,1.23,0.314,CONVICTION,123,204.0,7.85,2.005,CONVICTION,785,507.0,60,15,BEAR_REJECTION_PENDING,SHORT,95.0,CONVICTION,HOSTILE,3.9146,RISING
2026-09-10,VLO,6.0,0.21,0.02,MINOR,22,15.0,8.46,0.8,CONVICTION,846,290.0,6,105,BEAR_REJECTION_PENDING,SHORT,52.0,MARGINAL,HOSTILE,10.5733,RISING
2026-09-10,WU,6.0,0.605,3.331,COMPRESSION,61,124.0,0.06,0.33,COMPRESSION,7,555.0,28,18,BEAR_REJECTION_PENDING,SHORT,77.0,CONVICTION,HOSTILE,0.1816,FALLING
2026-09-10,WDCX,6.0,2.81,1.473,CONVICTION,282,1014.0,0.51,0.267,COMPRESSION,52,1063.0,57,33,BEAR_REJECTION_PENDING,SHORT,54.0,MARGINAL,HOSTILE,1.9077,FALLING
2026-09-10,XYZ,6.0,0.99,0.333,COMPRESSION,99,276.0,2.57,0.865,CONVICTION,258,921.0,31,36,BEAR_REJECTION_PENDING,SHORT,68.0,CONVICTION,HOSTILE,2.9713,FALLING
2026-09-10,AGCO,6.0,1.06,0.211,CONVICTION,107,675.0,4.8,0.955,CONVICTION,480,685.0,29,75,BEAR_REJECTION_PENDING,SHORT,52.0,MARGINAL,HOSTILE,5.0279,RISING
2026-09-10,YSS,6.0,0.01,0.016,COMPRESSION,1,902.0,0.0496,0.079,MINOR,5,37.0,43,2,BEAR_REJECTION_PENDING,SHORT,69.2,CONVICTION,HOSTILE,0.6283,FALLING
2026-09-10,AGX,6.0,1.99,0.074,CONVICTION,200,321.0,4.26,0.159,CONVICTION,427,1159.0,30,14,BEAR_REJECTION_PENDING,SHORT,68.0,CONVICTION,HOSTILE,26.8552,RISING
2026-09-10,ALB,6.0,5.26,0.854,CONVICTION,526,32.0,0.22,0.036,COMPRESSION,22,17.0,67,43,BEAR_REJECTION_PENDING,SHORT,66.6,CONVICTION,HOSTILE,6.1581,RISING
2026-09-10,ALM,6.0,0.003,0.002,MINOR,1,50.0,1.11,0.916,CONVICTION,111,1162.0,25,33,BEAR_REJECTION_PENDING,SHORT,52.0,MARGINAL,HOSTILE,1.2121,RISING
2026-09-10,ALOY,6.0,0.065,0.074,COMPRESSION,7,508.0,0.18,0.206,COMPRESSION,19,618.0,24,5,BEAR_REJECTION_PENDING,SHORT,53.1,MARGINAL,HOSTILE,0.8748,FALLING
2026-09-10,AMDL,6.0,0.46,0.122,MINOR,47,186.0,2.09,0.555,VACUUM,210,1077.0,29,51,SHORT_UPPER_DIRTY,SHORT,42.0,MARGINAL,HOSTILE,3.7624,NEUTRAL
2026-09-10,CDNL,6.0,0.43,0.166,COMPRESSION,43,465.0,0.53,0.204,COMPRESSION,54,244.0,71,4,BEAR_REJECTION_PENDING,SHORT,77.9,CONVICTION,HOSTILE,2.5929,FALLING
2026-09-10,BTSG,6.0,1.11,0.501,CONVICTION,111,1187.0,0.17,0.077,COMPRESSION,18,1143.0,29,71,BEAR_REJECTION_PENDING,SHORT,58.8,MARGINAL,HOSTILE,2.2164,RISING
2026-09-10,AVS,6.0,0.0185,0.082,COMPRESSION,2,126.0,0.1267,0.562,COMPRESSION,13,261.0,64,75,BEAR_REJECTION_PENDING,SHORT,63.2,CONVICTION,HOSTILE,0.2255,RISING
2026-09-10,CRS,6.0,5.16,0.316,CONVICTION,516,256.0,10.22,0.625,CONVICTION,1022,308.0,48,19,BEAR_REJECTION_PENDING,SHORT,68.0,CONVICTION,HOSTILE,16.344,FALLING
2026-09-10,CORT,6.0,0.55,0.116,MINOR,55,279.0,17.16,3.62,CONVICTION,1716,346.0,19,42,BEAR_REJECTION_PENDING,SHORT,65.5,CONVICTION,HOSTILE,4.7407,NEUTRAL
2026-09-10,CXW,6.0,0.005,0.004,MINOR,1,213.0,1.0536,0.836,VACUUM,106,1393.0,8,21,BEAR_REJECTION_PENDING,SHORT,52.0,MARGINAL,HOSTILE,1.26,NEUTRAL
2026-09-10,CGNX,6.0,0.36,0.201,MINOR,36,106.0,0.14,0.078,COMPRESSION,15,840.0,55,45,BEAR_REJECTION_PENDING,SHORT,68.6,CONVICTION,HOSTILE,1.7904,FALLING
2026-09-10,ENS,6.0,2.16,0.4,CONVICTION,216,475.0,1.95,0.361,CONVICTION,195,323.0,58,23,BEAR_REJECTION_PENDING,SHORT,50.0,MARGINAL,HOSTILE,5.3987,FALLING
2026-09-10,DFSC,6.0,0.02,0.116,MINOR,3,1192.0,0.05,0.29,MINOR,6,464.0,17,8,BEAR_REJECTION_PENDING,SHORT,62.0,CONVICTION,HOSTILE,0.1726,NEUTRAL
2026-09-10,ECG,6.0,0.98,0.197,COMPRESSION,98,656.0,1.14,0.229,CONVICTION,115,94.0,62,26,BEAR_REJECTION_PENDING,SHORT,34.0,MARGINAL,HOSTILE,4.9844,FALLING
2026-09-10,ELAN,6.0,0.06,0.081,MINOR,6,89.0,0.24,0.322,COMPRESSION,24,401.0,55,20,BEAR_REJECTION_PENDING,SHORT,54.0,MARGINAL,HOSTILE,0.7446,FALLING
2026-09-10,GENI,6.0,0.07,0.165,COMPRESSION,7,1325.0,0.32,0.753,COMPRESSION,32,313.0,33,13,BEAR_REJECTION_PENDING,SHORT,68.0,CONVICTION,HOSTILE,0.4249,NEUTRAL
2026-09-10,ETON,6.0,0.7295,0.247,MINOR,73,687.0,12.82,4.339,CONVICTION,1282,663.0,29,12,BEAR_REJECTION_PENDING,SHORT,76.8,CONVICTION,HOSTILE,2.9545,NEUTRAL
2026-09-10,FUL,6.0,0.52,0.321,COMPRESSION,53,295.0,0.36,0.222,COMPRESSION,36,129.0,94,13,BEAR_REJECTION_PENDING,SHORT,60.3,CONVICTION,HOSTILE,1.6203,FALLING
2026-09-10,GLWG,6.0,0.48,0.408,COMPRESSION,49,25.0,0.8426,0.717,COMPRESSION,85,749.0,48,37,BEAR_REJECTION_PENDING,SHORT,62.0,CONVICTION,HOSTILE,1.1759,RISING
2026-09-10,IONS,6.0,2.07,0.965,CONVICTION,208,4.0,6.32,2.946,CONVICTION,632,1225.0,69,15,BEAR_REJECTION_PENDING,SHORT,82.2,CONVICTION,HOSTILE,2.1455,FALLING
2026-09-10,LFTO,6.0,0.14,0.16,COMPRESSION,14,57.0,0.02,0.023,MINOR,2,84.0,27,3,BEAR_REJECTION_PENDING,SHORT,75.5,CONVICTION,HOSTILE,0.8757,RISING
2026-09-10,INOD,6.0,1.15,0.413,CONVICTION,115,1464.0,0.07,0.025,MINOR,8,223.0,76,9,BEAR_REJECTION_PENDING,SHORT,62.0,CONVICTION,HOSTILE,2.7815,NEUTRAL
2026-09-10,HUT,6.0,3.73,0.513,CONVICTION,373,981.0,0.19,0.026,COMPRESSION,19,1453.0,37,30,BEAR_REJECTION_PENDING,SHORT,58.0,MARGINAL,HOSTILE,7.2647,RISING
2026-09-10,LBRT,6.0,0.015,0.017,COMPRESSION,2,135.0,0.51,0.588,COMPRESSION,52,538.0,3,77,BEAR_REJECTION_PENDING,SHORT,49.1,MARGINAL,HOSTILE,0.8675,RISING
2026-09-10,LGN,6.0,0.16,0.054,COMPRESSION,16,707.0,0.44,0.15,COMPRESSION,44,342.0,49,25,BEAR_REJECTION_PENDING,SHORT,33.6,MARGINAL,HOSTILE,2.9396,FALLING
2026-09-10,LQDA,6.0,1.18,0.417,CONVICTION,118,599.0,3.12,1.104,CONVICTION,312,600.0,14,41,BEAR_REJECTION_PENDING,SHORT,81.8,CONVICTION,HOSTILE,2.8269,NEUTRAL
2026-09-10,MFP,6.0,0.25,0.087,COMPRESSION,25,517.0,0.13,0.045,COMPRESSION,14,175.0,59,18,BEAR_REJECTION_PENDING,SHORT,64.7,CONVICTION,HOSTILE,2.8671,NEUTRAL
2026-09-10,LPTH,6.0,0.13,0.12,COMPRESSION,14,745.0,0.205,0.189,COMPRESSION,21,257.0,32,24,BEAR_REJECTION_PENDING,SHORT,29.9,MARGINAL,HOSTILE,1.0821,RISING
2026-09-10,MOD,6.0,0.91,0.094,COMPRESSION,91,461.0,23.1,2.395,CONVICTION,2310,710.0,50,23,BEAR_REJECTION_PENDING,SHORT,36.0,MARGINAL,HOSTILE,9.6437,RISING
2026-09-10,MPWR,6.0,17.9,0.463,CONVICTION,1790,784.0,9.86,0.255,CONVICTION,986,628.0,70,16,BEAR_REJECTION_PENDING,SHORT,70.5,CONVICTION,HOSTILE,38.6958,FALLING
2026-09-10,MP,6.0,0.04,0.012,MINOR,4,826.0,1.695,0.503,CONVICTION,170,309.0,40,30,BEAR_REJECTION_PENDING,SHORT,52.0,MARGINAL,HOSTILE,3.3677,RISING
2026-09-10,NRG,6.0,1.09,0.258,CONVICTION,110,174.0,0.75,0.177,COMPRESSION,75,402.0,38,26,BEAR_REJECTION_PENDING,SHORT,94.9,CONVICTION,HOSTILE,4.2319,RISING
2026-09-10,MXL,6.0,5.67,1.39,CONVICTION,568,1187.0,1.85,0.454,CONVICTION,186,864.0,32,39,BEAR_REJECTION_PENDING,SHORT,52.0,MARGINAL,HOSTILE,4.0783,NEUTRAL
2026-09-10,NUVB,6.0,0.005,0.016,COMPRESSION,1,199.0,0.07,0.222,COMPRESSION,8,1051.0,33,18,BEAR_REJECTION_PENDING,SHORT,69.4,CONVICTION,HOSTILE,0.3152,NEUTRAL
2026-09-10,PLTD,6.0,0.16,0.68,COMPRESSION,17,843.0,0.02,0.085,COMPRESSION,3,262.0,15,30,BEAR_REJECTION_PENDING,SHORT,53.5,MARGINAL,HOSTILE,0.2353,RISING
2026-09-10,PRIM,6.0,1.1,0.368,CONVICTION,111,68.0,0.44,0.147,MINOR,44,225.0,30,23,BEAR_REJECTION_PENDING,SHORT,84.4,CONVICTION,HOSTILE,2.9907,RISING
2026-09-10,PINS,6.0,0.2,0.235,COMPRESSION,20,972.0,0.0915,0.107,MINOR,10,5.0,49,9,BEAR_REJECTION_PENDING,SHORT,56.8,MARGINAL,HOSTILE,0.8518,FALLING
2026-09-10,PTGX,6.0,1.65,0.277,VACUUM,166,363.0,7.52,1.263,CONVICTION,752,6.0,52,25,BEAR_REJECTION_PENDING,SHORT,58.0,MARGINAL,HOSTILE,5.9537,FALLING
2026-09-10,POWL,6.0,3.2,0.441,CONVICTION,320,804.0,0.35,0.048,COMPRESSION,35,249.0,49,21,BEAR_REJECTION_PENDING,SHORT,95.1,CONVICTION,HOSTILE,7.2503,RISING
2026-09-10,SEI,6.0,1.27,0.332,CONVICTION,127,355.0,6.85,1.792,CONVICTION,686,863.0,14,55,BEAR_REJECTION_PENDING,SHORT,55.1,MARGINAL,HOSTILE,3.8232,RISING
2026-09-10,SGML,6.0,1.615,1.934,CONVICTION,162,5.0,0.1,0.12,MINOR,10,1114.0,34,22,BEAR_REJECTION_PENDING,SHORT,96.2,CONVICTION,HOSTILE,0.8351,RISING
2026-09-10,SITM,6.0,5.99,0.188,CONVICTION,600,50.0,12.965,0.406,CONVICTION,1297,44.0,51,19,BEAR_REJECTION_PENDING,SHORT,66.0,CONVICTION,HOSTILE,31.9448,RISING
2026-09-10,SUNB,6.0,1.9,0.594,CONVICTION,190,770.0,2.5,0.782,CONVICTION,250,799.0,48,32,BEAR_REJECTION_PENDING,SHORT,84.3,CONVICTION,HOSTILE,3.1979,FALLING
2026-09-10,SMTC,6.0,8.65,0.851,VACUUM,866,148.0,2.115,0.208,CONVICTION,212,798.0,12,56,BEAR_REJECTION_PENDING,SHORT,81.7,CONVICTION,HOSTILE,10.1633,RISING
2026-09-10,STRL,6.0,4.91,0.209,CONVICTION,491,341.0,7.27,0.309,CONVICTION,727,25.0,21,47,BEAR_REJECTION_PENDING,SHORT,68.0,CONVICTION,HOSTILE,23.5205,RISING
2026-09-10,VICR,6.0,5.46,0.477,CONVICTION,546,631.0,15.35,1.34,CONVICTION,1535,453.0,59,29,SHORT_UPPER_DIRTY,SHORT,49.9,MARGINAL,HOSTILE,11.458,RISING
2026-09-10,WING,6.0,0.37,0.067,COMPRESSION,38,199.0,0.145,0.026,MINOR,15,165.0,34,28,BEAR_REJECTION_PENDING,SHORT,69.9,CONVICTION,HOSTILE,5.4986,RISING
2026-09-10,WWD,6.0,27.41,3.065,CONVICTION,2742,603.0,1.4,0.157,CONVICTION,140,752.0,22,30,BEAR_REJECTION_PENDING,SHORT,34.0,MARGINAL,HOSTILE,8.9436,FALLING
2026-09-10,ZIM,6.0,0.295,0.344,COMPRESSION,30,162.0,7.07,8.252,CONVICTION,707,14.0,14,68,BEAR_REJECTION_PENDING,SHORT,64.2,CONVICTION,HOSTILE,0.8568,RISING
2026-09-10,NXT,6.0,0.56,0.152,COMPRESSION,57,1013.0,0.76,0.206,COMPRESSION,77,574.0,43,10,BEAR_REJECTION_PENDING,SHORT,66.0,CONVICTION,HOSTILE,3.6936,RISING
2026-09-10,GPK,6.0,0.11,0.262,COMPRESSION,11,639.0,0.03,0.071,COMPRESSION,4,588.0,50,7,BEAR_REJECTION_PENDING,SHORT,77.9,CONVICTION,HOSTILE,0.4202,FALLING
2026-09-10,CALM,6.0,0.44,0.171,COMPRESSION,44,893.0,0.4,0.155,COMPRESSION,41,471.0,109,7,BEAR_REJECTION_PENDING,SHORT,68.0,CONVICTION,HOSTILE,2.5789,FALLING
2026-09-10,CAPR,6.0,0.25,0.217,COMPRESSION,25,664.0,1.16,1.007,CONVICTION,116,641.0,43,6,BEAR_REJECTION_PENDING,SHORT,52.0,MARGINAL,HOSTILE,1.1516,NEUTRAL
2026-09-10,AA,6.0,0.23,0.103,COMPRESSION,23,60.0,1.27,0.569,CONVICTION,128,289.0,38,57,BEAR_REJECTION_PENDING,SHORT,28.0,MARGINAL,HOSTILE,2.2321,RISING
2026-09-10,AEIS,6.0,1.09,0.085,CONVICTION,109,53.0,4.62,0.362,CONVICTION,463,0.0,28,73,BEAR_REJECTION_PENDING,SHORT,71.5,CONVICTION,HOSTILE,12.7768,RISING
2026-09-10,ACMR,6.0,2.16,0.538,CONVICTION,216,463.0,1.83,0.455,VACUUM,183,349.0,63,48,BEAR_REJECTION_PENDING,SHORT,74.0,CONVICTION,HOSTILE,4.0176,FALLING
2026-09-10,AIR,6.0,2.03,0.448,CONVICTION,204,526.0,1.35,0.298,CONVICTION,135,530.0,96,17,BEAR_REJECTION_PENDING,SHORT,38.0,MARGINAL,HOSTILE,4.5286,NEUTRAL
2026-09-10,ARGX,6.0,5.1,0.18,CONVICTION,511,34.0,59.78,2.11,CONVICTION,5979,748.0,66,28,BEAR_REJECTION_PENDING,SHORT,78.0,CONVICTION,HOSTILE,28.3353,FALLING
2026-09-10,CGON,6.0,0.86,0.298,COMPRESSION,86,263.0,0.91,0.315,COMPRESSION,92,1312.0,37,26,BEAR_REJECTION_PENDING,SHORT,58.0,MARGINAL,HOSTILE,2.8864,FALLING
2026-09-10,CBRL,6.0,0.32,0.147,COMPRESSION,32,721.0,0.155,0.071,COMPRESSION,16,379.0,49,29,BEAR_REJECTION_PENDING,SHORT,62.0,CONVICTION,HOSTILE,2.1761,NEUTRAL
2026-09-10,DAN,6.0,2.295,2.338,CONVICTION,230,895.0,0.29,0.295,COMPRESSION,29,565.0,39,33,BEAR_REJECTION_PENDING,SHORT,50.2,MARGINAL,HOSTILE,0.9817,RISING
2026-09-10,CHRD,6.0,0.1,0.023,MINOR,10,93.0,1.57,0.365,CONVICTION,158,87.0,3,99,BEAR_REJECTION_PENDING,SHORT,52.0,MARGINAL,HOSTILE,4.3061,RISING
2026-09-10,DFTX,6.0,0.09,0.047,COMPRESSION,10,3.0,11.87,6.146,CONVICTION,1187,347.0,52,17,BEAR_REJECTION_PENDING,SHORT,52.0,MARGINAL,HOSTILE,1.9314,NEUTRAL
2026-09-10,CRDO,6.0,0.025,0.002,COMPRESSION,3,268.0,19.87,1.344,CONVICTION,1987,714.0,40,4,CHANNEL_BREAKDOWN_SHORT,SHORT,46.0,MARGINAL,HOSTILE,14.7806,FALLING
2026-09-10,MEDP,6.0,6.33,0.395,CONVICTION,633,137.0,5.08,0.317,CONVICTION,509,1167.0,38,24,BEAR_REJECTION_PENDING,SHORT,88.0,CONVICTION,HOSTILE,16.0196,FALLING
2026-09-10,EYPT,6.0,0.06,0.153,COMPRESSION,6,123.0,0.0049,0.012,COMPRESSION,1,418.0,55,11,BEAR_REJECTION_PENDING,SHORT,74.7,CONVICTION,HOSTILE,0.3921,RISING
2026-09-10,ICLR,6.0,2.55,0.423,CONVICTION,255,175.0,1.8,0.298,VACUUM,181,54.0,61,5,BEAR_REJECTION_PENDING,SHORT,99.0,CONVICTION,HOSTILE,6.0346,NEUTRAL
2026-09-10,FIX,6.0,1.4725,0.023,VACUUM,148,238.0,17.79,0.276,CONVICTION,1779,1422.0,47,41,BEAR_REJECTION_PENDING,SHORT,34.0,MARGINAL,HOSTILE,64.4787,RISING
2026-09-10,PPC,6.0,0.32,0.311,COMPRESSION,33,346.0,0.09,0.088,COMPRESSION,9,1111.0,33,36,BEAR_REJECTION_PENDING,SHORT,46.0,MARGINAL,HOSTILE,1.0284,FALLING
2026-09-10,PWR,6.0,5.09,0.241,CONVICTION,509,719.0,2.57,0.122,CONVICTION,258,4.0,58,23,BEAR_REJECTION_PENDING,SHORT,68.0,CONVICTION,HOSTILE,21.0895,RISING
2026-09-10,OII,6.0,0.41,0.206,COMPRESSION,41,868.0,2.09,1.053,CONVICTION,209,223.0,71,23,BEAR_REJECTION_PENDING,SHORT,57.6,MARGINAL,HOSTILE,1.9855,NEUTRAL
2026-09-10,RVMD,6.0,0.3693,0.045,MINOR,37,397.0,3.01,0.363,VACUUM,301,345.0,31,18,BEAR_REJECTION_PENDING,SHORT,52.5,MARGINAL,HOSTILE,8.2872,NEUTRAL
2026-09-10,SBLK,6.0,1.07,1.117,CONVICTION,108,61.0,0.07,0.073,COMPRESSION,8,196.0,16,57,BEAR_REJECTION_PENDING,SHORT,86.8,CONVICTION,HOSTILE,0.9583,RISING
2026-09-10,WFF,6.0,0.01,0.045,MINOR,2,856.0,0.09,0.404,MINOR,10,267.0,28,9,BEAR_REJECTION_PENDING,SHORT,52.0,MARGINAL,HOSTILE,0.2225,NEUTRAL
2026-09-10,WETO,6.0,0.01,0.002,COMPRESSION,1,494.0,,,,,,20,0,BEAR_REJECTION_PENDING,SHORT,68.0,CONVICTION,HOSTILE,5.2928,FALLING
2026-09-10,WMG,6.0,0.1,0.13,COMPRESSION,11,203.0,0.1,0.13,COMPRESSION,10,551.0,37,38,BEAR_REJECTION_PENDING,SHORT,74.3,CONVICTION,HOSTILE,0.7683,RISING
2026-09-10,TER,6.0,5.855,0.336,CONVICTION,586,941.0,7.67,0.44,CONVICTION,767,472.0,21,81,BEAR_REJECTION_PENDING,SHORT,50.0,MARGINAL,HOSTILE,17.4499,FALLING
2026-09-10,YPF,6.0,0.88,0.502,MINOR,89,68.0,0.98,0.559,COMPRESSION,99,190.0,15,93,BEAR_REJECTION_PENDING,SHORT,67.6,CONVICTION,HOSTILE,1.7539,RISING
2026-09-10,FAMI,6.0,0.0006,0.014,MINOR,1,881.0,0.0005,0.011,MINOR,1,305.0,17,13,BEAR_REJECTION_PENDING,SHORT,62.0,CONVICTION,HOSTILE,0.0452,RISING
2026-09-10,VRSK,6.0,1.26,0.21,CONVICTION,126,468.0,4.415,0.736,CONVICTION,442,86.0,60,40,BEAR_REJECTION_PENDING,SHORT,38.7,MARGINAL,HOSTILE,6.0004,RISING
2026-09-10,ACAD,6.0,0.06,0.069,COMPRESSION,6,450.0,0.09,0.103,COMPRESSION,9,662.0,46,31,BEAR_REJECTION_PENDING,SHORT,40.0,MARGINAL,HOSTILE,0.8739,NEUTRAL
2026-09-10,BBIO,6.0,0.44,0.209,MINOR,44,981.0,1.05,0.498,CONVICTION,106,626.0,18,40,BEAR_REJECTION_PENDING,SHORT,64.0,CONVICTION,HOSTILE,2.1066,FALLING
2026-09-10,AMLX,6.0,0.61,0.308,COMPRESSION,61,440.0,7.95,4.013,CONVICTION,795,676.0,42,6,BEAR_REJECTION_PENDING,SHORT,61.6,CONVICTION,HOSTILE,1.9812,NEUTRAL
2026-09-10,CDTG,6.0,0.03,0.063,COMPRESSION,4,313.0,0.0003,0.001,COMPRESSION,1,1482.0,15,2,BEAR_REJECTION_PENDING,SHORT,40.0,MARGINAL,HOSTILE,0.4795,RISING
2026-09-10,BOIL,6.0,0.55,0.589,COMPRESSION,55,1492.0,,,,,,67,0,BEAR_REJECTION_PENDING,SHORT,62.5,CONVICTION,HOSTILE,0.9332,RISING
2026-09-10,CHWY,6.0,1.42,1.278,CONVICTION,142,607.0,0.45,0.405,COMPRESSION,45,777.0,40,15,BEAR_REJECTION_PENDING,SHORT,98.3,CONVICTION,HOSTILE,1.1107,FALLING
2026-09-10,DOO,6.0,0.35,0.123,COMPRESSION,36,385.0,0.44,0.155,COMPRESSION,44,742.0,67,12,BEAR_REJECTION_PENDING,SHORT,72.3,CONVICTION,HOSTILE,2.8416,RISING
2026-09-10,CORD,6.0,0.24,0.617,COMPRESSION,24,322.0,0.0015,0.004,MINOR,1,541.0,19,49,BEAR_REJECTION_PENDING,SHORT,72.6,CONVICTION,HOSTILE,0.3892,NEUTRAL
2026-09-10,HSAI,6.0,0.39,0.409,MINOR,40,1095.0,0.91,0.953,COMPRESSION,92,223.0,46,47,BEAR_REJECTION_PENDING,SHORT,28.0,MARGINAL,HOSTILE,0.9547,RISING
2026-09-10,IPST,6.0,0.06,0.039,MINOR,7,568.0,0.06,0.039,MINOR,7,78.0,29,22,BEAR_REJECTION_PENDING,SHORT,66.7,CONVICTION,HOSTILE,1.5195,NEUTRAL
2026-09-10,LEGN,6.0,0.27,0.269,COMPRESSION,27,161.0,0.12,0.119,COMPRESSION,12,387.0,40,26,BEAR_REJECTION_PENDING,SHORT,74.8,CONVICTION,HOSTILE,1.0049,RISING
2026-09-10,MAN,6.0,1.44,0.592,CONVICTION,144,1120.0,0.99,0.407,COMPRESSION,99,189.0,36,16,BEAR_REJECTION_PENDING,SHORT,74.2,CONVICTION,HOSTILE,2.4331,NEUTRAL
2026-09-10,MANE,6.0,1.43,0.256,CONVICTION,143,1233.0,1.72,0.308,CONVICTION,172,553.0,45,20,BEAR_REJECTION_PENDING,SHORT,62.0,CONVICTION,HOSTILE,5.5873,NEUTRAL
2026-09-10,MTCH,6.0,0.16,0.134,COMPRESSION,16,195.0,0.23,0.192,COMPRESSION,24,613.0,11,30,BEAR_REJECTION_PENDING,SHORT,66.3,CONVICTION,HOSTILE,1.1952,NEUTRAL
2026-09-10,MNST,6.0,0.1763,0.177,COMPRESSION,18,145.0,3.8925,3.908,CONVICTION,390,180.0,86,27,BEAR_REJECTION_PENDING,SHORT,68.0,CONVICTION,HOSTILE,0.9961,FALLING
2026-09-10,PLNT,6.0,0.59,0.349,COMPRESSION,59,595.0,0.075,0.044,MINOR,8,1205.0,35,20,BEAR_REJECTION_PENDING,SHORT,78.8,CONVICTION,HOSTILE,1.6911,FALLING
2026-09-10,PODD,6.0,2.02,0.386,CONVICTION,203,171.0,0.68,0.13,MINOR,68,418.0,57,4,BEAR_REJECTION_PENDING,SHORT,62.0,CONVICTION,HOSTILE,5.2387,RISING
2026-09-10,PFSA,6.0,0.1,0.082,MINOR,10,40.0,0.03,0.025,MINOR,4,40.0,13,3,BEAR_REJECTION_PENDING,SHORT,62.0,CONVICTION,HOSTILE,1.2159,NEUTRAL
2026-09-10,RBA,6.0,0.35,0.158,COMPRESSION,36,229.0,0.45,0.204,COMPRESSION,45,42.0,75,13,BEAR_REJECTION_PENDING,SHORT,76.2,CONVICTION,HOSTILE,2.2094,RISING
2026-09-10,ROIV,6.0,0.2,0.122,MINOR,20,336.0,5.05,3.088,CONVICTION,505,412.0,9,17,BEAR_REJECTION_PENDING,SHORT,58.0,MARGINAL,HOSTILE,1.6353,FALLING
2026-09-10,SRRK,6.0,0.51,0.216,MINOR,51,684.0,2.14,0.907,VACUUM,215,869.0,36,17,BEAR_REJECTION_PENDING,SHORT,48.0,MARGINAL,HOSTILE,2.3586,NEUTRAL
2026-09-10,SYRE,6.0,13.755,2.629,CONVICTION,1376,758.0,0.78,0.149,COMPRESSION,78,625.0,57,14,BEAR_REJECTION_PENDING,SHORT,79.1,CONVICTION,HOSTILE,5.2329,FALLING
2026-09-10,SXTC,6.0,0.1,0.265,MINOR,11,500.0,0.01,0.027,MINOR,1,318.0,28,5,BEAR_REJECTION_PENDING,SHORT,62.0,CONVICTION,HOSTILE,0.3772,NEUTRAL
2026-09-10,TDC,6.0,0.16,0.19,COMPRESSION,17,143.0,0.53,0.629,COMPRESSION,54,146.0,33,42,BEAR_REJECTION_PENDING,SHORT,80.1,CONVICTION,HOSTILE,0.8421,FALLING
2026-09-10,XENE,6.0,0.62,0.31,MINOR,62,304.0,12.66,6.327,CONVICTION,1266,718.0,40,34,BEAR_REJECTION_PENDING,SHORT,57.0,MARGINAL,HOSTILE,2.001,NEUTRAL
2026-09-10,ALH,6.0,0.07,0.098,COMPRESSION,8,418.0,0.04,0.056,COMPRESSION,4,933.0,56,5,BEAR_REJECTION_PENDING,SHORT,74.4,CONVICTION,HOSTILE,0.7169,RISING
2026-09-10,BRSL,6.0,0.05,0.151,COMPRESSION,6,117.0,0.31,0.937,COMPRESSION,31,603.0,42,27,BEAR_REJECTION_PENDING,SHORT,77.7,CONVICTION,HOSTILE,0.3307,FALLING
2026-09-10,ACM,6.0,0.45,0.195,COMPRESSION,46,287.0,0.06,0.026,MINOR,7,144.0,42,15,BEAR_REJECTION_PENDING,SHORT,74.1,CONVICTION,HOSTILE,2.3078,RISING
2026-09-10,AMR,6.0,3.82,0.31,CONVICTION,382,803.0,6.45,0.524,CONVICTION,645,1154.0,35,54,BEAR_REJECTION_PENDING,SHORT,64.0,CONVICTION,HOSTILE,12.3189,FALLING
2026-09-10,ZSL,6.0,0.8,0.58,COMPRESSION,80,162.0,0.53,0.384,COMPRESSION,54,969.0,48,64,BEAR_REJECTION_PENDING,SHORT,34.5,MARGINAL,HOSTILE,1.3786,RISING
2026-09-10,ARCT,6.0,0.01,0.006,COMPRESSION,1,992.0,0.02,0.012,COMPRESSION,3,1369.0,49,7,BEAR_REJECTION_PENDING,SHORT,62.0,CONVICTION,HOSTILE,1.6658,NEUTRAL
2026-09-10,ARE,6.0,0.03,0.017,COMPRESSION,4,123.0,0.85,0.476,COMPRESSION,86,1092.0,56,29,BEAR_REJECTION_PENDING,SHORT,73.2,CONVICTION,HOSTILE,1.7842,FALLING
2026-09-10,AEM,6.0,0.06,0.007,COMPRESSION,7,15.0,1.54,0.185,CONVICTION,154,801.0,54,85,BEAR_REJECTION_PENDING,SHORT,58.3,MARGINAL,HOSTILE,8.3121,FALLING
2026-09-10,ATAT,6.0,0.8517,0.661,MINOR,86,784.0,1.12,0.87,CONVICTION,112,1072.0,33,23,SHORT_UPPER_DIRTY,SHORT,36.5,MARGINAL,HOSTILE,1.2879,FALLING
2026-09-10,ARKB,6.0,0.59,0.664,COMPRESSION,59,1227.0,1.45,1.633,CONVICTION,145,142.0,61,46,BEAR_REJECTION_PENDING,SHORT,68.0,CONVICTION,HOSTILE,0.8882,FALLING
2026-09-10,BAH,6.0,0.4,0.19,COMPRESSION,40,128.0,1.24,0.588,CONVICTION,125,1047.0,45,31,BEAR_REJECTION_PENDING,SHORT,74.9,CONVICTION,HOSTILE,2.1084,RISING
2026-09-10,AU,6.0,0.54,0.119,COMPRESSION,54,8.0,2.47,0.546,CONVICTION,247,892.0,41,73,BEAR_REJECTION_PENDING,SHORT,75.7,CONVICTION,HOSTILE,4.5271,FALLING
2026-09-10,BITO,6.0,0.8,2.15,COMPRESSION,80,296.0,0.6,1.612,COMPRESSION,60,76.0,40,33,BEAR_REJECTION_PENDING,SHORT,63.3,CONVICTION,HOSTILE,0.3721,RISING
2026-09-10,BITB,6.0,3.12,2.147,CONVICTION,312,9.0,2.37,1.631,CONVICTION,237,125.0,83,60,BEAR_REJECTION_PENDING,SHORT,100.0,CONVICTION,HOSTILE,1.4529,RISING
2026-09-10,BITU,6.0,0.03,0.032,COMPRESSION,3,74.0,1.42,1.515,CONVICTION,142,111.0,52,18,BEAR_REJECTION_PENDING,SHORT,75.3,CONVICTION,HOSTILE,0.9372,NEUTRAL
2026-09-10,BITX,6.0,0.94,0.778,COMPRESSION,95,690.0,1.82,1.506,CONVICTION,183,115.0,35,22,BEAR_REJECTION_PENDING,SHORT,71.4,CONVICTION,HOSTILE,1.2081,NEUTRAL
2026-09-10,BOOT,6.0,1.59,0.263,CONVICTION,160,559.0,12.01,1.985,CONVICTION,1202,935.0,87,4,BEAR_REJECTION_PENDING,SHORT,53.1,MARGINAL,HOSTILE,6.0493,FALLING
2026-09-10,BMNU,6.0,0.035,0.013,MINOR,4,535.0,0.86,0.31,COMPRESSION,86,1042.0,24,46,BEAR_REJECTION_PENDING,SHORT,68.0,CONVICTION,HOSTILE,2.7762,FALLING
2026-09-10,CNXC,6.0,0.14,0.068,COMPRESSION,15,392.0,0.14,0.068,COMPRESSION,15,565.0,40,30,BEAR_REJECTION_PENDING,SHORT,58.0,MARGINAL,HOSTILE,2.0556,RISING
2026-09-10,BSOL,6.0,0.18,0.259,COMPRESSION,19,29.0,0.7,1.009,COMPRESSION,70,525.0,31,80,BEAR_REJECTION_PENDING,SHORT,58.5,MARGINAL,HOSTILE,0.6939,FALLING
2026-09-10,COCO,6.0,0.39,0.173,COMPRESSION,40,631.0,3.51,1.556,CONVICTION,351,802.0,33,8,BEAR_REJECTION_PENDING,SHORT,59.5,MARGINAL,HOSTILE,2.2564,FALLING
2026-09-10,BTC,6.0,0.83,0.699,COMPRESSION,83,1215.0,1.93,1.626,CONVICTION,193,137.0,74,57,BEAR_REJECTION_PENDING,SHORT,66.6,CONVICTION,HOSTILE,1.1871,RISING
2026-09-10,CWK,6.0,0.2,0.375,COMPRESSION,20,143.0,0.09,0.169,COMPRESSION,9,8.0,42,29,BEAR_REJECTION_PENDING,SHORT,83.0,CONVICTION,HOSTILE,0.5327,FALLING
2026-09-10,CRSP,6.0,1.34,0.493,CONVICTION,134,143.0,0.05,0.018,COMPRESSION,5,1051.0,70,29,BEAR_REJECTION_PENDING,SHORT,100.0,CONVICTION,HOSTILE,2.7186,FALLING
2026-09-10,DLO,6.0,0.08,0.159,COMPRESSION,9,150.0,0.22,0.437,COMPRESSION,23,61.0,51,44,BEAR_REJECTION_PENDING,SHORT,75.9,CONVICTION,HOSTILE,0.504,NEUTRAL
2026-09-10,EFX,6.0,1.37,0.193,CONVICTION,138,1371.0,0.63,0.089,COMPRESSION,63,544.0,39,6,BEAR_REJECTION_PENDING,SHORT,68.0,CONVICTION,HOSTILE,7.0941,FALLING
2026-09-10,EL,6.0,2.72,0.765,CONVICTION,272,809.0,9.46,2.659,CONVICTION,946,508.0,28,10,BEAR_REJECTION_PENDING,SHORT,83.0,CONVICTION,HOSTILE,3.5571,FALLING
2026-09-10,EPAM,6.0,1.73,0.388,CONVICTION,174,55.0,0.8,0.179,COMPRESSION,80,394.0,48,38,BEAR_REJECTION_PENDING,SHORT,93.5,CONVICTION,HOSTILE,4.4591,RISING
2026-09-10,ETHA,6.0,0.51,0.715,COMPRESSION,51,1057.0,0.06,0.084,COMPRESSION,6,27.0,12,50,BEAR_REJECTION_PENDING,SHORT,64.8,CONVICTION,HOSTILE,0.7131,FALLING
2026-09-10,ETH,6.0,0.65,0.726,COMPRESSION,66,950.0,0.07,0.078,COMPRESSION,8,30.0,31,74,BEAR_REJECTION_PENDING,SHORT,43.2,MARGINAL,HOSTILE,0.8959,FALLING
2026-09-10,ETHE,6.0,0.59,0.786,COMPRESSION,59,1208.0,0.06,0.08,COMPRESSION,6,25.0,45,67,BEAR_REJECTION_PENDING,SHORT,76.3,CONVICTION,HOSTILE,0.7505,FALLING
2026-09-10,ETHT,6.0,1.24,0.985,CONVICTION,125,664.0,0.82,0.651,COMPRESSION,83,504.0,35,59,BEAR_REJECTION_PENDING,SHORT,80.8,CONVICTION,HOSTILE,1.2594,FALLING
2026-09-10,G,6.0,0.53,0.493,COMPRESSION,54,551.0,0.36,0.335,COMPRESSION,36,932.0,63,37,BEAR_REJECTION_PENDING,SHORT,62.0,CONVICTION,HOSTILE,1.0743,FALLING
2026-09-10,FBTC,6.0,5.0,2.127,CONVICTION,500,18.0,3.75,1.595,CONVICTION,375,130.0,75,41,BEAR_REJECTION_PENDING,SHORT,100.0,CONVICTION,HOSTILE,2.3512,RISING
2026-09-10,ETHU,6.0,1.82,0.919,CONVICTION,183,267.0,0.09,0.045,COMPRESSION,9,61.0,22,74,BEAR_REJECTION_PENDING,SHORT,87.8,CONVICTION,HOSTILE,1.9796,FALLING
2026-09-10,FETH,6.0,0.7,0.746,COMPRESSION,71,1128.0,0.27,0.288,COMPRESSION,27,143.0,53,61,BEAR_REJECTION_PENDING,SHORT,62.0,CONVICTION,HOSTILE,0.9382,RISING
2026-09-10,GPI,6.0,1.35,0.14,VACUUM,136,397.0,4.76,0.494,CONVICTION,476,228.0,28,85,BEAR_REJECTION_PENDING,SHORT,71.9,CONVICTION,HOSTILE,9.6302,RISING
2026-09-10,IBIT,6.0,3.24,2.104,CONVICTION,325,5.0,2.47,1.604,CONVICTION,247,127.0,26,42,BEAR_REJECTION_PENDING,SHORT,100.0,CONVICTION,HOSTILE,1.54,NEUTRAL
2026-09-10,ILMN,6.0,0.76,0.076,COMPRESSION,77,954.0,0.12,0.012,COMPRESSION,13,689.0,62,18,BEAR_REJECTION_PENDING,SHORT,52.0,MARGINAL,HOSTILE,9.9452,NEUTRAL
2026-09-10,GBTC,6.0,4.48,2.158,CONVICTION,449,91.0,3.35,1.614,CONVICTION,336,118.0,91,55,BEAR_REJECTION_PENDING,SHORT,88.7,CONVICTION,HOSTILE,2.0761,RISING
2026-09-10,LPX,6.0,0.93,0.423,COMPRESSION,94,416.0,0.05,0.023,MINOR,5,73.0,43,33,BEAR_REJECTION_PENDING,SHORT,77.2,CONVICTION,HOSTILE,2.1982,FALLING
2026-09-10,JNUG,6.0,11.01,0.768,VACUUM,1101,162.0,3.56,0.248,CONVICTION,357,1319.0,53,52,BEAR_REJECTION_PENDING,SHORT,68.0,CONVICTION,HOSTILE,14.3441,FALLING
2026-09-10,MRNX,6.0,0.32,0.016,COMPRESSION,33,375.0,3.1,0.158,CONVICTION,310,658.0,23,18,BEAR_REJECTION_PENDING,SHORT,64.0,CONVICTION,HOSTILE,19.629,FALLING
2026-09-10,KOLD,6.0,2.0993,1.551,VACUUM,210,67.0,1.08,0.798,VACUUM,108,371.0,7,101,BEAR_REJECTION_PENDING,SHORT,36.9,MARGINAL,HOSTILE,1.3538,FALLING
2026-09-10,MRNY,6.0,1.01,0.317,VACUUM,101,950.0,12.27,3.856,CONVICTION,1227,998.0,68,4,BEAR_REJECTION_PENDING,SHORT,69.2,CONVICTION,HOSTILE,3.1821,NEUTRAL
2026-09-10,MSTU,6.0,1.85,0.399,VACUUM,186,1073.0,0.41,0.088,COMPRESSION,42,243.0,41,35,BEAR_REJECTION_PENDING,SHORT,68.0,CONVICTION,HOSTILE,4.6382,FALLING
2026-09-10,NG,6.0,0.08,0.171,COMPRESSION,9,704.0,0.36,0.77,COMPRESSION,37,173.0,60,47,BEAR_REJECTION_PENDING,SHORT,52.0,MARGINAL,HOSTILE,0.4676,NEUTRAL
2026-09-10,MSTY,6.0,0.44,0.47,MINOR,44,87.0,0.29,0.31,COMPRESSION,30,101.0,35,42,BEAR_REJECTION_PENDING,SHORT,74.5,CONVICTION,HOSTILE,0.9369,FALLING
2026-09-10,NTLA,6.0,11.83,18.31,CONVICTION,1183,1208.0,0.3,0.464,COMPRESSION,30,122.0,26,21,BEAR_REJECTION_PENDING,SHORT,68.0,CONVICTION,HOSTILE,0.6461,FALLING
2026-09-10,NVCR,6.0,0.29,0.337,COMPRESSION,30,656.0,0.04,0.046,COMPRESSION,4,882.0,53,25,BEAR_REJECTION_PENDING,SHORT,73.3,CONVICTION,HOSTILE,0.8606,NEUTRAL
2026-09-10,PGR,6.0,1.58,0.39,CONVICTION,158,52.0,2.9,0.716,CONVICTION,291,799.0,65,45,BEAR_REJECTION_PENDING,SHORT,96.0,CONVICTION,HOSTILE,4.0483,RISING
2026-09-10,SEDG,6.0,6.565,3.264,CONVICTION,657,1329.0,0.84,0.418,COMPRESSION,84,60.0,23,67,BEAR_REJECTION_PENDING,SHORT,79.0,CONVICTION,HOSTILE,2.0112,RISING
2026-09-10,SG,6.0,0.04,0.105,COMPRESSION,5,286.0,0.13,0.343,COMPRESSION,13,1143.0,13,17,BEAR_REJECTION_PENDING,SHORT,75.5,CONVICTION,HOSTILE,0.3792,FALLING
2026-09-10,SKHZ,6.0,0.43,0.796,COMPRESSION,43,481.0,0.15,0.278,MINOR,16,53.0,62,34,BEAR_REJECTION_PENDING,SHORT,82.2,CONVICTION,HOSTILE,0.5401,FALLING
2026-09-10,TKO,6.0,2.79,0.495,CONVICTION,279,929.0,0.92,0.163,COMPRESSION,93,1406.0,43,9,BEAR_REJECTION_PENDING,SHORT,74.0,CONVICTION,HOSTILE,5.6328,FALLING
2026-09-10,TGT,6.0,0.69,0.149,COMPRESSION,69,243.0,3.03,0.656,CONVICTION,304,674.0,79,17,BEAR_REJECTION_PENDING,SHORT,73.2,CONVICTION,HOSTILE,4.6171,FALLING
2026-09-10,TRI,6.0,0.53,0.13,COMPRESSION,53,897.0,1.13,0.278,CONVICTION,113,1235.0,58,39,BEAR_REJECTION_PENDING,SHORT,79.0,CONVICTION,HOSTILE,4.0619,FALLING
2026-09-10,WRBY,6.0,0.08,0.066,COMPRESSION,8,340.0,0.04,0.033,COMPRESSION,5,859.0,36,15,BEAR_REJECTION_PENDING,SHORT,70.9,CONVICTION,HOSTILE,1.2046,FALLING
2026-09-10,VKTX,6.0,0.32,0.214,COMPRESSION,33,205.0,0.14,0.094,COMPRESSION,15,664.0,65,28,BEAR_REJECTION_PENDING,SHORT,28.1,MARGINAL,HOSTILE,1.4942,NEUTRAL
2026-09-10,XNCR,6.0,0.21,0.128,COMPRESSION,21,52.0,0.17,0.103,COMPRESSION,18,1297.0,36,14,BEAR_REJECTION_PENDING,SHORT,71.0,CONVICTION,HOSTILE,1.643,FALLING
2026-09-10,WPM,6.0,5.0,0.802,VACUUM,500,243.0,4.94,0.792,CONVICTION,494,100.0,21,72,BEAR_REJECTION_PENDING,SHORT,58.2,MARGINAL,HOSTILE,6.2372,NEUTRAL
2026-09-10,ZSTK,6.0,0.01,0.009,MINOR,1,263.0,1.34,1.269,CONVICTION,134,239.0,34,10,BEAR_REJECTION_PENDING,SHORT,62.0,CONVICTION,HOSTILE,1.0563,NEUTRAL
2026-09-10,YMM,6.0,0.11,0.436,COMPRESSION,12,277.0,0.191,0.756,COMPRESSION,20,349.0,34,14,BEAR_REJECTION_PENDING,SHORT,75.7,CONVICTION,HOSTILE,0.2525,RISING
2026-09-10,ALSN,6.0,1.15,0.267,CONVICTION,116,99.0,1.66,0.385,CONVICTION,167,593.0,29,47,BEAR_REJECTION_PENDING,SHORT,73.1,CONVICTION,HOSTILE,4.31,RISING
2026-09-10,ANDG,6.0,0.25,0.114,COMPRESSION,25,221.0,0.37,0.168,COMPRESSION,38,779.0,33,44,BEAR_REJECTION_PENDING,SHORT,66.5,CONVICTION,HOSTILE,2.1997,FALLING
2026-09-10,AGI,6.0,0.03,0.021,COMPRESSION,4,742.0,0.3,0.212,COMPRESSION,30,885.0,43,71,BEAR_REJECTION_PENDING,SHORT,46.0,MARGINAL,HOSTILE,1.4124,FALLING
2026-09-10,BABA,6.0,0.68,0.176,COMPRESSION,68,318.0,1.27,0.328,CONVICTION,127,1071.0,90,16,BEAR_REJECTION_PENDING,SHORT,88.0,CONVICTION,HOSTILE,3.8733,FALLING
2026-09-10,BABX,6.0,0.23,0.172,COMPRESSION,24,689.0,0.0434,0.032,MINOR,5,1423.0,135,2,BEAR_REJECTION_PENDING,SHORT,72.4,CONVICTION,HOSTILE,1.3378,FALLING
2026-09-10,FNV,6.0,10.165,1.24,VACUUM,1017,22.0,2.31,0.282,CONVICTION,232,215.0,30,48,BEAR_REJECTION_PENDING,SHORT,84.4,CONVICTION,HOSTILE,8.1999,NEUTRAL
2026-09-10,EGO,6.0,0.05,0.025,MINOR,6,663.0,0.44,0.22,COMPRESSION,45,1065.0,21,74,BEAR_REJECTION_PENDING,SHORT,40.0,MARGINAL,HOSTILE,1.9986,NEUTRAL
2026-09-10,COPX,6.0,0.89,0.311,COMPRESSION,90,30.0,3.2,1.12,CONVICTION,321,26.0,28,109,BEAR_REJECTION_PENDING,SHORT,68.0,CONVICTION,HOSTILE,2.8576,RISING
2026-09-10,GEN,6.0,0.23,0.245,COMPRESSION,23,222.0,0.085,0.09,COMPRESSION,9,504.0,19,30,BEAR_REJECTION_PENDING,SHORT,66.2,CONVICTION,HOSTILE,0.9394,NEUTRAL
2026-09-10,GFI,6.0,6.255,3.353,CONVICTION,626,944.0,0.76,0.407,COMPRESSION,76,1286.0,20,65,BEAR_REJECTION_PENDING,SHORT,46.7,MARGINAL,HOSTILE,1.8653,RISING
2026-09-10,GDX,6.0,1.68,0.475,CONVICTION,168,520.0,0.97,0.274,COMPRESSION,97,819.0,31,59,BEAR_REJECTION_PENDING,SHORT,87.4,CONVICTION,HOSTILE,3.5346,FALLING
2026-09-10,HMY,6.0,1.36,1.401,CONVICTION,136,38.0,0.02,0.021,COMPRESSION,2,315.0,43,83,BEAR_REJECTION_PENDING,SHORT,92.8,CONVICTION,HOSTILE,0.971,FALLING
2026-09-10,IQV,6.0,2.11,0.291,CONVICTION,211,5.0,21.78,3.006,CONVICTION,2178,855.0,43,40,BEAR_REJECTION_PENDING,SHORT,98.9,CONVICTION,HOSTILE,7.2457,NEUTRAL
2026-09-10,LB,6.0,2.355,0.661,VACUUM,236,200.0,2.01,0.564,CONVICTION,201,311.0,28,49,BEAR_REJECTION_PENDING,SHORT,57.0,MARGINAL,HOSTILE,3.5646,NEUTRAL
2026-09-10,KMX,6.0,0.12,0.064,COMPRESSION,13,333.0,0.89,0.473,COMPRESSION,90,980.0,40,45,BEAR_REJECTION_PENDING,SHORT,65.4,CONVICTION,HOSTILE,1.8811,NEUTRAL
2026-09-10,NDSN,6.0,1.91,0.24,CONVICTION,191,278.0,0.87,0.109,COMPRESSION,88,487.0,65,43,BEAR_REJECTION_PENDING,SHORT,58.0,MARGINAL,HOSTILE,7.9487,FALLING
2026-09-10,OSK,6.0,1.84,0.36,CONVICTION,185,1062.0,2.89,0.566,CONVICTION,289,927.0,36,50,BEAR_REJECTION_PENDING,SHORT,55.8,MARGINAL,HOSTILE,5.1078,RISING
2026-09-10,NTR,6.0,0.01,0.004,COMPRESSION,2,97.0,0.65,0.266,COMPRESSION,66,133.0,8,118,BEAR_REJECTION_PENDING,SHORT,40.0,MARGINAL,HOSTILE,2.44,RISING
2026-09-10,PGEN,6.0,0.044,0.138,COMPRESSION,5,44.0,0.005,0.016,MINOR,1,124.0,34,13,BEAR_REJECTION_PENDING,SHORT,65.6,CONVICTION,HOSTILE,0.3185,NEUTRAL
2026-09-10,RGEN,6.0,2.1,0.275,CONVICTION,211,553.0,1.05,0.137,CONVICTION,106,1393.0,55,21,BEAR_REJECTION_PENDING,SHORT,61.2,CONVICTION,HOSTILE,7.6456,NEUTRAL
2026-09-10,PAAS,6.0,2.97,1.424,CONVICTION,298,1014.0,0.56,0.268,COMPRESSION,57,135.0,27,77,SHORT_UPPER_DIRTY,SHORT,29.1,MARGINAL,HOSTILE,2.0861,RISING
2026-09-10,Q,6.0,2.14,0.431,CONVICTION,215,101.0,1.55,0.312,CONVICTION,155,275.0,53,86,BEAR_REJECTION_PENDING,SHORT,66.8,CONVICTION,HOSTILE,4.9621,RISING
2026-09-10,RING,6.0,6.21,1.956,CONVICTION,621,568.0,0.01,0.003,COMPRESSION,2,65.0,39,85,BEAR_REJECTION_PENDING,SHORT,68.0,CONVICTION,HOSTILE,3.1756,RISING
2026-09-10,RVTY,6.0,1.31,0.326,CONVICTION,132,200.0,0.16,0.04,COMPRESSION,16,590.0,55,26,BEAR_REJECTION_PENDING,SHORT,100.0,CONVICTION,HOSTILE,4.0159,FALLING
2026-09-10,RIO,6.0,0.34,0.159,MINOR,34,24.0,3.36,1.572,CONVICTION,336,1169.0,40,66,BEAR_REJECTION_PENDING,SHORT,70.8,CONVICTION,HOSTILE,2.1376,RISING
2026-09-10,SBSW,6.0,0.027,0.047,MINOR,3,41.0,0.36,0.631,COMPRESSION,36,92.0,23,48,BEAR_REJECTION_PENDING,SHORT,52.0,MARGINAL,HOSTILE,0.5703,RISING
2026-09-10,SQM,6.0,0.42,0.14,COMPRESSION,43,73.0,0.4,0.133,COMPRESSION,40,412.0,81,40,BEAR_REJECTION_PENDING,SHORT,68.2,CONVICTION,HOSTILE,3.0085,RISING
2026-09-10,SCCO,6.0,0.43,0.047,MINOR,44,257.0,7.92,0.858,CONVICTION,793,158.0,27,76,BEAR_REJECTION_PENDING,SHORT,64.6,CONVICTION,HOSTILE,9.2297,FALLING
2026-09-10,VALE,6.0,0.12,0.243,COMPRESSION,13,541.0,0.125,0.253,COMPRESSION,13,64.0,18,74,BEAR_REJECTION_PENDING,SHORT,28.0,MARGINAL,HOSTILE,0.4932,RISING
2026-09-10,XOS,6.0,0.09,0.246,MINOR,9,686.0,,,,,,45,0,BEAR_REJECTION_PENDING,SHORT,62.0,CONVICTION,HOSTILE,0.3658,NEUTRAL
2026-09-10,PSN,6.0,0.28,0.165,COMPRESSION,29,218.0,0.79,0.465,COMPRESSION,79,279.0,73,15,BEAR_REJECTION_PENDING,SHORT,100.0,CONVICTION,HOSTILE,1.6985,FALLING
2026-09-10,GXO,6.0,3.965,2.926,CONVICTION,397,1366.0,0.51,0.376,COMPRESSION,51,545.0,21,12,BEAR_REJECTION_PENDING,SHORT,74.9,CONVICTION,HOSTILE,1.355,RISING
2026-09-10,AIAI,6.0,0.07,0.073,COMPRESSION,8,1345.0,0.01,0.01,MINOR,2,88.0,45,4,BEAR_REJECTION_PENDING,SHORT,50.0,MARGINAL,HOSTILE,0.9564,NEUTRAL
2026-09-10,ALGT,6.0,0.78,0.22,COMPRESSION,79,143.0,0.08,0.023,COMPRESSION,9,1106.0,44,33,BEAR_REJECTION_PENDING,SHORT,83.7,CONVICTION,HOSTILE,3.5396,RISING
2026-09-10,AMTM,6.0,0.175,0.27,MINOR,18,1282.0,0.02,0.031,MINOR,2,67.0,49,9,BEAR_REJECTION_PENDING,SHORT,63.8,CONVICTION,HOSTILE,0.647,FALLING
2026-09-10,ALNY,6.0,1.0,0.088,CONVICTION,100,41.0,1.708,0.151,CONVICTION,171,566.0,18,37,BEAR_REJECTION_PENDING,SHORT,68.0,CONVICTION,HOSTILE,11.3063,RISING
2026-09-10,BGC,6.0,0.005,0.012,MINOR,1,90.0,0.245,0.608,COMPRESSION,25,874.0,4,38,BEAR_REJECTION_PENDING,SHORT,62.9,CONVICTION,HOSTILE,0.4028,FALLING
2026-09-10,AXGN,6.0,0.18,0.075,COMPRESSION,18,905.0,0.57,0.236,COMPRESSION,58,950.0,76,24,BEAR_REJECTION_PENDING,SHORT,62.0,CONVICTION,HOSTILE,2.4156,FALLING
2026-09-10,BEAM,6.0,2.06,1.105,CONVICTION,206,474.0,0.025,0.013,COMPRESSION,3,339.0,37,11,BEAR_REJECTION_PENDING,SHORT,74.3,CONVICTION,HOSTILE,1.8644,FALLING
2026-09-10,BNTX,6.0,1.77,0.384,CONVICTION,178,110.0,0.16,0.035,COMPRESSION,16,49.0,66,62,BEAR_REJECTION_PENDING,SHORT,90.4,CONVICTION,HOSTILE,4.6115,FALLING
2026-09-10,CX,6.0,0.03,0.115,COMPRESSION,3,415.0,0.09,0.344,MINOR,9,166.0,35,23,BEAR_REJECTION_PENDING,SHORT,70.6,CONVICTION,HOSTILE,0.262,RISING
2026-09-10,CDNA,6.0,0.155,0.062,MINOR,16,142.0,2.98,1.194,CONVICTION,298,671.0,5,21,BEAR_REJECTION_PENDING,SHORT,52.0,MARGINAL,HOSTILE,2.495,NEUTRAL
2026-09-10,DE,6.0,4.82,0.209,CONVICTION,482,148.0,17.67,0.766,CONVICTION,1767,431.0,35,63,BEAR_REJECTION_PENDING,SHORT,62.0,CONVICTION,HOSTILE,23.0718,RISING
2026-09-10,DXCM,6.0,1.31,0.549,CONVICTION,132,323.0,5.34,2.239,CONVICTION,534,477.0,62,14,BEAR_REJECTION_PENDING,SHORT,80.8,CONVICTION,HOSTILE,2.3854,NEUTRAL
2026-09-10,DJT,6.0,0.01,0.019,MINOR,1,861.0,0.15,0.29,MINOR,16,241.0,32,23,BEAR_REJECTION_PENDING,SHORT,40.0,MARGINAL,HOSTILE,0.5178,NEUTRAL
2026-09-10,EZPW,6.0,0.11,0.069,MINOR,11,193.0,0.03,0.019,COMPRESSION,4,1248.0,15,46,BEAR_REJECTION_PENDING,SHORT,49.3,MARGINAL,HOSTILE,1.587,RISING
2026-09-10,FCFS,6.0,1.42,0.149,VACUUM,143,336.0,2.58,0.271,CONVICTION,259,206.0,25,69,BEAR_REJECTION_PENDING,SHORT,52.0,MARGINAL,HOSTILE,9.5202,RISING
2026-09-10,GOF,6.0,0.03,0.102,COMPRESSION,4,119.0,0.005,0.017,MINOR,1,97.0,103,9,BEAR_REJECTION_PENDING,SHORT,68.0,CONVICTION,HOSTILE,0.2944,FALLING
2026-09-10,LMND,6.0,0.55,0.251,COMPRESSION,55,101.0,0.005,0.002,MINOR,1,57.0,71,24,BEAR_REJECTION_PENDING,SHORT,56.6,MARGINAL,HOSTILE,2.1922,NEUTRAL
2026-09-10,IBKR,6.0,0.86,0.265,COMPRESSION,86,164.0,0.17,0.052,COMPRESSION,18,253.0,80,31,BEAR_REJECTION_PENDING,SHORT,60.1,CONVICTION,HOSTILE,3.2436,FALLING
2026-09-10,FUTU,6.0,1.45,0.262,CONVICTION,146,284.0,2.51,0.453,CONVICTION,252,1292.0,89,51,BEAR_REJECTION_PENDING,SHORT,95.7,CONVICTION,HOSTILE,5.5355,RISING
2026-09-10,LULU,6.0,0.03,0.005,COMPRESSION,4,69.0,0.1,0.016,MINOR,10,20.0,29,12,BEAR_REJECTION_PENDING,SHORT,100.0,CONVICTION,HOSTILE,6.1277,FALLING
2026-09-10,OSIS,6.0,0.51,0.061,COMPRESSION,52,384.0,2.03,0.242,VACUUM,204,388.0,41,4,BEAR_REJECTION_PENDING,SHORT,62.0,CONVICTION,HOSTILE,8.3804,RISING
2026-09-10,NVAX,6.0,0.079,0.12,COMPRESSION,8,152.0,0.2,0.305,COMPRESSION,21,811.0,18,34,BEAR_REJECTION_PENDING,SHORT,65.5,CONVICTION,HOSTILE,0.6562,RISING
2026-09-10,PAY,6.0,0.58,0.351,COMPRESSION,59,308.0,0.2,0.121,COMPRESSION,20,231.0,39,32,BEAR_REJECTION_PENDING,SHORT,78.9,CONVICTION,HOSTILE,1.6538,NEUTRAL
2026-09-10,TFX,6.0,1.29,0.314,CONVICTION,129,69.0,1.87,0.455,CONVICTION,188,1139.0,35,31,BEAR_REJECTION_PENDING,SHORT,67.5,CONVICTION,HOSTILE,4.1132,NEUTRAL
2026-09-10,ROBN,6.0,0.0047,0.001,COMPRESSION,1,93.0,0.17,0.04,COMPRESSION,18,35.0,68,49,BEAR_REJECTION_PENDING,SHORT,62.0,CONVICTION,HOSTILE,4.2781,NEUTRAL
2026-09-10,SDOT,6.0,0.05,0.012,MINOR,6,1164.0,0.16,0.039,COMPRESSION,17,651.0,44,10,BEAR_REJECTION_PENDING,SHORT,62.0,CONVICTION,HOSTILE,4.0581,NEUTRAL
2026-09-10,TMC,6.0,0.11,0.319,COMPRESSION,12,718.0,0.13,0.377,COMPRESSION,13,509.0,47,27,BEAR_REJECTION_PENDING,SHORT,54.0,MARGINAL,HOSTILE,0.3446,FALLING
2026-09-10,UEC,6.0,0.09,0.119,COMPRESSION,9,594.0,0.06,0.079,COMPRESSION,7,17.0,48,36,BEAR_REJECTION_PENDING,SHORT,46.0,MARGINAL,HOSTILE,0.7557,FALLING
2026-09-10,UCTT,6.0,1.79,0.434,CONVICTION,180,5.0,1.73,0.42,CONVICTION,173,59.0,26,45,BEAR_REJECTION_PENDING,SHORT,74.6,CONVICTION,HOSTILE,4.1197,RISING
2026-09-10,URA,6.0,0.495,0.287,COMPRESSION,50,705.0,0.99,0.573,CONVICTION,100,296.0,50,81,BEAR_REJECTION_PENDING,SHORT,59.3,MARGINAL,HOSTILE,1.7271,RISING
2026-09-10,URNM,6.0,0.24,0.108,COMPRESSION,25,30.0,1.44,0.648,CONVICTION,144,79.0,65,71,BEAR_REJECTION_PENDING,SHORT,46.0,MARGINAL,HOSTILE,2.2235,FALLING
2026-09-10,USDE,6.0,0.01,0.006,MINOR,1,854.0,0.52,0.29,COMPRESSION,52,1047.0,31,8,BEAR_REJECTION_PENDING,SHORT,52.0,MARGINAL,HOSTILE,1.7949,NEUTRAL
2026-09-10,VPG,6.0,1.61,0.477,CONVICTION,161,317.0,1.19,0.353,CONVICTION,119,1173.0,31,27,BEAR_REJECTION_PENDING,SHORT,89.0,CONVICTION,HOSTILE,3.3753,RISING
2026-09-10,ZTS,6.0,1.01,0.468,CONVICTION,102,133.0,0.06,0.028,COMPRESSION,7,35.0,50,9,BEAR_REJECTION_PENDING,SHORT,95.9,CONVICTION,HOSTILE,2.1576,RISING
2026-09-10,RH,6.0,1.5,0.203,CONVICTION,150,497.0,0.36,0.049,COMPRESSION,36,1311.0,63,11,BEAR_REJECTION_PENDING,SHORT,62.0,CONVICTION,HOSTILE,7.3716,RISING
2026-09-10,POOL,6.0,1.53,0.316,CONVICTION,154,324.0,0.045,0.009,MINOR,5,14.0,72,18,BEAR_REJECTION_PENDING,SHORT,50.0,MARGINAL,HOSTILE,4.8384,NEUTRAL
2026-09-10,LII,6.0,0.77,0.07,COMPRESSION,77,1210.0,0.12,0.011,MINOR,13,47.0,60,8,BEAR_REJECTION_PENDING,SHORT,62.0,CONVICTION,HOSTILE,10.9372,RISING
2026-09-10,LGCL,6.0,0.09,0.053,MINOR,9,760.0,0.0498,0.029,MINOR,5,3.0,50,3,BEAR_REJECTION_PENDING,SHORT,73.2,CONVICTION,HOSTILE,1.6983,FALLING
2026-09-10,MDA,6.0,0.12,0.101,COMPRESSION,12,508.0,1.16,0.977,CONVICTION,117,773.0,32,44,BEAR_REJECTION_PENDING,SHORT,58.3,MARGINAL,HOSTILE,1.1874,RISING
2026-09-10,BTCT,6.0,0.05,0.105,COMPRESSION,6,1176.0,0.6333,1.335,COMPRESSION,64,392.0,39,11,BEAR_REJECTION_PENDING,SHORT,62.0,CONVICTION,HOSTILE,0.4745,NEUTRAL
2026-09-10,DXST,6.0,0.3,1.709,COMPRESSION,31,140.0,0.04,0.228,COMPRESSION,5,1084.0,12,9,BEAR_REJECTION_PENDING,SHORT,75.0,CONVICTION,HOSTILE,0.1755,NEUTRAL
2026-09-10,XPON,6.0,0.05,0.028,MINOR,5,679.0,0.0153,0.009,MINOR,2,234.0,26,2,BEAR_REJECTION_PENDING,SHORT,58.0,MARGINAL,HOSTILE,1.7812,NEUTRAL
2026-09-10,NCTY,6.0,0.05,0.065,COMPRESSION,5,574.0,0.08,0.103,COMPRESSION,9,1279.0,19,6,BEAR_REJECTION_PENDING,SHORT,62.0,CONVICTION,HOSTILE,0.7745,NEUTRAL
2026-09-10,XRPT,6.0,0.54,0.109,MINOR,54,10.0,0.62,0.125,MINOR,62,89.0,91,60,BEAR_REJECTION_PENDING,SHORT,71.7,CONVICTION,HOSTILE,4.9438,RISING
2026-09-10,AEO,6.0,0.11,0.161,MINOR,11,1452.0,0.03,0.044,COMPRESSION,3,937.0,13,2,BEAR_REJECTION_PENDING,SHORT,38.0,MARGINAL,HOSTILE,0.682,NEUTRAL
2026-09-10,XXRP,6.0,0.4968,0.106,MINOR,50,136.0,1.9,0.407,VACUUM,190,493.0,95,60,BEAR_REJECTION_PENDING,SHORT,63.8,CONVICTION,HOSTILE,4.6717,RISING
2026-09-10,UXRP,6.0,0.03,0.013,MINOR,3,362.0,0.68,0.305,MINOR,68,814.0,81,51,BEAR_REJECTION_PENDING,SHORT,62.0,CONVICTION,HOSTILE,2.2284,RISING
2026-09-10,CART,6.0,0.445,0.277,COMPRESSION,45,767.0,0.27,0.168,COMPRESSION,27,429.0,29,32,BEAR_REJECTION_PENDING,SHORT,59.8,MARGINAL,HOSTILE,1.6068,FALLING
2026-09-10,CNK,6.0,0.23,0.192,COMPRESSION,23,500.0,0.97,0.812,COMPRESSION,97,1133.0,48,25,BEAR_REJECTION_PENDING,SHORT,60.8,CONVICTION,HOSTILE,1.1949,NEUTRAL
2026-09-10,BEX,6.0,1.845,0.508,CONVICTION,185,1411.0,0.15,0.041,MINOR,16,880.0,53,18,BEAR_REJECTION_PENDING,SHORT,61.4,CONVICTION,HOSTILE,3.6294,RISING
2026-09-10,DASH,6.0,2.79,0.343,CONVICTION,279,551.0,1.18,0.145,CONVICTION,119,630.0,57,33,BEAR_REJECTION_PENDING,SHORT,93.8,CONVICTION,HOSTILE,8.1258,FALLING
2026-09-10,DLTR,6.0,0.97,0.173,COMPRESSION,98,364.0,1.445,0.258,CONVICTION,145,296.0,76,27,BEAR_REJECTION_PENDING,SHORT,83.5,CONVICTION,HOSTILE,5.6083,FALLING
2026-09-10,ETSY,6.0,0.43,0.121,COMPRESSION,44,711.0,1.51,0.426,CONVICTION,151,6.0,67,19,BEAR_REJECTION_PENDING,SHORT,88.1,CONVICTION,HOSTILE,3.5461,FALLING
2026-09-10,GGAL,6.0,0.28,0.157,MINOR,29,807.0,0.26,0.145,COMPRESSION,26,447.0,15,50,BEAR_REJECTION_PENDING,SHORT,58.0,MARGINAL,HOSTILE,1.7873,NEUTRAL
2026-09-10,FLO,6.0,0.01,0.033,COMPRESSION,1,113.0,0.005,0.016,MINOR,1,97.0,50,1,BEAR_REJECTION_PENDING,SHORT,68.0,CONVICTION,HOSTILE,0.304,FALLING
2026-09-10,OR,6.0,0.12,0.088,COMPRESSION,13,368.0,0.17,0.124,COMPRESSION,18,652.0,35,40,BEAR_REJECTION_PENDING,SHORT,65.4,CONVICTION,HOSTILE,1.3695,FALLING
2026-09-10,NVDQ,6.0,0.08,0.126,COMPRESSION,9,521.0,0.05,0.079,COMPRESSION,6,151.0,48,32,BEAR_REJECTION_PENDING,SHORT,98.8,CONVICTION,HOSTILE,0.6326,FALLING
2026-09-10,RLAY,6.0,0.225,0.246,MINOR,23,364.0,0.015,0.016,COMPRESSION,2,247.0,19,17,BEAR_REJECTION_PENDING,SHORT,59.4,MARGINAL,HOSTILE,0.9159,NEUTRAL
2026-09-10,SGHC,6.0,0.03,0.071,COMPRESSION,3,1147.0,0.1,0.235,MINOR,10,459.0,16,31,BEAR_REJECTION_PENDING,SHORT,58.2,MARGINAL,HOSTILE,0.425,NEUTRAL
2026-09-10,TNGX,6.0,0.025,0.017,MINOR,3,912.0,0.29,0.192,COMPRESSION,29,447.0,28,24,BEAR_REJECTION_PENDING,SHORT,64.0,CONVICTION,HOSTILE,1.5123,NEUTRAL
2026-09-10,VRSN,6.0,0.85,0.111,COMPRESSION,85,77.0,1.31,0.171,CONVICTION,132,304.0,35,70,BEAR_REJECTION_PENDING,SHORT,71.8,CONVICTION,HOSTILE,7.6558,RISING
2026-09-10,YOU,6.0,0.34,0.218,COMPRESSION,35,84.0,6.59,4.234,CONVICTION,660,662.0,49,1,BEAR_REJECTION_PENDING,SHORT,38.0,MARGINAL,HOSTILE,1.5564,RISING
2026-09-10,VERA,6.0,0.44,0.253,COMPRESSION,44,217.0,1.3,0.747,CONVICTION,131,824.0,46,29,BEAR_REJECTION_PENDING,SHORT,65.6,CONVICTION,HOSTILE,1.7411,RISING
2026-09-10,ESAB,6.0,0.68,0.261,COMPRESSION,69,422.0,,,,,,60,0,BEAR_REJECTION_PENDING,SHORT,100.0,CONVICTION,HOSTILE,2.6053,FALLING
2026-09-10,MAIR,6.0,0.25,0.166,COMPRESSION,25,266.0,0.025,0.017,MINOR,3,133.0,48,1,BEAR_REJECTION_PENDING,SHORT,81.6,CONVICTION,HOSTILE,1.5078,FALLING
2026-09-10,OLN,6.0,0.17,0.255,MINOR,18,444.0,0.09,0.135,COMPRESSION,9,105.0,28,9,BEAR_REJECTION_PENDING,SHORT,64.8,CONVICTION,HOSTILE,0.6664,RISING
2026-09-10,WVVIP,6.0,0.01,0.008,COMPRESSION,1,453.0,0.01,0.008,MINOR,2,340.0,41,8,BEAR_REJECTION_PENDING,SHORT,68.8,CONVICTION,HOSTILE,1.276,NEUTRAL
2026-09-10,PSNYW,6.0,0.17,0.156,COMPRESSION,17,1338.0,0.99,0.911,COMPRESSION,99,1244.0,35,2,BEAR_REJECTION_PENDING,SHORT,73.4,CONVICTION,HOSTILE,1.0871,RISING
2026-09-10,DAIC,6.0,0.03,0.024,COMPRESSION,4,585.0,0.0162,0.013,MINOR,2,49.0,22,4,BEAR_REJECTION_PENDING,SHORT,52.0,MARGINAL,HOSTILE,1.2446,NEUTRAL
2026-09-10,AMIX,6.0,0.02,0.024,MINOR,2,66.0,1.565,1.882,CONVICTION,157,496.0,39,3,BEAR_REJECTION_PENDING,SHORT,62.0,CONVICTION,HOSTILE,0.8315,NEUTRAL
2026-09-10,SWVL,6.0,0.04,0.049,MINOR,5,14.0,0.02,0.025,MINOR,2,1186.0,9,39,BEAR_REJECTION_PENDING,SHORT,55.4,MARGINAL,HOSTILE,0.8103,NEUTRAL
2026-09-10,ACHC,6.0,0.01,0.007,MINOR,2,142.0,0.17,0.124,COMPRESSION,17,1089.0,30,29,BEAR_REJECTION_PENDING,SHORT,73.7,CONVICTION,HOSTILE,1.3732,NEUTRAL
2026-09-10,JEM,6.0,0.01,0.012,MINOR,1,344.0,0.0451,0.056,MINOR,5,418.0,25,22,BEAR_REJECTION_PENDING,SHORT,62.0,CONVICTION,HOSTILE,0.8017,NEUTRAL
2026-09-10,BBD,6.0,0.05,0.464,COMPRESSION,5,294.0,0.07,0.649,COMPRESSION,7,235.0,52,35,BEAR_REJECTION_PENDING,SHORT,47.9,MARGINAL,HOSTILE,0.1078,RISING
2026-09-10,BNS,6.0,0.56,0.266,COMPRESSION,57,18.0,0.88,0.418,COMPRESSION,89,786.0,41,55,BEAR_REJECTION_PENDING,SHORT,77.3,CONVICTION,HOSTILE,2.1028,FALLING
2026-09-10,EXEL,6.0,0.07,0.047,MINOR,8,74.0,0.32,0.215,COMPRESSION,33,192.0,18,76,BEAR_REJECTION_PENDING,SHORT,58.0,MARGINAL,HOSTILE,1.4873,RISING
2026-09-10,EYE,6.0,0.19,0.237,COMPRESSION,20,1162.0,1.62,2.02,CONVICTION,162,1268.0,13,26,BEAR_REJECTION_PENDING,SHORT,53.9,MARGINAL,HOSTILE,0.8021,RISING
2026-09-10,CDNS,6.0,1.36,0.113,CONVICTION,137,205.0,7.27,0.602,CONVICTION,728,703.0,50,13,BEAR_REJECTION_PENDING,SHORT,100.0,CONVICTION,HOSTILE,12.0811,FALLING
2026-09-10,GENB,6.0,0.1,0.06,COMPRESSION,10,174.0,0.3,0.18,COMPRESSION,31,567.0,26,23,BEAR_REJECTION_PENDING,SHORT,66.3,CONVICTION,HOSTILE,1.6671,NEUTRAL
2026-09-10,INBX,6.0,3.95,0.382,CONVICTION,396,373.0,0.495,0.048,MINOR,50,1106.0,39,11,BEAR_REJECTION_PENDING,SHORT,64.0,CONVICTION,HOSTILE,10.3391,FALLING
2026-09-10,IMMX,6.0,0.13,0.163,COMPRESSION,14,454.0,0.18,0.226,COMPRESSION,18,446.0,52,23,BEAR_REJECTION_PENDING,SHORT,67.4,CONVICTION,HOSTILE,0.7971,FALLING
2026-09-10,GDXJ,6.0,1.94,0.407,CONVICTION,194,580.0,1.21,0.254,CONVICTION,121,787.0,34,74,BEAR_REJECTION_PENDING,SHORT,85.7,CONVICTION,HOSTILE,4.7686,FALLING
2026-09-10,LOPE,6.0,0.7,0.181,COMPRESSION,71,938.0,0.33,0.085,COMPRESSION,33,213.0,26,22,BEAR_REJECTION_PENDING,SHORT,64.5,CONVICTION,HOSTILE,3.8736,RISING
2026-09-10,KRYS,6.0,6.98,0.587,CONVICTION,699,91.0,6.79,0.571,CONVICTION,680,244.0,36,58,BEAR_REJECTION_PENDING,SHORT,58.0,MARGINAL,HOSTILE,11.8943,RISING
2026-09-10,MCK,6.0,10.23,0.477,CONVICTION,1024,217.0,1.98,0.092,CONVICTION,199,340.0,45,56,BEAR_REJECTION_PENDING,SHORT,60.8,CONVICTION,HOSTILE,21.4401,RISING
2026-09-10,NLR,6.0,1.87,0.464,CONVICTION,188,703.0,1.83,0.454,CONVICTION,183,83.0,46,89,CHANNEL_BREAKDOWN_SHORT,SHORT,28.0,MARGINAL,HOSTILE,4.0291,RISING
2026-09-10,QGEN,6.0,0.39,0.302,COMPRESSION,40,228.0,1.09,0.843,CONVICTION,109,981.0,46,57,BEAR_REJECTION_PENDING,SHORT,62.0,CONVICTION,HOSTILE,1.2932,RISING
2026-09-10,QFIN,6.0,0.02,0.034,COMPRESSION,2,615.0,0.0045,0.008,MINOR,1,87.0,30,24,BEAR_REJECTION_PENDING,SHORT,70.5,CONVICTION,HOSTILE,0.5874,FALLING
2026-09-10,REAX,6.0,0.23,0.092,COMPRESSION,24,1288.0,0.005,0.002,COMPRESSION,1,14.0,25,31,BEAR_REJECTION_PENDING,SHORT,58.0,MARGINAL,HOSTILE,2.5,FALLING
2026-09-10,SE,6.0,0.96,0.232,COMPRESSION,96,401.0,0.72,0.174,COMPRESSION,72,1397.0,98,21,CHANNEL_BREAKDOWN_SHORT,SHORT,38.0,MARGINAL,HOSTILE,4.1346,NEUTRAL
2026-09-10,SIL,6.0,1.67,0.44,CONVICTION,168,434.0,0.55,0.145,COMPRESSION,55,1114.0,13,90,BEAR_REJECTION_PENDING,SHORT,58.0,MARGINAL,HOSTILE,3.7971,FALLING
2026-09-10,SNPS,6.0,176.57,9.87,CONVICTION,17657,878.0,1.91,0.107,CONVICTION,192,390.0,65,21,BEAR_REJECTION_PENDING,SHORT,84.7,CONVICTION,HOSTILE,17.8904,RISING
2026-09-10,SILJ,6.0,0.05,0.041,COMPRESSION,5,712.0,0.74,0.612,COMPRESSION,75,287.0,28,63,BEAR_REJECTION_PENDING,SHORT,34.0,MARGINAL,HOSTILE,1.2092,FALLING
2026-09-10,VCYT,6.0,0.46,0.26,COMPRESSION,47,105.0,0.34,0.192,COMPRESSION,34,219.0,25,47,BEAR_REJECTION_PENDING,SHORT,77.8,CONVICTION,HOSTILE,1.7686,FALLING
2026-09-10,VNET,6.0,0.75,2.029,COMPRESSION,75,819.0,0.06,0.162,COMPRESSION,6,402.0,32,19,BEAR_REJECTION_PENDING,SHORT,60.7,CONVICTION,HOSTILE,0.3696,RISING
2026-09-10,UNG,6.0,0.19,0.666,COMPRESSION,20,280.0,0.005,0.018,MINOR,1,35.0,70,8,BEAR_REJECTION_PENDING,SHORT,72.8,CONVICTION,HOSTILE,0.2854,RISING
2026-09-10,XME,6.0,0.02,0.006,COMPRESSION,2,17.0,1.19,0.331,CONVICTION,119,158.0,47,84,BEAR_REJECTION_PENDING,SHORT,81.5,CONVICTION,HOSTILE,3.5949,RISING
2026-09-10,TRUG,6.0,0.0052,0.053,MINOR,1,25.0,0.0007,0.007,COMPRESSION,1,630.0,5,20,BEAR_REJECTION_PENDING,SHORT,52.0,MARGINAL,HOSTILE,0.0981,RISING
2026-09-10,RDIB,6.0,0.53,0.147,COMPRESSION,53,799.0,3.13,0.867,CONVICTION,314,568.0,15,11,BEAR_REJECTION_PENDING,SHORT,52.0,MARGINAL,HOSTILE,3.6113,NEUTRAL
2026-09-10,XPEV,6.0,0.021,0.051,COMPRESSION,3,282.0,0.78,1.882,COMPRESSION,78,272.0,55,2,BEAR_REJECTION_PENDING,SHORT,53.8,MARGINAL,HOSTILE,0.4144,FALLING
2026-09-10,RITR,6.0,0.0088,0.383,MINOR,1,828.0,0.0002,0.009,MINOR,1,163.0,9,12,BEAR_REJECTION_PENDING,SHORT,52.0,MARGINAL,HOSTILE,0.023,NEUTRAL
2026-09-10,BRNX,6.0,0.07,0.053,MINOR,7,247.0,0.035,0.026,COMPRESSION,4,41.0,14,16,BEAR_REJECTION_PENDING,SHORT,73.3,CONVICTION,HOSTILE,1.3261,
2026-09-10,AAON,6.0,0.87,0.266,COMPRESSION,88,196.0,0.495,0.151,COMPRESSION,50,578.0,35,17,BEAR_REJECTION_PENDING,SHORT,44.0,MARGINAL,HOSTILE,3.2709,NEUTRAL
2026-09-10,AROC,6.0,0.6,0.547,COMPRESSION,61,667.0,0.24,0.219,COMPRESSION,25,9.0,25,41,BEAR_REJECTION_PENDING,SHORT,25.5,MARGINAL,HOSTILE,1.0959,RISING
2026-09-10,BBWI,6.0,0.28,0.27,COMPRESSION,28,467.0,0.295,0.284,COMPRESSION,30,1088.0,53,7,BEAR_REJECTION_PENDING,SHORT,59.1,MARGINAL,HOSTILE,1.0372,RISING
2026-09-10,BHVN,6.0,0.17,0.123,MINOR,17,460.0,1.07,0.774,CONVICTION,108,1227.0,28,8,BEAR_REJECTION_PENDING,SHORT,73.0,CONVICTION,HOSTILE,1.3821,FALLING
2026-09-10,DTM,6.0,1.6,0.437,CONVICTION,160,1033.0,1.01,0.276,CONVICTION,101,557.0,41,44,BEAR_REJECTION_PENDING,SHORT,46.0,MARGINAL,HOSTILE,3.6629,FALLING
2026-09-10,DVA,6.0,2.68,0.57,CONVICTION,269,132.0,12.24,2.601,CONVICTION,1225,779.0,24,50,BEAR_REJECTION_PENDING,SHORT,77.8,CONVICTION,HOSTILE,4.7051,RISING
2026-09-10,FFIV,6.0,3.52,0.291,VACUUM,352,89.0,12.76,1.055,CONVICTION,1276,724.0,20,50,BEAR_REJECTION_PENDING,SHORT,76.5,CONVICTION,HOSTILE,12.0922,NEUTRAL
2026-09-10,GEV,6.0,10.46,0.296,CONVICTION,1047,298.0,12.48,0.353,CONVICTION,1249,1383.0,46,32,BEAR_REJECTION_PENDING,SHORT,44.0,MARGINAL,HOSTILE,35.3054,RISING
2026-09-10,IOT,6.0,0.64,0.267,COMPRESSION,65,210.0,0.31,0.129,COMPRESSION,31,799.0,30,28,BEAR_REJECTION_PENDING,SHORT,73.0,CONVICTION,HOSTILE,2.3945,RISING
2026-09-10,IPGP,6.0,1.6,0.508,CONVICTION,160,573.0,1.21,0.384,CONVICTION,121,135.0,19,52,BEAR_REJECTION_PENDING,SHORT,61.8,CONVICTION,HOSTILE,3.1485,FALLING
2026-09-10,KMI,6.0,0.06,0.073,COMPRESSION,6,642.0,0.18,0.219,COMPRESSION,18,1095.0,17,17,BEAR_REJECTION_PENDING,SHORT,46.0,MARGINAL,HOSTILE,0.8214,FALLING
2026-09-10,LECO,6.0,3.34,0.419,CONVICTION,335,235.0,1.75,0.219,CONVICTION,175,312.0,68,29,BEAR_REJECTION_PENDING,SHORT,52.0,MARGINAL,HOSTILE,7.9775,RISING
2026-09-10,MLI,6.0,0.2,0.112,MINOR,21,314.0,0.34,0.191,COMPRESSION,34,666.0,29,71,BEAR_REJECTION_PENDING,SHORT,53.6,MARGINAL,HOSTILE,1.7828,RISING
2026-09-10,LNG,6.0,6.0,0.744,CONVICTION,600,177.0,1.79,0.222,CONVICTION,180,86.0,41,54,BEAR_REJECTION_PENDING,SHORT,67.0,CONVICTION,HOSTILE,8.0604,RISING
2026-09-10,MSFU,6.0,0.98,0.663,COMPRESSION,98,54.0,1.66,1.123,CONVICTION,167,509.0,43,26,BEAR_REJECTION_PENDING,SHORT,82.2,CONVICTION,HOSTILE,1.4783,NEUTRAL
2026-09-10,MYRG,6.0,3.27,0.266,CONVICTION,327,724.0,2.13,0.173,CONVICTION,213,392.0,30,20,BEAR_REJECTION_PENDING,SHORT,64.0,CONVICTION,HOSTILE,12.2967,FALLING
2026-09-10,OKE,6.0,1.58,0.608,CONVICTION,158,739.0,0.67,0.258,COMPRESSION,68,46.0,31,34,BEAR_REJECTION_PENDING,SHORT,75.0,CONVICTION,HOSTILE,2.5969,RISING
2026-09-10,NTAP,6.0,1.33,0.162,CONVICTION,134,328.0,31.89,3.896,CONVICTION,3189,573.0,43,13,BEAR_REJECTION_PENDING,SHORT,52.0,MARGINAL,HOSTILE,8.1853,NEUTRAL
2026-09-10,PAA,6.0,,,,,,0.1,0.209,COMPRESSION,11,86.0,0,48,,,,NONE,HOSTILE,0.4786,RISING
2026-09-10,PAGP,6.0,0.12,0.213,COMPRESSION,12,18.0,0.01,0.018,COMPRESSION,2,866.0,3,65,BEAR_REJECTION_PENDING,SHORT,68.8,CONVICTION,HOSTILE,0.5637,FALLING
2026-09-10,PVH,6.0,0.19,0.059,COMPRESSION,20,1035.0,0.34,0.106,COMPRESSION,34,258.0,74,10,BEAR_REJECTION_PENDING,SHORT,52.3,MARGINAL,HOSTILE,3.2048,FALLING
2026-09-10,RBC,6.0,1.7,0.132,CONVICTION,171,16.0,1.65,0.129,CONVICTION,165,1485.0,70,18,BEAR_REJECTION_PENDING,SHORT,44.0,MARGINAL,HOSTILE,12.8396,FALLING
2026-09-10,SANM,6.0,6.41,0.773,CONVICTION,641,46.0,1.38,0.166,CONVICTION,138,306.0,34,58,BEAR_REJECTION_PENDING,SHORT,66.0,CONVICTION,HOSTILE,8.2964,RISING
2026-09-10,SHLS,6.0,0.1,0.234,COMPRESSION,10,1419.0,0.3,0.703,COMPRESSION,31,365.0,22,20,BEAR_REJECTION_PENDING,SHORT,50.6,MARGINAL,HOSTILE,0.4269,RISING
2026-09-10,TRGP,6.0,0.28,0.037,MINOR,28,98.0,1.06,0.14,CONVICTION,107,499.0,29,42,BEAR_REJECTION_PENDING,SHORT,52.0,MARGINAL,HOSTILE,7.5589,RISING
2026-09-10,TECL,6.0,28.6,3.167,CONVICTION,2860,179.0,1.88,0.208,CONVICTION,188,17.0,32,76,BEAR_REJECTION_PENDING,SHORT,52.0,MARGINAL,HOSTILE,9.0296,RISING
2026-09-10,URBN,6.0,1.18,0.351,VACUUM,119,86.0,1.34,0.399,CONVICTION,135,433.0,45,17,BEAR_REJECTION_PENDING,SHORT,85.3,CONVICTION,HOSTILE,3.3576,FALLING
2026-09-10,TWLO,6.0,3.95,0.431,CONVICTION,395,42.0,2.145,0.234,CONVICTION,215,1253.0,58,27,BEAR_REJECTION_PENDING,SHORT,96.1,CONVICTION,HOSTILE,9.1742,FALLING
2026-09-10,TTMI,6.0,5.37,0.764,CONVICTION,538,789.0,0.18,0.026,COMPRESSION,18,492.0,31,55,BEAR_REJECTION_PENDING,SHORT,59.7,MARGINAL,HOSTILE,7.028,RISING
2026-09-10,WERN,6.0,0.26,0.184,COMPRESSION,26,89.0,0.07,0.05,COMPRESSION,8,321.0,19,48,BEAR_REJECTION_PENDING,SHORT,64.2,CONVICTION,HOSTILE,1.41,NEUTRAL
2026-09-10,VCTR,6.0,1.35,0.34,CONVICTION,136,46.0,0.32,0.081,COMPRESSION,32,1118.0,53,22,BEAR_REJECTION_PENDING,SHORT,93.0,CONVICTION,HOSTILE,3.973,FALLING
2026-09-10,WMB,6.0,0.28,0.128,COMPRESSION,29,305.0,0.55,0.252,COMPRESSION,55,76.0,23,44,BEAR_REJECTION_PENDING,SHORT,59.6,MARGINAL,HOSTILE,2.1803,RISING
2026-09-10,WSHP,6.0,0.01,0.017,MINOR,1,200.0,0.1577,0.27,COMPRESSION,16,324.0,23,26,BEAR_REJECTION_PENDING,SHORT,62.0,CONVICTION,HOSTILE,0.5839,NEUTRAL
2026-09-10,WSM,6.0,3.03,0.36,CONVICTION,304,200.0,3.5,0.416,CONVICTION,350,1385.0,47,37,BEAR_REJECTION_PENDING,SHORT,68.0,CONVICTION,HOSTILE,8.407,FALLING
2026-09-10,WSO,6.0,2.81,0.308,CONVICTION,282,87.0,0.14,0.015,MINOR,14,264.0,34,16,BEAR_REJECTION_PENDING,SHORT,34.0,MARGINAL,HOSTILE,9.1295,RISING
2026-09-10,CYCU,6.0,0.05,0.087,MINOR,5,235.0,0.1,0.175,MINOR,11,821.0,20,38,BEAR_REJECTION_PENDING,SHORT,62.2,CONVICTION,HOSTILE,0.5722,NEUTRAL
2026-09-10,NCPL,6.0,0.0274,0.124,COMPRESSION,3,1458.0,0.001,0.005,MINOR,1,625.0,18,18,BEAR_REJECTION_PENDING,SHORT,62.0,CONVICTION,HOSTILE,0.2214,RISING
2026-09-10,PPCB,6.0,0.01,0.026,MINOR,2,198.0,0.0094,0.025,MINOR,1,252.0,15,6,BEAR_REJECTION_PENDING,SHORT,62.0,CONVICTION,HOSTILE,0.3798,NEUTRAL
2026-09-10,MIMI,6.0,0.0108,0.033,COMPRESSION,2,11.0,0.0374,0.115,MINOR,4,213.0,18,21,BEAR_REJECTION_PENDING,SHORT,52.0,MARGINAL,HOSTILE,0.3244,RISING
2026-09-10,NMTC,6.0,0.07,0.26,COMPRESSION,8,451.0,0.0062,0.023,MINOR,1,778.0,16,10,BEAR_REJECTION_PENDING,SHORT,68.0,CONVICTION,HOSTILE,0.2689,FALLING
2026-09-10,CRMG,6.0,0.165,0.201,COMPRESSION,17,724.0,1.59,1.938,CONVICTION,160,829.0,72,18,BEAR_REJECTION_PENDING,SHORT,54.6,MARGINAL,HOSTILE,0.8203,RISING
2026-09-10,CRWL,6.0,1.71,0.2,CONVICTION,172,306.0,0.3227,0.038,MINOR,33,277.0,81,10,BEAR_REJECTION_PENDING,SHORT,58.0,MARGINAL,HOSTILE,8.5299,FALLING
2026-09-10,CYPH,6.0,0.01,0.027,COMPRESSION,2,83.0,0.01,0.027,MINOR,2,208.0,9,6,BEAR_REJECTION_PENDING,SHORT,52.0,MARGINAL,HOSTILE,0.3743,RISING
2026-09-10,BHF,6.0,0.13,0.096,COMPRESSION,14,216.0,0.05,0.037,COMPRESSION,5,847.0,66,4,BEAR_REJECTION_PENDING,SHORT,74.3,CONVICTION,HOSTILE,1.3522,RISING
2026-09-10,BBY,6.0,0.82,0.215,COMPRESSION,82,955.0,0.49,0.129,COMPRESSION,49,80.0,17,52,BEAR_REJECTION_PENDING,SHORT,90.7,CONVICTION,HOSTILE,3.8106,RISING
2026-09-10,AYA,6.0,0.145,0.088,MINOR,15,123.0,0.7,0.424,COMPRESSION,70,825.0,4,51,BEAR_REJECTION_PENDING,SHORT,61.5,CONVICTION,HOSTILE,1.6509,NEUTRAL
2026-09-10,AVGX,6.0,1.96,0.833,CONVICTION,197,702.0,0.23,0.098,COMPRESSION,23,1057.0,66,51,BEAR_REJECTION_PENDING,SHORT,68.0,CONVICTION,HOSTILE,2.3517,FALLING
2026-09-10,CELU,6.0,0.015,0.041,MINOR,2,709.0,0.011,0.03,MINOR,2,264.0,25,7,BEAR_REJECTION_PENDING,SHORT,52.0,MARGINAL,HOSTILE,0.3691,RISING
2026-09-10,BUG,6.0,0.47,0.304,COMPRESSION,47,12.0,0.265,0.171,COMPRESSION,27,523.0,46,36,BEAR_REJECTION_PENDING,SHORT,83.0,CONVICTION,HOSTILE,1.5481,FALLING
2026-09-10,BILI,6.0,0.395,0.655,COMPRESSION,40,690.0,0.01,0.017,MINOR,1,353.0,74,1,BEAR_REJECTION_PENDING,SHORT,69.3,CONVICTION,HOSTILE,0.6026,FALLING
2026-09-10,CIBR,6.0,0.49,0.177,COMPRESSION,50,112.0,0.11,0.04,COMPRESSION,11,6.0,44,41,BEAR_REJECTION_PENDING,SHORT,77.9,CONVICTION,HOSTILE,2.7627,FALLING
2026-09-10,HACK,6.0,1.35,0.383,CONVICTION,135,408.0,1.34,0.38,CONVICTION,134,1002.0,50,57,BEAR_REJECTION_PENDING,SHORT,64.0,CONVICTION,HOSTILE,3.5235,FALLING
2026-09-10,MTRN,6.0,6.25,0.582,CONVICTION,625,1038.0,1.89,0.176,CONVICTION,189,252.0,36,53,BEAR_REJECTION_PENDING,SHORT,54.3,MARGINAL,HOSTILE,10.7335,NEUTRAL
2026-09-10,IGV,6.0,0.82,0.284,COMPRESSION,82,205.0,2.165,0.75,CONVICTION,217,484.0,77,38,BEAR_REJECTION_PENDING,SHORT,68.0,CONVICTION,HOSTILE,2.8884,FALLING
2026-09-10,NAT,6.0,0.01,0.037,MINOR,1,82.0,0.02,0.074,COMPRESSION,2,68.0,7,47,BEAR_REJECTION_PENDING,SHORT,52.0,MARGINAL,HOSTILE,0.2721,RISING
2026-09-10,MUD,6.0,0.165,0.345,COMPRESSION,17,496.0,0.01,0.021,COMPRESSION,1,450.0,43,29,BEAR_REJECTION_PENDING,SHORT,63.9,CONVICTION,HOSTILE,0.4777,FALLING
2026-09-10,QLYS,6.0,0.75,0.099,COMPRESSION,75,138.0,3.2,0.421,CONVICTION,320,1306.0,41,22,BEAR_REJECTION_PENDING,SHORT,58.0,MARGINAL,HOSTILE,7.6069,FALLING
2026-09-10,SDRL,6.0,0.11,0.064,MINOR,11,729.0,1.23,0.717,CONVICTION,124,298.0,29,29,BEAR_REJECTION_PENDING,SHORT,68.8,CONVICTION,HOSTILE,1.7148,NEUTRAL
2026-09-10,TYL,6.0,5.0,0.37,CONVICTION,500,477.0,3.27,0.242,CONVICTION,327,447.0,73,44,BEAR_REJECTION_PENDING,SHORT,68.0,CONVICTION,HOSTILE,13.5243,FALLING
2026-09-10,TNK,6.0,,,,,,0.63,0.178,COMPRESSION,63,284.0,0,86,,,,NONE,HOSTILE,3.5316,RISING
2026-09-10,ZM,6.0,1.33,0.316,CONVICTION,133,872.0,0.07,0.017,COMPRESSION,7,14.0,77,31,BEAR_REJECTION_PENDING,SHORT,67.7,CONVICTION,HOSTILE,4.2093,RISING
2026-09-10,SOLT,6.0,1.27,0.226,CONVICTION,127,79.0,5.26,0.936,CONVICTION,527,726.0,59,38,BEAR_REJECTION_PENDING,SHORT,68.0,CONVICTION,HOSTILE,5.6222,FALLING
2026-09-10,RRX,6.0,1.4,0.267,CONVICTION,140,177.0,1.17,0.223,CONVICTION,118,767.0,53,12,BEAR_REJECTION_PENDING,SHORT,84.5,CONVICTION,HOSTILE,5.2508,RISING
2026-09-10,QNRX,6.0,0.06,0.065,MINOR,7,275.0,0.07,0.075,MINOR,7,130.0,24,13,BEAR_REJECTION_PENDING,SHORT,62.0,CONVICTION,HOSTILE,0.9282,RISING
2026-09-10,FGL,6.0,0.34,0.058,MINOR,34,608.0,,,,,,30,0,BEAR_REJECTION_PENDING,SHORT,68.0,CONVICTION,HOSTILE,5.8228,FALLING
2026-09-10,AEMD,6.0,0.03,0.096,COMPRESSION,4,842.0,,,,,,34,0,BEAR_REJECTION_PENDING,SHORT,62.0,CONVICTION,HOSTILE,0.3113,RISING
2026-09-10,SOLS,6.0,0.08,0.028,MINOR,8,188.0,0.33,0.117,MINOR,33,511.0,25,12,BEAR_REJECTION_PENDING,SHORT,43.4,MARGINAL,HOSTILE,2.8246,RISING
2026-09-10,BBW,6.0,0.24,0.099,COMPRESSION,24,351.0,0.035,0.014,COMPRESSION,4,113.0,34,2,BEAR_REJECTION_PENDING,SHORT,50.0,MARGINAL,HOSTILE,2.4343,RISING
2026-09-10,CHDN,6.0,0.59,0.213,COMPRESSION,60,616.0,0.0575,0.021,MINOR,6,35.0,70,9,BEAR_REJECTION_PENDING,SHORT,61.7,CONVICTION,HOSTILE,2.7737,RISING
2026-09-10,BTCZ,6.0,0.095,0.358,COMPRESSION,10,29.0,0.12,0.452,COMPRESSION,12,1178.0,27,37,BEAR_REJECTION_PENDING,SHORT,51.8,MARGINAL,HOSTILE,0.2657,NEUTRAL
2026-09-10,AMZU,6.0,0.48,0.291,COMPRESSION,48,306.0,1.06,0.643,CONVICTION,106,1152.0,91,31,BEAR_REJECTION_PENDING,SHORT,100.0,CONVICTION,HOSTILE,1.6475,FALLING
2026-09-10,CHEF,,0.185,0.049,MINOR,19,434.0,1.02,0.272,CONVICTION,102,1171.0,36,29,BEAR_REJECTION_PENDING,SHORT,52.0,MARGINAL,HOSTILE,3.7529,NEUTRAL
2026-09-10,CHKP,6.0,1.99,0.454,CONVICTION,200,78.0,2.75,0.627,CONVICTION,275,1219.0,17,32,BEAR_REJECTION_PENDING,SHORT,82.0,CONVICTION,HOSTILE,4.3859,NEUTRAL
2026-09-10,DAR,6.0,0.025,0.008,MINOR,3,244.0,1.13,0.342,CONVICTION,114,161.0,9,26,BEAR_REJECTION_PENDING,SHORT,52.0,MARGINAL,HOSTILE,3.3024,RISING
2026-09-10,GFL,6.0,0.14,0.115,MINOR,15,10.0,2.27,1.866,CONVICTION,228,536.0,14,48,BEAR_REJECTION_PENDING,SHORT,52.0,MARGINAL,HOSTILE,1.2167,RISING
2026-09-10,DUST,6.0,1.46,0.653,CONVICTION,146,504.0,0.01,0.004,COMPRESSION,1,678.0,39,38,BEAR_REJECTION_PENDING,SHORT,62.8,CONVICTION,HOSTILE,2.2369,RISING
2026-09-10,GDXD,6.0,1.145,0.656,CONVICTION,115,848.0,0.02,0.011,COMPRESSION,3,905.0,39,46,BEAR_REJECTION_PENDING,SHORT,83.9,CONVICTION,HOSTILE,1.7448,RISING
2026-09-10,GGLL,6.0,1.66,0.409,CONVICTION,166,290.0,2.985,0.735,CONVICTION,299,129.0,92,23,BEAR_REJECTION_PENDING,SHORT,75.8,CONVICTION,HOSTILE,4.0631,RISING
2026-09-10,GLL,6.0,1.06,1.294,CONVICTION,106,264.0,0.37,0.452,COMPRESSION,37,36.0,39,83,BEAR_REJECTION_PENDING,SHORT,72.7,CONVICTION,HOSTILE,0.819,RISING
2026-09-10,PD,6.0,0.08,0.13,COMPRESSION,9,1311.0,0.46,0.75,COMPRESSION,46,361.0,19,29,BEAR_REJECTION_PENDING,SHORT,73.3,CONVICTION,HOSTILE,0.6136,NEUTRAL
2026-09-10,TZA,6.0,0.1,0.082,COMPRESSION,11,842.0,0.16,0.131,COMPRESSION,16,868.0,18,70,BEAR_REJECTION_PENDING,SHORT,77.3,CONVICTION,HOSTILE,1.2193,RISING
2026-09-10,WAY,6.0,0.07,0.065,COMPRESSION,8,478.0,0.27,0.252,COMPRESSION,27,390.0,63,35,BEAR_REJECTION_PENDING,SHORT,72.5,CONVICTION,HOSTILE,1.0734,FALLING
2026-09-10,SBIT,6.0,5.02,1.847,CONVICTION,503,499.0,1.21,0.445,CONVICTION,122,1190.0,41,60,BEAR_REJECTION_PENDING,SHORT,44.0,MARGINAL,HOSTILE,2.7186,FALLING
2026-09-10,AEHL,6.0,0.08,0.05,MINOR,8,218.0,0.87,0.544,COMPRESSION,88,1322.0,6,20,BEAR_REJECTION_PENDING,SHORT,70.7,CONVICTION,HOSTILE,1.6002,RISING
2026-09-10,YDDL,6.0,0.03,0.158,MINOR,4,976.0,0.01,0.053,MINOR,1,61.0,36,2,BEAR_REJECTION_PENDING,SHORT,62.0,CONVICTION,HOSTILE,0.1898,RISING
2026-09-10,DPRO,6.0,0.08,0.195,MINOR,9,733.0,0.49,1.191,COMPRESSION,50,1335.0,45,34,BEAR_REJECTION_PENDING,SHORT,48.0,MARGINAL,HOSTILE,0.4113,RISING
2026-09-10,ASND,6.0,0.25,0.031,MINOR,25,77.0,2.17,0.265,CONVICTION,217,1073.0,38,24,BEAR_REJECTION_PENDING,SHORT,52.0,MARGINAL,HOSTILE,8.1875,RISING
2026-09-10,CAR,6.0,0.02,0.004,MINOR,3,90.0,1.58,0.291,VACUUM,158,1022.0,67,10,BEAR_REJECTION_PENDING,SHORT,34.0,MARGINAL,HOSTILE,5.4279,NEUTRAL
2026-09-10,BOX,6.0,0.03,0.026,COMPRESSION,3,838.0,0.53,0.454,COMPRESSION,53,699.0,35,41,BEAR_REJECTION_PENDING,SHORT,65.6,CONVICTION,HOSTILE,1.1684,NEUTRAL
2026-09-10,JAZZ,6.0,0.11,0.014,MINOR,11,228.0,1.42,0.182,CONVICTION,142,409.0,45,51,BEAR_REJECTION_PENDING,SHORT,78.9,CONVICTION,HOSTILE,7.7932,RISING
2026-09-10,MIR,6.0,0.14,0.212,MINOR,14,1225.0,0.73,1.103,COMPRESSION,74,210.0,6,48,BEAR_REJECTION_PENDING,SHORT,48.4,MARGINAL,HOSTILE,0.6618,RISING
2026-09-10,AUUD,6.0,0.01,0.175,MINOR,2,101.0,0.0139,0.243,COMPRESSION,2,1084.0,12,15,BEAR_REJECTION_PENDING,SHORT,70.2,CONVICTION,HOSTILE,0.0573,NEUTRAL
2026-09-10,FLYE,6.0,0.02,0.059,MINOR,3,171.0,0.2529,0.75,COMPRESSION,26,555.0,20,7,BEAR_REJECTION_PENDING,SHORT,59.4,MARGINAL,HOSTILE,0.3374,RISING
2026-09-10,VVOS,6.0,0.0042,0.098,COMPRESSION,1,507.0,0.0006,0.014,MINOR,1,865.0,4,18,BEAR_REJECTION_PENDING,SHORT,68.5,CONVICTION,HOSTILE,0.0429,FALLING
2026-09-10,SSM,6.0,0.0005,0.001,MINOR,1,41.0,0.0186,0.027,MINOR,2,253.0,19,14,BEAR_REJECTION_PENDING,SHORT,62.0,CONVICTION,HOSTILE,0.6863,RISING
2026-09-10,TSLT,6.0,0.005,0.005,MINOR,1,158.0,0.25,0.225,COMPRESSION,25,427.0,55,59,BEAR_REJECTION_PENDING,SHORT,62.3,CONVICTION,HOSTILE,1.1099,RISING
2026-09-10,BLBD,6.0,0.38,0.169,COMPRESSION,38,294.0,0.66,0.294,COMPRESSION,67,1090.0,24,46,BEAR_REJECTION_PENDING,SHORT,28.0,MARGINAL,HOSTILE,2.2453,RISING
2026-09-10,AAPU,6.0,1.31,0.703,CONVICTION,132,1152.0,0.17,0.091,COMPRESSION,17,177.0,33,50,BEAR_REJECTION_PENDING,SHORT,74.0,CONVICTION,HOSTILE,1.8632,NEUTRAL
2026-09-10,CNX,6.0,0.38,0.466,COMPRESSION,39,585.0,0.05,0.061,COMPRESSION,5,177.0,15,54,BEAR_REJECTION_PENDING,SHORT,40.0,MARGINAL,HOSTILE,0.8155,RISING
2026-09-10,BWXT,6.0,3.43,0.597,CONVICTION,343,606.0,0.75,0.131,COMPRESSION,75,934.0,76,46,BEAR_REJECTION_PENDING,SHORT,48.0,MARGINAL,HOSTILE,5.7432,RISING
2026-09-10,CEG,6.0,7.85,0.865,CONVICTION,785,1352.0,3.028,0.334,CONVICTION,303,1336.0,36,39,BEAR_REJECTION_PENDING,SHORT,99.1,CONVICTION,HOSTILE,9.0743,RISING
2026-09-10,DG,6.0,8.89,2.017,CONVICTION,890,920.0,1.445,0.328,CONVICTION,145,468.0,46,26,BEAR_REJECTION_PENDING,SHORT,58.0,MARGINAL,HOSTILE,4.4071,RISING
2026-09-10,JAN,6.0,0.62,0.782,MINOR,62,90.0,0.48,0.606,COMPRESSION,49,1165.0,12,31,BEAR_REJECTION_PENDING,SHORT,70.5,CONVICTION,HOSTILE,0.7925,NEUTRAL
2026-09-10,GME,6.0,0.82,1.528,COMPRESSION,83,204.0,0.19,0.354,COMPRESSION,20,349.0,20,29,BEAR_REJECTION_PENDING,SHORT,60.5,CONVICTION,HOSTILE,0.5368,RISING
2026-09-10,RDAC,6.0,0.24,0.214,MINOR,25,842.0,0.02,0.018,COMPRESSION,3,1219.0,29,5,BEAR_REJECTION_PENDING,SHORT,66.9,CONVICTION,HOSTILE,1.1231,RISING
2026-09-10,SGRY,6.0,0.14,0.215,COMPRESSION,14,659.0,0.06,0.092,COMPRESSION,7,1331.0,14,31,BEAR_REJECTION_PENDING,SHORT,61.6,CONVICTION,HOSTILE,0.6508,RISING
2026-09-10,PBR,6.0,0.743,1.064,COMPRESSION,75,22.0,0.54,0.774,COMPRESSION,54,153.0,10,107,BEAR_REJECTION_PENDING,SHORT,72.4,CONVICTION,HOSTILE,0.6981,RISING
2026-09-10,TAL,6.0,0.06,0.138,COMPRESSION,7,280.0,0.04,0.092,COMPRESSION,5,909.0,21,35,BEAR_REJECTION_PENDING,SHORT,66.7,CONVICTION,HOSTILE,0.4351,FALLING
2026-09-10,PPBT,6.0,0.0299,0.129,MINOR,3,1186.0,0.07,0.303,MINOR,8,1483.0,9,15,BEAR_REJECTION_PENDING,SHORT,52.0,MARGINAL,HOSTILE,0.231,RISING
2026-09-10,ATRC,6.0,0.575,0.278,COMPRESSION,58,24.0,0.84,0.406,COMPRESSION,84,617.0,24,49,BEAR_REJECTION_PENDING,SHORT,72.4,CONVICTION,HOSTILE,2.0703,NEUTRAL
2026-09-10,BHC,6.0,0.06,0.199,COMPRESSION,7,1005.0,0.05,0.166,COMPRESSION,5,425.0,12,15,BEAR_REJECTION_PENDING,SHORT,62.0,CONVICTION,HOSTILE,0.3017,RISING
2026-09-10,BDC,6.0,0.85,0.196,COMPRESSION,85,290.0,0.84,0.193,COMPRESSION,84,1204.0,64,31,BEAR_REJECTION_PENDING,SHORT,62.1,CONVICTION,HOSTILE,4.3475,RISING
2026-09-10,AXSM,6.0,1.66,0.261,CONVICTION,166,57.0,0.15,0.024,MINOR,16,134.0,34,38,BEAR_REJECTION_PENDING,SHORT,62.7,CONVICTION,HOSTILE,6.3507,RISING
2026-09-10,CE,6.0,0.25,0.149,COMPRESSION,25,1453.0,0.7,0.418,COMPRESSION,71,1125.0,41,19,BEAR_REJECTION_PENDING,SHORT,42.3,MARGINAL,HOSTILE,1.6739,RISING
2026-09-10,CNM,6.0,0.12,0.087,COMPRESSION,12,1024.0,0.05,0.036,COMPRESSION,5,392.0,28,1,BEAR_REJECTION_PENDING,SHORT,56.0,MARGINAL,HOSTILE,1.3802,RISING
2026-09-10,CRBG,6.0,0.2,0.27,COMPRESSION,20,80.0,0.36,0.486,COMPRESSION,37,1396.0,18,52,BEAR_REJECTION_PENDING,SHORT,65.7,CONVICTION,HOSTILE,0.7407,NEUTRAL
2026-09-10,BROS,6.0,0.09,0.049,COMPRESSION,9,285.0,8.708,4.737,CONVICTION,871,343.0,79,6,BEAR_REJECTION_PENDING,SHORT,69.1,CONVICTION,HOSTILE,1.8383,FALLING
2026-09-10,EEFT,6.0,0.26,0.113,COMPRESSION,26,152.0,0.01,0.004,MINOR,2,892.0,53,24,BEAR_REJECTION_PENDING,SHORT,68.0,CONVICTION,HOSTILE,2.2973,RISING
2026-09-10,CRUS,6.0,0.82,0.262,COMPRESSION,82,408.0,0.25,0.08,COMPRESSION,25,541.0,50,31,BEAR_REJECTION_PENDING,SHORT,87.0,CONVICTION,HOSTILE,3.1245,RISING
2026-09-10,DY,6.0,1.81,0.106,CONVICTION,182,177.0,1.03,0.06,CONVICTION,104,1232.0,60,25,BEAR_REJECTION_PENDING,SHORT,34.0,MARGINAL,HOSTILE,17.1364,RISING
2026-09-10,EQH,6.0,0.36,0.307,COMPRESSION,36,342.0,0.47,0.401,COMPRESSION,47,1154.0,25,39,BEAR_REJECTION_PENDING,SHORT,70.5,CONVICTION,HOSTILE,1.1731,NEUTRAL
2026-09-10,GT,6.0,0.05,0.193,COMPRESSION,5,745.0,0.0005,0.002,MINOR,1,380.0,17,3,BEAR_REJECTION_PENDING,SHORT,58.4,MARGINAL,HOSTILE,0.2592,FALLING
2026-09-10,GGB,6.0,0.03,0.171,MINOR,3,40.0,0.08,0.456,COMPRESSION,9,679.0,3,36,BEAR_REJECTION_PENDING,SHORT,53.4,MARGINAL,HOSTILE,0.1754,RISING
2026-09-10,GLBE,6.0,0.48,0.342,COMPRESSION,48,493.0,0.27,0.192,COMPRESSION,27,1440.0,52,25,BEAR_REJECTION_PENDING,SHORT,80.7,CONVICTION,HOSTILE,1.4028,FALLING
2026-09-10,FMC,6.0,0.06,0.095,MINOR,7,468.0,0.03,0.048,COMPRESSION,4,928.0,44,39,BEAR_REJECTION_PENDING,SHORT,46.0,MARGINAL,HOSTILE,0.6314,RISING
2026-09-10,INSM,6.0,1.18,0.258,CONVICTION,118,1162.0,29.06,6.342,CONVICTION,2906,13.0,29,23,BEAR_REJECTION_PENDING,SHORT,54.7,MARGINAL,HOSTILE,4.5825,RISING
2026-09-10,HRMY,6.0,0.06,0.044,COMPRESSION,7,91.0,0.16,0.118,COMPRESSION,16,1403.0,22,38,BEAR_REJECTION_PENDING,SHORT,52.0,MARGINAL,HOSTILE,1.3611,RISING
2026-09-10,LEA,6.0,0.28,0.083,COMPRESSION,29,134.0,2.71,0.8,CONVICTION,272,714.0,66,36,BEAR_REJECTION_PENDING,SHORT,28.0,MARGINAL,HOSTILE,3.3889,RISING
2026-09-10,ITUB,6.0,0.12,0.497,COMPRESSION,13,74.0,0.16,0.663,COMPRESSION,17,578.0,39,67,BEAR_REJECTION_PENDING,SHORT,65.4,CONVICTION,HOSTILE,0.2414,RISING
2026-09-10,MHK,6.0,0.66,0.178,COMPRESSION,66,88.0,4.75,1.279,CONVICTION,475,7.0,50,25,BEAR_REJECTION_PENDING,SHORT,70.0,CONVICTION,HOSTILE,3.7126,RISING
2026-09-10,MGNI,6.0,0.23,0.24,COMPRESSION,24,140.0,1.998,2.089,CONVICTION,200,247.0,38,14,BEAR_REJECTION_PENDING,SHORT,61.3,CONVICTION,HOSTILE,0.9565,NEUTRAL
2026-09-10,MGA,6.0,0.1059,0.048,COMPRESSION,11,424.0,1.83,0.824,CONVICTION,183,1054.0,80,24,BEAR_REJECTION_PENDING,SHORT,70.5,CONVICTION,HOSTILE,2.2205,NEUTRAL
2026-09-10,MLYS,6.0,0.13,0.088,MINOR,14,725.0,0.04,0.027,MINOR,4,1475.0,8,45,BEAR_REJECTION_PENDING,SHORT,63.5,CONVICTION,HOSTILE,1.4839,RISING
2026-09-10,QRVO,6.0,1.48,0.539,VACUUM,149,415.0,0.34,0.124,COMPRESSION,35,96.0,10,65,BEAR_REJECTION_PENDING,SHORT,52.0,MARGINAL,HOSTILE,2.7474,RISING
2026-09-10,NUE,6.0,1.51,0.189,CONVICTION,152,368.0,1.76,0.22,CONVICTION,176,219.0,49,78,BEAR_REJECTION_PENDING,SHORT,58.0,MARGINAL,HOSTILE,7.994,NEUTRAL
2026-09-10,REGN,6.0,13.36,0.676,VACUUM,1337,83.0,6.91,0.35,CONVICTION,691,472.0,66,59,BEAR_REJECTION_PENDING,SHORT,52.0,MARGINAL,HOSTILE,19.7597,NEUTRAL
2026-09-10,PLTZ,6.0,0.01,0.012,MINOR,1,366.0,0.08,0.095,COMPRESSION,9,468.0,29,17,BEAR_REJECTION_PENDING,SHORT,65.2,CONVICTION,HOSTILE,0.8456,RISING
2026-09-10,SLDE,6.0,0.03,0.044,MINOR,3,57.0,0.02,0.03,COMPRESSION,3,789.0,1,64,BEAR_REJECTION_PENDING,SHORT,57.6,MARGINAL,HOSTILE,0.6771,RISING
2026-09-10,SGI,6.0,2.65,1.101,CONVICTION,265,179.0,0.85,0.353,COMPRESSION,86,513.0,33,51,BEAR_REJECTION_PENDING,SHORT,80.5,CONVICTION,HOSTILE,2.4073,RISING
2026-09-10,STNE,6.0,0.16,0.38,MINOR,17,41.0,0.045,0.107,COMPRESSION,5,71.0,16,25,BEAR_REJECTION_PENDING,SHORT,69.8,CONVICTION,HOSTILE,0.4206,FALLING
2026-09-10,STLD,6.0,2.36,0.279,CONVICTION,237,526.0,2.81,0.332,CONVICTION,282,160.0,87,27,BEAR_REJECTION_PENDING,SHORT,64.0,CONVICTION,HOSTILE,8.4661,FALLING
2026-09-10,STNG,6.0,0.15,0.07,COMPRESSION,16,131.0,0.06,0.028,COMPRESSION,7,178.0,3,72,BEAR_REJECTION_PENDING,SHORT,48.0,MARGINAL,HOSTILE,2.1505,RISING
2026-09-10,SYM,6.0,2.91,1.894,CONVICTION,292,194.0,0.41,0.267,COMPRESSION,41,1197.0,7,54,BEAR_REJECTION_PENDING,SHORT,100.0,CONVICTION,HOSTILE,1.5365,RISING
2026-09-10,TDS,6.0,0.29,0.239,COMPRESSION,30,71.0,0.4,0.329,COMPRESSION,41,428.0,30,71,BEAR_REJECTION_PENDING,SHORT,42.4,MARGINAL,HOSTILE,1.2153,RISING
2026-09-10,TEX,6.0,0.41,0.168,COMPRESSION,41,1090.0,1.02,0.419,CONVICTION,103,430.0,39,31,BEAR_REJECTION_PENDING,SHORT,58.0,MARGINAL,HOSTILE,2.4349,FALLING
2026-09-10,VIST,6.0,0.34,0.113,COMPRESSION,35,547.0,0.84,0.28,COMPRESSION,84,33.0,15,50,BEAR_REJECTION_PENDING,SHORT,58.1,MARGINAL,HOSTILE,2.9988,RISING
2026-09-10,VSNT,6.0,0.23,0.174,COMPRESSION,23,301.0,0.26,0.196,COMPRESSION,26,271.0,72,16,BEAR_REJECTION_PENDING,SHORT,72.5,CONVICTION,HOSTILE,1.3233,NEUTRAL
2026-09-10,XRAY,6.0,0.04,0.097,COMPRESSION,4,1002.0,0.15,0.362,COMPRESSION,16,574.0,35,24,BEAR_REJECTION_PENDING,SHORT,69.2,CONVICTION,HOSTILE,0.4142,RISING
2026-09-10,WLK,6.0,0.26,0.113,COMPRESSION,27,960.0,0.645,0.28,COMPRESSION,65,465.0,47,11,BEAR_REJECTION_PENDING,SHORT,58.0,MARGINAL,HOSTILE,2.3014,RISING
2026-09-10,FNGR,6.0,0.0015,0.021,MINOR,1,616.0,0.0053,0.074,MINOR,1,565.0,27,24,BEAR_REJECTION_PENDING,SHORT,52.0,MARGINAL,HOSTILE,0.0714,RISING
2026-09-10,CHPT,6.0,0.03,0.042,MINOR,3,464.0,0.008,0.011,COMPRESSION,1,36.0,42,11,BEAR_REJECTION_PENDING,SHORT,62.0,CONVICTION,HOSTILE,0.7212,RISING
2026-09-10,HODU,6.0,0.07,0.041,COMPRESSION,8,1210.0,1.44,0.837,CONVICTION,145,56.0,62,73,BEAR_REJECTION_PENDING,SHORT,62.0,CONVICTION,HOSTILE,1.7205,NEUTRAL
2026-09-10,HOOG,6.0,1.73,0.413,VACUUM,174,1262.0,3.42,0.816,CONVICTION,343,9.0,59,60,BEAR_REJECTION_PENDING,SHORT,62.0,CONVICTION,HOSTILE,4.1923,NEUTRAL
2026-09-10,SST,6.0,0.0328,0.061,MINOR,4,1204.0,0.21,0.39,COMPRESSION,21,414.0,34,20,BEAR_REJECTION_PENDING,SHORT,48.0,MARGINAL,HOSTILE,0.5378,RISING
2026-09-10,CRCA,6.0,0.1,0.026,MINOR,11,608.0,1.87,0.487,CONVICTION,188,275.0,40,32,BEAR_REJECTION_PENDING,SHORT,63.0,CONVICTION,HOSTILE,3.8394,RISING
2026-09-10,TLYS,6.0,0.04,0.092,MINOR,5,198.0,0.03,0.069,COMPRESSION,4,148.0,21,19,BEAR_REJECTION_PENDING,SHORT,52.0,MARGINAL,HOSTILE,0.4339,RISING
2026-09-10,CRCG,6.0,0.02,0.008,MINOR,2,419.0,1.34,0.514,CONVICTION,134,303.0,47,24,BEAR_REJECTION_PENDING,SHORT,62.0,CONVICTION,HOSTILE,2.605,NEUTRAL
2026-09-10,CCUP,,0.095,0.021,MINOR,10,404.0,2.55,0.561,CONVICTION,256,265.0,66,30,BEAR_REJECTION_PENDING,SHORT,62.0,CONVICTION,HOSTILE,4.5415,RISING
2026-09-10,ALAB,6.0,0.12,0.006,MINOR,13,189.0,21.935,1.185,CONVICTION,2194,402.0,38,35,BEAR_REJECTION_PENDING,SHORT,60.0,CONVICTION,HOSTILE,18.514,NEUTRAL
2026-09-10,ALMS,6.0,0.05,0.023,COMPRESSION,5,594.0,0.39,0.183,MINOR,40,182.0,17,40,BEAR_REJECTION_PENDING,SHORT,68.3,CONVICTION,HOSTILE,2.1319,FALLING
2026-09-10,ARKK,6.0,3.0,1.326,CONVICTION,300,106.0,0.83,0.367,COMPRESSION,83,412.0,53,69,BEAR_REJECTION_PENDING,SHORT,90.2,CONVICTION,HOSTILE,2.2629,RISING
2026-09-10,AVL,6.0,1.88,0.839,CONVICTION,189,663.0,0.15,0.067,COMPRESSION,16,1166.0,46,52,BEAR_REJECTION_PENDING,SHORT,64.0,CONVICTION,HOSTILE,2.2415,FALLING
2026-09-10,CPRI,6.0,0.11,0.204,COMPRESSION,11,133.0,0.1,0.186,MINOR,10,8.0,22,3,BEAR_REJECTION_PENDING,SHORT,79.3,CONVICTION,HOSTILE,0.5388,FALLING
2026-09-10,DAPP,6.0,0.51,0.512,COMPRESSION,51,648.0,0.26,0.261,COMPRESSION,27,488.0,43,27,BEAR_REJECTION_PENDING,SHORT,48.0,MARGINAL,HOSTILE,0.9963,RISING
2026-09-10,CAMT,6.0,5.68,0.805,CONVICTION,569,973.0,2.61,0.37,CONVICTION,261,480.0,48,80,BEAR_REJECTION_PENDING,SHORT,35.3,MARGINAL,HOSTILE,7.0589,RISING
2026-09-10,GIL,6.0,0.55,0.333,COMPRESSION,55,1068.0,0.67,0.405,COMPRESSION,67,26.0,55,8,BEAR_REJECTION_PENDING,SHORT,61.7,CONVICTION,HOSTILE,1.6532,RISING
2026-09-10,FNGU,6.0,0.13,0.103,COMPRESSION,14,208.0,1.16,0.922,CONVICTION,117,692.0,19,46,BEAR_REJECTION_PENDING,SHORT,52.0,MARGINAL,HOSTILE,1.2579,NEUTRAL
2026-09-10,ICE,6.0,1.26,0.373,CONVICTION,126,256.0,0.96,0.284,COMPRESSION,97,593.0,56,43,BEAR_REJECTION_PENDING,SHORT,74.0,CONVICTION,HOSTILE,3.3761,FALLING
2026-09-10,MTSI,6.0,8.93,0.785,CONVICTION,894,905.0,4.05,0.356,CONVICTION,406,445.0,23,51,BEAR_REJECTION_PENDING,SHORT,71.9,CONVICTION,HOSTILE,11.3785,NEUTRAL
2026-09-10,NKTR,6.0,2.24,0.717,CONVICTION,224,863.0,0.63,0.202,MINOR,63,128.0,55,27,BEAR_REJECTION_PENDING,SHORT,43.5,MARGINAL,HOSTILE,3.1227,RISING
2026-09-10,SNX,6.0,0.07,0.01,COMPRESSION,7,1018.0,1.58,0.233,CONVICTION,159,103.0,16,32,BEAR_REJECTION_PENDING,SHORT,58.4,MARGINAL,HOSTILE,6.7816,RISING
2026-09-10,SAIA,6.0,1.24,0.086,CONVICTION,124,190.0,0.55,0.038,COMPRESSION,56,390.0,70,11,BEAR_REJECTION_PENDING,SHORT,35.0,MARGINAL,HOSTILE,14.48,RISING
2026-09-10,UNM,6.0,0.66,0.32,COMPRESSION,66,207.0,0.26,0.126,COMPRESSION,27,1282.0,45,59,BEAR_REJECTION_PENDING,SHORT,80.6,CONVICTION,HOSTILE,2.0625,NEUTRAL
2026-09-10,TEL,6.0,0.48,0.092,COMPRESSION,48,516.0,0.45,0.086,COMPRESSION,45,1325.0,46,19,BEAR_REJECTION_PENDING,SHORT,46.6,MARGINAL,HOSTILE,5.2168,RISING
2026-09-10,WLY,6.0,0.72,0.326,MINOR,72,338.0,0.17,0.077,COMPRESSION,17,471.0,38,46,SHORT_UPPER_DIRTY,SHORT,40.3,MARGINAL,HOSTILE,2.2103,FALLING
2026-09-10,VRT,6.0,1.0816,0.082,VACUUM,109,116.0,1.16,0.088,CONVICTION,117,120.0,66,11,SHORT_UPPER_DIRTY,SHORT,43.7,MARGINAL,HOSTILE,13.1893,RISING
2026-09-10,BAOS,6.0,0.0081,0.144,COMPRESSION,1,625.0,0.0009,0.016,MINOR,1,566.0,8,18,BEAR_REJECTION_PENDING,SHORT,52.0,MARGINAL,HOSTILE,0.0562,RISING
2026-09-10,ADBT,6.0,0.0034,,COMPRESSION,1,788.0,0.001,,MINOR,1,33.0,9,2,BEAR_REJECTION_PENDING,SHORT,62.0,CONVICTION,HOSTILE,,
2026-09-10,AOUT,6.0,0.07,0.072,MINOR,8,601.0,0.175,0.18,COMPRESSION,18,210.0,2,24,BEAR_REJECTION_PENDING,SHORT,48.0,MARGINAL,HOSTILE,0.9714,RISING
2026-09-10,ZCSH,6.0,2.0438,0.277,VACUUM,205,36.0,9.17,1.242,CONVICTION,918,468.0,26,36,BEAR_REJECTION_PENDING,SHORT,83.3,CONVICTION,HOSTILE,7.3854,RISING
2026-09-10,BBCP,,0.005,0.01,MINOR,1,79.0,1.3308,2.733,VACUUM,134,334.0,36,9,BEAR_REJECTION_PENDING,SHORT,52.0,MARGINAL,HOSTILE,0.4869,NEUTRAL
2026-09-10,AEHG,6.0,1.24,0.915,CONVICTION,125,789.0,0.63,0.465,COMPRESSION,63,813.0,66,32,BEAR_REJECTION_PENDING,SHORT,63.6,CONVICTION,HOSTILE,1.3554,RISING
2026-09-10,ARW,6.0,1.22,0.203,CONVICTION,122,68.0,3.09,0.514,VACUUM,310,250.0,35,25,BEAR_REJECTION_PENDING,SHORT,52.8,MARGINAL,HOSTILE,6.0158,RISING
2026-09-10,LABX,6.0,1.35,0.995,CONVICTION,135,1071.0,0.26,0.192,COMPRESSION,26,394.0,68,39,BEAR_REJECTION_PENDING,SHORT,52.9,MARGINAL,HOSTILE,1.3563,NEUTRAL
2026-09-10,AS,6.0,0.17,0.156,COMPRESSION,18,599.0,0.74,0.678,MINOR,74,108.0,58,3,BEAR_REJECTION_PENDING,SHORT,52.0,MARGINAL,HOSTILE,1.0911,FALLING
2026-09-10,BEN,6.0,0.1,0.133,COMPRESSION,11,56.0,0.05,0.067,COMPRESSION,5,414.0,12,31,BEAR_REJECTION_PENDING,SHORT,58.0,MARGINAL,HOSTILE,0.7512,FALLING
2026-09-10,ATI,6.0,2.44,0.346,CONVICTION,244,47.0,4.9,0.695,VACUUM,491,415.0,38,33,BEAR_REJECTION_PENDING,SHORT,97.0,CONVICTION,HOSTILE,7.0521,FALLING
2026-09-10,BFH,6.0,1.3,0.355,VACUUM,131,202.0,1.19,0.325,CONVICTION,119,642.0,41,24,BEAR_REJECTION_PENDING,SHORT,52.0,MARGINAL,HOSTILE,3.6585,NEUTRAL
2026-09-10,BLTE,6.0,1.62,0.194,CONVICTION,163,433.0,1.68,0.201,CONVICTION,169,567.0,39,66,BEAR_REJECTION_PENDING,SHORT,58.5,MARGINAL,HOSTILE,8.3711,RISING
2026-09-10,HRI,6.0,2.27,0.274,VACUUM,227,290.0,2.01,0.242,VACUUM,201,182.0,28,25,BEAR_REJECTION_PENDING,SHORT,68.3,CONVICTION,HOSTILE,8.2973,RISING
2026-09-10,ENTG,6.0,0.1,0.017,COMPRESSION,10,116.0,2.24,0.385,CONVICTION,224,178.0,34,97,BEAR_REJECTION_PENDING,SHORT,77.0,CONVICTION,HOSTILE,5.8199,RISING
2026-09-10,KMT,6.0,0.12,0.121,COMPRESSION,12,493.0,0.11,0.11,COMPRESSION,11,567.0,47,20,BEAR_REJECTION_PENDING,SHORT,64.0,CONVICTION,HOSTILE,0.9956,RISING
2026-09-10,EWY,6.0,1.32,0.278,CONVICTION,132,327.0,0.845,0.178,COMPRESSION,85,459.0,33,60,BEAR_REJECTION_PENDING,SHORT,40.0,MARGINAL,HOSTILE,4.7486,RISING
2026-09-10,NVMI,6.0,0.29,0.019,COMPRESSION,30,30.0,1.75,0.113,CONVICTION,175,49.0,54,45,BEAR_REJECTION_PENDING,SHORT,36.4,MARGINAL,HOSTILE,15.5539,RISING
2026-09-10,SIG,6.0,0.0339,0.008,MINOR,4,39.0,10.68,2.501,CONVICTION,1069,684.0,6,38,BEAR_REJECTION_PENDING,SHORT,52.0,MARGINAL,HOSTILE,4.2707,RISING
2026-09-10,RL,6.0,1.21,0.118,CONVICTION,121,1086.0,1.2,0.117,CONVICTION,120,1385.0,73,6,BEAR_REJECTION_PENDING,SHORT,34.0,MARGINAL,HOSTILE,10.2747,FALLING
2026-09-10,PSI,6.0,5.11,1.142,CONVICTION,511,917.0,2.75,0.615,CONVICTION,275,183.0,20,66,BEAR_REJECTION_PENDING,SHORT,79.9,CONVICTION,HOSTILE,4.4747,RISING
2026-09-10,SITE,6.0,1.23,0.433,CONVICTION,123,49.0,0.06,0.021,MINOR,7,230.0,29,7,BEAR_REJECTION_PENDING,SHORT,83.2,CONVICTION,HOSTILE,2.8387,RISING
2026-09-10,TRU,6.0,0.57,0.196,COMPRESSION,57,293.0,0.34,0.117,COMPRESSION,35,825.0,33,39,BEAR_REJECTION_PENDING,SHORT,85.8,CONVICTION,HOSTILE,2.9144,FALLING
2026-09-10,TYRA,6.0,4.72,2.358,CONVICTION,472,5.0,0.19,0.095,MINOR,20,109.0,5,19,BEAR_REJECTION_PENDING,SHORT,97.0,CONVICTION,HOSTILE,2.002,FALLING
2026-09-10,TSDD,6.0,0.16,0.225,COMPRESSION,16,558.0,0.34,0.479,MINOR,34,143.0,37,53,BEAR_REJECTION_PENDING,SHORT,72.0,CONVICTION,HOSTILE,0.7102,FALLING
2026-09-10,VAC,6.0,1.11,0.239,CONVICTION,111,485.0,1.22,0.263,CONVICTION,122,189.0,77,31,BEAR_REJECTION_PENDING,SHORT,52.0,MARGINAL,HOSTILE,4.6439,NEUTRAL
2026-09-10,VFC,6.0,0.16,0.386,COMPRESSION,17,440.0,0.08,0.193,COMPRESSION,8,502.0,64,7,BEAR_REJECTION_PENDING,SHORT,44.0,MARGINAL,HOSTILE,0.415,FALLING
2026-09-10,WCC,,3.97,0.363,VACUUM,397,252.0,4.01,0.367,CONVICTION,402,1.0,32,42,BEAR_REJECTION_PENDING,SHORT,58.0,MARGINAL,HOSTILE,10.9293,RISING
2026-09-10,XPO,6.0,1.85,0.274,CONVICTION,185,212.0,2.14,0.317,CONVICTION,214,680.0,62,4,BEAR_REJECTION_PENDING,SHORT,79.1,CONVICTION,HOSTILE,6.7404,FALLING
2026-09-10,AKAN,6.0,0.0813,0.164,MINOR,9,652.0,0.035,0.071,MINOR,4,313.0,28,4,BEAR_REJECTION_PENDING,SHORT,68.0,CONVICTION,HOSTILE,0.4963,FALLING
2026-09-10,EOSU,,0.0523,0.042,MINOR,6,338.0,0.15,0.12,COMPRESSION,15,812.0,38,34,BEAR_REJECTION_PENDING,SHORT,62.0,CONVICTION,HOSTILE,1.2548,RISING
2026-09-10,SMU,,0.0249,0.027,MINOR,3,1245.0,0.29,0.319,COMPRESSION,30,1443.0,10,20,BEAR_REJECTION_PENDING,SHORT,62.0,CONVICTION,HOSTILE,0.9095,RISING
2026-09-10,ABM,,4.59,3.699,CONVICTION,459,27.0,0.4,0.322,COMPRESSION,40,1033.0,13,35,BEAR_REJECTION_PENDING,SHORT,90.5,CONVICTION,HOSTILE,1.2408,NEUTRAL
2026-09-10,BEG,,2.289,0.454,VACUUM,229,44.0,0.045,0.009,COMPRESSION,5,667.0,42,23,BEAR_REJECTION_PENDING,SHORT,84.9,CONVICTION,HOSTILE,5.0366,RISING
2026-09-10,CYTK,6.0,1.48,0.562,CONVICTION,149,1214.0,1.62,0.615,VACUUM,162,109.0,25,17,BEAR_REJECTION_PENDING,SHORT,62.0,CONVICTION,HOSTILE,2.6354,NEUTRAL
2026-09-10,COGT,6.0,0.09,0.066,MINOR,10,454.0,16.51,12.032,CONVICTION,1651,463.0,45,19,BEAR_REJECTION_PENDING,SHORT,58.0,MARGINAL,HOSTILE,1.3722,NEUTRAL
2026-09-10,ABVX,6.0,2.61,0.627,CONVICTION,262,1343.0,3.88,0.932,VACUUM,388,96.0,24,69,BEAR_REJECTION_PENDING,SHORT,60.5,CONVICTION,HOSTILE,4.1629,RISING
2026-09-10,DYN,6.0,5.09,3.665,CONVICTION,509,15.0,0.0053,0.004,COMPRESSION,1,1175.0,10,6,BEAR_REJECTION_PENDING,SHORT,100.0,CONVICTION,HOSTILE,1.3887,FALLING
2026-09-10,ENOV,6.0,0.03,0.023,COMPRESSION,4,772.0,0.26,0.198,MINOR,27,110.0,32,4,BEAR_REJECTION_PENDING,SHORT,50.5,MARGINAL,HOSTILE,1.3137,FALLING
2026-09-10,ENPH,6.0,0.34,0.186,COMPRESSION,34,896.0,0.01,0.005,MINOR,1,320.0,21,27,BEAR_REJECTION_PENDING,SHORT,59.0,MARGINAL,HOSTILE,1.8257,FALLING
2026-09-10,FLEX,6.0,2.9,0.692,VACUUM,290,1120.0,0.415,0.099,COMPRESSION,42,170.0,26,39,BEAR_REJECTION_PENDING,SHORT,78.0,CONVICTION,HOSTILE,4.1911,NEUTRAL
2026-09-10,LYTE,,0.71,0.721,COMPRESSION,72,765.0,0.07,0.071,COMPRESSION,8,215.0,58,30,BEAR_REJECTION_PENDING,SHORT,70.7,CONVICTION,HOSTILE,0.9846,NEUTRAL
2026-09-10,GPRK,,0.12,0.209,MINOR,12,74.0,0.54,0.941,MINOR,55,181.0,10,34,BEAR_REJECTION_PENDING,SHORT,57.8,MARGINAL,HOSTILE,0.574,RISING
2026-09-10,FSLR,6.0,0.2,0.025,COMPRESSION,20,1058.0,1.28,0.157,CONVICTION,129,430.0,62,26,BEAR_REJECTION_PENDING,SHORT,54.5,MARGINAL,HOSTILE,8.1533,NEUTRAL
2026-09-10,NUR,,0.02,0.027,MINOR,3,476.0,0.0048,0.007,MINOR,1,103.0,5,4,BEAR_REJECTION_PENDING,SHORT,62.0,CONVICTION,HOSTILE,0.7367,
2026-09-10,NAMS,6.0,1.38,1.08,CONVICTION,138,398.0,0.19,0.149,COMPRESSION,20,1251.0,44,11,BEAR_REJECTION_PENDING,SHORT,93.0,CONVICTION,HOSTILE,1.2772,RISING
2026-09-10,TVTX,6.0,1.31,0.623,VACUUM,131,145.0,0.01,0.005,COMPRESSION,1,615.0,9,33,BEAR_REJECTION_PENDING,SHORT,73.7,CONVICTION,HOSTILE,2.1014,RISING
2026-09-10,GCDT,6.0,0.0003,0.002,MINOR,1,535.0,0.0047,0.039,MINOR,1,266.0,4,13,BEAR_REJECTION_PENDING,SHORT,48.0,MARGINAL,HOSTILE,0.1213,RISING
2026-09-10,UVIX,,0.57,0.319,COMPRESSION,58,716.0,0.56,0.313,COMPRESSION,57,105.0,45,42,BEAR_REJECTION_PENDING,SHORT,58.0,MARGINAL,HOSTILE,1.7893,RISING
2026-09-10,WGMI,,0.64,0.24,COMPRESSION,65,645.0,0.19,0.071,COMPRESSION,19,1049.0,67,52,BEAR_REJECTION_PENDING,SHORT,50.6,MARGINAL,HOSTILE,2.6664,RISING
2026-09-10,FND,6.0,0.66,0.349,COMPRESSION,66,418.0,0.64,0.338,MINOR,65,242.0,48,14,BEAR_REJECTION_PENDING,SHORT,78.8,CONVICTION,HOSTILE,1.8912,RISING
2026-09-10,JBS,6.0,0.01,0.023,COMPRESSION,1,744.0,0.07,0.161,COMPRESSION,8,522.0,56,30,BEAR_REJECTION_PENDING,SHORT,56.0,MARGINAL,HOSTILE,0.4338,FALLING
2026-09-10,ODD,6.0,0.08,0.067,MINOR,8,270.0,0.48,0.4,MINOR,49,809.0,7,23,BEAR_REJECTION_PENDING,SHORT,52.0,MARGINAL,HOSTILE,1.2011,RISING
2026-09-10,IRD,,0.0026,0.005,COMPRESSION,1,898.0,0.778,1.477,COMPRESSION,78,1091.0,6,25,BEAR_REJECTION_PENDING,SHORT,52.0,MARGINAL,HOSTILE,0.5269,RISING
2026-09-10,INDP,6.0,0.005,0.023,MINOR,1,349.0,0.07,0.32,COMPRESSION,7,1070.0,13,28,BEAR_REJECTION_PENDING,SHORT,62.0,CONVICTION,HOSTILE,0.2187,NEUTRAL
2026-09-10,ASO,6.0,0.09,0.048,COMPRESSION,9,1152.0,0.21,0.113,COMPRESSION,22,1182.0,12,51,BEAR_REJECTION_PENDING,SHORT,67.9,CONVICTION,HOSTILE,1.8643,RISING
2026-09-10,AMBQ,6.0,2.41,0.78,CONVICTION,241,47.0,0.6,0.194,COMPRESSION,61,866.0,14,48,BEAR_REJECTION_PENDING,SHORT,89.9,CONVICTION,HOSTILE,3.0908,NEUTRAL
2026-09-10,AMBA,6.0,1.04,0.268,CONVICTION,105,690.0,0.4,0.103,MINOR,40,22.0,55,17,BEAR_REJECTION_PENDING,SHORT,83.0,CONVICTION,HOSTILE,3.8807,FALLING
2026-09-10,INSP,6.0,0.21,0.076,MINOR,22,48.0,0.95,0.343,COMPRESSION,96,440.0,1,58,BEAR_REJECTION_PENDING,SHORT,52.0,MARGINAL,HOSTILE,2.7682,RISING
2026-09-10,RAL,,0.73,0.332,COMPRESSION,74,633.0,0.65,0.296,COMPRESSION,65,1045.0,24,46,BEAR_REJECTION_PENDING,SHORT,66.9,CONVICTION,HOSTILE,2.1971,RISING
2026-09-10,YMAT,6.0,0.1,0.355,MINOR,10,237.0,0.16,0.568,COMPRESSION,16,1090.0,9,10,BEAR_REJECTION_PENDING,SHORT,58.9,MARGINAL,HOSTILE,0.2818,NEUTRAL
2026-09-10,CULP,,0.03,0.235,MINOR,4,73.0,0.01,0.078,COMPRESSION,1,1418.0,3,11,BEAR_REJECTION_PENDING,SHORT,57.4,MARGINAL,HOSTILE,0.1274,RISING
2026-09-10,JZ,6.0,0.0029,0.005,MINOR,1,35.0,0.0019,0.003,MINOR,1,108.0,2,15,BEAR_REJECTION_PENDING,SHORT,58.0,MARGINAL,HOSTILE,0.6015,FALLING
2026-09-10,SSL,,0.1656,0.32,MINOR,17,104.0,0.81,1.567,COMPRESSION,82,961.0,13,51,BEAR_REJECTION_PENDING,SHORT,52.0,MARGINAL,HOSTILE,0.5169,RISING
2026-09-10,UMC,6.0,0.78,0.877,COMPRESSION,79,613.0,0.81,0.91,COMPRESSION,81,279.0,27,77,BEAR_REJECTION_PENDING,SHORT,52.0,MARGINAL,HOSTILE,0.8899,RISING
2026-09-10,PCLA,6.0,0.0072,0.006,MINOR,1,212.0,0.54,0.487,MINOR,54,617.0,3,26,BEAR_REJECTION_PENDING,SHORT,52.0,MARGINAL,HOSTILE,1.1095,NEUTRAL
2026-09-10,SYK,,2.13,0.197,CONVICTION,213,856.0,1.04,0.096,CONVICTION,105,30.0,49,21,BEAR_REJECTION_PENDING,SHORT,74.0,CONVICTION,HOSTILE,10.8343,FALLING
2026-09-10,SKDD,6.0,0.72,0.752,COMPRESSION,73,1050.0,0.13,0.136,MINOR,14,190.0,32,39,BEAR_REJECTION_PENDING,SHORT,78.3,CONVICTION,HOSTILE,0.9577,FALLING
2026-09-10,CDT,6.0,0.025,0.082,COMPRESSION,3,17.0,,,,,,21,0,BEAR_REJECTION_PENDING,SHORT,68.0,CONVICTION,HOSTILE,0.3043,FALLING
2026-09-10,SUNC,,,,,,,0.45,0.246,COMPRESSION,46,338.0,0,108,,,,NONE,HOSTILE,1.8289,NEUTRAL
2026-09-10,V,6.0,3.47,0.581,CONVICTION,347,44.0,2.25,0.377,CONVICTION,225,287.0,48,78,BEAR_REJECTION_PENDING,SHORT,79.8,CONVICTION,HOSTILE,5.9731,FALLING
